934.98	-267.01	-16.333
-1337.86	37.8242	-8.60106
830.067	939.625	-17.6624
-541.701	913.107	-16.7339
-1094.41	-937.844	41.3517
-121.439	-671.239	107.395
-967.99	-1161.9	38.1068
1003.97	-754.743	29.1338
910.02	1104.55	-12.4406
1494.99	1406.83	-26.777
-374.169	-967.362	33.5266
809.672	-920.144	83.8128
-1392.18	352.893	25.9711
-759.168	-184.152	-3.77073
356.409	-612.81	42.9517
-1196.04	643.812	7.82284
-909.517	43.4328	-8.99877
-122.475	-967.865	93.515
1233.79	1179.34	-19.3924
1300.81	-832.747	0.905024
657.958	-860.549	90.8825
-1297.86	-768.733	32.3912
468.946	-1455.41	24.3086
-1287.37	-863.224	43.1322
337.527	-1236.81	39.566
275.966	-1216.21	42.876
461.308	-704.364	78.6512
-1432.88	1340.4	-6.92669
-407.522	924.848	-18.0451
-784.823	-77.0352	-4.72845
550.293	-1206.44	37.8036
913.429	-1249.05	47.0626
-302.74	-1387.32	50.4342
-447.87	1367.77	-17.9329
-179.574	494.4	-15.0147
-1278.68	-357.606	-1.61538
264.076	-1037.12	78.4539
612.328	913.362	-15.5687
-266.202	-1188.88	57.8088
-1167.71	367.914	5.86634
1345.24	-1405.27	95.2252
1278.37	1133.66	-19.9885
1325.47	1117.03	-20.5141
781.61	-59.2617	-18.7062
-1109.99	780.27	10.1693
362.868	-424.202	9.00864
-635.325	534.189	-9.11381
428.209	1206.37	-21.8722
1080.29	142.887	-21.546
174.596	-544.183	32.3228
-241.026	-1364.18	61.4167
926.464	-1037.03	69.0864
-125.399	-922.792	89.1316
965.971	-211.518	-17.697
1214.32	-92.2721	-17.7335
902.683	-469.262	-9.31328
-457.12	1212.57	-18.829
541.925	-1363.37	27.9229
1171.23	1091.31	-18.2166
1188.12	1018.76	-18.6369
-661.394	-211.386	4.29755
856.833	343.024	-20.5726
-150.933	266.544	-13.1919
-996.441	-655.237	12.4906
1424.62	-20.1843	-25.9336
373.681	380.533	-16.4433
1112.41	1472.58	-26.0598
333.386	105.701	-10.5118
-1116.73	-1349.15	59.9604
-1356.65	1325.51	-8.17202
1182.54	-29.6601	-18.38
-978.541	-568.578	5.15238
-133.418	175.374	-11.3726
1393.06	-675.84	-7.21694
254.27	815.053	-15.6332
1232.85	-247.337	-15.5435
-745.37	400.926	-8.20321
486.598	1143.47	-21.6231
774.164	558.063	-18.9582
751.029	155.262	-20.6169
235.229	-876.657	109.681
-787.101	-861.921	9.49421
66.5325	35.4569	-3.41694
-139.664	792.996	-14.248
-583.119	586.949	-11.8478
-95.3478	-447.455	90.1933
-1435.01	-741.772	24.273
-281.551	183.616	-2.11829
-817.224	-993.709	16.9064
432.371	426.143	-17.3366
89.7032	-476.986	50.2673
366.584	-356.807	2.40929
703.172	-1179.97	38.5154
-1443.89	982.043	26.7937
979.303	645.721	-16.8983
1387.83	1285.8	-23.9762
1278.16	1416.84	-27.854
166.051	1220.62	-17.9318
983.499	401.03	-18.6582
-1126.48	514.41	11.2205
584.83	70.2168	-14.0559
-495.086	-1206.78	22.2371
833.862	434.884	-20.2895
-862.389	1159.66	-17.491
960.211	-49.6003	-21.4829
1059.62	-803.71	34.0228
557.899	-422.369	7.73687
-1346.34	1235.27	-6.87129
-1014.9	-179.108	-6.44736
1042.08	-890.335	61.507
-1096.93	141.804	-10.791
1113.47	795.46	-18.8244
1196.84	1483.1	-26.9367
-1321.17	1108.98	2.84856
-742.936	629.142	-1.58409
-510.898	-1295.85	25.5475
34.5506	761.855	-16.3081
-1494.12	331.282	20.4972
-1334.36	-185.644	-6.10713
471.278	-698.947	77.1303
-853.216	-226.413	-5.43646
-1131.35	646.728	7.00097
43.7471	-789.668	101.601
963.158	-508.736	-6.97342
-847.314	-1260.9	32.1707
-123.404	-508.898	104.92
-7.45046	-910.413	105.239
274.182	670.559	-15.8317
754.993	920.662	-17.2625
1290.73	-1145.1	88.0174
-177.852	898.001	-16.3613
195.045	-385.285	20.8292
-409.787	1069.24	-18.9946
-955.818	-779.848	17.2418
-421.182	74.5517	29.4084
368.868	304.943	-16.1778
-188.52	-776.756	79.7124
163.14	-933.097	95.4638
983.565	-898.451	73.3279
1236.77	542.393	-20.297
157.093	406.546	-14.7539
174.507	407.865	-14.8046
1218.33	-983.234	48.2096
755.138	1310.38	-21.216
-806.363	-1420.14	44.2074
-339.359	350.294	-11.4544
1492.62	430.054	-26.2681
1017.07	136.666	-21.5396
1417.15	-133.829	-22.9293
-773.338	62.017	0.0981278
1395.2	-806.771	-3.58934
-1101.1	822.453	13.2921
181.01	585.362	-14.6379
312.156	-1310.24	34.1679
167.026	289.829	-13.9017
708.245	765.836	-19.7995
1384.24	-1187.14	87.729
86.5565	953.968	-18.1061
-741.199	-563.556	1.84786
-7.33425	603.71	-12.4845
1054.18	-368.579	-11.3085
-105.086	1245.78	-18.3845
748.675	847.629	-18.3884
-183.119	-566.697	120.383
-1016.66	-75.4359	-7.60931
-420.074	568.299	-11.9354
-819.372	635.964	0.756441
-358.102	-145.083	59.1608
677.375	1429.62	-24.8053
34.8717	886.042	-16.8645
648.505	-781.591	81.7844
1147.73	885.249	-18.138
435.839	-1193.32	40.5015
1486.13	-906.264	-3.85132
-478.331	18.7492	45.4829
-292.7	501.078	-12.3883
-987.651	-482.451	0.893286
-644.049	543.711	-8.85945
1185.34	-1238.99	80.2067
-216.108	537.731	-13.1296
-1497.64	545.863	41.3301
-507.624	-603.458	17.1506
1436.81	190.908	-25.956
-478.152	-1072.91	21.3177
-412.439	845.098	-16.1252
1462.91	149.547	-26.4185
-922.11	1370.75	-16.2261
-687.626	1363.79	-18.2036
-598.895	-970.535	12.1524
-292.878	-622.043	80.6601
-1344.99	627.985	12.0389
-1294.15	106.819	-9.43977
-1383.33	992.795	30.5323
585.11	-1374.16	27.3382
-319.684	-1473.12	51.2903
-716.956	193.727	7.85164
1253.35	1006.81	-19.389
-505.429	813.092	-12.6085
1367.68	-170.466	-20.432
-1045	137.503	-10.957
-1151.83	1374.52	-13.3017
213.597	639.411	-16.0539
-1379.17	-185.931	-5.61109
-1145.5	-958.177	40.4446
1174.74	1491.78	-26.4889
687.889	-294.389	-10.2934
-935.617	1194.93	-16.3714
-89.9271	-1387.55	59.142
15.7874	-145.046	18.7464
-1156.43	985.26	7.30846
400.92	178.885	-13.9466
-1468.05	-291.821	-0.327797
-124.183	-1337.21	66.4512
-1128.46	-106.603	-5.13356
-565.699	1280.18	-17.3731
1325.45	-1084.36	64.0121
-348.455	223.104	-5.09104
-489.787	1280.35	-18.3264
-954.701	1343.55	-16.2737
1480.18	-522.063	-12.2704
1212.68	-1227.77	82.9121
1354.87	1450.38	-27.482
110.711	-352.45	40.3081
1388.36	-1466.8	82.6669
-1050.73	-589.155	6.92008
-49.1474	828.522	-16.377
1006.58	-1405.58	37.5758
-332.032	1271.1	-18.3047
-614.74	1229.83	-16.7399
395.712	-830.935	114.044
711.873	-230.951	-14.3804
-1148.6	-1322.78	55.863
-1154.31	-1481.35	84.2412
-99.5106	298.171	-13.5656
-203.767	-241.083	62.9977
-562.483	-701.617	12.1877
296.496	-1148.57	51.9947
755.31	-1094.76	55.4541
-470.469	113.21	25.8887
-1356.92	-846.416	37.7676
1017.78	-349.784	-13.0143
-42.9114	172.693	-13.7521
374.492	1425.41	-16.7621
1375.84	-685.776	-6.93289
50.7474	-673.074	82.1441
982.006	-356.88	-12.9808
318.378	842.878	-15.7294
-555.807	-568.251	12.6928
-1068.83	353.572	-1.27807
1066.38	1347.71	-22.2393
-1284.16	365.121	18.4486
-1304.1	680.795	8.26215
1414.97	22.6708	-24.5072
-1152.03	275.888	-5.80674
94.1611	-1058.62	82.314
-1203.56	814.231	15.3674
1306.07	-701.61	-7.28185
-1327.85	-1478	99.2245
-813.834	602.096	0.696369
78.1497	956.867	-17.9333
-1456.45	864.348	16.7092
-592.349	1108.85	-17.887
-1278.95	-1209.07	47.2279
-653.406	1391.52	-17.8268
-105.746	-29.0412	10.3388
1179.58	1320.09	-21.1161
39.779	1420.39	-16.3935
-409.882	572.278	-11.7566
319.955	-834.371	111.295
407.019	-1311.63	31.5306
-1165.22	-470.571	4.6317
33.9161	-404.449	69.3284
-926.368	-492.574	-0.332866
59.1696	706.911	-15.5024
-401.936	893.194	-17.7778
1276.09	440.441	-20.7235
-1258.09	668.181	7.26658
3.83784	1178.01	-18.4186
-1063.55	-382.533	-1.05642
-73.1148	-1190.18	77.4681
332.251	518.597	-16.4822
-794.577	1444.53	-16.2546
126.756	696.194	-16.2501
-76.481	-1467.59	50.882
732.147	-899.779	88.559
-33.8847	932.161	-16.6809
677.397	-393.63	-1.39708
-1101.82	1476.02	-12.9643
-1080.34	-765.756	16.4662
-96.9818	1323.1	-18.0328
1126.12	1004.04	-17.8063
-872.735	344.159	-10.3364
617.432	526.692	-18.3592
1196.7	-794.41	6.49045
521.666	-857.008	111.726
-313.564	-322.39	77.9831
-264.072	406.527	-13.7499
258.117	502.95	-15.6038
348.643	1440.15	-16.2355
-641.492	310.055	-3.90741
-1155.71	500.297	14.1938
-1336.57	80.231	-8.75547
854.759	746.155	-18.3097
378.893	1097.05	-19.4469
1309.5	-1198.4	94.5377
-954.043	-1321.3	44.975
-637.538	923.795	-14.0825
-14.8843	446.596	-12.9797
-86.1499	377.931	-13.4375
350.747	-674.363	60.2853
-661.979	80.0018	16.2513
770.719	1173.04	-19.1763
-1245.34	1100.37	1.03733
184.607	-821.436	98.5888
10.0165	-279.646	51.3724
200.732	835.948	-16.7036
463.965	-578.546	42.4391
-1015.39	64.1046	-9.58354
-694.038	-21.7307	6.91721
1165.09	-1264.16	79.5965
-1283.59	145.42	-8.34039
198.96	-803.308	92.2351
-605.278	1396.25	-17.4727
-305.001	-1390.74	50.1532
1274.26	539.969	-20.3158
1000.47	1073.55	-14.5519
5.9291	-268.794	49.1495
246.872	586.667	-15.9109
-498.012	-513.973	20.504
1045.22	-871.171	59.0987
-1481.32	-959.213	19.0392
-149.738	-1389.57	62.5814
-897.103	1440.11	-16.0013
-1065.22	188.518	-10.6468
1172.3	-404.975	-12.1722
692.018	449.033	-18.9258
-1087.38	-87.0503	-5.81544
-1281.73	429.068	29.5022
-365.14	-396.625	62.0685
-822.663	1402.3	-17.0652
-1109.44	569.048	8.54905
608.023	841.112	-16.6071
605.107	266.166	-20.761
115.587	-1062.78	76.7146
127.771	334.65	-13.4702
1484.85	-1234.19	88.626
-1285.82	-805.1	35.3914
-1183.41	701.7	6.37804
604.669	114.657	-16.1298
861.415	-142.398	-19.8936
-548.823	372.588	-8.06841
-1279.32	-17.1439	-9.20666
982.983	198.96	-20.7617
1209.8	-1379.72	81.394
148.683	-1361.63	37.284
35.2899	1385.09	-17.2549
-67.6211	676.019	-13.1826
603.194	-117.272	-9.6604
962.617	897.383	-18.525
-1354.4	907.349	33.3228
-731.354	566.13	-1.14683
389.986	-1345.37	30.4776
457.224	363.253	-17.745
516.096	1499.47	-22.5139
414.885	-491.389	18.6066
261.956	-1351.69	34.0392
843.959	-881.342	86.2225
-481.048	-616.512	21.2288
-169.569	-1189.28	78.3663
801.489	727.822	-18.3937
-448.128	741.683	-7.97422
-373.437	1193.48	-19.6512
247.421	-353.878	8.1145
1188.25	-516.711	-10.1134
990.658	-69.3275	-20.8332
1011.52	-309.579	-14.6411
-1150	-515.365	5.71085
-671.888	-1380.75	46.6068
357.947	-1356.79	31.0683
-803.921	-603.763	1.28804
666.479	142.527	-18.4413
-939.407	-944.864	28.7841
588.252	1166	-21.9326
-1317.2	-338.452	-3.29887
756.327	549.937	-19.135
504.894	-63.2929	-10.2234
129.38	-1059.59	73.8574
1017.72	-58.7661	-21.2796
823.999	-13.969	-18.5919
-1269.18	-667.775	22.3829
-473.384	-1113.69	22.2726
-528.513	-1297.08	26.5855
1405.6	385.721	-23.6505
1195.17	-1463	60.702
249.204	6.40088	-6.38736
707.738	651.07	-20.0115
1425.01	1214.67	-21.5628
1494.56	-205.848	-21.1411
11.6628	-1054.25	101.005
1402.25	-1230.28	100.285
32.0045	-482.954	67.6831
250.74	925.01	-18.8957
-489.35	1072.18	-18.7417
-888.351	-137.37	-7.89271
-201.532	-1165.5	75.7509
781.659	-524.887	-1.01792
-212.234	1498.32	-17.3551
-707.716	-829.039	7.84387
922.276	-1326.74	38.9696
101.144	1381.13	-16.0325
205.11	1327.16	-14.9902
72.5065	1340.15	-17.322
1384.85	278.747	-24.5441
-312.42	1208.35	-19.6409
-667.401	412.881	-8.6747
1145.24	427.769	-19.001
-633.482	-331.168	4.30862
1301.61	-494.589	-12.5348
1107	-43.6281	-19.9778
470.445	-370.235	0.112018
-893.439	389.707	-6.54243
-875.393	958.643	-7.8346
80.2466	1241.67	-18.3136
-683.733	1418.61	-17.1013
760.117	697.223	-19.0721
-167.076	65.9074	3.8458
1187.75	-1478.32	55.2945
111.78	1485.92	-16.1638
-1092.06	114.577	-10.775
-1298.45	1306.06	-9.97111
1099.97	217.053	-20.636
-151.132	-402.671	93.2489
-1136.41	-342.438	-1.24693
1.10893	815.73	-16.2903
-970.134	685.826	4.04553
-1428.65	1316.45	-6.53616
539.407	1497.71	-23.2999
154.237	-1368.07	36.9655
1102.11	235.005	-20.4195
-914.721	-1411.82	43.0801
-652.669	959.796	-15.0456
-3.07497	1427.54	-16.5097
-1039.69	287.026	-7.87308
-335.967	-1047.15	39.7235
-447.445	-187.862	33.7898
26.5355	-1285.11	51.1012
-1046.82	-589.729	6.95248
338.35	-1187.37	45.4697
442.213	67.8079	-12.6821
583.001	583.027	-20.309
1451.31	409.659	-25.2526
-1080.67	-738.086	15.0826
-1168.53	-1161.9	44.1207
724.562	-568.929	12.9055
-1296.86	1325.3	-10.1965
66.5779	394.787	-14.2351
552.052	-1144.43	46.8342
-1454.3	-558.585	9.50261
556.252	267.529	-20.0437
1209.89	458.836	-19.524
-174.356	-1486.65	56.7444
313.422	161.108	-12.0281
939.825	664.912	-16.9422
450.914	-675.76	70.2343
1297.28	1113.67	-20.2004
215.157	-273.803	9.3214
44.2847	-127.994	12.6648
-353.788	1289.14	-18.1295
-1278.38	278.83	4.21907
19.4387	-623.089	82.9607
0.626353	1355.71	-17.904
-766.452	-287.227	-3.14527
234.003	437.357	-15.8454
1003.06	346.792	-17.8495
893.876	984.752	-15.8494
-81.6982	1412.43	-17.5486
-947.183	777.166	7.24784
-996.747	1281.97	-16.8594
583.732	-1238.77	35.6601
-609.043	1306.97	-17.389
-130.851	520.909	-14.0784
-42.5734	-81.2316	12.5797
979.323	-1484.87	25.7377
549.638	-999.57	86.9422
91.9112	-988.331	91.8463
-185.114	-222.542	60.1148
836.872	-877.946	86.5656
948.019	-267.864	-16.2797
152.471	-447.846	29.5712
-1137.15	-495.861	4.54343
756.904	-903.353	87.893
-461.977	-1449.83	47.1602
587.003	-1439.26	24.6408
740.205	147.178	-20.2403
-1401.71	-242.118	-4.41798
-1426.4	72.4671	-5.50591
-764.526	-21.4654	-0.0620684
1223.91	170.404	-22.9076
-6.93815	1312.58	-18.5496
353.386	-1416.81	28.7492
1097.75	-541.84	-6.43586
922.954	296.844	-20.2931
-885.903	-1327.2	34.6392
-541.308	-687.668	13.726
1100.72	-409.207	-9.26725
-839.535	-894.063	14.2391
-756.98	721.174	2.26394
1441.47	-291.389	-19.4178
447.157	1087.53	-20.0997
-1151.37	1241.74	-13.3562
-107.893	1327.46	-17.9398
-129.118	-712.279	103.043
-1278.47	-2.69984	-9.61268
-1154.33	-1267.39	46.9626
-1352.18	-4.64439	-7.88566
-1488.16	-599.508	8.01767
-1194.78	-884.709	33.7997
453.804	325.365	-17.7861
460.108	-650.518	65.1252
-207.712	1274.43	-17.008
139.371	-1207.96	50.9362
-1075.47	772.286	8.5238
-1168.19	912.664	13.4661
1412.39	727.144	-20.1819
132.697	-1297.15	39.8352
1417.55	757.874	-19.5321
1385.08	241.789	-25.1492
463.971	-904.011	115.929
1420.9	-875.572	-0.678248
-1091.82	-1163.44	39.1047
-58.7648	-613.018	102.5
1069.83	-76.8953	-19.406
-740.723	-297.01	-1.87221
470.891	1286.44	-20.6143
74.9614	-483.227	54.7238
-474.221	383.772	-10.2002
-1414.66	264.083	4.64848
-69.8306	-416.748	85.138
-87.3747	-1314.69	63.6356
-566.812	118.313	28.8261
-676.851	264.746	0.254421
-1184.61	-651.101	12.8088
362.06	-379.631	4.71581
1319.06	400.198	-21.4014
-922.125	808.132	9.37879
1421.18	-760.306	-6.19485
22.1734	-0.801001	-1.50613
231.073	104.87	-11.7835
1316.32	-68.855	-21.5064
235.664	-346.849	9.67466
-1373.77	-1190.3	48.5888
-1370.3	-1119.87	48.2515
861.643	-683.009	22.6208
793.818	995.376	-17.757
-1037.85	1463.81	-14.2134
952.009	-237.064	-17.0683
411.718	-1325.79	30.8037
694.55	-964.708	91.1028
533.227	-286.628	-3.24432
-305.518	171.686	1.46168
428.06	1080.49	-19.6928
1348.08	-1045.29	50.8746
1238.19	1244.45	-19.4225
110.625	1488.88	-16.2454
892.331	873.027	-18.8356
1128.59	-1239.1	74.7798
-1135.6	-297.604	-2.69619
-743.369	-959.177	11.3501
810.334	-82.2481	-19.9685
968.246	-562.922	-4.14817
-148.855	1112.98	-18.6041
-1156.94	-995.359	44.209
178.612	-1202.97	48.0074
-27.3016	-46.2562	4.5819
447.719	10.3561	-12.0775
873.44	471.139	-19.0287
-428.788	-705.379	28.3288
-711.762	1051.07	-16.5841
-1388.56	-312.588	-3.15067
-1274.79	509.436	29.7939
-945.805	-300.939	-2.94081
319.691	1144.8	-20.1776
911.859	22.4193	-21.5518
1255.92	-618.045	-8.6585
1410.78	298.22	-24.864
387.847	-1325.39	31.3299
321.582	-1076.99	67.9567
-342.184	-7.49691	46.8564
1017.58	227.659	-20.2674
278.141	-1443.94	30.3843
-1380.04	-528.036	8.83929
1101.47	-368.387	-10.3257
-1472.92	-331.962	0.446361
-483.632	1163.39	-18.9314
-6.97229	134.163	-12.6886
384.702	489.451	-17.3498
1018.04	-878.448	65.1765
680.66	897.704	-15.9728
602.369	-1146.77	46.0774
812.173	-1364.52	25.5106
-719.635	-1439.98	53.2813
-60.9478	1273.55	-18.6332
-338.405	-1078.7	39.9356
830.956	-706.568	35.6697
96.8979	318.858	-13.3188
1477.95	1213.83	-21.9481
697.665	698.994	-20.7014
102.668	-878.786	103.521
-927.7	1191.19	-16.5346
-326.459	338.857	-11.466
-292.856	-517.541	88.1935
118.044	-306.524	29.8388
-1150.45	-1416.78	75.8176
1221.42	979.237	-18.9499
-1401.85	-497.055	4.93842
699.942	-935.427	91.3731
54.8106	-661.601	79.9411
1179.87	1341.29	-22.7888
523.837	908.019	-15.8771
-814.758	1195.33	-18.8314
-92.3775	706.846	-12.8181
-1463.85	-661.715	14.368
946.883	1151.16	-12.0907
1127.98	-960.247	54.1849
-1267.81	-382.076	-0.603181
-1037.39	603.737	6.2777
-221.293	862.644	-15.0733
-403.415	-399.582	46.9589
-1373.61	-474.944	3.19923
-745.44	-634.936	2.52317
742.873	972.038	-17.4206
1078.47	693.535	-17.4781
-1106.71	-655.311	9.99333
1003.58	-549.64	-4.51665
397.883	306.022	-16.892
-1225.89	-831.351	28.0501
-124.155	-95.091	21.9411
835.512	-769.666	58.6161
-914.871	1483.43	-16.0003
-656.596	-366.185	3.14606
1221.19	-627.044	-8.3019
406.696	383.829	-16.8546
893.532	-879.343	84.3699
-627.898	-98.0848	16.1171
230.003	-1330.82	35.3918
1283.62	-127.96	-19.584
668.492	-524.794	17.6473
-1088.16	524.142	8.41956
-568.961	241.72	2.6775
1393.21	-602.342	-9.94113
19.1767	503.575	-12.1027
-774.867	-583.041	0.980082
159.133	580.425	-14.2096
91.1079	-960.392	95.3925
684.597	-1069.86	62.7718
-1113.55	-804.036	18.7194
309.383	219.132	-14.2774
-625.469	-1004.6	11.8507
359.412	42.9055	-10.0324
752.352	647.214	-18.8719
-310.435	-373.71	83.2371
508.544	-322.88	-1.22038
1296.93	-1388.13	92.9624
-634.371	373.702	-7.37559
-122.547	-982.012	93.9359
-7.81048	-1471.84	45.947
-165.873	-1046.13	89.6423
-1414.98	225.957	1.37462
-860.792	240.449	-9.0814
1219.97	237.133	-21.884
541.272	1341.11	-20.6526
-131.658	710.238	-12.0909
-702.744	186.366	10.4095
-662.778	756.857	-0.439337
-1046.8	-190.787	-6.06645
-1070.64	-856.969	27.6072
-941.437	-421.588	-1.94239
1304.28	990.873	-19.7167
714.459	-655.129	39.9723
1369.6	-217.872	-19.1906
607.542	-564.243	30.4873
-238.011	-1116.59	67.1925
338.379	-355.132	3.46964
-1216.16	681.882	6.13763
1231.56	1465.22	-27.5016
85.9535	520.726	-12.6513
459.066	1079.07	-20.0202
-634.591	-1057.83	12.71
-3.16371	510.086	-11.8443
-1481.17	437.737	52.6123
929.098	-1119.59	67.0267
-638.099	39.5504	18.4899
-891.255	1400.77	-16.3334
-869.254	544.753	3.83228
597.284	431.909	-18.4809
975.136	472.867	-19.0835
1047.62	-994.886	62.9374
-29.9299	-562.109	90.6398
-1325.41	1492.35	-9.73597
1453.3	-1273.86	96.9945
1005.09	-1194.71	68.3476
-73.1817	866.291	-17.0351
665.609	328.782	-20.45
-825.667	-1247.91	31.388
1053.47	983.521	-17.1709
832.035	1135.32	-15.8146
-634.863	638.182	-7.66702
787.931	-209.447	-17.6302
1469.77	-1024.4	13.7702
-816.652	759.098	6.75997
1477.93	47.042	-25.1494
-1464.49	-399.027	0.24653
888.908	-1039.98	70.9674
-1235.79	1116.23	-0.5373
85.2522	132.733	-13.5993
-1201.73	-837.472	27.8786
-1200.31	-1346.32	64.2438
457.949	1242.79	-21.4732
1092.79	-1034.67	59.8411
-447.334	-158.599	39.3615
-1140.66	686.567	6.17397
-607.81	-691.555	8.90223
-683.882	1357.25	-18.194
1144.57	-931.94	46.9236
-6.2303	56.7977	-5.56741
-55.2122	-408.439	83.678
-253.451	1184.28	-19.3787
-828.998	-947.34	15.477
-705.154	626.84	-5.16028
934.987	-371.929	-12.6359
-1276.74	522.773	28.7969
506.504	709.676	-20.8484
-497.433	-882.603	19.4176
-1368.57	-805.1	37.8311
1199.38	487.241	-19.4865
-886.803	132.829	-8.18413
-181.429	-1017	83.846
-36.8832	-1096.31	96.2215
318.477	-405.034	9.36728
1170.89	-812.519	17.1343
-1399.53	-1112.46	44.8627
1453.95	-712.56	-7.7277
1034.61	-832.532	50.2584
-537.061	1316.4	-18.1448
120.283	-205.25	19.1927
1255.18	1184.44	-19.7172
-1267.34	992.491	19.149
1077.6	-430.554	-8.64043
976.284	477.308	-19.067
857.331	28.1303	-20.175
257.319	-1474.39	30.6778
-122.73	937.271	-17.6537
539.633	-1075	59.9198
-1372.76	1141.47	0.36333
924.785	-549.495	-5.01587
-604.05	506.53	-9.77833
198.484	304.782	-14.1348
-172.378	207.24	-10.675
148.291	487.754	-14.3157
1184.71	-1142.02	76.7391
349.01	-676.419	60.9082
-1377.35	523.354	41.751
-544.109	-1225.74	22.2678
-1467.53	-1130.48	34.541
1199.33	-250.286	-14.5848
842.575	-686.021	26.1469
-552.872	1024.88	-17.6284
-416.376	1298.37	-18.3961
1495	679.094	-21.783
850.477	-745.631	48.8244
1274.11	460.043	-20.5808
-1217.06	-430.798	5.09093
-503.666	-487.714	20.2819
-109.009	551.528	-12.6508
1020.03	-837.136	55.5361
-1215.11	1088.5	-0.939008
-1083.06	-49.9592	-5.92103
-1057.92	-483.992	1.88995
-65.7703	-204.385	41.9083
749.415	965.013	-17.234
-249.952	267.389	-11.7645
-435.654	-561.188	32.9017
-882.826	1314.42	-17.375
-503.672	1057.75	-18.4726
-772.532	999.383	-14.3501
847.791	933.039	-17.8373
651.723	1316.2	-22.3358
319.654	-1001.32	93.4968
872.462	1436.2	-26.8493
-285.631	-1071.35	54.4764
-1340.24	1439.33	-9.26142
-667.295	644.125	-6.21155
-569.07	1093.97	-17.9144
-775.712	1106.83	-18.0618
700.955	-1089.95	56.554
-71.5179	1343.93	-18.055
-452.741	-1133.66	24.4743
1436.44	633.223	-20.7888
127.032	-1441.61	37.6503
183.715	723.435	-16.4522
259.143	1398.06	-14.2786
-405.89	603.85	-10.9586
-703.023	894.051	-8.76008
1205.45	363.985	-19.9845
-914.889	-367.13	-2.04251
961.207	1245.74	-14.611
1409.27	-693.104	-7.08369
282.768	-439.024	14.332
103.739	276.521	-13.8499
903.23	1368	-22.0981
-1244.34	-235.94	-3.85139
980.896	504.484	-18.8664
-813.23	549.579	3.19511
-1498.36	-8.90584	-1.63523
1214.69	-1422.09	75.8718
-1190.38	405.965	13.4096
-386.933	51.3053	34.1046
-498.674	211.945	6.21563
9.49272	-101.661	11.3114
-585.688	1067.76	-17.8983
729.853	-769.317	69.9147
112.478	27.7222	-4.55299
399.083	253.343	-17.1135
-1141.92	-159.901	-5.28598
-1450.11	22.7339	-3.99873
1298.6	-292.83	-16.7838
-877.198	-1144.13	33.5385
-1451.51	1297.53	-6.0054
127.335	-1327.74	38.6219
-760.325	-436.868	-0.174822
-850.222	733.909	5.37288
-945.727	788.066	8.12425
-1154.39	-1050.58	45.9208
1439.62	947.466	-21.4298
723.686	-579.831	15.7519
31.0358	855.066	-16.7984
1397.76	-1221.29	96.656
1024.4	365.713	-17.7306
238.157	836.582	-16.6188
-1164.03	-944.284	39.5468
856.914	-571.228	-2.57697
217.478	719.059	-16.2098
-1316.59	-678.057	25.3528
-1062.24	-769.648	17.177
-1086.1	-1041.17	43.0975
1006.41	-309.727	-14.686
1307.34	-1361.19	93.9999
-1169.76	228.824	-8.65505
-1364.28	22.2098	-7.5614
-1331.64	541.051	34.3261
26.2635	-1048.72	98.489
898.428	878.815	-18.76
165.333	732.99	-16.5907
150.936	-405.035	31.8995
22.1182	-374.098	68.2969
735.971	1072.31	-20.0801
988.697	-1239.12	62.961
1380.11	-241.961	-19.2659
-567.681	1254.55	-17.0261
534.573	-1158.87	44.7284
185.966	87.9653	-11.9161
-1436.11	-147.829	-3.97109
-236.516	897.585	-15.9458
342.664	1043.41	-17.8332
530.685	751.757	-20.534
-878.843	76.1216	-7.23259
117.105	1234.53	-18.1857
-32.5111	-1021.44	105.962
832.809	669.477	-17.7198
902.248	-1444.61	25.8127
-913.267	-1024.62	30.1113
-183.47	-41.9078	24.8749
-618.905	-1143.16	14.947
808.075	463.933	-20.4765
1361.2	-479.295	-13.2443
-1387.12	1492.35	-8.37131
424.943	121.226	-12.9369
1179.34	665.383	-17.8503
-1159.6	-1263.99	46.6035
-443.706	-1237.12	26.9664
-10.5826	205.932	-14.8111
-204.144	-256.957	63.5307
67.0933	-540.992	61.1149
820.1	-186.468	-18.9115
917.379	320.95	-20.0922
-1011.69	-934.019	38.172
188.238	-932.591	96.7492
-913.268	-1235.88	39.1769
-763.392	-1438.13	51.5411
-107.635	1048.71	-18.1821
-592.048	-673.327	10.0645
1347.8	1303.77	-23.7998
-312.049	-47.3863	52.4366
-185.217	-1429.72	60.2688
1003.75	-1271.16	61.7183
38.938	-179.997	23.2267
-1025.96	1412	-14.5983
-1411.75	-1328.24	68.3198
163.066	370.782	-14.34
466.282	74.9839	-12.9983
180.251	346.844	-14.0975
-49.6426	781.117	-15.324
-157.131	-276.813	67.3628
755.286	1246.43	-19.943
757.417	-591.265	13.7976
-349.381	548.547	-11.6318
-176.801	1029.16	-18.4143
-608.566	15.5233	24.5341
1038.75	-1001.53	63.5116
948.368	-533.897	-5.82282
-521.537	-458.892	17.0058
-1290.72	573.445	22.9594
-237.471	1198.41	-18.8405
-1406.28	-357.413	-2.32499
-329.898	-694.397	56.5799
896.645	1217.96	-13.2848
1202.98	1125.1	-18.7853
-157.642	-1032.39	90.9763
1273.89	-1358.05	91.8581
724.748	323.947	-21.4182
1370.84	1330.93	-24.8828
647.145	850.727	-16.7796
1457.53	1458.89	-24.8572
108.527	599.996	-13.6222
58.8392	-36.6341	-1.06418
-489.466	-2.71513	49.531
492.172	404.668	-18.1585
-848.492	60.8506	-5.87206
-214.157	1088.92	-18.9873
1451.85	-88.734	-24.5162
573.145	-177.471	-7.83192
-1451.56	611.848	16.5597
-615.651	307.344	-4.17004
640.318	1403.16	-23.5939
688.827	795.684	-18.9377
-366.239	150.443	9.49688
423.336	-997.085	93.5496
-827.953	616.068	0.850486
-1252.05	-162.454	-4.94315
1462.13	750.718	-20.0037
601.772	1360.57	-22.139
168.056	411.52	-14.7683
-675.773	37.923	12.0004
1488.2	-1105.37	35.7568
164.089	-22.2578	-3.21874
360.655	-1349.78	31.2588
244.166	799.782	-15.8461
-925.181	756.909	5.89581
-1061.07	182.283	-10.798
-333.489	418.995	-12.927
661.812	167.983	-19.3356
1107.2	9.69777	-21.1453
-826.915	-444.125	-1.90664
-182.806	-1367.9	64.7778
-1281.35	-976.326	51.1332
473.112	1099.47	-20.713
-745.247	-1259.2	28.7739
758.639	-371.47	-8.90762
-366.243	581.58	-11.2934
1009.22	-1137.75	73.879
-643.302	-1496.52	54.5953
1197.36	937.918	-18.3735
-1439.36	1137.83	6.13402
202.895	699.269	-16.295
1167.23	72.783	-20.0205
-669.047	978.006	-15.2918
278.932	1340.39	-14.9276
933.962	1079.65	-12.6926
-765.42	-1497.2	55.1193
-257.382	335.861	-12.6601
862.261	-359.745	-12.362
-742.268	-1095.3	17.8987
416.198	504.833	-18.0175
-839.265	-376.308	-1.57885
352.981	903.8	-16.4032
447.25	-1043.84	72.2612
1024.01	18.1943	-22.552
-719.878	-630.553	3.31869
-410.759	1062.04	-18.8745
-652.064	-239.955	2.39274
247.001	-129.052	-4.27599
93.5697	-2.50939	-2.62729
-375.22	-885.9	32.9576
1410.18	-1089.6	51.9172
908.759	222.982	-21.2083
-1438.23	474.551	49.0472
1474.8	-741.031	-7.60299
-346.559	621.316	-10.7953
-891.562	-843.779	16.2411
-595.682	678.813	-6.48048
-247.896	-646.77	93.5371
1102.38	626.299	-17.4639
-22.3609	987.656	-16.5988
403.687	-259.494	-3.07289
675.417	1254.71	-21.6598
299.569	-1040.04	78.4682
410.082	1318.35	-18.8079
-162.246	-129.591	34.448
-535.246	-569.559	14.7252
1154.63	-1110.01	71.0986
45.1066	14.7225	-1.29178
-150.816	1231.52	-17.8784
-123.85	-713.612	103.028
811.958	-775.394	62.4557
934.024	448.947	-18.8299
889.97	50.5015	-21.4516
-443.889	1085.42	-19.158
938.281	396.196	-19.4817
1285.28	-567.425	-10.0884
133.075	897.199	-18.647
785.358	1367.41	-23.228
971.902	707.812	-17.0355
-1191.43	1309.17	-12.7102
-1317.89	-1328.84	65.368
-1460.78	-553.83	8.44712
-746.156	590.356	-0.241474
-194.7	-123.69	39.651
297.697	1432.3	-15.0425
1335.64	-882.588	4.88076
818.274	-651.125	19.6299
-1240.35	-1375.29	73.4876
682.474	1278.38	-21.59
-1470.24	148.935	-3.12172
815.988	168.712	-21.7966
1055.74	178.356	-20.859
64.6675	1491.76	-16.0868
39.7416	-1183.44	66.558
-829.458	904.76	-1.65622
-389.667	209.938	-0.28589
-216.188	-282.318	68.4428
-194.133	-884.732	70.843
-965.361	441.581	-0.38716
905.253	-866.767	85.2658
399.503	-599.523	46.0333
161.402	1123.27	-19.0392
1320.67	1496.12	-26.2639
-482.373	85.0471	31.9042
283.011	-901.315	112.812
-1064.49	-916.502	38.3714
-1334.82	1407.15	-9.05414
821.439	-762.217	56.9947
-448.625	-251.599	29.8796
-1162.18	1366.46	-13.1023
152.976	393.533	-14.6749
804.304	146.734	-21.4503
-602.762	-1039.47	13.1872
1456.41	-92.1808	-24.3485
1425.35	-997.167	16.5765
391.093	1468.15	-17.0842
455.197	238.253	-18.1076
549.443	395.76	-18.7243
843.905	-139.79	-20.1007
125.914	675.621	-15.7051
-851.905	375.508	-9.23321
1317.66	-1150.24	87.5974
718.554	3.88496	-15.6614
-814.482	1207.45	-18.9953
-195.13	-1135.35	77.1798
1063.88	-1499.93	34.2045
-1351.51	-577.281	14.8696
1020.01	-619.04	-0.489564
834.255	789.276	-18.9755
-1098.68	-1358.18	61.3795
624.645	161.06	-18.3337
-561.149	-783.462	13.1264
1185.64	351.238	-19.9659
1277.29	-24.056	-19.7085
706.857	163.521	-19.9968
849.133	275.748	-21.2796
-1114.12	612.473	7.26865
-1067.98	501.714	8.1128
-230.154	-61.8932	38.6395
548.433	-1399.33	26.1718
-669.017	1043.01	-17.0682
-1301.78	-1466.05	95.4437
810.454	-185.912	-18.808
-718.415	-408.178	1.01564
873.165	810.96	-19.4423
313.613	-1465.11	28.1616
-1208.4	-1497.49	96.1839
-840.739	510.378	1.71988
-1209.66	339.89	4.67528
1456.88	542.727	-24.1879
-584.56	-478.747	9.52819
-1026	-175.25	-6.50798
-1298	-1198.67	48.0496
-254.642	1119.12	-19.4866
-1264.82	1061.96	4.55223
1132.13	-493.761	-8.93646
-288.029	-377.377	84.8769
191.785	-940.842	95.6087
711.156	-574.272	15.8239
-785.511	-411.243	-0.706007
887.068	926.441	-18.0132
-195.649	-20.0698	23.6836
-1242.83	-62.1632	-7.08698
-244.879	229.718	-10.245
938.617	-890.495	80.1122
-463.073	804.773	-12.7001
-332.39	-673.397	58.3313
-214.26	1330.45	-17.4113
-1040.05	-344.439	-2.60162
1373.54	924.804	-19.5068
-821.374	-310.92	-2.77963
1328.33	1091.11	-20.5742
-511.432	-754.909	16.7619
1247.83	244.325	-22.0089
-1131.13	-871.184	29.7169
260.401	-762.905	86.1271
148.512	-1013.68	82.0626
120.437	-1003.9	87.6476
1479.96	427.585	-25.9901
-167.066	1301.55	-17.1805
414.267	-257.293	-3.4616
362.208	-885.695	120.822
-313.493	1028.64	-18.9173
-1131.32	1447.25	-13.1125
-789.88	1414.26	-16.9097
-953.774	194.185	-9.96126
138.495	551.052	-13.2586
-1153.54	579.511	10.5159
-244.551	-662.625	91.3305
1255.4	-1479.29	66.2315
1111.47	1454.5	-26.2078
463.506	-876.286	118.83
664.982	-941.265	94.6538
-1013.75	1411.74	-14.7417
-831.621	1021.16	-15.0641
-765.231	-1288.26	33.1025
-712.954	-772.264	6.10129
-512.683	-865.869	17.9341
-830.465	130.452	-3.92944
1350.8	57.4223	-22.6608
1493.01	-147.495	-22.2709
-840.467	898.431	-0.40363
1422.5	-750.52	-6.44147
-593.406	1280.97	-17.1166
673.952	926.23	-15.5557
1040.68	439.631	-18.6247
-150.701	-207.936	52.0708
887.382	1062.01	-13.9417
-1047.3	-669.802	12.7871
-883.005	1157	-17.0882
932.846	-355.592	-13.1233
635.141	965.999	-16.6614
1162.32	570.121	-18.8246
-133.784	-897.828	85.299
1388.56	-426.041	-14.1873
-1126.7	649.494	6.91334
1123.32	368.642	-18.9601
-531.116	1262	-17.6422
302.143	851.656	-16.4402
-692.663	1453.57	-16.1133
575.552	-1099.38	54.4913
-926.101	1207.13	-16.612
-682.384	29.8764	10.6381
-707.046	1459.78	-15.9124
1152.85	-1125.84	73.2713
-823.351	1143.3	-17.9919
352.685	-282.176	-0.0490115
1197.71	-163.178	-16.3654
-1281.61	-1356.85	70.5896
-752.238	509.746	0.126448
947.743	755.284	-18.1979
1445.49	754.074	-19.7467
16.3337	220.331	-14.6424
1312.42	-619.066	-9.19766
265.849	-969.257	99.5866
-1026.32	-830.86	23.1997
143.861	-640.171	56.0593
556.29	266.777	-20.0412
-1153.25	215.256	-9.1429
1254.44	758.749	-17.9721
-1081.4	601.386	7.05768
-820.619	-1372.68	36.9656
851.365	-1434.27	24.2188
-652.457	-1421.84	50.0873
-959.047	1205.4	-15.8884
140.41	-121.571	3.5842
-860.819	-1387.25	37.147
293.169	-1052.89	74.2437
-1194.76	-673.657	15.2603
-483.967	-989.106	21.2825
1348.69	581.729	-21.2596
-1060.04	1251.15	-15.8315
291.129	1190.35	-19.0149
-476.5	1298.81	-18.2872
245.224	-551.553	28.9615
-629.69	-658.474	7.28236
1141.38	1496.9	-26.196
-251.837	1144.53	-19.4758
-1172.62	1384.31	-12.7716
67.4013	327.369	-13.3684
-366.452	-153.344	57.3333
-103.873	414.669	-13.6594
879.119	458.238	-18.9498
-1222.63	1377.61	-11.6467
620.612	482.967	-18.4169
-1436.74	-957.401	30.5011
-1427.63	704.059	8.90903
1197.6	676.006	-18.1292
1436.59	-1406.66	89.5632
-1123.13	-497.178	4.10775
-894.101	-1428.57	42.359
418.594	1176.19	-21.7288
84.2215	193.242	-15.7819
-1354.55	245.728	4.3263
-1336.22	-155.496	-6.64074
329.244	653.153	-15.6982
1054.01	-10.0461	-22.031
-1130.23	572.416	9.62847
970.626	-766.813	39.9841
-156.733	-423.422	95.9788
1005.12	-1312.23	55.0673
-579.325	-402.731	8.24101
1405.04	-1095.47	56.0613
-345.939	675.149	-9.56629
1371.07	-1423.94	94.3359
-284.304	-145.988	59.9045
1416.44	-1228.26	98.8983
1093.67	-3.24272	-21.3767
-1123.53	-690.919	10.2704
478.289	218.246	-17.6167
403.737	-1149.64	50.2405
-421.561	-1172.38	28.4987
-785.854	827.924	5.12443
-1355.57	1297.13	-7.85918
1317.96	425.091	-21.414
1175.87	-741.664	1.00817
703.842	493.545	-19.3793
1147.22	-282.786	-13.3702
895.561	956.155	-16.7678
236.788	924.156	-19.1433
110.592	1200.08	-18.5215
-50.7404	-878.043	103.17
471.692	67.8122	-13.0216
1289.32	-1053.92	62.2874
-374.393	-1297.47	37.0885
1165.7	966.998	-18.43
890.148	-888.774	83.7781
-175.69	704.728	-11.4634
515.119	-1238.44	35.508
-760.723	-487.888	0.0902582
1225.37	-753.082	-2.6597
-1449.28	-945.224	26.9819
430.562	81.7603	-12.4735
1134.03	1441.16	-26.209
1253.58	-1035.95	61.8484
-1435.97	465.579	49.0421
72.5461	68.9235	-7.45756
1013.93	924.635	-18.2331
-612.611	-138.991	14.8037
209.533	876.118	-17.8421
821.489	-1191.97	41.0794
844.888	858.503	-18.9463
-1301	-305.824	-2.83652
-360.586	-887.088	35.0119
494.412	-1006.66	85.9908
-237.424	-588.421	107.992
-895.028	-1110.76	33.6636
-818.448	641.286	0.921207
-47.437	1056.27	-16.83
764.414	1173.6	-19.6385
-515.055	-336.753	14.9813
-1124.65	221.829	-9.21089
-871.366	-1051.88	25.5825
-1172.54	-548.563	7.76728
1335.63	1380.12	-27.1107
1223.84	-371.895	-14.3196
-1286.65	1104.56	2.84228
670.771	-1396.67	25.458
-1189.47	-471.686	5.50254
1027.67	-822.264	47.8149
-352.239	278.379	-9.80646
441.012	1406.92	-18.4935
-1130.52	1096.86	-7.5105
713.424	1030.45	-19.1168
-1164.94	-275.138	-3.25762
785.575	-213.91	-17.4189
-1380	-1468.13	106.388
-1389.05	424.281	45.332
-1295.28	1019.76	16.6885
-1481.77	-817.668	16.7005
961.865	-1202.05	63.4738
-1172.92	319.542	0.0851342
319.232	756.531	-15.2112
-1097.65	-1436.32	72.3654
379.342	894.404	-16.0247
1199.87	1472.39	-27.2425
1330.64	-966.13	22.8493
589.534	1378.81	-22.053
705.576	1059.63	-20.0041
929.391	1421.73	-25.4992
1113.46	927.463	-17.8706
648.565	-656.134	53.2844
647.518	-234.643	-10.5986
1204.11	451.633	-19.4519
1266.6	-953.043	29.7006
-1258.68	1276.3	-10.963
-1471.91	-855.229	21.7347
-642.638	-1226.09	22.5351
-86.3512	92.501	-4.27604
898.141	-1219.37	48.9572
-714.679	81.8933	8.92657
-1221.64	70.4299	-10.4307
-331.57	-321.607	71.3153
-1374.87	-713.343	28.6098
-1339.48	112.322	-7.73335
100.133	-568.692	53.7369
-856.01	702.55	4.73883
612.854	-665.048	63.2377
-705.145	1212.74	-17.863
-1403.12	-1414.1	92.5094
-149.665	791.821	-14.0984
632.795	-862.406	93.4527
-1277.01	-210.148	-5.1213
1066.75	1452.5	-26.4313
474.57	-476.122	16.8135
-212.194	-1091.73	75.6589
-1264.94	-971.774	48.7734
976.93	-767.571	38.8648
532.456	285.076	-19.6028
-206.827	869.886	-15.2813
655.041	1241.25	-21.8906
535.694	612.327	-19.9884
396.774	1080.64	-19.3245
818.39	-622.721	11.1101
-1399.47	948.088	29.4908
-833.153	-1074.66	23.5599
-10.1931	842.762	-16.1959
-1047.74	673.65	5.54726
-343.934	1072.46	-19.4785
869.571	-1120.35	57.7666
-473.649	-1394.22	37.0443
674.787	-562.48	21.4524
-402.65	484.152	-12.9085
-1230.56	1153.38	-3.81202
-230.72	-1366.82	62.4737
-384.93	-335.364	53.5617
-507.486	-384.103	18.4154
-1303.61	-899.272	45.4382
-271.992	222.58	-8.93033
970.754	366.734	-18.6735
561.775	1445	-22.3484
-756.167	-745.975	5.25441
-1234.13	-1229.97	45.7714
-740.338	-1054.59	15.6847
1459.41	904.253	-21.1937
-647.491	38.9843	16.6082
285.549	944.736	-18.1478
-1090.52	420.226	6.02105
1300.76	-147.261	-19.5432
1394.95	-725.024	-6.48498
621.706	-154.081	-9.8266
935.503	1113.93	-12.1385
-523.998	1042.31	-18.1149
0.478653	901.088	-16.2831
-1074.42	-571.553	5.50431
964.182	774.327	-18.6764
-438.881	-1122.2	25.7434
1291.66	-1112.41	76.0615
-1174.47	222.515	-8.68771
-594.95	915.826	-14.7673
232.147	-628.971	45.2415
-1191.51	1329.48	-12.6071
-687.426	-567.979	4.2673
1381.84	764.814	-19.4633
-429.363	-716.614	27.7246
-888.09	215.784	-8.9404
756.465	210.258	-21.8004
-726.11	-242.116	-2.17384
-680.135	498.054	-6.91854
-1374.25	769.228	8.21023
499.905	238.999	-19.0404
-474.155	-1043.48	21.3898
-929.199	-1488.84	47.1323
1405.36	27.3694	-24.1619
-500.332	887.233	-16.9609
1030.78	1488.12	-26.4357
-716.254	499.72	-3.69061
-1161.67	493.378	14.9299
988.113	1244.15	-15.8703
827.098	872.527	-18.7006
-307.1	1436.82	-17.1958
334.91	-290.033	0.961629
-71.9966	345.606	-13.2673
169.385	-893.393	102.062
-936.991	356.849	-6.97522
-496.279	434.24	-11.2242
-244.535	1099.57	-19.3288
1364.58	1492.09	-26.4166
402.691	874.209	-15.9071
-772.59	-673.552	3.24059
52.0929	980.096	-17.3441
965.744	1113.59	-12.822
374.115	278.355	-16.0988
114.056	-402.323	40.6962
-1301.78	570.64	24.896
761.867	-546.615	4.28211
1329.12	173.608	-23.6916
-819.288	-422.948	-1.56689
-437.948	1252.85	-18.7989
595.44	84.6653	-14.7698
808.015	-310.445	-13.7999
568.325	308.144	-19.646
328.37	1082.84	-18.3637
166.303	1184.27	-18.527
-488.877	1268.24	-18.3741
-1115.05	394.443	6.10354
38.3719	-1319.25	44.8038
878.945	-824.304	74.8886
763.755	-1166.27	41.4531
-529.501	683.634	-6.89901
101.155	243.971	-14.1992
-89.4716	362.229	-13.5313
778.773	-720.281	47.6106
-1183.2	141.569	-10.3136
1297.77	59.6108	-21.2166
-1125.43	-165.667	-5.39156
1341.92	659.443	-20.3066
-993.247	-796.861	19.4355
298.645	-754.538	86.285
396.366	-1129.42	54.5064
-1400.81	981.096	31.6857
508.352	-1301.44	31.247
-1307.99	-1426.8	88.6855
-1218.34	1229.95	-10.6288
-382.503	701.198	-7.74731
-1180.95	-1316.09	56.4861
-462.323	818.48	-13.6498
1099.18	1437.59	-26.3452
95.5611	-7.05631	-2.73401
1480.25	1375.84	-28.2266
553.977	-162.112	-7.78334
-1489.48	922.766	19.8377
302.102	-460.326	15.2147
995.108	-1383.17	40.9904
915.072	1068.36	-12.8429
-1264.47	830.339	18.9741
-1069.09	602.701	6.84773
1337.83	1346.2	-26.0078
672.334	615.925	-19.9401
1008.11	-614.198	-0.668579
16.4619	414.53	-13.7506
831.687	912.742	-18.135
-1378.76	-596.589	17.659
320.409	-1455.72	28.162
-1156.12	-708.844	12.4649
-632.553	764.058	-3.06204
573.621	-427.559	8.293
-794.861	181.146	0.878387
150.984	1134.41	-19.1611
1473.7	-535.864	-12.0601
1020.46	-372.325	-12.1835
1476.07	-829.793	-5.46688
31.9051	-585.106	75.0575
631.532	578.72	-19.2653
-629.223	-351.828	4.58012
1238.32	464.083	-19.8775
-596.676	-1356.54	37.7592
-1469.36	-168.013	-2.05463
216.41	536.577	-15.0598
-616.462	849.921	-9.97605
-1029.11	-276.142	-3.77459
-265.69	1265.73	-17.9909
-944.398	-438.15	-1.32847
-552.414	-315.625	8.66562
142.668	-897.723	99.9718
506.65	-677.881	71.5943
-1187.67	-1299.54	53.3741
250.563	667.385	-15.9286
441.941	-953.78	107.793
1178.69	268.779	-20.8244
85.1916	-462.491	50.8396
942.063	524.743	-18.3917
-847.375	1008.43	-14.1245
-1289.51	1032.4	13.2907
943.852	1384.41	-22.9678
-993.111	1118.62	-13.9867
185.64	-566.458	35.379
162.477	-1392.17	36.2943
-433.752	-1330.64	30.9623
-1493.77	-1483.52	126.181
1135.11	464.701	-18.6574
-512.565	-1299.96	25.8166
863.447	1460.46	-26.26
1414.12	1021.75	-21.9064
-169.505	-1423.07	60.9455
951.834	-921.462	76.027
1296.7	-65.5384	-20.6064
372.146	908.327	-16.0881
-1224.22	-1035.9	50.7069
-625.716	-350.651	4.76528
970.494	774.111	-18.6752
270.198	1085.96	-18.6593
327.013	934.281	-17.0685
-974.054	-1066.01	40.4661
421.431	-863.623	120.031
294.004	-1332.2	33.7488
-986.458	-1071.81	40.1075
-942.514	1178.73	-16.1773
-39.5745	-1413.73	50.1929
-191.358	-1118.76	78.2543
-935.683	176.979	-9.34985
1128.83	222.977	-20.984
-1482.16	118.646	-3.48997
884.347	-8.04628	-20.3744
-564.168	-584.039	12.2201
921.135	-372.209	-12.4901
-726.417	-325.787	-0.848235
355.64	439.344	-17.0475
-642.242	-1267.31	27.91
575.616	726.552	-20.9298
-1033.42	540.261	6.44195
1176.65	-1322.34	77.3009
-1265.96	849.464	23.4279
1497.51	129.465	-26.7765
448.657	1378.62	-18.9164
1200.25	-1271.37	83.5259
-487.628	-795.013	19.3217
-449.452	-1342.89	30.841
-976.959	30.6369	-9.0837
-497.098	1061.81	-18.5444
681.087	-986.052	86.9189
273.579	598.73	-15.9338
-157.673	-1255.3	71.6488
-550.275	1004.29	-17.4121
-120.742	-332.552	81.6345
916.554	-1406.37	29.666
1361.54	1401.36	-27.0766
426.67	-696.361	74.8515
410.878	903.068	-15.8915
-973.821	945.418	-3.00678
-72.7241	562.691	-12.4356
-554.45	-1486.84	51.9003
347.072	-373.553	4.9539
1351.33	-717.814	-6.3198
-174.53	-1267.23	70.2218
-765.576	194.929	2.50615
-488.767	637.298	-9.21434
-201.08	1478.95	-17.4893
847.817	-1045.28	68.804
1106.67	-1364.17	63.0853
673.807	49.5801	-15.4208
279.636	689.969	-15.8357
245.154	782.408	-15.8547
1407.35	1129.16	-21.177
167.626	571.573	-14.1732
741.426	128.993	-19.5903
-252.94	-1276.54	60.0281
-425.973	-137.718	48.5065
1086.91	789.826	-19.1053
-452.749	922.988	-18.0003
97.6236	-201.796	21.6757
123.862	1495.78	-16.5203
-143.744	-750.071	96.0549
1211.51	-156.852	-16.7935
301.389	-70.8265	-7.93348
-90.6604	-504.638	98.6485
1043.22	-811.067	39.6718
-812.158	-1037.04	18.7517
850.812	-279.124	-15.6223
-339.715	-670.717	55.9867
-1049.92	1136.69	-13.2635
-196.197	703.545	-11.2618
-676.941	-680.877	4.84023
918.216	-664.212	12.1738
-1369.96	1233.47	-5.98072
140.68	-934.875	95.8349
-1317.85	951.442	32.1161
-1181.85	-1013.11	47.2813
-1140.47	1385.26	-13.5113
-88.8029	-560.037	107.073
1357.94	-1265.21	100.311
1144.83	702.348	-17.5539
-604.573	-75.4548	21.4763
-572.172	1322.23	-17.8116
-642.863	1470.47	-16.5755
-1374.84	910.625	31.2011
-907.773	1451.49	-15.8525
769.355	1421.66	-26.525
1413.85	-1026.08	28.1086
-878.327	-1448.13	42.2074
225.75	126.207	-12.6447
-544.313	500.247	-12.0514
608.526	-1433.88	24.9853
368.112	813.243	-15.3093
823.996	632.494	-17.6001
1095.72	1488.57	-26.0102
-410.19	1412.09	-17.0162
1435.08	1263.57	-23.7882
-686.201	1389.6	-17.9374
1361.19	-784.692	-4.18643
633.327	-1037.45	73.3789
1325.74	418.012	-21.7279
-48.726	448.102	-12.6278
448.163	941.366	-15.9897
-937.811	13.2034	-9.25404
-1470.69	531.713	47.2361
-878.613	1234.15	-17.7262
-837.255	1114.34	-18.0078
253.474	-309.257	6.51841
204.833	-1166.44	50.7027
-447.374	-633.328	27.2115
-1201.29	1322.05	-12.4176
575.472	-186.708	-7.73157
913.179	643.09	-16.9665
1294.63	567.152	-20.5704
-507.267	-1266.76	24.0993
-1082.48	-23.6101	-6.48876
-188.516	520.624	-14.2545
-642.443	166.03	18.3074
718.873	-1485.57	21.8992
485.535	-724.417	86.006
1340.35	-253.123	-18.1783
276.273	494.429	-15.9464
1369.74	-126.521	-21.9936
1051.18	-58.494	-20.61
-350.47	-231.208	54.681
74.4623	-967.637	96.509
983.381	-1294.16	54.3425
923.74	1143.33	-11.3515
-844.539	-482.334	-1.66078
-813.481	816.865	7.48778
-325.41	181.505	0.951711
-380.388	-1381.07	37.9171
-460.12	-424.51	29.5526
-1012.33	-1030.4	42.4492
-1150.86	300.6	-3.57212
-252.565	738.95	-11.8159
1319.28	-1376.35	94.29
25.1326	-1091.89	89.9601
-761.517	155.472	4.11606
-16.8336	854.425	-16.3066
1144.1	-1084.36	66.4912
392.306	-869.258	120.769
-945.314	-495.73	0.460638
693.451	-629.595	35.8323
187.445	283.188	-14.1971
268.2	-861.537	111.536
-95.5818	1128.14	-18.2189
-1270.18	-624.685	18.9056
812.726	-1219.75	37.8527
-287.505	-854.85	48.0773
837.647	-1266.6	34.3146
698.652	-1323.69	27.2224
-1015.22	-308.129	-2.9188
-971.851	-701.898	14.1234
-1057.43	320.814	-4.93194
-1244.33	608.104	12.1796
-429.084	363.357	-10.6628
1069.52	-1409.89	46.7581
604.372	-1195.5	38.8944
-67.9145	1445.02	-17.1306
-982.244	-1441.73	53.6897
1185.79	-816.874	14.6413
-502.261	1347.5	-18.6787
1324.95	-197.516	-18.4754
344.007	1093.74	-18.7875
304.589	1259.34	-18.4392
1232.62	977.972	-19.0319
-388.061	856.03	-17.2056
853.207	-494.217	-8.50538
-1244.43	509.97	24.4471
1282.56	759.116	-18.6671
-704.987	-823.306	7.63671
-415.071	65.8435	31.4476
-1188.33	1.5083	-7.94378
890.376	530.969	-18.2139
76.9691	1140.48	-18.3387
-343.237	491.773	-12.3067
-854.97	-74.7596	-8.12387
-755.315	1167.71	-18.3431
333.036	-94.4001	-7.80683
-1325.98	248.77	3.33143
453.413	-1207.31	38.3106
-932.592	-729.272	12.9344
-83.56	578.892	-12.7189
176.963	439.636	-14.6781
242.384	1281.82	-16.304
-312.991	-996.878	43.9133
522.863	-560.55	38.2283
-572.516	975.761	-16.8627
-717.351	-227.286	-2.06732
1427.25	16.9906	-24.8568
-752.118	1255.56	-18.3034
1220.76	301.406	-20.692
108.651	-1446	38.5728
-160.479	-1068.21	90.2524
225.604	-172.212	0.578334
832.586	-279.701	-15.3962
54.8621	1155.13	-18.0769
588.112	1178.51	-22.1304
-1224.03	-1208.88	45.4442
-813.488	-399.291	-1.29678
1295.53	-288.085	-16.7443
655.52	1415.57	-24.0944
701.121	1407.37	-24.9854
372.287	873.736	-16.0155
-1004.36	-1048.35	41.5315
-332.094	-994.383	39.8843
-1266.6	-561.661	12.3595
190.424	97.7593	-12.1973
272.742	1295.28	-16.1293
590.994	885.581	-15.63
347.996	723.728	-16.8415
-645.223	377.827	-7.64086
1392.6	455.307	-22.7007
-597.878	1237.62	-16.733
-21.6924	75.3437	-6.51631
-252.825	-1276.99	60.0489
1037.36	527.585	-18.5557
-581.882	-1424.14	43.8059
-898.207	6.22242	-9.04308
-856.128	-1196.4	33.0658
288.255	-912.926	112.436
-448.14	-933.401	24.39
932.511	1420.77	-25.42
-401.832	-836.761	29.7181
113.08	581.148	-13.3878
-1227.87	1367.57	-11.5752
-316.159	-632.325	69.6312
-1050	740.694	6.69486
-1349.73	921.419	33.93
485.855	525.128	-18.5875
-370.862	51.8483	33.1198
258.667	-710.459	68.1919
-433.135	-389.032	36.0025
1403.49	-842.773	-1.19849
37.0108	-122.597	12.402
-1091.07	761.025	8.55555
-861.702	-854.604	14.2705
-426.824	1160.09	-19.4692
-1000.54	-1079.85	39.3302
-638.473	1052.93	-17.5237
-449.301	-205.57	31.0296
-93.954	-1006.52	99.3809
-677.714	55.7501	12.7248
995.431	137.765	-21.5516
1370.85	-294.774	-18.743
309.979	332.924	-15.5568
-1232.12	579.495	14.8157
462.312	-406.561	3.07292
-106.147	-487.661	98.5569
-345.919	1145.86	-19.8981
1422.82	124.393	-25.1185
329.486	36.6893	-8.95176
-403.186	1049.74	-18.7517
262.849	-332.046	6.69957
414.934	614.955	-17.4831
-212.196	-20.8172	27.1588
846.427	-811.501	72.7995
1129.87	1223.63	-18.3732
827.759	1269.32	-17.1412
-1241.65	1413.98	-11.0252
-61.4257	-1412.84	53.1689
-954.908	-821.836	21.7775
-1305.29	-1046.27	57.6047
-966.274	-1085.16	38.7998
-563.373	1495.63	-17.1803
-565.504	777.01	-8.89644
1182.53	439.606	-19.2634
-241.507	121.323	2.85211
-773.155	-286.004	-3.47633
1324.38	-9.99795	-21.4294
-1064.46	805.605	10.1179
428.392	480.564	-17.7105
27.8103	738.085	-16.148
-496.994	10.2022	47.0435
551.582	-1020.91	77.8051
-907.045	14.0137	-9.04566
-836.36	1474.39	-15.678
-983.218	1343.95	-16.0525
469.656	-450.131	11.2635
-709.413	233.609	3.04803
794.762	-1270.97	31.8186
266.755	-266.867	2.02632
1139.77	-813.713	23.1134
-302.095	467.852	-12.9251
-1451.04	-250.853	-2.23037
-93.7786	-874.726	94.4045
-1183.35	880.347	17.0906
-1009.15	424.699	2.22052
-973.941	-264.115	-4.15539
-1268.15	238.982	-3.19576
992.094	-782.756	40.27
-984.343	-30.1255	-9.13401
193.304	-1234.48	43.124
929.932	-967.85	76.047
462.416	720.384	-19.6677
971.576	584.751	-17.3659
-350.914	590.451	-11.1299
-1066.68	913.831	9.72646
-777.6	334.365	-9.64246
357.368	-659.341	55.5911
527.141	829.066	-17.2051
1476.48	479.924	-26.2274
404.556	-962.192	106.924
-1218.72	-540.916	9.53517
-1007.48	-1321.16	52.3778
18.8282	320.848	-13.3658
-797.803	-1198.43	27.6064
-937.666	-386.126	-2.0365
-69.6295	1312.6	-18.26
-1469.41	-704.255	16.2157
-1478.05	1234.95	-2.11972
1035.71	103.198	-22.0912
-935.055	-1007.67	33.0523
-575.375	-295.01	7.24999
-930.919	1276.08	-17.0096
1146.08	-1053.6	63.5524
1128.5	1172.44	-17.853
-1474.31	10.1577	-2.99623
1259.45	1218.47	-19.7053
-615.021	-1350.82	38.8231
-367.825	1339.76	-17.8876
-315.471	1247.09	-18.7458
1059.19	-1200.74	73.1533
532.376	1365.78	-20.2258
376.845	1246.57	-20.6789
-214.633	-70.5097	36.8747
714.388	-573.613	15.1463
705.681	-945.452	90.3725
903.777	1464.62	-26.0684
875.092	-1136.97	56.7791
891.163	453.326	-18.6778
936.326	-0.633461	-21.729
-10.7036	855.712	-16.2272
-181.062	1019.46	-18.3158
-1463.73	1340.37	-6.42506
-206.871	1090.47	-19.0025
278.457	214.571	-14.4352
678.275	1167.78	-22.1531
656.95	1229.6	-21.9906
1114.51	1030.54	-17.4797
1017.23	-578.931	-2.89041
729.18	224.131	-22.0482
95.5801	-201.928	21.9139
-842.923	120.963	-4.74727
948.576	-356.707	-13.0991
-99.3789	-589.285	111.742
1094.4	1008.14	-17.4516
795.62	-99.4441	-20.4491
-585.975	-922.698	12.8217
1389.53	104.368	-24.3172
-272.673	687.224	-11.6803
110.894	1087.64	-17.5745
-643.542	124.996	21.3065
1186.21	848.397	-18.0563
-1251.72	-1055.7	52.5074
241.379	-240.746	2.79061
677.738	-1480.45	22.6145
-426.641	755.056	-9.38486
392.467	-134.713	-7.33169
1094.17	1293.27	-20.0274
-395.093	997.236	-18.4375
198.187	-1024.28	77.3667
-152.319	1327.44	-17.4498
1281.85	1445.84	-27.4383
-627.305	1229.77	-16.7961
399.878	838.839	-15.9168
1408.1	644.015	-20.6521
701.989	367.011	-20.2546
-1472.36	808.612	9.97451
423.595	1404.68	-18.2911
-263.2	-441.932	98.0166
561.109	621.548	-20.8738
831.762	807.057	-19.1669
1051.4	382.37	-17.8467
900.743	167.084	-21.7886
1107.29	-1414.11	53.6374
-707.729	-1354.43	43.2852
1182.25	-906.766	34.0933
-1165.1	455.386	15.7058
-579.136	-263.984	8.19222
240.8	306.292	-14.7174
412.885	-76.4428	-9.05498
-1438.76	1413.82	-7.07541
-72.808	-294.198	67.2255
726.371	107.125	-18.3404
-1332.33	-718.93	29.614
-698.007	136.861	14.4223
-84.8135	61.9338	-1.02161
-477.881	256.963	-1.69779
-710.105	1059.64	-16.8514
163.629	-981.301	89.7486
1217.67	1404.57	-27.4243
1068.73	-833.088	42.4081
-902.133	865.038	5.12339
-1490.38	-1376.68	93.9111
-1484.44	978.88	22.4809
-90.8082	-1268.72	69.4567
690.344	1340.85	-22.6652
816.747	-962.323	81.1486
1211.79	168.343	-23.1455
856.52	-718.844	37.3804
-1272.73	900.034	26.3994
414.67	-752.75	93.1431
144.818	-632.868	54.6634
-836.892	-1499.81	46.7101
-1066.53	-1268.31	49.5794
696.605	238.871	-22.31
538.043	-1439.9	24.5197
1052.66	-343.268	-12.2052
175.07	-110.975	2.67487
-1340.44	685.793	9.8209
-282.059	885.177	-15.9843
628.711	173.347	-18.89
320.464	259.657	-15.0307
1354.19	-290.969	-18.3227
-636.942	-1427.74	49.9964
1055.58	-1484.74	34.6097
646.89	392.655	-19.0305
3.38769	244.226	-14.01
1457	247.347	-27.6022
1141.28	562.423	-18.8129
25.4427	-505.209	70.7304
-1037.16	1007.33	-6.11701
-1055.04	1150.08	-13.1077
-1338.27	-1008.45	52.9668
1482.54	1014.79	-22.9708
800.149	-379.733	-10.5999
707.951	-1093.14	55.4708
-1222.32	477.758	21.1067
-168.652	31.2194	9.62961
-1435.8	-85.8946	-3.63428
1322.32	-282.026	-17.5341
-1265.6	-953.457	47.0299
1446.21	-1138.32	61.1548
-281.742	568.861	-12.0457
375.356	979.899	-16.2216
-1435.46	1380.12	-7.14266
-1209.58	-286.664	-2.58541
826.148	918.867	-18.0168
-102.609	1045.69	-18.0867
1285.87	1046.67	-19.9955
1272.49	-464.485	-13.6077
1290.44	257.572	-22.1076
905.302	-172.811	-19.0616
52.8139	-791.738	101.072
-1295.9	-1291.56	57.9204
989.457	-1318.62	51.6023
-1292.95	434.311	31.8732
-655.852	-137.13	8.26967
-1334.43	650.98	11.3312
-607.559	179.564	14.7741
-266.656	12.3684	32.6271
1077.89	-87.1025	-18.7365
1376.8	830.397	-18.7943
779.661	1416.5	-26.0938
-1259.35	-254.729	-3.70835
15.3916	879.725	-16.5346
-1476.18	308.39	15.0966
1321.52	44.0009	-21.9089
-182.959	751.115	-12.5578
-1192.5	1371.09	-12.3769
885.715	-940.502	79.9068
-803.534	-1236.72	29.3735
-927.924	562.757	4.43868
-739.728	-168.193	-2.85065
881.917	856.093	-19.0657
-1016.16	596.126	5.79505
-677.447	-208.269	2.2536
1420.02	1438.76	-25.6638
210.795	828.07	-16.4449
1417.16	154.018	-25.0282
692.251	224.503	-21.8183
441.927	210.273	-16.2593
-392.241	1000.03	-18.4362
-894.268	596.805	3.2493
507.605	575.815	-19.0512
200.416	-112.273	-0.144516
-1352.79	195.485	-3.13849
-1398.33	-1316.66	64.4482
1187.66	434.745	-19.3334
469.095	1127.09	-21.1332
1485.89	-448.812	-12.8703
50.8656	38.8089	-3.78579
908.123	-666.663	13.1595
-472.457	-1229.54	24.6335
851.237	513.513	-18.8156
-106.319	1033.04	-18.0258
-1087.09	-242.039	-4.64454
-944.075	-546.799	3.17926
502.985	1185.87	-22.5302
-104.214	714.528	-12.6285
-1474.29	-460.842	2.59056
1327.85	30.3333	-22.0984
-272.867	135.95	3.67185
24.9098	-419.009	70.6252
-453.748	1362.12	-18.1061
-600.22	635.323	-9.00687
342.682	-471.723	14.3165
513.999	-1349.85	28.719
1072.41	-843.736	45.7794
-659.572	1072.28	-17.7601
-1081.52	-1373.82	63.2543
-581.533	-1017.2	13.9609
844.875	70.8842	-20.5382
-1089.94	-137.368	-6.17581
-1138.41	-813.595	21.3214
-434.438	256.056	-5.5961
334.104	1248.14	-19.7334
204.144	941.189	-19.7453
1131.12	1349.11	-23.2295
-1412.77	-210.025	-4.7832
-270.877	-1465.03	53.4555
-242.472	226.144	-10.0559
-418.19	-146.038	48.8207
1401.43	38.3636	-23.7384
116.814	-1315.92	39.2074
1018.35	-1457.6	31.7644
-712.258	850.606	-2.71031
-620.234	900.194	-13.5646
-802.984	818.907	6.7626
971.079	131.002	-21.7165
1064.18	-279.816	-13.7561
-649.547	1156.18	-17.0133
931.534	-857.837	78.6553
-164.566	1003.8	-18.1493
1409.68	-444.197	-13.7725
190.866	449.607	-14.7121
-935.172	-113.301	-8.34933
732.56	829.832	-18.6172
1306.12	-955.264	24.0156
1208.84	217.786	-22.1583
609.148	-1032.29	75.1131
1453.97	-1273.2	96.8616
1039.17	1192.84	-16.451
-1167.81	1266.76	-13.7549
-956.121	1376.45	-15.7635
-1436.8	-161.214	-3.96848
-1299.6	183.414	-6.63762
1378.12	-1479.47	79.2161
566.59	1145.26	-21.7722
170.364	1433.44	-15.0711
-156.02	-752.361	93.925
-1313.29	-412.572	-0.271867
1412.85	1039.69	-21.8481
797.642	-748.573	53.8752
1087.6	985.779	-17.5585
-1000.02	207.759	-10.9863
196.894	-213.957	7.6144
-479.943	-1185.4	22.7837
118.799	1303.11	-16.7546
-635.816	1052.88	-17.5441
-109.611	248.102	-13.5208
791.55	-629.032	17.9213
1133	-106.101	-17.5639
557.508	425.711	-18.4703
-1463.27	533.393	46.2205
1440.07	310.225	-25.5242
644.309	-103.771	-12.2581
1350.52	-1416.91	93.9591
961.116	-527.168	-6.09636
-655.856	1365.7	-17.9498
1222.41	557.102	-20.2093
1408.8	-1038.68	33.0616
-187.597	510.986	-14.5329
-424.37	-1023.1	26.0725
-80.4651	879.217	-17.2029
-583.551	-763.114	11.2875
-632.719	-886.699	11.8071
1319.41	768.996	-18.846
-1483.86	330.948	20.2757
-745.286	110.872	5.94311
-988.346	-1335.29	50.6996
604.247	72.1967	-14.5435
1156.81	-891.386	37.0669
-1160.2	-1111.09	43.7958
816.33	-1425.28	23.1282
-877.767	-1071.43	28.3045
-938.695	-1418.18	45.51
1313.55	821.696	-17.88
1059.82	276.06	-19.2881
-1419.29	-1145.46	43.7787
-67.6882	-1488.46	49.0038
-13.6089	472.027	-12.7303
1499.41	1063.4	-22.693
1215.23	-360.935	-14.0417
-1497.13	888.256	16.0349
287.367	421.486	-16.5593
154.446	1151.15	-18.9661
-822.2	893.93	-0.788205
-1268.52	1298.52	-10.8475
1023.33	-804.105	41.3163
588.64	1484.18	-24.337
-99.2002	-1094.09	99.2904
-1318.58	638.248	11.6288
-202.971	-1008.83	77.7163
758.112	-50.5762	-17.4179
-59.4518	799.203	-15.4996
-1391.09	-1301.06	61.9415
62.8343	360.487	-13.9464
-554.834	-1140.28	16.7951
924.351	1183.63	-11.6689
-69.4002	-1418.31	54.0955
997.578	504.739	-18.9154
695.42	-145.656	-16.2984
50.0772	1185	-18.137
-239.36	-459.052	103.416
948.744	159.309	-21.3763
606.702	103.018	-15.7208
-309.689	-1273.85	48.5731
-477.981	-819.676	20.8208
1228.15	-373.188	-14.4591
659.511	-907.601	94.2698
-475.071	1347.96	-18.5735
-206.664	-171.324	50.416
1153.31	1464.51	-26.7475
-938.072	1312.52	-16.8166
478.874	-71.0051	-9.78968
609.131	-2.14384	-12.6562
-564.191	-502.532	11.2738
55.8088	-417.86	61.9097
-1464.49	-718.022	17.4037
-883.896	149.685	-8.17321
1453.85	-1150.04	63.7268
1009.02	415.626	-18.5031
239.114	1388.29	-14.1559
355.365	-374.988	4.58936
313.149	962.928	-17.569
1448.96	1091.37	-21.7728
546.644	901.675	-15.7629
568.054	864.509	-15.9994
-507.414	-301.913	15.2594
1454.76	322.172	-25.733
389.923	-1408.55	27.9613
-388.682	-249.2	45.819
-1049.29	954.786	2.13928
1403.63	26.0865	-24.1662
1472.08	177.635	-26.9688
-1381.84	897.405	30.1434
-1185.46	-1321.61	58.0338
-342.382	-918.609	37.9332
-72.7313	-131.962	24.7866
903.906	-508.876	-7.5084
-856.862	717.45	4.61437
1048.78	23.6423	-22.3416
-222.858	1006.69	-18.1015
-1480.06	-97.4766	-1.2934
-932.147	-1034.4	33.3707
1476.33	-1376.95	88.8987
-763.225	-1330.39	37.4845
-1044.04	263.334	-9.18964
-433.346	-217.411	35.3967
816.439	-733.025	46.8576
1186.4	-660.138	-6.42601
280.81	-25.3267	-7.60808
-1055.26	288.594	-7.24899
1087.9	1158.7	-17.3131
-1174.41	-388.684	1.83802
-1448.6	-200.691	-3.24438
-311.452	172.363	1.70693
270.408	232.861	-14.8263
560.409	-990.809	89.9594
72.0358	1110.7	-17.6872
1486.3	143.753	-26.7537
535.781	535.222	-18.5508
-502.035	-491.495	20.4417
1200.08	-4.38616	-18.4246
-1105.49	-1465.65	76.3696
1247.78	835.747	-17.839
-54.1236	-879.171	102.755
-977.194	-624.716	8.94595
1235.15	-860.987	14.2346
-617.459	480.096	-9.04592
233.003	1315.39	-15.2824
-1468.81	-868.433	22.7008
1206.41	321.137	-20.3336
1391.31	-1110.51	63.9425
1125.12	56.2833	-21.025
850.633	981.893	-16.6372
1451.05	-1145.06	62.5042
-1381.9	314.843	14.6482
-174.457	-37.5344	22.318
-141.658	-1360.7	64.8455
426.576	1217.88	-21.7684
1368.35	765.665	-19.3374
-603.044	536.352	-10.6548
-139.936	-1302.36	67.4981
991.153	-757.108	32.607
-678.176	1293.27	-17.6093
-511.252	1335.84	-18.637
-1212.26	-237.752	-4.02168
-1475.9	-338.322	0.678386
-718.134	-873.47	8.96337
-986.164	-734.718	16.0574
-558.499	561.54	-12.5127
-591.186	-1372.84	39.0513
-801.19	157.589	-0.606749
1111.95	330.057	-19.093
644.19	778.881	-19.2222
-994.72	-642.613	11.3733
700.559	-789.576	78.0478
-158.041	-1007.3	89.3407
-1170.76	1287.44	-13.6242
-1432.72	1305.48	-6.29385
-1129.3	1389.58	-13.8016
-1203.72	-1490.1	94.1831
-436.05	317.172	-9.07573
-328.826	-1122.13	43.6566
239.378	-281.917	6.39905
159.676	-840.285	104.169
-1390.75	-1366.66	77.3181
213.526	992.945	-19.6839
208.411	-1127.93	56.7179
-399.633	1095.91	-19.4632
774.23	1063.74	-18.6571
722.84	-1250.38	31.8209
-265.394	1469.18	-17.1777
-1212.49	-810.127	25.6289
-914.19	417.086	-3.93105
-764.839	-631.543	2.21251
884.518	184.535	-21.7361
27.2584	-129.425	14.668
-1302.96	861.399	25.5323
525.712	-435.218	9.63725
-1291.27	-333.285	-2.69256
306.386	634.184	-15.5915
40.7406	-808.636	103.969
52.6555	-444.027	61.7741
-75.0983	-890.053	98.3511
-358.688	-1093.49	36.9871
1133.36	1047.61	-17.6127
-904.824	971.41	-9.0597
1202.02	-531.529	-10.0744
131.378	584.245	-13.8559
714.592	-489.133	6.46309
1289.73	1105.24	-20.0999
-1022.16	1278.31	-16.7044
63.243	1012.98	-17.2778
-1114.31	-474.669	3.02625
650.46	-512.208	19.0235
94.1361	1337.87	-16.5533
1102.16	-1483.35	42.7358
863.765	1397.62	-24.2511
326.765	438.796	-16.9235
-935.469	-727.367	13.0737
1305.11	-219.567	-17.6839
177.082	1495.61	-16.4865
895.146	719.538	-17.6066
-752.368	-518.493	0.672547
-644.122	826.471	-5.45118
-1359.68	1369.28	-8.6067
574.197	1479.04	-23.8031
1388.97	-1153.04	76.2499
-683.909	1069.2	-17.4877
-86.5864	-1223.8	74.4048
-1169.77	1453.3	-12.8911
465.066	819.905	-17.2529
-1217.62	-326.076	-1.16266
-1214.2	-1021.55	49.9777
1480.89	1261.99	-24.1019
1023.13	1452.92	-26.4761
-88.315	-732.329	102.882
-1003.23	-1386.23	55.5258
613.968	112.475	-16.2403
753.777	-698.214	45.97
-1235.85	-8.41437	-8.77237
-110.899	-487.233	99.2986
770.377	198.989	-21.7536
1360.21	-1431.59	92.0271
395.473	-943.529	110.488
120.606	995.521	-18.7233
-922.765	154.707	-9.15799
-778.312	590.824	0.727853
-153.894	521.821	-14.3023
717.509	-1171.47	39.1771
169.152	414.43	-14.7595
-985.794	20.9499	-9.23883
-32.4977	-228.656	44.6645
192.389	461.327	-14.6953
580.539	-1135.65	48.0404
-327.927	80.7006	23.5987
272.324	-52.1276	-7.33415
428.798	-765.203	97.5212
-71.2818	-742.734	102.805
326.408	218.204	-13.8627
-598.61	-1347.42	36.8732
1339.21	1363.88	-26.5393
-381.411	1016.73	-18.4627
460.879	-1290.75	31.9791
92.0825	-1335.61	39.9601
-1356.75	1140.75	-0.168022
-787.314	21.2325	-1.83075
-1477.02	-70.2007	-1.67915
1224.39	-245.743	-15.349
683.373	361.086	-20.0644
66.8567	613.389	-13.2985
1061.25	-1070.85	63.2461
389.648	1059.26	-18.4795
1302.06	-1483.01	71.4965
1087.87	-47.2369	-20.1003
-1427.38	1491.22	-7.71776
-1023.09	-1401.84	59.0374
-82.5175	1302.52	-18.12
139.943	-479.893	35.187
327.918	39.3377	-8.9018
-161.103	623.554	-12.7679
1058.52	874.27	-19.175
-1407.44	1373.46	-7.64177
628.895	-59.0768	-12.5073
-1013.38	1233.27	-16.0648
342.787	1233.66	-20.3178
-454.368	-1368.41	34.1602
508.42	-543.45	32.5174
-902.282	384.682	-6.51806
502.091	220.211	-18.0944
395.593	947.747	-16.0577
-237.409	-874.708	59.8436
-1017.79	1128.56	-13.7555
-876.493	-242.341	-4.86135
-1087.53	527.341	8.34118
-1039.79	957.693	0.941171
1289.19	-359.815	-15.2879
276.834	-1491.69	29.0867
1440.96	-1229.18	95.6934
47.3169	-634.332	78.0894
-763.463	-420.846	-0.15485
1338.91	-277.396	-18.0314
-822.382	-994.776	17.5029
-999.254	-582.796	6.07802
828.614	-521.471	-6.2492
-1278.32	-718.881	26.7077
-265.551	965.269	-17.4831
1121.45	-188.08	-15.5466
1403.14	725.88	-20.1272
752.927	-1371.07	24.7306
-923.821	278.61	-11.1279
103.713	506.024	-13.1693
-1046.31	1024.23	-8.1082
-1496.94	103.97	-3.29944
1172.06	-1144.31	75.7254
1280.53	-581.063	-9.60863
1482.12	825.211	-20.9661
1372.34	407.782	-22.9502
694.476	-797.466	80.2181
253.599	-877.443	111.587
1366.24	555.311	-21.6776
-1427.99	-1483.46	119.019
-734.85	677.352	-0.87365
-1319	477.502	38.2214
-611.975	-751.748	9.01969
-1337.83	729.028	7.02162
-1133.81	-1473.5	80.4437
757.518	347.585	-21.228
473.84	896.887	-15.5768
291.738	1225.78	-18.5269
-814.26	-1071.12	21.1053
676.791	-975.767	90.1086
-921.029	-80.6226	-9.23882
456.872	1383.14	-18.9546
-69.2975	-170.851	33.146
-841.787	-200.506	-6.26695
162.236	1177.41	-18.6163
1496.62	-1278.43	90.4316
-989.434	-529.274	2.83105
85.5262	-692.306	76.8608
553.743	-1072.92	60.8819
-582.18	-345.622	7.10203
-1166.03	-421.666	2.96726
811.967	-304.086	-14.1176
223.885	-154.38	-0.143896
765.097	-647.456	28.2856
-1133.65	-979.057	43.6395
1181.78	993.634	-18.6784
73.5288	468.778	-13.8298
816.333	1182.92	-16.2726
1036.83	-982.404	65.0282
1241.7	-1355.02	88.6449
-1081.85	850.629	14.5127
1117.33	588.823	-18.202
788.017	-82.1893	-20.0783
-1303.92	-335.572	-3.04702
933.058	656.601	-16.9279
201.417	-394.297	18.2948
1053.99	-895.599	59.8712
622.88	1456.02	-24.297
1217.05	-40.867	-18.2756
-1332.08	536.316	35.1532
1444.02	1323.26	-26.0532
7.75782	296.028	-13.6911
-278.969	162.698	0.644517
757.306	-846.626	83.1644
1219.39	1264.18	-19.5698
-875.123	14.546	-8.83166
825.483	284.13	-21.4533
654.77	-35.4566	-13.2869
1243.91	1420.19	-27.9286
314.963	59.1407	-8.98626
199.762	-509.457	27.4864
-975.669	-409.866	-1.85786
1277.3	-44.1175	-19.6228
1050.97	604.994	-17.4948
-1116.78	472.405	11.2339
-335.391	509.866	-11.9867
1495.87	-614.787	-10.6836
610.107	-1395.26	26.2736
-195.5	-678.593	102.406
1047.72	-1028.65	61.3851
-953.598	1267.33	-16.7881
-1434.23	-1383.48	87.3943
141.142	-325.095	28.0615
531.322	-44.5899	-10.5867
-1184.58	-881.242	32.863
-1002.41	192.229	-10.8766
-1495.54	112.013	-3.42344
-1468.06	-877.239	22.7766
913.322	1113.89	-12.0573
-245.57	262.958	-11.7842
786.191	241.454	-21.6691
683.309	-596.956	27.3525
-886.448	1156.38	-17.0473
-176.129	854.089	-15.1435
688.41	979.724	-17.3498
-407.853	-1139.66	30.1237
-1414.02	668.751	10.1802
119.764	420.364	-14.5326
-564.553	439.633	-10.1102
125.076	-269.849	24.0336
357.778	621.512	-16.191
-1382.52	1342.87	-7.5049
-657.518	-232.938	2.28122
1334.77	-831.518	-0.107551
-1054.38	-538.112	3.8571
1205.91	533.127	-19.9731
321.292	140.61	-11.0019
-1322.6	-895.795	43.4363
660.439	-876.448	92.1043
-537.402	742.578	-7.24625
-1464.52	332.137	20.7142
-832.313	-912.184	14.4412
-623.811	254.082	1.37064
1420.64	1099.84	-21.4648
-4.26903	-182.194	28.1353
-1397.58	127.86	-5.09153
1080.54	1011.44	-17.1737
103.985	-656.37	66.8785
836.968	1261.23	-16.5963
-205.418	-1477.68	55.7984
-251.583	-242.675	63.8661
106.907	-1474.51	38.9093
187.085	1008.35	-19.8957
-1407.81	-1132.93	44.7951
-600.047	-182.07	12.3332
-690.297	-243.31	-0.274296
-449.457	673.549	-7.55699
1057.95	-126.269	-18.0217
1374.1	25.7851	-23.5351
924.38	982.396	-15.6484
615.828	155.761	-17.9543
1079.21	-375.787	-10.1633
-831.238	564.118	2.52877
-974.415	-566.552	5.01664
-421.667	-456.752	39.1061
-930.162	764.191	6.35555
1221.92	-994.74	51.6663
66.6119	629.786	-13.7379
1136.39	634.133	-17.5612
-1396.59	621.867	13.6821
1118.43	-108.129	-17.6316
1072.79	754.218	-18.6628
629.424	-515.273	21.3474
-1062.4	516.093	7.7164
1104.17	-359.32	-10.6294
-1170.87	-1036.99	47.154
1308.82	68.8465	-21.7966
121.402	-1001.96	87.9297
618.958	45.537	-13.9755
-539.358	-431.209	13.9273
791.957	687.185	-18.2869
-510.451	-716.515	16.3842
992.014	977.87	-16.3529
-1019.39	-1491.2	63.4672
-559.063	-1164.44	17.3346
937.177	-578.924	-3.04316
-1372.65	-78.3086	-6.58186
-998.237	-480.183	0.916061
-248.342	162.765	-2.06959
-848.749	-1296.87	30.4941
-283.424	1303.77	-17.8067
41.0853	-1114.85	82.9343
116.783	-821.972	100.831
68.2802	660.745	-14.4677
1417.96	571.883	-22.4853
1446.57	-264.66	-19.8344
709.158	-826.155	81.9702
-775.012	1052.13	-16.546
-302.865	-1227.39	49.5467
-947.74	-176.923	-6.70314
-675.968	-367.589	2.11263
-236.427	726.084	-11.5417
-151.734	-703.098	103.124
-975.177	148.122	-9.84664
792.047	-131.798	-20.7196
1318.03	-792.61	-2.61963
1031.03	659.738	-17.007
392.645	397.305	-16.7414
-577.145	51.2975	30.6624
1258.13	-507.335	-11.889
-400.837	-630.704	38.3893
736.321	-1193.47	36.8428
-206.361	-901.62	68.4963
498.528	264.423	-19.4206
-1257.27	540.59	24.4153
-648.432	682.834	-4.27098
646.046	1373.21	-23.4027
517.019	-203.302	-6.33509
31.449	1272.89	-18.716
-309.768	955.313	-17.5105
352.175	-421.263	9.24862
3.45281	-1300.38	51.5501
918.558	1031.55	-13.9583
1424.25	656.953	-20.7867
-494.162	-138.405	33.5577
973.848	838.193	-18.924
865.521	-1006.02	74.9184
1390.18	-1116.63	65.8496
129.899	229.66	-14.5889
-805.543	1139.57	-18.2694
-726.882	1180.21	-18.0091
-1317.74	-1028.03	57.999
-976.847	705.11	3.78529
-923.375	-313.36	-2.52792
480.667	1392.64	-19.1078
-1117.68	442.829	9.32314
-660.313	-56.7209	9.86912
554.909	510.889	-18.1593
555.849	439.978	-18.3263
1247.72	-829.161	6.5913
991.431	433.18	-18.9438
706.396	718.383	-20.4262
748.93	1202.67	-20.1613
-907.874	-765.499	13.9231
-446.468	-309.215	30.2179
-716.15	-1136.02	17.7557
-1363.47	1025.03	21.6812
-999.228	1361.78	-15.6352
-489.334	1442.3	-17.646
-1380.09	734.692	8.22328
1286.57	436.791	-20.8416
-247.035	-1063.52	65.2434
-861.053	-331.219	-2.41004
160.815	1011.77	-19.6608
871.818	579.587	-17.4235
-736.335	-970.938	11.2276
-207.976	-248.129	63.3032
375.333	-1213.88	40.2615
358.945	-60.6445	-8.9852
-786.203	991.673	-13.7451
1043.52	1441.06	-25.7907
819.974	-770.642	60.1395
608.897	-185.894	-8.6131
-822.66	74.0365	-3.68317
465.395	-171.333	-6.86392
-1475.02	475.523	52.1688
-365.041	753.839	-9.93274
819.301	560.313	-18.5004
-535.067	606.701	-11.5873
211.846	984.791	-19.7746
379.246	604.987	-16.7833
26.3737	-470.94	68.9872
-89.073	-1256.45	70.7164
1210.89	1287.11	-20.05
-1265.56	1357.15	-10.808
5.70098	1220.12	-18.8316
-1410.56	-1169.93	45.7272
104.983	-1242.68	48.9496
-293.064	-375.069	84.5994
-614.637	-1320.75	35.1753
1052.01	-1138.74	71.2516
-1267.05	-1354.33	69.4279
-237.554	852.301	-14.7831
-710.514	-947.637	11.125
200.62	-297.266	12.7398
-1324.22	1077.07	7.03365
-362.909	199.25	0.0217168
249.467	232.423	-14.8929
-433.28	349.21	-10.1484
1405.65	861.296	-19.4157
1108.51	-282.58	-13.1883
-653.872	1232.87	-16.9965
1441.11	288.276	-26.0441
955.945	686.867	-16.992
-1130.08	812.457	13.6581
288.51	-770.82	90.3207
474.603	-520.9	26.6461
-334.229	155.687	6.05149
-337.505	20.6809	39.5336
-740.527	-1012.17	13.4281
33.9472	809.858	-16.7056
627.557	-1115	50.936
-107.873	774.661	-14.1162
-773.532	978.883	-13.1413
-1024.26	565.151	5.79792
-540.016	-1071.44	17.5097
-868.817	-1058.27	25.8886
556.659	-800.74	97.6715
1462.62	817.268	-20.0278
-244.606	-407.547	91.9614
-1010.6	808.16	7.20346
1048.8	-228.064	-15.5594
-293.034	-1450.39	50.9309
-1083.22	-501.373	2.99318
1238.07	-1446.13	73.844
-1480.72	1405.59	-6.36467
293.087	-152.176	-4.61308
-104.083	-72.9284	16.4581
571.533	-1415.68	25.5514
1431.5	18.5054	-24.8313
859.684	-1336.62	31.3671
-1169.76	390.917	9.62851
266.22	-242.194	0.828678
214.895	-1255.89	40.7458
-1171.45	-1429.03	80.0469
1366.91	632.843	-20.3736
1385.31	1109.19	-21.1837
952.155	1364.47	-21.6124
1118.11	-1306.72	71.8575
-800.311	1035.93	-15.8596
184.794	-358.407	22.6499
-134.215	-872.948	84.5462
194.007	-294.39	13.3645
-18.4103	-71.3701	8.51834
1011.39	-753.956	26.9848
1416.16	511.525	-23.5997
-1137.21	80.4551	-10.6959
751.265	-135.827	-20.4695
257.977	-1192.98	45.6725
-19.5737	-525.332	83.8094
-311.421	491.178	-12.2504
-1314.01	324.568	13.121
1403.7	1228.72	-22.0093
-1221.38	-723.756	20.5949
-545.16	-1305.07	28.273
-1044.99	-1075.43	39.7457
962.981	-956.186	73.6787
148.62	1342.81	-15.4642
83.4665	-696.882	77.8343
-561.234	938.778	-16.6552
347.586	565.971	-16.3919
-206.265	552.325	-13.0451
-300.616	-1067.16	50.2207
1160.02	508.698	-19.157
802.217	590.346	-18.2265
-383.382	-394.104	54.5209
-346.618	158.319	6.3487
-869.868	-25.4878	-8.56812
-631.928	-869.392	11.2302
483.514	-121.064	-8.31966
-66.1913	717.3	-13.7353
-48.7943	-37.1413	4.9866
-1431.83	30.2216	-4.91023
122.054	1143.47	-18.7112
1137.71	-345.236	-11.6748
0.752134	235.718	-14.0623
1007.62	-860.043	67.576
-987.408	-1083.03	39.565
-1460.49	459.935	50.7861
768.719	-809	77.2374
-1428.37	-795.884	27.2215
-1292.19	-668.578	23.902
-436.917	-176.266	38.5443
530.403	-1424.6	25.1526
-326.229	-924.192	40.3879
-336.768	176.873	2.46774
-1103.83	-1265.82	47.5218
302.032	303.31	-15.3074
-1134.75	-1172.39	43.0525
-909.158	-1011.04	28.9897
130.335	803.933	-16.9529
505.01	-637.864	61.6634
-47.8073	1251.31	-18.9296
153.67	194.062	-15.3304
-1086.2	884.452	15.7499
-536.417	-343.134	11.1455
1283.48	-1243.71	92.6895
-953.629	-903.713	27.916
-755.721	-548.773	1.19618
1227.98	-210.868	-16.0618
93.1455	-1183.68	60.0087
322.45	-767.983	92.0283
-124.759	-525.906	107.889
-1076.86	1332.95	-15.3855
-13.4793	272.473	-13.8174
314.508	-880.393	117.882
-1132.45	-1381.16	67.2147
-1123.33	-1344.85	59.2904
-185.525	-468.828	105.229
679.038	332.307	-20.5441
964.176	-597.698	-1.90391
1421.74	-1345.24	95.0222
215.458	-1496.35	32.7525
-1140.36	-335.104	-1.50883
-99.8224	-844.523	94.2979
945.208	-659.032	9.76855
930.594	516.832	-18.4919
1335.78	-1379.76	95.0314
771.066	-984.253	80.7922
-327.262	911.89	-16.8812
652.377	1262.1	-21.9023
1164.26	-1088.24	68.9093
1452.99	884.252	-20.5622
293.947	-899.954	114.095
1346.34	-965.229	20.1475
-1331.59	-595.608	16.9158
576.532	890.481	-15.4983
620.704	277.567	-20.7536
-812.967	874.066	1.20311
-807.919	127.961	-2.20784
1209.64	1454.05	-27.5131
-1023.43	-370.84	-2.40077
375.47	-146.478	-6.86874
-1166.11	-81.6315	-4.97036
748.085	-504.152	2.31998
54.2474	-718.729	88.7152
-737.155	1182.6	-18.181
-497.137	-360.53	19.5379
149.722	19.6801	-5.67551
-586.047	792.056	-8.3118
498.985	371.808	-18.3378
-504.475	448.191	-11.3695
1480.66	930.126	-22.2593
213.828	-566.276	33.5605
-1465.03	807.301	10.0833
141.966	1182.22	-18.368
-515.393	455.876	-11.388
6.03909	219.995	-14.6239
-883.641	-1138.61	33.8772
-608.893	-431.615	6.67928
361.188	255.145	-15.3768
182.53	-1135.57	55.7281
-660.419	351.479	-6.10654
-1245.21	-1392.85	78.5297
116.401	47.3641	-6.92392
-307.084	495.031	-12.2717
31.8015	-432.404	68.3636
-446.157	81.6633	29.3618
-1031.56	124.4	-10.6332
-1462.73	402.462	42.271
82.7814	336.286	-13.5172
-771.939	608.595	-0.277034
1044.78	518.944	-18.6968
-1425.28	248.645	3.10454
-851.201	690.344	4.30667
1079.89	-683.164	3.66334
-1076.41	-1106.53	38.9542
1216.83	129.677	-21.7728
-569.974	-970.816	13.9936
1.96428	-261.619	47.8493
672.886	-110.011	-14.7376
126.785	1263.24	-17.6062
703.702	-56.2838	-15.8169
613.12	373.777	-19.0164
1499.47	215.656	-27.9689
-468.676	170.658	14.9499
150.075	1066.92	-18.7958
-662.965	-1158.79	15.5
148.083	113.208	-13.3108
10.9454	-1448.95	44.9477
537.227	1216.94	-22.4726
96.5121	-665.448	70.0476
872.749	204.114	-21.6158
367.426	-428.171	9.15491
771.257	-1310.02	28.3353
1211.61	59.3253	-19.3684
-58.1118	1188.45	-18.3914
-1200.57	-1057.72	48.7927
-1488.41	-1429.9	110.697
-229.692	-429.177	99.1921
99.3607	814.948	-17.1992
1487.97	747.759	-21.1926
-889.026	1120.44	-16.9454
-990.04	105.017	-10.0325
-650.72	-1328.65	38.679
1255.36	-531.571	-10.9423
-1457.69	931.669	23.5092
-118.077	1090.29	-18.3257
1326.94	-1348.07	94.9657
-1488.12	-868.145	17.4395
-368.607	526.864	-12.1156
406.508	1115.72	-20.2197
-71.5252	-280.89	63.3019
-289.737	304.942	-11.5483
-632.467	-866.659	11.115
490.487	78.8089	-13.1598
497.737	-164.951	-7.25608
807.658	-918.556	84.0478
-548.89	-1269.48	24.9842
-219.548	-1273.57	66.2318
-506.873	-280.82	16.1322
1146.58	435.618	-18.9822
245.139	-639.577	47.4567
-1309.84	-918.64	46.5936
-358.333	-456.602	64.0029
-525.382	36.934	39.9101
287.502	-666.532	53.7271
-1253.66	-972.224	47.3873
-340.163	100.152	19.213
-947.21	-488.106	0.298002
1013.96	-235.827	-16.5591
1154.12	-241.198	-14.474
-405.054	186.648	5.8698
-2.1597	-400.857	75.3959
1263.77	978.648	-19.3405
577.126	1284	-22.1169
803.929	1277.49	-18.2793
1108.52	-48.1461	-19.7982
-1063.45	-316.999	-3.04119
864.745	-1013.98	73.7478
-753.728	-835.808	8.48787
212.514	627.952	-16.0487
72.9783	994.752	-17.6693
820.549	742.673	-18.3267
1268.44	-409.604	-15.1365
804.531	703.925	-18.1167
976.523	-44.1481	-21.7371
-585.845	-797.049	11.294
-496.307	-637.8	18.0471
1397.7	794.556	-18.8941
607	690.269	-21.7934
-282.553	140.906	3.86649
401.521	-889.359	120.02
-141.78	186.959	-11.297
-1084.37	-608.583	8.17019
1416.52	169.763	-25.0357
-389.648	887.658	-17.6639
1161.47	-836.303	25.067
-1021.27	-379.208	-2.16231
898.125	-315.596	-14.5143
1270.26	1206.75	-19.8779
-764.93	697.849	1.2348
1100.61	-938.202	56.0169
-699.023	876.396	-6.88792
496.02	634.86	-19.5434
-616.215	-918.564	12.2375
-638.078	-724.355	7.14992
-944.081	-745.892	14.6845
-813.893	911.309	-4.13473
-1083.95	-568.851	5.38453
-258.892	97.9771	10.1736
-1165.58	1316.62	-13.4571
-814.825	625.213	0.270436
-731.022	1286.27	-17.9749
-1422.75	-117.406	-4.47129
1121.53	-407.533	-10.1519
1398.41	1348.91	-25.5636
851.053	692.619	-17.7433
1413.88	-1112.67	60.565
-1420.22	-126.492	-4.65403
-875.736	-1110.49	32.0014
-281.024	1426	-17.2419
976.837	-381.212	-11.9428
-741.007	-56.5989	-0.396556
-431.027	412.195	-11.4952
417.305	-1124.63	54.6912
-488.711	-1488.28	53.5538
-925.473	-74.1713	-9.38932
-211.168	486.62	-14.6074
1495.47	176.222	-27.3018
415.86	-1198.2	40.1928
-821.941	-1441.75	43.7023
-569.499	120.041	28.5799
1015.74	-543.183	-4.70546
710.345	1242.67	-21.6599
967.718	756.366	-18.1877
591.25	-1244.99	35.2454
-477.373	-851.376	21.1685
-205.513	-659.91	102.843
1069.76	556.219	-18.1428
-1124.76	-517.79	4.89727
44.9755	-348.94	56.2729
-487.286	-991.84	20.9485
-807.134	103.386	-1.84701
-923.715	1025.06	-13.6728
989.838	677.225	-16.951
504.292	712.288	-20.8156
748.994	278.694	-21.8545
1466.62	-836.838	-4.95358
-1312.33	-501.327	6.9673
-610.119	-526.391	8.40767
1265.84	-347.676	-15.5255
881.457	-687.52	21.68
-1387.01	1290.65	-6.67733
449.595	747.763	-19.1145
101.947	1114.19	-18.0806
901.36	1494.88	-24.4808
-104.948	-626.151	114.047
996.474	-474.276	-8.1658
-155.413	-564.689	117.976
-503.679	988.834	-17.9659
-115.714	173.109	-11.8804
-1075.78	-1038.54	42.9763
193.196	905.085	-18.7312
-669.687	-789.578	7.06557
849.247	-1047.24	68.5945
-1358.67	1333.28	-8.19718
710.401	-435.366	0.593002
444.79	541.005	-18.311
-1474.86	-238.431	-1.35892
-1333.16	-1301.6	60.938
-1211.64	628.623	9.59932
1290.51	-1131.56	83.1181
-118.88	568.155	-12.9297
1001.29	-105.261	-20.0131
321.331	847.819	-15.8868
360.46	970.204	-16.4441
741.083	480.151	-19.7268
719.669	80.5109	-17.4315
-587.927	-1135.74	14.9695
1376.1	1060.73	-21.3002
115.087	1320.72	-16.3151
-1106.73	-1134.27	39.6566
311.051	-1272.99	36.8416
-607.639	1413.27	-17.3687
-1374.12	327.559	17.7293
686.293	-151.547	-15.2866
-1459.4	-574.664	11.625
-191.388	-548.28	118.883
-789.947	1029.91	-15.6994
-1485.3	-227.756	-1.08063
-953.95	-1497.57	50.4515
1430.58	-1070.42	37.2899
899.691	563.255	-17.4568
272.908	611.367	-15.883
-1072.91	-1100.88	39.214
-1345.48	-203.486	-5.75428
1477.65	-817.39	-5.92268
893.031	908.128	-18.3337
-1031.4	-213.828	-5.55114
-172.984	-1030.54	86.8556
279.309	-443.466	15.0635
-607.64	606.666	-10.5671
-935.321	126.203	-9.3168
397.526	-383.525	2.88629
-315.865	-1490.28	53.3986
1246.16	-519.198	-11.2811
319.183	1300.97	-17.3393
489.326	-287.705	-3.11206
-431.869	-285.501	34.249
635.799	549.841	-18.2351
343.223	-731.408	80.8558
1251.35	1385.39	-27.7662
775.395	-919.075	86.1774
-1002.56	-1398.38	55.907
198.677	5.9277	-4.96428
-778.464	-1307.06	34.5252
-1319.57	16.1565	-9.17528
-680.098	849.167	-5.00127
-63.9732	1035.96	-17.0768
12.5558	396.497	-13.8243
-958.658	556.299	4.47809
1492.19	969.51	-23.1923
50.5452	-986.237	98.1704
-1202.95	-661.997	15.4263
927.037	919.817	-18.2069
-1423.14	456.68	48.15
-48.2722	-506.526	89.9678
-953.369	171.898	-9.64977
-1257.51	1476.7	-10.6959
812.663	242.062	-21.5834
13.639	-944.781	102.929
509.266	835.377	-17.0048
-1225.07	1386.68	-11.545
17.0013	-1370.22	46.9227
575.508	361.083	-18.9171
445.538	993.638	-17.1034
293.676	62.1028	-9.0393
-1267.66	85.2655	-10.8496
-1371.36	-1184.65	48.6012
-801.59	-1032.45	17.8303
1291.35	-1066.08	64.2993
-1325.88	1234.25	-7.50776
867.289	162.012	-21.7229
1135.68	-968.185	54.2063
1487.35	1390.51	-27.5597
1214.3	-146.314	-17.066
-1322.45	345.251	19.4547
1370.72	-616.476	-9.19108
66.0248	-352.581	51.0483
553.751	-844.098	104.872
565.397	-365.192	1.57066
-1.39051	-62.6097	5.15118
1335.72	225.347	-24.0252
568.75	-1332.42	29.8257
-104.441	1087.8	-18.2157
-797.24	498.411	0.157455
1116.2	374.982	-18.8176
-906.866	-1461.96	45.1678
1353.55	-1048.88	50.9861
1434.82	250.001	-26.8232
614.52	-1124.79	49.6613
-939.868	795.681	8.75719
-996.338	-980.527	39.1546
297.821	-554.942	26.2292
1475.62	190.568	-27.2219
1025.14	-91.3969	-20.0694
-850.635	1177.67	-17.9425
-817.993	877.536	1.1894
-67.9066	-995.862	102.342
1039.5	-695.993	8.76171
-67.0865	1431.73	-17.252
-1230.44	1360.57	-11.5508
-160.482	1043.71	-18.56
978.59	-1353.3	43.9631
1348.24	1374.15	-26.6217
-1440.89	-332.754	-1.35116
-285.828	383.253	-13.026
-1297.76	337.792	15.8132
-1405.99	-924.867	36.481
734.207	942.195	-16.4162
-187.607	1231.09	-17.4994
998.194	-1260.4	62.0862
-477.083	560.762	-13.1162
-1255.43	-5.21575	-9.2159
1053.89	909.677	-18.6194
-612.164	-1443.68	48.1126
-986.362	-98.9219	-8.54159
-897.854	-1099.05	33.4058
-1494.64	824.154	10.5645
1475.05	940.162	-22.2857
-752.653	-40.6615	-0.268166
449.86	848.277	-16.4875
971.48	-686.388	11.966
538.906	-228.254	-5.61596
-374.104	153.616	9.65778
512.016	819.243	-17.4343
823.852	669.254	-17.7804
-394.484	711.962	-7.59594
864.548	762.509	-18.64
-131.212	1378.51	-17.8262
569.917	-1381.35	26.9697
1240.55	116.644	-21.4769
-38.8609	209.392	-14.3339
1046.56	-803.687	36.315
1472.71	-25.0229	-26.43
-409.398	1340.9	-17.9344
1499.45	-55.3222	-25.3649
-727.358	970.492	-13.5411
942.92	1403.1	-24.2031
-1439.31	-1353.11	79.2205
-1397.47	-1361.13	76.1983
-42.8346	-1241.42	65.4008
426.008	1251.03	-21.0424
588.302	-1106.48	52.9951
1277.14	1367.68	-27.2223
612.29	591.159	-20.0871
755.812	251.5	-21.7961
116.429	887.295	-18.3917
1187.07	-1407.85	73.6905
-381.018	890.977	-17.6372
192.261	-372.185	21.185
-69.6101	-1258.88	67.3598
161.784	-1150.43	56.8119
-1089.17	508.009	8.92356
-1397.47	566.828	29.8365
-675.044	-693.33	5.00331
-913.871	39.6486	-9.03356
-388.58	1136.04	-19.6601
-1402.63	-41.6034	-5.31212
388.094	24.3829	-11.0824
1343.38	-981.195	26.9942
-329.419	-1234	44.6306
980.382	-574.419	-3.4585
-1278.28	-259.07	-3.98685
-1277.83	662.436	8.35533
910.505	-561.83	-4.06743
1359.31	-491.199	-12.7965
296.134	-388.61	8.92792
-1256.68	493.291	27.3566
-171.625	-593.367	120.018
-1492.4	95.596	-3.37836
-634.936	540.426	-9.23202
1065.85	-744.179	13.7686
1208.84	-660.038	-7.38292
298.589	-248.552	0.187872
543.951	-386.652	3.93836
1124.92	713.501	-17.7986
-1118.97	336.997	-0.926861
1123.05	-703.55	2.79555
-599.536	-1322.77	34.0925
1276.59	-1100.68	73.0798
760.998	985.166	-17.9456
-449.915	750.514	-8.73154
819.133	-903.894	84.8235
-1164.31	-1037.56	46.7103
-1.36657	-35.415	0.0857838
1463.58	975.908	-22.6155
521.304	369.074	-18.6721
1256.22	-1139.68	84.9018
-693.732	253.047	1.62439
-1373.89	3.81074	-7.12662
1000.13	750.586	-18.0538
116.132	-894.083	100.908
1168.96	1238.47	-18.6979
1399.49	-1099.17	59.3586
204.024	-237.935	8.07841
-50.4047	-968.138	104.586
606.159	1488.76	-24.8523
890.309	-1341.6	33.8432
1348.69	-1242.94	100.607
-1154.05	-879.3	31.4851
-1170.92	684.118	6.40647
64.7051	-215.626	27.9252
-629.216	1220.89	-16.7548
994.303	-821.569	54.3748
1365.68	3.45178	-22.9543
1048.79	-334.982	-12.6182
677.839	-354.243	-5.84032
-536.444	-31.361	37.679
-38.7427	198.924	-14.1916
-89.8471	-1211.31	76.477
1200.76	-1079.9	70.2458
-244.343	-1360.3	61.0705
354.511	811.323	-14.9626
-291.806	-117.09	59.4711
-507.85	798.508	-11.66
1396.69	-700.429	-6.81535
655.571	618.729	-20.3507
1090.13	629.663	-17.3845
-974.598	-1363.1	49.3086
-679.906	-673.79	4.63056
1380.88	-1089.69	59.914
1337.3	-1449.81	84.7912
-1274.82	-860.721	41.019
1499.63	-1378.73	86.0537
-1119.16	-77.1374	-4.98792
-227.157	-266.486	64.2393
1173.36	-392.01	-12.3547
635.214	1197.63	-22.3212
1457.45	64.6681	-25.1964
1095.98	66.6631	-21.6595
498.839	668.971	-20.2147
953.352	131.202	-21.7396
513.782	-934.317	107.476
-120.435	-1051.77	101.07
-207.446	335.687	-13.5601
1353.88	-1441.26	88.8194
798.64	667.172	-17.9403
-1436.46	-1459.07	112.429
683.887	1452.56	-25.5437
546.877	-1351.18	28.6404
1479.86	325.869	-26.4598
912.142	628.573	-16.8667
846.964	-759.792	54.196
-1102.95	1470.64	-12.8971
-431.674	-1012.11	25.5003
938.321	-621.002	3.90121
491.082	-175.423	-6.84418
-1013.84	-319.452	-2.73945
927.179	-263.696	-16.4375
270.742	984.07	-18.5043
352.896	478.065	-16.8818
-1429.92	256.716	3.69963
934.693	1166.78	-11.7265
-885.023	145.498	-8.20633
-265.438	-250.941	64.3766
-882.135	-576.24	2.33208
308.281	-17.1973	-8.45361
-1366.35	-602.605	18.2537
-929.318	-916.263	25.3367
1358.48	-1163.57	84.6875
-233.508	1233.07	-18.0373
-290.402	1093.94	-19.8323
-245.956	-1463.09	54.0281
-842.479	-794.462	10.4392
1487.36	-345.017	-16.1948
1026.97	-323.523	-13.8498
-569.204	1483.24	-17.3714
-12.099	398.583	-13.5225
-607.708	-1187.37	17.9104
-694.206	-452.809	2.57168
695.454	88.1267	-16.9551
1192.75	-679.563	-5.87279
190.07	834.397	-16.6906
100.779	-887.971	102.675
903.212	165.722	-21.7732
-783.918	23.5323	-1.49425
-598.217	-792.157	10.4106
435.999	852.659	-16.303
1481.05	-158.866	-22.172
1048.5	660.961	-17.0369
-1419.38	-764.999	28.4018
-1248.57	1483.8	-11.0111
-1270.43	-1099.37	52.0721
-375.628	-1408.33	39.598
-927.981	-1266.42	40.5575
592.707	-123.195	-9.23662
-772.342	-1056.97	17.3402
1384.53	22.4767	-23.8277
1174.11	-930.619	40.6795
-422.324	-1210.12	28.1073
447.678	34.9509	-12.8225
-578.904	-411.838	8.42032
794.934	1151.76	-17.7452
31.3201	441.583	-13.6723
-836.513	920.99	-3.69974
-466.062	-76.9304	50.2865
271.189	-267.23	1.91358
580.019	612.366	-21.097
-300.833	1482.05	-16.7808
1183.95	1412.39	-26.7321
-1215.07	-1294.55	54.0436
1026.8	1232.62	-17.3434
-752.863	-340.56	-1.42624
-404.539	340.294	-10.4647
336.523	1119.71	-19.5148
-243.11	-1334.44	61.7755
-711.09	1389.28	-17.9887
-1320.29	734.379	6.82
-1493.78	941.374	20.3444
-499.961	657.956	-8.30587
1304.26	-802.575	-1.546
217.373	-451.997	20.7131
-924.792	242.489	-10.1872
-690.953	-208.846	0.516561
-1013.31	-1027.6	42.5943
839.075	-6.44049	-19.1152
-1036.17	650.209	5.69442
-510.508	-1287.91	25.1859
-1469.64	-895.274	22.1699
-1095.53	245.165	-9.0551
-101.918	1041.21	-18.0142
863.901	1389.28	-23.7015
669.365	-1401.94	25.2782
1153.93	-3.84002	-19.3325
-568.133	606.1	-11.8847
906.768	1398.38	-24.0792
-552.547	-983.413	15.4696
-993.768	-794.128	19.3179
-528.889	1104.73	-18.2417
-338.81	773.087	-11.8315
-1066.85	-1139.89	36.8537
-1340.7	-745.913	32.2877
225.128	360.03	-14.9657
537.118	1027.91	-18.5736
918.611	1053.72	-13.2517
-1181.64	881.463	16.9027
35.9882	663.201	-14.3755
-1359.09	1218.07	-5.53836
1404.79	194.093	-25.0236
1466.31	-1229.48	91.5438
-1096.44	-281.726	-3.71231
1068.45	-929.336	61.0342
-1082.56	33.2983	-8.27442
-791.297	1101.08	-17.9685
373.501	356.725	-16.4005
-861.106	83.8056	-5.78353
646.671	99.4316	-16.3527
-1128.45	-1215.54	43.2912
116.876	926.05	-18.6601
400.3	1021.83	-17.5122
567.083	-296.927	-3.54281
1174.26	1003.19	-18.4861
190.531	621.76	-15.5913
131.87	-1223	49.5488
-626.551	-437.293	5.5672
1167.71	1044.3	-18.1678
-1330.97	956.204	33.4472
-164.002	-625.093	113.542
-826.129	-374.713	-1.50829
-1462.59	303.48	14.3953
1329.84	-246.359	-17.9319
-89.9024	-979.355	98.8056
-723.978	134.099	10.3944
1430.01	410.813	-24.6457
879.864	308.512	-20.6152
236.206	66.0798	-10.2929
-375.414	-543.327	52.9309
183.675	-839.266	103.847
894.692	-1416	27.4159
-1199.28	-923.935	39.5817
969.697	-935.412	73.7023
657.438	-732.021	70.5113
-264.265	-16.2464	37.237
872.301	-531.118	-5.98107
-26.9266	-0.592008	-0.202239
148.021	1414.62	-15.2702
-1389.06	-431.526	-0.365575
-1453.83	788.165	8.72847
1081.02	1424.04	-25.6511
-38.1591	30.4901	-0.735579
-1246.08	-1242.02	47.3533
1121.54	358.69	-18.9828
964.46	-1216.47	62.0689
972.87	25.3127	-22.4479
1198.82	-1474.91	58.031
-481.412	4.71593	48.3382
-406.622	-727.214	30.5663
-574.995	1103.38	-17.9069
-188.127	661.699	-11.9466
-329.142	-1251.53	44.7677
-1151.4	1152.04	-7.48469
-206.559	1199.94	-18.1841
-348.504	1191.69	-19.738
788.813	-324.201	-12.995
633.345	338.163	-19.8491
1155.91	387.293	-19.3709
-167.949	-996.292	86.0085
-226.361	159.081	-3.51987
1370.79	103.685	-23.978
-610.344	-341.028	5.56733
605.953	250.628	-21.0032
604.758	-68.3718	-11.8645
-397.535	-1430.66	42.9649
-17.2574	1337.15	-18.2538
-919.049	1211.96	-16.7796
-422.912	1234.5	-19.045
-167.571	-512.604	113.051
-43.556	934.597	-16.8146
-165.624	978.618	-17.8928
175.882	1168.29	-18.6997
-1355.25	1390.91	-8.70944
918.694	276.087	-20.5706
275.428	-308.907	3.83844
-375.567	923.857	-17.848
-571.342	-508.614	10.7339
-1209.41	-173.659	-4.55545
-651.372	1418.49	-17.0496
-812.428	-71.4467	-6.24886
339.274	126.166	-10.9431
-964.25	1080.37	-13.8838
285.922	-1045.06	76.6002
204.813	781.716	-16.273
294.623	-1382.03	31.9174
1405.42	-1430.33	89.0516
-1255.17	789.738	11.5957
-535.942	-1350.42	32.1624
-294.544	-1080.19	52.0398
93.5464	236.719	-14.2988
-1132	-648.996	9.14062
376.576	-826.096	113.425
145.823	-96.7202	2.09218
-1220.41	751.13	8.4638
-213.235	328.843	-13.329
1246.64	248.75	-21.8476
1118.16	-1211.19	74.5942
-1143.85	1310.3	-14.133
-426.495	1161.26	-19.4576
960.752	-1333.12	44.0803
-452.543	460.311	-12.0635
1488.75	227.94	-27.9972
-20.2673	233.216	-14.0877
-688.805	1199.99	-17.5844
1364.21	109.527	-23.9228
-600.748	-855.444	11.8701
104.053	549.366	-12.4675
1082.34	-366.649	-10.3103
655.967	-650.113	49.7203
-732.986	-470.499	1.19664
1157.02	-621.418	-6.09329
611.126	-1326.14	30.3547
-624.531	-473.115	6.43665
-1165.69	42.2629	-9.8608
192.025	1403.28	-14.5227
732.203	344.41	-21.1121
-421.249	211.851	1.77016
-1340.84	-569.884	13.7978
1197.01	1110.01	-18.6565
921.374	478.585	-18.6007
832.771	561.001	-18.3636
773.321	-233.59	-16.3709
26.1927	723.31	-16.0366
-398.172	-1373.46	35.4703
1161.56	339.886	-19.706
370.248	910.567	-16.1059
549.267	120.399	-15.0944
-197.155	1397.35	-17.4215
-1466.95	363.196	29.2273
794.268	-538.374	-1.55941
-1406.89	-1400.84	88.7325
-721.096	1210.14	-18.1172
1063.05	-1382.38	51.4243
-1466.03	1368.73	-6.53421
1062.53	-29.7282	-21.3143
-73.5739	50.6148	-0.559146
885.359	334.546	-20.2937
-160.275	832.355	-15.0239
-1288.06	1313.66	-10.3701
-776.666	-1192.12	25.3137
5.50036	1108.87	-17.2221
-239.507	-1097.53	67.8774
830.199	1015.03	-16.5466
906.769	197.723	-21.5047
24.8014	-352.797	63.2739
-1240.98	790.562	11.8297
289.126	829.435	-15.6547
933.248	-1064.72	67.6457
183.801	-1348.23	36.0087
1494.84	-1429.83	81.7819
738.395	-1293.97	28.5847
-935.154	-511.224	0.668566
1472.22	400.099	-25.956
1351.64	1403.82	-27.2261
976.622	151.423	-21.3383
-928.38	-1380.39	42.6204
487.007	1365.86	-19.4979
-345.733	-671.625	53.6658
-449.48	404.762	-11.2006
182.635	463.12	-14.5971
989.701	1409.99	-24.6824
838.149	629.522	-17.4314
1337.49	881.769	-18.5865
-239.632	1461.71	-17.4315
805.202	-73.6434	-19.7903
1043.17	-645.004	1.28009
-1118.63	943.268	8.16889
-759.656	-481.845	0.081679
331.716	636.869	-15.5078
155.622	-1428.33	36.5153
1392.72	1444.69	-26.2426
-1061.18	699.922	5.93518
711.151	902.968	-16.6653
-814.866	-1304.38	31.8449
567.062	765.251	-20.0078
-792.585	971.415	-12.5225
-1117.48	248.512	-8.48531
-125.442	58.5769	1.96065
-885.908	820.823	8.37074
716.389	-1165.57	40.0469
965.813	-554.371	-4.61709
1433.58	912.441	-20.6372
-622.435	-1365.91	41.3889
723.597	-431.696	-0.952678
-183.793	-792.798	78.8294
-999.282	-314.563	-2.73612
1100.05	1375.91	-24.1029
-210.015	314.363	-13.1643
1253.96	1013.69	-19.4333
1085.2	834.686	-19.0314
1431.64	-161.015	-22.3568
-109.162	1383.33	-17.8718
255.156	-942.49	104.089
-933.577	-917.821	26.04
-1301.07	-1418.92	86.7968
-1099.35	507.65	9.39419
-1167.84	1275.76	-13.8312
-802.502	-1226.65	28.9911
849.955	566.016	-18.0538
-1428.39	76.65	-5.38015
488.962	881.654	-15.8472
-226.348	1136.55	-19.0549
-152.795	19.8154	8.6986
-810.268	11.9741	-3.99607
1105.39	149.044	-21.1348
1389.39	-1474.62	80.8806
5.31521	1106.61	-17.1519
1006.46	-495.396	-7.17829
408.639	364.051	-16.9527
-900.843	812.128	9.19132
-1019.43	531.777	5.87691
1212.17	415.215	-19.6395
-135.1	-727.605	101.968
-711.423	1117.46	-17.8613
-1342.45	-915.273	43.386
-238.667	197.72	-7.58462
-384.465	336.508	-10.5822
-955.672	-1182.41	39.1349
-402.546	-1454.14	48.3398
1059.16	-1276.82	68.6138
-588.639	-75.4659	24.6214
-1430.61	913.677	25.6438
233.912	856.001	-17.1932
-815.028	-636.875	2.45175
830.152	847.11	-19.0179
-158.951	-744.858	94.4131
-1193.41	-1349.6	64.6812
-934.097	755.952	5.68519
-1219	-992.59	47.2934
-642.846	850.662	-8.04264
-886.926	-1414.37	40.9222
25.2945	-987.793	101.867
-600.794	-396.525	6.65426
-1467.91	1388.16	-6.5986
-651.844	-172.877	5.73331
-285.518	1349.24	-17.5434
922.647	-1423.32	28.361
1362.49	-270.255	-18.6851
415.295	-219.747	-5.01384
-1308.05	53.1281	-9.76343
-477.099	172.165	15.1545
647.075	160.244	-18.7448
1288.91	-1438.33	84.5214
785.239	1155.73	-18.2122
-61.166	-249.431	53.6896
-1428.45	-216.672	-3.98958
284.966	-844.092	109.411
-152.019	-1175.7	82.3904
-1069.88	-181.872	-5.93164
-402.027	-1354.14	35.0928
769.059	1368.39	-23.3464
-1393.77	-128.663	-5.92558
-468.217	-5.54592	50.3712
771.547	-259.677	-15.1236
-91.357	1236.97	-18.6284
-1442.27	49.1228	-4.68111
-767.663	1269.22	-18.4151
-241.655	-25.156	33.9463
-1242.92	1165.44	-4.20299
1279.81	1150.99	-20.0268
209.311	77.678	-11.1576
362.531	964.947	-16.3824
-322.901	1312.43	-17.8805
-871.504	-79.6448	-8.83732
-280.283	1421.16	-17.257
1317.55	683.2	-20.2349
-90.3435	-1341.33	62.0862
1068.3	1039.57	-16.7166
342.41	-1270.67	36.2613
-875.814	649.744	3.84423
-1282.12	968.48	26.0686
-692.203	618.431	-6.3715
-693.492	-1337.99	40.5527
-220.398	-1333.31	66.2974
1024.81	1467.52	-26.5818
990.477	182.832	-20.8144
-989.682	546.76	4.96727
1396.15	963.609	-20.4762
935.482	466.365	-18.7969
-26.3876	393.829	-13.3745
32.062	1372.85	-17.4771
-127.442	-1051.33	99.7851
168.128	-75.2925	0.595758
-738.226	-712.956	4.27085
317.795	-645.413	49.2511
-1267.8	205.787	-6.97248
-1056.89	-456.406	1.0524
-1408.22	-581.267	15.3504
-179.275	954.154	-17.5179
280.57	-228.646	-0.326701
73.3984	-447.445	55.2627
1438.68	502.241	-24.7071
546.745	-1129.01	49.5548
-1260.8	-1483.82	97.0139
604.361	905.99	-15.4689
-305.92	519.99	-12.1141
-548.055	-213.403	17.9061
-1451.82	1122.56	9.78521
1230.91	441.876	-19.7731
1146.52	-505.152	-9.22349
-167.027	-1147.52	83.8483
654.296	779.311	-19.2156
-558.38	-367.393	9.10664
178.583	293.849	-14.005
-422.123	-1379.96	35.3734
278.871	559.009	-15.9737
-1196.74	1148.84	-5.05804
1270.91	-1396.46	90.2469
812.522	951.703	-17.397
-837.533	-132.894	-7.18211
714.615	-1162.27	40.5384
-550.042	426.439	-9.76457
-1378.02	-1445.38	99.4255
261.773	-226.464	0.186041
302.797	-698.909	65.8297
-365.161	-1039.48	34.8241
445.735	-1184.56	41.9235
1308.9	1475.87	-26.8924
-293.656	-1469.71	52.9227
-62.2621	1066.56	-17.3379
-726.893	-685.112	3.69234
-478.509	-199.495	27.8417
1497.58	939.096	-22.8824
-1343.38	-413.183	-1.6134
133.403	863.201	-17.6958
-372.242	818.018	-14.5658
1122.54	891.33	-18.3001
1371.21	672.171	-20.5185
-679.977	-343.253	1.84673
-1413.46	-488.644	4.48692
196.001	-774.01	84.964
981.962	-943.446	72.808
524.751	-1362.74	27.9977
54.131	959.701	-17.4177
831.984	-460.439	-9.40327
519.816	378.955	-18.6265
1296.81	-841.047	2.3668
669.46	1064.27	-19.989
-115.338	712.886	-12.4063
708.793	-888.067	88.9634
853.846	950.571	-17.6055
1094.76	498.137	-19.0046
981.486	1386.42	-23.0873
507.099	1270.37	-21.2963
167.972	-976.613	90.3569
-786.08	1235.61	-19.0175
-970.258	978.266	-7.76343
258.551	696.893	-15.9336
619.914	-625.884	47.8145
239.426	304.023	-14.6948
1064.09	-27.1609	-21.3659
468.39	1016.58	-18.1493
300.015	850.541	-16.4476
-764.544	304.335	-7.01721
769.668	-214.015	-16.9971
-450.446	1017.86	-18.8467
905.219	-1150.23	60.6967
1464.63	-1295.19	96.8043
-671.802	-403.803	2.68702
-454.954	-1453.91	48.1545
576.058	-999.626	86.926
1128.46	634.592	-17.4997
701.133	419.671	-19.2604
1457.46	1228.34	-22.4487
766.506	-276.218	-14.2375
-1192.71	344.013	4.09497
-464.003	-1149.57	23.5901
1393.65	-1045.77	38.8981
-1088.03	-507.374	3.2823
551.726	-503.369	23.615
-383.343	-751.281	33.4121
1009.92	-217.16	-17.0526
596.759	383.948	-18.7285
-271.687	92.7102	13.3092
-245.284	1401.37	-17.199
-1437.96	-1290.31	62.4803
1262.01	-203.984	-16.9333
-514.215	715.558	-6.89849
75.125	-482.958	54.6647
-1122.52	1041.7	-4.90894
544.707	-598.849	48.3715
-721.724	1110.75	-18.0039
-89.3399	-1345.65	61.6547
-674.165	211.103	7.15127
-1343.93	1227.5	-6.5446
-585.684	-992.691	13.1152
183.137	615.248	-15.3188
420.237	-932.778	112.071
341.756	1229.84	-20.353
1261.05	-160.258	-17.945
-169.792	-117.603	33.9247
-1261.57	-868.472	39.5739
-341.631	392.436	-12.3109
-78.5055	-506.983	96.9528
-630.449	-503.058	6.78247
-1472.89	-213.377	-1.90566
-14.0267	567.231	-11.9831
-389.291	-791.426	32.1903
594.462	-249.139	-7.04438
1264.27	-204.743	-16.9725
1318.3	1352.14	-26.1975
-169.062	748.998	-12.5902
740.951	-829.767	80.5931
-1104.81	984.289	2.49721
-954.946	718.83	3.39291
71.6594	-1336.45	41.5669
1406.38	-932.287	4.44266
1142.07	249.687	-20.678
1096.33	413.119	-18.3171
-106.683	708.95	-12.5561
948.199	229.183	-20.7641
1050.76	-1406.43	44.1858
-1113.26	521.25	9.8611
1492.71	-1029.17	9.50781
-825.454	715.641	4.12387
122.727	577.555	-13.5169
-1416.73	255.658	3.88345
800.939	-24.6563	-17.7354
1287.88	817.356	-17.7819
1079.43	525.049	-18.5575
-263.937	-1328.28	57.7261
318.351	329.123	-15.5537
48.2237	1193.54	-18.2172
-1172.59	1178.19	-8.6011
-802.087	-900.132	11.9688
1035.34	279.005	-19.1057
975.743	65.8357	-22.2717
-741.881	1305.22	-18.1996
975.879	409.378	-18.8794
1244.9	223.278	-22.1981
955.348	-131.311	-19.7838
351.208	-1261.97	36.8244
1031.78	-1333.18	55.454
-312.293	204.689	-3.67266
1117.12	1182.15	-17.8757
-1000.72	-972.693	39.7175
40.2016	-1099.52	86.2669
417.491	442.755	-17.3394
-418.726	226.476	-1.43866
-1031.24	559.29	6.07208
-272.452	586.59	-12.0352
457.286	-136.457	-7.63483
-1052.37	-1479.15	68.7887
902.747	558.904	-17.565
542.499	-947.57	103.494
-1045.45	1378.6	-15.0074
893.965	-740.751	40.7753
260.315	-1231.23	41.8839
-470.962	1290.89	-18.282
1376.3	-852.711	0.282633
728.203	555.337	-18.8638
-997.111	-1088.82	38.724
-1310.81	501.935	35.4801
1441.15	-517.88	-12.2193
-1305.93	-258.171	-4.36207
-394.864	-1237.12	32.0729
-372.209	1092.2	-19.5881
-477.514	-71.8436	48.6714
314.562	-979.449	102.099
210.866	-190.367	3.73879
843.437	720.094	-17.9479
270.192	-299.534	3.53169
159.422	-278.776	17.9507
-1401.01	1498.14	-8.30378
-78.7737	412.38	-13.2303
774.407	1359.61	-22.987
-1260.6	310.206	7.36553
976.016	-12.743	-22.2817
449.607	-939.565	110.279
511.895	-350.502	0.669051
1420.15	1113.41	-21.3429
1148.69	1223.96	-18.4197
-325.075	878.968	-16.3277
323.246	1453.15	-15.482
695.455	1490.24	-25.6058
1008.58	-475.338	-8.00216
1099.61	1000	-17.5686
-1383.66	1204.99	-4.02326
-1394.51	-362.431	-2.5481
1162.4	-621.115	-6.30021
-1002.61	-578.046	5.85447
-389.09	972.818	-18.2791
1201.47	988.303	-18.8413
96.9373	1137.59	-18.5687
1078.49	1144.78	-16.4139
-300.947	-1039.64	49.6048
-900.211	1359.58	-16.6021
-1258.55	-1066.9	53.0732
-1410.75	-270.215	-3.52167
-283.592	-431.041	92.7193
-616.725	1406.56	-17.3332
-1418.53	442.444	47.8499
-263.865	-621.391	92.9084
1477.62	-1490.2	78.2846
624.078	-1130.94	48.0689
926.209	-300.277	-15.338
1257.26	1083.12	-19.6367
-524.858	-1247.45	24.0846
-871.749	1395.84	-16.5386
-114.52	1157.62	-18.4176
-96.8625	742.102	-13.479
-24.095	-1225.33	64.5392
-599.122	-1440	46.5098
-1231.9	1440.11	-11.1207
-155.112	-712.037	101.412
-479.073	-1043.51	20.9169
440.84	-1319.44	30.5961
-1462.41	645.531	11.87
1466.13	-738.181	-7.51119
353.254	1147.87	-20.8298
462.624	1271.65	-20.875
341.947	322.634	-15.7462
1315.7	-549.733	-10.944
-244.555	162.766	-2.40421
566.534	1139.4	-21.6973
798.368	1438.98	-27.3438
-1366.36	108.175	-6.83308
1205.06	973.579	-18.7892
279.974	-879.371	114.26
-713.051	-272.203	-1.05008
-383.639	541.91	-12.0785
1025.2	-151.685	-18.1533
797.294	1222.96	-17.9836
-1407.46	-800.18	32.4366
-278.996	528.063	-12.3545
584.638	-212.201	-7.34851
-517.617	226.532	4.31418
-74.5735	738.898	-13.9326
894.432	904.23	-18.3912
-706.724	-1085.85	16.5726
-1255.07	-924.081	42.9697
-1104.63	-1457.98	75.4584
1252.7	-762.653	-3.07347
1249.62	1048.85	-19.5437
775.093	-1083.54	58.9154
993.966	154.761	-21.2387
551.016	-41.6253	-10.6834
1409.04	1182.08	-20.8422
-567.104	-907.928	13.6544
553.565	1099.26	-20.8683
11.7812	613.68	-12.9171
70.8214	1361.32	-16.71
-630.775	1024.02	-16.9778
-741.386	69.3831	4.25564
-381.765	-937.129	32.2292
432.369	499.064	-18.1046
1129.44	-638.437	-4.76865
47.3966	581.87	-12.2016
-1159.54	-1148.25	43.9362
-580.232	1090.06	-17.9023
884.691	-291.859	-15.4377
1366.08	-1227.45	101.912
-927.109	1469.69	-15.7043
-988.395	1302.49	-16.6426
1090.88	-1016.8	58.8678
-57.5183	-1299.51	60.6737
447.776	-939.422	110.339
-883.425	-1421.71	41.0658
937.233	604.296	-16.9354
918.979	-835.09	74.647
-35.8473	-657.027	97.708
-793.935	914.61	-6.56996
-1498.89	59.6021	-2.81559
-1486.44	-438.803	1.73544
-1041.66	-866.395	27.5734
993.359	-532.374	-5.49952
649.391	-564.255	26.8886
441.531	1463.22	-19.0936
950.014	-275.368	-16.0805
840.609	496	-19.358
1190.93	-1495.35	51.6989
-127.476	990.792	-17.9805
-543.406	-342.156	10.2199
-1218.68	464.427	20.699
914.691	441.506	-18.6299
-364.842	-938.221	34.7689
-1297.47	-979.152	53.1036
-77.4685	1184.23	-18.2534
-844.387	383.041	-9.03162
-1395.89	-335.198	-2.63922
-90.0995	-1299.65	65.4813
-970.443	139.411	-9.78231
541.55	-814.835	101.948
-1184.68	-111.721	-4.87649
-108.92	-82.2359	18.3497
1470.4	-365.073	-14.5908
47.7002	1359.24	-17.5514
-537.653	-1218.27	21.9261
134.743	-974.509	91.6556
-1294.22	-1491.95	99.6611
-827.32	298.482	-9.98548
-1158.91	806.112	13.4327
-1271.47	-787.499	30.4642
926.133	1359.35	-21.4099
-1380.24	-639.863	22.5718
1048.85	1061.92	-15.9225
82.1169	-416.334	51.4832
1442.25	-857.445	-2.77458
-1212.1	470.735	20.0669
694.945	1316.42	-21.6989
885.859	960.588	-16.7768
-1404.69	-1071.88	42.1004
-897.447	-255.473	-4.41991
1366.99	1087.07	-21.0645
-323.665	-831.763	41.4372
-786.111	668.972	0.533052
935.117	447.159	-18.8475
-880.396	-1155.08	34.2114
-1268.61	1469.12	-10.3347
36.4412	-418.151	67.8414
-1030.68	1370.95	-15.2459
-1397.87	545.457	37.471
-505.215	1180.84	-18.527
472.066	82.0327	-13.0494
211.064	-865.258	108.638
989.446	-791.555	43.5359
-1046.81	-512.896	2.68028
169.264	-357.611	26.3625
1128.35	934.051	-17.892
824.389	160.084	-21.7734
1238.2	-71.4277	-18.2567
50.3328	-116.629	9.93197
309.621	1200.18	-19.3998
1173.77	-306.017	-13.0436
-785.197	-39.92	-2.53212
103.274	-1437.38	38.8524
-105.64	846.609	-16.1607
-853.829	1471.95	-15.8206
349.745	951.689	-16.6052
-1153.19	1257.71	-13.9338
236.567	1328.04	-14.9385
275.501	109.544	-10.9992
-1268.57	-121.124	-6.15966
1289.64	372.711	-20.4922
-746.389	-1287.51	32.9852
292.477	1404.32	-14.8059
87.6972	868.214	-17.7896
153.45	879.555	-18.11
-226.581	-1044.55	71.3348
218.346	-364.513	14.7341
-252.439	-68.7942	44.9837
-133.757	-1409.16	60.9412
-527.791	-622.712	15.2834
-1314.38	-1256.72	54.2931
790.848	-1236.56	35.1069
141.814	565.472	-13.6592
-238.484	-587.94	107.687
-1163.35	-153.024	-4.9631
1496.87	-1256.95	88.5092
488.059	-1324.22	30.1616
1211.66	-407.557	-13.4575
-24.8744	395.282	-13.3802
132.695	1215.53	-18.0516
-526.936	1057.98	-18.0911
1187.29	-1021.52	58.8022
-1198.49	229.919	-8.05321
743.066	-570.199	10.0024
-1087.53	41.9365	-8.78364
-829.691	-1496.75	47.592
-532.951	714.862	-6.30666
107.385	-253.659	25.5105
458.522	102.496	-13.1654
483.142	48.8952	-13.0737
850.808	-710.67	34.8305
-527.407	-224.404	19.1324
-276.803	-735.665	64.4672
833.04	444.422	-20.1516
850.109	-710.332	34.7828
441.192	688.642	-18.8681
438.205	-191.107	-6.38838
-334.548	-159.231	59.4767
812.737	-424.359	-9.10243
-1082.48	278.912	-7.42095
317.286	445.198	-16.9603
1129.9	-1333.24	70.142
-680.974	658.98	-4.66478
1008.07	-77.8564	-20.5651
358.279	-629.067	47.4675
-1482.44	407.418	44.588
158.294	966.806	-19.7309
-860.478	-1242.75	34.322
1295.46	1348.58	-25.7174
-375.205	-186.886	51.0486
-320.428	-1079.03	44.7712
-5.01356	891.238	-16.2182
1474.06	398.319	-26.0102
1341.9	-984.472	28.6378
512.848	496.378	-18.3158
577.125	-1201.46	38.2947
1029.22	-1133.15	72.2768
1205.99	617.593	-19.2295
984.46	-277.607	-15.9402
-383.839	759.329	-10.148
762.872	-295.191	-13.379
1343.34	-1213.43	98.8989
835.855	182.039	-21.7916
337.512	-486.912	15.952
1059.09	265.596	-19.5314
277.353	-1286.98	36.5897
1394.59	-101.618	-23.4704
-1314.41	-1144.27	50.4503
-1128.55	1411.83	-13.637
784.147	-385.916	-9.25944
403.379	1162.99	-21.5366
-416.633	636.668	-9.48032
18.5302	-1.49357	-1.35913
950.14	-1259.67	52.3009
-795.46	-924.412	12.631
528.292	1310.45	-20.8559
-944.86	176.164	-9.53024
253.117	-399.676	12.4811
-1186.71	-1175.32	44.5045
-0.876785	-1086.25	94.3276
165.065	-1483.73	35.4807
-865.186	-288.549	-3.46239
-709.573	707.802	-0.375317
724.964	66.4003	-17.2095
-1267.81	1178.86	-4.10562
666.437	-1025.57	75.9903
-115.368	1393.78	-17.8944
-763.916	-1117.23	20.3718
1002.57	-41.9471	-21.8985
240.208	1275.26	-16.4805
-436.463	-937.159	25.4976
1058.85	478.726	-19.0626
-204.023	-11.0205	23.8636
-470.505	-33.4656	50.9703
-1393.58	-1483.73	113.865
1291.98	262.748	-22.1046
-1292.78	688.09	7.23091
-819.02	-778.177	8.06595
1218.73	980.747	-18.9369
1347.61	1445.04	-27.5456
-912.455	946.25	-5.02823
1191.51	922.015	-18.1808
671.717	483.387	-18.986
-755.202	1319.7	-18.4125
1229.21	878.848	-17.8975
-994.889	175.844	-10.5698
720.014	1192.3	-21.9392
-69.935	337.338	-13.3646
105.015	-388.12	42.5291
984.633	1175	-13.4839
1258.92	-65.3361	-18.8829
-734.428	-1310.86	35.6178
324.97	-1376.12	31.1863
-1470.63	113.325	-3.72761
693.732	-1489.08	22.234
1311.14	-925.219	15.6819
399.713	794.507	-16.4869
806.958	-672.975	28.2433
-763.89	-272.46	-3.31475
1436.56	-77.3414	-25.1264
383.353	94.2972	-11.1191
1223.63	-925.313	29.8548
-1189.64	-514.63	7.10447
245.683	-836.863	104.723
-801.857	-1408.32	43.8326
181.377	-911.208	99.826
133.788	-770.457	88.475
1486.23	551.413	-24.3701
-102.255	-228.15	51.3546
782.757	-1292.8	29.4284
-52.1856	96.1854	-6.7577
-468.309	-1452.77	47.564
-583.474	1227.41	-16.612
1104.2	-729.557	7.36802
-73.6163	541.741	-12.2091
271.204	928.377	-18.4104
672.657	-1312.59	29.2431
45.1376	322.74	-13.3174
614.711	-7.44924	-12.6315
-45.0963	-1288.6	60.1316
-325.23	-489.277	75.8058
1289.72	55.9266	-20.8816
291.357	946.631	-18.0153
-984.349	-1431.93	53.7869
-583.515	765.879	-7.22038
-999.495	-1293.06	49.4366
1151.27	18.1887	-19.6551
-54.5015	319.529	-13.4504
763.726	977.855	-17.7277
-999.41	700.098	4.25903
-1119.68	-1101.67	41.9779
-738.96	-1123.82	18.973
-258.824	-855.819	54.8704
600.917	1373.95	-22.3087
-808.978	-495.363	-1.25654
1057.64	762.877	-18.8343
-733.175	1310.06	-18.1673
725.763	-915.881	88.8747
12.863	-1439.92	44.7248
1137.17	-1457.95	51.8555
-1261.55	371.036	16.4094
1429.9	-319.88	-17.8341
140.295	-1309.84	38.3272
-842.718	-1381.56	35.3062
-1422.6	1230.02	-4.12375
-1374.03	121.266	-6.1706
545.517	348.365	-19.005
-808.95	364.16	-9.26279
844.868	-1253.4	36.3807
-146.175	267.149	-13.2627
496.287	-129.839	-8.09833
-1381.41	-1368.77	77.5416
757.224	-1154.86	42.952
1006.99	385.876	-18.1557
1247.76	440.039	-20.053
-312.079	758.993	-12.1972
-241.814	168.507	-3.41175
-402.043	5.39092	46.4575
877.174	-1120.43	58.7131
1009.65	-1065.43	66.8222
679.469	-1263.98	31.7626
686.812	-909.173	92.4591
379.987	1065.35	-18.4286
621.048	-87.8384	-11.8144
1195.19	-1102.69	74.0462
-1301.17	924.907	31.5575
1361.05	-1250.3	101.563
-360.141	1162.61	-19.9006
-1036.85	1473.55	-14.1596
236.705	-1265.03	39.4849
573.771	-1367.02	27.7637
1031.91	196.884	-20.5775
1240.83	-1124.16	81.6381
1292.73	-1469.73	74.606
-1072.17	-1408.32	66.4464
1200.35	974.402	-18.7564
-559.079	994.762	-17.2068
273.048	-158.6	-3.76389
405.07	1019.12	-17.4779
-38.4474	422.251	-12.909
1188.01	628.096	-18.606
1236.21	-1030.25	60.7627
1367.42	-1297.74	98.517
112.024	-850.376	105.168
-340.522	269.721	-9.84453
953.521	402.729	-19.2994
-1362.41	134.688	-6.22665
134.718	1038.4	-18.9187
-199.442	-82.7389	35.8978
-146.021	44.0513	4.43921
-1129.51	321.759	-2.30186
-1250.25	366.788	14.0701
-109.666	-436.94	91.0716
-1358.12	-183.486	-5.84428
-18.9022	561.623	-11.959
-750.807	-589.544	1.8362
1193.74	463.333	-19.33
1462.09	-846.612	-4.4722
-75.3965	-1258.6	68.3029
-617.029	-800.746	9.46775
-717.651	-209.509	-2.25263
361.225	-520.461	19.9268
-1307.78	-787.915	36.9159
-349.481	870.236	-16.5266
274.312	-168.328	-3.32227
-639.42	119.326	21.5608
-1421.33	-792.691	28.5797
875.736	-776.989	58.189
264.807	-113.405	-5.45891
9.17454	-1125.97	85.029
-246.905	577.346	-12.3702
-1280.34	-613.658	17.9472
-1174.98	908.724	14.1699
-258.539	-957.545	57.1777
353.629	729.096	-16.979
-825.964	105.537	-3.28573
-360.879	-831.501	35.8254
411.018	1391.99	-18.1664
575.847	-633.014	57.2739
1069.24	-647.826	-0.44622
386.56	-504.444	18.7427
275.951	-327.404	4.73272
-1040.01	-67.6332	-6.89276
-1173.3	-148.953	-4.79434
-278.063	742.718	-11.7747
-497.173	1106.32	-19.2698
-1158.15	1288.48	-13.9985
120.138	-1268.31	44.1953
-563.902	-1049.38	15.8798
-1297.92	443.07	33.4324
1415.73	-37.205	-25.8342
1450.23	904.273	-20.9431
-864.439	439.011	-4.62765
632.722	31.3658	-13.9064
-1199.9	-172.904	-4.65301
1290.61	-343.456	-15.4478
1014.56	1204.43	-15.8138
-586.187	77.0363	28.7214
-649.791	209.693	7.40351
-1408.53	-608.365	19.3712
177.333	-621.735	45.9561
689.141	509.814	-19.0857
1197.4	658.177	-18.5692
739.906	-872.456	86.8024
-178.999	56.9317	7.41878
-983.807	1101.95	-13.7811
1200.63	-837.192	15.5411
1403.3	-1370.6	94.9457
745.364	1390.01	-24.4801
-582.469	342.876	-6.06492
-1318.74	616.425	13.6299
185.178	315.623	-13.8774
848.36	-191.468	-18.9329
434.806	270.26	-18.2358
300.52	696.203	-15.8019
-1178.64	1462.37	-12.7146
-1133.13	1214.43	-12.7356
865.356	-244.761	-17.1662
-1132.18	-941.337	39.3358
-1234.94	-485.729	8.10585
1386.46	747.912	-19.639
633.043	698.795	-21.8256
857.886	519.494	-18.6735
1128.86	-431.681	-9.84998
-1252.99	81.3281	-10.7305
1244.1	-749.984	-4.02409
-1089.21	188.924	-10.357
-554.318	184.341	13.358
325.39	-634.089	46.6846
342.488	-204.346	-3.73237
-838.567	1178.52	-18.1747
233.569	218.628	-14.8415
-1275.83	566.468	22.4071
-1339.32	-536.525	9.57707
872.811	1455.98	-26.501
-919.9	1424	-15.9895
-438.104	-972.634	25.3285
-1078.79	74.5404	-9.97067
924.18	938.571	-17.4444
161.015	1299.42	-15.9387
-449.887	1264	-18.6394
-751.651	-701.165	3.95223
1085.32	-230.411	-14.6102
-1353.65	534.171	38.3363
478.1	-1014.8	83.2194
301.994	-704.874	68.1551
-1411.41	1368.67	-7.53989
705.218	-1142.36	43.4966
-233.97	262.347	-11.9917
-426.348	-941.606	26.3267
1186.9	-147.337	-16.4893
-1258.68	-504.79	8.75248
906.904	1083.78	-13.0413
-1473.01	96.5303	-3.97229
-79.6829	451.866	-13.1549
1159.87	-850.304	28.2863
-1478.38	-450.307	2.21262
-344.229	-555.698	67.2882
-787.07	-1240.85	27.9676
-1036.61	255.68	-9.74424
587.252	-549.31	29.9673
881.818	1233.85	-14.1609
142.115	855.266	-17.4396
1314.53	-257.853	-17.483
1046.71	-1324.86	59.0768
51.8385	-1433.51	42.0123
271.717	503.816	-15.8325
1469.52	-316.966	-18.2131
-457.991	1271.28	-18.5341
1011.85	1208.2	-15.8327
-935.137	1434.65	-15.8195
-685.699	37.7008	10.6154
1339.11	-1304.72	96.8744
-1184.53	-789.976	22.1374
347.562	1248.01	-19.977
-841.914	409.219	-7.36413
-546.393	-633.037	13.7874
429.002	-1119.94	55.0235
-692.221	1278.56	-17.613
-48.755	692.345	-13.7885
-525.739	-1027.16	17.7535
1310.18	202.867	-23.3861
-311.265	-654.037	68.2698
491.504	-1147.23	47.5856
-1413.84	553.675	35.3596
-132.799	1184.48	-18.6067
-920.95	990.974	-11.689
-830.875	470.428	-2.19095
274.762	1084.83	-18.6212
-185.593	356.38	-14.3582
63.3012	432.986	-14.0814
-1032.96	-1312.55	51.9261
-793.566	144.585	-0.0848645
-1389.2	286.964	7.28183
929.581	-1167.57	62.2461
218.982	-212.13	4.02235
-829.691	-1109.76	26.867
-237.923	1092.8	-19.1906
-1496.49	86.4422	-3.15069
-389.48	-987.761	30.9774
-51.5016	968.784	-16.8476
-68.1015	-579.793	103.133
1378.24	167.688	-24.4365
531.159	-66.3858	-10.0775
968.372	200.722	-20.8835
-1040.08	1326.21	-15.9195
443.973	608.721	-18.1014
-331.411	336.779	-11.3381
-164.611	-1094.11	86.9253
-1021.98	163.782	-10.8812
-850.36	1243.22	-18.3705
397.278	1013.66	-17.2075
616.464	-448.25	9.53625
-477.716	922.668	-17.7903
-777.937	-324.574	-2.40957
-996.214	912.232	3.41288
-11.9842	638.133	-13.4684
-1187.1	153.718	-10.0663
-1438.71	1367.11	-7.00948
696.847	988.878	-17.6915
447.707	-922.59	113.451
890.135	929.994	-17.8564
-1417.38	776.614	8.29595
630.752	1173.03	-22.0638
-374.163	1242.48	-19.1161
220.799	746.004	-16.1935
-1449.33	1169.45	2.09585
762.546	658.893	-18.7434
626.058	-1066.16	64.2632
-1047.48	1411.54	-14.4441
-229.8	317.047	-12.8334
-1141.39	-342.989	-1.1415
-797.994	853.135	3.05691
-102.472	29.7408	1.86108
642.649	-615.998	40.6472
761.806	-278.774	-14.0054
-211.74	-959.26	71.5237
-1149.48	1179.7	-9.82842
-1337.56	-1383.72	79.6729
1314.28	1424.25	-27.3283
-660.612	131.385	19.3016
451.361	1358.54	-19.1859
442.901	531.744	-18.302
-996.07	689.522	4.40748
1023.52	652.5	-17.0484
28.3009	424.097	-13.8141
-1429.54	1068.18	15.4436
-1470.54	321.195	18.1072
-67.2898	-1413.32	54.0592
-1333.19	-100.798	-7.69048
-1248.88	1373.54	-11.072
-1223.28	824.913	17.8374
-79.861	-388.511	84.3756
-524.405	446.67	-11.039
-1317.68	-317.425	-3.16042
-1130.1	243.176	-8.52265
-1142.45	-1391.69	69.826
-275.065	-1376.36	54.6052
831.476	-435	-9.70294
-787.35	-1335.92	35.5349
-386.787	-677.706	37.8844
764.877	-1471.16	21.7426
-450.183	285.013	-6.81026
-136.387	-631.634	113.266
1046.71	-564.035	-3.89307
-1121.81	-517.937	4.79704
819.05	-920.212	83.5925
772.734	-159.298	-19.5898
949.824	1066.21	-13.4854
939.972	799.279	-18.9837
-1135.48	190.258	-9.73003
708.717	-851.806	85.2652
-123.862	-904.391	87.9091
-247.692	433.194	-14.3715
-1276.04	128.939	-9.19427
-817.051	-2.38972	-4.58478
-624.622	-1208.78	20.1215
532.887	-775.359	94.0477
-1120.59	-63.1726	-4.80723
1196.69	-824.33	13.5275
1407.79	-999.639	20.923
-151.911	748.343	-12.6886
-963.378	62.5165	-9.14013
-1480.72	-937.558	18.6864
851.64	-1193.29	45.3219
-490.464	236.826	3.01912
-1372.37	852.748	22.049
-683.7	1165.67	-17.3154
1211.89	-1489.15	56.0589
956.99	-1059.98	68.3872
-1227.22	-26.9596	-7.87102
-715.631	203.053	6.74048
-1189.03	-216.064	-4.51522
39.0504	-896.706	106.738
-1393.87	-669.879	24.9819
-943.029	-913.82	27.1014
1124.63	626.876	-17.6048
-353.335	1034.91	-18.8241
987.967	-971.511	71.6326
-1226.23	484.233	21.6371
762.66	-420.16	-5.50557
667.623	-1126.38	47.3051
858.06	-352.03	-12.5759
-1252.9	1382.98	-10.9338
753.127	735.947	-19.2784
1288.97	0.064146	-20.42
1109.9	491.851	-19.0976
442.35	-1302.2	31.4662
1056.98	177.727	-20.8711
-174.69	-827.866	77.9155
492.977	867.939	-16.0753
-380.477	-1009.2	32.0482
403.519	-280.548	-2.06414
-1373.79	-484.018	3.95687
-1293.74	-1454.62	93.0682
984.812	1489.53	-25.6931
649.644	972.564	-16.9387
1134.79	-496.894	-8.984
465.187	1321.82	-19.8085
73.7613	864.886	-17.5219
-1226.43	-844.107	30.4099
1412.99	1397.8	-26.9704
-1172.43	-1137.46	44.2027
297.234	378.444	-16.1254
-915.57	887.74	3.35919
116.117	1497.5	-16.5301
-565.152	1226.94	-17.1614
-1422.66	1264.02	-5.67318
-150.275	679.007	-12.0853
671.137	1325.84	-22.1569
552.082	-74.1836	-9.79832
-741.186	-552.349	1.71114
-849.698	-762.632	9.59452
-498.563	-1312.68	25.9112
671.84	-1360.32	26.8925
-1436.33	1209.18	-2.69554
132.884	-77.6234	1.02273
-872.651	1372.81	-16.8421
1285.84	-51.1534	-20.0887
-431.928	1099.64	-19.3148
531.737	-113.267	-8.76855
-1406.39	1373.6	-7.66272
912.302	-390.66	-11.9322
-928.137	1215.91	-16.591
437.354	-1435.73	25.4415
-1284.84	-623.139	19.0217
1453.47	1224.59	-22.2403
-1311.2	914.873	32.5726
990.297	763.187	-18.3912
358.273	1293.95	-18.5277
367.931	148.736	-11.7829
827.524	378.146	-20.4649
-953.583	25.9974	-9.31472
1066.39	-1063.32	62.1798
-171.238	892.515	-16.2356
-906.356	1191.09	-17.003
1135.94	-1436.11	56.2633
499.889	636.204	-19.6706
-1433.38	923.714	25.5329
742.255	358.416	-21.0089
-1110.03	-1468.55	77.1967
-1001.85	-741.188	16.6414
-871.967	169.741	-7.52499
-1214.32	1411	-11.6729
110.207	-1468.73	38.7231
-487.673	34.8295	42.4951
894.229	1074.5	-13.6166
1477.06	1122.34	-21.6068
245.17	-638.19	47.1251
-989.548	-1322.8	50.4093
708.557	1029.37	-19.054
-484.021	-1347.68	30.855
-1415.56	-836.105	33.5573
1201.35	-896.21	27.8846
251.641	-48.9761	-6.55558
971.416	561.143	-17.8557
-1053.43	-903.921	36.4907
-367.501	663.882	-9.4291
-1050.86	-1275.49	51.3722
-752.563	-374.91	-0.441478
388.875	-1343.22	30.5968
688.701	-846.123	86.365
1230.43	1203.01	-19.2829
-532.779	742.849	-7.28302
617.167	-996.349	86.302
-638.286	-316.816	3.81826
-164.462	342.37	-14.0247
358.438	-1008.01	91.7938
-652.064	638.837	-7.04891
-1488.6	411.43	45.9621
327.306	-1272.48	36.4306
337.013	-823.438	110.719
-1499.39	1154.81	9.95585
-1046.77	-788.593	20.0608
865.283	-253.847	-16.8228
-290.081	853.473	-15.3786
831.159	-885.132	86.0929
667.811	-1086.62	58.2962
598.734	48.4124	-13.7856
-304.51	1276.48	-18.0492
457.093	-361.793	-0.536475
1309.36	779.421	-18.5124
213.375	-1242.86	41.9217
-1489.86	-885.466	16.7971
-1071.43	-337.637	-2.51598
725.589	-334.105	-9.98448
-837.014	-1292.58	30.2402
1202.56	1026.83	-18.8439
813.606	607.775	-17.6993
1175.71	-50.7498	-18.3047
1430.04	73.5484	-24.7107
1083.81	942.455	-17.9488
-1478.57	-1176.6	41.3253
-996.478	-320.579	-2.62978
-992.718	-649.626	11.9526
-219.956	6.61654	24.1359
-923.712	521.375	3.3433
-1421.8	-697.943	25.652
493.726	-1375.21	27.5164
731.481	-264.333	-13.9356
1134.63	1233.34	-18.4282
1153.21	-80.6737	-18.2175
-382.743	-14.774	50.6954
1194.1	-1438.7	67.4453
-1403.54	-864.69	34.2695
-1417.3	955.452	28.7006
-1069.75	-1247.98	46.6881
-1247.13	-46.3616	-7.55833
-1225.94	1437.88	-11.2698
182.777	1473.52	-15.7884
577.865	-488.594	19.2901
-581.714	-345.908	7.13896
-64.4977	-1423.03	53.0484
-1123.93	-377.693	0.117464
313.296	-355.21	4.92934
349.994	998.883	-16.7158
-806.566	628.392	-0.0437147
1267.71	274.546	-21.4789
1220.03	-1109.99	77.8686
-1034.63	-913.499	37.2534
-1288.38	954.775	28.3102
-1229.77	-1207.84	45.6027
-1383.16	588.235	23.0661
421.59	223.623	-16.4177
-572.876	-1196.34	19.434
148.296	-334.369	28.2328
-1398.53	1153.53	0.228333
-834.41	1334.06	-17.8793
-735.973	686.71	-0.275365
-961.611	-297.235	-3.06617
-391.709	1408.68	-17.1491
-402.538	-981.813	28.9984
602.957	680.599	-21.942
-800.083	-1072.49	19.9513
-513.545	697.496	-6.29242
-146.376	-109.824	28.3918
-370.436	1019.92	-18.475
-803.214	-1217.52	28.7946
494.618	307.932	-18.7062
-1381.05	429.292	45.2223
-931.591	-1332.69	42.1479
-1305.54	-601.796	17.1863
1274.21	174.763	-22.4475
784.218	976.599	-17.729
-250.39	-1336.6	60.3543
-481.656	1151.91	-19.0906
478.648	617.544	-18.7786
77.695	-301.685	38.9488
-476.794	-1193.58	23.1508
-929.6	626.129	4.60195
340.822	-761.308	91.3076
889.064	192.011	-21.727
-680.598	626.746	-6.78929
1024.57	-413.845	-10.3693
903.642	-1091.35	65.0971
1438.76	-68.519	-25.448
-853.091	-701.037	7.44066
-756.114	-1063.3	16.6651
-1141.22	446.987	12.072
397.097	714.716	-17.9913
1122.1	-530.803	-7.66593
1022.7	341.502	-17.5747
-1147.04	-546.831	6.78799
1101.79	1038.32	-17.2892
-1275.76	-818.959	35.8006
-62.3511	-346.199	79.3914
-1346.16	1136.12	0.261719
-104.227	-1055.82	103.094
1266.14	991.363	-19.4352
-697.083	641.062	-5.04882
665.523	-35.044	-13.821
-137.884	151.956	-8.46617
-428.928	1102.92	-19.3375
-871.419	728.567	4.73883
-293.075	407.082	-13.3557
-114.806	282.382	-13.6656
154.282	-64.8634	0.172718
-1008.47	-18.864	-8.12887
-1323.49	-1487.73	100.76
735.737	-131.501	-19.8613
1022.4	-1390.18	43.4997
-415.583	-269.511	39.7228
1015.18	-1158.18	74.565
1262.33	-762.709	-3.8127
-1421.62	314.553	17.0571
1355.57	31.9012	-22.9903
-198.53	26.3944	16.4863
455.56	1340.33	-19.4499
701.014	-1436.26	23.3168
1100.28	901.411	-18.3758
-927.652	301.3	-10.9363
-1061.72	-907.597	36.8786
-842.808	571.884	2.18594
-800.357	-454.152	-1.44439
236.982	174.897	-13.8187
1160.98	-1344.5	73.8151
205.929	-1181.89	48.6878
143.937	-1229.66	47.6697
518.755	-260.225	-4.11835
28.5914	-475.928	68.4844
-237.318	1337.83	-17.4396
1453.27	-1080.84	34.779
-1145.04	516.946	12.7392
922.579	-11.7682	-21.3768
646.421	-1326.81	29.8717
-432.443	1365.38	-17.7033
-1293.95	-96.4456	-7.17788
-1261.92	-485.428	7.35272
179.493	-1438.81	35.2017
340.489	-37.3151	-9.5247
719.401	-807.269	78.7561
52.796	-105.35	7.58079
-670.515	-931.151	11.9951
-1116.54	870.314	14.6234
-98.7125	-424.313	88.4159
-826.333	-665.038	4.50387
-1153.84	547.788	11.6656
202.143	1494.33	-16.3552
938.006	958.206	-16.7619
579.851	1193.14	-22.3581
-1301.12	-112.036	-7.12036
-235.391	886.842	-15.6721
-529.319	-515.71	16.3567
613.922	524.915	-18.353
-389.702	-189.11	47.2047
-1120.86	-1004.44	45.2543
-1351.93	-104.213	-7.3886
-802.428	959.577	-11.6635
-1057.79	-957.994	44.3687
1404.3	-1414.72	92.5635
-386.395	-457.801	53.0621
-1069.38	-931.038	41.0398
947.122	-516.573	-6.75829
1190.73	-1389.8	76.8625
1140.5	-1112.38	70.2698
1216.77	-860.594	17.2798
1020.97	-465.515	-8.2441
-519.518	-648.469	15.6478
495.774	1147.82	-21.8097
-1148.29	1423.35	-13.2886
949.69	-870.598	79.1415
-101.117	-1396.93	60.3449
1212.79	710.974	-18.0967
-1369.31	1206.69	-4.59618
-485.057	1285.67	-18.2872
1232.03	1435.48	-27.7651
-593.985	-59.8675	23.8236
-180.508	-926.09	77.619
192.62	290.329	-14.1936
-788.973	-1.73339	-2.31202
-1020.94	1449.46	-14.5867
-953.242	-1292.62	44.3578
755.663	272.089	-21.7884
429.516	-1425.43	26.0011
-516.026	-442.628	18.9871
-612.482	406.016	-8.92995
-910.752	1404.28	-16.1925
968.44	776.514	-18.7394
-762.337	521.755	1.85652
865.332	-1150.91	54.0555
32.6849	134.126	-13.1401
-476.08	-346.86	22.1593
-380.525	-299.075	52.5049
-1127.55	476.387	12.2564
484.534	-1263.12	33.608
-512.478	-37.2339	42.3995
-497.617	-518.577	20.7089
1264.65	1347.87	-25.411
1168.81	-130.827	-16.7631
-572.23	696.158	-5.98997
-1163.4	-1023.18	46.8785
368.603	1110.54	-19.6559
1439.25	-943.222	2.45825
-596.594	38.6566	26.8223
-1145.21	-49.5488	-4.63135
406.02	568.814	-17.5047
-151.099	1064.22	-18.7671
2.60183	592.45	-12.2261
-976.816	1051.41	-12.9075
231.632	152.431	-13.3207
542.733	-1378.76	27.1373
-1217.78	1064.2	0.0316044
1093.45	-60.9219	-19.4548
695.405	-39.3113	-15.0706
65.206	1444.88	-16.2227
-758.431	-674.699	3.33143
-1210.33	1269.5	-12.3906
929.817	836.054	-18.8279
-122.682	987.678	-17.8864
-694.974	-309.932	0.455286
105.582	-459.909	44.9676
-50.1064	575.965	-12.3723
-373.473	-1070.51	34.0702
-946.539	1013.04	-12.6812
-660.026	114.406	18.4372
1409.29	-802.637	-4.28302
-477.187	1471.76	-16.8573
1495.19	-361.303	-15.0488
-1156.77	-515.549	5.96072
14.9722	-101.72	10.7634
-127.813	209.245	-12.0737
1362.32	1064.49	-21.1142
496.14	-109.749	-8.72824
605.056	-72.8734	-11.843
-1248.55	49.1432	-10.2416
1222.29	-1105.75	77.7218
585.829	-1030.75	75.6211
215.48	-543.614	29.4393
1184.09	107.993	-21.0358
332.407	-3.66453	-9.19975
-808.699	1285.24	-18.8012
-1091.98	598.75	7.26485
1473.26	659.572	-21.0864
1311.5	-1249.44	96.5891
473.473	-277.771	-3.37675
1046.88	-1488.73	32.6674
1066.45	-234.482	-14.8628
208.139	433.07	-15.2202
-120.498	-534.492	108.545
26.6081	-952.364	102.43
493.638	-0.494641	-11.8451
750.771	-765.594	65.312
-776.611	-183.084	-4.52694
-126.434	1315.83	-17.6888
-1456.41	-1136.91	37.1658
758.914	1445.81	-27.0069
256.55	-1127.39	55.424
522.889	-126.002	-8.33139
1042.44	-1455.76	35.9227
722.287	1185.52	-21.9499
-463.928	-786.716	21.616
-1020.57	-802.755	20.7112
796.04	548.927	-18.8714
193.446	-1132.37	55.8972
-315.436	216.132	-5.58674
-914.779	-499.627	-0.469083
-726.991	-787.218	6.66524
-1133.68	1207.36	-12.4467
368.094	536.636	-16.8851
1390.31	1078.67	-21.3889
-767.478	-1348.11	39.2659
106.173	1388.3	-15.9381
-799.38	431.223	-6.25195
-41.5256	-599.26	97.3561
323.433	-65.62	-8.45595
-207.685	-229.016	62.6643
35.9839	-688.793	86.256
424.427	-873.052	121.713
-367.27	1198.4	-19.6187
811.582	36.1584	-19.1121
-1468.44	879.557	17.8439
142.352	442.552	-14.5326
-85.3989	1115.05	-18.1385
-951.868	-842.841	23.6601
749.144	-625.135	24.7317
1013.83	1273.81	-18.4802
-506.146	14.6264	45.1579
1183.14	-1109.09	73.3741
1076.48	1336.1	-21.798
1070.8	-12.5593	-21.6258
639.548	-295.85	-7.65554
-1289.78	-426.2	1.67579
-1007.01	1111.92	-13.5779
-1079.31	-14.5336	-6.69154
-1345.24	500.345	39.9191
-1425.22	607.061	17.7362
-1092.57	1128.5	-11.124
-1456.87	731.773	6.51359
1494.31	504.035	-25.9637
-762.209	488.962	-1.08314
1459.87	395.648	-25.4732
-1390.06	929.221	29.8318
1354.25	-1298.88	97.7767
90.6213	1163.39	-18.4806
-1047.29	-471.106	1.2619
117.195	1288.09	-17.0982
1276.37	-945.585	26.3025
-874.099	-1251.78	34.7591
-199.151	432.443	-15.533
104.422	776.94	-16.7381
1315.35	1462.82	-27.0907
879.054	-88.8301	-19.8293
1100.8	-374.188	-10.1607
361.495	1267.06	-19.5829
-957.003	1131.93	-15.2256
-1329.79	799.64	12.5435
689.362	211.988	-21.375
-674.651	529.947	-5.95015
-7.86561	148.066	-13.4107
-652.126	126.809	20.2204
-35.056	327.908	-13.42
-1451.37	-252.707	-2.17702
1164.33	1253.66	-18.7806
-888.692	-825.16	15.0587
1187.03	-1272.74	82.2199
-431.066	-590.845	32.8961
1122.69	999.911	-17.8039
31.7333	570.014	-11.708
48.3474	1002.95	-17.0419
264.947	960.7	-18.7439
795.885	54.1825	-19.0135
11.2413	-163.226	22.6201
787.989	69.003	-19.0598
-886.436	-385.859	-2.13639
-1362.09	-1383.48	80.7054
857.822	-659.455	16.6017
223.051	-1449.28	32.9378
-1288.83	835.012	20.0399
-882.676	-1186.22	35.3472
542.233	131.623	-15.3735
-337.324	1167.43	-19.9686
717.326	-270.539	-13.0074
117.148	1444.99	-15.8205
-573.685	-376.458	8.19784
1459.15	1243.58	-23.137
-664.437	672.334	-4.37339
-702.471	-1078.63	16.0894
419.721	34.8134	-12.0597
858.168	-293.379	-15.0891
310.179	-345.829	4.22984
-1058.73	-696.195	13.764
1468.11	-912.089	-2.10905
1444.7	635.311	-20.8442
-376.667	-354.181	56.8077
-165.426	1470.23	-17.6177
954.747	907.839	-18.4213
311.582	445.858	-16.9449
-1344.76	842.346	21.4888
950.908	198.442	-21.0619
650.987	-1141.11	43.947
-330.809	1145.63	-19.9641
626.089	67.0707	-14.8208
-874.153	402.315	-6.48314
-1039.66	24.5472	-7.73958
-1230.56	-102.816	-5.89812
1004.98	187.739	-20.7239
-818.749	1198.64	-18.8016
-251.928	-116.009	51.2302
-837.161	-608.953	1.98514
679.678	-315.402	-8.7152
1448.09	345.742	-25.0826
-180.389	-1102.22	82.3892
-364.563	1010.57	-18.3661
489.668	-471.717	16.4258
639.336	542.62	-18.3431
-525.701	-1238.23	23.4719
-518.821	504.793	-12.9626
114.104	-1427.66	38.3539
-1031.12	106.063	-10.3494
148.186	-543.038	38.4986
284.313	49.7865	-8.89189
553.83	-398.62	5.38125
-1367.7	766.351	8.06436
460.422	1291.97	-20.4109
-278.271	-1464.75	53.5757
635.499	874.969	-15.9592
-446.213	-1231.3	26.5909
932.692	41.0751	-22.1043
474.017	-751.414	92.1351
-1064.05	116.608	-10.6996
-675.074	-1473.69	55.4261
-302.907	-513.101	84.4352
441.111	-255.793	-3.88349
-916.496	1073.88	-15.3971
-782.464	277.242	-5.45342
412.513	384.598	-16.9475
-972.822	-542.005	3.49882
1192.98	-679.917	-5.86797
-1352.87	-938.743	42.8863
-85.8289	826.214	-15.8602
-990.849	-681.142	14.5427
-31.5375	693.303	-14.337
32.0515	470.488	-13.3789
353.481	361.485	-16.1217
-1451.68	-202.058	-3.07737
-921.571	1274.57	-17.0159
-1284.97	1105.2	2.71051
1416.7	-828.947	-2.59513
-258.429	1262.54	-17.9874
-1123.65	1265.75	-14.8238
-50.7247	810.697	-15.8811
242.709	-1364.77	34.0152
-214.686	1232.48	-17.7088
740.773	1450.03	-26.7259
793.529	1208.63	-17.9949
1126.01	-269.357	-13.7159
-479.653	953.083	-18.1424
1236	-824.678	7.23926
-510.57	412.358	-10.2558
-577.61	821.582	-10.4795
-1237.75	1352.42	-11.4268
-46.0753	-938.737	104.778
-948.955	1410.24	-15.6927
-678.164	1408.67	-17.3769
1099.6	-1157.87	71.1588
826.182	864.5	-18.8134
681.372	-1409.85	24.5752
1085.36	-266.641	-13.6084
-1247.39	-1108.44	50.1832
-315.608	-315.832	76.4884
1151.15	374.684	-19.3608
30.5821	648.844	-14.0156
860.701	684.512	-17.6345
713.285	704.199	-20.2881
1050.06	-960.165	64.5854
-310.041	740.818	-11.5599
-986.761	1423.28	-15.1137
1032.17	-559.107	-3.72054
-1260.15	-847.597	37.5358
782.487	1495.51	-25.1585
-295.148	91.798	16.5531
-1459.94	384.083	35.5376
-525.306	-379.873	14.6694
306.548	557.356	-15.923
-1325.64	-337.119	-3.43683
1077.08	-1496.98	36.8419
-180.354	-246.491	62.7778
-981.587	-215.627	-5.65744
874.744	-717.43	34.1696
-280.743	70.1311	20.9294
434.211	-1415.21	26.3348
-764.791	-863.894	9.5391
729.152	142.436	-19.8243
920.602	-510.404	-7.30427
295.3	1442.61	-15.0123
-882.175	1356.67	-16.8811
867.802	-1317.23	34.3213
-202.575	-160.928	47.3463
-116.65	-1387.19	61.9111
471.481	-1280.93	32.4298
-423.828	-374.361	39.4298
-59.1288	205.582	-13.905
1431.92	-760.038	-6.39511
833.646	-745.742	50.14
-1013.67	-1252.12	46.8596
-609.343	773.901	-5.47678
-760.063	-369.334	-0.787017
-1448.74	-348.842	-0.86523
-122.107	-735.28	102.889
-464.287	-956.916	23.1414
472.043	229.914	-18.1452
1385.18	551.26	-22.0252
-1413.8	-1316.1	65.4566
-1240.77	-1004.14	49.468
-1153.69	683.791	6.33224
-3.39271	256.176	-13.9292
511.821	781.681	-18.9917
-944.075	-363.628	-2.13747
-668.076	-182.878	3.59495
557.432	-1413.03	25.5902
-1472.18	-90.9031	-1.6949
286.595	-1302.16	35.1454
-748.295	712.97	1.53513
-1110.18	58.8128	-9.78032
-1372.66	-212.002	-5.3074
1330.99	-82.6741	-22.1967
669.905	-154.513	-13.8437
607.904	212.019	-19.9778
-998.598	638.68	5.24523
679.272	1045.85	-19.4385
-1293.64	1000.69	20.5705
-463.893	-226.374	27.1479
-292.59	-744.751	58.7134
-1053.87	-309.897	-3.09803
953.314	780.84	-18.8464
338.761	-1483.9	26.5444
-1047.85	771.471	7.74878
-588.568	-253.457	8.27671
3.22869	941.385	-16.3312
1347.1	1029.18	-20.6549
-435.462	426.079	-11.6778
1065.74	696.009	-17.5444
1220.34	-346.516	-14.2071
759.697	-443.617	-3.65995
910.567	-1083.49	67.2815
1478.11	519.167	-25.3841
-765.497	-732.121	4.85077
-177.583	162.747	-7.2761
-1162.18	-160.243	-5.04668
118.647	433.449	-14.4544
-906.226	-1332.5	38.2269
-856.865	1248.91	-18.2428
1413.93	-741.445	-6.49304
-672.559	94.6149	15.6018
131.463	230.302	-14.5612
101.401	69.3026	-8.56774
66.1117	-692.525	81.0762
-1072.96	1319.95	-15.621
1425.96	780.087	-19.2997
-169.699	526.295	-14.3932
1228.52	859.416	-17.8526
-221.966	-356.932	85.2951
-493.525	-1347.58	30.6539
1173.69	-1404.32	71.2825
580.62	-295.22	-4.31589
812.726	1083.59	-17.1829
-1124.71	1294.12	-14.7327
-432.375	-319.062	35.84
-1290.44	1114.18	2.24053
-1355.57	272.298	6.58208
884.728	1293.14	-17.2196
-53.3144	1228.26	-18.913
1042.01	-196.777	-16.4804
-1119.55	-1325.15	56.2862
1491.43	-519.892	-12.316
-780.096	241.114	-2.61345
-1457.73	1051.76	19.7636
-276.5	-565.305	95.989
-1281.25	-869.271	42.651
-790.657	1130.07	-18.4934
-640.124	-1407.24	48.3863
-1483.59	-1018.07	20.6644
-1014.16	-1079.15	39.4566
838.972	-1371.06	26.7211
918.113	584.336	-17.1021
300.388	1167.96	-19.6052
-121.17	678.004	-12.3765
-389.51	377.169	-11.4338
-1190.13	-1201.68	44.5642
-577.878	1012.86	-17.2147
-566.88	-56.3685	29.6165
-710.699	1035.75	-16.1996
-297.298	-1021.62	50.3131
976.858	1274	-16.6123
518.462	-666.629	70.0526
911.972	164.32	-21.6939
72.6139	898.696	-17.5802
817.258	505.383	-19.2452
-182.075	-429.343	99.8876
318.042	1233.63	-19.4431
-160.128	204.441	-11.0071
512.5	552.407	-18.791
-372.662	-806.298	34.7358
678.471	-754.452	72.3402
1208.86	-571.746	-9.06155
-654.389	1351.1	-17.9822
-262.206	794.606	-13.1852
1327.59	649.71	-20.1923
-33.8862	-1422.08	49.3156
1273.73	-484.337	-12.8587
-593.99	-884.034	13.1148
-391.353	-524.817	46.4507
1213.57	-1132.63	79.1565
-898.283	-1053.1	29.5292
-437.478	1141.44	-19.6064
-1358.13	-52.3497	-7.16674
