-1410.46	126.289	-4.64864
-655.486	-1090.26	12.8053
803.518	741.299	-18.4377
-508.653	1346.67	-18.6992
-139.933	281.33	-13.5423
-838.038	622.897	1.09362
359.283	1251.7	-20.0943
-147.369	1344.2	-17.5712
-925.931	357.328	-7.40138
225.162	-1090.9	62.7052
-720.846	151.762	10.9953
625.635	748.752	-20.5013
1330.78	1438.22	-27.5209
631.886	-1372.14	27.535
745.928	-1091.58	56.2039
1115.17	912.093	-18.0747
539.125	108.817	-14.4107
993.86	421.395	-18.7656
442.737	38.0197	-12.6951
595.694	-850.043	97.4895
1392.2	-1156.13	76.6716
451.888	300.662	-17.9877
1260.25	-1050.16	64.7
-294.634	475.664	-12.8702
1387.09	-540.716	-11.719
-1245.61	-1031.55	52.1983
-1312.4	759.581	8.49047
140.125	991.879	-19.1932
-1309.51	-197.988	-5.94482
-1056.07	-147.437	-6.73701
-242.409	-704.854	81.3072
-970.457	317.661	-8.99866
1443.42	698.981	-21.0269
-822.003	462.283	-3.05447
389.221	-1123.17	56.0026
-142.179	1187.81	-18.6852
-562.672	399.857	-8.59639
519.759	884.433	-15.5957
170.177	698.885	-16.5258
1031.95	-8.79071	-22.5085
288.765	-324.041	4.18442
828.485	-732.558	45.7811
-854.624	349.603	-10.0147
222.543	1294.67	-15.8198
1172.23	695.685	-17.3854
-836.098	240.66	-7.23269
115.672	887.708	-18.3974
1413.44	942.254	-20.6572
310.374	-1311.16	34.1761
-1095.12	-2.02673	-6.92201
-309.167	-742.152	55.2511
1430.93	-385.958	-14.8018
-640.867	-1076.67	12.8063
59.0069	-109.404	7.70191
-1089.07	113.032	-10.7332
737.322	1315.66	-21.5052
-705.521	-253.895	-0.999673
-350.289	138.263	10.2115
966.362	-994.916	71.0969
896.285	-549.016	-4.88452
-993.905	-205.725	-5.86173
548.006	480.734	-18.3388
1021.84	-415.072	-10.3251
1067.84	-661.117	1.53964
-136.186	1432.77	-17.801
-376.252	-592.549	49.9312
-929.485	-1052.88	33.9635
-814.814	1296.3	-18.628
-229.623	-14.5939	29.6447
488.222	-725.626	86.4836
-758.287	-1479.01	54.299
-888.14	-455.33	-2.02393
-1138.71	-834.405	24.4911
-1235.48	474.096	23.3057
-397.277	991.733	-18.4211
888.427	-804.882	67.3052
-1302.15	687.393	7.75518
1057.84	903.172	-18.7038
-983.994	-185.526	-6.38408
1030.18	106.885	-22.0688
-1288.99	667.781	8.38788
-1430.97	1270.56	-5.71801
707.429	1037	-19.2913
807.707	-121.052	-20.8143
1281.72	-28.6788	-19.7883
-411.682	964.381	-18.3594
1039.5	-1012.97	62.506
1388.79	-1072.47	51.1362
791.598	-280.068	-14.9279
-203.149	789.38	-13.5494
74.181	1126.27	-18.1578
396.974	1263.61	-20.5115
-1431.37	-95.3881	-3.90995
-720.661	1138.81	-17.842
-251.784	623.177	-12.167
-385.324	-595.267	45.4312
-126.16	-66.0089	17.9895
-569.537	-452.499	9.8302
740.408	-1000.17	80.0518
-81.6263	1467.78	-16.9629
611.06	525.535	-18.3246
-219.718	246.791	-12.0392
-923.037	-1335.8	41.0753
449.249	251.336	-18.3169
-1299.65	90.302	-9.86718
-1163.06	1052.59	-3.0097
-190.8	-285.05	69.7876
115.456	1235.56	-18.2063
-1497.87	1158.18	9.02675
315.323	1131.03	-19.7268
552.86	-898.916	105.495
295.173	801.981	-14.7371
-1033.92	-769.129	18.6516
1258.48	1040.1	-19.6629
-613.963	677.126	-5.97027
-776.686	353.841	-9.36779
-1182.05	1438.88	-12.4704
-537.68	571.818	-12.7888
-217.385	898.7	-16.0038
-1157.81	590.918	9.82529
1436.35	-481.316	-12.7523
-1403.55	1106.6	8.05156
-413.77	233.779	-3.15197
-530.592	-14.9954	39.419
419.82	-253.06	-3.74246
-789.789	-314.888	-2.68206
-254.386	-438.376	98.2766
309.003	908.982	-17.3717
-811.033	614.033	0.375613
-1306.96	-1475.96	97.4218
434.296	478.384	-17.741
-604.394	-656.087	9.18039
687.925	255.36	-22.312
622.251	900.255	-15.4847
-693.959	903.478	-10.5972
-215.661	1021.06	-18.3192
-761.623	-1431.29	51.1937
1075.15	-1287.76	69.3739
648.849	39.5448	-14.5018
-1030.76	543.681	6.30573
183.26	-1136.09	55.6009
-36.0665	-1270.71	60.9206
756.337	181.632	-21.2517
615.255	-1478.23	23.2029
63.4426	906.357	-17.4095
1311.2	738.046	-19.5164
-56.2799	-535.593	95.4283
505.443	533.692	-18.6238
796.993	-737.433	49.9119
390.085	-1017.62	86.9825
1224.61	695.839	-18.6727
529.727	667.104	-21.0348
221.647	670.92	-16.057
-195.295	585.967	-12.8779
1478.47	689.731	-21.2071
-953.226	-793.882	18.3847
1361.31	1229.68	-21.8757
-1037.4	-324.839	-2.78325
-1037.2	-313.325	-2.95706
-263.264	-143.737	55.6531
1342.8	-387.43	-14.7552
750.969	-1351.05	25.5702
727.579	181.503	-20.7344
1327.12	-482.928	-13.0354
-148.49	-785.301	89.8022
-704.399	-67.0695	2.54289
1376.79	28.5022	-23.5353
-1388.06	-1496.46	117.245
732.616	-724.608	57.8515
-631.583	-589.691	7.43717
526.288	-285.913	-3.0874
-1249.3	-10.4019	-8.9035
816.566	1176.69	-16.128
979.798	-282.574	-15.8226
279.904	-1311.93	34.9253
-1361.87	232.801	3.06622
650.416	141.409	-18.0809
52.8076	357.03	-13.8904
1077.18	183.043	-20.9214
600.271	-931.518	99.9546
-1336.45	195.023	-4.60455
-734.645	1084.42	-17.592
-848.097	-1354.39	31.6527
1150.72	-234.682	-14.612
1398.12	304.084	-24.335
627.44	-493.504	17.7381
-1006.43	1099.59	-13.3091
-1151.02	-1384.98	69.0623
-625.7	-558.393	7.77826
1128.29	725.886	-18.0339
-837.683	485.459	-0.689651
1373.4	1311.03	-24.4795
-102.27	273.037	-13.7084
409.512	-1410.81	27.2288
-246.625	-58.3078	41.6111
809.275	-119.947	-20.8244
255.205	404.78	-16.3011
-723.575	1369.65	-18.4667
-699.488	-1063.22	15.199
-276.747	818.804	-14.2338
1194.74	26.7717	-18.7414
-850.307	-1065.9	24.5803
-778.386	-76.7713	-4.25603
-1401.44	599.398	19.8298
271.682	876.091	-17.6873
138.669	760.654	-16.8039
-1145.75	-938.357	38.1171
-770.66	-679.879	3.39816
-373.083	880.346	-17.5114
707.658	-947.266	90.0605
-264.57	-372.569	85.1812
-31.9399	108.312	-9.4814
224.544	1206.74	-17.9905
1278.37	-294.971	-16.2103
-55.8137	995.774	-17.115
-672.708	-1213.83	21.4512
224.038	226.803	-14.9169
1383.23	-1285.61	99.4155
-175.052	1072.13	-18.8371
649.088	-337.624	-5.33111
-239.509	847.029	-14.6449
-1491.89	1429.35	-6.09001
-495.755	864.599	-15.9771
1075.15	1112.67	-16.1341
-278.738	-256.872	64.8002
-1170.65	809.659	13.9374
584.07	984.048	-17.2387
-226.503	-776.163	69.8172
221.776	-118.019	-2.14517
455.588	979.404	-16.8746
-1031.11	-485.252	1.453
855.786	292.335	-21.0404
-715.074	739.905	1.09122
-534.36	631.487	-10.2404
-353.337	-362.007	65.5063
-1212.56	-975.841	45.4881
-451.175	137.778	19.8685
-391.294	1229.31	-19.2112
1401.73	335.006	-23.8495
-29.1545	-1015.22	105.977
-193.686	1378.96	-17.2844
-1180.05	-924.364	38.5016
-1180.32	517.569	15.7597
-1134.24	340.028	-0.352668
-88.7936	984.557	-17.4687
482.132	772.804	-18.9041
-250.405	200.411	-6.99828
-1065.27	-71.0865	-6.26255
1209.75	74.9035	-19.7103
-1140.59	-1429.38	76.5491
24.3843	957.818	-16.7576
1104.15	-1261.86	73.2152
602.885	-373.71	0.380785
119.437	-1468.7	38.1809
-762.658	1488.98	-15.8136
1108.98	-176.014	-15.8837
-119.803	479.315	-14.1679
602.573	670.442	-22.1261
-480.007	1083.73	-18.9644
97.1455	173.91	-15.8425
-673.559	-141.11	4.88034
-1494.63	-1495.3	128.577
-612.511	-154.52	12.4825
-666.913	-909.831	11.3795
1294.69	-183.021	-18.184
-219.919	-835.715	65.6627
-190.536	-117.602	38.3246
-1184.03	349.668	4.35831
556.312	691.943	-21.6064
225.389	-707.009	65.328
1.90539	404.115	-13.6584
644.959	1491.06	-25.7129
909.108	970.915	-16.0983
-335.407	-204.716	54.506
-951.983	-1154.99	37.3344
-443.451	752.953	-9.00897
211.731	-106.241	-1.9369
-222.551	-45.1818	33.6364
980.494	-1343.45	45.955
-992.652	-1233.06	43.8656
-1466.03	-558.446	8.8537
-964.632	1279.24	-16.9487
1498.3	741.429	-21.7742
-1111.71	1162.02	-10.5579
-289.233	7.60214	38.1014
-1261.71	1082.37	2.71931
1456.11	-22.6144	-26.7969
-1354	511.405	40.1541
-659.828	829.806	-4.2772
687.178	847.764	-17.5176
-264.136	1092.37	-19.5328
-3.31746	-266.989	50.4367
1397.54	990.257	-20.9928
-149.458	1340.6	-17.5333
1378.96	480.626	-21.6617
-1136.81	336.069	-0.64269
1278.87	-83.2279	-19.8204
-1380.02	-924.461	39.5604
-1067.51	468.632	8.22001
-1295.21	-285.621	-3.522
252.938	1304.74	-15.7076
966.395	-1384.34	36.391
-297.155	734.74	-11.5158
1427.53	-21.9236	-26.1471
1396.75	-390.694	-14.7168
-921.006	-699.279	11.4032
-44.3454	1168.72	-18.1783
894.873	-901.058	82.5239
-1280.09	123.265	-9.27606
678.575	-1247.33	33.1982
358.41	704.559	-16.9876
-265.739	-1342.99	57.3044
-83.1382	113.42	-7.10217
566.676	-806.388	97.2166
294.788	-440.97	13.794
-1.07822	-168.704	25.0214
-900.37	-680.786	9.33146
441.889	-539.419	30.2485
-551.899	-1078.83	16.8499
898.57	1147.98	-11.6268
-1255.61	-320.826	-2.11935
545.241	557.805	-18.7422
-702.105	1321.21	-18.0061
-112.452	395.83	-13.8514
893.811	889.823	-18.5968
-357.43	1422.18	-17.1411
96.4353	439.232	-14.3022
845.134	-992.614	77.0672
-1189.13	553.891	14.6967
-1352.11	-390.962	-3.03973
910.417	1490.37	-24.7231
-716.464	-1386.76	47.7651
1160.37	1260.61	-18.8543
-439.032	-1388.76	36.493
-849.739	892.304	0.737939
609.223	296.963	-20.3417
-831.611	269.834	-8.61718
-238.544	-1313.52	62.6308
-1396.88	-1414	91.7536
814.903	1190.9	-16.5301
-1338.87	186.757	-5.23451
-502.794	568.882	-12.8877
573.104	201.655	-18.815
-970.173	476.379	1.85765
-252.764	-599.403	101.15
1372.09	724.266	-19.8757
1006.3	534.579	-18.4269
1355.84	914.429	-19.1895
-522.694	1259	-17.8566
-960.37	802.42	8.24138
-1171.14	-984.208	43.9299
-479.147	-76.7428	47.4365
-144.243	1292.41	-17.3881
56.7928	-1303.89	44.947
1136.29	-560.552	-6.99685
-775.961	1448.12	-16.1743
-885.706	-1235.11	36.6988
410.512	-711.578	78.8683
-1041.12	-940.879	42.4749
1360.83	-1153.31	81.1812
800.43	-1257.09	33.4921
-982.128	-57.0266	-8.89718
-1072	-1243.6	46.0871
319.25	1356.43	-16.002
-821.006	-1353.95	34.9858
343.227	-44.7753	-9.31896
1039.25	315.884	-18.2548
-863.401	1485.62	-15.7406
-496.563	1100.43	-19.1852
838.075	1009.71	-16.2106
992.153	728.461	-17.4427
-1481.23	1076.31	18.2796
-705.621	230.654	3.59149
1022.73	-464.211	-8.27506
-155.257	-1124.82	86.565
-417.814	1062.95	-18.8997
1429.42	141.892	-25.3717
-1235.54	-387.32	0.997302
1126.96	365.822	-19.0307
-183.704	-1192.69	76.9339
57.9239	-694.812	82.9515
170.515	1446.52	-15.3095
71.0416	238.136	-14.1838
8.84824	45.7488	-4.74873
23.3906	1328.06	-18.2101
520.148	-209.709	-6.21098
1464.23	363.03	-25.3658
234.608	-778.93	89.0303
1167.48	354.339	-19.7168
-541.013	-77.7171	33.9482
-448.744	824.09	-14.2217
987.3	-65.4948	-20.9671
-1034.85	-925.026	40.0673
-187.195	1388.9	-17.4054
-553.585	449.842	-10.5096
177.773	918.265	-19.1596
-722.228	-917.977	9.79776
1369.14	-1480.08	78.238
-544.118	583.925	-12.7435
236.202	862.447	-17.3751
1219.59	-1373.02	83.8935
641.93	-538.692	24.1082
782.699	1463.43	-26.4222
151.509	-310.052	22.4739
326.038	-1301.25	34.1791
820.671	-84.7768	-19.9769
980.492	907.335	-18.5478
771.968	-669.156	33.5184
732.935	-837.708	82.1487
-386.539	455.336	-12.5918
1224.8	927.537	-18.4459
-623.936	-1136.96	14.5857
-1023.13	1137.65	-13.8627
-381.281	-1471.9	51.4826
1316.59	594.316	-20.5169
1432.3	-1282.88	98.7471
471.625	528.9	-18.6632
580.708	690.228	-21.6297
485.16	1245.78	-21.6203
-818.732	-1247.99	30.8643
137.853	-859.583	105.847
130.155	-398.241	36.7304
1246.23	-806.282	2.90253
922.33	1248.3	-13.7068
-283.938	1201	-19.4698
473.478	-212.609	-5.89449
433.57	1367.69	-18.8075
-1395.12	95.0676	-6.11676
-751.593	649.431	-1.78668
-346.874	1394.5	-17.5476
869.25	1479.86	-25.2471
-233.754	112.063	3.40202
-262.694	-274.058	65.0966
-540.903	903.246	-16.6419
-420.595	888.26	-17.6316
1221.3	-1408.61	80.106
1201.96	942.892	-18.4724
-592.042	-1190.46	18.3873
-747.031	1422.33	-16.7311
670.375	1350.54	-23.1188
262.098	1354.56	-14.3724
-871.669	-860.825	15.2507
-943.438	-38.2796	-9.80305
1492.01	-245.593	-20.2162
-842.535	-315.387	-2.63993
192.291	378.611	-14.7513
-1263.01	-1082.25	53.1892
1201.62	-1103.05	74.8798
1187.54	1200.76	-18.6095
-28.764	-538.271	87.8597
606.289	-586.33	37.1031
130.661	152.469	-14.8431
1265.9	-270.315	-16.0996
677.144	342.296	-20.3291
1103.28	872.838	-18.7569
-1136.06	686.232	6.15091
-507.104	-413.57	19.6842
-593.696	-637.54	10.0906
-1004.19	-848.581	25.2434
1462.49	1345.88	-27.2782
-242.037	-643.779	96.2907
-135.083	-1034.44	96.9444
589.55	1277.08	-22.1078
1456.01	-997.705	9.32562
825.324	-1201.59	40.3247
-1058.98	-1492.76	71.1788
-1321.4	737.632	7.00831
379.414	-292.793	-0.620084
1003.99	490.614	-19.1803
-438.355	-164.165	40.4879
370.35	685.243	-17.2197
662.26	-976.947	90.3052
-988.938	-1126.42	36.6549
-1488.49	342.327	23.5652
852.06	-151.25	-19.785
1439.13	-208.249	-20.8984
-927.52	-346.729	-2.08501
1260.64	-200.627	-16.9536
-630.461	188.506	12.6294
137.764	348.717	-13.7309
-967.668	-1247.09	44.2137
725.967	1014.37	-18.6755
-41.0345	570.444	-12.2253
599.416	485.79	-18.236
445.474	-1480.04	23.7906
1078.36	1385.05	-24.2266
-461.945	83.7111	30.3688
1368.88	416.318	-22.95
-935.516	811.681	8.72218
-1492.75	-1452.57	118.228
401.218	356.212	-16.8572
-706.365	-961.265	10.3328
912.369	-909.161	81.098
-1140.09	-219.515	-4.63054
-932.549	1274.38	-16.9758
573.599	-1018.07	79.5787
1442.51	-444.319	-13.4455
-740.316	62.2036	4.02246
-37.407	-1282.34	59.7376
253.142	-773.631	88.7462
1409.18	570.367	-22.4317
1183.8	781.082	-18.0796
-1382.14	-861.173	35.6452
311.572	932.109	-17.4368
-61.4993	687.642	-13.3526
-1120.71	409.793	7.63666
1458.75	-970.389	3.87094
-1332.16	-41.6111	-8.45529
-681.025	615.266	-7.442
12.0657	-1460.82	44.9936
-181.594	499.219	-14.9572
875.793	73.373	-21.4079
942.752	27.0632	-22.1296
-968.345	749.553	5.16309
-1112.05	-1484.79	79.1468
-607.997	372.03	-7.22637
1496.83	1308.55	-26.2179
616.423	-135.528	-9.96749
-292.689	-512.85	88.0846
-829.183	1354.52	-17.6776
966.199	-279.416	-15.9369
-494.915	1020.27	-18.2224
-1156.44	-1075.25	45.6784
-558.288	783.758	-9.48244
741.699	976.323	-17.5507
1315.81	1256.03	-21.4989
322.171	285.495	-15.297
1146.48	-1369.21	70.5125
712.024	-1311.51	27.4316
-1433.25	-1167.25	42.9958
-1256.4	-273.325	-3.20804
-362.593	-1372.5	40.5795
1246.14	-924.077	25.7189
-1373.53	802.392	10.7563
769.622	1354.22	-22.8064
-1022.27	-1088.52	38.658
-1211.82	596.514	12.0271
1120.52	-1325.47	70.0077
492.164	-894.015	113.847
733.702	828.209	-18.651
1216.71	503.563	-19.8794
-106.613	-289.611	68.7707
-107.82	-854.76	91.7916
-725.552	-695.111	3.92194
-70.6756	1345.86	-18.0358
-67.4094	-1083.52	100.907
1207.13	-1155.56	79.135
-819.154	6.99277	-4.85855
1048.59	-1137.63	71.3861
-377.48	485.083	-13.1518
-463.924	-1166.46	23.9289
-194.07	-815.685	73.7499
1065.18	1289.41	-19.5742
1082.3	-1162.41	71.4325
1121.31	1208.16	-18.1609
-1438.86	343.841	24.0557
1314.94	828.042	-17.9406
-1316.46	-1379.46	77.795
1135.57	1052.12	-17.6241
-807.172	1321.34	-18.49
899.669	-1040.26	70.3362
-1198.28	474.653	18.697
-1083.67	881.674	16.225
160.742	1253.21	-17.1648
-812.235	827.154	6.59803
-1166.8	822.857	15.6288
-515.877	-750.38	16.3213
-634.062	-661.922	6.94114
-1420.35	745.883	6.90879
-1002.57	578.461	5.42855
1325.06	-1481.44	73.9131
1396.11	-388.621	-14.75
-236.663	-264.38	64.3316
1096.51	570.459	-18.373
-1205.47	125.842	-10.635
11.1805	-1035.83	102.214
-1144.44	842.177	18.1876
507.121	-289.298	-2.9081
1271.23	681.385	-20.45
-379.656	157.864	9.37197
1398.73	1329.97	-25.6045
1392.73	491.051	-22.3441
-1102.12	475.513	10.5323
-1186.47	183.783	-9.51862
248.278	-1358.36	34.1202
-632.853	-957.93	10.8199
-1004.06	-1318.77	51.8813
1066.87	924.275	-18.302
766.156	1107.14	-18.9061
-908.728	639.174	4.72028
-1195.79	370.459	8.15774
248.052	57.4721	-9.7853
947.633	-390.651	-11.8039
841.305	-212.112	-18.2039
743.087	-267.728	-14.0608
-1168.07	510.453	14.9329
90.3366	-1229.06	52.5182
-357.103	-1091.81	37.2066
-892.049	46.6938	-8.87986
493.797	-808.823	105.477
1313.12	133.541	-23.2703
-1447.75	937.213	24.7439
1140.84	973.41	-18.197
-17.0567	-1416.97	48.0057
-713.061	-319.032	-0.362944
-856.644	1388.13	-16.8268
538.565	68.9355	-13.4452
-411.084	668.304	-8.1474
-1001.7	142.126	-10.2534
796.455	-1194.95	39.5785
-1121.8	1428.21	-13.348
-1196.37	356.529	6.11784
1024.94	-1309.39	58.5437
1308.36	1128.57	-20.3398
-625.379	877.847	-12.5706
-437.587	746.366	-8.54196
-1367.46	726.663	8.57935
-672.527	1174.64	-17.1525
724.366	716.935	-19.9597
-1039.49	426.802	4.0757
27.9509	-1167.01	72.1826
-356.793	794.185	-12.604
1298.33	203.097	-22.9737
629.437	-521.194	22.1594
-1388.42	-162.267	-5.8504
-1283.74	-1171.98	48.9825
1114.59	-341.842	-11.236
613.11	617.286	-21.0657
893.958	1261.69	-14.8715
-826.262	657.353	1.89821
-205.314	-793.538	73.2172
-828.725	207.508	-4.20941
-22.2202	797.178	-15.8977
-515.617	1273.4	-17.8984
461.973	126.072	-13.3787
1191.17	646.179	-18.6528
913.398	395.485	-19.0864
1259.64	-114.108	-18.9913
1333.89	-778.512	-4.06279
556.751	-1061.07	64.5126
-8.92579	907.106	-16.3004
-1021.2	-170.423	-6.64012
-478.146	-139.262	36.2319
-449.665	1391.39	-17.6546
-72.7699	-1313.59	61.3839
-723.416	-211.076	-2.49687
-705.373	287.21	-2.9303
710.173	1036.88	-19.3035
921.31	813.51	-19.0936
1115.65	529.811	-18.6402
959.477	-39.539	-21.7174
720.289	906.482	-16.8204
1383.39	395.284	-23.1228
-47.5109	-76.9785	12.1218
-951.717	-813.264	20.7247
-449.139	952.997	-18.5005
-956.228	1228.68	-16.1373
698.417	-1277.03	30.0536
1452.88	-1268.84	96.7199
-848.038	-585.422	1.40377
391.613	40.2404	-11.2006
961.566	352.333	-18.7604
-13.3158	764.229	-16.052
-519.216	1475.06	-17.236
-347.041	-110.388	59.3404
611.857	85.0537	-15.139
1147.05	1201.37	-18.2631
-1022.79	1314.22	-16.2491
-789.882	-1394.62	44.4648
1107.31	1079.39	-17.0404
644.282	1299.83	-22.2021
1057.03	40.6347	-22.2599
1218.48	986.655	-18.9672
-958.383	-199.444	-6.12198
388.052	-747.586	89.8259
1046.62	1244.5	-17.8817
-979.848	-441.349	-0.75995
916.305	1471.66	-25.7074
175.509	232.943	-14.4484
526.281	574.599	-18.984
-760.808	-334.961	-1.84999
-1406.96	-369.489	-2.09327
-1341.25	1378.26	-9.07797
1287.32	180.331	-22.8404
-752.266	1498.99	-15.869
868.863	-260.269	-16.6094
-700.482	-1187.42	19.9162
-1479.82	-433.254	1.35044
125.077	-303.476	27.5144
-682.902	-972.434	9.39382
-438.984	-380.34	33.845
-318.323	-149.96	60.1922
869.106	-1170.24	51.5208
-39.0537	-1193.09	71.533
482.447	1215.92	-22.25
159.024	-482.503	29.3077
-332.147	-392.697	76.0827
1072.26	511.138	-18.8036
-892.547	1364.2	-16.6601
1311.89	-768.075	-4.42567
1450.3	-1230.32	94.4904
109.124	-20.6001	-2.23775
-273.535	-784.169	56.0436
103.059	-687.185	72.1314
992.116	258.108	-19.9209
-889.731	411.029	-5.29254
1224.73	-596.844	-8.81048
-1179.31	484.749	16.7278
1335.06	-816.21	-1.21036
805.706	1033.07	-17.5154
-793.787	1494.67	-15.7614
-314.552	1317.01	-17.8241
-136.992	261.767	-13.3115
-1057.22	64.3194	-9.23767
329.991	536.511	-16.198
-1111.11	149.832	-10.4769
-788.982	837.42	4.53223
-382.794	-488.843	50.6927
-258.912	-929.908	55.2871
543.577	372.687	-18.9213
1077.8	521.913	-18.613
1088.85	-1402.76	51.7367
153.512	229.354	-14.4485
-1178.98	-331.746	-1.02758
-464.926	1177.81	-18.917
599.705	-65.5191	-11.7492
-795.941	1374.43	-17.9773
-925.691	-1496.47	47.3112
-156.576	1335.15	-17.4304
1060.27	90.2683	-22.1719
-1466.08	467.465	51.168
1065.38	-444.062	-8.53198
1187.44	-448.866	-11.8972
155.945	-705.03	67.3097
958.361	-671.73	10.729
-1118	-1100.13	42.0048
760.181	-1062.43	64.5904
-182.855	-1290.82	69.727
820.057	1489.52	-25.1146
-113.187	61.0927	0.90309
1360.85	-633.969	-8.37232
-775.424	1175.38	-18.7015
992.201	1474.24	-26.3378
-981.366	1221.85	-15.9393
1489.89	-1023.96	8.66235
-416.056	-1131.73	28.5735
54.6466	967.193	-17.4588
284.075	-1201.47	44.2318
-236.808	-291.373	71.1725
-1018.05	697.405	4.62247
858.966	1246.35	-15.2181
832.162	-804.885	71.5293
-609.813	-1189.45	18.0678
1088.41	465.76	-18.7872
-297.916	1026.66	-18.7936
-1120	-1268.92	47.1549
-750.406	-1275.1	31.5814
-1490.63	-1351.47	86.9189
854.429	642.414	-17.37
-29.2013	538.922	-11.791
-923.206	-412.756	-1.90924
1146.38	-1185.39	75.0273
-355.394	1070.71	-19.3755
378.278	527.115	-17.1032
404.041	1374.95	-18.186
-1091.27	747.743	8.18109
1329.43	-110.907	-21.4884
-780.691	-88.3879	-4.79353
-944.71	-687.15	12.1762
-877.974	1121.35	-17.2827
-630.15	1037.81	-17.2728
1444.12	-1158.33	69.4955
233.71	446.32	-15.8076
1171.45	-94.7788	-17.5418
-60.9246	-880.007	101.894
-631.729	1465.92	-16.7676
-1241.93	1402.4	-11.0763
1287.35	1011.68	-19.7655
-1269	566.997	21.4428
-1060.21	-232.975	-4.99744
-804.115	470.968	-2.39748
385.623	-998.116	95.302
819.044	-1017.75	73.1127
-679.407	694.134	-2.1257
-1191.82	244.515	-7.38078
629.218	-511.716	20.7477
420.394	1281.15	-20.3372
1334.54	-53.2495	-22.2245
897.517	-332.122	-13.7688
793.283	679.368	-18.1602
884.556	-1096.49	62.3888
-487.908	-1246.9	24.0951
1252.95	200.472	-22.229
-1101.2	-5.52124	-6.7411
-1466.7	-109.865	-1.90895
1288.76	1115.48	-20.0929
-745.29	-334.965	-1.38329
-1007.71	-912.734	33.028
-62.0202	-1022.67	106.06
435.543	1439.83	-18.3243
-582.191	528.148	-11.3244
837.318	365.511	-20.5541
-1470.09	486.294	51.065
974.143	192.679	-20.891
-1097.51	-349.179	-1.57931
590.311	-1186.1	39.6589
-1360.18	132.092	-6.38762
-192.096	277.637	-12.8314
-706.89	-174.772	-1.34396
57.2597	311.455	-13.4495
-824.694	-847.353	11.27
121.487	-222.928	20.236
-436.296	586.468	-11.7006
-34.9567	662.822	-13.7798
437.213	616.412	-17.9541
-211.842	591.921	-12.6582
571.782	414.615	-18.6204
389.164	350.488	-16.6785
311.766	-437.82	12.686
-1340.22	-946.83	44.6015
-548.828	-188.205	18.8753
-613.299	-1188.07	17.9105
-287.825	-1406.89	52.8909
-602.345	834.579	-9.45773
1363.27	1302.23	-24.0443
1302.83	102.263	-22.5893
484.942	1397.18	-19.2404
1442.36	-988.531	10.0048
1003.33	331.048	-18.1332
-1116.89	576.084	8.8238
73.5495	-235.46	28.95
-127.93	-66.2894	18.2324
805.567	-653.503	22.6721
1394.21	-210.341	-19.8705
197.835	1166.01	-18.6424
-1094.83	488.719	9.93698
308.351	-214.402	-2.27821
-622.33	-596.884	7.96055
-452.13	-1430.09	42.45
633.899	337.834	-19.8628
-1124.67	-835.224	23.9643
-919.312	905.434	0.97945
724.411	89.246	-17.7643
859.724	545.5	-18.3127
-493.669	-237.8	21.6728
847.564	-1430.36	24.2653
1237.24	-1080.62	72.6295
1468.21	394.312	-25.7871
92.3765	544.792	-12.111
-481.523	-441.903	25.945
604.213	-1043.45	71.6017
-248.765	584.322	-12.3022
-361.72	435.604	-12.4999
1342.67	-443.612	-14.2239
1206.32	1417.25	-27.4351
1170.03	-418.002	-11.8578
-1077.5	845.242	13.6888
307.749	-694.267	64.1269
-1458.21	-150.194	-2.54079
-1346.52	466.449	41.1283
-17.9714	1452.78	-16.3243
-254.662	502.492	-13.1288
-353.13	-130.871	59.8207
-580.882	1241.97	-16.7072
-1373.24	664.137	10.6204
-24.793	326.958	-13.3993
68.3733	-799.203	100.601
-106.018	-1319.37	65.8469
-18.9508	513.09	-11.7988
772.221	578.348	-18.7088
-296.662	-474.461	85.5006
-425.339	-488.136	37.6456
454.527	73.6715	-12.9216
150.326	1305.27	-15.8348
1403.8	-645.174	-8.20504
-359.505	-307.83	60.4939
-1414.57	1098.11	10.103
-73.0647	1428.03	-17.3369
1402.51	-257.129	-19.7877
510.238	1368.55	-19.7261
2.65366	-981.484	104.497
-1206.77	-1455.41	88.7242
1183.38	-1049.55	63.1438
347.533	453.764	-17.1844
735.292	-1252.11	31.7188
-148.989	699.788	-11.8031
-1244.83	564.201	18.9171
-516.024	1476.59	-17.1943
-1303.77	1090.1	4.64786
601.621	-846.594	96.2536
-1138.96	-987.587	44.2939
-1037.38	-773.533	18.9409
-186.529	778.358	-13.3254
846.01	357.925	-20.637
-1476.89	-147.073	-1.38033
-1097.11	1224.26	-14.0607
-305.246	-698.735	65.065
922.469	-992.948	74.4349
1293.41	-1350.11	93.0453
-219.111	69.2736	12.8212
-1023.56	659.791	5.35059
1252.71	-24.6926	-18.9028
794.048	-945.456	83.2891
842.205	1000.83	-16.1635
1407.86	1424.31	-26.2364
-21.7735	-1088.45	96.6205
-540.288	814.243	-11.779
431.574	1405.01	-18.4107
1417.18	-769.924	-5.97558
-1274.4	-918.376	45.3423
1297.24	163.644	-23.1222
-1159.85	-712.635	13.1717
562.815	-1386.57	26.7326
-699.896	958.987	-13.8303
-1244.86	-202.841	-4.59481
-591.052	489.352	-9.96275
-221.701	826.595	-14.1675
-596.674	-1489.5	51.721
1191.83	-998.788	54.5772
-1035.25	1388.76	-14.9152
-362.241	-567.91	58.0116
100.575	300.391	-13.5498
-102.46	-697.118	103.743
-1325.69	-579.418	14.7997
-1052.82	1429.51	-14.1064
-693.836	-566.794	3.90286
1272.13	-958.857	30.8685
1284.32	1431.14	-27.6209
1326.21	404.909	-21.6174
-912.444	1261.75	-17.0566
785.151	-783.876	67.5323
-1347.94	1345.41	-8.72308
806.124	474.894	-20.116
596.048	130.698	-16.5612
561.286	1292.8	-21.6644
-1233.85	-1005.06	49.1959
360.934	274.475	-15.6598
649.735	-106.105	-12.5809
-304.902	1323.85	-17.7492
-437.548	2.32503	47.8791
843.071	1199.15	-14.9131
656.601	625.831	-20.5846
20.8318	748.381	-16.1625
-1254.12	169.521	-8.58296
572.522	1451.92	-22.9011
-320.023	-1107.57	45.4154
1340.7	1316.95	-24.199
1204.44	1483.92	-26.865
-1155.9	-1427.88	78.1435
9.39496	1166.2	-18.2833
357.843	368.694	-16.2244
494.449	-620.669	57.3965
292.68	514.309	-16.132
-1141.46	-1145.44	42.9498
867.172	549.172	-18.1715
-253.157	-1190.84	61.4611
1104.34	810.879	-18.917
-696.471	125.864	14.0352
112.605	1382.95	-15.8246
1259.67	187.534	-22.241
151.875	1065.45	-18.8714
-277.03	-274.593	65.3588
-429.976	1175.14	-19.2557
743.329	1233.51	-20.1866
-514.943	274.205	-0.627604
-225.729	-1486.51	54.1721
-1027.49	-392.761	-1.54868
-208.995	1401.25	-17.3882
-807.084	927.811	-7.20667
-852.373	-150.625	-7.7032
1332.06	29.1551	-22.2184
-1082.58	-1395.55	65.9894
-242.556	1220.28	-18.4448
329.141	864.593	-16.4502
-175.42	220.511	-11.2624
1244.81	76.9145	-20.2099
-702.123	98.2259	11.6943
398.705	-393.052	3.96013
-632.545	453.553	-8.29288
157.132	-1263.22	41.9704
-1429.59	-610.622	17.9305
726.291	1134.3	-21.6707
-909.88	-346.032	-2.01314
-1464.31	145.063	-3.28915
-505.653	-757.741	17.2667
612.369	1179.17	-22.1523
1224.78	186.646	-22.5397
73.9197	-1190.53	60.7778
163.208	-1348.77	36.8564
-261.018	1109.99	-19.5456
899.62	-583.814	-1.93569
-1299.6	1068.56	6.77443
-1164.82	-952.07	40.3667
503.129	-306.295	-2.19238
-683.282	474.096	-6.58063
1341.27	-1097.32	66.3667
-1288.12	-501.875	7.70427
-1011.52	-1401.86	57.4101
923.719	449.369	-18.7108
673.664	573.769	-18.313
-329.888	-1393.3	46.2404
-192.081	-114.139	38.4003
108.554	858.043	-17.6208
-703.08	1285.67	-17.7501
-759.01	1074.57	-17.2595
-452.167	-791.08	22.9293
-497.577	696.736	-6.26166
-1023.44	-161.682	-6.84649
-762.894	49.2496	0.788365
1081.62	-917.049	57.2389
663.202	1401.3	-24.0409
-760.981	-803.821	7.301
903.051	-1385.95	30.7827
-225.1	-1211.73	68.1596
271.612	797.75	-15.2881
762.933	517.555	-19.5499
-556.08	553.756	-12.5213
-646.559	1193.17	-16.9002
29.2253	-873.732	109.113
1337.33	-349.489	-15.3631
1283.41	-788.957	-2.18369
148.155	-1346.49	37.5126
692.841	46.1104	-15.8189
893.628	506.671	-18.3688
1481.72	1443.02	-25.3714
-825.089	-599.976	1.37076
-793.052	739.942	4.59959
1125.69	-1311.04	72.1872
1427.26	-1485.86	77.8661
-1123.25	-469.956	3.16985
-1100.95	-581.149	5.94873
-949.628	454.534	-0.271701
207.87	-737.748	75.2842
-544.293	-1113.67	16.6471
634.873	-415.564	3.44899
-1207.92	-137.305	-4.70885
-733.332	-1288.35	33.0581
1090.71	-965.635	59.1239
352.272	-1389.26	29.9472
-1165.03	600.153	9.55546
-404.746	-863.735	29.0216
633.649	-1098.63	55.4873
891.47	-231.73	-17.4964
-1166.25	399.534	10.836
-258.769	84.5072	14.0171
541.074	-964.331	100.169
-46.7813	-1049.51	105.259
481.076	1334.46	-19.8311
-479.848	563.652	-13.0606
-481.726	-1486.76	53.6777
-990.484	-274.82	-3.8084
-931.033	684.614	4.0696
10.7865	-508.971	75.2237
-1431.56	-966.912	32.1967
-916.117	1372.53	-16.2818
1331.81	1404.22	-27.4961
387.737	-1091.06	62.5253
-1336.15	1329.42	-8.93872
-315.894	439.778	-13.2134
-571.449	-720.463	11.5229
694.383	414.389	-19.2561
989.487	1457.23	-26.8581
949.404	-275.238	-16.0853
-927.059	-1400	43.398
-320.449	399.23	-12.7247
1118.51	786.671	-18.7708
1048.33	582.812	-17.8367
126.166	-986.834	90.2382
1198.85	-543.089	-9.63888
829.21	-1387.86	25.3553
-234.082	1127.97	-19.2885
821.034	353.621	-20.8483
434.633	-1368.15	28.5008
-757.147	-587.712	1.60616
264.964	221.498	-14.7132
1432.85	-522.185	-12.1351
-549.593	768.9	-8.85487
-679.337	1165.5	-17.2712
384.661	676.737	-17.4688
729.053	594.863	-18.4239
1235.59	595.845	-20.2956
-721.457	1255.55	-17.8287
-627.265	-368.28	4.71963
686.186	1081.14	-20.5493
272.801	-523.394	23.6856
-224.449	-1388.38	60.4414
1488.42	676.019	-21.4362
-205.335	-874.14	67.4656
791.504	258.871	-21.6608
-110.031	116.791	-5.93901
1211.52	-822.52	9.99982
185.42	939.409	-19.6729
131.879	38.7109	-6.77096
-1313.62	1337.66	-9.78155
-539.011	1495.6	-17.0623
343.94	91.5761	-10.2652
-1102.45	-619.422	8.28801
1217.92	1013.65	-19.1103
-783.186	-269.767	-4.1176
66.7697	625.42	-13.6368
-704.642	500.34	-4.70089
528.528	-732.257	85.7516
-1310.04	-70.1899	-8.05938
-98.808	-531.279	104.328
168.04	842.352	-16.9873
1033.25	-1466.02	33.1733
798.949	659.268	-17.9182
-400.067	74.9948	28.4121
-1215.47	-1405.67	79.875
-788.836	611.798	-0.256007
1393.64	-699.67	-6.80924
-578.219	904.764	-14.9718
404.594	1221.06	-21.5308
-635.159	-558.095	7.24037
-923.488	-102.097	-8.67802
281.583	1174.87	-19.1609
-135.125	-1049.52	98.0109
249.458	-646.919	49.1026
-373.446	731.63	-8.37426
1351.02	416.483	-22.438
-217.254	-626.303	104.154
574.841	-226.416	-6.74875
721.584	-913.242	89.4926
-516.794	-1046.87	18.8252
-216.628	669.838	-11.7364
-819.255	-1330.54	32.4501
-154.223	1211.83	-18.3057
775.228	868.133	-18.4329
-1289.99	-15.3182	-9.38404
-449.196	1068.06	-19.0774
-838.769	-794.71	10.1777
1223.65	175.227	-22.8164
-1369.54	241.195	3.62591
210.849	-1397.65	34.211
998.856	-1037.85	65.2796
585.344	-1067.09	63.6633
-1028.18	-1338.25	55.7119
500.979	-382.52	2.39334
204.998	-1370.64	34.8226
505.762	573.14	-19.0285
-1230.56	1007.01	11.6056
653.009	-84.0818	-13.0152
535.305	240.92	-19.6424
371.455	-29.2322	-10.1039
-24.1593	497.988	-12.0976
1044.82	1294.83	-19.6382
63.2728	-1150.6	71.349
-1445.09	115.81	-4.01995
440.475	-288.285	-2.56867
-317.161	-871.074	41.3141
3.89786	-1263.31	56.1971
230.768	29.7499	-7.83333
1000.65	1344.35	-20.5508
-982.63	-1208.6	41.752
-1454.6	-1320.07	73.4532
-1360.62	671.338	10.4693
25.5333	581.328	-12.0108
1268.59	1031.72	-19.6918
160.294	-1325.35	37.2971
1458.76	1183.94	-21.1941
812.429	162.672	-21.7921
1167.59	-278.031	-13.6286
593.412	996.256	-17.4502
-1124.45	287.293	-5.69344
1329.3	-775.22	-4.22633
-256.464	-636.119	92.7432
-736.976	1251.01	-18.1119
161.071	-166.862	7.98752
1170.63	-838.778	23.0878
-398.166	-1195.68	31.949
980.081	1016.72	-15.4238
-626.672	-1450.42	50.5358
1115.3	3.1837	-20.7227
42.5554	664.75	-14.442
-1470.81	-282.227	-0.345365
1032.45	-55.1169	-21.0995
836.961	391.154	-20.3832
-1349.03	27.2899	-8.14396
523.717	872.245	-15.8558
753.959	-1371.06	24.735
-51.293	-1149.61	84.25
1103.33	-385.283	-9.96636
-1161.76	-1092.64	45.2988
-96.1772	-120.056	24.2339
-619.075	-1242.92	24.3826
157.133	639.273	-15.5651
-1054.01	-578.23	5.94085
1306.8	-109.895	-20.8245
1319.85	179.942	-23.5835
-505.713	-292.199	15.6812
401.081	-644.499	56.9575
74.8268	733.971	-16.2186
-870.222	1439.14	-16.2762
-871.905	-640.782	5.51587
612.569	-1226.7	36.6702
-318.743	535.773	-11.8655
439.883	181.998	-15.0677
-1209.19	858.42	20.374
-1054.87	-1386.45	62.5657
-1292.67	-1099	51.5824
149.947	643.415	-15.5199
-585.614	-1.52096	28.4595
265.726	-592.636	35.7699
283.98	-1212.91	43.0184
-214.744	1052	-18.646
-1076.05	-163.453	-6.12716
-917.325	659.449	4.43525
390.013	248.734	-16.4865
214.191	103.27	-12.0044
519.314	12.7769	-12.3971
779.513	-674.365	33.693
12.9338	814.77	-16.4904
-1484.27	315.772	16.5059
-223.401	-1245.82	64.9512
-228.584	-1422.67	56.5537
-1062.52	623.701	6.46463
-368.955	-481.945	57.8921
-1009.76	-1038.35	42.0355
284.235	-6.45934	-7.60609
-285.387	824.523	-14.5222
-1008.08	953.906	-1.23451
1244.86	-362.577	-15.0025
1147.62	1160.31	-17.9803
1411.89	-1446.62	85.7272
-867.603	-1256.37	33.9786
-1469.69	200.581	-1.09112
1350.52	-1411.03	94.9681
941.172	120.616	-21.9578
-1488.52	-504.064	3.58316
-638.874	-3.56117	18.3031
-202.383	739.751	-12.1209
-810.969	237.787	-4.99064
1213.76	596.773	-19.643
-1072.6	-2.80404	-6.95995
-1112.34	933.429	8.6942
1478.47	1323.82	-26.6602
1216.39	-1211.47	82.6988
-643.366	-1273.38	28.7326
-1162.05	-242.071	-4.34268
-950.634	-184.62	-6.50675
587.331	-622.441	52.7311
-234.281	1052.66	-18.8401
-553.301	-488.733	12.2457
274.444	-615.103	40.9156
1482.81	-1204.96	78.3677
998.053	1136.68	-13.6175
323.52	1182.49	-20.0604
-113.516	-1388.8	61.7307
865.748	-802.973	68.3319
125.55	386.595	-14.3747
629.1	-198.845	-9.70425
-935.895	-856.481	22.258
1003.16	38.4813	-22.4325
-1311.76	628.7	11.8669
-1031.14	258.084	-9.62837
628.977	357.94	-19.4517
1091.1	592.707	-17.9583
-280.836	-1099.3	55.9303
1280.48	412.69	-20.6039
1056.64	-1418.26	42.874
368.013	-316.362	0.761876
865.773	846	-19.178
-1393.61	-919.936	37.9144
207.651	749.733	-16.2979
-1293.47	220.559	-4.06691
947.492	188.375	-21.1692
663.237	-765.188	76.5174
-186.051	-534.008	117.208
350.29	303.878	-15.7357
-517.836	-969.847	18.5426
-1359.1	-1286.24	58.5246
-526.149	-370.757	14.1314
366.51	-936.474	111.851
-691.575	326.19	-5.02601
1003.46	-984.336	68.8566
-223.438	1092.46	-19.0189
1205.09	1205.04	-18.8769
-60.8793	-1.68934	1.27267
-443.046	-1319.42	29.8773
186.253	-4.73034	-4.43369
51.7692	361.472	-13.9681
-1170.55	-554.428	7.91613
-687.076	617.72	-6.9065
-790.024	208.707	-1.00867
-654.794	468.762	-7.59898
252.793	446.821	-16.3317
500.922	614.571	-19.194
-562.259	754.684	-7.68869
-934.669	-1453.08	46.2517
-1167.48	679.32	6.538
-1004.84	1353.73	-15.7269
-418.529	1370.47	-17.5105
-593.63	-939.626	12.42
-901.207	1263.68	-17.3084
1115.43	-1133.68	70.4097
-821.689	172.543	-2.6226
584.227	1334.35	-21.6774
-228.76	-1185.62	68.6442
-247.954	1092.14	-19.3179
1291.34	-1043.65	60.1874
511.25	-1218.46	37.0217
921.862	-86.6023	-20.6041
-948.382	-953.764	31.315
0.704713	583.49	-12.0484
1420.18	-1135.73	66.0219
-334.45	-576.937	70.725
1015.9	-28.4945	-22.2998
-1355.5	82.471	-7.97511
-1241.6	890.296	21.5017
1154.64	151.181	-21.3527
14.516	-886.563	108.231
-1098.42	-1002.6	44.5883
-171.206	-1077.85	86.7972
-1316.55	542.578	32.1242
-84.2533	-938.283	98.9727
-742.459	1022.23	-15.6559
1132.6	-561.959	-6.82052
-1145.26	1035.57	-1.93709
1101.29	224.379	-20.5494
-1096.88	516.62	8.92992
821.08	1057.89	-16.8651
857.345	-144.077	-19.8929
-729.701	1329.16	-18.2826
-480.648	-362.339	22.4639
-612.883	428.416	-8.79869
1198.59	1373.78	-25.2927
1301.36	-514.187	-11.9433
-1431.65	-1077.67	36.7265
-127.791	-1395.77	61.6431
-395.647	1440.11	-16.7263
1145.04	553.996	-18.9816
1073.81	-308.249	-12.4819
1088.45	660.294	-17.1414
-533.8	-1442.83	43.9911
-60.0071	943.022	-17.0502
-236.23	-771.582	67.6133
1004.07	-941.699	70.2506
-158.178	-1417.03	61.0477
-1108.69	392.625	5.31876
-48.1971	-943.744	104.577
-714.111	-586.343	3.00484
-1181.12	-861.656	30.2259
641.92	846.439	-16.8273
-3.81909	53.1601	-5.34106
-3.42633	-1113.51	89.7298
-884.477	-1432.81	41.8106
826.652	-1332.61	28.4064
-683.673	1346.23	-18.2085
688.99	-1306.39	28.7608
-1027.78	1131.58	-13.6392
507.19	-200.991	-6.35801
1138.81	-655.183	-4.54993
-1384.31	-1120.33	46.6674
123.599	466.562	-14.2987
533.955	374.365	-18.8452
453.806	-528.437	27.8599
-483.954	1299.86	-18.323
-1014.89	1072.39	-12.5363
-977.541	-264.698	-4.13714
-694.385	-534.119	3.78907
937.574	1028.68	-14.2068
-747.474	-17.5526	1.27123
160.414	-158.298	6.46017
931.318	470.678	-18.737
276.911	-250.433	0.918952
267.775	1259.73	-17.0944
773.823	-1096.05	55.3745
-163.734	848.701	-15.3317
1271.84	1096.48	-19.8677
462.186	-702.91	78.1923
1327.38	402.536	-21.635
-602.804	105.885	25.876
224.194	256.125	-14.8039
-782.513	571.081	1.82491
-1278.47	-1159.12	49.3592
-872.044	-571.927	1.54903
-1407.26	-386.678	-1.79457
-1407.48	-733.097	30.0573
-1091.19	457.334	8.73161
953.157	-883.558	78.3947
807.887	-507.864	-5.33919
1028.08	933.46	-18.0438
-506.676	506.492	-13.3855
-700.634	600.545	-5.08778
630.426	1404.75	-23.4367
157.545	-551.137	37.3108
-879.405	-700.234	8.93163
-268.204	-1157.39	58.3086
957.622	436.949	-19.1341
-974.979	354.932	-5.6504
1472.65	687.771	-21.1666
1338.48	90.8891	-23.2703
-1010.41	-51.3327	-7.91987
1373.52	-905.279	4.65079
-577.936	851.956	-12.6684
-1012.73	581.954	5.64797
1158.97	930.786	-18.0445
-276.465	138.003	3.71596
872.265	352.852	-20.3538
-875.227	-809.657	13.4483
-817.031	-906.24	13.0832
1389.55	1307.01	-24.6368
-612.235	-1210.33	20.1335
-656.17	-1192.05	18.5025
334.746	773.749	-15.1567
-561.802	-352.526	8.62488
-1046.22	8.88234	-7.32972
-1472.1	-1161	38.0148
1086.42	86.6196	-21.8284
-725.518	1081.5	-17.5118
-727.041	971.151	-13.5727
1171.49	-856.409	26.3674
1478.65	300.496	-26.9832
612.859	19.1714	-13.2249
-243.089	-186.691	58.9079
-913.224	312.807	-10.9569
1192.89	304.364	-20.4095
-191.522	258.258	-12.5462
276.617	767.408	-15.5196
524.891	-899.091	109.339
1279.97	1437.7	-27.5604
172.912	-369.927	25.7803
672.475	530.408	-18.7287
739.19	-1477.57	21.8312
-813.054	-419.704	-1.40189
281.429	450.616	-16.8023
-1249.86	-123.165	-5.77932
-545.819	1347.29	-18.3685
510.798	-53.4165	-10.4756
233.29	1212.49	-17.8458
1025.02	-973.319	66.9905
1481.37	-900.17	-3.7084
-1498.34	82.3191	-3.04774
-807.349	1449.63	-16.1458
-643.788	-521.344	6.51677
-238.803	1024.4	-18.4298
-1479.76	-1132.53	32.4973
1083.17	832.321	-19.0558
1240.19	1220.48	-19.3956
-460.553	-1493.34	56.3442
-762.246	-197.056	-3.96315
272.977	886.497	-17.9171
1488.64	-1371.23	88.2959
-1022.74	1279.92	-16.6847
382.547	1039.76	-17.718
1434.03	-1447.24	84.2995
953.928	-917.096	76.0077
-1061.21	-116.058	-6.76057
1164.35	955.222	-18.2987
-1107.73	986.936	2.31479
-824.7	787.383	9.35617
1070.86	-673.358	3.01778
989.434	-929.716	72.1504
1177.68	-1397.88	73.243
301.297	-1253.28	38.8285
1491.88	1311.64	-26.3082
-56.5245	-1408.08	52.6822
338.188	-425.433	10.2956
-544.528	-655.706	13.6777
401.199	173.33	-13.7336
-1302.41	257.807	2.81077
1215.52	1206.51	-19.0385
552.122	-709.32	80.3801
245.866	254.508	-14.917
-833.387	634.094	1.31781
226.439	-1380.33	33.8435
-637.084	-689.654	6.66067
140.697	-97.5709	2.16553
-1377.86	-1179.28	48.2029
-1091.88	203.021	-10.0866
-485.108	-575.689	21.4918
-1053.59	605.477	6.56842
498.935	1107.5	-21.1807
-232.806	1493.4	-17.2314
-594.737	710.572	-4.48254
-537.533	273.745	-0.62346
697.654	-914.248	91.7786
-1322.72	-1045.67	57.6566
-1040.33	-618.243	9.6636
-1178.31	-1181.17	44.3216
988.56	786.981	-19.0407
-1437.16	1383.97	-7.13122
-173.735	1467.25	-17.6058
25.9848	-589.24	77.1712
1271.31	-618.244	-8.80642
-841.339	-814.858	11.178
-146.95	256.658	-13.1119
1107.63	469.35	-18.7631
-448.932	940.593	-18.3517
1437.96	339.822	-24.888
-168.189	1087.82	-18.8041
-404.631	899.049	-17.8371
335.831	146.144	-11.0079
-695.805	1198.7	-17.6799
-322.647	307.072	-10.9653
541.279	690.027	-21.558
-1270.84	1092.9	3.03662
-1470.69	1255.95	-3.89986
791.435	-561.806	0.806433
-235.785	-832.793	61.8274
-967.248	-1052.13	39.4142
1095.95	-342.671	-11.0523
-904.89	1313.88	-17.0282
-123.084	432.722	-13.9502
-161.605	-249.34	62.5524
1285.35	-612.322	-9.02154
-1342.93	698.843	9.14415
-881.91	391.303	-6.9119
-1295.1	-38.5993	-8.68247
508.56	-935.43	107.999
-1396.62	207.983	0.216267
48.3519	52.4426	-5.2389
1266.78	944.587	-18.8877
1471.65	-1196.04	77.133
-1233.74	-56.8165	-7.06759
-611.112	1146.08	-17.4349
-712.416	849.157	-2.52043
-67.0225	118.925	-8.74753
-792.555	-570.246	0.528576
658.135	391.414	-19.1827
-308.295	1279.14	-18.0446
513.858	1492.97	-22.3528
-822.251	1161.89	-18.2557
88.4147	1019.62	-17.7753
1363.74	-124.689	-21.9072
-152.339	-357.87	88.4646
-1161.76	-693.558	11.9781
-13.7642	566.106	-11.969
869.929	172.052	-21.7344
647.939	-1325.72	29.8409
93.1918	245.974	-14.1725
-1081.63	-611.85	8.42113
-988.365	-876.972	28.6083
223.01	-348.44	13.059
609.899	916.744	-15.6549
-935.106	1422.05	-15.9005
-713.278	1390.04	-17.9708
-1094.47	-881.811	31.2568
-705.809	-93.3027	1.02103
-864.985	707.331	4.59223
1414.07	1416.78	-26.5799
1309	-1172.36	93.5857
897.968	-779.999	56.1734
-179.198	-1269.4	70.2396
-1347.55	-912.218	42.6612
-1480.01	-865.678	19.6756
-230.489	-807.654	64.9892
-1112.85	-417.683	1.21616
-27.4338	-650.149	95.1252
-247.928	1388.26	-17.2576
804.459	1496.81	-25.0469
333.243	1366.28	-16.3429
131.016	-375.644	35.9835
31.6426	-92.6593	7.37596
-611.817	-486.928	7.42623
704.825	-432.685	0.981532
219.506	472.067	-15.3378
-172.559	-57.5456	25.2845
-979.332	-810.647	20.5353
-110.094	1241.53	-18.3469
-1437.79	-444.754	1.61462
-708.719	-1450.99	54.4589
192.008	587.27	-14.8425
154.958	-1419.15	36.5186
1271.56	-834.015	4.44058
1498.36	-793.611	-7.36294
-998.483	-1387.41	54.6996
-473.969	-582.847	23.1218
-816.761	65.9891	-3.61877
-1165.3	-607.654	9.08818
-70.3219	1276.3	-18.5256
1172.03	-954.83	45.7224
1276.73	227.256	-22.1066
39.6488	-143.844	16.0886
-410.077	-500.425	41.7184
1174.72	-591.641	-7.305
-888.187	1054.6	-15.6539
-999.996	1097.69	-13.3849
840.262	-861.169	87.0877
-1391.94	1390.24	-8.01126
-284.194	-117.284	58.1669
-182.41	-56.9037	27.1715
421.92	1322.79	-18.9861
911.616	135.177	-21.8951
-896.384	-547.577	1.22315
9.37999	-952.614	103.277
-1278.08	827.144	17.9443
-795.749	-1016.91	16.6009
-1318.86	-223.872	-5.41394
476.169	-1494.73	22.7923
-911.288	-987.861	28.2699
1245.57	1365.07	-26.3296
-952.257	-957.841	32.3979
-1308.63	-377.572	-2.14937
299.099	423.249	-16.6278
-766.601	783.299	4.19415
1029.44	986.183	-16.6454
869.299	401.208	-19.7946
-1064.54	-1388.46	63.9929
1012.88	-1075.64	67.4581
908.226	-541.094	-5.53753
-1009.95	-203.304	-5.87237
-42.0064	-1220.15	67.8668
-1284.12	-638.349	20.5952
690.022	286.763	-21.6949
-1032.85	359.044	-2.29943
67.3009	-461.403	56.5237
293.518	-310.639	3.39077
817.836	677.686	-17.8764
-736.025	-515.545	1.45026
-1351.49	558.503	31.8805
-553.028	1457.58	-17.6299
725.205	674.185	-19.9439
942.851	1150.68	-11.9651
600.935	505.122	-18.3829
-148.594	-1190.45	78.9938
-626.196	1471.74	-16.828
-414.477	158.544	12.5217
-342.175	135.083	10.1303
309.323	1300.09	-17.0607
1328.81	-528.93	-11.5499
613.348	26.1441	-13.3978
168.795	-179.202	9.58741
80.5297	221.049	-14.8051
1141.43	-1256.14	76.8201
1025.16	790.244	-19.1572
428.966	530.06	-18.0454
1208.72	-45.5626	-18.1182
790.316	785.208	-18.9307
231.262	-850.328	106.23
510.668	-1259.6	33.9602
168.557	-342.369	24.9752
398.533	-1420.06	27.1716
1486.66	-1006.33	6.05196
219.284	374.97	-15.1461
1480.45	86.4593	-25.9074
629.038	1022.13	-18.4463
-270.674	1013.28	-18.376
493.901	1115.45	-21.2497
-1214.24	428.067	18.1204
-743.521	1147.77	-18.0301
504.126	225.851	-18.4281
304.398	970.905	-17.8288
-340.529	60.9562	29.1052
-406.821	1319.91	-18.1077
612.547	1262.7	-22.1326
-1196.5	-819.763	24.9366
604.429	-74.997	-11.7074
811.896	-76.8436	-19.8327
619.724	769.557	-19.732
1399.9	1223.03	-21.7557
345.8	-80.5542	-8.22238
-1408.73	-488.155	4.55774
1462.93	-1265.98	95.1881
288.748	556.062	-15.9551
891.974	-522.554	-6.71532
1427.68	-530.248	-11.9606
-1195.92	-680.947	15.5895
-264.816	-360.678	84.4193
478.981	1278.12	-20.8605
630.143	174.77	-18.9734
1147.08	487.171	-18.9036
25.2231	-1038.65	98.5014
-960.826	-1151.32	37.444
-278.492	-659.893	79.7993
-961.147	-766.144	16.7498
1407.62	-328.073	-17.0778
-263.573	-182.308	59.8596
-540.651	-215.579	18.553
-1329.05	-592.802	16.5291
37.3545	-1491.61	41.9349
-246.764	383.562	-13.7327
-162.175	544.336	-14.0215
-725.496	-959.519	10.8441
335.277	-956.84	109.452
249.809	-184.247	-1.6075
828.371	613.984	-17.5319
-953.81	977.607	-8.88705
1396.64	-1409.72	93.8963
1090.09	-1359.37	60.2975
-145.046	656.843	-12.4491
-1006.08	1043.58	-12.0462
600.336	-861.909	98.043
125.338	1232.67	-18.0609
142.019	-1247.04	45.4116
1439.41	1005.6	-22.2968
-283.906	-136.869	59.3278
-650.702	-1489.64	54.6703
-370.658	301.93	-9.9995
707.466	-1095.56	54.7789
-1412.28	130.143	-4.46996
-886.173	1463.59	-16.1251
-47.8934	-1454.44	49.1951
261.063	-459.425	18.1382
274.738	677.596	-15.8387
-1132.59	377.022	5.17194
-553.28	-1396.82	38.7557
-712.639	-929.555	10.4155
1462.8	723.323	-20.7815
571.443	963.5	-16.88
-668.554	991.881	-15.8182
1149.89	-627.22	-5.72689
658.104	-12.4386	-13.5393
-1309.37	-26.974	-9.14291
422.944	317.873	-17.3421
348.672	1243.68	-20.1647
-756.918	-402.841	-0.176785
1412.54	1123.31	-21.2395
-147.247	902.596	-16.8909
1249.75	-1455.04	73.2018
177.05	-1078.48	63.5936
-21.1091	-948.047	104.182
1000.3	38.1205	-22.4333
-331.042	75.8131	24.9616
289.214	1033.14	-18.2608
820.686	-163.372	-19.7965
-513.919	-309.663	14.0526
448.741	-624.842	57.4344
-641.882	432.754	-8.17015
-28.3914	1492.23	-16.4905
-573.417	1254.74	-16.9587
497.738	-104.69	-8.8938
142.907	-988.906	89.2726
-1291.29	1108.84	2.71591
-1463.66	-320.956	-0.187202
-1018.11	-25.6663	-7.75248
942.294	-527.901	-6.19247
-608.606	-459.346	7.1938
-1250.1	-627.297	17.4191
-1380.17	-639.016	22.4822
1140.69	-324.611	-11.9622
139.889	-636.103	56.2031
1398.12	-232.647	-19.7763
-945.471	-1323.94	43.8654
-1289.61	397.047	24.7805
-649.04	1231.14	-16.938
899.701	-600.797	1.53129
1037.77	1105.76	-14.8452
518.441	630.477	-19.9848
561.113	-192.375	-7.28585
-250.92	-911.116	56.9979
151.683	186.986	-15.2963
-1034.67	1497.64	-14.1601
-234.544	-612.582	102.5
88.4211	1278.3	-18.3458
-264.549	448.051	-14.1845
1320.74	786.241	-18.4452
1014.08	1374.05	-22.5886
190.348	-1066.62	65.8034
967.547	-1197.64	64.4067
-1481.93	-236.183	-1.0659
-1423.9	-1193.89	45.3174
525.489	412.598	-18.4619
1033.3	641.621	-17.1585
206.527	1022.71	-19.4999
-1317.18	-291.64	-3.21912
-1145.58	1368.33	-13.5257
-1085.65	-1416.1	68.8497
-86.5294	1361.35	-17.8592
975.951	-1012.34	68.7223
-468.177	-810.571	21.6555
-286.765	378.154	-12.9118
-1063.3	154.07	-11.2337
-1141.26	201.809	-9.47156
1014.28	-841.81	58.7537
1337.02	1180.43	-20.5044
-148.63	758.534	-13.0389
1473.29	586.23	-21.9184
22.2548	585.292	-12.112
780.463	408.951	-20.4005
-1273.49	632.881	10.4981
590.335	-1004.88	84.813
-887.554	-1328.27	34.9391
-79.6536	916.913	-17.2632
-384.39	-481.878	50.7096
-1285.3	-112.43	-6.67788
1089.99	49.7767	-21.8352
-1228.72	26.6025	-9.83843
7.24187	1237.18	-18.9399
-761.661	505.65	0.566325
1200.35	-96.207	-17.5032
1354.82	979.975	-19.897
844.686	605.778	-17.3331
8.3694	956.112	-16.4188
1104.95	-922.063	53.3626
1422.05	1120.35	-21.2849
-108.293	904.885	-17.596
-174.486	-878.884	75.2607
-176.293	456.214	-15.2724
783.809	-772.542	63.5514
1201.74	-1394.08	78.3436
999.616	-899.86	70.8876
409.141	-917.022	115.109
253.163	-402.071	12.7287
-556.095	945.853	-16.8254
-1114.83	-553.57	5.87187
-1094.67	571.84	7.8198
532.659	370	-18.8367
-131.289	1173.47	-18.5755
-1470.27	-934.939	21.519
-1108.47	1319.68	-14.832
792.628	176.864	-21.8377
393.838	792.466	-16.3397
1054.6	-285.377	-13.9673
-1287.67	1271.51	-9.92185
-1199.48	-825.723	25.9923
-293.313	-390.671	85.5842
-902.794	770.33	7.23856
-1017.02	243.742	-10.2447
724.049	-1337.58	26.0638
1168.07	-125.562	-16.8811
-1247.22	-663.546	19.9044
-842.516	1002.79	-13.8314
1032.77	282.83	-19.0037
-729.347	598.448	-1.98179
-717.912	-624.171	3.312
-992.428	-992.843	39.4785
-384.476	-321.934	52.7601
-1173.86	1035.55	0.603216
-716.999	-951.974	11.0421
1323.92	-786.571	-3.21894
-1151.43	1419.7	-13.1636
-1415.81	-1459.78	109.232
-156.989	1316.49	-17.354
340.028	-545.695	24.0962
1176.32	-962.386	46.6503
282.567	675.987	-15.8031
-888.862	-1034.51	26.7091
594.371	1353.88	-21.8299
260.951	1305.38	-15.752
783.516	652.992	-18.103
-1440.45	1067.71	16.3024
673.27	-376.304	-3.16893
-213.423	1405.71	-17.4013
805.199	-419.97	-8.85672
1408.68	1052.63	-21.736
952.609	-900.399	77.3366
1275.37	-173.454	-17.9967
1223.69	-1467.15	64.9128
1479.4	-808.416	-6.27704
199.799	-169.372	4.17013
680.772	424.285	-18.8557
232.014	408.315	-15.9315
910.216	448.893	-18.5576
668.791	-580.603	25.212
589.72	1128.27	-21.3371
324.727	-206.918	-3.17105
-1121.29	-623.645	8.02814
303.651	-947.274	108.879
1459.9	-1107.98	44.5981
-136.823	464.164	-14.4109
616.903	557.818	-18.7357
-1382.13	11.4516	-6.85828
-229.054	-1281.75	64.5698
1032.85	1483.26	-26.48
531.108	-254.667	-4.46679
-1477.42	1368.37	-6.35137
29.0717	-1015.67	98.8581
-1041.04	942.748	3.06751
99.7123	-1463.48	39.316
-736.749	-825.547	8.09709
-504.085	594.564	-11.7026
-393.864	-116.365	58.6176
565.033	-1032.87	74.2504
278.832	265.043	-15.0387
438.966	712.066	-18.9757
-1332.48	948.103	34.1044
511.546	1348.95	-20.0266
957.316	-1319.67	45.2281
541.317	663.244	-21.3095
1195.32	807.901	-17.9586
286.369	-594.271	35.662
-919.609	1325.71	-16.76
-387.106	-1474.68	52.172
1414.78	709.7	-20.6964
-302.612	-833.868	45.5712
17.7321	491.106	-12.3555
-614.358	464.493	-9.03781
1032.61	602.86	-17.4702
-1124.71	-627.655	8.15929
-1069.59	39.9972	-8.66121
-897.586	1153.71	-16.92
-426.755	552.2	-12.3084
-570.522	-752.818	12.1974
-168.025	-657.534	108.414
-318.163	-1314.06	47.2541
-1467.34	-756.82	17.3281
441.527	341.604	-17.5667
467.759	1322	-19.842
281.201	-1012.83	86.9177
-100.708	-521.587	103.091
-686.29	1320.91	-17.8984
1232.77	-607.301	-8.68716
-1439.39	539.953	42.2062
-1427.23	1237.4	-4.30188
1313.46	-457.866	-13.953
-1240.69	-280.632	-3.28321
-968.053	7.82512	-9.49156
-614.582	412.367	-9.12583
-789.449	1360.24	-18.445
-484.32	-804.937	19.8652
152.139	-1297.23	38.9177
-248.342	-565.286	105.813
180.757	424.037	-14.7563
1008.02	-1272.74	62.1352
-36.692	937.7	-16.7288
593.534	-529.231	26.3108
1019.03	366.027	-17.7559
1093.23	-1209.02	74.1871
1149.02	948.08	-18.1256
70.5876	-264.143	32.286
-756.698	1119.33	-18.3193
710.357	-374.107	-5.29584
-65.353	-1213.5	72.3606
-1066.16	-762.724	16.5602
318.571	1297.32	-17.4624
-5.68566	-263.154	49.7905
-335.528	-658.635	59.0024
1376.55	1078.32	-21.2226
1085.29	999.782	-17.4248
-498.343	-1137.72	20.2725
-1306.61	-1105.57	50.722
473.862	645.32	-19.2697
-649.799	-1011.66	11.2035
-864.261	155.477	-6.77175
-552.247	575.458	-12.624
733.263	-1464.51	22.246
634.427	-88.4885	-12.3889
282.075	-578.872	32.0944
316.497	452.605	-17.0256
187.301	-354.282	21.9492
-405.461	-516.024	42.5292
903.168	1213.87	-12.9704
982.617	883.408	-18.7171
704.144	1099.3	-21.1056
-466.601	500.246	-12.5698
-296.253	-1294.25	51.5381
-332.596	957.241	-17.6551
515.412	-137.071	-7.95233
-885.59	-750.479	11.4892
1361.52	939.704	-19.5785
-572.31	-27.1001	29.7937
1490.08	-416.831	-13.3823
-63.4835	-1333.96	58.2559
-682.609	1182.32	-17.3606
170.796	-281.533	16.0059
962.8	889.208	-18.5724
1336.09	-1322.11	96.2879
-471.745	894.702	-17.3305
1013.57	-875.712	66.2029
-540.185	768.601	-9.09113
-215.593	-1270.18	66.905
839.399	625.663	-17.4132
-496.792	-35.3807	46.0429
633.364	-21.083	-12.7719
591.535	-1497.46	22.4549
-327.448	22.5418	38.5059
-1272.78	311.337	9.08079
420.57	-182.178	-6.50567
598.039	-119.961	-9.40868
-561.09	732.749	-6.38179
461.858	886.373	-15.7203
-662.482	-154.766	4.57077
1233.68	-1032.67	61.3707
150.098	-409.73	32.2131
-221.164	112.475	2.23502
599.179	-778.278	88.6393
-850.031	1111.06	-17.8634
72.6836	4.40373	-2.25618
-771.678	382.17	-8.60698
-486.218	-1236.92	23.8842
902.463	859.639	-18.9689
-88.6143	-375.078	84.2928
-254.013	-1157.76	62.3122
346.197	-533.084	21.3933
854.148	163.523	-21.7415
871.6	-352.969	-12.6654
422.844	-265.586	-3.19245
214.312	-1185.3	48.0329
370.045	848.053	-15.7132
-732.307	-218.903	-2.91589
782.269	-1398.59	23.757
720.437	-635.462	32.9795
-1007.95	1074.92	-12.7219
480.978	105.914	-13.1547
-268.182	600.284	-12.0482
-374.705	-2.84573	48.0529
734.514	1020.44	-18.9195
-416.328	943.244	-18.2335
-1276.98	-20.9298	-9.01851
49.2188	-1210.95	59.66
1075.67	1251.38	-18.5922
178.193	734.58	-16.5012
1213.22	977.09	-18.8732
500.43	991.731	-17.6622
-464.541	-207.915	28.7236
-30.8651	600.583	-12.4693
-953.34	-1416.02	47.9859
411.621	-924.921	113.681
-887.619	-241.522	-4.87497
-544.866	721.598	-6.1792
-109.969	233.903	-13.294
-787.407	-668.178	3.02162
415.783	1107.78	-20.1482
-260.807	1486.27	-17.0665
-421.783	-616.413	33.7984
-1319.22	837.014	20.4824
927.802	-195.831	-18.2696
-1175.95	774.782	10.5207
431.693	-1445.88	25.1428
1455.43	-981.277	5.86675
-1497.1	-770.614	10.7136
-566.769	-115.46	25.5687
929.367	331.565	-19.6986
1371.72	64.9399	-23.472
700.137	-1116.81	48.8093
1047.37	1133.22	-15.2471
-524.396	326.978	-6.81188
186.336	274.488	-14.2598
-569.288	131.057	26.0805
710.429	509.673	-19.2464
1432.24	-659.476	-7.94558
313.346	104.633	-10.2141
-1237.43	237.2	-6.10122
-494.171	-1284.98	24.9124
-1397.73	951.36	29.8447
-952.75	-238.28	-4.99739
-315.777	-595.698	76.298
1430.44	-876.025	-1.25982
544.74	1053.62	-19.4848
936.031	511.017	-18.5731
1377.73	1137.64	-20.9746
-1155.75	-303.726	-2.34109
-414.261	240.114	-4.31073
-776.718	775.34	4.57966
-267.496	424.98	-13.8772
1077.98	477.044	-18.9709
148.327	868.907	-17.8166
-1144.12	-1369.66	65.3074
-838.675	-1100.54	26.9175
234.443	-1115.06	58.1153
535.476	1317.87	-20.838
-1102.56	1298.4	-15.2827
-200.293	-1185.52	76.0983
-467.748	-328.439	23.2319
981.142	45.0545	-22.3876
-996.502	-349.143	-2.39648
464.618	586.795	-18.5319
375.094	797.17	-15.7243
-224.714	1378.26	-17.2075
1245.34	-1260.83	88.3674
330.821	871.864	-16.717
897.78	-125.747	-20.0007
397.537	1301.69	-19.1329
1093.09	764.799	-18.8388
-930.182	1010.91	-13.037
71.1606	-1358.08	41.2504
-1072.72	745.941	7.56679
-1095.58	-634.404	9.28861
-338.289	114.881	15.4225
76.059	241.192	-14.1667
1246.55	265.631	-21.4907
-939.505	1026.11	-13.2953
-177.732	-618.123	111.898
-1414.31	465.79	47.2402
121.493	-130.221	5.20337
-992.862	-909.033	32.5114
-1171.71	-796.948	21.1658
-518.662	-548.173	17.9625
-32.6852	820.919	-16.3675
-399.938	580.846	-11.4776
-1348.42	-1258.25	53.5266
896.412	501.813	-18.3232
1177.26	1384.47	-25.488
-1225.27	-1082.81	50.078
55.5228	664.847	-14.5043
522.063	985.536	-17.5595
502.545	-1183.36	40.7567
-1482.76	-618.071	9.10325
330.921	1218.75	-20.043
1099.71	-23.3397	-20.7666
-261.655	-1077.61	61.1621
-881.914	536.72	3.96502
-4.63598	220.432	-14.5775
1297.16	30.1966	-21.1011
-524.463	179.185	14.291
-1072.39	1276.33	-16.1402
-1135.24	-463.456	3.35642
-594.17	69.5915	27.1562
97.1023	1106.54	-17.8123
835.769	1078.92	-16.1787
782.361	-1071.09	62.2678
274.071	1100.56	-18.6307
-177.626	117.086	-1.73178
509.163	92.7085	-13.3068
423.874	-1458.07	24.7879
-854.56	893.575	0.703904
-976.083	-925.698	32.6845
-926.244	-386.312	-2.04132
-430.179	-1369.12	34.4923
1040.91	-206.1	-16.2673
-536.423	-428.913	14.4232
-1424.65	-1101.28	39.9733
-520.928	4.06612	42.0841
907.719	722.351	-17.5402
-321.06	-1359.97	46.9444
-622.85	415.202	-8.9552
1066.28	-728.821	10.4752
-389.574	-429.222	53.1487
-482.46	272.543	-3.77752
-1086.57	134.519	-10.9992
-943.838	1420.21	-15.7681
863.941	1284.44	-16.7245
27.6196	-533.913	71.781
1402.37	947.556	-20.4241
506.208	-643.401	63.335
-1323.67	812.515	15.2898
-1166.88	674.326	6.65867
-1366.41	577.331	26.2401
1353.84	542.281	-21.2797
1171.91	1243.67	-18.7704
-672.89	1176.9	-17.1747
773.712	-1378.7	24.4891
1236.67	538.885	-20.2479
-59.9533	-847.075	101.395
1205.6	-556.073	-9.45012
-967.225	-805.932	19.9085
-1481.06	-1120.19	31.3163
-810.866	-679.469	4.51814
-712.168	-976.172	10.6072
193.883	-886.637	104.426
669.128	959.292	-16.598
470.474	-1372.31	27.7899
633.119	1026.46	-18.6045
-597.209	-179.598	12.7109
1182.71	-510.992	-10.069
31.8611	657.045	-14.2128
-1444.13	310.729	16.5388
1218.68	304.18	-20.6228
-805.927	172.973	-0.70727
-708.458	968.773	-13.9607
-259.202	-902.768	54.9441
966.835	-89.083	-20.6048
-401.822	1281.69	-18.6169
-272.834	1142.55	-19.6828
-857.828	576.366	2.54329
-35.4326	955.89	-16.74
866.692	766.796	-18.7104
-1183.39	367.769	6.89933
-1051.9	1100.42	-12.266
1489.16	-557.553	-11.7164
1210.7	-1334.26	84.4689
418	-167.443	-6.78395
852.217	-1352.17	28.8004
694.374	1357.14	-23.2818
-123.286	-778.639	95.5943
1021.73	-298.625	-14.8848
-854.586	-1015.64	21.1619
152.178	-735.246	78.0327
-65.0162	129.719	-10.2263
-196.432	-1490.87	55.735
-197.87	333.62	-13.6951
-342.111	-1196.44	40.9843
265.165	-801.2	97.5515
-1376.09	482.747	43.4651
-1242.07	-590.11	13.6907
266.373	862.665	-17.3097
-1362.49	-734.994	31.5665
-1039.12	289.885	-7.72173
937.252	628.437	-16.8347
-857.245	-957.663	18.7029
-1497.13	-1479.23	124.905
-242.956	-1297.31	61.8543
-50.2636	-1224.55	68.6127
1082.05	187.921	-20.8995
-734.545	-429.915	0.753455
-1239.27	-1389.79	77.4857
700.112	-972.158	89.982
-111.611	331.388	-13.6306
378.625	675.455	-17.3261
-1483.79	-1487.22	127.797
-1105.22	81.5212	-10.6448
-279.853	-503.456	91.7615
-1104.27	-1135.72	39.4807
-650.637	-249.525	2.59647
687.971	847.811	-17.5287
-1407.7	-1100.08	42.8339
1455.46	348.52	-25.2531
1014.42	-651.871	4.4582
906.307	824.883	-19.1825
1407.97	181.463	-24.9955
-777.927	-182.077	-4.57983
1351.87	-1069.29	58.4296
-471.688	1060.65	-18.7191
879.876	-484.314	-8.98161
1342.06	-537.15	-11.464
-1118.02	-1035.14	44.4056
28.0465	-1365.22	46.113
-853.823	-66.2956	-8.09769
-225.417	-1278.68	65.2338
452.211	201.287	-16.0828
844.468	-931.797	82.4069
-1173.1	-861.749	29.9726
175.245	-614.71	45.1199
-1445.11	-395.297	-0.437358
1319.3	1355.81	-26.4475
886.09	-898.901	83.1651
-10.0004	-352.66	73.9758
1471.56	-1176.88	69.2616
1411.79	691.705	-20.8178
927.425	-65.729	-20.7155
222.543	89.6184	-11.3717
-703.371	485.259	-5.88166
767.221	228.726	-21.7243
374.934	1439.93	-16.8332
8.14488	-1358.5	48.2331
745.353	-634.83	28.1293
-854.099	453.294	-3.63296
-1461.62	-639.601	13.576
-850.381	1299.54	-18.0458
1125.53	768.593	-18.696
264.493	948.168	-18.6855
235.908	1461.21	-15.5041
-897.521	53.5719	-8.90339
-722.915	-504.543	2.04995
1028.82	1101.73	-14.5687
909.494	-239.683	-17.1482
689.207	114.25	-17.7282
-1058.38	470.498	7.83534
23.0574	-994.063	101.771
9.80927	1279.79	-18.7846
345.32	-302.344	1.11419
-1476.9	814.213	10.2885
-975.299	-446.075	-0.538144
289.197	-1191.52	45.4198
-754.67	653.763	-1.47938
-1251.32	-265.408	-3.29347
-603.017	-1386.22	41.5751
-492.935	344.012	-8.55896
-242.476	-291.682	71.1304
-850.166	-482.215	-1.68653
-1031.82	-717.453	15.1771
1367.28	-968.764	17.1859
-1274.14	-1355.86	70.0715
19.8988	-1096.24	89.8488
822.774	164.17	-21.7815
391.918	924.582	-16.0272
-947.541	-206.966	-5.97125
134.585	-273.844	22.3045
-249.013	-1058.86	64.5923
-1118.3	-570.516	6.30414
976.601	519.024	-18.6011
-1239.11	-1335.89	63.4391
1308.3	237.269	-22.9466
1108.42	947.893	-17.8497
-424.355	-1333.8	31.7683
783.299	-1216.07	36.8142
-657.028	-239.278	2.03452
-1117.24	-567.75	6.21078
1095.6	-783.127	20.8456
-565.646	1154	-17.6893
-299.475	-1113.04	51.1094
-1276.23	138.351	-8.83803
-314.309	-122.209	59.0776
1331.55	-1423.89	90.1307
244.834	-1257.93	39.9185
-569.846	713.84	-5.1533
775.124	-1380.38	24.4306
1122.66	1046.78	-17.4495
1489.45	382.985	-26.4597
-1064.59	877.765	14.0639
-1244.52	888.921	21.8635
-948.071	1432.65	-15.7004
-501.57	1105.78	-19.1357
-503.847	-689.424	16.6716
-1452.63	-893.438	26.7909
470.26	1361.79	-19.3588
13.1541	-452.576	72.1137
-765.228	204.392	1.52786
-1200.67	575.754	13.3579
-1368.41	-1167.7	48.9751
-874.292	-971.932	21.7212
-28.2552	-421.178	81.5564
178.504	1343.78	-14.9283
207.145	470.997	-15.0182
-1013.95	-1395.94	57.5496
-495.759	1194.74	-18.477
-696.687	-941.608	11.4142
-403.795	948.744	-18.1997
-473.573	-239.833	24.5939
-328.871	-1243.48	44.7831
-8.81541	-1380.41	48.8315
-109.145	-1010.81	98.0186
830.058	-1124.53	52.3789
-471.318	1422.83	-17.61
-1235.93	-808.882	27.8518
-1210.55	646.867	7.85424
-1374.51	-600.822	18.1362
-419.908	223.891	-0.871028
-1271.14	-533.705	10.3425
-1449.75	-1032.42	29.7556
146.471	1101.97	-18.8837
395.506	-78.0638	-8.82156
95.1226	105.03	-12.1458
727.82	436.191	-19.5615
-227.585	1330.29	-17.4558
-451.542	717.186	-6.2633
-272.8	-58.5793	47.5139
-652.516	1185.65	-16.9339
-361.088	1186.94	-19.76
126.988	490.525	-13.8577
816.921	-387.845	-11.0091
-765.114	131.143	2.95446
-1157.21	911.139	13.0176
-95.9602	-334.048	80.0734
1022.87	185.176	-20.7056
1259.87	-155.279	-18.0547
89.269	386.643	-14.3905
-1461.59	1369.65	-6.60564
1115.78	-1001.55	58.1296
847.349	920.605	-18.0558
-1174.49	-721.318	15.3983
1498.75	665.111	-21.979
-1044.67	554.149	6.56638
386.225	-619.752	48.9781
-0.60625	451.804	-13.1228
902.743	704.087	-17.4699
-996.911	-768.602	18.1576
1391.4	-624.059	-8.97778
-1170.39	362.792	5.26573
1101.65	-328.493	-11.6193
-1120.94	-468.288	3.03311
1105.77	-278.362	-13.316
-888.687	-1448.89	43.1126
-970.68	957.809	-4.95652
-154.233	-727.6	98.0122
-1198.87	-1420.61	81.5391
688.3	564.562	-18.4614
1058.84	1421.32	-25.2821
-172.306	198.963	-10.5479
1227.01	63.9511	-19.4845
-1101.35	-428.078	1.25424
-386.451	164.363	8.77486
563.902	1479.23	-23.487
203.936	1451.14	-15.3563
-845.524	-483.992	-1.63205
0.511323	-822.759	107.243
667.391	326.302	-20.512
106.902	-504.2	46.7327
932.849	-886.105	81.2772
49.6206	-215.957	29.5489
1224.68	105.594	-20.9534
788.757	1332.18	-21.623
784.704	904.209	-18.1396
127.485	-112.095	3.08285
388.364	-914.33	115.669
-707.357	1322.92	-18.0602
-1050.24	1389.26	-14.7873
724.636	788.346	-19.4515
-630.772	-867.842	11.2177
-426.994	976.845	-18.5074
-630.101	808.49	-5.71798
0.886381	1245.32	-19.0619
-1337.43	-557.287	12.1668
-798.869	-284.207	-3.64542
327.943	1062.55	-18.1755
-1119.16	19.7906	-7.43679
-1284.44	4.28173	-9.69691
-1307.89	694.23	7.62877
91.7699	558.787	-12.4134
541.514	-1045.92	68.5155
-82.0518	-434.143	87.163
-361.316	-1376.11	40.856
-579.009	-1157.62	16.3983
-282.012	806.163	-13.7862
249.203	-172.214	-2.18952
548.113	-178.626	-7.43246
313.267	-1353.67	32.3805
-273.208	706.962	-11.5476
-847.899	815.97	8.51015
579.946	-1302.14	31.6255
-562.05	35.9176	33.767
-681.696	-1034.05	13.2327
-1169.91	-1353.22	63.7516
1417.41	689.173	-20.8433
-801.091	-714.241	4.87385
917.802	-1066.26	68.2612
-765.121	803.818	4.54506
1035.86	-581.069	-2.88082
214.937	1344.48	-14.4829
290.326	54.6756	-8.89149
134.578	128.925	-13.9685
634.717	-616.805	42.3161
-1162.47	-1487.23	86.4378
-3.70763	167.616	-14.4098
-1434.08	1192.79	-1.9011
180.377	964.206	-20.1551
-98.2671	-386.077	85.5434
-510.369	-1478.14	50.9296
-1004.43	-487.307	1.25464
1173.73	573.091	-18.8514
1182.83	81.3823	-19.8277
1002.52	-209.435	-17.3316
195.256	1288.52	-16.0637
-677.339	-341.724	1.98462
-1065.38	50.4507	-8.92911
218.984	-1402.72	33.8039
1113.24	-69.4924	-18.9702
-189.392	-1156.87	78.5935
-309.412	-52.9086	53.1979
-986.799	-325.489	-2.50361
-520.138	142.626	22.6468
-970.176	327.212	-8.17934
312.599	-855.466	113.874
307.349	-1108.92	59.9381
20.7859	74.1274	-7.65835
-467.585	1497.02	-16.4223
120.588	-928.652	97.0202
1364.62	-1059.47	52.5945
466.217	582.996	-18.5715
631.367	853.262	-16.4296
944.635	809.836	-18.92
333.984	-803.665	104.259
-888.44	471.981	-1.47572
-1426.7	1292.45	-6.12086
851.314	-1157.56	50.7566
-1233.65	339.063	7.6868
-584.424	1315.28	-17.588
-970.477	1449.58	-15.355
-159.225	1252.9	-17.3644
-935.041	728.58	4.03786
-913.262	-1296.84	38.9728
256.409	-902.475	109.441
687.115	-189.847	-14.4771
1143.74	830.762	-18.5052
487.059	-1335	29.6141
-699.788	-1074.18	15.7897
-975.253	-1121.89	36.4798
759.93	-736.292	55.7174
259.439	-109.733	-5.46814
734.139	-1195.05	36.6469
795.886	1452.92	-26.8003
-377.602	473.197	-12.9597
-888.224	-1052.01	28.0003
496.947	1409.84	-19.7638
-1393.71	1277.38	-6.27854
-554.038	-5.03696	34.2628
-447.473	65.7806	32.8141
-1474.66	45.0235	-3.44684
-1278.57	-1376.4	75.492
163.003	1216.1	-17.9885
-1484.13	-1020.09	20.5946
842.996	-403.371	-10.7714
675.105	-1256.46	32.5921
1381.27	326.12	-23.3774
207.869	876.083	-17.8461
-207.223	-880.183	67.0776
1135.25	1370.14	-24.3638
657.994	-1215.79	36.7214
811.051	-756.155	55.5948
-838.337	73.3277	-4.72443
-806.265	918.164	-5.8808
-155.519	80.4984	1.34049
-581.058	-97.1591	25.3945
-1046.77	-901.017	36.1743
1067.19	-1440.02	42.0305
260.047	-1144.06	52.8817
1102.78	-707.605	4.9676
-222.844	-1125.93	70.6106
-795.893	-665.261	3.00757
-1432.73	-899.895	32.0643
-1296.92	-536.979	9.81772
-1200.28	418.039	16.0387
-1420.58	-1352.15	75.9251
-924.113	1215.25	-16.6771
-1198.76	1348.93	-12.3424
-268.243	-1222.92	56.096
-1211.34	180.568	-9.34688
-35.7483	-1346.33	53.0732
-1227.23	1176.92	-5.88665
1112.5	241.822	-20.3996
52.5105	-1439.85	42.0317
-197.121	66.6731	9.09048
-77.1756	550.782	-12.3438
653.534	587.223	-19.1896
212.566	-160.562	1.83646
222.426	1284.08	-16.1246
-1449.53	-581.269	13.1378
622.694	-1081.46	60.1207
268.035	-792.089	95.1037
-451.093	-469.882	30.2533
265.813	942.923	-18.6239
-1168.48	1248.5	-13.1087
1408.39	-1373.96	94.7781
-560.584	-397.018	9.44263
-243.36	-240.149	63.6421
-983.338	-627.032	9.53844
20.44	9.21147	-0.851765
-303.282	680.11	-11.3065
571.548	-804.768	96.3277
-403.57	-200.152	41.7762
-755.978	-1143.34	21.1488
-455.208	1327.67	-18.3741
-1011.23	526.107	5.51197
407.622	-213.018	-5.06373
317.721	-247.908	-0.492822
-761.133	-1483.96	54.4827
-1409.54	569.877	29.0335
1113.38	270.987	-19.9859
-1281.5	1064.21	5.6808
1138.1	182.925	-21.6913
-1029.35	-1396.79	59.5758
-36.6283	299.611	-13.619
-1312.62	204.48	-5.07879
-1127.94	-151.886	-5.49921
1188.16	-539.731	-9.42722
731.048	-95.1209	-18.76
72.2664	-748.63	93.667
24.8403	1138.34	-17.9676
694.32	-817.199	82.4847
1358.4	-553.624	-11.2303
-1104.39	556.163	8.48155
-99.8082	615.081	-13.4732
875.871	-1051.18	69.5608
-884.593	-456.248	-2.05983
919.44	387.698	-19.3358
988.797	-1182.29	67.8009
125.787	804.828	-17.0055
693.315	-875.037	88.8843
320.424	-984.487	100.421
-563.134	178.153	14.9441
154.753	-67.1543	0.305888
883.348	-926.772	81.0321
4.92329	-135.25	18.031
-639.611	1487.26	-16.6599
-852.587	1252.63	-18.3465
1258.86	-381.008	-15.3044
558.426	-272.171	-4.96195
-783.336	-257.006	-4.50659
-1283.42	-1384.19	77.6585
857.754	285.774	-21.0848
1189.33	563.789	-19.2129
-1359.76	226.868	2.60174
875.02	1411.03	-25.076
1158.59	-1417.25	65.3624
-1223.45	-997.29	47.9306
-1134.51	549.001	10.2395
926.886	1260.41	-14.6425
-244.179	172.313	-3.71031
1045.3	258.969	-19.6238
106.277	-573.197	52.7428
285.938	208.014	-14.2156
874.252	1084.07	-14.4766
1376.4	-435.022	-14.2062
-604.678	-757.245	9.62533
821.237	219.099	-21.5439
1295.27	1064.26	-20.1684
1066.23	-110.225	-18.2316
-456.314	964.107	-18.5708
952.121	322.213	-19.4122
992.622	-418.805	-10.2871
-1179.26	-921.002	38.1216
-258.486	749.09	-12.0717
48.1159	459.188	-13.7201
-116.812	585.646	-13.1065
-228.168	-88.7254	43.5005
-781.874	14.0149	-1.48108
-199.515	-1303.14	70.1315
967.473	17.1088	-22.42
497.269	-656.56	68.087
-1471.59	-913.589	21.4615
-199.366	912.375	-16.6468
1394.15	828.164	-19.0034
-438.248	-1041.57	24.6191
-1400.33	378.194	32.8055
-766.796	-326.478	-2.15798
383.842	-1027.82	83.0753
-1092.2	779.136	9.49595
-337.951	-24.7284	50.229
-701.663	313.287	-4.59861
660.646	526.343	-18.6861
481.403	-701.752	78.349
-992.61	1009.77	-10.099
1489.49	879.594	-21.4394
-606.444	-978.701	11.9607
-1145.69	22.9873	-8.00699
-398.501	-1029.98	29.3305
-1076.19	-1138	37.2398
268.844	-1235.03	41.3351
1127.09	833.698	-18.6538
-652.936	-782.027	7.41364
543.075	355.981	-18.9878
347.562	1077.8	-18.3344
770.469	-250.147	-15.5373
-206.624	1492.76	-17.4246
994.121	-447.37	-9.19968
1225.87	-1016.09	57.5746
1285.46	-302.396	-16.3348
1445.1	384.131	-24.7854
-568.673	845.234	-12.741
1079.84	-816.748	34.7904
1027.17	-775.548	30.1675
608.175	1120.27	-21.1652
-469.429	-1462.55	49.4931
1247.99	270.191	-21.4133
1204.61	-321.928	-13.719
-1397.14	415.095	43.4134
-1202.76	1213.4	-10.0253
616.491	-1067.48	63.9226
866.643	184.793	-21.7573
1284.29	-468.339	-13.489
230.108	-1479.6	32.0896
-978.169	1273.36	-16.8054
-891.718	-953.876	22.6156
-775.603	-257.046	-4.15126
929.116	-1206.21	56.2356
855.389	74.5168	-20.8662
-1254.81	-321.892	-2.05153
-664.768	-1399.65	48.0869
-1464.01	383.605	35.4717
-1417.38	-276.695	-3.05052
779.896	-53.2848	-18.3377
-399.872	51.1109	34.6949
171.452	-240.212	13.2973
85.1116	-704.775	79.3743
163.576	256.309	-14.1508
368.435	-1377.11	29.898
-468.962	192.627	9.86696
-291.461	-1056.68	52.6442
856.452	821.37	-19.4279
935.997	-1093.03	68.7125
-821.62	-1263.24	30.1955
1198.29	-751.489	-1.12069
-1152.22	-1232.74	43.7806
583.525	-1063.78	64.7064
-794.41	-1470.3	51.2762
772.715	1414.66	-26.0133
-603.963	-200.666	11.7292
-544.643	25.2621	37.3124
-742.475	1433.48	-16.4868
-1291.2	253.684	1.1794
-232.134	1494.16	-17.2306
1425.09	-1148.32	68.6964
533.271	1274.89	-21.5049
-1262.03	-1105.78	51.2805
914.467	796.794	-19.1912
-715.682	-1283.42	32.1182
-742.633	-1062.19	16.1424
665.314	-306.818	-8.44589
-1242.74	1126.92	-1.07546
-883.698	1453.5	-16.2136
1475.23	990.39	-23.0605
-913.352	943.76	-4.62608
-384.773	-775.45	31.7848
-1105.92	1198.72	-12.9109
536.699	-45.1445	-10.5477
346.483	1322.22	-17.5679
1201.29	-938.388	36.8404
-1347.96	742.477	6.87508
16.2367	1331.97	-18.2104
-887.913	-379.266	-2.11468
365.38	1446.93	-16.5659
757.339	-636.584	26.4556
-1094.01	305.999	-4.73184
1448.39	-411.061	-13.968
653.775	-805.033	85.2941
-1134.93	1023.07	-0.904492
-1158.18	-723.032	13.9201
-967.321	-380.921	-2.21992
988.944	76.4697	-22.2188
1241.8	-1275.81	88.4944
778.548	-1116.37	50.7431
789.439	711.766	-18.5106
-113.927	-946.711	93.5175
-1116.09	208.909	-9.68441
689.321	1449.91	-25.5889
-468.853	-650.453	22.8187
563.241	1132.87	-21.6276
1429.42	766.662	-19.4393
-721.924	-980.534	11.2402
1308.73	-848.539	2.24071
1090.75	-1366.9	59.1106
-751.72	-447.658	0.0217017
-1176.67	-162.511	-4.87845
-743.91	1056.9	-16.7288
-435.575	1073.92	-19.0534
158.096	1179.28	-18.5626
-187.682	-651.16	106.843
276.981	322.323	-15.1411
1450.94	-268.272	-19.7297
635.357	1144.62	-21.7148
-1074.9	-643.015	10.5854
-1249.76	141.33	-9.57107
-851.444	1212.38	-18.265
-1021.71	-265.027	-4.13726
-952.15	-41.0977	-9.81094
-1132.29	-862.58	28.466
1188.91	874.428	-17.9354
-664.205	506.894	-7.59661
499.58	432.309	-18.1638
-1113.62	-760.925	14.6427
-557.657	-1266.34	24.6275
-1075.1	1259.46	-15.8291
-625.788	-1421.17	48.139
447.111	-808.791	109.61
1184.94	-1403.14	74.0168
-188.859	-1398.95	62.9574
-440.181	830.624	-14.7691
141.035	122.507	-13.6935
-1150.62	602.166	8.92943
346.019	957.717	-16.7305
-540.281	1139.08	-18.0282
866.593	102.033	-21.6352
960.713	361.771	-18.8476
1265.32	-631.723	-8.57064
-180.953	392.35	-14.9988
283.572	668.269	-15.7885
365.695	724.603	-17.2797
408.424	321.059	-17.0931
-1006.46	617.645	5.66932
-557.453	-1096.62	16.5041
1398.89	1018.41	-21.5945
-498.882	-308.207	16.5525
221.217	1497.66	-16.4701
-158.611	1393.15	-17.6019
1159.94	-1204.71	76.0589
482.71	-1314.04	30.7033
-1482.67	-880.126	18.7958
-831.816	271.791	-8.74819
1102.22	780.613	-18.943
-1473.17	383.357	35.6245
-1337.64	-89.6275	-7.84022
-475.858	1094.03	-19.1769
913.856	-229.853	-17.3978
-1408.98	460.813	46.9099
-365.312	649.655	-10.1713
-1019.54	455.97	4.82645
773.641	682.007	-18.7293
795.737	-656.68	25.4259
-323.277	639.252	-10.9842
-750.289	-49.8625	-0.651525
-1312.67	110.297	-8.72
248.956	974.527	-19.0335
252.072	-1017.57	83.6296
1327.58	335.438	-21.6494
850.121	-95.0886	-20.0743
888.304	-1438.01	25.6403
-987.239	-1313.27	49.594
958.84	-1243.28	56.7032
746.745	1012.61	-18.74
551.723	408.218	-18.6141
-98.2465	-1047.24	104.066
321.818	99.1813	-10.1778
-943.749	-273.797	-3.83041
-1409.62	-708.66	27.9355
-1318.96	232.621	0.0817526
1075.65	-1209.08	73.8071
1257.82	-499.992	-12.1112
1311.4	-558.588	-10.6207
1332.53	-910.055	9.18622
347.92	-610.552	41.7888
307.404	-239.87	-0.665478
105.348	476.436	-14.0041
150.936	280.322	-13.7953
1033.98	23.98	-22.4916
-655.568	-925.949	12.3537
-332.646	586.452	-11.4045
-904.361	782.883	8.14135
1192.89	-298.445	-13.6369
1293.54	183.321	-23.0229
1367.57	-955	12.0601
1290.77	1427.88	-27.5963
-894.34	-269.227	-3.96806
-1336.69	1442.48	-9.35844
-117.402	1103.54	-18.344
490.229	834.249	-16.9979
-381.047	80.1018	26.2324
507.009	-473.257	17.3778
-1286.05	-706.191	26.7507
1322.98	615.685	-20.4829
729.481	-704.158	52.3648
220.938	869.228	-17.6085
294.365	58.5883	-8.91099
338.013	-1337.93	32.3891
-1212.27	186.306	-9.14511
883.282	1429.13	-26.2832
1413.59	-99.7556	-24.0183
-841.759	-788.752	10.1563
-467.93	-1117.24	22.8398
-792.778	-761.254	5.74581
295.011	658.831	-15.7278
276.181	-291.784	2.97412
-192.764	-836.49	72.5782
-1161.71	-415.102	2.59169
1012.81	-1042.9	65.0161
670.138	923.392	-15.4433
-792.891	-258.846	-4.468
-597.729	-730.323	9.80649
1371.77	1375.79	-26.0861
-1161.54	942.258	12.1947
126.354	187.009	-15.6468
-1455.97	-827.799	23.5499
-723.948	-902.853	9.65506
385.297	-318.343	0.149642
1073.89	641.251	-17.2539
183.198	1123.83	-19.0621
-118.065	-993.651	94.7721
1062.2	-734.745	12.1029
-480.996	131.08	23.64
-1235.31	198.933	-8.26429
305.295	1358.75	-15.3918
-867.663	-388.546	-2.0285
32.8559	-66.7429	2.4272
225.047	-75.343	-5.01419
1146.33	-10.8605	-19.5573
951.083	-525.878	-6.23932
446.841	423.908	-17.4943
-324.203	-127.686	58.9151
-366.498	752.456	-9.81611
-286.755	1082.79	-19.7586
-1494.78	-126.298	-0.449168
31.9124	1260.97	-18.85
-1018.2	-1101.4	37.4889
-1046.6	967.757	0.157351
24.0784	-11.85	-1.98594
154.62	977.886	-19.6501
-1039.48	819.98	8.98931
561.09	1120.87	-21.4548
68.1699	-466.863	55.9386
-1198.59	220.5	-8.24181
-1460.43	638.7	12.6846
-283.216	850.631	-15.232
-412.414	451.944	-12.3026
-946.09	1364.9	-15.9915
513.435	54.8459	-13.2662
-251.83	-431.55	96.9285
621.726	1226.13	-22.1032
-847.968	400.324	-7.7051
-1486.32	-1208.21	45.2718
-1128.63	-969.42	42.8381
-1297.89	37.6017	-10.0671
986.38	-1120.57	73.7378
186.86	485.495	-14.516
-340.452	-1040.62	38.8675
-470.017	1359.38	-18.4171
-97.9874	544.995	-12.4742
332.152	690.239	-16.3431
-558.061	940.389	-16.7305
48.4487	523.827	-12.1765
-716.859	829.789	0.195207
493.367	77.4535	-13.1754
443.726	-1024.55	80.7304
-662.851	-1303.47	34.1476
-1253.52	1040.59	7.19376
-1336.88	-10.304	-8.42188
-456.248	-405.578	29.3715
-263.087	-320.024	79.8759
1312.48	-915.832	12.411
1141.39	812.233	-18.5295
511.042	601.662	-19.3119
-752.665	791.576	3.63572
-1148.46	-512.933	5.56427
1401.41	-1434.72	88.5528
-227.692	-178.627	54.9355
605.998	288.995	-20.4275
-440.212	527.429	-13.1313
-1141.32	-266.961	-3.80472
-1237.04	1039.14	5.64477
-394.759	-1345.48	36.1009
72.8461	771.618	-16.5951
-991.863	937.546	-0.397605
-1000.53	1434.64	-14.9012
1111.75	1460.17	-26.1614
1203.76	329.802	-20.1939
1337.77	610.062	-20.3288
-1235.4	156.809	-9.59033
-646.365	392.633	-8.52133
1049.29	449.485	-18.7204
502.764	-41.3736	-10.8001
-703.007	832.554	-1.2066
-1434.28	-440.267	1.16785
1389.93	375.172	-23.1407
-957.85	-32.4285	-9.76371
-16.6101	-115.598	16.5689
-1118.25	749.506	8.79462
-900.218	1455.41	-15.9844
-527.997	501.085	-12.5847
143.456	-1073.8	68.5365
-1398.27	416.165	43.7704
-837.028	-200.947	-6.25907
-162.48	-1183.96	79.9518
246.617	62.9342	-10.007
1467.02	-1279.91	95.5616
420.976	-1475.87	24.3961
1460.93	-147.912	-22.8001
-966.727	916.076	0.840497
-1378.77	1473.18	-8.24924
-1243.63	-828.261	31.0002
1377.54	1279.92	-23.6252
1361.35	-1172.64	87.0421
83.8418	1300.57	-18.1155
555.409	8.20165	-12.3797
454.335	-296.207	-2.43167
-254.366	-316.4	78.8268
-974.191	898.432	3.26319
-1025.2	1433.89	-14.5257
-1350.82	-340.189	-3.43392
-711.017	343.921	-6.8556
-934.839	-379.585	-2.02966
1051.44	-384.158	-10.9606
-765.084	118.863	3.00825
1058.35	-707.341	8.67639
-686.596	664.345	-4.02973
1322.26	-1389.05	94.345
-1043.58	-1305.88	51.2871
1193.15	428.393	-19.4173
-980.188	-1453.73	53.6607
8.17826	-1104.77	89.8143
910.535	1426.5	-25.9175
1422.8	-1051.6	33.4845
645.266	-350.783	-4.18777
285.217	1128.77	-19.4667
-1483.64	-1397.5	99.2435
582.631	-1498.94	22.3926
357.428	-650.9	53.3134
-943.989	977.369	-9.07561
1057.83	-901.94	59.9301
-547.543	-209.407	18.4368
754.104	1354.13	-22.8804
76.5301	-1031.76	89.416
1132	-1097.09	67.2487
-820.939	-22.9433	-4.62632
-138.626	-847.53	85.0375
-96.7431	873.405	-16.9576
-406.451	-151.772	50.5856
398.942	-892.004	119.564
406.013	1036.56	-18.0657
-1220.97	-703.083	19.1979
859.671	224.962	-21.422
-1465.35	905.633	20.92
-67.112	-598.427	104.011
-1350.6	169.071	-5.41235
225.704	584.735	-15.4441
1073.45	1301.33	-20.1854
-1221.16	-1182.5	45.4251
518.055	-1268.04	33.2838
761.659	-224.568	-16.4125
821.536	-1030.5	71.0125
-343.952	244.135	-8.42179
278.883	1047.04	-18.578
-1033.11	-737.764	15.9994
-1207.61	-298.553	-2.10867
-1143.96	-845.966	26.488
-1330.33	784.843	9.81941
652.008	501.807	-18.8986
-261.771	-1079.24	61.1372
298.795	-636.531	46.1517
1100.36	681.161	-17.2069
747.65	-417.545	-4.23631
-808.951	928.361	-7.10418
-1270.28	172.423	-7.95679
1256.28	239.38	-22.132
-488.955	413.645	-10.8174
-1454.75	-514.893	4.50292
1251.64	-737.978	-5.19402
1070.21	261.616	-19.6765
-1380.83	383.663	33.8954
763.188	-62.9373	-18.2458
-1091.35	-154.163	-6.03364
900.068	1404.3	-24.5036
-33.5682	606.443	-12.5824
-887.03	-208.055	-5.97238
-1074.23	-811.489	21.0508
-1104.92	-81.7537	-5.36777
-373.491	290.172	-9.62472
-890.652	1449.08	-16.0736
980.275	520.986	-18.5789
-13.7965	-284.105	57.4397
-1491.19	-591.41	7.44842
-752.119	-1410.89	50.158
870.361	-832.471	78.4224
451.628	-1231.56	35.9488
-385.766	533.16	-12.2145
-890.746	-28.3381	-9.3935
354.384	-456.587	12.3751
-71.5569	-819.505	101.239
-1380.62	988.121	31.4277
-540.797	-756.495	14.5511
961.296	462.521	-19.038
-263.29	-210.465	62.9974
-1172.98	-410.8	2.84295
693.849	-843.589	85.5433
-1066.68	1047.18	-9.85202
726.261	585.886	-18.5044
-1300.07	-1104.26	50.7345
396.605	1428.04	-17.5048
573.55	622.5	-21.2109
-788.183	-456.709	-1.20977
-501.418	-373.694	19.2117
1028.1	361.629	-17.6643
-1466.62	395.551	39.8695
-1232.93	636.415	9.33336
-860.239	690.007	4.7024
565.27	-186.635	-7.44937
852.732	-997.084	76.3834
-884.686	946.541	-5.85081
583.458	721.534	-21.0595
-1053.89	-486.706	1.87594
1096.91	-1035.9	59.8299
-1370.31	-563.152	13.3373
-428.934	1213.09	-19.1152
-213.155	322.903	-13.2252
934.55	684.109	-17.1204
1054.7	1270.54	-19.0239
-395.199	-1011.18	29.7448
541.006	1490.73	-23.1315
1350.71	-1118.15	73.0869
17.7874	1390.28	-17.2379
761.392	-1356.97	25.3601
1261.45	-510.816	-11.8228
564.733	-1193.11	38.8369
392.612	-1082.2	64.5337
-320.356	417.078	-13.0943
1133.59	1034.97	-17.6817
-989.857	362.654	-4.58209
162.179	15.8511	-5.80367
-876.644	657.794	4.19421
1269.16	-1477.15	68.8187
93.1957	-646.569	67.905
678.786	924.645	-15.5331
913.452	799.976	-19.2445
-1473.25	1080.03	17.5686
1433.61	-596.73	-10.4323
-473.345	1040.77	-18.6179
-232.322	81.0839	11.6356
-1477.69	957.355	22.4441
114.375	773.957	-16.7494
409.86	-608.535	49.7318
1455.21	765.217	-19.5279
-631.699	-4.87292	19.5983
-902.743	-739.848	12.1402
1248.02	-1469.44	68.3191
180.783	-1496.1	34.5391
1056.61	-673.682	4.22483
1144.87	-1078.78	66.0221
130.473	-1492.58	37.5011
783.164	333.319	-21.4089
-366.692	-826.861	35.0812
731.059	292.539	-22.0341
-968.963	950.701	-4.14225
-376.349	258.514	-8.38663
1474.2	-1056.18	22.03
-1016.59	602.578	5.83864
697.503	-1197.45	36.986
-1399.18	142.243	-4.62237
-475.064	-1178.15	23.1303
-928.767	841.212	7.22646
-998.733	910.952	3.84303
-1156.27	685.512	6.30685
-1413.89	-984.854	37.1801
1191.09	262.726	-21.0838
-512.044	723.297	-7.23265
-916.049	92.4446	-9.05531
-238.321	1274.7	-17.8444
262.928	170.372	-13.4964
-255.244	147.913	0.52019
1099.01	-1108.78	65.9242
1467.16	473.006	-25.9969
1224.59	-1238.11	84.8141
729.134	1213.54	-21.4186
-422.924	-1011.71	26.26
-410.534	-209.676	39.4536
1455.44	-318.459	-18.0469
333.838	1477.67	-16.0048
-1124.9	797.205	11.6968
585.126	-989.351	89.6209
-1242.99	792.519	11.9747
146.681	861.495	-17.6066
1415.7	-125.328	-23.1866
648.364	1091.75	-20.4293
1168.32	884.514	-17.9445
688.33	-646.634	42.355
-907.711	1287.18	-17.2719
1405.15	308.062	-24.4777
-93.3231	1160.06	-18.279
64.1336	1301.69	-18.2287
682.584	298.207	-21.2944
648.054	-612.09	38.4566
-991.848	786.14	7.77349
-334.066	-1331.53	44.2967
-1464.84	317.813	17.5187
236.051	-511.746	25.1884
-780.859	-749.227	5.37566
-182.402	366.674	-14.5347
136.752	1174.41	-18.4165
-275.797	-775.364	56.2738
-497.2	-1104.64	19.8219
377.827	-1020.62	86.3736
1109.78	637.265	-17.3678
-991.185	256.895	-9.97939
427.112	-509.793	23.2
-651.604	426.698	-8.30363
718.364	-967.072	88.0233
1384.38	138.9	-24.5671
-1039.17	666.659	5.50739
129.73	910.79	-18.8813
-1062.24	373.934	0.955752
47.0594	-989.483	98.4216
411.306	-534.901	28.4014
1475.2	796.378	-20.4398
-1123.19	-112.353	-5.26959
883.077	461.296	-18.8386
765.051	1238.08	-19.4945
-425.89	-1415.15	39.8913
-74.7737	541.059	-12.2123
-460.786	-171.913	33.892
73.0867	-532.685	58.8474
-226.208	29.4186	21.5833
-1397.36	-643.386	22.9492
835.661	32.6814	-19.6666
1343.43	394.391	-22.0151
196.381	-1075.88	64.2715
-1217.88	-835.569	28.256
-888.686	493.675	0.50197
1242.58	-1259.34	87.9455
-705.982	869.031	-5.45095
-766.937	589.303	0.73388
55.5941	207.815	-15.192
630.863	548.698	-18.2111
-517.303	-1061.14	18.761
944.296	335.541	-19.296
-512.494	1380.77	-18.8559
219.066	-253.655	7.12311
-77.1292	306.215	-13.5037
498.908	-1020.09	79.9132
-438.101	-720.503	26.4626
606.624	-242.419	-7.89517
-718.755	1216.49	-18.0845
-1314.94	-1049.92	57.5699
-1412.36	872.225	23.0554
-610.766	-1030.26	12.9128
954.979	-329.167	-14.2889
-80.6684	188.553	-13.1968
1156.67	979.433	-18.3304
1394.93	79.5716	-24.1517
917.615	-264.814	-16.4313
-38.8879	-994.035	105.984
712.931	-1361.88	25.6418
652.263	-891.918	93.8784
-25.4793	317.799	-13.4455
-1085.7	25.713	-7.82832
988.954	538.132	-18.3099
-1402.48	340.225	23.0618
-672.605	-390.282	2.35208
-745.511	-1105.58	18.5213
-182.017	-139.489	39.437
-567.5	986.395	-17.0155
-630.783	366.224	-6.92512
-441.7	1320.19	-18.276
908.32	-398.812	-11.6841
-1067.44	651.915	6.16485
522.18	741.622	-21.0101
-439.756	497.757	-12.7879
534.485	821.994	-17.4164
383.105	-888.176	120.304
450.379	-550.003	33.5758
-1219.37	-627.152	14.4535
-446.022	1426	-17.1409
-155.24	-285.077	69.6906
100.447	-430.434	45.8837
732.034	-1263.46	30.726
940.358	1263.95	-14.8691
-1439.69	584.933	25.11
545.477	1359.71	-20.525
-273.852	-16.2331	39.3768
637.422	-1018.01	79.0923
793.531	634.464	-17.9591
-1299.92	1490.42	-10.3222
-1447.03	-1188.05	42.3456
-518.405	1268.08	-17.879
307.518	-680.497	58.966
-1397.74	1309.1	-6.72998
-1434.38	797.579	9.76709
-817.66	620.449	0.45072
230.808	-436.863	18.0944
447.051	-479.526	16.9773
631.761	-477.77	14.6394
1367.2	-306.535	-18.3177
55.5502	1332.65	-17.881
-35.0199	1390.27	-17.5817
9.37237	586.537	-12.0898
1229.01	1264.05	-19.6687
152.83	372.714	-14.2925
295.065	1029.93	-18.1108
764.288	898.196	-17.9945
-806.149	573.661	1.84378
-1156.94	1079.09	-5.07799
-440.36	-996.576	24.84
-882.465	973.524	-9.89616
1489.67	476.001	-26.4731
1119.98	147.168	-20.805
1002.7	-1021.23	65.5715
925.94	-149.751	-19.4676
666.95	1036.14	-19.0695
1103.3	-1375.69	60.2871
-408.525	-1320.83	33.0925
59.9354	-971.135	97.7026
-694.487	697.685	-1.2553
-849.485	645.07	2.4719
-225.681	-203.281	60.403
1225.85	-1288.93	87.2859
362.858	1140.82	-20.7472
-1471.6	-1495.31	128.634
879.516	-1429.11	25.8029
-534.455	-320.211	10.9051
-939.192	-1158.64	37.1409
219.346	-193.938	2.67122
-111.089	-297.569	71.4307
-1229.97	1153.85	-3.87789
32.5744	-1489	42.3848
-337.519	407.397	-12.6875
1239.29	-162.886	-17.2516
1137.77	-1099.78	68.1937
797.751	-1221.54	36.9554
-310.259	1135.3	-19.9814
-1169.28	154.312	-10.0534
-186.094	-1276.78	70.3113
-1381.59	-1467.42	106.409
1298	1031.56	-20.0223
1078.52	-3.50472	-21.6839
-920.107	-855.013	19.9393
434.255	-333.763	-1.1989
83.9903	-171.119	16.7484
-1036.23	336.903	-4.78119
664.195	-1469.6	23.2429
-1382.66	1051.46	16.1063
-1218.28	-188.788	-4.31032
1275.42	-1455.25	76.9904
1436	518.658	-24.628
1270.93	-700.868	-7.89037
1210.77	-894.912	25.7775
-669.789	-22.6629	11.5818
-733.092	124.989	8.53565
-1455.71	1332.05	-6.50362
-1421.71	77.3131	-5.6142
1414.28	1365.3	-26.1129
1309.96	567.912	-20.7069
-609.365	-646.176	8.87415
368.751	-496.346	15.3287
596.289	248.642	-20.8995
-977.879	255.379	-10.1593
305.83	333.245	-15.5403
-1351.29	149.437	-6.03266
-459.404	-804.652	22.4475
351.294	-348.973	2.71182
1008.02	-393.943	-11.2873
815.443	72.7331	-19.8204
251.274	-1206.6	44.5203
-334.151	-103.024	59.031
-866.591	229.843	-8.89221
-101.153	811.995	-15.2877
-222.651	-406.332	94.4859
460.306	-1298.82	31.5689
1460.56	-515.438	-12.2601
-930.15	660.68	4.27737
-980.533	1000.53	-9.89032
482.333	1122.15	-21.2165
-924.904	-577.232	4.51089
-680.458	1299.61	-17.6746
-281.603	-839.315	49.7103
1140.6	-508.622	-8.96557
285.308	184.216	-13.5158
-492.764	-702.274	17.8778
966.815	-759.865	38.2969
1154.66	-842.549	28.1459
-932.375	53.3937	-9.12966
982.106	-460.991	-8.81137
335.314	576.674	-16.0438
-740.843	132.801	7.401
1080.14	347.32	-18.3987
995.283	-220.796	-17.2157
26.6389	-108.237	10.7865
1004.42	-335.473	-13.5328
237.382	775.334	-15.9688
1136.43	539.631	-19.0426
457.604	-225.933	-5.29692
611.129	-105.187	-10.4894
-1427.09	1236.29	-4.25591
-1035.88	428.906	4.00914
819.624	391.394	-20.3591
1319.7	-335.634	-15.825
-217.589	504.511	-13.9761
-795.781	1228.81	-19.2318
833.996	-382.905	-11.3576
-1493.87	-274.763	0.754
-1010.78	394.325	-0.0165832
-462.35	1199.12	-18.8073
241.99	-552.501	29.3346
401.173	-833.303	114.524
291.42	-711.009	70.2134
351.749	724.141	-16.9357
-1092.85	-393.175	-0.00213252
1051.15	-455.446	-8.3924
-1076.84	643.861	6.4193
-130.585	-1420.05	60.1051
-25.3692	1457.3	-16.4344
-459.468	25.2268	43.7802
659.877	-804.384	84.5885
-1419.11	-1432.51	100.803
1192.67	-485.191	-10.9596
-595.961	281.132	-1.50163
40.3687	-576.477	71.7713
-1444.08	-382.114	-0.681832
-126.248	113.255	-4.49203
1031.39	422.918	-18.4431
-1159.03	-1421.47	77.6676
-35.5421	-528.578	88.7386
-854.552	754.289	6.84629
113.193	-1197.33	54.5889
-632.83	-448.399	5.36868
-874.648	524.636	3.42786
563.266	377.16	-18.8543
882.219	1096.21	-14.1028
-1467.2	-32.3602	-2.66837
415.507	-142.779	-7.25611
474.624	1415.18	-19.1679
188.703	905.179	-18.7474
-1478.94	1167.5	4.77878
-782.655	-990.359	14.3043
583.312	-626.997	54.8394
-1146.13	417.916	10.8254
-1388.26	-598.892	18.0738
25.6103	-75.6169	4.81845
14.1246	-1473.76	44.3687
1099.52	1410.76	-25.4197
1173.03	654.739	-17.9284
-228.297	-578.163	112.567
-386.511	-1264.04	33.8972
23.2822	921.017	-16.6698
723.011	1402.31	-25.3952
-1047.92	1200.03	-14.1574
762.735	1110.45	-19.0302
-852.221	1436.48	-16.1839
-72.743	942.724	-17.1824
762.557	-1182.28	39.2308
-679.709	-1182.05	18.234
-865.642	-780.602	11.5755
37.7835	-219.115	31.4213
-862.997	584.395	2.54222
214.931	-1099.79	61.147
847.771	-367.101	-11.9941
477.437	1.65727	-11.9432
19.1916	681.642	-14.817
-1136.12	-981.18	43.7286
1205.42	-1014.11	57.1346
894.001	-444.111	-10.346
-821.216	-745.105	6.58677
-921.416	-965.923	28.2029
1470.71	463.51	-26.0132
-737.765	-24.2045	1.77346
921.851	-410.827	-11.3103
-432.246	-484.548	35.6263
803.836	36.3961	-18.9191
658.051	1344.69	-22.9395
1092.39	123.934	-21.5479
611.875	-36.8473	-12.1695
1441.47	-29.4993	-26.8686
-378.453	-934.065	32.7054
-491.436	978.286	-18.1052
-519.869	1242.81	-18.0528
-604.165	-565.353	8.99895
512.006	584.807	-19.1328
1387.73	1106.3	-21.2269
450.299	-711.738	80.794
725.237	-1282.61	29.3212
-1339.33	1277.27	-8.18276
1156.75	194.383	-22.0123
159.976	-1409.45	36.2254
82.5673	144.222	-14.1959
-205.775	1129.15	-19.0733
-112.202	-1117.6	96.7648
-492.487	-1050.18	20.1274
233.563	1403.47	-14.4532
-689.275	-7.99358	8.45568
905.51	-38.3594	-20.4997
210.436	950.056	-19.9714
-711.916	-916.435	9.98261
141.92	212.516	-14.9621
1362.19	-882.873	2.87468
731.008	-516.285	6.38166
193.062	651.015	-16.219
-1426.03	-264.326	-3.06926
-867.741	505.84	1.54681
1021	-1009.24	64.8375
-1209.35	-1137	46.0462
624.844	-862.891	94.2541
680.6	10.8047	-14.5523
1494.74	-375.518	-14.0018
-1408.74	-91.212	-4.95615
946.5	1451.26	-26.7961
987.31	383.019	-18.4459
-731.474	358.753	-8.79843
-610.816	1059	-17.871
263.941	-162.152	-3.24537
97.0324	-475.227	48.1166
-304.183	-938.146	44.6038
1135.88	945.236	-18.0084
185.93	1356.88	-14.7039
131.54	1283.7	-16.8109
1176.9	-738.607	0.694929
-177.682	69.5335	4.78574
-1193.66	677.484	6.42342
-611.974	-278.681	5.05398
-1042.87	-1400.4	61.7436
-940.551	-239.432	-4.95659
-736.598	-270.083	-2.10977
-607.556	-378.541	5.89024
-504.89	703.513	-6.6351
-516.788	1474.91	-17.2216
1333.47	-352.812	-15.3087
402.457	832.491	-16.0754
1434.93	199.714	-26.0796
-1486.43	-446.571	1.95997
1266.27	855.379	-17.7506
-1338.64	1142.5	-0.371824
617.474	195.171	-19.5139
273.369	1098.65	-18.6361
-1463.28	-1268	58.3512
926.004	-4.7347	-21.5092
753.012	274.604	-21.8147
-254.308	-1158.43	62.2093
1096.34	-1128.36	68.5529
720.903	-776.311	72.5966
994.22	-1015.78	66.7749
387.393	204.869	-14.5876
-118.029	-871.822	88.5691
-172.33	-638.999	110.632
-1410.85	1487.41	-7.90612
1048.32	941.532	-17.9252
-532.209	429.958	-10.3078
311.916	-1414.29	30.2381
-456.939	548.605	-13.0491
-33.0099	-564.853	91.7831
-581.27	331.769	-5.63866
1085.28	-984.763	59.0398
1151.06	-603.67	-6.17085
-261.78	-110.376	52.91
-541.087	1498.76	-17.0309
826.125	-489.96	-8.68866
823.937	-130.162	-20.4792
-1096.84	-442.543	1.57576
155.158	-1414.71	36.4752
-1455.41	93.9671	-4.24389
872.006	-104.396	-20.1857
-219.506	-1220.1	68.6441
842.188	1304.91	-18.1902
109.681	-1148.04	64.9114
1307.88	-432.373	-14.7245
52.5674	288.396	-13.7465
986.799	1192.37	-14.1838
608.372	-971.058	92.2961
1293.7	-933.437	20.5411
-1338.5	303.811	9.63767
121.864	-678.712	66.8784
1486.37	452.653	-26.2682
357.529	-1353.64	31.2105
-1369.2	-1160.4	48.9709
-376.275	953.3	-18.07
1441.11	9.61939	-25.2291
-372.179	-211.36	46.9684
1431.04	-1307.54	96.8519
328.068	887.454	-16.8157
-825.637	1288.86	-18.5135
1346.79	60.9892	-22.6494
-1001.18	114.463	-10.1813
259.658	967.237	-18.8557
357.317	1111.88	-19.4268
-931.988	319.869	-9.84128
-335.379	-335.989	70.9957
1084.7	-73.6639	-19.092
-1217.37	270.937	-3.83778
1380.7	504.568	-21.436
67.0793	-842.498	106.398
-478.453	648.558	-8.59522
-617.834	814.092	-7.03352
1115.52	-1113.63	68.3735
858.55	-349.976	-12.6471
1364.44	1395.01	-26.8481
185.165	-52.5058	-3.20895
482.843	-845.296	113.373
1319.46	404.443	-21.4356
-1466.28	-587.093	11.2536
308.756	320.083	-15.4128
426.756	-1337.39	29.9967
1072	-37.5373	-20.8687
484.24	691.132	-20.0284
-390.279	549.987	-12.0429
1327.64	682.493	-20.2924
919.235	659.93	-17.0486
-672.854	1368.3	-18.0747
736.445	999.457	-18.2598
-33.3023	412.754	-13.08
1420.69	1461.77	-25.2374
678.031	-437.733	3.63595
-1220.81	1249.11	-11.7095
-877.933	-52.5041	-9.20593
-873.876	-492.939	-1.57186
-952.993	-1449.65	48.8425
-402.418	-1311.45	33.5784
-297.557	259.373	-10.6006
-67.7952	-1155.09	84.1383
59.899	496.315	-12.9975
111.347	318.594	-13.3088
697.444	717.616	-20.6452
-406.611	865.424	-17.3307
1193.11	1322.41	-21.3708
999.18	1465.93	-26.7328
-1007.85	1159.17	-14.2671
-683.759	-1469.28	55.8133
-384.286	96.82	22.0059
-1221.18	-361.914	0.506285
-1222.29	83.9016	-10.6322
1392.93	-775.507	-5.73999
1286.43	-57.7735	-20.1261
-1146.79	-540.528	6.54205
1407.4	335.18	-24.0246
-783.325	-835.646	8.49729
-617.071	-293.06	4.62709
407.613	117.335	-12.2357
1374.09	-950.993	10.657
-1462.61	-565.157	10.0364
-1157.54	117.197	-10.5991
419.159	-316.124	-1.28971
-1312.95	-262.699	-4.18161
116.107	869.964	-17.9439
-57.768	401.336	-12.8923
-594.005	-151.088	15.9154
-1232.87	-687.509	20.0357
652.427	184.403	-19.7866
141.232	-98.7214	2.23106
1357.85	1004.96	-20.5806
-138.233	-540.312	112.47
-1053.26	-1145.88	36.3832
-1406.01	1362.25	-7.60802
418.549	-178.433	-6.57154
591.622	-459.046	13.312
-563.352	1396.72	-18.0591
-741.882	-412.822	0.364262
972.793	12.3504	-22.4638
129.013	-973.322	91.9294
753.177	-1215.13	35.4638
956.143	1179.84	-12.5701
-372.195	720.211	-8.25325
79.1435	954.989	-17.9476
-563.493	-911.549	13.828
-698.901	-835.93	7.58611
328.182	1210.04	-20.0113
1259.73	191.448	-22.2319
515.589	544.375	-18.7027
-567.795	-468.658	10.611
-399.312	1033.31	-18.646
271.178	-1295.38	36.0338
454.063	-477.747	16.7355
-775.043	-536.223	0.327737
1066.85	546.147	-18.2076
-1261.78	-1392.81	79.1024
137.241	-1235.52	47.3882
998.879	542.858	-18.2599
272.754	-1355.93	33.5485
-297.053	312.712	-11.5206
1257.28	-932.682	26.103
184.514	-743.834	76.3558
-812.344	-489.66	-1.38322
-731.444	-360.609	-0.229515
179.168	-1272.27	40.127
-717.021	-1365.37	44.955
162.903	-902.335	100.287
1166.84	-958.954	47.5816
-755.247	474.772	-2.54002
-992.26	428.937	1.07277
546.482	314.895	-19.3755
709.933	351.034	-20.6722
99.5876	989.169	-18.3157
979.304	-972.94	72.4061
130.259	-1114.62	65.7379
5.16378	-641.077	87.1832
160.468	-789.022	90.9733
1176.52	1352.15	-23.7506
-1216.44	-775.304	24.3441
-1211.25	186.831	-9.1401
564.86	-1487.57	22.8294
263.175	-395.048	11.2234
1383.94	-1440.27	89.2404
-1397.48	-1379.69	81.1
-318.481	-1242.63	46.758
100.816	169.798	-15.6695
531.799	881.834	-15.5657
412.657	-1072.6	65.8732
-1488.38	-1003.38	18.9559
160.491	1382.83	-15.0253
617.929	589.785	-19.9326
1400	1008.16	-21.5351
-603.275	1032.01	-17.3679
-814.4	337.865	-9.97304
-333.932	-668.402	58.3999
-1085.04	146.352	-10.9571
-93.3606	879.657	-17.1445
-1016.76	-809.052	20.8886
-618.696	-408.297	5.61052
-887.635	640.65	4.02599
289.625	1037.45	-18.3583
-99.8883	830.034	-15.7875
1340.6	843.007	-18.3937
-1098.69	-904.644	35.1754
-154.191	-638.103	112.494
-1413.57	1315.58	-6.68012
1360.1	-585.013	-10.3337
-399.494	404.092	-11.6511
357.754	861.446	-15.9454
159.417	-710.004	68.3978
1129.14	403.998	-18.8716
-185.184	-1127.78	79.5073
-469.009	579.35	-12.1901
235.873	-758.239	83.1169
674.229	75.9428	-16.1157
665.66	909.886	-15.4949
-1043.66	-335.554	-2.65387
-1496.72	-323.819	1.70552
-543.43	949.664	-17.0763
-531.388	-616.351	14.9697
-777.658	-698.165	3.85096
-371.324	-438.078	59.7442
918.421	-37.0529	-20.8865
866.479	-971.924	78.3995
-555.776	239.376	2.91991
-1443.92	-419.083	-0.0946005
-1477.38	991.734	23.246
-650.193	569.214	-8.98175
96.3363	1267.07	-18.3165
1477.39	306.339	-26.8131
-837.998	-1239.82	32.5995
569.839	667.5	-21.9213
-387.548	-833.908	31.7837
1429.64	1263.75	-23.7506
-627.883	913.754	-13.9158
-718.45	1397.18	-17.7746
5.33877	772.271	-16.1563
-1157.92	-390.223	1.41577
-192.455	-1083.65	81.148
110.458	-1145.82	65.1121
-751.468	-1121.68	19.6035
-312.403	358.899	-12.0926
284.12	85.1017	-10.0086
-925.848	-809.702	17.7122
721.963	-1481.83	21.939
-984.924	681.024	4.38536
686.689	992.312	-17.7433
1086.84	663.968	-17.1237
631.29	120.964	-16.9111
1007.25	-155.301	-18.5093
-1287.21	703.08	6.02028
-554.205	-1386.64	37.5509
-789.912	297.345	-7.64504
523.467	-513.615	26.2611
1175.48	-1401.5	72.1559
-515.349	696.041	-6.18732
-694.572	-240.984	-0.601528
1431.54	1173.66	-21.0133
-673.022	-377.132	2.29041
970.463	56.4953	-22.3207
-464.588	-344.179	24.3999
-130.947	1018.32	-18.2807
366.199	1385.79	-17.2281
851.306	1259.01	-15.7796
1352.61	-503.546	-12.3178
-958.28	1430.43	-15.5456
-37.9712	-1491.15	47.0582
-1410.14	-258.118	-3.91421
-338.248	980.125	-18.0588
-297.714	-152.842	61.2914
-1343.8	-1206.89	49.4081
-1193.75	-1252.63	45.6414
-1387.17	-1225.26	48.4027
-1049.28	-870.288	29.1681
-1464.83	1093.24	15.3952
1165.01	-1433.58	63.5708
-1465.99	-525.256	4.60031
-667.84	-722.565	5.45801
1182.48	1392.9	-25.7952
-801.091	1397.85	-17.2665
-205.217	-660.348	102.851
1029.52	-94.83	-19.8477
-937.363	-563.86	4.25917
910.03	957.471	-16.6558
-1335.23	1065.94	9.92411
1482.99	307.339	-26.9713
-960.708	680.278	3.99518
-317.936	-272.599	65.9904
-102.819	-1255.4	71.4253
-1475.66	-416.045	0.87882
923.601	1454.96	-26.5872
-1402.89	-1368.49	78.2646
508.481	-1190.09	39.4403
478.098	-959.135	106.142
-808.707	885.199	-0.836658
790.505	-873.913	86.5778
1435.29	-233.178	-20.4893
1448.92	506.531	-25.2403
315.644	-1219.79	41.6409
-469.78	833.884	-14.4879
-9.98228	-512.696	80.2214
1017.05	-1212.31	68.0276
1004.25	1003.11	-15.9953
1270.7	-783.883	-2.27177
503.416	-1138.66	49.0382
-1356.85	985.47	30.3927
434.913	1319.1	-19.342
-1073.94	498.398	8.54012
-1328.28	904.581	33.5381
-1445.18	1488.69	-7.38905
428.538	-795.447	105.891
-936.801	-1145.84	36.8233
329.863	553.319	-16.1029
658.051	-696.437	63.2522
-1183.59	1088.75	-3.31566
-393.922	957.326	-18.2046
520.806	-67.4116	-10.102
-1406.86	-327.3	-2.50429
-668.452	-568.311	5.34629
838.667	554.982	-18.3871
-453.111	-1054.44	23.5094
580.422	-339.268	-1.5931
371.563	-566.389	33.7634
1009.18	-1406.88	37.6701
1023.41	-755.174	24.2012
6.98152	-1051.18	102.506
564.765	-1085.37	57.9293
234.129	-158.193	-1.42347
703.788	1032.91	-19.1395
-1422.48	242.756	2.65818
-531.383	-778.024	15.394
-802.053	-926.8	13.1044
679.421	654.728	-20.6505
-440.603	213.158	3.18389
-792.709	393.385	-8.42197
-912.339	658.821	4.49801
-306.326	103.342	14.6668
-90.6052	-566.846	108.322
150.102	-1386.15	36.8903
-528.778	1069.66	-18.0846
-499.913	-727.484	17.3515
-1197.43	1129.93	-3.48571
-1489.34	-1431.3	111.148
1385.12	1145.84	-20.9933
361.796	1044.26	-17.6128
364.213	-530.244	22.6442
-80.5425	162.017	-12.7863
232.099	-983.296	92.3291
-1474.82	1208.47	0.150706
-316.727	893.74	-16.53
-140.284	606.324	-13.2107
931.974	838.748	-18.783
-195.395	1363.15	-17.1534
889.711	1423.71	-25.8614
-255.566	-866.701	55.5266
415.892	-1225.66	37.5622
-337.733	241.278	-8.42449
1268.15	249.662	-22.0779
241.087	1398.3	-14.3319
-860.707	1007.29	-13.882
486.316	-530.949	29.1009
-793.186	1433.12	-16.5014
374.485	-1364.21	30.2179
784.125	1170.48	-18.18
836.345	-513.967	-7.01663
1213.16	389.801	-19.8421
191.649	-558.1	33.5169
749.984	-1127	47.2583
-623.265	-1190.24	17.992
586.809	94.7517	-14.945
-565.99	1497.19	-17.2222
1110.62	813.294	-18.854
490.724	1273.23	-21.06
1057.37	-924.57	62.6177
-517.706	-489.092	17.524
-1108.35	1097.37	-9.19085
-594.77	541.068	-11.1165
-1204.21	-1072.07	48.8214
-280.818	1251.18	-18.2226
-1162.99	146.53	-10.2116
-480.418	661.841	-7.90017
-417.641	770.258	-10.6132
1276.25	1335.31	-24.6405
811.473	1276.19	-17.9328
-888.225	-612.2	4.72994
-1042.49	-770.791	18.3681
-1163.89	448.59	14.8385
676.316	-306.818	-9.07592
-308.062	-450.636	84.8125
-161.351	324.693	-13.7163
465.447	29.3769	-12.7569
-1241.35	-1117.05	49.3376
-617.49	-691.868	8.16733
598.919	1204.29	-22.3546
-976.661	-1227.48	42.8556
-744.866	450.694	-5.0813
1087.3	504.785	-18.8978
-1342.78	206.625	-2.16057
152.783	-646.033	55.1973
-415.471	-513.639	39.6078
-627.565	1438.9	-16.9491
1387.71	-985.653	19.5368
642.127	-229.153	-10.3304
-1109.67	440.14	8.47755
1255.65	1174.8	-19.7389
1352.74	308.937	-22.8296
-1265.63	604.16	13.6501
126.565	860.963	-17.6515
390.25	-527.012	24.6658
-1490.31	1131.85	12.433
-59.1666	-1408.61	53.0647
-99.3625	1302.8	-17.9089
1389.46	-430.336	-14.1596
408.006	409.049	-16.9743
-466.954	-1309.13	27.7466
-1118.22	1496.84	-13.0498
889.757	903.728	-18.3928
1395.94	-204.915	-19.9929
-1406.09	15.3123	-5.87349
-98.2398	260.397	-13.776
1382.57	470.861	-22.0161
-1244.16	-1074.74	51.5797
-446.669	-1175.72	25.5911
-984.806	338.014	-6.85099
156.468	1429.8	-15.1468
-1431.15	28.9585	-4.92468
67.5741	-314.225	43.9086
-1438.28	-45.5666	-3.66826
274.294	669.449	-15.8298
-859.702	-879.147	15.1336
-535.673	-832.779	15.3592
-824.522	-448.483	-1.90351
-537.434	47.1265	38.1479
-1102.23	-49.1404	-5.27859
-373.396	-382.541	58.1363
-347.032	199.309	-0.837545
-167.795	1412.99	-17.7192
1018.63	657.142	-16.9905
228.005	-956.175	98.1143
308.972	-1257.24	38.2729
960.953	1450.25	-26.8582
-1235.79	678.854	6.31812
-771.784	830.844	4.1378
-262.761	1387.35	-17.3166
393.477	-717.309	79.3761
1499.56	133.314	-26.8581
-292.114	161.649	1.94538
-1297.41	573.346	23.825
-1449.38	115.023	-3.97692
-1204.16	-1218.96	44.8812
-316.793	-521.999	79.7833
247.747	78.5514	-10.5543
-998.306	-72.3704	-8.23163
452.276	-197.083	-6.30063
476.197	-1464.46	23.8461
711.191	-473.025	5.13463
532.64	-1096.47	55.6208
1240.72	1286.24	-20.6185
-1164.2	1469.82	-12.9582
-1046.76	455.544	6.26553
-51.9992	-787.034	103.722
-334.148	922.795	-17.0949
-143.464	-1012.11	93.2374
784.128	1018.19	-18.296
-589.197	-1095.21	14.5653
472.529	-311.805	-2.10011
1348.87	-648.734	-7.78999
-961.411	930.702	-1.52319
784.905	-920.425	85.7969
-723.497	-735.293	4.90386
516.186	610.233	-19.4376
-1497.67	1243.99	-1.66997
62.7433	-1044.25	90.9077
-527.66	-1354.19	32.1416
-450.799	91.6052	28.0054
916.672	1328.76	-19.4452
-186.819	-1269.19	70.5823
235.668	-592.747	36.8678
1274.02	442.363	-20.7044
-672.884	204.15	8.88693
-906.475	-849.541	18.0987
-417.743	-1385.01	35.773
-910.338	-538.968	1.23185
-103.995	406.856	-13.6796
-1350.41	834.051	19.4135
1388.27	-466.114	-13.3811
228.246	1266.79	-16.6561
642.893	-246.078	-10.0644
-1327.73	711.769	7.56671
-112.666	-433.997	91.1845
-992.687	1114.55	-13.9024
-1220.21	1445.58	-11.4207
-1359.82	-746.383	32.3938
1056.69	1162.5	-16.1157
-512.672	265.928	0.234428
337.991	-657.905	53.942
665.283	965.07	-16.7672
-1.36054	1114.43	-17.3908
1.62073	-48.404	2.19927
865.557	999.478	-15.8311
-1285.05	-1236.22	50.6841
1324.98	883.085	-18.4405
-630.104	-1491.46	53.2202
-216.504	539.271	-13.079
1026.79	-838.505	54.4824
-941.164	1048.27	-13.9184
665.183	-1344.76	27.9646
928.271	-560.059	-4.30176
143.123	190.012	-15.441
993.56	674.877	-16.9514
-999.801	-581.042	5.99214
91.0413	-253.224	28.0095
-693.145	1119.06	-17.6637
610.266	978.683	-16.9588
-826.888	-726.088	6.41196
-1482.88	-1318.12	75.8257
-752.964	-213.14	-3.70199
-1230.94	-828.914	28.5955
1457.37	473.865	-25.5944
662.584	760.71	-19.9243
586.153	-935.884	100.794
-1373.04	-1013.47	46.9253
553.703	-1042.65	70.3766
-355.81	-846.216	36.1913
158.7	881.604	-18.1537
-423.145	934.101	-18.2063
-1335.75	17.9323	-8.58932
703.535	-114.256	-17.3026
580.456	-1436.07	24.7397
497.468	1288	-20.8298
1342.43	-1108.4	70.2902
-836.696	-878.397	13.3998
-1111.47	630.87	6.99479
980.351	-329.05	-14.0684
-742.382	562.051	-0.0295934
400.965	306.992	-16.9813
-66.5783	1495.29	-16.6323
1317.32	866.119	-18.2298
-1341.73	1382.58	-9.0438
835.852	-395.662	-10.9589
-300.949	1012.53	-18.5235
-820.009	1365.28	-17.7002
1353.87	1139.42	-20.7548
922.4	-902.417	81.1748
133.51	731.494	-16.6
-366.433	1052.5	-19.0156
461.395	-185.708	-6.55781
1000.96	310.851	-18.6127
-1065.12	968.16	1.67277
667.114	526.102	-18.7372
219.248	1107.92	-18.9697
-51.0202	980.792	-16.9994
-1083.68	-1218.14	42.4031
141.792	-879.343	102.879
-930.277	1157.32	-16.2771
1114.35	540.105	-18.7037
-1341.92	517.45	38.3037
-575.852	1467.51	-17.5073
-1009.2	-1076.15	39.7009
598.631	781.04	-19.3326
-553.761	-317.187	8.59823
197.194	-1317.07	36.4875
-877.122	-1328.08	33.1309
1251.24	-858.464	11.5186
76.4298	582.956	-12.5341
246.977	379.291	-15.7582
-842.334	-371.872	-1.66728
279.027	964.826	-18.42
-999.249	-387.292	-2.3569
122.284	-755.696	87.4712
-1024.62	424.765	3.14036
747.749	-331.125	-11.2452
-1244.39	1286.27	-11.4925
1330.82	147.24	-23.5369
-1462.91	214.592	-0.176299
1368.36	-254.764	-18.9043
1028.68	-605.679	-1.69994
-1006.94	771.252	6.89984
795.875	1132.8	-17.891
-80.3457	1413.25	-17.5344
-873.09	-524.55	-0.440738
673.279	1414.37	-24.4729
-1186.12	-716.312	16.1271
818.897	154.162	-21.7715
-331.399	-218.259	57.4073
-242.393	-443.48	101.072
1072.71	355.076	-18.2444
-285.884	-500.132	89.3546
-456.266	-580.53	26.6682
-413.057	1234.21	-19.0828
-1053.01	1314.5	-15.9587
-1282.36	1233.12	-8.91557
134.885	-1311.53	38.5263
1232.9	-1497.18	56.9382
1306.58	-824.147	0.106252
-187.268	-962.425	78.4774
849.616	1399.82	-24.469
1217.89	-577.54	-9.20363
-77.4436	548.866	-12.3249
9.89712	-544.295	77.5064
92.9003	768.907	-16.6286
243.383	1391.02	-14.1885
628.039	-688.835	67.2588
944.088	1101.26	-12.4822
701.645	1419.93	-25.1954
946.79	646.379	-16.8681
939.716	1236.12	-13.1532
-898.989	-1027.49	28.0159
-600.145	-1480.3	50.1057
1365.54	-63.7896	-23.7208
457.726	-15.7894	-11.3236
1453.15	-1413.24	87.2783
-311.732	-1257.16	48.109
882.003	960.906	-16.8281
953.826	-840.262	70.2146
1425.91	-627.793	-9.16973
-151.228	-296.523	72.9108
715.013	-1355.16	25.6472
-1303.66	-579.46	14.5154
1259.4	253.112	-21.9733
696.346	43.6309	-15.8416
1122.09	257.533	-20.3166
-44.3329	1305.79	-18.4453
-1274.4	452.672	29.8938
1463.54	421.263	-25.6183
-111.837	649.774	-12.8653
-237.584	1055.82	-18.9075
715.444	-613.997	27.6499
1133.83	-419.335	-10.3574
961.321	163.823	-21.2263
-801.842	889.637	-2.15576
-1090.38	-1118.67	38.7857
-31.7671	1354.78	-18.0304
131.691	-767.602	88.2616
781.059	-1152.05	44.3777
-835.586	-255.05	-4.55652
790.227	1444.93	-27.131
1243.46	1223.4	-19.4404
-1120.75	-392.385	0.624732
-218.215	-360.986	85.6502
-997.481	1005.6	-9.12195
1157.03	-279.609	-13.5243
-1158.67	913.787	12.8638
-1281.45	-187.344	-5.34591
-1293.82	-1152.7	49.8282
346.512	-967.591	107.306
361.887	423.847	-16.8904
-1155.94	-1321.15	55.6985
1236.07	450.539	-19.8382
-832.679	1369.09	-17.4357
-1237.63	200.294	-8.14419
345.377	-13.1356	-9.70105
-420.435	-1362.83	33.7322
1033.7	745.434	-18.2285
1084.79	-585.75	-4.32375
340.126	1481.66	-16.1785
-1124.41	-1286.54	49.7654
-122.346	19.1662	5.3078
-500.685	1306.26	-18.4275
-762.676	469.462	-2.96888
-1169.92	-89.6205	-4.93806
774.046	-649.259	27.1839
-1012.54	1161.49	-14.2005
1212.4	-208.521	-15.7454
1185.5	-115.217	-16.9917
48.2185	-841.968	107.372
-39.9404	6.00043	0.265615
125.025	888.012	-18.435
243.793	-732.344	75.405
191.891	-70.8458	-2.50469
597.019	-685.151	72.1149
54.9836	-142.892	14.3469
808.897	-567.223	-1.28438
1262.2	-286.681	-15.8396
862.04	1228.24	-14.674
626.257	-746.892	78.5892
-428.133	896.981	-17.7286
833.815	182.85	-21.7953
-1025.94	1050.67	-11.5348
1471.14	781.315	-20.1449
-1338.85	1264.21	-8.03826
612.596	-813.367	91.1616
231.092	-693.586	61.2447
-1063.65	364.633	-0.149983
1043.91	399.895	-18.1002
-241.753	-1483.73	53.3351
1465.05	-507.081	-12.296
-164.556	44.5105	6.57471
80.2043	224.212	-14.6943
-1007.86	-238.751	-4.99555
-182.332	-519.494	116.002
842.057	643.943	-17.4672
-652.404	-112.977	10.7828
-1474.36	-1047.88	24.3398
264.676	-763.763	86.6644
-1399.95	-127.241	-5.62214
986.161	-84.8057	-20.433
-1263.05	1238.01	-9.78168
1184.9	205.217	-22.2754
-709.29	-563.667	3.02422
385.568	-411.396	6.7571
840.267	-173.761	-19.405
492.45	-1302.46	31.2573
-296.096	-1112.84	52.0013
-1347.56	1410.93	-8.90052
1285.73	729.634	-19.5138
150.234	-654.006	57.0288
1056.07	1349.99	-22.2531
1215.4	-123.731	-17.4601
495.549	-74.2424	-9.82612
640.995	1284.58	-22.0445
267.564	-1358.83	33.6046
-1446.23	-1098.89	36.105
489.004	280.301	-19.0711
-160.484	-1333.46	67.7891
-1402.96	300.37	11.9072
-936.518	-1439.46	45.945
467.258	410.124	-17.7607
1383.91	85.9286	-24.0234
872.123	-596.81	1.94407
995.194	-836.079	60.2414
1376.03	808.224	-18.6056
642.409	-1361.91	28.1857
-1054.22	118.773	-10.701
-654.596	-1325.04	38.1434
-224.586	757.487	-12.5105
-1486.92	389.408	38.1809
614.976	1441.1	-23.7018
-1337.6	1260.24	-8.03293
-293.817	1441.25	-17.2078
-1095.7	1426.44	-13.592
-1103.75	-541.798	5.0466
231.128	66.5952	-10.3955
42.3257	1065.28	-16.3883
373.249	696.248	-17.3131
-674.312	1179.44	-17.2148
-904.165	1029.39	-14.3262
759.881	-634.034	25.2265
-880.639	68.3261	-7.65563
590.458	-1342.91	29.2849
-42.0465	863.468	-16.6603
616.548	606.682	-20.6002
-477.122	921.128	-17.7672
-208.046	-953.535	72.1821
536.669	-406.973	5.60218
852.873	147.937	-21.7201
-488.263	-433.489	24.2698
-981.903	1411.97	-15.1906
-1416.88	529.845	44.0033
375.292	-65.855	-8.99306
627.43	-955.163	94.1603
689.671	-267.033	-11.735
1139.59	-437.733	-10.1354
1371.21	-646.044	-7.88694
-311.389	-1391.79	49.1581
1295.06	1017.75	-19.8782
39.9894	498.982	-12.5798
473.684	81.5281	-13.0586
-582.741	1118.7	-17.8969
-702.779	13.868	6.9263
221.791	-820.832	98.4628
-1064.68	318.741	-4.82317
-84.3606	-1020.43	103.612
648.008	-575.853	28.8991
-1114.51	1430.63	-13.2687
1113.25	-669.336	-1.00298
-1069.68	862.659	13.7659
188.302	346.405	-14.1744
1422.57	-331.409	-16.9553
-687.819	-794.242	6.51252
1497.68	458.145	-26.5311
959.51	88.3597	-22.1418
1340.25	717.475	-19.9528
-1385.29	0.623881	-6.61851
-1358.08	-684.388	26.1306
-35.2284	-9.90469	-0.481391
-1407.16	-7.01876	-5.54458
171.604	-555.164	34.8883
-670.914	-213.227	2.95915
-1033.51	-307.943	-3.01913
1086.73	-666.043	0.69468
-483.967	1315.63	-18.4167
1052.42	378.262	-17.8127
-1460.86	623.009	14.6405
-871.365	-17.8038	-8.79237
-141.869	813.416	-14.789
879.517	-985.203	76.8613
318.577	1043.78	-18.1447
-1094.45	-105.34	-5.83392
-1012.31	475.792	5.56068
-45.8298	602.128	-12.6312
-1142.5	32.4108	-8.55561
-1348.29	1147.49	-0.838111
277.751	1131.25	-19.4959
-1422.83	548.412	37.9344
-161.891	1384.41	-17.5092
994.426	-914.889	71.8
-691.214	-871.561	9.16145
1044.44	1007.63	-16.5738
-1327.42	-705.445	27.7753
630.548	741.396	-20.7561
-660.223	795.229	-2.44319
-289.348	892.29	-16.2307
-1289.71	885.96	28.243
1083.88	-870.189	50.8838
281.001	964.463	-18.3693
93.2726	648.02	-14.384
1055.95	-596.977	-2.93741
-617.326	-286.992	4.50884
1081.98	-822.519	36.3293
-1046.57	-605.496	8.38859
1007.49	-494.802	-7.19645
887.357	-822.463	73.8038
308.852	-535.57	22.2778
945.482	-366.267	-12.741
1340.98	1395.06	-27.3135
4.40791	754.428	-16.0952
-779.218	639.309	-0.929972
613.948	-3.09629	-12.7203
-664.649	529.307	-6.81125
537.605	981.848	-17.4624
-1379.89	-927.588	39.5984
-27.6485	-275.068	57.4861
858.515	844.234	-19.1851
456.774	739.186	-19.6041
582.169	1135.27	-21.4879
-375.164	189.865	2.53939
-738.993	-151.304	-2.74246
554.849	-1280.02	32.6956
1044.37	-910.381	63.5983
618.347	-1131.86	48.5018
-711.497	-24.8513	3.60828
-939.473	1420.6	-15.8344
-1179.71	-1066.87	47.2655
-1382.57	-866.985	35.8574
214.75	-316.825	11.123
-1184.21	-393.19	2.3406
-1338.36	1308.45	-8.60222
494.927	743.963	-20.5019
1139.29	159.648	-21.1591
1262.99	67.9121	-20.4673
707.476	936.225	-16.07
1224.75	1365.16	-25.5759
807.278	-1137.79	47.7166
863.624	1210.34	-14.1841
352.578	-736.795	83.4629
-1300.26	-580.577	14.6114
-194.128	-173.557	49.3299
334.413	-1416.98	29.417
583.312	-350.376	-1.05202
-870.987	1415.24	-16.3427
-1482.88	-1307.68	72.7993
1428.14	-944.711	3.70143
1276.09	-1284	92.2073
-243.68	359.484	-13.344
794.627	-651.454	24.0657
446.179	-1060.99	66.8769
-1285.46	-1485.82	98.2102
366.527	626.815	-16.3409
-554.149	-1257.08	24.0712
885.612	-650.807	12.3247
718.117	-670.097	44.1328
-814.671	862.562	3.06901
-1020.82	507.601	5.94848
390.542	-716.505	78.816
761.483	-65.8977	-18.3384
-1380.02	808.911	11.4961
1461.2	825.438	-20.0245
-1338.13	151.94	-6.35898
-1074.8	-683.702	12.8107
-1148.62	994.456	4.76804
1134.24	380.633	-19.0686
-1129.79	-689.306	10.1965
851.163	542.385	-18.435
1173.77	950.277	-18.3163
-1318.11	670.957	9.58827
-160.053	314.145	-13.6432
1409.38	-622.056	-9.23551
1216.34	-1347.99	85.3849
-566.024	1366.39	-18.0625
1123.83	-148.316	-16.6152
1308.93	517.738	-20.5574
651.464	-670.096	56.8965
-711.66	-1419.26	51.155
904.035	-524.152	-6.6738
-1042.34	1358.95	-15.3577
617.924	-797.562	88.7238
-942.355	708.925	3.85375
-1097.87	-159.669	-5.84324
140.635	-941.702	95.0904
1349.1	414.091	-22.3547
391.061	-1210.09	39.9993
429.499	-1022.9	82.1443
670.468	583.505	-18.7412
-521.617	225.14	4.481
-230.222	-903.724	61.8458
-305.828	-1449.4	49.8421
1250.11	372.978	-20.0785
-413.24	-846.369	28.0055
974.124	891.393	-18.6239
-1277.03	-773.73	30.2565
679.02	607.915	-19.5143
-1373.06	-1208.35	48.9413
10.2323	-818.268	106.389
1074.55	-1348.4	59.058
894.024	-900.02	82.6538
-312.363	-690.769	63.4673
-276.498	976.841	-17.7372
-186.108	1420.72	-17.6822
205.686	720.187	-16.2941
-193.594	777.294	-13.2591
281.369	975.451	-18.3373
-572.805	946.585	-16.5286
31.4976	219.959	-14.6996
285.716	-1095.59	62.4899
-839.421	-790.134	10.0409
901.61	175.384	-21.7195
-1378.46	41.2139	-7.12586
340.413	-304.49	1.39217
68.1244	-1050.16	89.3039
382.587	165.121	-12.8661
-1296.98	-990.759	53.9683
-1345.73	-543.371	10.5232
1270.11	-558.803	-10.2171
-918.541	-1165.77	36.8937
-886.79	567.343	3.60297
-693.995	852.361	-4.32668
1047.54	-1414.03	42.1167
-731.493	1071.76	-17.2031
-824.872	1150.57	-18.0593
382.407	288.779	-16.3774
430.067	377.345	-17.2599
942.108	1072.1	-13.1178
422.632	-322.329	-1.18442
238.134	235.715	-14.9518
-32.0252	-340.849	74.74
-587.766	-765.865	10.9771
-338.896	760.354	-11.1065
-1019.26	1263.32	-16.5358
-312.971	1073.42	-19.6974
1195.52	-1457.56	62.3329
-890.264	-155.015	-7.43228
1228.25	1327.55	-23.1202
-898.188	-681.335	9.24763
303.181	964.506	-17.8233
-1081.19	-202.053	-5.4039
-287.642	-522.563	90.2406
701.464	-1212.93	35.4554
-408.889	1173.71	-19.4579
1254.77	967.337	-19.1785
-1177.83	909.277	14.2728
613.004	-944.401	95.4647
-800.444	1493.64	-15.7213
701.792	-58.636	-15.8647
646.431	-1373.36	27.4817
-1110.87	-48.9088	-4.94262
192.463	-435.096	20.8527
315.485	1227.75	-19.3953
252.303	558.119	-15.8187
1109.77	289.752	-19.6539
-627.339	843.624	-8.36941
-1241.7	-1135.18	48.4852
-1273.63	-1401.01	81.3861
-1268.97	-479.216	6.72976
1187.95	-1350.82	79.3739
517.576	-1048.99	66.8275
-334.209	925.638	-17.1421
-1208.35	-871.84	32.9469
-574.195	533.951	-11.8308
1133.39	-1474.37	48.1327
566.152	1283.15	-21.8855
1001.66	-1050.01	66.1225
-1019.55	1446.92	-14.6085
128.842	1490.96	-16.384
-283.66	298.218	-11.5675
-600.829	-1095.74	13.7793
636.219	-1498.09	22.4034
-1440.44	876.215	20.4038
248.612	968.717	-19.0807
1080.88	-932.171	59.045
299.122	618.857	-15.6997
-20.8976	-1341.22	51.6185
552.037	978.032	-17.3139
-49.6532	326.62	-13.4036
30.0138	487.466	-12.6578
-207.806	-469.536	108.794
-813.295	1159.71	-18.3913
655.152	484.617	-18.8129
20.3706	157.326	-14.2256
140.719	-37.5291	-1.3804
-171.448	1132.59	-18.8138
-13.6881	-1304.96	53.5417
-30.0583	122.87	-11.4272
1057.84	985.676	-17.1899
-340.525	294.923	-10.4627
145.945	-628.92	53.784
1461.67	-539.29	-11.9421
521.531	-1127.75	50.533
72.9787	464.512	-13.9307
182.054	173.529	-14.7594
1233.49	-1143.37	82.275
736.861	-424.969	-2.69608
1352.46	-880.782	2.99285
713.021	-547.786	12.747
-1062.43	484.537	8.30427
-739.038	-497.583	1.21525
371.942	-562.128	32.5605
-695.969	1029.96	-16.3201
-1045.45	-1063.54	40.4022
-839.315	269.288	-9.16557
-735.215	1125.77	-18.0625
412.631	-1462.65	24.9847
882.03	-451.231	-10.0762
514.979	-433.222	9.45648
-1283.28	-1498.92	100.481
921.488	1480.72	-25.2359
-1267.28	-767.569	28.7394
50.8931	-1387.34	43.1031
1401.83	1466.95	-25.8856
-750.536	651.668	-1.74766
831.805	865.158	-18.8181
197.187	-1135.17	55.4945
384.287	-513.873	20.8054
815.837	1487.12	-25.3048
645.764	-677.092	60.1324
195.472	634.75	-15.9884
-1084.3	938.407	7.60922
-1212.32	1179.7	-6.82584
1397.12	-446.559	-13.7917
-743.996	710.023	1.22433
1306.73	609.8	-20.9245
105.726	-210.732	21.9148
-1003.14	-676.983	14.1304
-1426.13	1321.59	-6.65625
449.277	1464.59	-19.4242
111.542	1449.82	-15.9197
-572.264	772.41	-8.44734
1375.33	-537.249	-11.7011
-970.375	-981.014	36.8292
858.139	1415.95	-25.5289
23.0421	-1127.53	82.5574
1160.68	1376.89	-25.129
1412.54	203.808	-25.4569
1469.26	-1401.17	86.7888
-1422.68	719.72	8.39972
-33.8618	1200.37	-18.6182
1334.1	-1241.22	98.951
-1081.2	-560.292	4.99584
-63.6596	1010.33	-17.1817
227.861	923.658	-19.1738
493.654	-38.1846	-10.9195
861.55	418.926	-19.7261
97.1501	-1456.4	39.3846
-1294.72	-1305.08	60.1414
-819.572	811.34	8.25582
583.669	949.892	-16.5159
323.96	-698.463	67.0474
904.442	-320.851	-14.3444
502.866	1006.3	-17.9888
-161.511	961.714	-17.6749
-746.701	127.321	6.34771
623.323	1236.34	-22.0882
447.997	758.499	-18.7069
595.035	406.636	-18.6113
-246.985	995.31	-17.9395
-1209.3	1269.5	-12.4201
-1177.85	-912.726	37.1897
202.34	-506.794	27.0735
1162.7	552.975	-19.1186
-975.945	-803.714	19.6801
-950.958	786.681	7.99137
44.2468	-1188.44	64.674
-118.255	-184.252	42.1902
149.65	-1461.85	36.3105
-1179.17	-1477.12	87.452
150.851	912.149	-19.0078
150.019	1192.52	-18.3012
378.934	406.708	-16.7579
-1144.59	823.94	15.4013
-1339.73	-510.744	6.80989
-1076.11	-869.226	29.6084
-826.212	948.23	-8.31017
-133.766	-1184.02	81.1805
-382.607	23.7799	41.1321
90.5967	1155.58	-18.4851
-669.322	-1122.85	13.6313
-906.803	-1001.27	28.3107
1290.1	-923.435	18.6192
-75.1533	-409.219	85.121
1007.75	-701.29	11.9363
463.043	580.707	-18.5219
-1276.33	147.703	-8.50607
-1047.83	1469.57	-13.9155
-1449.3	-828.599	25.1633
-467.885	-629.363	23.4801
296.783	-1192.25	45.1698
-96.1842	-110.698	22.4039
-1382.89	1158.31	-1.44566
-1191.59	-385.908	2.21361
-572.053	-1021.66	14.6556
-1164.27	-144.036	-4.86604
-1122.42	480.464	11.6946
1264.78	-322.604	-15.636
1060.45	-99.5343	-18.7438
-393.637	-1296.85	34.2281
717.93	391.559	-20.0576
-413.012	1483.36	-16.087
806.64	-1031.38	70.6471
-815.663	1329.56	-18.2161
-1149.21	-923.773	36.6431
-992.885	-107.001	-8.3112
518.989	-248.541	-4.66494
433.225	1173.23	-21.8962
-1114.68	802.925	11.6849
-1265.03	-359.023	-1.10161
-696.158	-1238.48	24.8572
-1066.53	-878.681	31.5925
1323.87	-656.371	-8.12884
-680.394	-1228.82	23.4265
-134.769	743.891	-12.7597
1009.19	-829.38	54.5675
561.422	754.698	-20.4879
-1188.33	621.701	9.46392
509.687	863.062	-16.1365
1106.91	35.4574	-21.4864
1448.56	925.434	-21.283
-1041.76	440.512	5.05453
1204.44	763.974	-17.8607
-8.33143	-1486.69	45.2662
1115.36	1099.07	-17.0648
-1126.39	1268.6	-14.8215
753.378	-678.854	40.0656
1328.45	31.2812	-22.1308
-1197.47	1107.35	-2.73777
1178.58	-986.535	52.2429
-1146.68	-956.916	40.222
-942.881	-297.265	-3.06057
938.789	-863.156	79.2107
-1075.3	-185.088	-5.78481
-1220.37	247.126	-6.30048
716.696	1310.22	-21.3738
-896.171	-116.056	-8.41511
-444.656	1148.83	-19.4523
-428.136	-654.778	30.4644
-597.887	-480.974	8.48271
-1158.88	438.883	13.4516
244.984	1423.89	-14.7868
-403.076	-727.629	31.1838
1332.87	-951.397	18.82
713.798	-1420.56	23.4242
-296.931	-1411.71	51.8669
-603.953	548.285	-10.8037
352.702	370.879	-16.2292
969.336	1168.42	-12.8422
1430.72	-388.605	-14.7592
1240.37	665.178	-19.7963
1275.84	161.231	-22.651
198.091	-461.491	23.1892
1087.91	-210.365	-15.0984
140.912	-688.862	64.4506
18.0246	649.753	-13.9786
694.928	469.578	-19.1284
942.823	1251.71	-13.9695
476.318	-824.669	110.34
18.0223	-1086.96	91.7681
288.304	312.986	-15.2229
1034.17	-811.058	41.8112
-819.541	-357.041	-1.80242
-1435.6	-53.0481	-3.69427
-197.861	-216.287	60.2468
-353.219	-97.3681	58.7669
-1192.02	280.44	-3.90979
-227.363	-9.04101	28.2573
1082.94	-1240.63	72.1167
-1001.4	638.694	5.29087
-633.647	-576.248	7.32324
-1414.85	-468.707	3.28015
1171.76	1303.96	-20.2328
-1451.27	-1267.87	57.2464
-1483.8	1178.65	3.73275
-1279.36	-1277.77	54.7044
-1298.05	542.816	29.7374
-859.444	-293.814	-3.30535
-482.69	516.277	-13.9031
479.723	1100.75	-20.8244
-1274.42	-60.0005	-7.67736
-325.834	-1229.61	45.1773
-528.766	-1467.35	48.513
915.144	1221.62	-12.7663
-79.2163	885.401	-17.1979
1085.85	116.449	-21.7328
422.055	15.3016	-12.004
-583.849	-415.231	8.1343
349.803	339.984	-16.0675
-547.432	491.99	-11.7546
-1113.99	-124.878	-5.59536
-267.041	192.431	-4.56656
-262.268	-562.386	101.07
609.986	-440.75	8.37153
670.568	-91.0282	-14.3748
-186.459	375.59	-14.7125
1080.95	-91.777	-18.4488
289.153	-1331.76	33.916
1085.92	1490.48	-26.0406
-24.0698	1211.98	-18.7818
-1090.05	970.403	3.48292
-1288.69	498.695	32.7334
934.295	-524.593	-6.43087
-731.539	-1104.66	18.149
1394.64	-1240.99	102.64
246.472	-82.2252	-5.7564
629.082	-933.863	96.5527
808.112	1137.68	-17.1384
-283.084	30.0154	32.7202
-534.179	-402.109	13.7889
348.907	-991.06	98.4701
1474.42	591.586	-21.5924
-432.493	-104.677	53.1833
630.799	1356.3	-22.8841
-691.928	-542.342	4.01237
-1019.96	-1091.53	38.3783
1306.61	367.354	-20.8879
-1126.87	-432.66	2.00376
1161.69	1366.27	-24.6438
-1352	1045.54	15.936
-614.296	-859.312	11.5153
547.928	1295.63	-21.3548
-1089.72	-821.996	21.6273
286.252	101.674	-10.4755
-152.335	-502.15	108.768
212.031	334.101	-14.2534
-632.811	57.604	19.4621
1246.94	62.4848	-19.8544
245.44	1020.5	-18.7928
-1002.18	-989.462	40.1505
1093.49	-1292.02	70.8658
-545.126	-1184.97	19.2731
865.046	-442.843	-9.92789
-1291.42	-984.977	52.9086
-1287.52	-1255.99	52.0657
1226.74	1036.34	-19.2151
654.613	870.368	-16.2977
-778.511	-242.022	-4.57655
354.364	796.766	-15.1164
-555.81	-1063.07	16.68
-80.7526	-1008.44	101.711
-448.711	-665.921	26.2184
-206.686	-1496.12	54.8772
874.241	1046.71	-14.549
1066.56	-163.388	-16.729
111.187	-1344.32	39.0645
759.046	941.289	-16.8308
712.68	-438.545	0.564426
-1400.43	-264.982	-4.09155
909.247	-638.178	8.73562
-147.928	1421.88	-17.839
-108.142	-355.099	84.6275
-1001.62	234.769	-10.5373
265.469	-508.04	22.834
-361.879	564.366	-11.558
-754.253	694.535	0.725901
-661.49	939.49	-14.0987
-1267.83	-95.6685	-6.72601
-519.595	1407.67	-18.3677
1162.08	607.538	-18.1872
-232.152	-1053.29	69.71
-967.268	-363.929	-2.24288
-1100.77	1126.4	-10.4885
-1384.38	673.813	10.2199
1249.65	-911.165	21.9505
685.589	-8.11298	-14.3624
-1388.73	-791.225	35.1635
-336.961	62.6016	28.5402
-744.334	-1295.41	33.8791
-84.9393	-1049.76	105.019
-820.574	727.108	4.61344
-1069.57	-975.188	43.5193
393.856	-423.783	7.49592
-1119.54	-598.287	6.80957
-1443.73	1017.87	24.5479
706.057	464.729	-19.2113
-1475.88	-788.571	15.8667
-71.5688	-1274.78	65.6892
902.498	-1223.33	49.0797
276.552	521.713	-15.9996
858.336	414.931	-19.8913
609.972	936.826	-16.0705
744.176	-1348.44	25.6543
903.831	-12.2897	-20.8607
616.708	418.827	-18.5488
1324.78	-1460.46	80.4356
1392.92	-1054.27	41.6291
-396.261	1249.8	-18.9781
-136.523	-703.845	103.095
-49.9036	251.37	-13.8671
1265.84	1403.29	-28.1166
423.058	736.196	-18.749
-1336.54	-308.068	-3.42409
561.615	-884.186	105.667
-1195.84	-108.191	-5.15597
-586.945	1427.86	-17.5279
-782.377	-790.858	6.82963
286.108	374.667	-16.0303
-1355.99	-933.573	42.4791
-1236.25	1356.78	-11.4351
435.715	642.274	-18.1046
1237.71	213.098	-22.2398
-903.762	-884.661	19.9311
129.206	-156.015	9.21871
1319.94	-635.924	-8.84999
101.517	375.189	-14.1862
-1286.61	104.045	-9.78345
-1220.26	439.255	20.3073
-1393.66	1019.31	24.749
-292.607	-144.915	61.1651
967.334	765.537	-18.4383
901.433	1214.31	-13.0382
-191.036	-908.409	73.5712
-735.391	-67.2317	-0.635004
-1166	-1146.11	44.0695
-499.709	-54.7356	44.3252
-222.395	-395.378	91.8283
-1337.62	-1043.16	55.5415
482.6	417.538	-17.9869
300.133	601.155	-15.7704
1399.82	-704.502	-6.78798
-1327.76	720.942	7.00243
804.117	433.733	-20.5749
-1022.8	-243.93	-4.8294
-170.518	-412.911	96.7873
212.957	-622.463	44.1529
-633.161	534.273	-9.21615
372.902	-202.899	-4.57189
1013.86	-799.331	41.2681
-877.743	701.692	4.49839
197.152	20.9807	-6.67195
-1235.65	1325.78	-11.62
-1297.45	-203.144	-5.55201
377.58	243.956	-15.6861
120.048	1485.72	-16.1467
1014.88	1139.09	-14.2008
-1319.55	-565.129	12.9194
-741.324	-71.095	-1.28725
-745.961	1372.48	-18.53
1417.82	764.594	-19.462
-583.044	-44.526	26.9623
1130.91	-705.951	2.41037
-1296.86	420.841	31.4074
-1255.11	-100.826	-6.38159
-1206.12	-1360.78	67.4398
-991.026	-768.194	17.9258
-778.507	1453.4	-16.0602
773.04	1483.05	-25.6755
-895.835	-4.793	-9.13942
1131.93	-369.531	-11.3559
1209.92	311.911	-20.4444
-1332.51	-905.819	43.4383
158.67	1169.08	-18.7324
-272.831	-196.557	62.2924
1036.69	-205.217	-16.4006
-1176.34	-463.084	4.7543
-955.515	-1102.36	37.1642
-1166.05	1203.14	-10.945
-708.951	-649.62	3.57104
1064.28	-1132.76	70.042
-1085.85	249.862	-9.10372
215.69	261.023	-14.68
-1112.66	-212.283	-4.90786
1275.34	-535.305	-11.0153
210.608	-1267.85	39.803
1107.72	-1185.69	73.9167
-1005.58	928.619	1.9717
-1262.71	680.755	6.57775
848.345	-1488.23	20.6366
1415.24	-1489	76.9647
-704.361	334.849	-6.02042
-1038.16	-859.283	26.6962
392.027	-512.369	21.2732
-1195.1	-133.455	-4.56758
-362.841	-194.09	51.1872
560.443	75.7675	-13.7125
-1327.65	127.129	-7.61625
168.305	-1292.35	38.6484
791.109	348.316	-21.0764
778.755	-540.168	0.89391
-622.531	-387.321	5.01316
-67.7485	-108.536	19.8272
144.014	358.642	-13.9633
-722.316	-466.21	1.63681
-1352.63	-1286.95	58.7807
889.511	-245.899	-17.1072
1378.08	-526.655	-11.9815
1486.58	-1391.18	85.9413
495.47	-312.848	-1.9023
259.418	-347.094	6.89872
-955.404	-785.971	17.5323
-1151.46	1003.34	3.6359
-1244.16	-1021.73	51.6007
-255.048	-846.874	55.9437
122.475	-798.166	96.4908
-1379.42	1081.93	9.93777
-859.865	-599.969	2.52297
910.931	-1285.04	42.6372
-794.307	1141.11	-18.4954
-1351.74	47.3414	-8.13392
214.284	1360.13	-14.1789
-462.003	887.642	-17.2818
162.35	-1089.79	62.3411
-59.0932	-271.539	59.5694
-1367.31	-986.894	46.3056
-388.722	938.897	-18.0374
-1032.28	-349.882	-2.55871
1162.28	-216.995	-15.0117
1325.88	-1230.23	97.6361
325.947	1108.88	-19.125
-59.1675	921.506	-16.9984
-1030.01	795.459	8.75788
260.373	609.952	-15.9614
90.3378	124.621	-13.2138
-1370.71	-86.2523	-6.72884
-1095.68	-276.022	-3.8355
-264.075	-792.994	57.6283
1184.73	920.395	-18.1357
373.844	-203.311	-4.57909
-482.782	-952.837	21.4615
-1406.9	630.971	12.728
-390.242	-814.5	31.8963
-252.752	1270.09	-17.9209
-828.131	-494.258	-1.3573
-496.827	681.72	-6.89534
-325.541	-537.366	76.8715
1037.04	418.26	-18.3623
869.27	373.807	-20.263
-738.793	47.8604	3.46514
-418.982	747.163	-8.83449
744.188	-881.128	87.1433
-85.256	-1127.62	93.0121
862.486	143.693	-21.7018
762.845	-376.327	-8.77244
-1181.9	-1234.97	44.3927
-327.994	1499.14	-16.4287
-470.774	-596.557	23.4126
1126.26	-912.217	47.5312
-963.803	791.009	8.28201
303.132	-1191.09	45.22
-875.372	-94.4936	-8.7043
-931.962	-752.337	14.5296
1277.56	-819.101	1.34842
1418.65	1311.76	-25.2765
-1441.23	361.094	28.3127
-1294.7	-986.023	53.3463
-614.023	-1221.54	21.5518
1157.57	-1251.25	78.2785
-727.968	120.351	9.04672
846.629	384.751	-20.3613
1074.97	-1458.88	41.0909
-1036.8	414.532	3.16356
-117.859	52.8506	2.07183
-778.642	1040.2	-16.1222
1194.87	532.207	-19.6894
-1388.16	-1312.56	63.5664
-485.317	415.909	-10.9785
1425.03	-1462.28	82.5315
201.204	-1466.44	33.6743
1109.17	-746.444	8.88875
-1323.87	-1331.25	66.088
474.515	-1459.17	24.0836
-1166.81	-153.342	-4.92082
-1377.73	-1303.77	61.8881
-407.78	411.946	-11.7021
122.082	-26.789	-1.93066
-184.616	-1064.62	84.3966
1276.37	-775.639	-3.08666
-1206.61	-662.397	15.817
1385.87	659.859	-20.5676
1164.19	998.294	-18.3507
-1301.75	286.863	7.52627
-1302.46	-930.775	48.3243
1150.29	718.432	-17.8196
-242.57	1242.87	-17.9138
-460.289	609.237	-10.694
-1318.38	-838.339	40.081
562.997	410.591	-18.6386
860.916	-1161.14	51.6226
330.72	1024.36	-17.53
83.1952	-854.975	107.125
621.389	-1223.34	36.9689
-1058.4	-824.209	23.109
464.359	-1059.6	66.3368
-117.077	318.295	-13.5043
621.057	-1008.31	82.6048
-165.485	-896.588	78.6129
-325.702	-695.866	57.9315
355.629	-405.197	7.61448
75.2416	-858.258	107.38
-1387.32	937.994	30.1627
-274.978	-1096.47	57.5446
1275.45	498.65	-20.2949
-380.945	1110.83	-19.5925
-334.828	-452.35	75.0581
-460.242	-421.536	29.4077
-748.346	-644.931	2.64507
-396.121	304.054	-9.52188
-1389.53	633.267	12.1455
842.437	411.185	-20.4351
87.9379	679.124	-15.0843
1424.76	1117.94	-21.3118
347.209	555.085	-16.4408
-1331.02	803.703	13.3956
1347.9	159.472	-23.9025
-486	1344.97	-18.5991
-1162	701.626	6.5312
875.926	1168.44	-12.6581
-1422.87	-1299.62	62.7969
-550.502	1282.27	-17.584
-1191.6	692.056	6.02904
1409.19	-1451.29	85.2012
-278.716	-1167.07	55.1886
-895.918	-1260.31	36.515
496.523	-1411.3	25.8623
826.785	757.223	-18.5559
1348.01	-1242.98	100.535
645.388	1199.28	-22.2765
1400.27	598.896	-21.0034
-1206.58	103.331	-10.8489
904.021	-1342.22	35.1561
837.977	-1459.01	22.1229
-1136.38	814.464	14.2324
313.287	-561.02	27.086
737.577	-265.609	-14.0247
-474.58	473.497	-12.0634
17.2652	-39.3691	-0.715257
179.754	-825.651	100.18
375.759	-1049.64	74.4452
-1075.93	85.5303	-10.2813
-703.326	630.243	-5.34608
1060.09	-1241.46	70.8987
1339.74	840.121	-18.3703
-748.484	759.424	3.11636
-913.201	-834.924	17.9034
1265.52	-1052.2	64.5113
512.677	502.758	-18.3337
653.843	82.3225	-15.8452
-598.154	833.318	-9.75168
884.411	963.929	-16.6896
-74.5484	-410.971	85.1695
715.842	-864.051	86.9723
-1413.2	959.575	29.2865
-119.85	-674.621	106.912
-865.199	303.928	-11.0252
-1119.46	1320.18	-14.5868
-6.41217	110.692	-11.2886
-912.152	-172.949	-6.90732
-808.066	-775.667	7.16315
-247.847	704.754	-11.3933
-872.828	1127.44	-17.4412
263.919	-959.497	101.341
1461.46	648.417	-20.983
-1252.64	-1169.89	47.6373
429.735	317.249	-17.4522
675.655	-206.068	-12.835
-791.392	974.182	-12.6879
-1206.02	1145.95	-4.37867
56.881	1493.51	-16.0974
886.303	1151.48	-12.1862
-96.2395	768.046	-14.1731
-857.347	498.505	0.74596
528.919	-516.133	26.9775
436.781	980.205	-16.6839
-775.401	471.969	-2.57874
-673.698	-264.599	0.899008
701.134	1489.44	-25.6219
17.3367	-651.959	86.0634
897.479	-1080.79	66.7491
734.736	539.688	-19.0893
-874.914	-421.795	-2.28035
1401.67	797.123	-18.8662
1033.78	46.0704	-22.4032
-1377.78	-683.556	26.0462
1481.07	748.995	-20.8235
1263.8	504.206	-20.1851
-993.095	-1181.1	40.1994
-621.829	-169.631	9.60442
251.787	290.561	-14.8564
-1484.53	1026.95	19.8923
-1455.55	-1480.84	122.426
1193	-1333.37	80.5782
517.389	-911.08	109.237
1495.89	1050.93	-22.746
1018.84	-255.292	-16.0223
