-455.818	476.768	-12.2963
-216.183	21.3596	20.9033
757.297	-682.86	40.6022
-1032.07	-333.997	-2.61571
863.646	842.978	-19.216
765.83	-1151.17	43.8694
-1403.23	1325.41	-6.96834
1361.05	-672.727	-7.02107
540.537	877.983	-15.6843
-656.852	-1173.82	16.2478
602.472	-1191.34	39.186
-215.241	20.5944	20.8407
-849.474	-676.569	6.39422
166.308	-508.864	30.4502
814.989	203.555	-21.6539
753.665	510.865	-19.5562
-1485.14	-644.957	9.3664
1036.54	800.683	-19.2566
-804.599	-589.809	0.928538
-9.08376	-1498.76	44.7354
505.078	-564.762	39.0916
416.624	-390.238	2.45836
121.788	-803.706	98.0655
60.0958	-368.358	53.0785
-1411.68	314.046	16.2918
121.923	643.474	-14.8033
1038.86	500.437	-19.0206
44.4288	560.741	-11.5
858.765	96.6884	-21.3386
593.424	575.258	-19.8246
1400.22	72.4289	-24.1703
-1076.81	809.043	10.7444
-733.039	-1062.97	15.9623
599.995	-561.774	30.7344
-72.7547	-548.795	101.418
469.461	-1159.76	45.7213
58.7622	916.214	-17.3461
913.418	-1189.54	56.0295
-1265.16	379.891	18.4647
-646.641	902.508	-13.0373
-857.087	1293.83	-17.9918
347.906	1405.31	-16.0721
-43.7405	947.473	-16.8414
-1392.13	-815.522	35.5882
758.963	264.501	-21.7694
694.578	54.7464	-16.1013
-860.203	1333.55	-17.5071
-848.235	859.441	5.00518
-457.261	854.605	-15.9842
-722.645	492.547	-3.65558
-694.825	1286.83	-17.6934
-1070.67	918.545	9.37714
579.502	-1198.19	38.5476
75.7547	1304.52	-18.1278
1007.1	1155.58	-14.01
661.816	1133.89	-21.6442
960.208	-735.224	29.4237
-968.462	557.612	4.67625
-4.82671	-541.34	81.3401
-84.3838	-494.801	95.9942
981.32	-1207.01	64.9647
-1184.44	406.328	13.059
29.9528	-1050.94	97.5529
33.9763	-1466.59	43.3699
1429.63	-51.0464	-25.9592
-1.32909	585.944	-12.0901
-1160.24	51.2121	-10.2241
-1476.76	832.562	11.7553
-1366.27	755.151	7.3763
-310.23	1118.02	-19.95
1197.9	195.073	-22.7016
900.825	-450.826	-10.0242
1002.49	1196	-14.9972
159.647	338.595	-13.7448
749.117	534.313	-19.2575
-230.925	-730.709	78.7895
846.757	-1387.92	26.4124
821.926	-870.635	86.9302
-32.3673	-1338.35	53.0144
-1341.78	1371.76	-9.10297
-279.181	1161.72	-19.7574
473.238	-1023.6	79.6741
880.29	6.09244	-20.4809
539.622	-1392.87	26.4972
990.476	-158.731	-18.6201
1222.47	41.3015	-19.1547
561.705	1210.92	-22.4185
-266.387	912.107	-16.3909
1372.99	1202.43	-21.1486
1383.36	-159.07	-21.2139
260.13	-465.856	18.8845
424.804	1264.15	-20.7443
-299.322	-1324.53	50.8768
-1024.47	83.8365	-9.89553
-923.277	868.314	5.08677
632.394	1113.29	-21.0232
-986.064	1328.87	-16.282
-58.8611	911.242	-16.9749
-361.914	246.284	-8.16082
510.654	995.53	-17.7759
-747.317	-813.133	7.64051
1481.43	-741.209	-7.73828
136.661	1073.31	-18.4282
-723.584	-759.694	5.63895
-1135.49	1228.94	-13.2985
-170.42	212.406	-10.8158
-85.5101	-406.602	85.7133
1433.72	-1145.45	66.4033
1265.34	1461.58	-27.3323
-255.068	85.5051	13.2607
-903.427	1045.67	-14.9086
-378.05	-1255.62	35.4709
-537.738	-131.306	27.7591
-98.3671	-1216.3	76.2984
-384.585	38.3228	37.4122
1115.17	-612.779	-4.66841
-698.684	702.874	-0.931795
-784.426	-838.925	8.61991
-135.343	1349.9	-17.7316
-388.964	-77.9562	57.739
-603.217	-1014.1	12.9017
-1085.19	654.126	6.39765
-81.7354	-248.825	55.2338
848.296	-489.977	-8.80779
-275.899	58.0699	23.7692
-562.296	-595.733	12.4185
-394.798	973.551	-18.3141
-668.798	958.448	-14.6
-765.873	-711.236	4.22881
8.50211	-43.8161	0.64316
822.609	-264.735	-15.9311
648.313	957.416	-16.4436
-266.246	837.865	-14.7424
1217.75	-1139.94	80.0084
-494.999	-377.525	20.6543
191.398	328.272	-13.9055
-386.048	-1352.94	37.1917
-1396.86	-967.201	39.7977
1245.12	167.587	-22.324
-1124.52	-767.489	14.65
1211.67	730.101	-17.8139
-1424.84	-1118.81	41.2516
45.7172	-329.238	52.4338
491.331	1003	-17.9408
-577.93	-843.398	12.3627
284.473	1484.72	-15.7146
-1419.08	1271.17	-5.81678
-617.675	-186.742	10.0446
773.677	-665.008	31.9639
-274.181	-1375.38	54.7262
1311.12	843.106	-17.996
-682.165	-661.659	4.15258
1182.76	813.383	-18.0916
105.536	-129.826	6.75749
1354.21	475.363	-21.1047
108.726	-1016.35	86.0386
-902.916	950.46	-5.89211
-770.246	432.675	-6.44901
-1362.7	-980.497	46.176
942.669	796.186	-18.9863
-743.028	526.323	0.089263
1385.73	-1097.43	61.2446
101.788	-483.41	47.1711
-368.69	568.117	-11.5389
1338.36	-26.6493	-21.9724
-182.519	-666.651	105.533
110.447	-574.556	52.1131
360.378	275.123	-15.6546
-515.352	-1407.79	38.8676
-1270.56	-270.379	-3.56332
-1079.91	6.02651	-7.132
-509.722	351.471	-8.37839
-1394.34	830.672	15.3947
-1286.67	798.67	11.9093
1200.42	278.293	-20.8986
59.8033	-513.578	61.2816
-63.4572	220.992	-14.0374
-46.2069	1172.12	-18.2196
-12.2266	-816.977	106.78
-1417.58	-759.516	28.6716
-1131.08	1132.63	-8.36478
-173.59	-205.052	54.3454
1103.63	1149.63	-17.4506
251.374	996.433	-18.8317
1450.05	-61.6065	-25.6012
-1497.09	438.357	51.8741
6.80018	-274.33	50.5809
1292.18	480.964	-20.4894
-1491.29	-1409.32	104.27
-541.785	426.019	-9.94947
156.896	618.899	-15.057
-245.139	-1432.4	55.2297
939.723	785.317	-18.9788
-747.489	1321.77	-18.3673
797.013	1281.73	-18.6297
810.285	1229.76	-17.4844
1345.54	-1258.67	99.7228
-239.431	-1084.46	67.7756
495.293	1376.45	-19.4646
1081.1	-463.653	-7.86312
-444.129	-399.224	31.9525
852.86	-0.965391	-19.5921
746.134	1016.24	-18.8527
244.815	288.507	-14.7945
-1100.27	-246.811	-4.41078
-146.426	1242.12	-17.7106
114.597	-171.095	13.5876
1322.59	759.333	-19.1036
1479.17	564.197	-23.4489
-462.43	240.462	-0.579089
-1199.28	-565.748	9.38309
-336.314	946.799	-17.5013
-1299.5	420.821	31.8261
817.082	978.496	-17.0428
-53.3697	739.873	-14.5501
-129.519	581.89	-13.1835
-392.158	129.439	15.9595
491.634	960.001	-16.7878
-319.318	1152.7	-19.9807
294.801	987.937	-17.9657
140.912	73.3094	-10.438
1145.03	-1117.06	71.333
1435.53	1100.28	-21.516
-1277.68	-1054.9	55.2692
258.377	-1198.06	45.1421
-490.797	835.427	-14.2401
1341.26	-93.6168	-22.3581
650.532	664.601	-21.3471
1107.3	255.772	-20.1188
-1254.79	46.7334	-10.2578
736.355	-1185.71	37.6275
-1216.31	-920.338	39.983
-1372.82	-911.609	40.321
516.426	-1375.64	27.381
142.729	-1401.88	36.9819
266.92	332.763	-15.2221
640.705	1155.51	-21.8549
-666.398	637.417	-6.66503
1434.85	421.3	-24.768
783.767	1166.39	-18.1964
-204.402	990.981	-17.9435
636.925	-200.113	-10.2091
-990.217	1067.46	-12.8808
-1222.15	232.515	-7.52333
-1465.48	167.665	-2.67357
116.171	819.707	-17.1991
372.818	1414.16	-16.8615
-954.276	18.1784	-9.33279
-1429.55	870.571	20.8089
1075.51	-985.742	60.0933
-525.256	747.09	-7.65744
-955.781	1141.23	-15.3839
729.613	-953.635	87.0756
-1347.58	-1135	51.0521
-749.972	-957.878	11.6301
-156.483	868.796	-15.9758
864.947	-167.028	-19.3996
-195.914	1078.71	-18.8953
1068.11	-487.571	-7.41849
500.981	-682.496	72.495
-301.914	-361.449	83.504
268.684	969.454	-18.6484
-1208.09	-18.1739	-7.67142
-710.026	-502.347	2.67963
1431.51	410.862	-24.6894
196.669	-1352.16	35.4278
-63.5639	-171.625	32.8792
565.431	1132.1	-21.604
1275.89	746.402	-18.8866
-336.304	959.264	-17.7067
-102.136	-1457.93	53.6139
-1189.76	1235.91	-12.036
640.185	-491.189	16.2508
-200.527	-359.905	86.0412
580.57	1465.44	-23.5762
-679.427	94.2039	14.6292
1226.6	1446.8	-27.6656
1466.06	1175.92	-21.1752
1.63089	821.336	-16.2994
-1462.92	-477.889	3.28731
1305.5	-444.303	-14.4483
-100.772	-778.126	99.0438
-338.588	-891.556	38.2519
1396.8	1313.64	-24.9581
-1471.28	1396	-6.5354
118.525	479.898	-14.1326
48.2766	596.459	-12.6768
97.7679	1.44273	-2.60388
-865.234	-151.015	-7.66654
-806.126	1464.03	-15.8337
-1370.49	610.745	15.974
-371.343	-177.47	53.2442
-1021.96	-1452.95	62.3589
-445.643	194.353	7.74695
-1478.53	1114.53	13.6357
1249.52	-149.031	-17.9208
-114.223	-47.8328	14.0105
798.327	842.462	-18.8214
-800.522	-509.141	-0.917792
942.486	1002.95	-15.093
1207.06	1008.83	-18.9979
-1342.8	-916.545	43.4675
-950.427	843.88	6.67557
-401.116	-1260.06	31.5068
903.181	-1.95724	-21.0042
-497.493	375.448	-9.37914
670.889	-532.373	18.2203
-1246.73	-400.23	1.64418
-1036.56	934.062	3.86184
276.984	-1350.26	33.6225
230.656	1274.08	-16.4598
1068.05	852.881	-19.1418
-1350.76	74.008	-8.28919
5.97853	885.274	-16.3755
1474.9	1191.49	-21.2174
532.927	1144.62	-21.9709
-460.373	-880.718	22.8625
-1271.43	1400.06	-10.4439
834.907	307.096	-21.1198
-339.504	-158.014	58.767
-839.526	929.704	-4.8366
-753.404	-573.79	1.57351
-1302.66	-715.712	28.8841
-1171.69	262.618	-6.31292
-96.0292	-280.763	65.339
-510.7	237.089	3.2262
-144.625	-625.112	114.388
874.954	898.549	-18.447
753.022	98.3466	-18.8039
1493.24	512.6	-25.7585
610.3	1236.55	-22.1716
1274.22	1428.09	-27.7274
656.76	-697.991	63.9762
1262.21	-1073.35	68.7432
-1191.69	250.013	-6.90561
1112.22	178.747	-20.9184
-1492.27	869.157	14.1609
-1184.31	717.313	6.94965
-66.9619	1222.66	-18.8137
736.895	996.591	-18.1708
-898.189	1081.9	-16.1112
-542.931	950.249	-17.0902
-215.628	-212.698	61.0574
1157.54	154.824	-21.5161
1139.43	1271.28	-18.9274
1105.26	1214.05	-18.0824
-595.086	-1334.31	35.0097
-939.233	-284.644	-3.47355
1491.41	-295.782	-19.0887
1351.85	-506.487	-12.2611
1477.24	-723.957	-8.03564
-1447.14	1192.35	-0.809744
-583.476	1371.02	-17.9002
780.648	370.829	-20.816
236.22	1093.98	-18.9425
870.29	-861.565	87.1961
537.853	1215.72	-22.4785
1216.98	-872.863	19.7791
1335.1	381.388	-21.7217
712.717	-735.797	64.0674
351.964	-1410.12	29.1103
704.527	1420.92	-25.2756
-849.156	-146.993	-7.65593
-304.221	368.46	-12.4195
-1118.71	-752.75	13.9239
839.573	521.567	-18.8199
1046.88	1478.44	-26.3961
817.097	-372.246	-11.5546
109.571	-1135.69	67.0167
560.662	1022.77	-18.2982
1199.15	-1336.03	81.9506
44.5154	-143.431	15.5152
-857.634	-1295.33	31.2784
-936.839	354.924	-7.11274
444.785	828.496	-16.9286
-947.656	-437.99	-1.21344
801	-1244.72	34.7694
-1075.91	1235.19	-14.9085
874.805	-1130.1	57.4385
777.591	958.883	-17.2018
732.756	-675.506	43.0222
-1437.41	-679.554	21.0943
39.0088	-237.201	34.498
-27.7064	726.721	-15.0946
1127.62	1208.54	-18.2078
1155.82	-755.819	4.17685
774.365	-105.345	-20.6947
-645.066	-583.289	6.67356
-43.7404	-837.887	104.052
-376.022	842.82	-16.3081
-1078.78	427.466	6.04066
456.883	-87.6842	-9.11142
266.215	574.447	-15.9446
-783.132	506.217	0.801097
-708.105	-156.591	-1.40102
1397.44	-139.772	-22.2275
-564.619	460.62	-10.6169
861.607	5.32119	-19.9388
-574.18	1239.91	-16.8517
-1384.25	1040.01	19.0579
-984.941	678.605	4.43236
-578.614	-1464.33	47.5939
-971.817	-168.866	-6.82698
-815.163	-1297.73	31.2742
42.2364	-477.327	64.1565
1286.62	-263.556	-16.7285
329.125	375.564	-16.1884
-1251.54	-292.665	-3.02897
928.777	662.246	-16.9993
800.422	139.07	-21.2222
174.996	-1464.11	34.9865
-484.919	166.905	16.5006
656.582	-982.71	88.8167
-161.627	-284.453	69.5334
593.971	-1179.57	40.7233
-400.214	-949.199	29.4761
960.15	-1480.9	25.3408
23.8805	-480.987	70.2121
-459.394	-1288.42	27.5684
-889.189	372.347	-7.90195
-668.966	-1105.69	13.6307
-72.0828	-1250.71	68.768
-628.94	-1210.71	20.4241
941.713	88.067	-22.1363
-1184.07	1042.41	0.439781
986.033	96.6115	-22.1073
1407.48	-1406.95	92.8463
84.8047	-845.834	105.924
1137.84	356.754	-19.2452
-427.212	-1499.04	57.8549
-145.574	1166.61	-18.6739
430.392	362.999	-17.3133
1376.76	-449.072	-13.8666
656.034	1438.46	-24.5321
-795.013	700.093	2.23977
811.075	-583.122	1.97862
-592.395	729.267	-4.66361
-1169.47	465.78	16.1415
-66.4631	-826.706	101.535
1229.49	-1340.69	88.3533
792.758	226.222	-21.64
430.335	-684.94	71.0598
374.052	-609.425	44.6561
954.294	-707.368	19.1777
-544.312	-689.607	13.5078
185.192	406.524	-14.8448
1085.27	484.009	-19.0519
-644.388	330.972	-4.8596
1010.55	29.3126	-22.4857
-567.948	-548.978	11.421
931.431	1262.36	-14.7787
54.0996	322.525	-13.3119
-930.665	-460.692	-1.14666
-1339.4	-999.294	51.7022
207.391	-972.539	92.1924
-503.329	92.5735	31.7675
1203.37	-1416.05	75.0421
-1056.11	833.547	9.8749
-407.315	-660.186	34.882
1363.59	473.726	-21.4098
557.042	375.341	-18.8809
-865.412	983.032	-11.7443
365.589	-226.222	-3.42431
573.525	1010.01	-17.8606
-1080.52	-1420.21	68.5399
-56.5979	516.514	-12.0389
1476.07	-287.349	-19.2328
-858.033	181.068	-6.61911
984.819	-1477.96	26.678
38.1693	-174.336	22.1372
1481.78	-981.72	3.11878
18.4376	796.231	-16.4103
157.597	153.916	-14.7126
-74.6063	-140.88	26.6731
425.337	-1027.99	80.2352
283.64	520.032	-16.1108
50.065	690.845	-15.0855
-1497.08	-857.048	15.1426
18.5215	478.708	-13.0314
971.222	450.234	-19.1823
1382.91	-1017.21	32.121
-399.851	-778.948	28.8606
-148.42	-38.8244	17.2627
807.782	-101.101	-20.4277
-937.983	-1323.77	42.852
1027.11	463.53	-18.9827
-1365.38	-656.194	23.9637
-1259.41	-914.347	42.8222
-557.827	823.562	-11.8041
1044.6	65.6247	-22.3005
1430.38	371.581	-24.1993
-120.162	1118.52	-18.3919
972.019	601.111	-17.1724
57.3199	1245.95	-18.5065
-487.307	-1240.86	23.937
-635.305	1063.53	-17.7722
695.625	-333.759	-8.40154
-978.173	-64.1006	-8.80297
-677.815	1444.46	-16.3495
1166.18	224.669	-21.5671
611.355	-858.008	96.0076
67.1878	-1142.34	72.7459
-1202.65	53.88	-10.1483
-1440.22	-764.652	23.6711
-412.288	631.641	-9.76872
1181.03	-424.036	-12.1538
444.069	581.686	-18.1816
-810.025	-451.899	-1.62825
-771.794	739.596	3.70559
-1291.48	1101.86	3.29326
1268.6	-0.537828	-19.7512
543.827	-268.889	-4.51629
-1106.12	-274.626	-3.79822
-1382.77	164.461	-4.49769
617.666	-1462.77	23.8297
968.237	-639.856	5.64912
1176.08	-859.006	25.6599
777.907	-1328.1	27.604
-982.288	-465.351	0.179362
-706.429	982.613	-14.5109
312.701	-550.848	24.6752
1125.5	923.163	-17.8235
312.147	-225.591	-1.85773
-1263.67	-918.487	43.7793
1217.84	1345.04	-24.4569
58.5069	-462.268	59.389
-168.565	695.734	-11.668
349.529	-704.726	71.5211
-668.673	1335.37	-17.9999
-390.15	-1075.63	31.5353
1367.56	810.929	-18.5165
1153.97	-230.025	-14.7204
-191.729	1202.86	-18.0872
-40.9324	347.306	-13.5896
-427.223	869.883	-17.2432
226.886	-342.391	10.8828
-978.002	-758.528	16.9756
-542.196	-1172.2	18.6055
-287.048	695.791	-11.7172
456.888	-560.42	36.8213
-712.793	1083.75	-17.5958
392.313	-120.765	-7.60316
858.338	282.596	-21.1103
633.327	-1252.54	34.3012
938.27	-188.331	-18.4116
-1492.6	472.794	52.6869
682.866	-1358.58	26.5618
-1193.49	-778.876	22.3664
-1067.62	-103.403	-6.46706
-1495.38	901.448	17.4835
-1480.76	-385.611	1.05305
561.809	893.182	-15.4862
640.629	778.917	-19.242
-131.999	1418.03	-17.8962
-524.378	-782.912	15.9611
-763.335	120.64	3.3221
54.2934	1440.14	-16.0501
105.26	-1011.54	86.959
-1433.96	1445.28	-7.13243
-770.132	1188.67	-18.7206
-1145.53	-1167.11	43.6461
640.312	902.271	-15.5107
-679.299	-143.606	3.60018
1278.23	1366.03	-27.0768
-125.361	464.125	-14.1361
1164.15	-977.806	51.6158
-611.211	-206.952	10.7643
118.959	-1250.25	46.7935
303.299	-298.114	2.48666
310.354	-464.892	15.2326
-684.793	1006.64	-15.9255
-952.699	1319.73	-16.6445
-940.766	1459.76	-15.5964
-1473.4	1009.03	22.0569
1239	-368.404	-14.8117
810.853	-987.279	79.0573
-1344.39	1049.31	14.5806
941.657	748.069	-18.0396
1002.27	-414.213	-10.4273
90.59	-1056.2	83.4994
626.858	1349.04	-22.6906
-552.926	363.74	-7.61336
-242.197	703.066	-11.3672
46.9153	-470.015	62.3442
-117.609	-439.384	92.3532
516.131	-1160.32	44.8746
-1117.99	1368.55	-14.2221
1287.49	1270.92	-21.3281
143.935	-798.94	95.1021
1127.02	229.68	-20.829
-457.346	-880.128	23.1422
224.428	-923.603	102.082
-1169.97	-639.907	10.5343
1021.84	-441.985	-9.15807
1328.22	-1153.42	86.8393
876.838	-1194.77	49.1358
1078.53	921.976	-18.2956
789.198	-1417.59	23.0517
-1156.67	967.391	11.1586
-460.969	-1402.62	38.1751
978.486	208.68	-20.7297
1266.34	-1081.56	69.808
981.201	-927.873	73.1417
1460.98	1283.31	-24.8446
-405.369	-1463.91	50.6747
-1481.18	27.3425	-2.99603
1404.11	652.314	-20.653
-432.462	1142.29	-19.6398
-641.137	-286.515	3.13747
1096.42	705.211	-17.6788
-884.657	600.853	2.87683
1375.86	1034.06	-21.2202
-1163.82	461.659	15.6642
-782.829	-1228.56	27.164
1360.69	-549.02	-11.3699
-368.563	-1007	33.9735
270.218	-1206.93	44.0115
-1101.12	1249.1	-14.9026
-162.458	-805.368	82.8308
-22.6777	23.1674	-0.96773
271.604	-1317.09	34.9964
-1083.8	-671.656	12.04
-935.507	863.097	5.6123
932.492	-645.487	8.66225
673.305	-1273.24	31.5122
828.837	737.044	-18.1766
-1225.63	-1135.18	47.3188
-35.578	468.984	-12.458
75.3243	-3.46781	-2.43149
-389.686	-48.7352	56.6971
453.502	364.483	-17.6874
714.758	738.197	-20.1531
-345.729	-879.004	37.1955
414.144	-695.754	73.4824
-878.461	-991.756	24.0534
754.532	-14.1524	-16.4989
-1123.45	480.11	11.7968
539.518	1158.12	-22.1408
-931.957	-1284.93	41.3498
-501.484	100.068	30.2823
762.584	-1072.51	61.8273
87.7012	-1092.13	79.0738
-1308.48	-603.142	17.3823
-1315.21	573.291	25.5216
-171.614	-305.272	75.4414
22.8384	1057.77	-16.283
1311.15	-1381.93	93.827
-687.999	-605.22	4.23185
-683.94	-755.187	5.45765
-630.164	1179.6	-16.7513
-1226.81	1448.97	-11.2633
-255.61	357.28	-13.0876
1058.21	-192.85	-16.1582
118.802	348.696	-13.7182
-161.106	-408.333	95.1072
-479.274	821.473	-13.559
-60.3465	-888.101	102.057
-817.678	599.46	0.865429
319.218	1189.82	-19.841
-489.98	-281.606	19.1063
-425.706	1266.86	-18.6947
197.082	-876.237	106.263
-1223.83	1041.16	4.15865
1430.21	136.957	-25.3571
148.932	166.879	-15.1596
-1220.92	-506.516	8.08337
1369.45	-1271.82	100.696
41.72	-461.786	64.068
-557.583	-484.417	11.6982
-1189.96	1458.25	-12.4313
910.003	464.666	-18.5102
-175.443	-9.13948	17.7628
865.809	-815.007	72.5849
-735.254	-848.913	8.96604
193.597	-361.511	20.6091
-780.96	1125.12	-18.3963
74.4287	-166.155	16.7095
339.289	-85.9342	-8.09436
-1346.79	-92.8316	-7.66441
-123.065	-1380.24	62.6349
1379.46	-582.811	-10.6412
682.143	818.511	-18.3637
-381.998	-67.6533	57.4071
-278.409	332.228	-12.2127
-1158.81	764.078	9.50019
327.448	1066.76	-18.1807
957.97	296.174	-19.8404
-1464.19	948.981	23.4399
1402.67	1000.37	-21.3761
-737.658	1246.48	-18.1652
-806.6	1185.94	-18.8577
686.967	155.108	-19.3332
1248.93	-275.402	-15.4946
-680.285	382.183	-8.40566
1143.26	92.471	-20.5094
781.202	-1007.69	76.3928
391.372	180.5	-13.7334
-1192.11	-439.364	4.47458
-447.019	949.019	-18.4585
17.7528	601.949	-12.6108
-851.616	-1048.81	22.9203
-257.795	-620.72	95.5771
-96.027	1137.15	-18.2413
-466.925	988.261	-18.5088
-783.728	-850.648	9.05591
-56.4559	229.192	-14.1217
231.122	864.146	-17.4365
1423.29	324.443	-24.7322
1202.75	524.546	-19.9086
169.372	345.627	-13.9634
831.559	-412.62	-10.1586
561.208	-436.646	9.84425
1347.57	1483.14	-26.9582
-1164.58	-1097.85	45.0835
-256.178	1495.42	-17.0225
-1450.91	224.646	0.514591
1329	312.05	-22.0408
-864.169	410.164	-6.39393
1118.47	-567.079	-6.15581
-1247.68	1401.6	-10.947
1142.14	590.892	-18.3349
-1376.4	-982.466	44.5013
1368.51	142.621	-24.2641
-986.081	287.254	-9.00462
-673.774	1039.04	-16.9337
679.585	696.097	-21.1482
565.968	-1204.02	38.0404
-243.756	384.617	-13.8172
-229.201	-532.186	111.511
706.145	681.244	-20.5414
-1160.78	1454.07	-13.1069
396.74	1212.88	-21.5124
675.51	-95.9721	-14.8305
448.131	896.092	-15.6984
-758.55	574.638	1.23676
-606.17	-66.7654	21.1436
-384.969	-1494.86	55.7343
453.67	1191.36	-22.1532
-137.822	-648.196	110.709
-770.351	-956.028	12.5066
589.528	-1473.36	23.3041
-475.343	697.498	-6.41327
1475.17	1485.12	-23.7757
164.629	1401	-14.9773
1297.05	120.094	-22.8437
-327.87	-1486.66	52.6997
505.794	1044.99	-19.3142
850.695	-889.449	85.528
1474.56	225.462	-27.7451
28.9126	-897.739	107.372
-639.385	-1287.77	30.6012
354.626	875.551	-16.3026
-1236.77	1252	-11.3936
-93.7895	280.65	-13.6593
540.604	-124.759	-8.44542
1053.15	671.081	-17.0791
-663.834	-1094.75	13.4028
-4.35094	-1424.01	46.5468
1081.6	674.857	-17.1116
-450.509	814.536	-13.5466
668.264	-1115.83	49.9139
-564.166	1320.22	-17.8804
738.106	-967.922	85.5091
550.717	438.163	-18.3222
1100.74	-128.945	-17.231
-1008.01	-706.293	15.1342
-429.219	-0.04413	48.2931
-1069.33	1286.27	-16.0934
-321.338	-705.617	58.2939
-772.638	1118.28	-18.2668
579.268	-1386.46	26.7143
442.224	-134.907	-7.52539
-417.388	-442.889	41.986
-1446.79	-751.507	21.8505
1482.71	-421.348	-13.383
-405.607	224.238	-1.90459
908.958	-1384.45	31.3961
-1060.96	-1037.38	42.6292
-815.012	-161.176	-6.10369
667.109	-310.635	-8.28916
1120.31	-499.348	-8.61965
-362.944	1171.71	-19.8856
34.1216	318.264	-13.3844
-720.145	-578.743	2.71622
-1094.33	276.113	-7.44974
-907.487	647.984	4.65329
1116.06	437.315	-18.5006
870.66	245.038	-21.3532
372.171	1090.79	-19.0769
970.307	917.504	-18.3645
-360.35	-1000.1	35.4092
-1359.58	-1034.23	50.5271
1116.45	-160.771	-16.2834
1214.22	452.95	-19.5746
933.648	-1294.62	44.1941
945.67	-847.423	73.4768
-1016.63	-1005.61	42.4306
1410.26	-288.4	-19.7201
-1083.86	90.2411	-10.5822
548.103	-983.45	93.7901
788.843	451.269	-20.4797
-1470.79	-153.09	-1.76116
-274.952	76.9042	18.2527
1151.35	-1435.06	60.1976
-117.965	-1371.06	63.5313
407.61	577.714	-17.5091
1477.15	-177.266	-21.7516
-915.106	-239.352	-4.95292
1388.42	103.711	-24.2907
-35.7778	1165.59	-18.1906
-586.826	-697.602	10.4239
-362.1	1267.1	-18.7706
-218.262	-575.45	115.865
791.779	-251.656	-16.1021
-379.152	973.044	-18.2258
1240.85	-568.986	-9.61747
165.446	-831.12	102.82
1132.67	401.265	-18.9402
949.563	-830.391	67.1708
-418.181	-36.2126	55.655
-175.711	1041.33	-18.5416
72.1333	327.174	-13.3631
-471.07	-1170.19	23.3551
-1257.22	737.063	7.58277
-1460.65	287.695	10.9399
913.707	1140.3	-11.1204
-949.213	684.35	3.83806
-798.432	1204.84	-19.2552
244.754	922.644	-18.9871
482.444	1128.56	-21.3241
-339.116	-588.425	67.8394
-17.8484	91.1783	-8.42963
-213.636	-182.026	53.9361
-429.976	-937.947	26.0463
942.914	1474.3	-25.5922
-136.505	-1109.34	92.3369
-565.398	-961.849	14.2547
-43.6516	-347.817	77.8442
-928.848	-1188.89	38.7744
-858.505	701.271	4.72211
-758.732	-1017.02	14.2689
-964.477	1245.6	-16.3906
61.5865	1021.66	-17.1021
432.137	1306.94	-19.7236
523.645	81.7207	-13.3764
-217.555	-1229.48	68.1225
-705.657	374.761	-8.54946
-649.263	1417.59	-17.0721
1139.75	-137.425	-16.8435
-49.6669	-519.795	91.8216
1249.98	-1184.21	86.0584
-743.627	-614.804	2.35707
510.453	-713.739	83.1561
243.011	-598.547	37.7267
865.398	-921.177	82.4395
1458.71	-1233.73	93.2789
-202.019	-153.787	45.5305
-1004.2	-749.325	17.198
-1382.88	-1149.12	47.8485
704.545	679.005	-20.5623
-1232.35	-615.99	14.9026
-888.389	-246.881	-4.69942
-54.6169	900.787	-16.8985
-183.352	-1307.76	69.3641
671.875	-1483.81	22.5633
111.213	1305.71	-16.9751
-372.352	-1256.87	36.5617
1496.28	-1313.24	92.9462
1078.52	-971.716	60.5265
-635.499	1064.83	-17.798
125.885	-1228.82	49.2165
-856.99	829.887	7.42356
1171.43	1451.4	-27.0836
-469.434	-610.477	23.4569
-850.042	-1458.19	41.5733
-251.612	1392.13	-17.2571
-935.613	1334.86	-16.5527
-545.488	-1290.31	26.6373
1153.92	-1221.03	76.6335
877.946	-1423.22	26.0781
-1310.49	-1398.73	82.3977
-645.121	-669.574	6.08074
1087.83	-1242.33	72.1214
-819.864	-445.935	-1.77444
-808.638	1345.01	-18.1871
125.924	93.3279	-11.7506
-1072.4	-910.311	37.0197
-192.128	1337.1	-17.0387
-25.7974	1302.86	-18.5697
353.98	1379.16	-16.8864
530.033	1346.55	-20.3409
-806.428	-1170.09	27.699
-1191.1	-425.505	4.02828
497.595	546.452	-18.7719
555.16	458.407	-18.3138
642.682	1089.22	-20.3396
1306.96	574.257	-20.6984
-1039.82	-149.65	-6.98267
311.412	-1337.63	33.0774
237.999	1327.92	-14.9499
703.59	-461.187	4.34029
1027.49	-672.231	6.39324
1039.83	1055.43	-15.6806
368.451	1023.59	-17.0373
-465.172	451.35	-11.7981
-1401.49	188.684	-1.53883
1.74034	966.082	-16.307
-1357.34	1439.38	-8.80357
-801.692	1.69478	-3.39133
1453.76	819.675	-19.7155
-1349.35	565.615	29.6611
203.462	-897.541	103.174
1146.39	-983.6	54.9598
-1166.81	-650.778	11.0312
-135.308	-657.226	109.351
999.676	154.442	-21.2294
-630.386	329.337	-4.83665
-303.728	-117.674	59.3636
131.052	-12.5081	-2.81447
1263.43	-116.193	-19.1673
-767.253	638.443	-1.43875
-1063.98	1252.33	-15.7946
199.422	-483.54	25.2194
-359.371	-917.192	35.3919
-11.0403	-425.063	77.5828
-181.959	1310.01	-17.0414
-1345.32	-1458.13	98.0235
-1089.06	-390.926	-0.168717
545.084	-32.8295	-10.9387
976.905	220.456	-20.6551
536.378	851.25	-16.5409
-441.896	-1253.37	27.6396
-132.403	-88.1547	22.2806
701.688	-363.449	-6.02779
-551.603	-1405.75	39.7496
-1189.55	1170.35	-7.15276
939.356	-660.394	10.3235
-959.806	783.706	7.71604
-821.83	-459.566	-1.95718
520.099	1173.73	-22.4839
-1192.51	-1255.1	45.9618
-306.389	41.4502	32.4069
-748.498	-1443.09	52.4928
148.673	-561.228	41.1398
1350.07	1370.32	-26.4482
1417.53	-518.088	-12.1439
-479.977	-231.214	24.1127
-1065.81	-1443.23	68.0686
-1052.4	-544.046	4.19827
-1021.79	1411.14	-14.6505
415.063	-908.852	116.526
-1202.72	-1317.79	58.422
-1242.89	1280.13	-11.4864
-835.752	-466.222	-1.97025
261.97	-309.932	5.31862
-216.647	-1013.65	74.4316
-745.085	437.113	-6.31028
-709.797	-1395.02	48.6301
1305.67	-135.312	-20.0443
-370.678	-140.18	59.1232
640.952	326.757	-20.1738
-1101.42	-902.606	34.7264
-433.805	-719.281	27.0504
692.528	421.768	-19.0866
-327.179	-1490.65	53.0885
-333.342	1130.07	-19.892
319.141	-31.8097	-8.91328
876.453	87.6078	-21.6294
1163.76	969.903	-18.4416
496.881	881.569	-15.7973
1380.33	402.398	-23.1177
-1235.98	784.952	11.4053
-628.098	-1022.96	12.3242
706.948	960.532	-16.844
-1350.68	1213.08	-5.55988
-1141.74	-364.521	-0.178815
-601.954	-922.833	12.2187
-1325.88	1061	10.6579
-1366.18	-222.122	-5.24108
-196.614	-274.973	66.3059
-1189.9	-1226.94	44.5582
-817.876	1297.65	-18.5711
605.733	350.724	-19.2446
837.239	-1176.09	45.558
-1382.96	-1035.52	45.5621
-1492.42	330.144	20.1531
239.434	838.479	-16.6709
-883.116	-622.031	5.02696
707.329	206.424	-21.3644
-966.875	85.468	-9.53854
618.632	-107.302	-10.7504
1286.32	1311.65	-23.1803
752.239	-838.937	81.8811
188.659	-544.205	31.3223
1380.09	-565.712	-11.0712
-1225.91	468	21.4054
-331.32	731.642	-10.349
156.888	-189.151	12.1889
172.682	899.868	-18.6414
-1137.62	921.027	11.1166
-1218.02	-1378.28	72.7773
1385.32	276.205	-24.6207
-185.235	812.248	-14.2147
381.806	1458.97	-16.7665
1469.81	-1228.13	90.7979
-252.099	-88.0164	48.7081
-1237.39	-414.764	3.21272
-570.952	-441.756	9.46733
193.263	258.448	-14.4562
-1463	868.477	16.6702
-1451.54	1076.48	16.0788
1203.28	-45.1526	-18.0507
-144.387	233.587	-12.8364
-587.221	1433.64	-17.4949
-355.543	1001.83	-18.2876
-825.911	372.169	-9.14609
672.69	-786.664	80.3495
-552.052	279.028	-1.19891
-651.712	-1410.4	48.8468
-180.177	-42.4493	24.299
-1131.75	1337.83	-14.1724
1286.53	-1001.3	47.9766
379.148	-1442.83	26.6884
1379.18	-399.673	-14.5681
-289.487	1225.73	-19.0035
-1389.49	-952.585	38.809
-608.582	-943.459	11.8311
1082.9	983.462	-17.4948
946.976	-393.548	-11.7019
-966.717	-716.351	14.4894
-406.864	386.705	-11.4385
714.211	265.735	-22.1966
-305.562	912.578	-16.7853
408.361	-669.982	64.116
-1348.36	454.65	41.6306
828.013	-673.845	25.1921
893.761	-1153.3	58.0334
-1048.38	-127.689	-7.11335
-1200.53	91.2828	-10.6787
1302.36	-1109.33	74.0351
164.606	1143.83	-19.0077
-242.842	-1356.68	61.4736
-983.237	675.04	4.47209
510.552	1005.7	-17.9588
-350.739	571.272	-11.351
651.954	1465.4	-25.2024
-562.871	603.146	-12.1822
-209.966	-130.271	43.3681
692.852	417.332	-19.1762
341.403	1130.77	-19.8839
-361.051	-839.561	35.5861
937.865	384.994	-19.4975
-644.655	-729.364	6.8681
1445.37	-955.303	3.32418
1102.19	-1263.42	73.0785
-545.529	-1419.35	40.9062
-527.167	600.475	-11.7803
353.092	603.709	-16.2246
-53.4074	853.967	-16.794
1315.16	-458.549	-13.931
835.982	74.4819	-20.372
-74.8597	-753.641	102.76
851.807	437.668	-19.7144
-691.512	598.551	-6.02427
-1238.97	1122.5	-0.896249
-1494.39	-591.23	7.25628
-1392.86	-1438.02	98.9206
1371.94	-41.6111	-23.649
678.138	893.198	-16.0485
-1281.41	731.324	7.02655
-1177	-1004.19	46.2495
-1490.28	-74.6952	-1.01954
158.889	1214.33	-17.9945
111.043	453.734	-14.3014
1279.65	301.122	-21.0443
-706.193	-929.65	10.6519
-1365.98	1189.34	-3.79792
-1200.86	897.115	16.5546
1403.49	164.42	-24.7632
-1249.33	-1088.99	51.6069
-220.363	-854.687	64.229
375.5	-53.2111	-9.39266
-813.893	514.928	1.9401
-605.199	-1199.05	18.9495
167.95	-932.511	95.703
501.999	-307.899	-2.13605
939.786	-952.746	75.721
504.764	-892.81	112.597
1038.06	654.907	-17.062
-520.212	-919.138	17.7025
96.3309	-258.163	27.6816
-1156.36	1077.51	-5.08269
1154.73	841.407	-18.3838
-1465.82	6.09737	-3.22398
1316.88	1469.44	-27.0732
-219.636	710.296	-11.1877
-970.021	-412.535	-1.69865
288.835	81.456	-9.77279
1039.21	849.388	-19.1822
-1393.83	-668.466	24.8737
1403.09	1391.98	-26.7437
-216.262	-163.685	49.8005
1341.11	24.2991	-22.4449
-1187.81	-612.116	10.4184
376.113	-306.265	0.0414144
54.6082	335.897	-13.522
-1047.78	-441.805	0.409096
1169.82	-1154.19	75.8994
234.529	-402.05	14.1571
142.906	-737.338	80.0021
-708.127	123.202	12.1644
1202.77	-65.0832	-17.842
-1361.14	588.556	22.7156
1182.78	-108.96	-17.1236
-757.269	-357.698	-1.04937
857.117	-148.972	-19.79
-130.098	-14.9434	11.0986
-1326.16	1109.88	2.77057
-1415.21	-453.473	1.97529
824.478	-511.443	-6.69146
-516.149	352.735	-8.26224
-970.19	-683.678	13.5189
-1105.45	763.795	9.01323
808.706	999.915	-17.4438
1125.27	390.941	-18.8776
-1341.92	-460.373	1.93447
124.193	-961.411	93.3516
-1451.97	1319.85	-6.36742
-537.843	1272.25	-17.6115
1193.46	-1173.04	77.8239
-421.363	1338.49	-17.9077
888.768	-1294.96	38.664
1301.51	-144.117	-19.6584
-703.593	-553.237	3.34893
92.9186	-1483.01	39.7198
730.062	199.022	-21.3112
-7.16406	-771.845	100.533
554.013	-621.668	54.3011
-1138.93	427.945	10.6715
-1106.78	-462.43	2.39425
195.935	-319.14	14.6162
-239.329	787.208	-13.195
-1113.16	1432.84	-13.2272
-630.505	893.121	-13.0478
1324.69	-127.924	-20.8241
-52.631	-64.8358	10.1346
234.353	-807.19	96.7138
-304.241	7.78863	40.7692
-514.365	-369.111	16.4288
-1209.24	633.246	9.11039
-1301.47	780.538	10.0059
-309.463	-99.6137	58.7302
-1452.35	1035.08	21.9036
1223.19	926.052	-18.4177
1356.46	268.107	-24.1167
613.023	433.425	-18.4734
-655.287	-1482.07	54.4803
471.696	-1372.35	27.7704
268.872	132.425	-11.8896
-1046.7	325.777	-5.00951
5.31925	-1241.1	59.2578
-269.115	-289.337	69.5531
-592.577	1065.3	-17.8908
1323.07	1349.54	-26.0889
201.833	-1259.92	40.6764
1013.77	1220.49	-16.3535
-67.4394	-893.292	100.097
-551.576	-186.392	18.5324
-18.4827	800.651	-16.0153
401.304	1261.42	-20.6214
-1292.16	-1154.37	49.7401
-695.695	617.946	-5.9866
-463.24	-590.481	24.8973
397.298	1135.24	-20.7376
1229.39	384.53	-19.9534
647.718	-569.796	28.0392
-749.408	902.275	-8.69114
4.81855	219.794	-14.6273
114.736	-526.074	45.868
1007.43	-778.954	35.3145
-831.91	-12.7122	-5.65434
-1378.05	296.145	9.15918
-44.1853	-986.545	105.778
666.242	-166.853	-13.4061
-1151.29	1182.15	-9.94074
675.56	-133.26	-14.541
-480.302	35.0224	42.2834
-1198.7	24.1574	-9.54869
1029.36	-974.441	66.3953
-602.518	-1253.27	25.5621
-1231.87	-1133.69	47.8458
244.372	-921.741	105.209
-1346.65	292.417	8.49168
1345.15	968.076	-19.683
-273.13	304.362	-11.8494
99.8871	453.47	-14.2424
-1472.86	-1462.79	119.542
-1458.24	-228.656	-2.30009
371.927	583.53	-16.7874
1462.33	-1470.08	80.0152
-792.695	-1433.71	47.694
-1039.85	229.135	-10.259
-1448.02	1145.19	5.69098
810.425	1081.52	-17.2788
-1270.77	1409.81	-10.4038
511.154	-235.87	-5.23354
637.763	-1059.7	66.2387
-287.792	-581.593	90.1607
-354.668	1135.55	-19.8154
-240.278	827.706	-14.2011
-1466.07	-872.864	23.3761
-1355.38	-831.962	39.4098
610.774	752.212	-20.4581
865.522	419.955	-19.5886
1475.84	-143.077	-22.6767
-224.667	-504.419	111.071
-952.863	-705.333	13.3027
1113.35	748.686	-18.4844
-1217.14	1130.59	-2.59766
1156.84	-1051.02	63.7393
1016.26	1428.2	-25.7403
-1419.33	868.451	21.6717
820.527	230.699	-21.5521
-791.833	582.596	1.264
-1117.66	1137.8	-9.50363
-162.002	444.234	-14.7973
-705.83	716.89	-0.209317
1450.79	808.18	-19.5919
1155.2	-210.874	-15.1087
-798.548	570.947	1.93975
5.16453	-188.354	28.4342
806.91	-1085.11	59.0114
-626.077	-641.055	7.73735
-1469.87	-1345.47	82.7566
-673.185	-98.367	6.41527
1072.54	-1396.95	49.8547
798.066	775.566	-18.8468
-130.71	-199.536	47.4185
1097.25	1169.31	-17.5858
628.453	-945.114	95.29
964.253	467.204	-19.0337
866.301	1297.73	-17.6059
-449.762	185.187	10.1173
469.18	-1188.37	40.401
1389.9	913.591	-19.6483
943.492	1078.08	-12.9879
616.625	-582.384	34.058
577.447	782.545	-19.2509
1375.41	-580.288	-10.6417
-247.028	-361.44	84.9301
517.951	0.695076	-11.9793
1311.96	1335.31	-25.0297
1007.59	1392.89	-23.7435
1241.24	-797.558	2.33354
778.228	-1384.05	24.3024
1481.03	510.891	-25.6214
-1234.16	-573.734	12.1573
-974.761	519.333	4.12033
823.789	332.553	-20.9978
595.557	-468.831	15.1091
873.809	1066.22	-14.5304
-1360.18	-1499.81	111.502
421.956	-1000.17	92.2921
-886.557	-866.003	17.0673
-1356.63	1462.84	-8.83631
170.303	896.073	-18.5385
720.711	5.94219	-15.7701
371.788	66.3512	-10.5288
447.912	-1399.47	26.7614
-1172.99	601.015	10.0458
-190.865	-526.293	116.886
105.768	1033.57	-18.0284
1034.17	358.289	-17.6309
423.883	-1257.72	34.2544
1401.72	742.481	-19.6883
-706.011	-934.17	10.8167
-951.845	-1356.33	45.3002
-1227.14	-985.967	47.1073
-738.107	-617.823	2.57339
206.339	263.291	-14.5626
408.166	295.023	-17.1056
91.9881	-1089.75	78.4184
1340.05	-1049.01	54.4505
880.366	-814.992	71.4873
-1257.56	741.481	7.7623
900.536	-617.124	4.82992
892.999	189.162	-21.7075
917.462	1232.45	-12.9548
-838.253	1074.84	-17.0436
-526.419	-1264.46	25.0724
-485.266	829.986	-13.9915
-353.862	-1409.64	42.7955
569.749	-940.462	101.798
1016.29	418.651	-18.4497
935.913	458.281	-18.8249
-32.8846	281.771	-13.7274
1145.78	-1321.59	73.1587
1325.95	-521.058	-11.8502
790.152	163.63	-21.5437
-600.279	-774.118	10.0561
736.562	-481.752	1.87583
-605.381	785.928	-6.40331
-1467.44	-1027.1	25.0757
283.702	-306.558	3.47919
-643.767	-1080.07	12.7911
-895.964	574.267	3.74561
-1232.59	-1470.88	93.6746
385.73	-1096.4	61.4194
-590.97	140.379	24.2239
-369.27	199.439	0.327163
1433.86	-420.157	-13.9659
-561.498	651.023	-9.00604
960.033	673.466	-16.9175
634.922	52.5449	-14.5352
870.173	-585.842	-0.230963
561.528	-1046.57	69.5541
1287.85	1459.94	-27.2089
182.236	1453.96	-15.4321
88.3601	-629.452	66.4466
143.841	-411.977	33.7702
238.024	-326.58	8.93224
-1158.53	-1144.04	43.9155
-691.574	245.682	2.462
1119.7	1436.93	-26.3092
-206.999	-1155.09	74.4317
322.231	351.959	-15.8904
158.867	-21.8325	-2.65061
-262.334	-219.62	63.2848
1354.09	-1419.11	94.0752
-1039.05	-1226.4	45.6455
-151.969	764.303	-13.1873
25.5216	-1272.77	52.9601
-832.378	-1211.04	31.2638
154.218	-384.666	30.6243
866.716	30.2428	-20.4743
1387.14	-543.64	-11.6632
909.432	375.01	-19.4158
-1355.28	1221.6	-5.85196
554.483	753.299	-20.5349
-228.262	581.133	-12.549
-1091.42	-659.045	11.1324
473.573	-1349.9	28.9047
1197.8	-904.314	30.2985
-558.155	1232.49	-17.2738
-1009.88	-288.861	-3.35273
-1137.27	-972.171	42.6041
-1445.15	-917.677	28.4852
-626.403	-51.7972	17.5615
-793.311	-1155.52	25.8879
18.691	401.661	-13.8529
-1129.12	295.736	-4.75529
546.938	153.05	-16.3186
-1373.46	1159.57	-1.96307
1422.1	619.03	-20.6612
-1420.42	-594.496	16.6677
-500.811	-1215.42	22.111
375.221	-1422.79	27.8022
729.196	-185.678	-17.1865
1027.15	711.651	-17.6873
-828.697	-435.793	-1.86085
-343.84	1236.61	-19.2539
-342.02	-384.618	71.3012
319.115	-854.826	114.47
-1154.94	-493.792	5.08228
398.386	1350.57	-18.2956
76.6876	-650.317	72.8736
-173.65	1221.13	-17.9477
1393.34	1188.47	-20.8101
-62.8063	-125.555	22.7819
-1095.72	-1421.08	70.5306
122.678	-1280.52	42.3002
-523.459	-865.956	16.9308
-1118.16	1371.88	-14.1911
-1347.05	1316.07	-8.39167
-92.4699	-1409.17	58.2497
-246.025	186.564	-5.44737
-1225.37	-323.174	-1.44937
565.431	684.022	-21.6633
-405.596	-410.598	46.1574
354.75	799.347	-15.0944
1287.5	-885.082	10.159
-970.197	-191.353	-6.2836
-1172.33	959.459	13.8109
220.939	944.813	-19.7396
245.804	490.084	-15.5787
-1366.94	422.142	43.0614
-738.377	-1129.96	19.1007
1459.52	-442.605	-13.27
-426.8	-880.327	25.9881
191.642	532.68	-14.3005
-971.176	-293.631	-3.18674
525.527	818.486	-17.4802
62.7275	-1165.81	68.0635
1121.07	713.357	-17.8014
229.876	-996.569	88.3285
1290.71	-1397.3	92.1652
-575.03	-562.485	11.2633
-423.671	-910.757	26.41
325.009	-1106.25	61.0442
805.697	-793.089	69.3011
-1023.56	-735.082	16.0347
166.922	-773.867	86.0786
-1263.13	996.672	17.7471
-560.693	740.544	-6.91058
809.525	-1482.79	21.0046
423.188	520.43	-17.9645
312.507	-1292.44	35.1142
-520.911	-98.491	35.3488
-1047.05	1381.62	-14.9451
574.358	-1478.39	23.1093
-1162.15	-243.385	-4.29978
1059.14	-182.57	-16.4007
-74.0404	5.95482	1.67968
249.006	-981.501	94.583
906.173	291.541	-20.5197
-619.073	293.099	-2.78612
-821.772	-617.617	1.9237
-974.679	943.286	-2.64404
651.564	-764.711	77.9434
1304.35	-111.557	-20.7007
1040.07	-341.001	-12.7693
1124.13	-714.314	3.94114
-1294.34	87.0641	-10.1604
533.472	123.683	-14.8636
930.271	309.136	-20.0734
-167.548	-24.149	18.6777
-63.0569	-595.112	102.831
-601.58	-77.8291	21.9879
-524.799	29.1056	40.5259
-982.486	975.629	-6.34945
-555.418	1427.76	-18.0295
326.686	76.9938	-9.6336
-1083.05	-1440.06	70.7604
1101.18	-608.769	-4.21134
-1125.13	-1072.47	43.8951
-227.731	268.423	-12.1927
1355.11	77.0429	-23.3487
209.698	-525.423	28.2128
61.0022	-263.11	33.8841
-1191.71	-1083.42	47.8148
-795.086	1489.12	-15.7408
-429.746	-397.849	37.2534
182.833	221.307	-14.6116
-991.512	684.935	4.4199
1139.26	1357.33	-23.8026
1141.08	-14.4612	-19.7111
953.13	115.653	-21.9898
-806.953	-111.279	-5.89029
143.042	-502.639	35.4995
-1374.86	-557.362	12.6679
434.257	1461.2	-18.7757
-893.124	-1489.97	45.7907
-182.184	480.495	-15.2681
188.252	391.999	-14.9161
149.409	918.63	-19.1334
-799.852	-1367.29	39.2096
320.678	1291.89	-17.7663
1149.86	-1180.71	75.1547
890.453	267.397	-20.9127
935.985	457.755	-18.8272
-1107.28	-338.31	-1.90375
-598.729	485.39	-9.68739
858.089	-1179.55	48.3833
973.002	1200.65	-13.74
-218.572	760.084	-12.62
-1010.03	-381.489	-2.34713
696.432	-610.574	29.3736
747.161	493.764	-19.7006
897.74	-1111.09	62.2416
160.908	1224.77	-17.8352
-1351.48	-155.788	-6.4409
1274.3	521.487	-20.2644
1104.85	702.67	-17.6174
323.28	-370.738	6.00128
1191.15	-1368.89	79.3403
-131.364	371.778	-14.2343
844.167	-1060.19	66.1312
-1370.11	162.782	-4.96624
505.91	1062.33	-19.9474
153.098	813.566	-16.7795
1200.17	-853.38	19.2391
362.615	-113.343	-7.64255
82.0995	-1494.45	40.2108
-1042.75	581.104	6.26821
-1026.67	418.244	2.83943
-1027.96	289.001	-8.18417
128.623	-297.428	25.628
-721.26	-823.962	8.03
730.013	-926.164	87.9818
-669.613	-1354.64	43.0619
361.648	-180.815	-5.19235
51.8354	1397.12	-16.8551
549.356	181.258	-17.477
-1044.7	-1061.28	40.5206
245.464	615.358	-15.985
147.735	-879.309	103.194
-730.136	-1213.22	22.8992
-1133.09	-182.193	-5.08489
1221.09	-700.749	-5.8962
-908.4	-1186.07	37.0565
1091.11	625.562	-17.4199
-708.582	920.975	-11.9064
-915.166	-1135.39	36.0749
-1011.68	808.541	7.27153
822.017	-994.765	77.3603
-553.063	-589.69	13.1293
171.142	-1379.65	36.1054
712.784	-450.219	1.74674
528.899	-1131.37	49.6784
408.972	-626.993	53.9277
-251.806	303.408	-12.2332
-1032.7	1140.2	-13.6518
-1079.45	-568.216	5.35385
-789.081	-726.814	4.71592
-450.201	-1379.62	35.6427
1259.53	-697.027	-7.98953
353.993	-536.936	23.2428
673.221	1126.65	-21.4829
-1331.33	1300.82	-8.75421
-706.806	767.239	1.60397
-952.151	586.016	4.72798
-1227.22	787.899	11.7593
-1327.68	-1149.04	50.4569
479.244	-323.469	-1.80534
-391.404	416.581	-11.9251
-1387.23	-734.956	31.1155
1116.67	282.704	-19.8625
525.717	-571.081	41.5904
1204.56	484.916	-19.5306
-1376	-1414.68	89.7849
46.9253	-1074.59	90.0291
-832.923	-60.0305	-7.12179
-368.077	173.963	5.21729
-1372.33	-1222.83	49.3021
1437.81	-1182.23	79.5535
-204.672	-837.439	69.4237
-267.924	73.9236	18.2132
1278.06	1208.21	-19.9667
1112.38	869.785	-18.6975
852.521	-1312.91	32.0868
76.0557	323.263	-13.2934
613.613	1206.12	-22.2942
611.525	-343.893	-2.8483
897.44	230.937	-21.222
-514.084	-938.263	18.5123
-1042.74	-199.215	-5.87321
-925.239	-116.175	-8.30986
310.984	284.057	-15.2485
1185.76	643.306	-18.4678
-366.876	-217.697	48.596
-1343.85	-38.6135	-7.97802
462.514	-756.514	94.2692
1265	892.548	-17.9345
956.903	-1316.3	45.6101
1225.56	-1419.56	78.4992
207.825	-672.382	55.4106
-337.998	1302.23	-17.9947
432.635	468.501	-17.6156
791.598	-948.806	83.0535
-151.702	1180.24	-18.7455
-66.6089	440.388	-12.9551
143.696	486.64	-14.2969
627.292	-928.528	97.878
-189.527	989.311	-17.9659
-960.554	-919.395	29.971
41.1576	-240.593	34.5037
-117.188	-1366.16	63.8903
-185.548	411.44	-15.0804
-112.668	1320.9	-17.8578
-1446.02	104.822	-4.18815
1125.53	449.512	-18.5857
-656.08	-204.964	5.01481
814.453	-1315.95	29.1366
1389.97	1028.94	-21.4699
-1392.84	786.954	9.40504
507.262	759.41	-20.0198
-979.099	365.647	-4.61209
409.759	201.779	-15.0746
1473.62	10.2839	-25.3054
-706.442	-92.3427	0.975528
-723.566	570.796	-1.99673
387.565	-818.958	111.769
68.2177	-137.661	12.0232
1233.57	-1211.22	84.863
318.323	-158.69	-4.99209
826.864	-1128.01	51.6252
-1446.78	896.403	22.1484
-226.325	-67.3181	38.8564
143.166	714.647	-16.5548
884.63	-1077.35	66.3534
1373.22	899.505	-19.1972
357.278	-124.807	-7.24632
-1382.24	-1394.07	84.4253
-981.401	1063.9	-13.0268
236.414	-484.316	22.6414
-512.991	-43.7083	41.8781
945.097	641.209	-16.8595
-539.924	-841.012	15.0757
-275.319	977.301	-17.7403
1233.64	999.275	-19.1564
1036.32	152.189	-21.2165
-367.585	-448.206	60.7552
111.286	438.573	-14.3862
-935.74	-493.427	0.0380994
1392.73	-260.724	-19.5166
-922.67	-312.963	-2.54077
-1342.98	773	8.89769
-1238.73	-247.765	-3.52394
653.903	921.912	-15.4697
-1014.18	-856.161	26.2074
-1107.28	1337.03	-14.7157
-463.365	1024.29	-18.7004
-303.235	1487.7	-16.7125
-1080.5	-333.057	-2.50989
-1447.1	-787.516	22.4997
-1165.15	366.879	5.53445
709.465	-1004.12	80.6849
-640.161	896.776	-12.9648
-301.162	1429.41	-17.3049
618.302	-117.095	-10.503
-874.738	656.11	4.04262
1151.09	458.754	-18.9165
-383.131	-1069.49	32.5028
1162.91	1497.84	-26.1817
799.718	-352.301	-12.0495
111.497	-690.076	70.8317
-219.262	318.371	-13.0482
977.211	676.45	-16.9379
1220.44	-1433.34	74.3059
114.435	-512.646	45.0169
-227.627	1105.83	-19.1532
-263.635	288.955	-11.811
959.273	6.70503	-22.199
849.803	520.168	-18.7413
1114.97	-518.355	-7.90656
254.777	-1221.61	42.9543
-906.701	-388.282	-1.99037
-374.095	-58.7936	57.1311
352.38	-452.926	12.1355
-570.197	-848.376	12.8818
1164.3	-959.628	48.1905
860.847	1081.75	-15.0705
191.148	580.421	-14.7003
-965.014	-277.02	-3.72997
1382.71	1423.23	-26.6293
323.333	178.207	-12.4431
955.13	690.455	-17.0241
-493.086	-607.556	19.1611
951.457	832.841	-18.828
1495.42	33.5597	-25.1362
-1232.62	709.152	6.86609
827.533	474.693	-20.087
490.324	-1058.42	65.5318
1323.24	860.303	-18.2635
806.245	432.572	-20.5714
894.379	-1455.17	24.7376
131.758	444.577	-14.4641
420.314	-1376.38	28.3629
-145.367	-1332.51	67.2484
-163.108	108.969	-1.66061
-379.173	-1492.44	55.1123
-823.278	-22.9241	-4.81657
-647.195	678.741	-4.62651
1171.96	-215.747	-15.0619
438.798	749.457	-18.7644
551.991	389.895	-18.7913
871.366	-869.695	86.3317
816.174	-1283.65	31.7941
-1407.86	-1384.88	83.774
1449.78	3.91108	-25.578
1133.82	800.955	-18.6092
-15.2151	-524.365	82.4551
1336.68	877.017	-18.544
1263.56	-856.111	9.379
-510.057	114.3	27.8355
-561.003	-947.727	14.4543
493.15	-133.225	-7.97878
534.283	295.858	-19.4736
1092.65	1222.1	-18.0538
30.2819	-57.16	0.90569
-426.084	-137.517	48.5178
-953.404	-796.281	18.6761
-413.913	42.9165	37.4383
472.721	-920.92	113.301
1471.96	-1264.68	93.6002
383.819	1414.91	-17.2852
-1231.61	-819.819	27.8576
711.324	66.0628	-16.8466
567.918	-1366.6	27.7807
765.098	1229.8	-19.3835
1353.16	-922.386	8.77315
-26.1076	888.273	-16.4943
1358.75	-1373.48	96.0972
-992.928	-412.223	-1.7435
-803.646	797.596	7.90574
-368.538	-790.393	35.7724
-803.074	-1340.47	34.5557
-1407.09	-496.865	4.83889
67.4044	-41.2959	-0.827473
93.8815	-294.841	33.4095
-1343.74	-1495.94	106.687
-1050.68	78.0304	-9.57049
-217.093	1267.61	-17.2353
1303.21	-360.509	-15.1773
959.236	-716.169	21.9898
168.254	-279.849	16.3419
-1492.39	815.108	9.9089
-1109.91	39.3867	-8.63668
651.626	112.276	-16.9667
-923.664	1042.7	-14.2563
-284.903	-949.752	49.3061
-1048.07	822.421	9.54299
1088.88	346.988	-18.5358
-1494.96	-324.54	1.61324
833.116	333.86	-20.8845
900.781	-287.264	-15.809
-1010.62	991.049	-6.04165
-764.293	727.888	2.86894
450.667	198.007	-15.9235
1499.98	-442.618	-12.7936
-400.843	-154.684	51.3503
1314.75	1457.22	-27.1177
-955.197	-306.169	-2.77161
942.172	-1261.23	50.3595
-841.127	-82.5922	-7.48777
-1089.05	-279.142	-3.75275
-1322.67	628.322	12.1681
-1203.97	1067.08	-1.2401
780.836	-690.77	38.5598
-546.786	324.573	-5.84627
1102.99	-909.738	52.1848
-378.523	-1225.83	34.8563
590.605	-1208.09	37.8934
1318.73	694.747	-20.1813
-77.5402	1193.35	-18.3005
-523.36	557.274	-12.9222
-77.2464	-1255.4	68.9932
1433.65	-332.185	-16.9876
-1125.32	1363.12	-14.1061
-902.415	1089.59	-16.1001
1328.51	-675.605	-7.47907
1155.8	915.671	-17.9537
889.94	1127.01	-12.9747
-1139.86	-562.98	7.13768
-840.809	-1362.81	33.3748
529.694	64.0894	-13.3789
965.91	1322.69	-18.8362
356.01	-461.091	12.7097
74.976	83.2148	-9.18154
-89.5642	-1404.33	58.0802
-1426.91	1117.78	8.46248
323.568	1213.81	-19.8091
-56.6452	-467.643	87.0288
-896.791	-1016.53	27.2831
929.545	574.985	-17.3594
24.7153	426.972	-13.7343
677.883	321.573	-20.6932
513.548	-796.986	100.461
-868.407	1313.47	-17.6149
-1237.65	583.796	14.5546
-905.109	-702.659	10.4493
-835.185	-759.584	8.38466
-1129.53	33.2543	-8.25453
-815.47	1153.78	-18.2737
-1163.18	-918.694	36.9533
980.632	-540.966	-5.20965
593.552	-367.412	0.194852
-856.894	-766.025	10.2993
-153.113	-1328.25	67.6465
-160.722	-17.0521	16.1075
-1311.05	-1268.62	55.731
219.932	-23.5754	-5.63297
-493.41	-1452.96	46.2839
-272.945	-953.531	52.4799
866.669	358.151	-20.3969
-1118.65	-1083.58	43.3548
172.278	-303.262	17.7251
-843.429	-368.622	-1.72377
-1327.18	762.833	8.51402
343.716	579.639	-16.2039
1078.68	414.134	-18.1567
-489.16	-802.525	19.3139
243.708	-264.452	4.35447
-1423.79	-518.101	5.1521
-460.939	-914.809	23.0335
-442.799	-287.194	30.8022
998.682	-584.657	-2.79432
-73.3956	878.075	-17.1064
1059.25	-1201.17	73.122
1.43178	-1183.06	70.4815
1073.29	-877.959	53.9119
-555.944	1159.35	-17.7511
-1001.93	-2.86121	-8.5036
235.109	363.453	-15.2378
-772.685	1144.56	-18.4322
325.014	259.099	-15.0309
1306.16	358.08	-20.8241
-38.9938	-253.692	52.9992
-1271.09	-725.219	26.3053
-814.421	859.347	3.55592
236.655	-1312.38	35.8761
-324.196	548.903	-11.716
-1005.91	1050.58	-12.208
191.441	1102.12	-19.0502
1287.75	1296.44	-22.4354
1137.71	-1325.38	71.8656
1281.28	27.572	-20.55
977.165	1173.67	-13.1107
1374.73	-1365.15	96.0712
-1046.09	386.846	1.70362
-26.1181	30.4825	-1.51404
1469.28	-65.1847	-25.2845
1279.84	949.332	-19.057
-620.027	544.596	-9.99454
885.314	946.727	-17.2438
4.42775	1492.14	-16.4604
-1035.69	1103.65	-12.8597
873.419	236.87	-21.3781
58.643	-6.41667	-2.2905
922.887	928.872	-17.8229
-1189.2	-971.461	43.7167
404.339	504.457	-17.8341
410.247	-260.737	-3.20012
-750.984	1181.84	-18.3828
-1283.6	-1454.53	92.6327
-1344.22	-1406.02	85.5456
-616.084	-1284.25	29.8511
491.368	600.19	-18.9672
785.962	-387.426	-9.26063
723.696	-675.425	44.7743
-1371.85	1461.75	-8.42789
644.727	-519.594	20.7937
-709.629	-901.689	9.5487
-837.54	1362.83	-17.4416
-919.439	-874.703	21.164
675.583	1133.21	-21.6561
492.011	699.933	-20.3403
326.792	814.8	-14.9187
-961.899	-1142.8	37.0394
5.02651	581.722	-11.9969
819.425	-524.112	-5.10586
-307.494	1470.05	-16.8507
-10.1535	620.213	-12.9526
806.916	1165.38	-16.7808
606.76	-388.171	1.82541
480.412	-1249.49	34.6734
1390.04	-155.411	-21.5058
-836.677	-250.788	-4.6894
179.728	-1242.59	43.0416
-685.863	277.505	-1.18658
-250.62	-618.441	98.6513
-560.999	-997.2	14.827
1424.63	1054.29	-21.8784
-900.016	-1076.02	31.7358
56.1942	1438.56	-16.1779
1119.52	1398.57	-25.2735
-1194.81	202.149	-8.83154
1207.56	1003.14	-18.9707
-899.825	-203.511	-6.12457
-474.676	969.58	-18.3211
1091.3	-1430.5	47.5324
179.216	347.389	-14.0957
175.604	-678.233	57.6232
1458.84	-220.799	-20.6759
-159.806	1431.8	-17.7711
535.442	-181.359	-7.27074
-1257.43	533.543	25.1067
-584.708	1351.3	-17.8887
-776.885	1187.88	-18.8161
130.71	10.4047	-3.73405
783.849	-746.701	54.2412
608.414	-483.349	17.3444
186.545	-1277.59	39.4999
1085.91	-1372.04	57.1424
-67.0438	-1118.84	93.3971
2.42258	-801.895	104.366
1065.38	-960.094	62.7953
-879.411	-431.434	-2.25365
302.549	417.845	-16.5782
-431.374	201.333	4.96436
293.627	-207.163	-2.09216
-922.635	1276.89	-17.0509
1165.57	-793.768	11.8587
680.885	-54.636	-14.5075
-15.7862	1063.85	-16.2759
-215.71	1403.46	-17.3694
1327.52	1030.02	-20.2933
289.175	-1431.31	30.5583
451.55	-799.728	106.718
-22.5859	486.451	-12.4545
1450.1	70.6715	-25.0986
441.598	900.317	-15.7385
636.272	-631.095	46.5989
940.288	32.3053	-22.1424
-99.185	922.998	-17.5355
941.448	-191.895	-18.2888
-1299.62	-28.656	-9.1462
-223.867	270.025	-12.287
-1067.58	50.7097	-8.97805
-835.128	-351.493	-1.93078
-875.438	-577.484	2.04939
-793.336	-1016.43	16.4219
942.511	-133.81	-19.7091
55.0309	790.179	-16.6513
1286.96	-225.259	-17.1804
-1044.54	-1077.61	39.6303
1491.8	623.656	-21.6098
-1456.11	-789.399	20.445
1065.22	-350.529	-11.4844
177.312	1334.91	-15.0124
-1426.59	1401.6	-7.34726
527.773	1469.41	-22.0499
350.862	-693.908	67.5931
1003.58	1161.58	-13.9316
-47.9944	-1264.97	63.3665
-1015.14	-1017.3	42.547
1486.39	977.958	-23.2498
-869.246	1118.2	-17.4925
-1174.89	-424.568	3.37182
-1108.24	-425.767	1.34693
-339.741	227.493	-6.35528
1438.84	698.48	-20.9983
-1368.56	316.29	14.218
-792.192	-1229.98	28.0498
830.91	-133.487	-20.3478
1485	953.46	-22.7488
393.756	667.586	-17.3802
-846.678	1285.82	-18.2097
788.108	-1100.77	54.7307
313.173	-548.18	24.0579
743.124	-887.151	87.5027
-771.509	1173.65	-18.63
-1235.23	1021.68	9.03196
1197.68	633.186	-18.8785
-313.095	351.213	-11.9358
639.868	307.728	-20.5019
263.183	-150.472	-3.80396
217.599	834.146	-16.6007
1111.73	1282.23	-19.6268
265.757	-65.778	-6.82671
76.6801	1036.2	-17.2614
356.46	961.664	-16.4952
-344.185	-510.448	69.2348
-550.849	-0.205524	35.0881
-152.806	1055.62	-18.6817
-1126.36	1318.39	-14.4502
1282.69	705.253	-20.0429
-1344.88	664.942	10.7929
907.381	-875.341	83.964
-677.648	693.848	-2.2212
-1288.07	1488.24	-10.4848
129.611	-110.873	3.00107
-949.231	541.024	4.15607
-1275.22	-734.515	27.3794
-1311.58	-497.145	6.70696
-1307.06	-202.804	-5.79836
-960.92	-1286.93	45.3279
-1259.07	-460.84	5.49903
520.273	-1429.28	24.9745
-362.951	-1152	37.5825
566.097	1420.8	-21.9693
-613.875	-1298.37	31.7047
-427.966	-558.027	35.1315
1207.17	949.169	-18.592
-1136.49	1312.65	-14.275
1140.95	968.949	-18.2332
757.264	-209.285	-16.9552
-1161.83	-814.989	22.6192
1094.1	358.613	-18.5579
-654.855	465.366	-7.5655
-86.8355	-302.465	70.7823
-801.325	620.096	-0.0395623
-1461.71	-1033.82	26.7588
586.278	-402.561	4.67375
-325.055	1283.55	-18.0713
-999.638	825.204	6.07263
1493.27	231.544	-28.121
-359.319	427.351	-12.3891
-1430.88	-300.779	-2.33565
-1205.64	-1155.01	45.0754
190.881	-121.159	1.67273
-657.587	-650.695	5.32923
-522.572	1120.37	-18.519
1020.98	-381.835	-11.7693
-235.828	31.2789	23.2193
-974.601	-542.967	3.5628
1005.22	-1468.41	29.0607
1223.52	346.217	-20.1332
-958.487	-461.127	-0.109454
-1223.39	-493.017	7.62099
-727.871	298.367	-4.64868
516.291	1032.54	-18.8203
1152.16	1148.02	-18.0403
112.422	-121.3	4.46775
1365.94	1310.94	-24.3493
1062.44	-1108.77	67.7878
-1055.64	1473.08	-13.6906
-1362.97	1015.02	23.9673
-315.072	609.533	-11.5352
1172.38	777.186	-18.2003
-294.871	-320.507	80.1058
-349.379	555.732	-11.5385
-410.671	-138.446	52.0856
-86.0034	1154.92	-18.2307
-627.194	829.081	-7.03944
240.332	-1450.69	32.0487
182.789	-442.006	22.3201
415.451	-642.23	58.3628
235.917	-129.871	-3.22672
-1454.56	-213.729	-2.7362
-409.576	-1057.41	27.9862
1395.99	774.89	-19.3495
-441.574	1167.53	-19.2482
435.6	1466.35	-18.8837
-209.373	64.1478	11.9446
-677.024	-884.046	10.1116
-831.75	-1105.77	26.68
-932.538	258.107	-10.7142
-701.674	378.179	-8.59133
1.35639	1208.15	-18.7805
1319.31	-1116	75.0191
-532.756	-267.695	13.4077
73.3302	935.881	-17.744
-210.352	340.303	-13.5927
-535.212	-446.676	14.7881
664.477	1338.36	-22.6685
-1363.36	-1242.23	50.5748
-1222.03	-1014.39	49.5446
60.6778	-21.7583	-1.95097
0.75536	965.163	-16.2903
-1140.68	1281.62	-14.5555
-452.723	-1030.28	23.3379
1272.6	1325.35	-23.9404
-196.706	875.706	-15.4461
-853.945	381.821	-8.71824
980.882	776.131	-18.7382
468.531	1460.54	-19.9196
-1237.87	99.8727	-10.8334
-1302.71	440.144	34.0369
-110.346	-261.373	60.9975
1254.09	-80.9626	-18.687
-0.676126	-502.487	77.4249
-1184.68	-1024.75	48.2634
951.778	60.2606	-22.2538
-530.949	1428.81	-17.8935
-302.808	1453.92	-17.0317
1171.97	1463.52	-26.9937
-409.647	1110.32	-19.4572
-1400.1	490.381	45.452
473.182	746.136	-19.8245
348.712	304.461	-15.7055
1131.87	201.033	-21.4281
-1242.93	1180.06	-5.39256
-309.502	1415.09	-17.3893
1490.4	1478.06	-23.8084
566.094	-398.744	5.40318
1398.31	1484.27	-25.8279
854.521	1161.09	-13.711
-1189.34	53.0461	-10.1722
-475.798	1011.07	-18.467
725.726	417.765	-19.6793
376.72	-676.055	62.9271
244.011	-1005.19	86.8683
1285.22	196.111	-22.5961
1297.91	-820.377	-0.00974008
-781.897	1241.72	-18.8951
1052.25	540.814	-18.3137
-942.969	-112.033	-8.35492
-870.566	275.049	-10.3113
-1342.66	-576.295	14.6292
264.044	1442.54	-15.0512
1130.09	1273.05	-19.095
691.039	-1348.07	26.7409
-990.887	-1169.59	39.3026
-680.072	-1070.56	15.126
-1235.04	174.082	-9.06707
474.845	-771.866	96.9705
-1466.19	-20.551	-2.85863
1366.2	1246.78	-22.4449
-497.504	473.427	-11.8419
1375.55	-1083.97	58.6028
1018.47	-751.217	24.3481
880.549	-712.677	31.4794
958.694	642.951	-16.8748
-721.962	493.226	-3.65618
-269.334	-1479.84	53.7511
1277.49	1304.79	-22.627
992.757	-676.696	9.28426
-965.469	891.144	3.76082
551.513	1342.6	-20.8601
762.786	-1150.1	43.9336
200.31	-1310.43	36.6478
-1253.66	136.925	-9.6105
470.347	255.25	-18.8887
1056.33	1419.72	-25.1958
-1426.15	744.092	6.84162
51.2099	329.64	-13.4146
827.517	-521.049	-6.17561
1488.85	555.02	-24.2161
415.646	-1312.94	31.3074
-168.844	199.019	-10.655
282.321	-703.991	67.13
1068.33	181.518	-20.8918
1455.45	383.444	-25.1919
566.654	-96.2647	-9.41137
-1248.83	-324.587	-1.80733
1191.93	-703.843	-3.30176
1476.34	42.3419	-25.0402
1239.5	1300.7	-21.308
1062.09	-423.539	-9.40068
561.86	-1143.6	46.8707
1463.36	-1310.87	95.899
-966.86	536.873	4.28728
1048.65	-1276.14	67.2765
-376.041	-956.764	33.1923
-843.459	427.592	-6.14009
675.84	-825.294	85.3208
-97.5726	1384.05	-17.7696
-956.729	-805.365	19.7914
268.373	-1411.34	31.7786
796.733	1029.47	-17.856
1424.46	257.275	-26.3057
737.877	-598.063	19.3474
772.758	-1416.11	23.0711
-191.199	-249.548	63.0641
45.3361	-1467.02	42.5802
1181.6	94.7468	-20.4919
-34.3281	-1335.47	53.5018
163.214	-1404.59	36.0943
-242.206	1296.55	-17.7181
-175.414	-702.933	99.8841
-849.809	443.605	-4.60405
-507.812	945.35	-17.6096
-364.311	476.572	-13.1345
-213.031	1311.9	-17.4657
-205.595	1254.08	-16.7965
-710.444	1024.58	-15.9173
-1108.66	-1289.39	50.8234
834.096	947.289	-17.5594
1135.43	-41.4688	-19.5409
1273.02	1229.88	-19.8734
-356.404	380.214	-11.8827
-159.128	1410.44	-17.746
-197.554	1391.83	-17.3722
-973.669	1233.82	-16.1639
869.998	-894.103	84.4091
-587.361	-1220.03	20.9749
-373.094	595.706	-11.1827
-1380.72	-121.282	-6.49461
519.519	-151.889	-7.67856
456.249	1272.6	-20.8042
542.671	-861.23	108.946
228.666	-895.046	106.385
1125.99	-1345.5	68.3436
446.549	678.785	-18.9217
-1258.99	-1169.79	48.0683
-581.622	-296.496	6.71522
218.781	1128.35	-18.9735
-921.04	1350.08	-16.4308
-397.571	436.564	-12.1902
268.298	1469.29	-15.5163
-106.918	942.59	-17.4688
-529.408	214.763	5.72838
-1126.43	-1436.31	75.6615
-949.604	59.5387	-8.98115
1014.99	115.436	-21.9447
158.05	-793.227	92.3787
-1014.25	-368.464	-2.45108
351.463	730.182	-16.8861
1030.57	-170.939	-17.459
1379.82	320.705	-23.4363
611.451	344.259	-19.4467
868.076	866.003	-18.8967
-348.284	-832.186	37.6858
210.867	851.225	-17.1162
428.103	-816.297	111.842
28.4214	266.907	-13.9294
199.788	-999.646	84.1866
133.986	1151.9	-18.767
-417.081	-1148.85	28.8971
-1258.41	-1271.19	52.4103
1326.49	60.5427	-22.0598
792.771	-718.457	44.2341
-333.342	-200.277	55.1038
533.114	453.062	-18.2344
-1018.43	1257.48	-16.4438
1356.05	-1434.9	90.7766
-501.394	1255.87	-18.2756
862.6	707.508	-17.7517
1398.47	1499.46	-25.2334
-1238.03	-226.222	-3.95469
733.55	-862.858	86.1528
-1109.17	1054.24	-8.04572
770.555	-862.37	85.863
-163.653	389.452	-14.7522
-639.088	-527.092	6.87994
1236.46	-1388.52	85.1618
1240.16	474.961	-19.9191
1251.45	901.612	-18.0918
901.271	-541.819	-5.44555
-418.553	654.144	-8.78041
-459.839	1097.87	-19.2191
-1002.39	545.573	5.19639
-861.961	-1086.99	28.1449
-1080.81	-1108.54	39.0531
-284.173	-343.743	82.8402
768.328	256.436	-21.7348
-203.67	-675.435	101.61
851.835	-1058.67	66.9428
1357.05	-1319.09	97.2022
-1231.3	1124.55	-1.42968
-1069.91	-350.131	-2.02612
-232.062	-561.766	111.167
293.066	-1013.43	87.5654
569.411	1049.81	-19.1141
602.178	169.175	-18.2046
494.544	-180.925	-6.73954
-1016.66	874.035	6.57932
883.356	-130.724	-19.9689
-530.705	64.4779	37.5644
1180.79	-282.848	-13.5318
-33.3683	565.963	-12.1142
227.455	-932.632	101.353
-1427.78	-1355.2	77.9177
326.84	-567.883	28.8857
91.6337	459.645	-14.1636
151.016	203.241	-15.1464
1061.33	-160.21	-16.9577
1119.16	-348.047	-11.1447
1137.01	534.389	-19.0089
992.807	-1293.82	56.3974
860.26	-138.214	-19.9931
235.268	439.583	-15.871
-46.64	-1432.56	50.0241
-998.479	-445.667	-0.409917
982.179	988.256	-16.0142
-605.911	-474.501	7.64946
-1426.94	691.946	9.31715
734.197	-1144.8	43.764
-113.012	303.635	-13.5453
-795.906	905.315	-5.02221
199.476	-308.474	12.947
-236.438	-678.397	90.6526
1365.88	356.42	-22.4825
-317.01	203.009	-3.11492
-713.862	-340.248	-0.0865394
-1033.88	-72.4611	-7.1254
642.811	518.841	-18.6375
-530.128	-166.13	23.718
-158.487	1210.12	-18.2923
540.588	-529.909	29.9295
138.919	774.541	-16.8146
-230.507	-793.364	66.4107
-80.6966	393.526	-13.3072
531.622	-1170.58	42.7865
391.273	706.207	-17.8
1203.81	-1011.29	56.7591
1168.71	-1135.59	75.1093
442.89	-278.742	-2.89479
-1178.5	51.0468	-10.1731
257.374	-1190.84	45.926
9.06769	-443.16	73.0124
316.638	-184.084	-3.90356
1151.66	-902.336	40.4607
907.216	-357.655	-12.8288
1065.22	302.321	-18.7939
-10.6041	-616.506	89.4687
483.398	-510.11	24.4634
521.135	-947.193	105.166
454.028	1083.87	-20.088
-459.236	531.385	-13.6211
-730.045	-581.489	2.42889
863.17	-437.189	-10.0111
433.925	-326.389	-1.41222
-96.9982	-915.773	94.4405
-484.167	-36.512	49.0809
768.009	523.325	-19.4754
-158.595	951.461	-17.5396
119.017	-556.25	47.272
1169.63	-363.174	-12.5754
220.448	-1044.66	73.0064
-714.248	-922.007	10.0932
-1303.81	387.161	24.924
39.0488	-1206.68	61.2621
-1461.31	509.415	48.8997
1016.09	-911.756	68.9354
-1460.66	1414.02	-6.68845
176.691	-276.179	15.1909
812.84	605.996	-17.7182
527.937	-1428.93	24.9793
-98.5912	1459.15	-17.3974
-1066.78	-583.319	6.46981
-609.784	828.004	-8.47723
1080.43	934.996	-18.0895
719.998	-50.9669	-16.1116
208.009	-781.981	88.0908
832.706	1088.92	-16.2941
900.357	-1397.55	29.3501
-792.596	1330.45	-18.7139
-850.317	931.869	-4.81714
424.69	655.073	-17.9643
1315.43	461.415	-20.8363
-715.479	772.887	1.97716
-1481.05	447.019	53.0778
-12.5841	174.637	-14.3419
-609.305	-1161.43	15.8734
1116.88	1321.87	-21.621
-281.189	1483.24	-16.8982
-883.781	-946.989	20.9161
-860.526	1146.49	-17.4627
858.488	-638.373	11.0013
1271.58	1297.19	-22.1333
-882.493	256.832	-9.96749
-171.356	-357.979	88.7353
-954.216	-986.062	34.6802
21.9232	-816.843	105.902
439.461	-1249.79	34.454
45.6443	266.739	-13.9634
435.144	-1147.75	49.5542
-789.425	-212.001	-5.21634
-329.674	150.534	6.68085
767.306	1028.79	-18.8378
427.804	-1110.9	56.7652
343.056	1466.34	-15.9109
1066.18	605.419	-17.5735
-268.58	-944.207	53.1322
463.485	-932.349	111.359
1229.42	307.992	-20.6128
1448.35	476.27	-25.1405
734.387	692.796	-19.7635
-142.133	-1472.34	55.6253
160.5	280.36	-13.9123
-64.1675	-1413.5	53.5594
-939.419	-993.17	32.9355
-456.371	-504.097	28.7155
-1229.1	-1362.8	69.1955
-1038.89	-1336.88	56.0658
-878.57	891.34	1.74025
-165.09	1074.12	-18.8568
1063.9	125.775	-21.6943
1414.22	-425.525	-14.105
1269.62	-974.451	38.6804
-943.748	-439.001	-1.32645
465.429	984.306	-17.0838
499.684	1069.05	-20.1034
-576.75	-643.4	11.3753
1041.24	-1290.56	63.9131
627.445	97.5351	-15.9269
-115.708	-541.455	108.849
463.112	-1323.83	30.2786
972.604	1040.01	-14.816
584.346	734.665	-20.819
1363.49	-155.834	-20.8306
-568.181	-1131.75	15.6254
-939.11	-437.776	-1.53448
149.346	-126.309	3.8237
461.187	-606.761	51.7766
688.988	-977.994	88.9786
-48.032	-76.8606	12.1382
-1497.32	435.732	51.586
-442.329	-1278.15	28.4629
852.192	1289.09	-17.0865
-1016.42	-1081.49	39.2583
825.443	-1312.09	29.9818
-1305.76	442.012	34.715
-141.946	397.141	-14.3588
1298.69	-1313	93.8189
-602.346	-928.133	12.1685
-284.09	1031.91	-18.8256
-520.822	735.491	-7.38955
-731.308	460.337	-5.46173
-899.838	650.196	4.72032
527.754	709.397	-21.4119
1443.06	-539.805	-11.8495
-560.972	976.109	-17.0416
1183.93	294.203	-20.4632
68.7159	362.235	-13.9744
-80.702	-786.039	101.88
882.395	-210.838	-18.1516
-1174.6	-1045.91	47.26
-1436.47	-822.26	27.5975
-124.205	-1377.08	62.9742
9.54229	1342.21	-18.1131
510.48	-305.056	-2.1333
1023.5	-1278	63.5301
103.884	-870.217	104.333
-168.799	186.76	-10.4649
571.544	-964.255	95.8256
584.802	348.402	-19.0221
1454.43	-657.596	-8.45869
1385.79	954.554	-20.0639
-170.054	-2.31368	15.5286
-518.272	-1091.36	18.6301
-255.136	-235.748	63.697
1302.17	-1236.87	94.8692
-420.562	-722.702	28.5207
-729.189	1335.62	-18.3267
-925.936	-1262.28	40.289
-386.055	891.77	-17.6729
763.229	227.434	-21.7366
-186.168	845.589	-14.8142
222.643	-1330	35.5623
-911.988	-976.381	27.5355
918.139	-952.92	77.6381
-1043.79	-1348.78	57.9349
-33.3761	135.044	-12.4292
-200.36	645.198	-12.1662
-1069.54	-1198.08	41.0955
-626.704	259.151	0.79679
-121.502	1170.22	-18.494
-1100.75	-21.9007	-6.22506
131.501	1086.6	-18.3216
-1497.04	-1134.85	30.1462
1474.09	-222.639	-20.7038
1351.59	38.1832	-22.7122
-799.103	917.376	-6.46716
762.871	-1352.12	25.5728
-740.646	1334.22	-18.4064
-1397.93	931.776	29.0758
1363.96	701.391	-20.4342
-1304.44	1302.79	-9.72092
1022.95	-83.3356	-20.3756
437.276	560.785	-18.1138
950.053	-278.139	-16.0086
188.897	878.795	-17.9816
-342.377	249.212	-8.66297
1030.95	-1172.06	74.0161
346.456	467.34	-17.0071
-279.922	572.546	-12.0405
1020.87	118.685	-21.8743
1279.48	550.723	-20.3917
-517.64	-466.549	17.7053
1423.06	-1136.2	65.6539
-383.99	1496.61	-16.1109
-1023.81	-857.952	26.4688
-130.524	275.946	-13.6464
-500.461	136.574	23.2941
1022.58	1067.76	-14.9428
440.848	1358.51	-19.0262
263.374	440.636	-16.642
247.319	519.242	-15.4796
406.535	-992.576	96.3207
-746.44	261.97	-2.28064
-758.001	1373.48	-18.5216
-1007.56	-269.006	-4.00327
328.988	323.189	-15.5859
259.441	-461.138	18.4424
829.639	1126.28	-16.2015
-1196.43	1374.59	-12.2684
-713.131	-819.243	7.85009
684.731	-1390.04	25.328
164.535	529.172	-13.3277
-410.833	-461.277	42.6103
9.72373	475.388	-13.0182
1284.87	-503.038	-12.1761
898.156	-609.095	3.29744
-293.153	1332.3	-17.6571
707.109	-172.451	-16.9001
277.484	426.537	-16.5877
432.806	-880.705	121.359
-826.122	-172.777	-6.64072
-1264.14	1220.06	-8.03759
-1368.01	-1002.66	47.6276
1195.23	-763.314	0.544246
-1459.74	346.615	24.4283
-219.946	-733.814	80.8219
201.897	32.8025	-7.88957
1028.14	377.365	-17.8672
1491.3	1443.76	-25.2328
366.267	602.559	-16.5197
690.009	-267.235	-11.7427
438.731	984.115	-16.788
-258.631	1165.49	-19.5573
1203.48	-395.98	-13.2719
-649.694	-202.2	5.8497
-1462.12	-186.331	-2.67117
-813.566	-338.817	-2.14052
-1175.99	-868.891	30.9391
1169.3	754.865	-18.2323
720.044	1288.11	-21.0778
-520.243	-594.574	15.7608
-1248.72	211.726	-7.41267
-726.461	-802.48	7.23309
-668.068	961.193	-14.7166
-916.123	1315.96	-16.8968
-237.385	522.274	-13.0231
-621.456	419.656	-8.80847
-660.427	-888.916	10.8823
-591.703	1314.24	-17.4864
-505.601	1332.46	-18.6027
-1312.54	-80.1031	-7.95761
952.779	-189.422	-18.3011
857.636	1464.96	-26.0204
1178.41	-1437.62	64.7414
696.499	-628.342	34.8963
-87.1125	-666.971	108.217
-941.272	-466.432	-0.581283
-696.861	270.684	-0.802078
-113.328	115.647	-5.59313
-405.522	1173.04	-19.4956
-1091.9	335.076	-2.45725
-56.7723	-214.061	43.774
-106.865	689.959	-12.4906
1383.12	706.865	-20.4671
-381.097	952.478	-18.0925
56.2904	-824.321	104.416
1127.92	1020.41	-17.6957
-996.909	-789.468	19.1983
-665.419	529.831	-6.75006
1138.71	-921.088	46.4413
-709.044	843.466	-2.0814
443.321	1345.48	-19.1885
-1327.43	1430.89	-9.3064
-578.841	-1236.93	22.5639
1139.23	-901.25	43.1889
1166.56	-421.637	-11.6269
-508.706	-656.824	16.3793
95.0896	263.081	-14.0285
-607.283	1071.4	-17.8738
202.453	-1289.65	38.0981
1016.34	630.621	-17.1963
420.011	-1481.02	24.3026
-818.189	1265.12	-18.7975
1285.33	-1412.82	89.3968
-315.355	1468.45	-16.8155
-1086.41	-123.173	-6.173
1438.86	1050.79	-21.9642
-791.285	-100.16	-5.22859
884.263	872.534	-18.833
-1061.67	-14.7991	-6.72867
-282.742	443.373	-13.7611
700.501	544.906	-18.7745
1270.32	-0.67085	-19.8049
1165.69	-613.043	-6.56115
1014.3	-1367.6	46.8637
1072.44	176.643	-20.9797
492.383	-1358.39	28.3913
-621.542	-730.001	8.19509
-501.756	687.578	-6.61469
-605.563	577.179	-11.0327
987.091	535.143	-18.3557
-1272.23	-541.503	10.8368
-1321.51	107.19	-8.55355
799.239	864.365	-18.6448
644.254	900.11	-15.5607
469.77	-308.121	-2.18885
-435.371	1197.79	-19.0856
-1241.28	-76.9992	-6.6867
253.764	1420.63	-14.6904
-886.318	-1245.98	36.0455
-439.496	-618.45	29.1888
913.928	271.867	-20.6691
852.264	-752.746	51.2587
-945.687	-1454.11	47.6997
712.912	-1287.14	29.0211
-1163.15	46.2332	-10.0592
396.162	895.068	-15.9454
1486.4	766.088	-20.959
581.482	913.459	-15.7756
-1357.86	315.141	13.2245
1041.38	-1197.05	71.7161
1493.37	111.307	-26.4567
490.905	1419.77	-19.7134
-1329.77	-952.932	46.6024
-1420.67	-1344.27	73.8009
751.164	692.959	-19.3204
398.091	547.93	-17.4155
-533.136	674.831	-7.4769
-1307.92	-758.494	33.0085
-838.912	-1001.01	19.4013
-1434.38	-163.525	-4.09773
194.326	372.098	-14.6644
1081.71	-1481.59	39.5068
-1425.15	949.533	27.7167
114.119	-642.865	62.5863
67.2836	17.1274	-1.95956
508.05	613.42	-19.3226
-566.35	-39.7673	30.3358
1425.86	201.677	-25.8613
-1457.14	-1351.5	81.9704
1197.82	539.082	-19.6816
612.127	1140.51	-21.5676
1224.99	1394.41	-27.3479
-961.52	-1355.92	46.7672
-1101.68	1161.01	-11.2869
453.583	-609.919	52.5988
374.506	1366.84	-17.7007
-847.114	-1447.87	40.7952
790.747	809.328	-18.937
1238.51	-1144.33	82.9917
725.41	-474.768	3.10255
1450.54	365.168	-24.8388
-19.7642	380.581	-13.6054
581.244	-621.88	53.0441
1444.54	771.698	-19.3853
391.826	-1455.38	25.6929
-176.048	-1328.35	68.5855
1107.07	-1108.07	66.6704
375.099	1338.29	-17.9652
-264.158	1332.68	-17.56
1064.61	1265.83	-18.8342
1112.64	-1395.94	58.5956
-1439.77	106.713	-4.2386
300.506	-759.246	87.7758
-372.007	-108.399	58.9041
-1128.71	561.513	9.72093
-1308.25	-1139.17	50.5555
420.061	-1182.38	43.1915
1348.61	305.564	-22.7843
621.927	1396.61	-23.1625
-499.403	728.658	-6.64301
-766.418	1179.04	-18.5935
-1470.27	469.36	51.644
1479.88	1318.3	-26.4921
-1132.24	-1310.97	53.9884
-303.641	1056.17	-19.4222
1349.67	-1320.63	96.9003
556.778	-1036.83	72.4658
1278.92	838.051	-17.7644
-358.961	-1497.84	55.6466
-1173.51	661.261	6.985
991.046	1123.44	-13.3483
1264.75	-409.52	-15.1127
-87.7294	-274.168	62.746
-1318.62	-1464.87	95.928
-129.322	-482.663	101.46
567.844	-397.99	5.21466
614.77	-900.998	99.1137
998.516	1404.32	-24.3972
-1150.38	616.154	8.17987
-704.989	1251.4	-17.613
1095.32	323.607	-18.9348
-879.421	1101.53	-16.9495
896.808	-1026.7	71.2453
-999.409	21.8851	-8.86176
116.146	-799.956	97.419
-1431.84	1435.03	-7.18296
-294.266	-1337.18	51.8245
435.409	-379.166	0.540304
-566.163	1171.14	-17.584
-7.50704	1469.78	-15.8735
-632.601	-188.544	8.11852
-675.293	16.5608	11.1401
1339.09	277.95	-23.2933
-349.622	-356.755	66.8134
-1355.16	160.071	-5.53952
672.408	212.446	-21.1481
-1157.07	-548.027	7.19241
-148.606	-52.9303	19.6624
1466.75	766.21	-19.958
318.268	711.483	-16.0704
406.72	-501.251	20.1389
937.563	-109.681	-20.1951
1233.67	-610.428	-8.64175
347.107	824.667	-15.1109
-1317.63	-875.512	42.088
-677.826	-462.519	3.35832
920.783	1175.7	-11.4418
-1463.7	-1154.87	37.8606
677.865	398.838	-19.2617
1288.48	886.219	-18.0179
-1464.96	1471.31	-6.84698
769.575	-394.809	-7.81611
-200.324	1339.5	-17.3038
664.223	1005.51	-18.0681
-880.769	-1367.54	35.414
-1254.12	-1116.23	50.2848
389.424	-208.049	-4.78356
460.257	1320.05	-19.7939
416.775	-106.874	-8.13933
801.34	-931.747	84.1097
-1263.1	1463.22	-10.35
-1274.47	568.272	21.8912
1348.33	676.02	-20.395
-1042.16	1435.8	-14.267
-1273.09	-1151.06	49.5894
1090.48	642.539	-17.2813
-96.0378	-611.474	111.892
723.261	-460.814	2.03726
-663.621	788.204	-1.78583
-1195.29	1283.59	-12.8418
-825.812	-505.675	-1.1219
1262.75	-1069.5	67.9798
524.399	355.73	-18.7622
-1109.2	1455.38	-12.8605
-253.882	-641.294	92.5595
-382.166	-758.434	33.2197
-335.228	250.186	-8.84268
-232.335	465.497	-14.6541
699.121	852.756	-17.551
-1187.01	1025.02	3.40905
-734.529	897.439	-8.47431
91.2335	-593.862	59.9926
567.961	991.386	-17.4979
86.6964	721.499	-16.1513
158.16	605.089	-14.693
1490.57	-1009.56	6.10376
58.0255	-535.024	63.2652
695.818	654.303	-20.3113
-159.295	623.214	-12.7899
1491.29	745.905	-21.3786
322.073	-1475.69	27.3208
-1182.01	1194.21	-9.45506
-610.649	-927.121	11.8625
1021.74	-1241.84	65.9783
315.894	1294.2	-17.4815
-785.326	782.642	5.29198
-593.161	634.889	-9.27071
72.1079	-409.763	54.7272
146.839	913.571	-19.0229
709.231	786.873	-19.3451
-1314.57	-307.325	-3.0356
-918.52	-933.838	24.9949
-451.592	811.843	-13.3372
395.914	1263.54	-20.4902
1296.53	195.086	-22.9986
661.583	-319.481	-7.34251
489.052	828.136	-17.1563
1228.89	-331.125	-14.4834
-986.685	449.4	1.95094
-70.4716	-1175.72	79.7193
-1043.74	1201.2	-14.2854
-1082.78	1428.38	-13.7212
-692.654	-1458.64	55.2005
756.5	1471.09	-26.1926
-505.832	-0.266773	45.6772
441.554	-993.304	94.304
-405.825	1393.95	-17.2702
-780.237	-148.058	-4.58793
1136.03	828.821	-18.5848
-1491.68	721.954	6.8919
500.116	-1184.57	40.5599
831.293	541.189	-18.6392
1293.25	324.363	-20.8423
422.386	936.164	-15.9052
-289.45	870.248	-15.743
1396.14	1135.84	-21.0952
966.422	692.563	-16.9611
-759.043	1015.51	-15.3479
-431.599	-1338.16	31.3884
975.261	-1172.13	67.3334
-103.581	25.1769	2.29644
173.598	1047.81	-19.2305
-57.0005	1215.72	-18.7521
-597.424	-492.385	8.53536
-641.983	456.959	-7.97055
770.628	-1024.73	73.0409
-1081.9	1268.45	-15.8964
1229.08	-1388.39	83.9834
-1451.28	1056.08	18.8004
-836.632	683.023	3.36355
334.01	-1459	27.4793
-1140.57	1247.61	-13.9583
649.325	-1254.21	33.7404
335.99	-956.595	109.47
-987.403	769.722	6.48962
95.4943	-210.384	23.54
564.495	1055.8	-19.3642
-646.308	-1246.82	25.2318
649.85	-744.106	73.9657
-634.796	10.0528	19.2981
794.07	-1071.23	62.1329
-483.295	-1225	23.6981
1179.34	1480.96	-26.9304
-671.097	-693.707	5.10994
-1196.68	-532.875	8.04296
331.383	281.067	-15.2805
-1326.1	-553.314	11.5176
1233.39	-851.797	12.8748
1221.06	-781.736	2.40956
-1214.7	1176.67	-6.46537
-1406.29	77.7547	-6.18575
1382.15	474.285	-21.9156
-451.958	-132.723	43.1411
-1276.87	87.1267	-10.7234
-1083.9	-152.461	-6.17171
983.187	466.053	-19.1827
666.705	-694.606	60.917
1466	715.404	-21.0358
320.201	-753.06	87.259
-1298.56	-532.059	9.4383
-363.597	239.623	-7.28747
906.477	1440.77	-26.9424
1493.71	-840.973	-5.69687
-527.396	319.516	-6.19137
-46.443	886.054	-16.7616
-715.518	456.46	-6.76854
1239.37	741.97	-18.1042
-529.421	-1391.75	36.8035
185.251	862.517	-17.5205
-1476.55	-871.34	20.5391
-113.704	-1073.39	100.793
1288.01	106.739	-22.2971
-1464.74	-295.913	-0.461663
1292.34	-258.12	-16.9011
1256.52	299.437	-20.9106
628.711	315.202	-20.2466
447.962	847.783	-16.4871
567.57	319.252	-19.4594
240.191	-1283.93	37.7506
-1181.24	-478.224	5.4462
-625.983	857.734	-10.2036
899.825	1462.49	-26.1771
-352.774	835.924	-15.2834
-1233.11	-1024.3	51.3676
-56.8336	-1177.02	77.3168
181.959	-706.026	65.5083
-378.56	1494.98	-16.1634
-853.578	976.05	-10.9453
-261.364	954.763	-17.2773
594.764	814.498	-17.8284
1205.13	-1449.46	66.5936
-500.474	-607.599	17.9763
919.401	648.199	-16.9609
-578.665	935.888	-16.3062
-13.2656	-629.805	90.5599
-123.112	331.533	-13.6753
890.185	-1167.87	55.2623
1069.63	222.486	-20.4504
700.618	-645.833	39.6594
115.36	393.131	-14.4926
708.669	886.585	-16.8888
-702.505	943.962	-13.2293
1376.4	-305.757	-18.4479
32.6745	958.967	-16.9441
-1102.09	-144.31	-5.89678
753.692	237.641	-21.8242
-624.998	311.641	-4.20743
-238.422	935.752	-17.0407
-837.115	-1069.27	23.4337
90.9964	-128.427	7.98032
726.114	-1009.85	78.6187
1436.78	-239.589	-20.3651
-1171.49	-1383.98	70.5856
909.005	155.495	-21.7883
-201.131	-562.728	121.333
-950.483	-239.792	-4.94723
312.332	-1354.84	32.3572
-114.947	-671.288	107.426
-1386.52	619.841	13.7614
-1148.66	1138.92	-7.20032
-693.099	-1496.16	58.1637
104.513	-37.4182	-1.22375
-93.7326	-1352.32	61.9377
1324.75	-21.3252	-21.3043
436.238	652.689	-18.2661
-83.4386	102.312	-5.68445
-1128.09	-759.608	14.1954
920.396	900.138	-18.4609
-863.337	-852.58	14.3086
1115.36	421.614	-18.5691
-371.533	-25.1044	52.2395
-1122.85	-823.897	22.1625
-1200.73	-571.227	9.73529
270.753	-439.533	15.3079
-103.138	602.208	-13.2799
-1226.77	-152.85	-4.69138
-1141.24	-427.717	2.32579
940.697	-968.834	74.6571
-1316.2	-169.224	-6.59986
-1393.8	-1480.43	112.791
685.701	415.845	-19.0933
441.488	-692.383	74.1064
1189.5	-1070.21	66.9098
1165.21	868.429	-18.2066
-656.701	-972.154	9.88674
718.808	-447.349	0.654054
1005.67	656.9	-16.9386
1106.53	-336.323	-11.3812
1395.26	-418.512	-14.2697
-692.007	-1312.97	36.5786
-593.424	551.242	-11.3424
-52.4234	-187.531	36.1735
1416.21	653.734	-20.7293
-1446.52	-861.482	28.5939
-504.95	1252.65	-18.2469
-18.1202	166.177	-14.1224
1217.55	-1239.13	84.0171
-1064.32	-1492.27	72.0862
1434.38	1452.16	-25.1955
-677.735	-67.2023	6.47505
967.695	-772.387	42.3217
-849.652	1201.79	-18.2762
826.243	759.619	-18.5803
533.995	14.0835	-12.4982
-180.504	-548.422	118.046
52.6194	-654.437	79.586
-1420.17	121.629	-4.4131
678.481	671.577	-20.9685
-1307.01	928.729	32.1118
-1380.45	1.4684	-6.84592
769.419	-449.097	-4.38811
-634.333	515.657	-8.74773
-245.511	-1492.55	53.4224
-89.318	792.89	-15.0127
634.456	1310.84	-22.4272
667.743	144.178	-18.5302
1437.46	-633.369	-9.10665
1297.87	-1345.81	93.441
253.321	-1360.1	33.9641
1193.69	-623.535	-7.43402
158.594	-1299.99	38.3511
-673.606	919.916	-13.087
600.359	-58.9707	-11.7919
1084.76	-145.311	-16.8131
1072	1390.55	-24.4062
-971.024	-327.871	-2.38331
737.042	-292.766	-12.7581
515.95	-1412.04	25.7488
-181.737	44.5199	10.0514
-374.44	-1143.41	35.6234
762.935	-103.006	-20.3244
353.348	-1337.35	32.0157
643.539	343.764	-19.8685
-741.799	-1.3959	1.75077
781.858	-357.707	-11.0532
1407.81	267.446	-25.5247
1125.84	-374.272	-11.116
-186.646	1239.78	-17.2485
-1214.49	-139.915	-4.76664
-1200.5	735.785	7.59602
-1056.46	1363.46	-15.1285
-1413.81	1016.77	26.4713
697.843	-867.31	87.863
1192.76	362.842	-19.9213
1065.53	430.634	-18.4177
1250.28	741.223	-18.4009
-316.064	526.062	-11.9612
-928.138	1121.02	-15.8295
222.432	-403.785	15.2677
-364.589	518.781	-12.1783
-1077.48	-796.34	19.2381
-221.004	-1075.33	73.3395
-1371.78	76.6152	-7.52483
-1173.46	-998.543	45.4896
633.765	740.33	-20.7777
915.101	897.979	-18.5054
-680.983	907.339	-12.0661
236.021	-1013.15	83.8075
-1264.01	-418.482	2.50293
-1210.56	571.687	14.5609
-511.804	620.016	-10.5019
-678.009	415.918	-8.49787
-50.5671	-950.507	104.315
891.991	743.634	-18.1103
-1339.96	-1379.91	78.7639
825.755	1229.86	-16.6538
964.563	906.27	-18.4856
515.974	-837.432	108.744
818.063	-454.448	-8.92749
1341.68	360.099	-21.7772
-215.264	1243.07	-17.362
-835.622	624.989	1.06551
-685.635	-1067.62	15.113
35.4869	-110.215	10.2522
1333.41	1212.58	-21.224
82.3213	-946.915	97.9934
34.5152	-638.853	81.6921
-575.055	716.968	-5.10392
51.2263	-1223.74	57.5443
628.229	108.409	-16.3642
595.952	326.779	-19.5956
378.111	843.461	-15.7149
-783.585	-634.323	2.17966
-822.309	1059.63	-16.5865
-365.259	1104.08	-19.6493
-862.505	1075.4	-16.832
-705.965	-211.015	-1.4225
1194.03	249.578	-21.3668
-477.071	-1479.84	52.5535
781.358	-296.047	-14.0232
799.975	-266.542	-15.6033
-1385.11	-579.627	15.6065
1153.51	-963.378	50.7663
1084.66	387.9	-18.2637
-1209.23	1111.48	-1.95722
413.604	-756.519	94.351
-920.149	1232.04	-16.8087
1198.17	374.299	-19.8671
1300.42	-1387.65	93.157
1387	-92.965	-23.5766
-219.963	1320.56	-17.4928
-340.911	-452.564	72.2011
-1006.23	-1444.86	58.6146
-553.368	-314.977	8.58896
-1094.96	487.23	10.0013
220.488	-939.069	99.5131
265.186	1490.92	-16.0163
-1246.93	-154.899	-5.00464
3.98253	366.234	-13.8624
-995.2	-841.036	24.2883
1447.22	1278.57	-24.5283
-1044.83	88.9259	-9.82312
402.818	1107.23	-19.9774
911.777	-580.933	-2.74464
-1429.81	981.758	28.5665
23.2593	178.969	-15.0671
-1097.95	1217.91	-13.8067
1019.55	1474.71	-26.5976
989.53	-951.3	71.7999
-1250.55	-589.689	14.4072
1186.72	-173.092	-16.0426
619.852	-769.752	84.017
1021.61	843.774	-19.1457
-925.348	-310.603	-2.6188
707.037	677.534	-20.4766
319.372	-1432.81	29.3032
-37.7259	-1010.51	106.174
344.477	-695.276	67.5706
234.271	1455.74	-15.4061
-642.857	-675.781	6.23777
-881.169	-870.832	16.8109
-1403.73	1085.04	11.0641
1142.78	-1077	65.6061
217.125	1388.38	-14.1962
-338.98	-808.003	39.7145
103.686	1084.16	-17.2966
825.965	1218	-16.393
800.105	-640.548	19.798
860.109	-803.986	69.1137
39.4312	-738.565	96.3915
15.6311	-494.509	73.1712
-45.8554	424.741	-12.7803
-120.594	-64.4137	17.1233
1247.3	-1466.03	69.2505
-652.693	-1428.27	50.8029
-1235.12	150.531	-9.78415
-303.717	-1344.2	49.7538
1357.44	539.976	-21.329
-872.367	311.749	-11.1665
369.791	-816.924	110.527
-169.841	228.689	-12.0686
-1007.86	-925.488	35.8885
593.633	171.604	-18.1064
235.862	1380.31	-14.0225
1229.8	934.422	-18.572
-731.444	1435.12	-16.45
-533.255	344.134	-7.38079
-889.968	-746.593	11.5891
1197.49	453.708	-19.3724
1444.03	471.1	-24.9245
-419.249	1040.82	-18.7938
1282.36	-756.343	-4.73324
672.507	1213.27	-22.1319
1489.12	911.853	-22.1605
1269.93	-1435.51	82.2508
133.731	917.898	-18.9973
-984.681	621.254	5.24302
-1333.95	1277.57	-8.37491
76.4946	-1421.85	40.2183
1068.3	949.13	-17.8247
793.637	1336.31	-21.6528
-605.918	728.817	-3.51949
-275.635	129.615	4.76097
-776.251	-1157.85	23.9509
-670.896	592.488	-8.03273
-1320.51	369.439	24.2251
-1266.21	1409.26	-10.5039
-924.709	336.323	-8.88378
571.848	1039.25	-18.7517
851.614	-1065.66	65.799
1206.56	726.154	-17.8103
-531.232	-250.351	15.6258
-368.021	620.327	-10.9082
708.406	-698.12	54.5445
455.116	-110.099	-8.42292
1488.25	1248.4	-23.5843
-949.175	-1245.93	43.2142
-213.31	-761.256	75.6334
672.427	-566.25	22.4762
623.757	-184.767	-9.46002
1404.97	-735.321	-6.47026
1492.96	1272.53	-24.6514
-653.487	334.729	-5.09973
-1095.37	1384.97	-14.3717
-995.674	744.152	5.37246
1202.34	816.542	-17.8904
22.4068	582.982	-12.039
-712.909	342.173	-6.83092
974.028	-101.631	-20.4046
436.855	-719.172	82.8741
1025.38	319.935	-18.0952
-940.852	291.828	-10.6127
-1438.06	1335.98	-6.79156
-310.338	903.477	-16.6589
602.112	592.92	-20.3387
-727.597	-163.256	-2.2991
717.858	-1374.08	25.052
-60.5897	-146.904	26.7898
185.317	637.813	-15.9255
106.213	301.879	-13.5257
-924.708	-1152.42	36.7058
404.173	-615.821	50.6692
-1119.53	1459.7	-12.8542
404.451	-1147.91	50.5626
-512.306	1069.38	-18.6195
-995.86	938.777	-0.225331
-353.155	7.11895	44.1642
-891.819	-611.514	4.88058
-218.91	-135.187	45.6229
-297.072	582.88	-11.7857
631.352	-673.971	62.2116
795.018	206.824	-21.6392
347.044	-303.861	1.10764
583.385	-996.442	87.5858
-1049.75	669.885	5.6342
-72.8039	1257.47	-18.652
-920.63	-1432.43	44.4838
-803.429	-313.881	-2.70385
1014.76	-1475.27	29.4641
417.957	-1128.56	53.9282
1483.27	517.07	-25.5085
1189.29	-1371.79	78.6496
694.537	1124.68	-21.4929
445.764	952.698	-16.2024
-1051.86	-856.922	26.4734
-798.556	453.729	-4.09761
1134.64	-946.378	50.9954
899.532	-1497.64	22.0733
1388.35	-794.736	-4.24733
495.505	641.721	-19.6976
342.712	-274.266	-0.0242585
230.479	-792.45	92.9262
904.135	570.622	-17.3227
419.183	459.826	-17.5474
-1222.43	951.036	20.4431
-844.575	1495.77	-15.6377
-991.28	-370.93	-2.34289
-1053.63	577.177	6.52258
-272.167	-897.826	51.8108
-1170.81	-754.089	17.918
1384.6	352.479	-23.048
-427.591	1047.95	-18.8762
1081.67	13.4473	-22.0071
-896.1	-723.816	10.7094
-148.406	1472.45	-17.523
1334.36	-763.304	-5.27166
-21.478	1156.27	-18.1098
1009.72	224.955	-20.3174
-1401.32	-1220.82	47.7927
515.581	-1012.35	82.5519
-1155.44	-992.895	43.8766
-342.858	405.711	-12.5893
442.135	1361.23	-19.0264
422.445	-731.937	86.5452
435.472	-956.803	107.353
591.502	-89.4325	-10.3928
216.81	1288.91	-15.9532
1236.14	-1420.54	80.3203
695.124	-1113.02	50.0523
252.599	1353.9	-14.3169
-1297.77	1051.35	10.2348
-865.22	334.817	-10.5013
-903.022	-1111.76	34.4723
239.579	-1192.47	46.34
-789.328	-1420.17	46.9738
373.054	-1235.39	38.3624
-1410	-886.752	34.8396
-1051.19	-52.3894	-6.53999
503.482	-1388.21	26.8491
-1312.05	1358.06	-9.81273
-840.964	-1317.32	30.0485
35.1123	-802.97	103.688
753.212	977.492	-17.655
705.583	1114.87	-21.3834
1079.41	-358.125	-10.68
-1303.24	-1102.29	50.8091
-482.051	1126.6	-19.3998
-1155.83	-309.724	-2.09941
713.279	748.364	-20.1606
-214.911	-659.147	101.273
1314.49	1019.37	-20.0925
820.381	-1388.99	24.7784
-419.869	-455.8	39.6537
1456	-1319.99	95.5837
-1020.84	362.982	-2.27729
-194.677	-1170.91	77.3843
386.839	-1247.32	36.7119
1218.48	1416.24	-27.7288
476.643	192.662	-16.3235
1015.61	-1297.61	59.1769
488.506	1341.11	-19.8297
-593.299	917.398	-14.8674
-114.216	-1289.99	67.1442
1412.08	-745.199	-6.37416
1163.13	1026.99	-18.1856
1228.03	1410.54	-27.8402
-802.395	-428.842	-1.20629
-554.011	1391.68	-18.2372
163.008	-1279.66	40.0993
1231.12	632.792	-20.0249
172.716	1062.9	-19.3672
-486.079	1205.25	-18.551
1417.54	1395.11	-26.9315
-608.168	-153.504	13.3199
-711.647	63.6802	8.38274
649.431	-47.8873	-13.0674
-53.404	1114.88	-17.9775
-13.6665	-1390.13	48.8538
496.517	-811.554	105.858
85.5851	811.649	-17.1268
1292.84	-84.6378	-20.4598
-679.018	-909.467	10.9288
-969.529	1245.13	-16.3657
930.106	-403.555	-11.4988
980.252	-850.19	69.2734
789.258	-564.524	1.424
-404.58	-1381.04	35.1732
-270.921	-384.698	85.7868
-457.628	125.506	22.5994
1004.01	936.451	-17.8459
-1008.34	-1181.58	40.6409
138.466	-872.693	103.773
-53.2875	-1082.05	100.75
592.677	-427.95	7.26895
-985.972	1453.75	-15.118
-13.5805	1004.85	-16.4392
1255.91	1493.7	-25.8138
-1429.93	-395.838	-0.917681
909.481	176.073	-21.6341
-880.641	-1303.77	33.6644
-1266.59	-420.65	2.58468
-1352.77	-1446.42	96.5059
1338.19	1414.41	-27.4757
1135.55	1310.99	-21.0569
-1032.7	-1287.48	50.727
1232.08	468.768	-19.7955
629.411	23.8623	-13.6324
-1002.09	1179.46	-14.6821
574.261	483.191	-18.298
-380.431	-453.923	55.6238
902.363	167.7	-21.7675
-164.196	-78.7267	27.2286
1391.14	-268.654	-19.4414
-1216.4	-62.0475	-6.64155
-1432.63	-50.7479	-3.85598
-427.858	44.841	37.5123
558.58	-1062.3	64.2232
-254.622	-910.23	56.1086
-1431.33	572.779	29.203
1218.29	-53.0525	-18.1685
867.342	257.289	-21.2664
-388.229	-1191.78	33.6071
332.088	-262.845	-0.129666
1245.15	538.601	-20.2879
905.776	-1007.93	73.5501
1166.75	820.55	-18.2614
-1107.87	-262.124	-4.17035
-161.924	1274.29	-17.1145
-145.364	-1037.78	94.5714
-1245.09	361.138	12.3757
1190.22	149.862	-22.2446
910.077	1221.29	-12.9248
-1480.18	-1257.09	56.2537
328.236	-1130.71	56.4774
97.5426	-572.921	54.9729
-38.4017	-43.7739	4.93714
-1465.59	440.665	51.1816
-1143.24	430.435	11.2797
-80.7771	138.119	-10.3543
1406.43	821.175	-19.1079
-768.678	598.172	0.2654
-1205.85	192.909	-9.00393
-548.606	-713.868	13.23
-396.346	-1388.31	35.7147
-993.464	168.373	-10.4384
1159.43	861.916	-18.2901
1086.03	114.493	-21.7373
235.846	1323.45	-15.0666
-1402.06	-1412.03	91.7279
372.514	791.199	-15.7254
813.787	-1497.81	20.5292
111.619	1206.09	-18.4648
260.549	-693.326	62.0028
-747.774	-865.363	9.58491
892.818	206.752	-21.5334
-1049.02	6.52752	-7.23546
1100.21	904.236	-18.3358
-1023.35	619.303	5.91117
-781.681	150.872	1.54189
-1396.6	-246.487	-4.30078
969.438	218.771	-20.737
-594.634	-1220.74	21.1695
-708.148	864.315	-4.70649
133.335	128.185	-13.9502
-34.6622	1054.48	-16.5842
110.576	1125.63	-18.4953
-1192.66	-871.678	31.9508
-1318.81	1169.13	-2.99257
1378.53	1040.91	-21.3126
-129.643	620.693	-13.1078
-239.928	-66.9753	41.8283
1359.84	-1163.68	84.4917
782.325	-437.053	-6.22138
363.562	887.936	-16.171
973.444	-532.847	-5.69847
-299.588	-457.662	86.4668
909.166	-915.5	80.7656
1092.07	1220.05	-18.0292
301.939	53.484	-8.65648
-656.165	1487.81	-16.483
-1441.97	-300.227	-1.75032
-59.3463	385.241	-13.0082
935.089	212.241	-21.1017
879.136	1181.49	-12.9324
1230.77	-1465.3	66.6832
-374.431	176.119	5.40539
477.547	1239.76	-21.6931
-1400.53	-749.173	31.556
-1131.59	1163.22	-9.34119
-809.731	-747.89	6.09326
-1068.47	1276.26	-16.2088
149.719	63.8649	-9.84809
-1123.45	-1296.81	51.4477
-1325.22	-1371.83	76.2178
-1239.03	-979.297	47.1025
1251.52	105.247	-21.2168
-1367.36	1126.97	2.15548
287.237	1197.47	-18.8116
519.346	-1289.33	31.8663
-353.356	-1212.29	39.2722
-528.905	1050.13	-17.991
191.753	-1307.9	36.8986
8.79227	-115.121	13.8887
-86.3785	-1364.78	59.9807
1408.67	-563.784	-11.3325
-1079.09	-882.686	31.9029
1312.12	1447.98	-27.1334
626.186	-1330.32	30.1209
-796.095	-1178.19	26.8055
277.485	574.615	-15.9114
-1064.55	-1327.72	55.4286
516.452	-483.583	19.8425
-416.564	779.077	-11.2743
-37.9268	731.102	-14.8618
-972.489	-362.869	-2.26816
978.224	-828.797	60.6693
-438.723	998.983	-18.6854
-222.169	494.894	-14.1202
-943.947	-1178.95	38.549
271.425	1057.57	-18.6423
1003.3	997.355	-16.0975
-873.791	1286.84	-17.7831
996.062	-866.046	70.2154
447.08	-1266.04	33.2649
1185.76	1009.68	-18.6507
-1131.63	-1354.3	61.5878
-1119.75	36.3025	-8.42183
240.571	1368.03	-13.8861
1406.96	932.762	-20.3675
-272.36	-1300.44	56.1844
-651.316	-653.615	5.65463
-44.9256	1135.92	-17.982
-1024.23	1407.24	-14.6905
-125.421	-898.242	87.0702
-158.444	-207.935	53.0782
986.416	114.2	-22.0111
651.618	-1109.14	52.154
169.952	-492.061	28.003
-1272.8	-1375.73	75.1157
220.917	-624.814	44.5212
780.147	286.082	-21.7065
-635.437	1206.44	-16.7384
-1162.5	1255.02	-13.5784
-904.779	-91.1015	-9.04159
-324.483	81.3731	23.2692
-1279.58	-824.754	37.5157
-623.181	-1185.66	17.5958
1421.62	-1291.5	98.098
747.171	1188.59	-20.6041
-1350.79	-909.741	42.1532
476.478	1213.19	-22.2573
501.859	-218.273	-5.84188
-29.5049	600.477	-12.4579
1108.29	-1445.51	48.4944
45.9005	1107.99	-17.4383
359.405	338.082	-16.2315
-1461.19	181.661	-2.20257
-1236.66	-1344.83	65.2042
784.223	-262.122	-15.4252
38.6089	47.1703	-4.73132
841.891	-137.401	-20.1692
-1086.47	1303.54	-15.5839
-365.789	-1013.5	34.3814
-128.659	-320.298	78.5983
-1339.03	36.1582	-8.55049
-1189.25	-253.942	-3.60691
685.428	-663.378	47.8692
-565.929	-724.417	11.9278
668.192	-775.038	77.9875
-1262.31	1274.41	-10.8338
1180.48	1055.46	-18.3102
-554.239	490.492	-11.4666
33.8212	-1032.41	96.5874
45.1869	-735.297	94.559
1210.92	-1095.1	74.7677
795.421	1233.75	-18.1824
340.568	-870.889	119.333
-1339.8	-1411.41	86.7084
-1191.56	1007.64	6.76174
-1246.29	-754.731	25.5127
-141.206	156.812	-8.84638
-300.654	702.206	-11.5381
455.167	98.9996	-13.1442
-770.228	-644.539	2.51402
516.216	-1073.86	60.6269
763.223	484.77	-19.9222
434.246	632.923	-17.9555
1451.62	-499.903	-12.2979
1182.76	367.056	-19.8255
-346.313	-1497.41	56.2084
1310.85	1124.45	-20.3683
288.417	-374.648	8.01784
-1314.96	-1137.6	50.7131
254.14	926.836	-18.8221
-1474.74	486.261	51.1254
-1474.07	470.623	52.2765
-590.805	-891.909	13.5055
-1014.6	-590.625	6.86992
1335.24	669.506	-20.2978
199.177	1018.31	-19.6692
-122.082	-365.756	86.1619
-787.227	869.547	-0.527741
667.329	-1260.2	32.6343
1492.27	-815.559	-6.45025
1336.09	1085.42	-20.6953
-210.222	-1022.89	76.5482
-1195.75	-690.168	15.8168
1173.32	-899.453	34.7515
-1146.21	-80.9419	-4.6362
-431.737	1327.43	-18.1872
-180.517	1365.76	-17.2557
-888.205	589.974	3.1995
984.91	525.721	-18.5118
-972.357	-637.059	9.68645
1001.74	915.935	-18.478
721.962	423.026	-19.5421
529.889	-549.705	34.8212
-1357.5	-475.222	3.18717
-418.517	-931.131	26.9485
951.016	1079.26	-13.1536
24.4975	794.357	-16.4671
1498.82	-109.085	-23.1876
1443.8	-524.116	-12.1477
1099.5	-522.443	-7.23701
632.57	-891.582	95.892
-1344.66	-49.8642	-7.80039
390.89	594.328	-17.1174
480.502	1071.41	-19.9902
-782.292	-12.4589	-1.62594
52.6783	-850.37	108.43
-1428.84	-512.086	4.88752
1283.63	776.228	-18.1734
127.742	-707.151	73.136
-230.69	81.7615	11.234
-1237.85	1481.26	-11.2874
842.566	-845.21	83.0683
367.676	366.54	-16.3087
785.647	863.146	-18.5545
-615.677	-607.062	8.33571
183.662	975.852	-20.3168
-120.358	934.178	-17.6648
-405.571	-801.392	29.9574
-1080.88	-732.389	14.71
1481.02	-950.11	-0.621635
1029.29	948.336	-17.6331
-508.051	1238.66	-18.2482
-702.596	-515.722	3.13433
1448.42	1285.95	-24.8526
-727.292	-385.131	0.462222
-577.282	-1494.24	52.9702
241.029	600.794	-15.9022
1410.02	-201.794	-20.409
1342.1	1307.07	-23.7893
112.785	-631.718	61.0275
910.043	-93.1207	-20.462
-796.483	-52.6038	-4.09229
-844.743	-339.168	-2.17939
-668.723	120.075	17.5502
356.074	722.586	-17.0327
765.569	-270.272	-14.4893
-375.896	223.195	-3.64127
-1402.09	1112.19	7.18867
-501.885	-479.594	20.8443
1187.6	-1253.9	81.4877
-933.205	-197.414	-6.24738
-1428.81	544.295	39.8812
960.157	-1033.15	67.6796
94.3685	821.339	-17.2732
819.742	672.768	-17.8349
-852.239	205.558	-6.00327
415.962	926.663	-15.9162
117.412	31.4656	-5.22177
-1075.3	-9.89822	-6.80091
986.584	-249.296	-16.6688
-274.881	158.756	0.808979
135.438	-1435.63	37.3518
-260.627	-632.601	92.0007
-970.47	-242.928	-4.84935
-1404.9	577.627	26.5885
859.245	-117.638	-20.4423
625.655	907.556	-15.3719
-689.569	331.109	-5.29783
1060.78	437.805	-18.5276
-346.319	884.694	-16.6707
-1211.85	640.676	8.46691
1242.37	-1309.32	89.7691
398.364	-940.483	111.014
-667.915	-1122.86	13.5279
830.345	1203.58	-15.8139
1001.28	-1190.68	68.3147
-655.382	-1281.97	30.0213
1420.93	-454.48	-13.4698
316.531	-1210.11	42.5306
-230.567	-68.505	40.039
-157.604	-1133.73	86.0353
113.174	1194.42	-18.5159
92.223	1449.31	-16.2415
-1089.73	-1340.69	58.3632
1318.31	-1005.51	42.5778
-1354.96	1252.17	-7.32494
-911.928	1181.7	-16.8557
1364.7	621.184	-20.3257
1020.56	1420.23	-25.4115
1042.65	1198.52	-16.8026
-571.593	-596.685	11.6811
260.795	-1167.99	49.3101
-1175.99	954.993	14.5198
-1223.81	264.943	-3.89006
-1376.17	1193.98	-3.69768
826.319	1422.04	-26.1661
-242.136	1339.65	-17.4438
-430.899	-537.944	34.6934
575.275	-1044.64	70.8101
1270.63	-1220.14	90.0731
-376.817	-651.77	44.3486
1265.82	-147.439	-18.467
978.269	160.268	-21.1946
368.12	425.36	-16.9336
1157.58	5.7552	-19.2714
1289.78	1338.97	-25.02
-628.43	963.443	-15.7736
-1346.56	-1367.23	75.7762
948.496	-517.808	-6.68513
161.737	427.215	-14.6814
1406.71	-586.069	-10.7702
738.607	-839.948	82.306
-1460.43	97.261	-4.12436
385.058	-142.248	-7.15844
748.414	-659.199	34.8594
734.335	-493.698	3.48561
1035.59	991.11	-16.6245
740.507	-843.889	82.8694
1215.31	1205.29	-19.0382
-1341.4	1125.72	1.2624
-1360.26	-705.166	27.7196
-326.558	-487.143	75.6568
180.153	-183.807	8.08353
-648.264	30.5252	16.4947
1030.21	1228.15	-17.3297
109.52	-1199.25	54.646
1341.11	-1004	36.4661
-1332.33	1194.56	-5.20642
-1273.14	-534.56	10.3423
-349.026	1067.72	-19.3702
21.3525	145.344	-13.6057
480.882	715.791	-20.1653
-1200.4	142.463	-10.2962
880.858	396.253	-19.5302
-166.715	1067.47	-18.7951
1302.63	1447.82	-27.1672
1238.25	-403.234	-14.5503
-774.156	973.348	-12.8217
1065.84	-1203.97	73.735
105.187	839.596	-17.4387
-61.3719	336.417	-13.4732
-507.397	272.148	-0.977442
-245.504	857.002	-14.9145
1480.89	-145.052	-22.5395
-363.381	-530.438	59.2295
712.981	-1418.87	23.4895
-439.865	26.4564	42.855
-909.74	-815.523	16.3883
-1376.39	-613.904	19.7902
1493.68	-639.465	-9.84942
697.097	-532.759	13.9887
-36.0767	-712.809	101.971
362.584	-750.877	89.2929
-1259.24	-11.1774	-9.05943
703.048	65.6014	-16.6193
-1481.24	-802.435	15.5233
-979.813	-559.032	4.567
-679.534	-310.572	1.35018
-396.205	-1131.76	31.7779
-103.337	-500.991	100.224
728.164	-657.502	38.0657
-772.434	618.107	-0.788725
875.539	-1377.13	29.0981
764.125	1421.86	-26.575
1498.66	1431.81	-25.6573
-373.723	-267.22	51.8667
-233.889	559.31	-12.6363
1197.75	1060.67	-18.5536
664.732	56.9716	-15.3887
80.2598	528.771	-12.4027
-481.498	342.309	-8.78184
1110.81	1133.12	-17.3915
908.189	980.927	-15.7464
-125.919	-1200.71	77.5087
406.475	748.692	-17.9177
-1262.09	814.965	15.3565
1422.26	474.965	-23.8294
-548.594	-1460.53	46.8486
1362.38	-322.903	-17.0908
-598.472	146.511	22.9114
-1007.65	-1477.71	60.3468
466.468	-671.712	69.8882
-887.261	766.32	7.18615
914.513	-330.701	-14.0075
974.938	-786.946	45.2331
658.032	-863.23	91.1597
-1137.92	840.709	17.7226
527.955	692.003	-21.2468
1128.04	1037.39	-17.5823
-339.616	536.861	-11.6807
472.937	117.657	-13.2752
705.455	-120.482	-17.529
543.955	921.976	-16.2014
530.199	977.541	-17.367
-1292.58	506.071	32.5701
929.625	-507.245	-7.3829
632.205	705.422	-21.6976
-576.566	540.035	-11.9
-484.863	829.362	-13.9592
8.6101	987.302	-16.3345
-197.892	-1192.16	75.8514
131.918	-1216.57	50.4376
546.491	394.509	-18.7239
-226.545	1428.73	-17.5236
638.958	193.599	-19.8771
570.965	1136.74	-21.6261
-1324.42	-189.45	-6.16348
1461.57	565.39	-23.0558
253.325	14.3282	-6.44505
-1383.54	1073.72	11.5084
-841.211	597.03	1.62973
-785.678	935.543	-10.2688
600.928	-1328.81	30.1601
-1455.01	652.462	10.8825
-696.735	-1367.14	45.2449
-33.0419	1177.48	-18.3415
446.175	-454.389	11.4395
1275	-1403.81	89.9729
-5.4569	1044.67	-16.4654
408.192	-908.494	116.617
739.594	-1423.61	22.9681
-373.835	-1329.16	38.5668
-734.262	-1145.14	19.551
-277.07	-1188	54.8804
-441.717	-562.068	31.1813
-1323	417.595	34.6059
-858.053	-152.784	-7.66706
404.905	1465.94	-17.6256
-1037.16	-1260.56	49.8369
510.824	-967.936	102.378
1337.65	1052.93	-20.5729
-1429.12	790.859	9.29277
-446.542	-68.0947	52.8167
984.49	-1140.29	73.9244
1383.68	-300.597	-18.8808
268.946	322.803	-15.0761
-1446.96	1193.19	-0.876467
566.837	-1300.54	31.6163
-170.449	683.797	-11.8187
122.078	-909.27	99.0997
-1199	31.0594	-9.83793
354.527	1080.32	-18.4536
-453.162	680.533	-7.25134
1249.93	-499.74	-11.9554
-486.883	-1230.68	23.628
1267.27	-1311.7	90.9913
606.295	-1249.71	34.9549
347.016	-94.4231	-7.95621
1378.78	-815.815	-2.47702
-31.1724	939.6	-16.6587
-121.12	1372.62	-17.9286
-1264.82	267.517	1.20776
677.602	-414.736	0.997852
-34.0843	90.2143	-7.27755
-1241.95	933.511	23.398
629.312	1274.02	-22.0865
1370.25	625.682	-20.3722
-877.374	711.283	4.45453
789.326	529.527	-19.1913
656.583	-197.221	-11.5511
-60.9744	337.322	-13.4731
1478.54	56.9369	-25.3422
150.943	-760.766	84.0928
-649.01	870.786	-10.0372
344.512	94.2743	-10.3469
-596.431	-721.454	9.81796
-990.263	1456.95	-15.0518
-479.662	875.541	-16.9173
1410.18	-907.296	2.00908
1100.86	1467.24	-26.1558
681.692	-1294.77	29.8334
516.177	1135.65	-21.8624
-499.061	645.781	-8.94219
1159.23	20.3222	-19.3966
1011.46	-537.168	-5.05592
-852.688	-229.515	-5.33942
972.875	-1323.96	47.9418
-822.908	-250.744	-4.7081
979.286	612.978	-17.1181
1497.08	196.077	-27.6304
26.974	1101.79	-17.1144
676.153	-1256.73	32.5219
358.069	-499.169	16.0953
383.697	-517.891	21.725
395.77	1043.99	-18.1421
923.895	-350.308	-13.227
1424.65	942.199	-20.9576
1296.16	-1082.46	66.7896
636.448	990.506	-17.4585
-737.663	-137.836	-2.72398
-678.528	1002.76	-15.9401
208.388	812.789	-16.2046
544.119	-20.7144	-11.3488
-1205.22	1129.11	-3.04617
1452.23	-781.381	-6.2786
717.68	-1252.46	31.6217
-874.483	-835.78	14.4469
800.425	-185.902	-18.6774
-440.936	-801.785	24.3132
869.665	-104.557	-20.2011
13.0791	-1330.46	47.8109
20.9043	401.054	-13.8715
387.028	-232.875	-3.74312
1311.04	-969.938	28.4579
1041.46	-1156.97	73.2672
-1359.84	700.664	9.49852
-1167.95	331.632	1.15721
-94.3423	-54.3432	12.6716
-980.05	-889.301	30.0629
-752.453	28.3947	1.33791
625.549	-388.048	0.737839
758.618	-211.687	-16.8724
652.485	1052.34	-19.5273
-1446.91	709.245	8.21513
-1270.85	612.113	12.4233
343.76	212.371	-13.7229
-165.98	-85.8332	29.0324
-482.056	415.829	-11.0544
499.233	1126.29	-21.4959
-745.412	355.175	-9.17524
-408.612	45.2328	36.6073
33.9692	843.004	-16.8476
1350.31	196.521	-24.1716
1184.37	-1293.27	80.4914
-734.18	337.789	-7.6245
-953.837	-674.584	11.6926
-1249.6	228.798	-6.44568
-464.842	1316.29	-18.3447
-14.6793	-1446	46.6576
438.779	1495.32	-19.1588
359.799	1295.42	-18.5085
-633.995	-1277.17	29.1236
454.757	-23.8348	-11.0366
86.0304	845.141	-17.5514
408.297	-539.629	29.7802
356.138	404.588	-16.6402
343.989	1358.8	-16.9397
1166.46	814.073	-18.2642
468.128	-1319.81	30.4649
-732.23	-863.353	9.45388
-580.479	1374.9	-17.9236
-390.729	-36.6624	55.1701
377.515	-137.768	-7.21907
913.245	418.523	-18.6788
1225.84	-1396.8	82.5064
-1091.79	417.597	5.88555
-819.426	-1051.89	20.0326
-156.628	572.379	-13.5075
-302.785	-1193.23	48.4181
609.004	-531.918	25.6299
372.417	-684.836	65.8194
264.128	-875.168	112.901
30.1054	305.17	-13.5544
40.9185	243.131	-14.0883
362.348	-631.257	48.3243
1216.97	-46.271	-18.2198
68.1888	-599.921	67.0608
1039.61	528.093	-18.5447
-160.566	1368.65	-17.4827
711.04	-1332.29	26.2168
517.463	1017.39	-18.2622
913.445	-601.027	0.952088
264.381	-1488.52	29.9555
-773.778	-592.346	1.20439
-825.905	-605.012	1.57129
272.264	-1168.25	49.1568
518.731	-236.815	-5.21342
1291.96	-872.876	7.78116
450.798	996.837	-17.2698
484.725	-531.37	29.1597
1426.17	312.555	-25.0475
-484.465	-953.358	21.3216
-68.5619	-897.895	99.6283
491.277	208.63	-17.3052
-1321.32	-1140.37	50.6998
-350.035	-922.338	36.8281
608.479	-657.653	61.4038
952.423	902.051	-18.441
-673.419	1065.61	-17.5081
-57.3834	508.654	-12.4383
929.578	1253.59	-14.0949
888.116	614.328	-16.9287
689.007	1145.86	-21.9666
-1084.36	1361.02	-14.8641
270.66	-1399.54	32.0279
948.68	-1369.23	36.4637
14.4256	-14.5251	-1.92212
1021.63	1207.78	-16.2354
1484.82	-1357.77	90.3832
-787.712	-447.967	-1.10213
-644.173	-315.369	3.45656
1309.3	-1415.83	89.4765
492.489	1195.5	-22.6097
1080.19	-1454.93	42.4727
251.647	305.022	-14.8817
-172.392	-303.94	75.0673
121.488	-673.621	66.1324
697.014	781.46	-19.3373
-412.843	-1075.86	27.9214
-1165.52	-260.102	-3.72799
-1014.28	1275.2	-16.7349
661.063	522.25	-18.7355
-1329.82	186.939	-5.52748
-736.817	-749.85	5.35077
1346.18	1431.27	-27.4764
-820.057	-370.43	-1.54837
1425.75	331.066	-24.6816
1424.54	749.823	-19.6619
819.872	701.45	-17.9969
879.912	1480.78	-25.2056
71.1265	-1051.57	88.5873
686.695	312.096	-21.0581
712.748	531.008	-19.0229
835.573	868.958	-18.773
1265.54	-326.471	-15.6634
643.045	1020.76	-18.4652
-1309.92	-958.482	49.9223
365.106	-41.6108	-9.64815
-349.808	-594.65	62.4005
616.547	960.306	-16.5248
307.728	479.651	-16.5276
135.928	157.723	-14.9966
-5.03514	-193.523	30.5531
-549.344	-950.269	15.5236
-548.119	1464.73	-17.5122
14.3255	-219.065	33.8298
558.081	-1306.13	31.2363
1120.32	-1450.98	49.8874
-599.148	-944.998	12.1762
578.469	528.309	-18.3106
66.9802	870.76	-17.4074
-877.04	-306.289	-2.8474
-1483.4	-740.091	13.2661
54.5895	-1091.64	85.7511
-1196.73	1434.32	-11.9896
351.263	-1079.41	67.6429
-1266	-632.687	19.265
1143.74	79.5645	-20.5486
-1179.76	470.052	17.037
-1373.91	-97.5027	-6.65425
1459.15	1022.14	-22.4758
-358.318	-841.282	35.9481
786.304	501.661	-19.588
1085.73	373.265	-18.3542
-974.173	-313.942	-2.61169
-783.456	-424.015	-0.743139
-1456.43	1363.03	-6.64975
368.117	1224.6	-21.1713
1240.55	-951.117	33.4128
-208.689	39.8555	16.2889
1196.89	-1253.88	82.0545
643.985	-422.036	3.69902
1117.44	40.0878	-21.2371
1208.08	1170.01	-18.9477
-1029.44	424.81	3.40058
348.661	-833.826	114.284
-998.12	1351.18	-15.82
-1214.71	540.347	18.0072
-674.655	20.2034	11.2502
-632.438	-930.963	11.4954
878.522	-1052.08	69.551
748.711	905.751	-17.4908
517.299	-970.074	101.184
330.613	437.677	-16.926
546.116	-454.14	12.9684
-904.101	190.799	-8.92048
646.269	-21.8002	-13.0927
1457.47	-100.978	-24.0982
1071.48	-456.135	-7.93201
1166.12	1124.66	-18.2226
741.889	1177.57	-21.2819
-628.11	473.492	-8.64219
-1179.12	279.524	-4.57266
368.466	678.923	-17.161
-766.323	936.998	-10.7885
-608.115	-1032.39	12.9895
-0.211904	-297.47	58.6484
-1226.69	-1493.49	97.3335
607.155	810.627	-18.0143
-213.346	743.336	-12.1709
-1112.07	708.138	6.96998
1181.03	418.66	-19.4158
681.841	1465.58	-25.8662
652.067	-826.803	87.8596
-39.4945	310.473	-13.5515
-277.669	-1439.34	52.7571
1342.86	243.433	-24.0753
-1066.63	1488.88	-13.4909
401.026	-1033.75	79.5972
154.279	636.771	-15.4714
-292.083	1352.12	-17.5574
87.6383	-965.017	95.263
612.677	1390.04	-22.8792
179.088	1482.15	-15.8994
-947.805	1102.44	-14.8772
-234.12	162.045	-3.22968
844.634	157.946	-21.7451
-515.639	-949.034	18.53
1142.71	-292.605	-13.0198
462.472	-584.935	44.5273
-1194.23	430.1	17.0729
-34.9502	263.908	-13.8247
1139.55	863.458	-18.4667
-794.356	-912.307	12.0524
-1200.28	-494.778	6.73971
-1030.52	978.118	-2.60578
1435.78	-1126.96	59.6516
-829.873	-861.633	12.2247
-1096.23	-833.747	23.3876
46.7861	1318.51	-18.1613
1206.95	-1284.08	83.9536
-310.215	763.151	-12.3434
1339.74	-1265.69	98.8917
-732.859	-541.582	1.82826
421.655	-340.174	-0.443681
-1347.26	-972.017	46.997
-838.772	622.556	1.11355
1154.86	-327.283	-12.319
1461.66	-410.695	-13.8224
1166.67	361.358	-19.6687
1409.1	-1350.34	94.9712
-765.952	793.96	4.27251
-530.704	-403.516	14.5429
-1468.43	847.749	13.0825
658.512	-126.624	-13.1358
-1217.49	-1174.05	45.3444
-480.617	1335.15	-18.5194
448.706	140.381	-13.6672
928.135	300.84	-20.1893
-172.621	-1130.84	82.4818
1092.34	656.942	-17.1691
85.3403	-147.417	12.0927
1484.3	-746.305	-7.80674
-459.353	-495.653	28.4857
313.728	-39.7594	-8.77526
-920.128	-1432.71	44.4758
561.678	-489.524	20.1527
1221.99	-1145.17	80.7856
-451.337	137.784	19.8814
968.455	1103.34	-13.0136
-1039.16	-70.5798	-6.9585
1229.36	487.469	-19.8692
1029.55	-1150.13	73.5125
144.876	522.729	-13.1126
-300.972	-1131.63	50.9489
-1222.02	230.371	-7.56947
-830.643	-789.053	9.35496
-230.81	-1431.75	56.112
71.7924	1163.6	-18.2652
-512.747	1349.58	-18.7327
389.517	164.624	-13.0477
210.583	1342.84	-14.5474
1091.76	304.762	-19.1594
-1426.67	176.598	-2.83725
874.058	1463.11	-26.1279
-1308.05	722.618	6.27595
-69.061	-1486.46	49.1819
-1318.02	913.709	33.5041
1068.44	418.78	-18.2541
517.498	896.826	-15.6156
208.628	896.842	-18.4458
-196.778	-187.894	53.1746
863.503	1080.76	-14.9556
1409.17	694.637	-20.8112
-1346.4	1116.63	2.44263
404.245	-1264.65	34.4211
701.517	1126.29	-21.558
130.275	1201.64	-18.1835
-1015.97	502.301	5.78756
967.769	-887.242	75.9148
499.217	488.928	-18.2219
-326.861	-179.616	58.514
7.78816	-1383.78	47.1762
324.781	-1133.54	55.8208
261.123	-1213.49	43.5135
-636.554	-231.131	5.04703
687.419	148.035	-19.068
1392.18	-285.709	-19.3967
1221.55	-992.197	50.8706
-653.924	-1035.84	12.6851
-1174.38	146.174	-10.2194
1166.86	273.96	-20.588
-766.944	-327.123	-2.14351
704.565	240.836	-22.2732
207.004	-1072.55	65.6083
589.022	-1332.28	29.9127
-1296.51	-1335.45	65.7366
-409.82	30.4247	40.558
993.454	-1279.23	58.5729
5.45545	-91.9914	9.92296
1014.92	-155.383	-18.3435
-808.855	-519.768	-0.755424
1315.85	461.367	-20.8404
1080.99	327.991	-18.6532
-1432.27	-1348.82	76.9451
-663.567	734.66	-1.14644
395.322	-608.421	47.5753
-325.454	-672.615	60.9725
1024.98	437.364	-18.653
491.583	-784.353	98.9276
-1379.75	-746.072	32.2734
1002.59	-1252.07	63.2261
-1219.93	767.73	10.0106
-1295.71	-1222.08	49.4248
25.3829	-467.158	69.1465
368.486	-1334.76	31.596
1469.48	650.302	-21.0364
-607.237	-1152.38	15.5905
699.118	-1436.95	23.3442
395.646	762.837	-17.1932
1246.53	358.536	-20.142
522.684	-1083.32	58.3769
317.321	-228.924	-1.88343
134.513	-693.125	67.0767
1460.85	1066.03	-22.1421
-83.9189	-1479.98	50.6391
-454.773	1215.91	-18.8451
634.245	229.186	-21.159
-346.58	177.579	2.94667
-392.817	-434.658	51.69
384.482	1373.2	-17.8324
830.368	1481.72	-25.1242
885.328	-672.53	17.1618
-826.524	797.37	9.74537
558.543	164.606	-17.0346
1095.22	-953.166	58.4677
-390.384	-1497.8	56.4397
-679.441	102.908	15.112
-774.451	1019.64	-15.4152
-686.028	463.148	-6.71628
-400.157	-372.497	48.154
-1219.93	-1289.65	53.199
1252.85	62.1283	-20.0121
912.335	-1298.81	41.5007
459.641	1066.87	-19.6456
192.511	-1152.39	53.1574
195.745	658.877	-16.2232
-574.648	740.448	-6.52875
615.53	-65.1428	-12.1477
951.161	-730.832	28.9301
-318.298	935.202	-17.2212
439.77	1375.96	-18.8486
1417.61	16.8565	-24.7429
-14.1044	-1172.67	74.888
1042.06	266.524	-19.4308
1450.97	-1495.7	77.1569
-430.012	-1036.22	25.4374
735.611	319.955	-21.4534
-123.912	873.934	-16.6664
-943.352	-270.162	-3.9495
943.337	5.89368	-21.9176
1440.77	1180.93	-21.0666
816.202	774.165	-18.6866
-577.878	1349.17	-17.8673
1229.87	-1169.72	82.8089
1318.57	-1138.81	83.3685
-1287.58	647.337	9.72403
475.133	1475.72	-20.5954
28.1403	-180.81	24.5078
-337.869	961.291	-17.7479
-895.595	-160.72	-7.26707
-263.888	1069.09	-19.3541
-887.421	-1442.43	42.6251
451.16	1167.87	-21.8306
-801.665	561.467	2.4739
-80.0895	-1045.97	105.792
-1450.24	559.227	35.5622
-446.057	1090.98	-19.1985
942.273	846.86	-18.6967
-284.754	729.588	-11.4685
603.394	-742.449	81.7798
-928.097	304.844	-10.8538
247.717	760.399	-15.8412
-386.824	901.005	-17.7458
1442.91	-883.798	-1.44438
-439.904	1273.53	-18.5743
-1259.34	1386.08	-10.7794
477.181	966.099	-16.8032
971.406	884.071	-18.65
981.174	-25.2872	-22.2384
555.624	375.93	-18.8813
210.045	1158.64	-18.6768
-436.481	702.09	-6.61154
-646.778	631.917	-7.65272
-1492.61	-403.477	1.77081
-1299.93	783.448	10.2948
1460.25	-721.362	-7.75634
-1201.71	-1383.25	73.0432
221.009	-646.53	49.6959
478.773	870.083	-16.1278
-195.156	1072.94	-18.842
-349.503	-313.613	64.4088
451.471	-1419.1	25.8696
-711.725	-1005.53	12.4075
341.564	978.924	-16.9579
358.301	113.31	-11.0544
-1272.52	-237.227	-4.38866
-1205.45	-1132.64	45.9792
-920.042	-49.7135	-9.85152
26.0481	-1388.31	45.3205
895.369	-1456.34	24.7017
987.37	-459.01	-8.83186
1122.74	-610.387	-4.99361
366.371	1305.27	-18.2972
1191.83	1216.9	-18.7391
-275.56	1496.32	-16.8411
175.207	1073.8	-19.285
1465.84	-481.683	-12.5898
13.6905	1466.26	-15.6636
-28.3985	9.90991	0.652898
1001.64	-668.276	7.55159
1204.93	-644.278	-7.5041
-8.25738	-977.9	104.573
1283.64	-385.842	-15.2063
-43.7936	-65.6093	9.61648
-582.989	1301.79	-17.4353
74.4487	-328.825	44.9443
1011.87	289.07	-18.9415
128.993	413.469	-14.6206
-670.964	-993.252	10.5383
-613.109	302.726	-3.77209
-973.483	-1196.46	40.6384
215.948	-652.108	51.0738
1379.9	262.257	-24.9142
1147.64	-844.791	30.4852
-906.372	394.423	-5.68448
8.63824	12.5014	-1.26285
-11.0911	-876.515	108.25
126.999	-1130.52	63.8292
-1127.75	-751.407	13.7245
-1467.14	304.455	14.4812
220.084	851.008	-17.0823
-174.842	808.82	-14.271
-165.122	-1374.38	63.9272
-1314.09	445.663	36.4569
-1497.74	-898.82	14.5346
-1072.09	-348.884	-2.0181
855.286	-1237.67	39.3509
827.285	52.4464	-19.7832
-1087.62	-709.028	13.1005
1252.32	-95.3352	-18.6287
1441.37	1291.89	-25.0469
295.062	214.311	-14.2925
656.812	1479.86	-25.7175
657.985	225.244	-21.3672
-1028.34	340.265	-4.67556
-1073.42	-1495.42	73.9867
-643.171	749.371	-1.45106
-333.006	1240.21	-19.1383
-1256.42	-191.505	-4.69226
421.319	889.857	-15.814
631.923	-504.543	19.2722
885.149	-3.23352	-20.4726
920.127	220.257	-21.1427
-369.239	-470.289	58.4325
12.0861	-15.3907	-1.91064
-137.037	-904.681	85.1978
-1376.36	-1401.29	86.1622
111.57	1329.53	-16.2143
208.709	477.815	-15.0254
-348.63	153.839	7.26333
204.568	-1399.64	34.4446
-843.182	430.346	-5.93687
925.668	952.13	-16.9037
987.021	275.166	-19.6673
-1280.99	-204.607	-5.26791
-747.121	-202.622	-3.38453
790.186	1027.26	-18.1041
981.822	1289.89	-17.4517
1228	-1456.86	68.8244
877.603	-1017.44	73.0774
752.726	49.328	-17.6232
28.1848	1075.93	-16.5091
78.4797	-382.014	48.759
1325.99	470.663	-20.7858
172.495	760.008	-16.5643
-613.572	-991.175	11.9213
517.084	-613.703	54.1414
-1065.31	1413.51	-14.2306
-11.9932	-1022.33	105.543
-967.007	1313.65	-16.6325
-1062.01	616.786	6.54902
-1069.54	1439.07	-13.6204
255.776	562.829	-15.9092
1418.89	-107.378	-23.8892
199.186	586.906	-14.9457
-1160.12	1237.61	-12.8958
494.015	1053.03	-19.5491
-679.871	1309.64	-17.7449
1188.47	-440.406	-12.0978
-105.74	1059.32	-18.2149
-401.171	374.073	-11.232
-956.523	-44.3791	-9.65524
-1419.08	-514.499	5.13268
-608.288	-520.354	8.3601
372.333	-1139.78	53.4315
683.874	1078.03	-20.4592
514.823	-873.221	112.777
1415.06	-445.533	-13.7127
-1203.58	-1063.41	48.9065
-767.626	52.3766	0.429448
741.86	936.261	-16.5611
468.979	1397.21	-18.9225
318.798	-1266.3	37.2018
1076.99	1106.33	-16.2581
710.562	1132.87	-21.7545
289.596	-940.87	108.41
-379.123	-634.121	44.842
544.284	648.719	-21.0677
-443.78	238.654	-1.80035
-1335.81	1135.02	0.348534
-1194.96	-1042.19	48.668
270.507	979.071	-18.5436
-1328.64	892.258	31.4046
435.29	1.98648	-11.6941
-179.077	-777.817	82.2955
-611.568	1163.06	-17.1651
-1170.29	534.173	14.3609
1115.82	-451.825	-8.77169
-1206.85	705.642	6.66363
452.719	-423.231	5.44609
-124.334	1048	-18.3966
1141.54	470.068	-18.7299
179.72	-16.6677	-4.22761
718.452	-1127.33	46.0574
948.38	-624.255	4.1078
-972.199	-1419.53	51.346
672.052	-238.744	-11.9087
1406.72	1273.45	-23.9325
-14.8493	403.828	-13.4293
697.303	-236.243	-13.4152
1445.52	-604.797	-10.2612
928.24	1461.31	-26.2577
900.612	1479.31	-25.296
-720.321	-197.674	-2.26737
1228.68	-185.775	-16.535
-963.887	-916.565	30.2788
777.042	116.675	-20.3159
117.722	305.351	-13.471
-846.948	940.695	-6.16157
-552.637	-925.009	14.8883
-1347.68	-348.15	-3.35284
-815.524	500.931	0.574464
-349.299	448.632	-12.8219
1080.61	44.1744	-22.0213
60.1851	-617.551	71.9992
489.962	589.625	-18.9733
586.194	-21.1983	-11.7959
489.477	747.534	-20.2297
-524.158	1224.27	-18.1077
-419.926	-703.616	29.5052
574.688	829.048	-17.2022
-664.216	-806.326	7.85572
1216.33	-721.083	-4.27484
-76.8837	-588.397	106.013
-789.077	238.232	-3.16029
722.394	907.833	-16.8347
1247.28	-872.937	14.1531
-325.011	-985.214	41.091
-1106.48	1426.81	-13.4309
450.462	1452.94	-19.1165
-785.82	-212.61	-5.06179
0.188066	-442.921	75.0713
-1165.31	304.533	-2.3039
-736.428	1158.66	-17.9928
-676.621	769.936	0.301202
-479.582	894.804	-17.2683
-656.44	774.251	-1.58736
-534.981	-1241.69	23.4941
1015.93	-539.27	-4.90016
597.631	-1466.24	23.5936
557.507	1007.89	-17.8796
200.107	-1032.84	74.9322
-547.615	289.687	-2.29472
132.481	-507.003	39.4445
-1071.52	215.37	-10.1328
131.585	42.7287	-7.19914
985.247	1396.52	-23.7729
-74.1252	858.925	-16.8472
712.446	-63.8431	-16.4706
403.767	-1242.8	36.4348
694.008	809.067	-18.696
71.6699	1233.93	-18.2771
767.199	467.167	-20.0621
-954.01	443.758	-0.725578
-1266.76	1024.46	12.2416
707.11	-1187.02	37.7597
-885.131	-615.713	4.76898
-19.2617	-1201.19	67.5777
-676.842	1023.56	-16.5051
72.603	-243.697	29.9229
962.13	-495.061	-7.64098
-826.09	-827.639	10.5774
1407.01	-1450.11	85.5152
705.346	514.786	-19.1507
-1420.25	-339.804	-2.09976
1211.69	-93.5526	-17.6852
-598.501	-1371.55	39.6056
314.159	-280.273	1.28928
-214.237	-705.38	90.7352
-1366.42	-423.382	-1.11245
195.832	1121.6	-19.0301
80.349	-110.431	5.71601
-221.737	-210.093	61.0726
1049	421.718	-18.3631
-1034.96	710.316	5.4281
528.739	-205.777	-6.31352
1363.89	-1427.21	93.5422
752.934	-30.7838	-16.3988
525.543	-963.184	102.716
1452.5	830.495	-19.7752
-151.504	-1108.88	88.7591
508.725	-553.347	35.5079
119.555	-1113.72	68.4098
50.3889	504.981	-12.6327
-6.37515	-1491.23	44.9147
-208.106	-300.5	74.2012
-135.019	-553.649	113.983
1189.29	1323.8	-21.3782
-209.012	740.16	-12.1052
661.601	-818.272	85.9939
878.159	759.535	-18.5589
1423.16	-187.954	-21.2116
-409.329	-641.417	35.6783
-69.8061	669.887	-13.1215
-1324.54	893.161	31.4798
-754.83	996.802	-14.3834
1281.92	1090.53	-19.9967
-1317.22	-1313.72	62.7944
1466.75	-666.572	-8.46358
-415.144	-1361.41	33.5071
-318.965	1494.01	-16.5448
1274.97	-1353.49	91.8511
-157.273	-1247.11	72.6709
70.3438	1387.04	-16.5358
33.4164	418.153	-13.9075
-314.82	179.907	0.582482
-958.941	-1452.95	49.9622
-512.708	204.938	8.02812
1217.82	-570.427	-9.37937
67.1842	-136.307	11.8765
-1435.52	1361.53	-7.04012
268.939	-536.936	25.1486
-24.8638	-619.208	93.6255
-1405.66	-544.085	9.9477
-1462.66	1112.64	12.4625
-1364.2	-533.134	9.47681
-384.566	246.641	-7.44391
-769.628	505.781	0.645419
-237.506	-422.22	96.4785
-641.663	-535.181	6.81415
589.603	749.304	-20.5805
-489.425	526.266	-14.4038
114.629	415.235	-14.5262
500.008	1044.66	-19.3239
-276.814	-256.675	64.7608
-1181.6	-602.869	9.75799
-1101.61	-280.408	-3.67015
964.473	-1420.04	30.8458
789.233	-411.335	-8.36148
-1357.79	-1242.03	50.9376
886.356	-515.116	-7.17531
771.838	-710.815	46.279
-1407.04	-442.481	0.887926
-1474.96	578.589	29.5516
-530.168	-435.069	15.9271
-124.897	1477.69	-17.3235
-1431.21	1320.87	-6.58946
-16.9343	-254.664	49.4694
710.433	-1474.33	22.3305
-109.638	-1240.33	73.3369
1041.37	449.044	-18.7437
-944.601	-720.812	13.5029
629.113	-1018.5	79.2706
871.441	458.479	-19.1367
1462.63	-1215.84	88.5705
-189.338	-202.959	55.884
1037.62	-1090.22	67.1187
-99.8656	-820.838	96.2798
-383.674	-895.89	31.658
-1117.92	1254.03	-14.7374
1278.27	-1008.14	52.8045
-991.259	-140.641	-7.45651
-151.171	687.005	-11.9635
37.8777	1195.01	-18.3305
385.199	300.31	-16.506
-1158.41	139.868	-10.3154
-762.674	764.405	3.82114
1049.3	-1082.46	65.1159
-1383.03	728.805	8.39865
45.1701	-894.813	106.448
1403.75	976.32	-20.876
-1417.3	1033.26	22.5293
469.679	380.95	-17.8853
-277.017	-237.224	64.1191
-700.388	-796.689	7.00392
-408.832	231.971	-3.1452
-1171.27	355.982	4.34041
-282.636	-379.716	85.1657
-866.007	787.055	9.07931
-1090.29	1415.33	-13.9439
1041.33	-1174.11	74.5434
-264.416	1250.6	-18.0829
-1238.05	-67.9981	-6.85876
682.086	-1426.26	24.0427
1438.45	421.715	-24.8573
-1468.47	130.325	-3.4768
-1193.92	-1247.16	44.9467
825	1408.58	-25.2337
1488.5	969.739	-23.1108
-263.408	-1043.46	60.4284
1289.33	-273.578	-16.7102
-1009.94	-204.479	-5.84379
718.48	1106.54	-21.1671
462.111	-1418.86	25.7446
130.16	795.495	-16.9011
-185.916	1446.46	-17.6473
1471.04	20.0474	-24.9248
-381.546	-1050.28	32.3658
68.7435	-1442.64	40.958
120.128	-1155.43	61.2573
835.336	890.116	-18.4688
-362.482	837.875	-15.6495
408.411	1406.86	-17.9853
1284.29	1439.79	-27.5043
-525.938	-754.962	15.654
1293.9	85.3624	-21.8486
1443.1	469.533	-24.8781
1386.28	517.94	-21.6858
556.391	-1213.63	37.3295
1127.24	777.04	-18.6781
-1026.14	785.542	8.0137
476.75	43.8581	-13.0294
-273.159	-74.438	50.7295
-84.0502	466.7	-13.1962
-747.139	-1386.45	47.1263
-348.966	-521.659	66.4894
-361.457	1231.82	-19.2643
-441.073	-796.464	24.195
691.522	-884.93	89.9138
-691.232	305.845	-3.70006
-455.469	736.513	-7.40392
-1431.01	177.509	-2.75379
-985.072	572.798	5.12971
549.796	126.835	-15.3582
1494.81	-521.669	-12.3738
696.113	-910.063	91.8746
1072.04	-1351.07	58.2762
-395.804	499.091	-13.0789
419.736	724.377	-18.6008
-653.925	-1162.19	15.5084
1400.12	-885.543	1.0763
-151.017	-1333.96	67.3559
-236.86	1156.52	-19.2253
-1335.26	511.182	37.9789
-443.514	-1477.03	53.7254
-778.409	-767.623	5.96268
-613.738	-777.283	9.29321
-453.291	223.377	1.74291
506.233	492.032	-18.2886
507.382	-532.509	29.8902
958.272	1009.63	-15.2836
869.45	1413.63	-25.2916
-1205.42	928.5	17.9242
-359.442	-1302.27	39.5009
1267.51	-685.341	-8.48203
1476.77	773.852	-20.4022
435.192	-568.779	38.9998
215.174	494.738	-15.0515
-700.531	1457.53	-15.9603
934.75	-588.772	-2.34198
-993.027	781.675	7.41198
771.756	-1103.35	53.534
323.105	-13.1718	-8.93773
1148.3	-953.694	49.7328
183.524	1486.95	-16.0372
1061.14	-867.894	55.5334
60.2053	781.215	-16.5767
439.927	-1026.05	80.2715
725.883	411.591	-19.7995
1398.03	1181.08	-20.7961
128.757	951.824	-19.0233
30.7345	314.891	-13.4304
-1127.3	-1025.18	45.3265
-804.283	1361.31	-18.0992
-21.6207	691.282	-14.6029
1366.28	1233.29	-21.9877
-877.258	-1178.46	34.686
1183.17	627.586	-18.4676
-1050.77	1478.33	-13.7838
1121.89	253.046	-20.3684
-1228.8	-880.761	36.0902
-1227.74	21.5001	-9.77201
-1128	167.374	-10.0738
-1194.69	-366.107	1.20921
-513.336	1228.54	-18.2182
-338.837	858.205	-16.0535
840.92	1186.75	-14.7911
-765.245	-1304.31	34.9267
-10.9858	401.407	-13.5083
1054.2	-649.409	1.00185
-1282.82	-1416.81	85.4642
1448.26	-1135.15	59.239
-379.35	-1485.61	53.8878
-1228.96	712.471	6.9596
-1114.16	683.526	6.08013
757.872	658.961	-18.8705
-187.005	667.007	-11.8826
522.149	257.05	-19.7305
162.112	-583.759	42.3147
-900.455	278.971	-10.7932
1020.88	-669.289	6.49637
1313.97	735.966	-19.5894
744.374	-90.2751	-18.9897
939.83	-1279.27	47.1502
681.544	-591.437	25.9279
812.637	382.92	-20.4949
66.1196	-1143.1	72.6939
160.647	1214.94	-17.9944
77.5537	-191.049	21.5265
-265.772	879.533	-15.6609
930.38	1111.55	-12.0305
-1081.1	317.636	-4.32748
-787.346	166.537	1.33793
-599.213	-1131.51	14.6454
820.325	-1471.87	21.1883
-1171.65	-41.877	-5.47079
1202.44	34.1478	-18.9572
1361.05	484.495	-21.0596
250.959	392.003	-16.0554
-848.245	-268.88	-4.10492
1300.11	-1160.74	91.9779
-1157.4	955.908	12.1808
-1094.95	315.764	-3.97477
-341.683	502.983	-12.1423
638.398	-307.449	-6.78135
-359.672	-1358.84	40.7687
-1027.59	566.128	5.87615
1013.38	-518.867	-5.95508
-1122.82	-988.227	44.9227
-1177.47	-1167.72	44.3049
-542.393	100.659	31.4349
1473.94	21.3447	-24.9005
1439	-232.641	-20.4648
1338.98	839.937	-18.3564
1444.53	1251.23	-23.3414
927.913	-1025.07	70.2916
736.88	117.959	-19.0122
-1177.26	609.147	9.84403
-406.407	281.874	-8.35721
1385.69	728.614	-19.8799
-29.19	790.734	-15.7244
-264.904	253.898	-11.2441
-1033.57	723.884	5.75067
1131.8	-833.765	31.2031
619.538	313.973	-20.1533
-555.76	-1414.2	40.8929
-323.592	-714.062	56.3962
-1245.59	220.093	-7.24857
-1179.76	502.652	16.1907
-1208.88	-107.529	-5.40372
-1363.02	1455.06	-8.66049
212.195	-577.87	35.7188
467.002	-767.338	96.5577
-1467.5	-90.0952	-1.91328
-1027.68	1206.42	-14.8043
-679.574	844.02	-4.41035
-1160.39	765.391	9.6184
1465.8	390.17	-25.6624
1036.94	787.806	-19.0993
374.842	-1129.15	55.4189
-1308.32	640.799	10.9445
382.686	-1172.72	46.5253
-985.548	1297.55	-16.7277
-1130.2	1106.52	-7.77642
1118.47	-20.2367	-20.2784
-435.634	-578.748	32.4515
-1055.59	1271.17	-16.4831
669.802	-754.161	73.4121
850.613	-55.1425	-19.1259
-673.082	-1236.06	24.2191
1249.96	686.847	-19.7179
113.605	750.452	-16.5897
609.019	-505.444	20.8952
-232.957	181.929	-5.98368
-925.314	536.369	4.05459
-483.214	375.207	-9.71311
-141.126	1173.7	-18.652
-1281.18	359.641	17.2244
1178.2	-1230.28	79.118
-1280.07	638.54	10.0865
-1386.84	359.988	27.6274
-1315.65	547.89	30.9967
-1443.88	-392.154	-0.527391
-1277.28	836.911	20.3232
-1469.31	1168.44	3.83427
-708.532	-1407.75	49.97
-478.683	442.412	-11.5247
121.105	1298.68	-16.7285
1150.12	696.089	-17.4249
731.385	-1021.84	75.2325
759.997	-1364.21	25.0481
-460.808	1413.75	-17.5509
1355.6	-1315.17	97.3298
-310.027	-56.9058	54.0461
859.703	828.473	-19.3925
1273.76	-1489.2	65.4978
646.89	-1178.3	40.3919
-1373.32	1334.85	-7.70318
544.082	-260.303	-4.78177
-1208.37	224.453	-7.96449
-1017.84	-111.599	-7.73838
682.791	243.688	-22.3342
-1123.82	-457.243	2.74958
-620.273	-671.512	7.98519
-1399.33	1276.25	-6.11617
1054.43	-509.422	-6.24137
-1267.67	311.338	8.50972
-289.373	-1309	52.8563
592.891	-543.469	28.6855
-485.578	1124.51	-19.3947
1159.14	-571.472	-7.33599
-1425.05	197.983	-1.23234
-989.467	1030.5	-12.0947
133.38	587.064	-13.9397
404.565	80.7765	-11.6999
206.112	940.768	-19.7272
-356.679	-1221.73	38.9454
853.992	-409.918	-10.6559
694.335	250.1	-22.3676
297.427	-138.865	-5.27232
-1000.06	-448.967	-0.266442
1412.69	-1365.18	94.497
-871.027	230.697	-9.11785
-148.244	-121.401	30.6263
439.801	579.809	-18.1069
-821.346	1083.41	-17.434
669.388	497.181	-19.0746
-953.68	-66.6686	-9.37566
763.393	342.317	-21.3095
-1030.1	-664.293	12.8742
718.186	1268.46	-21.0918
328.116	-519.534	19.3835
861.691	1112.96	-14.814
984.273	1342.25	-20.2658
-306.951	-856.529	43.7417
-869.609	-125.61	-8.24186
-212.68	729.507	-11.7786
-497.465	-616.653	18.1962
-933.777	-827.005	19.9862
-1276.5	1450.23	-10.0565
-993.967	846.287	5.22941
1072.44	-1026.47	59.7722
-1337.18	950.29	34.5537
254.24	-1364.15	33.8115
1092.01	-1216.03	73.7507
62.0995	-828.735	104.535
955.714	-39.7058	-21.6512
-216.734	-970.336	70.903
-183.29	704.261	-11.3891
-266.939	-792.508	56.953
358.041	-819.41	110.94
1491.65	519.77	-25.5667
1421.96	-309.169	-18.5492
1438.9	1290.55	-24.9693
-1251.09	-1350.21	67.1842
-1032.55	-222.438	-5.33772
-397.178	1207.24	-19.4226
-1447.01	667.762	9.98121
60.4961	-393.066	56.9905
549.971	-1124.48	50.3031
946.995	-113.86	-20.1093
1076.07	-804.444	31.3673
-549.544	-877.891	14.5469
726.687	-114.676	-18.9856
-249.148	-1355.64	60.2469
979.734	-208.761	-17.6979
482.096	415.223	-17.9851
-666.201	159.107	17.33
-725.558	743.857	1.86014
1169.13	-1263.51	79.9861
-80.2435	-726.695	102.895
-1048.16	1459.18	-13.9914
405.434	722.542	-18.2403
915.081	607.597	-16.7853
1141.87	-1395.14	65.2577
-139.594	389	-14.3369
-798.975	1290.62	-18.6979
-418.548	-564.713	37.6148
-1454.44	106.912	-4.04405
-803.786	1067.32	-16.9539
-11.2704	1127.23	-17.7936
-1181.22	-241.064	-4.14137
-262.659	855.068	-15.0803
979.453	-943.804	73.0124
740.047	306.095	-21.721
431.647	-1422.7	26.0696
-187.792	729.125	-11.8692
-281.724	-575.826	93.6249
-412.561	-616.8	36.1235
1323.58	-883.314	6.21862
677.179	-871.523	90.0793
581.314	-74.97	-10.6595
-195.03	-1076.57	81.1636
99.5815	23.3461	-3.41257
-482.815	867.275	-16.3556
1062.81	295.454	-18.859
-618.218	-154.858	11.5325
863.872	545.224	-18.277
20.9687	-849.301	110.164
823.98	1134.6	-16.2718
577.527	-253.535	-6.14417
-1405.33	-150.525	-5.52675
952.36	-488.865	-8.03718
1130.53	-689.1	0.373112
69.2511	124.208	-12.9735
-114.553	-1228.79	74.7986
-1153.27	-431.634	2.87415
35.2475	1415.31	-16.5553
570.582	-96.6118	-9.47625
-1256.58	-385.141	0.00974506
-977.406	1088.62	-13.657
787.774	-249.73	-16.029
502.609	93.0132	-13.2658
612.52	-98.1029	-10.9097
-888.79	-659.213	7.4734
-1424.99	1244.26	-4.69334
639.681	-642.959	50.2232
488.236	-508.076	24.1194
-1230.3	781.682	11.1897
-609.943	383.255	-7.89602
1432.25	-865.651	-1.80482
-509.807	4.70356	44.7952
884.155	510.517	-18.5828
-223.686	532.28	-13.0902
-81.2711	363.58	-13.3863
640.982	-107.17	-11.9939
-630.759	-793.879	8.63048
1206.88	1402.75	-27.0981
-1227.42	229.043	-7.54219
-1193.18	-1469.79	88.6766
614.651	-1461.4	23.8695
42.2606	110.777	-11.9695
957.68	1060.53	-13.851
-1212.81	-441.389	5.30823
-717.452	1304.56	-18.0025
262.581	-215.7	-0.504024
268.994	1275.71	-16.6527
62.116	506.998	-12.7845
-216.345	-509.206	114.41
895.668	1272.16	-15.6896
619.795	482.966	-18.4079
1000.69	-697.589	11.7174
-1055.04	-180.582	-6.2103
-1297.94	1338.95	-10.2197
-513.112	-348.141	15.8319
492.862	1008.75	-18.058
359.134	370.5	-16.2509
826.698	1112.5	-16.5129
139.664	-1361.08	37.6661
-1096.21	382.726	3.55526
-107.013	408.572	-13.7279
-345.587	732.29	-9.48784
-1232.3	1181.22	-5.99521
320.618	-1193.57	44.5274
-217.574	-700.671	91.3548
-326.748	335.432	-11.3975
1227.12	-1495.43	56.5386
-1432.23	189.319	-1.96804
-571.536	418.644	-9.26198
-1111.91	1306.15	-14.8675
382.163	858.69	-16.0033
-969.454	528.393	4.16552
-1326.41	-245.617	-4.67176
-953.925	677.689	3.93186
36.5827	-510.801	67.6518
-876.76	255.762	-9.86704
1473.12	561.372	-23.5229
1078.76	501.81	-18.9574
1247.77	-1171.32	85.2974
652.269	-1465.07	23.5797
-654.711	-1412.27	49.0902
-461.134	-885.65	22.8102
-425.127	-1022.16	26.0121
-1007.02	-1450.85	59.0434
756.09	743.388	-19.2697
876.793	-1386.72	28.5688
-361.564	1452.16	-16.736
640.17	1396.7	-23.55
1400.22	314.151	-24.205
1089	767.576	-18.8985
-1159.04	57.1727	-10.311
1273.92	1050.39	-19.9189
1324.79	-942.023	17.7447
-708.918	716.55	-0.109087
839.417	1033.56	-16.1056
-109.142	1005.92	-17.9499
-1056.72	-434.26	0.395209
-1002.75	-753.445	17.4158
1306.23	-1402.12	91.1711
-564.311	-1260.73	24.4011
-935.818	-1217.69	40.7876
-651.587	-233.261	2.96602
960.759	736.882	-17.6897
-93.7761	-540.931	105.023
-1224.42	272.738	-2.7561
144.303	38.3653	-7.3766
303.984	-380.617	7.82323
1325.26	-2.78032	-21.5575
64.7993	-1176	65.5122
1387.55	926.089	-19.7647
742.479	1205.84	-20.5664
-37.4335	-1044.48	105.74
1389.87	-1323.03	96.7033
-1066.88	-622.698	9.40257
365.465	1109.18	-19.5311
829.285	680.961	-17.82
-554.749	-1034.74	16.0929
-9.75082	-692.253	94.6588
206.071	-14.1847	-5.12965
540.555	-1139.77	47.8596
1187.56	-1123.33	75.7935
-870.822	-965.678	20.6916
653.09	-1218.89	36.6636
972.431	-519.851	-6.34577
-737.272	973.741	-13.4045
476.889	-576.899	42.2838
-390.991	-1082.86	31.5799
710.323	744.736	-20.2441
851.08	1037.95	-15.5843
1272.9	316.749	-20.7398
1226.28	1488.21	-26.3711
1002.11	-1203.93	67.2705
688.41	1463.91	-25.9636
148.12	499.886	-13.9019
-242.979	-913.606	58.9116
-470.645	-1292.05	26.8669
1277.3	1153.47	-19.9997
-367.031	-1302.02	38.373
-1430.39	745.672	6.85706
55.6315	814.077	-16.9562
-515.218	635.481	-9.75095
-718.935	-342.064	-0.281844
104.514	1288.44	-17.5502
-711.456	-1240.11	25.6456
-834.329	-961.899	17.229
324.105	-1435.29	28.9984
987.449	-1179.27	67.9243
134.53	640.703	-15.0031
-133.56	-1346.74	66.1812
-120.14	-1093.4	97.1985
-1121.86	952.26	7.55503
182.232	-24.8321	-4.18393
-1423.4	-994.543	35.1952
-159.081	-337.645	84.3348
308.831	342.155	-15.6825
-354.235	-154.569	57.9237
-1146.74	1165.72	-8.82072
400.319	-279.269	-1.98663
283.51	218.655	-14.4922
842.335	481.225	-19.7433
1119.71	639.338	-17.3737
-1176.12	-460.705	4.66436
258.797	984.192	-18.7577
184.228	979.245	-20.3131
828.431	-975.606	79.6318
-1206.37	1341.63	-12.2025
-943.987	-772.975	16.4738
-1023.64	-1298.97	50.4424
853.045	-1283.77	34.2447
632.814	-283.083	-7.97262
-122.471	590.234	-13.2496
1188.09	287.135	-20.5873
879.758	-974.38	77.6638
-1213.78	-767.073	23.3535
113.831	-578.832	52.1233
397.418	394.903	-16.7857
-1020.05	-1478.46	63.0549
1057.09	-426.862	-9.37801
-210.96	-806.465	70.2498
254.889	400.369	-16.2266
-185.643	-302.465	74.6899
-181.024	-1494.8	56.4819
300.592	540.189	-15.9888
1282.39	-59.7238	-19.9446
-1324.1	-477.279	4.46627
-1376.29	-1073.71	47.5385
-1108.25	887.928	13.555
-203.361	-994.82	76.5982
-889.712	-1315.67	35.1459
-343.577	396.481	-12.3819
1196.5	-270.792	-14.0926
-1289.45	-811.115	37.0696
899.718	-1187.43	53.941
-965.15	562.794	4.6607
458.965	-1276	32.7226
237.752	90.0849	-11.1374
-421.716	-1201.65	28.0663
1251.68	-1253.18	88.896
-1030.08	-1204.22	42.9295
1205.11	952.288	-18.61
410.557	-177.9	-6.52996
-1229.06	278.284	-1.35763
-730.743	1142.02	-17.9289
-442.771	-349.966	32.4426
1042.83	-18.5992	-22.0562
-1344.65	640.974	11.5924
972.065	-544.075	-5.12026
1288.26	1377.87	-28.0411
617.495	-1248.06	35.101
-992.215	20.2227	-9.08219
1295.2	1004.42	-19.806
-549.599	-420.894	11.4555
1449.45	-306.11	-18.8859
1376.1	363.354	-22.708
-708.538	510.678	-3.656
-1078.7	1316.03	-15.5671
-747.965	1258.37	-18.2126
-435.042	31.2624	41.3882
1399.87	939.119	-20.2543
-708.603	825.019	0.146724
834.817	-97.2937	-20.2028
457.097	-54.5801	-10.109
-325.384	-52.0724	54.9167
646.628	-339.32	-5.06527
58.3582	-1354.95	42.5154
-220.087	40.5533	18.4795
-1273.43	-1267.06	52.5781
169.481	-1366.38	36.3556
1073.36	823.084	-19.1677
1040.7	-38.2079	-21.4815
67.8597	1094.23	-17.2333
-1440.5	1227.23	-3.37815
-1261.36	-917.833	43.389
226.748	421.366	-15.7391
-1383.67	-569.546	14.318
-92.8541	-814.446	97.9842
-351.802	401.761	-12.4006
1295.27	1495.2	-25.9086
-1388.06	1022.28	23.7034
-1031.07	-553.514	4.60408
-1484.77	591.939	24.4699
-733.099	-543.885	1.86973
1100.95	-114.562	-17.6274
-282.184	-114.656	57.5494
-1023.35	541.741	6.06102
-513.19	174.136	15.2757
-14.1731	-208.22	35.065
989.072	-549.777	-4.67199
1229.87	-1158.97	82.3914
-529.966	-1433.4	42.6338
-15.3602	-288.519	58.9412
587.213	1376.69	-21.9557
-1042.54	542.147	6.69207
1436.97	829.417	-19.5593
-881.385	-990.901	24.3594
68.5815	1203.61	-18.2038
865.417	-1183.6	48.9581
769.74	1264.52	-19.6458
918.051	-658.737	11.4171
295.04	-1356.6	32.8293
165.803	-463.86	25.7966
-232.663	-999.832	68.4521
344.711	754.85	-15.9841
515.66	581.761	-19.0902
