767.041	870.891	-18.344
-396.821	595.746	-11.2959
-350.303	-1028.74	37.0348
-255.262	384.23	-13.5914
894.834	1439.71	-26.946
-414.837	38.4413	38.6555
-550.892	-162.62	20.9741
740.933	671.947	-19.4911
-78.3556	1309.68	-18.1625
-84.2785	-1390.33	58.0831
-323.316	1053.64	-19.3172
666.844	433.728	-18.5203
309.748	-182.455	-3.79393
1325.42	-423.262	-14.6974
-96.7677	737.766	-13.367
-461.22	907.285	-17.6454
-29.2943	-279.821	59.0494
-799.953	-761.998	5.99457
-891.426	1152.24	-17.0122
-993.882	639.581	5.15515
-992.084	1424.8	-15.0323
212.737	364.888	-14.8442
834.633	1256.96	-16.6556
244.879	211.98	-14.6486
-73.8502	-1328.29	60.364
415.076	215.082	-15.6976
-1029.76	-60.0397	-7.05629
839.511	-308.911	-14.2096
1114.41	928.491	-17.8463
-1365.14	336.613	19.7069
715.91	1004.33	-18.2963
-1041.53	171.104	-11.1744
-2.81278	358.13	-13.8388
-1326.25	-186.427	-6.19603
-1448.83	77.1432	-4.60577
-969.796	534.584	4.29182
807.308	-906.43	84.7767
-716.168	768.02	1.94335
237.249	-79.9047	-5.42549
-768.968	-333.305	-2.01354
-441.978	-665.755	27.442
-589.666	-1434.9	45.3291
-397.63	-956.693	29.9045
-1470.88	635.27	13.2894
332.243	-461.593	13.8865
-445.618	290.544	-7.26682
683.136	823.244	-18.2695
-1309.37	-1235.2	51.5163
425.491	-259.368	-3.5254
-749.116	-801.494	7.2082
-1021.51	37.6518	-8.64065
-227.492	762.906	-12.6487
-968.625	1097.72	-14.1094
-1270.56	480.364	30.4747
989.355	-158.559	-18.637
216.902	654.327	-16.0553
-1124.68	-435.33	2.0208
-1064.6	641.853	6.25479
-26.6196	1044.75	-16.5904
799.915	398.98	-20.3831
-799.5	-661.529	2.9609
375.085	1264.39	-19.9882
-282.439	1481.86	-16.9021
-1217.91	674.374	6.46857
925.827	-1405.02	30.5232
868.841	1497.57	-24.3187
-224.667	1294.77	-17.6722
-816.056	-1293.93	30.9
270.121	-151.096	-4.0316
850.472	-802.022	69.1415
-514.708	965.757	-17.697
-917.411	1011.39	-13.3681
-1007.66	-656.237	12.734
181.362	-124.677	3.05493
1021.61	-252.394	-15.987
456.316	-449.827	10.7118
-1427.05	-224.631	-3.90712
-414.647	-125.487	53.5752
741.667	-1425.57	22.924
433.727	-258.555	-3.68297
181.442	-1338.96	36.2331
483.866	1381.18	-19.2802
-1065.29	212.101	-10.2597
-1392.88	-1196.21	47.8029
879.846	-411.192	-10.8782
-512.34	44.6864	40.5395
-364.267	-566.254	57.132
480.284	-891.746	115.361
683.828	871.675	-16.7262
-1064.93	-800.39	20.3539
767.154	-1440.98	22.4794
-1353.17	265.359	6.03723
1217.69	553.574	-20.1403
-470.523	-1406.74	38.672
96.081	697.728	-15.7154
1017.19	695.425	-17.3191
991.811	-29.0918	-22.3493
470.215	-983.413	97.3768
283.596	849.239	-16.6731
-1473.96	1393.86	-6.47776
-707.108	-164.785	-1.31762
283.625	338.538	-15.4524
-978.867	-1329.98	48.7529
-663.032	217.076	5.8912
327.599	298.738	-15.3806
-214.576	966.411	-17.5778
-161.083	1146.49	-18.7582
-1089.9	-815.212	20.606
-1473.02	-1360.56	86.9573
-985.514	484.805	3.94536
802.393	-823.483	79.3762
-661.944	107.107	17.7654
1078.72	-1402.78	49.8096
-793.671	857.646	1.94404
948.748	132.378	-21.7243
-321.436	767.834	-12.511
-171.544	246.011	-12.6452
-862.246	-259.045	-4.39713
590.053	-1459.3	23.8325
1200.33	1409.02	-27.0788
30.0448	-469.764	67.7574
-745.009	-253.02	-2.82697
-101.705	990.904	-17.6954
1434.93	366.916	-24.2893
-397.817	-20.0459	51.9064
-530.606	693.638	-6.23286
127.956	-1455.77	37.5351
20.4121	301.254	-13.613
203.798	1278.03	-16.3012
-296.449	412.575	-13.4018
1104.16	1047.35	-17.2422
-375.901	1236.67	-19.1759
873.38	-1483.04	21.8979
-1467.93	586.494	26.3123
1318.23	957.556	-19.3723
-339.456	1394.66	-17.5775
-740.724	1195.3	-18.3286
-871.669	1403.12	-16.4469
2.25485	755.216	-16.0882
243.001	-1360.98	34.1355
445.789	-274.25	-3.13535
671.004	1084.56	-20.4628
-472.595	-542.801	24.6493
-918.291	849.207	6.5051
1396.63	-482.026	-12.9437
-700.066	1259.33	-17.5356
-239.913	-1113.24	67.0347
-382.546	277.409	-9.00164
-324.994	1407	-17.4774
-1150.15	-126.291	-4.96553
1207.75	1436.86	-27.6017
490.878	-1290.01	31.9005
1343	889.844	-18.7185
-952.924	1200.64	-16.0092
218.829	1269.32	-16.5292
1497.04	-1083.66	24.6819
-1497.07	1407.52	-6.04042
-1200.64	1461.57	-12.1688
554.069	753.526	-20.5222
-264.184	744.851	-11.917
184.659	25.3155	-7.06647
1353.68	-386.266	-14.7767
-991.671	1073.24	-12.985
363.261	971.087	-16.3845
-663.168	86.1506	16.4292
570.863	410.86	-18.644
890.73	-972.683	77.3301
177.311	968.492	-20.1548
-1366.71	-669.866	25.0093
1346.6	-1268.19	99.2412
269.368	-984.04	95.8022
-313.446	-501.736	79.9029
196.91	503.265	-14.6202
-540.482	-1432.91	42.7128
-74.9277	-456.837	88.4018
564.803	789.351	-18.927
-641.15	-1167.53	15.9328
1227.65	-8.9645	-18.7429
-52.5889	430.465	-12.7354
1483.49	-669.472	-8.72992
-1013.71	-570.42	5.48677
-439.166	-185.716	36.2077
864.241	-1426.39	25.2175
-237.091	-78.387	43.4505
1206.79	-71.4298	-17.8306
-149.879	-599.27	117.466
-217.963	-1044.32	73.9802
221.644	1262.64	-16.738
-306.72	-23.8567	47.2421
600.692	-149.25	-9.0674
640.755	445.837	-18.4314
268.335	26.9804	-7.8541
1229.5	1405.56	-27.7579
-1465.67	-110.26	-1.97981
-1181.77	-212.411	-4.62453
-795.908	-633.683	2.09515
-75.2939	-1056.81	104.151
829.506	-1181.5	43.5202
85.0095	1340.99	-16.8048
454.634	282.097	-18.5071
998.519	72.6932	-22.2433
-1209.95	555.897	16.648
244.705	997.566	-18.9659
606.784	50.6789	-13.8782
1095.08	1156.17	-17.4415
-789.333	1278.64	-18.6617
1410.66	-587.339	-10.7163
27.6864	1228.65	-18.6753
94.568	75.1465	-8.8586
-706.281	-752.148	5.38912
196.417	429.039	-14.9467
525.156	59.0383	-13.3425
-940.317	-490.429	0.115146
-216.746	569.968	-12.7516
1208.48	-503.322	-11.0501
1274.5	24.4119	-20.2865
328.778	1370.51	-16.07
251.788	768.558	-15.7911
604.421	-1009.26	82.9693
755.561	-264.642	-14.5061
-1170.86	-812.845	22.7126
983.007	-1379.32	40.0493
-1306.75	-882.713	43.6951
-1405.35	613.097	15.6463
705.329	1002.91	-18.1894
-1047.5	-419.574	-0.253182
-818.649	-458.91	-1.88399
339.778	-1227.96	40.3594
554.545	1218.77	-22.3888
523.433	-740.701	87.5333
-586.689	-757.508	11.015
-352.672	1070.12	-19.3842
-1216.44	-1298.05	54.8147
661.696	-1144.17	43.2761
-1122.98	-1084.84	43.5823
790.465	-388.197	-9.46644
1404.77	-519.812	-12.0938
-1499.52	1241.4	-1.12214
-399.527	1022.28	-18.5905
-95.8231	42.0539	1.7807
877.998	34.1247	-20.8553
570.01	694.233	-21.4972
540.802	1108.55	-21.3197
1049.5	956.825	-17.5023
614.71	-307.743	-5.3346
-21.9074	-674.708	95.1452
641.722	-1306.59	31.1765
123.046	-1054.74	76.0869
-1404.87	-1020.59	40.3503
-4.46272	350.933	-13.8079
-1464.13	292.019	11.8015
274.256	706.037	-15.8984
895.148	1071.79	-13.5814
-180.946	793.878	-13.8249
-1054.2	-635.092	10.8124
-108.659	1315.93	-17.8755
1092.84	847.848	-18.9293
-468.192	-362.525	24.5068
265.074	1042.67	-18.6912
-358.97	263.704	-8.94052
-1076.87	-430.736	0.761531
-31.9734	1454.12	-16.5673
313.85	-1217.83	41.8657
-1147.57	-1199.32	43.6865
-1195.44	-1002.32	46.9942
-1094.99	-617.745	8.39233
130.853	-57.0256	-0.184542
924.804	955.017	-16.7761
379.883	945.595	-16.1286
-465.283	-581.01	24.726
-740.732	550.925	0.0380331
1073.28	884.682	-18.8839
440.423	-1160.28	46.928
-716.365	-164.64	-1.84953
-753.856	-499.23	0.486315
1314.52	802.899	-17.9949
-846.905	1226.7	-18.4026
1010.72	-985.419	67.987
1097.31	-757.071	11.8466
653.239	849.479	-16.9234
-1010.91	235.126	-10.442
1161.66	414.181	-19.3241
-40.4945	-813.193	105.917
-390.612	67.1891	30.0742
-346.914	262.561	-9.12807
49.4687	-1167.22	69.1751
-1103.78	1481.15	-13.0027
59.0051	-541.14	63.4108
-498.153	-1468.91	49.3261
1377.95	694.44	-20.6261
-190.371	-49.5213	27.5469
1429.16	356.071	-24.3058
122.044	-312.657	30.1286
1179.93	688.802	-17.282
-540.397	48.4882	37.7925
-1193.58	1465.48	-12.3725
35.387	-807.502	104.291
-937.111	1338.33	-16.493
-289.067	95.2383	14.7944
734.738	-614.341	24.4453
1342.76	832.648	-18.3668
-673.678	-1340.74	40.8039
-769.043	1119.71	-18.2903
277.974	1204.7	-18.5674
1090.24	-1356.05	60.9196
-904.513	1150.99	-16.8487
-1381.24	-811.931	36.6493
133.183	610.727	-14.5417
-177.118	472.493	-15.3459
-1252.77	-906.357	41.2081
-1360.61	276.159	6.80809
103.264	614.761	-13.8221
1276.47	405.713	-20.5124
965.924	36.7084	-22.3841
147.559	841.562	-17.0259
-493.525	-186.018	26.4933
-238.106	715.732	-11.2524
-1374.61	301.32	10.3957
261.523	-1210.7	43.7853
-604.927	142.445	23.9481
7.69195	-1113.34	88.2253
1027.58	1419.27	-25.2805
-632.267	885.226	-12.6979
-479.801	1338.49	-18.536
-729.216	-752.271	5.41541
518.738	372.225	-18.6269
332.529	225.152	-13.9846
711.718	-168.688	-17.3835
475.354	660.303	-19.4737
-851.08	-1107.63	29.0864
1004.49	-225.127	-16.9863
656.699	278.34	-21.252
808.949	1332.12	-20.8035
509.692	376.363	-18.484
-823.323	-1215.87	30.5778
-811.593	298.582	-8.83499
616.556	893.697	-15.5773
511.188	821.654	-17.3693
-1442.8	1459.35	-7.12872
-916.39	-459.774	-1.70005
-1114.59	-830.691	22.8096
512.858	47.1436	-13.2552
1254.13	-1053.5	65.9664
-70.3299	-384.338	83.4883
190.779	279.047	-14.2704
318.891	-355.939	4.65454
395.257	-1058.24	70.6753
-197.962	1276.41	-16.7311
1305.02	807.959	-17.7566
1349.14	-397.496	-14.6349
-986.362	503.336	4.2493
282.307	370.792	-15.9558
-223.792	-519.112	112.73
-618.204	114.883	24.2474
-209.57	1067.32	-18.7882
-771.642	-470.083	-0.613459
680.058	-374.171	-3.74493
-755.747	520.227	1.21109
-1043.61	-436.721	0.161696
1061	-679.662	4.70876
296.623	-627.844	43.7945
589.553	-724.764	80.8862
-24.0488	-139.987	21.8682
-1062.71	-303.76	-3.23837
-437.861	-61.7796	53.5652
-1338.93	622.035	12.674
440.879	-96.5598	-8.71596
395.081	-1044.2	75.6989
468.27	-139.927	-7.63112
1417.08	1283.53	-24.4098
959.292	196.266	-21.001
152.466	1493.14	-16.4296
-528.13	-933.891	17.2199
32.0486	877.441	-16.8164
-871.321	1157.98	-17.3054
-884.277	-365.756	-2.06031
-711.551	-537.847	2.84513
-935.498	-5.90791	-9.37521
-1492.76	1241.18	-1.83228
1075.69	507.075	-18.87
6.4258	-1301.15	51.0186
-920.693	994.723	-12.2695
-631.452	1267.02	-17.05
89.8523	-424.053	49.4127
-444.942	1335.03	-18.3112
564.592	-777.041	92.4101
446.281	-43.7515	-10.348
-1285.73	1230.96	-8.68826
1429.75	918.089	-20.6556
-843.599	703.393	4.46924
163.489	1043.33	-19.1926
9.64824	736.663	-16.0429
1346.99	-1496.02	71.3296
36.1112	887.817	-16.8856
-801.995	406.354	-8.1896
-1414.53	516.882	45.0632
-1396.67	-815.863	35.1224
-915.292	-210.372	-5.90339
-500.215	1030.85	-18.1857
1400.23	23.3694	-24.1804
199.708	-241.918	9.03622
741.475	959.982	-17.027
812.931	631.348	-17.7287
1372.11	997.433	-20.667
1450.75	560.761	-23.1611
1033.33	-1251.54	66.7239
177.416	228.018	-14.5046
-635.344	-1287.94	30.5742
1301.82	-314.406	-16.7115
-300.457	-1007.29	48.3365
-1351.17	1367.83	-8.87328
34.6659	-732.264	95.5758
-402.613	1495.32	-16.0066
534.114	-1031.89	73.1931
-1026.14	-433.304	-0.346737
203.709	-850.488	105.605
889.834	-1449.31	24.9356
-635.358	990.868	-16.3463
1298.13	1124.04	-20.2165
769.615	889.32	-18.2123
1453.2	384.576	-25.1118
17.9927	272.236	-13.8791
-348.233	867.29	-16.4322
-441.081	208.612	4.22209
-1486.54	-950.115	17.3206
1488.98	1176.31	-21.201
718.534	-1213.03	35.0873
-742.837	376.201	-8.61631
-984.707	-1392.51	52.3779
-766.634	-193.734	-4.13966
-450.915	33.8733	41.3618
-966.244	-667.782	11.9109
375.186	730.253	-17.5443
1403.05	-241.672	-19.8673
1114.93	-885.697	46.1045
-848.673	1367.87	-17.2277
1394.58	1214.69	-21.53
26.7069	614.547	-13.0478
103.135	1237.21	-18.4005
-977.554	-290.455	-3.29246
-65.969	-675.093	106.126
1321.71	897.774	-18.552
243.383	256.757	-14.896
268.297	-15.4558	-7.1454
-853.706	-161.694	-7.45208
1335.25	1195.61	-20.8698
182.542	24.2995	-6.9333
1246.99	-1133.13	83.2076
-1276.49	-872.755	42.1842
345.778	-1229.57	40.004
-790.271	-1430.17	47.7568
435.554	-883.237	120.945
-1387.82	1334.07	-7.28891
146.816	314.648	-13.416
954.498	1358.11	-21.1821
1232.34	1089.81	-19.1995
418.16	-102.926	-8.27796
1400.75	-782.318	-5.47975
-297.259	-75.2883	56.1101
-437.5	-1054.3	24.9029
-467.248	-1427.24	41.7307
571.789	-1277.58	32.9883
-367.021	-578.426	55.138
-1015.99	32.4208	-8.64729
310.767	-899.126	115.966
574.175	778.555	-19.4349
-969.083	-867.269	27.3443
-652.739	1250.04	-17.095
-1074.06	63.7984	-9.52929
-800.263	35.1124	-2.72045
744.437	-908.871	87.8933
-695.997	-344.722	0.990952
-458.167	192.453	9.19678
582.291	993.701	-17.4563
273.003	-128.191	-5.08535
-860.727	469.562	-2.0056
-308.024	-504.566	82.0522
1426.82	1065.4	-21.7838
-1047.08	-219.114	-5.37498
408.086	-268.008	-2.74472
-1370.42	-1226.97	49.574
889.926	202.399	-21.6099
-301.342	966.106	-17.6528
-5.98478	-229.425	39.8406
-254.495	-90.3047	49.6959
-811.481	-219.315	-5.71255
1196.47	907.059	-18.1354
-534.221	-388.872	13.2448
294.467	-253.102	0.533059
-889.36	-1106.84	33.0112
-767.782	-367.609	-1.03059
-835.548	1047.97	-16.1054
-253.905	-1340.28	59.7096
1342.44	-67.7004	-22.6957
-1255.36	-1179.61	47.4313
-38.3719	-1026.61	105.997
410.619	128.121	-12.4902
-1455.26	5.50382	-3.56657
-2.67242	-659.606	90.32
-498.98	944.068	-17.7397
1474.16	787.71	-20.3287
-1174.49	-248.741	-3.97958
1027.84	1050.91	-15.3425
-52.1497	-342.975	77.7011
1449.59	-217.12	-20.7301
-1376.1	1395.82	-8.29541
-828.132	-606.837	1.69069
1135.32	1496.6	-26.2013
-535.381	1494.73	-17.0561
-18.0782	-1484.45	46.0341
-1083.09	1017.8	-4.3861
-384.675	460.071	-12.6848
-1138.12	-1309.84	53.7291
-851.226	-261.168	-4.3441
364.544	-406.446	7.30464
-921.165	72.2785	-8.95759
-253.258	993.24	-17.9297
-580.404	936.362	-16.2796
-979.252	1387.69	-15.3805
71.2126	737.117	-16.2269
608.279	-358.856	-1.64647
935.95	687.413	-17.135
-224.423	1368.02	-17.2444
-838.987	10.4439	-6.53053
899.874	1115.5	-12.6997
-1206.4	771.215	10.4106
359.485	179.467	-12.7658
-1490.31	-120.275	-0.678521
1104.17	1049.61	-17.2245
1226.13	766.839	-17.8204
-405.762	-1259.24	30.7866
-1044.91	1481.83	-13.9116
-990.784	-29.6187	-8.85774
60.1882	-223.894	30.0979
143.718	-1249.7	44.9075
480.88	1076.9	-20.1651
-1257.84	-1419.32	84.9026
369.689	316.454	-16.3248
692.11	471.394	-19.1123
-1443.95	1462.24	-7.13835
-617.914	-1475.37	51.3163
-1451.43	-542.031	7.19025
583.659	888.624	-15.5537
1125.4	-1058.98	61.8254
993.625	49.3578	-22.3691
176.222	678.887	-16.4652
-557.838	1283.69	-17.5129
-750.218	1384.75	-18.1852
78.1394	376.102	-14.2117
800.19	-1124.82	49.5601
-460.149	-226.514	27.8091
-311.753	-906.275	42.4818
-324.819	-1063.28	43.2154
1008.27	1350.09	-20.9906
836.21	573.489	-18.0931
-772.224	-68.4132	-3.31841
1366.28	431.245	-22.5967
362.601	478.175	-16.9507
266.776	-1480.08	29.9852
350.372	-1398.09	29.6379
162.507	839.091	-16.9093
531.286	-13.6134	-11.5419
-423.47	1172.28	-19.3479
1438.48	1332.32	-26.2977
-528.977	-674.751	14.6416
616.255	-1146.34	46.1367
681.468	-381.026	-3.03293
1314.78	-67.9734	-21.4346
910.838	158.636	-21.7467
176.149	910.144	-18.929
-372.187	688.143	-7.8273
52.6494	-660.827	80.3181
562.894	1198.76	-22.4901
461.832	295.388	-18.3179
-820.61	1378.69	-17.4005
1176.53	1497.32	-26.2265
481.323	181.389	-15.9771
-557.796	-515.916	12.5388
-1481.37	-1222.42	46.886
390.908	1153.29	-21.2232
-1044.71	151.341	-11.0887
1490.43	535.436	-25.1764
-905.006	-1337.45	38.0813
-191.795	-839.133	72.6388
-29.4885	982.281	-16.7393
-1037.28	-1430.33	63.0989
356.938	360.826	-16.1575
-1038.74	669.445	5.46033
1408.59	-1143.64	70.2339
-6.69855	-448.124	76.6962
1059.15	938.856	-18.0588
-898.45	927.844	-2.80379
1284.43	-1321.54	92.3015
38.814	1123.91	-17.765
-927.807	-866.367	21.7825
1406.29	1321.48	-25.3539
492.73	-673.853	70.7076
-1329.38	788.43	10.1469
-142.197	-942.762	87.3168
370.663	125.101	-11.1739
709.12	356.5	-20.5672
514.65	1305.34	-20.7498
3.65575	-1249.05	58.2631
447.091	-446.738	9.77887
349.965	463.947	-17.0871
1432.32	1459.66	-25.0654
-786.422	1494.02	-15.776
-396.776	-1224.72	31.7679
-1143.86	-840.487	25.6523
363.389	27.4232	-10.1855
-344.239	1037.6	-18.9264
-948.404	296.801	-10.2351
1219.58	979.723	-18.938
-1154.46	-297.517	-2.59732
1015.91	-749.69	24.5757
337.68	768.219	-15.3993
-838.492	-1062.46	22.874
-1274.22	-847.996	39.964
-979.763	-1052.75	41.2387
124.191	-446.712	38.6428
-312.889	-640.756	69.4231
948.465	-470.453	-8.80029
-1266.66	68.4215	-10.6008
-1417.26	1392.86	-7.55265
-1457.34	-103.738	-2.55109
534.38	628.516	-20.3384
983.06	1442.45	-26.6857
-779.825	795.047	5.4651
1041.84	-1294.68	63.3225
773.269	1126.55	-19.0619
-1106.85	25.0425	-7.79181
636.361	-576.818	29.9931
-784.025	1373.49	-18.2041
-108.018	662.669	-12.719
885.914	-1422.03	26.5512
-639.168	593.995	-9.79738
-156.51	-14.5629	14.8379
-468.603	-187.412	30.2108
1418.64	372.857	-23.8889
-1082.33	-1152.13	38.0747
-648.268	1234.86	-16.9498
-1377.47	1320.15	-7.37628
797.714	-55.231	-19.0538
-990.456	1145.85	-14.6471
827.043	474.018	-20.1102
1298.37	-858.29	4.82955
63.0169	-1344.25	42.1381
-783.871	-124.669	-4.82878
-1283.4	-518.802	8.9826
886.487	835.577	-19.3321
-877.32	414.006	-5.62747
-1125.32	1404.41	-13.755
-1486.88	1465.73	-6.36508
1497.56	263.688	-28.3629
494.968	-947.573	107.969
1082.9	-64.3883	-19.534
435.577	-1051.87	69.8512
-1035.66	252.383	-9.92625
127.335	120.822	-13.4852
1230.23	1198.07	-19.2914
-710.609	-1178.96	19.6614
-611.572	1425.49	-17.2548
-224.45	-1036.95	72.0285
155.189	-255.054	16.8335
942.529	-1419.96	29.6902
1167.04	1367.67	-24.8769
-41.7073	1248.93	-19.0042
-1042.6	-851.942	25.8277
1296.38	96.3579	-22.236
1264.55	879.805	-17.8029
-271.379	1026.3	-18.6435
-1347.14	-1442.86	94.8511
300.981	-78.6051	-7.63174
-30.0903	331.729	-13.4844
-588.931	-789.075	11.0127
1443.62	-753.528	-6.75488
-1118.29	-1025.72	45.0338
-1417.93	-1049.61	38.4263
-394.639	-1390.92	36.0181
145.492	-155.914	7.53863
1479	824.144	-20.8176
1336.29	-464.86	-13.7408
-318.504	281.107	-10.6797
-902.878	-202.904	-6.14521
-1040.28	75.5315	-9.29716
-811.42	1410.96	-16.984
368.273	-1335.28	31.5824
-665.383	-1366.16	45.0151
-978.878	543.219	4.61197
1093.13	146.085	-21.432
-1361.35	1222.62	-5.70129
-619.349	-501.285	7.32396
1223.16	559.828	-20.233
-505.427	1397.24	-18.5212
67.916	-130.644	10.7475
760.818	600.227	-18.528
-990.517	965.518	-4.2935
-1215.48	1153.12	-4.51116
-1060.35	-1299.44	51.9143
686.083	-984.288	87.2567
-751.141	305.193	-6.42871
-1281	1477.91	-10.3485
-945.919	533.654	4.00684
1431.52	-408.021	-14.2201
54.2396	1036.49	-16.6968
747.481	-952.035	84.8824
744.329	1071.19	-19.7683
537.792	-570.205	40.6577
70.5922	1454.17	-16.0255
833.347	-734.382	46.0712
-1432.93	-1208.91	44.9237
1332.05	-588.155	-9.93201
-897.698	169.637	-8.83133
-1008.71	741.822	5.52202
-117.975	-1278.74	68.5656
144.906	470.003	-14.3952
1123.88	82.4161	-20.991
-906.308	1053.85	-15.1432
1289.87	-1091.11	69.0472
1023.03	392.689	-18.0837
-102.587	-219.028	48.919
631.725	-12.3667	-12.8212
-378.404	599.471	-11.1698
63.6739	575.859	-12.1379
-659.289	536.621	-7.55655
422.146	-39.373	-10.286
450.434	-211.368	-5.81113
-812.743	942.642	-8.81442
1345.42	577.041	-21.3413
-580.406	262.363	0.473095
-629.028	-398.755	4.7388
-178.491	404.972	-14.9732
-1360.56	420.608	41.5642
-409.317	276.404	-8.00788
-855.333	262.912	-9.79314
-12.6563	904.486	-16.3453
-244.332	-649.702	94.1899
-1164.09	-724.067	14.6022
-1371.52	-463.157	2.21108
-1425	-1334.24	72.1255
708.625	-1073.95	61.0286
-1418.31	-1364.5	78.951
-422.768	-1316.76	31.2794
345.88	1486.7	-16.3813
-262.677	-1204.44	58.1633
-782.711	-239.333	-4.82136
-80.8329	474.741	-13.1856
-360.168	-1438.62	44.8809
523.798	-295.495	-2.3648
409.12	-882.097	121.214
-220.883	-211.181	61.1663
-1011.82	-1289.07	49.9027
-564.496	-78.8531	29.2746
-518.629	910.686	-17.0889
1007.17	971.871	-16.683
-909.603	1087.67	-15.8612
955.883	610.486	-16.997
1032.88	-56.345	-21.0509
-1476.35	337.331	21.9962
-769.692	595.514	0.4161
232.353	-224.219	2.79292
-169.054	-126.072	34.4748
792.146	1188.96	-17.8436
446.217	-274.829	-3.11584
-875.437	132.041	-7.32198
512.793	55.749	-13.2631
232.327	886.599	-18.0862
351.115	561.692	-16.4952
1044.12	529.892	-18.5094
1239.33	-223.796	-16.12
-1269.67	181.133	-7.69852
-429.113	893.47	-17.6568
-1115.24	-609.87	7.42973
-1394.04	348.258	24.7874
-1452.05	481.665	50.0415
-831.491	-1233.5	31.8262
-766.042	-681.851	3.46103
-589.523	-130.092	19.7813
468.328	728.388	-19.9174
835.263	-887.758	85.8445
-1353.94	753.489	7.47546
303.13	362.256	-15.94
401.325	205.809	-15.0204
334.714	-814.623	107.75
82.9158	1290.61	-18.2346
1072.82	849.919	-19.1058
1495.96	-243.25	-20.2892
-662.872	-991.165	10.1604
-972.086	1088.69	-13.819
1387.46	-971.945	14.5622
-1174.78	1319.82	-13.1089
-273.748	-670.571	79.0415
670.722	-1083.02	59.2739
-437.381	-1103.53	25.6365
-199.476	-340.846	84.8577
1388.78	5.10896	-23.7261
1091.82	1001.9	-17.4745
1317.41	528.22	-20.6611
-1005.18	-687.184	14.5625
-91.2865	33.9858	2.27392
568.291	-570.913	37.8917
1165.99	437.552	-19.1746
-775.701	-483.853	-0.672767
-1467.89	1307.52	-5.95421
424.056	1213.45	-21.8312
-731.274	154.883	9.06978
584.971	741.329	-20.6978
-534.394	-919.246	16.4623
-1425.11	444.497	48.3113
-1011.76	-273.814	-3.84665
1204.92	82.1694	-19.9331
-812.681	-781.346	7.72982
-1472.13	-585.2	10.2267
1373.29	1065.68	-21.2425
-71.7527	965.16	-17.0254
-802.68	-435.289	-1.28432
-1115.33	1099.88	-8.72862
1426.97	-1188.64	82.4548
-490.685	1389.6	-18.3718
-86.3116	625.343	-13.4554
-935.543	-660.922	9.60817
-947.292	271.619	-10.7437
625.727	1206.3	-22.2657
-540.777	427.61	-10.0255
-966.422	411.274	-2.12641
-592.665	-201.507	13.175
-1401.96	-1465.12	108.934
924.885	1411.71	-24.8627
488.908	425.21	-18.0611
-1281.76	888.609	27.212
853.329	1271.1	-16.009
-1141.39	1128.76	-7.49254
438.418	-441.32	8.40531
-711.048	765.9	1.73753
-309.869	-219.361	62.7351
-441.095	584.343	-11.8239
394.483	-734.953	85.8456
780.026	1280.86	-19.3688
965.127	416.617	-19.1581
121.102	931.25	-18.7735
655.286	-876.015	92.6105
-443.033	1001.47	-18.7218
-1176.95	1158.13	-6.75959
-560.85	-493.248	11.4877
-1474.73	-1114.12	31.9755
164.295	1203.79	-18.1969
149.002	991.791	-19.3918
1490.01	1365.87	-28.6014
-521.761	-71.2121	38.2621
190.377	-309.474	14.7986
1227.02	442.077	-19.7261
-1128.82	-1246.64	43.9553
-132.272	654.791	-12.5997
-603.893	342.927	-5.75949
272.037	-1139.11	53.4416
1371.96	1455.34	-26.9474
600.709	14.9247	-12.9068
867.335	1038.86	-14.8678
1125.5	-1427.28	55.4921
200.575	-1393.82	34.6899
-206.57	-1392.05	62.3962
-148.73	374.353	-14.5288
458.376	-707.746	79.6938
1204.69	763.168	-17.858
1244.6	-609.374	-8.72106
1200.09	375.012	-19.8737
307.207	-1028.3	81.9871
-1027.22	1132.05	-13.6602
-1159.92	1217.8	-12.1438
-470.157	-287.468	22.2946
-481.243	-565.096	22.4857
-1478.28	-1449.16	115.139
-1422.34	-1346.85	74.7526
1161.9	-325.264	-12.5296
710.263	182.776	-20.6361
630.702	-524.717	22.6988
1012.91	-307.036	-14.7431
644.06	-910.161	95.8218
535.23	1064.48	-19.917
802.601	140.548	-21.292
241.473	113.513	-11.9249
-1439.53	-398.209	-0.570352
-816.011	674.053	2.08271
-85.7392	-216.267	46.7746
148.917	-532.024	36.987
-715.654	514.594	-2.98566
971.297	-1193.44	65.1329
542.288	151.641	-16.1577
1098.4	591.764	-18.0238
-1191.63	-1010.29	47.5143
-783.846	480.243	-1.70698
-1216.95	-1127.92	47.0485
-174.937	-492.368	111.049
-727.767	846.974	-1.07507
-987.873	840.898	5.44029
-1085.77	-841.479	24.6766
1296.79	-215.192	-17.5595
510.024	-279.206	-3.27084
703.871	71.8784	-16.8132
1114.33	-469.852	-8.63482
756.717	796.987	-19.3018
-1204.29	138.584	-10.3754
-691.615	-218.917	-0.229647
1347.88	2.0545	-22.3577
578.208	160.051	-17.3037
912.816	43.191	-21.7861
-392.367	152.791	11.5345
-351.917	105.596	18.3365
-794.639	182.976	0.961245
1277.34	490.256	-20.3411
-351.873	1271.71	-18.5257
1.28507	-877.741	108.71
-1017.28	1318.96	-16.2119
310.471	-109.757	-6.68985
903.214	-369.344	-12.4129
1442.46	-583.774	-10.9675
-1489.4	-142.45	-0.729442
911.899	1272.31	-15.6384
654.252	1195.61	-22.2894
-260.063	230.054	-9.7186
800.35	-761.987	58.5024
-867.38	-108.633	-8.42301
-574.112	-1034.6	14.8524
199.033	-175.066	4.59178
-360.992	-1365.74	40.6979
559.599	54.0231	-13.5499
-153.063	1114.34	-18.6391
1208.03	17.1078	-18.7518
750.646	-170.24	-18.7339
1418	-813.207	-3.75834
1053.34	942.439	-17.9268
36.2098	236.912	-14.1245
-399.39	-30.9481	54.3834
536.699	297.859	-19.4796
-1141.87	1423.08	-13.4398
1430.17	-452.419	-13.4704
-582.405	678.893	-6.92156
-130.466	179.912	-11.5341
408.828	953.917	-16.0071
-1067.06	-398.255	-0.431366
440.804	804.959	-17.4669
-224.849	404.778	-14.7276
1324.8	-948.474	19.3752
1160.01	-44.7624	-18.8161
-32.303	903.479	-16.6057
-977.109	302.987	-9.03524
-1201.85	714.078	6.88449
1332.99	-103.53	-21.8136
-579.687	-199.745	14.8508
-1092.51	121.185	-10.9035
-1494.75	-626.892	7.87536
-1440.81	1070.59	15.9531
108.826	-258.261	25.7475
-1005	981.328	-5.20309
199.359	-1497.23	33.5502
1372.91	-745.106	-6.20927
-1187.51	1093.43	-3.13874
936.327	778.377	-18.8176
-616.547	-1197.1	18.6585
-349.64	-341.131	66.2889
526.268	129.406	-14.9236
-289.394	696.067	-11.731
1228.87	-1084.19	73.5967
1285.48	147.752	-22.8361
733.503	51.1255	-17.0297
466.632	485.537	-18.0746
-911.253	867.724	5.00969
136.095	1492.7	-16.4513
-985.331	188.802	-10.5465
-1426.3	592.2	22.3352
-506.391	233.654	3.59049
458.447	1073.58	-19.8429
-18.3115	1145.87	-17.9906
1158.26	258.004	-20.7771
1307.57	388.953	-21.0339
-458.237	856.41	-16.0807
1005.49	713.632	-17.3691
-370.235	705.446	-8.1052
212.735	555.35	-15.0781
-498.542	125.36	25.3716
-621.605	121.988	24.1727
1068.67	1377.23	-23.6764
-404.473	-19.2216	52.1654
-835.852	165.764	-4.53929
-881.557	-250.623	-4.57651
232.864	1145.75	-18.6941
1101.8	-1489.47	41.6706
-1309.97	-564.909	12.7658
820.113	805.962	-19.0814
-1298.61	-603.565	17.2398
56.3762	940.883	-17.392
598.423	-332.218	-2.91865
1363.96	-232.705	-18.8824
-1220.88	336.952	5.68615
60.556	1367.34	-16.8682
-134.479	282.844	-13.6781
-0.991656	-316.841	63.3161
-1289.64	-1373.51	75.1825
-534.505	1342.7	-18.4476
1156.53	-569.876	-7.31057
-352.98	-639.788	54.0202
754.03	-656.517	33.0268
502.937	-34.0432	-10.9733
524.585	1026.4	-18.565
203.18	-1048.78	70.3576
1150.96	-857.794	32.1786
-1234.51	1146.4	-3.05509
844.887	-738.53	46.6877
976.422	-1319.91	49.2629
1338.88	504.453	-20.7827
462.873	-922.878	113.12
1250.6	735.647	-18.5786
168.055	1143.18	-19.0019
1475.28	-587.625	-10.9562
736.577	-1412.9	23.134
262.884	-126.439	-4.898
-376.933	-1381.01	38.4665
1021.52	-795.61	38.3004
-736.993	934.675	-11.3559
258.073	331.995	-15.1374
-961.322	-916.268	29.8795
-929.878	1430.83	-15.8793
1273.26	775.313	-17.9407
-880.855	1126.95	-17.2804
-1036.33	-1396.36	60.5365
745.553	830.793	-18.608
-1199.27	-152.259	-4.5209
914.912	667.571	-17.135
842.19	1251.52	-16.0621
-185.204	-1320.67	69.1462
213.632	541.614	-15.0447
-90.742	-216.548	47.266
859.783	-962.25	79.391
504.821	-562.808	38.4313
1418.72	-219.861	-20.3693
-1492.25	1462.44	-6.22937
1155.93	-1419.43	64.3019
676.626	850.644	-17.2629
-1115.47	-612.014	7.54138
42.5463	1093.91	-17.0755
-1177.46	1377.11	-12.6952
779.673	1254.63	-19.1015
715.225	396.977	-19.9123
-1367.33	-411.598	-1.95086
374.075	423.487	-16.9358
-1409.41	569.561	29.1294
-966.229	966.408	-6.50563
1069.28	-872.604	54.0105
-990.929	808.361	6.84328
1194.71	42.8206	-19.0375
611.842	1064.31	-19.5227
538.536	-330.054	-0.532039
808.939	1019.55	-17.4109
1494.1	-858.423	-5.17563
-1488.22	-49.8599	-1.3779
-310.746	-1167.05	47.1309
201.407	1143.95	-18.8689
1427.95	-1478.72	79.0829
561.308	-650.955	64.2811
-1483.13	899.843	18.5704
-702.224	633.076	-5.23931
973.053	-979.182	72.2162
152.589	-1189.69	52.8787
1341.24	-3.44485	-22.0666
-451.926	88.9827	28.5671
-1435.59	1228.48	-3.60504
999.405	-628.163	2.07147
-911.65	-151.778	-7.44138
-297.522	-6.19937	42.6823
315.769	1327.02	-16.5173
857.153	1476.47	-25.4171
240.408	-1385.55	33.3688
-1434.33	596.039	21.2421
-1193.29	-1102.35	46.5984
554.479	-835.928	103.611
-1212.42	712.703	6.96018
494.239	-148.622	-7.52446
810.607	-212.485	-17.9328
1112.67	26.248	-21.2383
-429.714	1453.17	-16.51
-715.259	-572.847	2.80246
-1315.58	-1470.17	96.7488
707.742	266.036	-22.2542
-571.888	-1167.95	17.1762
243.637	-325.627	8.47356
-1367.62	341.888	21.343
1255.16	731.549	-18.801
-81.0891	-1342.98	60.5038
-728.453	973.169	-13.6085
-589.106	-1432.25	45.0618
1496.88	-676.329	-8.81765
412.421	944.782	-15.9709
-661.037	1161.95	-17.1011
713.383	153.639	-19.8529
-566.999	1378.73	-18.1123
421.507	971.47	-16.3308
395.107	1222.04	-21.4362
-1162.07	1081.84	-4.76126
38.2926	400.032	-14.0053
1461.08	-1480.77	79.1905
-480.71	-270.943	21.4162
1177.25	672.814	-17.602
703.882	-463.465	4.62708
-340.926	1026.9	-18.7794
1093	1029.09	-17.2724
1420.4	-274.411	-19.8869
1188.65	-1072.66	67.403
1222.61	414.615	-19.7102
-1415.23	-141.399	-4.99359
-1047.38	916.007	7.59768
-696.265	360.524	-7.38622
1343.85	897.399	-18.805
524.46	-565.971	40.0872
-799.573	-1346.35	35.8485
311.368	-495.974	18.1101
426.234	-71.7474	-9.34271
-376.031	1151.66	-19.7821
297.318	-451.5	14.6373
1162.21	355.539	-19.6289
-519.825	725.126	-7.0603
-1393.64	-1106.58	45.2079
475.299	-1477.5	23.3256
376.456	-971.853	105.63
-783.718	1478.11	-15.7314
369.271	-1260.91	36.1859
-1334.84	-970.194	48.3503
-940.235	-124.534	-8.04289
-692.338	1440.12	-16.4988
1030.1	339.863	-17.7074
871.366	337.866	-20.4254
-560.209	-1204.07	20.3858
-821.098	-922.552	14.0384
1096.68	307.285	-19.1966
475.536	-822.799	110.069
1218.51	-544.729	-10.1148
874.129	-1275.2	37.2308
-533.645	-614.716	14.7829
319.389	619.534	-15.58
-571.41	585.738	-12.276
672.834	-518.046	15.9697
-478.919	685.452	-6.88809
-1427.49	-648.967	20.7117
1144.4	-887.389	39.2335
-969.67	-785.338	18.0134
-775.347	200.499	1.08107
-860.749	-576.664	1.39701
-1060.14	175.061	-10.9271
-364.514	-725.861	39.9003
1283.62	496.794	-20.3631
-545.344	-555.46	13.9114
-691.441	1299.68	-17.7615
-1323.68	990.24	26.4312
-352.721	1161.49	-19.9304
780.214	-1333.04	27.4131
-1394.94	-666.378	24.7127
-480.535	817.776	-13.3079
-157.017	46.4713	5.34955
-706.406	682.013	-1.88397
290.872	-15.4469	-7.87389
-116.217	-76.6792	18.3858
-90.6812	510.305	-13.5391
1396.13	-1333.16	96.0703
-816.97	776.531	7.99569
164.499	577.89	-14.2441
120.305	-1052.5	77.073
-1202.43	964.002	17.2362
1213.57	672.231	-18.7378
1127.41	13.051	-20.4522
-639.214	-14.4505	17.737
-170.787	-235.811	61.4746
-506.471	-759.481	17.2163
-621.5	489.467	-8.98045
-562.285	-49.3315	31.0413
-888.986	-760.4	12.2854
-224.587	-268.99	64.2785
-1121.8	1203.45	-12.6149
-645.214	579.602	-9.38066
463.786	-538.809	30.411
1016.36	-452.536	-8.77832
-1053.05	-1370.67	61.1942
-871.144	-1466.07	42.6733
754.531	1119.3	-19.7968
655.103	1337.58	-22.6747
947.624	-1038.77	67.9438
-491.845	-1334.05	28.7291
1469.52	473.651	-26.0487
-865.96	-1274.76	32.7469
717.002	-477.542	4.85421
1044.78	-895.212	61.6014
934.747	442.099	-18.8577
1316.89	486.464	-20.6518
-876.91	120.121	-7.28593
631.138	1108.14	-20.8677
-299.687	-291.231	69.4092
73.2888	468.438	-13.8362
-828.054	1463.05	-15.8282
310.732	501.844	-16.3691
-280.895	-171.37	60.5725
-1116.18	-344.252	-1.49501
-844.754	535.67	3.57247
40.3097	1297.4	-18.4207
-639.248	144.238	21.6025
324.861	-668.161	55.9313
-38.0451	-263.548	55.5819
-186.223	-143.97	41.0783
353.139	-879.416	120.457
177.994	-251.539	13.0156
-1181.91	-687.278	14.1394
402.543	-116.907	-7.7147
-1111.77	236.247	-9.00748
-47.4787	-17.8641	2.06466
1201.02	295.72	-20.5762
-717.182	-800.025	7.13686
-287.274	360.299	-12.5706
91.0214	-1079.76	80.0483
-344.044	-1405.45	44.2648
-344.049	-35.847	53.0606
260.077	229.949	-14.8387
822.013	-152.421	-20.0194
-1436.01	1249.94	-4.60255
353.078	805.514	-14.9649
-422.984	1143.78	-19.6939
-134.304	779.043	-13.8651
-371.418	1355.93	-17.8412
-579.208	1237.68	-16.7303
1368.82	1225.2	-21.7695
664.964	-613.843	35.9895
-218.421	-645.012	102.075
241.724	1073.39	-18.892
100.758	-424.358	44.7444
-186.684	129.004	-2.60783
1203.89	1221.86	-18.8982
680.151	535.653	-18.7268
799.749	484.976	-19.792
-489.267	-270.882	19.8891
1481.74	-761.983	-7.57756
-1210.11	38.4913	-9.91252
186.408	-988.55	85.4957
-767.975	1292.16	-18.309
-618.897	619.571	-9.35229
-167.384	-507.468	112.192
-851.383	487.961	-0.318641
-1334.86	402.308	31.8088
730.962	910.369	-16.9685
-1233.28	-1473.2	94.1281
245.959	20.3818	-6.9973
-150.683	-245.946	61.3474
-242.356	-343.362	83.903
1211	-305.042	-14.0591
-839.144	495.385	0.272498
1028.57	611.005	-17.3952
-700.651	-502.164	3.12187
1099.81	927.306	-18.008
-1191.63	30.9879	-9.81496
-1431.4	-1468.84	114.762
-627.347	-188.111	8.79542
-671.951	813.022	-2.36322
-1176.12	-413.406	3.05915
-352.192	375.668	-11.8133
-623.478	184.322	13.6485
998.287	-381.673	-11.8516
-776.294	-434.072	-0.680844
607.671	-1072.32	62.6317
324.839	94.3332	-10.0851
-1337.64	914.124	35.3824
1084.55	-525.431	-6.62681
510.072	-854.214	112.339
-316.899	209.24	-4.25461
-443.823	-407.759	32.0672
-930.185	-345.148	-2.09933
1155.73	120.945	-20.6497
1191.71	14.7189	-18.5435
734.161	616.101	-18.8257
-522.684	-695.666	15.1852
96.3446	444.827	-14.2708
-260.003	1132.87	-19.549
1490.83	-445.435	-12.8607
-243.37	456.594	-14.6706
707.151	-275.763	-12.2181
-1163.01	1471.18	-12.9306
-859.928	120.591	-6.01808
-1470.16	413.176	46.3496
142.925	737.775	-16.7051
-381.507	-1464.04	50.076
-602.71	181.05	14.3819
1489.34	-761.531	-7.87442
1272.98	-1184.3	89.1518
-515.692	-1163.59	19.6184
-1111.86	571.153	8.64708
-1151.5	60.0378	-10.3713
-1301.72	1103.72	3.32284
29.4725	1232.63	-18.6864
-1305.95	-1096.59	51.6301
-1062.56	1106.25	-12.0599
-665.134	230.356	4.16265
-2.27654	-1471.41	45.593
1428.76	933.668	-20.9279
-837.463	-1397.18	37.015
-653.062	1416.49	-17.11
1425.26	-1322.84	96.1422
662.487	408.556	-18.8962
-38.1068	855.503	-16.5926
90.3726	158.901	-15.0868
-1204.37	-1310.26	56.9209
-236.726	1033.76	-18.6084
1308.23	152.84	-23.2298
1176.16	-861.306	26.1539
-96.107	-169.664	35.9976
-808.256	-1100.22	23.4854
1166.97	1033.29	-18.2132
-14.8331	-404.729	78.3564
-1437.74	-1446.78	108.629
1276.34	919.979	-18.4689
-475.645	364.257	-9.5703
-1314.4	693.252	8.02315
1333.11	-1275.03	97.7267
-1071.66	-1214.16	42.7062
-344.092	-234.304	56.6558
-1253.06	918.059	24.3368
147.543	109.314	-13.1181
-1415.14	796.568	9.94606
-1122.72	-1390.72	68.2296
-153.478	246.993	-12.8963
-240.643	-489.482	104.129
164.834	-85.8408	1.364
-448.086	1316.66	-18.2804
641.709	710.14	-21.6798
315.531	-1055.09	73.9785
497.627	909.283	-15.7772
-1354.42	211.032	-0.446576
685.672	643.725	-20.3234
783.601	442.62	-20.4591
1171.88	-211.132	-15.1494
1256.46	-1450.49	75.9274
-1379.69	-215.598	-5.15664
580.121	-181.448	-7.95471
667.585	-432.308	3.58374
13.7902	-569.649	78.7904
-844.699	457.783	-3.26545
-555.286	-1279.9	26.0541
-151.766	-1464.15	56.9059
-1393.82	-1057.8	44.0062
-781.87	-189.377	-4.78475
-634.62	-1052.47	12.6492
1035.67	918.883	-18.4927
1416.47	-1286.25	98.7163
760.466	673.193	-18.979
-1346.56	774.983	8.96433
-76.3622	120.183	-8.35454
1019.64	1446.27	-26.3013
-108.47	882.275	-17.0478
802.877	417.422	-20.4811
464.901	-1432.39	25.2164
-966.791	-1453.33	51.3311
338.687	1256.81	-19.4783
1143.06	-380.971	-11.5617
94.9342	57.2438	-6.90186
35.8574	-1098.77	87.0443
1214.64	945.242	-18.6129
1158.65	448.825	-19.041
779.498	899.752	-18.1908
-1156.98	198.374	-9.36592
-1376.98	1473.57	-8.29741
-525.623	726.23	-6.92289
720.741	651.45	-19.7556
-1495.15	-37.3699	-1.25196
1115.09	506.038	-18.8487
1484.49	-558.932	-11.6043
-596.6	-188.691	12.7396
-1435.79	-948.654	30.5378
-42.9418	-508.21	88.6257
-200.195	828.109	-14.3197
-1018.96	-1167.58	38.6825
751.217	1415.37	-26.2108
778.839	1363.91	-23.1278
866.138	-1391.98	27.4249
1016.45	150.043	-21.2873
-1190.89	9.9372	-8.481
269.851	1170.66	-19.0008
919.609	-50.371	-20.7133
-594.562	-299.011	6.01738
129.777	-823.388	101.203
-214.204	1170.34	-18.5483
-690.342	1050.22	-16.9429
456.052	-713.763	81.63
-1095.38	-922.416	38.6241
-1397.58	1377.76	-7.85362
-638.765	-87.4237	13.9704
203.475	-1111.77	59.1854
524.585	399.128	-18.5875
-904.371	528.395	3.65401
896.704	1366.69	-22.0454
675.084	-1044.66	70.3015
-147.651	-484.836	104.925
-489.759	-286.116	18.8703
291.818	641.028	-15.7351
-419.603	-211.815	37.8138
-99.0849	-774.528	99.7431
-1112.09	537.744	9.19827
1121.2	1402.93	-25.4261
924.009	-502.945	-7.64613
128.097	-571.886	47.7173
390.21	-1442.45	26.4018
-1195.8	-1202.59	44.6905
-925.825	-1351.27	41.7325
-175.569	-962.287	81.5411
724.869	545.95	-18.9448
-1092.38	-1012	44.6445
1453.1	841.856	-19.8647
1376.59	-1486.01	77.0474
793.842	-1474.73	21.4164
-1305.78	564.902	26.4983
-477.371	1021.15	-18.483
167.011	-1058.53	65.9755
-140.401	-268.003	64.8258
-891.434	826.433	7.98276
1152.11	815.952	-18.4161
-391.499	381.575	-11.5058
-1365.04	-1050.64	49.9263
350.302	1072.48	-18.1931
-1345.62	-712.091	28.5674
-142.627	-1342.96	66.7351
771.328	-426.836	-5.87258
-685.452	705.455	-1.32406
-651.11	-1186.18	17.6992
138.401	821.597	-16.982
810.417	-331.26	-12.9101
-289.829	-1264.51	52.3416
-307.333	-1453.83	50.1954
536.824	521.118	-18.4004
447.83	234.706	-17.9118
1112.03	626.143	-17.5319
231.665	1166.45	-18.4419
-576.456	1441.49	-17.6269
-634.319	1402.11	-17.4907
741.475	-741.159	60.8158
-741.763	314.558	-6.55937
205.847	416.273	-15.2415
245.233	1009.78	-18.8708
-321.468	1076.11	-19.684
658.545	-567.6	25.6748
429.716	-28.126	-10.6851
1487.19	1230.89	-22.8196
-525.999	-821.97	16.0472
-924.198	812.422	9.10294
-153.884	1308.04	-17.3573
1383.95	-422.551	-14.2404
122.853	1107.28	-18.2397
-1165.85	-1389.21	71.332
-484.558	915.621	-17.6062
-1107.05	-203.815	-5.10896
883.674	-1104.88	61.1023
945.25	-1177.66	63.9127
211.247	720.964	-16.2555
-434.268	-1406.3	38.233
-844.338	-587.722	1.39675
1035.59	331.531	-17.9138
1145.58	-209.509	-15.1083
1376.82	893.287	-19.2156
804.903	1474.81	-25.9127
784.911	1205.83	-18.3444
317.064	-698.138	66.3503
-1051.25	919.352	7.4464
263.509	1306.98	-15.7269
-324.296	280.628	-10.5568
25.0618	-354.363	63.5015
-591.421	52.4257	27.7925
-180.385	-404.772	97.3069
1232.66	1348.02	-24.8309
484.827	881.028	-15.8856
475.864	-417.915	5.37539
-732.071	-888.312	9.81069
-1281.84	288.548	6.10893
76.9531	-525.49	57.2579
-382.559	1380.86	-17.5506
-732.237	716.09	1.00148
-735.479	372.426	-8.67718
-593.726	-175.446	13.1806
436.595	1011.85	-17.6024
-163.004	250.008	-12.8113
-614.08	932.897	-14.9871
1120.23	1394.78	-25.169
-403.324	-775.402	28.4336
895.56	-598.202	1.18958
-35.5749	1028.76	-16.64
503.346	679.108	-20.4431
1057.18	-1148.67	71.6612
-273.71	258.546	-11.1619
-552.173	1145.08	-17.9286
-1360.76	1045.19	16.4955
-967.757	1111.56	-14.4211
51.6674	-846.477	107.88
-28.5683	-510.286	84.7366
688.53	555.478	-18.5656
1405.91	-1020.9	28.4082
1223.82	1458.5	-27.581
-1448.46	-204.441	-3.18135
-364.059	-79.5248	57.9171
977.188	448.431	-19.2374
114.665	60.667	-8.30202
1430.37	1108.93	-21.4033
105.589	-113.494	3.71147
1045.72	850.856	-19.1967
-383.864	-51.8575	56.8366
974.517	-629.853	3.85697
-222.547	322.977	-13.0523
312.945	1055.53	-18.298
-439.014	148.302	16.7817
1003.42	-835.805	58.4715
-749.894	378.327	-8.59675
-1478.04	-127.635	-1.18937
-781.454	-352.186	-1.71598
-402.847	1401.05	-17.1934
831.119	-572.196	-1.2772
434.531	-240.43	-4.4252
83.5858	-459.607	51.2251
234.812	198.981	-14.4177
261.774	-1233.5	41.6519
-870.236	933.037	-4.38315
-1151.3	1439.21	-13.2763
-500.454	-1231.24	22.665
-869.893	-352.325	-2.15783
-540.837	1229.13	-17.6919
251.911	-590.256	35.5356
58.1387	822.687	-17.0814
-991.574	737.035	4.94841
764.007	-828.037	80.5327
1079.19	-799.706	29.2432
345.017	197.097	-13.1174
708.014	758.206	-20.0617
335.545	79.8774	-9.83143
-613.953	-523.806	8.14445
276.882	-1207.09	43.8218
-25.424	408.255	-13.2364
-291.022	-277.808	65.7041
-1176.93	-9.46088	-7.01592
806.797	-763.298	58.488
1484.68	197.724	-27.469
-429.274	452.664	-12.1612
790.955	750.58	-18.7161
-242.211	-247.209	63.8567
635.523	1186.85	-22.2847
1029.63	253.38	-19.7388
-804.29	813.089	7.29794
539.252	-1480.4	23.0792
914.3	-1114.81	64.7218
361.396	407.12	-16.6914
-937.028	777.555	7.32222
658.765	-737.632	71.4823
-190.352	-325.649	81.2501
-1457.94	104.568	-4.03682
-384.03	327.987	-10.3817
-750.604	436.655	-6.2907
-1272.43	167.738	-8.03546
110.112	327.17	-13.3474
272.992	-101.244	-6.11147
-943.82	371.951	-5.66266
259.054	-1376.37	33.2322
-254.923	372.028	-13.3722
-418.163	617.587	-10.1612
989.979	613.489	-17.1786
704.563	-621.378	31.4981
-1375.03	-1272.59	55.6787
918.569	-490.085	-8.31899
-862.863	-1381.75	36.8089
-663.809	-103.785	8.45834
-831.199	1370.74	-17.4232
1133.41	-1045.39	61.3859
-312.901	675.636	-11.0478
-1373.62	271.891	6.1715
-68.6652	-959.88	101.726
876.237	-367.536	-12.2325
-86.3918	-337.291	79.8857
-476.855	1011.27	-18.4523
865.101	1309.53	-18.402
1222.82	1312.45	-21.5484
-396.503	1464.95	-16.4031
975.108	-87.3198	-20.5306
1320.81	-632.415	-8.93441
-1314.43	-707.057	27.9784
126.574	369.615	-14.0789
326.817	1017.13	-17.407
430.425	-1183.26	42.6793
338.585	-1177.77	47.462
1062.55	236.304	-20.2376
-1261.58	-518.612	9.6008
339.678	-638.743	48.8723
-872.011	1258.3	-17.9351
-849.374	883.46	1.9726
1399.69	1173.48	-20.8602
-789.755	853.209	2.29794
466.533	-365.394	-0.363379
-899.332	-1020.04	27.8007
245.922	57.9351	-9.83727
-1169.29	907.676	13.9597
-1117.82	-70.8383	-4.95427
-341.19	426.063	-12.7149
-1479.64	736.995	6.50946
752.63	-82.5001	-18.8832
-549.32	-441.653	12.3512
-173.967	-1025.98	86.3251
-1321.02	-789.023	38.1332
-1229.27	-68.9833	-6.68506
-758.457	1292.39	-18.2357
-123.419	-1116.17	94.8798
23.5842	-1478.69	43.4904
-781.703	1288.53	-18.4502
372.951	-1297.26	33.1088
-1397.76	1116.78	6.18645
737.927	943.098	-16.4666
-188.65	965.931	-17.65
-79.2023	874.817	-17.1774
749.865	-446.92	-2.56058
-29.359	-1366.22	51.3109
-1257	1455.82	-10.4611
1067.77	950.625	-17.7823
11.3359	-1176.87	71.1877
-510.152	-760.012	16.9351
291.048	-465.793	16.5043
-1049.27	1362.91	-15.2234
16.7153	-1327.7	47.3763
-1427.21	351.066	25.9982
-87.0865	1223.31	-18.726
-815.211	1440.59	-16.3428
-488.645	-1376.75	34.577
322.019	1280.14	-18.2777
1410.16	390.955	-23.8429
0.190493	1303.53	-18.6137
834.999	748.822	-18.4235
776.442	-191.799	-18.125
1020.18	423.29	-18.4889
1119.16	-2.18875	-20.4796
597.451	-1090.84	57.3628
-690.466	-1462.28	55.545
492.741	1283.14	-20.8738
195.122	-652.368	51.3764
119.949	1271.58	-17.5436
-1240.69	-156.422	-4.85855
-358.975	-217.12	50.6218
-482.711	715.734	-5.61919
-486.67	215.168	5.55319
1315.94	1393.99	-27.558
-196.611	1445.53	-17.6215
-612.472	796.714	-6.3514
598.558	-1444.58	24.4766
23.5568	-1149.28	77.1723
809.288	-1117.21	51.6455
1170.5	-1009.07	57.4372
-1411.74	798.068	10.0907
-415.868	-113.445	55.5602
-712.925	314.06	-5.12886
-940.785	1234.8	-16.3659
1136.93	-1307.28	73.8176
1495.38	-1195.59	70.7851
1062.23	441.381	-18.5684
1230.14	-208.268	-16.1502
716.088	463.475	-19.312
-1204.8	-1211.16	44.9162
1134.63	749.148	-18.3272
-299.352	-1160.28	50.2556
1185.69	-126.195	-16.8164
-482.253	-1021.33	20.7839
-1086.16	-617.152	8.59215
-1211.03	1145.06	-4.06704
-1094.37	-1367.52	62.8155
1138.18	-758.259	6.6101
530.643	710.207	-21.4844
310.195	1046.39	-18.3122
-1301.84	1314.9	-9.95247
1045.82	-1378.15	49.7838
257.241	-917.187	107.66
415.468	1431.35	-17.9011
494.459	221.812	-18.0606
-893.023	1108.7	-16.6558
-1276.4	494.126	31.2109
-723.969	1128.06	-17.934
634.232	1490.78	-25.528
805.864	167.488	-21.8074
-1188.5	936.66	15.8361
1195.43	928.416	-18.2569
-991.563	-282.716	-3.54972
732.816	146.567	-20.0885
-1415.64	-919.644	35.2974
-826.483	-1266.74	30.372
42.5362	-51.1112	-0.135726
-560.04	63.3476	34.0352
752.792	-222.613	-16.2549
-1332.33	153.528	-6.48552
-881.839	860.362	5.27638
1012.83	-548.994	-4.44562
-1476.31	965.623	22.8267
627.497	1092.49	-20.3961
-646.577	-558.297	6.59105
-722.75	-1299.18	34.2697
1404.61	-6.11761	-24.497
1279.44	405.215	-20.5631
-1154.36	509.6	13.7785
941.3	218.05	-20.9791
511.128	-1044.09	68.7914
652.5	-1000.18	83.7987
281.681	1100.35	-18.5912
-623.206	1374.98	-17.667
1056.93	-1263.21	69.2778
-572.558	-1382.73	38.386
-1182.21	1307.9	-12.998
1329.91	1476.61	-27.2511
-1192.14	-690.445	15.4068
202.241	-1338.52	35.6759
-432.731	-1148.83	26.5732
-530.903	-143.706	26.9702
-550.345	791.526	-10.1472
-1388.91	-324.648	-2.93905
-64.7223	41.6481	-0.189417
-1152.63	-800.055	19.4385
272.725	-261.648	1.59383
-846.392	-1009.97	20.2325
-1170.9	1068.82	-3.77078
-1286.69	-716.371	27.4885
-536.331	57.26	37.5564
-1410.63	791.626	9.60716
-189.959	1439.19	-17.6624
-57.9612	899.353	-16.9405
-302.711	715.763	-11.5947
-1101.42	621.817	7.00536
-90.1973	-758.654	102.762
561.422	288.271	-19.9614
-1104.41	866.837	15.9873
-1205.2	-367.846	1.15341
-382.459	904.566	-17.7462
-644.084	1308.22	-17.5287
879.569	356.051	-20.2562
113.758	-813.36	99.4637
-260.989	-633.936	91.5831
-522.437	-770.996	16.0464
-130.19	1336.99	-17.7415
-809.797	-1048.95	19.2619
-58.1876	-259.626	56.1951
-744.799	-1354.49	41.9064
-78.8669	1093.88	-18.0584
989.147	-489.558	-7.63327
1490.95	-495.618	-12.5462
-1034.98	-154.548	-6.98563
870.973	1082.18	-14.6244
1028.79	1439.85	-25.9568
-903.297	1232.52	-17.1799
934.043	1475.3	-25.5281
-764.919	-715.693	4.36069
-661.636	1429.12	-16.7623
190.554	-1209.84	45.9632
817.937	173.596	-21.8014
-168.892	-1320	68.4403
-1165.45	1022.04	1.96154
1234.88	149.97	-22.65
542.468	-627.597	56.6336
-843.689	565.633	2.53027
-37.262	80.0762	-6.00617
205.094	-1391.69	34.5313
937.106	-324.07	-14.4967
-163.46	920.763	-16.988
-479.954	743.511	-7.7227
329.142	-716.222	74.1109
633.139	-1304.83	31.6911
-1084.52	-936.993	41.672
633.871	83.4059	-15.5031
-672.231	-387.786	2.35525
-944.737	-1075.55	37.9686
1439.84	-1149.71	66.6341
-1394.35	201.871	-0.260162
709.88	791.727	-19.2446
-365.719	1372.35	-17.7412
-257.468	-1114.14	62.5281
-75.1408	-151.092	28.9696
-1089.09	-1093.36	40.8207
-262.384	700.016	-11.5232
452.844	-720.95	83.9305
-1380.77	198.972	-0.226102
510.354	-334.198	-0.446318
-236.7	619.625	-12.3334
-1009.81	768.095	6.80589
1008.95	159.049	-21.1306
374.423	-1230.55	38.7485
376.269	-1294.28	33.2043
662.446	770.705	-19.5476
-18.793	210.862	-14.7267
-587.869	-94.2036	24.1487
1196.12	-82.4855	-17.578
-723.295	1039.87	-16.2239
-1315.23	990.522	25.351
-137.664	951.395	-17.6376
-1105.57	-1111.9	40.2703
-178.14	1327.69	-17.1533
-138.294	-1207.87	75.9757
-448.544	1264.4	-18.6399
568.506	112.444	-15.2208
-1219.23	864.89	20.3409
949.45	598.117	-17.0605
-99.3248	1050.23	-18.0589
1204.67	-198.752	-15.7508
-785.788	208.879	-0.66103
-8.25502	368.969	-13.7614
23.3074	-423.457	70.7647
-1051.47	685.033	5.41981
-616.324	56.372	22.7761
237.649	1143.73	-18.7724
-692.972	-733.083	4.90498
149.232	1448.21	-15.3643
-562.161	-1478.51	50.1421
539.227	553.909	-18.7316
944.968	1372.54	-22.181
-478.876	62.958	35.5092
-1051.6	-48.4209	-6.57314
-575.303	72.7631	30.9263
942.913	-1109.72	69.8849
-1379.42	1106.08	6.1251
-194.869	-620.95	108.612
-1016.5	-1283.91	50.0549
1322.9	-1006.24	41.7567
476.024	321.541	-18.2023
242.682	147.541	-13.1029
930.918	-56.4998	-20.943
-40.1915	872.351	-16.6523
-744.488	406.716	-8.1288
1230.13	-631.295	-8.2841
-1005.05	1300.37	-16.5619
1046.3	-820.005	42.5041
1132.03	893.227	-18.1788
-95.1682	-1426.73	57.2652
589.883	-911.163	101.929
-784.866	-1029.91	16.6335
222.212	495.411	-15.1378
-1245.47	-582.381	13.4015
1216.09	1031.45	-19.0558
1121.28	1334.1	-22.3118
-1206.3	-841.849	28.6399
-774.346	-310.095	-2.82809
-770.99	106.473	1.86555
-347.432	-641.463	55.9322
-1155.22	458.34	14.6298
-558.149	-464.27	11.2487
1019.27	-1348.46	50.9258
36.7154	-540.695	69.679
842.258	863.352	-18.8701
506.542	431.21	-18.2035
-145.338	1467.08	-17.5538
756.607	-1309.43	28.0962
-346.211	51.063	32.0071
1319.02	-1174.49	94.7557
-106.222	-831.969	94.0639
-1179.26	166.01	-9.86016
597.057	-146.956	-9.01226
-70.9519	-1139.14	88.7115
863.594	474.706	-19.2532
-115.061	-936.029	92.3872
-1071.01	-1305.81	52.3838
352.029	-391.014	6.48835
-1336.85	758.799	8.09695
479.822	-1417.87	25.6592
1233	-1130.95	81.3773
494.533	653.025	-19.931
1298.3	-311.677	-16.6048
-848.499	-305.456	-2.94229
900.698	-137.757	-19.7774
714.196	1230.55	-21.8305
-555.738	-197.323	17.9386
-468.466	1027.99	-18.6399
-1397.36	663.843	10.4607
110.378	-500.526	45.5756
642.466	-411.029	2.49066
-1068.97	-193.317	-5.75932
-65.7843	-1286.33	63.462
861.973	634.712	-17.2607
-1053.01	798.916	9.44225
-1351.66	535.853	37.8526
902.134	613.748	-16.827
-391.197	-537.884	46.0275
476.001	399.252	-17.9341
-869.03	-854.233	14.7918
-601.085	599.03	-11.1859
-1399.06	-327.174	-2.67907
131.473	-1292.24	40.364
588.968	-1271.3	33.5511
-969.935	74.4534	-9.38551
407.546	-1166.57	46.7471
-137.275	-1126.77	90.8159
613.694	1376.73	-22.7151
1124.77	53.3683	-21.0398
585.522	736.684	-20.7876
-1259.24	-1020.66	52.7916
-24.5321	154.803	-13.5727
-177.035	501.591	-14.8713
-195.453	-730.08	87.7899
611.854	84.3251	-15.1145
455.979	484.232	-18.0699
-1297.77	952.521	29.5929
1495.91	-1486.01	78.6929
-740.182	1433.94	-16.4767
148.819	560.256	-13.6718
-1491.84	-537.395	4.48634
591.053	781.226	-19.3198
1421.33	1231.43	-22.2852
414.241	-1031.4	79.6243
721.866	-1112.74	49.8792
421.416	492.912	-17.8574
-1380.5	823.279	14.7344
809.138	1393.55	-24.2885
1471.94	-485.954	-12.4565
-99.4431	1394.93	-17.7535
-443.652	-123.738	46.8612
-171.012	-1274.1	69.7312
-1108.59	388.607	5.06398
529.994	-891.502	109.353
-69.8496	-382.44	83.3558
739.784	-1450.03	22.526
908.455	-601.948	1.36775
-310.67	14.1434	39.8868
-1180.18	-1369.87	68.184
-1112.19	-680.502	10.6113
-335.044	-252.518	61.4363
446.191	121.089	-13.3187
405.228	-714.978	79.6124
-1483.52	776.637	7.50163
-1030.85	-1100.15	37.6604
-205.747	-40.4601	29.1425
1026.6	476.163	-19.1476
1499.43	1014.47	-23.2835
1187.05	881.304	-17.9586
-178.666	747.658	-12.4842
-77.8678	-347.565	81.0027
1242.19	-466.76	-12.8344
-31.6843	773.593	-15.716
555.144	845.195	-16.7051
-1457.55	274.788	8.14987
-1330.23	-498.664	6.26991
553.332	1264.19	-21.9509
-1489.64	1156.94	8.04729
1241.01	1452.91	-27.6068
789.286	-791.831	70.0857
1322	-602.893	-9.47275
1208.28	-140.156	-17.0279
-548.158	-1454.46	45.8014
942.334	669.965	-16.962
1441.16	-379.213	-14.8754
-1044.28	-200.69	-5.83261
693.864	769.275	-19.6312
661.578	-465.104	9.90107
472.896	1241.94	-21.6088
-962.223	-358.204	-2.22768
1207.83	1206.08	-18.9179
-321.484	-8.73433	45.5845
-384.549	-345.774	53.9009
-525.166	1390.93	-18.8575
-1189.89	-540.685	8.09296
-1222.26	454.481	20.9958
99.6483	-970.963	93.1585
266.384	-913.727	109.431
1287.95	-1392.42	92.3827
924.147	-629.416	6.26632
-154.081	-1073.58	91.3139
-177.372	926.277	-17.0457
641.192	-1161.55	42.5767
-271.388	-968.423	54.1568
-910.355	-1442.27	44.4927
1273.18	-583.762	-9.46567
571.702	-1298.98	31.7414
30.5126	-1416.33	43.7074
85.1765	-598.769	62.3806
-1148.63	-1166.45	43.7101
-1028.41	264.548	-9.31745
1101.67	607.973	-17.7705
-507.62	981.375	-17.8733
-1292.78	-394.772	-0.574569
508.758	434.883	-18.1775
1195.81	-1217.48	79.9869
1232.35	-1095.12	75.9204
-290.001	-431.77	91.9577
219.18	-351.953	14.2336
1419.47	-469.981	-13.1094
-979.63	1031.37	-12.4095
951.167	-850.13	73.5473
83.2757	-167.511	16.0773
-1238.5	-805.247	27.9592
-615.394	10.7326	23.1876
-1431.86	-364.478	-1.35779
1451.57	-993.299	9.12858
739.047	-681.715	43.8109
-803.149	-806.418	8.04309
897.501	-1133.75	59.979
838.937	-1177.54	45.6143
1221.54	736.039	-17.8369
247.348	-98.5133	-5.50244
931.202	-151.473	-19.4168
364.303	-1417.83	28.3752
-290.255	-389.884	85.6137
570.595	927.526	-16.1394
-255.562	-761.247	64.179
-1207.89	94.9468	-10.7311
-904.96	750.044	5.70596
579.819	533.841	-18.4964
1005.18	242.801	-20.1336
414.252	-607.252	50.0218
-1298.96	589.558	19.926
758.056	-1178.41	39.4061
1323.92	958.105	-19.4169
204.834	1471.97	-15.7353
687.12	1170.86	-22.3953
-444.643	-99.8706	51.1428
1261.63	-1318.38	90.9489
665.075	-18.9341	-13.86
149.127	-1155.23	57.8374
815.51	-312.453	-13.7961
689.014	-1372.58	25.8718
1227.42	782.347	-17.8287
274.545	653.205	-15.8117
-1124.06	-633.584	8.50145
-1295.42	-266.369	-4.14577
160.211	-173.381	9.35627
-629.602	-992.881	11.4118
-212.682	-1332.53	67.8275
847.271	-1299.28	32.4934
679.122	1250.6	-21.6425
616.421	1268.74	-22.1104
-448.583	-1169.61	25.3553
76.7992	616.5	-13.4601
364.612	739.483	-16.9923
561.798	-1380.99	26.9987
-879.047	-786.157	12.7804
866.033	28.07	-20.4209
-1256.43	-1214.97	46.7014
3.86333	1445.88	-16.0765
-312.95	12.755	40.3531
-595.95	1122.01	-17.8818
1154.69	465.675	-18.8857
-1037.55	739.234	6.2822
1297.3	-337.546	-15.5445
975.197	-1035.04	66.4993
206.715	145.691	-14.0834
-1149.03	-842.964	26.2678
-623.563	-253.215	4.55027
259.651	1260.35	-17.0218
-300.135	-686.765	68.457
-818.717	-888.75	12.5015
1040.81	234.792	-20.1728
-492.716	-1282.1	24.9217
-857.723	-1313.71	30.6426
-1210.89	-1205.88	45.0935
356.11	-613.996	43.2527
-84.1804	562.612	-12.5422
-1105.91	-466.034	2.48017
1293.63	-375.736	-15.1763
1411.94	-1010.99	23.9264
671.08	-80.6882	-14.1278
-407.551	1025.36	-18.6503
334.923	1376.73	-16.1778
-1324.01	-325.181	-3.32508
464.176	1462.96	-19.8594
68.3905	-91.7847	3.46448
1212.19	622.846	-19.378
1488.29	19.2332	-25.0047
-1418.02	118.959	-4.5704
1087.53	1364.81	-23.3419
919.797	1089.37	-12.2688
-581.498	968.871	-16.6422
-602.853	-568.892	9.07254
-410.214	610.522	-10.6089
628.895	-1223.13	36.9554
-209.802	-599.587	111.937
-322.865	432.316	-13.0958
-1498.85	945.674	20.0163
-1168.21	155.251	-10.0342
-78.4905	906.017	-17.2271
-203.604	-1429.18	57.8322
-791.827	-642.195	2.33475
1003.09	552.966	-18.0985
-1257.17	-107.675	-6.26236
-1480.29	454.531	53.0593
792.759	-1196.1	39.2848
-582.472	649.654	-8.72029
378.212	-407.056	6.71012
-540.904	957.298	-17.1934
-512.221	567.14	-13.0713
1347.94	-181.131	-19.5742
50.0554	1063.74	-16.4439
641.046	964.66	-16.6447
-448.949	1446.39	-16.924
-2.93152	746.959	-16.0258
-722.59	-610.595	3.00498
-580.041	-852.752	12.5249
1461.23	523.801	-25.0298
-1054.25	1150.44	-13.1303
-818.085	996.966	-13.7298
750.565	587.02	-18.6733
-171.352	1114.11	-18.7802
1297.34	-495.72	-12.4821
-260.751	-695.653	76.8654
400.814	-1314.16	31.535
937.955	159.956	-21.4709
1212.85	164.764	-23.023
687.078	1193.46	-22.4364
-1107.16	-1270.72	48.043
514.526	-176.72	-7.10018
-1442.14	-702.954	21.8456
-10.1247	470.425	-12.7954
1281.79	203.107	-22.4011
-720.936	338.456	-6.98535
709.845	-722.056	61.2801
-423.561	-540.353	36.7099
571.689	-1363.04	28.0074
444.892	-1296.02	31.7727
-629.47	-832.577	10.0311
-22.196	-1331.84	51.9767
630.74	771.977	-19.5711
-674.26	355.54	-6.51505
-492.989	-1464.82	48.6106
1333.23	-1115.9	73.7965
1313.15	1278.46	-22.3848
-695.633	1315.77	-17.9146
-1097.5	472.909	10.1276
-276.503	499.055	-12.6894
-1164.98	-860.817	29.5909
1327.24	997.392	-19.9337
-1378.27	-484.876	4.04027
154.019	1188.14	-18.395
806.694	-1419.28	23.0063
788.032	1180.22	-17.9307
-1051.85	969.62	0.351014
-172.122	1331.9	-17.2388
605.791	-879.08	98.8942
1293.71	329.792	-20.7481
-658.16	623.052	-7.88184
1057.83	-1183.02	74.1621
1030.19	-759.265	23.8807
-1207.32	-133.535	-4.78388
-1480.71	425.88	51.0806
210.006	1361.73	-14.2433
-502.193	-1439.43	43.4897
-511.011	372.715	-8.97546
-646.627	-453.294	4.74764
-1419.58	1072.88	14.0382
-247.447	-1471.64	53.5466
1144.97	-1032	60.7661
846.988	1447.91	-26.9071
-1126.99	-463.945	3.09028
645.358	472.022	-18.6001
-978.011	-745.449	16.3236
204.463	665.211	-16.1643
-284.403	-561.232	92.8236
-991.563	-76.9988	-8.32132
743.429	1345.06	-22.5898
-885.619	657.253	4.57918
1435.19	323.198	-25.1192
-1049.03	-444.293	0.511715
1236.08	516.099	-19.9577
-317.946	-1154.35	45.8047
-924.135	-819.827	18.1494
-1421.93	765.387	7.31762
548.057	-1200.57	38.1855
-175.371	918.51	-16.9152
-95.7284	-1248.57	72.253
1078.19	-701.001	6.27884
-669.018	692.861	-2.65867
110.546	-1081.24	75.3787
589.052	-919.867	101.492
-632.424	1388.85	-17.6973
479.965	913.648	-15.7557
-698.811	485.63	-6.10472
-867.782	1190.06	-17.7907
115.046	-683.706	69.0944
1264.6	-203.02	-17.0062
-1225.39	-184.016	-4.31252
7.60196	146.531	-13.509
1398.2	117.022	-24.6044
-1274.76	-1067.95	54.7851
-300.382	933.665	-17.1073
-1122.39	-560.777	6.33569
1132	-382.602	-11.1948
31.0401	-509.234	69.1098
982.422	-387.669	-11.6442
990.698	1198.03	-14.5595
-269.665	1427.89	-17.274
1074.87	-974.846	60.7965
-1067.02	186.591	-10.6572
608.354	-318.855	-4.23346
976.968	-618.194	1.56693
1178.18	573.051	-18.8823
666.4	224.645	-21.4675
-238.187	687.355	-11.4489
-1263	-303.883	-2.76985
-309.488	-223.199	63.3762
1350.1	-1039.21	47.8357
906.074	-660.082	12.3508
880.538	223.836	-21.3559
745.17	-857.385	84.8643
-1198.31	-1087.62	48.1013
-5.83862	-1369.32	49.0385
-955.675	1438.08	-15.5833
-1204.73	1171.25	-6.50079
-544.922	887.77	-15.9258
1125.55	297.522	-19.7779
47.3253	31.0956	-2.99661
198.049	1023.36	-19.6206
840.582	219.151	-21.4811
-1104.62	1345.71	-14.7028
1227.72	-598.943	-8.79357
417.244	301.459	-17.3035
991.441	1341.19	-20.2627
-752.652	441.858	-5.76232
-889.874	-632.268	5.97549
412.941	1040.26	-18.287
-941.081	195.456	-9.71372
653.289	-939.383	95.7851
988.3	-1030.63	66.0802
-1049.49	245.722	-9.89564
-1140.96	601.201	8.67658
-37.5074	-363.337	80.0882
1171.91	797.396	-18.206
234.204	-1326.26	35.4618
1237.88	66.679	-19.7179
-800.001	889.533	-2.32082
972.448	191.522	-20.9153
260.78	978.32	-18.7558
926.478	-877.154	82.8417
497.374	-277.032	-3.45567
-917.367	-33.8317	-9.5803
561.22	-1332.75	29.7772
-512.84	-452.699	18.7115
847.741	-572.86	-1.86886
-515.383	1162.17	-18.6687
943.284	-1278.85	47.9436
1269.62	1048.44	-19.8736
1349.51	-21.888	-22.3769
-668.446	-1262.33	27.5636
-197.51	-864.169	69.3861
-146.223	-681.873	105.703
-807.136	1165	-18.5734
242.247	-876.087	110.479
1159.76	907.394	-17.9352
-1416.22	-665.385	24.0088
1341.12	-1105.08	69.1954
-815.981	-1176.72	28.8274
163.409	1326.52	-15.3181
-468.832	-885.629	22.093
421.731	1127.34	-20.5959
1016.79	-1067.69	66.4283
573.58	330.188	-19.2908
-1144.14	575.637	10.3233
1112.74	-1034.43	59.4248
-1169.7	-759.563	18.289
-207.89	-601.84	111.089
-370.426	-905.312	33.6386
818.422	-274.442	-15.4665
513.635	-989.643	92.6663
-973.309	715.685	3.72305
-313.564	-106.903	58.7871
356.59	-399.298	7.02914
-1249.07	-704.647	22.4732
850.482	-630.279	9.65422
-1381.99	-405.345	-2.34075
270.009	659.503	-15.8349
392.714	-151.448	-7.00618
787.757	-930.787	84.7841
1179.29	-424.972	-12.0601
-875.472	-511.797	-0.970395
-946.461	-659.987	9.97468
-146.087	-244.71	60.4476
-943.95	-785.731	17.355
1094.41	934.121	-17.9635
669.091	1223.07	-22.0215
833.992	-422.373	-9.6327
-179.62	853.453	-15.0676
718.131	1102.68	-21.0558
-1268.99	477.537	30.2371
-313.613	326.185	-11.4644
1494.74	284.72	-27.8303
537.404	-1496.74	22.5266
476.21	-1004.21	87.9015
1259.54	1396.99	-28.1613
-489.812	1005.32	-18.2393
-524.533	-755.309	15.7691
-499.83	-1096.62	19.6107
353.235	1166.18	-20.9053
-890.654	90.8366	-7.9569
-1049.69	1324.96	-15.8299
1308.06	1163.98	-20.3499
169.562	-1087.61	62.4122
-151.068	-361.979	89.1932
-660.276	1231.18	-17.1116
1308.65	1359.66	-26.588
-247.252	-891.887	57.6761
-513.998	1193.53	-18.2939
-143.123	559.937	-13.5694
121.14	-300.694	27.8958
1170.79	718.139	-17.4944
769.224	1042.29	-18.8711
-1350.41	-644.081	22.4476
932.499	227.738	-20.9579
428.585	480.246	-17.7069
-874.021	1123.3	-17.4272
738.704	755.436	-19.6416
363.72	-633.684	49.0698
201.244	-26.473	-4.92189
-726.915	-1237.36	25.2833
909.02	-804.741	64.537
1232.57	1066.74	-19.189
906.393	-1168.6	58.0043
-598.986	-1049.17	13.6457
1350.49	696.685	-20.4352
374.196	-1430.99	27.4337
-1237.54	41.8334	-10.0797
991.977	1334.46	-19.8337
676.904	-89.5607	-14.8694
482.771	-279.507	-3.43329
-1270.43	526.793	27.5432
696.099	-690.546	54.5417
126.258	-342.998	35.3271
-758.524	223.056	0.469389
-1019.71	788.754	8.10375
345.444	-1424.12	28.7063
-772.938	456.1	-4.14581
687.095	1441.81	-25.3113
-70.7955	-1213.31	73.2381
-1471.71	-453.256	2.4178
752.935	-11.7122	-16.4922
-313.657	-375.283	82.1683
482.613	377.596	-18.0833
-1365.08	825.33	16.3421
-606.823	1388.06	-17.4997
-216.586	-1166.35	72.1989
-1290.28	-514.339	8.48262
-445.549	-1408.75	38.5238
885.31	-126.555	-20.0349
-511.555	185.12	12.7332
-1389.1	45.8962	-6.7561
735.079	-93.6972	-18.8317
-1266.37	-1329.78	63.1283
-1436.17	-857.534	30.6808
-424.811	354.482	-10.5076
733.668	-1032.79	72.1834
260.427	275.29	-14.9082
715.597	330.156	-21.2136
271.103	45.8613	-8.98372
-1200.07	-1362.48	67.5811
931.405	-317.193	-14.7444
754.787	538.434	-19.2533
-751.623	-1417.1	50.7451
1185.45	-401.616	-12.6106
124.573	1169.74	-18.4891
1321.07	-977.21	29.9112
475.981	-1163.21	44.7993
301.567	961.034	-17.8438
1070.26	-1436.64	42.9708
-431.951	-1326.07	30.9326
1447.77	-294.849	-19.297
961.485	-919.151	74.7316
-443.228	95.4562	26.6673
-505.651	606.539	-11.1031
-583.226	1105.95	-17.8975
938.287	-603.797	0.386693
-1130.71	-219.669	-4.6328
1350.19	1129.43	-20.7285
-485.571	674.899	-7.28274
11.8495	1335.63	-18.1917
-663.969	-1054.04	13.8876
-13.8547	-16.9145	-1.46982
-713.988	1495.6	-15.952
990.257	114.233	-22.005
687.133	-1458.87	23.0655
338.997	1215.69	-20.3685
-128.661	-1480.78	54.0325
9.33428	-1068.62	97.0291
809.315	811.243	-19.0754
-727.189	-656.384	3.24142
-911.658	-157.424	-7.29613
167.287	-1431.45	35.9073
1312.91	-107.167	-21.0916
-637.637	-215.556	6.74018
-477.584	-955.442	21.9539
186.671	-85.1169	-0.750603
326.085	-936.469	112.389
889.482	-1166.96	55.2794
-440.276	490.367	-12.6642
-1494.97	-1256.64	57.2526
1133.68	479.526	-18.8093
924.452	-919.242	79.8514
-219.911	-154.018	47.9153
-364.33	-846.736	34.9093
1087.68	-870.736	50.2181
1395.87	-1458.39	84.2254
-327.337	805.329	-14.1072
969.714	725.513	-17.3724
-733.333	-1348.21	41.453
1467.08	-312.837	-18.4917
-1371.33	-788.694	35.5094
-73.6085	-1443.07	53.2927
-742.7	400.752	-8.20281
637.683	-434.121	5.47227
-479.193	862.938	-16.1446
778.638	-616.987	16.9402
-385.633	633.535	-10.3097
-536.842	1016.14	-17.7069
-1345.27	413.264	36.8498
-935.346	-850.329	21.7688
-578.665	-1401.08	41.119
-134.247	413.79	-14.1871
1295.3	-653.072	-8.86962
-170.129	-1128.91	83.065
1103.39	-122.641	-17.4045
-1265.73	-24.0711	-8.68858
1313.86	682.555	-20.2208
422.895	343.322	-17.2561
-1235.16	-567.486	11.9404
918.392	1118.76	-11.7095
164.465	-1339.3	36.9334
-572.785	285.014	-1.85917
651.985	-928.508	96.0055
-335.231	240.393	-8.43659
674.08	-445.459	5.4147
852.591	-230.357	-17.6066
-136.474	619.396	-13.0612
-811.67	-1439.4	45.1485
1248.29	6.71116	-19.1926
-639.21	1372.72	-17.7987
283.425	853.614	-16.8811
-921.573	1122.39	-16.0196
338.043	-1251.38	38.1755
-844.415	811.801	8.83047
1137.39	708.498	-17.6838
-630.147	-859.71	10.9558
-1001.31	27.2756	-8.8772
153.912	-1482.13	36.138
1333.88	1029.47	-20.4101
-7.92642	915.969	-16.3038
346.254	-806.1	106.067
-523.144	-229.88	19.01
-99.5203	499.239	-13.8986
26.3377	-377.489	67.6589
993.633	-30.681	-22.2951
-930.485	1448.27	-15.7437
400.002	-243.124	-3.70208
922.448	1251.2	-13.935
260.923	-1339.67	34.4961
1348.19	-907.193	7.30255
-1230.11	259.96	-3.67624
1184.45	1000.33	-18.6848
-1177	1227.91	-12.0724
1137.26	-1213.15	74.9763
-915.267	1258.66	-16.9867
885.328	-290.887	-15.4878
-372.632	-1460.51	49.1522
-277.619	513.515	-12.469
1115.61	-358.78	-10.9774
1249.15	-932.711	27.3941
205.245	1151.36	-18.7739
1070.63	-1498.92	35.4927
-52.8238	-943.908	103.884
-818.901	-193.173	-6.41756
410.207	-632.591	55.4028
792.818	-1286.01	30.4623
-609.623	1238.37	-16.7837
-1277.34	424.036	28.3401
-17.112	486.589	-12.5289
267.062	569.165	-15.9659
-1330.61	669.815	10.3011
-539.232	-1022.38	16.7702
1122.85	-762.729	9.37153
-991.237	-898.025	31.1708
-524.463	1329.77	-18.4255
1271.58	201.355	-22.1787
-1386.7	-1489.09	114.542
-1093.88	-581.148	5.94562
188.876	540.145	-14.1227
317.558	-1303.4	34.3075
-1352.72	1156.93	-1.74595
1345.54	-673.29	-7.16096
-1465.85	-59.9503	-2.28478
656.088	43.9668	-14.8071
-126.7	-622.971	114.485
16.41	949.631	-16.5546
-595.12	687.565	-5.96023
-689.434	583.407	-5.92616
160.921	-354.371	28.2897
-491.747	1149.76	-19.0289
-384.67	1032.1	-18.5737
89.3293	638.038	-14.0534
-1044.54	-1157.46	37.4018
1264.14	1450.04	-27.496
304.931	517.915	-16.083
507.004	118.105	-14.0435
1357.17	-73.2585	-23.3762
-490.33	96.2145	30.6184
-304.257	-397.398	85.7271
-625.338	-489.06	6.76265
1082.65	-507.438	-7.25306
779.547	1247.96	-19.0351
-621.554	641.431	-7.91396
1248.4	459.209	-20.0754
-760.422	-1409.54	49.8957
897.171	-73.1976	-20.1132
-886.744	1201.43	-17.4609
426.997	-1342.91	29.7454
590.959	-173.791	-8.3927
-944.862	-277.935	-3.69497
-834.493	219.871	-5.63913
179.472	-360.974	23.9901
1111.47	1201.33	-18.0126
-288.381	988.617	-17.999
419.44	-637.416	57.7746
750.292	1108.86	-19.6266
1233.3	-828.89	8.41233
450.288	-1370.97	28.1454
-647.381	268.559	-0.238482
-1287.3	233.347	-2.49225
-849.067	94.055	-4.87735
-966.722	-587.744	6.49069
1403.77	1135.56	-21.1129
949.499	121.354	-21.9319
-492.904	-862.559	19.764
-736.61	1494.16	-15.889
-104.286	732.87	-13.0871
894.794	-221.905	-17.753
140.099	-789.477	92.6374
-264.754	-283.374	67.5044
-1230.51	-603.939	13.7879
660.431	975.398	-17.0788
-1239.26	321.476	5.95505
-1297.64	1198.5	-5.88255
-1457.39	54.5637	-4.14622
-1057.08	-62.1066	-6.36167
-872.109	-263.054	-4.23095
819.834	-1477.48	21.0351
-1324.49	131.146	-7.56748
51.4974	-398.941	61.8554
1165.04	-1426.9	65.1163
1381.85	-902.987	3.53707
-996.292	-629.794	10.2853
967.942	-1146.28	70.6578
-859.917	-1218.79	33.9925
945.776	-1434.91	28.5702
558.408	-1456.38	23.8931
1322.62	-1089.27	65.2159
-141.595	985.354	-17.9513
-695.174	561.794	-4.72802
471.46	753.2	-19.5377
614.816	1015.36	-18.1635
490.384	368.304	-18.2199
-844.64	-1253.11	32.4716
715.592	844.889	-18.0529
1139.89	514.553	-18.8923
-52.1177	1074.91	-17.2498
1301.41	359.61	-20.7067
125.867	373.791	-14.1519
1034.05	1307.6	-20.1266
204.244	-1.64167	-4.99587
761.546	-669.957	35.6696
1388.98	32.2274	-23.6716
583.025	-35.9488	-11.4494
-560.514	797.537	-10.2218
-1271.28	753.059	8.22255
-1183.2	-1331.6	60.046
-602.861	847.172	-10.6825
229.067	-278.84	7.67349
-1427.26	-443.583	1.33192
797.181	-1300.69	29.5063
407.421	937.392	-15.9795
767.693	-1109.9	51.8554
-1094.14	78.9862	-10.3991
1017.4	819.304	-19.1757
-1267.36	320.667	9.72194
895.483	555.007	-17.6171
-1425.68	-141.049	-4.47901
-746.115	-465.11	0.513798
7.12083	-820.621	106.787
30.0393	-144.101	17.1165
-101.212	-470.172	93.1464
501.229	-1476.95	23.1908
1208.61	-605.167	-8.30619
1098.58	279.09	-19.6421
-1058.86	754.08	7.32851
-1481.56	209.112	-0.481372
-126.869	-1456.4	55.5976
-661.672	-1324.19	38.0741
56.1739	178.003	-15.6648
67.9821	-35.815	-1.15376
-1218.87	-753.177	22.6371
1285.51	-669.625	-8.68286
-239.198	-1356.26	62.2116
1180.69	986.51	-18.6667
-994.784	-1108.34	38.023
419.466	-1069.37	66.3191
904.354	163.818	-21.7754
-531.123	936.661	-17.1458
-195.306	925.624	-16.984
112.243	610.565	-14.0254
-371.218	5.98599	45.3572
-1401.14	968.079	30.7577
1447.44	-783.66	-6.1383
-111.412	-1077.89	100.447
-662.625	-1204.67	20.165
378.107	596.147	-16.8258
273.868	517.03	-15.9228
-730.935	898.513	-8.72693
619.609	524.627	-18.3988
317.222	651.341	-15.5456
874.886	98.7757	-21.6587
1388.54	1443.06	-26.3912
854.877	1069.55	-15.3565
-768.347	-617.212	1.82775
-1170.69	494.2	15.6814
-1022.22	-623.265	10.0823
1102.52	660.064	-17.1782
-778.571	900.666	-6.04175
-271.484	197.461	-5.18138
174.446	577.248	-14.3845
153.419	1004.12	-19.3723
-741.896	-701.686	4.00334
806.408	-412.511	-8.72236
890.27	-449.451	-10.1838
1057.63	859.493	-19.2087
501.243	-1328.43	29.891
1073.73	-897.676	56.3175
-726.79	-1287.85	32.9891
1455.55	-794.162	-6.15422
-1039.83	1173.41	-13.6947
10.4316	-468.725	72.6795
1391.46	-110.357	-23.0896
388.799	154.747	-12.6338
-1102.42	-237.039	-4.61623
-357.422	-117.33	59.6286
63.831	-1355.2	41.8914
-148.789	1294.07	-17.3486
1121.23	187.217	-21.3571
295.221	-1011.47	88.4464
431.999	861.517	-16.0776
948.849	579.904	-17.3532
-1210.69	1201.4	-8.67011
1084.81	-320.153	-11.676
1372.22	-490.008	-12.8714
-1245.94	-269.621	-3.26697
-89.4267	-235.71	52.3309
-94.4709	43.3424	1.55773
-532.993	988.605	-17.5202
-186.272	1198.76	-18.2092
-160.482	361.157	-14.3536
-1186.6	-1045.16	48.0665
-181.576	-1427.15	60.9865
-827.591	-363.574	-1.68986
1042.46	-303.93	-13.8636
-1210.99	-695.46	17.7197
-349.01	168.346	4.72582
891.46	-1248.07	43.6399
-687.018	-927.427	11.2678
1409.09	168.699	-24.9183
644.201	204.628	-20.4329
1093.44	813.637	-19.009
810.645	435.713	-20.5956
1096.98	1024.23	-17.3512
1194.33	722.787	-17.679
-1176.78	551.816	13.6295
-720.688	802.81	2.35004
1488.89	1273.83	-24.6728
-286.3	-305.826	75.0785
1054.51	517.322	-18.715
-1409.62	970.227	30.2881
-1447.58	734.579	6.65753
1154.69	-816.682	21.4241
-599.42	304.936	-3.9747
348.403	-505.897	17.1707
-563.339	-793.331	13.0107
1416.47	-1367.87	94.3461
-693.955	-365.565	1.1461
-977.326	1120.45	-14.3202
98.2341	-680.225	71.9748
-512.958	-868.639	17.919
804.155	1010.81	-17.6009
-958.689	532.269	4.10097
-721.252	-765.729	5.86237
-308.088	-578.108	82.4656
-78.2866	870.753	-17.0889
-1385.5	-1376.45	79.765
-1161.9	1355.37	-13.1641
-1286.65	633.433	10.6993
511.95	-784.341	97.1199
-1353.74	953.15	33.5705
901.728	1147.21	-11.4819
-1154.83	-1264.96	46.6596
-977.672	-156.951	-7.09984
1419.31	-1039.45	30.6895
1266.17	494.612	-20.2396
1004.45	998.991	-16.0795
1357.73	-1313.59	97.4675
-1435.04	-372.043	-1.1344
1083.44	239.717	-20.2536
-1143.45	232.571	-8.84462
-499.059	-1333.99	28.5785
-489.185	-265.214	20.2501
-1454.2	-1426.66	104.58
-1176.88	-667.599	13.0308
-200.324	374.177	-14.5847
-753.129	837.388	1.50413
-847.544	-1465.3	42.362
597.124	-1498.77	22.4149
-926.35	-571.224	4.22931
-104.337	-615.626	114.113
465.402	1140.4	-21.3078
-1126.45	-1278.02	48.3725
-1244.98	-688.931	21.4743
-452.34	-796.984	23.0266
627.683	-599.871	38.2566
-1246.59	-252.331	-3.5081
-1039	-1206.21	43.343
651.25	-1105.3	53.2603
7.58195	1323.71	-18.3703
701.749	-1026.31	74.7548
-1107.07	1351.19	-14.6041
-203.463	-530.888	117.804
26.3652	454.757	-13.4653
1235.16	-1324.37	89.369
-1016.47	715.99	5.02581
503.176	-315.869	-1.69827
673.971	-973.478	90.8864
-685.638	-367.321	1.59474
-561.566	186.942	12.7367
-278.748	1339.24	-17.5659
1059.38	-1042.64	61.397
232.75	-984.374	92.1244
-1380.12	203.578	0.18203
77.1761	267.851	-13.9845
-1033.49	-879.763	29.1545
803.764	1282.03	-18.3355
-1050.59	202.698	-10.5798
1274.74	-381.866	-15.2954
516.196	877.184	-15.7532
913.609	833.618	-19.0333
1252.79	1337.48	-24.5507
880.965	-236.42	-17.4345
-586.365	196.071	10.553
-664.75	-1353.34	42.8306
1338.9	-58.0782	-22.4872
928.914	345.811	-19.4315
-640.336	437.214	-8.02448
887.417	-1139.26	58.0963
1353.26	-99.7004	-22.5051
-927.13	1431.54	-15.89
906.627	-826.453	73.4422
712.813	250.064	-22.2032
-597.005	1437.98	-17.348
-1085.2	-1479.04	74.6196
-1496.74	481.53	51.8889
1131.05	1316.69	-21.4966
-381.008	146.71	11.6222
924.622	-75.2174	-20.6652
1350.99	-1123.9	74.649
-326.476	544.028	-11.7243
1194.04	-877.271	25.5538
-860.767	-1134.76	31.7561
654.437	1024.01	-18.6215
738.744	67.2397	-17.5898
-38.6035	695.011	-14.1528
-1114.42	-1213	42.3215
691.131	294.631	-21.5379
-722.002	954.927	-13.1235
673.69	198.678	-20.709
361.467	633.829	-16.1775
-1397.77	-583.232	16.1507
109.037	-1397.46	38.4412
65.2189	-703.365	82.8498
-475.811	-1364.92	33.3279
1316.74	671.568	-20.223
485.616	896.63	-15.5914
-99.7868	-480.038	96.1702
-214.183	484.988	-14.5775
623.544	1019.91	-18.3497
1018.06	-1306.5	58.0075
-1298.16	-840.855	40.7711
-1082.77	80.3278	-10.2349
-995.186	1053.27	-12.4673
810.732	-872.184	86.8165
-942.807	-512.077	0.932857
-140.574	-1085.11	93.4309
-960.869	-476.888	0.458728
-1402.15	1218.85	-4.18991
1119.31	-524.136	-7.8288
726.556	-371.215	-6.88802
-804.545	1381.32	-17.6232
-1086.74	443.286	7.52539
653.561	1499.1	-25.3723
-1042.19	-466.459	1.00575
807.054	146.012	-21.4851
-351.992	1222.66	-19.3881
322.745	250.01	-14.8217
-689.916	-373.165	1.38632
380.606	1003.22	-16.67
388.698	-38.1416	-10.0049
476.095	301.376	-18.459
-300.2	-515.397	85.487
-716.412	589.717	-3.16543
-1281.56	276.813	4.15817
-1125.52	1077.08	-7.39091
376.575	-925.405	113.763
-268.899	-880.683	52.4149
-641.592	1051.03	-17.4584
-183.736	1279.85	-16.9052
1152.41	-598.934	-6.30357
-542.812	-1268.43	25.0485
976.882	745.982	-17.9106
1435.24	-344.087	-16.1362
-115.615	634.259	-13.0492
529.268	-364.71	1.63524
-383.164	48.8684	34.562
1245.16	37.8323	-19.5203
711.977	1083.04	-20.7896
-1299.53	-1312.11	61.5876
-294.835	1095.59	-19.8769
-1319.96	478.864	38.2745
32.8798	778.542	-16.394
176.159	-289.5	15.7043
733.104	-405.032	-3.95169
-1447.99	1466.67	-7.12229
163.007	481.146	-14.4318
976.063	580.112	-17.4876
229.572	-13.3841	-5.88331
323.4	-1471.12	27.4312
-259.112	614.562	-12.1102
185.029	-512.608	28.78
430.194	1032.68	-18.2364
-163.152	1112.95	-18.7147
575.787	-1000.86	86.5717
1354.65	719.651	-19.9267
-165.874	-163.414	43.1769
356.335	-189.19	-4.71136
1161.98	-314.182	-12.6429
1016.84	1014.84	-15.92
-1234.97	-1045.08	51.285
-167.81	197.457	-10.6623
1115.83	1021.61	-17.5634
-29.4054	519.461	-11.7242
-1322.93	1025.31	18.8018
-511.094	-1121.16	19.1155
1077.33	-437.9	-8.43833
905.789	1368.58	-22.1231
1097.44	296.761	-19.3638
782.403	665.387	-18.2888
-1480.16	1319.76	-5.90265
-1488.08	-1190.78	43.2109
781.946	1484.22	-25.6051
889.92	1452.63	-26.6878
610.123	693.095	-21.7641
1295.8	717.927	-19.88
-870.859	-1221.33	35.0614
-1030.17	891.913	9.68054
-122.804	58.9689	1.74874
1184.51	807.123	-18.073
1335.8	758.914	-19.2247
-479.391	1482.01	-16.722
45.9072	127.828	-12.9326
457.725	1026.36	-18.3643
1176.04	-1238.28	79.6387
-315.729	722.726	-11.3449
-0.61943	405.338	-13.6106
406.217	611.574	-17.3194
-741.539	710.849	1.15924
1124.26	-30.2386	-19.9927
424.569	-1213.39	38.458
-1296.39	-1438.97	90.3807
1495.2	-1424.31	82.0919
-744.857	606.955	-0.695503
-719.439	980.113	-14.0951
126.022	-261.882	23.3361
-1041.72	-736.997	15.8286
273.162	1406.29	-14.4977
-375.132	131.172	14.0197
-13.9368	-306.31	63.4454
554.526	67.5263	-13.5437
-86.471	-795.942	100.225
-709.726	-1024.78	13.3873
520.927	-917.489	108.104
1344.13	760.977	-19.2456
-598.562	1190.46	-17.0582
1353.76	995.668	-20.2415
-959.416	1363.09	-15.9131
1404.06	-102.092	-23.6948
-677.584	1066.45	-17.4921
17.1005	-985.292	102.986
-1489.21	148.884	-2.81525
1448.86	-1164.6	71.1678
-605.872	879.713	-13.0999
-1311.8	-1146	50.346
-1059.97	-518.696	3.04034
1161.57	-909.112	39.4651
268.887	16.5678	-6.93051
159.627	-497.323	30.7621
-493.027	1337.05	-18.58
-1366.48	-732.456	31.3835
-769.972	-414.09	-0.413219
-1142.52	398.594	9.26801
254.236	876.013	-17.7265
-1497.35	-1056.89	19.3301
1161.16	1217.43	-18.4448
-847.999	-1458.95	41.7569
-417.968	309.437	-9.14133
1263.19	-528.353	-11.1217
788.815	1263.86	-18.7982
-1143.54	76.4941	-10.6234
-181.647	980.062	-17.8638
-1116.47	395.345	6.30873
605.349	416.419	-18.561
602.009	1320.82	-22.2286
-291.976	-1014.78	51.3705
73.3913	-1010.27	92.0613
-737.588	423.498	-7.80275
-632.42	1364.64	-17.77
59.7442	455.253	-13.9224
-269.538	-673.266	79.4908
-1309.82	1178.73	-3.94122
958.003	755.183	-18.1578
-1132.36	-1123.25	41.5979
1175.87	-415.637	-12.153
153.109	-1301.79	38.4338
-53.277	104.335	-7.72034
-1019.57	966.937	-2.02284
1322.72	382.121	-21.3974
-1014.94	-391.206	-1.89658
-1288.98	-1162.04	49.4005
512.252	938.43	-16.4492
755.287	1357.59	-23.0058
-416.139	-1107.11	27.9402
-1496.19	-320.877	1.64585
-477.576	-727.131	20.4459
892.113	1188.59	-12.6495
-51.9181	1155.67	-18.0613
946.154	33.2868	-22.248
-1463.98	-771.477	18.3753
958.185	942.38	-17.4604
-413.41	-762.513	27.5128
-725.154	-554.83	2.26121
152.754	-1327.1	37.5863
-663.489	-289.637	1.91115
1205.33	707.756	-17.8521
454.903	111.92	-13.2396
510.84	-630.934	59.3718
-438.558	32.2717	41.2688
156.167	-1164.59	56.2389
186.883	1398.48	-14.6029
672.18	-29.8285	-14.1705
527.639	-139.986	-7.9644
614.356	-1258.73	34.2621
1132.56	1109.11	-17.5814
-833.715	610.713	1.13158
1492.82	28.5524	-25.0073
747.878	-588.803	14.9057
-443.969	782.67	-11.2629
-473.268	1411.35	-17.793
287.919	-1016.49	86.1244
1085.73	-962.6	60.091
-182.817	-524.011	116.346
-13.1087	479.642	-12.6573
986.495	11.113	-22.5627
-946.147	-529.504	1.84204
111.484	161.411	-15.2951
1256.42	-484.468	-12.5887
1283.16	1447.63	-27.4056
397.761	-776.985	99.7797
633.833	360.797	-19.4769
-785.781	1189.02	-18.9579
480.46	-558.174	36.5169
-650.04	-1485.14	54.2974
938.012	431.937	-18.924
-553.715	1292	-17.6676
396.169	-519.234	23.4013
1242.15	644.695	-20.241
-315.642	-229.904	62.8581
1190.52	-57.0439	-17.8139
-834.445	-1127.96	29.2137
-566.921	1362.59	-18.0199
-756.287	-731.958	4.83685
-243.096	-747.812	70.0642
-1326.29	-947.826	46.5156
796.48	-304.011	-13.9498
-545.716	-554.588	13.8965
-1114.31	-1019.02	45.3615
-1051.06	943.439	3.82368
-272.513	-1107.22	58.2763
-714.726	1372.32	-18.3896
1026.58	497.363	-19.0856
-1039.75	-1125.48	35.6532
-487.583	-4.08002	49.719
-153.002	538.575	-14.0203
-917.825	705.439	4.1194
-573.222	-491.065	10.4777
787.788	414.114	-20.4404
-720.016	1395.28	-17.8317
105.079	-190.378	18.5499
-287.355	-1103.97	54.1404
-899.307	-1427.04	42.701
-1428.24	-514.694	4.97363
1277.62	379.962	-20.3998
624.012	294.243	-20.5378
-229.892	348.123	-13.3837
1171.25	-75.6543	-18.1152
215.102	-787.876	90.2085
1429.77	-1215.2	93.4102
149.707	-374.575	31.4668
356.941	1202.03	-21.0102
-544.509	-689.712	13.4934
-1177.59	184.191	-9.56067
585.311	963.156	-16.7844
573.654	335.859	-19.1966
483.828	-382.62	1.50436
-1061.94	-956.214	44.1221
21.2375	-1158.77	75.1933
-586.855	1486.01	-17.2691
-616.694	1335.62	-17.7344
-400.36	1135.98	-19.6052
642.95	1206.13	-22.229
-1192.9	1465.43	-12.3883
998.487	-841.606	61.9425
478.718	665.687	-19.6237
1492.51	1146.52	-21.1312
-3.06538	-622.343	87.4502
87.0264	874.381	-17.7995
1332.77	-76.2689	-22.2679
-723.134	-422.992	1.01452
1081.22	269.095	-19.5511
682.134	-182.713	-14.3367
-1432.91	-1324.38	71.1013
-547.684	-1097.12	17.0295
707.345	-564.494	15.4435
-1350.75	1098.49	5.41611
755.944	1179.91	-20.1253
307.987	530.233	-16.0101
-723.52	883.809	-6.58544
-562.142	102.43	31.7084
1386.52	-1064.58	48.2528
-738.169	173.392	7.39109
-1000.32	355.523	-4.74735
1328.32	1249.4	-21.5717
319.448	514.193	-16.3379
-808.82	-361.544	-1.70106
807.557	155.178	-21.6833
1162.25	-1371.35	73.5627
-622.769	963.298	-15.9077
-821.124	222.584	-4.70588
-677.662	-494.767	4.11542
-939.294	-46.2064	-9.92335
-1344.69	754.844	7.71531
708.081	2.69133	-15.2975
1168.56	-683.488	-3.51602
893.94	-816.203	71.1479
-834.84	535.264	3.46237
442.72	-291.299	-2.49596
-263.105	-210.343	62.9902
973.246	-1294.34	52.1597
-1476.98	1114.56	13.4844
777.668	727.64	-18.8055
-1321.54	372.307	24.7911
516.153	778.58	-19.1824
-908.462	-453.87	-1.8635
1057.79	-1183.93	74.2322
-1237.07	-1335.86	63.3634
-1126.19	-757.518	14.0764
-1335.6	-696.909	27.1131
-297.367	-1440.27	50.8624
1062.77	-963.176	62.9438
-829.572	94.2135	-3.41717
-1256.86	1451.57	-10.4857
889.503	-1282.45	39.3475
1154.96	550.542	-19.1074
383.403	1085.88	-19.1836
229.647	1480	-15.7849
-443.052	-294.224	30.9239
-966.847	711.425	3.49628
-935.644	668.084	4.14638
-379.271	-987.231	32.6172
270.774	-1054.64	73.1984
78.9257	672.141	-14.7828
-996.678	-559.6	4.70718
618.48	-686.623	68.5965
852.969	1084.02	-15.4125
234.962	-1391.64	33.3344
200.726	-727.467	71.5802
-1155.2	-840.048	26.1116
448.81	-413.384	3.71716
1112.75	86.8253	-21.2323
-1185.58	1067.23	-2.62708
-1124.7	-737.747	12.9416
1095.18	868.055	-18.8579
-1237.43	1444.13	-10.9727
1061.27	-712.926	9.07215
1416.42	1107.04	-21.3922
8.41848	-718.396	96.4806
116.501	483.815	-13.9236
649.643	-650.261	50.9682
-1205.63	525.424	17.6874
-123.763	1177.04	-18.5236
1143.42	1131.61	-17.8942
-262.952	-1408.95	54.9565
-407.118	-90.447	56.9579
-796.909	-1453.42	48.8547
-1008.36	-1259.8	47.434
59.9138	-1352.28	42.3265
-1492.41	250.493	2.33958
118.503	1423.7	-15.7733
-17.9585	42.7278	-3.32935
1100.43	-529.058	-7.01425
-476.599	-162.244	32.7381
-150.218	-615.203	116.003
1295.44	-557.807	-10.4922
-525.604	869.657	-15.8038
-251.628	-742.124	69.2009
634.236	-875.464	94.7015
827.216	1473.6	-25.5477
958.394	-271.883	-16.1508
826.94	-701.656	34.2102
781.997	1376.19	-23.5777
-1434.98	-216.504	-3.64973
-1026.53	-1051.21	41.2064
725.532	-1017.38	76.6165
1172.39	-34.6494	-18.5995
1177.05	894.816	-17.9692
395.808	859.879	-16.0986
142.368	1105.73	-18.788
-994.721	-31.6208	-8.68154
1319.91	-1395.39	93.4105
-826.439	758.767	7.23968
508.197	870.706	-15.9252
539.602	-983.077	94.6092
986.028	1363	-21.6195
1190.69	-899.45	30.634
759.783	232.084	-21.7636
1066.11	-853.421	51.1212
-310.557	375.275	-12.439
-605.245	320.494	-4.8444
822.885	398.88	-20.406
-1181.66	1167.04	-7.26033
-1472.44	-1066.95	26.1049
-721.132	88.9343	8.34843
-511.843	-1181.2	20.3908
-140.228	757.677	-13.107
-727.015	-342.919	-0.564954
1121.47	1354.45	-23.3493
1127.53	-1471.49	47.88
547.774	-415.036	6.7197
671.978	1417.02	-24.4855
4.2037	-1140.01	82.0231
-1349.06	673.892	10.4655
-701.527	-1060.62	15.1074
-1035.73	-1026.08	42.5065
-1017.59	620.933	5.79936
-1058.16	1013.01	-5.46584
-1435.1	-1237.59	49.635
-1480.12	295.352	12.0831
1132.77	-546.035	-7.4361
-1207.11	890.405	17.4717
545.577	-846.856	106.885
-751.151	-398.295	-0.06681
986.12	-196.34	-17.8482
-1104.88	-1352.14	60.4432
624.202	-1143.56	46.585
-369.541	164.538	7.14922
-743.374	-946.292	11.1679
-762.346	-549.54	0.990811
-1172.54	1488.04	-12.7285
779.659	903.126	-18.1421
1388.23	-335.207	-16.4046
-818.836	1092.28	-17.7413
-1450.05	833.41	12.462
-1023.37	1382.13	-15.1149
264.635	734.761	-15.7942
-402.533	1086.33	-19.3121
814.443	-1413.69	23.4631
364.782	-1246.6	37.6753
418.119	1144.6	-21.0688
1187.29	-1421.1	70.962
620.019	1238.09	-22.111
-1205.7	-1363.93	68.0774
-1425.44	240.096	2.36861
-190.807	-387.907	94.0545
853.183	1143.08	-14.4638
495.963	288.438	-19.0424
1146.2	1072.75	-17.6839
303.83	-1025.64	82.9541
-355.457	392.74	-12.1637
-1035.65	-1012.95	43.2967
-1158.88	1235.67	-12.8502
-623.448	-1069.63	13.0483
343.269	-0.990013	-9.55613
578.461	1256.8	-22.0966
1198.75	-779.826	3.31567
-1401.98	-815.051	34.5549
-690.285	226.929	4.60318
826.83	-1260.21	34.4422
-70.8556	301.058	-13.545
-832.863	367.784	-9.32866
589.49	1269.17	-22.0571
-363.438	1442.83	-16.8468
-726.068	-897.507	9.67307
1094.71	-547.251	-6.12771
258.27	910.008	-18.5531
485.749	180.284	-16.0284
-1392.82	63.408	-6.69805
1232.23	-892.952	21.2171
-178.607	-895.767	75.8194
-423.864	701.645	-6.7588
-1025.85	-1304.95	50.5716
754.054	-1498.04	21.1377
1241.65	-873.529	15.2361
-678.964	991.879	-15.5828
1463.99	-910.987	-1.81109
-1409.55	-1023.99	39.4653
-1194.69	-875.999	32.7148
-782.64	747.189	4.49681
-74.4496	-781.837	102.995
-1055.59	-377.382	-1.42086
991.412	-179.51	-18.104
1027.85	217.128	-20.3667
-262.861	1244.57	-18.1839
921.01	838.694	-18.9101
562.226	1152.3	-21.899
185.247	313.232	-13.9012
-1165.13	-971.013	42.2673
606.828	511.873	-18.4472
399.059	1321.62	-18.5652
-911.521	409.771	-4.47109
-853.154	-489.009	-1.56423
47.4209	-1395.79	43.055
199.098	-1368.26	35.1001
-777.141	-1065.23	18.1003
1032.38	923.595	-18.3431
-1476.82	801.525	9.27954
-1088.65	391.856	3.89069
-608.074	1095.74	-17.8707
-147.515	-1344.99	66.5366
-936.332	-362.797	-2.08207
-1053.15	123.156	-10.7806
993.277	-1296.17	56.0641
-1134.24	-1099.95	43.0023
-1499.51	423.741	50.2096
768.667	366.759	-20.931
-669.638	152.456	17.9065
-939.408	1445.45	-15.7127
1020.33	916.861	-18.4876
-466.841	-163.214	34.2172
-11.6695	1075.19	-16.356
1120.4	1267.28	-18.8677
378.969	812.076	-15.6455
-1165.96	-1077.91	46.1938
587.939	676.316	-21.9287
560.4	-152.439	-8.01413
-1065.43	-646.88	11.1868
-754.76	1449.58	-16.1398
1348.69	-681.613	-6.93255
-608.835	1000.88	-16.745
1056.77	542.267	-18.2842
-1009.99	-770.963	18.6667
21.9742	-326.731	58.4512
-318.287	-615.468	71.7887
754.323	1066.48	-19.3996
1221.64	-1103.85	77.4483
1278.2	1248.09	-20.0018
516.763	-1476.29	23.2153
-142.007	-518.143	109.582
-342.543	-511.321	69.9713
1410.26	-307.314	-18.606
-220.716	366.724	-13.9247
910.348	354.886	-19.8187
1133.13	82.2296	-20.7823
-911.068	1158.36	-16.7076
-710.531	1279.39	-17.7634
358.311	1233.03	-20.7547
74.7397	21.2576	-1.97099
-1250.67	1025.01	10.1823
-445.678	1149.15	-19.4394
-159.955	331.53	-13.81
26.3068	684.647	-14.8671
918.363	-1256.48	46.7684
71.9678	-468.1	54.8376
-131.135	303.113	-13.562
226.591	-1288.72	37.6446
689.247	-863.736	88.2691
-1230.14	568.34	16.2738
276.352	608.947	-15.8737
-1483.19	-292.01	0.550706
1067.52	-661.76	1.65626
1304.54	-46.9664	-20.8374
617.809	664.13	-21.8542
-225.685	-303.407	75.0737
1366.64	302.111	-23.4192
-410.283	-1096.24	28.7709
1081.46	-893.607	54.3098
-1165.2	1031.3	0.49684
-1238.59	-1005.11	49.4528
1168.18	-199.23	-15.3653
1121.32	-1057.45	61.2083
-963.663	974.254	-7.78993
186.102	-1183.4	50.4423
-1077.23	126.734	-10.9474
1110.02	554.887	-18.7292
-291.516	-1401.51	52.5575
-819.544	63.6576	-3.89043
-407.855	-219.656	40.5115
1262.54	1408.97	-28.0613
-405.529	-955.198	28.6945
726.45	701.007	-19.9497
-236.39	-129.226	48.8967
276.045	-401.713	11.1026
-160.552	-1285.62	68.9076
1112.85	-88.8076	-18.2606
-1209.29	-734.774	20.0598
-1265.85	222.513	-6.09578
-162.997	-1077.1	88.8455
1162.74	-493.711	-9.67877
-237.422	732.321	-11.7146
-277.956	737.925	-11.6381
-445.94	321.514	-9.00925
85.9418	798.476	-16.9634
-35.35	375.64	-13.4414
-229.661	-256.263	63.9429
-1249.37	-385.483	0.31449
-744.879	-241.344	-3.04793
1118.78	-554.479	-6.64888
-1460.25	1239.97	-3.18415
-1024.26	-200.037	-5.9089
1330.51	-801.512	-2.17854
-657.118	143.962	19.9803
-752.531	780.458	3.51661
-46.8304	-422.973	83.8441
639.091	59.8678	-14.8373
-1403.39	1345.05	-7.32355
-1433.69	-1382.94	87.1362
-573.432	-1029.4	14.7639
141.909	-385.986	33.6133
90.1459	1024.77	-17.7645
-105.981	-321.279	77.7955
-1308.1	-1272.15	55.9856
842.508	-524.942	-6.19222
310.312	418.821	-16.6213
-1300.12	266.179	3.9908
1080.87	1166.02	-17.2741
720.227	710.365	-20.0875
-999.594	1360.02	-15.6618
-342.445	-209.384	53.484
511.958	1234.29	-22.0825
-808.704	883.413	-0.576549
-1477.01	-926.617	19.8366
1015.65	803.964	-19.1968
-1249.22	-1343.23	65.312
1281.49	1115.98	-20.0044
918.976	683.008	-17.2205
-708.352	1029.35	-16.0782
-953.627	1274.95	-16.9145
-730.019	426.364	-7.79532
-625.911	-1262.67	27.0962
19.6774	1268.46	-18.8329
-186.038	-418.019	99.3233
382.941	-214.887	-4.33584
-1406.72	-750.165	30.8957
727.006	-670.921	42.6565
-1232.51	-1416.94	83.3858
-69.0874	-615.925	105.198
-279.231	-745.137	61.8663
1089.16	1426.42	-25.8343
-763.961	-344.358	-1.63579
-138.041	645.22	-12.6804
-347.218	815.14	-13.7653
-1068.46	1166.77	-12.9271
1370.09	-637.668	-8.21805
-1424.62	1403.87	-7.37134
-800.18	617.333	-0.0198888
-1427.7	-775.637	26.7856
141.244	42.4609	-7.67007
-1347.45	1057.77	12.628
491.784	-458.582	13.8086
92.9916	1063.8	-17.1706
1487.23	-99.6802	-23.6403
-148.882	-980.401	89.0821
-1015.64	1381.73	-15.1796
666.804	716.478	-21.39
-1196.97	-1278.39	50.0999
-685.99	581.771	-6.22196
-851.594	18.0067	-7.50006
269.78	1192.66	-18.6972
-1337.99	-719.461	29.688
-155.688	935.818	-17.2736
1286.61	-996.577	45.7447
161.287	938.326	-19.5699
-781.721	861.234	0.290746
-1347.39	-796.946	38.4764
117.087	-1403.22	38.0335
-1492.4	776.41	7.5793
-1397.89	1048.64	17.6317
460.048	294.85	-18.2949
1069.05	-1225.95	72.6778
-1344.2	103.082	-7.817
787.036	777.873	-18.9597
984.819	247.662	-20.1289
-891.244	1375.98	-16.5463
225.385	-198.365	2.03563
1203.26	-369.74	-13.5743
315.563	-285.149	1.47021
-534.957	-932.515	16.6025
-80.1783	20.2021	1.20389
452.134	1242.49	-21.4346
-694.313	-675.771	4.33948
879.987	1198.82	-13.3644
996.023	-1344.76	48.0667
343.189	1298.29	-18.0277
-615.21	-689.937	8.34613
-1217.42	393.464	13.3597
-1405.77	-370.872	-2.11042
-988.969	-1273.51	47.6603
764.732	1152.99	-19.5696
989.426	1201.88	-14.6152
631.062	-1392.92	26.3383
311.006	-375.743	7.04319
-1279.52	-381.327	-1.03245
-1072.37	-728.286	14.9604
-684.957	-1091.47	15.1641
223.821	536.475	-15.1868
-193.815	-1447.69	57.7914
-276.23	1023.8	-18.619
785.7	-77.6205	-19.7973
631.801	1026.33	-18.5944
-951.761	1487.18	-15.4842
-1165.48	-1172.04	44.0573
-771.741	391.266	-8.37112
402.289	-114.834	-7.75422
-863.346	-1446.7	40.878
719.5	-194.311	-16.2243
924.402	281.861	-20.4412
-1466.96	824.354	11.3864
-576.458	411.12	-8.96212
573.759	346.662	-19.017
-873.705	-450.626	-2.21567
1360.73	-1386.09	96.3131
-520.363	854.777	-14.9622
-1018.58	-1399.23	58.2481
372.754	1219.74	-21.2401
1455.81	-1351.48	93.3714
-54.1601	1061.97	-17.0771
793.931	767.278	-18.8138
203.598	-303.432	12.356
938.419	-409.805	-11.1792
-487.417	1123.6	-19.3899
134.037	-1046.7	74.5423
-543.066	556.78	-12.685
-442.794	1229.16	-18.936
413.226	11.4069	-11.798
434.722	-1205.2	39.0065
948.871	-581.91	-2.90817
-305.723	849.208	-15.4744
979.059	-528.926	-5.83295
1140.91	-448.697	-9.9333
-36.4866	1212.41	-18.7586
151.705	-370.361	30.8862
442.938	-658.727	65.502
-1224.79	650.238	7.85005
-1102.41	764.558	8.9549
-1214.71	-245.591	-3.93168
-1367.99	-1441.97	96.9441
-731.277	1333.39	-18.3265
-519.763	416.556	-10.1713
217.086	515.613	-14.9349
1407.11	-1252.67	101.749
291.48	-109.702	-6.23692
-843.258	-621.212	2.87006
-1459.13	328.108	19.9729
-534.402	764.991	-9.03759
1219.18	1044.59	-19.0301
-189.829	388.411	-14.9593
657.359	1268.92	-21.8156
504.262	1187.1	-22.5665
-954.235	-285.289	-3.4561
-1096.88	-866.591	28.5476
-1338.64	-991.976	50.9245
-1409.24	1011.67	27.5019
-556.445	1427.4	-18.0149
-538.78	-1265.98	24.978
-674.152	59.5904	13.4313
-637.833	845.962	-7.851
-299.691	-1181.96	49.368
1300.83	1260.01	-21.2124
68.2327	1147.68	-18.2344
-576.309	-121.896	23.0969
505.395	-259.824	-4.13573
-1037.02	530.584	6.64264
297.408	-1184.43	46.3063
-403.448	-1301.6	32.9933
762.926	-64.7276	-18.3296
6.40793	703.956	-15.6444
-1499.37	-37.2064	-1.04393
-995.91	126.853	-10.1148
-972.863	1081.71	-13.6516
-995.515	437.882	2.05873
829.721	-806.54	72.298
-1092.14	258.23	-8.69729
-68.5751	-327.601	76.3096
-1059.65	824.982	10.305
-718.853	717.243	0.2959
-6.92451	-534.803	81.2246
385.974	923.116	-16.0526
380.548	-60.5478	-9.21506
290.251	-605.1	38.1499
-552.301	1360.96	-18.4382
-837.21	722.884	4.76901
-939.84	-1240.61	42.1214
-1279.73	-1282.07	55.451
-506.828	-778.634	17.2923
922.262	929.436	-17.7984
949.225	1328.53	-19.2622
331.891	422.395	-16.7512
377.226	-897.302	118.718
-1417.85	-177.081	-4.95394
-1346.73	1424.18	-9.07462
-17.0004	912.829	-16.419
828.129	-490.308	-8.83794
1029.66	376.439	-17.8497
-915.91	-402.605	-1.9456
786.756	526.575	-19.2546
-679.533	-1292.93	32.6255
-183.235	-1161.14	80.059
-916.898	-1452.27	45.1555
138.747	-1378.18	37.4706
970.949	208.692	-20.7993
-1488.79	23.8165	-2.69702
-615.184	-7.66442	22.5896
665.873	622.712	-20.3153
-510.08	219.503	5.10303
-389.345	366.898	-11.2142
-667.931	-830.208	8.55688
-789.256	-1317.69	34.6759
-1392.63	1035.15	20.726
-1192.64	-1295.01	52.7596
-900.606	-101.242	-8.79161
1492.6	-1458.84	79.8564
219.587	-591.112	37.5973
961.115	-1367.62	38.8535
-210.895	-681.93	98.9103
252.878	-1357.46	34.0607
295.5	-309.327	3.26784
847.793	-992.165	77.1458
1125.05	-654.337	-3.98236
-915.019	1134.25	-16.3859
129.36	1384.85	-15.5471
113.974	-1012.54	86.4688
-443.515	-77.7467	53.2499
812.156	-725.133	44.338
1194.6	122.949	-21.4124
-1102.56	-680.708	11.2283
1335.95	-351.054	-15.3376
1008.18	1063.83	-14.8408
624.285	1226.31	-22.0957
1093.41	1265.12	-18.778
1184.06	818.079	-18.0781
1486.51	710.681	-21.3381
-897.449	-331.086	-2.08157
-215.467	383.973	-14.4664
1459.81	-140.451	-23.0162
-772.051	952.032	-11.6658
-271.864	-1408.33	54.3524
262.166	-344.208	6.50198
755.427	-147.583	-19.937
-278.067	-252.935	64.6582
-454.057	-402.413	29.5141
1414.46	5.38946	-24.7398
-232.12	76.5857	12.8987
237.497	35.1216	-8.29551
-1295.19	345.957	17.2067
1370.9	272.561	-24.3785
388.78	228.871	-15.5801
-680.095	-1304.04	34.921
422.458	-640.997	59.0088
-1454.97	1215.78	-1.63734
474.936	-1162.77	44.9069
1065.72	-987.773	61.1703
837.802	-949.334	81.1645
1356.72	-925.241	8.79505
1494	1238.96	-23.2302
1489.22	388.293	-26.48
1220.65	749.151	-17.8156
809.032	1148.69	-16.9081
-988.896	-710.435	15.3653
-872.401	-629.166	4.87166
-624.451	-76.5913	17.1235
-19.1419	-577.439	88.8846
-157.625	921.289	-17.0136
-555.287	-323.695	8.60003
216.967	-232.414	5.7236
37.3756	-472.504	65.5161
634.237	-979.255	90.7085
-1472.8	-533.691	4.80255
-1220.67	-200.471	-4.14697
-892.021	1152.18	-17.0048
-1319.45	91.8957	-9.07233
-215.021	821.203	-14.1083
-84.4639	1049.33	-17.6699
-913.114	121.894	-9.0234
448.175	1435.23	-18.641
-673.493	-861.79	9.46064
-933.792	694.033	4.01579
-675.011	35.6252	11.9779
-68.134	-256.816	56.2623
-714.585	419.143	-8.15647
435.938	-470.819	14.8298
1096.68	-1206.8	74.3908
489.375	-244.342	-4.79258
-272.066	465.642	-13.7044
-1194.66	716.493	6.87598
-994.099	397.696	-1.23545
689.465	-1280.02	30.2976
519.848	1485.89	-22.3183
551.557	934.622	-16.4129
319.617	-59.6651	-8.60306
-790.531	-1010.38	15.9102
873.065	584.05	-17.3053
-855.256	451.24	-3.82802
927.959	-661.248	11.1523
179.266	614.015	-15.2303
1134.37	950.528	-18.0484
301.847	-1498.69	27.5148
1025.82	-1475.6	30.8139
488.442	-649.409	66.104
-890.734	534.819	3.93848
600.002	708.132	-21.4138
1438.39	-477.225	-12.8387
-58.7955	1208.71	-18.6626
-988.201	-960.461	37.6717
-1481.21	1384.42	-6.31897
-1300.03	611.979	13.7821
-1038.53	-703.275	14.5574
642.644	230.931	-21.3369
1478.33	-305.421	-18.8341
-1340.42	-711.009	28.4336
703.682	-364.755	-5.97675
-549.902	1370.56	-18.4458
955.727	-1003.72	70.9454
1440.61	-944.068	2.43214
-654.434	952.619	-14.7442
-1278.39	939.935	27.9508
-1276.74	-760.056	29.22
-1394.86	-195.296	-5.25956
-1063.29	-1467.51	69.6944
115.478	-20.615	-2.2655
-1155.3	293.506	-4.09016
-1174.35	-115.267	-4.70753
-877.869	-641.58	5.87755
1389.01	-217.554	-19.6412
-1052.73	-995.245	44.8395
981.953	67.1031	-22.2672
-861.035	-601.297	2.66149
-793.969	396.473	-8.34817
-951.829	404.439	-3.12825
-1261.86	-1139.4	49.715
-455.392	412.025	-11.2604
867.476	-404.951	-10.9371
232.867	-1407.97	33.1575
-495.876	13.5793	46.7083
1298.19	1169.76	-20.2422
-748.044	1289.59	-18.1332
-1080.45	-1441.77	70.4506
1401.84	-97.5836	-23.7944
-1129.98	-879.622	30.7305
91.8977	-50.5288	-0.392623
817.222	-416.668	-9.05937
869.086	-1173.7	51.0065
-1183.58	-558.435	8.53397
422.788	1356.91	-18.6997
-1226	945.42	21.2084
302.253	147.99	-11.7778
275.717	-1172.73	48.4335
-366.663	968.129	-18.1226
-872.454	-5.68945	-9.04259
-217.855	-1258.22	66.2807
-498.388	-33.8166	45.7324
1037.66	-733.295	15.7633
-777.777	-1151.05	23.9103
736.992	84.1358	-17.9753
1408.87	157.162	-24.8467
1304.57	1235.21	-20.6487
1089.38	254.902	-19.9232
475.37	-605.794	51.8869
-38.452	733.341	-14.8873
464.494	-337.664	-1.2909
840.386	996.464	-16.3318
-1225.54	-753.868	23.3645
-1364.96	101.461	-7.07704
968.219	308.738	-19.3552
-1362.48	521.3	40.4367
1323.03	-363.413	-15.1358
-67.9229	-241.773	52.1827
-136.537	218.833	-11.9802
1378.25	476.892	-21.7386
1046.4	1307.19	-20.2163
1426.81	-638.007	-8.75491
1085.45	-1024.68	59.4051
-734.732	765.038	2.56227
-1348.91	-581.01	15.305
75.2294	385.799	-14.3303
382.131	110.46	-11.2953
-1473.7	924.313	21.6096
468.762	-554.579	35.2471
157.227	-792.719	92.2926
521.813	-650.181	65.2922
929.655	-1293.57	43.9222
-1025.88	-852.022	25.7602
-375.292	-749.225	34.9842
-1438.03	-1271.34	58.1769
505.037	-557.32	36.6482
482.85	513.066	-18.4784
635.296	-590.745	33.9438
730.233	1274.18	-20.8688
137.919	-577.516	46.5655
1009.18	-899.468	69.0209
-1089.98	383.439	3.3394
1224.52	969.195	-18.9196
-1119.95	1452.75	-12.9627
607.924	173.089	-18.4697
366.476	706.453	-17.1946
1271.17	1174.33	-19.9372
32.153	-1278.06	51.5019
167.143	959.904	-19.8976
1187.61	-139.824	-16.6195
-276.141	920.833	-16.7032
1212.53	-1466.17	63.3068
-294.897	-1449.97	50.7686
328.021	-373.725	6.04901
170.95	5.54936	-4.69734
-268.599	-540.911	97.7181
597.269	576.6	-19.8059
244.652	1063.26	-18.8653
-186.878	-713.043	94.9916
1438.76	-796.659	-5.54281
37.3476	-1129.69	79.8746
1116.87	153.475	-20.8488
-304.194	1463.02	-16.9376
898.688	980.425	-15.9153
-683.637	405.632	-8.73686
-530.044	797.692	-11.0671
108.474	-926.427	97.5683
-559.989	1065.5	-17.9272
-1494.83	1196.97	2.97146
-496.34	-345.497	18.7648
920.353	-1346.33	36.2929
868.608	-1481.35	21.8098
1482.8	892.113	-21.5389
-64.0185	756.532	-14.6393
-524.583	273.082	-0.529793
763.231	-687.615	40.9869
1482.46	-585.209	-11.1116
62.3703	-700.16	82.6724
870.471	-735.671	42.3557
349.673	-1351.61	31.5384
855.801	-1042.94	69.7722
147.3	-121.638	3.5571
1141.35	696.562	-17.4467
-1354.65	-748.734	32.5425
-1387.91	255.479	4.46773
-1198.03	499.227	17.8752
1077.36	-1283.69	70.0697
1064.6	825.826	-19.2404
-224.624	-1406	58.0553
-460.902	313.132	-8.24546
142.511	85.2452	-11.3984
-839.522	1304.61	-18.1672
919.719	-682.472	16.1056
-912.525	875.107	4.45499
132.381	-475.459	37.5492
378.616	76.3755	-10.8271
1093.89	-1159.38	71.2503
1338.99	1047.45	-20.5678
299.662	1251.65	-18.4846
910.151	-1360.13	33.5089
1117.26	-175.574	-15.8691
-243.85	-718.255	77.1783
-1369.43	323.311	16.2431
-735.865	1008.46	-15.2171
-36.931	-1130.95	88.1025
199.165	-332.456	15.5468
-1404.44	-1299.73	62.1962
712.459	-885.448	88.4625
1200.55	104.85	-20.7251
-565.387	-244.58	12.1412
-1395.91	340.09	22.6122
-1043.71	181.685	-10.9835
-604.658	714.176	-3.95227
475.673	34.0593	-12.9561
455.411	-27.8214	-10.9138
1020.05	-514.435	-6.10345
-519.86	472.842	-11.6176
-576.538	-236.902	11.6824
-400.489	-1471.61	52.0526
955.744	-307.364	-15.0406
31.2481	-859.532	110.029
-1095.04	912.995	12.1524
12.9009	-724.36	97.2575
-327.952	-1389.54	46.4615
29.2577	-103.544	9.64568
-339.147	-469.804	72.6513
859.155	274.902	-21.1787
-982.263	-1148.39	36.8924
-736.19	-1075.44	16.6995
28.1631	83.3599	-8.69431
-1351.27	212.763	-0.431051
1243.89	1317.6	-22.8284
-133.256	-255.794	61.4833
680.157	1059.38	-19.8794
-1241.55	75.3036	-10.5909
-1266.44	-545.558	11.2778
-1039.47	-1016.6	43.2013
828.118	-1125	52.0873
1060.81	-655.844	1.36992
116.244	607.842	-14.0701
-712.891	-49.2983	2.17816
1104.94	-420.49	-9.15807
-1256.66	189.933	-7.84693
-506.122	1086.35	-18.8985
1382.98	-412.682	-14.3601
646.494	7.5023	-13.5731
-397.363	351.323	-10.7855
974.439	908.182	-18.5138
-157.154	803.542	-14.3319
962.282	-101.642	-20.3744
-608.56	1017.64	-17.0229
-1374.8	-1467.83	105.439
1429.36	-1076.95	40.2356
623.46	-1321.85	30.6425
110.449	-1491.57	38.6787
-381.809	-991.941	32.1277
1136.26	-1088.07	66.2012
276.812	393.965	-16.2465
1217.03	462.472	-19.6114
1191.72	986.55	-18.7544
1313.65	1015.42	-20.0565
-601.567	-770.907	9.9393
-345.58	-739.398	45.1223
-109.146	1177.27	-18.4109
-1020.5	-134.266	-7.52378
20.8059	498.801	-12.2387
215.346	-1249.88	41.2553
-398.794	-1446.72	46.5701
-955.812	-1.39823	-9.47678
221.305	26.6816	-7.51822
679.229	-535.599	17.3981
-566.165	-1083.72	16.068
219.846	-727.101	72.1488
793.655	162.281	-21.579
1265.1	652.172	-20.9296
-830.247	-1350.35	33.5019
-1055.33	-1451.13	67.1623
-685.69	478.153	-6.52765
1035.24	131.566	-21.6086
-1283	-1451.07	91.9907
633.049	320.583	-20.1952
138.604	-60.4393	-0.0178761
721.162	-598.064	21.8381
435.131	260.178	-18.3053
61.3016	875.883	-17.3115
-680.678	1070	-17.5418
774.483	-547.382	2.30318
1370.14	-564.157	-11.0078
296.246	-832.089	108.39
-1069.37	-1186.48	39.8513
-194.013	909.044	-16.5845
589.433	501.548	-18.2259
945.914	-208.551	-17.8218
321.935	376.505	-16.1702
52.7057	-391.997	60.1844
855.163	1432.86	-26.7307
-1253.99	943.462	24.7533
-1047.03	-1386.61	61.5381
-145.929	1487.88	-17.3651
-1055.53	283.261	-7.6027
259.886	-1223.61	42.5804
848.538	-192.052	-18.9151
919.152	201.153	-21.3533
-961.657	-1236.67	43.0169
475.937	1267.62	-21.0677
-997.389	431.183	1.69798
62.923	1029.66	-16.966
-959.631	-114.911	-8.2231
183.744	1486.47	-16.013
-939.012	-1022.12	34.0541
-1384.32	21.1701	-6.82109
380.536	549.258	-17.0824
1353.99	-331.514	-16.3985
-1455.24	757.117	6.97457
983.651	1385.95	-23.0769
1184.02	832.592	-18.079
1324.62	-635.432	-8.74586
-833.551	277.167	-9.19644
808.966	56.4186	-19.3835
-642.996	-1140.57	14.3507
-461.338	7.8558	47.2717
-1102.14	-833.735	23.3336
118.1	-1361.01	38.5624
-1323.78	-266.664	-3.99968
272.185	-1031.82	80.4705
683.284	441.437	-18.7662
-983.196	-1152.74	37.2229
434.661	813.527	-17.2254
1471.76	945.047	-22.2672
-445.06	922.75	-18.0589
513.576	-979.222	97.2768
377.668	857.461	-15.9403
-807.411	510.654	1.45234
-1164.67	-868.018	30.4592
351.014	-334.926	2.17062
1070.99	1403.61	-24.8191
-1177.21	338.688	2.69748
1098.98	-236.862	-14.4613
518.279	-696.613	77.6794
-1386.44	1188.32	-3.05769
318.394	-501.824	18.2308
877.757	-361.368	-12.4467
-1026.94	-825.52	22.5559
-37.8118	1072.16	-16.8655
-1495.56	802.391	8.8029
-1371.24	959.636	32.353
988.44	234.641	-20.399
1388.99	1464.03	-26.3386
39.4936	853.719	-16.9415
-717.485	87.8027	8.83091
209.096	57.4715	-9.86248
-752.336	130.062	5.30314
-829.984	-1422.8	40.6246
741.296	-16.4236	-16.0248
1256.19	-505.51	-11.9056
41.217	-298.095	47.9885
709.487	435.193	-19.2419
391.656	180.678	-13.7487
1276.71	612.561	-21.2141
-842.82	-1448.36	41.0805
39.9566	459.488	-13.6039
-231.078	-372.204	86.0286
-321.285	912.893	-16.8682
37.874	1408.97	-16.7661
229.042	-697.934	62.5677
-1016.98	1219.85	-15.5233
111.599	1346.2	-16.0955
16.5062	1070.77	-16.2558
1141.7	-787.2	13.9586
-423.852	-814.408	26.8856
-1247.61	973.534	20.8219
408.957	486.808	-17.5929
575.286	853.629	-16.3265
723.645	-1025.9	74.3447
407.704	288.338	-17.1602
131.906	130.135	-14.0302
317.595	701.868	-16.032
-458.937	1377.23	-17.9964
708.743	-1007.91	79.6716
97.282	592.707	-13.2228
729.012	1353.3	-22.9741
1442.18	-817.631	-4.57583
169.749	1177.35	-18.6241
408.635	-98.1607	-8.32773
414.196	-1008.87	88.9359
1079.17	327.889	-18.6271
1208.23	-774.621	1.86221
-196.494	-1379.39	64.3881
-377.849	-467.916	55.224
-1355.07	-847.003	37.7716
1031.32	-164.299	-17.63
-769.877	854.792	0.24232
-42.0873	1194.43	-18.527
95.9476	261.087	-14.053
-215.563	-356.362	85.4253
-956.44	382.086	-4.44833
-289.398	736.514	-11.5308
1030.76	-1377.34	47.6548
1444.76	-474.932	-12.8599
-986.692	387.004	-2.56038
456.637	-1233.13	35.8324
-26.8866	1229.22	-18.985
-686.662	-923.812	11.1542
1316.24	1265.78	-22.003
-328.511	-337.1	73.6019
1272.92	-333.124	-15.6326
-177.713	-289.588	71.0307
-867.348	-912.99	17.9395
-391.989	-221.962	43.7069
355.827	-179.629	-5.09189
-838.392	-454.863	-2.22607
-146.834	252.357	-13.0558
-993.099	-1039.14	41.7257
1193.04	1317.55	-20.8873
-176.375	-740.703	90.9868
932.08	-232.813	-17.2261
-434.206	1363.05	-17.7636
-1453.02	-348.603	-0.618694
185.889	991.529	-20.1468
-735.669	-1421.62	51.3238
-941.948	-989.442	33.0468
-39.0358	565.871	-12.1556
-146.311	823.755	-14.9927
-84.3317	-482.811	94.0548
1192.79	1006.05	-18.7977
-931.959	-1423.5	44.7359
838.423	286.406	-21.2893
-375.909	-784.785	33.8381
-405.446	-1435.06	43.7578
966.492	-890.388	75.9262
-340.094	-917.35	38.2623
-787.979	777.098	5.23326
1205.1	1358.87	-24.8586
-273.712	-805.235	54.3061
-1326.19	-969.14	49.3242
82.3337	-483.988	52.6825
-1273.09	901.425	26.5104
439.971	-1236.98	35.7134
16.2235	916.828	-16.5502
-1245.84	-791.209	28.1248
1185.07	-1301.89	79.5961
-418.715	1152.32	-19.6362
844.18	-1136.39	52.9541
-612.963	-3.49442	23.2015
1398.8	1139.11	-21.0713
-323.458	-135.975	59.2929
-236.078	-733.795	75.9974
-337.065	-689.161	54.6176
-288.4	-1315.69	53.024
1184	833.808	-18.0792
680.674	-1068.83	63.1479
-985.762	-23.1414	-9.09496
201.486	813.401	-16.2796
485.188	-531.131	29.117
-8.49778	-1385.13	48.599
-1366.97	463.172	43.1499
531.481	1390.99	-20.5475
319.087	-850.226	113.733
-97.3165	365.65	-13.6592
1238.66	-708.286	-6.25019
923.134	534.086	-18.1694
-1478.59	147.604	-3.02356
-256.935	-772.462	61.4608
-1499.86	-721.896	9.81153
-2.86764	-1006.52	105.223
-1403.23	-687.172	26.2965
1302.97	994.399	-19.7571
-933.516	4.25219	-9.28964
616.475	348.92	-19.4184
898.873	-632.006	7.94695
-938.251	-990.27	32.5454
1325.44	-787.909	-3.1452
244.734	754.14	-15.9071
-398.081	1397.83	-17.2577
1108.12	1133.42	-17.3276
-74.6337	-612.208	106.494
-1122.88	269.744	-7.37263
-1248.39	1219.76	-8.36392
903.196	-1170.4	57.1653
-1304.2	99.3806	-9.39609
863.207	652.321	-17.382
-1215.82	502.663	19.5552
5.28398	1030.77	-16.3762
850.807	-451.751	-9.57628
-687.834	-656.923	3.89916
-172.423	-564.907	119.336
962.312	-925.251	74.2961
545.803	1314.69	-21.0648
587.357	760.039	-20.298
628.287	-219.926	-9.49056
-165.951	191.745	-10.6302
1090.13	-922.605	56.2967
-985.93	421.472	-0.0664873
485.838	1037.3	-18.979
885.775	-305.911	-14.8204
239.722	-1052.6	72.1678
-112.306	214.96	-12.6387
91.1516	343.266	-13.6352
1185.55	-16.4725	-18.4534
-1155.21	792.125	11.9273
1233.92	846.575	-17.8615
1375.39	-964.595	14.6805
-581.54	-153.945	17.4497
-712.706	296.708	-3.99621
-783.705	-151.694	-4.7292
-1070.09	588.243	6.88348
1493.28	513.52	-25.7375
-957.007	512.975	3.53301
1333.88	1466.29	-27.3882
-222.497	-75.5916	39.6368
-1182.49	1381.27	-12.558
229.461	-866.031	109.419
-898.764	-744.929	12.1323
-367.84	-624.862	50.5363
-497.196	189.046	11.6138
1383.99	1184.66	-20.7015
1021.06	1478.59	-26.5758
1477.4	1160.81	-21.14
249.434	872.22	-17.6277
224.832	-1330.08	35.517
-424.453	-852.653	26.3553
1067.47	-1039.82	60.5591
-134.009	-134.193	31.8966
1182.28	531.844	-19.6103
-897.101	733.472	4.85756
-949.464	409.681	-2.91702
-923.747	611.627	4.53301
977.626	623.074	-17.0244
-365.067	-537.38	58.1274
1453.57	466.288	-25.4051
589.103	246.931	-20.6966
203.515	1027.96	-19.4774
-1456.96	-1065.49	29.477
469.031	953.949	-16.4857
-1321.57	-1341	68.258
97.5433	-1210.9	54.3187
60.9029	-205.628	26.2532
1022.63	711.336	-17.6115
-941.705	918.223	-0.148791
-1486.1	1350.69	-6.12768
-1107.74	899.146	12.475
705.006	994.491	-17.9183
623.572	630.177	-21.3314
-1305.19	1316.54	-9.86249
-1153.97	902.447	13.6045
385.83	1092.57	-19.4632
364.255	-1406	28.8912
-61.8656	104.108	-7.18464
-1343.9	302.651	9.42601
-1179.69	-168.933	-4.86326
-683.996	-1188.6	19.1095
673.123	-520.111	16.1915
70.3851	890.947	-17.5004
1400.46	-935.286	5.4664
443.308	-360.477	-0.481223
-520.458	-151.563	27.4339
836.886	260.939	-21.4916
-258.274	895.891	-15.9325
-944.403	-1443.73	47.1945
-220.458	-1123.08	71.1662
264.272	-1270.22	38.3903
-689.864	1448.86	-16.2438
765.25	896.658	-18.0428
508.726	1275.45	-21.2123
-890.941	-608.112	4.63771
-824.7	-1337.91	32.1862
-697.052	323.052	-4.9921
-936.637	799.153	9.0482
-981.539	776.482	7.0465
-26.4963	-791.609	103.7
136.622	-1025.62	79.993
-389.221	1303.87	-18.1515
-157.433	-1442.82	59.3783
1494.42	196.861	-27.6025
-736.51	-280.818	-1.89715
1241.21	881.723	-17.8711
72.1288	-622.748	69.6697
-835.043	-773.398	9.04584
-49.6944	51.9079	-2.2405
-709.347	-546.578	3.0222
585.388	-1110.78	52.2834
-1026.34	502.92	6.22692
1250.29	832.819	-17.8343
-708.101	1025.9	-15.994
-830.527	-721.914	6.49021
-1411.12	-704.042	27.5803
364.567	-474.333	13.5139
-890.231	-180.673	-6.78509
-987.362	322.421	-8.13228
354.998	-1225.2	40.0276
352.093	-244.496	-2.31577
1194.11	416.107	-19.5183
900.886	308.808	-20.3829
-1081.89	941.598	6.89639
-931.353	1250.18	-16.613
7.72894	-762.944	98.9512
-564.421	-1030.22	15.3602
-1471.92	-1276.31	61.7378
1351.68	-898.489	5.76611
-496.08	922.367	-17.5702
193.796	-790.453	88.8833
595.146	-1176.28	41.2601
-442.584	-1077.18	24.7855
131.507	-1423.43	37.5674
71.3132	951.368	-17.7614
-783.687	-878.005	10.0742
1035.04	943.883	-17.7883
-746.042	1369.76	-18.608
-334.203	146.546	7.66344
1443.36	-664.296	-8.04182
1067.26	-170.125	-16.5171
386.367	538.421	-17.2227
907.911	-344.561	-13.3195
554.556	854.002	-16.4147
-1323.22	-678.715	25.5471
-970.204	290.917	-9.51988
-1024.88	-682.962	13.9167
-566.384	294.833	-2.86418
-584.195	-1.4674	28.73
1012.33	-1258.17	63.665
-365.366	541.431	-11.8924
-754.932	1117.98	-18.3083
1451.58	-1462.35	81.2138
664.504	-1063.89	64.6679
-532.969	1463.04	-17.4608
780.532	-1381.55	24.4102
802.166	242.956	-21.618
-981.738	1084.22	-13.4357
1122.27	1473.56	-26.0062
-780.474	-1002.74	14.852
-575.79	-1160.43	16.6412
1484.25	544.657	-24.6373
-1149.75	-77.5768	-4.73845
991.916	124.047	-21.8166
479.03	1433.5	-19.5385
1376.07	-1357.45	96.0023
-1139.23	37.1353	-8.78443
-153.196	874.489	-16.1918
1342.61	-1186.1	94.4174
-950.309	-1401.17	47.0567
704.829	-1338.66	26.3756
1094.86	220.1	-20.5781
1002.73	271.332	-19.451
-560.101	-753.439	13.0081
-337.712	-55.9766	56.8416
-399.659	-639.657	38.2171
-1249.36	-299.517	-2.8074
285.83	-822.434	105.583
-893.519	1116.31	-16.7531
370.314	-1251.54	36.9992
-1241.66	183.777	-8.53878
1278.72	200.152	-22.327
832.056	253.08	-21.5261
1129.59	-81.4546	-18.3896
-88.0306	-1401.54	58.0048
1020.64	1321.75	-20.5129
1141.47	1.11473	-19.7314
-948.457	-463.27	-0.413256
758.582	886.89	-18.0786
35.5445	1440.9	-15.8676
-1477.92	548.515	40.8719
1059.76	-391.14	-10.4475
-667.143	653.248	-5.65468
726.657	-271.342	-13.4341
1434.8	-381.062	-14.8814
-760.263	-207.69	-3.95303
1490.96	-873.296	-4.72483
199.509	963.916	-20.1954
843.747	-875.365	86.6764
181.047	524.512	-13.8865
72.3534	-218.336	27.6961
380.419	-268.895	-1.67092
-873.655	839.708	6.78112
-61.3982	-918.477	102.059
-1253.75	1238.75	-9.87102
-154.01	-855.263	80.7179
-1476.97	31.9727	-3.19734
892.699	1195.1	-12.8251
-225.442	1169.07	-18.8537
-548.141	-1232.16	22.5945
727.521	-905.095	89.0128
1193.96	-739.866	-1.24496
-281.857	-238.223	64.2348
839.992	-68.5345	-19.496
-983.923	904.875	3.39375
-349.134	-660.726	53.8021
-1002.63	-1019.13	41.7611
1095.62	-1243.87	72.1986
1307.15	11.9804	-21.174
-1282.86	375.558	20.0626
973.212	455.179	-19.1693
-1147.85	-962.286	40.7732
835.331	1232.3	-16.0966
1161.04	-1064.88	65.8309
602.906	440.278	-18.4378
1210.94	-666.166	-7.24456
-180.577	-345.63	85.6529
543.307	1225.25	-22.3897
732.145	-764.903	68.5852
259.852	-281.528	3.34543
1359.89	261.255	-24.4289
708.684	28.5104	-15.7985
1003.85	109.449	-22.0442
-1374.18	-1403.84	86.7728
-895.573	221.078	-9.19059
949.652	-568.037	-3.87949
595.743	-336.275	-2.53605
-781.761	-492.098	-0.880695
-984.922	-105.133	-8.38685
525.025	-13.3578	-11.5266
513.184	-1315.57	30.4923
276.219	1463.12	-15.3703
-26.7194	-521.284	85.4123
623.732	-777.312	84.7557
-330.324	-1015.59	40.7355
417.424	337.35	-17.1863
498.076	-1027.27	76.8449
129.917	935.389	-18.9833
-656.209	509.343	-7.91867
398.781	-112.855	-7.78037
-925.668	1376.56	-16.1292
995.525	1069.06	-14.5792
-1145.78	799.486	12.558
-425.704	-300.941	36.8726
1360.99	-862.305	1.40819
454.656	237.393	-18.0798
-135.813	-338.679	83.8297
1003.42	871.312	-18.903
-1144.48	-1384.88	68.5078
-928.002	-1225.51	40.3802
-469.572	-251.173	24.6168
1109.35	1333.08	-22.0723
-515.876	1495.34	-16.9534
-550.064	-1139.35	17.0853
-739.279	1490.35	-15.8708
-258.98	-1260.35	58.6503
-689.205	-1272.07	29.1803
-524.123	156.879	19.398
196.185	1118.48	-19.0155
-99.7726	-1149.63	89.1809
472.631	-884.629	116.892
-319.022	-349.538	78.1093
-125.26	-1163.81	86.4076
-1252.13	1495.57	-11.2524
-611.777	-1198.39	18.8222
-557.957	494.641	-11.4236
89.5111	1455.83	-16.2943
-1283.43	-220.506	-5.00499
535.794	206.525	-18.145
721.576	838.355	-18.3365
883.092	-384.749	-11.7331
-1318.48	-994.833	53.9754
451.695	890.427	-15.6716
948.595	837.185	-18.7872
305.589	-921.35	113.604
-392.613	-644.359	39.3146
326.896	-599.513	37.4367
605.224	1072.83	-19.7569
-640.456	1445.99	-16.7188
-1375.1	-1002.51	46.1039
-1171.02	-1275.81	48.6651
-757.184	-235.56	-3.7256
1169.09	-638.215	-6.26121
644.51	1112.26	-21.0245
312.235	-661.034	53.1115
559.224	1179.81	-22.2773
-1372.44	934.832	31.6043
674.706	189.502	-20.4187
-1189.18	299.818	-1.76928
1281.55	-88.8992	-19.9517
-1418.01	-1241.19	50.2914
1451.83	1198.22	-21.158
1013.56	560.133	-18.0079
528.004	-199.042	-6.50453
2.34545	-753.747	98.7704
-1020.6	-398.677	-1.50593
845.148	1269.31	-16.2455
822.345	888.691	-18.4567
-47.748	-604.5	99.3996
-1009	717.285	4.8365
-85.5921	-1357.27	60.3265
-249.37	-512.901	103.249
1195.85	-1169.07	78.0183
-1285.79	-1483.7	97.8542
-1492.43	163.635	-2.34914
538.544	-956.5	102.732
-727.864	-646.28	3.23135
-426.929	-231.877	37.1322
-36.7939	244.135	-13.9333
987.903	-89.4559	-20.3689
-1375.38	602.175	18.675
949.082	554.304	-17.8993
-340.027	539.336	-11.6529
664.4	1452.91	-25.1243
-1267.75	-1466.31	94.0371
-184.916	-1422.29	61.3057
488.461	1378.59	-19.3625
790.478	173.994	-21.7634
307.694	1352.83	-15.6196
-1285.6	-175.087	-5.66072
-177.877	1341.92	-17.2109
1231.9	654.512	-19.7011
-204.979	-1112.79	75.5048
530.009	86.2025	-13.426
-1417.89	701.615	9.05885
203.752	-1267.46	39.9834
152.568	580.034	-14.1015
725.739	1062.42	-20.2103
-270.791	748.503	-11.983
608.545	506.045	-18.4747
600.47	-1497.83	22.4521
682.455	323.722	-20.7143
956.165	717.535	-17.2223
1186.56	9.00351	-18.4281
294.982	4.90567	-7.88514
-1151.64	-893.698	33.2435
1320.21	585.858	-20.741
69.9774	1004.55	-17.5086
214.654	-1476.45	32.8712
36.0099	1275.24	-18.6644
-957.715	238.756	-10.6495
-885.997	-1455.97	43.3089
-117.186	-944.129	92.6244
-272.477	-243.156	64.2384
1227.54	886.801	-17.9499
-870.672	1136.6	-17.4019
-367.455	1093.85	-19.615
-1305.18	-480.891	5.67991
-770.99	-1268.68	30.8875
-1325.83	-1217.03	49.9513
-1246.92	-770.294	26.9469
-123.002	944.957	-17.5794
-161.787	-1125.25	85.0244
-1278.51	1343.49	-10.6084
-1263.62	-567.402	12.8328
511.691	-439.892	10.7041
1245.1	-880.646	16.0589
-319.813	-1013.77	43.5871
-1149.72	1169.34	-8.97296
909.158	20.8641	-21.4893
681.994	489.296	-19.1487
-1167.79	402.766	11.4701
-439.846	-1045.16	24.5373
1039.1	-1497.93	30.2849
757.35	-933.133	85.3702
1027.91	1380.04	-23.1013
-118.879	-214.39	49.6433
553.762	170.068	-17.1395
1005.88	151.227	-21.2809
374.948	980.946	-16.2258
-693.504	1157.15	-17.4626
60.1645	493.947	-13.0552
-267.604	1291.44	-17.8336
-516.073	-542.073	18.5858
-618.072	-1486.57	51.9675
-1208.74	632.47	9.17251
407.326	635.13	-17.2546
-967.054	-205.789	-5.94112
294.642	-1256.34	38.7525
265.721	-860.961	111.231
-1460.33	-312.867	-0.464001
-1093.03	-1436.35	71.8405
-858.07	1496.92	-15.6648
1059.25	-924.737	62.2956
-243.483	-1093.93	66.6237
581.001	-22.7377	-11.6664
497.05	-170.022	-7.06063
-1387.92	-954.611	39.2439
-580.733	583.597	-11.9365
-290.041	-1194.23	51.4062
-697.619	-1428.07	51.9582
-93.9338	1403.8	-17.6797
-1341.15	682.131	10.0833
31.1045	-818.18	105.841
300.804	-1387.26	31.5344
-647.189	13.5395	16.7942
-1115.22	-1315.19	54.7723
422.592	-359.526	0.279858
-1043.78	1021.42	-7.85143
502.513	-216.907	-5.89684
-653.606	939.41	-14.29
549.974	-1323.09	30.2281
-957.112	-1380.14	46.935
-864.71	-515.755	-1.04005
813.647	-173.334	-19.4542
-935.795	-1494.26	48.0274
-901.326	-165.531	-7.12348
-938.307	-1160.76	37.1664
399.432	-1162.79	47.7884
530.476	-1461	23.7362
902.437	-336.603	-13.6191
1124.65	263.67	-20.2647
861.233	-378.738	-11.7348
834.668	1119.26	-16.1044
405.933	212.285	-15.3725
-1213.97	-857.915	31.2373
-94.8776	37.9912	2.14658
641.392	-1345.71	29.1893
784.189	-748.936	55.0206
891.928	-617.275	5.25273
-984.215	730.384	4.48138
1247.96	271.345	-21.3916
150.107	-101.876	2.37736
1015.52	-969.643	68.364
-1087.65	-205.691	-5.23206
-208.49	181.023	-7.54805
-288.1	-113.3	58.6681
1427.58	863.8	-19.7099
990.835	-372.764	-12.2627
-851.481	-399.651	-1.90985
-623.47	1102.26	-17.8529
-578.244	-671.364	11.0707
-100.567	921.737	-17.5515
621.867	50.9939	-14.2017
1133.41	680.466	-17.1817
680	-1026.66	75.2782
-893.035	-828.522	15.512
613.799	-801.016	89.6939
-678.372	1352.73	-18.1646
1151.89	1198.17	-18.2628
1287.56	-823.506	0.890732
-679.157	157.727	16.3751
681.945	-764.928	74.0229
-1494.25	-173.702	-0.959256
-676.694	333.307	-5.12235
-962.788	-258.24	-4.3453
561.06	1321.25	-21.3228
-993.014	-945.661	36.8789
1499.18	1223.56	-22.5806
-602.404	-596.817	9.22488
-1398.76	129.44	-5.00184
-864.588	-178.243	-6.92397
404	323.257	-17.0131
-934.817	824.997	8.12774
-588.91	564.749	-11.6468
179.442	575.536	-14.4289
1209.51	-456.074	-12.3836
-417.34	-78.8945	55.8005
-490.631	1019.58	-18.2825
-1153.89	-702.631	11.6947
718.6	-40.8007	-15.7053
1457.28	850.806	-20.0361
436.175	6.63384	-11.8523
1196.61	425.439	-19.462
-1066.57	-1006.19	43.7904
-1141.02	-359.621	-0.408262
442.407	178.376	-14.9941
653.935	1428.12	-24.2571
490.092	851.197	-16.4978
46.3616	1014.94	-16.7636
-981.68	1193.69	-15.3154
-77.6309	-756.291	102.752
-1490.75	225.644	0.654813
-46.4128	-125.698	21.4893
855.542	828.368	-19.3626
-77.0249	-489.884	93.9471
837	-721.366	40.8216
-1464.37	392.393	38.6657
-312.73	1275.12	-18.0847
-1287.82	946.825	28.7054
-416.695	19.2997	43.7748
-1007.12	1208.22	-15.2855
899.73	-814.713	70.0498
543.751	300.593	-19.5417
-509.403	1074.95	-18.7272
-1442.87	-56.6187	-3.32412
-1134.28	-1438.82	76.8256
210.062	503.418	-14.8057
-1047.1	1315.82	-16.0081
486.06	841.242	-16.806
-1001.39	-1454.72	57.9983
-89.2453	1022.63	-17.5504
790.145	92.5748	-19.7055
-296.887	-1219.83	50.4504
262.715	-1347.28	34.1757
-491.452	-1033.44	20.1031
194.284	1190.35	-18.3909
-12.453	-1238.29	61.2776
-96.0033	-1392.44	59.8076
1328.36	1429.8	-27.5351
374.37	1113.48	-19.9559
324.232	96.9908	-10.15
-1374.81	81.6047	-7.26852
-735.506	-793.655	6.90929
-1418.54	-904.885	34.8456
-1472.7	-1420.96	105.4
476.459	-800.94	104.842
-377.99	-1151.43	35.2052
931.634	299.973	-20.1585
88.0527	-196.541	21.5778
-477.687	-792.366	20.3009
-772.559	585.171	0.995281
342.591	-1418.31	29.0915
-1451.89	763.946	7.12778
-93.7327	-1377.98	60.3274
-494.681	110.973	27.9939
693.008	-733.679	66.2075
738.19	-620.362	25.4654
1172.82	790.746	-18.1961
-675.984	1349.39	-18.156
-316.657	1246.12	-18.7857
1198.47	371.874	-19.8877
1167.22	-436.024	-11.2998
-875.983	988.486	-12.3381
-220.576	802.193	-13.69
-944.154	-176.861	-6.71546
1460.32	-837.842	-4.72514
408.605	-317.551	-0.812188
-1016.9	-1421.01	59.5381
889.299	526.453	-18.2837
1071.41	1115.52	-15.9641
96.1973	-419.628	45.9356
1138.2	-426.624	-10.3537
-1057.6	36.4168	-8.32297
972.238	-143.115	-19.2836
-665.184	1088.37	-17.8076
855.028	-1314	32.4362
-829.823	-156.005	-6.7732
-1266.43	264.2	0.799511
209.68	1008.53	-19.6364
-1403.44	436.659	46.7928
-413.246	-1081.42	27.9947
1326.19	767.187	-18.9463
866.892	1191.27	-13.6101
371.39	860.361	-15.9279
66.8941	730.893	-16.119
135.438	433.184	-14.5468
1320.01	-582.665	-9.94039
281.591	1131.2	-19.5187
-331.887	-1279.44	44.3703
-13.9407	-82.7459	10.1803
-1468.53	139.803	-3.32046
114.155	967.46	-18.7653
1377.18	924.539	-19.536
849.518	-359.383	-12.2608
455.831	1220.46	-21.9481
-307.837	765.184	-12.4034
552.004	794.224	-18.6811
305.848	-1336.98	33.2453
-910.13	846.852	6.60311
348.176	-55.3701	-9.03791
594.571	908.052	-15.5766
641.893	-508.597	19.1265
412.63	430.975	-17.1809
1165.09	1216.55	-18.4756
-714.195	-1348.36	42.3082
-1044.4	432.602	4.70691
860.984	606.203	-17.1424
353.39	735.051	-16.8008
1476.51	-555.358	-11.6647
-231.869	-1353.93	63.7389
666.556	-209.11	-12.089
-504.607	-1082.34	19.3903
-1059.29	948.87	3.78685
733.549	1303.96	-21.0657
-595.49	208.289	7.53098
1151.22	1349.45	-23.4457
410.986	-460.121	10.5312
1402.12	-1006.81	24.6537
-276.59	-28.4131	42.3968
665.344	813.128	-18.3074
922.749	-829.446	71.7593
-1384.03	824.409	14.7304
789.031	-1214.33	37.2653
-1391.15	120.737	-5.53747
1003.23	209.901	-20.4915
-1147.54	1171.46	-9.24999
948.921	459.081	-18.9644
175.838	-901.964	101.022
1354.41	1435.64	-27.3935
-736.657	39.5546	3.32969
-734.034	-790.916	6.80659
-274.473	-624.752	87.7614
1393.14	678.503	-20.6673
-661.537	-186.981	4.41216
675.758	-1210.98	36.3722
632.493	-988.431	88.0552
-1208.66	-962.383	43.9506
475.789	451.582	-17.9559
1365.28	-1054.94	50.5463
-1172.95	149.34	-10.1548
1307.55	-356.979	-15.2351
1030.92	436.503	-18.6201
-1189.6	1068.8	-2.36424
-1211.95	1463.37	-11.8558
484.832	539.689	-18.738
-350.018	-961.478	37.1768
-1264.53	1136.46	-0.811088
-513.38	-21.1418	43.2327
-114.279	-699.917	103.267
347.965	94.4372	-10.3977
684.242	-687.883	55.893
890.782	-550.956	-4.71586
1473.41	-661.555	-8.74192
326.819	-457.278	13.7498
577.611	937.627	-16.3021
-865.996	8.42169	-8.70629
712.587	996.842	-18.0375
140.611	189.216	-15.4688
-639.103	-421.949	4.4309
1421.73	643.074	-20.7305
-1283.81	563.012	24.0782
183.762	60.6004	-9.94702
-604.891	-1055.78	13.4404
1185.58	-356.956	-13.1055
1284.28	-1091.24	69.6675
634.05	800.192	-18.4586
-419.564	-1289.01	30.5291
1195.37	-218.876	-15.1167
-34.4216	-271.971	57.6079
-701.53	301.54	-3.8814
114.931	24.7229	-4.35919
-641.431	1260.77	-17.0835
199.706	952.088	-19.9762
983.703	645.681	-16.9024
-1140.01	-79.436	-4.61618
-875.721	951.513	-6.82048
897.154	471.801	-18.445
-1383.18	106.516	-6.24364
532.281	1084.68	-20.666
1457.53	-375.824	-14.5758
1366.18	-1393.72	96.6395
-903.903	-643.544	7.36887
-497.172	-1032.98	19.726
-429.537	657.468	-8.36486
1109.79	-594.959	-4.84917
1145.74	-1403.89	64.7605
-221.775	726.673	-11.6443
-1332.54	-86.2531	-7.96768
-580.453	758.141	-7.0897
-705.288	-1160.59	18.1731
363.169	-768.99	95.3154
-1305.59	-52.6261	-8.39209
1304.75	-846.269	2.2871
388.2	-541.094	28.1937
905.871	-631.112	7.44546
-682.108	-1194.68	19.5948
-1073.73	1107.43	-11.6445
698.586	987.611	-17.6611
753.086	853.419	-18.3761
-957.204	1018.34	-12.5849
-1059.48	377.098	1.21035
-101.507	-512.847	101.821
-800.492	807.529	7.53948
678.091	-107.898	-15.1757
-92.432	-43.8348	10.9422
-414.51	-215.616	39.005
733.078	341.778	-21.1493
-1296.68	-1395.81	81.1419
-674.324	1264.84	-17.3724
1271.89	-1287.95	91.7336
972.609	-532.911	-5.7046
468.091	-1296.97	31.6332
-592.431	1367.99	-17.7779
69.9707	830.501	-17.2592
172.874	1054.6	-19.2908
374.025	498.042	-17.3817
-1426.91	991.226	29.264
-277.956	-1327.54	55.0129
655.828	-279.089	-9.37214
83.4895	752.751	-16.4289
1277.59	-770.399	-3.52534
-1189.09	-782.891	22.2807
-1163.43	-100.575	-4.71418
159.273	-1385.59	36.5172
-1314.86	-951.757	48.4144
-997.327	703.776	4.1532
-1267.93	1474.14	-10.4669
261.577	1019.73	-18.4547
282.85	-1233.87	41.0547
-1478.99	-461.487	2.52469
-25.6375	140.957	-12.8304
1282.04	1079.74	-20.0099
-333.375	1420.53	-17.2782
-1191.71	1481.75	-12.4771
692.14	-1293.91	29.3267
-1231.29	-1390.86	77.2341
-535.182	-768.254	15.048
-130.991	43.6902	2.84544
308.506	-90.8911	-7.35086
1483.43	467.865	-26.298
134.207	134.605	-14.1756
435.536	-698.125	75.8443
1231.92	1488.65	-26.2883
506.691	398.784	-18.3859
-1392.56	-446.738	1.00435
-702.906	675.984	-2.47859
-1148.15	826.373	15.7128
407.818	-594.47	45.9246
-270.688	-1092.43	58.7184
-532.587	-79.9545	35.537
-1103.24	117.944	-10.8129
1431.56	1053.96	-21.8952
552.157	386.865	-18.8211
-1105.42	-1138.04	39.6389
-21.8688	1400.7	-17.2364
1420.07	-505.145	-12.2975
-1230.91	-1167.65	46.2673
931.262	-1197.43	57.9603
305.559	-1217.79	42.0556
-114.659	-1267.55	69.9514
115.805	1072.49	-17.7133
45.1773	-868.977	108.467
-1028.36	-983.383	44.0266
134.368	266.627	-13.9471
-260.234	-1059.27	61.4766
-130.465	190.375	-11.6975
-1224.91	-290.251	-2.7218
1275.95	-14.3504	-19.799
-941.705	-911.75	26.7765
-330.608	-1057.08	41.4399
1184.28	-373.346	-12.9028
126.616	1069.53	-18.1265
-247.147	981.898	-17.7006
-812.7	6.65468	-4.30086
873.989	592.097	-17.112
-215.168	-785.35	71.6486
1188.67	336.584	-20.0879
189.144	1201.09	-18.2935
-422.109	75.2448	29.2645
-700.27	102.83	12.2228
-1498.07	-640.397	7.23494
-944.916	-201.197	-6.11982
505.716	-687.33	74.2367
-809.396	-784.903	7.63286
-1383.85	1168.09	-2.11807
-1004.37	-515.01	2.32035
74.0938	726.083	-16.0333
-257.542	915.796	-16.3803
328.753	-362.153	4.7654
1341.45	432.632	-21.8689
-1069.29	-867.896	29.59
-1083.61	-1132.34	37.6046
47.2868	144.417	-13.8475
-463.097	68.5807	33.1458
374.96	1267.94	-19.8553
906.052	-1054.71	69.396
-1254.63	524.263	25.6008
-626.716	841.068	-8.10391
1401.28	78.1048	-24.2488
-518.01	-944.353	18.2555
-147.073	-37.6758	16.7978
642.563	-1127.15	47.6284
-87.7308	474.903	-13.3525
-1434.08	132.286	-3.89309
967.851	1391.66	-23.321
1274.63	-599.097	-9.09051
-1417.74	322.438	19.027
-1314.32	1347.45	-9.82329
-501.729	-1233.56	22.6498
933.283	585.009	-17.1651
577.263	-839.891	99.5904
1431.15	877.733	-19.981
-1302.34	-1013.55	56.4228
-468.56	-883.293	22.1096
546.463	-1091.99	55.9727
1224.01	-1448.79	70.6032
556.091	-1466.96	23.5352
1029.62	951.439	-17.5478
-111.011	-1051.34	102.693
30.6308	718.104	-15.9477
-1149.47	-1264.42	46.5143
-889.554	1417.19	-16.219
937.26	-556.447	-4.60951
-625.58	-262.919	4.51195
497.627	1388.49	-19.5052
-212.267	-124.417	43.4299
-104.54	248.178	-13.6439
-1062.7	1099.4	-11.8165
-1390.35	286.782	7.30269
1208.25	-625.394	-7.94909
-829.951	701.099	3.76284
901.839	-653.496	11.6917
-214.099	660.011	-11.9044
1180.59	-1481.55	53.3507
-811.491	-302.891	-3.03682
68.5541	-599.775	66.9408
718.148	-1273.92	29.8855
393.857	-660.338	59.7432
272.642	750.652	-15.5744
-698.535	-1230.85	24.0241
-212.934	-1106.6	74.1423
-948.895	250.171	-10.7454
809.592	357.454	-20.8182
-1029.08	-890.322	30.7853
378.477	1233.48	-21.057
442.675	861.533	-16.1427
1483.84	64.7846	-25.5607
-158.341	-1466.82	57.2362
781.339	1037.94	-18.4224
1007.21	-1152.36	74.6186
-495.784	-471.259	21.5539
367.676	-674.23	61.6189
1327.4	529.559	-20.7524
118.136	-654.312	63.6453
-1131.37	1369.71	-13.9192
226.185	-832.108	101.516
-974.191	713.996	3.70413
829.736	1095.53	-16.412
762.416	583.545	-18.7331
954.107	-1141.14	69.6701
133.606	141.154	-14.4156
-735.696	1183.03	-18.1622
423.602	1440.93	-17.9827
930.604	421.203	-18.8735
925.928	1423.88	-25.6584
-971.229	-971.829	36.2802
506.588	-283.868	-3.12012
-495.411	-454.434	22.0359
228.671	922.633	-19.1421
-1318.68	1437.88	-9.46153
1243.81	795.807	-17.8185
246.442	567.524	-15.7789
1182.59	-119.253	-16.9053
881.056	-372.896	-12.1008
1482.66	-1146.65	53.1687
602.561	911.348	-15.5918
-1335.91	1002	25.1067
487.218	131.344	-14.1193
-1038.54	-1342.24	56.8123
-786.08	989.715	-13.633
-989.333	-177.941	-6.55292
-1345.01	722.473	7.79457
361.39	603.137	-16.4093
-1172.18	-36.4489	-5.59418
-1181.23	59.1814	-10.2799
744.907	-337.885	-10.6048
-58.4551	-875.829	102.133
1370.8	-543.132	-11.5556
-925.301	1116.78	-15.8459
-925.727	-639.204	8.18279
-1334.04	-959.463	46.9294
1098.8	-1146.45	70.0505
586.601	783.694	-19.2024
913.72	1143.58	-10.9918
-1023.64	188.174	-11.0729
632.757	1383.16	-23.2363
474.888	1045.12	-19.1161
1405.29	-1193.81	86.2692
1052.97	-1488.37	33.7249
1120.23	-415.731	-9.89575
-1158.65	533.989	13.3635
-205.012	-1245.48	69.5033
744.788	282.002	-21.8966
519.091	-784.746	96.7562
-1182.75	236.165	-8.24424
18.8278	-993.609	102.476
4.44112	328.08	-13.4067
441.411	-1460.32	24.4639
199.243	-318.224	13.8919
-1390.12	546.607	36.5407
-413.089	352.693	-10.633
1223.41	-730.573	-4.03217
-127.012	1351.99	-17.8283
-195.47	976.194	-17.7691
708.048	-459.01	3.52421
-552.214	805.407	-10.9022
1033.35	-1478.27	31.7158
-131.987	595.579	-13.4445
1218.96	970.593	-18.8831
-351.389	1268.35	-18.6092
-726.282	-68.6898	-0.0762546
-1347.83	756.94	7.79641
427.339	1280.23	-20.4111
-528.383	1397.55	-18.5697
-1202.39	-387.209	2.2579
1204.52	1030.66	-18.8551
-649.022	-44.4752	13.6799
86.0697	-565.025	57.4457
-1023.28	89.54	-10.0586
-311.593	1060.71	-19.5059
1282.04	-930.139	21.562
526.139	1290.98	-21.1306
1188.93	1296.36	-20.0468
-478.238	-408.888	25.2858
-1272.76	-65.7745	-7.50365
1424	-633.575	-8.89923
-1395.39	150.867	-4.52054
-351.87	-384.277	66.9932
-347.86	656.06	-10.3317
972.626	1066.44	-14.0807
721.321	25.1892	-16.1488
280.618	-1075.62	67.7218
831.379	-1215.06	39.4021
880.087	-598.338	1.92216
1310.38	-778.007	-3.61091
356.937	-320.944	1.3843
58.5094	1424.3	-16.7751
-543.292	948.431	-17.0663
414.442	682.28	-18.1939
-1472.66	1459.84	-6.57498
-346.907	-684.391	51.6159
-362.693	1245.94	-19.1055
1077.19	-924.837	59.0786
1247.3	1131.14	-19.5117
-673.882	413.007	-8.63071
-1321.42	-1331.75	66.043
1254.99	-285.761	-15.5701
-733.371	464.175	-4.9913
312.541	-1479.26	27.6245
439.539	1154.81	-21.4257
-1200.27	-909.035	37.5422
-1267.78	-986.263	50.4476
57.1168	214.511	-14.9638
-35.7803	-162.26	27.2693
-78.3653	-365.005	83.0484
1346.75	303.147	-22.7874
-849.362	793.01	9.83294
1322.38	1347.19	-25.9281
932.893	172.276	-21.4249
-706.855	-1374.16	46.3833
399.61	-230.415	-4.17895
-1469.81	1095.1	15.5681
-801.838	1.87613	-3.40558
248.705	1321.19	-15.2102
-957.624	359.761	-5.75251
1296.15	-893.619	10.5975
-969.736	-1326.55	47.1854
-255.45	1471.86	-17.2246
-970.357	1133.53	-14.7958
-450.076	-192.444	32.3774
457.44	740.746	-19.5698
1160.06	610.606	-18.1213
1049.61	-226.576	-15.5613
-1190.96	325.462	1.55656
741.508	14.1868	-16.6023
108.758	7.34398	-2.62414
841.834	-874.241	86.7846
-786.568	0.745236	-2.12147
-430.486	254.118	-5.55249
