919.157	427.754	-18.7201
442.851	-1061.89	66.848
-884.052	-1086.53	30.6215
801.993	661.932	-17.8849
-231.431	-1275.23	64.1068
1343.72	230.585	-24.2451
-293.009	1019.77	-18.6275
-214.512	1240.52	-17.4331
1028.32	1289.63	-19.2565
984.529	-258.369	-16.4386
-744.54	-201.682	-3.27329
898.592	-484.6	-8.77947
-697.968	131.696	14.1455
-207.624	-430.12	102.261
-384.684	-1356.37	37.3475
-250.664	-231.838	63.491
121.577	-609.157	55.5216
494.629	653.94	-19.9432
-132.999	-84.15	21.7307
-1497.02	968.208	20.9825
-168.938	893.716	-16.3025
933.361	271.753	-20.4491
213.304	182.942	-14.2074
1122.49	1169.65	-17.7859
470.252	825.25	-17.1535
821.273	921.486	-17.9544
1484.77	-237.524	-20.3794
1246.1	-193.981	-16.7277
-1264.4	323.433	9.67786
1025.93	863.673	-19.0733
-1103.23	1114.85	-10.0135
1398.7	1241.74	-22.5559
-1000.8	-1338.38	52.8081
-151.7	-1403.99	61.7145
17.8548	-437.793	71.26
936.808	-1176.54	62.3864
-624.574	775.161	-4.27595
-485.141	-420.119	24.3552
657.746	-933.435	95.4128
-599.976	-112.389	20.7978
-962.607	203.464	-10.2717
-59.0714	128.381	-10.4087
-841.184	543.708	3.70052
1346.15	-777.2	-4.42252
-35.6605	539.644	-11.8471
547.207	-1402.81	26.024
1281.55	-627.767	-8.78133
512.645	-532.753	30.0554
708.557	444.374	-19.1662
-604.617	-1113.39	13.7963
1188.08	1057.57	-18.4183
-1294.74	292.665	7.88279
1391.96	-702.769	-6.74398
-88.3744	-1008.6	100.624
856.997	926.992	-17.9746
-1286.23	1241.5	-9.22501
-1380.51	1479.14	-8.29073
545.764	105.692	-14.4395
-1243.94	-1040.69	51.9522
-733.141	1078.67	-17.4156
1338.22	-1216.27	98.4482
1376.8	601.746	-20.8673
1237	-39.4401	-18.5529
234.194	422.488	-15.9196
1181.11	-1076.02	67.4759
977.783	688.844	-16.9553
562.949	-437.09	9.9199
-862.45	804.255	9.57751
-324.566	1094.79	-19.8258
331.127	804.608	-14.6881
1475.08	-1108.03	40.6878
-1376.72	1041.91	18.1759
-1283.37	267.27	2.74463
-1469.58	598.062	22.0156
-1361.17	388.381	32.8098
-1423.37	-1404.45	92.6651
-458.924	-742.419	22.8548
-312.393	927.606	-17.0668
-127.345	1400.82	-17.9067
1332.35	-1177.98	93.6029
883.299	-895.517	83.5894
-1078.75	-1307.55	52.7051
-893.028	-333.097	-2.15035
299.657	784.049	-14.8953
-163.986	-1031.51	89.2496
365.977	9.48253	-10.2898
351.543	856.025	-15.8122
-5.17229	-104.984	13.4259
140.079	-607.751	51.5056
110.245	334.222	-13.47
-647.275	-887.574	11.3111
821.68	1168.03	-15.7367
-4.85206	656.099	-14.0923
375.08	-1343.6	31.0101
1333.55	930.149	-19.2135
-215.968	-124.989	44.2567
811.594	212.834	-21.572
68.6026	260.364	-14.0437
-925.643	893.611	2.83498
353.447	176.532	-12.4794
-576.667	-321.93	7.32861
351.645	1391.11	-16.527
-918.762	-66.837	-9.61237
1101.06	-303.216	-12.4618
876.933	-1443.38	24.764
-273.881	-739.189	64.426
122.935	1020.76	-18.5337
-1065.63	-1261.11	48.5613
122.222	-560.133	47.0116
162.905	-1365.01	36.6473
1186.96	-1224.05	78.9739
1389.17	153.273	-24.5302
-864.188	-1162.37	33.0781
1036.26	-325.151	-13.4297
-694.218	-389.428	1.61404
-1219.8	15.5984	-9.56301
304.316	-180.305	-3.74315
-1450.4	88.4198	-4.40019
-560.071	1314.78	-17.8697
1113.83	326.815	-19.1683
107.611	-892.005	101.402
1489.28	1342.46	-27.514
-1250.46	12.8756	-9.8325
269.594	733.758	-15.7955
-650.92	1053.01	-17.4247
374.701	-1280.72	34.1559
522.525	-922.108	107.423
402.536	-1339.08	30.3807
1126.72	-6.26556	-20.134
355.372	164.461	-12.0491
142.397	-185.614	13.7185
-501.144	1094.17	-19.0642
124.604	-1347.24	38.4776
-840.023	-229.511	-5.35545
1472.47	-765.788	-7.1888
-1320.52	-506.278	7.06433
-1027.05	-336.849	-2.55265
-112.748	45.1846	2.54695
-362.45	984.309	-18.1922
1216.19	1097.5	-18.9363
-1336.74	1463.39	-9.36902
-1064.35	949.747	4.09714
719.803	237.207	-22.1364
-70.9729	310.542	-13.491
-1481.13	-487.93	3.24994
505.733	168.553	-15.9928
-1025.62	1431.7	-14.5199
528.813	23.8793	-12.8129
870.857	1279.96	-16.3952
-499.635	-1194.64	21.4919
73.9906	-1486.62	40.6559
475.591	1253.06	-21.3852
1204.25	-189.565	-15.9331
1397.93	1476.56	-26.0047
-706.341	1249.39	-17.6529
1454.67	1448.67	-25.2948
1319.94	1211.75	-20.8718
554.791	-1306.14	31.2094
-1466.15	987.893	24.4578
-49.6158	5.7926	0.193348
298.974	-444.748	13.9372
-1330.11	1444.32	-9.45613
65.451	-662.414	77.7386
969.121	51.0676	-22.3499
-1084.13	-320.662	-2.80363
-911.419	486.703	0.339019
-261.811	1157.95	-19.5838
-55.3089	-49.2009	7.46581
1459.48	-1119.93	49.8204
201.928	520.715	-14.7069
1094.91	-196.452	-15.4212
466.527	-865.481	118.194
832.16	537.706	-18.677
1410.69	1420.39	-26.4142
-67.1767	34.267	0.745339
-420.115	859.633	-16.9055
-548.854	-946.488	15.5186
-1387.68	-87.9672	-5.93454
614.147	-383.316	0.836665
1234.6	1009.66	-19.2208
-885.772	236.651	-9.46273
-376.175	-688.824	40.326
-916.812	164.719	-9.0819
-96.6957	252.053	-13.8216
1489.89	280.542	-27.7789
446.927	422.291	-17.4878
-459.918	296.896	-7.2808
255.699	900.873	-18.4421
-1209.07	-845.31	29.1537
-48.0698	-1307.17	58.3658
-311.169	-681.845	65.0373
-1124.52	-527.891	5.26852
-157.974	64.641	3.42858
-837.535	-1061.1	22.6256
400.188	-440.029	8.68088
1297.6	-276.098	-16.9131
-551.909	-373.298	9.79097
347.453	1072.81	-18.1851
400.127	501.884	-17.7684
748.367	-603.628	18.9203
1179.83	-1223.85	78.4648
1136.5	316.535	-19.6626
-1395.07	-1404.36	88.4786
616.791	707.53	-21.5468
162.897	-350.817	27.73
-264.26	-1189.65	58.3324
-703.564	-159.624	-0.834534
-279.518	288.07	-11.5029
-861.149	-419.1	-2.29403
-635.855	1370.67	-17.7787
1187.22	-1051.12	63.2625
108.058	-1128.88	68.5014
179.188	-439.295	22.3122
646.889	-403.737	1.38579
-939.362	1186.78	-16.2677
-275.617	-515.686	94.2991
58.6106	1142.44	-18.1276
-380.109	-1109.68	33.8093
1173.2	1480.82	-26.86
-644.96	1459.01	-16.5926
1417.42	-727.816	-6.86629
700.734	-984.803	86.4177
-345.976	-468.465	69.4783
326.973	1282.58	-18.2713
-988.512	-604.415	7.94424
-437.44	1149.38	-19.5087
-1146.42	717.153	7.26932
232.575	1083.64	-18.9598
-691.027	-1377.69	46.529
-619.996	-145.776	12.6189
745.917	-103.176	-19.7179
980.604	-1085.37	69.3982
-107.771	-1416.14	59.5452
-532.471	705.851	-6.0087
468.157	-550.207	33.9187
584.699	-1234.96	35.903
-1494.29	681.847	9.0567
709.511	-516.483	10.1536
905.494	-452.919	-9.89787
-93.9105	438.307	-13.4324
-587.338	845.576	-11.6777
247.787	-94.9274	-5.58385
-1213.06	-226.463	-4.08009
-225.463	-99.8768	44.4425
550.83	1235.13	-22.2899
-534.823	-1437.42	43.2578
-1366.77	-293.371	-3.84907
811.608	810.365	-19.0795
1040.6	1290.84	-19.4193
681.015	-1408.26	24.6565
-602.87	579.126	-11.1301
-1203.29	-1473.88	91.3394
-267.071	684.775	-11.6598
1095.49	-905.595	53.1122
-1492.4	410.668	45.6701
92.4202	182.852	-16.0799
-1065.78	109.332	-10.6159
-1427.81	-1080.56	37.9813
273.15	-166.337	-3.37892
610.222	-628.417	50.5566
-446.424	-841.087	24.0125
644.482	-296.972	-7.87476
-779.626	-70.7731	-3.98475
-613.345	-540.636	8.48217
-1383.85	-805.46	36.2503
-1489.07	-1246.34	53.5152
1025.53	1489.59	-26.3054
-454.686	-1122.07	24.1852
-412.218	-588.168	37.9509
-1374.53	-412.631	-1.90148
518.965	-1483.27	22.9795
-1366.12	-904.399	40.3138
147.245	98.933	-12.5472
-1318.26	3.15228	-9.16551
802.376	328.836	-21.2609
338.43	1028.21	-17.5247
1241.47	-72.2915	-18.2942
-559.427	499.463	-11.4959
243.233	-327.127	8.47643
1344.75	458.949	-21.2666
1324.72	-647.867	-8.3656
1288.94	611.16	-21.1043
326.728	215.542	-13.7565
1101.97	-899.467	51.0855
802.614	-623.517	14.2493
-1356.8	259.785	5.48412
-77.1365	-1124.29	93.2383
-1033.34	-736.619	15.9457
1415.75	-153.542	-22.2112
-1242.38	1477.4	-11.1126
445.49	1105.28	-20.4773
-327.834	-1101.36	43.0848
-1277.98	-1122.3	50.7608
-525.509	-768.235	15.7944
707.082	-810.45	80.3941
-474.926	-566.301	23.3198
982.072	-808.251	51.3585
1050.18	-984.409	63.2777
1111.72	-891.462	47.6796
935.942	-1437.81	27.8734
-1207.18	-336.03	-0.474182
-6.66093	-288.918	57.436
998.99	-42.3267	-21.8734
-1338.77	-1079.69	53.1609
118.615	1245.43	-18.0886
150.86	338.828	-13.6567
-1010.32	408.294	1.03771
1188.36	1005.75	-18.7209
1024.84	1296.16	-19.5243
1143.43	-1057.39	63.7016
803.843	-620.723	13.2448
1009.36	68.4088	-22.2711
-1278.46	1406.56	-10.2579
305.824	-743.29	82.8716
419.188	388.442	-17.0442
-945.067	-711.015	13.1514
506.569	749.537	-20.486
450.809	224.508	-17.4054
1473.57	-638.79	-9.42696
731.461	1157.63	-21.6985
890.089	392.906	-19.3247
-809.226	159.707	-1.51161
1152.65	-115.827	-17.2065
-1107.63	754.867	8.8152
30.0277	-361.287	63.3281
-425.733	-296.748	36.5909
-105.319	741.392	-13.291
-565.043	311.571	-4.59576
-435.365	1251.16	-18.8257
-1291.31	-22.9043	-9.21059
396.28	503.339	-17.7204
-591.876	-1222.62	21.3633
1315.89	1277.77	-22.4167
449.606	-1277.27	32.6945
-1347.45	-1396.46	83.3033
-112.341	847.508	-16.1014
488.019	-543.275	32.1416
446.529	899.951	-15.7141
224.652	1220.72	-17.8126
460.365	-966.16	105.168
-1476.72	-914.595	20.0644
-1271.68	-1232.02	49.1391
-1274.2	1432.73	-10.2029
-796.383	-884.471	10.9792
1428.81	263.643	-26.2909
-655.222	373.213	-7.38604
58.6169	1445.78	-15.9659
-1078.31	-607.275	8.20349
-65.0786	87.0463	-4.93864
1492.76	-1195.27	71.2908
52.8032	-255.701	34.2064
744.785	-976.648	84.3647
-1140.13	470.738	13.4513
626.94	396.473	-18.7286
794.855	-1065.09	63.6606
-1084.87	1394.64	-14.3272
-624.344	1024.18	-17.033
2.31152	149.935	-13.6271
275.739	69.3651	-9.72829
495.657	643.814	-19.7522
-1313.7	-564.587	12.7743
1190.26	-796.331	8.28324
-384.321	1358.02	-17.8355
-1290.77	1100.74	3.35064
-1230.74	-1061.68	50.7567
-113.782	-1095.04	98.6222
-1049.4	353.371	-2.34214
-171.397	-544.766	117.284
903.497	940.836	-17.3672
310.672	943.456	-17.5219
-697.197	-1115.85	15.7368
1175.88	71.4835	-19.7176
1075.32	-1343.47	59.9661
186.11	-12.909	-4.47785
-192.294	-242.851	62.8606
1047.68	-1253.39	68.5636
-1257.75	-94.4922	-6.57285
752.435	-1257.13	31.3505
-909.745	727.676	4.27595
-1158.95	1089.46	-5.18664
1329.91	391.236	-21.639
-57.1361	-258.262	55.7395
1116.79	137.297	-20.9229
-706.194	508.704	-3.96912
-229.441	1231.37	-18.0142
1183.75	-331.325	-13.0638
383.526	1344.67	-18.0676
-317.366	-891.567	41.4103
913.037	916.811	-18.2332
1294.18	734.116	-19.467
-196.698	522.994	-13.9927
201.2	26.8099	-7.37067
113.673	-1348.98	38.9017
-49.8283	1197.19	-18.543
554.948	341.566	-19.0597
-263.717	198.21	-5.79116
-559.908	1260.42	-17.1944
343.263	-1062.2	72.0611
832.645	-811.234	73.7395
-1419.04	1441.88	-7.42321
-88.4826	-905.696	95.3643
-781.882	661.029	0.0334739
1315.32	305.825	-21.8401
-589.233	597.521	-11.6195
-1430.59	1257.51	-5.16935
-906.873	-865.206	19.0791
-1375.08	496.637	42.9823
605.943	-704.7	74.2244
-321.361	676.012	-10.8534
-1256.35	834.26	20.1274
1405.25	-55.8046	-25.229
-980.517	-1200.47	41.1311
1114.75	-0.399141	-20.6773
1042.38	167.551	-20.9165
1411.62	-1415.35	91.6009
1344.57	882.996	-18.6825
-462.342	1115.37	-19.4122
1441.87	-902.044	-0.341097
287.847	1239.81	-18.2686
-306.321	-307.582	75.1716
-576.918	576.024	-12.0794
1031.5	1487.78	-26.4583
-580.926	381.459	-7.73448
-643.053	142.384	21.4263
255.108	815.685	-15.6406
1337.57	-1325.86	96.2676
1350.62	-692.396	-6.68274
-478.232	154.605	19.1707
-865.066	-99.1861	-8.49996
-13.0141	1239.41	-19.139
-1043.92	675.033	5.46485
850.446	-469.869	-9.29282
-1447.19	893.62	21.8532
-396.929	-1155.84	32.2983
-583.197	1190.83	-17.3055
-963.087	404.889	-2.63903
71.5973	-259.77	31.6905
-715.61	1135.36	-17.8083
-73.8072	156.871	-12.9125
405.34	-252.051	-3.48275
1222.92	523.96	-19.9695
-38.6615	1333.09	-18.2398
33.862	421.712	-13.8988
369.604	92.7543	-10.6628
1299.21	-228.945	-17.4055
-25.6378	1267.24	-18.9823
236.995	110.891	-11.9039
490.036	-1307.61	31.0037
809.924	711.479	-18.1185
-317.487	134.647	7.78654
1297.47	-1008.09	48.6061
1172.05	853.419	-18.1968
883.566	-1313.65	36.7006
863.806	1371.02	-22.5005
-314.658	486.939	-12.2438
114.548	1489.95	-16.2978
-886.7	1330.9	-17.144
-623.44	30.5444	21.4756
958.229	394.367	-19.1393
1051.22	891.764	-18.9379
540.8	-956.92	102.291
-1093.01	-901.728	34.8388
1043.02	-759.868	21.8963
-383.269	-151.013	56.2015
1038.38	-1120.48	70.7601
-378.838	-1177.91	35.3161
273.461	-1208.92	43.7162
-669.686	-1015.56	11.9518
41.016	1162.83	-18.0664
-459.76	1037.88	-18.8058
-680.966	964.81	-14.519
775.962	1299.79	-20.3621
-367.985	-1115	35.9082
231.837	-268.06	6.3971
451.03	562.043	-18.3635
-993.867	-1480.45	57.4933
972.312	690.356	-16.9521
1441.74	-289.413	-19.4496
1461.85	-331.582	-17.1554
86.9646	-855.635	106.841
-31.0771	-1357.63	51.837
333.381	198.517	-12.9745
-327.516	-1081.68	42.7914
-1417.82	-361.568	-1.85667
1383.47	-1309.43	97.5209
38.4145	-594.488	74.0885
-1094.29	-40.832	-5.86544
-291.4	1158.56	-19.8756
-502.24	368.433	-9.05841
-1054.29	-205.91	-5.67517
-416.05	1417.35	-16.9203
399.815	-361.498	1.26685
-1425.34	-1344.31	74.6352
-537.967	1225.99	-17.7823
-994.07	1200.96	-15.2754
1361.55	1218.54	-21.5679
769.763	1312.78	-21.234
638.463	316.139	-20.3531
293.003	1216.16	-18.6517
-547.67	1304.3	-17.8961
463.938	901.127	-15.6331
-419.783	310.519	-9.15988
-308.791	1097.11	-19.9079
566.295	1191.49	-22.3684
1082.18	-1477.9	40.0337
135.813	-77.4405	0.998727
-73.0986	-1346.33	59.0164
770.865	1068.79	-18.7769
-1315.29	-236.363	-5.02546
791.992	633.251	-17.976
869.472	-242.053	-17.3017
-372.882	1071.85	-19.2786
956.54	1312.02	-18.1377
177.853	-823.721	99.7615
231.863	-926.666	102.762
-1206.47	559.727	15.8982
-1381.14	1208.68	-4.30227
956.408	6.73618	-22.1502
-1111.23	-1285.47	50.0733
-742.268	-717.832	4.40209
-704.464	-378.786	1.0308
1366.58	-858.389	0.967053
175.899	-1167.4	53.7598
-835.29	456.712	-3.4585
-5.67126	121.025	-12.0115
-859.095	206.089	-6.64351
647.045	1484.63	-25.6368
734.746	681.927	-19.7809
108.03	13.217	-2.82773
-779.072	359.563	-9.23127
-212.689	95.7114	4.94882
235.694	-1420.47	32.834
462.205	-667.362	69.1292
-523.805	478.26	-11.6667
514.07	80.0405	-13.3122
-172.081	-1417	61.3948
1024.27	-1309.91	58.3514
-914.768	-854.583	19.2419
168.977	1035.92	-19.3449
-1386.14	-457.948	1.85832
-34.4324	623.299	-12.96
-430.36	-288.336	34.8558
-1104.02	-1389.85	66.738
302.002	-1028.3	81.9437
-211.051	484.476	-14.6671
-1081.39	492.909	9.11242
-1046.03	-1015.89	43.4845
829.569	831.127	-19.1474
-721.946	1115.33	-17.9815
427.466	768.817	-17.8244
-142.314	-1044.67	95.8026
758.945	1498.99	-25.0862
795.424	877.462	-18.507
452.05	-556.048	35.4258
-936.416	805.057	8.99755
72.1119	700.825	-15.4203
429.038	265.28	-18.0904
579.458	1273.02	-22.0751
-954.608	1325.34	-16.5564
724.526	-600.458	22.1182
1431.45	11.8693	-25.0698
-789.244	25.4426	-1.92621
-885.752	492.146	0.336945
363.547	861.646	-15.9047
1268.8	-1301.11	91.193
-1074.07	-444.343	1.09751
-1265.35	1072.42	3.24238
-636.106	-1286.67	30.4151
1131.27	87.6463	-20.8088
-1063.7	-378.123	-1.20521
562.3	800.856	-18.4035
-82.6598	-1012.57	102.268
-473.472	461.938	-11.8884
1147.48	-1311.29	74.4999
499.535	1377.07	-19.5047
134.082	-728.545	78.7666
-912.649	1334.85	-16.6891
433.598	-841.601	116.402
-198.561	-213.199	59.5839
149.228	378.806	-14.3748
-1106.08	-1108.67	40.5709
979.825	15.8273	-22.5093
-1420.32	-826.653	31.7158
994.537	900.801	-18.6702
-1243.22	-1005.92	49.7831
-687.332	-1459.86	55.1955
-495.742	1234.54	-18.3834
440.899	-280.967	-2.78511
568.749	228.524	-19.7455
156.577	-742.096	79.36
-1499.2	-1467.37	122.175
-210.961	-1336.86	68.0939
107.71	797.268	-16.9882
1452.5	792.106	-19.501
-202.481	839.599	-14.5458
-601.83	741.281	-4.4782
1154.3	-1207.87	76.1359
1014.35	-726.667	18.3001
1226.8	1353.6	-24.9536
-1032.02	-664.852	12.8616
-1060.15	-1199.37	41.8095
701.202	-754.907	69.4836
1494.26	162.355	-27.1146
-859.704	-333.107	-2.37208
-1056.45	377.102	1.0491
-1268.75	474.729	30.0267
427.666	-584.806	43.7158
-1058	95.5075	-10.282
725.248	1135.3	-21.7627
-860.27	-1316.66	30.7489
-181.81	1263.88	-16.8555
108.977	772.81	-16.7052
451.926	610.191	-18.2382
621.557	1148.08	-21.6904
312.836	-1298.78	34.6148
-1146.6	315.221	-2.30801
-146.587	-963.309	88.1267
-257.212	-1412.63	55.1761
-1061.13	396.481	3.0445
1061.57	-1165.61	72.6378
401.606	-1413.01	27.386
388.111	112.14	-11.4398
1040.91	400.732	-18.122
991.484	621.636	-17.1202
-237.426	-1155.97	67.0564
-135.078	-603.637	117.008
1124.98	822.054	-18.7019
-1007.65	-1411.38	57.4652
-503.355	-1034.46	19.3687
-175.257	636.33	-12.4468
-639.993	-707.285	6.74598
-1152.87	-1116.13	43.1948
-380.754	-170.345	52.9942
729.748	79.7763	-17.6843
1042.98	769.856	-18.7212
-300.823	191.29	-2.28763
-1258.35	-1465.48	93.4835
-534.342	1132.83	-18.1929
1468.21	-432.781	-13.3372
1159.88	1499.85	-26.0814
-644.461	1336.13	-17.8851
1418.06	1430.43	-25.9958
1299.37	-650.696	-8.86956
1494.87	-914.233	-4.19356
276.634	856.892	-17.1176
1492.63	-542.211	-12.0454
516.125	-258.863	-4.18179
432.463	-238.817	-4.47216
-36.2804	-498.947	85.7027
685.192	664.288	-20.7082
-2.14669	-319.139	64.177
-1278.72	-751.083	28.8571
-1195.81	1112.72	-2.99756
744.379	935.888	-16.6289
1382.9	-818.297	-2.41071
294.797	-603.697	37.7057
463.376	990.994	-17.223
1165.22	290.868	-20.3753
1328.99	906.188	-18.7685
-1089.83	-890.768	32.9947
614.51	-827.693	92.3753
558.205	-1433.41	24.759
-1093.65	-1004.37	44.4982
-1312.76	-685.111	26.0165
-848.653	1225.7	-18.3616
-591.081	-751.67	10.6
-169.241	-489.614	109.634
-557.275	-1318.02	30.2953
619.581	853.652	-16.2687
-983.809	-88.8497	-8.59054
-660.565	-6.39986	14.0743
-1167.23	1406.69	-12.7848
-415.979	407.895	-11.5626
-349.673	-510.903	66.6114
-786.906	-692.476	3.69057
25.346	955.596	-16.7699
-1361.94	611.631	15.603
-1117.12	-116.754	-5.4439
-1122.89	396.633	7.06754
-973.427	-147.592	-7.34081
1037.22	1103.5	-14.8585
381.326	394.243	-16.6209
149.933	11.247	-4.82994
1427.97	494.073	-24.1372
1457.25	-1345.09	93.8657
657.907	-521.726	19.1485
1151.74	-802.047	17.0901
643.572	-1216.8	37.1188
1189.21	-1005.99	56.3905
-161.886	-450.871	99.2923
-125.342	813.97	-15.0254
1447.51	305.965	-25.8585
543.523	-686.885	75.1549
545.973	385.201	-18.8112
-133.897	-567.025	115.846
1389.12	-882.068	1.5906
914.595	1233.53	-13.0756
1179.53	878.175	-17.9246
-1019.4	-876.575	28.7034
1201.04	930.264	-18.3171
928.847	-910.077	80.2558
941.113	1116.56	-12.2549
-993.916	-1364.35	52.9148
745.699	-75.3835	-18.2616
-1199.85	484.456	18.5642
130.716	503.202	-13.4733
974.248	1292.41	-17.1387
489.59	-1227.02	36.5216
1495.53	899.947	-22.0589
-187.594	-383.577	93.4041
-927.638	-1136.15	36.428
-767.761	1246.04	-18.6354
-75.1151	283.084	-13.6388
1234.1	-104.748	-17.8942
-1483.72	949.857	21.6525
-1242.27	-254.722	-3.42172
-858.408	-270.59	-4.03828
-703.242	-795.468	6.95996
-940.889	1405.78	-15.8166
883.999	1030.59	-14.5443
460.928	125.934	-13.3514
305.683	-92.0724	-7.23891
385.648	1252.77	-20.6517
-50.0376	-1466.34	49.0717
257.458	-1469.87	30.8072
-881.237	-1273.35	34.3157
-804.569	-1125.19	25.6888
-350.379	251.291	-8.59323
842.753	-701.233	32.069
221.437	-301.255	10.6036
39.9196	-985.959	99.8632
-712.962	695.602	-0.657225
1449.64	1383.56	-27.1465
-413.634	384.452	-11.2997
867.551	785.837	-19.0267
414.776	-1443.93	25.5856
-1114.95	-1326.9	56.5638
-375.265	1122.96	-19.6684
403.056	-894.738	119.065
-504.414	-555.444	19.6495
1239.6	718.625	-18.7558
-104.87	1218.65	-18.4868
-896.828	-385.995	-2.0597
-380.783	-247.19	47.4485
1224.48	365.92	-20.0344
349.988	258.124	-15.1175
-464.462	-793.088	21.689
1028.86	1437.09	-25.8628
1233.69	-683.538	-7.5074
677.534	-537.15	17.8528
1497.53	-363.454	-14.9115
282.65	-409.585	11.504
-700.822	644.519	-4.64178
1337.08	619.04	-20.155
567.424	798.783	-18.4893
-519.764	-60.2616	39.3841
-754.48	-776.75	6.28995
-1215.23	-755.04	22.4381
-379.276	-1353.9	38.0715
883.002	-940.2	80.0424
1278.9	159.689	-22.7739
-1478.68	1407.85	-6.40786
389.85	613.515	-16.9489
-339.638	-769.332	42.0955
1154.71	-483.962	-9.53696
421.924	-857.434	118.901
-950.553	-986.98	34.1771
-1425.72	269.252	4.86128
-1201.38	430.896	17.6436
300.685	587.609	-15.8258
-205.129	831.328	-14.3483
606.921	839.085	-16.6966
-1387.06	-815.391	36.1118
263.31	-251.588	1.37637
47.8428	-1106.65	83.7472
239.845	1284.48	-16.2127
129.851	1299.22	-16.3686
285.809	-417.504	12.0771
1145.23	-564.358	-7.14751
170.405	-1075.93	63.8291
-1019.73	1272.75	-16.6862
827.559	637.051	-17.5625
-726.864	-851.252	9.03452
-1245.21	1396.21	-11.0312
997.554	1186.98	-14.4638
-1334.05	-628.143	20.475
1290.4	-203.146	-17.5961
1226.87	-297.605	-14.5595
279.792	-1128.71	55.2281
-514.672	1266.16	-17.9789
923.922	-573.023	-3.37147
949.227	-974.727	74.081
-1127.5	292.173	-5.13937
-981.602	-1358.55	50.4111
-969.634	-564.059	4.85045
-934.22	1392.01	-15.9217
-835.1	425.734	-6.43092
967.647	896.533	-18.5582
-115.413	1068.75	-18.3925
644.423	511.338	-18.7343
1080.88	-283.656	-12.9811
454.192	648.004	-18.7223
-1078.46	-907.117	36.2596
-1170.54	697.185	6.2769
141.739	-1238.4	46.6318
490.443	-770.38	95.7017
-710.555	-305.337	-0.45439
37.3398	-397.675	67.7716
-45.4449	605.614	-12.6992
-1287.2	1072.06	4.96285
310.802	820.913	-15.0599
1387.64	919.825	-19.6907
1079.38	800.481	-19.1693
-1314.59	-1240.46	52.3457
175.773	91.9439	-12.2286
285.934	425.25	-16.5978
628.387	-468.494	13.0219
1164.89	-1002.42	56.3547
-874.603	1247.61	-17.8499
-1302.2	1381.13	-9.89403
-184.402	-1482.7	56.8327
80.1636	688.566	-15.1817
-996.501	123.341	-10.1218
995.779	978.156	-16.3842
642.775	823.995	-17.5545
861.496	-899.247	84.4385
93.9051	-164.275	14.3575
232.951	-391.373	13.1582
266.539	193.559	-14.0262
679.76	889.266	-16.1624
314.08	1257.23	-18.8819
1327.3	-293.84	-17.5597
-12.6816	628.484	-13.1784
105.044	226.874	-14.6744
-1263.27	-324.057	-2.0978
-310.812	424.977	-13.3736
-515.137	117.298	27.4213
-255.452	3.87137	31.7817
-742.352	-1041.95	15.0574
264.848	145.815	-12.5437
-1319.01	208.55	-3.8665
68.6162	563.773	-12.0207
-1498.64	-212.617	-0.743492
1003.45	-1285.17	59.5006
-472.577	1042.5	-18.6358
613.905	-173.199	-9.04091
-1492.09	518.391	48.5918
24.3345	-1219.49	60.7037
377.775	-64.0549	-9.07571
487.297	-1391.9	26.7536
1482.51	345.612	-26.1276
-894.431	-1066.21	30.1001
-1422.64	-787.417	28.1461
712.151	-1012.95	78.2014
-532.036	214.248	5.82871
-850.001	908.641	-1.55513
490.722	-661.224	68.6955
-1271.34	1470.36	-10.3208
1319.36	21.0255	-21.6945
-499.89	1464.26	-17.15
464.657	681.961	-19.3667
-1040.5	-1266.3	50.4577
-546.082	-780.025	14.2705
-896.865	1082.53	-16.1592
826.542	5.5231	-18.9817
-1415.07	-687.461	26.0484
-1135.9	664.197	6.70021
1380.31	777.374	-19.1583
-1260.01	-1409.05	82.5987
1080.22	384.874	-18.2102
35.2791	1295.19	-18.4739
-840.511	-373.816	-1.62509
220.765	655.53	-16.0404
83.4382	-919.372	100.914
1398.02	915.221	-19.8671
-810.504	-641.063	2.49259
1345.07	1147.37	-20.6792
1145.68	257.248	-20.5912
-652.231	734.545	-1.55954
-149.847	256.745	-13.0749
-1498.96	-569.682	5.94085
395.838	625.759	-16.986
500.406	-865.558	114.95
712.77	-246.416	-13.9584
-1334.08	946.013	34.4223
852.978	356.164	-20.5635
-1019.57	1379.24	-15.1916
28.7802	-508.653	69.8025
730.981	-1181.17	37.8349
-765.103	670.241	-0.367962
-526.791	906.821	-16.9182
1139.24	921.042	-17.8887
258.872	-1314.64	35.3685
108.44	-175.828	15.1997
1234	-366.045	-14.6499
-1366.42	-924.182	41.1726
-1308.79	-231.013	-5.22984
-651.071	-475.634	5.06885
-869.022	61.4318	-7.17623
79.4872	-427.527	53.8264
-772.471	709.118	2.13523
-881.21	391.039	-6.95894
319.529	157.206	-11.7466
882.671	-876.187	85.2027
1178.69	-1005.65	56.659
-705.452	1206.53	-17.8631
1090.09	-1485.77	40.4485
393.889	-1364.65	29.5975
-28.0928	789.705	-15.7394
1403.41	169.841	-24.8505
-713.744	98.7276	9.98699
-1290.85	-1024.68	56.1421
-479.295	-1373.03	34.282
-119.262	-864.562	88.5703
-873.519	-1433.6	40.9472
174.723	1188.68	-18.4823
-614.085	1287.14	-17.1706
-516.079	-890.417	17.7383
-860.398	475.71	-1.4054
-824.254	1184.81	-18.5194
-785.469	-937.183	12.6128
-1046.62	102.664	-10.3096
-1278.46	1400.26	-10.2931
1186.4	-833.778	17.8415
-387.753	134.926	14.5004
-1215.77	-874.114	33.7532
-1264.79	-1148.92	49.4626
988.688	-1211.75	65.2861
-30.8575	-1341.11	52.6152
-633.471	1493.11	-16.7923
535.964	-89.5971	-9.51499
593.912	-571.202	33.8457
207.103	18.7732	-6.50001
-680.677	144.045	17.2318
722.38	-772.449	71.4906
-753.061	-1345.24	40.0533
1330.57	-888.335	6.30164
727.684	952.459	-16.7064
1323.73	228.736	-23.5733
492.426	1070.14	-20.0669
166.619	261.135	-14.1488
-784.524	881.373	-2.64688
794.405	-1372.75	24.8203
629.374	1138.58	-21.6236
1317.56	-1253.56	97.1652
480.542	-1163.57	44.6803
-1433.44	1357.81	-7.05953
-764.366	1039.18	-16.1566
817.692	1191.41	-16.3636
-741.728	-1275.84	31.651
-613.957	-52.1508	20.1304
-511.769	1300.71	-18.2651
734.963	1160.77	-21.5436
923.522	-168.516	-19.0523
997.04	451.918	-19.1082
651.854	-1217.15	36.8584
304.892	-944.903	109.521
-1399.28	-1403.46	88.6813
53.7689	-774.11	99.0247
976.548	-796.816	47.9144
-1160.07	1424.89	-12.9658
-641.272	-224.978	5.19319
171.548	377.215	-14.5266
62.3368	948.154	-17.5517
-801.826	355.274	-9.45754
-137.288	1187.51	-18.6468
-512.088	153.4	20.0112
904.595	1416.15	-25.2599
-41.1067	-655.92	99.1893
-401.321	791.12	-12.3159
-720.064	-619.437	3.18775
616.195	352.94	-19.3508
-1432.71	-332.457	-1.82185
-1173.41	-283.132	-2.90069
70.2433	-581.602	63.6337
995.882	-5.69272	-22.6507
-64.1497	-681.205	105.843
1280.63	434.141	-20.7493
-572.165	1288.99	-17.4055
1348.52	328.586	-22.309
39.3699	287.347	-13.772
-1142.83	1253.6	-14.1269
1372.17	-1442.97	88.7127
-890.097	1391.93	-16.4071
503.359	203.498	-17.3276
-747.354	-1329.83	37.8515
879.938	715.539	-17.6835
953.53	-1097	69.8014
-13.5857	1402.42	-17.1135
-54.1831	1063.9	-17.1088
-817.025	-345.383	-2.02062
-182.789	1304.1	-17.0092
-508.078	742.82	-7.58294
1322.31	-778.406	-3.82898
1158.79	-178.874	-15.7251
459.151	-994.767	92.8563
-714.019	-490.892	2.35001
-128.015	-1051.04	99.6846
-1117.67	557.366	9.1859
90.1697	-789.815	97.7268
765.988	-1395.49	23.8014
-3.15583	946.579	-16.2978
530.909	-487.533	20.9619
-761.176	1170.2	-18.4494
304.619	1000.15	-17.6729
247.11	451.28	-16.1615
879.543	671.55	-17.4102
-1273.55	-7.17632	-9.47936
-999.358	-562.546	4.9045
-556.435	-982.915	15.1698
-736.391	422.775	-7.88963
-800.928	-166.953	-5.51524
289.558	373.302	-16.0284
447.738	363.199	-17.5974
-1095.64	985.262	1.66865
1425.1	1091.81	-21.5452
-562.912	-239.133	13.081
446.693	-1400.66	26.7113
-814.116	509.365	1.37672
-913.232	695.403	4.19118
-1439.3	-1412.78	97.8172
-1426.96	-1032.97	35.5723
221.53	-1408.24	33.6229
1206.74	-891.448	25.8056
727.748	-475.904	2.81094
-252.748	-853.489	56.3365
-983.902	1014.35	-11.4713
-977.611	1357.65	-15.8666
-81.9265	595.726	-12.9059
299.432	-1281.4	36.4444
344.73	-147.619	-6.0895
-1490.01	732.096	6.49335
1498.26	-287.581	-19.2928
1246.51	-1144.47	84.0811
-302.417	-835.676	45.5339
88.1898	-484.12	51.0382
-1417.79	-16.1915	-4.9542
1358.34	203.99	-24.346
1043.69	-826.683	45.783
-258.023	730.371	-11.5383
807.939	781.685	-18.7594
106.649	394.721	-14.5239
1455.63	-136.499	-23.1909
611.642	39.9239	-13.6915
683.616	-1068.54	63.1742
-1159.91	-1057.97	46.1341
-606.556	248.661	1.95687
1352.4	-850.321	0.773124
1210.01	77.5056	-19.8069
1397.25	906.975	-19.7117
191.818	-225.356	9.14383
785.165	-792.512	70.6417
-1189.72	-107.213	-5.069
-979.118	-301.344	-2.93575
782.945	100.802	-19.9271
1140.47	-1010.94	57.618
1085.71	-321.046	-11.6165
-448.026	-94.8227	51.2774
835.76	-790.855	66.229
-204.68	-1262.8	68.7861
729.297	743.474	-19.7545
-901.827	418.745	-4.34154
-1269.57	-340.208	-1.75293
-89.0132	134.342	-9.39199
1406.41	-522.455	-12.0445
1038.35	319.116	-18.1744
-418.784	-1365.55	33.96
-329.657	-450.896	77.5149
-205.343	1092.19	-19.0187
-860.429	243.21	-9.2171
1184.79	841.691	-18.0711
916.723	59.8459	-22.0053
-1035.88	-917.418	38.3969
10.2154	1122.38	-17.643
-925.17	135.7	-9.18531
755.284	-1304.38	28.3101
672.062	-376.24	-3.11697
-617.037	-1162.52	15.8578
373.133	-955.9	108.397
-714.424	1139.81	-17.7721
392.386	-58.4224	-9.40616
-517.444	465.227	-11.5185
99.8635	-315.271	36.0248
214.765	-1186.68	47.8606
263.557	-1105.18	59.6961
-1183.45	-1248.45	44.9616
1137.87	228.141	-21.0363
109.481	958.856	-18.6285
-843.646	-1122.49	29.7677
685.107	-867.031	88.9906
1329.89	1416.22	-27.5994
682.275	890.178	-16.1722
-283.388	-854.182	49.0611
-558.911	619.384	-11.1113
-822.242	-1228.8	30.8496
195.401	-251.463	10.44
291.731	329.017	-15.3632
896.798	-666.36	14.2187
-1396.4	-1003.27	41.5652
-5.55873	-153.172	22.4367
-420.453	1476.62	-16.1376
-340.509	274.914	-9.99444
-942.118	-1205.89	40.3274
1026.2	-46.0116	-21.522
1461.37	-755.853	-7.02298
-558.632	409.226	-8.99822
-74.6352	-539.554	100.912
900.241	-572.089	-3.28868
119.829	-184.168	15.747
1469.34	1427.05	-26.1775
308.246	1244.32	-18.9192
-1150.98	-198.903	-4.84096
127.097	306.14	-13.4523
-583.14	544.363	-11.712
-1061.76	-208.593	-5.58723
-835.875	-69.1228	-7.29433
208.501	-1311.64	36.4483
-1446.49	-15.329	-3.68138
-903.788	-1188.98	36.8614
-1437.39	155.709	-3.46491
738.276	-1295.21	28.5039
200.615	-365.002	19.0061
387.954	-261.526	-2.35935
571.47	1043.01	-18.8747
-1000.78	-813.706	21.0047
-307.06	-377.511	84.3908
1380.76	1190	-20.8227
-871.049	-383.094	-2.01575
555.071	781.136	-19.265
865.115	-658.171	15.4551
-968.608	-1363.48	48.2709
1214.18	-387.218	-13.7978
1013.84	835.252	-19.1398
-1139.35	-1108.67	42.6437
-441.112	-506.984	32.3704
-380.085	-968.153	32.6294
-1429.31	-1133.15	41.6541
489.849	-732.415	87.8882
-314.981	1432.32	-17.2156
-165.604	-498.647	110.468
-390.978	-959.126	30.9286
1445.38	-102.182	-24.2701
-561.097	13.6126	33.7889
-292.527	-510.751	88.0196
474.387	-105.663	-8.71103
1050.45	-91.4372	-19.3754
492.152	52.9167	-13.1332
1258.79	999.272	-19.4032
-1016.81	-1019.15	42.7141
-92.255	-290.912	67.9289
-60.504	-1151.32	84.5523
-313.761	-898.142	42.0066
-1370.35	106.427	-6.73192
-1242	813.536	15.5449
227.937	54.646	-9.76066
936.497	395.037	-19.4747
-1391.79	-67.7289	-5.59968
1060.61	-816.531	38.1064
948.583	794.843	-19.0273
925.268	1109.31	-11.9204
-257.478	-529.892	101.304
-33.2632	-1159.02	80.2114
1488.2	515.131	-25.6258
507.013	-1352.28	28.6303
-84.1433	-709	102.984
1348.14	-1321.38	96.8187
1162.83	-1478.18	51.3612
1273.16	-415.637	-15.1048
925.5	-557	-4.49751
-468.16	-156.811	35.111
-1328.19	-493.277	5.96555
-756.533	333.256	-8.48983
816.517	683.591	-17.9183
646.941	166.525	-18.9855
1035.9	16.1987	-22.4713
-150.542	562.789	-13.6006
-1163.77	-856.27	28.9688
1127.92	-524.586	-8.09705
81.9633	-27.3174	-1.71862
-455.032	454.267	-11.9425
906.667	1489.37	-24.7731
-1061.35	-1259.28	48.484
-109.395	854.605	-16.3285
549.179	-1336.02	29.5021
654.729	818.885	-17.9581
-1065.83	-1013.21	43.9368
-161.19	178.804	-10.2572
467.79	-1454.02	24.3804
73.9048	290.15	-13.7045
886.719	-1321.01	36.0878
-664.082	-138.848	6.71416
190.389	807.54	-16.3568
984.331	-1329.44	48.9586
318.123	-549.048	24.1154
325.251	-905.368	116.934
155.038	-557.674	39.0576
-412.054	571.328	-11.7966
-1271.59	-1130.98	50.3357
1435.82	-1240.3	97.1105
485.966	-973.491	101.051
-1215.22	856.209	20.8865
848.895	151.268	-21.7299
1013.61	669.413	-16.9631
538.724	932.742	-16.4589
-1238.42	-262.713	-3.43413
-722.569	803.799	2.45989
143.664	-390.567	33.301
-310.856	1413.42	-17.4005
92.9628	636.044	-14.0701
1328.07	236.463	-23.6394
-219.113	-545.498	115.298
-870.516	1013.09	-14.1145
-676.857	449.153	-7.2916
305.514	635.048	-15.5928
-1123.11	1463.29	-12.8202
1491.05	611.37	-21.5689
1480.53	68.8443	-25.5913
-1407.26	763.715	7.38606
-869.642	-1271.03	33.1992
276.359	-1481.61	29.4064
-1360.63	-460.691	1.98144
626.233	187.362	-19.3842
784.895	-748.504	54.8118
-243.41	-272.263	64.7081
92.502	-1480.21	39.748
-655.605	-363.405	3.1932
594.727	545.267	-18.6606
-1449.9	104.829	-4.13745
-931.505	-43.4981	-9.84333
1042.3	1328.99	-21.1744
-1211.59	111.355	-10.8408
536.384	274.018	-19.8198
-1166.74	866.685	17.4034
-1438.46	-1470.48	116.444
1353.22	-350.706	-15.3477
-21.5082	-1180.01	73.5638
-627.777	-1255.41	26.1515
1095.38	1410.99	-25.3768
-1371.96	-805.739	37.4922
213.31	243.995	-14.7772
1006.4	-80.7413	-20.4516
193.014	-1403.62	34.87
877.243	1216.62	-13.8899
-976.534	-47.5955	-9.21886
-801.451	266.977	-6.17532
-1326.66	-204.83	-5.86954
-930.887	1454.76	-15.6922
-607.764	-858.939	11.7385
-224.669	1071.4	-18.8547
438.597	762.574	-18.3226
59.108	129.76	-13.1718
-580.558	-398.249	8.08186
60.6678	402.225	-14.1656
757.207	233.349	-21.7898
-1465.8	-1050.09	26.5112
-1034.74	224.173	-10.388
-1176.53	-149.241	-4.75482
380.612	449.947	-17.274
603.648	-247.812	-7.65851
1364.34	-369.244	-15.0529
918.06	828.845	-19.0173
550.161	1485.33	-23.2484
-24.1986	33.9771	-2.00562
295.734	-1254.62	38.8706
-579.734	-772.83	11.6346
1264.13	-525.749	-11.234
1242.44	-320.065	-14.9185
1443.18	-93.5203	-24.5359
1322.28	-1411.69	91.1113
-246.867	-1219.86	61.9266
1358	21.6082	-22.9554
1031.77	-265.888	-15.3914
-1321.94	-1263.72	55.0538
-285.746	-1378.72	52.9509
1455.76	-128.623	-23.3968
-1431.09	-1232.26	48.2998
205.528	-179.15	3.87136
760.399	301.139	-21.7614
-828.351	-166.431	-6.70934
121.931	-809.599	98.9785
67.2375	667.969	-14.6314
238.754	120.983	-12.2406
1480.57	414	-26.1519
-587.425	1085.01	-17.8947
252.653	1200.14	-18.2763
573.478	-717.54	80.6802
1031.51	1345.93	-21.8527
-16.0376	-1238.24	61.8132
1371.58	1172.19	-20.7331
-1358.78	-424.273	-1.02399
119.284	-99.609	2.38242
-955.639	1248.8	-16.4734
37.5487	-587.088	73.6189
818.209	-147.005	-20.1682
1041.58	762.109	-18.5694
305.578	313.863	-15.3712
-1359.96	1165.11	-2.52543
817.592	338.915	-21.0436
-335.011	-254.243	61.6912
-445.236	-805.952	23.9453
-943.652	178.119	-9.53162
-1152.64	-1104.5	43.8126
-1315.44	1495.21	-9.93208
119.748	-1202.59	53.3396
-665.725	-262.384	1.41711
781.467	304.93	-21.6402
1336.7	500.073	-20.7513
-1188	-767.209	20.7904
-416.594	1476.9	-16.1526
707.349	-132.804	-17.8233
-493.22	379.838	-9.61538
906.363	-185.576	-18.7065
577.842	723.971	-20.9837
590.819	-1044.54	71.2699
1468.41	-997.225	7.08664
266.631	1336.8	-14.9092
641.444	-513.048	19.9373
-1464.43	1285.9	-5.6536
136.949	943.325	-19.1692
800.772	1021.23	-17.7149
906.938	-100.155	-20.4187
808.527	-347.33	-12.2895
446.222	-762.909	97.0407
336.94	-905.854	117.43
-760.01	-206.563	-3.93403
-851.448	-369.364	-1.77031
811.932	-921.803	83.5595
-908.941	-291.012	-3.25725
282.954	733.312	-15.7684
355.564	-574.09	33.3125
-422.085	319.335	-9.48729
876.651	-685.924	21.771
859.377	168.221	-21.7419
-519.717	588.658	-12.2731
-572.095	1412.01	-17.8426
-48.1296	1291.92	-18.5871
128.254	1005.56	-18.7977
48.2497	1406.98	-16.9263
-743.091	1377.03	-18.3945
-1177.44	-1251.4	45.2526
500.723	706.705	-20.6602
670.112	614.691	-19.9335
1494.17	-394.168	-13.5487
1279.28	-1252.55	92.4884
647.155	-1394.24	26.2894
383.616	-657.019	57.5318
750.212	-499.643	1.53871
841.355	-1307.09	31.2942
-1297.75	1367.61	-10.0641
-1134.02	919.066	11.0971
-366.548	1454.98	-16.6757
-888.816	-684.972	8.96153
-593.885	928.332	-15.2811
1205.43	-390.72	-13.4113
-227.442	-249.149	63.6691
990.983	893.644	-18.7062
-239.055	578.931	-12.4456
-1348.22	-1364.7	75.1897
912.347	-1368.67	32.7328
492.298	-992.081	92.5371
-273.207	86.7446	15.2116
1466.53	-193.63	-21.4008
-429.435	-610.225	32.1709
28.8633	-966.05	101.853
1131.04	-989.613	56.9765
1095.56	177.995	-21.1166
-190.396	490.45	-15.0104
185.681	513.418	-14.174
-1334.62	602.453	18.1237
452.613	-308.347	-2.06571
-1131.46	927.887	10.1914
524.985	-1410.74	25.7683
165.422	-233.005	13.7817
172.975	-867.426	106.421
976.76	964.321	-16.6991
85.5949	-1303.55	42.2675
54.2465	1310.25	-18.2075
729.818	245.989	-22.0505
0.964627	-457.295	74.9663
672.816	1369.26	-23.8357
313.136	-672.857	56.6593
1356.12	-227.38	-18.7363
427.28	1332.23	-19.0035
902.832	505.285	-18.3124
-1233.56	-1150.87	47.1172
-282.385	-893.456	49.3367
-37.8607	-1198.57	70.3305
-894.467	1496.34	-15.8353
231.783	-17.5073	-5.97925
73.0804	306.699	-13.4952
226.878	108.296	-11.977
-227.208	-289.415	70.7221
-553.638	-614.695	13.1886
-652.521	-1192.08	18.453
1378.81	-1493.39	74.9428
1370.05	-268.707	-18.8894
-848.387	-1436.3	39.6681
676.882	-362.282	-4.94388
-1328.97	1082.61	6.47443
1481.82	-570.92	-11.3361
35.1484	1217.56	-18.5209
637.773	-1201.2	38.6173
657.406	-41.9874	-13.3926
418.522	-198.677	-5.91554
1466.41	1062.95	-22.2435
-1116.87	162.577	-10.3025
-130.58	1346.15	-17.7721
-295.774	-526.042	87.4541
-100.441	1391.6	-17.772
62.5321	596.891	-12.8038
74.3114	247.472	-14.1278
1129.2	1490.98	-26.261
1258.17	-807.301	1.8375
442.175	-1214.06	37.9329
-1362.47	1386.78	-8.57863
436.66	-1289.49	32.1323
453.131	1264.81	-20.9514
-1413.04	1041.12	20.3335
643.453	-139.783	-11.7072
-1336.45	432.309	39.3005
-607.245	-503.253	8.00738
748.181	1390.89	-24.522
-1167.23	-164.728	-5.01459
-1430.85	1211.31	-2.98244
-1365.3	34.678	-7.57978
-582.219	762.683	-7.169
1210.58	-408.835	-13.3997
-775.816	1192.53	-18.8344
-1385.61	370.14	30.3994
595.579	830.516	-17.0765
433.76	975.672	-16.5548
255.288	-814.382	100.634
1278.05	-676.786	-8.63465
172.91	1401.66	-14.8398
889.02	955.392	-16.8979
-375.642	-1307.68	37.3542
110.175	-1358.33	38.9219
-459.947	-1430.04	42.4191
690.157	-642.086	40.3736
1094.23	609.161	-17.6999
571.062	-743.451	85.4268
1460.47	496.896	-25.6517
715.758	-709.549	56.5634
1083.07	721.116	-18.0063
-875.295	-1157.15	33.8468
-1386.72	-26.8868	-6.20855
239.729	-787.793	91.9984
94.8985	540.31	-12.2439
-982.199	158.387	-10.0676
565.132	-833.075	101.089
638.969	176.441	-19.2124
-0.346653	24.7142	-2.57554
786.99	-1456.36	21.9712
1477.86	903.086	-21.6592
575.09	771.479	-19.7649
1196.32	-256.618	-14.3755
1461.3	-1162.12	66.3525
1285.71	1378.53	-28.11
-1420.69	-920.123	34.702
-633.157	-190.705	8.03533
-1066.43	-788.459	18.9836
190.227	-968.55	91.1892
-107.113	616.297	-13.3857
-1398.83	758.122	7.27949
-761.939	189.603	3.38295
-353.702	-1241.42	40.0444
-516.14	419.743	-10.362
-1430.61	1397.56	-7.29525
-127.367	-1317.97	66.8248
-460.664	-853.289	22.7321
908.731	663.567	-17.1484
-1154.15	101.388	-10.7251
-562.726	-800.594	13.0974
1093.97	1430.19	-26.0243
853.934	-1239.01	38.9986
-971.321	-1027.49	39.4279
857.128	1043.82	-15.307
491.832	-974.825	100.194
-484.081	-1081.27	20.836
693.438	-446.625	3.45501
-108.473	1065.24	-18.2827
-1046.17	1263.56	-16.4923
1258.4	1245.84	-19.6311
-489.681	-394.973	22.4271
525.455	-553.034	35.7974
8.83829	1197.61	-18.6375
-325.529	-1397.4	47.032
-1386.06	-1226.11	48.5064
1463.32	605.036	-20.8651
538.274	-997.48	88.2896
-850.269	878.143	2.74848
306.532	424.581	-16.6738
-10.8365	152.837	-13.6277
-1066.95	-662.935	11.9978
381.296	1482.23	-16.6965
671.236	35.8891	-14.9777
1431.24	-944.357	3.34124
-502.511	-940.123	19.5523
-352.768	1382.66	-17.6713
1399.95	626.444	-20.5513
810.601	390.231	-20.4226
67.8611	-449.392	56.9916
1362.15	-533.647	-11.6755
-482.696	111.618	27.2309
-1271.65	-751.422	28.0814
-1049.22	1298.26	-16.2835
1202.7	-315.701	-13.7295
658.321	971.903	-16.9564
1137.81	-1435.31	56.8717
-892.652	-1195.89	36.3861
-798.341	-1178.24	27.0409
1143.48	1086.82	-17.5685
-672.422	-812.797	7.78531
-805.322	225.079	-3.54906
-1047.28	1476.73	-13.8715
923.722	1115.51	-11.7798
747.618	-579.085	12.1565
-13.5398	891.071	-16.3317
1265.2	826.929	-17.8137
790.752	538.614	-19.0578
531.979	992.569	-17.669
-984.995	-1144.28	36.4967
-638.713	1145.11	-17.2203
765.598	22.857	-17.5497
-1329.63	-694.079	26.9026
-864.049	-1076.77	27.3016
903.883	-754.178	44.7371
-206.063	-314.203	78.0643
-31.5716	-275.678	58.3371
-778.366	-734.754	4.94193
633.904	770.058	-19.6261
-446.925	-1387.58	36.5174
-1103.27	-1110.78	40.2247
-1380.62	293.309	8.52441
1380.23	164.866	-24.4507
260.869	963.238	-18.8574
-966.529	242.679	-10.7487
561.259	-1336.02	29.5875
-1361.31	697.879	9.58089
185.863	-1051.52	68.1222
1217.73	-375.708	-14.0743
-1326.07	-1161.9	49.9665
762.477	-615.579	19.5826
-954.221	476.901	1.23278
1103.06	981.601	-17.7485
-1367.47	352.799	24.3958
950.994	541.189	-18.1356
496.828	841.753	-16.807
-1266.22	121.031	-9.8014
-274.857	-294.545	71.2896
1388.33	-35.1124	-24.2512
-128.531	-20.9493	11.7827
-105.679	-850.765	92.4848
1242.71	-1163.11	84.2924
511.83	-497.722	22.5738
372.295	-564.488	33.2882
810.778	524.464	-19.0547
-284.19	-1245.79	53.3037
204.195	-828.681	99.2237
-726.71	-1265.71	29.3002
-1119.16	-1318.01	55.1947
-503.838	739.38	-7.18509
614.443	1121.37	-21.2144
108.378	-1213.32	52.7519
1283.07	1026.34	-19.8026
-872.018	271.32	-10.2286
-439.461	231.692	-0.903451
-1168.61	-774.735	19.5171
61.5349	-171.842	19.2131
574.001	-1476.9	23.1615
1066.03	669.898	-17.0487
-1330.85	-1045.87	56.7974
-1258.5	-1214.62	46.8851
403.017	-1063.16	68.9064
812.198	-230.42	-17.2776
1100.39	-600.934	-4.35286
-648.019	-1216.54	21.4272
-1461.01	485.924	50.6948
694.693	-670.391	48.6051
-862.225	1104.54	-17.4978
-354.744	1119.31	-19.7487
780.909	272.046	-21.7019
-462.88	-104.872	45.7652
1401.01	205.988	-25.0609
374.837	-608.436	44.5322
-710.228	-142.594	-1.48019
101.693	680.533	-15.3781
202.468	1147.18	-18.8298
-253.978	-62.6695	44.1167
-713.32	-1224.89	24.2713
1080.01	616.031	-17.4869
219.701	628.264	-16.059
378.149	1314.65	-18.2325
8.59193	-1473.23	44.7688
785.989	-244.163	-16.1905
-196.301	518.721	-14.1159
1399.99	-1464.72	82.7219
364.217	-1339.86	31.5375
984.158	-1057.08	67.5736
197.342	1438.07	-15.1253
138.646	-876.858	103.114
951.624	-246.905	-16.8142
1393.89	-1222.69	97.3238
196.955	-1468.19	33.85
1424.16	-1082.48	44.414
-1360.05	61.9677	-7.89449
-739.614	271.445	-2.77244
-771.896	-551.173	0.70119
-997.026	-637.754	10.9848
-727.26	764.496	2.29233
-935.005	1257.05	-16.6799
-1496.7	983.438	21.4823
-712.373	-18.1735	3.93579
1272.29	1177.7	-19.9507
1318.28	276.494	-22.7115
-518.411	6.46349	42.7353
-699.572	-718.73	4.59337
-1086.73	-597.501	7.27932
-700.24	756.781	1.00369
1462.96	-608.653	-10.2975
-1494.17	674.91	9.33703
869.186	-20.9333	-19.7423
1430.61	535.178	-23.5014
-332.889	742.031	-10.4078
-669.078	495.525	-7.30958
-159.669	1248.68	-17.4055
-1009.18	330.477	-6.53157
939.893	-617.232	3.05923
-573.044	-392.434	8.50558
-1171.92	-986.019	44.1549
-616.406	495.959	-9.18993
-1361.43	1045.67	16.4122
-616.292	935.265	-15.0279
113.439	1291.77	-17.141
-23.1455	-1072.12	100.077
-1067.87	955.57	3.60801
-559.18	632.069	-10.2687
890.264	-533.254	-5.97367
-584.869	-1447.07	45.9699
1182.41	-1075.27	67.4236
1206.19	238.635	-21.716
170.049	271.265	-14.1043
-1326.8	-1138.79	50.8399
1420.71	-216.471	-20.436
-1470.57	1335.27	-6.28785
528.406	386.256	-18.7273
616.59	1397.15	-23.0556
1045.74	-92.3311	-19.4764
132.234	10.7011	-3.84427
-1381.51	731.229	8.32856
-573.534	-1495.09	53.1991
1344.69	1349.84	-25.9363
89.6989	-443.528	50.0744
305.473	738.676	-15.6067
796.435	-171.567	-19.3037
1139.89	-1257.56	76.7208
-1294.69	-931.954	49.1211
-288.83	482.25	-12.8362
-773.834	-646.77	2.55093
-1112.01	-1077.5	43.0568
-1266.78	1262.82	-10.5465
-256.74	1344.39	-17.4613
1226.23	530.796	-20.0814
170.263	1051.49	-19.249
-1000.31	-609.688	8.60029
-432.305	836.187	-15.2447
-543.917	362.497	-7.88739
-578.853	-1130.62	14.9542
803.668	-1324.32	28.2512
197.814	-547.863	31.3119
1262.46	-1276.67	91.1678
-1032.82	-770.152	18.8218
-460.072	-1489.09	55.5043
731.306	-1304.83	27.8738
-295.453	-800.569	49.4724
-663.675	929.532	-13.687
410.586	-1213.2	38.941
567.229	-396.649	5.09555
478.122	-1369.85	27.8662
-121.26	159.578	-10.438
943.389	-556.723	-4.62855
-809.721	1250.73	-19.0308
1000.91	520.913	-18.6461
-1266	425.672	26.4923
-491.413	815.888	-13.0122
-270.172	-537.318	97.0257
-11.1384	-1.97877	-0.226228
677.697	421.888	-18.8536
-1199.26	-1133.01	45.5274
-874.994	-541.015	0.359445
-866.597	-1053.6	25.1399
-1285.29	-1485.09	98.075
313.102	-792.301	98.7421
-36.7103	-26.1476	2.02336
-1253.45	-228.526	-4.21072
235.697	737.93	-16.081
-493.345	-58.9377	45.6687
-45.8131	176.965	-13.7572
-105.623	-588.778	113.195
-834.639	-1148.23	29.9973
897.817	1261.33	-14.8286
-1482.27	-744.821	13.6409
-96.0101	-51.0541	12.3895
-1135.49	1174.33	-10.0594
-260.934	-1429.89	54.3669
-1069.54	-1072.01	40.6638
-1443.52	377.823	33.0928
-124.579	-348.03	85.1913
337.56	-784.151	98.4165
990.525	284.333	-19.398
514.883	87.4318	-13.3324
862.049	-566.191	-3.27128
-825.957	42.8523	-4.82973
-631.518	846.033	-8.3442
1119.32	1481.26	-25.9823
1295.37	-170.102	-18.645
1466.95	-509.751	-12.2901
374.956	-365.143	2.40277
1036.21	-1004.93	63.5116
1012.86	-424.58	-9.94262
-1136.23	974.158	7.24456
-174.242	78.8197	2.71786
609.876	-210.016	-8.35534
240.121	-364.724	9.81255
-700.128	-887.885	9.41013
-1350.35	1406.24	-8.81988
-1187.91	-643.699	12.5843
660.967	-703.34	64.2843
-357.187	221.374	-4.30963
367.658	-403.925	6.92584
1.48771	-619.098	86.0643
-1234.92	-1301.69	56.2149
1163.3	234.632	-21.3259
1217.49	357.841	-20.0542
-1411.26	-1000.03	38.2692
-1411.08	-711.318	28.1376
578.126	377.551	-18.813
194.8	-979.704	88.8157
1213.3	157.243	-22.752
-1488.63	-470.533	2.61267
1256.08	1178.17	-19.739
-724.141	-49.7284	1.21121
-871.155	-1226.05	35.2237
-1400.61	-828.1	34.9533
-1018.71	47.5664	-9.00874
203.131	491.718	-14.8268
813.24	-599.301	5.72669
-628.886	-279.047	3.71132
-161.296	683.805	-11.9124
-475.222	1466.16	-17.0878
-776.89	-820.063	7.91388
-1211.61	1342.52	-12.0767
1337.93	-1151.22	84.5495
-310.171	419.875	-13.3009
-103.868	792.096	-14.706
-1097.28	-1312.87	54.0975
578.945	-886.701	103.723
-1337.13	-677.022	25.5883
-1421.71	57.8736	-5.61299
79.0808	-987.085	93.3297
-797.285	1196.74	-19.17
-1316.18	606.255	16.4486
486.584	-204.466	-6.2347
44.8742	391.633	-14.083
964.102	382.255	-18.9271
-114.009	-197.67	44.9732
-1037.66	-20.6531	-7.22051
-998.438	377.795	-2.79654
1287.37	610.531	-21.1126
-491.776	-82.6342	43.7272
-1239.6	658.975	7.35228
-1498.46	1056.59	21.0036
-19.613	1442.95	-16.3897
-260.082	-1212.71	58.5586
-54.6091	1499.52	-16.7595
-641.156	-857.969	10.4967
1091.89	954.556	-17.7954
985.239	-1103.06	71.6398
1410.36	-1357.32	94.6372
431.873	-874.965	121.991
-1164.5	-768.441	18.5519
564.759	-1282.84	32.592
579.346	-1459.8	23.772
-1029.19	-156.819	-6.94774
-433.627	1224.65	-19.0401
-1450.51	1019.57	23.512
-165.086	-443.3	98.9875
169.347	352.237	-14.073
116.416	-803.191	97.9226
-799.105	1470.19	-15.6994
560.051	-54.3465	-10.7341
301.271	1091.84	-18.461
465.232	133.359	-13.7352
531.412	1394.81	-20.5954
997.564	-1150.83	73.6517
-1336.54	-1364.04	74.649
-714.227	1046.31	-16.4337
838.299	405.216	-20.4644
-1419.03	-584.234	15.2132
-748.827	-544.015	1.36024
-1027.76	-875.365	28.5955
180.124	-1248.48	42.2964
-1376.62	1275.97	-6.8599
-171.132	316.693	-13.7023
-171.265	-1417.81	61.3231
451.401	-365.967	-0.375994
1056.68	444.842	-18.6334
-370.522	229.893	-5.14701
-389.551	1036.96	-18.6183
-1205.62	-900.637	36.4913
128.911	-569.406	47.0752
-258.095	315.875	-12.2902
-1327.46	-1357.46	72.6749
-192.93	-1096.3	79.8953
1083.63	244.95	-20.1312
-525.785	402.537	-9.57054
-66.5644	-1011.74	104.464
1289.41	622.674	-21.1794
372.267	-229.875	-3.45763
-231.994	-123.432	47.5425
479.421	1464.79	-20.3932
-1156.4	-1199.44	43.8687
766.036	748.2	-19.1251
1465.29	875.249	-20.6834
-185.551	-128.931	38.0919
1348.49	1007.72	-20.4642
233.42	-1459.76	32.2052
734.736	347.313	-21.1037
741.441	-1417.13	23.0353
345.859	-448.298	12.0224
269.315	1176.76	-18.9071
-467.209	687.039	-6.89357
-633.975	1321.78	-17.6573
795.228	657.487	-17.9602
-146.398	-615.053	115.976
-1389.83	-1482.45	112.818
1316.24	-1059.03	60.3509
675.005	-320.498	-8.08011
-1196.19	-1418.02	80.7119
1473.6	-507.945	-12.3074
-304.23	-433.191	87.7662
1077.81	896.812	-18.6646
-1432.49	1108.59	10.2275
-711.438	25.4153	6.32064
-1474.1	-998.583	22.4298
-498.73	-1050.92	19.7889
607.206	1173.39	-22.0585
337.644	-106.815	-7.45126
1467.92	91.5788	-25.6897
-648.304	476.967	-7.91749
225.44	-618.378	42.8779
1386.82	-924.253	5.65894
-1180.04	1198.41	-9.89168
-1165.47	1347.92	-13.1184
-149.266	-55.8761	20.2895
-605.489	-489.638	7.89683
-1330.51	-1168.09	49.8907
346.488	-1023.48	85.3946
780.351	1212.14	-18.6134
-200.213	1181.86	-18.3544
-72.8262	-820.102	101.029
-1107.53	-135.483	-5.75955
-955.244	-1499.48	50.6908
-806.338	-524.637	-0.625769
615.536	249.987	-21.1135
-414.872	-142.219	50.3502
-972.516	1175.28	-15.1998
497.244	17.2143	-12.4638
413.951	-1106.48	58.2323
41.286	-632.698	79.4241
-342.356	657.701	-10.3965
1372.07	5.28791	-23.1868
-387.748	1361.8	-17.7704
412.893	-663.747	63.1976
806.28	-697.152	35.6454
-151.218	806.968	-14.499
1171.9	284.58	-20.4902
1327.97	-1417.98	90.6784
-1363.8	1148.91	-0.946826
-887.138	-430.753	-2.16831
296.076	1370.18	-14.7685
-1269.55	-506.366	8.54423
831.369	-459.163	-9.42134
957.22	1110.87	-12.6421
-1019.91	-131.456	-7.59409
317.012	1173.33	-19.8921
-1269.03	753.376	8.24795
-117.973	-676.096	106.709
672.4	-606.057	32.2019
1379.15	245.073	-24.9875
1386.23	1295.57	-24.2396
621.459	351.122	-19.4459
1156.93	333.021	-19.7346
-140.288	41.9023	4.0922
-557.872	-248.113	12.6427
1024.73	-999.204	65.2793
-969.721	798.196	8.09489
-300.652	-257.29	65.1878
-1286.79	-758.415	30.2477
-1039.56	-1478.35	66.9122
-1475.82	-1099.57	29.7615
765.828	798.361	-19.2811
-1134.52	-403.974	1.31752
-1493.52	1296.99	-5.40882
-397.347	1267.72	-18.7818
-1184.31	11.4506	-8.37799
109.727	254.909	-14.1187
94.5354	1369.81	-16.2299
1464.69	389.901	-25.6156
-108.021	189.862	-12.3781
-814.891	-1116.92	25.9629
-847.903	766.283	7.80106
-971.301	176.977	-10.093
266.063	521.506	-15.8175
-98.7134	23.2363	2.01845
-936.632	-537.128	2.0335
-420.187	603.839	-10.7989
-1024.53	-891.049	30.4798
-661.346	1421.93	-16.9681
865.602	-614.072	5.73928
-1483.49	62.9439	-3.38158
816.904	-763.107	57.6572
-1140.58	-747.536	14.3212
1174.57	-47.0152	-18.3832
362.778	253.291	-15.374
129.578	-38.4683	-1.27472
-1306.94	1213.83	-7.07393
529.968	541.534	-18.6386
599.333	1411.05	-22.8016
-279.725	69.3643	21.0197
-510.915	433.92	-10.9487
-989.314	26.9613	-8.96085
166.57	-684.449	59.3482
-902.584	-1242.96	37.6832
-1077.08	-834.7	23.7047
-812.211	-274.807	-3.94545
-306.663	-1231.78	48.9592
841.17	-1231.88	38.4838
-661.186	903.46	-12.7342
261.082	553.383	-15.9392
69.58	-449.414	56.4208
181.895	623.809	-15.5134
1418.46	612.131	-20.619
-241.414	-1336.77	62.1512
447.075	-1110.09	56.0223
-19.3448	-1401.36	48.8862
-244.812	1470.51	-17.3198
-1410.51	-693.346	26.7617
546.729	-826.429	103.596
-1105.77	1274.57	-15.4201
-937.636	-528.942	1.56613
-480.242	-70.4947	48.2844
423.048	383.357	-17.1246
-852.984	38.8135	-7.03015
103.073	-427.244	44.2201
1186.62	1241.69	-18.8969
948.199	329.174	-19.348
-919.322	1042.44	-14.3611
-1365.42	-1451.91	99.5011
-1113.16	820.754	13.8009
107.7	562.868	-12.8544
-1177.09	-830.742	25.7153
492.292	902.015	-15.6015
-928.153	-1423.8	44.4185
-1484.94	-114.07	-0.963124
1008.95	1013.48	-15.8484
-199.928	780.286	-13.3077
272.767	390.289	-16.1851
-307.46	600.073	-11.637
1039.59	779.597	-18.8767
118.006	1124.63	-18.5715
887.519	-848.875	83.9632
-558.155	-989.223	15.0576
852.698	238.162	-21.4514
-798.216	1134.12	-18.3769
-587.039	771.23	-7.19411
325.089	-168.036	-4.78086
456.527	889.149	-15.6862
-463.258	805.813	-12.7749
1071.34	537.002	-18.3602
-248.24	-1062.06	64.8601
1071.57	-1411.01	46.8914
-624.586	-1093.47	13.2589
383.52	-741.816	87.4073
1248.94	-888.511	17.0341
391.386	1391.12	-17.8038
322.973	1356.6	-16.1472
-1233.69	89.4135	-10.764
80.1017	-907.05	102.439
-138.437	-447.427	95.8707
1205.09	446.651	-19.4622
517.062	1436.75	-20.7153
-1329.51	397.236	30.1485
-116.328	862.522	-16.4546
310.019	-688.922	62.3209
-86.9835	-419.676	86.4966
-993.378	-1232.19	43.8054
734.472	-250.76	-14.6348
871.035	-1372.13	29.0523
1060.41	-250.96	-14.7347
-165.483	-6.89611	15.3707
-1307.46	-283.717	-3.52441
-315.935	827.003	-14.8561
383.594	-196.106	-5.12568
1454.59	315.941	-25.8653
1363.63	342.565	-22.5744
-52.408	124.507	-10.3138
-1280.63	1463.79	-10.079
6.03433	506.952	-11.8848
178.696	149.222	-14.4005
1078.99	808.609	-19.1526
-979.156	-881.299	29.0897
-871.634	-804.576	12.9805
305.581	-687.365	61.3689
-995.5	-280.339	-3.62864
168.494	1201.24	-18.262
730.05	757.625	-19.8044
859.641	355.873	-20.4876
-700.631	379.603	-8.60033
-508.211	1174.76	-18.576
-1205.5	611.688	10.7236
-38.6286	-876.353	104.699
-445.146	-630.473	27.6625
-1205.69	1146.02	-4.40054
-1044.98	628.144	6.1312
896.744	696.815	-17.4682
-974.657	-1382.07	50.0964
1393.1	290.018	-24.5218
1274.9	1053.48	-19.944
1109.92	-457.393	-8.59565
700.384	370.895	-20.1596
283.08	-1278.95	37.1224
950.802	638.611	-16.8614
413.009	328.512	-17.1434
988.464	676.356	-16.9485
-1399.45	-582.419	15.9919
1139.46	96.6419	-20.5788
876.026	149.367	-21.6934
-1209.44	-134.745	-4.79423
1446.07	820.407	-19.6133
-1055.38	994.19	-2.70306
-574.203	-309.439	7.36102
605.615	1407.7	-22.9331
-20.6646	984.095	-16.5862
329.568	-1209.56	42.3096
1094.3	-522.88	-7.04788
1138.35	762.188	-18.5601
1140.46	1259.35	-18.6116
-815.942	-1261.36	29.8854
438.525	1098.27	-20.271
-622.66	875.087	-12.5263
-1046.79	1078.6	-11.7048
895.003	-1196.28	51.8517
-841.924	159.294	-5.1433
-901.974	519.622	3.11198
116.907	581.509	-13.4797
1488.75	-491.205	-12.5409
-576.758	-507.858	10.2929
-517.76	710.602	-6.6192
-396.577	-16.3938	51.081
-966.261	-832.186	23.0831
686.205	-1136.24	44.1433
824.69	1054.6	-16.7127
1147.09	1282.82	-19.421
1117.96	-1063.78	61.4551
-1185.2	-1133.61	44.559
-740.876	665.141	-1.43781
-324.403	721.13	-10.8412
1424.57	1188.55	-20.9074
-1214.99	354.793	7.46729
252.197	921.534	-18.8405
1433.65	-1421.63	87.7516
-770.57	1003.81	-14.6405
897.8	-1.87575	-20.8528
-1377.52	-237.764	-4.6778
-189.968	-269.41	64.4646
214.23	-570.272	34.2432
1464.19	1461.54	-24.7587
-465.988	832.88	-14.4873
-1257.94	-1470.7	94.3919
1082.19	103.23	-21.8767
460.393	1156.77	-21.5494
-382.419	1396.2	-17.3542
700.399	473.818	-19.2241
757.774	287.954	-21.7852
-611.378	294.855	-2.95324
495.341	726.593	-20.6923
794.437	1175.7	-17.5126
-1337.68	156.776	-6.21354
1098.61	1206.55	-17.9546
702.959	1488.2	-25.6655
-923.396	-575.42	4.33114
-451.478	-1006.53	23.7114
-455.179	1244.3	-18.7741
-1230.6	257.617	-3.92235
-1122.48	429.871	9.04473
-413.106	-1381.74	35.3856
-1494.08	642.276	12.7352
-89.9932	-891.61	94.6271
484.916	-417.332	5.59006
-1356.92	1468.55	-8.83178
376.979	231.165	-15.2816
733.737	-1421.17	23.0527
-1196.53	638.013	8.3807
378.438	410.875	-16.805
760.088	-64.4081	-18.2102
-839.409	1067.18	-16.7662
869.784	-1331.62	33.0251
684.888	953.507	-16.4912
959.962	341.186	-18.8423
-119.892	-610.236	116.375
-1458.03	-860.513	25.5724
-1269.95	-853.367	39.7167
-1176.56	-648.071	11.79
209.666	238.588	-14.7768
1061.34	-1174.18	73.2868
167.183	1201.45	-18.2513
251.747	376.733	-15.8155
-1274.5	526.842	28.1011
365.679	367.59	-16.2904
807.815	-524.16	-3.98953
761.333	940.104	-16.914
810.495	-1431.69	22.5414
-3.76986	1287.35	-18.7964
697.42	-1181.76	38.4659
491.656	905.744	-15.6754
128.591	-1266.2	43.8178
686.252	-1241.18	33.3629
618.504	-888.123	97.4715
1338.93	1079.4	-20.7506
392.008	625.445	-16.9051
373.722	-715.373	77.0722
-1497.56	322.937	18.1692
360.828	-264.027	-1.15253
-1478.31	855.262	13.3256
-596.332	539.213	-11.0138
798.177	-479.274	-6.0517
1046.39	725.901	-18.1516
-746.642	-269.978	-2.57229
39.2196	872.894	-16.9376
-1309.57	1148.26	-0.984938
-1219.86	-1474.26	93.5159
1342.96	81.9018	-23.1432
-82.6197	-950.995	99.5044
-710.664	439.425	-7.429
147.985	-1320.76	37.8693
1376.99	1336.13	-25.0658
-1236.22	606.274	12.0642
1324.34	47.352	-21.8629
77.223	212.92	-15.0779
-230.641	7.03924	26.2283
-502.56	-1330.75	28.0408
18.2059	-94.6113	9.11003
-663.466	-81.7019	8.57265
1125	-903.671	46.506
1289.5	-918.178	17.4062
-651.205	1228.28	-16.9985
873.708	-1039.8	70.5984
-1227.13	209.597	-8.1934
-1133.28	-1302.76	52.4551
311.973	416.408	-16.5996
1141.05	-657.422	-4.55234
678.18	492.056	-19.1294
-147.267	-1474.58	55.8728
-1350.69	801.627	12.0062
-1126.15	1346.82	-14.2215
-978.36	1036.22	-12.5477
1188.04	-1021.8	58.8213
-741.923	-1075.55	16.8382
1215.35	1057.49	-18.8828
-398.738	-235.289	43.1207
13.3581	335.268	-13.5281
-1458.1	182.572	-2.18879
78.6781	864.987	-17.6051
599.034	-133.056	-9.25153
1124.5	-36.5023	-19.9087
-923.04	-830.067	18.6811
-402.233	839.089	-15.8438
-1166.25	-460.033	4.30242
-533.829	-13.8507	38.6522
392.933	-227.209	-4.12073
-1213.75	631.566	9.36813
-1022.62	1470.34	-14.5436
-93.7189	-527.002	102.771
-1495.18	-656.765	7.86515
1213.74	-334.698	-13.9913
1379.02	219.787	-24.7736
-449.243	352.384	-9.85359
937.398	-1002.1	72.4515
-362.143	285.614	-9.77186
-85.6826	93.797	-4.47885
1141.62	-1174.43	74.2047
571.624	222.653	-19.589
447.193	-6.52422	-11.5272
-191.134	-868.838	70.7894
-1417.9	271.938	5.25424
712.395	-1423.93	23.3684
-211.387	1171.23	-18.4687
721.742	-363.815	-7.25994
662.395	-1185.52	39.0731
1388.48	1262.62	-23.298
-89.7551	-711.463	102.982
9.13309	1364.06	-17.7438
-479.254	-1064.84	21.1259
-247.304	-1262.65	61.0413
1152.86	851.217	-18.3764
-849.302	-813.414	11.7025
-806.346	1069.93	-17.0336
509.412	361.199	-18.5165
-913.637	-1279.75	38.787
686.198	79.4861	-16.5146
-105.501	-134.901	28.5975
323.096	1049.05	-18.2124
525.054	-1051.85	65.832
1488.28	1168.83	-21.179
1073.01	63.0956	-22.1005
996.509	240.522	-20.2279
-558.133	-387.366	9.45302
1206.43	852.671	-17.8965
691.067	9.20671	-14.864
1361.7	202.277	-24.3889
-438.086	1457.11	-16.6002
774.991	-1472.62	21.6405
-28.2824	945.096	-16.6305
569.755	-909.937	103.555
660.759	1209.78	-22.1594
681.066	604.038	-19.3298
-154.121	620.329	-12.88
102.044	-209.679	22.4361
263.849	758.515	-15.6656
-781.221	-822.88	8.02098
645.977	-1438.16	24.5711
488.097	311.866	-18.5385
374.335	-1158.5	49.666
1452.12	-254.612	-19.9563
-1407.22	813.503	11.3123
1238.45	-513.098	-11.3905
-109.976	40.0115	2.6628
-827.647	1190.02	-18.5255
-410.973	1055.85	-18.8258
1276.02	164.081	-22.6263
201.671	1074.81	-19.1556
16.6361	-1300.34	49.7781
-821.718	-494.176	-1.33251
119.743	-578.294	50.7735
-1035.38	-1098.63	37.8164
1241.42	991.84	-19.1836
-325.775	447.051	-13.0099
-98.5971	67.601	-0.725306
1431.14	789.904	-19.1969
-925.207	111.039	-9.18015
871.93	-466.889	-9.55286
-1230.65	697.287	6.52626
1208.83	-1474.27	60.2021
935.737	1147.37	-11.7346
-466.818	1313.94	-18.3386
-949.574	775.824	7.13045
-188.146	464.692	-15.5872
-644.619	-212.318	6.26907
-291.033	-550.668	90.0365
1239.33	-219.08	-16.1921
-493.737	-965.924	20.6831
-1309.9	-715.836	28.9997
559.172	345.574	-19.0092
-941.283	-378.026	-2.02407
597.494	461.94	-18.3995
456.164	1149.51	-21.3435
2.57286	1360.95	-17.8029
-1078.99	-1310.77	53.1539
1446.15	886.652	-20.4348
-1135.78	-646.719	8.91749
-894.696	699.051	4.34169
786.174	-1196.61	38.9172
-766.647	-515.479	0.137744
-167.976	156.777	-7.1565
-1329.34	1267.66	-8.41405
439.566	-403.839	2.61291
252.579	1354.24	-14.3071
820.167	16.0784	-18.9956
1379	-200.977	-19.6652
239.331	-1299.34	36.4224
965.109	-126.734	-19.8547
-966.609	-512.195	1.74638
-1428.83	-115.539	-4.16937
442.849	-283.069	-2.73703
-1152.98	-172.532	-5.10992
1120.65	985.976	-17.8929
-844.617	1430.66	-16.3313
702.08	-766.932	72.3349
-647.215	952.637	-14.9226
417.987	-80.5934	-8.97808
1156.59	350.726	-19.5662
666.153	423.051	-18.6537
-1128.99	1154.08	-9.05897
-124.445	94.6539	-2.2981
519.784	952.254	-16.7707
113.446	883.598	-18.3072
680.323	1428.05	-24.8465
1342.44	1385.14	-27.0892
-183.177	-939.241	77.8712
427.048	1.86404	-11.6152
1238.12	623.133	-20.2666
1238.92	999.921	-19.2026
-501.999	38.72	42.0385
-1333.86	-954.474	46.2444
-1093.64	-1080.58	41.9419
-1359.67	1258.67	-7.24042
974.32	515.833	-18.649
-200.208	180.669	-8.02668
-1325.37	-72.5567	-8.31217
-912.53	1472.09	-15.9405
-775.529	342.627	-9.65311
1123.69	273.857	-20.0995
-295.489	-1224.04	50.8618
-906.62	287.611	-11.1125
574.592	-1194.58	38.7809
458.393	835.207	-16.8501
-737.747	-526.083	1.41462
-168.883	422.09	-14.7674
-1297.55	1209.75	-6.97493
823.612	1150.86	-15.9184
1459.84	-1294.04	97.1145
-1452.63	1235.63	-3.07007
735.235	-306.637	-12.0739
-619.9	727.649	-2.95544
709.456	1229.36	-21.8767
-1130.27	-568.388	6.82112
1440.59	1352.05	-26.987
-416.974	387.004	-11.218
255.171	-1172.54	48.6752
939.129	746.707	-18.0147
-1071.61	-1146.74	37.3677
-659.356	1338.61	-17.9914
-118.804	-423.796	91.0147
599.249	512.495	-18.3835
958.84	-1456.59	27.2836
-1083.67	1154.42	-12.3016
1387.81	-633.312	-8.54974
-677.975	-1178.24	17.7672
-1184.89	-1449.56	84.0113
-344.133	-848.391	37.8755
1422.3	-103.296	-24.1175
-637.773	-1435.95	50.5262
-245.835	1028.97	-18.5603
1216.51	-827.795	10.3815
-425.333	729.898	-7.1946
-871.118	-1444.93	41.4188
659.061	1110.35	-21.0067
-1171.2	-940.865	39.6253
-984.828	-21.8381	-9.13941
-1192.87	564.062	14.0492
1191.42	-882.123	27.0725
714.824	-106.169	-18.0609
1030.24	344.272	-17.645
-221.139	-1426	56.8876
-6.66409	-1152.76	79.6081
-624.92	671.848	-5.92735
-869.071	-1227.25	35.0682
2.24691	-367.737	73.1929
220.057	605.67	-15.6315
945.954	1379.34	-22.6235
-490.341	-1089.25	20.3184
-270.142	463.91	-13.8051
1181.06	-252.616	-14.2678
752.51	1363.67	-23.25
1.39162	-1265.48	56.1039
-647.453	921.791	-13.7721
-1220.85	-300.843	-2.25656
726.347	-753.438	66.4032
-1444.61	-640.889	16.7826
784.181	292.077	-21.6667
301.151	-1280.05	36.5124
-668.662	437.156	-7.78764
604.459	1491.44	-24.8906
-1134.38	-506.726	4.82608
428.72	-919.235	114.418
858.073	761.186	-18.6204
1026.23	-1405.52	40.5539
435.505	-117.141	-8.01327
-776.339	-997.066	14.2767
1003.84	777.355	-18.7888
-415.214	505.167	-13.1321
-1345.8	-569.39	13.8009
-683.754	1330.07	-18.0067
520.401	-1296.94	31.4509
-973.844	159.713	-9.9113
-1133.42	640.321	7.10895
1102.35	-170.176	-16.0574
-275.584	74.0276	19.1572
45.2568	-1131.6	78.2175
941.654	1155.19	-11.924
1276.24	-1136.43	86.0987
1283.79	-405.34	-15.1112
366.379	-1111.77	59.5801
-826.766	719.878	4.35351
-793.003	837.135	4.77026
-615.537	557.902	-10.4174
-1471.14	469.573	51.788
-579.103	235.532	3.40442
886.279	-628.61	7.82665
-294.624	-1452.75	51.0546
-606.775	-1359.47	39.0441
-987.222	1492.45	-15.0763
-155.322	-1294.27	68.4047
-1260.72	-102.746	-6.43806
-1.37194	-1294.84	52.9209
222.756	1414.3	-14.6628
-494.502	1446.09	-17.4564
975.064	191.078	-20.8945
1149.85	1194.58	-18.2136
28.8657	-602.459	77.8737
-139.121	-1048.46	96.8836
500.923	-1099.85	56.0124
-1209.56	1018.88	6.53199
-1100.31	-142.996	-5.927
910.017	457.444	-18.5309
67.4198	-368.126	51.0845
1417.93	1131.98	-21.1731
330.89	-607.507	39.8574
-849.015	1388.24	-16.9215
442.598	184.926	-15.2422
682.141	1094.43	-20.7887
637.382	1394.09	-23.4608
96.3509	1108.32	-17.8561
701.451	557.246	-18.6423
512.129	283.736	-19.3309
-951.383	-972.975	33.3238
1423.27	1192.55	-20.9772
639.835	349.201	-19.7168
1474.74	-147.138	-22.588
17.5901	-896.038	107.395
111.43	-753.285	88.6598
455.758	763.348	-18.7583
-783.715	500.694	0.245063
-281.048	-1115.45	56.1148
1139.87	1061.5	-17.6429
-1279.38	1208.37	-6.87518
-1439.99	-885.826	30.3034
-257.718	-677.915	82.6539
-3.92988	983.367	-16.3422
-393.232	-335.019	50.6399
645.77	-1078.99	60.6614
1167.4	-1380.97	73.6951
-1142.11	198.746	-9.50082
502.644	112.235	-13.7147
-569.551	-253.979	10.5323
607.577	96.5352	-15.4871
-736.281	-1233.97	24.7284
136.488	-176.537	12.4539
-62.107	789.549	-15.2643
173.181	-319.137	19.0977
1094.09	1307.04	-20.6265
939.921	-1260.28	50.0287
-1310.88	117.524	-8.50819
1266.07	-836.365	5.61318
-337.786	1040.61	-19.0164
-375.496	868.034	-17.3822
1499.12	1249.91	-23.7392
-734.134	893.475	-7.85508
900.86	-1376.48	31.2568
1191.78	1150.35	-18.639
986.737	161.303	-21.1553
1494.63	-1124.96	40.8233
-1174.92	565.314	12.1793
1469.76	-113.53	-23.5596
1399.28	-1125.4	66.734
177.818	-1108.32	59.4966
-649.882	1000.74	-16.3524
-726.817	-521.852	1.938
-1199.54	212.32	-8.43633
-589.773	-651.916	10.2964
1014.89	686.002	-17.1606
-1098.18	-1070.28	42.3574
-927.409	1380.36	-16.0731
893.361	-750.755	44.8319
1189.05	-1148.09	77.3419
-692.546	-437.912	2.39236
-194.225	1199.46	-18.1194
465.145	47.799	-12.9618
-1325.49	1070.93	8.15048
1454.19	-150.34	-22.7767
1290.49	-530.528	-11.2212
-942.025	-960.02	30.9658
-370.654	100.986	20.2879
182.334	1329.79	-15.0299
-494.142	-693.477	17.6955
-222.332	199.267	-8.89066
-122.449	-758.206	98.2502
-1273.2	337.539	12.8727
-411.798	1249.56	-18.9258
-92.0352	81.1947	-2.57896
266.673	469.181	-16.292
-1126.19	-1442.35	76.2731
847.401	482.939	-19.6112
1427.93	-941.081	3.25965
91.4859	933.321	-18.132
-15.3248	1117.75	-17.6465
869.905	336.354	-20.4485
-1293.73	244.544	-0.10582
330.673	595.824	-15.7973
443.174	609.877	-18.0838
1481.8	-329.536	-17.3634
939.73	777.603	-18.7857
339.65	-604.994	39.7483
-1442.57	766.778	7.23132
-1286.68	-1235.09	50.6485
1271.1	767.916	-18.1117
640.98	-1329.16	30.0581
-1226.61	1215.66	-9.07001
1053.81	-346.972	-12.0434
-1183.8	-1365.84	67.5786
-827.401	1028.2	-15.4468
-395.456	-417.809	50.5373
199.582	-71.4327	-3.34465
338.945	1195.66	-20.5285
-265.358	1251.63	-18.0794
-1234.48	1152.94	-3.58844
-519.312	-659.875	15.5385
730.11	-807.746	77.702
1190.76	1063.85	-18.4278
-1160.87	353.909	3.32197
-1208.79	1338.15	-12.1637
360.929	-1049.95	75.0848
1416.51	1294.87	-24.7373
657.96	1327.29	-22.3015
29.6667	1140.68	-18.0027
-605.881	675.949	-6.31423
3.71916	573.647	-11.9195
131.85	-549.111	43.2373
192.031	-241.353	10.1377
118.574	899.6	-18.592
-611.455	-483.244	7.41836
969.23	-1410.59	32.209
684.439	1058.76	-19.8785
672.891	-132.144	-14.3218
-1348.06	-851.513	37.6661
667.143	382.534	-19.4593
-934.593	-391.308	-2.02776
-164.764	245.087	-12.7221
540.672	-1384.4	26.8846
-225.433	620.372	-12.4498
878.177	-817.588	72.5701
466.184	274.254	-18.8681
824.459	1188.49	-15.8728
-294.226	115.221	9.72506
-1130.64	-635.996	8.46278
1497.2	-832.457	-6.06318
-96.35	27.2958	1.69495
420.867	-428.278	6.62195
508.266	-329.768	-0.748792
-576.677	-1014.3	14.1893
1286.71	786.577	-17.9358
-1008.52	1323.78	-16.1975
-180.587	983.666	-17.9161
-788.151	-1051.34	18.027
399.857	1222.63	-21.462
-463.767	-729.241	22.8833
668.025	-8.55549	-13.7812
-599.048	-451.877	7.71734
-30.8836	-558.643	90.6046
1010.25	-986.514	67.9308
-44.5325	-927.011	104.419
641.38	-717.58	70.4124
-708.418	363.059	-7.90316
-1224.16	-217.662	-3.95389
-1414.09	-608.752	19.1308
813.551	352.509	-20.901
-554.237	-673.126	12.8041
-132.288	-929.477	88.2611
-775.692	133.232	1.72438
515.852	-1071.86	61.1407
-229.777	366.289	-13.7211
-908.781	-101.888	-8.73439
-477.794	815.457	-13.2082
-1214.58	-648.072	15.5367
-221.45	1109.43	-19.1759
1038.86	-348.891	-12.5246
-602.093	1188.25	-17.0019
-566.185	740.793	-6.77692
-624.08	-15.4566	20.5497
-81.7268	-379.181	84.0217
-1222.21	1353.06	-11.7787
-1263.45	-706.593	24.2248
1334.46	1029.07	-20.4202
49.5959	-1444.4	42.2764
-618.233	-814.209	9.79487
214.94	-596.439	38.8357
1443.54	202.328	-26.3329
-314.553	-140.195	59.9112
-540.593	-1412.66	39.9111
-307.595	-189.919	60.6512
302.988	1383.07	-14.9558
-27.3235	-966.951	104.886
-919.104	-740.098	13.0177
-310.942	10.4872	40.6892
910.732	167.167	-21.6859
-206.137	-1215.34	72.447
-304.851	346.498	-11.9979
-330.705	721.857	-10.3133
327.259	863.332	-16.425
-160.868	1374.92	-17.4899
-1291.38	-1180.98	48.8415
-1271.77	893.568	25.9848
379.263	551.992	-17.0508
-1463.71	-656.077	13.9772
1178.44	538.003	-19.4796
1118.67	913.309	-18.0225
1226.68	1078.12	-19.0771
818.826	-1188.79	41.2724
1354.67	-168.322	-20.1818
-1010.75	840.505	6.53339
918.512	27.9234	-21.7235
-410.642	291.86	-8.53597
-1423.31	1231.08	-4.14784
519.17	-610.077	52.9971
154.618	-57.7508	-0.248835
461.566	1357.64	-19.3109
-872.299	-768.529	11.5427
-842.694	-540.921	-0.39915
-404.848	-145.524	52.1588
581.559	-842.234	99.0501
-1162.22	1146.38	-6.50764
111.227	135.349	-14.0702
1354.49	-771.897	-5.01487
530.574	-735.797	86.2706
1325.15	515.879	-20.6943
-1086.81	984.273	1.17455
-215.482	800.106	-13.6882
-1406.52	1404.93	-7.70004
663.07	-777.091	79.0445
586.766	1292.22	-22.2317
-238.015	-769.189	67.4007
1152.12	-1283.94	78.0744
-1027.34	-25.8183	-7.47212
1060.84	-857.97	54.1764
557.86	-625.081	55.0489
1226.28	-956.859	38.9009
1087.7	146.862	-21.5361
1049.65	-1392.41	47.0985
-648.667	-356.965	3.55079
-1216.57	749.037	8.29061
-970.863	751.029	5.27612
1240.87	-834.57	8.53829
-224.499	-625.576	102.957
-610.296	710.28	-3.87782
-362.646	-702.08	43.6026
1497.83	614.206	-21.9262
131.075	-1316.98	38.6104
990.813	182.822	-20.8114
910.391	1377.7	-22.6989
33.32	1037	-16.4787
90.515	-331.312	41.5711
-650.94	-569.027	6.34213
1132.27	1144.41	-17.7381
-512.538	1418.88	-18.0972
-133.415	1123.18	-18.5027
-487.802	-897.069	20.3961
375.715	-1354.55	30.5596
66.8827	515.498	-12.6153
905.892	-17.5913	-20.8361
-397.412	1358.15	-17.7707
-439.294	1216.16	-19.0023
1129.07	-547.732	-7.2486
-724.587	1392.71	-17.9132
717.839	-83.4569	-17.6741
-308.66	812.621	-14.2435
666.189	-159.304	-13.476
1204.27	-1294.21	83.2422
792.209	-1135.93	47.3278
-57.1317	376.109	-13.1348
193.585	-1287.3	38.5031
1028.98	959.959	-17.2707
-956.769	-381.573	-2.14522
-554.09	-1071.57	16.7506
1351.49	-521.6	-11.982
620.66	-435.299	6.57976
752.566	-1083.17	58.673
618.321	1233.59	-22.1175
1188.4	267.128	-20.9692
-317.493	231.235	-8.22481
814.542	553.752	-18.6322
-292.095	1086.77	-19.8466
-487.438	-526.695	22.3438
951.651	325.801	-19.346
-661.661	-1344.51	41.3201
307.973	-63.38	-8.37071
997.125	753.052	-18.119
-1363.34	-106.967	-7.19228
-141.055	930.51	-17.3562
-222.553	955.873	-17.41
866.2	-1047.11	69.6727
198.256	1049.24	-19.3002
-132.936	657.557	-12.5542
860.475	-784.224	61.977
791.054	-31.3381	-17.5877
294.02	-76.0686	-7.56018
-790.901	1264.99	-18.8148
-421.734	-1441.9	45.3566
806.284	146.282	-21.4767
760.953	553.627	-19.1279
740.496	1345.87	-22.6351
-12.27	498.197	-12.0266
-969.392	828.996	6.67273
1128.03	1421.51	-26.1453
637.893	849.001	-16.6769
6.64956	314.482	-13.4579
412.209	-1374.49	28.6415
-400.417	-1057.32	29.4446
-202.715	-498.451	114.967
1023.52	526.361	-18.5904
-1209.44	-1471.12	91.8348
-1361.73	-863.477	37.1935
97.1348	329.073	-13.3858
-125.275	706.353	-12.1982
-181.938	723.894	-11.7535
321.404	268.362	-15.1551
772.249	4.86298	-17.4313
50.7364	-1426.58	42.016
411.281	1371.66	-18.3518
774.738	-778.519	66.3884
-1343.1	-161.537	-6.44147
-1323.86	964.87	31.8791
715.062	764.643	-19.897
-30.9436	626.955	-13.0428
-799.577	222.674	-2.87805
551.616	-133.618	-8.28328
-1234.68	433.641	22.0856
-67.5479	1004.81	-17.2695
311.894	1351.76	-15.8114
-1045.46	-37.5943	-6.8417
804.264	-711.618	40.0658
-1292.57	-214.446	-5.33285
-284.275	124.818	6.16367
1202.5	633.301	-19.0437
-1423.93	-319.376	-2.23434
435.911	-1048.8	70.9541
373.806	1448.31	-16.7475
583.174	-108.244	-9.37491
-1440.17	13.13	-4.32204
879.196	-1104.66	60.5621
963.91	-94.9194	-20.501
1016.47	-1379.42	45.0747
1197.41	360.836	-19.9663
1162.03	1274.35	-19.2137
1433.6	-246.029	-20.2797
-440.582	-1260.88	27.9852
-586.253	396.995	-8.40728
-149.668	-1066.13	92.9058
-1029.76	242.784	-10.1372
110.276	140.531	-14.341
377.954	-1210.17	40.5067
-669	648.437	-5.88868
372.143	-1136.24	54.136
768.017	-284.033	-13.994
1103.26	922.085	-18.0489
-833.064	326.497	-10.3928
-1204.72	-861.164	31.1441
-297.167	-117.305	59.6557
1301.59	195.681	-23.167
1299.51	-510.579	-12.0032
28.8262	1183.13	-18.3343
1155.11	-587.558	-6.69356
-733.376	-1023.51	13.8671
200.015	-495.579	26.2425
-161.283	387.431	-14.7159
-829.288	218.804	-5.1153
817.447	-989.809	78.4712
-558.822	540.228	-12.5567
541.461	667.821	-21.3612
-49.5696	-884.875	103.45
978.448	-123.657	-19.8089
617.616	857.83	-16.191
365.266	-324.559	1.19389
739.21	51.7019	-17.2266
398.52	-1212.33	39.4963
-579.037	108.6	30.0005
-1391.71	709.83	8.96929
634.014	-299.117	-7.09557
57.6419	348.271	-13.736
1265.12	-926.864	23.4164
843.55	1365.66	-22.2522
-1231.65	-1101.56	49.3975
-740.472	-1219.82	23.5948
-1296.77	-423.11	1.14358
-212.918	27.5562	19.2046
-216.037	625.359	-12.4874
-1344.51	-1009.18	52.1829
-1010.41	-320.52	-2.70498
928.114	613.467	-16.8057
-22.0848	426.384	-13.0923
308.133	1342.82	-15.8598
299.92	-578.956	31.6842
-793.065	264.564	-5.40078
884.358	1213.79	-13.5869
-376.456	1151.4	-19.7791
-920.354	-1464.23	45.7804
-87.398	1135.88	-18.1951
1327.17	1215.33	-21.0838
1394.26	-1214.46	94.5971
-1049.74	-1382.64	61.6808
-1435.85	793.907	9.4473
-627.429	1022.9	-16.9811
1276.81	-602.768	-9.06358
192.594	621.632	-15.6189
531.428	-1155.34	45.4391
934.131	-792.279	55.6179
359.347	369.628	-16.2415
153.88	50.8447	-8.90013
1124.62	-302.905	-12.5871
711.051	347.333	-20.7545
-765.402	324.091	-8.37178
716.755	455.93	-19.2568
-677.021	582.866	-7.14423
-19.5302	836.618	-16.309
1211.74	-331.898	-13.9259
1347.4	1012.93	-20.5848
1419.13	1337.56	-26.2558
-1132.23	1197.14	-12.072
-1105.24	-971.512	44.0372
-88.2047	628.544	-13.3913
237.746	1200.25	-17.9978
-193.935	-412.552	98.9331
709.015	1310.11	-21.3996
807.475	323.664	-21.2526
-3.10553	-1250.7	58.6144
-910.697	1472.68	-15.9727
410.129	-640.552	57.2535
998.338	-672.988	8.41757
168.943	577.814	-14.3108
-83.8738	-920.974	97.6013
360.351	-1269.41	35.7733
243.677	384.753	-15.7771
-256.005	-433.335	96.8301
-727.075	483.747	-3.99413
612.876	541.069	-18.1719
363.89	-1354.33	30.9618
302.976	-318.067	3.38995
1292.34	242.055	-22.3423
645.822	-431.176	4.67019
-1304.75	-299.264	-3.03171
-1173.7	-716.752	14.9173
-1356.84	-1320.49	64.9989
497.308	382.44	-18.2875
83.137	314.1	-13.3919
1069.99	1209.09	-17.7383
-308.878	943.169	-17.3059
1373.59	-873.432	1.8691
-213.171	1470.34	-17.4873
1218.36	469.935	-19.6298
9.92662	-316.189	59.823
285.078	-664.468	53.1097
-114.673	1003.61	-18.0058
408.371	-1337.01	30.3626
377.909	-1484.66	25.4698
-866.073	-686.414	7.84105
-1345.13	-151.804	-6.59545
404.932	531.043	-17.5919
-951.29	-513.509	1.24843
1114.2	-151.8	-16.5442
-219.956	-853.794	64.3947
-535.018	-1208.4	21.3469
-437.997	-1060.85	24.9701
1244.68	-1286.6	89.1661
1340.47	-856.773	1.57573
-589.388	-1038.86	13.9898
471.443	-568.064	39.3579
286.835	-418.167	12.0881
422.678	-382.268	1.17063
-1157.84	984.448	7.65215
1368.55	508.732	-21.2192
-157.37	1127.82	-18.6963
-988.898	441.006	1.64442
148.07	-1464.88	36.4411
-179.017	451.784	-15.2893
665.571	-1120.07	48.9137
184.373	1313.7	-15.4474
-1429.15	-1169.74	43.5969
877.692	-524.496	-6.47489
-282.833	-745.389	60.9405
1007.61	-649.627	4.56793
-56.1324	1275.05	-18.6654
-526.967	437.679	-10.685
-562.732	922.807	-16.4553
-692.678	-1025.39	13.0254
1343.78	-1228.79	99.5328
-1460.92	214.027	-0.220637
-1185.21	198.25	-9.07759
-976.422	-1428.11	52.3107
-1443.84	-1463.86	115.211
-1196.79	-827.405	26.1228
-0.7218	863.577	-16.2612
547.439	596.159	-19.8452
799.262	1229.72	-17.9697
477.366	661.52	-19.5443
-805.297	111.491	-1.80878
526.121	1454.5	-21.531
582.688	-88.6456	-10.0323
-441.733	548.846	-12.7531
1216.42	-465.436	-12.3323
1448.93	1199.98	-21.2014
-381.679	-191.568	48.6071
91.8271	1388.36	-16.1776
-331.828	-66.8362	57.632
347.631	581.242	-16.2767
-1195.55	-100.604	-5.32351
-235.671	766.553	-12.7053
460.195	-7.70835	-11.6071
1087.27	-655.034	-0.899987
-552.434	918.55	-16.597
-509.224	418.14	-10.4762
894.813	-374.987	-12.1548
1147.75	894.401	-18.0063
40.7118	716.087	-15.8103
680.627	539.218	-18.6901
-507.733	-1291.09	25.1669
416.265	1430.7	-17.9219
1094.28	1114.58	-16.6909
-382.862	-51.3272	56.8227
-152.428	281.182	-13.3684
-739.645	1139.67	-18.0336
-1496.59	-1222.3	47.2385
876.481	-1174.52	52.0702
-601.855	418.985	-9.12527
1003.85	1478.89	-26.3514
965.796	955.17	-17.0023
-22.7924	1393.48	-17.3873
632.991	-35.3991	-12.7051
-2.94718	611.501	-12.7531
738.889	516.42	-19.383
889.494	1074.63	-13.8245
596.332	473.098	-18.3268
-1075.46	-172.178	-5.99415
1258.7	-90.4901	-18.9118
-885.238	-233.846	-5.12613
-536.34	1374.44	-18.7578
-404.579	164.706	10.4168
-1082.49	-815.339	21.0204
724.595	-264.739	-13.6632
1243.21	47.7638	-19.594
-231.755	-770.974	69.0273
-187.117	-1206.37	74.565
-795.539	-1443.98	48.1942
-617.71	-866.325	11.6372
64.5251	636.569	-13.8864
417.591	140.055	-12.9329
-850.061	-232.337	-5.25382
-929.862	502.797	2.10107
-427.671	1421.87	-16.8845
-404.89	487.58	-12.9433
-930.689	-1440.43	45.2472
-540.625	691.913	-6.32919
-905.608	-1439.07	43.9369
-227.354	15.802	24.0956
-753.011	474.909	-2.55271
1109.35	1289.39	-19.9888
-271.076	-3.39656	36.2185
-355.154	975.134	-18.1051
640.881	-65.7538	-12.7812
-458.178	451.671	-11.8705
-249.435	-77.7454	46.0821
1044.19	1102.32	-15.1388
-625.159	1016.16	-16.8576
1260.08	471.322	-20.2816
1242.02	-899.605	20.781
-1335.33	174.945	-5.72873
1481.53	919.972	-22.098
-736.239	-1354.43	42.3331
-49.1147	1056.25	-16.8683
-632.416	1254.78	-16.9755
-760.051	959.364	-12.1962
966.688	-1049.72	67.4395
909.604	1480.83	-25.2222
545.754	827.469	-17.3088
314.558	1438.92	-15.4543
-1070.37	-206.026	-5.52634
1272.38	321.538	-20.6604
-584.259	-1346.65	35.4429
1394.44	872.897	-19.3659
-133.784	239.668	-13.0576
611.814	1444.29	-23.7223
-1015.99	-465.068	0.518895
371.094	-826.376	113.575
1113.33	-457.976	-8.67514
-598.176	-354.533	6.24682
391.228	1252.22	-20.7449
-1345.82	770.655	8.70148
-798.653	1056.35	-16.5919
500.051	-170.86	-7.07882
-316.753	-394.678	82.5779
522.552	-1158.06	45.2215
1021.85	15.0933	-22.5681
-1175.48	1443.46	-12.7131
893.064	-482.837	-8.90217
-1025.88	-819.675	21.8432
-297.879	503.473	-12.3151
320.725	-106.04	-7.07501
-613.778	-883.25	12.3716
-168.679	-14.0773	17.2201
19.7173	1469.51	-15.6328
-850.101	720.033	4.66533
-127.172	840.023	-15.7088
1256.08	-940.842	28.3248
1450.58	-1135.77	58.8991
-1116.18	261.372	-8.09044
1026.46	-1008.47	64.2795
-1257.76	662.008	7.67361
977.258	1119.6	-13.0549
1108.46	-265.604	-13.7558
-1007.44	-519.912	2.54086
673.865	821.386	-18.1997
504.133	1221.64	-22.2995
1250.04	38.9755	-19.6945
-563.006	1090.19	-17.9215
-1146.27	1127.97	-7.10522
-1281.38	-1185.33	48.3191
1391.03	15.6197	-23.9441
86.843	-1034.74	87.1323
176.71	122.89	-13.4655
1327.09	-916.941	10.598
560.718	1101.1	-20.837
-1266.65	-1397.95	80.6044
9.69842	500.642	-11.9978
160.01	-241.714	15.1912
-736.488	-1138.54	19.3878
-121.55	-266.44	63.3923
1441.2	-93.5823	-24.5677
437.453	1481.67	-19.1176
-748.961	544.368	1.02734
852.642	1479.31	-25.2653
216.027	-171.688	1.94028
49.832	847.002	-17.1162
-506.231	-656.316	16.5732
-93.5119	1061.69	-18.0516
306.689	733.139	-15.6959
1303.49	-1285.65	94.7869
1096.29	-962.179	58.4225
-1431.37	-622.133	17.9767
-677.661	1227.48	-17.4157
1013.57	262.123	-19.6059
112.89	105.453	-12.4587
131.948	-279.381	23.3192
1121.43	697.061	-17.4849
-1151.51	-1366.5	65.115
-164.144	817.67	-14.5978
-1499.52	1330.32	-5.7016
-40.284	-899.905	104.932
829.589	121.157	-21.3787
-363.542	-744.637	37.8745
-235.723	-506.071	107.372
-1231.62	689.848	6.23548
-373.544	-251.435	50.1933
1033.28	-949.503	66.7143
639.999	348.59	-19.7274
-1147.79	902.652	13.2594
-481.058	360.152	-9.31968
-178.462	-471.242	104.981
1013.11	-490.748	-7.33466
1235.3	-1445.83	73.4677
-967.946	117.198	-9.74435
-183.204	-784.417	79.9646
27.1593	223.247	-14.5727
-814.098	1427.15	-16.6336
648.095	-1033.12	74.4088
60.7184	800.174	-16.8153
-704.521	273.39	-1.4776
-756.381	-1455.93	52.9488
102.116	-11.3496	-2.75245
-344.594	-671.337	54.1199
667.462	-468.865	10.0527
634.561	-1026.12	76.8029
-261.51	-123.196	53.786
-1233.79	1114.91	-0.525688
-1340.23	-693.016	26.81
-108.87	1323.43	-17.9099
241.216	-1244.19	41.2797
-1320.74	836.657	20.3999
1216.8	-24.138	-18.4424
307.748	-49.4095	-8.62797
-1399.54	-189.124	-5.28993
-1388	-163.291	-5.83677
804.885	-261.777	-15.8629
-242.72	376.783	-13.6807
-786.915	-939.431	12.7901
-248.96	1053.25	-19.038
-1313.09	-525.807	8.59658
1289.14	-392.043	-15.1331
-496.02	525.943	-14.1886
910.74	1325.71	-19.2758
1215.6	805.636	-17.8567
-1020.11	-363.099	-2.48512
-689.426	972.819	-14.5889
-231.633	1150.97	-19.1167
1205.96	191.236	-22.8476
-1446.58	1115.72	10.4643
-1390.06	-99.5149	-5.90075
-693.594	1362.16	-18.2551
752.891	932.518	-16.9118
1494.61	1007.05	-23.2682
-988.716	-1006.76	40.3155
-577.114	-848.643	12.4904
-589.539	-799.373	11.0215
-401.999	-822.219	29.938
725.016	-514.834	7.27866
-639.863	-471.349	5.56563
569.019	-50.8716	-11.0382
-1058.58	-1062.24	40.9236
1388.82	-1012.49	29.2604
1141.47	1291.56	-19.895
-131.142	-1104.74	94.0444
-28.7023	-1013.68	105.973
639.715	-1231.19	35.9781
-1356.73	561.804	30.9218
1268.75	292.194	-21.1108
-331.288	-726.161	52.0403
1143.62	-561.301	-7.21108
1282.96	-767.194	-3.89024
282.603	-178.038	-3.14395
-395.104	953.445	-18.1829
1442.25	-879.017	-1.70566
1388.98	985.708	-20.6918
-426.793	-1356.92	33.2242
1153.7	-129.14	-16.9142
-1091.68	-1251.05	45.9117
-83.684	77.901	-2.77319
1348.11	-1325.5	96.6353
-974.421	871.969	4.48705
-794.771	-1210.23	27.6741
-322.359	742.739	-11.0397
-966.701	-1388.04	48.9711
-1213.66	1309.9	-12.1917
1009.65	486.944	-19.2619
-1433.88	-1187.78	43.8511
-822.875	-205.036	-6.1518
667.452	619.885	-20.1792
416.37	-1135.97	52.5502
99.8182	-533.934	51.084
-340.981	741.649	-9.93129
-1021.43	275.313	-8.87434
-1162.34	681.502	6.44845
699.182	-1402.87	24.4377
528.662	1279.53	-21.3583
-1149.67	-581.6	7.92732
105.861	-456.295	44.7146
-76.1496	1153.27	-18.1776
-485.704	-228.153	23.7738
368.358	-1119.07	57.8055
1051.97	-803.792	35.3977
1387.01	-1169.67	81.7898
611.806	667.629	-21.977
-979.519	-1388.09	51.2382
916.694	-1376.39	32.5856
381.003	392.98	-16.6047
1062.3	1252.78	-18.5035
-485.801	333.897	-8.43045
-730.23	-190.71	-2.61157
2.47454	1403.91	-16.9714
593.593	413.373	-18.5765
-1116.53	-529.047	5.02546
465.681	513.199	-18.5202
457.425	1089.5	-20.272
-432.435	-392.56	36.2611
1266.81	-256.92	-16.2384
-1034.91	-490.771	1.70492
931.703	312.906	-20.0154
1362.44	-92.6379	-22.9763
-508.985	1206.85	-18.3136
-861.281	715.387	4.58226
-1423.02	-911.312	34.3608
-543.169	1459.79	-17.553
-251.976	1219.85	-18.5921
-752.558	-1135.02	20.4431
979.684	-635.815	4.37066
-373.226	1474.43	-16.3936
-1348.08	-1420.71	89.7708
-107.905	-1430.46	57.6848
226.602	1205.19	-17.9931
-163.611	1384.23	-17.4979
735.24	-1486.79	21.6356
1166.53	1120.17	-18.2176
852.336	-1378	27.2299
-1383.62	1417.43	-8.12971
-1126.04	-414.125	1.41895
-770.276	129.842	2.27418
-1497.16	-1130.94	29.1904
817.4	-831.23	80.6608
1174.91	692.673	-17.3232
-1008.19	240.281	-10.3855
411.936	479.023	-17.4832
476.103	95.9109	-13.1033
-921.61	-1134.16	36.2593
1342.23	229.75	-24.2026
1445.62	379.873	-24.7694
795.792	-1057.88	65.24
-1172.92	673.696	6.66465
1275.15	-876.435	10.563
384.113	-96.7361	-8.11503
-71.7209	-449.557	87.2804
-171.824	-368.724	90.6907
-599.902	1076.57	-17.8816
1317.62	-296.636	-17.2689
172.492	554.777	-13.9316
408.784	-1011.44	88.1955
-334.954	-694.337	54.7344
1188.12	1047.01	-18.4735
-122.156	1072.73	-18.447
77.6245	-1166.98	66.1104
-63.4192	1449.88	-17.0166
-69.967	633.269	-13.4984
1201.11	-384.779	-13.3112
-1271.6	435.841	28.2717
816.76	1143.53	-16.481
1139.03	1047.43	-17.7024
-1301.24	-1371.34	75.1297
-1465.41	-658.697	13.8254
-675.863	759.894	0.133752
752.177	-408.613	-5.24621
278.213	-1021.93	83.7442
689.87	-246.538	-12.7468
-1026.09	-806.467	21.0949
-1100.81	1138.49	-10.7877
-269.032	197.161	-5.27913
-868.421	1331.14	-17.4191
-679.464	1462.16	-16.0447
-1392.41	1388.51	-8.01116
1161.35	-441.803	-10.9594
146.211	7.30393	-4.23379
-1063.15	-561.257	5.04764
-1090.63	-126.913	-6.11701
-1226.99	969.209	19.2583
724.107	546.19	-18.9364
-1.24369	750.281	-16.0489
1257.24	1480.94	-26.948
-245.539	-1219.23	62.3222
1480.98	1046.05	-22.581
-247.854	-164.933	54.2165
620.557	1083.42	-20.1101
-498.634	12.0847	46.5484
741.986	277.329	-21.9277
803.678	-1250.79	34.2844
-462.552	-1069.13	22.7787
972.666	614.921	-17.0619
447.78	290.005	-18.1659
1274.67	-974.651	37.7875
-588.391	1145.94	-17.6261
416.157	1450.37	-17.9244
-1020.27	1061.69	-12.1349
1278.95	893.805	-17.959
-362.341	-1429.43	43.4211
384.098	-592.707	42.0842
1247.45	428.329	-20.0633
1491.83	1217.63	-22.2424
1398.14	1448.11	-26.0476
1236.69	569.062	-20.381
-679.334	1150.53	-17.3517
716.175	899.7	-16.8502
979.193	-293.725	-15.4701
143.733	1382.01	-15.304
29.7708	453.234	-13.5285
-770.412	-1220.62	25.8426
285.051	774.577	-15.2815
1315.31	-814.299	-0.852661
-1264.11	798.859	12.2764
523.232	-639.262	61.2711
-262.969	766.687	-12.535
-868.925	539.956	3.98179
-1082.29	662.03	6.26073
429.344	-977.737	101.747
237.079	501.74	-15.2495
1353.11	-144.846	-20.9499
575.283	-6.59084	-11.951
744.511	164.867	-20.7007
-19.6371	-1258.13	59.9835
-473.369	-830.713	21.4636
-981.653	-414.92	-1.74012
985.792	-290.901	-15.5559
-805.631	325.417	-10.252
-427.295	-820.13	26.2975
-1439.17	-172.777	-3.83504
-481.81	546.236	-13.8565
-15.5088	-320.882	67.3383
1085.39	-340.381	-11.0148
763.152	-133.321	-20.7598
1096.85	-195.938	-15.428
479.337	-1310.47	30.8992
-345.931	-544.51	66.9625
682.58	1078.63	-20.4584
1270.23	768.347	-18.0768
-655.005	-189.883	5.23496
1307.88	-829.024	0.46363
-1185.81	963.932	15.2024
-322.418	-686.699	60.2984
-1126.61	1230.69	-13.6585
-693.104	77.13	11.787
-1301.77	200.168	-6.0306
617.434	-960.548	93.5131
1354.93	-704.636	-6.47467
-849.336	-1076.9	25.6335
-1275.34	393.59	22.2582
385.588	886.413	-15.9781
99.6827	-301.703	33.2885
39.8423	325.845	-13.3533
-1103.9	-1373.34	64.3922
-247.575	-1178.36	63.5334
-1166.92	737.11	7.90868
-792.551	-747.765	5.34363
856.465	238.993	-21.4396
-1231.03	1056.23	2.44911
640.44	1323.52	-22.5287
-1001.82	-995.482	40.3661
919.889	-1225.9	51.5904
1379.66	128.891	-24.4007
50.7643	-1317.36	43.5742
-175.223	979.833	-17.8802
1192.96	-602.056	-7.77154
-325.118	-1364.45	46.3884
-1131.38	-44.0759	-4.34732
-387.009	-375.85	53.0005
-896.476	-21.4464	-9.33858
-518.404	-614.176	15.996
-1382.49	-528.722	8.90005
-1044.32	-445.876	0.448475
269.272	485.837	-15.9962
1470.88	1306.46	-25.9131
401.721	181.814	-14.0864
-723.1	-1364.7	44.5827
1101.2	915.31	-18.1668
230.172	1410.53	-14.5857
1137.83	-1362.26	68.9478
1123.21	494.535	-19.0383
-591.409	42.1864	27.8452
-1427.34	1173.06	-0.383467
1283.91	953.044	-19.1247
-1301.97	1161.63	-2.29647
1405.13	-646.339	-8.16901
1214.45	-376.386	-13.9367
-1058.93	359.252	-1.08584
1278.23	1037.32	-19.862
676.48	-1137.25	43.9155
856.693	746.35	-18.3075
-1084.71	154.337	-10.9021
-824.662	-1337.88	32.1885
-1076.21	-147.677	-6.38374
1242.93	1120.47	-19.4312
-143.069	406.496	-14.3566
225.312	-852.786	106.144
1215.15	-565.24	-9.45784
1484.46	-1084.72	28.287
343.209	522.913	-16.5982
951.089	1447.11	-27.0168
847.248	-1253.56	36.6129
-1133.72	681.142	6.2621
-571.486	698.447	-5.83935
458.288	-711.609	80.9762
-1446.35	512.518	47.6124
1159.79	602.128	-18.2636
710.278	-843.279	83.8449
1189.59	-10.5462	-18.3307
-471.496	-1214.8	24.2112
569.598	1215.92	-22.347
786.27	-163.42	-19.5711
-1119.5	319.752	-2.84249
498.943	-274.525	-3.53899
561.155	634.994	-21.1892
-1153.19	1095.64	-5.77529
-377.123	774.404	-11.3273
-24.7895	-73.082	9.48779
-1320.24	-159.615	-6.76833
-1365.09	205.299	-0.48113
380.354	-1368.61	29.8622
-632.094	498.112	-8.69832
1263.99	-945.643	28.2709
-291.594	-366.663	84.1036
-1033.37	-1384.46	59.6161
1074.78	579.942	-18.0647
-1474.23	-1300	69.5256
-1187.46	1318.96	-12.7534
1460.6	-315.984	-18.2428
1216.1	-492.617	-11.5655
1459.44	1141.43	-21.1711
1469.32	1426.28	-26.2101
280.844	1199.24	-18.7223
1250.18	584.807	-20.6595
1361.25	1082.21	-21.0174
91.5238	-412.936	46.8513
1482.37	-162.614	-22.0508
-1367.96	-1060.14	49.3904
-1157.67	-441.104	3.35302
1479.78	-1397.78	85.9115
-293.051	515.392	-12.2867
1097.55	-256.36	-14.0117
886.894	-641.204	10.3722
-691.612	-852.955	8.49534
227.745	-1287.05	37.7644
-887.219	-1143.15	34.3669
397.257	1450.71	-17.2766
-414.718	-211.893	38.7635
-932.3	-1222.88	40.674
-1065.95	1054.76	-10.1428
113.272	454.118	-14.3113
1096.58	-744.779	9.75732
-546.797	242.51	2.59493
1262.44	1220.05	-19.7488
595.033	493.344	-18.2199
356.783	-622.95	45.7168
-343.692	396.942	-12.3905
-1386.23	1004.09	28.1149
1363.79	-697.928	-6.64919
701.362	-857.835	86.4914
1470.08	199.376	-27.2745
1253.01	-328.362	-15.2673
-71.8405	523.18	-12.3462
676.355	285.78	-21.4573
1158.68	-786.505	10.6818
-593.933	-384.55	6.9312
-1372.93	-1190.51	48.6316
635.833	1292.44	-22.1882
-310.971	-1338.7	48.4769
-912.152	-1239.1	39.0032
-133.836	1465.81	-17.5095
-481.024	853.317	-15.515
1314.55	-1103.43	70.8557
989.81	1193.26	-14.3574
946.085	245.775	-20.5881
8.78055	662.129	-14.2419
-1219	-46.1108	-7.08739
968.483	-528.357	-5.97673
1196.91	44.9971	-19.1015
1339.7	-773.992	-4.54053
-1022.88	-703.39	14.8167
926.547	896.895	-18.4139
371.59	562.824	-16.876
-1309.58	-1480.78	98.3767
425.453	430.494	-17.2764
-1001.58	-486.037	1.17612
-1319.9	-86.2808	-8.05931
775.812	-360.33	-10.5271
1371.32	-1259.88	101.708
-1126.71	-974.78	43.5861
-1477.93	-717.928	14.5517
-274.251	449.066	-13.9963
1412.27	-201.877	-20.4622
-999.451	-37.1797	-8.45981
-470.597	1010.85	-18.5424
-923.301	-1024.24	31.643
-213.166	1109.77	-19.0985
1440.38	16.5897	-24.9119
-569.371	187.057	12.74
-204.083	-520.616	117.103
1094.71	-1490.8	40.5631
-601.504	-1115.4	13.896
1305.73	-890.645	9.18642
-721.156	835.117	-0.128473
805.602	73.7618	-19.5872
-482.774	-971.158	21.5925
137.075	-1477.21	37.1335
-613.099	-527.508	8.27759
-261.998	-223.803	63.4178
81.0998	-1456.64	40.3473
607.214	1216.48	-22.2233
-912.787	-466.36	-1.63184
-394.365	249.948	-7.51605
-236.903	-1012.49	67.9632
-1149.47	569.209	10.7289
1428.66	692.455	-20.9198
-1065.69	-611.472	8.77077
166.611	422.693	-14.7163
306.405	-1192.44	44.9614
847.567	-557.743	-3.61119
-211.025	1252.07	-16.9726
136.966	-844.263	104.517
-1350.91	-628.173	20.7971
-1372.48	137.062	-5.78057
-726.654	-1215.37	23.1313
414.436	726.734	-18.4846
757.327	-603.873	17.3069
-1354.27	1049.55	15.0547
-134.77	460.027	-14.3169
-304.057	-1311.93	49.9979
1216.33	-737.439	-3.16963
233.237	1295.13	-15.868
1273.42	-758.836	-4.34974
447.485	-1207.6	38.4363
-903.864	704.676	4.24383
-915.89	995.301	-12.3733
-255.325	632.187	-12.109
1021.73	-159.963	-18.007
-365.473	218.712	-3.38249
-30.6628	-100.757	15.2393
111.833	1477.64	-15.947
490.763	1347.99	-19.7529
-227.43	-12.0285	28.7711
718.498	-61.5803	-16.5664
-1357.42	-722.537	30.0461
700.731	1396.97	-24.8123
326	915.888	-16.9914
-232.546	-28.0837	32.4954
-1417.55	1072.67	13.9377
1182.81	489.93	-19.2929
-993.795	-731.351	16.043
33.5809	-624.256	80.1128
978.944	-301.35	-15.2072
1345.35	-593.931	-9.9304
1115.18	-716.419	4.93611
908.174	11.8059	-21.3616
-141.207	296.346	-13.6076
-1185.2	-82.1913	-5.54147
-466.799	1211.68	-18.7324
713.623	1454.76	-26.2613
1239.43	527.662	-20.1065
-1288.46	-542.184	10.4135
555.061	-860.838	106.871
946.112	-971.847	74.3051
442.742	637.769	-18.2644
1072.26	310.572	-18.7786
843.806	-1241.97	37.5924
-1136.8	-506.282	4.89615
-620.115	-459.649	6.40837
-426.469	126.758	19.6754
347.6	-1175.34	47.4543
-1386.13	-1095.41	46.0941
812.256	760.256	-18.5001
163.473	-1483.05	35.5751
407.558	-1065.91	67.9192
929.902	1231.65	-12.5603
-815.075	471.306	-2.25951
560.079	1225.69	-22.3179
-902.391	-1102.08	33.9694
673.652	-255.1	-11.4862
235.818	-1271.76	38.9163
-689.202	-437.299	2.51063
1011.66	-266.432	-16.0443
1173.62	-1032.93	60.9364
-39.9811	1468.29	-16.3662
714.036	741.025	-20.1641
-1122.51	1004.85	0.833834
-751.265	-166.602	-3.34683
-1340.19	971.938	32.3385
-1062.53	216.8	-10.2154
10.9007	-820.09	106.62
-401.855	-1462.21	50.2765
251.995	601.966	-15.9309
-574.999	-1382.94	38.5886
691.211	-920.541	92.3371
962.468	-1373.32	38.07
1386.22	-501.497	-12.4727
1307.99	221.027	-23.1126
1490.45	-1350.02	90.7421
-12.2119	-487.751	79.1046
1405.33	-1098.75	57.3668
1362.87	1024.91	-20.9391
-1080.32	-957.127	43.0034
5.50605	360.166	-13.8943
-1328.93	720.18	7.10951
-722.463	-962.155	10.5632
1030.27	-611.218	-1.54049
238.147	-197.571	0.139585
724.878	562.498	-18.7581
-1103.54	-766.681	15.4951
1022.01	744.375	-18.0293
-68.4005	-549.534	100.302
26.1917	-386.446	69.4674
-1010.34	489.741	5.62961
-423.109	605.553	-10.7307
985.119	452.2	-19.2614
-1475.68	-1097.11	29.4598
873.841	-1374.87	29.1061
1276.49	781.018	-17.8484
852.312	-429.815	-9.99341
1082.75	488.455	-19.1411
1459.1	-1472.49	79.8708
-100.487	-365.848	84.648
1422.45	1325.8	-25.7605
176.677	-1049.18	68.0843
-247.435	-591.662	104.058
187.636	-385.904	22.6241
-488.034	-454.332	23.5186
48.714	168.845	-15.1608
-1031.62	-64.0773	-7.06109
890.764	-988.067	76.1582
-110.679	1244.43	-18.3032
-816.37	843.398	5.51991
-478.176	-231.394	24.311
1149.38	-79.3429	-18.2992
-965.857	1243.6	-16.3527
544.646	371.601	-18.9346
-77.6459	319.568	-13.4291
1047.07	746.205	-18.4507
-1131.63	1126.05	-8.1584
726.701	251.064	-22.0801
-796.631	1038.33	-15.9636
651.475	612.353	-20.1825
-799.908	1372.88	-17.941
1450.97	-1495.87	77.1311
-1398.1	-954.363	37.8871
178.72	-746.056	77.1792
-814.487	1342.15	-18.0883
-646.797	-96.075	12.1967
-1262.99	586.28	16.9991
1443.99	698.842	-21.0298
1033.23	-714.244	11.9207
-811.256	-417.111	-1.34493
482.722	845.929	-16.6595
-1242.95	-1068.1	51.5364
-163.434	804.853	-14.2808
1112.92	-575.743	-5.63996
-588.623	-821.951	11.4197
1459.13	1120.92	-21.5878
-1109.97	1302.07	-14.9798
-758.501	1433.9	-16.4799
-909.889	1054.66	-15.0766
-717.864	506.774	-3.04614
-780.076	-1441.91	50.8316
-552.002	-677.948	12.9617
-0.582973	440.1	-13.246
451.024	997.438	-17.2923
1291.1	730.757	-19.5214
518.53	1110.76	-21.4793
-32.2324	270.121	-13.7947
1308.36	-1262.41	95.9812
897.852	479.214	-18.3934
441.825	-1117.86	54.8172
893.066	963.121	-16.5775
206.517	256.439	-14.6139
-545.968	1136.84	-17.9363
-1473.92	535.536	45.7715
582.236	-889.944	103.444
771.731	-1031.9	71.4534
725.473	1452.82	-26.4675
1011.42	88.6588	-22.1611
1196.8	-1048.21	62.5333
-1454.54	464.178	50.3578
548.116	-494.203	21.7367
591.346	-956.862	95.0662
1229.02	-942.42	32.9889
1412.37	-1416.42	91.2838
1393.68	-946.304	8.67233
-1333.83	1091.16	5.44654
-670.236	-978.311	9.5412
-824.63	986.902	-13.0509
-842.191	365.962	-9.4691
-267.283	1106.68	-19.6068
945.922	-368.707	-12.645
-237.292	-1126.22	67.2001
360.381	-1453.58	26.7335
1132.59	37.4307	-20.6915
-30.6798	615.192	-12.7637
1167.38	-540.364	-8.80096
-824.611	-421.104	-1.68172
-49.0121	-866.971	103.182
1204.68	1282.84	-19.8777
874.737	168.424	-21.7231
524.95	127.712	-14.8274
749.958	-525.052	4.11617
-92.3237	-721.387	102.94
-517.535	492.128	-12.5951
-27.6297	-1196.06	69.7344
634.783	-456.246	10.0768
654.778	-1242.97	34.5685
-167.604	149.755	-6.32764
1400.49	-858.93	-0.152526
-1116.27	-207.827	-4.92762
-417.799	-572.423	37.4668
-174.774	-1405.13	62.2154
-466.546	96.1513	28.5668
1480.36	1392.51	-27.5413
-629.886	-68.6363	15.9478
149.507	-1248.57	44.6065
-1168.8	1095.28	-4.59217
784.87	1280.78	-19.1545
869.347	1111.33	-14.4448
1235.92	806.142	-17.8339
713.117	-974.586	88.422
-232.603	-728.647	78.6991
-94.8797	-732.721	102.891
-158.984	336.875	-13.9042
1467.41	1026.9	-22.5505
-136.415	-471.967	98.9427
-538.079	-995.571	16.7067
1170.69	-538.998	-8.94017
953.192	-721.623	24.9917
-1370.81	1470.76	-8.46107
-793.42	-1289.19	32.0368
-33.9295	110.779	-9.67486
-1031.19	610.596	6.1499
-697.637	-961.379	10.1573
224.3	617.45	-15.9784
-1120.82	592.108	8.35922
614.498	705.229	-21.5725
-10.6249	109.673	-10.9115
-36.2545	-1442.5	48.6515
-647.786	840.942	-6.47181
312.61	1319.06	-16.5762
188.422	1142.65	-18.9315
-875.485	-156.887	-7.4354
-299.723	1204.17	-19.6162
1300.78	-660.326	-8.59604
-1012.98	-50.0112	-7.82658
-869.584	-542.448	0.298847
1226.67	0.386399	-18.8219
1240.65	90.9026	-20.5487
584.302	49.8857	-13.6981
-1151.68	631.106	7.43138
1378.28	-661.608	-7.32335
1023.72	360.874	-17.6707
356.644	-1487.32	25.9932
-813.775	238.002	-5.24585
263.612	-325.668	6.34255
-1177.27	-317.779	-1.61874
-1177.51	327.418	1.27797
1244.1	622.577	-20.4717
1047.54	1060.91	-15.8884
-679.996	821.632	-2.12127
-706.43	-1331.85	39.7007
584.136	1138.44	-21.5064
-348.46	-384.799	68.4343
63.5355	-353.896	51.6778
-378.894	-1304.84	36.7507
-568.368	545.155	-12.3749
-1142.39	-211.893	-4.70906
-536.418	-759.537	14.9055
-1189.6	-352.22	0.325073
-43.5231	747.07	-14.9871
-837.657	1.09701	-6.30575
35.6977	-1219.75	59.6781
-265.308	-1440.77	53.7348
-479.522	73.9978	33.6119
814.018	-1192.55	40.663
-120.726	-325.797	79.7994
1264.86	-1308.23	90.768
304.069	-811.997	104.042
-222.507	-492.36	110.711
909	912.453	-18.2908
-745.699	-1029.34	14.4748
577.374	-1154.84	44.7793
-940.084	337.815	-8.0701
-999.744	-921.669	34.0732
755.698	-14.2413	-16.5352
-1190.53	257.825	-6.25462
-183.101	102.839	0.342087
760.986	679.995	-19.0474
-581.983	-889.245	13.7314
-1281.33	-1311.28	60.4745
-437.302	298.815	-7.98849
-1104.28	809.603	11.7237
-471.886	-741.279	21.3108
516.668	1057	-19.7126
-1348.73	48.6007	-8.25022
-880.441	809.057	9.30467
1029.27	-725.105	15.1708
-576.704	-1353.65	35.5558
1152.5	844.113	-18.3973
-270.784	784.422	-12.8592
605.862	938.352	-16.1294
781.588	1096.54	-18.3409
-486.199	-147.666	33.419
-471.418	-1061.41	21.8435
775.118	153.104	-21.0336
-33.7484	-855.515	104.932
10.6684	-1335.61	48.1055
472.148	1265.02	-21.0953
-507.621	81.1814	34.0712
-1440.49	-730.457	22.7457
-144.379	-768.037	93.7348
-525.448	-573.177	15.9443
1434.55	670.882	-20.8895
-753.187	1215.42	-18.6367
-588.141	-1402.3	41.9545
-959.603	1035.25	-13.0858
1168.64	1418.41	-26.4313
169.775	-138.758	4.46682
350.275	125.147	-11.0043
-657.866	-264.175	1.98059
619.204	-112.005	-10.6721
-1338.21	-327.163	-3.58657
1286.62	-888.09	10.7227
47.0265	-649.008	80.1656
-1374.55	197.476	-0.960442
547.096	104.515	-14.4237
-993.957	-660.679	12.9271
-1149.65	-738.903	14.4669
1096.95	-324.241	-11.7386
518.664	-463.97	15.8998
964.567	-1089.93	69.3627
-246.684	367.182	-13.4318
1324.46	783.058	-18.5526
165.044	-1014.51	78.9561
-619.101	1112.05	-17.8569
776.822	852.177	-18.5778
-1498.6	1419.28	-5.97428
-150.302	808.181	-14.5422
910.122	494.688	-18.426
-270.602	-848.285	52.1573
-1214.21	579.196	13.7257
-1149.11	92.6672	-10.732
-252.27	237.428	-10.5728
-1183.92	266.78	-5.64165
-1211.31	480.963	19.9045
655.636	-1489.19	22.5916
1136.1	-78.7376	-18.4345
186.728	-1256.33	41.325
344.017	-234.282	-2.53934
543.921	-25.0216	-11.2009
-302.02	105.356	13.5423
-766.165	-1409.13	49.6222
-1212.4	1496.14	-12.0404
715.879	-395.355	-3.56353
1446.58	1441.32	-25.5944
-714.414	785.806	2.09389
-189.063	800.201	-13.9129
425.236	-680.901	69.1319
-597.177	-681.286	9.68467
-776.005	-1054.37	17.4273
-970.824	-309.093	-2.67957
575.426	-888.355	104.36
-1361.53	1068.76	10.8271
1031.39	344.551	-17.6585
-336.122	486.475	-12.3026
-199.813	227.995	-11.3493
690.275	-278.286	-11.2119
-1184.94	635.215	8.37164
409.721	-1453.03	25.3182
1376.73	-990.206	23.275
-938.772	-1126	36.4507
563.423	392.134	-18.7693
953.959	-284.283	-15.84
1489.01	1049.01	-22.6672
-745.548	689.353	0.161104
-1300.71	423.145	32.3448
1367.05	669.536	-20.4859
-1455.1	-186.811	-3.01292
941.502	-1004.6	71.8903
-1174.49	-1134.19	44.2642
74.4624	-1174.4	64.6642
-685.962	-858.301	8.8875
-911.573	110.969	-9.00061
1179.01	96.5149	-20.6549
-1162.95	672.278	6.68298
-965.039	417.626	-1.80956
-1036.3	396.738	1.99825
-1458.88	1200.54	-0.366398
-1309.7	204.787	-5.27701
-279.895	-244.871	64.4219
471.076	489.57	-18.1379
-69.729	146.903	-12.1136
-1425.96	1245.81	-4.73626
232.414	482.264	-15.545
393.256	504.697	-17.6531
-981.951	699.281	3.98313
679.532	289.434	-21.435
-926.868	-1320.29	41.2915
-1230.84	-1004.5	48.9775
-630.826	-1099.64	13.2046
-1379.33	1382.59	-8.22885
784.118	-1087.03	58.0718
821.883	-1158.54	46.053
-360.355	720.908	-8.55344
-219.612	345.476	-13.5207
1088.59	-1095.15	64.1815
1434.01	49.4578	-24.5417
406.619	640.794	-17.2617
29.3744	-439.876	68.6359
-923.488	-426.803	-1.91212
236.43	1434.46	-15.0155
-749.155	1106.61	-18.0395
222.232	459.529	-15.4511
-567.129	-574.625	11.9443
-485.523	-489.524	23.6994
33.2745	75.0653	-7.764
-142.025	925.52	-17.2775
-801.324	-1269.27	29.8548
184.343	500.004	-14.4435
-421.742	-1127.88	27.5456
-398.726	432.833	-12.1197
227.477	15.8943	-6.33544
-1427.98	-15.7672	-4.50362
474.983	845.492	-16.666
682.548	-979.847	88.6953
1008.23	-1190.16	69.0432
-1341.3	283.854	7.8693
525.564	5.11089	-12.1594
106.444	1093.87	-17.5848
702.664	-1374.22	25.4491
1291.1	-674.286	-8.41812
-1181.41	526.398	15.569
-68.795	-1121.94	93.1648
609.742	974.016	-16.861
-163.328	370.967	-14.5434
-584.773	-1408.78	42.5211
-879.28	1323.14	-17.3421
1028.89	366.928	-17.7298
-952.552	1426.88	-15.6337
1073.81	609.976	-17.5478
1202.39	328.98	-20.2047
-1172.21	-87.5952	-5.00226
1194.32	596.567	-19.0707
840.2	-1157.79	49.0038
903.75	-625.773	6.45104
-738.097	1031.3	-15.9419
328.158	955.415	-17.1576
1130.69	-685.408	-0.160224
74.814	-1066.41	85.6774
1084.84	1354.92	-22.7967
1084.67	577.92	-18.1661
513.081	-221.754	-5.77445
-865.897	-1147.62	32.6905
-528.263	1201.08	-18.1306
-73.4726	1416.47	-17.4517
-887.392	-642.616	6.44146
751.55	635.359	-18.7447
75.637	-454.565	54.1335
34.7044	-137.125	15.342
725.922	-982.316	85.6959
29.7217	251.941	-14.0168
953.729	677.739	-16.9401
1439.37	9.07736	-25.2533
-1453.87	258.015	3.31271
294.602	519.709	-16.1013
734.38	-206.123	-16.4176
381.073	-1235.93	37.9865
-373.174	-680.197	42.5205
-1442.28	330.978	21.0962
1235.31	816.527	-17.8411
1317.51	641.264	-20.4477
-270.617	-19.7327	39.3457
-1186.11	-768.691	20.7323
848.981	-893.059	85.2764
1306.01	885.11	-18.2198
-990.878	1345.03	-15.9767
-162.544	936.175	-17.2607
-1037.68	-958.591	43.923
968.756	-771.048	41.6836
1352.68	1000.68	-20.3569
-840.46	71.0336	-4.952
66.0385	-1408.1	40.8314
-831.383	483.09	-0.976659
1161.76	144.892	-21.3856
-616.888	-1381.44	42.5091
1150.2	1234.95	-18.4855
276.192	-1403.95	31.6958
347.597	259.678	-15.1067
991.776	258.758	-19.9144
-486.201	662.136	-7.87555
1061.8	1151.91	-15.9554
-69.5505	402.855	-13.0927
1113.12	-680.707	0.60996
838.551	215.978	-21.4895
-1423.7	950.601	27.8964
1265.11	-1341.79	91.1557
36.2333	126.866	-12.7819
-422.707	-1170.97	28.3334
-1320.96	215.706	-2.5258
166.698	-651.843	53.2306
-1485.89	-1467.94	123.149
485.35	1101.96	-20.9195
0.394321	154.248	-13.8321
-142.54	1308.97	-17.4867
-1366.27	506.229	41.838
-765.04	393.618	-8.31526
-425.845	-1095.46	26.6123
-132.585	763.023	-13.3669
-350.361	-148.871	59.0635
-848.753	-959.194	18.2702
-1446.36	325.806	19.8283
-605.522	1497.22	-17.1373
11.8297	883.447	-16.4745
-1194.75	540.991	16.2493
-989.573	-137.177	-7.5466
-1474.55	328.926	19.7114
-565.085	-780.483	12.8065
1025.77	-261.662	-15.6709
-4.71738	-1215.99	63.7328
-889.467	467.519	-1.76021
968.987	927.179	-18.0615
-765.585	-1267.74	30.7712
-1462.16	1254.38	-4.04099
1296.12	808.093	-17.7668
1215.59	873.404	-17.9148
875.607	14.9965	-20.4876
-661.988	1369.38	-17.9866
372.899	841.287	-15.6295
1286.63	-794.197	-1.83788
-489.483	1180.55	-18.6682
-619.851	780.218	-4.91912
-752.666	1086.8	-17.6456
1499.25	999.534	-23.55
824.064	-1349.34	27.1782
577.925	1330.19	-21.588
-1349.63	723.218	7.98577
1454.19	1489.9	-24.1319
308.52	-665.201	54.0139
578.844	-618.474	51.9891
-1227.42	388.833	13.9544
897.361	-265.251	-16.5042
171.028	-1183.58	52.0044
654.306	1197.73	-22.2677
-774.15	831.452	4.2158
280.352	1443.57	-15.0023
43.4464	-1001.32	97.9094
631.197	-74.2557	-12.5041
398.676	745.335	-17.7926
923.816	883.808	-18.5426
1141.4	127.053	-20.4255
-1146.95	83.3301	-10.7102
-1426.49	-1362.83	79.8048
1200.39	714.523	-17.6169
1371.19	400.876	-22.8368
-55.2433	308.261	-13.5342
504.215	-1147.47	47.3952
-190.204	-447.437	102.696
901.808	768.594	-18.6991
-818.339	-1374.63	37.4439
-496.951	-1359.48	32.2582
-1109.74	1119.99	-9.65266
-631.169	1162.84	-17.0055
1448.35	-120.572	-23.7342
-957.595	644.578	4.44993
677.108	-924.585	93.6456
1244.6	-1466.4	68.6797
-1159.64	657.672	7.02522
450.122	31.4625	-12.7813
120.132	-370.418	38.4737
875.742	1182.07	-13.0804
-640.75	-1227.21	22.6477
-448.044	115.892	23.4692
-460.228	635.571	-9.32938
472.822	-977.589	99.8353
-558.628	139.98	23.8369
-505.395	576.334	-12.6342
-1094.78	-1485.27	76.8808
-1394.56	1288.53	-6.38991
-1002.92	1225.13	-15.9528
896.236	-546.929	-5.03877
1134.78	1416.03	-26.0388
450.666	-947.187	108.852
497.102	-1000.87	88.4303
-1078.16	-732.506	14.8552
-1008.24	693.616	4.53165
-231.375	-20.1699	30.9331
-262.751	-1410.64	54.9112
1186.88	-299.057	-13.4681
1157.88	-896.902	37.9012
-61.4097	-790.408	104.316
92.1468	-1187.68	59.2265
915.143	1019.89	-14.3841
-644.843	-1306.34	34.0863
-1075.58	803.969	10.3962
-1167	1241.72	-12.8634
857.133	1106.47	-15.1862
-1323.71	1060.68	10.6213
826.842	738.317	-18.2157
-605.252	-529.987	8.74931
11.0265	-666.873	88.5887
133.554	1162.5	-18.5722
-465.948	-1295.26	27.3279
-992.105	521.863	4.75613
-873.623	-1119.9	32.2222
686.497	1247.79	-21.6663
810.798	-1235.82	36.1371
-178.748	-401.235	96.6797
309.88	-771.929	92.0862
-9.55491	1065.5	-16.2067
-1047.87	-593.734	7.32296
-195.027	-479.398	110.184
1139.77	437.293	-18.8681
693.691	-725.258	64.4014
-1189.24	112.85	-10.8154
-846.89	502.309	1.00854
-151.94	-69.7253	23.1497
388.964	1042.89	-17.9484
30.8711	-1234.11	58.0385
-1101.54	932.214	9.68476
1288.13	-1045.96	60.9538
-40.3752	-935.407	104.499
299.096	569.308	-15.9142
1462.95	507.263	-25.4438
327.756	134.199	-10.8111
811.846	719.572	-18.1515
-1171.83	654.29	7.17838
-239.99	-1405.29	56.459
1228.45	-402.04	-14.185
-284.965	323.779	-11.9382
539.572	87.1109	-13.6394
-817.986	-173.49	-6.28893
-1070.04	-769.741	16.8041
1358.3	1376.7	-26.4273
-815.946	-1214.52	29.8676
-1025.39	-194.636	-6.03717
-910.039	-589.096	4.48114
-1074.38	1345.55	-15.2117
-349.414	-624.904	57.81
-1241.42	-1235.33	46.5942
406.159	-1309.53	31.6413
305.523	1437.19	-15.2413
-575.663	771.642	-8.15824
-226.574	-612.905	103.864
451.747	-583.314	43.6583
-131.077	-554.579	113.475
1452.51	1017.48	-22.4225
-1148.21	-44.7615	-4.68148
1479.57	320.041	-26.5794
-129.19	-33.2018	13.6197
647.45	712.538	-21.6773
687.297	-990.601	85.3509
-1098.69	-1333.73	57.5278
1389.74	-1348.38	95.5705
412.158	-269.388	-2.84792
1233.74	-1198.45	84.3807
630.972	113.442	-16.6134
-1079.26	1449.42	-13.2881
357.003	1364.6	-17.3314
-1014.05	1276.98	-16.7639
-1267.46	55.4087	-10.4487
-572.671	-63.4413	28.1747
1402.05	-1102.63	59.8848
-145.384	1382.14	-17.6744
-601.835	-692.652	9.33616
-1058.16	-131.776	-6.91137
113.81	-1373.86	38.5651
810.65	-542.191	-3.14109
-558.724	1204.63	-17.5081
-87.1656	-907.981	95.8293
247.344	-1284.11	37.5704
-784.646	79.5001	-0.585733
945.06	-1212.32	58.5814
427.074	-478.168	16.2553
1354.72	-1002.66	32.6355
-583.793	1231.88	-16.6186
-208.834	-1000.63	75.5816
-853.681	500.925	0.941795
859.935	1066.03	-15.1408
14.8955	-148.347	19.452
-440.935	-1463.93	50.5918
-72.366	-1460.69	51.1048
1246.73	789.137	-17.811
1472.97	-1104.14	39.5678
-954.686	-662.928	10.7541
569.137	-24.0483	-11.4225
1220.25	1187.13	-19.1596
1050.27	1184.63	-16.6319
1222.81	-582.974	-9.09998
-481.711	1473.03	-16.8479
625.96	-349.688	-3.20615
208.095	870.197	-17.6747
716.917	-630.052	32.1415
-1227.88	-1419.79	83.8153
13.991	1354.62	-17.8935
-1052.73	230.212	-10.1114
-210.236	105.751	2.16635
-458.5	353.484	-9.66148
-1498.83	1118.66	15.6572
1359.66	-101.224	-22.6119
15.9725	-328.505	60.6834
-1125.15	1467.34	-12.7702
-550.205	752.171	-7.86781
-991.027	-1379.35	52.9976
-28.6627	286.549	-13.7084
268.139	1055.35	-18.6689
-180.786	-614.438	111.732
1046.5	-632.1	-0.808967
91.8018	-891.877	103.069
899.429	-1368.97	31.6335
1247.09	33.1867	-19.5188
10.7966	-1219.58	61.8681
-1348.31	-1321.28	64.7955
-1012.67	-1133.66	35.8394
1066.06	21.5982	-22.1662
112.899	-1349.62	38.9249
-1303.87	1.05766	-9.582
973.993	857.212	-18.817
-152.59	-89.6014	26.7851
-1142.22	1194.45	-11.3755
-1369.21	982.343	31.9755
-1411.04	-1036.39	39.5753
-1283.32	-364.63	-1.59656
727.41	1158.19	-21.8162
-887.915	-969.343	23.2651
-1330.94	-373.967	-3.02403
517.212	924.251	-16.1804
-894.814	2.00714	-9.05462
687.933	271.492	-21.9893
-271.457	484.248	-13.2053
-275.921	312.759	-11.9148
-1455.39	1492.4	-7.30142
-1190.33	-282.48	-2.7155
492.209	-836.942	111.039
358.081	-405.042	7.48366
374.788	633.141	-16.4723
-511.75	1185.87	-18.4077
-142.812	690.548	-11.9928
-509.112	376.018	-9.11843
1356.47	-250.423	-18.6116
311.657	-1373.24	31.7058
-284.924	-34.9177	45.545
-1062.8	224.946	-10.0788
1437.46	715.156	-20.7642
-725.743	-224.14	-2.51367
-1069.41	-947.204	43.3772
-217.137	-1082.1	74.5904
591.321	-612.883	48.7582
334.72	1465.78	-15.8143
-238.819	-1285.74	62.6903
597.415	866.523	-15.9757
-165.885	-159.44	42.2082
1236.09	1044.44	-19.3311
1318.56	619.322	-20.6402
1485.44	1086.3	-22.315
-161.212	-1026.31	89.6559
-510.929	-1384.73	35.5346
-1062.9	-1234.9	45.6307
-264.184	782.525	-12.8748
-1339.74	-1443.48	94.2305
665.898	525.403	-18.736
-825.434	1216.45	-18.8468
-1356.52	709.555	9.18199
-960.875	648.213	4.46696
807.967	805.219	-18.9968
850.479	-1401.88	26.0963
1025.81	-491.872	-7.15268
-898.15	1454.6	-16.0083
1208.55	227.999	-21.9446
-1015.33	1176.93	-14.3321
-0.303136	1335.18	-18.2971
-1342.31	-843.491	38.6294
1177.02	-1216.58	77.6257
202.186	-1454.97	33.8443
-16.1085	298.414	-13.6652
-818.704	834.197	6.38091
39.6552	826.046	-16.9053
-218.75	1075.53	-18.8629
836.96	762.668	-18.653
-366.888	174.321	5.03724
1268.73	1495.82	-25.7004
87.2337	1220.41	-18.4066
-369.717	262.742	-8.69118
745.455	-441.417	-2.47083
-611.574	483.053	-9.25644
979.56	-1193.97	65.8998
-255.387	1069.23	-19.2431
-417.626	255.759	-6.80195
-903.966	-430.893	-1.97367
-293.906	-70.0211	54.4924
-18.8861	-1466.43	46.9575
-1222.29	1450.49	-11.4126
379.799	1328.67	-18.1392
637.722	878.005	-15.9149
-982.303	-252.565	-4.53621
1355.54	944.341	-19.5808
345.885	44.6928	-9.54123
-707.885	-763.314	5.7655
-266.904	1215.75	-18.9008
-254.127	-962.809	58.9427
-506.536	-117.722	34.7202
663.957	168.595	-19.4016
-1461.01	1359.14	-6.56117
-606.489	-1129.82	14.5509
-797.192	818.65	6.47319
-682.708	-67.3737	5.73184
-1109.68	-352.276	-1.24397
1158.42	-606.535	-6.39861
-1.02088	1217.47	-18.8791
-1021.76	-66.3115	-7.34206
-1281.15	-211.206	-5.17969
-83.6693	-456.97	89.5669
-782.169	1148.83	-18.6061
-53.7575	467.848	-12.6693
-139.663	94.1327	-1.31712
1234.6	1184.44	-19.3931
-1236.49	871.895	20.6445
-1381.35	1067.51	12.3432
929.517	374.03	-19.592
-1443.48	-436.985	1.0442
-1497.79	741.556	6.75143
-845.17	32.3645	-6.68977
-83.3965	177.094	-12.9342
829.691	-1334.01	28.444
-557.988	900.001	-15.8052
-386.051	-13.0606	50.3477
-332.002	1177.7	-19.9219
-1464.26	1047.85	19.7227
1448.59	169.074	-26.3901
306.643	-1404.56	30.7235
-546.453	-1084.49	17.1287
-672.054	-189.742	3.04682
585.258	711.171	-21.2629
-650.283	-631.379	6.35897
-394.295	812.423	-13.9576
-910.433	-1323.59	38.8372
-269.561	460.583	-13.9251
-1073.88	-994.215	43.708
-508.196	561.718	-13.1154
1157.52	1305.21	-20.4179
941.041	-1426.23	29.0654
-1193.83	-1200.9	44.6407
-815.178	-1352.17	35.2667
879.397	-675.183	18.5365
-1042.37	-868.449	27.8255
19.004	936.714	-16.598
-495.19	-482.142	22.1402
842.499	93.913	-20.8698
-1136.89	-224.702	-4.57778
-330.029	-231.788	59.6729
992.918	867.637	-18.8646
-474.361	-176.819	30.8974
-958.047	-997.835	36.109
277.138	279.425	-15.0505
359.876	339.594	-16.2342
897.989	-564.803	-3.78218
-1268.01	-977.399	49.7236
665.658	-469.47	10.3114
1201.97	-1329.07	82.6065
-1420.49	665.756	10.2344
969.698	1435.59	-26.2027
-529.372	-1432.55	42.5077
91.2863	287.283	-13.7248
-1362.1	1476.79	-8.69777
-648.196	772.258	-2.17214
405.725	-1019.69	85.0288
-779.574	1187.2	-18.8513
-127.927	973.309	-17.7567
517.493	167.887	-16.2193
-457.441	-465.458	28.6222
810.47	1038.23	-17.3305
-1168.69	-1050.14	46.8012
-82.7351	-1269.57	68.0842
1266.37	-653.729	-8.44448
1089.61	816.783	-19.0359
442.378	592.994	-18.1177
465.155	-44.7874	-10.4683
-1306.25	-1134.76	50.6951
-954.955	1159.85	-15.6586
-791.894	-1164.52	26.0125
89.3244	936.782	-18.0984
1197.74	422.356	-19.493
737.309	-259.896	-14.282
-0.849421	1000.09	-16.3552
-154.985	1385.42	-17.5731
405.676	-1456.93	25.2665
703.73	878.374	-16.9124
742.79	1054.05	-19.7609
-1052.32	-133.002	-7.03001
590.354	1460.8	-23.7151
-687.614	677.584	-3.00564
702.369	-458.004	4.03265
-1218.33	108.642	-10.8353
-1479.56	-883.249	19.6071
390.46	1299.52	-19.0523
922.059	445.993	-18.7014
-919.417	-0.142976	-9.22817
877.587	-219.83	-17.9287
1119.36	323.694	-19.2974
195.652	-949.367	94.5875
-315.746	433.042	-13.2529
-461.18	-492.451	28.2646
-41.2058	-1217.35	68.0919
611.824	562.499	-19.0058
-1242.92	-832.892	31.6353
-1126.57	1140.31	-8.89651
-1037.29	-713.62	14.9344
-1393.9	1086.25	10.2194
-402.87	-820.321	29.8585
1488.7	469.196	-26.4132
701.789	382.496	-19.9793
60.013	-11.1173	-2.39277
-250.487	-1421.35	55.2839
298.954	-198.366	-2.73309
1386.25	469.276	-22.1604
-274.666	-1360.2	55.0396
-1386.45	-961.594	40.427
291.934	31.2889	-8.11147
1226.84	1152.77	-19.2419
633.181	-1253.67	34.2083
-66.8095	505.801	-12.9037
436.344	-303.709	-2.09052
879.553	668.904	-17.3906
-181.359	-67.3752	28.8197
116.252	309.568	-13.4188
-1367.75	-589.06	16.5663
-1092.31	-178.544	-5.67509
767.216	1303.41	-20.8915
-153.098	752.988	-12.8189
-1197.98	1156.68	-5.63664
1362.2	139.491	-24.1816
-1073.6	-188.698	-5.75489
-51.4856	164.59	-13.4811
161.454	-279.825	17.6546
-712.752	-510.968	2.5857
-1097.68	872.645	15.9698
-493.565	940.547	-17.7922
1294.82	1207.51	-20.1953
-1318.8	-881.739	42.5338
-1115.26	299.058	-4.83438
1441.92	-1432.01	85.6936
474.095	-360.003	-0.271188
-1450.47	665.984	10.0161
74.4129	76.5525	-8.38399
194.927	791.531	-16.3408
-647.406	1257.41	-17.1063
47.3399	-302.041	47.0768
-119.316	109.913	-4.51801
-780.119	-1349.66	38.2825
661.517	-825.083	86.7793
286.326	1076.66	-18.5235
64.4321	1039.13	-16.8027
-1382.2	862.622	23.5714
999.569	1493.79	-25.7673
-1289.05	-58.0933	-7.97374
-787.38	-256.419	-4.54827
-350.167	385.77	-12.0739
-1243.28	851.758	22.7618
325.074	-473.079	15.2784
-1076.99	-1349.4	59.3552
1247.13	-917.162	23.8411
1017.25	1226.3	-16.7098
-614.374	-828.53	10.4355
-932.451	-663.439	9.67664
938.544	-532.831	-5.95125
1287.02	-800.844	-1.32206
-1143.95	-27.3968	-5.1713
813.403	476.946	-20.0357
1124.62	-1493.67	43.4837
-1078.35	114.808	-10.7235
112.557	-541.854	47.8286
-369.43	-1424.64	42.3211
-24.6734	611.395	-12.6671
-455.541	1087.54	-19.0598
1256.45	1245.97	-19.6132
-1155.05	1243.09	-13.2985
-431.243	656.44	-8.38597
-673.647	807.811	-1.94644
1432.55	1438.87	-25.6654
237.818	-385.049	12.1213
-176.415	-912.814	77.7029
1458.64	-787.22	-6.43294
825.61	921.458	-17.9692
-1116.88	72.7947	-10.6044
-1277.69	124.385	-9.31098
1446.49	1218.77	-21.9102
-468.055	1465.21	-16.9876
-853.434	594.825	2.04534
-784.87	648.284	-0.326033
290.478	1364.77	-14.6648
-460.407	193.935	9.00026
1219.13	-1108.74	77.6311
1407.87	261.082	-25.6821
1067.92	700.398	-17.6263
717.255	-1487.53	21.8785
994.563	-724.674	20.4847
-298.548	-1272.08	50.6872
938.712	1281.46	-16.2062
797.426	-1213.1	37.792
-269.529	580.195	-12.1024
-1107.53	1016.68	-2.33775
840.181	373.923	-20.4412
-172.89	1279.27	-17.024
-884.764	1352.03	-16.8945
-1278.11	-600.147	16.4952
727.352	-797.16	76.7802
-1055.9	-36.5664	-6.59698
686.469	644.415	-20.3199
458.079	1310.76	-19.9806
-395.81	415.805	-11.8727
219.491	939.985	-19.6682
-1143.61	825.516	15.5776
1410.66	36.7712	-23.9788
-474.778	-1008.89	21.6601
-203.353	-894.861	68.863
1142.95	974.291	-18.2115
-726.112	-1191.05	21.1148
-41.7499	982.015	-16.9123
-19.1442	1235.84	-19.0833
-142.5	818.53	-14.9108
-788.835	130.4	0.0517023
-994.971	-150.847	-7.19651
461.848	-1221.38	36.8067
783.607	-697.067	39.9482
1054.78	495.26	-19.0937
1172.16	1189.92	-18.3704
-826.441	-1262.28	30.5789
-755.507	-544.345	1.14892
-70.3639	1311.75	-18.2562
1168.34	652.462	-17.8454
-321.163	-129.938	59.1175
963.654	134.318	-21.665
-514.326	-852.605	17.7096
-1163.95	947.424	12.7612
-245.598	-999.832	64.5254
-591.774	-487.656	8.97316
1273.42	-1112.32	77.5776
-1131.09	308.48	-3.50811
47.0652	-81.8138	3.78353
1484.2	-1138.85	49.4325
1399.49	1470.14	-25.9616
632	28.8436	-13.8209
-1038.02	-373.441	-1.9688
1335.36	-1093.39	65.4399
1262.15	-1357.88	90.893
-1225.51	728.086	7.4046
1023.84	-1023.66	63.3356
-806.111	607.376	0.357116
-518.912	-1370.44	33.6278
214.943	-1309.36	36.399
-1467.56	-622.484	12.0488
1439.04	-1329.54	95.5679
-371.291	-564.97	53.8359
35.1227	-257.75	39.1303
-889.588	894.244	1.66237
388.547	-848.132	118.058
-1342.15	83.9642	-8.43808
261.177	1133.78	-19.3462
1274.92	1116.23	-19.926
-341.775	179.039	2.39336
653.906	-942.886	95.6523
1311.99	-189.906	-18.3779
280.755	531.689	-16.0918
-163.903	-927.693	81.5475
3.04308	-225.256	36.8743
1142.8	-385.627	-11.4997
-1218.18	299.732	0.00067679
-282.27	1150.54	-19.7812
17.2424	-286.21	51.245
-1136.82	-352.96	-0.772504
-307.848	1222.6	-19.3063
867.263	1369.66	-22.3932
1370.49	-565.718	-10.962
465.575	-705.582	79.1766
-1304.85	1038.33	13.873
-840.598	-697.371	6.68308
86.6443	1200.2	-18.4123
-539.424	1181.14	-18.0123
969.208	-994.398	70.9555
-569.284	903.747	-15.3894
-259.667	-676.718	82.2293
749.898	-48.4069	-17.0076
1360.34	721.795	-19.9038
-863.014	-321.265	-2.57305
-1155.32	-18.6125	-5.93661
-697.874	216.183	6.19347
-1274.87	-10.0325	-9.39493
-684.619	-682.826	4.65725
372.102	-550.854	29.2854
834.791	44.2362	-19.8372
-1202.88	728.571	7.38347
910.49	358.446	-19.7524
1267.35	596.723	-21.1605
41.9654	792.9	-16.5978
230.62	1256.09	-16.9782
-1240.54	-665.766	19.4113
1489.51	-1442.36	81.0886
-971.244	-118.739	-8.08436
-369.077	-1488.22	54.0254
966.5	1437.04	-26.3151
-1431.47	1407.42	-7.2339
-1478.27	1076.43	18.1445
-632.803	-132.955	12.53
1255.12	963.443	-19.1288
-942.913	1107.68	-15.1914
-308.221	616.024	-11.592
579.238	-903.671	103.183
-35.7664	1061.72	-16.6493
-291.571	853.884	-15.4059
433.853	-1066.85	66.1246
-103.107	794.853	-14.8109
1398.12	167.115	-24.7448
-898.275	441.456	-3.15151
-774.64	896.928	-5.88184
1335.25	-1035.96	50.2305
-355.669	127.481	12.9801
784.033	1208.21	-18.4088
1152.19	-205.137	-15.2094
784.712	927.743	-17.7233
1278.29	450.932	-20.794
-122.102	258.262	-13.4607
-68.5898	-1127.31	91.7122
-577.889	872.503	-13.5171
-1222.64	-317.748	-1.65942
1091.7	537.394	-18.3333
1182.67	-73.8736	-17.8204
-953.081	223.024	-10.3389
1364.72	-733.408	-6.29174
-1054.88	-1492.17	70.3968
-1264.78	1276.34	-10.7735
-1341.25	-792.388	37.8205
-296.195	-1226.68	50.8138
1298.23	-452.316	-14.128
-363.016	88.0742	23.2197
1213.65	298.23	-20.6765
103.904	-1135.99	68.2334
-984.264	967.586	-5.1066
-1030.65	525.142	6.35735
1464.56	451.451	-25.8169
-597.581	-899.849	13.4689
-1158.66	-403.967	2.0968
398.629	1308.97	-18.8917
-1117.06	386.55	5.83704
495.63	75.8447	-13.1865
-287.627	-32.6495	45.7006
-471.869	1274.52	-18.451
-342.519	1252.83	-18.9163
-700.01	-657.886	3.69544
-678.091	473.279	-6.76758
-149.9	-640.302	112.096
-1041.03	-1214.52	44.1093
-678.567	-1447.36	53.587
1112.75	954.811	-17.9408
1230.24	-1091.82	75.3749
-1376.28	-268.299	-3.83979
985.646	814.818	-19.1005
1207.06	-1411.12	76.8078
-807.002	-1182.93	28.0669
455.295	-620.233	56.0956
-76.4828	366.171	-13.2974
-603.726	105.982	25.754
1273.98	-832.721	3.87313
-60.3745	669.328	-13.2969
999.684	1310.11	-19.0411
-942.117	159.914	-9.41401
1076.31	-1364.22	56.7194
-457.079	413.209	-11.2632
-1030.14	-1451.61	63.6359
1175.37	1432.71	-26.8851
-372.39	-740.472	36.1607
-863.544	-43.3332	-8.29377
366.396	941.282	-16.2529
430.096	-1117.82	55.3684
1273.13	1072.93	-19.9048
-1181.5	-953.459	41.4781
836.403	910.636	-18.1771
-73.1867	-1483.15	49.6045
358.495	769.3	-15.9601
541.788	-443.276	11.0303
-1457.01	-983.348	26.2684
23.0159	1414.67	-16.6419
1304.94	-957.621	24.7884
666.177	780.998	-19.1633
470.763	-63.4081	-9.95314
-1010.56	437.463	3.25348
291.361	1215.8	-18.5935
666.408	691.673	-21.3316
1235.97	1073.1	-19.2468
-1154.3	724.417	7.52618
957.379	-1198.16	63.3629
128.309	-92.2514	1.90722
1322.85	-1414.83	90.7117
-26.8998	-652.038	95.0186
927.905	498.897	-18.5807
-143.037	-824.766	86.2746
234.82	709.82	-16.0523
158.491	-1230.06	46.4613
1466.34	-1308.42	95.9424
671.457	-898.866	92.6192
-920.539	-1352.98	40.9751
-910.845	741.331	5.13234
-189.691	-1004.22	80.8712
998.009	-456.897	-8.80236
-781.254	-238.746	-4.76599
528.076	-1478.5	23.1419
-167.518	-71.8957	26.667
1248.23	-614.177	-8.66408
-88.1556	-776.318	101.165
1295.63	-707.876	-6.98251
-1086.85	-679.173	12.1732
-865.566	-619.024	3.92447
-1345.43	566.784	29.2556
58.8324	-477.152	58.9939
881.655	652.528	-17.2553
-811.795	-811.741	8.89038
692.133	1459.08	-25.9095
24.435	-677.33	87.2106
-1235.41	568.653	16.8738
-1072.56	-148.358	-6.43574
-1289.21	-260.75	-4.16729
-292.082	380.233	-12.8583
1448.23	-809.036	-5.35252
1412.21	398.583	-23.9909
-308.529	-519.145	82.6395
-1391.56	637.942	11.5996
681.968	497.893	-19.1667
722.932	703.679	-20.035
-474.114	-306.833	20.7428
1455.92	136.034	-26.1354
-1236.46	-1362.01	69.4845
-526.286	-1422.45	41.0656
-303.097	665.913	-11.2013
967.77	1041.41	-14.6494
771.331	27.6587	-17.8262
-1452.19	-1102.21	35.2671
-394.058	1463.49	-16.4337
860.5	-60.8086	-19.3298
-1309.63	1410.9	-9.56989
705.509	759.174	-20.0228
915.206	-287.201	-15.8092
46.1144	-972.259	99.4786
921.777	942.562	-17.2554
-848.382	-189.08	-6.62042
-969.236	-579.701	5.89109
1243.03	-949.991	32.6616
726.201	234.255	-22.0784
1098.13	695.46	-17.4873
176.099	1366.22	-14.8116
-423.807	1284.76	-18.513
292.611	6.71722	-7.79784
651.12	-550.499	24.4871
-99.4728	329.809	-13.5574
1313.54	596.881	-20.6266
483.441	-213.093	-5.93248
-1287.01	-1233.85	50.5125
-612.186	811.576	-7.17789
786.772	591.603	-18.3957
432.848	710.107	-18.8257
1077.83	202.066	-20.7308
-364.364	-818.297	35.6556
256.862	1048.28	-18.7606
-1468.7	789.324	8.5435
-10.208	-535.497	82.241
-1283.18	-123.509	-6.4382
67.6585	1242.36	-18.3779
-557.78	-1422.85	41.7797
1336.27	1042.53	-20.4856
426.118	346.955	-17.2969
-368.346	-336.171	59.4065
1381.17	492.059	-21.7628
1053.68	-917.944	62.7225
257.216	1156.7	-18.9578
702.194	41.7084	-15.9403
199.731	-394.572	18.8033
1442.09	447.392	-24.8323
1126.76	624.763	-17.6552
-1099.74	608.109	7.16952
-419.952	-1399.26	37.1722
1188.11	668.333	-18.038
-1234.26	344.512	8.55074
-1240.43	-1238.73	46.7014
-1472.46	-446.828	2.21855
755.243	1201.06	-19.7338
190.939	-73.5028	-2.18036
-185.464	-1431.93	59.9384
903.402	-1336.38	35.8333
-961.654	-712.884	14.08
1408.74	-1446.09	85.9843
-1450.67	-901.75	27.2392
1468.07	861.294	-20.5229
-799.953	-647.449	2.46646
-74.9786	1077.88	-17.8436
-1392.82	-1428.5	95.8916
-1465.05	-556.509	8.61726
-608.747	793.015	-6.4765
548.421	1085.52	-20.4999
-289.155	-403.338	86.497
-340.82	-1437.59	45.836
-1173.07	133.894	-10.4356
1439.94	-706.349	-7.52687
-476.863	-1212.38	23.7421
1259.23	-1121.93	82.2749
1027.87	-649.65	3.18101
518.096	-649.083	65.0142
139.96	-494.465	36.0727
-1045.73	127.848	-10.8402
-779.619	-528.059	-0.00492858
-1293.55	1467.18	-10.0237
1033.09	-383.174	-11.5899
-632.991	-676.865	6.99652
1274.75	-746.374	-5.11991
-1159.18	1191.88	-10.356
697.401	-525.578	13.1995
-1435.03	-1496.75	124.434
724.288	1341.37	-22.5454
993.582	-607.316	-1.41294
1268.78	669.365	-20.716
12.1803	719.184	-15.9805
-834.309	603.539	1.29121
512.601	1384.83	-19.9039
-1032.88	-1137.03	35.0485
569.026	1381.14	-21.499
-364.9	-130.125	60.1108
862.387	251.375	-21.3798
19.5058	76.5367	-7.9182
1300.54	205.73	-23.0213
921.226	-642.843	8.99289
674.705	-118.161	-14.7336
-129.105	-370.198	87.2291
-928.534	-1349.27	42.0527
503.861	109.922	-13.6519
1440.45	1424.96	-26.2911
-1173.24	-384.58	1.60051
-1082.78	484.373	9.43779
-1188.64	-448.629	4.67604
487.979	489.07	-18.1202
58.2163	-797.656	101.279
869.29	892.18	-18.5242
-984.695	164.492	-10.2027
-1206.38	-957.181	43.3001
-39.315	-11.3031	0.187261
603.978	-1002.62	84.9554
-953.788	1013.8	-12.5212
992.316	-400.687	-11.0469
-468.394	142.566	20.5147
1434.43	157.877	-25.7128
656.828	-448.372	7.08172
-1160.8	1375.07	-13.0914
-153.905	1145.56	-18.701
-170.918	-1483.53	56.7902
-1000.11	31.1271	-8.92969
556.56	-911.048	104.511
986.725	-343.227	-13.4715
81.0443	-371.464	47.8907
-622.258	220.521	5.20384
-619.392	294.891	-2.97245
-249.065	1337.95	-17.4772
-1392.78	-656.527	23.9605
566.367	-343.91	-0.61131
-450.811	-921.332	24.0262
-1430.08	-555.671	10.3656
-318.563	597.147	-11.5273
-290.264	922.187	-16.8682
-1441.41	1386.92	-7.06618
-1408.68	370.409	30.8336
-114.748	-320.253	78.0973
1016.61	474.067	-19.1571
1095.71	-1124.63	68.3379
1130.81	-729.985	5.17762
-542.609	-1083.57	17.3383
-161.904	-43.454	20.7679
1354.66	440.236	-22.0362
-600.783	-161.711	13.2487
-648.823	27.4043	16.398
783.554	-410.479	-8.11265
696.16	-678.87	51.113
-287.044	-1313.64	53.2936
376.111	208.151	-14.3968
1232.72	972.895	-19.0049
125.788	787.719	-16.9171
-595.676	1344.59	-17.8106
1355.23	255.575	-24.3712
-31.526	1054.17	-16.5748
-1419.87	-856.566	33.5111
-3.61347	534.522	-11.596
392.331	-1437.5	26.5957
1351.7	-838.985	-0.0339491
898.739	635.113	-17.0081
-196.521	701.35	-11.2897
-1440.79	1214.74	-2.72747
764.26	-1121.66	48.9861
-736.944	918.512	-10.3441
666.703	892.546	-15.9209
591.779	-79.0569	-10.9285
1223.01	-586.847	-9.00528
-22.9048	-117.458	17.5573
-855.749	-1317.67	30.3418
-1233.86	-1262.96	49.4656
1252.16	-1332.83	90.3817
1491.69	-1216.72	81.6908
1138.75	914.693	-17.8552
1431.3	-164.289	-22.2348
624.507	-1485.35	22.9649
98.9176	210.124	-15.2384
-711.471	153.032	12.7103
-1073.86	-307.902	-3.23489
1389.89	51.6637	-23.6058
-998.366	1020.71	-11.09
131.477	607.636	-14.418
630.736	-388.391	0.487515
-262.037	253.529	-11.3038
299.876	444.597	-16.8824
-1063.59	-519.845	3.12219
-668.311	1041.74	-17.0472
-425.214	146.518	15.8217
1195.89	-1307.02	81.3564
1230.09	1107.84	-19.1983
408.068	1437.95	-17.703
1160.97	-294.42	-13.0482
692.162	808.672	-18.6855
635.259	927.739	-15.7142
656.601	136.652	-18.0186
497.022	-16.9771	-11.4068
-193.149	-1450.55	57.7342
1064.27	-512.876	-6.43552
563.543	1013.61	-17.9671
-1041.74	-1326.91	54.5456
-393.467	994.193	-18.4129
278.656	-311.72	3.88167
-392.037	-1077.81	31.2882
-1334.07	659.357	11.0548
916.594	1236.29	-13.0774
701.128	-165.689	-16.4269
86.3927	1364.86	-16.4092
-15.5104	626.516	-13.1018
-353.993	277.046	-9.72501
-483.545	-886.875	20.7274
-97.0936	1008.67	-17.7396
654.564	-653.674	51.2661
1417.57	-328.959	-17.0931
385.536	165.046	-12.9488
-685.355	-1104.38	14.9762
-1108.14	1233.53	-14.177
-123.207	-538.805	109.701
624.34	-618.861	44.8127
-1024.65	272.097	-8.9974
-2.46499	-271.704	51.6341
-531.814	-236.663	17.1589
-748.042	-854.087	9.16532
736.795	-773.413	70.1674
403.233	-1357.41	29.5923
1185.54	662.423	-18.1094
-1065.87	-178.222	-6.06127
1216.31	-1191.31	81.8288
949.781	-1093.59	69.2687
1135.14	642.589	-17.409
815.729	950.512	-17.4287
703.488	317.114	-21.2639
918.829	793.036	-19.1271
1055.83	-1088.69	65.1942
-1108.7	217.472	-9.63261
-1280.78	243.879	-1.31667
349.342	-310.371	1.27185
1174.14	-441.847	-11.484
-1270.5	-1280.29	54.6572
148.375	89.5004	-11.8302
1018.22	-1106.09	70.0561
-1225.03	-979.023	46.3867
-1496.21	922.208	19.0879
-844.008	1122.98	-17.8547
-1154.26	-1450.82	80.3851
-534.586	1417.9	-18.0558
1064.02	513.448	-18.7721
112.732	-1111.57	70.3689
56.7805	1349.45	-17.6221
1219.39	240.711	-21.8144
1000.71	1203.62	-15.1932
-311.57	1432.14	-17.2343
-499.314	-462.176	20.905
805.44	1478.46	-25.7672
340.787	-318.62	1.93778
-918.65	-1425.62	44.1273
-107.317	805.163	-15.0562
-1119.92	1407.55	-13.7585
-702.82	128.277	13.2342
66.3475	1158.44	-18.2062
466.457	846.228	-16.6359
565.957	-410.628	6.78285
882.195	615.892	-16.9814
1413.26	442.347	-23.6155
814.178	-597.579	5.12836
1212.18	-551.196	-9.78632
577.399	1491.68	-24.299
-1045.58	-900.406	35.8378
-1037.36	-929.207	41.1246
-1271.04	-493.864	7.65801
-1393.17	-19.6018	-6.01194
-765.611	1210.44	-18.814
1294.79	13.6962	-20.7966
-1032.45	1331.38	-15.891
602.604	-1361.39	28.1573
186.984	341.376	-14.0771
1265.79	-1020.74	58.0777
-1348.16	-416.639	-1.50367
-814.885	-1071.09	21.1714
-532.131	13.7094	39.5252
188.853	-805.053	93.5029
-938.234	219.356	-9.97928
1419.08	-1032.09	28.581
285.198	1185.83	-19.0776
672.55	44.2488	-15.2416
941.501	-675.9	12.3623
429.991	-461.405	12.6366
1355.62	1289.36	-23.5199
502.678	-1102.26	55.5409
-501.646	-645.141	17.0443
-1181.83	267.416	-5.63911
-377.453	436.935	-12.3786
-1086.88	1447.55	-13.1496
531.165	-951.253	104.157
-1428.75	-976.435	33.2301
-1158.42	-605.62	8.73495
563.959	-1298.97	31.6808
729.149	509.932	-19.3834
76.7472	641.486	-14.0577
-723.595	-747.541	5.26893
-1299.76	-1470.36	96.1302
810.622	-196.646	-18.3944
889.138	-1227.82	46.2479
-1194.33	3.005	-8.19627
-321.868	1064.44	-19.4971
1377.22	-532.024	-11.8149
-649.814	-1400.5	48.0213
1418.26	112.174	-24.9089
145.247	678.396	-16.1383
-1429.12	-226.459	-3.76255
-936.827	-1362.39	43.393
-1408.82	-4.07555	-5.50741
222.314	-700.347	63.312
558.245	-1438.99	24.5316
-874.419	-907.8	18.3449
557.567	684.876	-21.7037
1419.8	1158.14	-21.0008
-304.195	441.731	-13.3032
14.01	-443.141	71.8657
1488.33	-1001.25	5.05502
1385.13	593.196	-21.3338
350.782	512.018	-16.8705
-368.913	-678.223	44.3326
