598.12	1177.7	-22.1223
259.607	-1093.19	62.7269
1259.67	1217.09	-19.712
974.956	1400.19	-23.9156
486.041	-928.637	111.113
228.175	-524.111	26.8238
1391.45	183.438	-24.7449
1057.58	-1361.5	54.4365
-466.084	78.4696	31.6552
-1305.91	-614.257	18.4935
-959.105	-939.014	31.1184
905.641	456.656	-18.4831
-914.97	402.394	-4.78455
-1342.17	401.164	32.6308
1044.4	1437.99	-25.681
429.284	892.212	-15.7807
320.826	60.2829	-9.09615
-640.799	569.026	-9.41705
948.804	956.623	-16.8708
1230.83	1330.17	-23.4562
293.198	-1410.95	30.945
401.077	1429.36	-17.6473
700.338	1230.94	-21.8662
-979.654	-1456.91	53.6548
893.496	1095.5	-13.5248
-1125.16	-624.438	7.97122
411.812	-653.862	60.6072
-660.242	-360.815	2.93963
-216.761	740.681	-12.0749
-625.065	-1010.51	12.0259
-1305.94	-593.362	16.2961
-743.951	-613.043	2.32659
30.9946	628.286	-13.4808
734.239	-675.433	42.7073
-161.901	-170.361	44.3557
6.97079	-457.066	73.5717
-899.633	-1206.56	37.2643
314.718	1134.96	-19.8437
1245.36	-1030.95	60.7919
-407.264	838.686	-15.7634
-865.214	-477.673	-1.84783
-436.968	106.985	24.0845
1356.41	102.692	-23.7126
172.583	1130.23	-19.1092
443.154	718.715	-19.1141
-18.2645	478.729	-12.5955
417.374	-613.395	51.8223
-1355.56	161.439	-5.48616
426.346	-1209.24	38.8241
-1006.74	1425.79	-14.8089
-484.86	1400.52	-18.1306
551.235	-97.2518	-9.26553
-1365.18	-1118.85	48.9517
-510.757	634.891	-9.7071
-1050.86	-1400.47	62.8812
1442.65	1260.09	-23.7033
258.924	-736.806	77.8846
504.199	-676.332	71.3069
258.134	1142.15	-19.1747
170.761	-1310.03	37.2362
1026.81	6.55846	-22.5623
-879.475	1442.45	-16.1842
182.11	-965.548	91.442
834.466	-1397.13	25.3135
458.464	-253.818	-4.12846
-143.796	808.007	-14.6253
-68.7969	-287.91	65.0835
-349.73	-690.409	49.8173
-131.111	343.597	-13.9252
422.737	-727.07	84.9429
-1192.49	-502.953	6.76768
-213.534	-1335.05	67.6968
-281.243	905.282	-16.4203
1298.67	-1302.52	94.0131
1353.1	-614.223	-9.27729
-1231.41	1167.27	-4.90188
-1470.19	-1154.23	36.7015
417.969	-28.4577	-10.5809
999.156	1106.1	-13.6801
-1233.37	-1279.89	52.2872
895.769	-65.3599	-20.0483
-1487.29	1005.39	20.9325
706.981	75.02	-16.9698
-1034.06	-604.063	8.19419
1451.73	-792.146	-6.12066
-895.403	-61.3999	-9.38021
512.326	580.694	-19.0887
-1087.17	-227.393	-4.8838
-1075.78	1473.11	-13.2644
459.088	89.12	-13.0662
106.605	-1298.59	41.0675
-1200.93	1285.02	-12.6347
-1022.18	364.689	-2.02722
-278.81	1158.32	-19.7517
-112.706	-375.745	86.0218
535.806	-709.267	81.2601
404.776	1227.51	-21.3937
-242.352	241.881	-11.2783
-1449.16	-801.892	22.9128
153.159	146.012	-14.458
-1419.21	-251.377	-3.74456
-478.535	-68.5803	48.8021
124.399	-166.594	11.6786
319.676	1006.17	-17.3111
427.01	-1134.03	52.4882
1157.39	1273.81	-19.1511
-1067.14	-1269.43	49.7166
1113.34	-1375.8	62.4463
-948.616	417.812	-2.47361
1292.48	-686.588	-8.03456
-1262.04	391.65	20.1358
591	1261.25	-22.0987
120.636	1273.55	-17.46
1223.64	18.5592	-18.9558
968.484	540.573	-18.2022
1057.99	-1177.5	73.7435
1130.75	-914.68	47.0317
566.95	1461.83	-23.0374
769.761	-1147.78	44.569
-163.074	-1376.7	63.7293
-144.242	708.267	-11.848
-1202.14	-441.532	4.89388
230.818	1005.51	-19.207
550.891	104.841	-14.5228
164.811	1251.02	-17.2035
-697.65	1008.37	-15.735
-68.9446	-839.489	100.458
-313.618	-1411.38	49.2602
-410.241	-991.697	27.5907
-328.98	-57.8542	56.4624
-1433.44	775.168	7.95405
-157.82	869.802	-15.9619
1386.23	273.368	-24.7177
-10.1497	188.295	-14.5757
-1473.67	832.49	11.8396
1277.41	1087.96	-19.9426
1272.3	-1452.66	77.4171
592.416	54.1645	-13.7572
270.303	-238.603	0.53177
128.746	-465.213	38.1883
1142.34	1094.97	-17.6164
-672.724	633.236	-6.744
762.119	-1249.92	32.3806
1047.8	-1310.79	61.5165
-173.979	-722.176	95.1766
-1399	474.384	45.743
-206.32	829.181	-14.2994
-370.409	857.029	-17.0149
-897.65	-1134.05	34.9059
301.013	693.613	-15.7928
-1080.47	-1152.6	38.0068
-879.927	1357.44	-16.9042
716.613	1057.05	-19.9856
-874.935	-346.125	-2.28683
1306.95	-728.052	-5.6943
42.8665	988.799	-17.0552
-230.915	-292.061	71.5831
868.253	1081.72	-14.7449
966.274	724.73	-17.3654
638.988	1015.75	-18.2852
-1067.25	876.194	14.3535
141.768	1445.17	-15.4099
-826.045	489.14	-0.450305
989.493	69.4894	-22.2572
1084.34	328.888	-18.6907
393.453	289.45	-16.7481
-10.443	227.478	-14.3158
678.562	-523.697	15.9904
1081.13	95.1554	-21.9278
-170.555	1353.59	-17.3401
-389.503	-91.8909	58.2315
480.936	1152.4	-21.7005
-1453.6	259.301	3.55571
519.276	1212.77	-22.6046
-97.9136	532.667	-12.9459
-89.7638	-438.767	88.6234
-1444.58	-1343.12	77.7352
-765.136	764.07	3.93124
-343.775	-1185.12	40.8739
-475.688	1140.84	-19.2795
-1463.02	575.614	30.1394
52.0869	-542.577	65.4651
744.089	756.861	-19.5595
1190.22	608.322	-18.8459
-1077.84	-351.664	-1.78838
-308.614	329.301	-11.6123
-918.297	-1150.48	36.5303
-884.586	-121.462	-8.34585
47.6121	-877.88	107.663
489.972	-645.709	64.7363
1076.68	1211.41	-17.8168
-368.694	1325.98	-17.9439
13.7442	-464.235	71.6282
1492.49	-242.906	-20.281
-1013.24	-156.634	-7.00031
-509.87	1157.55	-18.774
-232.805	-879.068	60.9826
769.926	562.431	-18.9407
-1438.44	1470.48	-7.28523
-317.397	1233.72	-19.1244
-256.951	1213.68	-18.7982
-1229.52	-344.53	-0.457081
-1361.75	1126.11	1.95514
652.413	-1272.48	32.5506
1007.74	-799.245	42.455
503.093	1164.23	-22.1729
-1368.77	238.404	3.40278
735.888	240.929	-21.9947
1429.65	-986.087	11.7884
793.862	-1045.77	67.7274
1497.61	1460.86	-24.4196
1360.07	-52.0777	-23.3025
1338.54	448.342	-21.3737
204.984	446.778	-15.0775
25.6324	1152.34	-18.1383
370.557	1102.26	-19.4219
297.697	-370.496	7.19645
795.07	1490.06	-25.3388
-1038.76	-839.231	24.2708
-823.91	-1188.4	29.8448
-944.337	-601.375	6.75305
-77.2457	90.3348	-4.54068
-359.025	303.134	-10.2329
1237.42	-1450.98	72.2335
-307.43	601.253	-11.6345
-912.645	-798.043	15.7183
-682.643	-459.042	3.11685
-1329.13	-763.303	33.4517
-1000.23	445.611	3.07745
-434.686	-1068.35	25.394
-1434.9	440.543	49.0109
-280.549	1056.08	-19.2961
-1420.25	356.126	27.3236
-646.492	1304.58	-17.4923
1427.78	-1011.96	20.504
1351.23	-1010.46	36.3818
627.563	1171.71	-22.0415
5.96956	1087.54	-16.5609
-129.649	1353.46	-17.8014
-1486.78	220.262	0.281716
-417.505	947.652	-18.2731
-943.893	346.343	-7.29092
475.113	1495.83	-20.8023
-353.216	-690.496	48.5288
446.64	168.905	-14.7444
-419.698	875.111	-17.3998
220.268	-91.4198	-4.11806
-327.242	325.92	-11.213
-1388.66	680.279	9.97456
-109.207	1191.36	-18.4364
-774.324	-1355.75	39.8345
-412.761	-298.87	41.241
355.734	234.836	-14.9767
288.84	-1140.54	53.2711
175.985	-947.316	93.7442
372.31	990.928	-16.2694
-977.395	-594.949	7.06154
150.295	1450.11	-15.3978
328.882	1315.57	-17.2949
1347.48	794.349	-18.4765
86.497	1316.05	-17.5913
227.703	-864.503	108.984
-35.6978	-491.781	84.7505
-2.826	-975.214	104.348
227.353	804.063	-16.0502
-164.87	-325.223	81.055
-1483.32	-1326.85	78.4165
-1406.57	584.921	24.3564
1275.3	857.175	-17.7178
793.41	36.112	-18.6371
-660.115	1142.21	-17.1977
176.471	922.882	-19.2974
-1131.54	-212.66	-4.70554
-92.6199	1149.67	-18.2522
1271.69	240.061	-22.0905
-674.112	-888.659	10.3783
1154.39	-30.1992	-19.1553
-407.718	-1122.09	29.6434
-1320.02	253.722	3.63778
-1338.83	-1275.31	56.8834
843.376	-478.549	-9.15355
320.827	965.62	-17.3948
-1262.63	-1454.51	91.7555
1454.97	419.505	-25.4334
-81.8166	-1019.97	103.893
376.185	-6.70723	-10.7188
-385.657	174.236	6.82104
130.888	-410.406	36.8448
939.007	289.296	-20.1909
-15.0593	-1056.48	103.705
-536.932	1449.12	-17.6629
-609.15	-420.482	6.47146
-201.216	-1491.2	55.4317
870.036	1148	-13.264
-600.895	-827.087	10.8726
-653.461	-221.187	4.1525
-356.165	-605.367	58.6181
-899.769	685.401	4.39678
-568.727	-632.739	12.0613
-211.013	1167.79	-18.4832
-446.422	-1214.88	26.0491
1071.42	1029.57	-16.8529
802.384	-739.032	50.0813
690.31	-612.836	31.1045
-521.336	1328.24	-18.4447
1106.14	-223.727	-14.7304
-88.4538	1287	-18.1965
659.314	-1497	22.1887
-583.478	-421.268	8.25952
-185.292	402.523	-15.0965
-267.63	962.995	-17.4515
-367.528	1491.61	-16.2654
-1309.79	645.856	10.7082
201.448	623.929	-15.8082
-686.095	-905.989	10.5512
-538.658	639.134	-9.83681
-1221.35	1088.69	-0.474138
801.73	559.617	-18.6763
-256.294	-806.225	58.59
452.87	354.274	-17.7027
-1200.8	-784.687	23.5075
-1055.73	-44.5632	-6.51394
1196.38	-369.116	-13.3197
2.62975	764.734	-16.1326
-653.021	-1206.91	20.3037
-681.5	-706.194	4.95168
-1449.3	747.066	6.79967
-38.8618	-879.055	104.72
1395.3	1026.03	-21.5588
132.373	768.325	-16.8343
-57.0634	-803.108	104.193
-279.924	787.707	-13.0565
-893.135	869.178	4.71355
19.6146	-257.44	43.0402
-158.163	251.395	-12.8936
-450.65	-596.642	27.475
-1411.22	486.563	46.4812
-1402.02	25.9277	-6.18907
-1184.64	649.038	7.30154
1268.54	516.089	-20.1989
715.866	-461.732	3.01243
-865.225	-403.158	-2.16603
1284.08	690.405	-20.3599
-434.98	509.557	-13.0234
1181.25	1004.1	-18.6047
692.553	-176.648	-15.4786
-1169.72	-823.044	24.2066
781.376	-539.217	0.374135
184.71	-860.992	107.667
1104.63	-1421.55	51.521
1121.87	-471.839	-8.80677
160.529	735.252	-16.6266
-446.36	173.853	12.3019
-97.4234	3.83026	4.66077
-28.033	760.813	-15.7298
326.115	-1352.43	32.1041
-181.836	-648.495	108.135
1272.85	957.576	-19.1334
1478.27	-1090.66	32.4275
2.14924	-1310.96	50.4862
1076.96	814.476	-19.1565
1499.52	-708.23	-8.61752
52.8744	-661.629	80.3622
-1081.87	1486.3	-13.2418
355.34	-67.9765	-8.71689
246.864	240.595	-14.9634
1126.73	13.8088	-20.4915
397.144	134.275	-12.133
-813.906	-921.024	13.5261
-1194.06	-826.772	25.9004
1263.29	1263.29	-20.1669
-1193.6	-386.055	2.28002
1086.78	662.488	-17.1291
1306.76	958.837	-19.3125
-1266.64	-567.648	12.7621
-1184.03	-1006.15	46.7712
446.589	947.716	-16.1063
1136.01	-1438.5	55.8294
-368.893	1399.65	-17.3752
144.843	1263.5	-17.0598
-520.258	-789.902	16.3168
1318.31	-317.425	-17.1357
-980.454	555.013	4.86807
354.348	1138.37	-20.4284
-384.535	1180.73	-19.6441
1229.07	-994.15	51.2796
-46.2537	-1106.55	94.2159
-1403.17	-23.4507	-5.5166
-1465.54	393.233	39.0012
-1016.39	-1366.25	56.3816
959.874	1011.62	-15.2703
-897.692	-966.565	24.4995
793.711	-1095.82	56.0905
-1489.19	-1083.41	24.566
-385.753	-210.817	44.3117
-907.387	989.705	-11.8051
-1269.03	-272.686	-3.47774
-1346.95	479.086	40.8163
100.76	1137.49	-18.6125
-524.688	1335.2	-18.4796
-341.131	1020.24	-18.673
-309.374	60.2912	27.3884
-1285.46	-286.324	-3.48547
-449.045	1311.22	-18.2519
-505.899	-1182.03	20.6341
1101.28	-1214.07	74.0639
-636.074	984.159	-16.2187
1053.45	-716.787	10.1732
-321.27	674.252	-10.842
490.989	-512.681	25.189
-466.161	1199.86	-18.7668
896.413	1074.65	-13.5202
-907.318	239.819	-9.85914
30.1682	1048.54	-16.4199
1424.69	865.467	-19.6867
-642.469	-679.688	6.26146
-1.38629	15.8375	-1.57513
-489.424	46.2522	39.7055
46.89	283.552	-13.8132
-350.622	886.979	-16.8586
1361.02	-799.355	-3.14273
1184.99	-1321.97	78.9424
493.873	380.875	-18.2408
-1455.16	1022.96	22.7038
-1423.71	-1312.97	66.1595
-1381.22	942.541	30.7942
-99.8666	-20.5737	8.44879
-1340.6	188.129	-5.13341
833.718	149.13	-21.7456
-510.076	1382.12	-18.7974
-382.431	-1311.47	36.5219
-320.073	596.203	-11.5137
1021.76	460.591	-18.9644
986.235	-306.776	-15.0068
-646.7	460.174	-7.82337
934.47	-769.707	46.6771
580.158	-994.163	88.3867
-980.763	145.713	-9.91965
-99.567	-867.937	93.267
-725.346	-47.1617	1.27949
226.985	-806.444	95.742
-461.365	-934.396	23.1874
-928.384	-644.836	8.64246
787.724	834.121	-18.8128
-1169.34	1028.34	1.32536
887.494	887.484	-18.6227
347.421	-1269.6	36.2589
427.671	1134.72	-20.8227
-1029.05	-1189.19	41.3707
1173.54	515.031	-19.4183
1350.64	1320.6	-24.5586
-767.679	-810.405	7.54956
-585.817	1173.97	-17.267
-96.1668	-1198.1	79.4248
1497.19	285.906	-27.8763
-558.84	-835.47	13.5859
747.767	1189.61	-20.5259
-562.215	1158.78	-17.6502
127.87	-48.0729	-0.699809
147.411	-1430.87	36.8629
-844.148	683.097	3.70634
392.208	789.386	-16.3314
1249.11	174.293	-22.2984
505.513	1007.81	-18.0093
1015.67	1024.57	-15.7125
846.024	-1443.55	23.4256
-779.625	1098.54	-17.9145
-641.66	-238.783	3.52828
-1021.78	-909.141	34.1608
-1241.8	-105.507	-6.03738
-1462.13	233.747	1.10237
1380.85	151.305	-24.3997
697.47	-994.182	83.9235
764.144	-1205.44	36.9686
866.345	1322.37	-19.2577
557.657	1083.7	-20.3274
1401.74	268.746	-25.3065
-69.7552	-40.6072	7.88338
760.799	-1241.53	33.1643
-82.8503	-191.492	39.845
-179.69	801.465	-14.0383
-40.0691	-1300.21	58.0086
-1251.17	208.554	-7.43305
1178.37	-603.434	-7.20037
698.577	94.5832	-17.212
402.398	-1304.61	31.9411
-1455.07	60.519	-4.30233
560.756	-982.729	92.1802
-1128.43	-322.349	-2.07717
-695.019	-1216.71	22.4554
978.88	441.91	-19.2107
325.405	-183.333	-4.15927
43.9221	-826.555	105.702
-503.424	-55.1411	43.3931
-737.035	-126.602	-2.73815
-887.732	-177.812	-6.86239
542.191	-36.4706	-10.8032
121.338	539.175	-12.6134
313.509	-149.706	-5.23845
443.389	510.873	-18.3716
-311.71	1242.96	-18.8107
145.089	-1416.7	36.9267
779.208	-1171.4	41.3895
166.704	-1453.93	35.5538
-297.572	-487.692	84.137
1478.43	-1005.88	7.12729
-219.149	-434.255	101.795
850.421	-315.009	-14.0492
-1224.22	-512.609	8.58855
-865.033	-896.253	16.7004
1085.52	837.551	-19.0213
-156.501	907.154	-16.7691
-314.771	-398.655	83.6329
874.334	-807.865	69.4183
-1495.93	1467.94	-6.27479
-777.285	-245.099	-4.46057
-1234.23	-824.356	28.4882
-683.48	1458.16	-15.9999
786.349	530.337	-19.2088
242.74	-1450.98	31.9223
-1215.74	-851.822	30.4469
68.818	-287.088	38.2015
1286.32	1400.08	-27.9619
-196.91	1031.74	-18.4501
1347.79	1471.34	-27.5618
1171.48	-1096.04	70.5735
522.804	-712.88	82.6124
-752.235	-1099.32	18.4141
765.752	813.89	-18.9664
-1191.31	66.9803	-10.3624
-267	573.698	-12.1745
1324.64	-885.155	6.40144
1417.66	403.663	-24.2069
673.401	-726.101	67.221
349.214	1287.12	-18.5722
-872.495	130.897	-7.08729
512.884	-240.674	-5.0323
957.751	-154.216	-19.1071
-1280.1	-688.447	24.996
-1141.43	654.607	6.97748
749.259	869.61	-18.1943
489.659	1197.77	-22.5791
-1338.18	282.645	7.83059
1367.26	993.472	-20.4586
-1444.27	967.45	26.2367
-613.205	615.216	-9.82198
849.046	705.504	-17.829
-770.238	696.547	1.3095
332.386	-351.925	3.58283
344.994	278.683	-15.2896
260.944	-510.89	23.3976
-1194.56	-953.22	42.217
-981.601	1248.45	-16.3803
-1468.21	261.409	4.8753
-647.885	642.637	-6.95524
1091.04	-116.263	-17.6186
-826.526	-240.625	-5.02232
-665.666	749.449	-0.580561
-451.203	126.241	21.912
899.263	39.1273	-21.5114
1096.59	-961.899	58.3894
82.1013	-417.128	51.6212
704.563	155.98	-19.712
1092.02	832.232	-18.9756
1080.4	-474.06	-7.7896
1031.78	-1113.61	70.2901
1269.14	-168.091	-17.9632
-276.233	-1010.94	55.3658
349.541	-1127.36	57.5973
-633.325	1395.76	-17.6711
-1057.21	772.283	7.9937
-891.93	1108.39	-16.6834
-1297.05	1280.49	-9.70438
-489.058	673.448	-7.30857
-765.981	-354.033	-1.39344
897.256	346.639	-20.0899
-600.28	-1422.98	45.1722
615.685	1347.04	-22.3414
-633.755	-449.941	5.35751
-922.273	-1300.95	40.3276
1268.09	-1059.37	65.5537
1470.86	1107.26	-21.8787
-1451.93	-760.965	20.924
712.692	-876.742	87.9092
-1091.75	-725.145	13.7492
519.478	1331.24	-20.4112
-442.216	-116.353	48.6093
290.991	-873.613	115.67
-387.675	-31.4032	54.052
1098.33	392.033	-18.4546
-845.494	1006.13	-14.0039
1210.51	1050.18	-18.8418
-442.597	87.9657	27.9379
183.811	1063.64	-19.3128
1109.1	-703.875	4.00701
-332.565	1237.06	-19.217
-1416.14	179.112	-2.66403
-122.227	78.2329	-0.359543
494.972	1499.02	-21.6465
-369.183	-929.82	34.0464
-1284.01	1030.65	12.9991
-935.294	1384.11	-15.9433
591.649	1217.8	-22.2726
523.007	1349.46	-20.1748
-861.07	56.3192	-6.8635
13.2394	299.769	-13.6385
-931.473	988.342	-11.0443
-338.255	59.409	29.3992
685.195	622.635	-19.9485
873.667	-246.584	-17.1647
-411.958	-284.997	40.8409
1235.47	-384.489	-14.6701
1367.13	-958.503	13.3646
-1130.1	-182.877	-5.10894
891.61	-110.619	-20.2353
1152.6	1041.84	-17.944
-1258.83	1158.33	-2.86409
-695.695	1241.25	-17.5649
557.733	-1116.63	51.5744
-475.448	293.166	-6.60324
1264.67	1229.08	-19.7626
-603.294	962.302	-16.2278
102.554	-261.115	27.0093
1299.07	774.405	-18.5457
-688.509	-1151.43	16.5261
1101.99	1290.18	-20.0341
-299.17	-828.426	46.492
1220.42	1388.18	-26.8054
-322.575	1099.89	-19.8473
225.082	1401.55	-14.4277
-1453.25	-1003.26	27.89
1449.43	-228.501	-20.4744
236.488	14.0586	-6.19839
104.404	337.804	-13.5347
1267.76	-79.8229	-19.3084
-593.284	-507.579	8.95948
374.163	783.429	-15.9473
1198.4	195.894	-22.6828
864.411	-313.45	-14.263
-1046.11	404.107	2.95154
1319.51	536.397	-20.7024
430.742	931.245	-15.8549
-1030.37	721.695	5.59594
916.219	-758.547	44.7674
1185.39	1484.63	-26.8467
103.26	127.458	-13.536
-1337.45	414.837	36.078
-1023.17	-465.135	0.596093
-1412.51	1496.57	-8.05536
9.0321	-1273.71	54.2592
-491.454	694.824	-6.40346
-45.1738	891.181	-16.7543
80.5092	-1078.37	82.6753
-502.467	1167.81	-18.7121
-1016.69	-1473.33	62.1075
308.824	78.5104	-9.43603
932.921	687.105	-17.1538
-372.59	740.683	-8.87036
1476.27	-389.76	-14.0435
310.472	676.75	-15.807
-1174.85	-1464.81	84.8432
696.282	260.134	-22.354
409.269	-136.11	-7.36404
-847.305	821.412	8.05676
1330.82	-408.652	-14.7252
-1337.33	-42.8412	-8.21667
1406.67	-386.639	-14.7845
182.483	178.308	-14.795
1284.46	-1307.02	92.5751
-938.346	1483.39	-15.6516
-158.893	-789.717	85.7696
551.036	-966.821	98.0424
-639.727	1316.5	-17.6167
-114.479	486.978	-14.1236
-1439.84	778.094	8.1031
-88.5871	280.257	-13.6575
-1157.95	2.75985	-7.15209
-311.264	284.594	-10.8632
-1158.55	882.076	15.6257
-1074.22	-1233.25	44.8337
-501.104	-600.068	18.2093
597.328	-779.402	89.0708
1125.1	-137.391	-16.9291
-1305.4	-470.02	4.48806
-585.239	1460.97	-17.3907
800.986	-1334.76	27.7104
-409.419	1082.05	-19.1993
1394.56	-859.562	0.204356
-1221.63	848.292	21.7695
-770.363	938.592	-10.8184
-160.676	777.285	-13.5077
-920.436	-1065.88	33.7834
229.883	-940.406	100.7
-1349.58	872.691	27.8723
731.028	899.016	-17.2435
410.392	619.925	-17.3466
1336.92	-215.288	-18.4796
-55.9724	145.022	-12.6889
-761.531	-282.045	-3.02034
-1356.17	373.827	29.5885
483.358	861.219	-16.2623
338.888	81.3245	-9.91596
-987.754	-265.329	-4.11898
-479.724	449.629	-11.6306
786.449	1457.93	-26.6291
-1318.24	211.126	-3.50881
-9.34397	-71.7419	7.66269
-567.712	-740.434	12.1367
1242.75	93.2006	-20.6489
-601.031	-376.38	6.30574
-573.607	-704.546	11.3795
-978.48	799.513	7.71217
1301.73	1080.38	-20.2574
-915.942	-1452.51	45.1286
-819.29	-978.962	16.8253
-1325.36	738.907	7.02358
-1180.96	-1009.49	46.9157
-255.798	-1151.35	61.994
385.847	514.325	-17.4009
-1206.18	521.579	17.8592
-677.044	-638.58	4.43874
-503.95	52.9038	39.3461
-456.594	-705.306	24.4285
-518.793	-804.411	16.5084
563.158	-428.413	8.50382
1415.37	-1039.82	31.7698
-440.595	548.939	-12.7209
740.317	86.459	-18.1186
166.304	404.339	-14.793
354.034	1295.3	-18.3825
-1425.01	250.847	3.29892
-40.1116	-651.479	98.7944
641.767	253.012	-21.5342
-1162.96	-469.154	4.50497
-168.607	1352.35	-17.3578
79.7085	1281.8	-18.3529
-812.501	1288.76	-18.7174
555.34	742.142	-20.8529
-742.531	80.2371	4.67845
362.291	-68.5183	-8.77285
52.3899	1188.38	-18.1385
1322.11	270.421	-23.0122
-419.077	638.866	-9.34171
1367.63	753.527	-19.5823
339.245	-133.873	-6.47399
68.8142	200.228	-15.4942
658.524	1078.08	-20.1944
-722.833	176.177	9.27384
1109.25	-107.724	-17.7101
1243.02	1066.14	-19.3856
-507.312	483.484	-11.9092
-759.358	-1315.98	36.2422
-1191.21	-240.409	-3.98241
1150.39	1301.55	-20.3023
689.576	1443	-25.3995
-1262.4	-999.769	50.9355
-883.556	516.263	2.68633
-1047.04	768.761	7.59442
1300.82	684.535	-20.3707
-300.89	287.255	-11.0936
-405.351	-91.1744	57.1396
611.622	-1140.95	47.0223
130.177	824.165	-17.0831
-693.747	909.359	-11.3345
-337.049	991.752	-18.2502
-810.274	-864.019	10.8896
687.992	453.944	-18.922
738.019	-1395.2	23.7269
542.041	830.894	-17.1857
-1222.66	175.657	-9.42239
-808.293	-1309.3	32.6961
-392.044	1430.95	-16.8614
979.344	-535.689	-5.48953
964.867	1194.36	-13.1285
-242.133	857.32	-14.9047
-1007.75	-1023.85	42.2484
-56.4975	1322.24	-18.2539
-1154.01	503.246	13.953
176.82	-769.983	84.2043
177.694	-47.5893	-2.74386
-1484.35	-261.003	-0.203483
341.099	1213.39	-20.4654
-1362.12	-389.481	-3.0452
1204.95	-1388.71	79.5167
167.166	-160.263	6.13727
569.622	-1326.22	30.1889
1009.96	-796.735	41.0097
-1117.37	369.857	3.20874
-1009.07	644.353	5.33505
-486.468	452.633	-11.614
-722.127	1414.4	-17.2869
-1278.58	1452.5	-9.99956
1284.16	333.346	-20.5396
944.639	-472.393	-8.76661
980.698	-231.402	-17.1466
-534.287	783.47	-10.1128
-462.571	679.584	-7.22889
-1348.64	-1220.87	50.8057
718.451	889.897	-17.0823
-196.245	658.325	-11.9483
-867.377	308.543	-11.1771
120.865	708.312	-16.362
1045.5	1320.94	-20.8356
-1438.91	-585.959	14.4056
653.968	5.57227	-13.6966
-1461.27	1356.56	-6.54411
-707.95	-231.761	-1.54839
-366.585	-269.979	54.4171
1173.47	772.075	-18.1887
-683.731	-1070.64	15.2298
-330.146	-853.218	39.8338
-204.644	498.899	-14.4397
-732.723	-1357.73	43.024
426.055	-862.756	119.86
1274.87	-1199.76	89.9307
915.718	1287.16	-16.6863
243.111	1176.69	-18.421
1156.28	-925.745	43.6883
1032.49	-1448.79	35.1196
-492.434	1424.19	-17.9486
-24.3381	-114.13	17.0838
1309.74	1143.77	-20.352
1462.89	-1092.51	37.2057
-1130.7	855.21	16.4952
-1311.05	-446.051	1.63566
-1256.24	-872.619	39.0711
-415.083	-933.857	27.2146
-1262.07	-314.598	-2.47033
-165.198	1105.32	-18.717
1040.77	1024.24	-16.1853
217.079	1208.55	-18.029
690.575	459.534	-18.9969
2.96118	898.576	-16.325
225.547	223.219	-14.903
-256.222	28.1918	27.8652
1069.46	1182.97	-17.3924
1236.7	861.934	-17.8203
980.296	-802.288	49.246
-1039.06	1102.76	-12.7772
-1309.53	-1218.43	49.506
1123.14	1137.56	-17.5958
1328.4	605.983	-20.307
945.5	-108.798	-20.2055
-55.6842	-841.969	102.158
-1255.51	1331.27	-11.1663
164.24	1431.69	-15.046
-1033.06	332.748	-5.35828
607.078	-718.852	76.6889
-1044.18	-182.745	-6.27043
1374.8	-508.183	-12.31
251.084	44.0343	-9.07766
1173.74	520.024	-19.462
-1001.69	-129.327	-7.70646
831.638	1237.52	-16.4402
-323.452	1456.6	-16.8748
-186.688	1473.24	-17.549
-1102.21	490.571	10.1964
-1309.14	-333.314	-3.12232
868.1	1167.98	-12.9451
-1332.8	422.563	37.7088
347.308	118.401	-11.047
-636.117	-1272.2	28.4884
842.354	-1184.19	45.1795
-709.36	1472.47	-15.855
-801.255	-5.59416	-3.25846
401.876	-1233.91	37.3371
78.1027	-588.312	62.5799
1323.42	-854.644	1.89479
-730.687	-28.2442	2.03361
195.064	315.344	-14.0014
-44.0712	578.412	-12.3431
698.082	370.83	-20.1149
888.535	1072.17	-13.8714
-582.795	-943.463	12.8926
1404.9	462.137	-22.9593
822.597	-610.845	7.06653
-29.3533	439.985	-12.8488
-1008.86	953.627	-1.13066
107.591	-1065.34	78.2533
-1356.74	752.351	7.35673
1128.78	-1302.58	73.4701
-750.267	407.017	-8.13062
1052.26	-1482.54	34.3147
-170.907	1201.6	-18.3126
-1056.62	-735.883	15.5425
-1378.27	750.013	7.72597
-668.543	1337.02	-18.0192
276.021	-984.76	96.2391
-201.302	135.655	-2.49454
466.43	428.313	-17.7424
176.472	-1234.78	44.3826
1465.72	129.328	-26.2247
712.444	-104.807	-17.8811
712.339	-421.032	-0.652878
1468.89	160.507	-26.6561
-587.814	1377.54	-17.7918
-389.869	495.625	-13.0781
235.862	1455.53	-15.4005
-155.532	877.792	-16.2019
-815.989	-1387.3	39.5735
95.7793	1132.36	-18.5451
-1130.07	-1348.31	60.2741
1464.42	1018.29	-22.642
695.533	745.856	-20.5152
1339.77	-713.463	-6.23457
5.85558	833.229	-16.3714
147.723	1116.24	-18.8915
385.927	-1038.27	78.6315
1126.93	152.953	-20.6764
37.3134	-212.998	30.207
245.996	-573.183	32.7461
1242.38	663.894	-19.8905
130.032	775.89	-16.8682
-412.308	979.791	-18.4421
-720.042	1217.48	-18.106
1035.68	-582.48	-2.82081
-944.437	854.97	6.32813
-185.915	1178.16	-18.5566
1351.98	101.428	-23.6206
-1231.64	-1420.13	83.9812
-984.032	173.542	-10.3119
1446.51	1246.35	-23.1498
-229.59	350.317	-13.4296
1183.32	-378.966	-12.8085
-580.408	-179.41	14.8689
294.957	-1315.92	34.3753
1439.23	206.03	-26.3227
528.33	-1000.27	87.4246
231.158	-1125.44	56.5667
1472.88	320.917	-26.3447
428.206	206.369	-15.6912
1290.86	-880.73	9.13062
1160.77	-661.257	-5.25344
862.892	-257.081	-16.6814
-853.388	467.616	-2.24249
-1450.47	1129.54	8.50527
1013.71	885.785	-18.879
171.85	-74.5488	0.106294
1378.41	-747.063	-6.17839
833.929	-243.377	-16.9644
1052.01	646.876	-17.1587
-853.189	-489.488	-1.55491
894.928	395.439	-19.151
-837.948	-387.608	-1.55443
651.856	-1388.75	26.5354
-944.295	-1151.76	37.1047
-1343.59	1074.24	8.7684
-246.89	222.429	-9.60766
-1148.44	887.387	14.6262
1122.26	1384.98	-24.9014
424.917	909.895	-15.8384
-138.407	-1319.01	67.3188
-1152.48	-1408.92	74.4047
1024.39	-678.774	7.56679
-1005.15	1238.69	-16.1661
889.835	442.405	-18.7612
-1205.66	1237.45	-11.6703
850.071	-657.017	16.7799
-1359.66	1192.07	-4.15419
645.055	-100.46	-12.377
-1324.06	404.243	30.6691
-411.256	35.9244	39.1693
1364.81	203.914	-24.4485
-349.401	975.632	-18.0756
-262.579	1048.62	-19.0484
85.8095	-1150.27	69.0088
-539.182	564.194	-12.7509
1024.42	-785.7	34.2605
-1356.62	657.244	10.9667
-1062.95	-731.573	15.2537
-752.604	1006.41	-14.9857
-209.575	706.014	-11.1422
300.809	-1123.97	56.8418
82.5623	798.695	-16.9434
-808.302	1387.53	-17.471
-1050.6	1015.2	-6.36867
1082.6	-14.6721	-21.3326
-774.908	-655.587	2.76977
-414.707	-26.8841	54.3618
1236.62	-778.211	0.429698
138.312	721.988	-16.5701
1343.18	-1009.98	38.175
175.168	-1370.78	36.0593
-480.679	-275.016	21.173
1115.32	-1146.59	70.8815
23.1093	1242.36	-18.8199
265.263	1223.92	-18.0034
1161.42	-147.066	-16.4726
-682.784	-1123.84	14.6779
-151.085	113.23	-2.93378
363.466	1104.1	-19.3138
-195.138	442.238	-15.5724
-348.356	1199.47	-19.6526
1485.71	1246.28	-23.4729
-580.781	215.924	5.74375
-1151.23	-1065.42	45.5193
1364.81	160.863	-24.1802
-341.781	580.687	-11.3221
-744.553	461.234	-4.2878
-180.159	739.082	-12.2184
-509.756	-1213.24	21.9483
787.876	1050.04	-18.1626
1335.91	-1227.16	98.6123
408.612	-847.609	117.048
951.403	-297.579	-15.3864
255.697	-749.42	81.8995
938.253	773.211	-18.6812
476.257	512.809	-18.4915
-610.714	-641.335	8.74955
-246.509	1291.87	-17.762
216.168	-1230.91	43.0334
834.315	784.089	-18.9155
915.259	-51.2761	-20.579
-174.255	1222.28	-17.9065
145.555	977.668	-19.4502
655.765	-532.77	20.9991
-871.919	1384.89	-16.676
51.7098	-589.668	69.7817
-690.367	-1158.98	17.115
-1449.59	1215.27	-2.04393
-236.867	-471.221	103.761
-525.383	-1290.04	26.1093
1236.13	689.462	-19.1972
349.739	-419.314	9.18621
-1246.45	-956.386	45.4342
-837.886	1028.02	-15.3867
411.406	1355.33	-18.499
992.6	336.555	-18.245
7.41105	625.605	-13.2351
-1323.39	-1131.71	51.0611
468.6	-113.527	-8.42799
-1304.23	-1213	48.6532
-80.0092	-563.047	104.989
964.841	-520.362	-6.39769
-125.194	1099.71	-18.3975
1292.37	-112.283	-20.3121
-1358.36	-69.4386	-7.19976
683.408	144.037	-18.8339
148.023	754.76	-16.7325
1186.68	125.22	-21.5566
-1357.62	1318.68	-8.05337
338.649	-1123.22	58.2591
-524.315	58.7528	38.5206
291.478	-316.766	3.75216
471.975	139.96	-14.1373
-9.96428	-167.938	25.7794
622.488	-616.052	44.2616
-654.648	-184.172	5.31183
-1276.45	-1341.13	66.3789
-880.955	-824.25	14.4557
699.301	-826.568	83.0377
-1210.99	1011.98	8.17936
647.636	1066.48	-19.8343
590.459	-336.793	-2.2425
-113.476	-927.38	91.9916
-1164.89	-693.251	12.3314
906.864	841.668	-19.0514
850.366	1386.77	-23.6064
-332.678	-63.2231	57.4945
-846.99	-1217.57	32.781
-195.49	1222.63	-17.6697
804.332	-985.688	79.3786
-557.112	-1311.01	29.7299
-309.429	-1380.43	49.2117
1246.49	1188.17	-19.5724
-315.993	-183.004	59.9899
-1102.58	-1053.37	42.8617
860.62	-52.6388	-19.2934
-22.8891	688.884	-14.5171
1416.48	1305.69	-25.0587
1366.31	-1328.99	97.0284
-452.916	242.848	-1.79852
-900.488	59.2128	-8.91283
-181.111	-265.402	63.4179
231.328	-922.109	103.273
-333.512	-1386.61	45.5056
-608.483	832.645	-8.83045
-606.248	289.493	-2.38777
1076.32	-590.625	-3.85642
-121.297	-463.242	95.1289
557.005	-469.25	15.8641
1435.46	980.339	-21.8089
-658.235	-384.054	3.09611
-794.525	1184.64	-19.0567
-170.193	-83.8184	29.5754
-1013.56	-1241.97	45.773
-1007.06	141.455	-10.3562
-816.821	957.162	-10.5316
-460.285	889.33	-17.3265
585.338	1208.81	-22.3455
-1398.46	-326.288	-2.7047
-184.206	435.428	-15.2345
714.2	252.345	-22.1917
1442.79	1047.57	-22.0443
406.686	-442.059	8.55744
752.283	1441.46	-26.7379
-687.803	1466.72	-15.9219
-746.438	320.475	-7.17032
-575.275	506.094	-11.0017
-1161.27	1092.34	-5.08471
-996.758	456.49	3.62536
-707.431	-1237.06	25.1247
717.075	-743.279	65.0243
-1406.23	-1144.7	45.6142
621.439	-373.208	-0.752708
1037.68	695.051	-17.566
-251.264	380.728	-13.599
-611.262	-1113.42	13.7828
-395.115	967.913	-18.2869
-156.767	-1096.4	88.6123
-24.6024	1309.58	-18.498
1171.23	212.728	-21.891
1013.65	-1263.49	63.4053
1039.12	1433.45	-25.5963
200.783	31.7105	-7.79721
-583.618	15.4053	29.5405
-1331.97	-1122.22	50.8961
-73.98	1019.36	-17.313
-210.516	448.793	-15.3014
335.302	1093.18	-18.7157
-419.913	1235.14	-19.0488
175.327	-86.2876	0.652711
-326.674	164.101	4.10159
378.971	323.261	-16.6023
1416.02	-1362.98	94.3386
759.974	1263.4	-20.0048
247.899	-961.408	99.141
-256.878	33.959	26.9907
560.049	875.073	-15.7054
-1298.58	-1210.39	48.1269
-1465.74	-1331.6	78.1599
-542.123	-1059.28	17.4277
-1148.92	-805.948	20.6493
1390.66	-157.361	-21.4542
49.6879	1209.16	-18.3158
-858.707	1437.67	-16.2148
554.607	-1406.7	25.8519
-1187.7	-1177.25	44.527
-1476.32	1042.9	20.154
-939.319	570.431	4.52095
1449.51	318.613	-25.6426
734.818	1358.79	-23.1534
1473.7	1074.25	-22.2517
1140.49	-1377.91	68.0947
1443.98	-812.691	-4.93058
1258.09	1433.52	-27.7583
997.46	-331.209	-13.7973
-1329.29	211.013	-2.58802
214.572	1249.59	-17.0735
416.372	37.4514	-11.9747
765.322	1154.69	-19.5301
1310.7	-728.748	-5.72988
-1492.81	-391.742	1.76037
1288.31	-931.578	20.9305
245.447	-646.212	49.0309
359.984	1097.67	-19.0157
-633.411	-796.512	8.6267
830.587	949.659	-17.5099
373.399	-543.871	27.3878
495.746	388.227	-18.2506
899.538	1015.14	-14.7862
-432.708	-190.732	36.7794
334.544	89.2649	-10.0759
-953.347	-295.733	-3.11339
1387.7	-954.101	11.1952
-498.484	-200.879	25.2697
930.665	-1101.41	68.3879
526.42	327.242	-18.9124
-83.2748	199.847	-13.2916
1211.81	729.382	-17.8133
523.534	-672.187	71.0155
1430.89	1165.36	-21.0347
34.8053	-144.625	16.7279
-708.764	1404.51	-17.5481
33.0921	433.993	-13.7765
-815.006	919.017	-5.1493
-293.4	648.1	-11.5378
-1129.53	-378.536	0.245795
1094.43	92.2473	-21.6338
-1377.45	872.273	26.1213
570.255	-639.172	59.6987
-1221.49	1308.96	-12.0154
57.9193	-612.332	71.7641
62.0134	-332.569	48.7167
-1053.85	464.906	7.23807
-296.073	905.392	-16.6032
-857.772	1389.32	-16.7976
458.158	-114.87	-8.30377
-1469.64	-46.1062	-2.3595
646.091	907.259	-15.4452
758.121	-1322.63	27.5013
766.426	451.466	-20.1496
1420.08	747.763	-19.6764
-33.7337	-240.526	48.447
-744.693	962.868	-12.7122
-637.845	-359.382	4.13482
-454.331	490.119	-12.5251
-785.195	-1375.14	41.9103
277.016	-17.6828	-7.44004
-1184.99	-1276.29	49.2833
-1415.33	90.1151	-5.49208
195.783	1070.52	-19.2231
-1003.98	-778.243	18.8926
259.31	-36.1125	-6.97856
-8.17474	-299.501	60.628
999.467	-1213.63	66.1866
-489.156	1429.72	-17.8192
1257.97	-15.3689	-19.2018
577.257	1423.08	-22.3318
-286.582	-153.326	60.6801
843.623	1492.27	-24.5799
1072.77	-673.103	2.82608
686.11	1304.51	-21.7412
-567.683	1172.39	-17.5592
1163.71	718.196	-17.6066
-1297.08	369.839	20.9673
667.991	496.918	-19.057
1302.78	-573.125	-10.0751
361.877	-1342.53	31.5104
771.198	-1071.49	62.2474
737.948	1094.14	-19.9791
-558.516	1054.75	-17.9298
742.564	-955.091	85.395
-1084.3	801.622	10.5609
137.319	-1356.07	37.8318
958.292	1372.84	-22.1315
1084.25	412.359	-18.1338
1078.15	964.541	-17.6093
-29.2473	1108.74	-17.7007
-395.763	-426.659	50.765
995.109	327.675	-18.3801
-782.978	-627.481	2.00858
1205.51	-1395.85	78.8468
610.474	410.321	-18.5926
-1275.8	-1211.07	47.3508
-1365.76	-631.495	21.4247
-1126.91	145.407	-10.24
433.27	-225.946	-5.03373
-828.125	481.495	-1.16042
-182.804	-470.237	105.294
735.244	-803.384	76.6731
-1210.02	-1416.77	81.8479
284.695	1284.1	-16.8238
-555.92	-744.207	13.1223
462.062	953.284	-16.3947
133.496	1297.11	-16.3243
-704.75	-1019.1	12.9695
1248.47	1299.16	-21.5095
-199.467	302.487	-13.1948
1346.95	1332.9	-25.3089
81.5335	363.63	-13.9934
-653.055	-1116.46	13.0597
-235.685	-1214.82	65.2219
395.394	-603.069	46.2844
-964.378	645.686	4.56355
-794.194	85.2856	-1.31896
-1449.97	-354.992	-0.782434
-1164.76	1235.12	-12.6723
-662.646	-275.437	1.71686
-75.9841	1496.48	-16.683
-1393.38	-864.931	35.0029
11.556	461.409	-13.1904
758.795	598.858	-18.5652
1366.22	867.432	-18.911
610.4	680.295	-22.0016
386.93	-402.665	5.88427
958.371	699.939	-17.0715
32.3445	1145.32	-18.0256
-771.265	-1134.04	22.5902
1304.98	1311.58	-23.4079
-1302.91	-401.007	-0.443088
-1236.84	-171.797	-4.4398
1400.34	135.838	-24.8228
437.907	-88.2655	-8.94164
689.761	909.42	-16.0054
-387.603	1117.54	-19.589
-293.492	-710.428	65.7894
1457.01	698.23	-21.1049
604.516	1047.65	-19.0118
-940.905	213.982	-9.96194
1140.51	-1200.52	75.6571
-763.414	-670.934	3.22462
-878.883	-869.601	16.5052
1447.36	748.738	-19.9153
-164.78	854.707	-15.437
-589.124	-1335.53	34.596
896.303	-43.1897	-20.1631
1190.42	-967.368	45.6103
67.8428	-1300.49	44.4111
1011.1	557.999	-18.037
862.864	-1008.54	74.6036
-124.714	-169.202	39.2695
319.977	1199.65	-19.7897
-953.24	-455.646	-0.469665
-863.52	-635.774	4.78299
-1029.45	-1410.06	60.5165
196.219	-1363.83	35.2802
886.897	-31.4211	-20.0804
-933.127	-142.562	-7.60389
523.942	-1166.49	43.6417
279.734	958.047	-18.3649
201.905	409.962	-15.1727
-900.989	1292.11	-17.314
-698.61	-1055.7	14.7779
153.078	-569.281	41.6488
84.7519	915.814	-17.9146
-474.463	1445.36	-17.3671
78.8839	-150.511	13.3273
-1496.83	1313.21	-5.54577
142.106	-413.688	34.2278
1493.02	329.114	-26.8119
-1422.55	506.195	46.4431
-240.669	-782.746	64.8007
-988.67	-215.766	-5.6327
-29.9887	747.718	-15.4155
-622.852	644.719	-7.66786
-1354.86	1272.35	-7.57798
357.098	-249.22	-2.12234
873.474	318.312	-20.5864
731.123	-669.727	41.4592
894.134	104.686	-21.788
-342.564	-82.0598	58.24
1156.75	-825.737	24.0621
1412.23	1402.94	-27.1019
-1236.22	-330.999	-1.25633
-574.35	-1452.67	45.9213
-110.013	967.702	-17.4842
1066.05	860.827	-19.1401
1489.24	231.839	-28.0648
18.5539	219.981	-14.661
-148.033	-550.676	115.672
-289.238	130.094	5.89857
-62.4569	-1317.72	59.3962
-1167.42	-1059.76	46.5639
1058.13	244.317	-20.0283
-923.757	1248.11	-16.7731
1467.2	-892.7	-2.83924
-823.824	-920.942	14.173
-1088.93	-84.4869	-5.75827
-1234.96	-837.824	30.9062
932.49	-398.583	-11.6611
-1061.14	-140.148	-6.76876
1191.1	487.278	-19.3752
143.101	-537.778	39.0309
-802.108	-437.863	-1.30067
377.684	-1439.47	26.9016
1188.24	-1305.1	79.8933
1493.91	-1439.11	80.9332
1158.3	-986.252	53.6718
-439.195	509.508	-12.9821
433.692	-1102.88	57.9862
-1215.87	604.262	11.5855
-852.635	693.668	4.50053
812.252	-965.567	80.9784
634.023	-1095.11	56.424
963.884	1164.07	-12.6592
1255.88	894.857	-17.9648
-1280.92	-761.499	29.787
570.803	1045.62	-18.9651
-29.2074	386.361	-13.4139
-90.6156	859.807	-16.694
-1424.37	-871.346	33.0656
-938.679	943.511	-4.00757
-1237.6	-845.089	32.6685
25.3014	-842.09	108.996
-1201.2	489.466	18.5165
1404.22	1232.96	-22.2109
897.441	1308.19	-18.1746
-1110.16	776.137	9.88799
-176.64	-1191.77	77.46
1447.8	1377.82	-27.1108
355.597	-679.091	62.4558
-235.451	768.262	-12.7556
-113.021	-576.405	113.482
-1096.05	-179.866	-5.618
112.75	-758.996	89.5198
831.957	-1114.29	54.1139
-1463.91	-1338.14	79.934
796.091	-438.54	-7.41346
476.884	-513.133	24.9891
1210.68	-1374.3	82.1603
1291.7	-1075.36	65.9639
-459.622	-1427.46	41.8025
785.645	-1436.82	22.488
-839.343	-527.076	-0.754275
519.717	-1279.3	32.4926
-947.424	-1177.87	38.5794
861.22	496.572	-19.2093
570.819	-28.9893	-11.3364
-1050.14	-76.7871	-6.75102
1275.5	-999.066	49.0864
-1024.78	-1345.15	56.3449
-1350.01	543.447	36.1215
233.028	-699.54	63.0478
986.615	-1241.99	62.5122
1177.27	-1348.34	76.9955
846.071	809.729	-19.2875
-385.947	1298.92	-18.2089
496.721	-714.435	83.0006
606.456	923.435	-15.8164
338.331	-829.243	112.446
-885.236	1292.38	-17.5627
-96.3672	1228.41	-18.6452
389.445	578.051	-17.1675
-506.254	-173.319	26.3984
724.194	877.881	-17.4548
668.633	-1078.69	60.5544
1282.49	115.948	-22.4055
1478.4	-797.592	-6.61971
1428.56	-1118.35	58.2916
944.278	-815.319	62.087
-306.097	911.169	-16.7648
-728.039	-686.539	3.71971
423.419	525.023	-17.9557
281.218	470.991	-16.4621
633.253	928.305	-15.7393
-315.855	-608.646	73.9638
-848.595	1234.19	-18.3853
665.979	1105.84	-20.8915
-725.453	1465.66	-15.7875
1144.44	-1076.4	65.7363
-970.446	1210.07	-15.7805
-870.202	1428.98	-16.2434
769.866	613.887	-18.2177
672.135	-924.131	94.1237
-149.186	64.1259	2.914
-551.003	672.418	-7.60468
-279.016	-1417.13	53.3788
-1390.02	1084.04	10.3105
-951.24	-737.536	14.4546
398.026	-768.09	97.223
-1448.51	784.515	8.50523
968.826	636.385	-16.8756
1135.1	185.856	-21.6729
-300.783	824.643	-14.6468
-307.428	-560.231	84.4309
-525.042	-941.749	17.6025
1063.29	-772.147	22.7786
-964.716	-52.4117	-9.31939
1308.47	-1328.12	94.4688
-1021.14	-1475.5	63.1621
-868.002	-590.139	2.3863
-107.11	-1410.28	59.9678
-115.054	635.944	-13.0306
1335.2	-1299.75	96.8038
340.806	499.512	-16.8837
-314.779	-164.143	60.8818
1061.31	-713.292	9.11098
-241.107	445.566	-14.6391
-411.692	1270.44	-18.7065
-293.374	-1344.13	51.8014
988.511	-1004.67	68.455
-1140.12	-1079.02	44.6723
633.783	31.122	-13.9242
-1039.63	-35.9231	-7.00267
57.9337	-70.3479	0.930913
866.686	-1342.35	31.352
-5.22289	-1364.41	49.1938
248.729	816.78	-15.7597
-829.807	-11.3337	-5.50187
1125.78	911.86	-17.9729
-8.63174	719.881	-15.5539
1098.57	-1451.31	46.0865
-1207.61	-766.429	22.6805
-945.453	1322.43	-16.6556
1349.23	-1483.92	75.2944
476.235	-1246.53	34.8841
1336.45	191.578	-23.9204
-594.99	-249.582	7.94846
-1040.01	744.952	6.50967
-258.703	-229.716	63.5577
1406.19	-1239.07	100.975
-20.8788	1093	-17.0671
363.956	578.447	-16.6528
883.152	735.627	-17.9423
395.418	1301.66	-19.0862
-533.778	-1128.4	17.826
180.101	-1320.21	36.7156
-491.586	-1130.05	20.7269
-512.575	-733.139	16.3661
1262.99	804.295	-17.802
-581.681	-1243.07	23.4606
-187.722	1183.22	-18.4544
-506.608	563.831	-13.1286
-583.36	174.821	15.8621
867.693	556.19	-18.0072
-235.224	145.069	-0.868761
1472.54	807.497	-20.4024
-1288.5	-1248.56	51.7029
-215.746	758.502	-12.5912
780.767	616.735	-18.0925
-1016.17	-351.17	-2.48344
-201.233	675.714	-11.6506
-1111.95	617.639	7.17616
1367.73	330.165	-22.8732
546.652	159.158	-16.551
294.213	-386.927	8.86537
-940.98	856.878	6.14618
95.4446	-1474.18	39.5831
-1096.97	1361.94	-14.7194
-1446.78	492.068	49.239
1260.62	-1101.86	74.8676
185.014	1046.82	-19.2879
959.693	816.361	-18.9679
644.108	650.347	-21.2842
421.651	83	-12.2617
-1219.03	1162.49	-5.10407
-270.177	-938.726	52.697
875.694	683.339	-17.5238
-846.674	933.507	-5.15736
-17.097	-668.853	93.7418
-1384.49	-1378.32	80.2331
847.051	-932.52	82.3208
1269.94	-773.805	-3.09689
-731.703	553.115	-0.853694
1091.61	869.268	-18.8873
-805.459	829.763	6.02665
-1307.39	-538.336	9.60645
1120.93	75.8626	-21.0732
11.7081	586.238	-12.0823
1482.93	-461.371	-12.7245
1369.73	1271.09	-23.2285
-1113.28	-554.815	5.82022
1106.28	483.483	-18.9724
-1033.32	847.813	7.96916
1100.08	24.6488	-21.6666
601.695	761.335	-20.1603
658.691	-486.058	13.7837
-1031.55	1085.72	-12.53
1050.8	428.972	-18.4502
-224.874	-632.713	102.177
-569.632	220.489	5.10565
140.736	294.177	-13.5495
-447.245	-453.087	31.7794
990.382	-728.363	22.5279
-100.419	279.902	-13.6685
1286.35	252.439	-22.0245
-579.522	-1013.39	13.9943
-1472.77	-994.924	22.646
288.757	-1255.03	39.034
-1288.41	-449.349	2.97657
-1420.11	362.267	28.6938
698.063	707.23	-20.6646
-958.311	-368.421	-2.19588
450.755	-1057.93	67.3802
-324.79	-1322.59	45.9413
657.139	-1103.52	53.6586
428.526	1188.23	-21.857
657.21	-13.8474	-13.4897
-966.813	501.508	3.19931
334.964	-143.016	-6.0283
1005.13	102.482	-22.0828
-1109.49	1483.25	-12.9774
-1077.52	969.112	2.59573
979.26	815.2	-19.0832
-107.311	357.132	-13.8518
235.616	-670.997	54.7899
-432.534	1186.02	-19.1422
-1016.59	483.749	5.97651
15.6017	197.066	-15.1748
725.276	57.4275	-16.9709
741.106	-631.21	27.923
1426.16	592.471	-21.3355
1250.68	-593.344	-9.01801
-384.71	326.236	-10.3336
-659.232	328.994	-4.77041
946.829	824.557	-18.8489
414.167	1446.61	-17.7835
987.654	1451.52	-26.8875
-647.532	-1074.91	12.6638
-604.876	688.896	-5.55058
-1251.08	-530.771	10.7247
-118.742	-810.048	93.2126
-225.265	1231.55	-17.9492
744.629	14.2236	-16.7048
-148.052	-75.4244	23.317
-947.095	-751.881	15.2592
932.052	3.69094	-21.7012
1337.64	1243.18	-21.5611
-581.276	396.638	-8.37686
-1270.83	129.715	-9.33147
-759.663	-1220.33	24.9335
-633.946	-229.981	5.49948
1246.63	-446.182	-13.6097
488.29	290.257	-18.9175
316.027	-1420.61	29.9622
-1303.23	-30.123	-9.11671
-909.069	922.498	-1.73175
1415.4	1027.38	-21.9374
-571.086	1033.18	-17.6524
-1334.51	1093.42	5.13644
939.171	1275.51	-15.7839
1276.47	1174.17	-19.9979
286.478	-1157.34	50.4922
361.063	-623.199	46.0742
217.485	-200.869	3.45208
368.517	-220.715	-3.72606
-1274.04	-1392.19	79.3808
882.324	-272.666	-16.2485
-843.714	527.799	3.49383
-545.969	-566.051	13.3718
1085.65	1228.21	-18.0535
190.343	-490.971	26.5018
1233.76	74.5506	-19.9036
-177.047	782.253	-13.5216
-266.97	-285.331	68.1553
1151.8	4.91471	-19.4411
-1237.17	-978.818	46.9679
361.099	727.863	-17.1859
317.934	-553.62	25.2101
-40.9176	-347.272	77.2659
1008.74	-275.365	-15.9125
-806.432	1044.78	-16.1417
1140.81	137.552	-20.6641
834.292	1201.11	-15.5117
31.2868	1285.83	-18.5903
-936.22	411.284	-3.367
-1438.11	1032.05	23.9539
-1158.05	-176.414	-5.03985
433.757	655.289	-18.2427
-1375.46	168.696	-4.60367
-186.669	90.2445	2.47669
1246.18	-367.71	-15.0444
-1455.56	-698.845	18.7849
-337.988	-138.719	59.2471
-1207.73	602.132	11.4909
-67.1601	803.106	-15.4907
1058.92	52.6329	-22.242
296.034	-222.087	-1.43213
-534.061	903.347	-16.766
1348.29	803.073	-18.2749
946.469	-552.373	-4.8521
807.604	1311.88	-19.7468
518.638	-582.441	45.2067
658.985	591.068	-19.237
-15.4553	321.434	-13.3901
932.63	832.627	-18.8209
-1174.22	-1119.77	44.3752
-991.027	1313.87	-16.4719
1324.46	-1233.75	97.6157
94.8838	-790.519	97.4103
860.398	-116.745	-20.4514
946.592	-945.621	75.1796
502.64	-671.178	70.4721
-560.024	-980.119	14.8858
1450.24	1491.91	-24.1557
1031.18	-522.273	-5.58471
-283.573	-392.544	85.9564
185.026	-679.521	57.5374
696.901	-258.991	-12.5093
927.785	-156.662	-19.3174
-698.03	478.048	-6.08486
-550.209	922.006	-16.6749
-1027.12	733.479	5.81482
-168.209	1035.97	-18.4821
932.588	-1063.5	67.6128
483.043	-498.142	21.8282
-151.877	-1240.59	73.4662
1039.02	-1404.03	42.8266
-335.362	1387.95	-17.587
-60.6504	1254.7	-18.7851
-762.727	901.481	-7.71184
-271.913	967.929	-17.5582
251.723	977.084	-18.9571
-176.794	1319.17	-17.1361
-819.744	-905.97	13.2709
961.702	-1380.16	36.6435
-30.3375	384.886	-13.4137
-1255.78	-316.236	-2.29864
-506.7	857.925	-15.382
-406.062	245.937	-5.94918
-1022.54	657.822	5.36208
-962.074	1305.16	-16.7721
-121.602	-352.618	85.4452
937.402	929.574	-17.8615
1006.98	1183.78	-14.7526
1133.73	-399.137	-10.8548
-701.16	913.918	-11.8242
-911.772	921.971	-1.57625
-1447.02	-1272.26	58.3767
1367.47	-1245.5	102.373
-511.309	-59.0168	41.2608
-444.261	89.6932	27.7766
-340.509	-1278.9	42.7257
-226.451	232.512	-11.1353
814.311	-757.066	55.6771
-1033.1	1236.91	-15.8391
298.247	-565.694	28.5629
-1006.71	1114.44	-13.6405
844.459	-1490.31	20.4043
-1290.31	573.92	22.8177
-1370.94	-1327.32	67.0588
-153.813	-1481.79	55.9029
770.965	250.929	-21.7234
1098.47	946.153	-17.7866
130.795	-173.953	12.5074
-437.987	1030.91	-18.8455
-465.647	381.154	-10.3212
-646.052	1450.01	-16.6147
1124.7	614.843	-17.8098
-1142.39	659.234	6.86849
-1199.83	203.075	-8.73966
-373.367	-952.87	33.5813
834.981	-318.989	-13.7121
-1378.13	-361.385	-2.86635
-1160.6	-1166.69	43.957
-975.559	-1356.87	49.2303
-858.307	-1220.53	33.896
-930.728	817.505	8.62663
874.78	1369.24	-22.3266
-776.116	226.851	-1.19619
-384.376	746.185	-9.17342
1314.65	18.6666	-21.5092
-223.836	-386.918	89.5647
-837.05	-1129.04	29.4831
-360.858	-958.863	35.5139
-140.791	258.734	-13.2208
694.623	-835.32	84.52
-901.038	820.17	8.56206
-357.051	799.04	-12.9333
-266.069	-520.303	97.8835
1210.96	-495.069	-11.3704
132.281	-972.667	91.9187
380.797	936.482	-16.1052
-531.047	937.726	-17.1576
838.188	-616.158	7.1791
174.066	1378.33	-14.7935
-266.558	-1254.31	56.976
179.891	442.986	-14.6734
118.419	-1481.45	38.2239
869.898	-1247.21	40.2791
473.454	-399.663	2.44003
860.782	-239.057	-17.3445
-757.693	241.956	-1.12143
8.52442	-380.448	73.812
813.543	-662.393	23.8691
64.6143	53.2538	-5.51052
-539.286	-525.576	15.3435
564.63	-331.75	-1.27422
1053.78	197.587	-20.6671
1004.88	-61.698	-21.1629
1090.12	986.915	-17.5752
687.357	20.2159	-14.9648
-703.452	-405.268	1.54036
657.582	-266.226	-10.0979
-519.576	176.424	14.8488
-834.224	1195.64	-18.4787
-1458.96	1360.24	-6.5975
-855.39	-1037.49	22.1539
-429.528	104.124	23.9454
-551.819	-152.475	22.3545
733.613	-560.821	10.5022
589.008	-1496.29	22.4935
167.093	842.25	-16.9872
-649.605	454.01	-7.65789
-1122.23	119.553	-10.4931
-1448.56	246.395	2.42744
-881.9	-122.613	-8.33261
-1329.33	980.193	29.2616
-498.953	-333.637	17.5351
535.672	1169.58	-22.3363
-1380.4	-1299.86	61.4107
-1280.96	-1358.98	71.1104
-439.692	330.689	-9.4526
-1244.69	-462.896	6.33108
1482.23	-125.251	-23.0401
457.546	131.23	-13.4901
-504.385	-563.08	19.3278
946.759	1431.03	-26.0216
-1489.47	319.84	17.2614
-754.661	1013.91	-15.3136
428.832	562.402	-17.9508
233.897	1306.81	-15.5351
1426.11	1042.89	-21.9829
-155.111	-78.1174	25.1971
67.4609	294.206	-13.659
1127.35	-253.835	-14.1493
1256.16	-340.916	-15.3714
-939.259	102.08	-9.36313
-821.759	-133.709	-6.48091
-399	1484.58	-16.1389
-540.665	837.167	-13.2293
9.23547	330.244	-13.4424
678.79	-1218.64	35.592
-771.059	51.4979	0.114413
-733.124	-1129.08	18.668
-1371.15	60.5288	-7.48066
-1493.94	1071.03	19.3444
-491.61	224.687	4.54805
-1000.84	1017.71	-10.4745
389.512	-527.055	24.5965
-195.382	-624.164	108.2
150.295	-1478.7	36.355
688.886	1447.73	-25.5176
1176.47	1281.83	-19.5531
1340.74	661.276	-20.3052
-484.481	1279.16	-18.3578
-31.6365	-346.579	75.7521
864.254	-155.686	-19.6025
1205.9	-272.893	-14.3019
-886.74	-1205.59	36.1794
-96.8259	458.288	-13.4367
-1074.4	-121.466	-6.42215
1189.72	-1439.93	66.2066
995.556	795.491	-19.1586
796.066	874.065	-18.5402
460.936	1017.25	-18.0777
149.505	130.576	-13.9268
789.956	155.303	-21.3683
-1256.42	-909.968	42.033
193.764	-981.601	88.1947
877.869	-583.211	-1.0694
-473.622	624.049	-9.88167
304.345	905.451	-17.4668
1399.24	-835.843	-1.58578
-203.842	-1386.81	63.472
1442.33	-1470.23	80.4008
542.866	747.156	-20.8024
-391.555	23.2927	41.6757
-622.483	41.3939	21.6142
1088.72	-798.41	27.1336
1167.25	-1138.04	75.0735
-362.628	-3.56555	47.5329
813.39	-652.917	21.062
-364.282	355.956	-11.2311
-268.209	-456.845	95.4622
3.66268	-819.496	106.722
1211.04	632.623	-19.3366
1090.29	1057.75	-17.0194
-1244.03	-818.882	29.5186
-682.013	689.463	-2.36182
453.593	-81.3982	-9.27413
487.999	-82.01	-9.53184
-1177.82	-548.243	7.94456
-946.921	-401.525	-1.99024
685.641	-696.29	58.098
-1417.18	-848.25	33.6273
-608.058	-1193.89	18.4712
-334.185	783.092	-12.6574
654.809	981.52	-17.2511
-1445.49	1170.44	1.63273
767.15	-591.277	11.9744
-269.862	1405.78	-17.2749
-1066.28	188.717	-10.6311
-476.912	365.919	-9.58914
1322.8	-1079.11	63.3324
261.971	-264.239	2.03803
-517.457	392.003	-9.4282
961.719	461.893	-19.0448
1314.54	420.783	-21.4322
19.2347	669.875	-14.4536
-1267.45	811.588	14.4066
1239.18	1350.6	-25.2245
616.284	753.221	-20.3854
1460.72	-723.966	-7.73671
-31.2129	557.066	-12.002
1095.87	1372.33	-23.8555
-929.683	765.164	6.43498
-42.9269	405.048	-13.0276
1419.17	-30.9909	-25.8819
-1298.79	350.856	18.4325
898.428	1096.66	-13.2366
-1454.45	1305.35	-6.09584
-376.311	1273.01	-18.7741
254.315	513.366	-15.562
-305.329	734.777	-11.5702
252.52	23.1895	-7.37105
-52.1566	-191.462	37.2886
765.639	191.264	-21.5765
1492.65	-385.423	-13.6744
702.875	-244.956	-13.5133
-605.669	-1161.82	15.9844
941.152	88.1628	-22.1355
-168.779	1310.7	-17.1959
-1008.22	-73.2937	-7.81973
465.897	1280.02	-20.7166
-1152.5	889.172	14.6856
-783.847	-1245.84	27.8838
-1376.25	369.498	29.6325
-763.857	-223.312	-4.21995
-167.789	-155.821	41.5724
188.98	785.529	-16.3998
1064.17	812.252	-19.2738
1240.13	-710.324	-6.18837
-180.154	575.466	-13.1691
-634.093	-491.118	6.34563
294.674	663.93	-15.7352
-1465.41	-505.565	4.04188
724.765	163.012	-20.2903
492.697	-653.972	67.5979
-439.24	703.3	-6.5374
30.3108	369.314	-14.0493
760.883	858.044	-18.4007
1210.72	-551.906	-9.72296
1097.27	1010.9	-17.4591
-1030.16	46.9678	-8.66261
-419.854	-241.027	39.0716
516.065	-899.901	110.52
-365.835	681.167	-8.23467
-522.946	1493.83	-17.0075
-1367.22	830.545	17.3717
-71.6363	933.886	-17.1882
-1491.5	765.192	7.28594
262.463	977.57	-18.7251
219.688	-939.15	99.3868
-801.32	-799.979	7.65319
553.961	-201.554	-6.83464
855.07	649.858	-17.4204
277.756	-942.169	106.723
-364.339	-254.624	53.4415
-1105.54	-999.613	44.7144
1146.61	1348.86	-23.4637
1087.5	242.266	-20.2123
-409.886	-1178.14	30.3024
-889.319	46.245	-8.86294
-512.676	329.745	-7.47877
-980.118	1388.67	-15.361
-1386.94	-286.351	-3.90138
217.019	-1281.11	38.5184
-1075.78	-193.522	-5.63781
144.769	156.98	-14.9099
-1264.21	-1186.73	47.7407
-1385.9	-1358.33	74.9054
1162.6	-321.204	-12.5892
537.772	21.6095	-12.7698
31.5758	-1433.22	43.3853
1257.67	234.882	-22.1386
1031.12	1240.73	-17.7152
894.41	1077	-13.6038
-1210.37	641.398	8.36618
64.8941	140.703	-13.825
52.6308	-793.537	101.288
-1185.09	1155.91	-6.18974
-1129.44	-239.167	-4.43004
-590.868	112.79	27.9113
-754.645	-1110.99	19.2125
-35.3094	1495.49	-16.6136
-1121.8	763.502	9.40757
-97.8076	984.542	-17.5688
1208.56	1243.15	-19.1231
143.804	-237.128	18.0778
701.563	-132.06	-17.2985
1430.96	885.247	-20.1056
443.365	-1084.11	61.1507
-624.718	941.522	-15.0754
-1303.32	-274.327	-3.85009
-713.46	-1229.56	24.7332
-1318.33	-1266.78	55.6386
394.984	522.439	-17.4351
507.893	1264.92	-21.4154
1254.5	-201.623	-16.8001
695.861	194.873	-20.8994
826.41	58.3774	-19.8599
1044.78	-33.5731	-21.5492
368.641	-998.913	95.518
319.903	48.7033	-8.76575
-620.347	731.849	-2.80013
589.013	1108.12	-20.7562
-147.586	-73.7727	22.9461
-1471.1	1022.17	21.0836
52.453	-610.367	72.8964
355.925	-1021.07	86.5595
-227.41	252.376	-11.9745
149.205	-150.463	6.14487
-401.689	-1096.24	30.1438
-1316.76	1101.49	3.56747
-188.435	383.756	-14.8691
1493.81	-1025.86	8.29962
512.165	-1182.13	40.8757
-1402.25	42.4408	-6.25829
-190.801	-889.743	72.2597
-1213.98	-1028.76	50.1418
-268.316	-143.121	56.6799
790.851	-746.22	53.5398
-657	-861.127	10.0341
-601.439	1284.62	-17.1512
845.951	1109.63	-15.6718
-604.851	492.135	-9.53651
413.159	633.647	-17.391
-1277.42	764.042	9.02538
-570.614	1081.92	-17.9138
434.868	216.374	-16.4031
880.063	-1111.82	59.9468
1152.59	-574.753	-6.99313
1099.03	-1339.97	65.6903
-238.752	-1268.26	62.7018
-637.392	1359.14	-17.8253
-848.047	-383.227	-1.6591
388.774	550.052	-17.2347
1483.81	865.574	-21.1711
274.009	375.74	-15.9808
-558.156	432.461	-9.80505
-569.608	-919.805	13.532
639.866	990.086	-17.4604
-138.014	-1240.56	73.4169
-421.387	1058.87	-18.8983
-1049.23	-16.9058	-6.97473
1345.97	1309.82	-23.9449
-620.643	-765.981	8.72371
1023.56	857.804	-19.0932
331.899	109.287	-10.5903
105.082	-336.328	39.0783
-284.822	1247.66	-18.3641
124.442	-218.934	19.4609
90.1055	-87.4188	1.79404
-138.457	614.439	-13.1126
1440.51	777.232	-19.328
-517.319	18.6346	43.0569
-77.6944	266.333	-13.7289
776.166	489.366	-19.8465
1184.69	925.604	-18.1608
-1249.97	1375.47	-11.0382
-236.414	-461.853	103.953
-1438.71	-978.313	30.7587
851.422	-179.088	-19.2392
1454.49	-52.6764	-25.8915
270.105	-748.898	82.7216
-1178.52	546.214	14.3803
-829.023	-1399.5	38.6007
-352.696	1187.77	-19.7711
-223.802	-544.556	113.737
-1018	-289.293	-3.34056
735.907	-1020.85	75.3742
-337.718	1168.06	-19.9685
955.337	1372.16	-22.1022
1200.5	1414.81	-27.2239
-993.015	659.228	4.85897
-1398.37	-1236.78	48.5706
160.958	1078.82	-19.1625
257.872	-975.197	97.3592
-421.543	-857.71	26.7129
-1038.33	-1011.7	43.4748
1435.99	-831.427	-3.5213
-496.995	1389.45	-18.4804
381.27	1096	-19.4686
-1307.41	65.9145	-9.84397
1148.31	-779.47	10.2052
608.072	-804.123	90.8645
-919.921	-1097.92	35.7154
801.791	-349.811	-12.149
-1110.93	795.591	11.1194
1388.25	-395.421	-14.6387
-674.838	1260.71	-17.3466
1107.64	844.107	-18.8044
792.071	-549.294	-0.449393
739.984	-370.33	-8.05298
-958.873	-523.471	1.93459
898.966	635.296	-17.0079
-1198.84	-590.146	10.4483
-1346.71	310.555	11.2386
398.25	121.969	-11.9572
358.584	1063.1	-17.9656
-1328.23	-1087.43	52.5106
-893.284	1398.57	-16.3381
512.863	-1469.37	23.4521
-944.2	783.767	7.78758
-109.539	-141.793	30.7628
-588.688	-1424.78	44.4011
-1301.79	891.28	30.209
1089.95	-1328.66	65.6983
-436.91	-510.831	33.4219
-279.286	354.658	-12.6109
1448.15	-841.75	-3.79715
-274.406	684.484	-11.7108
-1103.22	1070.18	-8.89548
-484.225	-488.51	23.9905
-480.99	-644.359	20.7173
-415.411	-1092.19	27.9127
1033.08	1462.99	-26.5373
197.114	-105.232	-0.331914
-560.32	681.515	-6.98376
-1279.05	549.552	26.0457
245.27	497.059	-15.4318
-156.328	-1206.19	75.5238
-1033.43	473.126	6.62973
-383.533	940.006	-18.0148
-684.804	1423.31	-16.9682
509.997	-20.7553	-11.2548
-1447.93	804.171	10.1151
-1466	-522.784	4.52869
-39.5649	339.418	-13.6221
-959.088	1132.21	-15.1577
1082.7	-1475.87	40.37
381.182	1315.25	-18.2844
678.563	-1109.05	51.661
280.037	-753.7	84.7849
-697.025	-272.049	-0.309199
824.487	850.2	-18.9502
673.483	545.667	-18.5639
-1369.13	-138.427	-6.53686
-890.109	-574.114	2.63108
-1374.85	1332.26	-7.61743
1331.81	-52.5171	-22.0959
-690.117	-905.063	10.3733
-1490.52	566.176	34.1508
-813.461	689.154	2.55339
-1133.84	-885.315	31.5843
408.71	899.71	-15.8949
683.218	-905.901	92.4183
525.391	812.136	-17.7151
316.753	1098.19	-18.7483
-512.053	-1106.81	18.9253
-1085.36	-531.161	3.98745
805.885	722.448	-18.2867
1179.5	-65.5153	-18.0136
-745.572	-646.163	2.69528
544.48	102.692	-14.2929
233.305	632.626	-16.0047
1338.06	620.68	-20.1657
-755.902	244.647	-1.26326
-1158.24	836.817	17.7276
1423.76	501.175	-23.949
-308.969	-912.737	43.2092
609.119	108.169	-15.9773
1364.05	993.875	-20.4037
303.751	1356.65	-15.3767
227.097	1254.58	-17.0015
69.5493	-724.235	87.3633
-19.5365	-691.986	96.3614
-1369.94	26.8758	-7.37461
-131.154	804.356	-14.6977
-94.1182	-880.353	94.0854
837.249	1029.55	-16.2087
718.183	-51.6529	-16.0832
-437.037	-831.276	24.8499
-986	674.074	4.53114
-96.6497	-1474.53	51.9783
-421.401	-127.225	51.6054
893.084	-477.002	-9.12096
-1019.32	-1424.54	60.1382
-1397.31	-607.613	19.291
177.49	-1098.73	60.9842
-96.8104	199.9	-12.8789
703.061	1047.98	-19.617
1275.64	844.324	-17.7554
186.249	-861.359	107.742
-1296.99	-855.43	42.1554
-177.048	237.085	-12.4531
-1054.96	787.93	8.74044
243.279	1232.91	-17.6243
-596.932	-19.3527	25.4991
441.692	-615.038	53.9454
-385.914	342.274	-10.7075
-39.261	-575.131	94.5281
-882.571	683.916	4.60698
485.521	-1049.68	68.0218
-774.489	-281.57	-3.62364
1484.07	421.554	-26.149
377.297	-621.708	48.1259
-950.248	-1244.39	43.1892
-1329.14	-517.545	7.57495
-451.543	-1396.88	37.4728
536.619	1147.46	-21.9941
866.014	-609.617	4.80957
228.354	-1052.27	71.3458
-526.84	-1242.22	23.7045
-571.562	350.343	-6.51963
1120.52	159.842	-20.7359
-1488.24	793.552	8.31141
-264.737	-322.155	80.4824
30.7638	-1452.37	43.637
-306.086	1067.96	-19.6565
1185.72	-290.387	-13.5236
915.291	-246.247	-16.9223
356.765	761.999	-16.1211
1097.37	380.452	-18.4983
-790.353	1046.01	-16.268
-723.533	1353.66	-18.5027
1049	1007.61	-16.7459
1283.21	-441.595	-14.4994
-1052.55	-169.559	-6.4347
499.901	-628.764	59.3779
-161.506	107.013	-1.52207
275.197	-262.359	1.55597
1271.89	1365.58	-27.0197
1216.4	-1257.49	84.6622
-791.935	-936.948	12.9671
-171.668	-1215.24	74.4969
-253.852	409.111	-13.9873
216.917	713.835	-16.209
431.882	-1201.38	39.4602
-527.52	1377.57	-18.8894
-656.105	-246.488	2.1772
633.695	-1435.13	25.0023
-1300.9	-142.721	-6.61198
-18.9929	-814.187	106.572
-1477.68	1010.21	21.491
-1192.01	-1449.46	85.1058
-749.448	455.918	-4.43593
1429.03	980.03	-21.6273
-1009.19	-411.031	-1.39922
-272.753	633.136	-11.9241
1439.09	-1006.33	16.0491
899.732	-1135.29	60.3732
272.858	-317.321	4.32793
1427.28	-716.307	-7.18533
-229.8	-1157.31	69.0544
-541.234	344.399	-7.04653
-443.052	1496.27	-16.1559
912.984	46.859	-21.8275
623.583	-1325.06	30.4434
1116.34	-39.3762	-20.0553
-313.72	302.213	-11.0636
491.883	472.595	-18.132
-509.48	-433.664	20.0206
-1257.72	345.212	11.8331
-244.708	-825.827	60.0409
28.2436	221.679	-14.6304
-104.399	-284.893	67.2311
-168.32	919.629	-16.9546
14.9907	-240.503	39.1531
-1265.5	-201.534	-4.9564
-1171.84	-313.293	-1.83832
379.819	-1120.69	56.8781
-1219.99	113.769	-10.7443
-1282.43	-221.928	-4.95111
1436.56	1096.56	-21.5603
1296.37	-313.518	-16.5506
173.45	-970.516	91.1174
171.609	387.851	-14.7219
1143.37	1497.2	-26.1844
1150.9	1342.88	-23.0083
912.401	-57.0445	-20.418
1479.94	-962.394	0.950416
886.231	194.844	-21.7311
5.27503	1059.58	-16.2633
-1305.17	85.1429	-9.80486
-298.941	-1470.45	52.5968
-1146.88	-1385.29	68.7908
-215.504	-1235.63	67.9701
-856.534	469.328	-2.0505
1175.92	-1182.42	76.5607
-734.765	-887.065	9.91443
-384.142	-1280.02	34.885
-361.065	-1306.01	39.427
419.816	-760.01	95.7072
-543.207	1174.4	-17.9528
369.168	1018.05	-16.8965
1389.64	1179.56	-20.7665
-452.395	525.886	-13.5965
770.193	1380.69	-23.8075
-846.98	1112.8	-17.8908
723.711	872.691	-17.5385
1413.53	1305.76	-25.0102
-568.539	-89.3846	28.1253
-1195.91	-104.168	-5.24886
40.0603	-1175.88	68.2779
-1074.72	-70.0703	-5.97897
-276.371	-161.102	59.4933
906.239	-558.411	-4.27973
209.527	57.1373	-9.83908
734.757	1433.63	-26.1527
637.998	333.361	-20.0044
822.476	-644.216	16.7921
-915.912	-1314.9	39.6704
767.965	-390.055	-8.06365
864.291	-169.168	-19.3644
1375.66	281.066	-24.2113
-372.271	-1136.13	35.7654
284.794	-703.277	67.0049
-944.422	1009.53	-12.6196
-379.385	-978.621	32.6967
273.855	-1376.87	32.7526
-1472.5	-186.568	-2.17243
-723.471	-228.968	-2.31392
-906.236	186.712	-8.94766
1235.4	-1414.97	81.413
222.1	-1142.39	54.1738
215.815	363.264	-14.8665
-1187.2	-1461.84	86.3031
-1275.55	-668.33	23.0038
1003.28	-485.934	-7.65865
1378.53	-1411.13	95.8599
955.879	959.489	-16.7921
1327.23	-846.525	1.19645
-964.029	-30.3437	-9.75557
1425.93	-870.009	-1.22605
833.55	-68.3289	-19.5232
932.901	257.392	-20.6124
-451.739	-1021.73	23.5221
-29.2435	398.07	-13.2904
1071.45	-1458.14	40.5735
-258.002	-1106.18	62.3016
1342.87	-753.823	-5.82343
767.989	-1225.5	35.1278
-198.545	284.464	-12.9095
1440.6	241.913	-27.0273
-1167.17	26.1572	-8.81381
-23.532	1413.35	-17.0068
946.784	450.697	-18.9709
-1329.7	-1411.62	86.3132
1491.48	1395.62	-27.2977
-1001.01	1202.37	-15.1885
942.807	-821.507	64.925
1003.7	-896.693	69.7303
-224.529	-1286.83	65.4127
-984.715	-396.8	-2.2776
-1429.11	455.135	48.5754
-1427.13	-1059.93	36.4306
-121.809	-1456.58	55.2092
-864.164	1041.11	-15.7266
557.894	-913.463	104.268
513.186	943.172	-16.5516
-326.484	503.7	-11.9996
-821.324	661.174	1.82318
269.484	-70.3091	-6.8966
281.31	501.854	-16.0037
-595.668	961.521	-16.3116
-1183.44	-572.754	9.06748
-856.775	1493.22	-15.6653
1005.08	-1439.08	31.836
-609.841	-1418.31	45.7346
333.352	-161.233	-5.2728
116.78	673.155	-15.4706
857.401	-423.167	-10.2549
-173.53	-378.488	92.4845
415.918	-1242.85	35.9463
-958.647	-1463.57	50.2006
275.177	-1280.3	37.231
550.604	-624.82	55.3864
-674.249	517.121	-6.28649
1369.81	-788.127	-4.18832
-146.111	-409.276	93.221
343.557	1413.37	-16.007
-1451.08	995.474	26.0181
1441.33	1419.29	-26.5399
-794.575	-289.134	-3.4873
207.852	810.867	-16.2031
1456.05	444.387	-25.5351
1413.73	928.189	-20.4764
236.582	-1058.28	70.1938
-899.7	764.241	6.83731
829.509	-325.461	-13.3662
-476.297	1013.29	-18.4683
1340.67	-611.553	-9.48624
-1349.94	668.443	10.6407
769.866	-819.206	79.3488
1340.69	-751.519	-5.82384
-1374.81	-255.501	-4.11381
589.785	944.345	-16.3604
1036.91	1196.19	-16.4743
-411.419	470.999	-12.6177
897.298	-438.607	-10.5188
-407.083	232.608	-3.38375
201.594	1376.83	-14.3324
1257.8	-783.83	-0.993806
287.294	-519.756	22.3656
1214.44	497.866	-19.8087
1159.88	447.256	-19.0609
887.733	1426.6	-26.0766
217.186	-1355.32	34.826
395.51	913.097	-15.9861
302.631	-201.497	-2.71305
-1429.03	1175.09	-0.527667
-299.711	887.101	-16.2417
531.219	160.319	-16.2454
458.566	-295.999	-2.4665
-707.634	297.668	-3.90885
953.456	-180.89	-18.5206
-653.203	285.159	-2.02938
1326.07	1159.75	-20.5127
1370.63	278.81	-24.1706
630.946	-843.483	91.6204
-877.896	1017.8	-14.3116
98.0281	-596.03	58.5412
-1212.06	-1213.91	45.1074
441.11	1087.77	-20.0337
100.66	-1097.61	75.3591
563.51	-1119.32	51.0462
-1014.41	843.433	6.7299
1233.73	-1356.64	87.4892
1075.66	617.755	-17.4478
-1053.79	350.939	-2.41648
-1135.06	-1089.29	43.9413
-385.858	259.237	-8.23132
-1294.78	1392.08	-9.991
-315.168	1156.06	-19.9872
-874.409	123.967	-7.14567
-1149.34	-638.469	8.89073
-234.13	930.028	-16.9097
60.0691	-1186.14	63.6317
-1011.84	1381.04	-15.2198
169.574	-207.037	11.4021
-1301.39	775.071	9.52312
-528.09	-1059.55	18.1836
-1103.77	809.373	11.6923
-1372.33	356.739	25.8059
208.641	607.846	-15.5153
-773.24	104.793	1.43783
1405.7	-930.342	4.28322
105.074	-1435.2	38.8036
-1132.98	685.765	6.14273
73.0924	-787.748	98.9272
-606.677	-982.61	12.026
559.796	1287.85	-21.6901
105.591	-197.901	20.0503
-388.555	1115.59	-19.5767
-868.699	81.5737	-6.36221
-20.4248	1381.95	-17.5873
-433.845	-556.105	33.5283
-161.066	-304.775	75.27
479.869	-558.104	36.4865
389.419	1329.29	-18.3152
-865.858	415.864	-5.98921
148.411	-841.68	104.252
-23.5534	-305.454	64.9187
-1462.2	-1428.72	106.431
802.94	76.1931	-19.5601
-990.195	952.597	-2.57391
171.839	-1470.54	35.0874
-676.831	-1204.6	20.3639
1046.23	204.348	-20.5565
480.006	-538.051	30.5264
-669.463	1453.23	-16.2383
107.705	1023.91	-18.1641
-392.794	-285.457	47.3029
678.273	-98.5794	-15.0835
-1045.8	-181.118	-6.30521
1241.37	-881.959	17.0641
-698.841	-983.513	10.7182
293.841	-597.62	36.28
-376.867	-427.062	58.0816
-351.285	494.332	-12.3807
686.344	448.555	-18.8591
-1022.81	-897.439	31.5029
346.162	410.226	-16.666
-555.946	-1180.15	18.6084
1258.89	344.42	-20.2479
171.568	1260.19	-16.9286
243.679	-859.885	109.314
-1080.58	461.618	8.5
123.981	-180.997	14.6642
-1231.25	1323.74	-11.7251
441.548	-775.579	100.851
-1387.51	-205.182	-5.20893
300.603	-294.108	2.36903
-704.574	-1131.42	16.6691
505.639	-452.385	13.0454
-1112.21	563.656	8.78672
-703.119	-816.349	7.4507
972.638	-84.2232	-20.5877
-803.289	1084.82	-17.5273
-343.088	-397.859	71.4363
-999.315	836.4	5.81419
-56.7321	-1429.81	51.4314
1216.44	-432.131	-13.1683
-431.475	-1388.38	36.3266
-1326.32	316.424	11.607
1298.63	1112.29	-20.2169
1222.62	-160.528	-16.9497
-1472.13	-1390.44	95.2301
-1231.07	1262.56	-11.703
1415.63	-1050.08	34.78
-723.505	777.718	2.31785
-1285.84	1345.64	-10.4402
475.565	-314.511	-2.04176
-327.725	692.383	-10.8313
283.142	-266.111	1.50648
651.064	-320.457	-6.64137
-1497.88	-876.503	14.7156
-1238.62	1486.73	-11.3239
501.958	25.4435	-12.763
-875.334	-105.686	-8.56491
342.184	-806.295	105.853
809.896	1482.44	-25.5982
1358.03	-790.841	-3.66096
852.131	1422.72	-26.0421
-1161.38	-1001.34	45.0624
302.537	-540.838	23.4307
-1448.8	-648.208	16.4295
-160.461	1483.82	-17.4842
1244.99	1349.12	-25.3472
-500.071	253.842	1.25281
531.291	783.841	-19.0472
1178.46	372.58	-19.7556
1253.31	-504.469	-11.8843
582.787	-1075.2	61.1672
225.06	-284.036	8.68312
-601.434	377.797	-7.5561
-1082.85	-1228.12	43.5903
-1357.79	242.662	3.99608
-2.10156	1077.81	-16.2556
301.959	-1334.43	33.4475
1390.87	-1007.72	27.0998
1449.65	-1272.02	97.3591
-888.189	426.57	-4.44166
-598.56	1098.55	-17.8811
-1047.62	137.84	-10.9983
-1211.67	862.794	20.1236
1227.64	613.432	-19.9092
-1076.08	-511.02	3.11104
298.108	1483.89	-15.7353
-1031.54	669.759	5.33805
-436.834	786.457	-11.6141
-1029.75	-1458.14	64.0556
-300.119	457.702	-13.296
-1203.87	-790.592	24.0348
-972.014	26.6772	-9.31982
-381.4	-13.1025	50.326
338.271	886.525	-16.6277
304.457	-891.556	115.901
-743.929	490.614	-2.05528
518.591	1007.97	-17.9792
1123.17	-1178.78	73.3977
-842.308	-1406.15	37.2578
639.142	242.563	-21.6733
-1264.31	552.813	23.5572
-1250.3	-519.399	9.98009
209.098	793.377	-16.2193
-15.2158	-252.411	48.4687
1082.88	-885.242	52.9783
-287.51	593.829	-11.8606
224.687	203.436	-14.6083
1180.29	-614.61	-7.08275
-298.032	1425.7	-17.3069
-928.271	-1466.13	46.1631
-586.676	-911.797	12.8682
-446.257	-304.615	29.9628
-362.964	254.448	-8.47887
-1480.37	-1304.97	71.7197
-1317.42	-181.22	-6.4048
-1271.65	-1130.12	50.3696
-1240.33	743.95	7.86336
-1222.7	851.374	21.7049
-864.826	-23.3483	-8.18698
-711.017	-670.326	3.85311
-1254.43	645.395	8.93989
823.78	-1122.42	51.803
561.74	-1346.13	29.0031
1440.85	739.431	-20.1138
-1252.09	412.945	22.4586
1074.19	-345.001	-11.3078
930.11	-34.2682	-21.2618
-1018.53	-9.75945	-7.9233
-29.9511	510.038	-11.8193
-873.185	-1321.44	32.3616
446.044	1270.15	-20.7783
87.5315	-1441.81	39.7834
659.088	1431.67	-24.4285
664.112	-1219.5	36.1656
365.944	916.142	-16.1982
-43.5906	-1360.72	53.4522
714.169	-1055.04	66.3939
-436.36	-1127.63	26.0374
-245.091	1275.05	-17.8643
690.338	372.075	-19.9407
-1400.07	272.537	5.67658
234.598	-796.656	94.3348
1402.01	664.415	-20.6769
-1274.51	778.061	10.3261
977.638	-322.425	-14.3977
1067.84	114.543	-21.8918
-16.3173	-318.468	66.89
878.435	27.3433	-20.7614
101.723	-1124.66	70.6511
502.028	-148.523	-7.59211
151.394	-273.702	19.0346
-1392.58	318.076	16.2255
-1418.94	-770.528	28.6397
158.688	-240.799	15.3402
126.868	-226.906	19.7977
179.339	-185.883	8.35947
-835.682	184.184	-3.95472
-356.219	158.246	7.02746
-384.935	-1478.64	52.8151
1375.56	1300.74	-24.2104
-1055.53	-1371.66	61.4622
533.14	-1315.04	30.5437
307.747	-310.966	2.89894
-1069.15	-981.831	43.5394
1060.7	-707.594	8.50736
477.518	686.338	-19.7856
30.644	-1078.15	91.7344
758.03	1107.99	-19.2096
-304.966	553.464	-11.8959
-1219.38	-868.215	33.4499
17.4487	-100.315	10.2492
314.236	260.091	-15.023
1304.62	-439.282	-14.5803
1373.26	1151.55	-20.8935
840.194	303.978	-21.0935
1440.54	163.266	-26.0075
-862.174	-178.934	-6.9207
-215.981	-367.75	86.138
-698.934	-1186.99	19.7882
-1384.92	1062.25	13.5254
431.75	5.25861	-11.7676
-1398.05	1097.97	8.72847
-1181.91	-35.3572	-5.95495
-714.642	-676.24	3.8122
-615.418	-898.89	12.8594
-1138.09	-5.75458	-6.15974
326.02	337.6	-15.705
1054.97	982.434	-17.1969
507.865	-686.568	74.0438
1312.04	1152.98	-20.3792
1121.32	-411.012	-10.0573
-1455.26	503.071	48.9723
-1473.77	1182.56	2.21611
1316.33	731.856	-19.7074
138.384	-512.915	37.7504
-435.014	-231.885	34.6136
-1349.33	-670.789	25.0983
1186.25	-1467.54	57.9553
1397.29	1110.3	-21.3246
1148.15	934.279	-18.002
-881.185	-1116.15	32.7093
529.833	-1302.44	31.2192
747.995	-135.194	-20.4564
766.347	-1441.55	22.4711
-515.455	-1297.19	25.8597
-474.96	808.709	-12.8341
-468.277	-841.975	21.9804
157.21	-665.075	57.2872
314.8	-698.537	66.3103
-188.29	297.951	-13.2417
-218.656	-341.873	84.4244
230.941	871.05	-17.6376
-16.1187	-1218.32	64.3902
-1476.18	43.0246	-3.36999
664.046	-877.262	91.7807
1126.46	26.671	-20.7314
1469.34	-1075.01	28.5092
-379.705	-12.2381	50.097
-982.312	87.9104	-9.70228
901.754	1180.66	-12.0372
416.721	-447.652	8.5916
935.81	794.33	-19.0685
-441.741	-1468.39	51.6602
-499.026	-579.057	19.3971
-28.8101	-118.924	18.4326
-546.28	-1277.45	25.5548
782.554	936.125	-17.4938
-429.241	305.335	-8.59667
-987.86	-1044.5	41.5353
260.832	783.711	-15.6819
-598.437	936.505	-15.4942
-853.188	709.109	4.71065
1451.38	863.702	-20.0549
-540.507	950.049	-17.1275
321.271	-402.038	8.96034
-821.306	1257.33	-18.8046
-872.154	-229.794	-5.27686
268.623	-1028.15	81.3705
-1082.9	-684.437	12.5953
1176.49	1476.34	-26.9366
383.98	-970.99	105.675
1495.26	-300.041	-19.0045
-1382.48	-29.8965	-6.36031
-946.262	-1481.83	48.8562
413.645	-112.271	-7.93683
65.1629	227.262	-14.5444
183.233	-985.706	85.8618
227.717	-518.555	26.3643
459.129	-1017.23	83.1157
-1295.69	-1387.31	78.9436
1275.48	773.959	-18.0376
221.114	-605.359	40.0255
1364.11	-334.847	-16.2376
656.287	513.589	-18.7975
-284.188	893.713	-16.1995
504.431	329.863	-18.658
-829.835	-941.322	15.3404
-176.341	547.83	-13.8276
-323.122	-612.242	70.4522
-575.321	1207.04	-17.1708
-1064.73	-1099.97	38.7953
344.891	-295.393	0.824229
-1022.12	261.529	-9.50957
844.503	-1498.66	20.1467
1026.11	-469.78	-8.03142
-1144.78	-1048.04	45.3987
1234.81	-126.988	-17.8791
243.533	-752.853	82.0729
-926.698	-488.082	-0.457643
-555.164	1071.73	-17.932
1413.68	-268.964	-20.0299
-1311.6	819.576	16.8368
537.015	-965.705	100.365
-753.186	-1484.03	54.8307
1102.8	267.77	-19.8734
394.515	951.839	-16.0714
-757.893	-189.317	-3.73839
155.177	1339.37	-15.3726
1198.46	1013.4	-18.8534
-416.927	941.748	-18.226
-1157.1	-872.93	30.8089
1320.83	-420.83	-14.7452
208.045	1219.57	-17.9638
-614.279	-1400.25	44.2996
-975.686	104.301	-9.84332
1019.34	1124.89	-14.2197
-408.729	-1044.01	27.8207
600.743	-561.865	30.6879
-135.337	865.202	-16.2821
1458.4	580.539	-22.0193
-1298.79	-778.924	33.7811
-1243.77	160.287	-9.21179
304.196	192.721	-13.4104
842.064	-820.172	76.1947
-1354.97	1354.37	-8.58758
1006.52	1173.25	-14.3561
-992.174	-1335.57	51.4155
-176.608	229.663	-12.0006
-631.708	1331.49	-17.7635
-1119.28	39.3833	-8.60647
509.136	94.8573	-13.311
950.809	-394.077	-11.6428
116.6	277.954	-13.8198
1117.99	-956.964	55.3198
332.772	827.215	-15.1849
-427.573	-401.395	38.055
-875.081	957.299	-7.6547
-987.838	70.9476	-9.47316
799.766	1202.96	-17.6589
62.6124	977.392	-17.6044
588.6	901.92	-15.4893
249.134	147.021	-12.9395
497.163	250.398	-19.3239
-1357.45	1300.64	-7.83661
-1409.53	-136.662	-5.23198
1071.55	215.934	-20.5399
1403.06	980.685	-20.9134
713.562	1497.14	-25.284
-1425.46	-1197.98	45.3168
-1136.43	189.861	-9.72528
-1002.62	-1342.53	53.2732
-1436.01	-738.517	23.964
-1125.64	-631.766	8.36049
672.171	-1179.32	39.3518
-224.806	-482.739	109.024
-541.117	1448.33	-17.6935
-1351.75	959.117	33.8067
-1322.28	154.005	-6.8036
-188.39	925.929	-17.0087
-272.842	868.532	-15.5029
-1447.82	-759.207	21.8097
-285.233	-738.572	61.808
998.675	-455.509	-8.84762
816.442	780.783	-18.7651
-645.332	-518.87	6.37662
903.513	826.038	-19.2062
1179.41	-45.7358	-18.2648
235.02	161.73	-13.5172
-1496.64	-165.534	-0.722216
-26.4674	486.432	-12.401
151.213	1127.38	-19.0796
-887.004	-983.661	24.2486
-139.995	853.047	-15.8811
294.827	1231.65	-18.5945
782.353	-88.2305	-20.2306
-1164.54	-188.655	-4.92038
-349.528	250.904	-8.59378
1119.15	377.694	-18.8498
-411.7	1346.44	-17.8521
1011.36	-62.3842	-21.1567
-1140.84	807.635	13.4703
-557.171	-964.788	15.011
580.823	-1055.38	67.4125
1346.59	-645.984	-7.93941
-1423.08	264.748	4.5303
986.85	449.253	-19.2027
-170.432	-886.256	76.7201
-484.514	1161.89	-18.9422
-1423.42	603.192	18.9098
714.559	1478.6	-26.0121
-131.386	1197.26	-18.6185
-332.649	-333.284	71.7954
452.721	-728.936	86.5836
941.406	-898.784	79.1313
-493.109	868.489	-16.2628
-337.487	893.642	-16.6309
553.062	-921.922	104.155
1211.17	-227.059	-15.3741
-138.549	-482.612	102.822
-1149.3	409.637	10.6578
-53.9517	18.021	1.17411
1365.32	1255.24	-22.6815
453.072	-99.7212	-8.71871
705.995	-122.309	-17.5935
1451.63	-544.04	-11.8082
-805.36	1250.79	-19.0978
-822.959	-882.73	12.5692
1344.5	1280.53	-23.0449
826.845	-361.924	-11.977
-651.22	1269.29	-17.2224
-1475.65	-1279.38	63.003
1321.96	-541.113	-11.2435
432.093	-1276.34	32.8108
-1269.05	-1208.86	46.8307
-1045.15	-80.9743	-6.9315
945.991	-1392.96	33.1466
-152.416	-803.302	85.6514
-490.97	-1474.2	50.5335
365.134	-1446.01	26.9136
-403.15	620.493	-10.3969
-1041.03	-896.66	34.213
1257.76	530.09	-20.1435
596.992	-1118.62	50.8031
-1254.82	-3.08622	-9.28584
-870.785	1488.54	-15.7591
-1059.98	-1169.71	38.6102
-387.494	-581.086	45.1757
131.177	883.411	-18.2886
1492.45	791.292	-21.1802
-951.084	311.5	-9.86144
470.803	305.832	-18.2716
598.974	1283.25	-22.1663
153.383	147.754	-14.5192
824.708	-1435.71	22.9386
-1411.57	475.338	46.7801
-735.978	1452.09	-16.083
423.282	174.592	-14.391
73.245	-1165.34	67.0119
-1066.78	933.623	6.70953
-942.242	853.14	6.44644
-417.821	417.499	-11.7002
-1403.44	886.451	26.2574
1367.31	488.431	-21.1329
1180.38	-747.23	0.807044
-1171.85	-914.275	37.0203
1217.4	5.60896	-18.7573
-1243.19	-476.937	7.32161
-853.465	-109.957	-7.95468
1145.15	-364.25	-11.819
-1318.5	474.082	38.2693
1213.1	-601.456	-8.53775
243.03	624.885	-15.9918
1075.7	-788.319	26.0765
-892.362	1275.13	-17.5329
-975.41	927.134	-0.393333
-214.342	1186.35	-18.4649
918.039	869.686	-18.7143
-772.431	748.914	4.1136
-438.418	81.1954	28.7734
-881.59	-296.932	-3.11981
-1202.34	160.992	-9.91887
-1317.6	862.638	25.8991
-723.888	675.92	-1.48895
1132.85	92.1944	-20.7519
1046.96	1221.53	-17.664
-628.63	-1490.2	53.0167
-335.71	1195.63	-19.7254
204.988	227.503	-14.8063
-556.425	-1205.29	20.5914
-626.081	-1210.41	20.3447
805.267	52.3534	-19.2216
-1045.01	-1343.66	57.3086
127.672	877.089	-18.1158
-1099.32	330.506	-2.64197
438.936	-650.735	63.0371
-1017.35	1243.56	-16.2227
-136.339	838.778	-15.5422
-1412.22	-722.923	28.9616
1161.41	12.4323	-19.1944
-87.8588	-1185.21	80.7223
-562.98	-590.389	12.3415
1253.48	427.095	-20.2451
821.246	-1025.61	71.8233
1099.79	819.521	-18.9367
-1322.76	-749.075	32.3298
325.55	-647.528	50.3274
1433.39	-237.141	-20.4348
-545.395	-1235.7	22.8823
-336.316	372.605	-11.9356
1294.94	1326.18	-24.2276
1282.03	-1426.48	86.165
112.054	297.545	-13.5753
-552.753	1206.21	-17.5794
1146.36	-1284.68	77.3725
-152.755	112.184	-2.70141
-869.826	-182.791	-6.79498
-471.546	-1486.63	54.2863
1457.29	-976.678	4.76664
736.856	-949.076	86.3227
-666.061	1191.07	-17.1772
-1016.51	878.525	6.87303
1398.25	-1347.91	95.3644
1195.34	-583.125	-8.27633
-363.484	-729.381	39.8314
-741.791	361.28	-8.99844
-1383.72	713.177	8.91407
-197.857	-497.555	115.173
-940.021	464.817	-0.0615926
561.086	-843.335	103.299
-299.663	1173.52	-19.9656
-67.1516	577.116	-12.5451
966.355	502.166	-18.8514
-1262.41	386.23	19.2234
1045.89	1248.52	-18.0108
-912.669	1125.02	-16.3195
739.621	-232.204	-15.5625
-354.813	679.134	-8.79063
1336.26	-292.595	-17.8166
947.169	983.517	-15.8291
64.9277	-200.176	24.7127
1338.87	-7.10209	-21.9392
876.375	-473.151	-9.43637
996.376	-84.0424	-20.3277
1471.13	504.16	-25.6358
-382.363	-1153.42	34.5504
1250.66	1009.07	-19.3738
-1253.51	1242.52	-10.2377
-935.602	822.448	8.2176
-834.849	1181.26	-18.2787
-492.47	1174.75	-18.7137
796.25	802.791	-18.8953
-630.579	887.854	-12.8402
-296.091	-1413.73	51.8783
-133.392	-302.676	74.0227
-636.467	1390.22	-17.7247
155.628	-262.49	17.2138
276.364	-543.373	25.5385
-459.814	-1292.9	27.6966
-284.092	1427.45	-17.248
458.035	-232.396	-5.02398
-1306.29	-218.313	-5.51762
1240.52	67.7687	-19.8244
-404.974	-827.879	29.3682
428.786	-295.858	-2.26826
943.959	-752.326	38.4619
-1206.91	-455.264	5.53269
-536.802	754.616	-8.21255
-354.878	202.999	-1.08963
-750.174	129.653	5.70129
-546.553	-415.787	11.8598
-699.695	437.184	-7.57856
1154.3	58.8116	-20.2575
-378.461	-1102.91	33.9192
1160.55	-820.665	21.6954
260.929	-536.712	25.6806
951.029	-834.785	68.6993
-1264.9	-79.2383	-7.04776
1129.77	-150.621	-16.5347
-509.712	-354.299	16.7631
-673.643	-1492.19	56.5445
1081.45	44.742	-22.0128
-680.203	-609.179	4.67337
411.849	624.408	-17.3442
-717.295	-734.326	4.86893
870.528	-103.736	-20.1774
-889.521	-6.13304	-9.12625
-691.018	562.904	-5.17289
1264.59	-636.799	-8.49678
-1128.84	776.995	10.4955
-214.092	780.604	-13.234
-1248.35	224	-7.03262
-941.755	-1029.57	34.6844
641.452	591.184	-19.5593
-1231.62	-949.967	44.057
-52.4542	-34.5351	5.03072
1492.45	-431.017	-13.0916
-472.479	-142.349	36.8502
1361.52	1295.02	-23.7999
982.093	553.994	-18.0135
243.55	-1348.56	34.5382
162.317	-602.571	45.7585
-824.212	1093.92	-17.786
810.949	519.012	-19.1251
-1338.69	-346.867	-3.41755
-202.225	989.475	-17.9296
-1257.28	429.747	25.1349
472.081	852.359	-16.4997
1049.44	1105.03	-15.2957
613.83	-1212.15	37.7384
1429.73	-966.413	6.8886
1256.32	242.052	-22.1259
207.29	-67.93	-4.42941
15.4208	659.031	-14.183
-419.113	-1425	41.7053
165.858	1112.82	-18.936
-1072.54	-1448.14	69.6125
-38.1329	-339.703	75.2128
-768.516	-539.121	0.606272
1157.97	1422.42	-26.2467
-748.473	-720.433	4.4857
72.5154	1154.06	-18.2794
-718.456	1308.03	-18.0364
657.471	631.323	-20.6672
-366.619	349.213	-11.0483
744.801	-930.781	85.9599
570.442	1289.32	-21.907
-537.224	-277.613	11.7011
676.57	-837.196	86.6026
435.078	-524.891	26.684
-58.814	-218.657	45.1844
-419.699	-555.893	37.4996
71.3211	1203.42	-18.2352
-1183.33	-267.584	-3.27367
594.909	43.9211	-13.7516
598.374	1085.48	-20.1124
-206.373	-387.355	91.9175
-416.908	-440.396	42.2709
143.634	1474.59	-15.8519
-565.214	1038.63	-17.8146
1493.12	118.001	-26.5631
1079.75	1165.75	-17.217
-833.538	-125.894	-7.02549
-1329.77	-841.492	39.3132
-485.017	-258.204	21.4241
-1424.99	-307.429	-2.37496
-1244.86	-1109.5	49.9527
-1131.18	-368.204	-0.186642
715.246	-1462.88	22.5337
1364.55	-390.555	-14.7107
-311.283	6.1207	41.6488
691.052	-1043.38	70.2052
-800.274	-300.286	-3.12464
-441.363	534.353	-13.0291
1392.67	-941.91	7.36738
231.384	1208.56	-17.9111
1037.61	628.136	-17.2773
-1174.06	1235.8	-12.4504
1065.63	-1077.03	63.2462
-1216.3	-365.545	0.772047
1152.7	-153.12	-16.4097
-724.315	77.1894	7.23084
-1451.33	296.521	13.1711
-616.002	539.986	-10.1084
-682.693	-111.065	4.31088
-19.4448	497.298	-12.0894
430.841	-457.15	11.7204
-7.71657	948.988	-16.3633
-431.883	-126.795	49.1407
1020.53	79.3296	-22.2158
131.231	1371.06	-15.5714
1255.75	-1452.14	75.2669
194.268	1454.44	-15.4274
267.924	-503.556	22.2405
451.095	-1271.84	32.9599
-846.199	1289.78	-18.1889
1490.05	-490.332	-12.5615
847.479	-1214.81	41.4767
-1401.59	-311.937	-2.83233
1069.71	-123.602	-17.7633
-847.074	-390.16	-1.72722
-80.8418	-1179.32	80.6978
-1036.65	-591.527	7.06454
1379.71	634.885	-20.4558
-705.617	-1495.07	58.8788
-1203.47	-904.864	37.0344
580.357	1325.84	-21.693
785.736	-304.165	-13.8246
1086.63	-1317.39	66.9641
-1384.46	119.186	-5.83495
1022.04	-1477.94	30.0012
-849.23	531.419	3.4327
1410.44	-733.576	-6.6089
1158.8	-732.26	2.43889
959.574	-1234.46	58.2315
801.248	455.069	-20.6332
-32.0248	1043.16	-16.6194
-329.423	-507.09	74.7257
-864.905	800.023	9.94386
1038.81	-1027.56	62.1061
-1288.31	315.42	11.0724
-510.716	998.094	-17.8998
-838.755	-1148	30.3634
1138.62	1158.84	-17.8437
-221.594	1044.34	-18.6102
216.303	1168.43	-18.5431
1113.54	1187.47	-17.897
-174.1	-1446.04	59.6021
556.946	243.997	-19.9643
511.417	-673.504	70.9979
-261.274	1251.67	-18.0659
58.1187	995.945	-17.3267
-1339.8	-209.831	-5.76433
-750.918	-59.4881	-1.27257
-893.974	361.332	-8.45423
-1056.51	-797.157	20.4596
-1351.33	-608.898	18.7937
905.521	1140.47	-11.5822
-1350.09	1242.25	-7.11157
-349.132	-979.949	37.3936
722.067	1284.72	-21.0356
1422.78	782.576	-19.2741
-558.445	-1240.74	22.9249
-1474.86	-74.6057	-1.67852
-1160.76	623.22	8.13188
-415.993	-1480.06	54.0751
602.163	-226.568	-7.72238
-1035.67	828.513	8.54145
-504.757	-321.139	15.7421
650.322	1418.5	-24.0244
782.474	813.85	-18.9804
-725.989	-659.531	3.28724
107.772	-166.746	13.403
295.361	-1023.55	83.5009
895.809	1449.51	-26.8548
777.63	803.829	-19.1128
-1446.59	702.3	8.64664
1116.28	373.13	-18.8282
-688.285	-542.118	4.2184
-478.998	791.453	-11.5573
1379.62	-874.107	1.75061
711.909	-353.605	-7.65088
398.695	-1474.64	25.122
1184.9	-209.923	-15.2079
874.528	31.8614	-20.7214
1301.54	-760.374	-4.81644
1255.64	-571.357	-9.69483
-1477.27	-78.0642	-1.54633
618.123	1309.48	-22.4467
805.862	-227.346	-17.3424
-1353.61	-211.173	-5.57993
675.052	1169.82	-22.1605
-888.724	874.263	4.27766
-531.711	665.127	-8.12372
549.308	696.64	-21.5903
-1358.3	593.69	21.0985
1118.19	-1031.1	59.1199
-926.202	-116.186	-8.30625
-1340.87	770.436	8.76977
1498.88	-88.7071	-23.8407
725.714	-773.796	71.46
-1179.53	-353.244	0.152243
-247.588	676.473	-11.5977
-255.874	-867.185	55.4484
-921.651	227.827	-9.75323
-247.088	-448.722	101.756
380.756	-747.41	89.2643
-291.008	-967.917	48.1595
1365.51	-1199.96	94.9004
-995.674	634.923	5.25131
-736.863	358.621	-9.04261
-1198.18	-1387.05	73.8001
-60.9626	557.386	-12.2658
-289.281	869.099	-15.7155
-1282.71	29.6344	-10.0829
1089.27	-1403.34	51.705
418.278	236.128	-17.0445
382.418	-289.996	-0.850033
1079.67	-1277.44	71.0197
535.194	-1133.98	49.0305
15.5397	981.146	-16.5195
-1432.19	-1277	59.2473
1140.43	-412.596	-10.7922
-35.4949	222.714	-14.408
-1188.85	-411.135	3.32716
449.513	-963.75	105.812
924.963	-1344.08	37.0462
14.5385	-1158.23	75.9974
890.14	573.571	-17.2832
-51.9314	-1207.42	71.0146
560.943	105.789	-14.7884
105.655	169.607	-15.6299
1234.93	-837.075	9.79939
485.283	717.829	-20.3138
-854.067	-581.114	1.39505
-687.276	1182.69	-17.4334
1012.04	628.775	-17.1856
551.987	1039.72	-18.9497
-199.916	856.97	-14.9608
-466.208	-1113.55	22.9784
181.338	-607.427	42.9125
-387.598	-771.676	31.4877
645.787	1280.21	-21.947
-483.979	-287.798	19.8016
-1472.45	1161.18	5.26615
999.351	1353.57	-21.1335
-697.913	432.018	-7.78074
-238.737	-1009.94	67.3725
61.3697	1206.89	-18.1835
192.177	1027.85	-19.6302
-1424.33	1354.91	-7.2178
1470.63	677.19	-21.1231
-1287.29	1088.79	4.15683
839.784	362.754	-20.5891
438.082	293.906	-17.8679
-1155.37	243.426	-8.43926
-304.552	-913.181	44.2641
-162.049	401.173	-14.6974
-926.117	770.723	6.90158
399.624	303.92	-16.9081
788.732	-1397.55	23.8274
-608.476	21.9528	24.5205
-74.1455	993.358	-17.421
-1190.78	-303.494	-2.0429
896.174	1349.46	-20.9139
302.508	-995.803	95.107
-897.333	-1190.99	36.5089
-829.759	884.676	1.21185
618.6	-433.138	6.42613
479.066	-634.026	61.4276
-314.343	1041.76	-19.1879
-193.895	4.59013	19.1992
-749.406	-1063.42	16.3903
884.718	1050.74	-14.0805
-1334.56	-296.699	-3.3102
-487.254	-587.125	20.703
193.699	-1318.1	36.5215
-1343.4	1362.56	-9.06964
1489.43	88.5059	-26.0791
-915.444	1287.93	-17.2384
-86.0302	235.413	-13.7998
574.695	-892.979	104.15
-670.304	1293.52	-17.5493
1479.68	-465.814	-12.6988
472.566	-870.168	118.486
1036.21	-1375.34	48.822
1252.24	-301.959	-15.308
-1216.61	1362.09	-11.8635
386.551	-1290.55	33.1599
-154.756	-627.228	114.192
837.885	1060.33	-16.1215
-1082.06	-929.542	40.4175
284.31	363.618	-15.8637
-823.775	-1150.7	29.0042
321.039	-1404.17	30.2886
-241.859	573.504	-12.4518
12.1888	-608.407	82.8517
-1130.91	-375.105	0.115736
1438.94	333.766	-25.0323
-1019.16	548.806	5.86812
-840.342	331.173	-10.3455
-450.29	-972.531	24.3551
-992.533	492.272	4.56324
952.776	1414	-24.8691
566.784	193.325	-18.3454
68.3759	982.798	-17.6811
-982.525	-308.711	-2.73567
-817.752	259.276	-6.94919
-1031.53	360.622	-2.16212
1392.12	575.557	-22.0469
814.203	-278.395	-15.2495
827.905	770.754	-18.7202
669.977	361.748	-19.8991
396.859	624.913	-17.0146
482.398	-48.868	-10.4839
-432.317	850.608	-16.1434
422.439	1272.41	-20.5445
16.4505	-253.674	42.716
1499.6	675.821	-22.0245
-271.642	1125	-19.6592
464.868	795.029	-17.8419
-796.547	-1146.02	25.9614
-691.878	-760.957	5.66941
1376.09	960.445	-19.9181
315.444	-64.044	-8.43668
94.1402	-383.788	45.0385
306.524	-881.422	116.942
-1419.88	1381.63	-7.44867
52.7417	1450.94	-15.5603
-483.658	1487.46	-16.7094
-1413.14	1145	2.66722
1269.02	-133.753	-18.9666
573.683	-1261.34	34.1373
-593.906	1273.05	-17.0303
511.886	733.97	-21.2478
104.357	1099.97	-17.6939
-368.111	836.992	-15.7278
-844.545	-194.475	-6.45349
1451.14	-1394.85	88.9176
731.063	-819.096	79.2359
-1311.28	962.412	30.6724
-989.62	-197.643	-6.0717
1049.09	-29.7451	-21.5861
641.272	-1419.39	25.4936
1112.96	-392.649	-10.1741
472.948	-1456.68	24.2051
-1309.33	365.397	22.0512
-485.143	-285.423	19.7384
-769.32	-576.2	1.07463
612.194	-113.959	-10.2374
487.385	-1316.4	30.5644
-789.889	1468.21	-15.7411
523.738	584.519	-19.0956
1151.36	271.775	-20.4534
-575.486	712.297	-4.92892
492.369	-476.263	17.4576
-1112.73	66.1738	-10.214
-1202.82	-810.629	24.712
-1131.85	-170.097	-5.26092
250.985	1006.62	-18.7701
-1254.87	-269.091	-3.27764
396.038	1024.13	-17.5391
134.708	837.007	-17.118
470.503	-1457.88	24.1879
1089.97	361.879	-18.4774
640.1	1327.36	-22.5791
-1242.98	911.785	22.6179
-955.673	1107.4	-14.6999
-398.16	-1225.66	31.5315
905.135	-1068.18	68.7702
-585.475	1255.44	-16.8445
1342.95	-787.972	-3.5062
440.068	600.392	-18.0533
-564.719	-612.428	12.2955
-694.962	-762.099	5.71355
897.179	-894.698	82.9218
-146.316	370.041	-14.4642
409.164	261.877	-17.4644
-111.382	228.361	-13.2011
965.215	401.299	-19.0437
-795.865	147.303	-0.279068
1258.46	824.478	-17.8198
-1368.85	-730.264	31.1269
-673.045	256.041	1.24208
457.43	-503.207	22.3969
-913.277	174.5	-9.03758
850.498	364.436	-20.5117
481.021	-719.254	84.161
-353.098	1007.9	-18.3994
-596.748	-614.799	9.75151
-209.311	1328.85	-17.4053
1310.48	-234.182	-17.5844
-420.863	1212.55	-19.1988
-259.765	1057.86	-19.2151
56.8653	-302.733	44.6718
654.746	1486.07	-25.8471
1236.98	726.209	-18.498
95.9867	471.818	-14.0046
857.496	312.235	-20.8218
-1430.46	412.303	44.8142
8.92816	-82.4017	7.78335
-486.911	-1099.71	20.7596
711.237	1459.59	-26.3451
1491.75	-1062.75	18.4929
-577.014	1025.17	-17.4361
654.96	34.892	-14.5284
-350.008	-174.056	55.1858
-1322.12	-1329.76	65.7447
-318.797	-911.999	41.3832
-115.078	-793.915	94.9374
984.706	574.643	-17.6481
-301.447	-201.416	62.1888
-1197.1	742.809	7.83526
1024.55	31.1121	-22.4814
-974.624	-138.59	-7.56212
1074.39	-310.363	-12.3926
1352.7	-1160.59	84.7267
1412.02	33.5133	-24.1084
-1387.52	1344.09	-7.47424
-288.529	-236.497	64.2914
689.955	-1292.39	29.5335
98.2601	575.919	-12.945
-788.774	-797.758	7.08981
176.503	387.618	-14.7573
-1491.96	-1131.73	30.1952
34.2326	-1184.34	66.864
178.15	1332.48	-15.0148
1059.64	-933.836	62.9902
1211.93	-983.346	48.7279
431.279	509.242	-18.1999
1210.45	1413.18	-27.4444
-649.144	1129.62	-17.376
-1199.12	-1493.47	93.9355
885.037	-554.012	-4.46717
1287.73	-1252.65	93.6003
-1464.23	-292.406	-0.546112
-368.028	-996.514	34.247
-246.592	-119.727	50.3691
-1129.79	-326.734	-1.9328
1341.53	674.162	-20.3491
-928.939	-1262.78	40.6416
-236.33	-1468.63	54.3531
1028.02	1337.91	-21.423
-307.515	-90.9859	58.5143
144.935	440.89	-14.5558
108.23	-78.5244	1.18707
45.0167	783.851	-16.5044
-260.258	-1341.49	58.4485
-463.355	-1022.99	22.4026
1184.52	1215.74	-18.6581
1463.59	-1458.02	81.4968
-579.986	1406.58	-17.7442
1117.94	-271.103	-13.6181
-1070.54	519.895	7.90581
-797.691	986.145	-13.2998
-1010.62	846.678	6.39455
1202.25	-1227.38	81.3643
1498.34	1291.98	-25.5248
645.892	-817.283	87.4324
1351.75	-966.387	19.4008
-240.746	1376.66	-17.2736
-616.183	-1233.17	23.0506
300.694	1050.97	-18.3983
1347.39	900.996	-18.8857
-1439.89	-757.608	23.5666
1382.02	1117.57	-21.1039
1357.25	-677.841	-6.91345
-559.689	-824.465	13.4608
322.355	-1232.56	40.2915
-1147.94	1066.94	-5.45064
481.728	-211.581	-5.97963
379.097	-253.63	-2.65455
-683.686	-941.787	11.552
691.192	102.167	-17.3054
-490.698	-507.001	21.9913
589.538	670.677	-22.0427
-867.212	318.069	-10.9522
1103.5	1030.3	-17.3697
-829.458	430.057	-6.06066
1022.07	-965.009	67.7801
1302.83	354.777	-20.7444
-450.819	186.372	9.95056
917.782	592.494	-16.9267
1485.12	13.6912	-25.1553
-1274.61	-555.825	11.7341
1256.33	-1480.97	65.8187
-294.151	1468.98	-16.9459
988.447	-101.698	-20.2449
892.642	-538.105	-5.65408
1240.25	-1319.15	89.7654
1417.49	-1024.59	26.7653
-1184.4	-595.695	9.76166
1312.07	-559.104	-10.6107
-1495.56	1012.1	19.8306
504.799	528.484	-18.5751
821.361	1483	-25.257
1239.18	-199.108	-16.4936
159.642	889.681	-18.3851
774.189	-163.011	-19.4237
708.703	-472.852	5.39499
-1424.37	1180.71	-1.72278
-835.172	-1156.43	30.23
-755.03	411.252	-8.08148
243.275	327.829	-14.8247
-439.205	-165.673	39.9956
373.684	-863.242	120.006
-684.606	715.845	-1.01025
-970.753	-35.7659	-9.60006
365.431	-733.926	83.2899
-1326.49	1056.77	11.7492
-973.932	938.893	-2.11362
595.294	1289.16	-22.2415
-137.478	-1431.16	59.5171
-526.59	1422.98	-17.9093
-1439.51	195.88	-1.50512
1317.1	-313.315	-17.1582
-618.284	-478.911	6.91898
263.421	-141.849	-4.24612
824.852	70.1558	-20.0167
406.888	-558.097	35.2007
470.7	473.675	-17.9415
-523.267	1235.06	-18.0396
1456.35	-985.542	6.74389
-1398.75	-1005.15	41.1278
939.043	405.572	-19.3135
706.319	-54.571	-15.8234
634.683	-582.968	31.339
1107.07	-177.336	-15.8569
338.242	-1360.93	31.4515
-3.22195	266.06	-13.8734
1284.25	-703.558	-7.48139
147.261	-1291.64	39.6832
-713.127	984.498	-14.4512
591.705	755.718	-20.4388
710.488	-4.37491	-15.2443
-1081.57	622.644	6.77655
-448.409	-1381.55	35.9172
-199.842	142.723	-3.44434
-308.314	1183.75	-19.9023
1476.55	1305.89	-25.9358
681.883	-604.832	30.0997
1417.96	-418.63	-14.2265
-83.7923	1175.15	-18.2649
780.568	946.255	-17.2026
719.147	-653.386	38.488
692.783	478.039	-19.1748
-664.539	-592.888	5.56619
-332.643	749.162	-10.825
1149.54	1152.52	-18.0039
1168.48	302.95	-20.2621
864.945	-829.618	77.8196
189.878	676.993	-16.347
229.442	-347.207	11.2518
1452.2	202.215	-26.6881
-1391.23	190.978	-1.12882
-818.561	-1474.72	47.3361
886.858	-740.272	41.5672
-1157.12	819.908	15.0281
-465.069	-1267.49	26.4342
69.5432	1200.28	-18.2168
-1222.22	-149.479	-4.68685
113.523	397.968	-14.5763
1364.21	-754.634	-6.0607
756.365	-1045.74	68.5027
182.593	250.163	-14.4007
893.66	864.365	-18.9613
-514.852	672.59	-7.63507
-1045.03	1359.97	-15.3205
-1126.05	1043.3	-4.8451
-1191.67	-965.342	43.2527
-65.949	671.291	-13.1985
1390.55	-1167.64	80.556
-923.054	412.686	-3.82563
1145.29	649.247	-17.3646
-1173.74	-1252.43	45.3308
-1404.99	-708.799	27.951
1430.04	-685.939	-7.54974
781.527	483.558	-19.8724
771.959	1434.46	-26.9984
508.742	-363.723	1.57513
-918.973	719.261	4.06579
-184.129	-362.711	88.7241
-243.383	-937.966	60.1958
1245.89	-1227.59	87.1246
-326.687	-893.145	40.0374
-456.297	799.696	-12.3941
557.05	-534.315	29.9742
-60.9816	1280.95	-18.5743
22.5726	936.884	-16.6584
444.312	-372.311	-0.0847136
489.246	-7.03358	-11.6802
-320.765	1460.34	-16.8569
89.3626	-1235.5	51.7017
293.433	1100.99	-18.6844
61.5203	-248.673	32.1458
1171.62	-936.288	42.1693
-1000.75	1380.09	-15.3191
-660.798	-49.9211	10.5683
28.0808	232.039	-14.27
-845.908	1387.6	-16.9688
979.033	-14.4905	-22.315
296.886	-414.405	11.2543
-794.822	-941	13.3027
627.436	-1395.76	26.2499
-338.394	-858.05	38.4754
3.83622	597.407	-12.3546
-1394.09	-499.205	5.14002
-120.424	-411.555	90.0536
-1109.16	201.945	-9.88853
155.753	1302.11	-15.8926
-155.553	-562.298	117.786
-229.438	-1493.48	53.6294
-326.104	199.424	-1.97675
253.56	-426.044	15.2129
383.107	849.703	-15.8649
-1162.44	1420.73	-12.8509
518.683	-556.745	36.8298
534.439	1474.19	-22.4079
-1433.6	1244.74	-4.42209
-71.8287	-793.069	102.716
52.914	-203.047	26.5442
443.422	1075.12	-19.7385
471.292	1284.42	-20.662
922.147	452.398	-18.6841
-910.959	379.836	-6.48842
-870.07	917.491	-2.19853
252.008	-600.106	37.8814
-663.833	-765.402	6.42014
-698.925	-614.959	3.82761
-785.251	1096.03	-17.8729
83.4463	383.916	-14.3455
211.448	-266.512	9.28224
596.941	-366.367	-0.122246
-1410.24	-1320.26	66.0682
1164.29	-420.715	-11.5577
-1498.75	977.144	21.0973
340.965	-1495.42	26.2763
-254.475	-254.702	64.3144
-1224.29	-802.28	26.4672
827.838	-647.954	17.3832
301.143	-138.117	-5.39839
306.85	-1251.36	38.8728
950.269	-635.463	6.1517
1307.4	-871.315	5.96818
-118.642	-609.082	116.518
-817.449	-1119.65	26.5308
387.827	-496.608	16.9614
1128.98	-1043.54	60.6951
-903.007	-666.997	8.67512
-702.339	236.54	3.06016
-520.047	1008.09	-17.8023
1159.92	-10.1319	-19.1711
-423.619	-960.694	26.5229
892.439	-1463.53	24.0781
255.841	-529.411	25.3861
1488.79	-822.544	-6.10951
-931.882	-915.579	25.6514
1108.66	1308.66	-20.8279
-74.0029	-1218.39	73.1064
111.265	-634.521	61.7989
-904.499	-50.4599	-9.63642
842.573	961.208	-17.4039
1434.87	-1307.04	96.8167
520.601	705.344	-21.1863
-896.017	-479.787	-1.82369
-1471.22	694.956	8.25871
-1235.51	923.802	22.0565
203.008	-726.491	71.28
454.855	-1003.57	89.2
190.215	1066.41	-19.2694
570.975	-1057.44	66.4326
-814.838	1341.7	-18.0855
-793.317	162.64	0.498028
-568.921	-601.868	11.916
1238.6	1246.79	-19.4462
-1080.68	-1057.71	41.8531
-929.06	-1345.16	42.0454
731.428	1357.68	-23.1283
942.752	994.164	-15.3835
1461.37	1321.33	-26.2932
-1002.88	290.079	-8.39142
1025.96	551.976	-18.148
-218.945	239.521	-11.8899
569.654	627.221	-21.2304
543.011	-362.282	1.62681
303.836	675.054	-15.729
-381.066	601.125	-11.1658
19.0177	-1488.89	43.308
-1012.74	404.087	0.919816
544.267	948.476	-16.7483
-1261.61	-1205.84	46.6272
-62.6605	-59.4468	9.84017
-1123.83	1112.67	-8.40994
-366.16	1165.93	-19.9017
-919.151	776.282	7.42161
-1433.23	-749.465	24.8704
1008.72	511	-18.8426
59.9208	1483.73	-16.1121
-1207.55	142.851	-10.2886
1019.49	401.144	-18.2057
642.105	708.705	-21.709
591.901	-271.026	-6.42892
-984.574	-1071.6	40.2312
262.878	-213.484	-0.626436
748.95	498.299	-19.6628
-406.738	-927.204	28.3803
756.9	61.6917	-17.9898
-617.752	-53.0659	19.2265
-145.75	939.32	-17.3628
862.499	361.9	-20.4299
1128.49	734.448	-18.1996
-1240	-1131.75	48.5304
1175.69	669.856	-17.6294
716.706	-481.896	5.35217
215.535	-323.123	11.194
-1121.43	789.647	11.1277
-1417.25	400.4	40.3204
1328.4	883.499	-18.4857
818.429	1367.4	-22.4812
-269.919	886.789	-15.8723
589.027	325.01	-19.5419
1438.17	-785.094	-5.93815
420.06	467.888	-17.534
93.5569	-317.449	37.9953
1424.74	-1497.18	76.0011
760.036	-1212.6	36.0482
-1349.5	-895.104	40.9754
5.20215	-273.268	50.5863
-71.3203	-1319.27	60.6906
-885.431	1004.52	-13.3705
11.4884	-902.034	106.634
1248.41	-79.5821	-18.4259
563.553	-114.826	-8.8063
-862.924	495.135	0.477932
364.402	-540.107	25.3059
1468.47	135.642	-26.348
-135.267	-1331.52	67.004
912.406	310.866	-20.2605
1159.96	1264.91	-18.957
957.523	1111.91	-12.6444
1207.01	-545.02	-9.81922
228.799	-439.552	18.5305
622.729	-645.539	54.3535
52.566	-189.607	23.8053
-670.38	944.033	-14.043
946.149	719.739	-17.3141
1422.13	117.432	-25.0328
1425.68	1257.17	-23.4374
-480.782	1042.33	-18.5149
1454.12	-980.322	5.84309
-200.496	616.085	-12.6573
186.887	-617.903	44.4175
-735.364	822.447	2.51528
47.2958	-1002.82	97.1694
1388.29	699.907	-20.7039
-625.47	-1487.81	52.6028
-1160.96	643.987	7.36128
1076.16	372.247	-18.2111
375.47	402.361	-16.6927
-369.664	1428.19	-17.0049
-838.273	-1475.54	44.2153
-1089.45	775.653	9.19432
1359	-1238.21	101.551
-563.068	667.653	-7.89911
-1416.01	862.999	21.1558
22.3355	-444.56	70.3765
-1379.35	-1479.15	109.994
-1318.47	40.9885	-9.3267
265.415	-865.557	112.109
1227.05	-1133.53	80.933
1203.03	-1208.2	80.6415
1497.52	-314.652	-18.609
-1038.77	-1235.1	46.9283
1370.43	-611.048	-9.44447
854.728	263.354	-21.343
-542.001	-372.879	11.0642
-987.678	-761.048	17.449
-1476.01	1127.09	11.2768
201.036	-643.515	49.4545
719.266	-773.42	72.0655
-225.531	-142.736	47.5769
-1048.01	484.872	7.49515
1459.82	-729.615	-7.59184
-667.81	-187.449	3.60422
-1427.85	-982.696	33.6685
711.875	-1177.49	38.5693
775.279	1172.66	-18.8386
439.378	434.177	-17.4552
-204.777	653.219	-12.0271
1177.71	-468.902	-10.8461
856.076	-1083.6	62.9199
138.523	766.76	-16.8104
-1148.88	663.008	6.81852
1417.11	-251.599	-20.1932
105.801	1436.9	-16.0005
866.335	1145.8	-13.5804
-21.3918	-923.114	103.539
-545.709	732.035	-6.51563
666.276	1.95703	-13.9201
-1479.72	493.624	50.6476
1414.19	-514.073	-12.1872
296.736	960.097	-17.9575
628.928	-1084.84	59.1864
1381.83	-732.006	-6.22687
866.937	1457.43	-26.4209
-426.285	-617.88	32.578
817.763	1413.42	-25.6206
-129.513	-366.639	86.9413
-611.901	-1049.11	13.0803
-1182.98	1392.03	-12.4931
-568.424	400.149	-8.49844
-1156.12	544.166	12.2694
675.223	839.451	-17.5867
-975.556	-1397.16	51.1677
-515.514	-585.951	16.7917
883.342	355.806	-20.2135
-859.762	-1320.19	30.5838
1236.69	680.611	-19.3855
64.9396	-420.047	58.8249
-289.636	-784.331	52.1727
880.016	-373.94	-12.0576
-1233.5	-468.249	7.01598
-849.294	-1073.39	25.2576
-1149.62	206.018	-9.34201
-716.639	-703.55	4.14717
-411.49	-408.581	43.9844
-1148.63	-440.475	3.02092
729.886	329.647	-21.2778
-882.081	-408.436	-2.20549
590.932	874.204	-15.8234
498.261	1378.99	-19.4675
1228.68	661.65	-19.456
164.835	-1483.19	35.4949
1302.66	410.604	-21.0248
-24.7296	402.491	-13.3065
36.6979	432.53	-13.8418
696.616	756.005	-20.1338
-1254.37	498.895	26.7344
305.178	-1212.94	42.5188
-953.569	971.426	-7.94518
185.17	1354.08	-14.7372
1447.61	364.845	-24.7192
661.444	378.352	-19.4765
183.418	-645.677	50.1391
584.975	-343.189	-1.57707
-14.6421	389.894	-13.5785
1212.59	1206.09	-18.9932
788.199	1430.18	-26.9903
1200.33	-814.219	10.4996
1484.83	-513.753	-12.3064
-517.089	924.513	-17.2517
410.872	851.466	-16.1587
1440.49	200.582	-26.2529
332.708	789.182	-14.6545
-1434.72	1030.53	24.1536
-966.803	-354.437	-2.25373
801.213	985.862	-17.4528
1270.78	912.243	-18.2615
1027.11	-487.646	-7.34272
1325.02	926.643	-19.0651
-816.697	-1446.9	45.0348
-1237.41	1359.38	-11.3953
-300.33	-1262.7	50.3055
724.377	-580.563	15.8849
979.278	-464.368	-8.71354
132.373	784.182	-16.8695
354.49	1332.71	-17.6259
-489.108	-352.474	20.4164
1245.12	-1448.6	74.3571
-482.472	875.83	-16.8944
697.482	-1270.45	30.508
-846.14	-1319.98	29.8263
-636.325	-523.032	6.9495
-672.588	11.9136	11.7058
-1198.81	877.169	18.1871
646.869	954.521	-16.3436
943.225	-558.064	-4.53412
-75.1926	-823.359	100.513
332.568	341.33	-15.7914
-718.456	-750.534	5.35306
-1355.25	142.954	-6.14757
151.615	-1433.1	36.625
-1425.2	1193.55	-2.36462
397.892	-467.269	11.2821
352.315	-607.873	41.3508
-272.942	728.447	-11.3974
-1176.62	-1211.21	44.2851
325.585	1190.81	-20.0701
667.883	1040.36	-19.2099
1449.34	308.155	-25.8688
340.922	-11.7843	-9.54025
-1449.1	1381.75	-6.89102
223.338	1431.29	-14.9723
576.357	-110.607	-9.17511
1076.29	637.775	-17.2875
780.148	-178.871	-18.7109
-450.964	985.406	-18.6827
-873.618	-781.604	12.1996
1350.79	-468.664	-13.5686
17.3889	-908.23	106.165
1313.2	-476.066	-13.2631
752.896	1363.16	-23.2291
1038.75	986.397	-16.7574
872.345	100.769	-21.6406
1316.95	1263.76	-21.9249
345.808	-527.29	19.933
-1199.53	1090.75	-2.1671
658.984	-1125.63	47.6731
1473.23	993.248	-23.0029
85.8687	-165.041	15.32
652.598	1106.51	-20.8761
-1190.69	-881.931	33.3438
-202.818	-124.454	41.4285
-205.719	57.7826	12.4823
187.302	-1349.23	35.8496
483.343	-1001.88	88.6088
1136.35	-582.266	-6.16693
1091.92	1135.78	-16.8142
-813.422	486.288	-0.844436
280.536	-352.332	6.35291
1310.96	-443.738	-14.4313
-723.312	1322.31	-18.1811
1250.57	316.837	-20.5406
663.291	470.009	-18.7818
146.538	-115.916	3.22261
1002.83	524.551	-18.5893
420.161	472.949	-17.4688
-89.2762	984.955	-17.4793
-890.224	508.203	1.93236
575.597	-235.743	-6.53658
-1342.84	1353.16	-8.99747
-646.555	1431.21	-16.6884
1132.62	1412.43	-25.8876
-997.286	354.502	-5.08822
232.77	-956.907	98.4764
233.348	842.326	-16.7971
791.907	742.254	-18.6425
-747.174	-633	2.44415
-1430.81	-953.302	31.8708
1235.75	1092.15	-19.2635
-1360.23	267.917	6.10962
-643.99	1367.93	-17.8504
-153.871	-413.692	94.6677
-1149.33	-1195.64	43.723
256.803	-464.046	18.9499
648.372	-1158.02	42.3524
-1263.25	946.148	25.7328
167.898	510.054	-13.8834
-182.889	661.237	-12.009
-1465	1369.53	-6.55379
-1296.39	630.975	11.1455
1287.35	503.176	-20.3631
-100.2	1176.47	-18.3502
-1117.23	-1317.3	55.0916
1167.67	680.617	-17.2686
-573.054	386.539	-7.94863
1385.05	-646.634	-7.98295
584.836	2.5904	-12.3314
-1427.27	-756.542	26.3997
1035.42	328.489	-17.9562
730.944	740.747	-19.7188
-1434.3	-893.245	31.7404
134.585	-569.598	45.8421
-1248.56	127.903	-10.109
732.495	1451.35	-26.5808
-1066.63	-1484.39	71.7932
925.271	-742.796	37.2601
483.674	1389.62	-19.1775
461.083	434.267	-17.7078
-1012.72	-254.406	-4.48335
687.235	-477.744	8.5388
832.001	575.858	-18.1033
-1316.96	259.806	4.37604
1317.91	-152.64	-19.8059
1098.45	659.019	-17.1717
451.334	-1345.99	29.2509
-652.689	-593.283	6.23853
-1153.63	-619.907	8.76384
571.265	1334.21	-21.394
-1210.27	387.154	11.8335
-615.466	-1497.97	52.6213
-593.029	-777.281	10.6326
1014.57	995.288	-16.2793
675.982	-994.777	84.5328
771.531	-658.076	30.2833
38.8177	1077.22	-16.6473
756.256	655.24	-18.8674
636.16	-410.064	2.73049
1369.36	756.195	-19.5543
1244.28	-1031.17	60.8587
83.149	-477.458	52.1376
-139.073	-350.184	86.6224
720.259	-768.532	70.7603
616.168	635.707	-21.5819
-714.029	-860.855	8.59363
240.078	-1073.83	67.3204
317.173	1457.82	-15.4968
726.15	291.149	-22.0856
-1102.03	-939.889	41.1012
1363.9	1270.71	-23.1174
1446.73	-44.6497	-26.2595
-416.138	582.298	-11.63
1246.78	799.61	-17.8175
938.435	-693.518	17.07
845.302	-1436.79	23.8151
-25.4151	-323.207	69.7371
231.311	-241.609	4.34609
125.41	-700.541	71.2779
-1052.72	1345.51	-15.4624
145.781	895.406	-18.5927
619.404	-314.306	-5.16181
746.295	-1215.36	35.1105
-1032.62	1001.93	-5.64702
88.8412	-278.834	30.9188
-591.049	-1183.2	17.832
591.304	-673.19	70.2378
1076.45	944.14	-17.9573
-755.796	-342.945	-1.43561
-915.814	1372.38	-16.2867
-1385.6	-1322.09	65.761
-361.838	543.162	-11.8328
656.679	-1123.13	48.3374
-1440.02	540.938	41.8712
1486.82	426.721	-26.1564
-770.908	656.151	-0.652188
908.413	984.059	-15.6392
-869.793	-526.019	-0.450311
-1282.28	742.106	7.6077
-696.196	-1125.28	15.7433
-1408.4	-1344.72	72.9136
593.697	1469.16	-24.0246
-321.426	-491.118	76.6887
1395.62	146.218	-24.7177
-578.778	604.521	-11.6244
-344.027	-1480.85	53.3147
-155.274	1252.34	-17.4394
-792.073	-238.879	-5.11444
-1186.26	-365.294	0.996173
274.455	-1025.71	82.4142
-548.409	1130.08	-17.9342
1192.69	306.632	-20.3829
1048.43	588.228	-17.7454
-10.5426	511.77	-11.8202
109.994	558.014	-12.7941
760.242	93.5431	-18.8638
4.36098	34.0445	-3.54626
-19.3677	-1201.06	67.6222
763.765	957.919	-17.0906
811.125	-218.131	-17.7327
-989.486	1156.73	-14.6928
-156.852	-839.83	81.5909
1487.93	463.212	-26.3623
-1222.71	-385.617	1.34712
1126.03	741.178	-18.2637
-130.628	-979.178	92.6817
946.002	567.735	-17.5977
-705.814	-934.308	10.8286
38.4108	-277.539	43.5077
737.902	487.823	-19.6985
988.237	108.59	-22.0426
554.712	-1381.29	26.9947
-672.626	-1167.63	16.6269
-162.734	-1396.73	62.4496
-1143.76	-55.8904	-4.64847
-533.063	-467.595	15.0065
715.308	-1129.22	45.6332
1017.1	-936.571	68.8089
-436.422	1450.24	-16.6619
1211.4	-323.118	-13.9136
642.284	-189.384	-10.643
376.933	-784.824	101.144
405.785	-865.405	120.856
1302.18	1098.69	-20.2552
-374.315	-1030.42	33.1594
-385.741	205.333	0.317228
984.406	-537.212	-5.35627
235.759	843.502	-16.8256
408.062	854.033	-16.1699
40.4791	1288.03	-18.511
-942.336	-47.742	-9.83252
-1259.67	208.515	-7.15365
358.867	1482.28	-16.4238
-757.275	52.4248	1.33419
-1324.36	795.239	11.5147
-906.387	1037.98	-14.5517
1150.54	1341.98	-22.9518
-1367.01	639.231	11.4933
1252.59	-699.443	-7.49781
681.198	374.632	-19.7741
-891.813	-1466.78	44.4321
848.003	110.358	-21.4881
647.214	493.425	-18.7981
-385.165	1050.06	-18.8538
108.688	935.971	-18.52
597.148	-1468.35	23.5071
-1382.53	-99.8248	-6.2608
-432.736	-1052.74	25.3023
1412.58	-127.856	-23.0197
192.779	1196.44	-18.3304
1296.43	-713.533	-6.55128
303.494	1443.62	-15.12
-124.973	511.711	-14.1673
-950.336	-772.445	16.6755
153.165	628.995	-15.2881
1104.2	839.667	-18.8466
427.324	63.3876	-12.3357
-36.9353	-850.913	104.434
1458.87	-1010.97	12.5185
-871.935	821.078	8.25363
-1415.73	664.464	10.3109
498.733	-493.246	21.1752
-10.5832	-573.856	86.1017
-1478.21	-299.47	0.394086
-406.518	-1028.74	28.0633
468.479	-257.169	-4.12779
-977.003	998.758	-9.95564
-1455.02	-464.084	3.03053
-468.703	-108.629	43.7937
118.78	28.6388	-4.98067
-335.643	894.475	-16.6355
-1441.3	1060.28	17.4735
-1409.17	-452.572	1.7933
1368.75	753.895	-19.5784
386.34	-1215.96	39.6333
676.169	918.58	-15.4907
-11.6407	591.988	-12.2325
37.9373	1415.69	-16.5301
1380.3	981.306	-20.3926
684.511	-562.137	19.4065
-21.603	-1497.22	45.6572
694.605	-802.013	80.7234
574.673	-857.735	102.544
238.042	1334.68	-14.7554
705.341	-1214.37	35.2386
-530.394	440.917	-10.7079
470.813	-1081.99	60.2255
819.906	341.601	-21.0058
-1432.74	290.42	10.9817
1203.16	1351.19	-24.565
1109.97	1192.75	-17.9177
451.45	1165.85	-21.7748
-874.04	-993.531	23.53
1029.35	1207.95	-16.571
621.349	1477.18	-24.8603
-248.601	-358.12	84.6783
-665.44	395.317	-8.89611
-947.061	806.446	8.54226
367.374	-1469.21	26.0261
-1412.58	553.186	35.4658
684.62	866.309	-16.9045
321.561	-62.7637	-8.52608
1313.67	-1175.57	94.22
-233.464	975.501	-17.6443
714.693	-844.793	83.9304
466.561	1428.17	-19.0971
718.716	-1056.05	65.9995
1325.91	481.053	-20.7412
-628.69	452.662	-8.42912
1097.4	884.537	-18.6469
583.295	1295.42	-22.1175
-844.589	464.004	-2.67231
180.934	979.35	-20.2225
360.92	-565.023	31.904
548.863	-899.076	105.916
979.166	-523.885	-6.08407
-1401.52	122.689	-5.08933
-1485.12	944.994	21.3715
1490.58	26.0055	-24.9294
-734.683	770.997	2.63167
-181.753	1079.48	-18.9042
-1086.55	-287.546	-3.61176
-575.372	-409.215	8.62122
-824.951	-1298.25	30.6562
1255.56	410.593	-20.1594
1198.86	952.666	-18.5586
1230.04	-259.642	-15.2182
-717.371	-50.9454	1.61853
1280.43	-86.3337	-19.8967
1148.33	636.167	-17.6075
-1168.5	640.355	7.49218
491.779	-1225.86	36.5947
-450.004	1433.51	-17.11
745.037	824.743	-18.7301
-1137.71	-609.066	7.83817
-298.796	419.26	-13.4553
543.057	-793.789	97.0515
840.897	-733.886	45.3232
1195.43	-73.9631	-17.6553
-464.3	1341.81	-18.4942
553.446	1089.35	-20.5577
-924.271	1063.18	-14.8405
880.581	-1402.14	27.5413
-139.751	1252.18	-17.7101
1028.11	1401.9	-24.5121
1133.8	1457.65	-26.0791
1360.09	473.654	-21.3138
351.843	116.917	-11.067
-1213.65	338.674	4.97309
-1075.87	1256.51	-15.7032
505.573	-256.445	-4.29385
1016	-113.68	-19.5541
696.737	1428.61	-25.2226
-969.244	-394.328	-2.17489
-1110.04	914.182	10.7778
1010.86	23.0728	-22.52
-463.244	-1315.98	28.2642
1304	1399.51	-27.627
1200.72	-784.931	4.09623
-1097.35	248.697	-8.90104
1166.27	-199.268	-15.3594
-1152.02	-65.2705	-4.92823
-1313.96	-168.597	-6.54827
123.401	-1070.59	73.8096
-254.498	-899.504	56.0299
-284.746	587.579	-11.904
-1122.42	772.156	9.97207
328.544	52.5002	-9.02397
-1491.32	349.217	25.5575
27.3215	422.078	-13.8217
-1270.47	1051.42	6.92345
302.161	-1192.53	45.0275
148.563	-1102.89	63.4009
35.6137	-397.269	68.4514
-29.7518	-1222.99	65.6539
1000.77	-156.575	-18.5706
-403.524	750.062	-9.2588
765.947	1436.23	-26.8917
2.6738	1419.46	-16.629
1435.47	809.08	-19.3843
-194.669	109.08	0.347524
-224.51	199.093	-8.7324
-16.4313	-772.165	100.81
-378.58	126.036	15.3286
394.369	-1449.32	25.9339
-1274.82	59.6595	-10.5503
281.004	201.458	-14.0979
-593.394	12.7045	27.5923
507.857	64.9613	-13.242
982.286	635.794	-16.9473
-1107.85	-713.578	12.2785
-702.687	-1397.12	48.676
-779.876	1350.88	-18.7671
-1324.28	-1443.28	92.3044
986.268	1364.14	-21.695
114.164	921.933	-18.5842
562.248	-1362.88	28.0028
1022.02	-48.9962	-21.5098
-1100.99	970.995	4.31288
467.585	970.383	-16.8167
844.252	-527.774	-5.98084
113.391	709.029	-16.3161
-11.7896	612.157	-12.704
1384.29	-1400.29	95.9049
-550.431	-166.599	20.4479
1199.15	-177.916	-16.0962
-1464.6	1283.45	-5.61494
896.93	1494.5	-24.4975
-629.313	-83.8035	16.0462
852.835	-1209.56	43.1103
-1382.53	-358.517	-2.78759
-107.254	-1070.44	101.191
-129.899	-287.373	69.7823
434.431	385.309	-17.3049
710.529	467.22	-19.2815
-1049.33	-1311.04	52.2206
487.791	-225.835	-5.47856
236.071	-709.391	66.5444
461.046	1187.79	-22.2354
-194.663	-254.134	63.2753
802.59	843.716	-18.8425
-221.338	-572.511	114.819
-1172.16	1022.46	2.49212
-1122.15	-1350.88	60.4781
-234.435	51.1222	19.3163
140.946	-711.715	72.324
-1091.96	1444.22	-13.1678
574.876	668.041	-21.9693
-1130.5	-1124.97	41.4808
-486.628	-976.606	21.2059
-433.584	1251.29	-18.8307
-1277.53	237.012	-2.72101
-1188.15	-23.9774	-6.53324
833.017	127.54	-21.5723
735.376	-709.403	52.8026
-958.045	-897.905	28.1889
-572.065	146.815	22.439
-586.497	990.679	-16.8085
994.485	800.79	-19.147
-1155.63	-1459.44	81.4538
-517.436	-259.025	16.2901
379.114	-1201.57	41.2693
944.239	-146.664	-19.4524
-30.1086	535.133	-11.7568
-1327	-99.1434	-7.79994
901.782	-1099.82	63.889
-1171.89	-685.017	12.9202
-727.357	-795.58	6.97672
-497.226	-21.2333	46.6689
1031.15	-665.738	5.18041
-979.65	-584.346	6.25191
980.841	1136.16	-13.0667
845.044	-490.333	-8.79617
-654.335	-1456.77	52.9338
-1372.88	-293.457	-3.89025
72.7446	-1281.6	46.7917
788.169	-296.237	-14.1931
967.697	-814.688	56.9569
1317.75	655.605	-20.323
115.289	-1116.24	68.9903
880.62	-205.665	-18.3106
166.28	341.486	-13.8622
652.97	-1153.78	42.6117
-425.945	1424.61	-16.8195
1499.68	-524.313	-12.4558
1147.57	-811.54	20.9911
282.038	410.436	-16.4288
-1472.58	-1117.26	32.6133
-1407.97	-1101.86	42.8902
-29.0086	-367.226	79.6927
-1219	294.956	-0.527285
156.838	-135.163	4.3128
-664.264	313.513	-3.86156
862.993	-1303.15	34.1944
-23.0773	1484.38	-16.2037
-243.807	549.156	-12.5967
-23.4895	570.512	-12.0893
1001.7	-322.202	-14.165
382.423	-1137.63	53.4386
-521.835	1490.9	-17.0406
1191.7	-463.52	-11.6098
-406.164	-389.648	45.9434
1121.23	-1124.45	70.4351
129.635	398.865	-14.5865
805.197	1202.07	-17.3796
218.861	-375.273	14.2715
-816.396	487.481	-0.701775
-1060.4	-892.906	34.3131
-771.845	689.964	0.957877
-683.015	-452.479	2.99554
253.331	-451.629	17.9141
485.922	-886.228	115.29
68.161	-206.699	25.726
316.191	-68.1833	-8.35861
-315.813	1466.8	-16.828
1373.22	1003.7	-20.862
1114.65	574.449	-18.4281
244.187	1079.63	-18.8731
490.828	-338.278	-0.616271
1077.66	-1184.35	73.5034
289.815	88.4995	-9.96935
222.452	-312.067	10.566
-1341.09	-1337.02	68.0312
-1443.9	24.0407	-4.29248
492.757	-1012.78	83.3596
-597.29	-218.574	11.3019
-1013.89	-363.426	-2.45632
1085.29	-1270.94	71.6506
-382.271	-1322.15	37.0157
1151.01	1330.8	-22.1949
-892.985	949.748	-6.05311
-179.914	-441.483	100.768
-724.551	-824.934	8.06788
854.167	-1256.38	37.0129
-171.166	1048.89	-18.6189
1355.95	784.59	-18.7809
537.96	115.692	-14.6531
-772.017	-14.332	-0.766041
1450.15	647.399	-20.9126
264.351	1103.12	-18.7118
118.393	-312.327	30.9436
1031.29	1457.22	-26.5065
582.63	-966.091	93.7214
1.59702	1108.68	-17.2141
1341.97	1138.34	-20.6447
-761.871	311.486	-7.40074
1494.53	640.766	-21.7548
1133.37	314.932	-19.639
1409.54	-1208.85	91.2315
741.47	364.874	-20.8981
-1058.39	894.695	11.8814
1496.89	1314.17	-26.4578
44.1968	795.363	-16.6438
-522.143	-1098.87	18.4019
-57.0177	267.518	-13.7619
-1136.43	-504.953	4.83335
358.658	1082.21	-18.536
42.7999	-484.643	64.2836
570.395	-148.408	-8.27465
968.625	-942.656	73.6248
223.984	-481.149	23.2633
330.63	-628.869	45.6147
-676.31	981.139	-15.2185
1308.89	-868.347	5.34843
120.167	-682.078	67.7588
-818.141	-1466.16	46.6032
-503.03	-1490.51	53.4718
803.037	1009.86	-17.644
223.066	-1391.58	33.7912
464.277	-21.6969	-11.1922
-323.75	-85.2722	58.3264
152.524	641.177	-15.542
-554.538	562	-12.5613
517.783	-1193.14	38.9123
-316.518	1185.46	-19.8698
1412.96	1284.5	-24.3683
1306.1	-1253.56	96.0439
-485.074	469.176	-11.8931
372.968	-399.69	6.28569
-1139.11	1231.27	-13.286
-374.431	183.636	3.83982
443.023	-23.9612	-10.9259
1.32337	-1491.27	44.3914
821.332	-218.165	-17.814
-720.137	-203.162	-2.30294
-767.765	1271.18	-18.3981
1174.63	991.51	-18.5643
579.928	281.632	-20.2642
784.097	-338.582	-12.3575
996.977	-257.432	-16.4331
1296.34	-11.2187	-20.5034
1169.74	1335.89	-22.3015
1192.38	1235.26	-18.899
-622.936	1306.4	-17.4032
487.479	1073.61	-20.1268
76.1025	-1205.09	57.5666
409.055	824.274	-16.3771
481.904	1373.05	-19.3551
1316.44	-595.527	-9.55977
-66.5742	932.029	-17.1171
537.699	-441.7	10.7591
-1063.63	-181.251	-6.05024
-944.844	928.237	-1.52509
-354.034	-949.087	36.4762
-404.039	726.72	-7.55727
367.762	-43.1681	-9.62708
97.8786	133.73	-13.809
1140.89	354.114	-19.3058
-1484.66	-153.875	-1.11429
-870.149	-952.122	19.3202
189.17	-485.751	26.1212
568.469	1386.24	-21.5571
968.237	1459.85	-26.4778
1117.57	186.727	-21.2504
-155.958	-564.399	117.985
-588.246	-1032.95	13.9209
106.806	563.893	-12.8581
-1242.53	-842.896	33.2634
745.899	932.962	-16.7386
1389.78	1473.41	-26.2942
-43.9575	-391.194	81.99
176.08	-994.996	83.7663
302.432	-664.7	53.6956
-46.4181	-451.235	85.2843
1263.94	-1199.96	88.4689
-807.827	-1419.09	43.8717
1107.06	1373.12	-24.0716
1355.1	-1070.08	58.231
-1234.01	-913.697	39.735
-267.327	-386.125	85.9708
-1372.48	-1134.54	48.405
5.03878	-897.514	106.888
-1153.96	373.908	5.87272
259.588	501.511	-15.6344
756.13	430.93	-20.0988
-575.023	-1352.68	35.2862
-162.569	-851.756	79.0887
-1471.43	188.687	-1.71837
1097.81	-122.89	-17.4111
-734.271	-177.958	-2.67433
905.378	-892.026	82.7062
-664.823	-173.204	4.06529
-847.035	-218.982	-5.67833
-79.0136	662.919	-12.9915
195.844	697.038	-16.3429
1210.76	247.16	-21.6082
-1348.57	38.197	-8.20936
-1459.71	-1451.95	113.807
-960.766	3.80835	-9.47225
-780.105	-1159.17	24.4483
-630.071	994.527	-16.4501
972.643	-247.718	-16.743
277.948	366.926	-15.8691
-1158.11	-1082.61	45.6677
-779.815	-824.604	8.08442
-1428.83	-1226.31	46.9341
1028.52	935.098	-18.0002
905.092	-911.049	81.2633
-406.864	-903.645	28.3009
884.389	-223.397	-17.7813
-237.247	-724.178	78.1189
865.925	141.828	-21.6948
631.366	-359.436	-2.87341
1091.09	-119.512	-17.5263
-406.868	873.761	-17.4802
-935.375	1290.67	-17.0949
-414.538	-669.43	32.7229
-1367.8	16.8923	-7.40843
-772.115	868.979	-1.80852
-589.785	-218.186	12.2617
-629.608	276.034	-1.03839
1419.59	-707.192	-7.13376
-891.323	-929.978	21.3896
264.941	-283.202	2.88314
-1285.7	844.068	22.1213
1379.66	268.601	-24.7041
1146.96	-606.963	-5.96082
1407.1	-437.27	-13.9504
-843.762	284.305	-10.2272
-80.5233	135.387	-10.025
475	-530.813	28.831
728.505	-857.907	85.5394
845.253	-956.622	80.5231
1050.06	1178.81	-16.4152
-763.323	228.496	-0.243666
-360.455	988.961	-18.2052
1489.84	210.086	-27.7378
1086.76	-752.979	12.4622
400.914	-952.104	108.854
898.618	56.0387	-21.6778
-360.949	585.897	-11.2242
1291.88	269.515	-22.0274
810.954	-1420.69	22.9813
-1417.28	-901.208	34.9692
628.388	897.581	-15.5507
715.272	1010.46	-18.4884
857.631	607.686	-17.183
1420.96	254.489	-26.26
577.451	1285.62	-22.1049
599.831	-1235.73	35.9345
-1063.62	708.149	6.22924
1097.67	-960.706	58.2835
89.4875	-147.63	11.7094
1222.97	472.691	-19.6865
1001.13	-1164.72	71.5188
-1093.03	-1186.66	39.9142
-1347.63	971.322	33.0334
-1003.62	-316.029	-2.73699
-1391.96	-1396.81	85.7201
-790.235	-249.461	-4.77255
-1036.61	119.466	-10.6424
-429.72	-1241.02	28.1081
1491.29	-680.354	-8.62005
-785.815	470.823	-2.58779
-832.613	-1101.35	26.3105
-1219	-830.602	27.6377
251.023	-539.048	26.5697
1098.2	1011.03	-17.4675
279.256	268.434	-15.046
-1171.38	-119.712	-4.72379
-228.582	-1014.7	70.6866
897.885	-438.775	-10.5065
1347.43	244.384	-24.2232
1214.16	-872.032	20.1441
1292.55	-783.634	-2.79446
1309.19	-168.191	-19.0544
1221	1396.81	-27.3234
-1317.53	596.752	19.1732
-814.918	-112.79	-6.23875
1431.85	-1228.68	96.8726
496.829	65.6981	-13.1745
226.784	299.127	-14.5022
-1087.8	-344.678	-1.93711
626.766	888.551	-15.6989
-479.881	-999.247	21.4193
-1280.66	-1021.07	54.7332
1027.06	-1222.13	68.1759
-501.05	400.475	-10.0982
-1104.37	10.2883	-7.12981
-1475.06	316.125	16.8492
-1245.01	-672.674	20.3653
1000.68	1361.34	-21.6462
760.107	-532.103	3.16891
-81.1691	-784.675	101.864
1479.8	-1400.8	85.5454
1496.36	-1260.26	88.8954
-409.609	-455.778	43.8355
-280.55	942.424	-17.1537
-1166.49	-520.945	6.51177
1051.02	1380.02	-23.5784
-449.05	-729.307	24.6947
185.442	-847.443	105.58
-527.484	-624.909	15.308
934.034	441.919	-18.85
-1357.68	-779.028	34.3304
-136.292	-1467.34	55.5041
-755.557	-363.244	-0.841389
-1294.6	1152.02	-1.37829
21.6825	-608.861	80.7989
719.525	513.95	-19.2662
-816.771	578.643	1.64535
-1124.18	897.616	12.4477
132.685	518.007	-13.1238
913.381	-610.542	2.89967
-585.725	-1362.05	37.3808
-1044.01	822.009	9.26597
-1423.78	-1232.2	48.2864
-989.828	-999.439	39.8144
488.446	-1074.08	61.5202
484.826	394.823	-18.0743
1002.09	171.286	-20.9566
-1467.59	1204.78	0.0781992
-532.016	-84.2788	35.5055
606.096	623.822	-21.4414
-263.484	264.226	-11.4684
-1459.33	-196.116	-2.83452
981.381	168.599	-21.055
-260.433	-1116.9	61.6734
-1414.6	789.744	9.40467
597.799	1381.26	-22.3254
-1161.47	124.157	-10.5535
872.704	1197.77	-13.5781
-1221.4	-1138.5	46.8466
-1367.98	419.741	42.4898
1256.74	-474.008	-12.9474
1119.35	-799.946	22.2005
1290.68	757.698	-18.8742
1095.68	144.301	-21.3807
-999.338	1224.93	-15.9559
-1427.63	1301.82	-6.2812
582.139	1070.88	-19.6386
1239.16	442.428	-19.8835
182.441	-1380.91	35.6191
-871.533	-610.318	3.73785
572.153	34.573	-13.3448
496.466	-809.246	105.357
-1252.29	-1283.74	54.1113
213.827	1493.59	-16.2872
961.741	-1190.46	64.4461
-833.199	-24.2762	-5.60466
832.852	442.728	-20.1861
1037.66	1474.63	-26.4715
-663.689	71.1914	15.5243
-865.14	445.829	-4.11744
37.287	1169.17	-18.1493
-123.256	-232.544	54.6063
63.2439	-631.794	73.4683
660.493	1348.39	-23.0734
-1163.41	-643.103	10.1255
-18.2169	-456.682	79.4133
-303.28	957.477	-17.5141
106.095	-740.845	86.4373
321.437	-1484.43	27.0392
-1058.29	-93.6688	-6.65626
-913.561	407.93	-4.49549
476.624	-1015.42	83.0241
-1415.65	1391.83	-7.58525
167.359	-598.134	43.8082
800.166	-784.365	66.5761
-1166.91	-997.545	45.0085
1016.22	206.613	-20.5002
1054.24	1120.72	-15.4089
1239.49	834.842	-17.8478
-614.408	-659.387	8.4488
-1118.13	393.781	6.38973
1108.54	169.966	-20.9683
-130.461	64.097	1.70516
726.619	1467.77	-26.4058
-279.842	1185.71	-19.6537
416.96	81.4846	-12.1155
658.417	-463.53	9.89714
1274.54	126.913	-22.4955
533.499	-481.145	19.4457
-538.686	-851.068	15.2255
960.964	-1018.4	69.1371
-451.868	-823.835	23.4405
179.563	1041.19	-19.3371
-341.104	-174.332	56.6739
-1106.93	-1493.52	79.4847
413.07	239.368	-17.0655
1194.88	843.079	-17.9644
-110.472	-733.61	102.913
44.7459	-707.51	87.4372
164.712	1384.94	-14.9573
370.043	767.04	-16.3536
-266.611	1223.24	-18.7355
-1032.81	-328.002	-2.7107
585.293	782.117	-19.2751
-1400.6	-55.0078	-5.23451
-1287.96	-960.6	50.5783
177.423	-414.365	24.2955
-1210.11	-551.134	9.43125
-888.185	508.843	1.98431
968.771	919.742	-18.2919
710.952	428.104	-19.3136
-381.643	-974.826	32.3879
805.333	-318.461	-13.4248
-1186.24	1300.59	-12.9478
1213.03	-1344.96	84.7492
1369.66	-369.612	-15.0483
-25.2401	-626.984	93.9251
-985.012	-148.483	-7.28416
-258.466	755.746	-12.2625
244.579	-1344.78	34.644
-866.96	838.541	6.8027
846.198	257.477	-21.4542
-995.298	1118.4	-13.9413
152.183	1273.46	-16.6692
1375.56	1267.4	-23.2188
-15.7912	689.742	-14.7523
321.42	-140.535	-5.79695
1120.38	906.701	-18.1005
286.376	820.762	-15.3673
389.651	284.395	-16.637
1346.16	-617.745	-9.20064
764.168	-497.421	-0.855107
921.179	-625.983	5.70002
-125.632	-1190.35	80.0117
-153.535	-376.469	91.0514
839.471	1083.81	-16.0065
-1251.56	-1163.66	47.8144
-1034.86	-437.388	-0.0227672
1407.28	991.059	-21.2151
-638.645	-1413.75	48.9781
-540.355	-288.487	10.5379
-646.006	882.522	-11.7067
-909.494	847.005	6.58483
-457.921	918.781	-17.8815
652.302	-481.856	13.5988
-822.104	-756.065	7.25118
49.053	-42.385	-0.680438
391.223	288.456	-16.6745
1052.96	261.438	-19.601
331.804	944.917	-17.0096
-1297.07	984.391	24.4699
-303.703	-160.923	61.2923
-622.728	98.0381	22.6837
1480.14	1346.15	-27.5507
-824.646	-986.249	17.8055
73.565	644.902	-14.1226
1353.56	1244.93	-22.158
500.005	820.753	-17.3715
319.008	-122.661	-6.41002
-807.972	-759.696	6.4409
-1422.38	378.911	33.141
1417.37	-433.048	-13.9158
668.637	-1455.92	23.5094
122.029	-948.21	94.8479
-1164.83	1411	-12.8189
-782.311	35.7394	-1.14191
-1230	1095.94	-0.00559832
-1358.53	-1465.71	101.967
555.229	764.765	-19.9804
-1214.7	531.394	18.3464
-942.324	-1420.37	46.198
632.746	-1440.1	24.8371
-576.024	-891.573	13.7605
791.411	-1417.99	23.0465
-824.073	288.998	-9.18069
383.889	645.971	-16.7276
-878.177	-1372.66	36.099
-505.211	1021.1	-18.0747
-543.38	-1072.83	17.3247
-807.342	1107.8	-18.101
158.976	-125.702	3.74448
65.2649	-357.726	51.3538
-745.14	1471.07	-15.7723
-869.469	365.416	-9.19238
11.523	-320.723	60.3328
63.8673	16.9248	-1.92333
279.965	1239.19	-17.9801
1291.47	1221.48	-20.2116
-680.581	-1156.95	16.413
87.7296	1315.27	-17.5697
-351.879	-787.767	38.327
1047.87	929.953	-18.2478
-90.9906	626.871	-13.3886
-922.952	1418.65	-16.0121
1072.31	-680.756	3.94163
379.322	70.6394	-10.8055
729.73	359.532	-20.8518
1386.22	-286.935	-19.2355
1439.09	1164.12	-21.1068
-46.155	-1075.98	101.847
-629.993	751.037	-2.62708
807.596	1449.54	-26.7961
-20.8716	-743.575	100.306
-591.184	-1482.36	50.4149
677.368	-233.017	-12.3482
-1092.27	918.272	11.4299
35.31	-1085.11	89.8361
-777.674	1309.29	-18.5116
1326.02	371.656	-21.4264
-812.435	-1074.91	21.2998
-635.345	-848.85	10.3879
-481.364	1101.28	-19.2883
-831.738	419.481	-7.06076
613.032	-172.711	-9.02538
-14.0164	-84.3295	10.4828
-533.952	465.33	-11.3615
-139.68	-866.572	83.4707
-529.424	-952.349	17.3702
-569.433	725.963	-5.81096
479.457	250.034	-18.9762
-1370.35	-1399.83	85.5379
-1177.88	-1191.61	44.312
-914.092	1393.46	-16.2278
284.842	1284.5	-16.816
-729.593	265.488	-1.67004
3.32877	-715.882	96.7015
-494.423	-56.2452	45.5437
-1185.39	1329.94	-12.7465
-106.141	1359.46	-17.9163
-1237.92	1131.65	-1.69086
1248.89	-1249.19	88.3721
-590.66	-107.565	22.9919
-322.023	849.51	-15.6794
1391.07	-1201.72	91.1446
727.144	992.434	-17.9812
-1133.96	881.162	14.4026
352.646	958.826	-16.5734
1453.04	1293.15	-25.1975
806.996	1496.1	-25.0677
-32.8742	983.32	-16.7907
-1438.99	-371.451	-1.01648
-174.904	904.287	-16.6159
1294.6	1379.45	-27.9393
195.714	1424.05	-14.8712
351.411	588.849	-16.301
642.374	945.951	-16.0538
-1205.64	52.1535	-10.1161
148.247	1090.5	-18.866
-734.201	-979.483	11.5367
-458.446	-1366.79	33.8815
1435.61	1237.8	-22.6951
-1131.19	1151.73	-8.8345
-491.114	228.115	4.19386
504.329	-885.943	113.318
513.717	937.127	-16.4294
860.117	-1007.75	74.7192
285.343	1029.93	-18.2331
-310.374	-911.487	42.8623
-120.013	-1281.87	68.1817
121.204	-940.942	95.6625
-1249.82	-583.618	13.8504
694.128	527.849	-18.9194
1092.51	-853.352	44.8978
750.508	1371.9	-23.5722
263.532	876.761	-17.7262
1289.16	794.084	-17.7689
1079.73	-600.355	-3.61308
-277.122	-1147.64	56.3365
-1109.6	-137.996	-5.72784
558.662	-544.33	31.5275
-756.042	126.934	4.63547
-1237.65	-550.701	11.3438
1485.32	1219.9	-22.2926
897.977	522.099	-18.2089
-385.78	-1034.24	31.3671
404.837	491.349	-17.6282
1486.78	194.088	-27.4445
715.427	810.16	-18.8952
-1379.59	-430.947	-0.459158
-614.553	947.145	-15.5296
-1362.56	-209.665	-5.48084
-1131.49	-900.877	33.9328
-145.378	858.596	-15.9557
1492.68	-897.812	-4.41125
754.239	-1224.2	34.5994
-1078.32	980.759	1.08863
1015.82	291.434	-18.8544
-1244.19	-340.697	-0.916867
577.037	-828.223	98.0431
-1078.53	1032.71	-7.07511
83.889	935.711	-17.9749
-24.4198	1450.22	-16.394
-1118.81	-357.973	-0.842319
-396.805	15.1833	44.0304
609.345	1402.35	-22.9623
1041.22	-1078.22	65.4427
-495.701	-993.213	20.2191
-643.884	-1362.57	43.5013
-1112.75	667.733	6.45388
546.856	432.33	-18.362
-116.136	-752.248	100.219
770.117	1143.7	-19.1492
336.892	-1137.51	55.4683
1479.62	1454.66	-24.9086
855.519	1142.69	-14.3478
-1488.75	-463.153	2.39734
-520.86	-128.65	30.8186
-217.846	-175.45	52.8786
-364.557	-1056.51	35.251
81.5384	-410.76	50.8118
475.348	346.189	-18.0523
269.383	-1269.08	38.3683
-1288.97	-935.57	48.8596
787.227	-1168.52	42.1873
241.969	-580.723	34.3376
249.165	-137.477	-3.93348
-323.54	-35.4897	51.4617
468.127	-1233.88	35.8453
-1222.34	317.126	3.03109
-1066.31	-1221.41	43.9029
313.737	1076.79	-18.2966
1262.36	-1131.56	84.8399
1204.6	-609.84	-8.07645
-670.478	-276.669	1.28952
820.188	-436.668	-9.62582
-897.357	-600.359	4.52266
867.128	142.619	-21.6945
-1231.55	-1124.73	48.2671
1442.45	733.746	-20.2894
-986.831	-1279.31	47.7914
-1307.23	-432.982	1.0563
522.346	-301.261	-2.12098
-874.552	1123.72	-17.4179
451.685	-219.601	-5.505
1424.24	-940.801	3.6654
-346.423	906.767	-17.0603
-164.947	911.105	-16.8147
935.227	698.386	-17.2209
-786.524	139.901	0.621436
-779.035	193.979	1.46159
434.189	249.738	-18.0522
-1410.33	-322.855	-2.48847
962.113	522.724	-18.4907
398.856	423.015	-17.0311
-19.4789	1167.73	-18.2539
1023	340.206	-17.6066
-589.886	-477.62	9.10752
-623.059	620.919	-9.1312
410.88	431.523	-17.1802
-293.645	-1240.97	51.481
-1308.05	-835.518	40.773
-240.315	28.7321	24.5542
-1406.23	614.475	15.2311
-148.645	362.425	-14.3335
942.377	-727.83	28.9517
989.927	650.328	-16.9147
-153.209	522.274	-14.2878
1056.98	-1160.73	72.5658
-613.523	1249.68	-16.8697
183.034	-330.062	18.9548
-67.7129	-1170.22	80.2969
386.365	1250.43	-20.7464
-571.579	771.446	-8.40989
-1129.52	699.6	6.53765
-892.908	-708.701	9.80592
1452.66	-869.466	-2.92997
867.365	285.576	-20.9819
1339.57	-613.761	-9.41047
561.419	-974.573	94.3768
-810.338	-623.659	1.86385
661.144	-1168.05	40.9079
171.375	447.177	-14.6281
-1086.31	-499.042	2.99637
1389.63	518.053	-21.7561
-1178.81	1419.48	-12.453
223.613	-233.961	4.867
-146.196	-1155.54	87.4893
-920.835	485.596	0.572767
1453.13	968.245	-22.1691
1178.8	-46.0044	-18.2786
1422.98	-1090	47.9972
-930.485	-543.532	2.31606
1180.93	713.792	-17.3753
173.883	-155.74	5.45121
-170.106	1423.62	-17.7724
-1130.23	264.725	-7.55505
1056.04	-536.031	-5.27526
1280.27	1116.06	-19.9899
-1157.36	-1254.14	45.3161
1498.88	231.594	-28.2063
-174.111	14.0515	13.6095
-4.66227	-805.821	105.077
1049.98	127.753	-21.6585
979.889	217.279	-20.6516
-772.914	1485.23	-15.7785
-1233.97	459.507	22.1629
-1115.85	-841.453	24.5
-1445.06	-1226.23	47.0362
-719.919	-74.6978	0.0152618
-570.346	-1265.37	25.3291
1175.32	875.806	-18.0004
239.651	-724.275	72.2108
-943.549	254.503	-10.7811
1435.62	1037.5	-22.0499
893.214	462.812	-18.5834
-462.776	-1486.38	54.7822
974.416	-822.614	58.8858
-1249.27	-528.791	10.6434
-674.73	645.207	-5.89514
-1202.19	1220.44	-10.6262
914.497	-311.234	-14.8781
-1017.37	790.835	8.04522
1269.08	-1392.55	90.187
-1281.83	-945.238	48.3867
-228.272	567.58	-12.6414
58.4766	-1280.52	48.3071
-642.272	-345.088	3.86781
197.786	-752.014	79.3449
1262.83	1317.04	-23.2886
1307.51	-506.694	-12.1026
445.119	-1369.85	28.2712
-740.536	302.105	-5.62163
-7.2909	-896.381	106.643
-1431.95	-58.9511	-3.78325
453.624	493.494	-18.2367
647.707	-932.718	96.376
-185.562	-42.6925	25.4299
-127.718	1334.43	-17.7601
-1129.29	686.457	6.10698
48.0828	-1141.3	75.4238
-1320.52	-344.255	-3.39726
486.706	1217.77	-22.2468
1398.09	-1014.68	28.1333
-486.573	83.8225	32.4851
494.271	1259.68	-21.3857
-1287.42	30.8386	-10.0848
4.15855	1294.85	-18.6733
-1252.2	212.473	-7.27375
-170.672	-1425.37	60.8288
-1482.57	679.171	9.10072
359.825	-167.88	-5.67803
266.43	1457.56	-15.3154
1382.33	-807.697	-3.1579
672.813	1278.41	-21.6785
1440.97	-1045.52	27.1778
312.431	1111.33	-19.1128
852.701	-718.217	37.6066
815.006	-303.225	-14.1882
421.854	-1187.6	42.0949
463.234	1369.59	-19.1873
783.35	830.512	-18.8097
1093.42	1393.92	-24.7938
-268.943	-776.747	57.7397
1157.13	1149.52	-18.1163
670.012	1204.68	-22.2134
-76.4349	1336.01	-18.1323
805.476	1147.22	-17.164
828.223	-1246.31	35.9127
-960.068	-345.367	-2.23539
1032.87	810.72	-19.2303
226.231	-269.496	7.34025
-1174.27	319.872	0.192981
375.554	143.89	-11.8045
-1321.72	1224.12	-7.11554
-1449.42	-966.232	27.5758
-650.529	1197.7	-16.974
920.107	-40.2671	-20.8839
1065.3	248.842	-19.9548
-39.4875	1297.69	-18.5626
948.755	-560.844	-4.37499
1399.53	803.466	-18.875
578.19	-904.848	103.197
-908.71	853.591	6.07047
-1490	-89.1381	-0.89436
-1097.8	-1004.42	44.6144
-66.2591	-1361.81	56.954
1213.3	-1254.39	84.1598
-891.495	-1139.49	34.5926
-849.629	-1471.73	42.8322
-199.781	1276.52	-16.7866
-1189.74	-1428.9	82.129
560.301	-1043.92	70.3481
1006.86	129.883	-21.6835
790.125	1453.72	-26.7848
1138.67	351.247	-19.2858
546.038	909.844	-15.9362
699.29	-360.126	-6.28878
962.257	-476.692	-8.42509
1494.76	-784.342	-7.54908
-144.48	-841.194	84.3133
643.952	-63.2574	-12.8682
121.866	96.9332	-11.964
-1283.38	1327.41	-10.594
-150.309	-913.301	83.1642
-814.739	-96.9891	-6.27684
-591.426	1225.6	-16.6165
475.327	-144.001	-7.5651
1433.08	184.195	-25.762
-359.142	229.612	-5.70411
1090.56	-1172.55	72.4883
-1436.05	296.998	13.0351
-509.239	-107.586	35.8194
-108.612	729.76	-12.9174
-1475.58	-1018.79	22.726
-885.518	-27.8569	-9.36386
737.236	-1219.08	34.5819
-71.8198	328.004	-13.4233
-552.081	-265.869	11.2673
1317.68	164.89	-23.4554
-277.789	-1289.69	55.165
1128.48	5.79785	-20.2783
1239.7	1313.98	-22.34
