-144.2	-1055.12	95.5
1149.56	884.656	-18.1284
290.334	-515.379	21.7603
1254.37	-1268.87	89.8685
-992.848	-871.995	28.0263
-348.448	229.956	-6.33809
-1031.03	-172.264	-6.56563
-163.966	241.294	-12.6818
-910.872	226.595	-9.56185
1177.91	-1295.19	79.5806
846.321	22.9551	-19.7815
-118.879	210.49	-12.3672
671.796	-1041.85	71.2057
-809.114	-406.316	-1.23355
-824.129	-720.034	6.13387
-814.142	951.257	-9.93317
945.292	6.358	-21.9559
1255.74	660.522	-20.4231
173.422	-86.6996	0.905664
1411.71	-822.962	-2.87215
-55.0987	-764.715	101.583
-1207.29	554.966	16.4678
524.036	-332.997	-0.53352
896.301	439.327	-18.6173
1028.08	434.81	-18.6086
-1153.67	452.197	13.7819
507.004	442.459	-18.1404
-477.511	-1201.02	23.2226
-908.581	356.004	-8.21144
-323.041	1195.71	-19.7522
203.208	-928.063	98.4338
699.297	1246.31	-21.6359
-1397.36	-247.097	-4.27719
1373.64	1038.42	-21.2015
1484.21	-502.429	-12.3439
144.066	-970.036	91.9094
421.682	-976.338	102.715
-1201.68	222.497	-8.13909
1371.48	-750.56	-6.18973
138.217	910.947	-18.9411
-443.762	-1161.08	25.6353
395.473	-236.799	-3.82179
-542.174	-495.403	13.9602
662.179	-67.3102	-13.5329
-443.569	-1148.17	25.4999
-404.804	1015.39	-18.5839
297.523	-894.583	114.913
-1031.2	-1157.16	37.385
-839.145	650.666	2.2214
-233.828	-74.21	41.8956
-1387.46	-278.524	-3.99508
-201.256	-67.0156	33.1948
418.912	-437.103	7.52231
-1095.59	378.754	3.24153
-1222.73	-92.5612	-5.99181
1267.56	1396.9	-28.1918
-1478.71	640.344	12.7825
-1201.76	-126.503	-4.84472
-92.7416	-1053.34	104.154
-944.118	745.784	4.7767
69.101	202.462	-15.4174
-1183.82	1198.31	-9.70286
-807.854	1218.39	-19.2379
52.5334	-1213.15	59.0147
-1079.79	920.666	9.90206
-468.741	1191.33	-18.7605
174.453	-27.9136	-3.81533
-903.856	1064.93	-15.6342
696.687	-630.873	35.6555
316.953	-1182.77	46.1819
582.605	-254.23	-6.25514
1136.53	-181.428	-15.6647
1290.09	1355.31	-26.1446
-304.766	212.933	-5.57483
103.676	28.5555	-4.18886
216.736	342.789	-14.4975
-1255.55	834.325	20.1638
-1409.05	892.93	26.4352
-532.604	508.86	-12.6268
705.539	-837.286	83.6144
-764.372	-308.155	-2.69072
-598.369	174.719	15.9496
328.489	-164.032	-5.03287
-1138.44	1112.37	-7.30372
-52.6645	-933.128	103.757
-1492.02	-995.047	17.7134
990.13	567.094	-17.8125
-1174.81	-1323.72	57.6893
1074.87	-1295.74	68.212
539.877	1349.2	-20.5261
1130.92	1107.22	-17.5112
-1476.56	915.239	20.6995
-510.905	521.289	-13.6084
935.147	-913.808	79.0555
-1108.89	-723.173	12.7644
-113.112	642.134	-12.9614
1448.81	381.835	-24.9133
180.626	1003.42	-19.9269
-624.108	41.7065	21.2867
561.419	1411.66	-21.7103
-1002.17	1050.2	-12.2686
-815.115	414.401	-7.701
-1174.71	-475.84	5.13961
47.6044	810.806	-16.8611
-1009	224.553	-10.6301
954.477	-768.291	43.3491
-432.117	-1024.73	25.3585
1129.07	1499.59	-26.0494
-373.845	-26.6983	52.6309
-302.082	-60.4119	53.7908
1117.84	-125.973	-17.255
1109.04	-158.049	-16.3819
26.6869	-301.134	52.3985
-187.764	-968.731	78.8043
78.6985	452.629	-14.1304
243.906	226.525	-14.8668
676.528	16.5597	-14.5836
-324.728	507.628	-11.992
-401.239	-645.058	37.4315
-222.194	985.27	-17.8117
3.40275	-248.468	43.7418
-365.581	966.086	-18.101
1486.45	-363.665	-14.7789
-619.241	99.372	23.2402
1335.72	1134.19	-20.5875
-214.783	-405.232	95.2273
1027.57	741.15	-18.0757
310.534	694.207	-15.8497
220.915	-61.6737	-5.09031
-770.265	-771.658	6.10863
393.501	1495.59	-17.1966
1047.7	237.881	-20.1318
-1206.03	1156.19	-5.21219
283.484	318.549	-15.1915
1082.01	-290.087	-12.7339
-1022.08	-1198.44	42.2856
452.071	-1111.01	55.6185
-1232.72	1242.88	-10.9945
-758.802	-966.277	12.0624
-906.966	-945.027	24.1481
745.073	380.618	-20.6875
-1012.44	1351.59	-15.7053
425.112	-793.927	105.348
-670.817	1349.05	-18.1166
108.893	-1100.61	73.0722
1120.8	-1099.28	66.5496
-289.222	-727.505	63.1941
-433.704	1151.23	-19.5185
1329.15	1080.74	-20.5648
119.187	-1.49509	-2.90829
-1461.89	-1113.1	34.2204
521.499	116.046	-14.2926
771.347	1253.13	-19.4522
819.36	-713.615	39.6464
-253.352	1105.4	-19.4678
-1008.37	327.335	-6.93094
122.592	863.414	-17.7344
1445.62	913.099	-20.9762
-377.977	-137.547	59.068
-1079.14	-757.143	16.11
214.584	-127.738	-0.530905
1213.06	-1474.22	60.9309
-797.144	-1444.89	48.0191
-473.501	-1495.7	56.0189
-1024.44	-668.668	13.2279
-883.734	1109.12	-16.9344
-186.402	848.023	-14.8554
346.105	1047.85	-17.8954
-1092.01	-827.631	22.4788
-1366.1	50.0546	-7.619
-444.471	732.348	-7.16714
-1121.08	323.503	-2.39306
-206.121	702.588	-11.193
281.988	828.515	-15.7271
1108.38	937.608	-17.7996
1161.4	-1438.52	61.6366
1197.92	1145.64	-18.7283
-561.511	-423.238	9.81085
-388.559	-894.508	30.9827
-1134.42	-934.176	38.357
66.2877	1276.34	-18.4881
-390.487	780.608	-11.6501
1382.94	-348.723	-15.3873
957.531	204.877	-20.9523
1185.87	-489.489	-10.5348
-1087.73	948.611	6.3674
1338.81	761.399	-19.1908
-606.073	-326.438	5.76496
407.137	390.817	-16.8797
-1381.39	-419.924	-1.3751
1293.2	-441.771	-14.5158
1158.26	-1336.86	73.4254
1360.15	944.741	-19.6267
-731.482	-101.291	-2.39759
845.923	-528.434	-5.94255
801.431	-1387.99	24.2577
-258.051	742.858	-11.8958
727.149	472.855	-19.5121
957.911	-1398.7	33.0696
-1450.11	925.723	24.0453
638.025	619.681	-20.7051
1412.72	890.711	-19.905
533.774	-1334.95	29.4409
-921.843	-456.325	-1.6045
59.8475	202.616	-15.385
-144.229	-516.858	109.754
-181.851	583.053	-13.0689
-807.764	1058.14	-16.6085
858.019	310.48	-20.8337
704.196	-1359.08	25.9785
381.103	1176.58	-21.2925
-1156.64	-1450.64	80.6391
-585.086	1193.99	-17.2682
350.012	-523.791	19.5307
-349.92	-407.17	68.8165
-1381.01	-1487.33	112.925
-904.504	185.678	-8.92462
-184.733	-1047.98	84.2484
162.348	-1178.35	53.7828
-1378.12	6.26289	-6.982
-998.243	257.911	-9.87413
-297.788	-1255.43	50.757
146.261	150.084	-14.6514
110.18	-499.901	45.6011
-27.9792	405.064	-13.2345
-1387.22	-1313.13	63.7037
-441.425	-638.099	28.2432
-721.407	-539.099	2.29422
1455.45	-1445.93	83.0979
150.008	-10.0689	-3.04397
-1292.44	1142.64	-0.472036
-261.815	1446.29	-17.4016
-61.0012	-764.978	101.895
-279.707	783.03	-12.8741
456.972	-731.809	87.6594
829.22	680.369	-17.8171
-1384.01	1.9348	-6.69231
1456.35	950.014	-21.9204
1222.21	598.872	-19.8737
878.501	709.78	-17.6605
816.64	229.262	-21.564
613.958	937.386	-16.0556
-1483.41	1306.01	-5.65414
-1423.93	-593.052	16.2646
769.32	786.882	-19.2278
602.722	662.963	-22.0802
-1445.11	-749.667	22.1828
-627.909	-1308.95	34.0087
1139.78	742.283	-18.133
-1068.15	-395.084	-0.515362
1301.88	-681.98	-7.92349
773.232	-1068.15	63.0809
-926.298	1205.02	-16.6021
-127.113	-846.412	87.8073
1297.7	272.713	-22.1941
970.471	-1256.05	57.195
271.373	1295.94	-16.1
-1003.93	-468.357	0.520018
335.36	1462.96	-15.7735
-1041.87	842.147	8.69104
289.89	-612.651	39.9586
-993.965	-1209.35	42.1561
-649.234	-772.315	7.20774
-1053.67	-358.133	-2.13055
753.992	-411.551	-5.24359
175.918	-1196.51	49.3581
-1379.49	362.882	27.9788
-226.208	81.0882	10.8571
103.978	-667.794	68.7571
-557.148	-674.452	12.593
1411.35	1252.96	-23.1391
848.693	-258.45	-16.4899
-607.652	-19.7559	23.4551
172.641	1027.84	-19.4949
-1375.46	889.576	29.9811
392.122	112.062	-11.5854
-308.257	414.458	-13.2306
-1023.39	-1478.74	63.787
-914.557	215.594	-9.43411
36.5198	77.464	-8.08393
582.814	-458.91	13.7785
3.73504	783.97	-16.1799
312.588	-559.226	26.6753
431.266	-918.02	114.596
1495.01	-805.68	-6.86102
-622.612	-1108.72	13.5402
-1322.51	1376.86	-9.48506
1232.22	155.67	-22.8378
546.139	-716.798	82.0382
161.621	1070.44	-19.1311
-1068.99	78.331	-9.91615
-229.054	-228.995	63.0281
-1196.24	1257.9	-12.6527
-1470.01	-818.563	19.5055
456.131	-883.412	118.804
958.685	-712.959	20.7911
769.718	1266.53	-19.6685
-182.937	-1081.16	83.6688
1223.81	54.5086	-19.331
-705.293	-1451.97	54.5719
139.346	292.868	-13.5801
-448.024	248.062	-3.14424
373.162	-969.663	106.1
-1085.45	1432.5	-13.5734
-64.4638	-160.837	30.0923
-900.573	-353.775	-2.04372
-1258.52	-398.728	1.06747
-846.431	1367.23	-17.2652
5.17384	-901.672	106.486
-383.748	-957.495	32.022
-344.168	-849.873	37.831
-47.9839	134.644	-11.8527
-1163	15.4071	-7.99266
-802.465	252.578	-5.38474
-416.699	1252.04	-18.8823
-1331.14	-52.0915	-8.37682
-1413.08	-988.593	37.483
918.363	1134.93	-11.3007
1332.56	80.5562	-22.809
-1360.24	-1383.48	80.6328
1170.64	764.072	-18.2184
1077.25	-1264.67	70.6137
-495.111	479.059	-11.9554
-895.137	65.7775	-8.6931
1084.42	-476.229	-7.87547
900.338	-1341.57	34.8645
-861.595	1308.64	-17.7733
-936.15	880.025	4.31735
460.859	-334.444	-1.36016
-1499.59	985.708	21.076
-1290.26	679.924	7.60972
-573.923	-1286.78	28.0513
-1123.03	1464.57	-12.8002
-824.149	313.707	-10.6495
137.127	437.629	-14.5315
-713.926	-934.374	10.5375
968.622	1014.59	-15.3228
1133.19	-305.958	-12.5268
1233.96	1224.27	-19.2879
115.985	-19.0911	-2.35779
-523.886	142.267	22.7865
218.124	1182.85	-18.3457
414.885	990.849	-16.6668
-1117.57	-1299	51.9661
-247.893	-91.9827	48.5524
-488.181	-1082.46	20.4542
428.794	-837.197	115.588
384.109	1442.04	-17.051
-1375.21	619.363	13.6269
580.773	949.859	-16.5345
-1473.38	-655.911	11.9922
21.3902	366.061	-13.9934
212.664	729.784	-16.2534
-1073.22	-1087.6	40.3412
1358.78	1314.88	-24.34
71.6271	109.433	-12.1953
-473.035	-1393.1	36.9146
712.36	-433.313	0.269231
1432.6	-740.937	-6.84212
-1351.74	1354.11	-8.69751
-47.3534	1232.59	-18.9794
-726.538	-349.511	-0.330939
42.9715	-729.849	93.5274
1308.19	82.3578	-22.1682
-979.417	-946.43	35.2556
1086.74	-285.262	-12.9924
34.1451	907.361	-16.8531
-927.553	360.065	-7.14756
524.873	-146.359	-7.82474
1105.83	878.553	-18.6494
711.717	564.256	-18.6399
-885.36	921.959	-2.36825
610.89	585.781	-19.908
142.455	548.688	-13.2914
1269.36	474.005	-20.3421
568.436	-851.193	102.9
-213.853	1392.93	-17.2902
-243.843	-965.871	62.3123
-754.867	-771.228	6.0846
-1201.49	-1246.65	44.9886
-274.893	1229.49	-18.7234
-77.6372	-1248.22	69.9514
-429.38	-1422.34	41.1112
-461.203	340.789	-9.22519
-1147.59	716.03	7.21583
283.387	1020.17	-18.0254
1052.94	-723.308	10.9646
957.096	-285.378	-15.7977
792.591	1102.94	-17.9207
157.026	559.249	-13.7787
634.431	-763.524	80.2779
-985.767	-414.096	-1.75726
-1075.64	1310.68	-15.6887
953.519	921.699	-18.1997
-838.62	-1124.43	29.4206
-533.146	-517.427	15.8994
329.674	-830.744	111.758
-1050.83	-286.941	-3.43051
684.705	612.935	-19.6021
1141.7	-945.761	49.5462
894.533	1.21386	-20.8086
173.176	131.594	-13.803
1130.34	680.948	-17.172
576.683	-88.1063	-9.84299
-1111.65	-1083.2	42.9524
739.719	1422.08	-26.0813
-322.466	-1097.3	44.3602
-93.0471	371.851	-13.571
979.449	-382.955	-11.8585
-140.351	-1049.62	96.627
721.964	-1305.1	27.8533
1314.88	-514.067	-11.9927
-1340.07	1351.62	-9.07546
-685.027	1340.37	-18.1443
43.0134	-167.909	20.3109
990.9	-1321.31	51.354
-1089.69	1131.71	-11.3709
-392.454	177.082	6.85896
-609.741	136.153	25.0862
1389.16	-823.254	-2.22341
-345.644	-658.81	55.2711
-1205.61	-1214.05	44.9316
-761.202	-121.387	-3.83406
471.554	1386.51	-19.0788
724.921	361.076	-20.7475
214.007	-1219.26	44.2068
373.365	710.356	-17.3856
770.388	18.6728	-17.628
45.6611	-1210.9	60.0688
-1234.66	-375.258	0.382337
-1140.98	-1289.51	49.9263
327.051	-144.064	-5.79937
1071.72	-1214.81	73.3874
308.146	722.886	-15.864
102.209	477.652	-13.8866
101.693	697.23	-15.8076
650.857	738.187	-20.7618
-1030.36	718.452	5.5084
-1302.23	-781.372	34.8407
-1381.33	-972.965	42.6638
-585.511	935.538	-15.997
-376.73	-244.898	48.4736
404.083	-705.538	76.0953
-1480.73	-1488.76	127.886
1488.87	8.36195	-25.4659
1450.54	880.392	-20.4079
-1433.97	392.993	38.079
-1312.12	-1241.76	52.4089
222.223	-866.842	109.018
1201.48	501.633	-19.6758
1179.43	-525.274	-9.60206
94.6234	-227.635	24.8871
-52.9517	-398.006	82.9767
191.832	-1180.7	50.2826
949.003	121.181	-21.9359
290.755	-854.139	111.831
-144.178	-216.541	53.3224
-1328.87	815.319	15.8577
-1284.71	-1112.16	50.9752
1480.9	668.475	-21.2069
-1055.06	-241.461	-4.80609
-433.599	89.9042	26.8145
830.46	94.1103	-20.625
810.211	29.4034	-18.9646
-604.99	-804.543	10.2148
-884.248	643.049	3.96588
1.37691	-677.457	91.294
1047.58	192.049	-20.6887
-1310.23	1271	-9.12507
-99.0453	-43.7778	11.6908
-941.166	-1327.71	43.3514
-605.994	-1124.82	14.3211
71.1566	-604.665	67.0342
657.372	153.416	-18.6835
684.956	-712.083	62.8357
541.812	185.384	-17.4567
485.273	-535.768	30.137
-121.805	861.155	-16.3497
47.4921	-1260.2	52.4069
-7.96617	-482.22	77.7717
-42.9724	-921.619	104.226
149.332	-1254.56	43.7891
430.669	499.1	-18.0848
-1418.47	954.328	28.537
-954.423	1341.21	-16.3148
494.329	1003.38	-17.9579
-120.606	-536.855	108.944
1385.9	-514.714	-12.2286
-751.634	-905.401	10.9454
41.6083	-791.703	101.997
-1227.41	94.8665	-10.8166
1452.28	624.417	-20.857
-1126	37.9733	-8.51253
-735.434	1289.04	-18.0297
1401.82	813.661	-18.9871
125.98	1169.68	-18.4661
-477.157	-564.246	23.0947
1086.16	225.675	-20.4746
1042.42	611.098	-17.426
47.0526	45.835	-4.54403
1433.91	350.01	-24.5721
-219.544	-651.165	101.261
325.436	745.11	-15.7163
27.043	1142.14	-18.0167
-707.65	-1454.39	54.8152
396.72	-208.908	-4.93532
-1179.75	-370.576	1.06942
-935.471	-375.782	-2.02164
534.216	690.513	-21.4014
579.144	-165.068	-8.22017
-851.514	1176.12	-17.906
96.486	-728.049	84.1633
472.562	874.966	-16.0215
-1442.05	790.78	9.10595
-267.098	458.076	-14.0633
-548.25	611.399	-11.5625
1472.4	1244.05	-23.2671
-1028.91	-612.935	9.06007
1134.84	610.899	-17.9455
-201.407	-223.451	61.643
-470.854	-1044.08	21.7137
-310.106	-810.401	45.1704
494.786	792.791	-18.2077
-114.666	382.97	-13.9194
1108.48	-1047.21	60.2582
189.013	13.1408	-5.71048
944.459	-54.449	-21.2531
796.933	-1049.69	66.9154
-111.563	1045.78	-18.2176
457.754	-569.439	39.5559
1380.8	1329.3	-25.0562
-1473.39	1200.05	0.847068
770.05	98.7826	-19.3791
-1082.64	-1079.44	41.3178
-275.657	-527.85	94.7217
-422.439	315.725	-9.34069
105.916	1475.15	-16.0428
1112.01	1296.62	-20.328
283.35	758.592	-15.4517
553.563	-735.611	84.9843
1426.82	910.267	-20.4395
355.118	-122.034	-7.29865
82.8697	481.573	-13.594
-431.269	-1019.24	25.4964
-930.221	-761.311	15.0758
-1440.46	1421.06	-7.0302
1496	301.194	-27.5088
908.799	-55.1834	-20.3435
-623.634	-1250.72	25.4765
-246.788	1190.02	-19.1575
-236.317	-238.886	63.48
242.46	-220.771	1.02357
1298.79	-632.525	-8.94632
1222.96	787.601	-17.837
510.96	479.623	-18.2595
-1223.81	-1182.57	45.497
-433.617	357.957	-10.3953
1433.29	-896.996	-0.0643549
-1259.64	142.218	-9.22303
821.209	-464.359	-8.85277
-477.296	-1404.75	38.2978
23.6539	-704.403	90.2459
754.073	-1417.7	23.0731
765.036	-864.293	86.0153
142.982	1165.12	-18.6877
659.727	37.9512	-14.736
-259.65	1400.15	-17.2575
-695.786	1048.34	-16.7953
-435.551	-46.3625	53.9623
-1006.48	1044.76	-12.0655
-1223.08	656.442	7.22725
31.0118	-963.977	101.616
346.822	103.323	-10.6264
-555.521	-1013.35	15.5004
-334.013	89.2833	21.6925
1310.91	-308.693	-16.9725
364.025	-970.804	106.206
1221.07	-1064.21	68.4955
1306.77	813.789	-17.7531
-690.747	-692.062	4.58115
142.1	1411.27	-15.3651
1226.14	-877.872	19.1028
-1116.23	1008.34	-0.26801
-1166.17	-1492.8	87.8911
445.295	237.022	-17.9295
-980.541	-1084.1	39.3994
-1263.58	125.622	-9.71479
-1108.77	-712.414	12.1664
643.513	-797.655	85.5149
-1266.89	-1492.85	98.9165
-233.483	-382.933	87.3455
1442.02	578.426	-22.0997
657.149	1091.38	-20.462
1062.76	-980.659	61.9496
612.482	-891.638	98.7748
46.8912	-1066.6	91.5233
1390.59	-953.794	10.7174
-915.962	461.691	-1.23428
-299.309	-1041.79	50.1145
-206.901	-857.78	67.4404
-488.343	-1056.03	20.3356
-84.8337	584.848	-12.7976
1001.49	-1461.54	29.2759
1084.29	558.729	-18.3887
-652.104	1439.69	-16.5657
87.1755	-1262.11	48.1225
-762.832	-1470.12	53.5506
534.448	1190.48	-22.6213
1435.84	1017.75	-22.2262
809.346	-1134.12	48.3617
-652.051	76.1513	17.4099
-155.932	-379.973	91.7035
843.938	1316.12	-18.9339
887.286	-379.069	-11.9551
-493.551	276.563	-3.2275
1178.2	1122.17	-18.4004
-1381.11	1198.56	-3.77165
918.894	299.06	-20.3156
-749.598	-1295.45	33.8926
375.43	-697.894	70.7986
-1302.24	-1277.18	56.216
-821.477	-1364.56	36.1365
890.932	-365.583	-12.4264
-1444.09	207.527	-0.710993
-1275.74	-231.73	-4.584
960.334	1265.31	-15.4071
-561.574	753.714	-7.65087
-748.641	-1257.63	28.6099
1121.42	1036.42	-17.5036
-1241.99	-160.227	-4.79513
611.06	-680.796	68.4294
136.832	-600.122	50.9164
-113.035	-1197.01	78.9568
-1223.44	668.249	6.79007
1124.64	536.025	-18.8303
487.53	-1395.92	26.5762
-1374.88	-454.376	1.4856
1124.12	1048.24	-17.4648
368.458	-1008.53	91.6794
618.946	-764.211	83.1344
941.62	-1498.77	23.3803
544.6	-944.474	103.51
1135.12	995.697	-17.9634
1109.53	-1449.51	48.1997
-749.11	-370.888	-0.449297
249.784	1448.79	-15.2254
199.416	-594.66	39.5042
-923.635	1211.2	-16.6769
-729.054	-62.0536	0.12459
-422.154	1001.45	-18.6073
-906.369	-1431.59	43.557
1380.96	95.7308	-24.0744
545.041	935.698	-16.4784
1230.36	457.829	-19.7713
984.671	-1275.23	57.2618
1002.22	538.682	-18.3429
121.67	627.142	-14.4986
1160.63	108.576	-20.4778
-136.643	-1145.63	90.2844
-1138.07	71.3642	-10.566
822.909	1462.64	-26.1196
495.185	1175.34	-22.2583
1260.32	-409.069	-15.011
873.016	-1417.94	26.1593
769.854	-436.949	-5.05837
588.998	-48.645	-11.5483
-1336.09	-348.968	-3.40936
248.714	-581.694	34.0822
-811.613	-142.922	-6.00459
452.628	1455.03	-19.2497
468.671	-934.874	110.797
623.276	-1290.17	32.6647
1221.49	-267.017	-14.8392
-664.902	865.983	-8.22898
435.027	-1370.75	28.3784
82.0319	-60.1024	0.217231
507.087	224.676	-18.4115
-1203.29	21.3397	-9.48498
77.4681	-1145.37	70.9793
144.971	-66.2457	0.296326
798.156	530.423	-19.0957
1082.43	230.768	-20.3963
757.392	259.335	-21.7762
825.965	1219.3	-16.4203
142.024	478.421	-14.3332
-473.082	1045.85	-18.6414
959.599	-1034.46	67.5825
785.564	174.698	-21.6893
144.414	557.105	-13.5257
458.157	-1383.42	27.4715
195.634	1297.83	-15.8146
-1363.43	885.916	30.2656
203.877	-263.213	10.1344
-679.563	-1051.22	14.0984
-757.754	397.906	-8.25367
-1013.74	-1043.42	41.7286
-1289.09	120.503	-9.09195
-508.342	789.984	-11.1207
-442.35	1347.75	-18.1011
-430.02	1375.24	-17.5335
-1384.43	19.6594	-6.81029
-1314.68	-171.329	-6.52339
860.572	-226.891	-17.802
655.514	-896.944	93.8447
-1178.68	-971.445	43.1011
736.169	-1225.63	34.0117
1243.43	855.93	-17.818
-783.521	-47.2631	-2.85302
1169.33	-1079.33	68.0569
1486.38	1078.76	-22.3892
929.175	878.375	-18.5211
-1331.25	-1291.2	59.3765
1034.14	1102.41	-14.7591
1138.25	1339.68	-22.9514
-662.924	-170.196	4.32538
906.264	-900.862	81.9636
-1188	3.78602	-8.06002
-454.949	1291.85	-18.3285
-1297.53	-1347.47	68.8601
-1160.36	-1384.91	69.8097
384.734	429.638	-17.0516
-536.619	1133.04	-18.1198
686.307	614.831	-19.6452
-1478.4	49.9855	-3.38863
-267.152	-326.754	81.7881
-571.893	-809.003	12.4354
583.558	-848.973	99.5697
453.504	893.374	-15.667
-542.448	-1288.41	26.3443
929.045	-75.8042	-20.7554
-1156.7	368.639	5.23642
-987.321	-543.663	3.67888
-1470.25	422.376	49.6855
-382.895	-341.815	54.5098
1104.38	-66.0708	-19.1718
-664.468	274.476	-0.881715
551.436	-450.604	12.3033
-292.214	1427.78	-17.2773
745.356	-707.533	50.3457
1314.86	814.366	-17.8542
141.791	301.397	-13.4812
-909.024	468.351	-1.05116
1096.64	1166.03	-17.5492
1344.44	280.105	-23.3887
250.388	-919.868	106.322
1454.56	478.064	-25.4522
-743.432	1097.83	-17.8766
-1438.03	999.001	27.2096
632.138	-680.86	64.0685
-448.385	-504.625	30.4584
-1146.63	50.5405	-9.8943
-2.08422	1259.86	-19.054
1449.28	-157.638	-22.5398
1173.81	758.21	-18.1846
-1021.32	-44.4937	-7.49313
-1189.33	354.971	5.41358
-81.0109	1214.11	-18.6237
1084.45	1027.81	-17.1931
546.676	1135.77	-21.7615
1314.34	-73.7254	-21.4237
935.236	-1277.36	46.5416
-13.089	540.13	-11.6834
879.038	-328.738	-13.7298
887.185	-372.971	-12.1527
-461.533	1151.96	-19.266
-999.522	371.367	-3.30846
-983.398	215.479	-10.829
-930.777	-89.7062	-8.97139
548.122	-65.1073	-10.028
-1324.55	375.664	25.7077
-70.5092	726.4	-13.7719
1316.12	152.909	-23.3558
-1020.36	-596.701	7.45318
148.248	828.853	-16.9266
-163.551	-22.996	17.6755
982.679	1152.18	-13.2015
1481.94	978.882	-23.1662
1030.63	892.942	-18.8997
-438.648	978.068	-18.5775
1435.31	1193.63	-21.019
-733.153	648.905	-2.64118
957.101	-25.3614	-21.8254
1135.65	153.928	-20.9264
1486.52	-146.257	-22.413
207.058	-1305.63	36.6763
1122.78	-902.972	46.8264
-101.293	-1460.28	53.2736
1139.2	83.4414	-20.6421
1031.96	181.636	-20.7428
643.102	755.021	-20.152
887.423	996.95	-15.5599
-678.308	738.616	-0.483074
-1131.62	-1156.75	42.3842
-1112.96	-164.975	-5.53907
-864.556	1355.52	-17.1441
139.604	-106.213	2.68083
-556.068	-1450.4	45.3508
183.934	520.464	-14.0449
1344.42	58.8548	-22.5206
-290.256	-621.053	81.8722
-35.0744	-1063.83	103.334
408.204	-1125.41	54.9191
105.206	-1207.84	53.8951
-630.021	553.092	-9.66442
1424.75	-647.641	-8.32063
-288.16	978.82	-17.823
785.887	-1475.67	21.4824
1324.45	238.042	-23.4969
-109.48	161.705	-11.438
1169.24	1354.07	-23.6925
985.914	570.015	-17.7485
-417.921	-454.662	40.5836
181.476	542.674	-13.8416
-1413.59	-23.5312	-5.0495
-802.313	-323.754	-2.42035
1060.91	-597.189	-3.09393
1151.84	-906.427	41.2338
-379.738	875.52	-17.5152
1264.89	1435.59	-27.6865
-42.4008	1133.86	-17.9647
1381.16	1378	-26.2128
-541.739	718.872	-6.17943
-782.959	613.381	-0.462235
-900.004	-115.981	-8.40238
-919.759	-183.938	-6.61647
748.447	-73.2136	-18.2479
-1488.62	917.769	19.6123
1361.64	676.049	-20.4737
538.635	1330.65	-20.7183
-1259.73	479.428	28.3715
-822.106	848.835	5.39197
-1485.02	1015.63	20.2097
-37.1887	-451.446	83.7874
-1009.41	369.266	-2.57729
1325.91	-904.093	9.06106
11.4611	-1099.49	90.3477
-733.095	846.309	-0.698338
917.608	610.773	-16.792
-18.4083	1021.32	-16.4983
-497.371	-814.997	18.7125
-300.651	617.115	-11.6688
703.088	-918.879	91.2197
-431.201	-601.855	32.1869
-524.198	-379.664	14.8832
-134.581	505.379	-14.3699
706.004	-821.297	81.7428
1148.61	-200.182	-15.2937
-274.687	-418.804	90.8586
-313.525	530.797	-11.9568
-1423.83	721.813	8.2341
1411.77	-1214	93.3161
-1253.13	13.7848	-9.86203
-1437.41	-321.481	-1.69488
-326.79	573.06	-11.5226
-434.026	-845.643	25.1844
-1204.85	1431.77	-11.7888
1016.36	1298.49	-19.5329
326.865	974.643	-17.2962
-1334.05	538.966	35.0299
1484.35	333.336	-26.439
640.194	-444.946	7.38988
-797.766	-158.845	-5.34073
-677.872	290.937	-2.62195
401.176	167.745	-13.5106
-381.462	1096.81	-19.5537
858.195	-1360.27	28.7638
-473.425	137.905	21.7757
-774.718	-1478.4	53.5505
-861.399	-144.776	-7.86411
1227.83	491.365	-19.8747
689.178	-126.767	-16.0883
1396.19	1388.95	-26.6133
163.895	451.043	-14.5876
3.95926	384.746	-13.7996
307.364	-1495.47	27.3028
-1386.77	-1116.57	46.2783
137.895	939.068	-19.173
-76.1302	1348.48	-18.0032
1106.03	-1254.08	73.0822
-565.389	-112.997	26.1569
39.4765	-1473.65	42.6574
249.158	-309.405	7.16748
-1002.84	-387.338	-2.31372
632.277	994.875	-17.5808
-197.605	-319.475	79.528
110.359	-137.982	7.7839
1232.74	1192.55	-19.3443
-1226.55	1391.52	-11.4865
1148.01	1384.36	-25.2184
-607.359	1272.8	-17.0192
928.713	-657.342	10.5582
297.602	719.989	-15.8819
1038.36	-277.313	-14.8944
-877.827	346.882	-10.1089
-1103.61	1329.51	-14.8579
-1153.42	-617.729	8.71584
170.004	-400.804	27.2168
-209.049	654.29	-12.0053
1023.59	-112.163	-19.4488
1415.54	-126.627	-23.1376
-1185.97	1034.36	1.86143
708.69	-1053.56	66.9477
-1236.13	-931.155	42.4503
-284.928	1339.31	-17.5856
-1432.05	908.887	25.0444
-864.497	515.821	2.46883
-379.186	-260.392	49.3982
253.973	1256.74	-17.0932
46.0471	-127.113	12.3209
932.724	-710.774	23.5118
436.645	1097.83	-20.2373
-584.101	-1240.22	23.2839
433.667	-906.675	116.648
274.864	786.508	-15.3542
1114.92	150.547	-20.9072
1363.8	-664.707	-7.16543
-1243.7	1309.78	-11.5377
551.843	-538.024	31.0343
1112.43	1281.67	-19.5982
-1166.42	360.011	4.59203
1040.45	-879.074	60.4006
-979.268	852.769	5.20329
1426.52	1019.15	-22.1119
-58.0296	-729.518	102.703
-422.873	1173.93	-19.3328
1194.62	-1482.55	55.3162
-79.3506	575.777	-12.6445
106.034	-501.464	46.8455
1327.1	-1061.15	59.5819
883.766	1029.13	-14.5947
-262.982	868.308	-15.3779
926.296	-339.946	-13.7153
1386.28	-1453.58	85.7013
-367.869	1265	-18.8829
1198.37	-516.997	-10.3998
1126.73	-1303.01	73.2018
828.819	-222.564	-17.7085
1227.98	-1440.12	73.8909
1347.64	44.6745	-22.4285
375.22	-542.604	27.2167
1458.78	-1266.89	95.8038
1174.26	-129.366	-16.7528
1325.98	518.286	-20.7084
-1482.77	-558.677	7.8856
102.811	266.728	-13.9751
-1298.98	825.152	17.9644
752.585	-1391.7	23.8858
-186.094	-1329.24	68.892
97.379	890.432	-18.0905
-409.931	259.839	-7.33333
165.32	-561.776	37.5196
-1334.2	-226.055	-5.27033
-247.649	-1041.4	64.8935
220.057	997.033	-19.5049
-1265.99	35.5793	-10.2072
154.872	-1155.62	57.1525
-567.264	98.3924	32.015
-390.956	912.953	-17.8587
402.984	-535.59	28.201
-1284.2	-810.682	36.0238
705.099	-1370.06	25.5412
1017.7	-922.999	68.9518
510.586	1444.57	-20.7345
1404.38	-183.73	-20.8895
1215.62	211.784	-22.3377
-1078.63	-610.783	8.44153
-998.104	-991.278	39.7638
-762.612	-1459.22	52.884
-1332.23	-1374.14	77.0553
-1274.64	-854.661	40.5327
571.321	830.556	-17.1536
-817.111	-188.92	-6.32029
954.997	-805.292	55.7501
-417.949	1309.6	-18.2703
-64.6808	1372.35	-17.7667
635.659	-1454.86	24.1925
1483.08	-387.271	-13.993
17.7391	1181.26	-18.4307
-521.484	-107.654	33.8796
-875.028	-478.694	-1.86722
1348.77	-1474.24	78.2671
222.495	116.524	-12.3476
-276.336	1282.62	-17.9182
353.032	1413.32	-16.2225
343.366	-446.876	12.0109
1140.91	-1449.63	54.6109
-713.4	-54.5314	1.84094
-747.83	-1170.48	21.7994
1469.33	743.322	-20.2822
3.88824	12.7163	-1.31196
803.766	-433.986	-8.43783
-77.0901	-1184.59	79.1288
1204.24	-88.2651	-17.63
-198.641	-840.6	70.7479
-280.047	952.868	-17.3243
-584.781	-337.311	6.92708
456.212	-468.43	14.7353
231.059	629.737	-16.0198
851.116	1014.3	-15.6283
782.889	47.7075	-18.5474
887.048	653.618	-17.2258
437.892	-891.976	119.287
-140.792	217.669	-11.807
1424.22	65.3146	-24.5207
1465.97	-841.467	-4.78475
644.861	867.502	-16.2438
881.145	-368.039	-12.2596
500.023	922.252	-16.0565
1027.01	-1300.24	60.3879
283.76	514.509	-16.0769
-1057.23	-1118.15	37.0077
1463.16	1402.62	-27.2709
-30.3581	-360.249	79.1321
1487.69	-1199.66	74.6404
-679.616	-564.854	4.71166
-209.84	555.229	-12.9666
1159.09	1382	-25.2824
387.578	-748.465	90.1147
-255.917	847.159	-14.8229
-1038.9	-1355.35	58.4632
-77.0298	1426.83	-17.381
-531.714	-1046.54	17.8639
143.372	-176.451	11.7264
453.147	-1025.1	80.0273
404.838	635.609	-17.1957
189.573	-427.494	20.2772
-400.523	772.511	-10.9519
-1217.5	-442.712	5.53647
-736.771	423.105	-7.87508
226.661	898.969	-18.4592
-841.934	452.861	-3.76222
-724.566	789.857	2.5002
1106.6	-357.698	-10.7082
129.413	-18.3384	-2.46276
-1330.92	1150.79	-1.19023
-850.861	615.472	1.55959
-624.432	439.428	-8.46712
-1323.45	1441.56	-9.47175
-299.627	-865.604	45.0868
212.283	1254.77	-16.9112
-1031.75	-1160.24	37.7619
975.016	1105.15	-13.1324
-1294.58	-926.696	48.6666
992.807	-543.022	-4.97002
354.15	1393.76	-16.5683
664.439	-1496.46	22.1364
-518.365	-71.223	38.9833
881.114	-1062.1	68.5525
1496.69	132.673	-26.8007
-1374.66	-280.364	-3.89588
-785.13	-1403.31	46.0772
413.324	-494.41	19.1775
224.755	-102.94	-3.70593
919.131	-1480.93	24.1539
127.703	-1224.71	49.6426
-1198.39	1419.08	-12.0016
1407.03	-1361.09	94.7125
1479.16	838.238	-20.9296
41.2765	992.455	-16.9848
204.677	831.974	-16.5765
-207.465	-485.646	112.792
-388.544	-786.634	31.7213
367.921	1228.06	-21.0936
932.356	-154.71	-19.3366
-1431.74	-805.68	27.276
-336.407	661.599	-10.3915
-534.189	-339.519	11.3559
742.056	824.75	-18.7276
-342.922	142.68	8.88211
862.757	406.181	-19.9072
-320.44	-193.731	58.0348
331.881	14.9269	-9.05128
-1273.24	-209.703	-5.05577
-348.823	891.05	-16.8679
-154.11	1185.59	-18.7446
467.606	-497.218	21.2979
-1034.38	-659.094	12.5073
-1037.99	160.285	-11.0791
-501.648	926.419	-17.5205
547.586	745.008	-20.8704
-854.246	-887.481	15.0806
-888.964	437.211	-3.78389
352.543	-739.153	84.3226
367.239	-180.112	-5.36465
-799.339	-335.122	-2.19005
-555.77	472.598	-10.9857
-1060.93	-85.5469	-6.51089
931.041	-1431	28.1622
-240.61	-82.6339	45.0765
-1483.79	570.552	32.5357
1305.2	400.176	-21.0337
-835.047	312.329	-10.7771
1462.63	-511.18	-12.278
1207.15	-1481.2	57.7729
1366.47	1054.4	-21.1516
-962.014	-678.145	12.5217
-565.919	803.572	-10.4263
968.286	176.516	-21.0666
490.742	-496.3	21.587
1110.7	877.718	-18.6132
-844.626	1411.26	-16.6927
-841.344	409.11	-7.39399
265.546	-1106.38	59.4085
1455.92	943.202	-21.8101
-466.599	1092.78	-19.1309
-1380.27	1369.96	-8.02112
-895.441	-1370.37	37.4468
-301.128	-0.183592	41.9887
590.173	800.875	-18.4044
-674.887	-576.112	4.9798
-915.276	-1309.39	39.4876
-734.731	670.397	-1.29759
892.132	-1045.33	70.5699
-103.647	831.089	-15.769
-192.256	-282.19	68.9845
1282.14	-989.242	43.1743
1301.5	1462.27	-27.0436
-257.966	51.7489	23.3002
-1370.69	-784.86	34.7281
-1461.46	-243.485	-1.88664
-1206.93	298.492	-1.24267
-1487.34	-1236.29	50.1834
1269.32	-710.541	-7.1997
-170.809	-514.251	113.846
-852.082	1004.82	-13.8438
-1219.13	-1428.89	85.3599
165.628	-1394.7	36.129
918.605	-369.87	-12.5323
-828.383	701	3.68814
694.233	-1196.16	37.175
193.204	-273.102	12.5057
-530.34	-107.927	32.443
803.323	227.124	-21.6062
-425.372	189.593	7.00944
-160.517	1423.77	-17.7979
-1319.19	726.116	6.31313
-340.902	161.471	5.44087
1318.34	-972.946	28.4438
1366.5	-601.983	-9.85655
560.192	569.71	-19.4331
506.147	392.079	-18.3941
-584.5	1146.74	-17.646
984.074	-472.028	-8.37699
1146.45	-425.25	-10.7223
933.144	-1420.58	29.1388
1439.54	943.542	-21.3646
-1302.62	332.82	14.7226
728.254	1338.9	-22.432
-1332.64	-1380.65	78.7095
-1084.75	246.233	-9.24596
-728.149	250.845	0.0664826
326.004	-21.1043	-9.08453
-1297.6	-1009	55.5207
292.022	-528.965	22.8537
-123.059	-1018.6	97.5552
-309.451	470.942	-12.6528
134.055	-1424.91	37.4686
-646.108	-324.466	3.50115
556.763	1385.48	-21.2105
-1333.22	1178.03	-3.82949
-786.185	616.36	-0.426732
-222.752	438.312	-14.9381
792.467	1383.27	-23.7941
-361.479	1446.45	-16.8097
-926.136	446.958	-1.68284
-793.336	59.4373	-1.69304
-1143.2	1187.17	-10.7362
1119.14	-1013.34	58.1491
658.1	-413.165	1.86556
193.245	900.525	-18.5988
65.4103	-586.496	65.6484
-693.31	-997.817	11.5313
986.622	-511.282	-6.61463
759.446	-1382.24	24.2852
-599.006	-1328.19	34.6597
1178.13	-166.596	-16.0681
524.401	1389.24	-20.3135
414.482	-1418.6	26.7218
-61.2562	-292.67	65.8165
796.897	412.244	-20.4432
-537.729	-645.252	14.3088
-1232.19	-1274.22	51.2714
-567.013	-886.636	14.0075
-155.186	-1417.02	60.9743
1047.51	-430.266	-9.44987
-94.8713	-504.651	99.369
726.353	489.908	-19.5886
1073.99	-641.186	-1.76926
-1442.47	-359.481	-1.09618
495.472	-559.251	37.0794
1220.78	891.334	-18.0172
-866.421	367.102	-9.20389
-454.206	298.83	-7.54796
-628.53	1109.72	-17.8466
543.7	-993.625	89.7934
1189.7	-540.291	-9.45533
-1161.49	1134.24	-6.11772
-139.372	-851.635	84.4583
-1297.76	-341.166	-2.71289
297.993	1082.05	-18.4282
920.463	-417.497	-11.0742
-1435.56	979.703	27.7672
-904.172	909.927	-0.108355
251.345	986.638	-18.8995
-1029.69	-1171.5	39.1482
449.124	-190.376	-6.43085
-601.361	1255.06	-16.8558
-338.224	-1074.17	39.8777
-1428.18	1380.73	-7.2852
-1226.59	-1221.14	45.4864
-787.189	-673.424	3.15656
-1319.9	1469.59	-9.82355
-1472.28	-1006.91	23.1701
-545.752	-1114.53	16.5766
-265.012	584.091	-12.1254
997.937	300.306	-18.9009
-1114.75	397.444	6.25417
-1150.35	-648.57	9.2453
-229.571	-1098.15	70.8883
-399.573	960.433	-18.2611
-271.198	-1135.98	58.2759
-608.982	625.111	-9.34155
-1040.57	-852.223	25.8524
-895.84	-1279.57	36.1939
-243.848	583.274	-12.3633
1268.65	974.272	-19.3338
259.462	-853.869	109.355
-682.546	1274.43	-17.5067
-1450.56	780.976	8.1883
-1144.59	1498.58	-12.8471
-485.608	-679.393	19.3555
-207.99	-388.854	92.0778
822.288	-313.663	-13.8188
442.776	598.859	-18.1084
192.422	-236.365	9.75603
428.25	418.507	-17.2533
544.385	-42.0596	-10.6208
-206.574	601.536	-12.6911
-637.091	-274.931	3.17126
854.622	-1286.22	34.2301
-221.794	-93.9495	43.1092
1445.48	-1267.38	97.6086
-1268.57	-11.4846	-9.22196
1391.68	-705.455	-6.69496
1084.89	952.654	-17.7915
1404.56	-832.754	-1.95915
809.687	-414.723	-8.75964
549.842	426.493	-18.4306
1366.98	65.0861	-23.3414
204.083	-956.07	94.9419
537.222	1449.22	-21.7127
1188.32	-276.488	-13.7574
496.358	95.0885	-13.2303
-162.857	1312.71	-17.2719
111.044	1151.95	-18.7211
1475.37	257.616	-27.8276
1199.36	646.935	-18.9087
-177.67	269.283	-12.8764
602.905	1385.88	-22.5387
733.068	-1479.54	21.8524
1301.4	331.558	-20.9083
-14.6446	413.28	-13.3329
638.641	1361.93	-23.1153
318.769	30.3292	-8.56717
-864.411	-743.885	9.60403
-533.839	-1177.84	19.3659
37.8104	225.783	-14.5158
940.001	-1081.72	68.0233
195.885	-1471.78	33.8298
723.624	1095.22	-20.5451
1413.32	-8.19986	-24.975
-902.33	752.309	5.91457
-425.368	23.6813	42.982
918.881	-1117.91	65.459
1252.84	154.073	-22.3346
-438.806	-484.218	33.6731
557.054	-901.308	105.033
-917.507	-904.166	22.8653
-642.21	563.756	-9.26669
1195.47	1194.58	-18.7497
-526.71	878.614	-16.3433
740.551	1268.88	-20.75
-1355.68	-946.877	42.6131
-670.77	-708.084	5.24949
592.993	-561.248	31.2155
376.118	-582.579	38.4343
1097.75	996.089	-17.5805
275.28	1141.46	-19.5027
315.007	-1131.65	55.8521
541.083	-375.54	2.80469
206.105	-670.512	55.04
-612.804	-944.157	11.6673
-1372.16	-789.069	35.5467
156.899	-659.785	56.5339
268.823	-948.361	104.357
1159.38	-814.48	19.851
-351.005	153.558	7.4589
-975.293	-1016.6	39.801
-1216.4	-398.063	2.62535
-1497.82	-118.266	-0.349492
933.167	114.972	-21.9855
540.619	176.544	-17.0901
-1030.32	1343.94	-15.698
-30.3402	1325.03	-18.3017
7.81765	1249.73	-19.025
-191.626	-1226.79	73.174
39.6952	-623.483	78.371
-1133.77	907.36	12.1058
1095.07	1436.44	-26.2546
294.129	-34.7417	-8.09405
134.424	-539.865	41.3976
-1000.28	-1432.69	56.8014
259.306	-41.0817	-7.00509
-206.463	391.015	-14.8487
-1067.31	-690.755	13.3128
275.461	-240.163	0.456583
-1037.91	-828.758	22.9987
-1290.01	-498.422	7.41692
-21.3714	599.324	-12.3899
-1008.74	-1384.97	56.3874
247.948	-75.9429	-5.92757
229.589	-771.469	86.5281
-222.203	203.289	-9.08457
-12.2122	-1451.8	46.5496
-778.108	1099.22	-17.9257
-1086.95	-444.618	1.40625
1399.02	-893.325	1.77899
1217.97	822.093	-17.8643
468.332	190.57	-16.0633
-645.637	1306.83	-17.5179
-1271.79	-497.734	7.89731
-97.5968	-497.618	98.7015
-1115.38	880.079	13.7432
313.989	-241.37	-0.850667
268.224	-120.006	-5.29302
-278.028	-491.392	91.285
-868.887	417.237	-5.78397
-254.932	-1086.17	63.0668
-1197.09	-1447.52	85.593
-545.036	-1326.31	29.9358
902.11	-1278.98	41.509
726.505	1340.93	-22.5176
1027.81	-1028.75	63.1698
-1154.52	1065.92	-4.9306
-1074.86	-895.734	34.3536
332.226	1416.01	-15.7601
-110.77	989.259	-17.7746
1172.42	-164.372	-16.0366
1320.97	1164.52	-20.4689
530.463	-971.469	99.6835
1228.24	-86.2759	-17.9821
-1018.43	-563.299	5.09524
1385.16	214.298	-24.837
-598.6	948.107	-15.9439
615.945	-1156.85	44.418
-1336.92	905.523	33.8739
624.271	682.203	-21.9093
-55.3713	181.801	-13.6465
-1317.75	1461.68	-9.77002
997.356	-735.333	24.3322
1425.95	-1439.07	85.7983
48.2907	-608.638	73.7213
-550.722	251.102	1.69709
-1442.39	-249.916	-2.642
-50.3846	1197.9	-18.5504
-120.652	1109.94	-18.3805
657.677	229.446	-21.5024
103.619	-1430.75	38.832
938.259	1274.18	-15.6835
1268.6	1180.46	-19.8986
291.659	-739.223	80.5908
-498.932	500.894	-12.9466
295.844	675.036	-15.7492
-1454.93	127.699	-3.6965
-39.7073	173.35	-13.8206
385.883	-466.109	11.7474
998.951	1291.44	-18.3955
-1465.85	900.907	20.4195
14.7302	-1417.73	45.0823
647.213	-1051.13	68.9072
-1140.85	616.497	7.86188
-1149.01	726.746	7.67234
1278.79	-1153.1	88.7914
-1098.31	298.144	-5.30349
702.205	-689.198	53.0512
483.574	621.255	-18.9639
-1484.85	-328.396	1.08281
1120.82	781.469	-18.7461
-1484.02	932.825	20.9633
739.379	-505.086	3.7728
-428.473	1039.86	-18.8394
-228.616	1487.28	-17.3138
520.066	998.11	-17.7985
496.85	-1316.53	30.5204
653.68	-584.434	29.0163
-633.032	376.859	-7.56032
349.189	564.628	-16.437
1132.96	963.776	-18.1648
-724.274	-135.386	-2.13492
721.436	-1251.63	31.708
282.249	-1104.7	60.0608
-1025.14	-648.898	12.1731
475.279	675.709	-19.6185
-846.334	-1129.29	30.2877
-1482.92	-249.328	-0.685396
-352.776	-999.724	36.6027
-399.5	786.307	-11.9794
-217.678	-568.805	115.995
-671.004	1146.52	-17.2871
1104.66	-499.566	-8.1875
-869.011	158.58	-7.16615
-578.111	-443.717	9.01039
1088.71	999.205	-17.4641
658.653	152.507	-18.6735
-1011.49	1436.98	-14.7337
-819.26	114.678	-2.89522
-371.491	-154.099	56.8926
-495.021	-571.692	20.2729
-665.609	-495.842	4.7923
637.237	-78.7758	-12.6375
-1186.86	350.552	4.61868
110.963	-1258.23	46.32
478.078	-966.838	104.353
-66.411	1467.9	-16.7464
-1076.21	1077.18	-10.5272
-621.359	-1449.91	49.8672
-1038.92	-1106.43	37.1374
-579.05	1387.59	-17.8681
286.926	28.7705	-8.10294
-220.476	-757.03	74.4004
486.027	526.495	-18.6002
1436.95	-1472.38	80.246
-393.084	-315.814	49.3189
-1149.87	-1039.09	45.8263
1436.43	-975.506	7.47361
-149.277	823.376	-14.9431
947.316	102.886	-22.0574
1382.63	1062.34	-21.3722
427.768	929.403	-15.8653
82.3714	-1186.34	60.7672
1127.19	-52.7758	-19.4684
-375.537	-891.785	32.8506
1434.77	1017.17	-22.222
807.477	-149.914	-20.1986
350.075	-1496.35	26.0101
-432.441	496.778	-12.8411
968.814	-504.759	-7.10757
-601.323	542.482	-10.8334
601.112	1445.21	-23.5125
382.066	-845.087	117.671
-1370.6	-110.127	-6.89828
-384.95	1082.85	-19.3728
-465.761	1446.18	-17.211
514.366	848.012	-16.6234
286.58	104.345	-10.5512
-1243.58	105.214	-10.7106
117.362	285.799	-13.7195
979.858	845.542	-18.9162
681.382	160.008	-19.4128
978.583	179.348	-20.9503
-894.91	1400.8	-16.3117
373.853	-460.462	11.8032
1073.19	-994.704	59.7829
-687.049	-708.657	4.82905
1194.92	835.402	-17.9637
1139.07	23.4105	-20.2033
-405.399	1453.32	-16.5096
1151.15	1389.13	-25.4026
584.06	388.224	-18.7371
196.791	-694.201	61.5695
-1336.68	-1455.34	96.0617
1128.72	-809.652	23.7445
184.61	1342.75	-14.8276
-1186.74	-657.323	13.4816
533.799	-725.873	84.3272
683.995	-608.762	30.9595
-533.696	-692.643	14.3149
451.659	1279.55	-20.6155
828.189	-147.622	-20.0688
1018.14	608.856	-17.3876
-931.673	852.012	6.42561
-918.245	-848.252	19.2246
481.518	-1282.38	32.3199
166.572	-1266.24	41.2226
-943.584	855.377	6.28815
-1299.51	-24.9251	-9.20738
-615.368	-48.2068	20.2989
815.28	1371.84	-22.792
1030.77	-888.6	63.4744
-1145.09	-647.083	8.84539
-989.698	-944.216	36.3147
-406.335	-1209.94	30.4317
924.085	709.017	-17.3581
802.824	-1435.76	22.4093
-1008.52	1408.46	-14.8352
1197.75	297.412	-20.5198
-548.667	975.347	-17.2241
193.933	-1222.09	44.4887
130.194	1201.56	-18.1855
-826.448	-1021.21	18.7779
-800.132	676.752	1.4692
281.314	895.137	-17.925
459.431	-1455.07	24.4453
-1073.8	1250.02	-15.5044
-1332.36	321.909	13.5251
141.182	-329.77	29.0099
-262.042	-13.4098	36.1795
56.792	-469.101	59.587
745.452	32.4236	-17.0708
783.307	-264.929	-15.2843
955.206	562.116	-17.7642
-644.758	-407.674	3.86703
-610.585	-1056.98	13.1874
1428.24	-1421.62	88.3652
-1255.5	724.007	7.07146
-197.409	1454.16	-17.5883
497.523	-622.613	57.7723
548.833	697.388	-21.5827
-1492.29	-1278.86	64.124
119.108	-959.32	93.708
-937.638	1121.64	-15.5904
997.314	555.23	-18.0408
366.663	-460.873	12.1829
-1142.97	770.816	10.0254
-1150.21	133.413	-10.3743
-262.232	1370.14	-17.3785
-672.568	-702.221	5.14904
132.249	1427.12	-15.5478
92.9803	827.141	-17.3441
-1089.66	1270.74	-15.7469
5.42785	57.3507	-5.9847
701.452	73.4573	-16.7872
535.074	1316.28	-20.8573
-533.629	-440.848	15.4665
426.196	132.074	-13.1264
1437.64	-372.704	-15.0164
169.466	815.873	-16.6254
-574.228	-1318.43	31.7296
-325.107	-533.493	77.2196
-723.358	-118.93	-2.15586
-841.226	-582.938	1.14972
926.634	-49.5396	-20.9238
499.355	65.6911	-13.19
-85.2286	686.395	-12.8856
-991.41	1146.76	-14.6097
1333.41	894.999	-18.649
-531.524	196.917	10.1145
743.585	1301.6	-20.9349
-1129.48	-331.281	-1.8094
-32.3513	826.51	-16.4611
565.776	-1302.45	31.5012
139.236	-332.221	29.9823
1183.52	-853.21	22.774
-1011.79	-569.994	5.44653
863.968	1086.04	-14.925
-1434.01	797.496	9.76539
-1476.55	-215.372	-1.70263
1006.93	-1355.64	47.8242
-135.149	998.069	-18.0759
-1216.9	168.845	-9.67999
-1178.11	-344.484	-0.352068
-564.792	-912.387	13.7652
972.816	483.635	-19.005
1026.12	-119.095	-19.1487
-807.072	-871.321	11.0207
79.0037	1356.58	-16.5988
-482.268	-971.201	21.6362
1089.44	1099.26	-16.684
392.851	-277.092	-1.77506
-133.582	-272.674	65.9565
554.417	-999.503	86.792
-736.247	405.35	-8.1381
1299.14	964.075	-19.3402
908.975	-518.363	-6.95398
-596.51	1151.87	-17.4657
-288.153	1107.42	-19.8146
1011.69	1338.99	-20.6068
1466.8	892.498	-21.1204
-940.57	873.419	4.87024
1316.57	779.955	-18.5603
1157.21	927.136	-18.0171
-1336.98	-36.2872	-8.30194
-93.5537	1109.68	-18.1703
718.137	657.191	-19.9129
1025.38	-1064.68	65.77
112.53	942.785	-18.6314
-951.383	-145.204	-7.47261
-1230.43	1165.63	-4.81535
54.5583	-745.398	95.5698
-1129.13	1065.25	-6.82311
-1431.38	-1487.45	120.834
-1414.92	296.473	11.5629
-696.016	-1186.26	19.5544
1382.62	-888.107	2.25023
137.781	-601.9	51.0143
517.347	-168.509	-7.35696
1173.13	-1085.15	68.8587
977.554	-232.602	-17.123
-1199.07	932.622	17.1857
-482.096	1103.92	-19.3235
-718.372	116.92	10.2915
-226.179	818.968	-13.9999
-46.2598	47.2155	-1.96951
-227.359	-1223.9	66.3029
795.701	-1065.32	63.62
82.7687	-177.294	18.1493
-257.702	459.431	-14.2418
1199.03	-846.688	17.9968
-998.393	-396.434	-2.10395
414.671	-1005.68	90.2809
307.004	673.238	-15.7181
-41.7384	141.463	-12.6706
-1174.54	-778.251	20.4186
1157.39	-46.6798	-18.8648
-555.128	-35.2116	33.1234
-714.634	1017.94	-15.6705
-387.842	-869.346	31.3498
1301.71	-1410.45	89.6823
1211.63	102.315	-20.729
122.671	-886.218	101.603
810.97	-441.187	-8.74493
-1368.5	877.857	28.0548
808.938	620.203	-17.7654
81.404	177.936	-16.015
1016.02	867.121	-18.9978
-904.559	750.917	5.77674
-672.831	384.898	-8.39834
-1427.45	937.294	26.6984
-304.082	-157.441	61.152
-549.715	-1126.84	16.7067
1378.15	-882.309	2.28256
-781.87	-940.432	12.5485
-182.589	218.124	-10.9048
-733.566	-992.09	12.197
425.06	-1440.43	25.4535
-799.952	-330.762	-2.27393
673.524	1302.5	-21.9684
267.561	-1481.31	29.9055
88.2566	-359.628	45.8749
1016.92	1450.78	-26.4913
-1211.13	501.613	19.1012
-1213.31	1028.97	5.12544
-1168.92	953.115	13.7204
-967.577	1320.37	-16.5382
-371.697	-1173.34	36.5323
-1075.37	-96.6372	-6.18429
-1068.36	-847.799	26.0522
-910.344	707.251	4.17907
606.973	376.826	-18.8867
-1320.79	1309.06	-9.22526
-1337.97	-1055.34	55.2548
929.539	-31.0214	-21.294
531.411	1017.15	-18.2017
563.035	-812.069	98.6415
754.92	-1260.81	31.0412
-839.645	577.294	1.97148
-746.284	561.802	0.341732
-323.595	951.068	-17.5088
1358.69	1495.54	-26.3372
-392.718	78.4316	27.2007
-1438.99	-620.314	16.6072
-1384.22	987.621	31.7935
-891.932	98.6406	-8.14871
1436.75	-1257.24	98.1034
470.312	39.4354	-12.9855
417.648	1141.64	-20.9841
766.834	1305.9	-20.9878
-442.559	-898.163	24.5874
-116.411	-1398.15	61.2091
734.16	-983.721	84.8406
782.952	89.9634	-19.4354
1047.38	-718.865	10.9225
-1441.19	1362.61	-6.93763
-669.91	-779.503	6.69049
557.4	-445.138	11.3377
637.784	1316.39	-22.4651
626.412	-69.215	-12.4043
-109.083	-981.078	95.9467
462.51	-381.583	0.334252
1108.31	459.388	-18.6321
-63.2195	-518.127	95.4034
339.823	1155.76	-20.6362
-949.716	-1407.61	47.1297
299.819	1424.13	-15.0564
-1428.71	-168.16	-4.40158
321.02	-663.4	54.3227
-846.6	-250.746	-4.67823
-985.933	-275.219	-3.79418
671.891	17.2819	-14.4832
-1253.32	894.146	23.3534
701.205	-494.43	9.28601
-382.364	-1060.22	32.4245
418.819	-1279.56	32.9647
-750.35	236.242	-0.255889
994.593	550.108	-18.1207
1345.75	-1097.69	66.1195
1376.37	-395.81	-14.6294
-370.135	-277.878	54.0984
720.649	164.353	-20.2419
1458.96	1091.38	-21.91
-1175.69	1234.84	-12.3704
793.468	1361.1	-22.948
-294.743	-999.664	49.2115
-1071.71	-1201.96	41.3833
-527.925	-546.914	16.7178
767.661	-400.566	-7.28423
-1461.76	-410.188	0.33748
-103.898	1354.67	-17.9113
423.756	-419.065	5.47653
-213.401	268.172	-12.456
-1438.2	-675.555	20.6352
497.308	-1119.42	52.6773
620.57	870.543	-15.9846
-1308.58	1429.25	-9.48987
-76.8164	905.969	-17.2047
478.865	152.185	-14.7662
1483.49	-212.03	-21.0181
1002.17	-835.756	58.7014
-735.813	-744.842	5.20056
1174.04	-527.935	-9.36608
-1074.5	1026.63	-6.41104
-1393.02	162.012	-4.23436
1344.43	-814.1	-1.62651
-1065.54	-727.596	15.0391
-644.08	-1133.86	13.9519
1449.85	-1209.77	89.2143
-1234.04	-839.638	31.0351
-546.331	214.582	5.83115
-630.771	441.288	-8.24671
-181.46	-822.669	76.5289
-378.649	151.737	10.4434
-433.833	-817.747	25.3992
1019.5	-1065.43	66.0063
-1368.81	1346.75	-8.00814
1314.78	990.69	-19.7668
1407.57	792.109	-19.0355
333.374	-1238.07	39.5313
1251.4	1107.6	-19.5609
111.412	-98.7254	2.36572
1227.06	-1073	70.9823
-937.938	957.82	-6.21772
-1130.25	-57.7689	-4.52224
1024.97	1377.88	-22.9347
-198.149	-103.696	38.9271
-827.742	752.304	6.78655
-1023.55	-583.767	6.29038
-317.852	-254.411	65.3857
326.898	1059.95	-18.1836
-463.798	1091.42	-19.1157
-170.071	1156.98	-18.8464
249.436	1335.21	-14.8199
464.048	1209.05	-22.2416
663.883	-1204.58	37.4112
-28.9353	-827.768	106.689
-40.6705	646.622	-13.5332
3.23891	1315.16	-18.481
707.117	1450.7	-26.0033
-1377.18	471.884	43.8705
-1093.84	-5.65046	-6.84721
431.041	1398.89	-18.4775
-1240.55	-1452.94	90.5267
-1489.72	-1419.91	107.54
209.609	282.25	-14.4547
-261.586	599.42	-12.1194
-1300.75	556.654	27.4357
-1183.94	-858.788	29.969
-1066.83	424.566	5.31892
-1160.8	-161.255	-5.07421
1420	133.741	-25.1514
-273.112	-898.278	51.5907
-1404.49	-1059.12	41.767
-1229.64	1274.92	-11.8535
-487.026	-83.8892	44.4887
-1143.21	-518.109	5.57064
-285.194	1184.53	-19.716
-1432.45	285.572	9.60247
-192.351	590.987	-12.8759
-659.568	1189.5	-17.0682
1124.7	-1433.32	54.1114
-1242.9	515.838	23.9691
-1187.63	-1493.39	91.6819
-501.085	-832.227	18.674
-539.885	-893.592	15.6151
1100.64	-98.2151	-18.0172
-584.115	796.461	-8.69105
987.076	805.488	-19.1198
-139.044	-208.519	50.6961
-383.185	786.788	-12.1794
-1073.56	-832.453	23.388
-1232.72	-1077.83	50.6517
-374.897	1289.89	-18.3171
-228.704	-336.747	83.8375
137.827	-1400.8	37.2002
-1356.02	789.656	9.93429
-1487.72	-619.912	8.54202
-786.825	-295.365	-3.28806
-2.20532	806.365	-16.2339
283.344	-1314.21	34.7398
1160.98	-63.6982	-18.5511
507.538	-404.027	4.67071
1218.92	824.87	-17.865
-273.744	573.797	-12.0998
-1454.45	-288.785	-1.1838
-58.2802	112.148	-8.40955
-1089	1468.5	-12.9913
-699.491	-1195.56	20.6518
498.904	377.932	-18.3218
671.609	-404.624	0.1396
186.961	-1159.75	53.1585
-499.039	899.56	-17.1957
116.391	419.016	-14.5217
1496.2	889.611	-21.8391
1116.61	-430.173	-9.3909
526.329	104.603	-13.9548
1431.4	-1380.91	91.8121
1222.55	-63.6057	-18.1176
-101.661	965.144	-17.3578
-1339.39	-1493.97	105.36
-220.849	-182.081	54.8881
665.727	-1349.39	27.7101
-672.204	1361.4	-18.0903
-1299.39	-894.447	45.3887
-1460.65	-1086.14	31.3522
-1129.3	1318.76	-14.3826
970.071	1284.7	-16.6699
-1.67356	-102.323	12.5737
220.846	-295.487	10.2267
-1022.87	1057.57	-11.8918
-662.452	-1014.64	11.7043
982.629	230.998	-20.5073
26.0101	1276.31	-18.7165
358.883	-121.038	-7.42623
854.422	-496.592	-8.34173
-390.333	566.314	-11.6798
1122.7	-109.408	-17.5718
379.247	-693.745	69.5531
-61.9059	720.298	-13.9229
468.266	-1316.83	30.6166
959.832	878.22	-18.6179
308.857	-43.597	-8.63123
272.474	405.121	-16.3542
-957.278	-626.451	8.27503
92.6615	770.011	-16.6409
1407.19	1321.06	-25.3568
834.024	-1280.9	32.8873
145.568	164.769	-15.185
-816.827	-388.652	-1.23803
-361.724	315.333	-10.3939
-953.506	413.946	-2.50002
-938.009	-526.336	1.4558
-992.763	1297.69	-16.6785
433.343	-709.887	79.6588
-179.815	-193.404	52.3123
1340.01	349.338	-21.8409
-1123.23	-166.726	-5.40167
871.472	1243.64	-14.7407
-366.945	573.867	-11.4028
174.974	642.161	-15.8755
1412.91	827.524	-19.2432
608.809	-1336.07	29.7375
-379.245	-557.337	50.4448
993.209	541.306	-18.2686
189.225	-119.408	1.72239
809.53	441.291	-20.6254
-975.81	84.5777	-9.59614
-208.421	1121.1	-19.0795
-521.91	-118.946	32.1132
843.401	-1123.95	54.1144
1437.42	950.245	-21.4109
475.035	-703.45	78.7343
-938.096	867.739	5.28178
-465.72	277.638	-5.90095
-1469.91	-161.422	-1.92877
260.987	1480.09	-15.7248
-253.431	117.859	4.36714
184.972	1046.97	-19.2854
1243.05	252.879	-21.71
-1444.14	-1166.71	41.6746
-317.023	621.222	-11.3674
-754.235	-102.746	-3.57972
-956.246	-1419	48.5702
680.105	542.174	-18.6529
-201.843	309.945	-13.2548
-1467.46	1191.1	0.923213
1296.8	-1046.62	60.1497
-182.438	1417.16	-17.6725
933.913	-33.0029	-21.3481
1306.61	-637.402	-9.02582
-208.794	127.011	-0.795564
-1413.19	184.964	-2.10117
-723.523	-567.099	2.46421
-105.747	-1124.07	95.5581
378.995	-155.228	-6.62479
-1099.14	1430.57	-13.4328
874.811	1430.11	-26.4075
-274.894	-556.059	96.0241
1373.47	1050.1	-21.2654
-450.607	-1273.98	27.7033
80.4501	-326.078	42.931
1280.56	53.7972	-20.756
516.668	425.681	-18.2992
1051.33	1390.71	-24.0888
-612.272	-866.663	11.8457
1478.28	-1499.31	77.4541
-810.451	-1282.95	30.37
1434.52	-1174.23	76.3062
643.095	-493.826	16.4605
-1433.17	-1183.74	43.7528
86.3625	944.726	-18.0651
-235.011	-1455.7	55.025
-1207.43	-291.002	-2.38636
-1299.44	442.93	33.6866
-1201.19	-767.711	22.1516
-370.274	-1232.76	36.6847
119.546	-1310.68	39.1646
-1414.63	1027.01	23.95
320.379	-98.7893	-7.33887
-682.464	938.74	-13.5532
-5.40653	-1070.96	98.1886
507.875	1028.97	-18.7211
-798.314	254.802	-5.19954
1363.27	-277.075	-18.6769
1219.31	1259.47	-19.4517
-151.133	305.575	-13.5635
-467.189	-361.927	24.6296
1229.22	-883.278	19.6879
625.416	1340.69	-22.5282
-1377.99	-776.335	34.1338
742.501	307.221	-21.687
-1497.62	-1192.67	43.6189
165.158	396.359	-14.823
1421.55	537.342	-22.6881
737.736	-1347.47	25.6702
486.013	-1412.92	25.8376
-634.186	1181.45	-16.7186
1488.01	1350.43	-27.8645
-1106.72	-1406.88	69.2631
693.473	1218.79	-22.0649
-688.693	-837.02	8.03252
974.635	-568.715	-3.79883
783.265	-974.755	80.939
-309.177	-1445.24	49.5775
792.425	-804.301	74.3052
-1410.1	925.36	27.8341
1172.04	-964.031	47.7894
-50.0164	1051.8	-16.824
-347.579	-712.309	47.8269
-569.718	-530.332	11.4134
590.945	361.102	-18.9022
12.3516	932.467	-16.4852
-236.06	131.568	1.00509
1442.83	-1396.3	89.5427
734.738	-1055.91	66.0737
-638.253	-388.747	4.17507
430.135	1393.48	-18.5138
-750.567	1070.57	-17.1449
-165.3	1262.69	-17.1461
143.355	-387.698	33.3068
733.93	-379.539	-6.62634
1330.5	-1408.95	92.5503
1060.84	545.508	-18.2245
-1249.66	-784.373	28.2296
732.173	136.866	-19.6653
-1498.33	299.052	12.3823
-1125.6	-1458.68	77.9344
-415.844	-1435	43.7174
-819.229	-8.38654	-4.68166
89.1628	624.41	-13.7169
1419.97	441.786	-23.818
314.74	1311.69	-16.8649
985.552	944.15	-17.5142
-1415.34	605.327	18.1584
208.047	-1049.97	70.392
396.279	-323.593	-0.0824512
-323.21	390.058	-12.5003
1304.76	192.905	-23.3071
1369.32	747.406	-19.6459
569.212	-978.215	92.2371
1411.21	-675.02	-7.35487
-263.736	1248.48	-18.0942
-261.249	1086.66	-19.4518
-991.169	480.942	4.23576
730.872	962.098	-17.0331
1035.97	1376.84	-23.105
-1196.96	875.067	18.2727
-330.886	1329.41	-17.7986
-990.391	-512.416	2.07509
-1432.66	-65.3664	-3.67045
956.363	565.243	-17.7036
1.1164	925.727	-16.2948
52.3806	-1486.11	41.4701
1428.02	121.122	-25.1762
-1490.05	475.762	52.3594
-839.197	-347.171	-2.01899
-1283.98	-1052.84	55.9394
-137.883	429.522	-14.2137
-258.019	-873.506	54.9299
15.0308	806.489	-16.4533
72.3875	-1433.07	40.6123
171.807	-179.277	9.10706
413.518	240.253	-17.1314
-1250.37	445.056	24.6274
1487.42	-1438.9	81.4809
-979.981	83.4729	-9.61193
973.681	744.803	-17.8759
197.204	319.851	-13.9845
-29.4892	921.615	-16.6023
1428.98	-640.915	-8.66503
-64.5064	1482.89	-16.347
-947.801	1221.07	-16.1759
-477.907	668.054	-7.61127
223.918	403.576	-15.7517
119.44	809.424	-17.1001
-236.074	-488.926	105.67
1432.37	-948.652	3.74623
1386.5	-1262.54	101.636
16.9259	-1446.56	44.5171
-1437.19	-1186.59	43.4033
-537.165	-848.311	15.328
-713.82	-1321.25	37.9095
-1156.43	-939.058	38.5836
-757.521	1218.79	-18.709
-1409.82	-1225.45	47.4384
-38.0686	678.727	-13.8521
-1383	847.814	20.1387
-685.183	136.556	16.1915
89.7287	858.401	-17.7175
-912.622	23.1749	-9.05406
-280.359	1295.96	-17.8464
-145.899	101.406	-1.81476
-915.208	-630.409	7.15434
390.568	-1291.83	32.9908
178.607	-85.3206	0.196177
-118.888	1201.63	-18.5295
1482.66	424.821	-26.0703
288.099	292.004	-15.1761
1221.74	59.5489	-19.4018
-504.874	-473.58	19.9905
-496.328	1310.06	-18.4327
-1220.05	-1162.33	45.7508
-1007.47	-93.1924	-7.9269
668.601	-565.292	23.1783
1299.33	1304.27	-22.8895
-47.6376	-597.351	98.9054
683.581	-1201.62	36.8886
695.101	-1114.07	49.7503
1219.89	-1279.18	86.0034
-1469.87	-41.021	-2.44551
639.981	-1363.97	28.0543
885.976	666.374	-17.3273
-384.656	-1379.25	37.2009
1484.82	734.185	-21.1126
-664.107	1300.8	-17.5548
-885.909	210.871	-8.77836
-781.525	858.214	0.751938
-289.275	-948.191	48.2506
203.04	-243.336	8.65842
394.131	-652.464	57.8833
1020.69	125.942	-21.7372
1398.85	676.795	-20.6959
796.318	877.638	-18.5121
939.633	161.888	-21.4409
-1212.49	29.998	-9.79405
227.024	1229.5	-17.6819
-763.11	-572.985	1.24373
752.791	-393.106	-6.74733
-1012.92	-1236.06	45.1149
1420.43	-737.476	-6.70077
1462.09	-817.967	-5.43401
1358.51	-313.563	-17.738
-1123.04	962.929	7.53349
1134.66	-1057.22	62.7083
485.934	1216.43	-22.2674
1314.71	886.276	-18.335
814.881	-852.953	85.5459
1069.8	-248.247	-14.477
436.23	-1491.59	23.6867
-228.079	554.846	-12.7305
-569.327	1396.72	-17.965
-1368.46	634.661	11.6353
973.472	-517.347	-6.45561
-434.495	-782.306	24.6068
157.585	-644.728	54.0003
870.578	1348.29	-20.9694
-844.24	259.732	-8.97254
1143.25	673.556	-17.2324
824.695	-980.505	79.2914
277.058	628.262	-15.8191
668.631	-1413.49	24.7844
-150.184	1422.72	-17.8299
-1260.99	1029.24	10.5227
969.479	-1455.37	27.9466
868.144	-432.867	-10.1974
321.029	-1201.08	43.4446
-850.579	612.904	1.60169
-941.687	-74.8579	-9.31542
-93.2848	1007.21	-17.6831
-659.627	-1352.8	42.7274
905.252	1014.7	-14.7082
848.588	1471.36	-25.6791
643.808	791.25	-18.7558
-1396.43	-1153.25	46.5553
1431.43	-328.504	-17.2363
828.382	-1036.25	69.9182
-853.183	-1241.19	33.877
-1217.34	993.708	12.8538
-191.754	-1044.82	82.0978
-942.01	-1403.76	45.6909
1499.07	-1162.22	54.88
613.119	-1131.8	48.5168
78.337	-1453.15	40.4699
386.601	690.75	-17.6107
-305.861	1047.62	-19.2609
570.754	606.922	-20.7197
-751.649	-1393.11	48.1506
92.0231	-115.871	5.53802
1434.83	-145.513	-22.9499
841.815	1392.86	-24.0512
702.545	-169.037	-16.5161
-1167.11	407.588	12.2539
-1381.23	567.052	29.5817
-1010.49	-212.443	-5.64793
131.586	310.927	-13.3874
1116.02	-447.93	-8.90468
-459.592	337.778	-9.17648
-1455.92	544.352	41.583
454.701	-1160.52	46.265
361.649	1351.34	-17.5957
805.877	110.098	-20.7228
-759.093	1158.41	-18.3309
1423.07	1352.44	-26.3879
684.628	1045.4	-19.4482
-799.388	-792.754	7.23609
209.548	-778.003	87.3496
610.727	1189.64	-22.3173
-1171.57	-872.344	31.2145
-1254.2	-1019.78	52.2587
-487.268	-1458.07	47.4648
348.195	-1137.9	55.3973
-1218.34	189.516	-8.96478
427.369	-780.421	101.686
-779.587	-502.158	-0.584157
692.321	-628.038	35.5447
610.207	-1376.25	27.2466
1237.74	187.367	-22.2982
573.667	853.231	-16.3477
-699.771	-370.189	0.990809
-418.268	-47.8329	55.2594
1112.83	-987.033	57.7849
1320.67	-1310.59	95.8068
616.691	-102.579	-10.8734
1069.43	-669.932	2.65206
-252.658	328.137	-12.6029
284.619	1306.45	-16.1362
165.217	613.389	-15.005
-1457.72	-534.893	5.78975
-1382.09	196.767	-0.442494
515.715	978.028	-17.3364
1048.49	1206.73	-17.3454
-614.059	-708.041	8.50589
1298.76	1094.15	-20.2094
-1359.77	1311.65	-7.89118
1419.32	-1457.21	83.6673
-440.271	-1248.68	27.6006
215.152	-161.947	1.5364
-416.522	-1293.36	30.9086
164.622	242.725	-14.2601
-135.941	-1107.95	92.598
112.539	469.989	-14.2199
694.399	-326.295	-8.84568
511.691	241.124	-19.2833
1442.27	-1491.66	77.5313
1338.63	-15.986	-21.8173
597.691	327.028	-19.613
-634.109	-48.8204	16.296
235.645	-351.57	10.2683
-328.222	-0.495917	44.322
-1042.54	69.3449	-9.13435
-1156.13	1208.65	-11.867
-577.196	1392.71	-17.8658
-611.729	-1433.54	47.2316
1315.54	-808.972	-1.27735
1326.39	-1237.7	97.9768
-282.187	-142.365	59.3637
165.075	50.0505	-9.00475
-1086.1	1369.44	-14.7129
-59.021	-329.713	75.7109
-291.094	1291.5	-17.9099
84.74	-873.482	105.509
74.8618	906.525	-17.6606
1027.34	-83.4411	-20.2832
808.541	418.292	-20.4944
1126.84	-1433.04	54.689
717.001	634.323	-19.5189
259.144	-1050.46	74.213
370.573	-1335.42	31.4972
-173.801	-108.424	34.1069
-1178.73	-866.923	30.7892
546.058	-539.034	31.6519
260.833	-1379.87	33.0494
215.386	1022.93	-19.3619
1144.84	209.584	-21.5059
1376.55	837.472	-18.848
-931.258	-1447.89	45.6152
949.092	575.875	-17.4402
-681.032	-1138.69	15.2869
-659.196	1269.75	-17.2887
-1483.28	261.711	4.58383
-274.839	-173.447	59.8072
-1020.81	-660.172	12.8604
1479.59	-122.538	-23.1562
1021.59	-445.02	-9.02727
-214.103	-1445.02	56.6644
-506.405	1332.03	-18.6033
-75.6076	415.472	-13.1684
1205.18	-991.372	51.8356
935.718	789.339	-19.0592
61.1564	-451.5	59.0748
-760.01	842.186	1.36157
776.378	1418.19	-26.2343
-1256.91	-1339.35	64.7789
41.3904	-242.34	34.6426
-1338.82	-1465.89	98.549
-1195.87	907.248	15.6412
802.475	394.781	-20.4167
-638.482	944.701	-14.8525
1355.27	209.239	-24.3298
1348.03	-1031.01	44.9478
981.926	-1237.28	62.4518
500.482	1265.07	-21.3274
-284.308	-603.543	87.5393
1069.05	-98.6178	-18.5223
-269.738	-823.291	53.9094
-1048.16	1399.55	-14.6384
377.567	-788.853	102.411
-709.717	229.191	3.52795
-665.508	-276.822	1.57668
-238.316	-1422.04	55.991
567.773	-1484.43	22.9245
1245.96	135.721	-22.2139
-565.145	-1104.25	15.7125
1070.89	-573.792	-4.3211
-453.947	-789.296	22.7083
-1037.74	-689.931	13.9497
-229.94	-680.825	92.4859
1437.92	-1285.63	98.3664
-359.583	1391.28	-17.5276
-830.91	648.109	1.74969
-927.973	-967.813	29.3382
485.356	1010.19	-18.1186
-401.011	-950.528	29.3609
-780.171	766.96	4.65372
237.306	610.357	-15.9364
-902.721	1429.08	-16.0518
361.264	385.71	-16.4387
-1194.92	-1035.58	48.77
201.093	1433.53	-15.038
592.833	1100.92	-20.5536
-424.814	139.475	17.1245
381.907	128.149	-11.5054
-424.119	-988.017	26.32
-179.242	-157.261	43.4143
-386.823	1038.39	-18.6589
-774.408	596.793	0.378487
-992.149	707.648	4.07226
379.8	-579.783	38.3018
-45.1904	885.124	-16.7431
435.693	867.764	-15.9768
-944.952	-1073.03	37.8948
60.176	-764.859	97.4555
-491.484	611.37	-10.6134
439.049	1160.91	-21.5954
-1423.17	1220.89	-3.6863
-784.045	-1271.19	31.1813
229.702	452.32	-15.6789
1283.16	-467.494	-13.5184
598.391	-665.354	66.0799
-597.162	-340.087	6.27055
553.969	-218.838	-6.33428
-1232.37	720.378	7.18682
-466.615	66.9646	33.7369
-875.648	-737.484	10.0552
517.408	959.91	-16.9173
486.536	-390.03	2.061
-1019.94	-796.096	20.3566
1001.12	-189.276	-17.7578
-762.356	-219.308	-4.12819
89.4245	-725.329	84.4194
117.914	117.484	-13.1809
849.629	-1193.65	44.9468
-796.642	828.217	5.67839
1479.21	1294.65	-25.4794
301.349	912.785	-17.5813
-647.541	28.2273	16.6511
1006.54	1450.82	-26.6385
-811.132	135.049	-2.49671
373.3	1352.76	-17.8029
725.769	790.191	-19.415
-140.311	-52.2691	17.8724
-322.856	-1267.68	46.0375
-70.5834	-1189.79	77.138
-2.60858	1450.23	-16.0622
1414.09	114.957	-24.8642
-1197.42	693.099	6.12546
1084.25	403.758	-18.1772
8.00914	-1271.42	54.6754
693.617	-1465.49	22.8142
1159.77	-118.331	-17.0988
1462.4	1356.61	-27.709
-1115	-1195.05	41.9163
1121.8	870.565	-18.606
-659.95	-1003.54	10.9396
-1146.21	220.34	-9.1332
997.706	-66.0296	-20.9784
-644.966	-635.903	6.64105
-849.082	1332.09	-17.6905
-650.049	-321.347	3.22226
-826.421	1013.75	-14.6663
335.077	1236.94	-19.9887
348.676	-482.289	14.9979
402.099	236.397	-16.5401
-30.0788	-693.607	98.3762
1345.37	-1396.72	95.6366
-585.215	537.059	-11.445
854.47	-1025.47	71.8971
1475.55	643.63	-21.0892
-721.843	-1127.22	17.7397
428.587	865.328	-16.012
451.89	728.923	-19.4405
-676.776	-1120.87	14.0853
-1288.52	1458.98	-9.95815
-894.472	-401.295	-2.10213
-423.036	-726.251	28.0473
-1109.54	-402.727	0.697622
530.681	-925.863	105.89
233.245	1074.46	-18.9567
-1316.34	-913.899	45.5943
1223.46	360.825	-20.0576
-788.59	1230.16	-19.1078
-468.256	915.278	-17.7333
-1284.81	1043.14	10.4262
-142.844	1112.63	-18.557
-842.995	-1484.38	44.3577
222.535	-172.997	1.06675
-114.749	1391.38	-17.8962
572.731	327.615	-19.3317
497.745	-1429.16	25.0723
477.849	-788.303	101.235
623.257	-332.311	-4.1444
-1087.82	715.884	7.17947
-410.409	305.18	-9.07905
1034.86	-39.473	-21.5587
1313.92	-980.939	33.0604
-721.861	-326.355	-0.640544
-1451.65	1193.98	-0.544588
711.486	1099.89	-21.1687
-165.404	-1319.83	68.3486
562.183	-199.247	-7.0872
403.269	-558.852	35.0257
-1342.81	-619.869	19.7773
1273.45	177.216	-22.3944
-130.461	-197.079	46.7863
305.615	1418.23	-15.1635
521.14	-416.214	6.70014
-599.581	311.696	-4.5744
-178.259	-762.159	85.8666
-1160.2	-598.524	8.69271
-1128.3	315.324	-2.96633
90.4687	1011.1	-17.9026
216.119	-840.831	102.413
421.666	-9.68879	-11.193
-311.646	-731.947	56.8196
-673.524	-236.557	0.838979
-1150.24	-1304.37	52.619
70.6162	-858.361	107.66
1482.93	44.6962	-25.1737
30.9534	1313.84	-18.3192
1460.38	802.843	-19.8194
221.182	-207.01	3.31163
-372.778	561.916	-11.6959
790.572	-1353.04	26.0977
389.402	-1232.89	37.925
-799.817	-1494.93	53.0443
-501.643	574.335	-12.6644
-3.82296	926.113	-16.2681
826.822	-167.291	-19.6596
-746.22	301.063	-5.80979
-69.2304	-151.085	28.2686
868.639	-1317.19	34.4559
405.731	776.343	-17.0068
1110.45	1205.76	-18.0466
385.692	-266.668	-1.96615
-93.7467	-353.407	83.4589
-1174.52	-1262.2	46.5878
-1134	689.55	6.07656
-450.17	-291.736	28.4019
-933.586	949.832	-5.09311
117.125	1234.48	-18.1856
44.5274	-927.351	103.168
-1287	25.0394	-9.99932
817.738	-832.069	80.8601
-538.042	-913.551	16.0615
-318.584	560.647	-11.6974
1005.79	1114.3	-13.7198
-987.877	1214.02	-15.8013
-937.832	27.6386	-9.20975
537.597	996.474	-17.725
619.485	392.74	-18.717
903.546	639.121	-17.0042
-951.684	-591.596	6.39755
-1138.56	-759.817	15.2011
-220.741	-288.906	70.7132
1402.65	1124.47	-21.2095
-834.767	1496.43	-15.6167
1292.61	64.0657	-21.1981
-47.6221	121.884	-10.2659
374.668	227.567	-15.1705
-721.451	347.632	-7.58653
1352.3	-456.093	-13.8604
824.59	179.012	-21.8011
918.578	-781.092	53.3952
-1324.88	-1142.61	50.6661
153.891	474.651	-14.4182
586.993	885.013	-15.6263
1416.37	-1178.48	79.5999
165.165	-1233.41	45.4685
-1491.9	493.995	50.7723
785.078	611.719	-18.0374
-683.346	-157.804	1.771
354.324	-1099.81	63.2391
601.746	-1106.21	53.2967
1343.2	-996.714	33.1312
208.563	-661.471	53.12
1295.04	-256.085	-16.9805
-1006.2	-1038.87	42.0341
1437.27	-513.402	-12.2281
-320.579	401.787	-12.7714
1435.03	-1314.66	96.4136
1004.18	50.178	-22.3689
-931.683	-1370.77	42.8702
-934.318	879.793	4.31653
685.187	-990.648	85.414
-1002.53	-1380.9	55.1777
1259.05	-583.287	-9.35471
-845.911	876.012	2.91757
-1176.17	-878.559	32.1242
432.54	974.646	-16.5197
-492.329	883.314	-16.9551
-896.697	-251.843	-4.53875
597.269	374.181	-18.8058
387.497	1170.36	-21.3605
-380.753	-131.151	59.7438
57.8904	709.637	-15.56
1281.31	54.3698	-20.7537
-1469.14	-737.785	16.4385
-420.529	189.475	6.60987
608.17	984.012	-17.1214
-1056.65	-1075.85	39.9719
1317.69	-1140.54	84.07
-617.726	-77.1033	18.595
-451.906	1108.53	-19.3355
502.979	1229.31	-22.1219
1026.9	-312.178	-14.2336
-1494.73	308.936	14.6842
883.25	274.156	-20.9234
-291.524	636.64	-11.7192
-1470.75	-1165.57	39.2962
-1476.97	603.559	20.1301
897.996	642.583	-17.0683
942.473	919.982	-18.2302
-1015.26	-522.819	2.73409
-293.84	-344.875	82.6609
-19.9714	1243.38	-19.1731
-933.889	-262.274	-4.20586
-723.676	1362.78	-18.4881
-736.283	16.5892	2.54486
896.351	431.898	-18.6507
1111.36	-496.547	-8.41813
-64.2759	56.3189	-1.76051
272.195	-1272.92	37.9552
914.14	732.909	-17.7609
319.656	1145.88	-20.2104
-761.76	-851.922	9.09188
-807.253	745.147	5.32475
1149.58	-442.092	-10.4707
-711.208	1344.88	-18.3331
-1440.47	-155.066	-3.75567
-1374.75	215.408	1.30772
-1457.11	53.891	-4.14653
-1330.42	951.891	33.6309
988.446	-1091.73	70.4218
1387.2	1063.63	-21.422
-1139.19	318.064	-2.30455
-623.18	-1269.18	27.9302
480.446	-1218.5	37.1557
-690.737	306.654	-3.72846
-56.2481	1481.16	-16.2743
170.254	-475.43	26.5124
-1044.45	-662.792	12.4819
-199.216	-741.457	84.0332
949.42	778.288	-18.7737
-419.18	1272.56	-18.6578
-21.9558	444.665	-12.9021
1387.22	901.175	-19.4687
655.157	-1194.36	38.6128
310.24	-187.335	-3.6057
1456.06	1034.37	-22.3338
-951.132	-742.208	14.7792
340.022	-891.508	119.654
-851.662	-266.331	-4.18093
356.797	201.228	-13.5998
-1246.65	794.316	12.0869
-302.788	667.773	-11.2229
-657.013	-1007.1	11.107
1382.73	-1297.37	98.26
1306.17	-1420.31	88.5891
-1486.41	-871.134	17.873
-491.447	-1322.06	27.0029
-936.412	807.337	8.89158
-895.725	-881.035	18.8988
-692.689	-676.143	4.38533
1380.57	38.7087	-23.2957
-113.911	569.247	-12.8954
-162.677	-867.57	77.78
-682.621	-1258.63	27.242
618.269	-1015.63	80.5413
695.348	850.085	-17.5743
-988.571	-236.314	-5.07072
-1259.08	226.898	-5.95125
116.571	910.335	-18.5908
-42.9755	1081.14	-17.2229
-1481.21	-876.028	19.2314
-20.4112	-1092.49	95.7145
-1038.54	-860.617	26.8594
-74.6165	-308.067	71.3929
922.083	-882.296	82.668
-286.501	1376.72	-17.4452
-984.746	328.708	-7.65827
1345.28	623.136	-20.2159
538.707	871.735	-15.8866
-1165.03	-989.204	44.0697
-1373.82	13.082	-7.17042
-359.094	-962.928	35.8016
602.199	356.114	-19.1208
-485.033	-564.877	21.9637
-1466.39	-937.419	22.5205
1438.33	-248.33	-20.198
-1342.36	1297.02	-8.32052
-1370.31	-673.056	25.2499
-1249.58	-366.491	-0.366501
338.629	-604.596	39.5742
-763.636	-500.368	0.00545202
1209.75	-594.805	-8.52516
311.64	922.52	-17.3819
807.458	228.256	-21.5933
495.677	-961.307	105.418
754.904	389.25	-20.6569
-1405.06	836.277	15.8786
956.041	-941.12	74.3403
33.9325	-1330.3	45.3495
678.222	-1355.34	26.8432
-52.2939	-1487.98	48.1813
966.939	-725.022	24.4415
-443.349	-92.2794	52.8955
-196.748	492.912	-14.7906
-1201.45	-390.891	2.60089
-770.226	728.026	3.12172
1263.74	-1365.4	90.92
-884.785	571.31	3.46365
-1125.89	791.767	11.4072
-762.899	-693.25	3.72931
-1423.49	-200.372	-4.4162
1319.29	578.958	-20.9167
952.143	-733.872	30.0014
827.832	912.401	-18.1303
259.136	781.641	-15.7019
827.702	1028.73	-16.6301
918.689	-385.345	-12.1664
-608.481	426.039	-8.94177
386.843	-641.915	54.4352
345.541	-903.304	117.992
195.629	215.736	-14.7901
-283.259	-484.657	88.842
653.914	241.16	-21.8377
900.553	-530.495	-6.24392
1354.53	378.475	-22.2205
1298.18	-802.953	-1.38898
-956.204	502.415	2.94885
921.423	555.213	-17.7388
604.3	-636.202	54.4761
1145.74	-636.663	-5.41074
1460.51	-475.27	-12.7697
532.744	-276.401	-3.87972
-162.018	979.338	-17.9017
-6.17856	783.954	-16.1091
118.879	-910.141	99.085
1486.65	889.877	-21.59
295.508	-1489.07	28.1222
1270.68	-593.805	-9.13977
755.586	1244.05	-19.9012
-1328.28	-1136.93	50.9327
1351.41	-477.449	-13.299
-789.914	-1211.45	27.2027
129.206	981.214	-19.0519
-563.943	966.27	-16.9029
-851.903	961.106	-8.88739
-71.3725	-809.543	101.836
-252.824	1424.05	-17.345
940.749	-424.282	-10.6121
-279.35	-1105.91	56.372
1306.94	710.692	-20.0303
369.461	1194.07	-21.1751
201.025	-1369.6	35.0017
1315.38	621.112	-20.7278
1036.3	-382.148	-11.5613
-1163.69	623.42	8.21351
282.03	-1262.29	38.5966
-56.9215	-195.729	38.8363
-282.858	-994.491	52.7821
-593.531	1238.54	-16.7218
1139.14	-261.405	-14.0023
400.233	32.7359	-11.5173
1094.09	-34.2508	-20.4549
1411.39	-1281.16	99.3166
-1024.09	-679.98	13.795
56.5662	1224.72	-18.3602
-24.8386	705.844	-14.7876
143.027	-318.357	26.2256
-98.2824	-804.892	97.4527
-1417.43	-911.871	35.0292
1411.65	1072.03	-21.6807
296.33	1275.34	-17.4622
-757.211	6.17448	0.536436
-1096.79	568.222	7.94355
489.744	477.988	-18.1203
-1215.95	-1018.69	49.6717
1452.8	-1289.77	97.6727
-809.662	-552.222	-0.0384579
1114.46	-1447.39	49.3372
-595.982	1215.09	-16.6473
-597.396	1384.87	-17.5959
629.753	932.949	-15.8588
-519.098	-681.547	15.4073
-454.33	-920.193	23.6924
1230.8	190.854	-22.3082
-356.917	-1170.43	38.8449
1176.83	1095.49	-18.3124
177.271	-758.84	80.9283
-496.298	-775.089	18.0857
-1249.85	367.719	14.1504
871.457	277.916	-21.0143
-469.313	-802.742	21.3797
623.709	-694.483	69.1742
850.772	1252.84	-15.6464
499.262	-1391.49	26.7219
-778.671	1068.19	-17.0395
830.463	1244.16	-16.6533
-662.007	-25.1448	12.9376
1451.8	1394.81	-27.1708
253.336	1157.28	-18.8777
591.433	-1321.1	30.5707
136.544	-806.187	97.7666
-380.581	-799.123	33.7449
-555.262	-1410.69	40.5581
841.596	-770.68	58.5225
1412.94	1280.52	-24.2495
-1296.1	-285.808	-3.5117
-229.544	914.912	-16.4201
1211.28	-319.72	-13.9211
188.575	181.841	-14.7415
-745.279	-458.367	0.463472
1140.1	-401.158	-11.0626
1066.66	821.327	-19.2329
201.376	256.969	-14.5545
-1439.8	102.398	-4.30907
411.025	594.808	-17.5245
-38.5468	-1096.2	96.3456
-342.396	-273.358	62.4044
144.76	216.1	-14.8477
-254.88	-550.694	103.093
1040.36	218.857	-20.3653
767.835	-1164.79	41.8611
1247.04	1218.17	-19.5096
496.297	-593.06	48.2734
-1336.69	873.528	28.109
100.218	-906.898	100.54
-800.661	137.248	-1.16578
1355.59	239.265	-24.522
258.582	1184.66	-18.5991
-393.751	-1485.5	54.3353
-94.8856	-401.797	86.1228
-472.004	112.031	26.2305
1096.47	-51.5676	-19.7744
-1426.66	1072.45	14.5771
946.322	-1203.44	60.2311
-612.619	-610.035	8.50851
-674.434	-1366.02	45.01
-997.646	714.918	4.43238
-261.077	-346.632	83.6241
-789.846	-168.365	-5.0381
-799.09	-1020.82	17.0285
388.99	829.926	-15.7104
-1061.57	1284.85	-16.2421
942.28	279.152	-20.2648
1214.86	941.604	-18.5724
-136.682	634.62	-12.8435
569.662	-1415.68	25.5408
261.447	-1293.72	36.4039
357.205	-230.899	-3.01678
-1353.82	294.914	8.55664
1345.24	425.655	-22.1584
908.105	-609.069	2.83883
-1058.22	768.829	7.85326
1307.06	986.098	-19.6667
730.795	1088.08	-20.2546
-171.117	-934.845	80.6487
1042.42	1071.32	-15.539
-75.169	258.188	-13.7799
-419.416	1155.81	-19.5869
1079.24	-1294.1	69.1001
460.055	-796.863	105.174
184.407	-501.501	27.8413
-939.456	1327.27	-16.6297
810.028	893.88	-18.3515
953.585	509.76	-18.6878
452.951	-1091.15	59.2804
-559.741	915.026	-16.3996
1283.66	868.634	-17.8373
-141.56	-1491.12	54.3454
638.739	102.08	-16.3171
1039.01	-217.745	-16.0815
-108.907	-1342.45	64.6203
-954.422	-804.58	19.6857
-1297.95	669.879	8.61891
-940.158	498.263	2.11932
223.154	288.149	-14.5562
-328.965	-751.466	48.4774
1311.07	-333.673	-15.8981
590.071	-707.645	77.5724
-616.072	-98.7126	18.4307
-84.1879	1497.83	-16.7383
67.5992	315.149	-13.393
-839.726	-290.219	-3.43813
636.405	-774.352	81.967
-1458.6	795.657	9.27244
-430.051	1039.51	-18.8463
774.78	25.8114	-17.9043
55.8023	26.4809	-2.46518
922.31	-1137.93	64.8033
-722.543	440.62	-7.31266
-576.894	367.51	-7.1285
312.524	-1044.99	77.062
-1232.25	-292.105	-2.782
-1022.34	209.941	-10.736
275.747	-896.305	112.438
1398.32	897.35	-19.6639
1287.51	-896.441	12.1654
774.751	664.936	-18.4898
260.542	590.47	-15.9146
269.432	-348.742	6.56322
188.078	974.16	-20.3814
-230.9	1202.42	-18.658
884.891	-941.567	79.8629
-362.228	-955.613	35.2902
1362.05	149.492	-24.0783
-351.873	502.399	-12.2571
-269.389	549.49	-12.3136
763.964	1048.65	-19.0603
41.5288	309.141	-13.4934
1129.18	-248.652	-14.2668
-9.08809	-793.037	103.455
-643.855	-251.19	3.09382
-1172.12	-595.278	9.18682
-1213.83	-915.482	39.118
1378.51	-763.151	-6.11194
1080.17	1482.99	-26.1268
289.243	-633.338	45.0218
1427.13	1340.94	-26.5297
-154.75	-841.461	81.9147
-694.637	286.867	-2.5631
-422.765	-1433.88	43.4326
256.798	1101.34	-18.7739
-95.3222	-1383.51	60.2373
-901.269	-200.642	-6.21899
-1140.24	1412.92	-13.4194
390.259	929.489	-16.0453
431.033	-417.868	4.86015
906.475	976.447	-15.922
-771.473	-1029	15.7367
44.4088	-496.094	64.4244
1346.6	-406.18	-14.613
176.848	616.975	-15.2679
1487.36	1033.63	-22.8342
-661.438	576.136	-8.49497
334.038	1076.18	-18.2009
3.48026	618.922	-13.0114
413.23	-1369.43	28.8106
773.192	551.854	-19.0494
-1206.15	865.006	19.6382
1320.35	-320.038	-16.9623
-710.261	926.583	-12.1693
1316.16	-990.989	37.34
117.225	1100.1	-17.9513
292.661	-701.293	66.5781
-1078.88	-1342.55	58.307
-623.962	142.474	23.1787
-1171.86	510.31	15.264
-854.873	664.727	3.47852
786.72	-384.956	-9.47266
-1007.87	46.4722	-9.23971
-622.458	320.581	-4.60085
593.749	-1442.31	24.5488
-1136.7	-1207.66	43.4619
-671.125	535.391	-6.34577
421.175	984.198	-16.5959
1312.55	-1481.15	72.992
-959.7	-991.393	35.9034
-27.0317	-1231.56	64.2338
291.892	-1072.61	68.7499
-175.826	-1407.08	62.1178
-146.259	455.663	-14.5445
-1062.33	-849.465	26.2234
-1209.69	565.298	15.4126
-358.386	-983.813	35.9087
98.4512	-688.195	73.2399
1419.32	1393.18	-26.893
-1472.95	546.44	41.679
-226.994	-242.904	63.4543
-717.96	1118.77	-17.9218
-1268.44	257.19	-0.180299
1375.44	-1331.23	96.6891
585.068	660.313	-22.0232
436.5	-1089.29	60.3898
1472.17	972.857	-22.798
-18.6571	1325.56	-18.3422
-273.209	907.018	-16.361
496.806	-176.187	-6.84281
349.945	993.887	-16.7511
-661.797	566.475	-8.17772
-1057.37	992.672	-2.31659
1215.68	-1272.73	85.2266
-298.539	-717.904	62.9784
557.84	1145.7	-21.8508
-698.585	-764.685	5.81169
-1122.13	-1124.51	40.7432
209.398	713.947	-16.2623
-135.778	16.5082	7.2269
-905.642	399.865	-5.34381
114.162	231.659	-14.5349
-376.283	-1493.56	55.2202
-835.736	491.052	-0.1742
182.822	1218.71	-18.0567
-1073.19	-51.4779	-6.01083
190.476	-463.313	23.965
537.335	-1237.68	35.5297
451.575	206.012	-16.3097
-28.7738	-617.719	94.7103
140.86	-591.415	48.4864
-2.22148	-134.469	18.6143
1443.55	-93.1489	-24.5394
-1277.74	34.9959	-10.1803
893.231	153.809	-21.7838
202.114	1128.44	-19.0348
-165.248	1070.52	-18.8235
1110.84	634.949	-17.3889
-577.44	-387.02	8.11233
589.004	1064.48	-19.4677
559.098	-1408.78	25.7743
753.095	-881.568	86.8584
-626.963	-742.308	8.02349
167.445	-550.641	34.979
982.025	18.8093	-22.5212
-1291.22	368.791	19.9842
-1284.27	-1475.56	96.3679
853.404	964.097	-17.1811
-1043.78	-630.787	10.8136
-1046.98	-232.949	-5.03796
-911.072	780.765	7.87959
-654.357	203.151	9.06065
907.118	343.923	-19.9316
437.589	-90.7044	-8.86572
1108.31	212.136	-20.7676
-362.823	-245.798	52.9518
-716.632	685.415	-1.20013
-1122.79	878.172	14.0717
1272.01	-198.392	-17.2461
1379.91	116.302	-24.2725
1431.89	-805.924	-4.67591
-1212.9	-1307.45	56.6372
596.343	-788.963	90.6509
622.857	-340.279	-3.63201
-62.1737	765.935	-14.9123
-510.522	-337.859	15.9353
-1298.77	1429.01	-9.70017
1284.45	-731.175	-5.4342
-831.942	1120.46	-18.0327
-401.894	-1441.42	45.2898
-1480.65	-969.747	19.6368
-318.228	-251.916	65.3094
-639.176	-1470.85	52.6224
60.4376	867.47	-17.2965
642.387	306.56	-20.5459
-492.578	28.9044	43.7802
810.39	1189.26	-16.7824
-377.84	-195.915	48.6555
-1062.08	-148.083	-6.62222
51.3435	768.214	-16.4496
1222.92	209.304	-22.2867
-1061.84	-840.281	24.5045
-1307.89	767.675	8.93741
-892.944	-929.073	21.4996
773.423	-697.715	42.0801
-1145.23	-530.681	6.11593
900.646	859.226	-18.9929
1183.14	766.061	-18.0862
1432.92	367.907	-24.2398
838.787	1090.47	-16.0237
1414.62	-1248.49	100.474
1012.7	1175.97	-14.7177
1051.68	-1007.59	61.5874
-169.941	663.814	-12.1101
1124.24	-819.057	27.6738
-1359	-755.928	32.9604
-476.028	-639.855	21.6908
973.89	-176.925	-18.4271
107.03	1322.81	-16.5593
-278.589	545.407	-12.2405
121.644	496.518	-13.5602
-700.617	-466.741	2.55305
1062.16	786.381	-19.2369
-598.621	730.483	-4.20755
-893.755	-866.722	17.8402
-647.852	-469.556	5.08985
941.778	-1001.39	72.2042
1197.24	-984.686	50.2673
849.001	-513.145	-7.19223
-1067.33	896.338	12.4625
-1288.79	-380.425	-1.38067
1337.01	-995.016	33.9539
-875.153	740.757	5.65069
-1018.32	472.516	5.7907
-912.369	332.868	-9.63115
-679.515	-1298.55	33.7177
-98.5871	1479.81	-16.9015
1128.82	152.315	-20.7099
-582.645	-217.342	13.2305
-1338.13	-1371.36	76.5443
392.787	109.434	-11.5758
-550.896	-529.746	13.9218
-1499.5	-470.99	2.67603
-1063.2	1110.36	-12.1777
-830.91	1066.65	-16.7913
330.903	-867.902	117.821
-333.207	-275.356	65.1467
1442.33	1063.24	-21.9105
573.089	677.535	-21.8258
-396.452	659.073	-9.03194
199.573	800.307	-16.2885
-1240.95	314.691	5.22834
43.2316	-166.073	19.9093
564.34	643.943	-21.4809
-661.466	-1372.97	45.8772
967.165	-475.433	-8.42213
54.7698	384.116	-14.1826
-56.3656	1338.08	-18.1406
83.535	-1325.19	40.7912
532.232	-881.666	109.997
-953.012	387.885	-4.19527
572.533	1134.87	-21.5891
-1120.71	848.571	16.5455
1181.54	539.996	-19.4667
-1170.36	497.171	15.5569
-986.392	-75.6659	-8.46555
696.113	219.414	-21.6875
249.512	1412.51	-14.5586
37.6157	1035.32	-16.527
1394.28	-757.81	-6.08824
1199.61	-368.145	-13.4492
-375.657	847.121	-16.5854
-986.086	-465.168	0.211804
407.802	626.228	-17.2424
-1435.57	-1304.61	65.8116
-1439.18	427.964	49.3366
762.729	1172.31	-19.7646
542.804	-494.289	21.9714
938.828	-417.308	-10.8935
35.7066	-1059.67	95.1646
862.184	-1153.5	53.1265
1413.18	107.736	-24.7721
741.904	-223.389	-16.0004
1269.26	-621.284	-8.74634
-1199.16	743.377	7.8602
370.87	-472.144	13.0139
-683.519	216.855	6.0162
-1434.84	-488.566	4.10041
-436.916	-701.483	27.5116
1047.4	78.9789	-22.2285
1009.88	-896.844	68.5544
-1008.52	487.384	5.50656
-319.185	-973.618	41.8857
0.359714	441.572	-13.2436
368.635	-117.036	-7.5919
758.88	1108.83	-19.1767
882.548	-170.836	-19.254
758.802	382.662	-20.8033
-1317.75	-962.876	49.5299
874.996	451.074	-19.0842
-599.199	-147.305	15.6661
-1034.13	-677.481	13.4484
-1036.02	772.436	7.54672
941.001	1372.59	-22.2049
-814.775	-1478.82	48.3341
-758.325	-687.811	3.62584
-166.535	-1177.48	81.3339
729.852	-217.079	-15.8424
443.85	761.02	-18.5113
300.032	1180.95	-19.3101
1267.03	469.08	-20.3431
657.186	-470.337	11.1835
687.906	667.62	-20.7141
644.541	-1215.09	37.2414
-1350.25	767.074	8.40031
398.762	-227.952	-4.25042
-913.999	996.823	-12.4951
-1323.58	-200.338	-5.97297
1218.83	-1125.86	79.2485
321.854	1201.08	-19.8481
-659.54	551.375	-7.9616
609.323	-290.468	-6.20903
-107.718	1241.57	-18.3875
-823.031	306.395	-10.1295
1499.7	-1368.18	87.4349
-1008.13	1398.25	-14.9614
-597.152	-1420.42	44.7088
-660.992	1024.75	-16.7489
1385.61	-534.996	-11.8182
702.382	1341.89	-22.6587
-1062.95	-758.885	16.444
277.706	310.064	-15.1213
-1245.34	36.7096	-10.074
-662.122	89.3266	16.7508
-344.154	-799.221	39.1755
-218.654	449.562	-15.1426
-107.969	1018.13	-17.8849
442.974	670.181	-18.7839
-482.315	630.127	-9.55462
586.623	999.438	-17.5513
-62.9551	-1141.49	87.4142
780.145	1080.51	-18.4147
-1354.93	-346.814	-3.32986
836.5	759.449	-18.5997
43.9412	1037.6	-16.5875
-255.104	6.81245	31.2188
1190.54	-884.281	27.6864
-37.0753	-871.266	104.802
-892.504	-1066.08	29.8136
677.096	-777.916	77.7293
-1378.54	-740.878	31.9468
722.327	1295.98	-21.0429
-743.618	-851.645	9.07212
37.6433	-1440.93	43.0524
907.368	-1097.58	64.8179
-20.9239	559.652	-11.9529
-1143.27	-102.781	-4.93686
609.03	1029.17	-18.5835
29.2729	-1200.59	62.9854
499.725	-520.721	27.1395
788.439	481.818	-19.9157
704.266	-136.055	-17.4927
857.109	-111.108	-20.4188
-671.891	-201.248	3.00517
926.761	302.342	-20.1887
841.472	414.397	-20.4095
-217.855	636.617	-12.2959
-609.037	-938.109	11.8497
738.248	-468.509	0.290712
657.233	-111.177	-13.1777
-433.466	-1037.82	25.0916
-1339.31	1273.11	-8.13224
-831.94	-116.847	-6.98103
-607.549	-232.316	8.44178
142.332	-295.194	22.7708
905.191	421.01	-18.5795
-626.456	-1395.44	45.4314
1087.98	-964.327	59.6345
-1304.21	1210.79	-7.00602
78.6087	629.49	-13.7865
699.052	505.606	-19.2073
1275.94	-1108.56	76.001
-938.236	856.709	6.13128
371.67	1078.42	-18.6517
-1230.91	-567.898	11.6408
-1284.44	-122.824	-6.48413
1034.91	-1310.65	59.7754
972.568	-1393.01	35.4776
1466.38	-1228.06	91.4065
-732.907	-1481.25	55.5346
-297.612	-1024.88	50.2804
820.564	88.6674	-20.2164
673.831	526.252	-18.7857
-1058.41	1379.37	-14.8486
-877.595	-1459.93	42.8451
-1482.28	-632.316	9.50472
868.539	1110.57	-14.5051
-1252.16	-366.697	-0.451551
-221.783	1109.91	-19.1804
234.664	-1464.03	32.0545
503.421	1276.45	-21.1313
-1474.75	-940.472	20.2402
-721.508	-1127.13	17.7101
1350.42	932.688	-19.3954
1412.64	473.185	-23.3461
834.905	135.737	-21.7244
-233.436	-888.568	60.9283
356.469	-863.658	119.639
534.559	-599.154	49.0334
37.21	-172.07	21.7684
-1210.89	377.406	10.312
1150.59	-1257.1	77.8048
-436.276	744.399	-8.37902
-657.161	-153.105	5.65931
-1379.24	-1151.24	48.1667
791.338	712.974	-18.4846
1036.59	1488.86	-26.4376
-545.963	573.813	-12.6949
-1032.29	721.996	5.6617
1185.98	-58.0637	-17.9274
1492.7	-936.451	-3.14338
-1168.91	1204.8	-10.9432
-624.175	30.0923	21.3304
65.792	-246.907	31.3043
-840.806	-852.455	12.6547
678.211	928.28	-15.6459
-711.541	-406.28	1.25006
-948.247	-443.3	-1.02982
-349.337	-557.619	64.7675
-974.524	1268.58	-16.7383
-269.164	734.49	-11.5911
-1356.77	984.192	30.6833
-845.898	-505.296	-1.21215
-1179.57	-333.463	-0.918748
-452.747	1311.45	-18.268
-435.626	176.794	10.7143
296.08	-1359.34	32.6972
1404.61	112.903	-24.6746
-465.479	-1051.62	22.311
-885.385	858.309	5.47034
-140.879	435.052	-14.2528
385.781	1385.69	-17.7462
618.762	-204.261	-8.98339
1184.81	124.087	-21.4806
-1476.93	112.28	-3.66262
-1348.52	-1074.96	52.8653
873.169	696.21	-17.6189
-1145.28	-479.629	4.26064
939.578	-541.697	-5.46396
-410.616	-1325.82	33.0045
475.44	-609.348	53.0757
-177.929	-767.138	84.9065
-254.196	672.531	-11.6618
1189.69	296.166	-20.4798
-1454.93	1472.3	-7.0772
-1180.46	-1016.55	47.5629
235.893	389.268	-15.7001
270.173	-254.809	1.33265
122.575	1112.31	-18.3581
798.643	997.571	-17.6727
321.617	279.032	-15.2432
-698.492	-1070.28	15.5522
-1417.02	-1047.34	38.5817
1248.36	331.899	-20.2819
423.222	1346.44	-18.8008
-1085.79	-793.321	18.4625
1005.61	-458.753	-8.65491
1049.22	196.903	-20.6508
957.173	-454.371	-9.31483
345.102	1211.61	-20.6288
521.182	838.799	-16.9252
719.648	-548.853	11.6994
215.64	-1105.88	60.2069
1217.06	-688.901	-6.51674
1128.12	-870.129	40.5138
816.366	1324.82	-20.1029
670.447	-576.297	24.2684
606.22	-469.774	14.6505
-486.62	-1449.55	45.7636
-33.5793	-1356.85	52.1119
971.994	-1335.14	46.1143
-1426.25	-913.541	33.6384
-1221.92	882.336	18.961
1398.73	1199.82	-21.1375
-899.765	-1270.71	36.8836
1496.38	210.228	-27.8385
94.8302	153.11	-14.8282
496.607	-835.115	110.256
583.094	-669.037	70.1501
295.94	1087.4	-18.4465
350.341	499.323	-17.0392
-1224.85	402.708	15.578
989.334	-1187.74	67.3904
779.207	-524.414	-0.66321
637.496	-367.445	-2.34875
310.117	-1095.55	62.8111
44.8318	-1152.36	73.2153
-1401.14	-1455.02	105.281
1069.65	1414.03	-25.1635
-852.873	1093.07	-17.5823
-765.101	1239.99	-18.6513
-99.5852	805.212	-15.1513
-923.624	-899.621	23.4213
-937.548	-701.845	12.3687
221.467	389.755	-15.4615
-313.207	1177.1	-19.9622
747.499	-565.288	8.5735
-867.561	1043.76	-15.7395
866.193	-1295.21	35.0626
-801.502	-257.283	-4.51589
275.704	-409.337	11.8188
350.099	-423.679	9.56842
-674.953	-123.233	5.98381
986.422	-1423.4	31.7471
-1437.71	555.079	36.3436
-1087.8	318.142	-4.05907
-970.982	913.069	1.39889
-733.924	-672.988	3.39209
455.53	1476.06	-19.7981
-505.178	-867.846	18.6407
-578.789	826.584	-10.6397
1406.3	-1064.86	42.0714
-264.555	-933.609	53.9822
-295.438	-911.616	46.4158
-400.496	924.018	-17.9972
1125.5	-554.092	-6.88665
510.668	1253.32	-21.6813
933.035	-220.643	-17.5392
-1286.89	-1233.81	50.5025
-1055.95	1021.85	-7.02306
182.727	-628.657	46.5871
-805.695	482.348	-1.29524
-1161.35	1403.55	-12.9367
504.351	-1219.52	36.9865
-674.579	1455.01	-16.1513
-1048.3	-1473.28	67.7785
-523.12	250.252	1.83848
431.638	-1370.42	28.443
-1301.96	1219.75	-7.55235
-999.006	839.913	5.71855
1365.14	1028.22	-20.9878
-464.042	18.1593	45.2849
-250.253	3.14661	30.8506
1025.45	-223.534	-16.4172
-727.777	146.249	9.7453
-1023.78	851.03	7.22994
-113.287	-1359.29	64.2683
847.34	-946.446	81.2659
-841.238	-458.367	-2.1626
1329.78	1331.5	-25.005
57.4734	-795.867	101.142
-337.913	86.271	22.616
-356.224	-1481.67	52.8466
-105.451	346.445	-13.8443
1045.05	973.909	-17.1043
665.635	115.568	-17.3549
380.18	1055.12	-18.1017
777.123	750.366	-18.9508
1203.67	-126.933	-17.1494
1398.22	1152.48	-20.9941
-900.412	-189.988	-6.52729
169.083	1146.9	-18.9576
-1091.37	1013.14	-3.04233
451.341	-591.478	46.3723
231.715	-1273.28	38.878
36.0478	732.039	-16.1185
-731.721	-1159.39	20.0686
-764.234	1218.15	-18.8163
-504.926	345.068	-8.30374
1297.03	-743.256	-5.41158
-489.346	-763.294	18.5584
-500.898	399.184	-10.0599
120.964	1282.69	-17.1583
-568.268	-513.05	11.0379
-514.853	1464.09	-17.3202
-570.66	321.035	-5.36235
170.963	551.862	-13.8533
-1201.38	1227.57	-11.2451
930.732	-504.449	-7.50611
-1362.88	-811.256	38.5438
1326.67	-1296.45	96.461
1473.05	476.86	-26.1395
-567.617	-1143.09	16.0277
-1259.87	-1208.37	46.4385
728.932	165.109	-20.4136
1119.42	-777.167	14.6195
678.943	-1072.39	62.1612
-578.354	-541.365	10.582
-1424.61	-211.242	-4.23372
-1385.48	370.381	30.4595
808.74	503.526	-19.3505
-613.532	-1352.46	38.8649
705.061	-102.488	-17.2907
135.537	-237.974	19.5584
-1197.92	-943.908	41.4876
333.211	-617.765	42.7812
580.476	-801.76	94.6944
963.684	334.231	-18.9106
904.532	899.386	-18.4726
1420.62	405.857	-24.3177
30.3979	-889.295	107.898
-1236.6	959.4	21.6936
-715.343	-88.2352	-0.13357
1199.89	-624.843	-7.6446
577.266	-1450.71	24.1114
-110.551	-1415.2	59.7221
783.881	371.295	-20.7923
774.28	920.296	-17.6954
886.857	1004.77	-15.3203
22.7061	17.7317	-1.73271
323.137	61.3942	-9.15762
283.03	235.658	-14.8054
-63.5629	-1114.38	93.6625
-1387.38	90.4398	-6.54139
1461.76	-205.476	-21.0778
445.556	-1333.6	29.8916
-480.227	1043.85	-18.5289
849.051	1088.57	-15.576
1145.45	1365.7	-24.3786
-1075.28	-385.025	-0.695435
-725.298	228.059	2.76038
-1467.43	480.611	51.3408
-427.128	-1488.48	55.9517
424.981	1367.48	-18.6473
-1108.62	-78.0803	-5.24351
76.6704	-1198.25	58.4856
-863.46	-362.688	-1.95655
874.101	418.834	-19.3488
-1429.75	1006.6	27.4118
-789.405	-730.913	4.83837
-829.255	-589.09	1.08083
-868.015	-1312.75	31.7713
-917.576	685.029	4.19673
-1301.1	-793.056	36.3331
-309.257	-1305.81	49.0083
-1390.66	-961.569	39.8761
576.865	-1215.05	37.3025
1261.68	383.773	-20.1861
-297.928	1045.79	-19.1812
-148.443	697.695	-11.838
-395.985	279.213	-8.6784
909.343	-272.546	-16.2507
-1409.16	-653.694	23.7263
1428.36	711.108	-20.7893
-1137.63	-990.214	44.6852
297.627	-1402.14	31.0925
25.9208	-158.966	20.3042
-244.739	1213.74	-18.6173
1015.15	-786.469	36.3886
510.94	-1194.1	38.8612
-135.787	51.4287	3.38156
727.104	1089.25	-20.3915
-8.16176	861.683	-16.2045
956.108	449.464	-19.073
-1440.57	821.767	11.6516
-1040.56	-1498.63	68.355
-590.124	868.314	-13.0227
1378.03	214.795	-24.7267
-87.8062	-1054.35	104.149
-798.842	901.592	-4.19205
-175.639	-209.715	55.7504
-256.551	601.745	-12.1668
27.8432	118.129	-12.2221
-1418.24	139.341	-3.98389
447.552	-1340.02	29.5744
860.308	307.743	-20.8362
-515.885	1359.64	-18.805
-1004.53	929.865	1.71458
327.885	-1459.93	27.6679
-37.4975	-1341.83	53.6147
120.602	-1290.73	41.0489
-419.526	1334.71	-17.9651
-1377.21	709.271	9.08984
758.358	-1235.89	33.616
832.822	941.089	-17.6456
-1441.24	838.656	13.7444
1244.61	1162	-19.575
-782.963	-1434.07	49.3623
-600.337	1387.32	-17.5345
-782.825	472.994	-2.4092
-997.113	127.669	-10.1308
-500.642	1374.59	-18.7362
-1300.57	-745.109	31.1997
710.334	-45.0385	-15.5751
574.739	372.538	-18.8504
14.6107	-1467.16	44.654
1469.72	28.9395	-24.7003
288.013	1330.93	-15.4858
-505.333	88.1322	32.6758
956.079	-276.434	-16.0384
416.442	-722.618	83.2214
-206.329	677.28	-11.6198
1143.46	97.2386	-20.4835
-1334.26	1414.02	-9.04084
1081.89	-1447.76	43.6354
866.572	-535.848	-5.59409
175.147	1002.26	-19.9068
1332.1	-144.036	-20.4547
-1427.77	268.202	4.72872
673.997	1211.16	-22.1635
1046.3	-150.461	-17.6332
-1236.36	-907.031	39.2774
276.631	278.463	-15.0439
850.657	-1426.18	24.6256
29.7064	-609.238	78.7357
-437.591	-592.259	31.1163
-103.697	-212.76	47.448
1154.08	557.058	-18.9908
-180.602	-329.32	82.258
1330.98	301.118	-22.4047
-814.283	-1051.53	19.6882
-569.11	1284.42	-17.3851
-1316.89	-126.178	-7.32329
1405.09	1186.03	-20.7938
149.437	657.228	-15.6722
681.868	300.483	-21.2293
37.6952	678.745	-14.7459
-102.503	-697.455	103.694
878.945	-189.979	-18.7675
-1042.31	510.179	6.84776
1173.73	559.864	-19.0762
959.897	-1455.33	27.4316
-137.239	-1367.48	64.0981
896.176	984.986	-15.8048
561.242	-1091.55	56.2237
-723.438	-609.308	2.96253
-1133.71	702.062	6.63485
-199.152	-1020.37	79.4494
239.396	1370.71	-13.8858
79.5916	1272.57	-18.4592
1342.82	16.8463	-22.3978
-926.014	-70.6737	-9.47739
-1409.42	190.668	-1.53393
1499.34	-1184.78	64.6848
328.846	1195	-20.1577
378.285	-908.712	116.701
539.299	-221.555	-5.92936
875.182	-1283.6	37.0178
-341.572	-770.504	41.3783
867.573	-512.643	-7.2172
-1039.7	1426.05	-14.307
-810.75	-1363.24	37.468
-411.998	-757.562	27.922
-1492.34	844.57	11.9707
1007.75	-402.306	-10.9255
-927.561	-808.772	17.891
772.935	-479.212	-3.59475
837.205	767.542	-18.734
653.646	-930.293	95.8314
1165.27	1338.39	-22.5262
-1333.92	13.9071	-8.63871
840.207	-239.054	-17.1783
1282.02	-1114.38	77.5983
488.701	-1016.77	81.8476
-189.313	-1111.3	79.4186
423.215	-378.772	1.01176
-303.752	1007.36	-18.4339
1326.53	-50.5009	-21.8371
845.558	-1296	32.554
738.733	-1227.82	33.8319
-1231.61	-64.0111	-6.85014
1174.06	315.752	-20.1673
-636.931	1234.21	-16.8644
544.546	-320.446	-1.26094
126.537	-1350.56	38.3546
-159.141	-370.043	90.7626
-1154.38	-919.953	36.565
-180.494	286.957	-13.096
274.297	-902.892	111.75
-80.0684	581.819	-12.7189
996.877	1171.69	-13.8889
1344.01	-82.4596	-22.7697
1150.03	-79.4519	-18.2897
-1211.4	1483.91	-12.0189
22.2107	-91.5953	8.14
985.232	-962.937	72.1192
-598.671	1031.01	-17.3841
467.443	-205.519	-6.12665
-1414.87	-887.357	34.4582
326.196	1183.51	-20.1519
-1053.1	1264.45	-16.4701
805.082	-1459.35	21.7211
798.978	-1221.44	37.024
-1255.15	807.989	13.8697
950.21	-1319.15	43.787
-452.093	-739.262	23.8469
-1263.28	-39.3767	-8.05862
-968.909	822.53	6.99156
-1047.77	-1159.74	37.6782
1205.52	-496.602	-11.1393
868.314	1172.86	-13.0856
1295.57	-84.5662	-20.5843
376.737	235.46	-15.3166
-506.869	-623.258	16.8865
-114.573	-1411.37	60.1656
-67.9456	-268.182	59.3563
-155.009	455.65	-14.754
1492.94	304.5	-27.3467
-545.268	532.795	-12.8042
1185.18	-1109.3	73.5951
540.174	1154.28	-22.0787
-395.973	1327.19	-18.0399
-571.63	-1055.24	15.5352
923.423	-1477.18	24.6155
-1262.57	-1409.88	82.9103
677.809	-1282.49	30.7475
1189.4	688.368	-17.604
820.59	-648.403	18.3907
152.111	159.894	-14.9651
-439.578	-28.5914	54.0029
-211.289	-1358.92	66.0553
-1212.39	-1342.15	63.8019
-1193.35	-499.788	6.67946
1323.64	1107.34	-20.5095
-363.022	1367.89	-17.7653
244.994	557.686	-15.6899
-1283.26	-114.112	-6.59435
-725.633	-285.336	-1.40291
395.408	-1489.36	24.9375
469.335	1310.09	-20.0827
-1278.26	-1360.62	71.4354
804.54	564.949	-18.5792
146.929	-1454.94	36.4774
-1401.76	259.377	4.51362
688.107	965.497	-16.8932
-110.224	-1314.29	66.0713
-1028.28	108.743	-10.4086
535.304	870.391	-15.9264
-533.279	341.774	-7.24817
-1376.73	-1133.04	47.9103
1351.52	792.404	-18.557
-888.16	-726.831	10.3726
748.589	222.215	-21.8749
561.047	-508.763	24.4279
-1356.44	-910.792	41.7427
-1133.11	612.629	7.8233
1442.39	906.784	-20.7712
-686.901	-714.178	4.88321
-118.72	-1427.99	58.7926
1018.54	-804.439	42.4096
-1067.69	344.084	-2.58405
-733.324	266.554	-2.01248
602.946	587.255	-20.1081
-736.116	1136.47	-18.0143
1114.36	-1008.6	58.2756
713.962	-895.849	89.3023
777.19	-169.465	-19.1417
-339.637	-747.829	46.2308
-1385.92	176.381	-3.45819
225.485	-981.641	91.9728
-855.919	543.433	3.81427
-200.77	-1349.13	66.6151
-15.5321	683.558	-14.6398
-453.834	826.413	-14.2833
-885.194	-963.976	22.448
64.7456	891.226	-17.3778
936.807	229.492	-20.888
-46.1984	1308.98	-18.3993
-334.933	50.4054	31.5766
-1030.27	-1328.25	54.3857
1156.27	-56.3422	-18.7744
-173.561	939.361	-17.2857
-672.239	480.348	-7.05177
-1176.61	1365.72	-12.7717
-630.695	-372.543	4.54515
-496.621	-193.845	25.5472
1343.31	-886.88	4.78853
575.433	411.589	-18.6279
1493.53	524.591	-25.4806
-1019.52	-978.361	42.6278
-695.671	737.107	0.0938635
-535.752	-352.908	11.4828
1298.2	1361.58	-26.7288
-114.854	175.186	-11.9393
907.664	-918.94	80.5754
-1108.65	-1038.18	43.9375
-299.239	951.784	-17.4003
146.395	981.719	-19.4302
199.064	-567.407	34.6965
1404.22	-915.374	2.85787
-715.955	-817.73	7.79526
917.676	-160.145	-19.2955
-614.245	693.869	-4.89667
-201.094	-639.74	105.638
-624.392	705.822	-3.58239
-1318.81	940.883	32.8499
-951.743	-910.517	28.1057
-393.053	1133.22	-19.6278
-766.92	-17.9813	-0.303086
-357.747	836.726	-15.4578
-479.639	320.71	-8.18525
-89.0054	-774.432	101.271
175.543	-1194.32	49.7587
612.493	-203.484	-8.57705
1010.33	728.821	-17.6425
433.497	1089.21	-19.98
759.275	1379.18	-23.8048
194.397	-357.641	20.3244
573.205	710.708	-21.2066
-1394.96	971.615	31.4538
1444.07	-1477.55	79.6859
860.358	1261.04	-15.5317
208.138	788.517	-16.2348
-422.439	-1132.91	27.5769
-336.553	-1259.6	43.3924
147.425	-567.974	42.6702
1432.82	-1279.84	99.0375
-942.699	-1498.14	49.0533
1183.94	-1066.14	65.6248
-349.784	-1010.91	36.9028
19.2646	472.214	-13.1837
1035.13	-412.86	-10.377
1196.07	-571.544	-8.59948
-228.095	455.898	-15.0167
125.98	1144.46	-18.7611
1049.2	1076.82	-15.7116
400.644	-751.776	92.2735
-881.295	-1434.84	41.6668
968.086	1014.56	-15.3168
-1271.52	-760.365	28.6504
-550.89	-1285.73	26.4513
-696.626	-1154.62	17.2346
596.358	-674.354	69.5954
-246.353	1367.66	-17.328
222.454	685.949	-16.0736
581.151	-609.591	49.2593
695.844	877.376	-16.7388
86.6731	-703.985	78.8705
513.8	660.646	-20.5344
-1424.73	-509.123	4.87592
1177.17	-1042.07	62.2054
-716.376	1390.09	-17.9747
-191.568	-188.439	52.6295
-1179.2	-1306.92	54.3482
845.174	116.322	-21.5601
-713.283	1422.46	-17.0408
327.538	-233.388	-2.04064
-848.455	-1075.98	25.436
-546.152	-228.182	16.4061
925.354	-684.518	16.0463
958.486	-214.468	-17.6384
1188.27	-422.323	-12.4564
-1461	-809.241	20.7958
334.198	760.348	-15.5269
-1311.64	-1201.4	48.2825
362.604	449.82	-17.1992
551.386	167.132	-16.9706
-805.48	-1181.65	27.8648
-93.4218	-145.108	29.6674
-923.7	-734.106	12.8258
-855.172	-681.898	7.00342
813.154	-1168.26	43.4119
-324.202	-973.176	41.1351
162.222	-277.003	17.2455
-767.337	-1236.68	26.1779
800.354	322.878	-21.3382
372.967	562.362	-16.9032
887.607	-1142.72	57.77
-882.662	677.381	4.66615
1276.93	11.7981	-20.1913
1465.37	-1206.09	83.2811
-1052.09	-553.54	4.70744
-270.32	982.272	-17.8075
109.156	540.46	-12.3764
741.525	-1437.53	22.7297
263.016	-784.05	92.434
176.001	-657.319	52.9967
807.766	682.302	-17.9683
-1387.94	-898.082	37.8086
-399.687	1043.14	-18.6986
242.592	1046.47	-18.8783
1490.87	432.131	-26.239
371.848	1263.42	-19.9501
973.586	1215.5	-14.2341
1492.46	-917.789	-3.89931
-1382.86	619.979	13.6816
-1188.61	442.152	17.6295
1057.92	604.882	-17.5267
-336.773	-1040.65	39.4668
-30.0682	238.707	-13.977
-873.668	847.862	6.15432
-212.886	-327.876	81.9453
902.033	-1020.73	71.7503
-1070.94	-716.154	14.3899
-935.372	598.413	4.54599
352.285	-183.549	-4.83971
-219.041	1429.21	-17.5698
-280.404	-1244.36	54.0183
-278.865	1257.37	-18.087
-92.6415	-830.068	97.1765
1142.81	-327.252	-11.9931
705.574	1150.93	-21.9038
-712.322	-62.5279	1.5999
-885.864	-782.477	13.1309
-394.977	1206.84	-19.4347
728.068	4.9293	-15.9913
-89.0907	-1494.49	50.0828
-1078.18	1368.24	-14.8138
569.341	-264.808	-5.5878
1043.83	-750.698	18.9271
-151.363	-966.982	87.4428
1150.58	-418.094	-11.0672
238.116	-502.507	24.2296
-1057.03	544.58	7.09814
-58.5782	1246.94	-18.8655
991.183	1365.89	-21.8529
-1315.67	-284.706	-3.45214
-1375.89	-1233.95	49.4548
-1472.84	300.036	13.3341
-1146.01	-1106.78	43.2144
-364.087	15.6035	42.2919
879.868	461.011	-18.9185
-139.464	295.629	-13.6103
577.473	-919.598	102.402
1380.27	-350.733	-15.3543
1021.65	314.925	-18.2291
-311.752	-573.018	81.7293
-408.415	897.95	-17.8515
240.047	-328.278	8.72395
-1286.05	-1088.98	53.3088
1304.29	1313.57	-23.5278
-406.287	-409.765	45.9024
-637.417	-1131.45	14.0257
418.646	675.477	-18.1861
-470.307	312.491	-7.96072
-965.197	952.363	-4.69267
678.911	1059.66	-19.8828
790.533	1183.97	-17.8609
-956.761	781.248	7.53277
1411.04	-340.705	-16.188
-841.937	-545.969	-0.185177
-71.7769	1458.2	-17.063
1262.38	686.228	-20.1333
-276.472	744.794	-11.8435
-93.4411	1389.42	-17.718
-172.199	-766.411	86.7654
972.857	166.387	-21.1129
262.302	1372.06	-14.179
553.882	-476.174	17.5203
824.258	838.528	-19.0462
793.331	1391.11	-24.2268
-1265.71	-782.395	29.7073
-611.876	-890.978	12.7107
568.39	104.618	-14.912
-1131.89	611.859	7.82576
-991.57	728.892	4.62544
603.175	1076.37	-19.8562
563.459	723.561	-21.0708
-385.19	779.097	-11.592
1398.8	-385.004	-14.8087
-243.778	-808.621	61.5652
-301.795	809.132	-14.0551
830.607	-1392.73	25.2508
965.673	67.6723	-22.2576
655.635	-744.809	73.3539
-441.187	-921.54	24.9105
1051.87	-1443.37	38.9947
366.329	903.571	-16.1597
173.06	-1053.33	66.6588
-639.908	1155.4	-17.0492
1139.96	-1221.93	75.2316
62.7025	1058.14	-16.706
1147.66	-365.619	-11.8794
-763.968	1375.49	-18.4143
269.297	-1228.02	41.9297
464.386	484.924	-18.0677
-247.091	371.672	-13.5073
-704.085	-446.986	2.09776
-83.7785	-959.621	99.4506
-412.409	-671.729	32.9934
460.371	488.394	-18.1355
-1179.45	1427.26	-12.4215
360.775	759.14	-16.3174
-1304.45	20.7808	-9.75093
-1269.28	1444.56	-10.2418
-731.205	-742.558	5.12796
1173.65	-1049.66	63.4558
325.478	-611.608	40.6136
-223.207	-721.01	83.894
-1359.18	1142.27	-0.310582
-638.555	1403.26	-17.4648
-720.873	116.617	9.90157
-1448.56	923.443	24.1622
-1331.9	265.091	6.45697
-389.613	338.705	-10.5884
942.239	217.676	-20.9763
533.783	185.278	-17.2624
-1063.88	-67.2053	-6.25795
643.503	635.312	-21.0222
-242.395	-554.639	107.68
1212.13	495.924	-19.7558
456.671	633.581	-18.6344
-626.857	539.125	-9.58812
138.376	-1116.46	63.516
670.429	851.456	-17.1405
1334.58	106.921	-23.3702
-1403.73	215.171	0.684402
-837.269	929.725	-4.90733
-54.2109	-1218.31	70.0113
496.494	-142.717	-7.695
1288.86	1045.89	-20.0158
-57.5921	1091.83	-17.8522
-303.678	181.12	-0.316956
90.3186	256.052	-14.1098
-1180.75	-678.393	13.7672
1159.75	251.969	-20.9218
548.982	-58.3609	-10.1881
273.22	974.315	-18.5185
522.46	-1319.8	30.2257
135.944	128.261	-13.9353
854.475	-1111.53	56.7613
-592.847	891.797	-13.8771
-1030.51	1098.44	-12.8376
-685.942	-1117.71	14.7966
-74.7692	1411.69	-17.4909
1462.53	-592.146	-10.8289
1405.54	720.665	-20.2975
1121.84	-383.277	-10.7664
1295.37	29.7735	-21.0372
732.311	348.004	-21.0666
1487.8	891.131	-21.6497
880.535	-977.959	77.3681
621.648	1.68781	-12.9711
-144.254	407.846	-14.374
766.564	-372.749	-9.20102
616.269	361.757	-19.23
1356.14	14.6505	-22.7992
-205.313	924.363	-16.9339
-640.775	-1006.01	11.3586
658.369	1468.83	-25.4405
822.517	-967.337	80.539
653.573	665.869	-21.3101
-1024.78	-1293.32	50.4499
204.767	822.016	-16.3006
-843.201	866.48	4.17863
-668.899	200.397	9.81034
808.87	676.585	-17.9288
409.056	-1073.71	65.7919
954.675	-343.068	-13.7258
1249.51	-385.751	-15.1503
681.829	982.99	-17.4204
978.93	1232.38	-15.0345
652.618	668.718	-21.3487
-625.117	-657.422	7.63432
-270.434	-976.657	55.1121
70.8166	82.3412	-9.03293
478.316	-311.05	-2.16146
1482.44	1342.32	-27.407
464.084	1365.77	-19.2423
1102.09	1327.34	-21.6666
-1401.02	-817.723	34.7074
-636.808	-1197.64	18.9144
1394.6	128.694	-24.6635
-463.823	1230.07	-18.7195
998.791	1297.1	-18.571
-1009.99	448.393	3.90154
726.682	61.9002	-17.1303
-1246.9	891.72	22.3253
-1496.46	217.827	0.150808
-1332.78	-740.214	31.6348
-1262.45	-49.2076	-7.74646
1144.23	-739.411	4.61214
1329.85	512.801	-20.7269
-958.865	-943.967	31.7365
-1025.39	73.3018	-9.56354
1007.45	-1480.99	28.1743
-786.77	-247.993	-4.82114
1185.35	-643.211	-6.78692
678.759	253.968	-22.176
-782.485	397.193	-8.2869
610.629	-674.006	66.5279
-936.911	1263.97	-16.7882
926.319	479.496	-18.6547
69.7292	1250.37	-18.4154
775.242	-678.634	35.7537
-199.941	558.435	-13.07
-519.189	1378.14	-18.928
-1071.99	410.377	4.51476
-833.295	588.157	1.56383
-50.5173	-548.905	95.2554
1464.32	904.638	-21.3334
1410.49	324.609	-24.3261
-1029.4	826.706	8.13738
-587.133	-253.054	8.4988
-1203.25	-124.82	-4.90974
706.728	-854.165	85.7134
1493.38	-546.273	-12.0011
-1441.94	-1132.88	39.4338
201.524	1254.63	-16.9334
-283.045	-520.506	91.8126
-818.138	-889.194	12.477
586.735	728.176	-20.9531
-15.2204	-847.44	107.468
-1068.46	18.5691	-7.4294
-978.681	-1208.14	41.5981
-945.881	27.0805	-9.26291
-649.744	-427.187	3.92415
-258.904	1358	-17.411
-1217.6	486.252	20.3665
-847.575	-716.15	7.27761
-151.301	-460.312	98.8029
-462.907	-326.374	25.0158
-928.246	845.746	6.87254
494.168	-1019.04	80.599
1279.88	-480.058	-13.0349
211.493	-748.805	78.7349
1422.82	-582.383	-10.8883
-807.398	-438.183	-1.41857
1332.12	-1242.52	98.785
-978.39	-707.088	14.6831
-1311.33	733.627	6.92122
-865.33	623.053	2.33414
-1239.41	-1142.49	47.9573
224.035	840.802	-16.775
-544.491	723.719	-6.26413
1388.25	211.068	-24.8661
-942.395	-369.932	-2.09007
-1211.78	-261.312	-3.56688
-708.786	-1213.63	22.9257
-724.519	-1340.77	40.6247
-366.129	-346.469	60.6901
-1022.35	-1228.12	44.701
104.98	-192.968	19.0948
96.8377	-1089.59	77.3384
-100.337	1269.4	-18.1939
-727.203	-900.825	9.77284
-712.599	-1476.08	56.0916
-221.601	1039.9	-18.5769
-130.917	-949.345	90.2104
-199.056	501.388	-14.5094
663.435	731.885	-21.0112
-1286.62	1203.43	-6.38145
649.932	-518.464	20.1533
562.311	728.381	-21.0067
383.918	673.007	-17.3121
-877.104	338.825	-10.5175
-1362.52	-1416.09	89.4807
-1327.92	-1076.46	54.0406
1444.73	476.744	-24.9585
-515.999	-993.421	18.5241
-1474.73	547.733	41.1826
985.491	1413.43	-24.8654
33.4797	-548.925	71.1619
822.428	-465.959	-8.90956
1486.97	991.986	-23.3048
1462.28	-1069.74	29.1022
-1225	936.813	21.0983
-1461.66	-630.604	13.3149
-1165	407.035	12.0445
-106.035	393.975	-13.7446
1462.11	-779.72	-6.67364
334.716	-514.194	18.5809
-662.957	562.021	-7.93271
-231.715	449.168	-14.8704
-1378.47	-1207.15	48.6679
90.5833	-1087.01	79.1286
-835.943	697.716	3.90263
-1474.53	-759.11	15.7552
-55.5707	397.08	-12.9362
56.9204	-719.746	88.5206
66.2239	-444.325	57.8099
-813.236	335.652	-10.0246
1386.83	446.424	-22.7691
986.048	1422.17	-25.4341
-363.244	1470.32	-16.4946
-516.352	745.896	-7.88581
364.506	198.54	-13.69
-45.0148	-1087.72	98.8461
-1406.66	-1245.88	50.9358
1301.11	125.687	-22.9747
-707.567	467.549	-6.40608
502.502	1373.09	-19.5853
118.138	1175.35	-18.5592
541.957	-1470.5	23.4138
-1249.48	807.158	13.8207
-375.11	-113.089	59.0555
-754.005	-20.5291	0.780353
-1365.91	-371.871	-3.07977
31.3767	-22.3142	-1.78606
-1044.3	1226.72	-15.2315
1305.23	1190.02	-20.3346
-520.988	877.433	-16.364
-1474.22	699.389	7.88845
-1057.58	40.2243	-8.44837
946.619	166.185	-21.3441
-951.742	-608.858	7.27527
-60.9768	1051.8	-17.1028
300.518	745.844	-15.5133
1220.27	-1248.58	84.7444
361.412	-722.613	78.8801
552.006	-1181.22	40.4884
-1283.37	-1195.05	47.8373
1334.07	-666.505	-7.56117
635.119	-1326.01	30.4021
-1321.99	1361.85	-9.57987
1284.45	183.432	-22.7073
151.124	-1057.26	68.8418
-435.664	1254.59	-18.7886
-897.657	-932.132	22.1609
-1219.97	373.762	10.833
-119.375	-484.389	100.287
1497.55	177.209	-27.3496
488.712	463.956	-18.0908
-456.698	193.784	8.79119
-599.929	-1032.3	13.1921
-1110.17	904.144	11.7714
-329.019	1148.99	-19.9679
-1413.24	-49.562	-4.73773
-486.877	-1408.52	38.5954
-613.425	-626.61	8.47146
446.953	615.375	-18.1347
1444.87	-1205.37	88.9448
-759.081	1385.9	-18.0568
1194.01	-1120.92	75.9771
576.035	1285.43	-22.076
-1381.01	-445.074	0.722833
1316.06	-250.36	-17.5546
1306.57	611.164	-20.9396
-1023.3	818.645	7.87771
-13.1115	-757.174	99.5142
-47.4958	1117.36	-17.9534
242.239	-1382.6	33.4312
-33.0553	-14.5223	-0.0662035
-1071.92	-1241.94	45.9096
-355.029	-751.341	40.1436
126.915	-492.8	40.5138
-996.444	705.098	4.13257
-363.235	-1293.02	38.5354
-230.481	43.8167	19.9798
-444.411	395.391	-11.0988
375.641	-1320.23	31.9373
1016.5	481.708	-19.2562
237.375	848.925	-16.9793
-595.62	998.144	-16.8308
1200.71	-1286.65	82.9912
-1126.49	-1470.54	79.2925
536.596	-1288.14	32.0681
1275.91	848.236	-17.7429
833.99	618.488	-17.4701
1362.72	737.447	-19.7504
967.415	-1325.19	46.6074
1033.84	-1341.75	54.2817
-460.226	390.718	-10.7626
959.571	1431.39	-25.9787
-648.128	1140.86	-17.2085
-87.9043	146.168	-10.9109
252.254	46.8918	-9.30831
-361.854	1279.62	-18.4346
-542.168	168.526	17.0046
537.214	-778.582	94.4146
-905.175	-1047.8	30.0594
-560.577	358.492	-7.00265
264.914	1302.66	-15.8597
7.41766	1499.8	-16.1523
1088.72	147.931	-21.5259
1079.2	-155.309	-16.6164
-0.697043	1159.37	-18.1861
302.106	-142.333	-5.24951
-238.722	529.36	-12.8323
883.067	-1472.5	23.0452
1249.54	-447.164	-13.6537
282.227	1326.77	-15.4425
-1285.57	173.338	-7.42273
-757.199	592.73	0.483009
-866.068	-1313.06	31.4994
-470.402	-228.907	25.8287
327.721	-813.293	106.675
1488.92	679.344	-21.4625
965.074	586.18	-17.3024
-986.973	823.655	6.27629
917.583	-497.434	-7.97572
-1120.08	-412.316	1.22648
-1138.04	-336.053	-1.50424
1188.47	1313.75	-20.5787
-98.4929	-303.689	72.1195
-47.5189	483.46	-12.5253
765.113	764.621	-19.254
974.987	-481.986	-8.0962
-1300.08	-1308.55	61.0149
855.719	1005.2	-15.8074
-779.538	-720.912	4.53064
-506.97	-416.913	19.8465
443.261	-736.813	88.9374
242.541	-142.54	-3.43175
602.291	-708.738	75.6273
1402.24	-875.29	0.483873
1083.81	183.878	-20.9472
525.865	-799.311	100.01
-78.7529	-516.332	98.5002
1000.36	-1384.88	41.3916
-1364.38	-1455.51	100.417
365.271	995.469	-16.414
643.62	633.001	-20.9777
76.7095	288.833	-13.7186
-1222.41	1216.81	-9.36459
1243.41	-1454.74	72.0833
-112.565	-1183.49	82.226
1040.55	37.1877	-22.4265
-499.423	-964.77	20.1747
1191.67	-780.683	4.35653
-1170.67	1298.13	-13.5021
269.66	169.357	-13.3123
-1040	98.9523	-10.0657
1393.16	-1038.06	36.6824
564.24	-1226.07	36.5142
-1372.49	1251.67	-6.70464
1306.09	274.267	-22.4124
-877.306	-1343.45	33.3662
1165.06	-1107.24	71.5607
-706.219	989.881	-14.8694
-99.1017	1357.41	-17.8876
1426.76	1157.16	-21.0268
-894.769	-1171.79	35.5956
112.795	90.3464	-11.2958
-852.474	-777.266	10.4774
-999.684	724.138	4.74114
1096.13	888.315	-18.6051
116.995	-48.278	-0.638673
748.105	1498.18	-25.1479
-1016.19	-1182.03	40.6058
599.494	947.186	-16.3547
1057.54	1073.52	-16.0753
916.716	-1427.3	27.7568
-9.16592	133.194	-12.6122
-273.442	-582.318	95.922
-387.131	537.881	-12.1676
-355.89	-873.83	35.8151
-1027.77	1370.29	-15.2787
-1443.13	1094.17	13.0305
964.643	-133.127	-19.6657
-64.1145	-604.253	103.526
1371.56	-647.732	-7.82123
710.16	550.055	-18.7885
-512.099	-1459.34	47.2225
1154.78	1052.92	-17.9208
-1394.63	1270.06	-6.1558
1442.35	82.6384	-25.0519
506.513	-90.6585	-9.37134
-746.661	-966.462	11.535
21.756	-963.908	102.823
-1431.57	984.419	28.4369
867.778	-738.989	44.0157
-166.676	-497.202	110.418
-980.239	-154.858	-7.14313
-683.666	-351.8	1.66741
1311.96	-696.154	-7.43411
-519.507	730.645	-7.26134
800.929	36.8862	-18.8533
-1270.76	-919.122	44.8698
861.716	687.097	-17.6425
-769.411	720.612	2.74485
151.026	-1076.14	66.4832
-1496.25	1413.53	-6.04696
-1361.5	766.431	8.17244
-155.629	358.358	-14.2847
697.112	-220.197	-13.7941
-364.354	-790.998	36.3805
-1394.87	718.223	8.66768
488.513	1483.31	-21.2203
-739.3	-696.549	3.89863
367.554	1171.67	-21.1296
517.519	830.04	-17.161
439.866	-1444.27	25.0985
1441.92	309.067	-25.6095
30.5742	35.7123	-3.57453
290.87	50.4728	-8.74521
-834.707	1448.82	-16.0543
1053.08	-1367.67	52.6911
1219.93	-1496.08	55.2696
-119.152	822.995	-15.3571
514.448	-509.493	25.0847
104.161	-962.877	93.6957
-1412.24	1108.87	8.4841
-265.693	1050.42	-19.1018
-748.661	1154.58	-18.1461
-1452.08	69.3843	-4.51886
1137.59	-636.98	-5.09925
-157.977	1497.37	-17.298
-309.435	-818.653	44.8465
-849.043	-152.242	-7.63566
533.789	-859.344	110.28
1174.08	-779.386	6.27859
-1217.99	-98.639	-5.76886
-392.918	-1025.43	30.1829
-1125.79	-64.8634	-4.70354
15.829	-1268.86	54.3638
-1474.18	385.697	36.4992
-1026.86	-566.829	5.32819
-469.65	1408.94	-17.7634
835.462	255.095	-21.516
609.221	778.802	-19.4382
1251.26	-397.93	-15.0526
1101.32	179.551	-21.093
1132.38	-1402.27	61.7697
-43.799	1469.37	-16.3927
-1042.82	1288.3	-16.4399
-458.865	-1189.68	24.6782
-591.663	-1065.55	14.5172
-336.504	1162.72	-19.967
1351.35	-1312.36	97.2944
742.479	454.428	-19.7046
587.502	1214.95	-22.2963
-1043.52	-167.982	-6.61721
-1394.14	1026.29	23.0273
-969.832	197.332	-10.3391
364.085	497.247	-17.2469
393.529	1332.6	-18.3634
-1443.2	1447.75	-7.02204
-720.096	989.111	-14.5183
1042.31	-994.892	63.5943
-531.475	641.135	-9.64876
293.391	226.218	-14.5935
260.875	267.415	-14.9409
1394.2	1441.8	-26.1959
465.915	-1178.3	42.4304
1421.15	735.796	-20.0238
-352.165	-1448.72	47.0639
125.619	-326.842	32.1712
734.869	339.984	-21.1872
-305.42	-352.763	82.8611
-1473.97	-434.329	1.34205
1443	-487.676	-12.5666
613.807	-659.588	61.0935
853.755	1054.56	-15.4347
425.324	-992.133	95.5805
-208.361	-836.239	68.5683
171.163	-492.205	27.9323
-958.441	1422.15	-15.5452
593.205	1347.8	-21.7158
81.796	-350.352	47.2056
1474.95	1359.88	-28.1099
523.833	-900.991	109.304
-1422.62	110.782	-4.62889
-1028.84	573.855	5.93981
1303.34	-857.315	4.17233
893.26	-835.283	78.5415
-147.784	-798.656	87.3861
73.5414	-1342.66	41.3122
256.227	437.574	-16.4545
-1223.41	656.599	7.22201
1053.52	-1020.73	60.3621
-186.022	847.482	-14.8507
594.423	913.787	-15.6965
-586.014	-699.421	10.4814
550.057	469.8	-18.3088
265.653	357.661	-15.6178
703.891	657.254	-20.202
228.765	529.478	-15.2265
191.212	-1203.81	46.6313
-140.265	-918.516	85.6866
461.553	763.512	-18.9136
1079.49	-1154.57	70.7191
440.086	910.136	-15.7662
-160.188	450.125	-14.8179
957.265	-1059.46	68.3916
-864.977	1272.25	-18.0231
172.465	-733.971	74.3041
1160.73	41.3294	-19.71
452.246	-188.305	-6.48134
-82.2857	1317.92	-18.1615
115.427	-1206.59	53.1268
-162.879	1301.74	-17.2295
897.784	-1469.09	23.9367
1360.43	1224.5	-21.7301
1019.54	391.076	-18.0756
-991.867	-1229.14	43.4426
268.331	-1071.5	68.4865
1398.15	558.239	-22.3689
958.472	428.426	-19.1924
-523.215	-551.297	17.191
-72.9058	1010.61	-17.3328
-81.5792	-1073.49	101.48
1177.7	632.001	-18.2673
69.6966	-282.417	36.7425
-1239.34	11.9033	-9.67746
55.6701	-1080.48	87.5278
-358.878	1118.52	-19.7263
-139.847	331.107	-13.7288
-976.299	-280.206	-3.62826
-950.208	-1296.3	44.014
-1405.35	714.405	8.72114
-1265.25	244.178	-2.58842
-184.639	649.71	-12.1553
633.748	1479.43	-25.1971
-20.5978	-710.779	99.479
-112.235	-115.783	24.7132
-232.112	-348.359	84.4867
-121.03	-397.477	88.7825
-782.705	299.577	-7.489
-1236.29	-990.148	47.9306
-21.3312	-1051.46	104.649
-195.749	648.402	-12.1161
-139.822	-1204.49	76.1364
-360.026	1056.93	-19.1277
1294.41	-963.761	28.8127
1141.9	-262.032	-13.9931
322.769	895.516	-16.9579
-420.82	-302.474	38.6863
439.629	1042.08	-18.678
-1119.48	-86.6552	-5.07847
-574.564	1453.06	-17.5996
-412.233	-1063.39	27.7102
1149.46	64.3136	-20.4554
-673.837	-357.883	2.20615
-519.649	-609.386	15.8765
-673.786	-652.044	4.15188
-426.676	-898.89	26.0696
1494.8	271.499	-28.12
-1099.22	581.868	7.82665
404.45	1149.72	-21.1676
1439.59	730.186	-20.3618
1449.13	286.258	-26.3474
316.695	-1208.24	42.702
419.883	-480.652	16.5183
734.01	-967.443	86.0413
969.632	70.4483	-22.244
392.93	572.349	-17.2491
-437.188	-1316.77	30.2154
-1093.84	-1484.43	76.6388
-467.168	1492.13	-16.472
-698.734	323.378	-5.08407
977.485	1138.81	-12.9797
1478.91	944.834	-22.4582
-1055.36	-1374.63	61.8208
-68.1085	360.174	-13.1663
-197.932	1344.67	-17.2675
-179.486	-1036.39	85.5208
715.314	1376.14	-23.9089
-980.3	-1242.5	44.3047
-1299.25	519.224	32.242
-454.806	1365.55	-18.0792
1219.78	-240.939	-15.3231
-75.914	60.7308	-1.4711
-886.455	-1045.88	27.2233
-375.392	-337.468	57.0405
-229.464	490.38	-14.0629
-1437.93	-1066.31	34.079
-606.371	879.735	-13.0892
-1186.19	-1399.71	75.7056
737.465	603.385	-18.3906
-1000.17	245.701	-10.3758
-920.825	830.936	7.93569
-452.912	376.585	-10.4788
-743.628	-89.4974	-2.5528
1117.02	-1018.84	58.4263
-711.805	-742.267	5.10015
137.319	-1402.13	37.2031
-19.2432	227.853	-14.277
-87.2234	166.84	-12.6566
65.4665	20.2453	-1.75712
1243.55	-1173.29	84.802
-924.29	-1094.85	36.1318
1062.74	817.675	-19.2668
-973.844	930.124	-0.933606
-714.262	-997.074	12.0158
631.976	-1370.49	27.6379
1436.87	-383.617	-14.8409
-1346.5	143.079	-6.42183
-1311.2	-795.304	38.6663
1320.44	-400.236	-14.8474
-1371.65	-316.112	-3.61754
-1350.42	-3.14089	-7.95702
717.451	-1479.73	22.0712
1314.2	-377.233	-15.0072
1211.75	1479	-27.1242
1100.09	1275.64	-19.3032
-577.819	-693.724	11.0824
873.074	505.588	-18.8771
-463.594	1051.13	-18.8009
308.322	-450.54	14.0143
-87.6403	-775.721	101.317
60.6637	-693.048	82.3008
1449.41	-1142.37	62.0252
-197.261	1174.6	-18.5046
1461.26	667.748	-21.0392
-16.361	-322.556	67.909
-139.567	1433.05	-17.8148
276.13	-986.459	95.6537
762.676	-1205.2	36.9225
-56.582	-1349.62	56.1704
790.184	-10.51	-17.6859
-170.629	-1344.01	66.8976
-1009.48	-645.954	11.869
119.065	803.608	-17.067
-1207.27	-24.3461	-7.34751
-1130.08	-1488.63	81.6186
785.984	94.0715	-19.6857
-1183.6	-1444.58	83.0855
1213.49	683.569	-18.5213
-923.185	1349.74	-16.4081
-1337.24	1421.98	-9.11896
-531.522	-1224.98	22.4918
-600.933	95.1898	25.6732
150.745	226.099	-14.5415
92.5078	1323.32	-17.1101
-882.695	-105.915	-8.65955
561.715	611.922	-20.6287
-1084.07	581.311	7.38061
-90.2483	-1111.53	95.8972
925.651	-78.9249	-20.7031
-1442.25	1492.72	-7.51365
598.021	-1278.62	33.1092
388.112	1468.26	-16.9636
-579.694	-481.257	9.91458
-156.594	-932.211	83.4435
-1223.57	-473.558	6.7768
-299.75	-1355.45	50.2486
1075.9	816.291	-19.1615
-603.053	-718.834	9.34269
-1351.96	428.539	41.7067
-462.805	774.89	-10.4993
467.454	-596.116	48.413
294.199	-71.3056	-7.74324
-371.467	1353.21	-17.8514
-170.653	-1314.15	68.736
1426.25	1159.54	-21.0149
271.422	421.736	-16.5255
862.305	471.929	-19.2976
87.1516	-1290.77	44.0052
-362.669	-526.637	59.7317
840.148	1241.52	-15.9831
-1168.05	1427.28	-12.7569
-241.566	447.009	-14.6451
1390.98	530.033	-21.9143
566.021	-459.541	13.8522
-1112.16	-1212.76	42.1191
-28.7145	304.494	-13.6065
-471.576	-611.316	23.0497
-490.974	924.275	-17.6719
-1174.85	-299.091	-2.37659
-1385.63	680.209	9.99825
1377.99	858.534	-19.0366
-376.666	-632.66	45.8561
-687.437	382.859	-8.62712
408.473	-917.212	115.078
-267.718	-1262.05	56.8726
-256.591	563.665	-12.3573
400.919	-937.259	111.572
152.042	1168.16	-18.7105
-571.121	-420.53	9.10173
542.005	-1218.24	36.9226
707.711	-262.538	-12.8993
410.476	1200.74	-21.6598
-970.032	401.644	-2.55146
1291.91	-339.235	-15.516
-1050.88	-732.428	15.4834
324.523	-460.729	14.1748
-137.705	-6.21513	10.7143
-156.176	-220.154	55.7659
1087.27	1075.4	-16.8497
1196.26	-345.207	-13.4366
813.562	399.624	-20.3966
-55.3387	-937.1	103.411
9.41942	987.953	-16.3414
-1363.12	-1357.24	73.7893
79.5967	1174.98	-18.3474
-1066.58	-1495.72	72.7962
611.733	454.264	-18.4195
-263.922	960.471	-17.3904
-476.754	1081.67	-18.9275
111.993	-823.336	100.986
-3.12475	-801.551	104.459
891.066	298.626	-20.5923
7.15341	-1164.75	74.9344
-1401.08	-221.795	-4.77026
-369.961	-964.424	34.1537
83.3095	377.352	-14.2313
293.967	-1224.28	41.7053
1203.03	-1324.28	82.8622
-396.193	889.868	-17.7191
-873.147	842.939	6.52754
173.091	-1084.44	62.8323
-1134.26	-410.59	1.50662
755.981	-1135	46.163
-1038.25	1445.83	-14.3239
1270.87	1279.29	-21.2095
-602.488	339.719	-5.65156
969.95	-139.665	-19.4121
-1123.58	-777.593	15.2709
-681.573	408.494	-8.7512
-133.85	1164.6	-18.5796
195.18	1068.35	-19.2369
-595.531	758.824	-5.8729
-1470.53	-769.185	16.8308
423.094	-968.266	105.462
-1179.58	-760.407	19.3499
-1398.31	1427.7	-7.83657
875.21	1412.32	-25.1617
-834.382	707.386	4.20731
459.847	-957.373	106.801
-1329.24	419.035	36.0519
-659.252	1434.65	-16.5994
-444.854	486.123	-12.552
579.427	-219.601	-7.03348
331.663	-1217.79	41.4874
602.594	-7.11454	-12.4218
1494.77	875.791	-21.6426
-635.097	-447.931	5.23471
1316.09	-1069.8	62.3431
-1332.7	1211.08	-6.06128
-254.985	-101.435	50.8179
-1042.58	1376.28	-15.0676
-476.519	1108.59	-19.3481
-821.528	-783.898	8.48011
760.733	-938.502	84.7984
680.298	844.784	-17.5016
1247.23	194.528	-22.2573
-1033.63	1451.74	-14.3929
-1162.39	763.27	9.44289
529.952	-111.657	-8.81154
-1254.28	-796.12	29.1336
-871.455	1200.42	-17.7939
-15.9377	150.994	-13.4715
932.297	-984.232	74.6838
-1395.66	-1292.37	60.6829
1222.38	-1277.9	86.2464
51.1434	-638.392	77.7263
-1169.38	-1238.97	44.1342
945.305	647.101	-16.8677
511.81	-838.063	109.28
-258.757	-1160.09	60.9022
448.693	-1039.43	74.0838
-255.48	-1145.21	62.263
-768.014	548.004	2.65838
-258.284	-1250.69	58.6236
709.25	-908.541	90.7239
1284.65	-229.888	-17.0568
-1272.08	-1389.06	78.5075
-823.773	-602.067	1.41396
-898.842	750.95	5.86896
646.222	557.094	-18.2312
-633.651	871.152	-11.2605
-1373.54	624.269	12.9892
127.319	-337.19	33.8805
1380.19	-358.042	-15.2369
738.544	1325.96	-21.8896
987.905	1212.6	-14.873
-6.46431	1096.57	-16.8473
718.798	873.338	-17.3985
595.017	958.156	-16.6158
-622.19	245.35	2.36567
375.902	963.053	-16.184
-402.126	-1336.3	34.7161
-545.357	414.824	-9.49949
488.354	1475.4	-21.0049
71.9051	1485.18	-16.1546
-1096.33	675.566	6.14617
-1179.65	578.3	12.0156
-349.567	-409.78	69.0949
1231.37	271.263	-21.3076
47.1208	47.2086	-4.68772
406.751	-297.629	-1.52155
-8.71096	422	-13.3235
765.693	1469.88	-26.2152
-30.1035	436.499	-12.875
-886.625	-229.294	-5.27574
-1254.12	-243.79	-3.86243
1203.92	-1080.25	70.6269
887.847	781.35	-18.9445
578.008	40.2497	-13.5612
-1305.82	-790.581	36.8834
-609.191	1399.55	-17.4837
1406.1	-238.484	-19.9607
897.54	1161.57	-11.6177
-39.3368	1274.57	-18.8229
915.993	-414.402	-11.2361
921.51	-1003.32	73.4264
-369.055	658.064	-9.76984
1358.74	453.74	-21.7936
-171.042	-1333.15	68.2499
567.045	1105.69	-20.9026
-363.109	-765.32	36.2753
916.174	-1190.85	56.3144
-251.625	-111.597	50.8449
94.9945	-458.055	47.8624
-811.279	284.697	-7.96245
-187.437	795.906	-13.8269
-1217.41	524.454	18.8955
-565.592	-1196.93	19.6767
-1387.39	-222.154	-4.9515
-917.46	520.659	3.29488
830.109	1403.48	-24.8434
-671.754	-1440.3	52.6294
-329.284	-1144.87	43.315
155.312	1222.66	-17.8383
-1108.29	-518.485	4.3358
-510.558	-854.125	18.0879
-237.287	447.841	-14.7418
-651.814	-941.472	10.9732
-615.442	-1446.01	48.7474
-74.444	-736.316	102.84
-292.807	1462.78	-17.0125
-138.328	-307.405	75.4687
375.069	-890.97	119.844
-1387.62	-670.764	25.0563
-1002.58	-124.752	-7.82104
1057.25	1264.6	-18.7775
224.861	-1406.4	33.5097
-417.836	-1413.24	39.6539
-965.969	1410.27	-15.4336
197.09	-60.0887	-3.97271
1170.81	-270.887	-13.8469
-759.797	681.934	0.124273
-1443.88	367.507	30.1671
-648.311	605.392	-9.36891
-1496.26	1025.42	20.4563
-1239.22	-997.601	48.7371
-1321.45	-674.963	25.1221
-1268.1	87.5614	-10.811
1122.22	1348.73	-23.0705
598.533	131.825	-16.6618
-1077.09	425.996	5.86195
-1051.39	-1076.82	39.7578
1057.37	-452.441	-8.37665
-1307.9	-840.339	40.2501
1237.92	-1291.49	88.8376
-904.749	624.065	4.15642
1206.43	600.287	-19.3954
-154.511	-743.287	95.2755
1210.4	645.864	-19.2649
1398.1	535.263	-22.1182
-915.806	-976.582	28.1308
-625.744	-549.362	7.77638
419.58	-154.242	-7.047
-207.268	867.216	-15.2122
820.99	-1012.11	74.1084
-112.379	75.6874	-0.68341
-203.827	-1473.16	56.101
-554.004	348.422	-6.71225
910.477	697.038	-17.3796
-624.861	647.25	-7.44446
17.9117	260.522	-13.9454
468.164	-424.597	6.19485
-873.772	877.596	3.53177
900.448	-1368.78	31.7313
-1392.11	614.533	15.052
1359.87	-1173.64	87.605
695.768	-996.324	83.3539
-789.993	-988.084	14.6104
-567.712	859.628	-13.4583
-1112.03	-1044.06	43.6471
626.029	324.672	-20.0237
-824.23	-895.82	13.1899
377.339	1383.91	-17.6027
-560.518	1380.97	-18.2006
1230.93	-1426.13	78.0781
-1232.62	-1162.3	46.5963
-1359.38	-145.137	-6.53717
993.832	-496.818	-7.23716
283.623	1089.05	-18.5489
-664.852	-1348.13	41.9431
-997.5	-914.372	33.1792
-1342.9	53.309	-8.48509
1167.76	1221.26	-18.5413
85.4122	-341.387	44.8687
-314.052	-1137.07	47.4479
877.059	767.125	-18.712
478.466	1322.27	-19.9886
-1213.9	1254.21	-12.0872
1360.55	143.584	-24.1107
-1042.51	1090.81	-12.2925
378.847	-894.852	119.144
1439.34	-1087.18	41.5626
-224.129	830.101	-14.2352
-1147.88	-198.321	-4.8483
256.504	1074.46	-18.7699
1325.1	1139.64	-20.4906
-1391.25	1312.83	-6.86661
-1186.65	-967.192	43.1438
251.99	-1220.58	43.152
-790.589	-9.92156	-2.33399
1022.87	129.939	-21.6582
-404.426	-248.055	42.7097
-1485.5	-162.184	-1.20023
-1283.31	1086.79	4.12936
-711.359	-775.945	6.23748
-1443.39	-460.614	3.07649
1035.74	1064.3	-15.3927
1219.67	372.973	-19.9827
175.716	-276.658	15.2979
125.963	145.162	-14.6117
-587.704	1225.84	-16.6017
-167.766	-1158.92	83.7051
258.53	517.521	-15.6617
534.741	622.419	-20.2059
753.66	-1037.12	70.5641
-1476.08	113.7	-3.65045
-1324.93	1427.93	-9.28796
-201.355	-194.809	55.4583
-458.41	-1305.81	28.2592
-1125.17	1269.05	-14.8565
1023.13	853.156	-19.1171
739.904	-829.49	80.5859
-481.069	1193.73	-18.6292
-812.928	624.273	0.231232
-1264.9	-1016.58	52.8076
-245.976	-1083.83	65.7624
-388.443	1099.1	-19.525
1100.93	-1272.82	73.3432
-1244.51	-1438.17	88.0944
-1173.85	-1092.79	46.0641
302.85	-706.715	68.8934
-727.939	90.1245	7.39745
-1040.71	-833.5	23.5859
534.354	998.348	-17.7668
389.918	-334.127	0.585773
559.798	738.175	-20.878
1464.5	266.813	-27.2736
-1328.22	-1268.29	55.7832
944.382	94.5606	-22.1018
-1030.7	630.807	5.87238
-19.6021	1191.06	-18.5374
1154.48	346.925	-19.5527
-1140.7	247.97	-8.40085
-1395.34	585.284	24.1162
-1191.23	1014.6	5.40705
980.925	-691.555	12.1622
147.532	-1440.63	36.6915
-1234.71	656.445	7.48315
873.929	1495.05	-24.4539
-483.834	966.651	-18.1693
-1107.72	171.673	-10.3943
1437.25	-277.256	-19.7044
834.767	-39.1007	-18.825
-772.935	-1176.15	24.2546
210.605	152.825	-14.1846
919.498	1276.69	-15.9539
-1322.32	39.0252	-9.17686
-469.728	902.153	-17.4825
-937.685	-545.819	2.82089
-1287.42	-1262.32	52.9426
-1040.7	1207.37	-14.5778
569.804	-669.107	70.6104
921.165	183.931	-21.4577
-936.213	-264.011	-4.14948
147.45	361.131	-14.0367
-970.387	-552.469	4.13773
451.741	-1264.44	33.3272
1017.65	-252.873	-16.1085
1114.88	186.651	-21.1786
-552.54	1450	-17.7271
940.558	-1358.07	36.8552
-32.9339	-151.09	24.8416
933.882	-411.294	-11.1698
-687.91	153.754	16.1312
739.341	-14.233	-16.0018
-365.871	-123.043	59.7336
1053.2	793.77	-19.2888
1046.82	1166.83	-15.8487
253	-992.32	91.2046
-1103.67	-1385.79	66.1843
-335.099	1083.46	-19.7103
637.092	-1039.72	72.624
-147.077	135.43	-5.88173
1294.53	746.901	-19.1645
-1147.95	-215.162	-4.67268
-215.938	738.879	-12.028
610.582	-1432.95	25.0356
-1226.66	353.244	8.79493
958.032	1317.06	-18.4616
870.148	-1326.29	33.738
-1456.83	-730.558	19.0441
260.096	-1067.07	69.4201
-63.2587	-1497.67	48.2853
-1196.91	-683.77	15.7798
1326.84	1465.37	-27.2726
802.179	1487.45	-25.4219
-1075.66	711.047	6.69447
1416	-1382.96	93.427
-223.826	-163.13	50.6493
-860.42	606.767	2.02236
667.016	25.6156	-14.5859
-1166.67	1078.33	-4.32759
1413.39	-349.795	-15.5469
-1129.6	426.413	9.59
-666.177	-739.381	5.87579
1427.66	-536.004	-11.8524
-250.331	1129.56	-19.4508
218.282	410.521	-15.5786
609.726	-425.692	6.04832
656.852	-110.611	-13.1505
-723.093	-571.434	2.5312
-1116.92	518.675	10.2596
1458.01	-455.522	-13.1019
-716.255	964.615	-13.6144
-1405.17	13.8821	-5.89665
479.853	-1188.47	40.0697
503.999	-764.284	93.6573
-1358.99	-683.503	26.0619
1473.05	999.4	-22.947
1358.55	491.042	-20.9379
182.532	301.794	-13.9774
114.165	222.466	-14.8542
-178.31	899.548	-16.4116
1022.79	971.197	-16.8593
-1321.27	-948.562	47.2456
-1042.22	939.076	3.66366
251.119	-70.2838	-6.15604
-1224.07	278.687	-2.00358
-550.475	913.159	-16.5745
1117.58	-583.484	-5.49787
-1091.57	1336.54	-15.0644
-42.8414	903.171	-16.7458
-14.4084	-1078.13	97.5378
1350.45	-97.5448	-22.5092
-1349.79	-329.896	-3.56649
264.32	650.496	-15.8533
1037.23	1348.11	-22.0023
341.958	624.523	-15.8243
-51.2724	1407.37	-17.4221
-1479.5	-319.66	0.692665
300.778	928.958	-17.6851
239.1	1454.56	-15.3759
-1071.24	-1063.96	41.1716
1355.03	-1122.71	73.6165
1266.36	-450.934	-13.9681
76.0945	617.951	-13.4977
1144.6	-554.372	-7.50924
632.418	414.249	-18.5727
468.404	-1283.03	32.3362
1253.71	-543.269	-10.5579
1053.71	494.255	-19.112
809.754	-968.089	80.8189
780.49	910.902	-18.0073
1300.73	175.658	-23.2526
784.578	1069.97	-18.2616
-106.562	-1126.86	94.9855
1215.97	-919.377	30.0614
1324.33	-797.557	-2.36122
360.122	687.715	-16.9877
-775.387	-694.839	3.7496
1205.43	182.723	-23.0723
303.889	-1351.66	32.7329
814.662	1282.15	-17.8566
-798.799	847.755	3.98939
169.642	753.937	-16.579
-1333.72	-336.533	-3.57207
636.07	1477.41	-25.1912
1307.7	-859.611	4.09137
508.457	669.633	-20.483
-586.601	-881.763	13.3026
-396.629	-1369.18	35.7004
-265.849	-597.191	96.5513
808.955	-949.224	82.5429
-1306.28	1319.3	-9.85223
-703.88	8.36611	6.46758
406.367	-281.471	-2.14156
125.07	367.023	-14.0345
271.08	-485.773	20.1329
562.16	351.644	-18.9848
843.654	-888.825	85.6613
-162.994	1148.91	-18.7773
931.136	530.272	-18.261
-870.211	-481.51	-1.78625
1199.66	164.186	-22.836
1445.82	-554.954	-11.5772
131.017	-1397.27	37.5311
-467.795	-1092.31	22.5203
578.658	691.114	-21.6021
1214.54	1460.15	-27.5121
363.334	-1012.15	90.1877
158.012	232.865	-14.3751
-1198.84	-506.784	7.13931
-1047.36	1125.95	-13.1493
417.325	-109.357	-8.06704
1292.59	-882.408	9.22058
434.8	-1041.14	74.1752
-1005.21	-1206.43	42.3066
1378.74	-560.532	-11.2059
-193.757	-790.822	76.5032
-104.318	793.159	-14.7309
-708.328	-1120.75	16.552
505.201	709.65	-20.8127
-523.733	-861.237	16.8875
1377.22	1186.08	-20.7058
-69.9801	-1379.39	56.4846
350.176	-278.62	-0.111748
-830.659	-778.605	8.93492
-1030.45	1260.74	-16.4749
867.396	1088.06	-14.7703
-316.687	-477.123	79.5309
-979.39	1185.31	-15.2315
-887.284	-1373.44	36.7641
466.019	354.764	-17.8947
1239.44	-894.863	20.2462
21.6885	400.769	-13.8783
-1058.62	-1098.53	38.5461
896.484	495.499	-18.3509
920.873	1315.83	-18.5731
1452.98	863.859	-20.0929
-257.473	-1200.13	59.8347
67.0757	961.886	-17.7103
944.865	204.629	-21.0711
-1416.19	-452.283	1.88963
1157.28	-594.453	-6.59632
-1171.82	-866.372	30.4943
3.22493	-605.062	85.215
902.614	1445.96	-27.0456
82.4125	-638.085	69.4016
21.5049	82.0997	-8.49048
1151.75	766.189	-18.4183
1289.95	-1280.51	93.5979
-931.808	-551.157	3.02395
347.725	-1068.14	70.5282
899.415	607.991	-16.8035
1428.82	-517.748	-12.1992
851.776	-457.068	-9.49523
-876.064	-1185.95	34.7838
1098.96	158.863	-21.24
-918.503	-715.492	11.6569
589.816	-743.342	84.3375
-809.141	1179.03	-18.7207
1310.45	1197.48	-20.5234
-947.053	-313.531	-2.52816
90.7116	1449.12	-16.2665
1227.69	-953.458	37.0277
-755.032	866.345	-2.94043
-1186.38	630.101	8.78989
-1329.96	159.156	-6.39842
-675.846	285.359	-2.09373
1283.5	-714.119	-6.71152
-868.2	-528.752	-0.362027
-805.105	403.502	-8.22886
-1492.76	839.264	11.7064
1288.55	-69.3974	-20.2407
1397.36	803.055	-18.8432
-423.687	-845.834	26.5356
577.735	1194.81	-22.3835
-1277.04	-973.669	50.4562
631.636	782.627	-19.1533
680.525	931.491	-15.762
439.059	103.592	-13.0397
13.1457	-1121.72	85.4683
-237.791	1037.53	-18.6905
-272.114	-531.374	96.1169
194.426	-1103.76	60.3502
-155.071	1246.55	-17.5097
702.829	-622.948	32.2398
108.14	289.766	-13.6777
-802.569	-1031.02	17.8128
787.922	-1490.7	21.0324
872.484	-873.558	85.9568
18.1253	1069.19	-16.236
978.128	-611.632	0.173059
-380.995	-682.395	39.3753
1113.58	1216.89	-18.1797
-1040.49	-1063.18	40.4479
-322.131	537.886	-11.8139
-557.403	-981.716	15.0919
-652.036	963.864	-15.2074
1138.46	-1038.38	61.2332
-1274.36	-923.391	45.74
-1181.47	1179.85	-8.31182
1227.09	-326.875	-14.4245
-379.868	425.532	-12.1735
-851.732	820.884	8.13076
-593.047	-1034.58	13.666
516.846	-659.205	68.74
1408.66	858.992	-19.4355
219.392	709.287	-16.1875
503.223	-1495.15	22.5761
923.296	178.574	-21.4748
-1408.36	-666.779	24.7293
1409.34	-543.954	-11.6895
-492.883	-1155.2	21.1091
-1116.61	-147.915	-5.66091
-992.978	-196.349	-6.09313
-722.352	1424.03	-17.0112
125.259	1427.81	-15.6653
-1463.2	-1459.03	116.718
1383.9	887.92	-19.3106
240.075	-488.821	22.8329
1009.65	-480.866	-7.78371
747.332	860.856	-18.2681
1257.2	-291.424	-15.601
-1019.67	896.803	7.9551
464.988	-1297.79	31.6034
59.4773	1432.74	-16.5236
630.969	-219.762	-9.66813
369.942	-841.376	117.421
950.453	1072.86	-13.317
418.189	-83.2367	-8.89712
538.418	-1323.55	30.1117
-1068.82	-718.794	14.5933
-740.291	-409.195	0.369939
-1061.44	-791.943	19.6296
738.413	385.797	-20.4861
496.283	-310.867	-2.03818
1088.16	-655.663	-0.883974
1437.24	-315.577	-18.169
-652.226	1051.39	-17.3801
-810.227	943.687	-9.21315
499.527	-242.679	-4.91229
