1470.25	-815.607	-5.75941
1383.78	284.917	-24.3604
-467.953	1490.99	-16.4934
1365.12	-877.971	2.43575
-1037.25	998.841	-4.8377
-801.115	-1001.75	16.1007
-504.526	102.685	29.8778
-1065.61	-1392.95	64.4559
715.544	959.361	-16.8565
-451.078	-275.97	28.5046
1372.24	359.161	-22.6292
-651.504	247.845	2.13726
1382.43	761.191	-19.501
-640.164	-107.035	13.3971
912.487	-647.447	10.1817
-883.853	-616.23	4.73111
-754.12	-25.4542	0.538563
97.2024	71.1059	-8.54919
-801.974	-1282.12	30.8744
426.947	-834.733	115.145
-669.494	367.968	-7.20915
-642.666	1429.23	-16.7572
-378.145	583.17	-11.3343
-334.085	-472.042	74.9766
819.035	-851.479	85.4272
-999.217	-1327.38	52.0012
240.688	1458.85	-15.4484
1191.97	-1234.76	80.1774
-737.888	-972.304	11.313
-621.487	-751.847	8.46326
853.969	454.876	-19.5813
-1293.81	814.505	15.2668
-988.236	-1038.14	41.3658
-59.4656	-265.771	57.9607
-1293.49	-1452.46	92.673
722.211	-1151.12	42.2924
-223.656	1137.03	-18.9807
486.028	826.608	-17.1907
-888.544	-1396.1	39.9742
-184.55	1173.31	-18.651
-152.281	-767.305	92.4994
-624.033	-723.172	7.97072
980.745	-194.85	-17.9613
-617.627	324.024	-4.80763
-1012.45	-1131.07	35.9649
394.794	-77.4881	-8.83218
208.456	989.247	-19.8262
-840.597	-832.824	11.848
394.153	-1135.93	53.2905
828.052	697.722	-17.9225
1118.19	-344.08	-11.1787
927.072	-361.63	-12.8756
517.802	399.224	-18.548
232.267	1152.71	-18.6109
546.072	825.482	-17.3892
-677.047	479.58	-6.86459
-880.045	-1404.72	39.7788
-462.854	-1156.51	23.8307
454.622	-1402.56	26.4751
-607.038	1478.15	-17.0763
339.561	-1133.1	56.4011
1478.99	-1305.41	94.7055
-263.611	528.231	-12.5222
898.195	-167.527	-19.2367
349.586	-1028.41	83.4887
938.963	-352.344	-13.2912
1191.26	1083.92	-18.5033
-916.488	335.68	-9.2686
359.331	621.779	-16.2227
-1252.96	-602.43	15.6547
169.304	1283.41	-16.3241
-1281.07	-605.31	17.0901
-677.76	703.641	-1.66186
693.894	1335.68	-22.4506
1337.22	-556.873	-10.9234
-718.707	1385.55	-18.1086
177.343	137.53	-13.9885
611.671	-98.6625	-10.843
297.042	-1421.49	30.5873
-435.26	403.67	-11.3198
1280.57	200.214	-22.3905
779.304	-1433.63	22.5813
-16.5892	-1080.41	97.4057
255.37	-1096.65	61.7485
-769.599	-951.518	12.4311
-704.478	1491.29	-16.012
1475.22	315.843	-26.5322
-651.64	-403.05	3.48909
544.502	-753.459	88.7121
1149.52	1211.55	-18.3809
1366.02	-1189.17	91.4322
912.446	785.644	-19.0066
878.031	-181.276	-19.021
1095.51	578.835	-18.2239
-1074.77	704.358	6.47851
1292.62	1325.22	-24.1364
1219.22	-1021.19	58.242
-343.451	732.049	-9.61558
434.555	-177.98	-6.63716
-321.796	38.5866	33.9827
1056.53	1239.03	-17.9126
-651.159	-920.737	12.3309
599.567	-1380.41	26.9726
-599.238	-621.655	9.58183
1474.26	665.908	-21.1112
1016.41	321.353	-18.0995
-954.676	-833.679	23.2105
526.31	-1146.7	47.0966
-1245.78	-1436.54	87.8566
-202.002	-448.749	104.377
-452.422	1344.87	-18.3091
816.383	478.747	-19.971
-878.059	417.334	-5.40134
943.246	190.423	-21.1929
-584.33	-1402.75	41.7356
97.1576	-640.673	65.9133
-1170.07	1094.92	-4.48714
-783.743	-564.878	0.482605
232.897	-463.377	20.7151
-493.546	608.926	-10.7757
-846.046	-969.694	19.0454
-269.413	153.477	1.02978
1151.13	-1301.69	75.9709
-531.733	-1259.19	24.693
1145.99	-830.181	27.4681
-461.059	244.814	-1.4774
-1116.69	86.5508	-10.6234
-149.398	-1007.45	91.4225
-1073.79	-1253.91	47.136
-1010.42	-109.407	-7.90082
-752.596	586.311	0.444215
-1159.35	599.095	9.367
-1303.24	1330.5	-10.0429
-1175.44	-163.511	-4.90393
481.806	-1134.6	50.0381
-693.44	-721.439	4.77837
1366.97	215.139	-24.5529
1413.99	340.631	-24.1269
1235.4	650.354	-19.8999
-150.061	635.035	-12.7103
623.392	-931.424	97.6229
1337.17	-1178.13	92.8375
-981.793	-952.242	36.152
-132.312	-176.001	41.8818
1142.97	-1249.17	76.6855
-574.587	338.577	-6.0064
-703.421	761.085	1.37528
1270.89	1050.36	-19.8943
586.242	914.349	-15.7624
-39.5377	269.288	-13.7854
-692.084	825.824	-1.30241
-1081.26	1248.54	-15.2945
-1375.26	1119.44	3.84555
247.739	1361.22	-14.0722
731.086	-451.644	-0.25869
636.384	375.566	-19.246
1194.57	888.789	-18.0362
1448.87	-640.194	-8.98898
566.657	728.035	-20.9778
185.066	718.909	-16.4386
-1326.31	797.524	12.1131
-737.339	632.242	-1.90739
1193.79	-621.016	-7.48055
258.213	1403.86	-14.3633
1165.72	90.9716	-20.1842
-494.228	-807.754	18.893
-997.67	1250.76	-16.3726
676.667	-1385.64	25.7073
-282.5	-631.706	83.0421
369.278	-2.92496	-10.4593
235.189	-840.936	104.512
-253.482	-736.013	70.0499
-1002.29	594.531	5.49786
-1227.85	517.38	20.9626
-674.071	385.872	-8.49277
146.588	1064.7	-18.7625
-1369.54	1195.61	-4.00689
216.084	-159.617	1.2741
-1129.01	-1369.71	64.687
1004.96	-720.237	17.2857
622.156	-1402.54	26.038
-1220.24	19.367	-9.694
-1105.69	1345.37	-14.6821
503.961	1313.86	-20.4711
-857.102	700.429	4.74589
1134.27	135.952	-20.5239
631.536	151.997	-18.1185
-486.454	-330.093	19.332
-1230.47	-695.564	19.9741
-666.038	793.928	-1.87649
825.607	-619.852	8.92786
-367.99	-398.467	60.9786
-878.102	-104.592	-8.61515
-1192.39	-1333.12	61.0734
3.45138	-711.687	95.594
-635.278	637.129	-7.71794
606.255	341.023	-19.4444
-1110.28	-2.47366	-6.47904
288.891	-290.786	2.55065
64.5579	1154.3	-18.1883
-1055.39	-1144.33	36.4298
-1381.73	-825.593	36.8659
-325.708	1132.85	-19.9388
-1454.05	498.839	49.2183
-530.527	506.157	-12.6272
277.512	272.037	-15.038
-1401.43	-1359.31	76.0155
-1497.05	872.319	14.2077
-341.261	-1428.04	45.2372
288.784	-1488.42	28.5158
-1332.6	-1272.73	56.5228
-1167.87	-581.511	8.76452
-814.906	863.146	2.99771
570.026	-241.699	-6.23611
-1150.97	-805.399	20.5802
896.112	839.237	-19.1937
-1380.26	589.86	22.5314
1283.72	1122.52	-20.0391
-218.133	-825.125	66.8546
976.769	-233.032	-17.1137
-299.941	1215.78	-19.3886
207.163	911.102	-18.8638
1353.16	-514.488	-12.1185
-1162.65	-1242.59	43.9951
1214.6	1240.4	-19.1587
996.117	-1136.6	74.6201
-803.476	438.11	-5.542
-1497.3	-112.963	-0.407494
-423.173	669.68	-7.97052
-1.05793	-415.653	75.2177
-728.094	-1144.83	19.0788
333.67	-655.896	53.1176
-582.638	-1307.66	31.0934
-452.278	-1058.59	23.6546
-573.711	-705.171	11.3715
1329.65	1031.51	-20.3358
1222.5	298.733	-20.7507
241.559	600.461	-15.9064
1005.68	-1064.75	67.0926
-405.106	-134.191	54.2436
-1347.05	-739.178	31.7414
-1005.11	450.794	3.81699
-188.093	-885.848	72.7086
689.611	1492.59	-25.5295
299.027	991.952	-17.8482
1480.16	1245.6	-23.398
867.872	962.86	-16.9901
-275.131	170.228	-0.698455
-258.255	761.178	-12.4193
978.425	-625.667	3.02734
-303.207	370.384	-12.4742
-689.661	674.028	-3.18273
96.9383	-1424.82	39.0748
-972.109	-1206.74	41.2973
1006.98	699.177	-17.2057
517.271	-23.8898	-11.1455
-33.057	654.764	-13.7834
-228.576	522.092	-13.242
1082.54	1176.35	-17.5297
-1438.08	-147.298	-3.86651
22.3035	629.006	-13.4403
359.926	401.937	-16.6244
-674.272	-267.928	0.923037
583.833	-33.7211	-11.4786
727.486	-1395.65	23.9687
-423.338	91.387	25.6622
1163.51	1356.99	-23.7981
-1287.21	689.166	6.87822
370.827	-31.6737	-10.0206
247.388	26.2703	-7.66638
1389.74	-1344.82	95.7236
1064.61	1122.95	-15.7713
-310.173	-1186.14	46.7511
-1106.43	553.27	8.63925
485.302	424.352	-18.0092
435.244	-248.575	-4.08305
938.463	-729.667	30.2224
726.325	-1456.01	22.542
-1105.65	569.312	8.33824
-506.138	-300.397	15.4961
112.187	183.442	-15.8117
-367.704	649.048	-10.1392
-529.817	-657.231	14.7715
373.841	445.842	-17.1981
676.726	886.343	-16.1941
838.592	530.566	-18.7103
-808.339	-639.152	2.37161
556.721	393.423	-18.7773
27.7122	1241.16	-18.7656
331.628	-1135.87	55.6046
-1004.59	1387.69	-15.1637
1496.8	142.493	-26.9204
-227.977	-111.978	45.8567
977.785	-1184.06	66.5675
1153.89	63.82	-20.3562
112.17	923.846	-18.5481
223.526	481.15	-15.4208
868.259	-524.691	-6.40763
117.193	-1093.28	72.1662
1473.28	-777.15	-7.08647
-1459.82	822.228	11.4205
-23.7044	-313.503	67.0226
1386.97	936.412	-19.8747
-994.933	993.593	-7.71508
217.878	-1315.61	36.1339
-232.326	987.225	-17.8076
-153.129	-459.558	98.9715
1182.12	-877.429	28.1973
741.718	-601.536	19.5887
396.115	155.708	-12.8846
-911.974	1441.47	-15.9037
-1433.65	-1386.58	88.3325
1477.45	-1109.18	40.5653
-1431.96	-901.343	32.2487
972.992	1415.52	-24.8863
975.99	537.118	-18.286
-1025.94	531.67	6.16048
-1322.39	1248.32	-8.36396
-470.775	334.462	-8.80839
593.266	-863.358	99.5895
-1466.04	800.822	9.53763
-247.481	-446.958	101.272
-283.409	-262.447	65.0648
24.8686	-911.859	106.002
-150.88	-1181.18	81.1214
255.324	33.9103	-8.31341
360.066	512.925	-17.0069
-751.465	-827.494	8.17723
236.894	296.08	-14.6597
564.478	-1111.98	52.3037
1477.56	317.566	-26.5696
-295.172	-1199.23	50.092
123.119	459.413	-14.3355
1305.55	-624.27	-9.06208
-1372.4	-1210.3	48.9486
1378.64	1089.98	-21.1931
-498.172	-331.718	17.5323
-701.74	1243.06	-17.6414
-985.287	558.449	5.00338
165.58	-935.466	95.1437
669.174	-799.863	83.1106
892.446	-188.894	-18.7067
-1397.28	-915.465	37.4462
1425.7	-1344.78	94.9826
934.398	818.79	-18.9032
-934.309	-220.927	-5.56193
-792.009	1377.96	-17.9032
322.443	1494.42	-16.2976
1099.24	1138.25	-17.0868
-534.484	108.819	29.6354
-1046.82	460.207	6.55972
-1270.57	-1420.21	85.6964
-149.651	478.943	-14.881
-851.349	461.055	-2.8888
717.146	1115.52	-21.4781
165.383	1196.68	-18.3192
533.224	-444.508	11.3643
581.008	-283.016	-5.08676
-367.718	-961.7	34.4826
1297.89	-244.784	-17.1339
-573.312	620.421	-10.8287
181.381	1364.56	-14.7299
-481.729	-1118.4	21.49
795.041	-442.684	-7.13264
679.981	747.191	-20.4502
-811.223	-1136.72	27.3913
-1304.63	632.024	11.3662
-437.186	1127.57	-19.5295
-1260.92	354.888	13.662
-876.141	-437.572	-2.25815
18.2498	583.941	-12.0368
-839.791	-864.953	13.0843
-1223.13	1180.78	-6.39711
-26.3967	-1049.67	104.942
376.692	61.5602	-10.6502
223.561	-687.575	59.4343
-252.014	1030.49	-18.6242
-1487.91	-34.0587	-1.67685
-691.946	-317.697	0.761258
-1152.24	1063.25	-5.03476
1487.58	-853.556	-5.10743
-672.21	691.496	-2.62508
805.071	95.3947	-20.1481
-433.462	-1497.19	57.7785
1354.71	-663.89	-7.14734
677.41	117.402	-17.6431
-398.146	-747.333	30.9593
-1327.07	1263.71	-8.4448
343.633	1363.75	-16.8151
-546.271	-245.513	14.3606
-357.616	-827.754	36.4114
-4.48088	-957.637	103.874
-496.172	274.334	-2.57062
-1423.32	219.557	0.652607
447.357	-1403.28	26.5428
734.304	-405.522	-3.99757
485.675	-292.282	-2.90913
-885.192	1232.62	-17.5777
-525.525	842.353	-14.0691
291.252	-1413.43	30.9575
-325.039	-555.557	76.3337
1071.84	-14.6733	-21.5538
744.652	-278.62	-13.596
698.444	-1003.9	81.0484
1044.66	-1162.82	73.4978
-883.034	1327.19	-17.2406
77.8543	626.304	-13.7087
907.492	1334.35	-19.8612
-1460.71	-961.262	24.455
-97.9293	-1026.47	102.844
954.929	-1342.4	41.5427
-77.4647	1069.94	-17.7448
-847.132	537.699	3.6814
216.02	-515.833	26.9297
-1157.83	-841.079	26.3901
63.0901	-230.311	30.1294
397.455	549.03	-17.4004
-889.663	107.137	-8.08289
-647.897	-1365.41	44.3308
-486.324	-646.734	19.7113
219.218	-0.388114	-5.47166
-858.749	-913.304	17.0867
812.986	961.021	-17.2686
308.899	38.9436	-8.35033
-1308.8	48.5382	-9.71548
692.187	-195.096	-14.7014
737.253	1020.06	-18.923
-201.705	-1144.17	75.6517
-122.053	-5.38627	8.80411
604.774	-1268.14	33.7416
1348.5	623.831	-20.2371
-1350.92	-1056.12	52.7444
-323.536	-368.316	77.9438
26.9174	-659.114	85.0487
-645.413	97.2794	19.5043
787.699	-986.847	79.727
15.6818	57.3921	-5.93167
669.8	1499.25	-25.3214
1270.32	-1079.72	69.0457
-555.974	-219.413	16.237
977.632	-835.032	63.377
157.048	-149.921	5.24401
531.396	1119.1	-21.5903
-766.961	-162.677	-4.01397
262.669	1383.75	-14.2461
554.173	-587.419	44.5999
-812.599	659.595	1.3672
613.327	414.684	-18.5701
1056.91	-448.084	-8.55614
-1155.49	-310.404	-2.07084
451.226	1448.3	-18.9951
-1170.08	-1227.27	44.1493
1403.59	641.477	-20.6177
767.194	1324.46	-21.6899
1052.45	250.138	-19.8649
-1.9248	685.393	-15.0401
271.425	-463.165	17.735
-525.795	-537.117	17.4344
-1093.73	-0.470849	-6.95881
1372.55	1151.22	-20.8926
1469.77	-147.889	-22.652
-857.54	-622.166	3.68104
-873.787	-1105.54	31.4604
-1002.73	-374.134	-2.39077
806.054	-1344.02	27.2743
-1190.97	-1127.16	45.2047
-808.27	347.973	-9.67964
-1272.92	841.965	21.5385
1432.06	-800.731	-5.05939
-1334.9	-500.918	6.28698
-1264.09	-829.121	35.1977
-1265.34	-558.729	12.1982
-345.785	1463.63	-16.6664
-609.396	1103.25	-17.8685
-1214.83	1486.08	-11.9458
969.649	-783.299	45.249
-941.229	-818.167	20.4651
-545.36	-69.6439	33.3592
677.893	1055.12	-19.7316
569.183	113.594	-15.2812
-309.787	575.184	-11.6947
-1436.66	-1065.58	34.3434
574.553	1480.12	-23.848
-1317.99	883.366	29.6478
543.671	760.6	-20.1367
-650.937	219.073	5.49363
1214.28	1405.01	-27.3464
164.583	1174.97	-18.6692
1280.18	-1042.16	61.1068
726.268	621.56	-19.0988
-926.007	1387.22	-16.048
3.40383	-479.822	75.0123
855.632	256.265	-21.4044
1293.94	41.5438	-21.1532
1128.43	-1030.48	59.3312
490.352	1384.55	-19.3127
-757.937	-1011.07	13.8895
-1416.87	106.402	-4.97113
695.404	-1116.63	49.0063
1132.88	-448.093	-9.61301
1391.07	-584.405	-10.7596
-817.517	707.361	3.44347
-1122.28	-2.99377	-6.22003
182.121	-1375.1	35.7116
-1251.44	-1026.5	52.7945
-382.94	438.357	-12.3517
21.1907	815.665	-16.6012
1462.73	-107.076	-23.8486
-1221.81	-371.069	0.724123
-1051.01	89.7548	-9.96371
-21.8495	56.556	-4.53116
-303.511	-614.513	77.7979
1143.94	172.626	-21.5938
-782.34	168.509	2.00238
-1296.42	1196.64	-5.7048
1362.55	406.17	-22.6496
-684.968	-811.538	7.25477
-580.428	18.806	30.1638
-251.256	592.025	-12.2448
932.985	-86.367	-20.5829
482.376	-135.894	-7.84937
965.735	-137.765	-19.5136
-24.7188	-955.397	104.496
-752.38	-423.902	0.188748
1317.46	-738.778	-5.69684
-1245.16	-441.465	4.85493
929.294	-278.949	-16.0372
195.468	-1330.45	36.0762
922.73	-894.053	81.7762
1051.08	177.903	-20.8401
1389.98	-643.501	-8.15334
600.992	927.742	-15.9419
399.56	310.84	-16.9818
-360.041	456.549	-12.8516
209.969	977.163	-19.8665
873.359	622.326	-17.0903
1448.76	-955.268	3.00408
450.326	740.043	-19.396
1185.63	1436.63	-27.2697
1061.44	360.374	-18.0429
773.388	272.959	-21.7268
-1109.11	1008.84	-0.976906
745.724	-734.019	58.0603
1338.58	683.262	-20.3594
-535.886	1494.48	-17.0618
1319.31	-1296.94	96.081
630.151	808.737	-18.088
422.115	1019.49	-17.6869
-758.46	-1207.79	24.2819
184.189	-339.721	20.6548
-1460.47	-969.797	24.8609
-979.882	-1031.13	40.5802
-938.677	788.445	8.18465
-1366.21	-1327.02	66.8927
-1002.83	-822.631	22.0949
585.488	785.538	-19.116
798.964	1030.54	-17.7712
-214.539	-599.436	111.227
-465.519	1482.89	-16.6699
430.847	-784.405	102.914
-918.231	-240.966	-4.90077
455.437	-340.448	-1.1481
1486.3	1342.31	-27.4635
1052.21	-98.5124	-19.0322
-92.1169	-991.483	98.6421
564.86	393.121	-18.7599
-286.926	-1346.01	53.0225
-1042.87	-436.376	0.134419
-1253.2	-120.785	-5.89302
-920.649	-323.254	-2.20277
-112.708	528.189	-13.6658
-1474.19	593.196	24.0501
-646.356	1011.45	-16.5874
-844.939	-1386.72	35.7966
-1296.67	-1037.36	57.0086
-182.299	1487.29	-17.5105
-911.415	922.57	-1.67135
-1491.68	-89.5354	-0.815272
932.261	-1405.84	30.8505
1207.02	-1393.54	79.3729
532.494	-371.136	2.11186
103.406	560.395	-12.7042
-1074.77	-476.547	2.06374
-271.257	-1023.3	57.8132
909.135	-968.566	76.8636
587.267	468.744	-18.3721
1158	224.7	-21.4319
133.908	-1343.07	38.1509
-4.33974	-485.591	77.1614
-94.3455	375.616	-13.5847
-1159.62	723.076	7.41924
-630.182	1002.18	-16.5609
828.887	-387.55	-11.1611
-156.856	393.869	-14.6244
-841.552	-249.16	-4.73455
-243.694	-524.206	106.035
950.957	1231.76	-13.5897
1177.56	1493.54	-26.4089
-1224.12	1018.93	8.277
-1407.96	-20.5873	-5.33815
-1464.99	-1341.73	80.992
188.406	-510.59	28.3691
582.259	-1444.36	24.3992
1355.57	-1471.03	79.864
219.507	-933.481	100.093
-769.559	1408.2	-17.0381
325.755	-992.322	97.4058
-1090.56	-185.726	-5.52288
-943.864	-160.942	-7.10445
-1451.17	-15.3273	-3.47237
-1071	-264.878	-4.15435
-963.73	508.357	3.45476
-1043.22	1489.01	-13.9645
874.901	162.395	-21.714
323.32	1281.84	-18.2352
591.672	752.67	-20.5336
1186.78	-1418.58	71.4057
594.765	-359.153	-0.828894
1189.3	1153.06	-18.6035
-1480.76	514.395	49.1373
-253.558	-153.142	54.2791
-1394.33	1074.51	12.1024
676.123	-1355.84	26.9054
-370.696	258.614	-8.50092
698.548	703.388	-20.6656
-1377.68	-1375.34	79.1675
1402.77	-1410.79	93.1327
-1186.08	-899.541	35.4623
1017.87	582.378	-17.6338
392.437	451.23	-17.3373
1031.18	1372.62	-22.7175
-545.697	-1140.95	17.4298
-1085.19	482.304	9.63165
-1177.37	-275.134	-3.10647
-741.041	643.032	-2.32723
1407.37	674.722	-20.7399
-701.628	-1404.86	49.5022
1396.96	760.541	-19.5063
1455.36	1195.02	-21.1425
94.5534	869.591	-17.9455
1386.31	678.328	-20.6265
-876.112	664.562	4.43279
-1180.39	-383.344	1.75989
-751.568	1042.47	-16.2729
-725.239	711.351	0.394703
-337.868	0.847604	44.7505
235.543	-1441.66	32.4692
630.909	92.0403	-15.7654
1142.79	597.212	-18.2319
1316.78	223.47	-23.3903
-1285.11	992.567	21.2776
796.58	-383.329	-10.1497
-388.199	-1230.48	33.1402
-1319.41	292.969	9.10579
602.858	401.721	-18.6368
1315.54	-1454.22	81.6818
865.288	-872.199	86.4487
-777.577	-165.7	-4.49076
-1008.66	378.25	-1.78959
-573.92	515.241	-11.3169
-59.9694	839.939	-16.5383
942.055	380.835	-19.379
937.376	-41.3975	-21.3194
1154.58	714.082	-17.7403
476.266	-1136.12	49.8202
-344.386	611.111	-10.8886
-425.435	420.202	-11.6746
1301.36	800.403	-17.883
39.6455	274.307	-13.909
-1108.55	-638.861	9.19346
-623.285	253.879	1.3928
-741.731	632.125	-1.75366
-111.641	-338.58	82.289
-900.122	1317.58	-17.0664
-268.884	-55.0212	45.9354
848.318	1383.48	-23.4003
1289.55	610.422	-21.094
-430.59	573.234	-11.9484
367.753	-1346.04	31.1644
-56.8432	1335.56	-18.1657
1354.68	-47.5155	-22.9997
-932.777	465.689	-0.308014
-482.907	-1229.51	23.8766
551.746	407.952	-18.6168
1131.84	-453.36	-9.40095
-486.341	-837.88	20.2824
770.329	1044.26	-18.8272
-1226.6	-923.582	40.9199
-1069.46	56.3876	-9.20017
595.548	906.136	-15.5305
-1086.86	65.7942	-9.82981
-1166.56	1263.79	-13.7064
-352.464	390.034	-12.14
819.733	-1487.47	20.7529
64.9491	-982.677	96.2344
1156.43	-650.436	-5.52613
1389.91	1071.15	-21.4195
-1140.99	-1205.74	43.5505
-810.37	-730.443	5.71041
825.5	1484.24	-25.1012
-460.827	-737.715	22.8435
819.002	-419.839	-8.99531
262.012	-233.319	0.516127
-804.867	912.907	-5.25141
-1467.84	421.535	49.3172
632.477	1096.95	-20.5407
-831.372	-395.415	-1.54579
464.507	532.765	-18.6884
-331.011	-497.616	73.4055
446.09	-1013.14	85.5173
-296.268	-62.665	53.5433
1391.73	868.989	-19.3006
-758.276	-621.751	2.01979
-890.568	343.997	-9.77703
1004.49	-71.9851	-20.775
-791.195	-87.1471	-5.2625
-1161.97	1361.88	-13.1298
850.795	1020.76	-15.6299
1151.17	1430.35	-26.2153
916.284	-113.573	-20.1711
-159.276	431.76	-14.5967
789.179	-1182.95	40.4405
-157.068	-688.061	104.764
412.259	-254.604	-3.55646
569.327	-443.616	11.0562
-923.315	-1424.01	44.2411
311.908	-555.739	25.8604
-435.304	-952.421	25.6166
-1381.5	-555.078	12.4675
1433.83	986.893	-21.8624
-361.271	-110.431	59.2187
-275.225	811.156	-13.9263
-1424.56	-260.788	-3.23757
-234.814	922.195	-16.6238
1280.17	-442.823	-14.4458
346.557	-453.111	12.4294
-1025.17	-1133.91	35.0675
978.462	-775.864	41.0795
-1139.62	-1254.04	45.052
-108.964	-1247.66	72.4176
-523.079	-852.79	16.8042
906.888	-1041.73	69.8623
-952.377	-806.918	19.9594
-471.685	-558.581	24.1035
-508.381	31.9819	42.3474
-1451.19	-431.129	0.673156
-859.359	126.681	-6.05019
1390.45	569.489	-22.1891
39.5537	18.8141	-1.75198
-826.23	-714.238	6.09872
217.248	-920.035	101.503
-1434.71	-1281.76	60.4439
834.083	504.617	-19.0958
1488.1	-618.159	-10.4047
1346.64	-242.444	-18.388
929.653	264.127	-20.5758
-1037.02	916.447	6.56588
-511.173	361.318	-8.63476
-442.935	956.474	-18.4894
-828.295	318.365	-10.5541
89.285	-1068.37	82.0537
-245.382	-198.873	60.9808
221.706	-1134.16	55.5127
335.405	706.056	-16.4562
1112.53	927.737	-17.8759
-1395.87	456.761	45.9018
245.92	714.713	-16.0113
1046.64	493.084	-19.1392
-465.223	-440.318	29.1683
-868.887	-700.741	8.33798
-175.276	1010.23	-18.2198
-219.336	623.861	-12.5056
-290.791	239.844	-9.35853
-947.013	1203.01	-16.1445
-295.947	1038.06	-19.014
-193.064	-647.218	106.296
841.121	1070.85	-15.9589
591.024	-1368.61	27.6915
-792.885	-35.7962	-2.83044
726.202	364.55	-20.7012
455.78	39.2769	-12.8957
1231.75	-1138.72	81.8578
677.095	288.673	-21.4059
4.85987	-263.547	47.8405
-562.25	-1149.48	16.5934
-1009.32	-1412.45	57.8453
-940.977	287.688	-10.6847
-963.807	-1011.11	37.8014
-406.697	-1248.8	30.1891
-2.672	1442.93	-16.2052
-798.358	-362.127	-1.67469
-1389.38	718.427	8.69947
268.933	-689.041	60.8946
-1487.59	-124.129	-0.777357
-1307.26	-1092.04	52.3082
-710.692	1132.54	-17.7726
-616.159	-880.878	12.2024
1084.82	598.503	-17.8173
694.427	1385.33	-24.4874
884.441	-183.712	-18.9083
325.969	-971.625	105.894
1109.3	105.825	-21.2369
505.657	914.409	-15.9216
748.1	-1100.02	53.863
-345.953	520.829	-11.9556
-706.912	650.577	-3.94715
-182.919	181.948	-9.27045
1019.19	474.258	-19.1502
234.337	-382.973	12.1707
-274.777	-1402.75	54.265
712.997	-135.631	-18.3116
481.225	835.127	-16.9575
-879.242	-880.636	17.2039
713.557	443.96	-19.2578
890.343	-39.2134	-20.056
1461.76	1194.18	-21.1984
24.7286	-1030.18	98.4089
141.172	1016.93	-18.9768
723.394	848.328	-18.0692
-663.185	-242.963	1.63879
251.067	240.878	-14.9515
1464.34	-637.014	-9.28717
-636.454	-1212.27	20.7278
-1115.1	-860.827	27.4102
-1076.73	-1199.07	40.7643
1406.92	1304.98	-24.8739
-105.916	1437.58	-17.6154
975.35	657.218	-16.9101
110.496	-599.783	56.2483
1377.02	-478.109	-13.1678
1141.57	-824.623	26.4151
-1125.16	344.673	-0.00411676
-1113.05	755.294	8.97011
81.6571	-39.6526	-0.988767
-462.52	1240.4	-18.7084
171.711	275.89	-14.083
-830.26	-294.892	-3.28986
-652.817	-1216.31	21.4686
1379.84	-159.698	-21.1047
-496.851	214.177	5.69242
950.73	-1179.69	64.279
114.733	1223.09	-18.3007
1233.98	246.189	-21.7877
-540.634	-377.955	11.5168
-134.305	-1320.58	67.1223
-1254.83	277.395	1.97955
-128.819	42.0076	2.76466
-975.144	-570.948	5.28964
-75.9939	-1417.33	55.1863
-844.096	160.692	-5.32342
338.604	1041.06	-17.8283
-965.433	66.3169	-9.218
455.437	-21.7556	-11.11
446.712	-808.538	109.576
443.638	175.961	-14.9341
1376.85	-917.304	5.8742
-675.882	1382.71	-18.055
-1350	-86.8782	-7.71687
449.183	1119.43	-20.7579
-846.891	-885.403	14.4283
370.994	-178.617	-5.52249
-907.715	1026.05	-14.1234
-1483.63	-606.112	8.71587
-353.933	-195.14	52.1645
409.224	1065.41	-19.0839
-669.962	795.919	-1.64349
1444.82	-857.074	-2.95174
-16.8368	1369.23	-17.7976
-1307.49	-90.428	-7.6495
851.176	-152.778	-19.7599
-1389.68	1402.54	-8.02705
79.7689	1288.55	-18.2751
-143.053	846.831	-15.6663
1050.29	-1431.6	40.1571
-1153.65	1465.93	-12.9566
-372.892	20.3727	41.5085
261.117	-1026.55	81.4438
-126.123	-618.567	115.162
1445.49	-283.516	-19.5163
1043.32	-563.058	-3.81818
1087.93	329.535	-18.7354
687.555	1168.73	-22.3608
1059.82	-183.372	-16.3621
-581.82	1454.51	-17.4771
-513.396	-535.999	19.1645
-765.441	1273.66	-18.3388
913.466	-1079.86	67.8839
-1163.29	1027.42	0.931928
-846.211	275.182	-10.0111
481.191	223.486	-17.9426
1413.14	1296.14	-24.7175
-821.416	-1066.23	21.3836
1235.27	-120.072	-17.8892
-529.21	1232.19	-17.9291
402.672	935.715	-15.9988
1242.57	588.09	-20.5015
1087.47	-945.84	59.0136
-780.124	719.427	2.98156
-267.235	-492.178	95.1162
1151.15	-1267.82	78.3129
1486.2	-414.913	-13.4624
1262.3	680.698	-20.2649
1402.89	-821.165	-2.75769
161.731	812.763	-16.6854
981.875	1406.71	-24.3993
-1226.77	588.786	13.1588
1365.01	1204.66	-21.1914
-1117.29	1324.59	-14.5982
-425.325	668.917	-7.97702
-1322.19	-907.181	44.4789
-897.956	-956.086	23.7015
1443.08	-1189.44	82.4247
660.814	-1271.63	32.2062
185.749	-1444.47	34.8082
-742.081	845.891	-0.351209
215.411	974.909	-19.7528
-243.049	250.625	-11.6589
1145.17	777.712	-18.4884
427.787	311.526	-17.4374
-997.669	1184.92	-14.8409
-1058.27	1074.43	-11.12
811.742	-1051.68	66.4819
-1270.59	-941.335	46.513
854.595	-411.553	-10.608
376.91	692.025	-17.3883
-731.104	-369.935	-0.00487203
-740.974	-840.232	8.6459
847.154	-1462.9	22.1537
21.7811	-114.833	12.5101
-1139.87	-822.079	22.6759
613.194	-1248.01	35.1211
172.488	-1066.87	64.9437
-170.695	-1227.25	73.7897
279.794	1215.89	-18.3052
-532.714	1489.07	-17.1175
1413.65	1119.32	-21.2773
-961.71	1015.84	-12.3866
-377.85	-81.1557	57.9073
531.504	304.079	-19.3154
-171.081	-11.5995	17.2914
-272.948	-247.47	64.3896
-917.164	955.536	-6.34376
-208.872	1457.71	-17.5444
116.517	-359.313	39.0771
-1033.29	180.4	-11.1046
1340.44	-972.991	24.1416
-504.766	-1367.97	33.1799
-486.561	29.0504	43.6184
-1072.37	1125.99	-12.204
728.524	-1301.36	28.0993
-904.041	1078.1	-15.8838
131.081	-101.407	2.43545
-337.726	-896.373	38.4239
-379.179	-635.426	44.7223
-105.671	-267.155	62.2539
830.794	1311.73	-18.8004
-417.004	343.502	-10.3768
557.826	-206.524	-6.76778
192.104	896.752	-18.4928
-296.134	854.718	-15.4799
-352.779	-1014.61	36.4329
618.159	-438.807	7.46432
-1103.87	505.727	9.67865
-416.262	543.649	-12.3642
1001.48	-162.023	-18.4055
-829.062	-763.766	8.17901
1440.97	75.211	-24.9482
-706.445	112.842	11.8487
-754.653	-842.521	8.73823
-1327.12	430.748	37.5498
983.643	572.01	-17.6987
11.3808	-247.847	42.022
262.32	719.233	-15.9688
-959.373	-472.866	0.281022
829.765	-690.556	29.6362
-723.96	804.483	2.54363
338.969	-429.073	10.5915
950.619	-780.291	48.4066
1335.24	740.803	-19.6528
546.687	689.997	-21.6808
-191.787	337.872	-13.9049
777.214	-714.33	46.3011
-677.451	-1497.13	57.1306
-516.667	-259.094	16.3757
-686.794	413.934	-8.51804
1194.56	1086.36	-18.5596
350.993	1135.23	-20.2313
228.743	-967.324	95.7096
-1420.87	1053.45	17.6681
60.0626	-928.96	101.777
375.144	242.079	-15.4891
442.258	-339.043	-1.09956
-202.663	666.516	-11.8046
1326.56	-557.373	-10.805
-791.771	-933.505	12.811
1133.34	-742.245	6.07845
772.119	-340.888	-11.6875
623.809	1097.3	-20.5282
-1486.95	484.993	51.4097
-1488.62	1309.63	-5.62146
1357.01	365.243	-22.2123
1398.4	-737.009	-6.31315
-1078.33	-869.327	29.5557
638.027	1390.66	-23.4347
-631.899	244.232	2.51219
-339.264	-217.317	55.3835
-580.42	1379.1	-17.8987
-64.1669	921.925	-17.0659
762.865	-190.784	-17.9703
737.002	-1183.18	37.9145
-1051.06	-252.31	-4.55361
305.805	253.932	-14.8677
-1460.28	958.442	24.0953
-34.4835	1262.33	-18.9643
641.749	823.042	-17.5693
-793.707	1228.55	-19.2022
-1479.64	-1316.17	74.9454
39.1775	-587.022	73.1416
-860.488	45.3915	-7.2562
-146.362	1132.74	-18.6199
883.472	-472.349	-9.39391
1488.92	1142	-21.2093
266.421	-1408.62	31.9036
247.922	-303.711	6.89166
-490.307	1346.66	-18.6263
-1048.31	-859.734	26.7976
-392.171	966.837	-18.2645
1464.48	-125.428	-23.3343
1261.99	887.637	-17.8858
4.3142	379.517	-13.8199
241.821	87.5834	-10.9795
1119.34	123.244	-20.9264
1115.18	1439.94	-26.3061
-1204.16	296.005	-1.66692
902.213	-999.187	74.7764
1099.53	663.744	-17.157
994.608	-1193.52	67.4175
1194.41	-517.109	-10.2809
1131.23	857.014	-18.5582
848.945	1024.56	-15.704
-1351.05	-1253.6	52.6101
906.647	-848.597	82.1452
-469.641	-960.069	22.7155
-37.9952	331.432	-13.4825
-717.586	375.852	-8.49788
563.003	-812.452	98.7003
994.697	-1417.2	33.8795
-1170.65	884.687	16.0389
-1423.96	897.713	25.043
869.258	-27.4043	-19.6429
-894.994	826.429	8.01933
1307.89	1279.75	-22.323
1256.25	-753.577	-4.40551
781.164	-980.293	80.4965
-1059.58	923.435	7.59746
-720.212	-1251.18	26.7985
-376.967	287.565	-9.46435
-1115.93	-1308.63	53.6929
810.644	-791.159	68.2329
-987.397	-16.8963	-9.04428
835.035	-1081.45	61.6733
-534.26	1398.53	-18.4335
1278.99	-640.062	-8.63641
-402.418	-1328.83	34.344
1197.62	-425.858	-12.6995
736.762	524.801	-19.2725
-1200.05	-684.624	16.165
-958.15	1366.32	-15.8689
1006.46	934.122	-17.9233
-1070.08	1055.11	-9.99662
839.588	744.494	-18.3237
-832.555	617.997	0.952544
-1110.23	951.581	7.01808
1040.46	1221.67	-17.5359
-1408.37	1238.39	-4.99827
-1034.17	284.731	-8.21959
-452.564	-639.52	26.1671
473.316	-1378.98	27.4489
-286.07	1290.81	-17.8979
687.109	-360.892	-5.60393
652.965	610.336	-20.0788
-1378.56	916.64	30.8764
91.2358	-98.9983	2.477
-763.579	327.835	-8.51255
-261.352	291.002	-11.8821
262.308	287.008	-14.9377
532.973	234.471	-19.341
817.329	1087.89	-16.9723
1223.96	1488.24	-26.3913
177.554	389.238	-14.7955
1436.92	-410.724	-14.1059
424.326	872.558	-15.9189
-65.8241	-348.542	80.1221
-803.802	-553.316	0.0385877
919.729	1085.47	-12.3616
-53.7225	54.643	-2.26733
685.608	735.997	-20.8707
740.281	783.628	-19.5595
520.971	1344.71	-20.2213
-99.9826	54.2976	0.762815
-767.808	968.392	-12.6141
1179.68	-1308.85	78.2348
-228.154	-8.61993	28.3469
29.2213	454.712	-13.5054
294.632	642.506	-15.7154
1305.48	579.521	-20.7113
283.339	237.782	-14.8204
479.407	649.15	-19.4793
1322.5	-459.572	-13.9093
-873.51	1329.28	-17.3696
591.825	-197.718	-7.889
-937.629	424.791	-2.51456
730.579	1064.24	-20.1881
941.351	-790.266	53.4523
-1283	99.4197	-10.0705
1183.75	-855.831	23.3085
-1051.15	-339.88	-2.65851
-1276.33	-263.66	-3.83883
-1330.69	-599.927	17.448
1295.84	1476.58	-26.9325
490.986	959.008	-16.7629
-611.08	-1296.65	31.4415
895.752	561.987	-17.4637
-1154.81	330.287	-0.0134167
1414.44	849.251	-19.4319
1475.53	-1294.04	95.0184
678.287	1058.16	-19.8316
657.151	167.35	-19.219
1281.41	13.0921	-20.3545
-655.995	505.985	-7.89585
-1241.8	-426.644	4.03347
1261	1049.69	-19.7402
-355.937	-1446.39	46.449
-205.47	-1230.27	71.0162
1280.61	-21.0159	-19.8581
440.243	-1485.11	23.7689
148.822	976.523	-19.534
-1262.9	955.732	25.1307
-1365.88	1402.19	-8.55312
-532.141	513.519	-12.7535
-673.486	-949.181	10.7319
858.775	-1343.52	30.4001
-139.111	-209.861	51.0324
779.434	-155.92	-19.8523
-1466.46	-204.324	-2.36195
516.276	789.319	-18.6485
1235.28	-947.443	33.2517
-85.6494	-885.334	95.957
-191.943	-855.004	71.4467
-196.124	-267.12	63.731
-728.446	229.358	2.3246
-1191.43	1234.58	-11.9409
242.683	1483.27	-15.7846
-1348.95	-1252.59	52.463
-666.194	373.469	-7.4869
-1342.25	-998.372	51.1928
257.386	489.88	-15.747
1405.7	895.78	-19.8008
969.872	-578.896	-3.24928
1447.33	310.863	-25.7439
-1352.82	1194.85	-4.53057
1222.37	-1482.59	59.8644
-468.405	1030.69	-18.6513
1320.9	144.743	-23.3829
-0.551098	1377.34	-17.4851
363.362	520.921	-16.949
-879.179	597.801	2.77031
902.34	-159.442	-19.3882
457.5	700	-19.329
507.662	-585.536	46.1077
-1079.82	408.216	4.69425
-1472.16	-1485.89	126.165
634.607	281.978	-20.8333
1008.24	46.9104	-22.3884
1377.32	1061.45	-21.3117
-736.583	-470.52	1.02935
866.133	-620.825	7.1035
610.022	-164.486	-9.07979
1195.88	-796.182	7.22492
1343.35	-926.547	10.2572
-399.024	-988.145	29.446
-940.056	-792.024	18.099
2.7322	151.752	-13.7277
861.052	1249.08	-15.2163
-354.866	-425.159	66.5881
-873.51	-242.266	-4.87807
-1151.11	-1197.29	43.7596
-340.056	28.474	37.6201
316.19	1386.26	-15.2698
-672.534	260.508	0.730436
-227.848	-806.897	65.7126
-482.499	-385.045	23.4663
773.654	1112.05	-18.6191
-294.642	-1003.33	49.5773
-456.333	156.027	16.9424
554.624	528.761	-18.3245
-1206.16	-736.255	19.8768
1389.8	1303.72	-24.5431
-627.064	-512.811	7.19291
-1360.76	378.289	31.1288
654.438	1127.84	-21.4737
535.448	602.969	-19.7292
-218.481	-490.384	111.931
-297.296	-376.599	84.5866
60.9583	-1370.25	42.2387
650.92	-734.969	72.0029
1082.51	1198.78	-17.7447
263.637	980.719	-18.6785
1371.69	-678.851	-7.00785
26.894	-216.659	32.0372
816.239	-136.464	-20.4108
1284.73	1148.25	-20.0824
261.712	129.201	-11.9719
-1348.13	-1102.74	50.4279
-63.3736	293.72	-13.601
1492.42	-1014.63	6.6888
336.163	-504.725	17.6458
277.846	-1034.18	79.8942
-448.613	1123.78	-19.4947
-1074.5	1080.87	-10.7212
-999.599	1191.34	-14.8513
-821.558	815.19	8.05409
400.933	-192.96	-5.69982
869.695	-410.681	-10.7703
53.5568	-728.485	91.3606
-104.873	1066.83	-18.2443
1437.76	-1085.78	41.4721
60.2763	1340.41	-17.7278
509.624	1018.43	-18.3297
1469.76	-1182.18	71.9732
1134.05	261.83	-20.3918
44.8902	-1112.88	82.8409
946.548	116.035	-21.9851
559.937	1165.41	-22.0865
-1252.26	-599.538	15.3584
-1405.49	-1161.47	45.9119
-959.103	-672.512	11.8547
715.797	-129.137	-18.4631
638.27	1291.91	-22.1595
520.322	-477.428	18.7215
-645.076	-188.459	6.51739
-171.629	112.11	-1.50548
1270.6	132.5	-22.5055
929.809	-122.803	-19.9565
399.584	774.653	-16.9027
716.055	-815.899	80.0866
1326.67	1370.2	-27.0646
1362.43	-724.475	-6.33837
409.71	-901.128	117.91
874.198	988.028	-16.0566
-596.868	1314.33	-17.4764
-872.719	1339.75	-17.2388
-308.031	537.912	-11.9685
997.298	409.459	-18.5729
-387.294	-371.461	52.8947
-415.474	-838.734	27.7704
1101.66	-273.255	-13.4667
-1314.47	-1207.3	48.3531
1363.92	-1040.79	45.0006
732.833	-1398.46	23.7138
-1373.86	632.768	11.9391
-718.485	-286.006	-1.08521
-791.294	-368.149	-1.45686
-332.13	-163.997	59.3575
623.594	-547.282	26.791
1396.08	-254.539	-19.6306
876.222	578.852	-17.3739
180.13	896.51	-18.5217
867.818	-325.414	-13.763
-189.405	-1213.33	74.0677
-179.798	-669.483	105.416
-379.155	897.736	-17.6761
-1106.44	-1090.3	42.1262
1237.12	-1468.17	66.8704
142.863	1460.32	-15.5923
-65.9134	940.598	-17.1244
335.533	-282.836	0.621522
-201.634	1273.64	-16.8193
-998.352	443.932	2.78112
-1485.12	-86.3246	-1.13487
-1427.05	-798.158	27.7202
-205.486	763.583	-12.7968
-896.171	1385.8	-16.4179
-1351.41	-406.693	-2.13636
-1291.62	509.765	32.0872
1058.77	-1232.02	71.238
345.717	909.019	-16.5485
981.196	1026.81	-15.2377
-459.479	-1018.6	22.8182
-964.783	446.025	-0.149502
605.512	69.5348	-14.4818
-1193.31	-88.7995	-5.5755
-332.659	-504.472	73.4635
1177.86	-213.3	-15.1245
-1299.24	94.602	-9.73193
818.285	284.734	-21.513
836.424	1468.83	-25.8038
987.058	-481.691	-7.9838
-787.022	-562.484	0.398386
935.203	1287.13	-16.6013
470.704	-248.799	-4.45617
1.14271	1418.05	-16.6756
1343.03	375.399	-21.8985
-1288.63	295.773	7.87285
-1410.2	-1122.32	43.8906
287.222	-332.918	4.63286
1064.91	-868.309	54.6824
-289.852	-1024.96	52.5072
-481.741	-710.534	19.8174
-209.84	-1081.98	76.8269
797.562	-998.85	77.6827
255.869	436.805	-16.4469
1431.81	857.975	-19.7174
-610.537	215.529	5.938
558.209	-1191.92	38.9283
-480.581	717.959	-5.56
1106.62	-204.86	-15.177
233.259	-1476.74	31.944
-963.027	-666.197	11.5689
833.609	-907.825	84.3496
449.58	-188.974	-6.46086
1408.25	524.664	-22.3947
-1152.53	-1006.12	45.5846
114.478	46.4565	-6.7241
713.755	-1437.03	23.0285
-175.193	395.774	-14.9374
500.963	-618.225	56.3355
208.092	957.556	-20.0337
1135.09	1138.35	-17.7765
-175.466	81.5334	2.46316
-199.922	-537.818	118.332
1054.57	1122.08	-15.4294
1336.02	-147.903	-20.4195
-199.761	-231.089	62.5575
1493.8	-854.849	-5.27824
1438.32	-817.274	-4.38308
-518.544	1052.5	-18.3365
1379.01	-500.456	-12.4914
459.722	-218.478	-5.59654
38.3481	777.374	-16.4225
-483.789	1326.2	-18.4788
-831.328	795.038	10.1247
-295.514	1459.95	-17.0218
-350.711	1224.43	-19.3716
797.959	104.321	-20.4033
-1136.63	-837.61	24.8809
1473.89	686.359	-21.1698
-945.436	-1316.37	43.7264
719.423	563.33	-18.7079
-1355.01	1483.56	-8.96692
1092.09	-1178.18	73.0448
1214.9	-1188.03	81.5053
-1080.51	-924.785	39.5384
835.161	-532.714	-5.50674
1152.44	628.267	-17.7696
734.952	-820.98	79.3995
28.4014	-1127.21	81.8286
-1156.54	896.427	14.2666
1488.17	1004.03	-23.1562
1429.7	858.413	-19.6944
-258.417	-1354.7	58.4271
1469.77	-658.78	-8.74398
-1228.34	-641.904	16.4348
1229.76	-358.672	-14.5133
-91.6645	607.407	-13.2582
-787.838	457.027	-3.88597
-389.622	-1250.66	33.2444
131.323	-1209.68	51.4404
959.036	-994.736	71.6287
-1203.48	-596.672	10.9354
-1241.13	174.206	-8.86211
-1301.44	398.957	26.7019
-1099.86	-234.129	-4.65358
1346.95	-376.592	-14.9304
1496.75	-117.855	-22.9908
1025.78	-58.4077	-21.1279
564.311	-629.121	56.2347
-23.5321	550.728	-11.876
-355.798	-1014.38	35.9571
-365.661	326.481	-10.5362
274.807	1055.4	-18.6137
-451.175	-1376.12	35.1855
212.247	-320.982	11.6321
342.016	276.995	-15.2694
736.642	-232.544	-15.4753
-1202.78	20.6147	-9.42198
-1484.23	-320.349	0.966335
619.176	-584.064	34.2296
1284.87	-140.11	-19.266
1472.22	-1341.87	93.4908
536.572	1437.13	-21.3137
-534.018	99.5563	31.3861
-614.008	-608.432	8.4301
1377.25	1016.65	-21.1894
444.699	-103.171	-8.54774
-1276.16	326.234	11.7052
694.375	-1073.11	61.5928
-937.037	89.0543	-9.33089
434.386	-901.503	117.591
-1064.71	148.037	-11.2867
238.73	-628.765	45.0337
261.661	755.844	-15.6913
-585.523	-509.942	9.59899
-1017.08	-263.242	-4.19465
-1334.06	-626.64	20.3182
-12.9724	796.216	-16.0479
-55.8408	566.544	-12.3205
-1339.55	-1451.79	95.7893
1356.9	-414.397	-14.4924
-922.496	501.731	1.78029
-1169.94	180.177	-9.67282
67.3766	1125.29	-18.0629
-1247.43	1060.74	3.20015
-640.549	-697.457	6.5188
103.044	-895.535	101.529
940.905	-1054.37	67.8048
1317.85	-333.924	-15.9343
625.438	362.648	-19.3397
-1361.9	1114.45	3.6567
-34.3263	522.348	-11.6902
1183.21	-1464.15	58.3719
-69.4429	-788.949	103.283
408.937	800.836	-16.6777
-1408.55	37.6397	-6.00559
164.158	-582.759	41.6718
-384.688	-788.961	32.7342
-187.992	1063.91	-18.7595
-1380.5	1431.08	-8.17841
-78.1784	-1342.47	60.0702
1119.24	358.529	-18.9479
-116.839	542.686	-13.2607
-207.705	282.342	-12.76
-1163.08	-562.028	7.93419
486.714	-181.989	-6.69797
-484.52	669.893	-7.49544
1301	-346.934	-15.3947
1169.91	-13.6062	-18.8927
730.943	-1150.34	42.7368
-42.9914	762.075	-15.3484
943.239	-494.599	-7.85353
-606.599	377.093	-7.52409
1173.06	-1332.01	76.4153
-823.674	-940.732	14.8963
-811.141	-848.132	10.3096
-814.99	-1307.3	32.0775
875.878	-1156.56	54.7122
-1222.1	-508.33	8.24653
549.567	-267.318	-4.77682
897.794	1018.74	-14.6998
942.367	572.802	-17.4713
337.952	-1387.2	30.3947
-433.175	231.412	-1.362
-715.011	-631.097	3.48563
-523.033	128.386	25.5527
1233.22	988.832	-19.096
-703.157	1138.63	-17.662
-1344.56	-427.373	-0.757126
1442.74	-471.485	-12.9523
1247.11	747.811	-18.1208
-1415.74	782.637	8.80963
1461.12	-377.519	-14.4447
-1040.53	-918.469	39.3898
-1407.67	-694.714	26.8694
921.645	725.796	-17.5554
657.191	1433.45	-24.4164
600.815	-288.101	-5.86096
-1417.01	580.696	25.7795
-675.588	1437.09	-16.5572
149.993	-229.246	16.2937
564.193	186.708	-18.0276
1021.8	-763.213	26.9397
-635.751	770.228	-3.1035
-23.4101	-1014.66	105.844
-1139.09	66.5005	-10.4951
509.87	-54.5816	-10.4524
-1265.09	-1083.29	53.2754
-1355.81	536.445	38.2652
-218.996	-497.822	112.438
61.4991	-554.666	63.6402
121.674	1173.99	-18.5093
-1407.83	1013.82	26.8863
407.017	-1195.95	40.9541
-1429.59	947.898	27.279
-715.406	362.852	-8.22901
970.96	1281.58	-16.6148
-458.956	-820.937	22.7694
-1323.3	1392.23	-9.38264
116.797	-795.173	96.0469
-227.029	-98.3935	44.6667
1107.74	-544.507	-6.66486
-200.669	582.829	-12.8403
1405.74	-172.895	-21.2955
1072.25	-1158.86	71.4795
366.367	1183.43	-21.128
823.489	-922.64	83.3549
1396.23	1056.52	-21.5658
-590.4	-423.862	7.82369
1154.52	868.547	-18.3109
-711.839	-371.389	0.616949
1462.21	580.103	-22.1159
1074.04	-276.171	-13.4848
1261.82	-179.134	-17.4149
14.6027	-266.891	46.8249
-1364.67	1400.12	-8.58451
640.708	1296.23	-22.1905
-771.447	-1000.06	14.1333
1416.37	-1207.72	90.6095
292.065	-486.655	18.6144
-1262.89	-1266.07	51.8415
-301.407	1261.63	-18.1906
-1295.1	-1399.67	82.0173
-744.389	-1345.16	40.4756
-845.658	-894.027	14.6858
-905.044	-1451.76	44.6417
575.842	-1014.01	81.0005
1330.49	-1284.81	96.9435
-480.477	1282.23	-18.3396
7.2222	922.694	-16.398
1215.85	-1211.79	82.6471
1491.65	1191.38	-21.5048
385.213	-134.034	-7.3192
343.275	554.513	-16.3686
-227.255	-1086.01	71.5247
-1153.44	1147.16	-7.04697
-952.475	-1322.5	44.7847
1242.48	1150.71	-19.4851
66.7798	-317.528	44.7178
-254.471	79.1151	15.0154
694.969	1485.03	-25.8127
-275.662	20.3589	33.1124
624.926	-260.495	-8.67384
810.555	1013.85	-17.3574
1242.81	-665.976	-8.07786
-403.592	-504.082	43.5202
-697.835	-180.507	-0.212691
-633.76	1183.44	-16.7035
1361.05	1426.53	-27.2451
-328.014	1164.23	-19.9773
-1092.03	1173.98	-12.3361
388.869	1137.05	-20.7607
-881.222	1185.23	-17.4811
-42.7488	1034.86	-16.7319
864.206	492.973	-19.153
-1253.25	43.3492	-10.2074
-466.364	-746.732	21.7328
-1003.57	-254.602	-4.47468
599.786	1115.71	-21.0084
839.383	669.781	-17.6763
-1060.77	955.713	2.98737
161.786	-911.064	98.8266
-191.566	-868.976	70.688
-1133.62	-1458.32	78.8149
269.679	-1406.76	31.8333
-569.697	620.333	-10.9555
1490.61	-1305.92	93.2649
-1354.12	1076.63	9.09131
-928.484	950.937	-5.37946
304.007	-721.747	74.8126
504.026	-1481.31	23.0439
-556.963	719.134	-5.72726
-48.7808	1002.23	-16.9715
-227.008	757.909	-12.5084
-1436.14	-1080.78	36.1386
1357.6	746.151	-19.6602
-86.4195	1135.47	-18.1893
918.39	117.265	-21.9444
221.431	760.744	-16.1657
966.057	1002.23	-15.5359
707.416	-444.394	1.54205
1118.6	586.239	-18.2546
1481.36	413.469	-26.1795
-646.227	-901.694	11.843
-295.641	808.015	-13.964
-915.233	-407.752	-1.95902
-332.054	-459.12	76.2111
140.447	701.468	-16.4498
153.708	-723.581	74.11
-782.965	-388.974	-0.861579
-567.585	2.88025	32.0684
479.871	-385.097	1.4368
784.96	-1204.97	38.0146
1251.49	-850.014	10.1742
-257.284	222.789	-9.25746
-555.687	88.4024	33.7214
-1165.12	-22.4628	-5.99275
1091.38	-835.727	39.0611
-420.323	-516.531	38.0463
-660.2	419.114	-8.50101
-150.239	-176.218	44.2678
312.06	-842.449	111.738
-906.434	1058.55	-15.3195
-1121.94	1317.03	-14.5583
-300.61	348.393	-12.1096
-812.379	-520.167	-0.770044
-1122.01	682.031	6.15996
-771.776	920.477	-9.46727
113.797	-1370.23	38.6152
1481.19	685.396	-21.2111
-383.653	-1106.98	33.169
1101.29	1273.56	-19.1975
210.21	-111.776	-1.31466
-445.266	137.55	19.3961
221.07	-1067.15	67.5813
1212.46	-1229	82.9333
-425.38	1036.4	-18.8047
415.145	1053.1	-18.7829
767.859	252.707	-21.7344
-1220.9	208.024	-8.31916
-1116.31	1125.44	-9.29513
-991.442	1362.73	-15.678
-349.31	584.051	-11.1872
-1455.54	-430.413	0.686757
-682.295	-1055.11	14.3687
-1361.35	430.947	43.5179
1496.43	822.503	-21.5916
-769.754	129.387	2.32321
-51.8757	103.997	-7.76054
603.985	891.715	-15.569
1258.84	-930.947	25.4247
-1450.15	-536.849	6.48676
-1264.57	-705.356	24.2705
-812.944	-1016.62	17.6711
28.6874	553.938	-11.5198
-1255.34	988.027	18.6557
-1169.85	125.064	-10.5693
1265.1	1400.96	-28.1529
-440.512	1065.72	-19.0383
-450.442	1278.42	-18.4857
357.279	112.452	-11.0172
-703.311	-625.723	3.72273
-505.398	-10.1961	45.6167
1149.19	303.012	-20.0546
485.766	-550.805	34.3778
-1220.45	1060.02	0.919768
889.105	1144.95	-12.3132
515.179	747.283	-20.7059
985.433	-634.129	3.7767
-995.28	598.81	5.40936
-1121.66	180.559	-10.0794
-866.644	-1295.51	32.0128
1071.94	-1319.81	63.3611
351.052	280.892	-15.4843
856.171	1306.86	-18.2614
46.8432	-846.288	108.121
-1194.03	-180.846	-4.60175
1183.26	-1246.23	80.7171
828.207	55.5414	-19.8583
-258.688	1180.15	-19.5278
-1323.72	92.5233	-8.89282
-1471.55	1124.23	11.3408
57.0554	215.354	-14.9343
-1266.4	-955.967	47.381
-448.162	553.589	-12.7086
1104.11	991.31	-17.6828
1317.44	1097.09	-20.4488
-991.707	1241.35	-16.2323
566.663	-225.64	-6.54601
642.205	-1253.86	33.9563
-30.4453	71.5315	-5.5491
-1354.26	615.496	14.3225
1265.11	-1100.82	74.1062
-267.622	987.223	-17.8843
1403.07	550.439	-22.3859
1035.73	-1490.68	30.61
-270.098	-1087.59	58.8611
270.231	-1200.54	44.6784
1157.88	550.148	-19.1339
-961.057	1243.74	-16.3711
-1253.82	1472.74	-10.7256
1000.97	1278.57	-18.0621
-1057.93	314.825	-5.33014
-314.226	983.664	-18.0222
-631.376	398.533	-8.80037
-387.096	53.651	33.4936
-134.589	769.893	-13.5661
347.228	-1152.51	52.2709
-287.907	-517.653	89.9695
911.589	-1076.67	68.1369
-1200.51	-276.26	-2.81269
-623.816	-752.467	8.33934
-319.211	-529.992	79.2047
47.0855	592.861	-12.5519
-533.985	1030.84	-17.903
-608.651	-1104.31	13.525
-586.649	969.679	-16.5771
77.9807	-936.792	99.5608
-619.458	596.315	-10.5161
-928.312	-297.439	-3.05124
1138.4	-912.051	45.1519
1290.33	-133.9	-19.6154
-323.198	53.3065	30.3023
-215.359	48.7493	16.1028
-1032.93	-1035.45	42.017
1232.15	-572.189	-9.42756
-722.045	-1121.43	17.648
-222.875	826.552	-14.1612
783.792	1138.59	-18.4643
-825.836	-741.568	6.72797
642.857	378.692	-19.2583
1316.7	-229.551	-17.7979
-935.499	-308.868	-2.67822
-403.3	-1482.98	54.1893
-645.603	-1200.72	19.4255
-509.427	-724.806	16.546
495.673	78.0637	-13.1913
297.752	774.725	-15.0518
-44.2014	512.66	-11.8294
483.323	448.36	-18.0196
855.818	1314.51	-18.7754
475.037	-650.834	66.718
-459.947	-829.747	22.7102
568.944	989.633	-17.4542
-51.3266	-407.169	83.3387
-1224.94	381.351	12.5665
-1441.83	1361.91	-6.92157
1055.88	263.756	-19.5599
352.318	-227.318	-3.03884
-1112.3	420.081	7.37032
-1030.29	-1076.79	39.7427
263.508	-476.223	19.7125
-1105.34	-1364.82	62.6784
-1023.74	369.187	-1.44051
-1072.94	65.3475	-9.55988
-72.6376	211.504	-13.736
-646.828	1090.87	-17.8279
47.72	285.674	-13.7855
-879.128	415.364	-5.47331
-1048.95	527.307	7.12486
784.061	1103.87	-18.2392
-1115.24	-128.507	-5.5844
27.8981	-1195.66	64.2988
495.499	-426.717	7.47206
224.459	-994.681	88.4339
-913.115	-967.815	27.0567
1180.87	-1007.82	56.9337
-1150.53	-315.241	-1.93891
620.248	166.479	-18.4569
929.336	-2.44459	-21.5903
-11.7824	891.276	-16.3087
402.885	1238.65	-21.1339
809.071	-1249.33	34.6904
1116.2	1496.8	-26.0599
312.449	-547.768	24.0307
-1173.45	-210.495	-4.69529
15.928	280.335	-13.8292
137.334	-611.797	52.7322
-980.873	-1197.13	40.914
-274.446	-967.371	53.1431
1160.66	884.528	-18.0203
374.084	-1216.82	40.0335
-142.42	-1096.52	92.0628
-896.632	-1277.48	36.3415
-449.424	985.892	-18.6767
366.477	1099.87	-19.2444
-1027.4	861.121	7.28722
-849.337	1175.14	-17.933
1106.5	-1081.4	62.7679
-1318.44	838.45	20.7891
967.678	807.79	-19.0616
581.14	131.238	-16.2433
721.056	-666.967	42.5357
245.925	-534.073	26.4812
-325.366	-1310.72	45.8058
-135.527	-1270.29	69.6895
-0.620166	-456.762	75.3312
-1294.51	-440.339	2.10931
1408.62	1004.42	-21.6096
833.999	-707.557	35.685
341.413	-123.062	-6.93174
-467.165	1033.17	-18.679
1311.42	863.688	-18.1402
973.529	-8.72217	-22.2813
1209.65	-503.64	-11.0898
1144.57	-47.0463	-19.2163
-79.3162	-4.68851	3.81352
1029.43	-349.213	-12.8646
-1382.19	1155.81	-1.14349
-954.457	1398.51	-15.6119
-393.576	1206.49	-19.4433
1494.12	1172.27	-21.1992
-943.872	1032.25	-13.3878
955.503	-1486.37	24.7694
-416.767	1262.33	-18.7739
-445.9	-923.237	24.4952
1317.66	429.662	-21.285
-882.213	-288.886	-3.36989
-541.428	-565.854	14.0168
-1402.99	-1027.78	41.0025
-1373.48	607.577	16.9861
-1035.61	-451	0.396266
-646.828	989.17	-16.1837
-705.521	-938.702	10.9929
-1478.54	530.838	47.2942
1149.33	-1223.22	76.252
-915.474	1174.93	-16.7184
1419.73	1247.59	-22.9799
1014.38	611.212	-17.3453
725.956	574.595	-18.6296
-494.595	461.692	-11.6814
1388.92	-1378.11	95.6236
1421.31	741.237	-19.8722
-1046.39	-1326.6	54.6484
-331.744	1346.17	-17.7284
280.211	355.978	-15.709
-1389.11	342.278	22.7998
-758.031	-1058.28	16.5084
718.831	-1443.96	22.8557
1237.42	-1356.37	87.9778
562.322	55.6867	-13.5691
-566.392	106.548	31.0551
-1317.37	-290.85	-3.24388
-73.6728	866.053	-17.0242
-1274.45	533.696	27.4423
-208.382	-934.882	70.5719
100.658	236.332	-14.3331
-1268.05	1087.03	3.07894
-794.392	1116.39	-18.2476
-215.921	-871.322	64.9197
-1031.02	-94.4066	-7.45617
821.556	-296.83	-14.5362
-1483.52	591.883	24.4974
390.246	964.011	-16.1172
-361.921	596.913	-11.1169
-1491.92	-895.742	16.1392
-1041.3	668.285	5.51885
1231.72	-862.429	14.9426
-328.2	-1131.91	44.0848
625.369	-369.536	-1.40444
12.3166	1007.05	-16.3284
1325.14	-195.581	-18.5101
-590.229	1093.56	-17.8908
917.334	1171.91	-11.2807
-103.398	-656.86	109.591
-317.454	621.497	-11.354
-26.8385	1155.37	-18.0867
78.8704	-1044.4	87.7643
1393.82	-483.552	-12.9256
1121.68	146.693	-20.7677
-1200.99	475.493	18.9704
-1135.31	880.543	14.5284
-794.046	-1364.71	39.3585
-1007.91	255.562	-9.90435
-982.662	323.842	-8.13558
-1344.69	-174.607	-6.17953
674.271	1485.03	-25.8695
457.427	-869.316	119.473
-35.5933	194.486	-14.1888
1491.57	277.445	-27.8956
-385.966	1168.99	-19.7168
990.325	-639.34	4.20238
-1220.95	876.408	19.4271
1147.49	-128.05	-16.9848
-1249.62	624.612	10.8144
872.755	-391.803	-11.4118
1090.24	-79.0762	-18.8121
60.5877	814.909	-16.9999
-709.867	844.174	-2.10506
1265.73	1138.13	-19.8213
-214.922	1060.28	-18.7225
-406.801	-1075.6	28.8787
99.5167	1.16346	-2.62946
1188.74	-189.161	-15.7136
1209.25	-563.777	-9.29224
2.42971	-1236.23	60.2082
851.214	1377.71	-23.0056
1389.75	-873.466	1.18957
-949.507	-916.314	28.1795
641.081	1236.5	-21.9748
-716.309	-480.099	2.10044
-695.568	578.748	-5.16925
-572.948	-330.472	7.54568
449.138	863.709	-16.1331
1282.23	529.755	-20.357
1452.9	-609.684	-10.1589
-80.7169	-1287.07	65.5833
-871.078	612.032	2.2429
-633.118	-1176.58	16.7022
289.031	133.539	-11.4388
-184.469	862.294	-15.1413
1415.46	1494.5	-24.9763
1114.43	-1443.21	49.9058
-87.3099	1132.22	-18.1865
-108.781	-565.079	111.41
-1082.92	-524.547	3.67498
-1334.96	339.095	18.5115
110.811	-1101.51	72.5114
127.009	-697.903	70.0797
379.124	1382.2	-17.6515
-124.202	1197.28	-18.5629
764.308	-108.491	-20.6556
52.233	771.067	-16.4718
1432.34	47.4731	-24.4862
1417.98	1072.59	-21.7021
-1392.54	-794.178	35.1258
155.252	24.8008	-6.48632
-658	827.932	-4.33652
1308.24	1442.49	-27.1127
-798.015	264.724	-5.78335
339.853	-372.782	5.32894
-687.853	-18.6906	8.35219
-1461.92	-848.948	24.0184
1404.56	-669.388	-7.40378
440.914	966.904	-16.4487
-976.129	-1410	51.7663
378.568	1472.23	-16.6147
412.199	-1132.39	53.399
1292.19	758.164	-18.8758
-624.154	-717.861	7.91723
-25.3961	985.664	-16.6574
72.285	66.7261	-7.19369
-1277.36	349.529	15.2048
-322.252	-262.227	65.72
-484.044	152.866	19.6818
-735.076	-96.2661	-2.35153
-784.34	-1138.45	24.2757
-230.924	-1425.21	56.3272
799.132	-819.237	78.44
1243.58	-842.446	9.72391
-865.046	47.0657	-7.48488
-230.773	898.369	-15.9747
170.131	204.778	-14.9755
-1007.58	-215.57	-5.58049
-1236.05	409.571	18.5984
-768.465	-330.276	-2.08443
-210.47	484.721	-14.6748
1095.16	-1191.05	74.3146
-1223.62	-397.859	2.33195
746.368	-1488.93	21.4459
327.723	-292.237	1.32741
-754.172	692.354	0.591763
-926.045	181.959	-9.21647
1388.51	1154.58	-20.9452
922.399	461.983	-18.6597
-1153.37	594.217	9.32129
149.389	-50.542	-0.650995
807.573	-1381.45	24.5402
-101.287	1339.22	-18.0536
-1088.23	202.279	-10.1448
840.968	19.1387	-19.5757
307.211	-123.841	-6.08313
583.873	48.3696	-13.694
-1378.8	8.64961	-6.96801
-276.993	-297.643	72.3576
1105.16	-799.322	24.5388
928.091	10.8289	-21.7082
-1253.24	1411.93	-10.7669
-744.477	1106.14	-18.0277
688.868	-60.9777	-14.941
-685.279	844.86	-4.07566
-588.979	-1130.19	14.6416
-1426.82	-1238.72	49.9532
-1458.62	845.441	13.6125
100.87	1036.35	-17.8927
-86.8923	340.542	-13.5367
-820.211	-568.564	0.29238
-302.359	1427.1	-17.3179
506.721	-1260.18	33.9414
-536.633	-225.085	17.9287
1474.54	558.132	-23.7579
-1235.83	-493.181	8.52114
702.839	-969.725	89.8848
-106.141	-1094.64	99.0916
1353.87	751.089	-19.5638
940.663	-1373.43	34.9197
-815.158	651.639	1.17418
1340.05	239.405	-24.022
-1102.06	-574.999	5.67078
737.986	510.844	-19.4392
292.508	-158.327	-4.34503
1483.19	647.226	-21.2616
365.42	-390.934	5.84382
776.661	161.501	-21.2406
-1275.18	197.01	-7.00927
638.211	-387.07	-0.0865849
554.235	-934.334	103.349
-1126.25	-1062.09	44.113
-114.726	1264.36	-18.0029
-1092.4	-982.535	43.9436
1486.58	-812.011	-6.38241
1463.51	931.004	-21.7993
-747.261	1227.54	-18.4927
-827.116	-1356.75	34.6902
921.575	-778.434	51.9254
891.783	-381.659	-11.9107
-11.459	-141.713	20.9053
1159.94	-1147.62	74.7964
769.33	-204.426	-17.4204
11.7794	-922.453	104.541
367.586	1415.27	-16.6275
-1026.6	-985.915	43.7935
-1116.13	-1442	75.0848
1292.92	-810.511	-0.683229
-1468.97	788.07	8.43587
-1113.04	951.532	7.15091
-820.897	876.791	1.58235
1356.55	-1286.01	98.6899
224.382	-208.881	2.94372
1019.59	1340.27	-21.0603
-482.37	-977.365	21.5707
562.636	-1452.54	24.0232
494.156	-8.50329	-11.6217
-437.791	-1459.23	49.4719
780.99	-1392.37	23.9925
1335.79	-1420.34	91.3273
-857.349	-46.5316	-8.04588
-185.141	-662.902	105.793
-108.309	-19.1228	9.2062
-846.768	-185.295	-6.74688
578.619	1066.24	-19.5173
-1453.22	-1147.75	38.7545
571.213	961.753	-16.8444
-1323.32	-1151.19	50.3105
611.294	-654.112	59.5981
476.751	-110.364	-8.58857
1382.27	-9.66837	-23.5927
-1081.07	3.89327	-7.08335
-1353.2	-725.356	30.481
736.222	-1111.07	50.5692
-976.005	-197.223	-6.12297
-447.06	-365.603	30.8651
736.085	-1116.81	49.0905
-811.033	1054.76	-16.4718
1142.7	1170.44	-17.9258
518.179	870.859	-15.8948
-463.464	1141.48	-19.3785
-187.62	-1061.6	83.4466
-260.472	-467.296	96.541
433.125	213.18	-16.154
-296.823	161.799	2.34124
289.652	-65.1633	-7.80176
-1162.26	53.863	-10.2559
259.218	-709.965	68.0412
-164.247	-436.968	98.2692
596.709	1120.33	-21.1369
1369.7	1194.25	-20.9142
472.792	406.17	-17.8648
359.302	1415.99	-16.3765
883.285	867.751	-18.9003
368.863	189.266	-13.4283
-319.295	500.634	-12.0994
-1145.21	-1372.26	65.8963
-24.0671	-1055.43	104.202
1459.4	826.206	-19.9487
1416.66	-110.385	-23.7285
-1425.52	-984.365	34.3171
-144.326	-1398.88	61.856
-433.29	-1276.76	29.0807
-1381.42	-471.151	2.91333
711.894	-509.848	9.05747
-688.387	1265.32	-17.4868
1149.78	-961.327	50.9312
-757.161	877.825	-4.56717
-45.4825	-1114.32	92.3779
-827.821	909.364	-2.4875
-1260.88	-1019.18	52.7615
106.558	-1166.55	62.1172
1234.63	-537.495	-10.5208
1180.63	-369.175	-12.8404
-525.483	-1122.49	18.1926
-184.995	-513.952	115.734
368.309	410.604	-16.7606
1116.43	1413.85	-25.7363
262.972	-48.9767	-7.01279
-408.023	-227.417	40.8983
-1252.47	1203.47	-6.84242
-1174.82	-452.353	4.33091
883.554	1068.85	-14.0968
1178.92	-1426.01	68.0111
201.062	-742.024	76.2024
586.987	857.457	-16.1423
344.979	-172.809	-5.09445
351.575	1125.46	-19.8089
683.818	-1148.54	42.4631
1382.97	-274.992	-19.2011
-160.08	-371.538	91.0463
-1012.84	819.305	7.1266
1006.74	898.807	-18.7415
-211.871	1250.99	-17.0263
779.304	644.85	-18.1353
1152.53	-350.072	-12.1045
693.036	-1122.91	47.3005
1129.75	201.31	-21.3816
490.603	469.797	-18.1163
663.63	-929.395	94.8877
743.644	1333.21	-22.1393
-957.775	-849.186	24.9515
-504.14	-335.31	16.8031
147.997	577.361	-13.9811
417.494	1383.84	-18.3609
880.692	-1326.37	34.7974
262.158	1453.32	-15.2573
-854.094	1396.07	-16.7578
541.593	-1346.17	28.8777
864.073	-665.597	17.5991
368.407	0.959928	-10.4043
-1183.68	-988.387	45.0773
835.636	-716.05	38.8701
1438.48	517.475	-24.7498
172.002	-1140.42	56.5085
460.777	1406.75	-18.717
882.204	1475.07	-25.5065
476.01	-1399.02	26.5014
-1131.05	-1386.33	68.2326
508.189	1228.28	-22.1851
222.835	578.359	-15.3623
872.719	946.464	-17.4545
-1273.08	1434.22	-10.2186
939.395	-1281.49	46.7472
-1267.46	241.768	-2.79642
578.213	1414.34	-22.244
609.148	147.787	-17.5135
-880.794	708.7	4.43279
-1166.24	200.824	-9.24775
46.3299	-54.7679	0.063126
-1101.33	-1092.18	41.6603
-301.256	1294.56	-17.9236
924.809	967.307	-16.2719
162.797	-781.543	88.6222
-933.671	-1297.83	41.81
-1088.6	-377.878	-0.629831
1380.57	-519.413	-12.1236
1039.73	1293.43	-19.53
1336.43	-656.702	-7.79905
-1215.59	-49.1216	-6.9537
-791.386	387.353	-8.5719
-13.1825	1094.07	-16.9261
22.1048	-1282.65	51.8404
528.769	-387.551	3.52638
-838.102	-579.479	0.94996
-342.652	-1390.77	44.1439
327.75	782.685	-14.7006
1057.13	251.81	-19.8471
320.812	654.171	-15.6081
774.255	1267.54	-19.4794
-1357.99	-550.84	11.6249
-1241.03	457.341	23.4574
1290.82	1475.72	-26.9766
-834.195	-563.847	0.294284
-896.903	-705.955	9.99987
-908.679	1427.85	-16.0262
-643.653	382.832	-7.93479
793.832	432.385	-20.5522
-308.784	-1180.51	47.1209
1320.55	283.121	-22.5897
389.845	-930.881	112.743
21.9662	1005.82	-16.4313
-961.93	1384.56	-15.6182
-1137.25	-1049.15	44.9436
-974.353	-781.827	18.0066
-1152.06	-795.679	19.2127
-128.532	327.09	-13.6139
-1273.88	1339.94	-10.7268
907.156	-1111.77	63.3566
602.568	-1481.9	23.0174
-765.143	537.955	2.89592
-511.545	-1041.32	19.0196
503.938	899.047	-15.5963
1386.95	1295.98	-24.264
-1497.11	-1347.55	86.272
722.566	-875.234	87.5103
-514.47	-640.277	16.1211
-1227.8	111.265	-10.728
-390.453	-1382.49	36.421
1392.13	-1151	75.1352
-154.195	-818.985	83.9026
-438.286	1178.98	-19.1355
715.594	-756.405	68.2934
-452.368	92.5008	27.983
191.858	683.461	-16.3525
222.61	-436.27	18.6615
862.037	-660.348	16.3864
861.543	1128.35	-14.4129
-1164.62	1224.86	-12.2867
958.26	-302.515	-15.2037
-1072.86	-551.07	4.57941
-957.089	-274.373	-3.81481
-1297.57	-1292.99	58.2503
1352.45	-1243.56	100.96
244.768	1062.1	-18.864
1428.75	-524.428	-12.0747
723.518	915.565	-16.6637
289.89	1435.39	-14.8778
-120.301	-83.6769	19.8591
-1116.56	101.328	-10.6212
538.996	693.465	-21.5348
1096.64	-660.305	-0.921195
892.691	140.648	-21.7774
802.452	29.814	-18.7741
655.933	543.751	-18.4544
75.4073	895.168	-17.6274
332.034	-276.722	0.483204
-1344.02	-1310.17	62.5945
-759.634	-326.733	-2.04546
359.936	-1416.46	28.5749
1057.36	1001.37	-17.0182
1151.02	-1027.94	60.2745
-1476.87	1050.87	20.5354
567.314	-135.32	-8.42285
466.495	627.463	-18.7294
-995.105	903.683	4.61684
-106.709	-181.37	40.1184
383.404	-1189.5	43.1956
19.4889	1260.14	-18.9268
57.0947	793.427	-16.706
1491.9	-9.21563	-26.0727
1462.36	1253.59	-23.5902
-774.565	1098.54	-17.9108
-1219.27	-313.815	-1.74628
-1041.91	600.193	6.35293
-46.2759	948.059	-16.8763
-9.28706	-1306.16	52.7475
1227.21	-478.124	-12.1636
1295.26	715.22	-19.9462
-785.063	883.566	-2.91373
-659.597	-484.872	4.84104
-831.716	-101.427	-7.01602
-172.408	806.377	-14.2243
1206.53	-1092.66	73.7819
230.865	53.316	-9.67522
886.011	-1304.17	37.8082
240.994	-611.168	40.7842
510.653	356.104	-18.547
1234.61	1416.53	-27.8899
690.822	1291.67	-21.6376
-185.939	1091.78	-18.956
929.251	-300.52	-15.3242
-702.086	-179.939	-0.75537
-1450.87	-511.662	4.47936
847.771	-800.549	68.8148
1315.89	-1116.56	75.5115
-354.932	327.476	-10.7436
-721.742	470.115	-5.49874
63.4128	1105.17	-17.4431
-171.616	412.896	-14.8359
1337.34	304.863	-22.4754
-1362.59	-186.621	-5.7294
-75.59	673.755	-13.0254
1493.77	-169.987	-21.6959
-809.493	572.197	1.94547
1162.71	-440.421	-11.0391
919.785	453.976	-18.6526
-952.774	-1138.22	36.9576
-140.665	470.643	-14.5735
927.745	-1475.34	24.9073
-808.031	277.423	-7.28809
660.635	1005.6	-18.0548
971.893	876.836	-18.6938
-153.126	-555.349	117.178
-352.345	170.749	4.50684
300.214	938.132	-17.75
506.57	-994.165	90.9662
-510.724	-1305.07	25.9469
-1201.64	-435.374	4.69907
1022.39	-542.61	-4.65993
-1107.16	-221.98	-4.8742
-932.263	-1211.12	40.1798
540.5	-633.371	58.5614
-1314.37	-1278.69	57.374
924.174	1476.8	-25.4427
-873.21	-674.992	7.55951
991.502	-1299.6	55.2044
-722.352	723.086	0.753935
-616.077	-1063.31	13.1375
-579.809	-49.8573	27.3277
379.981	390.751	-16.5743
0.398258	340.196	-13.6192
524.278	162.929	-16.182
960.295	511.968	-18.671
895.151	-878.784	84.3299
1339.68	445.961	-21.4681
-1016.74	1447.2	-14.6511
1397.41	-120.22	-22.8986
-194.984	-917.343	73.1817
-670.034	1391.84	-17.8458
-184.491	97.303	1.10275
-795.569	1176.72	-18.939
1128.38	1225.61	-18.3833
1045.88	-306.122	-13.6522
-312.898	-756.112	51.3808
5.28559	-81.9155	8.0644
-247.17	-110.86	49.8464
-1357.62	619.154	13.3519
958.225	114.494	-21.9982
-754.327	1475.76	-15.7818
1346.3	-482.376	-13.1006
-325.547	939.269	-17.324
-1078.35	571.518	7.32451
-342.277	299.252	-10.4905
-1127.69	-898.177	33.4927
370.304	145.416	-11.7144
-709.795	551.391	-2.97331
-1171.66	-379.669	1.29281
-1107.21	-1317.32	55.1155
664.39	108.032	-17.0248
-260.998	-1043.24	61.1146
-469.877	-862.038	21.9069
1025.03	1335.81	-21.1988
546.529	324.538	-19.2376
-585.691	-541.474	10.1449
1302.67	-1115.53	76.2594
813.233	256.573	-21.589
-1144.78	-423.13	2.2887
788.264	-1459.21	21.8914
960.758	798.416	-19.0631
-710.989	-200.842	-1.91669
-1084.77	-673.47	12.1029
669.841	347.562	-20.1385
487.007	-1410.43	25.9401
-425.038	1119.84	-19.4426
-398.477	-996.833	29.3776
878.633	-739.103	42.446
622.036	1477.16	-24.875
1263.99	-542.679	-10.6716
-429.564	96.6412	25.2725
-239.114	645.196	-12.1327
-355.181	1004.9	-18.3384
311.622	762.028	-15.1569
-1203.41	1297.66	-12.4901
-1420.41	-859.463	33.5113
-307.55	1256.35	-18.4045
430.201	-178.766	-6.60638
-1054.02	-1262.61	49.3028
-505.775	-996.767	19.3066
-982.281	655.995	4.72978
251.828	-1428.41	31.9713
-263.251	1234.87	-18.4357
-800.575	-81.8489	-5.69345
-1448.48	-535.687	6.40264
-270.108	1011.42	-18.3351
919.977	1255.57	-14.2885
-828.965	-344.693	-2.05119
1043.9	-597.774	-2.50736
-1148.17	1053.17	-4.42081
-768.829	-759.417	5.66745
579.969	1086.48	-20.1375
929.593	-6.13105	-21.556
-1082.83	-362.367	-1.30084
-1029.29	851.345	7.61142
811.131	-1050.19	66.7888
-1464.29	-312.699	-0.235062
-837.987	-1462.49	43.0405
291.518	223.911	-14.5533
-1055.47	-1305.17	51.7577
-274.224	400.105	-13.5527
-311.605	874.821	-16.1141
1059.85	359.717	-18.0216
253.645	-933.658	105.012
-25.5798	-721.465	101.165
-519.595	1334.75	-18.532
1350.51	-1097.02	65.4697
965.463	-906.625	74.9815
540.199	-208.718	-6.34954
1305.13	1357.77	-26.427
1006.61	827.982	-19.1331
699.439	-1218.83	34.9463
-1322.95	165.197	-6.44891
1164.48	719.938	-17.599
318.564	-10.1505	-8.76398
-382.864	-831.24	32.5531
-1278.2	120.604	-9.43529
1207.85	626.145	-19.2284
-1493.34	-1162.61	37.1075
-1246	1144.96	-2.38825
-1053.87	369.373	-0.0710568
-1111.42	-1120.49	39.9557
850.115	946.298	-17.648
-1112.13	1354.64	-14.465
-553.135	-960.015	15.3047
-190.351	-815.955	74.6995
-84.9287	1326.78	-18.1549
891.295	-869.804	85.268
933.413	526.465	-18.3342
-8.60434	840.318	-16.1701
-342.056	412.545	-12.7459
-1074.33	609.242	6.84226
-525.254	-1085.52	18.2689
-1324.79	827.871	18.5263
806.434	1484.36	-25.5319
1361.95	1247.51	-22.394
-517.498	-860.244	17.4645
-116.674	246.258	-13.3713
-970.302	263.231	-10.0344
-469.899	-359.727	24.0389
-89.4176	-358.223	83.4731
153.977	-1460.04	36.0557
-1045.42	48.1711	-8.48777
-1457.01	1218.13	-1.61852
-130.351	806.334	-14.7635
1261.91	-243.887	-16.3218
330.411	-802.087	103.429
-234.481	229.286	-10.5898
379.176	1350.23	-17.9362
-1433.38	298.961	13.4189
717.861	-1363.85	25.3899
940.074	-486.337	-8.28249
-1290.33	-272.873	-3.90246
-502.106	-159.331	29.1569
233	-1123.75	56.7704
988.597	-1117.85	73.3323
-1096.93	533.112	8.56659
1142.26	-894.241	41.0717
-1479.53	671.875	9.45471
-1246.96	254.855	-2.39121
-277.734	839.758	-14.9242
1226.91	-599.26	-8.78382
-317.466	225.756	-7.22942
-1301.2	868.275	26.6917
-1116.41	723.419	7.63787
-858.918	-222.161	-5.56323
-659.424	362.963	-6.78592
1045.12	1069.05	-15.6746
1445.2	1358.43	-27.114
-594.212	-1051.73	14.0036
-222.429	88.7694	8.17599
-982.882	1494.85	-15.0862
-635.154	-159.103	8.2247
1124.07	904.297	-18.0985
457.852	-7.39881	-11.5959
1291.64	220.299	-22.5548
963.353	-1346.31	42.7908
-284.206	621.911	-11.8301
-1299.09	326.222	12.6494
-1372.87	-1396.87	84.8291
-523.874	-1349.48	31.3922
-98.7013	-1121.28	95.3765
1465.37	-1090.44	35.6783
863.558	640.837	-17.2949
528.719	-561.029	38.567
23.7007	-307.642	54.3706
-418.871	-325.663	41.0241
73.856	-1055.31	87.5055
1166.27	-1188.23	76.3233
666.947	849.585	-17.1436
1400.07	1206.86	-21.3293
-1017.01	-644.279	11.8292
104.436	-534.44	49.7101
-912.473	840.323	7.12898
-370.324	-895.991	33.569
1187.06	-1093.25	72.0753
1054.34	1424.15	-25.3245
829.419	326.36	-20.9862
1126.78	1034.06	-17.5798
69.9359	-1404.86	40.6168
481.647	986.67	-17.3687
509.16	-966.854	102.932
587.684	335.714	-19.3116
-1429.55	314.477	17.5331
-1144.67	-227.923	-4.54099
-154.034	443.931	-14.6033
-1466.77	1237.94	-2.77686
-656.462	-944.447	10.8095
21.0322	-488.043	71.4251
541.688	-1461.78	23.7087
-278.267	-25.5218	42.1999
-887.938	-583.7	3.06977
-538.185	-237.154	16.3253
-148.107	-338.235	84.1168
483.118	690.366	-19.9882
-895.869	-16.1124	-9.27295
-1023.83	-1215.25	43.4883
1180.14	1151.07	-18.464
195.984	1166.51	-18.6438
122.855	580.819	-13.594
-1381.88	-193.597	-5.46251
848.772	-1016.03	73.3833
-1124.41	214.694	-9.45021
-1392.88	873.974	25.3672
1133.53	1132.58	-17.746
1450.57	30.3399	-24.5844
61.8241	-59.4286	0.268524
-613.874	-1001.53	12.1729
-377.926	-39.5451	55.2342
-546.089	677.642	-7.26673
-365.707	977.753	-18.1764
170.357	-609.599	45.2646
934.555	449.267	-18.8351
644.986	1310.93	-22.3323
-1375.7	1377.49	-8.20634
1117.14	-916.787	49.951
-699.67	233.637	3.75288
-1148.5	-1285.68	49.4707
-232.75	-382.16	87.2497
1392.46	-546.072	-11.6548
-1297.7	-1166.69	49.3555
239.764	-927.85	103.753
-1105.98	-922.113	38.4465
-954.392	-313.11	-2.54379
65.2833	772.435	-16.56
-1465.6	1276.61	-5.24323
-1350.92	-623.35	20.294
899.394	-348.773	-13.0485
1450.97	-174.803	-21.9731
1421.88	-998.148	17.6479
-735.11	653.553	-2.3051
1088.35	-191.992	-15.5519
-939.129	1239.49	-16.4146
-1030.04	-842.775	24.6597
-354.626	659.966	-10.0298
808.663	-453.144	-8.06721
-1320.36	-111.428	-7.6575
173.374	581.696	-14.4518
1203.53	508.978	-19.7857
157.467	-1208.32	49.1396
-538.922	-505.164	14.719
-797.91	303.325	-8.58448
-796.436	-53.2692	-4.1288
182.704	-753.968	79.1023
-398.084	819.475	-14.4394
1003.18	215.808	-20.4472
105.451	-1488.67	38.9762
-993.26	622.855	5.3843
1438.69	-1488.14	77.9605
151.179	572.332	-13.9353
-1104.61	339.594	-1.25007
1271.53	34.8868	-20.3347
-1152.1	-425.788	2.63167
-1302.18	1247.42	-8.9979
562.812	1257.13	-22.0873
719.837	-616.981	27.971
-524.727	-876.359	16.8518
-678.58	999.414	-15.8705
-674.783	-481.681	3.94217
1377.59	-358.554	-15.228
-1082.95	-871.477	29.7897
-134.633	493.649	-14.5614
433.773	-1386.04	27.7106
-1207.1	-1312.41	57.4625
260.487	-911.38	108.88
-806.124	-557.07	0.104654
-1353.33	480.926	41.367
-401.258	1092.29	-19.4144
265.563	1108.84	-18.7426
1371.73	-1189.71	90.6411
389.425	-1100.39	60.5045
975.933	1084.42	-13.6674
-772.416	1298.21	-18.3879
564.115	1062.88	-19.5917
1278.84	-643.546	-8.63625
766.828	691.83	-18.9103
-343.897	-642.055	57.1866
-688.693	-102.774	3.33186
1114.76	515.213	-18.6914
-1045.85	47.1654	-8.4625
-624.575	-1145.71	14.8907
1079.04	-960.469	61.1043
-765.056	-1004.72	13.9876
1304.32	520.632	-20.5252
425.109	981.554	-16.5835
-869.599	483.264	-0.617525
-1290.56	141.945	-8.24748
252.567	-380.153	10.4754
-572.491	-556.526	11.3612
34.3088	-723.476	93.3607
-1087.71	619.19	6.89039
1343.15	-225.568	-18.466
-560.775	927.474	-16.5414
-354.995	-187.529	52.8323
-1147.99	-673.213	9.84193
-381.029	358.173	-11.1223
1181.21	-1389.96	75.1494
-1467.75	788.698	8.52125
-786.599	1213.54	-19.1518
-1413.52	765.615	7.45353
1128.07	-805.584	22.5099
1232.29	1001.84	-19.1598
-904.844	-892.106	20.4876
1145.96	907.653	-17.8606
224.684	764.553	-16.1327
621.969	1211.51	-22.2336
1405.18	1248.97	-22.9176
-174.781	1091.91	-18.8407
37.2732	-1090.51	88.4801
14.7716	846.031	-16.5228
-653.679	-1064.98	13.0902
940.835	-1198.75	59.7911
-1275.73	-1042.51	55.1491
1423.61	-943.897	4.24749
-351.991	22.2815	39.8878
640.065	-693.598	66.1291
1234.9	90.6931	-20.493
-33.7435	-1202.4	68.9709
436.869	760.278	-18.3539
-811.864	451.827	-4.15096
-647.749	856.641	-8.39955
-374.449	949.225	-18.029
6.66916	-41.2721	0.356505
371.652	-781.543	99.753
221.89	47.6352	-9.1747
632.925	-1208.45	38.1177
641.524	-54.0857	-12.8441
1369.7	1030.22	-21.0763
-260.891	737.546	-11.727
-364.627	843.876	-16.101
-47.6375	974.103	-16.8743
477.317	1005.54	-17.8809
970.463	1271.33	-16.16
-499.186	-140.631	32.431
-1114.06	-1330.9	57.1768
-697.556	1188.2	-17.6284
-1073.58	1440.76	-13.5184
-1122.59	-42.7624	-4.67668
-658.89	-1073.14	13.3719
1282.4	-431.514	-14.8793
-472.824	-253.253	23.9078
-108.3	-4.11981	7.04825
1418.59	1004.7	-21.8221
-1095.75	-865.733	28.4271
762.633	-1242.47	33.1567
343.199	1487.34	-16.3652
900.686	1232.37	-13.5045
-258.401	65.2846	19.4776
-1183.48	-257.506	-3.59185
-1409.84	1224.07	-4.26226
220.623	-3.68063	-5.53662
1158.59	834.856	-18.3482
-578.444	1234.79	-16.7175
1174.17	-577.022	-7.65943
434.434	1344.39	-19.0305
1213.38	-983.786	48.7612
-676.534	1124.73	-17.4615
439.414	741.817	-19.0348
-1165.52	181.032	-9.66471
-514.675	-335.151	14.9926
806.782	-300.796	-14.2021
150.694	803.97	-16.7433
335.748	73.0579	-9.64685
-211.735	78.0168	9.69356
1477.46	-1103.94	38.323
602.731	-23.5363	-12.0377
486.166	312.865	-18.4907
1135.56	1184.67	-18.0213
1177.55	-264.179	-14.0065
295.415	971.44	-18.053
-574.924	-788.239	12.0891
1181.57	897.56	-18.0074
-634.803	-1476.9	52.6461
-838.437	110.462	-4.28176
582.121	428.48	-18.5149
-793.238	513.971	1.67236
1332.98	1344.79	-25.9046
195.275	-1157.84	52.3779
987.902	846.353	-18.957
-464.105	948.757	-18.3508
-1455.88	1380.24	-6.75311
-1360.07	-361.59	-3.20692
1461.99	-1313.27	95.7929
175.425	740.606	-16.5262
1120.61	1057.09	-17.364
1146.31	-383.241	-11.6339
-283.171	1178.89	-19.7641
-648.539	717.37	-2.26201
-1029.99	-443.192	0.0348784
-380.389	1397.77	-17.3438
-1018.21	-676.758	13.7781
-501.777	1495.52	-16.8235
204.888	-804.971	93.0016
-1446.7	-972.652	28.5361
-619.545	-214.276	9.09426
542.012	-1462.62	23.6802
-655.63	128.027	19.8036
-1062.51	-110.166	-6.67277
-45.4268	540.91	-11.9354
658.795	806.449	-18.3867
-202.772	-933.31	72.1481
-759.752	1406.88	-17.1822
-641.272	933.644	-14.3802
1200.44	130.194	-21.6519
-449.877	1471.11	-16.6164
1391.55	-29.6912	-24.3046
258.668	-658.602	51.6658
715.987	1251.43	-21.4474
-348.799	-384.457	68.2673
-546.343	-181.025	19.2335
-958.866	938.919	-2.84106
173.324	-203.263	10.5446
-1089.4	1206.67	-13.5656
-1156.36	-1434.79	78.9283
973.976	-291.056	-15.5716
-187.218	806.86	-14.0705
-192.833	-1047.14	81.7451
-1321.43	-804.055	41.3033
-540.625	1007.33	-17.5765
1111.61	602.971	-17.9228
744.475	-796.28	75.0663
1461.34	-86.8837	-24.433
818.88	-1405	24.0676
748.905	-1451.43	22.4035
-68.1977	-732.188	102.849
-867.903	73.3368	-6.6351
-871.373	-1344.31	32.3507
1372.19	409.122	-22.9617
1255.79	-756.742	-4.10315
-373.802	-353.12	57.8636
93.3218	-78.4713	1.25114
-788.917	-947.571	13.2485
666.298	-501.686	14.9782
603.287	945.111	-16.2865
-81.5347	-352.981	82.3085
-356.93	533.832	-11.9023
1321.31	634.88	-20.3844
-619.517	467.185	-8.8899
-189.771	1273.17	-16.81
1218.69	1366.72	-25.4483
269.223	322.552	-15.0743
-1238.04	827.892	18.831
1004.86	1423.02	-25.6614
304.952	134.843	-11.1251
822.79	-719.71	41.5831
-1399.52	1157.92	-0.315897
1319.19	1238.19	-21.0461
1070.07	-159.978	-16.7344
-968.706	1369.95	-15.729
-568.027	632.412	-10.2298
1478.41	1257.45	-23.8882
-1208.84	1095.72	-1.59189
619.436	-42.2264	-12.3376
630.141	975.469	-16.9446
-589.575	617.795	-10.4441
-1384.45	-48.6392	-6.03682
-1483.75	1054.4	20.6172
-273.912	87.1936	15.1726
-1446.76	280.232	9.0012
100.076	-40.1133	-1.04458
636.404	-1307.28	31.4034
-1045.8	-891.547	33.7383
-364.128	1384.41	-17.5939
-579.691	1153.38	-17.5821
888.223	-950.386	79.0749
-180.892	-920.511	77.1135
-888.426	16.3522	-8.90905
1491.19	1408.47	-26.7431
102.584	-34.66	-1.37794
-1204.11	1255.72	-12.3998
-447.967	-561.318	29.4465
-0.420725	831.677	-16.2651
-1017.34	-937.784	39.2739
929.735	-1321.54	40.3858
-133.557	-229.634	55.1367
856.278	-1367.52	28.1244
308.29	815.508	-14.9324
411.547	808.04	-16.6614
24.1066	-152.486	19.2829
324.311	882.117	-16.8708
165.932	-166.286	7.38456
-861.26	636.311	2.66459
826.193	1228.92	-16.6064
-406.914	-552.244	41.1699
1452.79	1106.5	-21.7023
1426.86	269.938	-26.072
-1265.33	-64.5162	-7.40936
-35.8879	-314.214	69.4289
1115.04	724.477	-18.0256
-912.669	938.013	-3.80871
1307.45	-1384.32	93.6103
672.522	933.693	-15.7867
-166.946	-561.859	118.55
571.235	63.1648	-13.641
209.21	-472.679	23.5092
1089.65	1241.05	-18.3469
1270.23	-545.481	-10.6423
1285.41	-1450.27	80.0554
-104.411	761.708	-13.8445
892.288	-1204.59	50.186
-401.873	-258.7	43.734
480.63	636.543	-19.2276
-656.865	-1388.51	47.1054
-784.663	-484.34	-1.11602
189.557	711.22	-16.4
1347.37	251.025	-24.1487
473.407	-424.511	6.36008
810.336	-1094.53	56.9264
945.888	-1369.86	35.9029
770.957	-1455.71	22.0913
-547.426	1316.73	-18.0319
-1492.65	987.253	21.7792
114.2	-881.851	102.293
-285.518	-1308.89	53.6047
-706.752	-930.048	10.6457
773.087	-1210.95	36.8409
-1193.76	454.124	18.4285
1011.65	-300.254	-15.0648
1475.48	-290.523	-19.1599
1382.33	26.4334	-23.7145
-257.763	-381.284	85.9119
-685.652	371.475	-7.83887
-394.336	396.192	-11.6732
-738.328	-938.497	10.8258
712.207	473.547	-19.3525
455.5	-161.703	-7.02891
-463.972	810.608	-13.1213
1446.72	-276.769	-19.6221
-472.323	1322.01	-18.4084
289.993	-1374.76	32.326
-444.18	608.034	-10.7094
-810.489	1324.84	-18.3755
-768.898	-220.574	-4.40135
-226.254	50.7361	17.8149
956.886	-252.832	-16.6481
-1430.04	-711.401	24.8589
-103.945	1405.11	-17.7623
1234.98	841.584	-17.8572
-420.448	972.823	-18.4508
-47.7918	941.066	-16.8834
713.456	-726.416	61.9054
-30.0405	245.981	-13.9358
772.353	1345.27	-22.4534
560.484	317.074	-19.4798
1444.76	-381.014	-14.7306
-440.921	373.057	-10.6599
-696.735	555.047	-4.37633
-1018.52	100.458	-10.1963
555.643	-902.535	105.072
-926.234	-538.526	1.70594
-578.905	-187.005	15.0205
-374.807	139.223	12.4632
351.932	-1186.58	45.0653
-1037.25	737.545	6.22806
1185.35	631.62	-18.4965
-1218.52	13.3303	-9.4497
1387.36	-1329.47	96.4481
1215.88	801.657	-17.8539
1081.07	-1341.55	61.4722
-1274.06	1399.65	-10.3903
248.924	256.728	-14.9235
-1304.34	622.019	12.1264
-330.146	456.438	-13.121
465.068	-588.132	45.6739
1489.26	892.254	-21.7145
-229.688	-932.202	63.8872
559.5	-922.984	103.596
1063.38	727.982	-18.1676
-1032.98	498.8	6.54882
743.928	-1347.26	25.7033
-195.472	-417.271	99.8094
1124.98	1000.16	-17.8252
-1273.75	-113.65	-6.42237
-412.549	22.772	42.6875
-1070.32	-1399.8	65.596
1414.63	148.699	-25.036
450.017	-1021.07	81.9136
256.92	1138.34	-19.2044
453.37	223.52	-17.4274
-1465.18	-508.053	4.11792
-44.9122	-521.658	90.6639
-1162.21	31.5574	-9.0417
608.768	-1439.33	24.7566
-969.032	-148.433	-7.33355
-1284.22	870.54	26.7935
-743.272	-72.6569	-1.51893
47.9373	338.945	-13.5778
790.484	-1029.48	71.4753
-500.624	-1207.59	21.8634
586.591	82.7397	-14.5133
-1441.17	158.054	-3.33776
-1449.92	-236.785	-2.53403
609.846	1176.27	-22.1053
882.41	-1304.1	37.2388
-8.70948	1020.49	-16.4396
-835.908	-938.281	15.8632
-779.278	-1492.87	54.2513
803.65	651.775	-17.8562
-83.8961	94.0987	-4.62236
-521.89	1472.84	-17.2782
-39.7551	724.804	-14.6882
759.723	1040.11	-19.171
862.225	887.927	-18.5675
964.661	349.789	-18.6768
-806.837	1326.06	-18.4437
591.475	-491.649	19.4503
-1309.66	407.961	29.5013
-1102.06	1118.76	-10.1999
292.095	-1063.19	71.1965
263.658	-732.56	76.5876
825.652	-1308.25	30.2987
770.077	282.443	-21.7424
-802.231	136.794	-1.36915
-1092.98	-583.881	6.09555
-1477.98	186.324	-1.77034
571.131	-964.948	95.69
848.064	724.501	-17.9424
1066.11	-859.283	53.4538
1021.29	-831.696	53.0752
803.071	-263.213	-15.7809
224.776	619.291	-15.9935
431.4	226.864	-16.9274
841.69	869.397	-18.782
1083.11	-659.165	0.0209098
-229.057	1308.02	-17.6023
-401.605	1110.84	-19.4967
-575.563	-410.04	8.62163
631.458	-1078.1	60.9718
-14.0183	280.448	-13.7711
-67.4509	-1362.78	57.0839
1448.48	671.577	-20.9745
-869.069	314.83	-11.0541
-1080.69	414.253	5.16808
668.328	1406.66	-24.2403
-723.703	522.177	-2.15248
-1407.04	-1129.25	44.7147
-512.724	80.1304	34.4293
-486.591	-1455.75	47.0335
339.59	-118.462	-7.06073
1214.47	1468.54	-27.4455
-630.644	-772.144	8.24715
-698.948	610.468	-5.47902
874.109	571.09	-17.5787
154.594	-38.9034	-1.36178
2.57954	-45.138	1.49342
-277.082	784.735	-12.9195
-49.6525	-784.127	103.269
-910.646	1020.9	-13.877
-1397.71	-815.28	35.0035
-7.78885	-310.335	63.3087
11.2158	938.618	-16.4663
872.194	-283.596	-15.6656
429.49	-278.709	-2.7735
-467.072	623.339	-9.94041
-727.79	-493.739	1.7371
245.682	882.721	-17.9418
-726.796	1371.66	-18.4858
1144.46	-181.801	-15.6315
-1219.16	1098.98	-0.897016
696.225	-996.2	83.3739
1286.5	-556.523	-10.4472
-924.674	897.565	2.24899
754.881	-452.438	-2.8421
518.507	-1309.56	30.7746
-360.594	-1457.2	48.1777
-933.972	1197.94	-16.4153
-387.364	596.259	-11.2454
1246.13	-816.772	4.37762
-600.177	-1127.1	14.4393
585.607	36.9764	-13.4786
345.935	-1463.63	26.8539
364.4	-376.938	4.23895
-969.436	859.62	5.24505
1248.39	-799.303	1.83496
86.0377	609.969	-13.3546
878.029	85.5144	-21.6344
1374.82	219.384	-24.7043
266.197	-435.602	15.2452
360.162	-162.417	-5.90375
-779.793	471.254	-2.60469
1265.65	1279.82	-21.072
-296.015	-908.901	46.251
-1203.19	-408.548	3.62814
-629.526	882.257	-12.646
418.749	-520.362	25.3433
457.833	515.846	-18.5662
1397.98	-933.733	5.55623
-398.959	27.4933	40.8777
1348.84	793.969	-18.497
-1337.49	1302.89	-8.56383
-847.95	1010.6	-14.251
-469.2	386.023	-10.3941
-1120.78	-639.913	8.93367
407.298	-289.157	-1.8765
-1378.29	911.051	30.864
-898.368	-667.667	8.4683
1133.13	1398.07	-25.4359
-121.149	5.65382	7.11346
-701.211	-1177.91	19.0337
-337.421	1472.53	-16.6364
1062.09	646.237	-17.1868
-1441.52	-267.469	-2.28014
1449.27	1322.2	-26.1117
940.806	-115.415	-20.0745
-972.889	620.961	5.02551
-1349.55	-594.354	16.9939
-1374.79	649.146	11.1086
-1099.94	187.079	-10.2544
364.266	-93.4406	-8.03657
330.273	1372.24	-16.0915
981.439	1415.46	-24.9593
-997.424	-1448.54	56.8739
-538.387	-193.061	20.1894
583.655	-532.827	27.7025
-718.123	-1362.85	44.4963
-423.291	-568.731	36.1906
72.2855	-141.22	12.2707
-458.792	1326.72	-18.3827
174.339	568.431	-14.2169
760.839	491.468	-19.8288
1343.83	-947.748	15.2111
777.377	-1192.48	38.9124
-172.151	-810.249	79.8577
1483.76	-1078.67	26.2033
-531.823	321.553	-6.14084
-998.424	-1434.12	56.4632
970.059	1366.67	-21.7096
689.849	-1178.1	38.9878
-1017.07	-513.577	2.39721
-562.031	91.3024	32.9614
47.7602	1452.27	-15.4933
573.353	-746.303	85.8099
-221.238	-103.566	43.815
-987.825	-920.945	33.9304
-668.299	-144.627	5.18007
664.104	-116.358	-13.7194
1025.61	-77.8613	-20.4995
-655.088	82.11	17.3216
898.377	949.289	-17.0294
-1124.28	-1208.78	43.0682
294.589	-479.811	17.7029
1353.66	86.6262	-23.4945
222.492	-705.476	64.8679
156.267	-851.601	105.879
-901.229	-106.916	-8.63153
517.031	1006.33	-17.9537
344.636	-760.209	91.262
-1047.27	1499.31	-13.9098
73.4439	380.274	-14.2862
-1132.37	-802.283	19.3263
1014.33	-815.275	47.6578
1153.44	274.492	-20.4439
-1295.43	-1452.23	92.7117
250.645	1435.07	-14.9692
-587.595	-331.74	6.76473
-176.37	-1235.01	73.1395
-1138.49	491.544	12.8813
1355.55	-499.758	-12.4636
416.336	1216.76	-21.7098
935.349	788.798	-19.0504
-1396.96	708.813	8.96628
-1336.27	-834.065	39.887
-1207.84	-1249.29	45.5581
394.01	-222.698	-4.323
-49.9399	1047.83	-16.7947
-271.887	-1247.33	55.7501
-1240.74	57.4741	-10.3245
379.593	117.772	-11.2617
-802.969	695.086	2.30904
790.175	876.983	-18.4722
-1397.78	-1005.8	41.3567
1189.81	-1321.01	79.9051
778.498	-440.295	-5.64573
510.193	683.818	-20.6785
-21.7803	-424.132	80.0697
1406.54	-1044.12	35.2236
1387.09	1489.05	-25.9391
483.486	-123.207	-8.25228
-329.889	254.471	-9.12438
-1233.59	268.784	-2.00039
229.209	397.216	-15.7347
-595.161	897.709	-14.0541
-250.362	-483.095	100.156
-454.119	-1249.77	26.6352
483.425	-270.822	-3.80538
1008	1322.81	-19.8881
-38.4335	210.304	-14.3544
-5.93199	821.011	-16.1714
-551.341	-1097.99	16.8301
-580.938	187.68	12.6318
528.411	830.059	-17.1814
-1016.39	-1481.21	62.3841
-1081.99	1300.01	-15.7084
790.554	-720.154	45.1387
-390.696	94.6956	22.8325
1245.47	-1275.4	88.9601
273.387	12.4795	-7.11664
75.6193	1125.26	-18.1426
1379.17	265.377	-24.7971
1410.34	1184.84	-20.8281
170.227	1376.31	-14.8553
-97.4031	480.738	-13.6472
-1120.06	1240.25	-14.1796
-1174.2	647.529	7.33847
-844.173	1441.87	-16.1148
1080.73	-1218.94	73.3384
-944.146	-1039.35	35.3968
-1075.85	949.251	5.16406
465.536	462.025	-17.878
479.088	-1087.06	58.8883
446.107	-1449.79	24.8187
-547.597	1423.94	-18.0454
-831.071	166.186	-3.94944
-140.324	611.317	-13.139
810.325	-954.883	81.995
541.318	509.796	-18.247
-248.405	-1166.01	63.6581
427.568	58.294	-12.3301
-972.522	486.153	2.74923
843.785	249.342	-21.4861
-1169.54	-1154.57	44.142
-840.458	574.611	2.04916
203.561	725.889	-16.3142
1493.33	929.674	-22.6026
-127.865	869.715	-16.5039
-1441.58	-645.495	17.7002
-947.208	4.35613	-9.37906
-1255.67	1399.77	-10.7814
-643.314	-1034.9	12.3896
-657.333	-1489.73	55.1859
1147.81	-909.795	42.82
1198.2	-1296.52	82.0061
-970.588	-1202.17	40.9379
406.083	129.46	-12.3553
1415.27	145.823	-25.0765
771.389	805.392	-19.143
-326.056	-283.545	66.492
180.814	-187.245	8.22564
718.36	1149.49	-21.8623
-486.596	706.775	-5.96124
-1142.2	679.947	6.34985
-804.966	1470.72	-15.6886
663.032	890.67	-15.9196
516.696	1099.68	-21.2239
1387.87	-612.278	-9.45036
873.205	210.109	-21.5366
415.408	-485.63	17.2534
709.894	-1087.08	57.188
733.12	1249.27	-20.7484
455.07	1121.89	-20.8721
-114.825	-843.307	90.9533
120.813	1469.94	-15.7926
1301.5	-1034.14	57.3608
18.4055	-124.338	14.624
-310.247	-914.568	42.9237
547.435	1431.65	-21.5545
-1203.98	1123.54	-2.65387
771.431	107.758	-19.7624
510.424	1477.33	-21.7553
212.672	317.262	-14.1867
-641.145	-907.539	12.2314
-615.967	596.33	-10.6436
746.897	-545.254	6.59343
-288.924	285.866	-11.297
112.574	-765.23	90.7024
397.879	-1134.67	53.4108
370.225	-1324.14	31.9665
-1327.89	839.563	20.98
304.706	1373.65	-15.0367
897.38	767.509	-18.6881
-470.414	-875.6	21.908
-750.56	1419.99	-16.7802
-990.259	827.803	5.96252
-1235.7	259.55	-2.94603
591.173	-185.13	-8.18462
-358.338	-1251.5	39.2067
-221.397	-884.002	63.7454
-1207.53	1367.26	-12.048
141.872	-1493.61	36.8301
1483.74	-1281.82	93.0228
1308.33	68.2608	-21.7658
-1454.01	619.554	14.9522
694.306	-903.859	91.4387
109.359	1379.86	-15.8962
-125.155	1141.5	-18.4713
-1359.39	-1116.77	49.8669
-985.559	-1384.77	52.2131
-1000.18	970.553	-4.15519
806.312	-331.049	-12.8772
1447.06	370.481	-24.746
-429.815	-1483.8	55.1957
-576.798	1362.82	-18.0192
57.9925	-424.404	61.0458
-822.719	-822.915	10.1402
844.872	-1213.93	41.1894
1309.5	57.9733	-21.5028
-1070.38	1233.14	-14.947
1461.38	-410.962	-13.8207
-816.54	-1063.77	20.5882
1083.58	1330.26	-21.5937
542.481	1044.28	-19.152
-955.827	-412.499	-1.68983
-1320.48	-986.108	52.4763
-1399.76	-808.505	34.6566
260.159	-389.013	10.822
1041.94	-356.664	-12.1131
1205	-424.289	-12.9963
189.649	-293.976	13.7449
-121.208	1148.69	-18.4535
-333.457	-655.963	59.9666
-610.273	-1300.84	31.9904
1438.75	-857.003	-2.57286
1485.76	549.482	-24.4483
1193.25	-122.577	-16.9715
-1075.26	1052.52	-9.70808
1443.24	1105.71	-21.5776
-287.497	1271.25	-18.0269
492.088	1298	-20.5663
241.596	174.928	-13.7816
482.882	521.861	-18.563
-10.9792	-654.121	91.2677
22.5932	-882.074	108.903
182.224	367.138	-14.4553
-968.661	899.724	3.13357
275.181	-1293.58	36.0795
600.456	-969.459	92.4401
-355.888	-337.199	63.8276
1146.45	-478.678	-9.36536
-801.351	965.738	-12.1172
-985.892	913.362	2.36597
-995.751	-23.5423	-8.66274
-130.033	474.554	-14.3611
-1040.89	-989.636	44.8922
-866.208	1231	-17.9902
-77.7243	-125.845	23.9685
-917.866	1300.75	-17.0704
-230.274	1474.5	-17.4031
1083.28	-1103.58	65.9861
1340.35	-1138.82	80.6603
1152.57	-1076.92	66.6179
-747.703	-1179.85	22.2524
823.714	-332.285	-13.0012
-168.083	-1443.41	59.6194
971.221	-302.345	-15.1865
263.543	-574.988	31.9541
1103.44	-483.758	-8.29558
-431.016	2.82249	47.6336
247.912	-1050.8	73.3802
601.243	-866.711	98.4501
-546.669	-514.352	13.9816
857.476	1398.7	-24.3547
1118.52	107.198	-21.017
-643.323	1020.56	-16.8035
-1493.21	701.853	8.01869
781.505	-21.0562	-17.2416
-485.605	-390.411	23.0603
862.599	-1181.7	48.7869
-228.53	1317.83	-17.5382
-1392.15	1289.9	-6.48805
-1351.37	470.412	41.475
829.914	1322.38	-19.4211
-1325.13	-221.993	-5.44525
503.38	334.659	-18.586
751.959	-483.673	-0.328298
164.556	-1329.64	37.0615
-6.20879	667.895	-14.4725
-635.11	8.64085	19.2418
745.996	-1321.41	27.3381
1361.38	728.676	-19.8365
833.352	548.396	-18.5245
395.322	-848.314	117.746
-176.369	1113.49	-18.8179
849.212	-447.144	-9.64501
498.153	-79.4635	-9.68731
817.338	635.904	-17.6812
529.612	1114.29	-21.5266
1265.77	1028.05	-19.634
395.365	399.919	-16.7851
-592.842	-659.714	10.0182
1.29239	-589.707	84.2806
917.719	-768.405	48.4751
1151.99	356.018	-19.4681
-1369.59	620.053	13.4452
-408.988	-1428.45	42.4353
192.186	954.455	-19.9986
-939.061	875.165	4.72061
1174.72	701.424	-17.3879
517.875	-3.95915	-11.82
-1385.35	321.191	16.6463
437.053	1216.2	-21.8849
-178.504	1127.55	-18.8594
322.389	-553.043	24.9649
-84.4406	-660.44	109.182
786.475	-1491.61	21.0236
303.721	1323.66	-16.1727
1019.71	-1110	70.4603
-1046.57	1351.22	-15.4441
-1224.74	937.84	21.1054
372.123	-1245.12	37.5118
1004.22	-332.422	-13.6739
-750.799	943.673	-11.4257
-1122.59	567.737	9.2869
610.821	-525.575	24.3505
679.822	-571.031	21.5166
430.644	-1234.66	36.1867
-278.843	456.727	-13.8292
209.045	1298.04	-15.7446
-1459.72	-668.72	15.7338
-1079.7	-125.729	-6.34125
1265.28	-691.823	-8.45065
1021.07	313.151	-18.2765
-1051.29	733.038	6.52798
986.567	-1482.8	26.3223
15.4487	315.582	-13.4358
1275.35	393.508	-20.4559
-890.984	-1405.73	40.7477
-908.837	-1140.41	35.7687
538.408	1058.59	-19.6899
1482.41	-135.388	-22.7692
185.924	-309.136	15.6286
389.795	452.587	-17.3425
-1374.43	1325.47	-7.54838
-309.917	-215.996	62.2419
-1356.8	-1207.54	49.7995
-670.593	738.727	-0.757955
1470.76	-764.717	-7.13147
-376.401	402.645	-12.0442
1017.73	1057.01	-15.0953
-1276.71	384.465	20.822
-1318.56	887.626	30.3991
672.091	-262.028	-11.063
670.495	461.076	-18.7875
762.197	-1211.53	36.2599
557.644	1295.72	-21.5497
-917.304	-183.304	-6.63932
1417.71	115.782	-24.9372
-325.527	-712.301	55.9104
-46.7128	1392.74	-17.5925
-59.4512	-469.109	87.5394
-870.675	140.558	-7.06945
333.507	1229.22	-20.0547
1327.57	-643.992	-8.41074
324.738	-872.938	118.15
-790.201	145.99	0.364208
-341.007	-518.147	70.4041
1192.35	1176.43	-18.6839
-182.823	-459.098	102.842
1469.44	428.423	-25.7807
-1303.03	918.081	31.5325
-1461.65	-1278.36	61.5427
1052.52	647.443	-17.1552
-720.688	687.117	-0.902746
-1026.05	560.907	5.89104
897.957	-1153.35	58.9148
379.957	1297.35	-18.894
1236.82	-470.262	-12.6087
-1106.23	1125.49	-10.0546
-841.2	-787.299	10.0568
-1263.87	-801.389	30.5541
563.107	207.229	-18.797
388.402	-391.833	4.48101
575.796	210.406	-19.2185
968.635	-617.104	1.72376
1473.61	926.611	-21.9995
-151.291	-429.296	95.8251
-1036.08	-157.734	-6.90464
-387.883	1441.71	-16.7433
1234.99	1225.11	-19.3024
-803.674	1366.86	-18.0405
1060.93	1207.37	-17.6457
605.094	-1130.76	48.6926
-1492.76	-72.3265	-0.98042
-557.281	-469.298	11.5191
575.921	-143.586	-8.51436
865.054	805.461	-19.354
1033.65	-1325.06	57.1417
848.07	-978.674	78.6725
-972.524	160.914	-9.90011
1142.04	-241.816	-14.4397
1307.24	1025.69	-20.069
218.827	277.123	-14.5977
-910.692	685.614	4.27
1456.84	-587.457	-10.9189
-1083.67	-566.339	5.27069
418.989	772.815	-17.4701
-812.062	-138.138	-6.03844
-1060.48	356.29	-1.37952
-291.698	1497.48	-16.6733
1206.7	597.351	-19.4292
-191.822	-1427.38	59.6781
84.0077	-552.158	57.1062
-835.66	1305.35	-18.2212
683.107	621.572	-19.9595
109.3	1010.34	-18.3295
1269.49	553.441	-20.4744
1086.82	208.178	-20.6962
692.589	-539.183	15.4338
352.472	356.104	-16.0837
-928.589	-446.415	-1.65832
731.78	406.482	-19.9886
561.142	-1104.15	53.6919
-617.473	1105.24	-17.8593
144.867	157.112	-14.914
-1.49929	-704.263	94.5192
-492.357	899.627	-17.2515
1156.34	-1349.08	72.8219
112.482	-1367.48	38.7074
893.46	1412.29	-25.0637
-1161.28	-210.441	-4.7164
488.782	1327.3	-20.054
1428.36	-320.2	-17.8046
1385.41	-1456.11	85.1806
-872.017	1166.8	-17.4081
698.112	573.485	-18.434
-577.795	427.628	-9.6411
1351.93	97.7192	-23.5807
748.545	-417.959	-4.29973
-1173.35	-685.516	13.1022
297.888	-1164.2	49.2692
326.463	614.779	-15.5616
1409.94	1454.83	-25.6243
-1235.16	331.553	6.815
1176.64	-1041.97	62.2063
-572.877	-347.844	7.78192
-369.203	862.72	-17.073
631.666	1444.69	-24.171
589.775	-560.358	31.344
-755.379	459.563	-4.01358
-781.139	-62.4772	-3.59524
223.89	-1144.4	53.7843
-1133.22	-1475.91	80.6308
637.167	-951.439	94.6205
-1248.09	-313.697	-2.2578
-293.328	-388.847	85.4679
420.496	-376.681	1.03809
-13.2397	325.457	-13.3684
1091.44	-877.71	50.3725
851.225	-1089.77	61.1506
719.953	-542.648	11.0127
-1115.11	-1256.45	45.3762
-62.5414	-938.453	102.347
688.208	1034.71	-19.119
1311.97	1127	-20.3755
1244.74	-116.727	-18.3157
518.254	-1090.04	57.1816
1109.49	147.258	-21.0476
1188.01	1312.37	-20.4999
1474.16	658.552	-21.0888
976.452	267.118	-20.0028
595.672	-1024.36	77.6224
-591.638	-292.956	6.08133
845.868	1327.82	-19.7106
-1446.03	933.703	24.8396
1192.98	-493.005	-10.7235
-1295.82	-1394.01	80.664
-1313.81	332.844	15.4308
-918.969	804.331	9.53706
1277.39	-632.26	-8.68168
175.487	1325.86	-15.1671
-1109.03	-1439.93	74.051
986.38	-1457.7	28.6448
1102.78	-432.34	-8.77653
-1465.32	146.39	-3.25426
871.754	333.831	-20.4493
-1477.12	-943.355	19.5641
675.058	-1296.43	30.0688
502.255	743.367	-20.7049
-763.393	-1468.65	53.4353
850.818	-1450.01	23.189
1326.29	553.373	-20.8307
365.247	774.178	-16.0117
-255.438	-385.698	86.2527
-708.437	-1177.67	19.4147
-1136.77	-1309.47	53.6711
-585.831	-1373.51	38.6166
-102.084	-1045.49	103.801
-1170.91	-1079.48	46.4817
753.287	-1346.72	25.8613
-541.805	-1383.7	36.4036
86.1189	866.348	-17.7476
1083.73	1430.28	-25.9007
290.07	-54.4355	-8.00919
1235.7	-673.294	-7.9695
743.941	715.047	-19.4485
665.971	-1180.69	39.4422
-532.35	-70.0416	36.0859
-538.394	-492.213	14.3626
-878.906	-460.698	-2.1013
868.353	-691.002	24.5566
-863.516	628.68	2.4705
-457.244	1130.12	-19.5653
-61.8913	1457	-16.9541
-364	1244.63	-19.1168
-550.336	-113.429	28.4639
389.14	-198.332	-5.17625
47.3884	-1061.41	92.4285
-1066.67	1369.04	-14.9199
169.41	74.6651	-10.9553
-147.598	1237.84	-17.7398
384.714	549.424	-17.1603
843.344	-1116.91	54.8189
-741.96	1039.99	-16.2068
-695.1	73.8601	11.3289
-695.732	1072.28	-17.41
150.992	-1277.07	40.9101
65.995	-818.318	102.933
582.111	1293.22	-22.1175
1427.45	-1194.69	84.953
1355.71	-702.573	-6.51594
1308.3	-438.689	-14.5702
967.262	816.605	-19.0093
-733.635	1193.73	-18.2105
-175.959	848.272	-15.0451
-790.393	1037.1	-15.9522
-340.924	-1297.77	42.7315
126.825	136.005	-14.276
940.554	1347.8	-20.5755
-1103.03	1087.39	-9.34094
650.447	1290.66	-22.0331
1043.88	574.824	-17.8926
-1382.38	1015.41	25.1174
-945.221	1093.42	-14.7601
-438.044	-1267.54	28.4019
-1112.79	353.342	0.748707
1428.33	541.718	-22.9567
-678.304	-979.154	9.73936
510.431	1259.19	-21.56
115.413	-498.369	44.0523
9.38074	1142.53	-17.9963
-1214.27	-527.956	8.63314
1495.23	280.939	-27.9271
-1030.78	-366.33	-2.38416
-638.777	870.777	-10.8212
612.205	722.254	-21.2425
-1115.6	1443.61	-13.077
61.6768	385.484	-14.2298
-158.437	-1463.64	57.4531
-1339.25	477.227	40.1405
-1029.16	-100.82	-7.52064
1189.86	358.851	-19.9339
-1188.93	1192.62	-8.99459
1252.23	187.734	-22.2598
-1475.47	-416.359	0.877722
312.485	26.9303	-8.34151
-149.915	560.854	-13.6256
-1321.37	656.095	10.672
-999.501	414.294	0.559833
-320.821	1198.51	-19.7273
1077.51	-341.909	-11.2754
-189.231	1096.44	-18.9544
-300.681	-8.49609	43.5494
-905.385	-1164.3	36.0616
-653.348	-694.313	5.65143
1305.16	510.59	-20.5044
-1468.58	-1339.49	80.9629
-707.589	-1440.63	53.3864
1044.74	575.195	-17.909
932.398	348.145	-19.3414
180.932	-1162.63	53.5961
1427.73	-717.395	-7.18266
-330.935	-748.194	48.6957
-858.677	-882.764	15.2467
-1215.74	1381.44	-11.7872
-915.538	-435.099	-1.88558
1167.01	-942.548	44.1435
-334.151	-215.479	56.3482
-228.098	-632.172	101.666
-1411.95	-987.388	37.6833
-1248.63	1452.17	-10.6733
-1062.51	443.275	6.36518
1165.82	339.342	-19.7787
-325.037	64.1623	27.6443
-352.412	628.066	-10.7548
-278.346	-597.972	91.1206
-954.548	686.104	3.77976
-1157.19	1127.73	-6.2785
-1284.52	-153.997	-5.97627
749.489	-1329.68	27.0115
-507.832	993.131	-17.9218
-125.907	-1090.26	96.1012
133.297	-174.391	12.3399
-1390.59	137.494	-5.08252
332.125	-490.035	16.4941
256.516	1447.21	-15.1683
-381.746	1122.88	-19.638
-1125.36	-192.058	-5.03835
145.735	-309.044	23.6626
-1193.8	-156.518	-4.59769
-882.235	-7.73334	-9.1117
1405.23	1287.95	-24.3383
549.435	1338.85	-20.8588
-1371.03	253.969	4.68951
-887.021	70.6731	-7.97571
1335.82	505.871	-20.7598
316.548	1079.78	-18.274
-320.738	-205.358	58.1206
1293.28	-1170.16	91.3994
1390.6	-1324.22	96.6291
-1184.58	1086.38	-3.18233
444.511	-1257.13	33.8326
-43.1064	-395.391	82.1483
-4.60611	-806.392	105.153
-428.935	-265.849	35.6556
-631.082	998.783	-16.5027
1371.78	-1316.61	97.416
-639.59	-1121.9	13.617
621.043	372.049	-19.1404
-821.625	-1128.36	27.9134
1497.2	-266.765	-19.7565
1449.14	699.297	-21.0616
-479.762	1055.05	-18.5791
1113.44	747.59	-18.476
-1025.58	-141.62	-7.32917
-1180.62	182.258	-9.59215
-753.672	-837.149	8.53776
-1281.56	347.357	15.4824
1101	804.269	-18.9566
-72.2509	435.143	-13.0649
-191.787	-396.616	96.0138
-1058.48	-1190.65	40.9676
-71.0867	1232.55	-18.865
740.542	-204.119	-16.8423
186.764	387.5	-14.8412
1107.18	-712.935	5.20924
586.079	1067.54	-19.5502
57.0359	-118.228	9.54587
-1153.34	8.66699	-7.34733
-1485.27	-1197.93	44.0169
362.107	236.404	-15.1047
-1467.55	-368.434	0.25791
1470.76	1141.53	-21.1868
718.392	-183.968	-16.7928
305.569	-309.076	2.89723
-742.026	760.293	2.82747
751.103	-1264.8	30.6826
202.9	-2.00843	-4.9547
-309.577	1184.23	-19.8951
-27.4374	544.357	-11.8364
-1068.1	-183.591	-5.93429
-930.443	-273.015	-3.85275
995.145	-177.534	-18.0859
-335.04	-270.049	63.9469
-1109.32	1162.82	-10.7577
-778.184	1104.56	-18.0223
1184.29	-779.386	5.01664
685.187	150.842	-19.1327
173.443	-1446.99	35.3508
-116.71	630.719	-13.0889
553.233	-616.092	52.7673
846.168	879.932	-18.642
585.31	-1001.95	85.8789
-1290.48	-1452.43	92.5423
-530.213	1360.52	-18.6815
1172.76	197.273	-22.2297
1419.05	696.037	-20.8739
-568.304	-748.292	12.2663
-321.765	1376.88	-17.577
1251.34	-919.031	23.6426
804.283	1033.9	-17.5677
-346.154	-1226.96	41.1567
-568.055	698.724	-5.82719
726.224	411.898	-19.7989
-251.946	-419.968	94.0686
250.31	720.832	-16.0041
1143.08	1112.67	-17.8413
-588.617	-174.587	13.8413
1172.71	-1442.92	62.3844
660.267	344.183	-20.0749
587.138	1350.58	-21.5747
-649.283	-215.062	5.37935
612.231	-132.55	-9.80449
1150.4	-531.146	-8.58223
435.943	-655.841	64.0501
-1337.68	-1044.99	55.4983
-1361.24	1492.48	-8.93579
-189.745	685.163	-11.5936
684.195	550.03	-18.5947
391.076	-914.607	115.609
336.31	-932.68	113.422
594.19	-1140.11	47.173
-1245.34	-1209.09	46.0231
1296.84	-91.4083	-20.653
-334.362	-479.701	74.2373
1155.61	-133.549	-16.8055
-985.354	1064.24	-12.9144
169.843	-518.265	30.6395
-313.387	886.87	-16.4002
-220.677	995.967	-17.9621
101.169	-308.519	34.3261
188.661	-1054.52	67.5175
-167.878	881.574	-15.9364
-182.723	1281.1	-16.9216
-55.9497	-693.484	104.123
1147.12	-290.795	-13.1019
177.895	1484.88	-15.9493
612.513	9.02625	-12.9798
1313.93	375.884	-21.1295
1176.5	-83.2597	-17.874
-1202.31	-1043.02	49.1419
-229.874	-678.1	93.2387
-983.744	363.841	-4.64359
-661.971	-523.173	5.53213
-413.347	-200.973	39.3172
304.242	1031.83	-18.0406
1219.88	147.314	-22.4395
888.262	-724.203	34.9913
1286.83	-390.54	-15.1585
1206.33	-958.734	41.1762
-1067.02	1100.71	-11.6966
-934.801	-1045.69	34.186
-613.288	262.948	0.349018
-109.183	119.347	-6.30442
-1013.58	809.984	7.37542
936.538	228.125	-20.9079
248.384	-1400.17	32.6994
-1274.98	132.118	-9.10969
-1159.47	-92.3513	-4.7246
-647.86	-1298.89	32.6522
1079.77	-1012.92	59.155
498.568	-922.285	110.375
-575.954	-763.402	11.8753
-534.402	-406.124	13.9065
-262.16	1268.67	-17.9606
475.114	-85.34	-9.32825
1418.19	-232.084	-20.304
-1031.13	-1328.95	54.5273
1093.48	1128.3	-16.8177
-1002.53	-1002.65	40.9855
-216.839	667.568	-11.7746
247.473	-6.74727	-6.42141
1024.76	138.069	-21.5014
-491.994	-738.5	18.1044
902.76	244.989	-21.0347
-1173.09	-4.88252	-7.15946
-534.836	-1141.26	18.1685
178.884	1280.22	-16.3628
881.152	941.703	-17.4767
1476.28	-1462.5	80.6101
1447.86	-558.867	-11.5127
199.228	-614.628	43.0551
-1232.75	-1374.66	72.7838
1278.01	173.578	-22.5916
-1464.48	778.082	7.75811
-1078.89	1455.85	-13.2454
-1003.52	118.631	-10.2131
-644.742	616.874	-8.71664
-762.92	130.105	3.36099
1357.13	-956.712	14.8932
-1109.79	1465.04	-12.7798
1236.94	-1265.87	87.4728
974.151	-301.386	-15.2144
-1028.24	723.877	5.59065
758.332	455.598	-19.979
1368.61	-857.537	0.84841
1428.57	-1214.23	93.036
-366.791	-1286.34	37.7533
-756.58	-529.267	0.776108
270.448	84.9502	-10.3547
-158.831	-671.565	107.352
-547.891	-576.238	13.393
-413.872	612.763	-10.4408
-808.085	-1468.48	48.4514
113.942	257.571	-14.081
281.95	1420.35	-14.6826
1240.88	1488.86	-26.1888
2.99275	-487.404	75.6011
-110.594	1310.59	-17.8292
544.721	-397.657	4.99345
1359.54	-955.511	13.9042
-35.5306	-134.627	22.0416
-15.3638	-998.923	105.599
-1358	77.1789	-8.03072
703.583	-744.158	66.9642
831.614	105.256	-21.0872
-308.024	-1212.76	48.0587
1250.01	-655.149	-8.18551
-849.202	-1138.96	30.9366
-1143.11	593.703	9.01098
1036.86	567.514	-17.8702
-224.681	1179.53	-18.7766
-1225.99	-823.499	27.4562
-1174.45	799.718	12.8073
-459.853	21.3808	44.5526
-1184.65	-544.507	8.04889
683.48	-876.245	89.7124
1478.37	347.828	-25.9602
-119.104	-571.817	114.143
547.79	606.163	-20.1245
881.503	-9.41281	-20.2723
740.254	548.77	-19.028
602.957	-328.961	-3.34377
-430.626	-1060.69	25.6265
489.798	-458.703	13.7606
-953.126	-1470.04	49.4216
334.496	-664.081	55.3838
-685.304	-844.02	8.41168
206.401	-898.465	103.179
381.094	1206.49	-21.3235
177.704	-639.456	48.9917
-85.7814	541.682	-12.3225
-571.382	299.146	-3.32065
-606.268	-18.47	23.7759
990.333	-1357.21	45.0542
1237.8	-1091.81	74.7334
1102.51	-1359.57	62.9856
-997.48	1170.44	-14.6357
-1458.69	-326.298	-0.413136
-808.299	-616.805	1.58822
1492.1	1355.96	-28.1806
-710.508	-965.968	10.176
-1472.32	444.013	51.6517
272.109	-403.644	11.4712
1019.16	-1356.9	49.4482
-1181.8	1412.09	-12.4206
260.582	-316.784	6.0748
-963.22	-19.5845	-9.65536
-752.888	1284.64	-18.1356
-1130.2	633.602	7.16324
324.532	353.994	-15.925
-92.0045	1103.69	-18.1477
-179.691	-880.587	74.3226
-76.5297	-901.936	97.5312
-982.157	628.119	5.11174
-1347.11	-1438.77	93.9345
315.545	596.203	-15.7031
-486.594	474.731	-11.9678
-990.397	-1426.18	54.6769
307.385	1082.73	-18.3506
693.877	-986.724	86.2538
1498.4	-1250.56	87.6675
95.8727	-471.547	48.2659
661.058	-1073.5	62.0481
1407.61	1415.03	-26.6397
-1289.53	-1480.61	97.478
-620.093	209.116	7.42532
-1121.54	69.9553	-10.5134
-1496.95	744.068	6.80804
962.216	417.026	-19.2221
1371.28	-576.95	-10.6739
-938.492	-1438.51	46.1566
1407.61	1404.79	-27.0855
-731.658	-952.277	10.7248
-1477.06	-707.06	14.7857
-384.786	1120.28	-19.6133
1264.15	982.653	-19.3665
-269.131	-522.192	96.8549
-325.198	-1479.71	51.5657
876.42	-712.565	32.0057
1441.51	-20.0348	-26.8859
-1303.67	1245.01	-8.82141
-1066.59	-642.025	10.8554
-927.568	-1102.39	36.1375
-12.3636	-127.161	18.2884
-1080.29	-1195.89	40.2031
-1494.25	-763.854	11.2775
-39.6097	1470.81	-16.2983
1162.93	66.8432	-20.0765
-1000.8	12.512	-8.71078
1314.56	-588.62	-9.72104
106.14	-601.37	57.4001
-1476.22	648.387	11.7517
-958.388	-878.908	26.9929
1466	1081.21	-22.0894
152.885	-1465.65	36.1624
84.6606	40.3465	-4.50477
-804.658	1343.02	-18.2993
-530.834	1417.08	-18.0227
1185.26	786.542	-18.0644
-516.397	425.366	-10.5387
550.836	-293.647	-3.28554
913.7	427.905	-18.6573
-691.77	-1398.9	48.5862
-462.104	147.597	19.0789
-77.341	292.154	-13.5831
-14.7057	-1430	47.2302
935.982	-329.758	-14.2579
163.777	-100.17	2.21497
-1403.23	-368.423	-2.24092
-516.958	-868.646	17.5465
692.6	-539.293	15.4433
-624.581	-717.757	7.88793
-1023.99	1455.79	-14.5385
-468.278	-752.401	21.2276
-1480.4	847.679	12.5193
-1224.68	499.353	20.8796
170.57	538.373	-13.5934
-135.416	-27.0371	13.4458
-766.108	1296.08	-18.3227
-103.08	546.988	-12.5858
-665.709	177.745	14.8484
-1497.06	780.202	7.71992
-863.032	-1162.86	32.9963
479.665	-1060.09	65.5511
949.685	-1362.43	37.628
665.142	-559.342	23.124
647.07	1221.73	-22.084
1295.48	-846.215	3.29472
980.757	1272.22	-16.7258
-1020.76	-150.877	-7.11801
1026	-709.448	11.9522
1145.12	-1054.37	63.5424
253.97	-40.0669	-6.80785
-206.205	1187.18	-18.2442
409.952	-551.66	33.4359
-939.47	410.128	-3.30145
1041.25	1167.18	-15.6231
468.128	-1379.03	27.5225
695.897	-1179.8	38.6899
952.47	-413.514	-10.8963
-1105.48	-332.088	-2.1544
1039.99	687.836	-17.4228
-124.68	286.751	-13.6487
119.175	-789.513	94.2213
-402.449	-1067.59	29.3747
-78.7906	-1220.31	73.6183
1397.62	-1231.72	100.985
134.81	-1201.56	52.0484
-725.956	-1273.16	30.6226
-507.912	696.191	-6.41784
-69.8385	1005.4	-17.3047
-557.582	1199.79	-17.627
-1389.63	760.777	7.3927
298.492	41.884	-8.29171
930.969	-980.778	75.0528
-428.552	1313.01	-18.1991
606.446	812.793	-17.9285
228.631	-231.533	3.93093
1134.37	-964.839	53.8724
-595.976	781.011	-6.93902
218.743	-45.2621	-5.29419
-497.996	-876.318	19.3416
1186.24	890.805	-18.0002
-69.3449	803.915	-15.482
-272.061	935.075	-16.9694
-1204.16	-1023.64	49.5724
-882.504	-1257.53	35.0173
956.112	420.776	-19.301
-211.176	11.9683	21.4622
695.854	-1001.93	81.6991
-1310.98	9.94221	-9.46284
-666.195	101.081	16.842
-1372.82	1098.61	6.86553
269.013	-275.895	2.40385
-768.192	1011.49	-15.1333
-1138.87	1008.99	1.63944
-561.977	-27.8177	31.7128
-1055.18	-721.807	14.9589
-328.987	-981.089	40.4705
449.615	191.733	-15.6649
-696.062	-475.825	2.87591
-1020.4	851.024	6.99157
722.312	-777.413	72.7143
431.971	1328.63	-19.1239
593.855	-551.179	29.7096
479.704	140.702	-14.3288
-1392.2	-464.709	2.54488
-1227.42	-1340.72	64.0308
-1123.21	-670.366	9.7986
975.403	-369.53	-12.4541
-364.5	-187.59	52.0983
250.527	-24.1708	-6.6239
571.678	-252.593	-6.00675
1329.09	1322.87	-24.438
1250.76	62.9977	-19.9778
-1372.19	670.904	10.4024
949.046	1097.73	-12.6667
-643.871	1145.26	-17.175
-254.497	-1104.08	63.3429
-108.306	910.902	-17.6344
1455.25	1043.9	-22.2453
677.306	-437.64	3.66568
1073.55	1039.82	-16.7642
358.872	-1120.6	58.2816
1167.19	678.271	-17.276
512.385	-170.059	-7.28674
-1193.78	-1121.65	45.6767
-492.899	-1100.42	20.191
794.916	1218.31	-18.0381
-1252.06	-412.383	2.45247
-1039.67	632.447	5.99069
1149.3	-1107.26	70.2504
843.818	1048.42	-15.8835
-876.886	383.338	-7.66315
1296.44	936.153	-18.9241
-373.208	1067.08	-19.2012
-783.645	433.127	-6.24983
981.944	714.697	-17.0586
1024.56	906.413	-18.7452
-1301.72	1377.01	-9.92711
-12.3657	1188.35	-18.5209
575.84	-296.355	-4.00933
-736.463	1256.18	-18.0552
-640.649	-316.532	3.67817
-441.097	863.723	-16.8171
330.518	1395.81	-15.6362
-1495.25	454.691	54.1819
1177.06	-137.958	-16.548
1039.31	-21.6473	-22.0474
1389.02	635.06	-20.5119
117.501	162.578	-15.2964
-462.074	797.301	-12.1592
-826.274	475.765	-1.72561
1124.36	-844.668	36.1601
127.134	-342.827	35.0804
629.434	110.206	-16.4576
905.847	-1499.56	22.2528
-442.03	-567.454	30.9667
-1223.66	-593.639	12.3452
133.066	-1478.88	37.3668
608.292	1007.52	-17.8809
675.247	4.14411	-14.2535
-1035.99	110.601	-10.3768
352.659	-641.142	50.3656
-673.068	-886.18	10.3293
-350.294	117.997	15.1433
-309.279	1174.32	-19.9979
111.991	-166.787	12.9803
-1087.87	-199.005	-5.33808
293.268	840.607	-16.1117
-629.08	-772.191	8.33726
260.463	-187.617	-1.83602
1414.63	-340.128	-16.2587
873.257	592.474	-17.1145
-314.31	221.801	-6.67837
1000.61	792.146	-19.1773
-576.591	-971.136	13.4215
-993.846	-624.547	9.79671
19.3308	1428.77	-16.285
-243.181	-1118.11	65.8084
-1025.62	-1046.6	41.465
-406.875	589.422	-11.4083
1495.06	-373.886	-14.1218
-976.314	1077.03	-13.451
748.67	-845.584	82.851
1372.89	1282.99	-23.6368
586.882	-1228.41	36.3897
794.131	-652.694	24.5276
-831.671	687.293	3.30486
820.314	1197.72	-16.3287
-488.762	-650.903	19.201
1164.38	-401.65	-11.9699
-959.429	248.371	-10.7155
555.643	-789.154	95.3555
-807.346	-568.067	0.35906
787.886	-491.369	-4.61462
-761.266	816.863	4.69326
815.762	202.685	-21.6628
984.012	-711.968	17.1107
-1261.75	64.3932	-10.5197
142.578	411.567	-14.6857
-451.245	1414.87	-17.3746
138.498	-1317.75	38.2968
1001.31	-911.359	71.0505
-234.869	1189.49	-18.993
829.968	426.548	-20.5493
-1127.19	-279.891	-3.49829
180.487	583.713	-14.5988
1316.05	-410.618	-14.832
631.78	1471.5	-24.9301
636.19	795.072	-18.6437
456.889	-1106.26	56.2813
-1194.99	970.624	15.0931
843.089	-79.0863	-19.7304
1198.15	648.533	-18.8328
652.491	1173.3	-22.0975
-372.467	-1092.76	34.7788
-1437.97	-787.278	24.6032
-898.145	362.529	-8.19957
-722.892	291.193	-3.83078
711.754	-1332.49	26.221
1420.24	1190.84	-20.9288
-1260.76	1190.89	-5.42236
506.467	-902.048	111.504
-1280.4	-1274.14	54.147
591.209	-907.91	102.014
494.008	-1307.01	31.0185
-1290.87	1452.74	-9.86119
-587.184	1131.17	-17.8675
-1284.8	-6.15011	-9.53929
-1415.76	1121.43	6.90556
-193.508	1182.17	-18.415
1391.49	-1130.35	69.464
-1124.06	-1222.31	43.2002
-724.102	-319.369	-0.841184
501.973	-1466.32	23.5716
111.031	1475.52	-15.9579
1144.79	-1063.82	64.5064
1223.92	1293.43	-20.457
1146.35	-344.901	-11.9196
735.412	400.043	-20.1678
-636.384	64.4611	18.9255
695.877	-635.572	37.2821
390.909	-1423.69	27.2562
-118.881	-214.922	49.7738
-733.072	-520.628	1.62118
-638.795	-391.518	4.15195
-1221.84	-977.868	46.1266
372.051	1033.64	-17.3144
790.013	-1132.84	47.7547
1125.32	1218.82	-18.2955
222.194	1344.71	-14.4418
86.5521	1002.85	-17.8943
763.907	-169.076	-18.9766
-722.101	-1045.66	14.7866
322.962	1061	-18.2164
-646.778	1397.54	-17.643
30.6659	1465.86	-15.4924
1467.85	218.36	-27.4521
-304.413	561.75	-11.8454
-512.903	-188.288	23.487
-89.1555	560.47	-12.5648
52.1844	-1278.31	49.2354
-1284.16	-689.074	25.4428
543.845	-1136.05	48.405
-714.642	-1202.34	22.138
1115.69	-987.79	57.6641
1319.14	1383.43	-27.5092
-975.062	-1256.81	45.5891
-639.666	590.736	-9.78073
540.248	1027.9	-18.5617
-629.14	-1009.76	11.8597
1422.36	-1390.11	92.2448
-1423.43	-1171.04	44.3307
-56.8927	1113.7	-17.9924
-378.954	987.34	-18.2982
-811.436	1137.36	-18.1784
-667.783	378.766	-7.87249
629.742	922.421	-15.6407
-584.826	-173.536	14.3337
-25.1095	230.899	-14.1541
-1438.33	-1498.51	125.5
777.61	115.94	-20.311
-681.642	1331.02	-18.0091
1177.18	15.3761	-18.7349
1335.23	-136.812	-20.7809
311.12	840.923	-15.7821
1414.3	-171.063	-21.5717
-1131.76	-176.935	-5.17016
877.796	902.205	-18.4003
1424.22	-345.3	-15.96
112.168	1413.36	-15.867
-1370.04	-1285.57	58.1882
-295.335	317.917	-11.6424
-1410.72	692.845	9.4012
1041.68	420.386	-18.3727
-323.566	265.973	-10.1526
-158.16	1250.64	-17.409
431.96	1245.84	-21.203
1078.14	1322.17	-21.177
1313.66	-75.1758	-21.3948
1307.7	351.59	-20.9156
759.608	1131.79	-19.8629
1473.49	-890.915	-3.43744
-1418.34	-1144.17	43.8483
-1419.86	-1088.26	40.0491
1041.92	1487.65	-26.4039
504.616	299.704	-18.9901
9.7023	-469.94	72.9257
-728.124	366.08	-8.8048
919.155	-1465.35	25.2025
-544.951	-1483.66	51.4357
-3.86182	-702.676	94.6051
-801.988	-459.942	-1.5417
-764.459	-1152.45	22.3845
421.743	-622.634	54.4977
-40.8902	1100.21	-17.7182
1415.96	-994.213	17.3754
-1218.15	-1374.56	71.7417
685.347	-476.705	8.60885
-1414.36	-799.656	30.7921
-49.6596	875.789	-16.7852
731.814	-1478.92	21.8837
665.269	-1375.11	26.5518
-811.54	-107.499	-6.10452
319.702	768.566	-14.9895
290.736	-729.508	76.9708
1224.53	65.3929	-19.4992
-956.142	229.235	-10.4872
1168.52	-845.391	24.9753
1345.8	1110.88	-20.7115
-490.018	1236.75	-18.4366
-563.31	-921.949	13.917
1174.11	-1217.29	77.6376
981.287	-498.022	-7.30571
742.9	-431.658	-2.88031
-895.209	217.192	-9.08249
581.078	1421.67	-22.4275
-691.521	596.325	-5.9761
-1024.99	296.416	-7.85971
-1419.92	-301.639	-2.56706
972.88	-700.913	15.3128
254.816	1451.52	-15.2548
86.915	-1042.53	86.3737
522.606	270.51	-19.6734
1111.46	847.867	-18.7603
97.01	198.964	-15.6205
-760.825	117.124	3.79644
607.066	986.148	-17.1854
-8.83169	-570.709	85.3046
-331.935	-393.385	76.2094
599.45	692.031	-21.7061
-403.525	783.014	-11.696
-297.018	-1263.09	50.9381
-1364.89	-713.246	28.6439
1090.57	414.358	-18.2216
182.633	735.703	-16.4709
355.807	925.47	-16.406
-490.772	1284.04	-18.2841
613.332	-1031.61	75.3132
246.632	-367.234	9.57598
-476.157	37.0541	41.5756
-453.728	640.779	-9.08121
-925.462	146.438	-9.19161
905.585	430.064	-18.5583
266.625	760.95	-15.6335
-872.002	-252.482	-4.564
-1471.27	-386.234	0.506647
-96.2988	673.094	-12.6828
-513.028	-234.138	19.7436
1379.76	1488.92	-26.1381
-819.964	-571.667	0.372144
-739.683	-926.112	10.7065
-618.125	-1262.66	27.0005
1471.89	378.861	-25.8075
-424.232	404.934	-11.4402
-835.274	-130.239	-7.08972
-380.398	-744.894	34.3063
-1033.35	-132.962	-7.36903
44.3249	102.808	-11.1789
1384.07	1188.58	-20.7913
-324.383	-892.377	40.3733
1280.1	-1439.48	82.8727
490.674	-715.048	83.0338
266.35	310.357	-15.0197
-1056.76	-422.814	0.0583825
-60.9053	-821.059	102.63
304.311	-415.904	11.0358
-787.702	-680.929	3.37637
555.692	-230.647	-6.08361
-646.342	-748.868	7.01129
-625.561	-39.4039	19.1659
-1113.18	944.987	7.73
426.993	-983.784	99.1784
-1324.95	-859.079	39.9833
-595.68	1167.52	-17.2275
-941.616	-202.452	-6.09919
1024.46	-614.431	-1.23481
945.334	913.796	-18.3344
-362.663	-627.178	52.17
210.303	-500.875	26.0018
397.055	-1324.26	31.1519
-50.4235	1260.12	-18.8359
104.64	-1089.26	75.6105
-1113.78	-242.576	-4.48917
363.815	1008.35	-16.733
517.011	-1341.04	29.1583
1327.71	-479.709	-13.1586
43.5467	1186.8	-18.2148
1163.68	87.1415	-20.06
485.593	383.886	-18.112
-464.655	1065.72	-18.8418
572.389	1349.94	-21.2325
-1353.59	244.128	4.20906
368.501	67.76	-10.4335
-1347.8	-1496.38	107.564
291.933	-861.238	113.315
1365	-928.434	8.41572
-1402.36	-1336.9	70.0512
-1143.03	284.742	-5.31137
1247.29	-108.579	-18.4197
168.499	1324.71	-15.2408
-983.247	-1246.94	44.9126
304.812	528.967	-16.0261
913.792	1047.83	-13.5167
205.938	-1469.95	33.3652
-383.501	-800.444	33.2743
-285.574	-1178.62	53.038
1199.64	-1119.51	76.2955
-372.909	1094.8	-19.5907
-602.124	1459.99	-17.2034
361.998	-37.5819	-9.74215
-845.631	-321.587	-2.51528
1205.38	-989.146	51.0995
1146.26	1366.03	-24.4193
1043.3	601.344	-17.5068
1456.5	1439.31	-25.707
733.442	1073.29	-20.1737
1208.75	1134.88	-18.8846
-597.364	556.347	-11.2404
-660.42	-309.706	2.42966
446.832	363.328	-17.5821
777.361	174.191	-21.5192
1229.5	198.714	-22.2937
929.39	-540.643	-5.59436
253.553	-844.356	107.031
-589.213	737.931	-5.35824
-398.919	-401.659	48.6162
127.048	-494.467	40.5696
26.0559	181.371	-15.1522
-796.423	-52.2414	-4.06632
517.983	-1377.75	27.278
-932.239	-754.007	14.6615
-445.44	958.776	-18.5155
1428.59	-904.744	0.684569
845.152	-58.3087	-19.2281
700.934	-1223.92	34.4388
181.104	-1472.45	34.5568
488.287	573.294	-18.9914
-456.657	-984.002	23.6613
207.189	1014.47	-19.5971
767.672	-753.877	58.7354
-354.275	-601.207	59.8969
72.0644	436.57	-14.135
1402.42	1326.62	-25.5036
-803.721	-963.539	14.5091
605.656	-388.051	1.87553
-1132.92	737.198	8.20256
1195.46	1190.23	-18.7599
354.312	1003.39	-16.7344
-1111.19	-824.474	21.8207
-574.391	1258.21	-16.9907
-434.781	1179.69	-19.1575
167.367	-1339.16	36.8149
1487.61	1044.72	-22.6828
-310.506	-1169.03	47.1154
215.943	-692.137	60.8324
488.976	-486.679	19.47
1474.37	-970.534	2.44916
654.904	427.138	-18.5066
-1243.87	-962.217	45.8248
909.759	1382.53	-23.0204
-885.82	874.603	4.22194
-1118.51	1465.19	-12.7645
1183.54	-861	24.5031
759.364	-509.704	1.11939
-177.915	-1222.21	73.877
-804.965	-883.641	11.4275
-543.89	137.082	24.2952
1447.53	375.491	-24.8078
1281.41	-162.172	-18.5129
1494.51	622.175	-21.752
-1005	-690.708	14.677
754.225	908.861	-17.5355
-1427.4	-1311.27	66.2855
825.517	-786.728	65.5153
172.554	-481.958	26.9309
511.557	-880.023	113.111
485.03	-123.664	-8.24448
-857.594	393.783	-7.75156
4.89633	-429.969	73.9112
1108.77	952.337	-17.89
192.003	191.475	-14.7778
-1435.63	-1384	87.7682
1074.85	712.147	-17.8442
49.6976	-737.69	94.406
-28.3089	-1097.74	95.3569
-759.141	-246.407	-3.60333
-561.974	490.471	-11.1339
-1156.63	-1250.87	44.8902
-543.498	-648.237	13.8396
-234.573	652.026	-12.0214
-45.7425	-379.119	81.4878
-1314.84	-1246.16	53.0401
1379.56	-665.861	-7.26767
-1433.71	-524.052	5.4607
1145.43	-386.887	-11.5649
649.158	161.633	-18.8397
-254.179	392.77	-13.7699
1282.62	-536.774	-11.0385
965.268	-231.443	-17.1824
830.889	953.117	-17.4628
-1097.92	-717.486	13.0043
-725.62	975.147	-13.751
-1104.03	-758.194	14.9781
1391.8	140.194	-24.7081
446.385	-105.081	-8.50379
646.579	-1175.54	40.6772
263.429	963.783	-18.7984
1214.64	756.664	-17.8271
-1332.85	-714.027	28.9139
-965.077	-1018.46	38.1903
780.801	1426.07	-26.7538
303.94	-1112.9	59.062
1100.44	1119.36	-16.9199
-1266.72	1238.83	-9.74214
161.237	-1190.98	51.82
1199.34	1139.76	-18.7456
51.7	-730.211	92.1258
-820.181	-1362.84	36.1604
1200.9	-246.68	-14.7004
1442.73	113.352	-25.3668
-1181.32	1057.77	-2.19881
553.41	838.155	-16.9479
1326.73	-1356.58	94.7837
488.343	-639.375	63.0362
1400.31	-18.8341	-24.5111
1154.97	-1261.87	78.4563
1050.21	311.695	-18.4282
-547.978	172.822	16.1089
131.498	1233.93	-17.95
-896.226	-453.083	-1.9429
258.731	660.609	-15.8846
-162.54	-1080.37	88.6612
302.753	-1156.1	50.7664
-1121.09	-641.939	9.03681
-824.086	107.351	-3.16718
600.175	-355.159	-1.59246
-67.2985	-967.365	102.036
60.175	-411.499	60.1773
-128.835	426.542	-14.064
5.12429	-318.493	61.804
-111.399	-1427.87	58.2822
835.288	787.628	-18.9627
-493.011	692.047	-6.50179
1081.69	1190.49	-17.6582
-1355.47	53.812	-8.02586
227.178	118.124	-12.3282
-1448.67	-633.546	15.8162
-768.975	-646.99	2.58343
-216.024	305.216	-12.9247
-513.149	-1477.76	50.8086
-1131.08	-1028.96	45.1856
-9.07191	-897.373	106.494
242.185	974.429	-19.1783
-1297.41	585.23	21.0225
-568.973	-348.999	8.07092
1090.46	-1368.79	58.7138
-686.319	-1145.15	15.9997
49.7616	-377.029	58.9835
-170.837	175.553	-9.2551
-1465.65	8.94645	-3.26741
-913.9	298.614	-11.506
755.955	650.467	-18.8155
1022.83	-1378.38	46.2747
1270.14	1066.01	-19.8745
1313.24	611.862	-20.7454
-265.709	232.62	-9.71183
421.403	-574.036	40.3674
-1083.92	120.372	-10.8528
1331.49	941.732	-19.3353
-1158.36	-1029.86	46.4564
334.952	-1186.6	45.8317
1186.87	652.043	-18.4086
-234.926	-86.6157	44.5936
631.003	-1310.41	31.3522
-1263.72	-403.226	1.24322
-278.231	985.586	-17.9009
-655.906	818.651	-4.03296
-974.269	632.871	4.90574
1402.25	323.258	-24.093
445.316	-1415.43	26.0811
790.104	-786.119	67.9666
153.927	-103.57	2.46017
-926.203	160.711	-9.20464
399.097	681.68	-17.8799
-1043.06	-186.992	-6.17026
-116.403	-755.872	99.4485
25.6569	-281.161	47.7466
1342.88	-1464.35	80.7985
1281.21	-1355.04	92.3202
-276.247	787.815	-13.0321
-768.049	-1238.08	26.2885
-119.518	-1208.46	76.5178
489.289	-423.803	6.7879
-621.926	107.301	23.3105
-335.621	-559.388	71.186
-249.472	-162.892	54.1221
70.1617	95.7214	-10.6154
712.634	364.57	-20.4898
-852.856	1363.1	-17.2192
-1424.79	588.519	23.4539
-875.306	492.435	0.31026
-156.869	51.1872	4.6546
639.898	9.21708	-13.476
-543.929	-536.271	14.9286
1332.45	1217.23	-21.2333
-1168.02	503.462	15.1529
-631.712	-1334.3	38.5684
734.442	200.935	-21.4071
288.496	-424.866	12.622
1236.21	-1220.86	85.5901
1053.12	-885.912	58.8148
-434.085	-269.917	33.9493
-1499.41	975.961	20.9998
-511.092	-1334.08	28.7059
143.781	-541.635	39.3755
1211.2	-739.728	-2.71814
184.446	-57.5859	-2.71604
-40.0068	-1389.2	51.2889
-574.471	504.99	-11.0052
354.669	-335.01	2.02798
1281.34	-1132.24	84.146
487.232	-264.615	-4.01176
378.776	1350.54	-17.9259
143.435	311.2	-13.4075
-1474.56	543.576	42.7504
1431.12	-180.767	-21.6596
222.943	-1083.7	64.2967
-261.06	1151.46	-19.572
475.14	703.034	-19.8752
-627.261	993.547	-16.4625
-287.383	-75.3579	54.0899
-286.775	-605.385	86.1442
-756.172	-427.116	0.0596179
-590.686	382.477	-7.81332
-1243.47	1049.87	4.54311
-319.328	1324.39	-17.7928
-503.104	-995.158	19.5623
1490.37	-1084.65	26.7509
-1082.08	1245.16	-15.1515
858.329	-522.791	-6.50162
788.603	-913.56	85.8979
-90.4601	-1178.27	82.4148
-996.189	-606.884	8.29984
962.374	712.19	-17.1256
521.078	-621.857	56.2223
618.304	325.927	-19.8995
-403.826	473.476	-12.7264
560.609	116.242	-15.1897
1430.43	230.642	-26.5375
-134.89	1422.04	-17.874
-740.347	131.513	7.49697
-1467.19	-660.525	13.5981
25.6814	-935.216	103.618
-277.262	739.859	-11.6975
-599.784	-322.851	6.09386
1064.53	-452.365	-8.22695
-267.96	-526.628	97.4338
1466.4	-925.704	-1.40055
-1328	-808.203	41.8502
225.609	-1346.83	34.9449
151.742	-840.589	104.123
1066.7	430.029	-18.4056
-143.269	1166.03	-18.655
393.257	-671.694	62.8687
-724.348	1128.55	-17.9353
355.501	-1367.04	30.7375
-1347.2	-71.6789	-7.74532
1123.67	1132.89	-17.5965
189.558	336.653	-14.0255
244.64	1006.3	-18.9073
641.444	246.397	-21.6608
-650.301	-402.135	3.55882
871.197	-106.51	-20.2398
490.266	-1485.84	22.889
371.78	429.984	-17.003
-705.726	1338.9	-18.2285
-627.45	1372.21	-17.7084
-686.871	756.482	0.418133
1100.1	1287.85	-19.918
-938.314	-390.17	-2.04269
-1319.06	652.573	10.7702
1318.87	-224.722	-17.9213
-1375.72	183.921	-3.08731
1298.02	-1034.53	57.8028
-142.376	-960.324	88.7509
-1076.29	207.95	-10.198
-641.098	212.725	6.6085
460.733	-344.961	-1.05238
-18.2236	-42.6657	3.15526
-1154.98	239.301	-8.66889
161.672	-824.403	101.177
-694.989	746.193	0.370324
357.469	-668.699	58.7318
-729.956	-1404.89	49.6051
510.243	164.579	-15.9322
-1338.33	-56.2241	-8.05994
-1433.35	213.27	-0.0948524
125.7	713.687	-16.4301
1458.26	1309.76	-25.8958
-808.824	1222.63	-19.2279
496	-1345.02	29.0627
176.692	965.094	-20.1277
1223.01	-1194.37	82.8122
-854.88	144.374	-5.93172
-1129.82	385.45	6.45554
1245.17	-373.594	-15.0109
-418.408	-20.8488	53.1222
-979.022	251.255	-10.3416
927.689	575.005	-17.3495
-1124.1	552.311	9.61842
581.119	1051.96	-19.0774
1450.88	1396.28	-27.2033
-214.212	-1180.25	72.7974
-415.642	1293.77	-18.4471
-873.954	777.544	8.22412
-1490.9	-39.0191	-1.43276
673.815	-614.752	34.6938
89.9322	-1255.95	48.6982
289.059	727.242	-15.8533
-847.892	747.349	6.44432
-533.685	740.752	-7.18222
-695.269	-1028.33	13.2418
1359.26	-1229.09	101.231
-117.496	-698.201	103.497
-234.483	464.716	-14.6227
-98.129	-704.324	103.029
-956.1	-595.115	6.66105
773.847	-105.921	-20.7109
-1055.16	-1255.06	48.2563
-579.342	683.493	-6.74107
65.0326	312.966	-13.4231
705.468	110.379	-17.9657
234.323	-481.895	22.5479
-1287.8	-1081.48	54.4359
1422.58	-224.306	-20.4516
-325.193	-1069.56	43.2271
693.796	122.598	-18.1599
-1428.82	-423.1	-0.404066
-344.311	1452.04	-16.8207
-775.814	651.14	-0.624793
-150.715	-1240.92	73.4205
780.998	440.573	-20.4347
-91.2317	-1344.26	62.044
-1413.32	-445.396	1.24739
-526.461	780.658	-10.1606
-1242.19	-1362.92	70.1396
-822.116	1079.05	-17.2758
163.738	228.683	-14.4418
665.493	-281.573	-9.75478
947.116	-905.719	77.8028
-1428.14	631.176	13.066
949.132	1132.19	-12.2368
-242.424	-1466.61	54.0792
-431.796	-1456.18	48.7572
-1193.14	-1199.38	44.6265
-1297.37	36.7326	-10.0823
-826.028	896.399	-0.773346
744.197	-714.606	52.6705
457.395	531.724	-18.5653
447.045	-45.9237	-10.2888
930.794	-847.833	76.4154
801.668	924.738	-17.8323
-616.959	1084.71	-17.8618
-1333.68	295.747	9.0469
686.897	157.223	-19.4137
-1276.81	272.172	2.9917
-254.717	786.08	-13.0359
340.915	-50.5791	-9.11226
1090.82	1483.67	-26.0719
-1064.97	-192.384	-5.84406
1428.63	-1292.45	97.8692
-842.351	-24.1526	-6.35001
-831.022	-533.599	-0.590968
870.604	-608.47	4.39494
315.625	-684.039	60.9656
694.904	-1038.64	71.4707
988.449	-1314.23	52.2105
-964.527	866.398	5.10953
923.121	-1483.38	24.1274
1032.13	970.69	-16.9861
98.6943	163.71	-15.4572
-75.4623	1002.67	-17.4091
-1347.51	638.431	11.657
-1273.67	680.777	6.96455
602.329	1314.49	-22.3106
-1326.78	-1196.48	48.9814
694.874	840.815	-17.8533
-498.575	1161.69	-18.8217
-676.349	570.031	-6.83683
1487.2	-683.51	-8.53445
-940.194	-655.938	9.44435
1470.99	340.494	-25.8755
-189.851	596.147	-12.8789
1429.31	-411.14	-14.1855
-80.1679	1398.08	-17.5778
484.492	-21.5138	-11.3592
960.749	-813.071	57.7329
1295.27	906.651	-18.4298
602.113	-1079.26	60.7047
1067.46	1064.28	-16.4456
319.901	-1402.04	30.4018
-562.406	456.779	-10.6617
694.408	-183.901	-15.3451
164.639	-120.707	3.42395
1153.03	-1230.6	76.9431
-483.534	328.48	-8.32453
-283.672	262.227	-11.0235
-1431.13	974.166	28.1353
-145.292	846.946	-15.6371
1171.89	880.241	-17.9706
-611.752	-866.991	11.876
946.726	-614.46	2.18146
187.601	-715.543	68.2514
783.387	1220.74	-18.5723
-670.114	-1139.64	14.7005
1322.31	915.744	-18.8559
-1176.64	-992.422	45.0671
511.727	902.219	-15.6992
-333.635	-878.341	38.9107
-1028.4	374.687	-0.621651
-882.064	502.905	1.37076
208.042	-785.82	88.9711
1375.06	-936.982	8.51206
-1210.88	1039.36	3.29007
622.69	-1436.21	24.9641
465.817	1198.19	-22.3018
-406.724	106.418	21.5616
21.7967	-322.552	57.5845
-1155.74	-696.797	11.4199
-939.74	50.9103	-9.13707
-982.626	-253.84	-4.49449
548.013	-615.054	52.7696
-356.687	357.74	-11.3426
1394.12	312.373	-24.0476
-1410.61	-169.722	-5.37006
-1321.83	-1347.11	69.8324
-630.879	-1358.82	41.496
-950.887	-616.324	7.638
1114.82	-219.281	-14.8386
-1416.85	-1412.75	94.1373
748.808	-832.515	80.8294
-566.111	-520.21	11.5639
999.767	434.052	-18.8501
1376.65	-743.642	-6.19988
-591.695	835.089	-10.3981
373.736	1071.17	-18.4589
-200.614	-1015.21	78.7582
556.186	-358.052	1.28039
621.812	1211.94	-22.2301
-1030.69	1328.16	-15.9578
-586.109	284.351	-1.81617
1304.27	-1378.63	93.5896
-198.05	-949.402	74.7008
1358.2	-1291.9	98.3846
-332.269	572.24	-11.468
1259.83	1002.7	-19.4328
-190.861	1165.03	-18.7271
-242.847	989.72	-17.8218
876.756	-276.275	-16.0315
94.173	244.458	-14.183
1053.39	130.678	-21.5979
-1024.12	-1132.16	35.2065
267.564	-837.736	106.817
-16.9507	4.99536	0.31408
270.931	869.382	-17.4941
805.597	726.657	-18.3158
857.803	1436.5	-26.9677
1260.52	1296.67	-21.7598
12.3587	-1127.78	84.1064
-1200.88	-1216.08	44.7986
-1274.78	1411.7	-10.3078
-792.145	-619.176	1.74615
-871.141	243.568	-9.46726
1304.56	553.979	-20.6206
-1231.7	514.2	21.8163
-1189.3	-76.6621	-5.75186
1027.64	-1349.56	51.9941
1135.67	873.518	-18.4262
-148.798	917.116	-17.0008
-342.155	-955.032	38.2982
692.835	48.3809	-15.8811
-1104.51	620.549	7.05606
914.991	963.853	-16.3761
-406.903	-600.947	38.5475
1463.91	-543.65	-11.8702
-676.149	-1395.8	47.8749
857.145	1020.82	-15.3506
-885.804	-595.582	3.64268
-639.27	346.57	-5.77525
177.091	-1216.8	46.3463
64.8399	-1498.34	40.9164
-219.783	-957.321	68.9251
-70.5767	-810.934	101.866
388.992	1355.85	-18.0715
1073.51	1320.01	-21.0382
-284.014	465.562	-13.425
365.55	250.623	-15.3932
329.473	-62.1366	-8.62886
-882.816	31.1253	-8.84703
-530.874	129.104	25.6583
-1211.92	-1065.91	49.4302
806.907	176.517	-21.8194
1173.1	211.344	-21.9508
-1332.11	1300.41	-8.72164
-244.326	-918.796	58.6437
1206.83	-709.232	-4.60764
-81.4086	-318.551	75.005
-274.269	-459.246	93.485
1136.26	-832.669	30.0406
244.833	-603.862	38.9498
-656.86	-1227.55	22.9248
669.495	-1363.27	26.8653
-849.069	-40.7766	-7.11392
-686.708	1240.56	-17.4323
598.014	154.453	-17.5352
-417.268	132.855	17.674
328.445	1009.49	-17.2047
-734.786	-1482.87	55.5538
-1348.23	477.371	40.9847
419.817	-817.062	111.891
51.6499	779.988	-16.5177
-1354.86	-1498.4	109.796
1387.73	-965.461	12.9828
636.397	1041.52	-19.1056
-521.907	331.122	-7.15175
1242.71	1393.73	-27.8164
993.585	883.172	-18.7803
-937.654	573.28	4.54324
822.644	-496.817	-7.75592
-301.923	743.495	-11.6575
-291.734	1138.92	-19.8674
-353.613	-460.232	66.0766
13.9741	1445.75	-15.9687
594.524	-717.912	78.7215
1328.54	-1184.36	96.1764
-821.141	-1029.38	18.895
828.155	-1223.5	38.2137
-165.462	-322.777	80.3658
1250.44	1389.94	-27.9267
-1462.82	118.401	-3.74626
-1037.99	954.962	1.15739
382.751	1421.78	-17.0896
1089.3	-71.4627	-19.1011
1247.64	-934.15	27.9909
1494.98	1426.45	-25.9257
-818.062	1335.33	-18.1022
-1303.4	-589.872	15.8232
1401.26	129.738	-24.7893
-1338.51	-935.42	44.5662
1101.49	561.477	-18.5594
1221.29	-290.02	-14.5017
1218.67	1067.61	-18.9275
1455.2	213.195	-26.8674
213.807	-39.7784	-5.19243
-8.22911	-5.4466	-0.494783
253.066	-819.565	101.576
561.988	-1020.36	78.173
332.18	-455.027	13.2889
-490.361	-926.355	20.45
222.252	-476.212	22.8784
908.075	782.92	-18.9629
-731.614	-1487.21	55.9606
-44.1933	331.104	-13.4794
1057.32	913.233	-18.5378
-779.617	407.041	-8.159
1083.14	-547.646	-5.72886
-969.35	546.803	4.52234
1054.85	114.043	-21.9107
850.803	285.911	-21.1592
1491.76	471.481	-26.489
-1055.46	1400.26	-14.5474
887.625	370.139	-19.8717
-13.8365	-821.021	107.369
322.195	1176.05	-20.0631
-249.635	526.741	-12.709
-404.566	1047.12	-18.7458
1196.29	-1300.14	81.563
-1415.05	865.413	21.7062
244.035	-331.336	8.31945
-614.746	739.419	-3.31425
-1153.74	-1152.14	43.8163
-838.582	1326.32	-17.9233
1295.34	-932.318	20.0043
386.793	1372.81	-17.8796
505.271	1397.99	-19.8572
1125.12	1323.34	-21.8253
-402.497	-388.476	47.2948
1417.85	-994.174	17.0068
687.837	-416.93	0.745743
1295.4	-65.2202	-20.5465
-1197.73	114.553	-10.8218
-1477.51	1061.02	19.6826
370.597	-73.5282	-8.70258
-286.988	-250.011	64.7133
1010.59	-785.218	36.8667
958.279	713.455	-17.1595
-1085.89	572.427	7.54094
-217.414	908.126	-16.306
-1344.93	456.138	41.2656
1298.91	879.417	-18.0952
1324.41	-172.561	-19.2832
-356.012	-319.018	62.5035
-450.089	257.47	-4.66896
903.276	-982.444	76.0877
-1328.95	1202.75	-5.75016
-795.679	-514.355	-0.759696
875.962	-1348.77	31.4787
-683.628	574.743	-6.25157
-289.796	-365.868	84.0998
-306.166	-968.284	44.4366
-779.695	-519.469	-0.199867
1091.33	1084.39	-16.8202
1159.87	-572.539	-7.31943
935.829	1327.32	-19.2518
1418.04	1348.03	-26.2372
1479.01	-760.954	-7.48109
1178.65	292.729	-20.4444
-1010.13	-345.146	-2.46412
-1121.93	1477.74	-12.8139
-606.194	-209.401	11.2921
-196.443	23.4136	16.563
-729.286	-1116.65	18.3141
-1052.98	204.016	-10.5356
-373.288	-372.909	58.0571
-1022.35	991.552	-5.11464
247.733	-1279.76	37.9412
173.855	-1442.24	35.4119
1299.6	-785.108	-2.82586
-694.762	1420.08	-17.0778
302.803	-1361.73	32.4007
934.337	1090.31	-12.4648
1099.77	214.381	-20.6687
843.214	-26.9549	-18.9111
-974.949	-906.741	31.2724
1004.66	-1320.74	53.5246
759.313	1473.03	-26.1085
902.1	1389.82	-23.5397
761.939	-1418.08	23.0417
-340.337	1281.48	-18.1343
725.799	-275.868	-13.168
-857.565	1111.48	-17.7363
-654.578	-1439.71	51.9773
1451.15	517.431	-25.0332
-1250.61	-588.983	14.3552
-433.878	-434.322	35.7383
-1058.76	-1464.49	68.6183
1145.94	542.187	-19.1883
-1239.7	147.314	-9.72721
-557.49	176.739	15.275
-324.162	672.202	-10.7588
80.4629	458.692	-14.1084
1079.69	368.825	-18.2831
189.377	1104.52	-19.0275
-760.883	-642.894	2.52378
-270.879	-780.497	56.9753
645.178	-173.168	-11.5269
-1279.03	517.956	29.5699
-1070.26	-540.499	4.10348
117.821	-1068.27	75.4627
-199.3	-1120.15	76.2126
-1394.11	-575.749	15.1734
1185.14	1445.74	-27.2991
-777.084	-865.245	9.59581
1282.83	1283.85	-21.8273
-1423.14	-1387.36	87.0547
-1324.82	1368.52	-9.48233
1135.86	506.727	-18.8163
-1108.35	539.965	8.95885
1126.8	-1395.11	61.845
-1324.82	-669.916	24.6592
-317.042	-1138.87	46.6259
537.194	1045.01	-19.1982
672.579	1041.23	-19.2592
305.05	-1121.15	57.5234
1445.24	65.2872	-24.9407
998.689	262.585	-19.699
-371.836	-332.544	57.9295
-230.514	420.397	-14.6123
-505.313	932.803	-17.5249
-381.703	1424.42	-16.9952
793.809	-129.136	-20.7613
218.766	-271.367	8.59272
575.499	-466.127	14.9952
244.103	-1239.13	41.6624
-403.541	-707.256	32.2535
-69.7629	1395.21	-17.5243
1149.61	-1471.25	50.9737
-640.26	148.049	21.0668
642.736	846.235	-16.8478
-1388.33	-177.739	-5.58638
-1128.58	435.967	10.0617
1461.4	288.082	-26.7022
-72.3148	699.756	-13.2078
-1120.81	-679.221	10.0025
-485.925	-1342.56	30.077
-416.337	591.599	-11.3643
195.737	118.682	-12.9241
-423.073	-1426.33	41.8902
-1490.71	731.799	6.49291
344.749	1328.55	-17.479
987.235	-1028.84	66.3283
506.248	-71.492	-9.97178
462.612	673.172	-19.2435
306.397	187.777	-13.1774
245.057	-538.218	26.9074
1195.63	-69.3695	-17.7045
-961.227	-864.58	26.4731
1040.72	-1189.34	72.3063
-302.738	-1447.22	50.1197
362.848	-342.28	1.98723
-1050.89	253.863	-9.70506
-2.8745	-387.664	75.8309
640.108	-520.774	21.392
1287.57	1064.02	-20.0963
538.938	-319.677	-1.14726
35.9787	866.817	-16.8825
-205.171	616.255	-12.6504
1333.96	-108.349	-21.7023
65.4697	-1458.99	41.3483
-957.677	150.828	-9.61682
1217.86	1194.85	-19.1033
1024.44	-719.678	14.6283
1307.39	264.787	-22.6156
142.474	-623.152	53.5465
-1235.95	-1151.73	47.2478
-728.735	1438.67	-16.3726
766.233	-788	70.4445
1119.56	-1017.86	58.3181
-1135.67	-109.664	-5.11187
290.621	-469.627	16.9392
-231.422	-864.243	61.2801
-749.131	1254.6	-18.2662
-1187.03	1020.25	4.15412
207.951	513.757	-14.7654
-1080.5	1066.21	-9.98216
597.581	943.662	-16.2944
456.136	-293.426	-2.52507
1441.82	-697.698	-7.65146
-1298.74	-638.881	20.9273
215.708	-1240.91	42.0682
-1095.75	1063.32	-9.25109
-1261.94	899.233	24.8123
-940.837	-1217.41	41.0729
1197.64	1309.45	-20.4648
-1109.46	572.655	8.49167
-257.536	1352.61	-17.4258
-916.81	-412.801	-1.92346
840.649	-296.149	-14.7763
990.349	-214.588	-17.4166
712.879	-454.595	2.35094
841.338	-431.563	-9.67457
1369.48	-565.512	-10.9584
1021.2	46.1103	-22.398
573.288	210.739	-19.1725
1045.9	-1416.92	41.2587
-1430.18	-582.939	14.423
-1377.68	-827.96	37.334
742.011	1414.04	-26.0056
1105.3	-294.891	-12.7609
-1234.68	-1063.88	50.9885
-1456.13	1487.08	-7.18762
1085.24	-376.504	-9.91688
616.627	1004.96	-17.8358
-709.385	-293.339	-0.579352
-1195.96	670.125	6.59965
141.635	197.886	-15.3524
