-329.694	569.971	-11.5118
-1491.74	1224.86	-0.152178
709.716	467.339	-19.2735
-1185.45	449.815	17.7128
-1123.02	467.056	11.3625
-293.975	88.1112	17.4603
-951.786	-1120.83	35.6957
-1483.98	1298.79	-5.56435
-1320.57	-1255.71	53.8843
-213.999	526.142	-13.4887
-970.657	1258.17	-16.5785
-28.2112	1076.15	-16.7521
1150.3	936.934	-18.0283
-706.165	-222.787	-1.61675
-1311.77	76.9283	-9.7334
1151.7	-950.029	48.2969
820.015	379.3	-20.4944
19.0546	-913.182	105.701
1229.68	-1447.03	72.1466
-1315.25	1353.96	-9.76733
-881.208	1401.82	-16.3844
1475.88	1070.83	-22.3095
-1411.58	1232.18	-4.60319
-1255.4	1133.02	-0.9672
1115.08	-544.884	-6.89364
142.837	1458.43	-15.5579
-945.135	-1458.78	47.7996
-422.651	1487.39	-15.9887
394.571	159.402	-12.9867
1319.8	-47.405	-21.4996
-130.13	-339.24	83.7956
1161.84	1484.48	-26.6965
-1401.98	-1026.77	41.1829
-829.603	-978.195	17.8808
1119.5	729.365	-18.114
-361.841	-998.408	35.2012
-1236.84	-945.941	43.9611
-979.462	-80.182	-8.68291
-769.388	-369.778	-0.996596
1195.48	-242.407	-14.6417
-610.791	-154.687	12.7285
-39.621	-569.18	94.0961
-582.929	-1009.54	13.6958
383.516	438.195	-17.1474
654.031	529.18	-18.6047
-191.039	1171.96	-18.6096
-967.942	956.627	-5.03293
-1042.83	277.667	-8.31997
470.624	-638.279	62.5899
-1331.67	693.145	8.91724
-1334.15	-609.121	18.492
350.768	-1158.82	50.5792
1350.57	577.043	-21.4145
14.5948	310.938	-13.4955
-1165.68	201.375	-9.24447
-533.287	-183.179	20.898
34.3856	-1176.66	68.8568
-746.139	-833.511	8.39841
91.4107	1180.85	-18.4788
-416.592	-1378.75	35.1643
-653.093	-549.963	6.22109
742.004	-1340.94	26.1478
-609.243	-1241	24.0086
1374.94	-153.713	-21.1883
1076.38	737.026	-18.3243
-762.087	-111.647	-3.90162
935.936	-709.056	22.3855
-507.613	-219.88	22.074
-570.372	611.508	-11.4764
-1417.93	1025.37	24.5385
-208.657	-486.796	112.828
-144.525	1407.94	-17.8067
877.85	-1104.39	60.4201
1323.73	827.195	-18.0539
496.553	-259.762	-4.13773
559.684	1405.19	-21.574
-700.389	-671.49	4.14161
339.618	-387.521	6.75932
488.718	1480	-21.1605
1134.93	-1403.94	62.1174
-1235.97	-1439.92	88.0512
-518.747	-1417.55	40.2827
-1131.33	735.345	8.12475
303.604	-449.043	14.1063
-976.101	-1461.28	53.1594
536.534	972.864	-17.2765
629.354	761.258	-19.9945
20.2272	983.186	-16.6044
858.743	-1384.97	27.2806
-382.408	1481.9	-16.2614
-360.49	282.583	-9.7251
-939.316	1359.47	-16.1247
-453.666	1199.34	-18.8954
1457.78	919.724	-21.4344
612.745	-703.226	72.7499
-1347.23	625.669	12.3649
-1200.54	-1018.44	48.8274
-1032.92	-654.08	12.2755
-456.293	-744.958	23.0587
499.187	1442.89	-20.3251
489.844	1285.34	-20.7963
867.94	178.401	-21.7463
-1217.48	1276.92	-12.2487
216.745	711.522	-16.2082
-1411.91	158.645	-3.74967
776.66	-1155.85	43.6072
442.314	466.092	-17.7153
-516.165	1396.25	-18.7157
876.09	-442.877	-10.1385
185.779	-656.557	52.445
1478.17	-268.437	-19.6631
1367.71	-1109.85	67.8303
-1379.82	616.996	14.1514
777.005	-396.366	-8.13635
-507.294	-311.228	15.0775
-79.9909	-84.9074	16.1329
395.312	-1384.57	28.7695
1468.28	1420.53	-26.462
1415.03	-495.877	-12.5179
-863.374	-1393.74	37.7437
-175.365	425.496	-14.9138
-1061.81	388.887	2.52512
-1407.73	-153.575	-5.43378
-1039.83	-1303.47	51.1205
-1076.81	1358.01	-14.9896
-588.572	690.084	-6.02503
1213.44	512.958	-19.8934
-1214.51	-514.968	8.04514
757.951	-1109.95	51.4889
-776.86	423.289	-7.28264
-908.407	78.8052	-8.95155
-1322.65	797.04	11.8978
367.877	-7.57624	-10.4392
191.55	-321.183	15.6528
-1382.52	-1213.58	48.5479
76.3813	-784.945	98.3388
15.5433	1334.66	-18.1761
-387.831	-440.174	53.3652
-1216.3	-634.845	14.7228
-601.776	1107.08	-17.8767
-521.043	635.476	-9.84881
-390.077	-227.321	44.3667
-678.097	1453.39	-16.1039
-394.828	-121.962	58.6057
-85.0733	1229.24	-18.7576
-437.322	1213.72	-19.0282
988.524	-782.979	41.1038
-1027.63	534.807	6.23858
876.743	-967.478	78.2976
-1187.13	-1458.45	85.7583
1053.4	-847.313	51.6957
1270.1	1234.6	-19.8311
808.823	-1091.35	57.6193
-1059.55	-138.181	-6.83199
908.944	1090.86	-12.8107
1336.49	-1368.56	95.1408
-211.52	942.925	-17.2418
-420.778	-717.411	28.7453
681.945	-546.037	17.9925
443.462	-97.8759	-8.6971
-282.332	-492.697	89.9061
-245.094	192.406	-6.30857
-560.057	1078.15	-17.9259
-116.549	1219.05	-18.5423
1006.16	-1078.82	68.2979
951.13	-956.732	74.3151
-979.527	306.426	-8.8801
545.61	-1442.61	24.4001
365.866	164.808	-12.3679
581.9	-309.638	-3.49125
903.291	900.346	-18.4574
-1353.5	-405.762	-2.22891
883.44	101.756	-21.7157
-1282.77	-191.381	-5.31624
1237.84	-1349.99	88.5417
240.291	1324.43	-15.0637
1276.67	-482.215	-12.9458
562.335	564.191	-19.3312
-1192.67	598.654	11.282
-342.292	-39.3095	53.671
388.393	388.03	-16.649
-726.009	-480.719	1.65689
-294.398	-365.204	83.938
-1134.65	12.5986	-7.03851
-669.829	272.548	-0.651053
1080.91	-9.56117	-21.4897
1443.83	-1035.72	23.5191
638.662	1324.43	-22.5561
-549.335	1204.22	-17.6794
-1488.52	727.365	6.54665
887.519	752.288	-18.3433
-210.91	-794.733	71.6402
-190.513	1300.17	-16.9051
1247.12	1282.43	-20.626
423.109	996.93	-16.9531
1048.8	-230.288	-15.5165
-399.348	71.4368	29.3193
1344.34	846.684	-18.4695
1247.9	915.577	-18.3062
1245.16	-761.2	-2.49939
-86.8896	-352.415	82.6762
1071.99	-784.824	25.5696
647.871	751.457	-20.2609
-1457.69	769.375	7.2068
-855.025	1195.9	-18.1009
783.086	995.862	-18.0174
910.15	701.925	-17.4093
244.188	-905.741	107.25
-1250.65	-940.127	44.1894
-193.291	-472.921	107.758
1320.98	894.715	-18.4936
358.153	-164.051	-5.7928
1383.2	-82.398	-23.846
-839.977	635.346	1.66443
-937.531	-907.003	25.8716
-107.813	1297.93	-17.7966
103.494	970.628	-18.5441
-451.815	961.713	-18.5655
1239.34	1265.17	-19.8062
-759.886	-1281.78	32.3575
567.404	1394.03	-21.6395
-592.997	508.115	-10.2975
610.754	1324.66	-22.3756
-822.261	1149.17	-18.0888
-484.863	703.288	-6.11703
-386.072	-457.041	53.2943
902.993	368.746	-19.5213
1327.35	904.56	-18.7242
-360.229	1380.28	-17.6658
-755.919	950.619	-11.7561
-1100.38	254.7	-8.6405
77.324	1498.07	-16.3413
360.087	-807.557	107.048
-658.453	-1448.86	52.7852
20.0885	-1383	46.0912
-1299.78	-927.481	48.272
-550.477	-235.645	15.0046
1342.9	-221.68	-18.5196
-225.839	986.474	-17.817
509.145	211.964	-17.7877
-16.5057	-1375.5	49.7422
-1417.96	1465.92	-7.52352
488.339	1117.57	-21.2156
-479.805	-1384.47	35.7076
-1006.19	-1289.61	49.681
-714.069	-91.0502	-0.0863753
-609.361	326.342	-5.01884
1206.16	-1438.41	69.9679
1223.58	-339.701	-14.3115
473.359	0.0497487	-11.9246
1350.74	-1149.7	81.9107
-1172.75	-942.082	39.8365
214.606	-822.348	98.0274
798.777	-88.6127	-20.1768
510.207	475.278	-18.2443
554.39	273.292	-20.0494
-896.47	-692.966	9.8157
1350.99	-1070.41	58.7305
-347.475	204.782	-1.80961
-768.148	913.644	-8.95404
-39.2	189.657	-14.0552
-1291.35	274.885	4.67384
1306.11	888.062	-18.2412
-153.332	685.326	-11.9667
-289.086	-693.772	70.3963
39.4693	-1291.22	48.6387
-272.986	773.264	-12.5932
-52.2567	-498.325	90.1991
138.506	197.443	-15.3854
-799.049	716.04	3.32128
660.373	301.343	-20.8131
-1313.45	-817.553	42.5432
-347.43	-543.817	66.2765
303.739	574.487	-15.865
-1149.66	-1323.48	55.9675
1390.79	1451.98	-26.2968
-1405.95	-405.914	-1.52862
976.34	-974.657	72.4452
1404.21	-152.662	-21.953
566.702	-566.751	36.7015
559.754	1014.82	-18.011
824.903	1113.98	-16.589
-597.797	126.534	27.0947
236.1	-410.115	14.8823
-140.498	299.964	-13.5868
-1284.46	-144.037	-6.13753
-1237.59	1146.83	-2.94248
1344.45	-184.419	-19.3744
-1105.8	1228.79	-14.0491
142.702	261.699	-13.9193
927.555	-708.157	23.187
-1327.36	-620.113	19.5105
-1124.93	-33.3048	-4.89173
1027.08	-370.351	-12.2171
779.583	761.601	-18.9862
987.536	-1225.59	63.9968
1142.53	-189.93	-15.4718
490.569	-792.343	101.22
-832.498	-361.633	-1.74975
-791.784	236.882	-3.28868
283.688	50.187	-8.92055
-956.764	-1409.42	48.3988
-572.169	863.192	-13.3894
838.601	-1104.24	56.8944
-1461.75	547.216	40.8645
932.633	-1358.93	35.9418
-236.201	-921.431	61.0393
-268.269	-741.92	65.2044
1404.8	902.455	-19.8307
1267.13	239.674	-22.1033
-971.35	359.767	-5.32936
-1281.79	763.121	8.85628
-480.414	-604.709	21.5102
-93.8371	175.934	-12.5958
353.423	-1374.87	30.4919
39.2109	1290.43	-18.4956
985.122	-1439.25	30.2909
-627.256	1077.12	-17.851
458.305	-689.831	73.7316
296.42	525.567	-16.0688
-1249.27	754.151	8.5832
140.458	520.916	-13.1192
-1245.14	316.073	5.99799
-562.894	-796.702	13.0633
389.498	832.024	-15.6982
-1027.52	104.189	-10.329
959.418	-195.462	-18.1287
-1220.02	986.841	14.6462
-519.211	1443.5	-17.5981
-90.5866	-347.044	82.0257
-1313.5	-1407.64	84.7026
1001.95	-650.489	5.04106
465.507	1198.91	-22.2989
-815.539	-1329.2	32.7472
-200.195	1067.04	-18.7869
1164.04	-113.984	-17.1592
-1247.23	-697.831	21.9722
-1022.86	-1257.24	48.5779
107.502	-34.1171	-1.43217
482.3	547.49	-18.8274
-838.346	842.555	6.24933
-1054.05	1082.99	-11.5787
-246.927	-718.422	75.9586
-221.234	-640.681	102.016
-962.186	1479.81	-15.3189
-347.915	-781.709	38.7186
-77.0814	-20.2851	5.80006
-726.691	453.223	-6.39969
902.512	-1077.32	67.6807
555.805	-1392.26	26.4728
1404.63	112.581	-24.6715
79.3344	-1037.31	88.3455
-927.014	-873.337	22.1379
-807.475	1053.34	-16.44
255.426	833.117	-16.3727
-282.578	-161.563	60.4901
930.514	-1265.38	47.4289
519.451	-326.787	-0.956918
540.08	-378.348	3.03469
-1441.76	923.338	24.7061
-222.846	196.921	-8.57364
401.613	143.964	-12.5691
-788.266	-392.028	-0.896617
-1103.68	-295.056	-3.22565
495.304	-1353.17	28.6457
436.801	-1396.11	27.1538
1231.64	1329.45	-23.4225
1298.24	-540.898	-11.0573
-888.722	110.914	-8.05871
897.987	-670.487	15.2154
-962.423	1452.94	-15.4767
-47.8257	-827.573	104.075
1177.64	-1014.97	58.1087
-947.276	-489.813	0.352487
1494.6	752.064	-21.4975
-6.75547	1179.92	-18.4267
759.534	316.543	-21.6513
948.399	-1033.16	68.4719
298.671	-216.177	-1.82755
1016.53	-1497.55	27.6641
135.998	530.055	-12.8542
644.763	-489.323	15.5369
-99.8678	-1103.13	98.2308
456.648	-286.207	-2.76161
1472.02	-374.393	-14.3776
-45.383	1089.56	-17.5156
257.512	770.612	-15.727
895.065	936.143	-17.5864
482.263	774.108	-18.8456
874.113	1349.69	-21.0433
-361.329	677.654	-8.60149
-772.785	802.182	5.19095
-770.084	-1227.12	26.0543
281.919	-232.6	-0.105587
615.036	64.403	-14.5138
1164.21	590.899	-18.4843
113.4	323.679	-13.2853
-936.117	-1298.35	42.1491
-1456.22	-1014.33	27.5044
51.954	632.122	-13.7245
481.004	-993.447	92.4464
-735.575	1128.5	-18.0516
-1365.11	189.734	-3.0349
1039.89	459.818	-18.8881
449.32	-794.584	105.498
-371.838	1159.92	-19.841
237.401	32.6775	-8.10394
-587.195	-461.648	8.70658
-1350.23	63.6105	-8.26196
-1081.51	1341.06	-15.2092
-68.7774	1457.68	-17.0339
620.121	-35.6948	-12.381
1366.87	99.3903	-23.8631
-314.084	-553.725	81.5723
9.31271	294.141	-13.7136
-910.022	1437.27	-15.947
-190.541	906.822	-16.5419
379.531	-608.977	45.362
614.316	468.62	-18.325
-744.939	777.924	3.1409
260.958	359.225	-15.605
-691.945	1294.76	-17.7287
513.897	234.478	-19.0428
-1481.91	1251.56	-3.44821
354.311	906.505	-16.3858
421.402	-357.885	0.262817
837.946	1022.02	-16.1925
-152.828	1160.9	-18.7199
-407.338	1166.68	-19.5582
-413.422	755.369	-9.55781
1410.67	-892.606	1.09953
367.43	882.191	-16.0862
312.321	817.264	-14.9766
996.848	-344.772	-13.3324
-879.975	-370.085	-1.99852
730.318	1291.9	-20.8865
1410.1	566.479	-22.5513
-748.325	1020.04	-15.5635
-22.8296	-1094.63	95.6386
-909.294	520.142	3.20136
1381.82	629.765	-20.4532
314.647	-927.491	113.157
522.385	-241.186	-5.00932
428.519	879.642	-15.8239
-1189.23	1445.23	-12.328
1160.87	-1391.12	70.5474
468.536	-484.775	18.5856
-1402.35	-604.637	18.9824
1129.82	164.835	-21.0388
-1197.18	-197.531	-4.4471
-96.0877	-1135.06	91.9002
-1180.72	103.134	-10.8425
-1381.29	389.358	35.5223
-315.933	-256.777	65.4315
-831.088	861.054	4.57889
979.484	-1251.68	59.7959
1483.91	1045.21	-22.6281
-1060.15	-869.055	30.0871
-1276.87	-968.871	49.9967
-521.505	234.709	3.45195
-82.4729	-306.76	71.6442
-1183.85	1368.98	-12.5878
-272.133	860.753	-15.3217
881.092	-1459.02	23.8792
-695.969	749.818	0.525828
-81.6969	-1465.37	51.4297
332.36	1318.89	-17.3311
-681.095	495.795	-6.86183
-533.246	-108.814	31.8515
-1467.48	1336.24	-6.34774
132.192	1408.73	-15.5275
-652.382	1239.37	-17.0149
-1402.87	491.78	45.6523
176.705	577.174	-14.4178
-540.303	379.429	-8.47414
-1466.63	-358.841	0.186679
-187.927	1183.59	-18.4461
560.722	304.858	-19.6837
-739.778	136.863	7.58039
463.855	-320.685	-1.78203
-69.2127	140.643	-11.3553
1065.05	-18.9872	-21.5901
1447.51	-614.418	-9.933
-809.324	-90.4542	-6.05601
-63.0856	-319.72	73.8771
485.848	-432.456	8.23095
-34.2463	1224.15	-18.9065
1070.36	-33.5333	-21.0319
53.5156	-1048.45	92.0348
2.58555	1246.41	-19.0529
-546.958	1415.72	-18.1503
1327.57	907.622	-18.7771
-79.7917	-933.474	99.4962
1181.84	-980.888	50.6675
17.0995	616.681	-13.0423
977.468	397.501	-18.7588
889.553	-1154.7	57.0395
526.904	-1421.78	25.2748
236.399	-1429.34	32.6442
-1123.59	625.77	7.19523
709.655	428.109	-19.2905
686.736	-199.388	-14.0588
114.053	142.866	-14.5174
1368.3	-156.817	-20.9165
1069.37	155.648	-21.2777
-1382.03	-496.295	5.08806
491.619	480.271	-18.1406
-1184.46	-83.3672	-5.50203
47.2641	-619.435	75.7202
1021.47	1126.58	-14.3182
1466.9	936.531	-21.9943
-1173.52	1010.81	4.42794
-801.578	1083.88	-17.5003
-1025.44	27.568	-8.23531
-429.174	-1369.33	34.494
155.542	1288.49	-16.2551
40.2318	616.256	-13.1938
448.996	197.773	-15.8744
1.2898	1471.99	-15.7374
-120.244	-1210.87	76.3472
811.021	-357.733	-11.973
791.863	-1187.23	40.1369
612.268	-1485.78	22.8911
15.2835	-1177.74	70.5585
-1306.91	-1101.4	50.8564
-1313.45	384.252	25.6954
-394.375	-973.703	30.4174
636.373	84.3081	-15.579
668.326	117.463	-17.481
570.499	-629.359	56.1185
450.376	1193.43	-22.117
-1037.71	607.383	6.29472
-558.298	-1004.66	15.1026
481.276	794.62	-17.938
-1294.72	-886.827	45.1321
-1245.93	-745.346	24.7789
-6.89584	438.478	-13.1756
-972.464	-1181.57	39.5891
187.887	-1315.11	36.734
339.055	-1000.97	94.347
-1183.32	161.149	-9.92374
-1368.19	-375.093	-3.0288
470.103	612.89	-18.5527
1339.56	-978.606	26.8966
-1328.36	-479.734	4.54872
-637.17	-286.89	3.371
-1429.17	950.691	27.5034
-1084.53	-973.635	43.5133
-304.11	-269.107	65.6388
-718.38	639.603	-3.97545
-493.392	-104.33	39.4293
-59.5876	-1062.56	103.707
149.297	475.162	-14.3905
424.531	-278.264	-2.75278
120.554	-1438.51	38.0111
-156.945	-1379.46	63.4022
1058.47	-971.644	62.9895
1203.98	473.716	-19.4571
-813.299	393.898	-8.51263
-329.465	-52.1992	55.4219
-1032.1	-1089.99	38.5727
1461.08	-909.687	-1.62329
-1010.74	582.037	5.60706
1060.38	-814.888	37.6008
-265.43	207.774	-6.73814
-403.714	-1371.34	34.7591
-1336.19	-85.4862	-7.93538
-1100.62	-265.91	-4.04311
1406.79	-1178.91	81.3501
1214.56	234.48	-21.8924
-79.4762	162.906	-12.8329
963.216	-71.8826	-20.8105
-148.883	-1488.64	55.0725
217.578	-1169.16	50.0767
468.887	564.124	-18.6742
-412.004	281.816	-8.08587
47.6593	133.432	-13.2547
-1181.63	-590.818	9.54803
1050.18	-436.668	-9.14381
1216.96	-15.515	-18.5336
460.762	226.243	-17.8286
1445.34	1289.92	-24.9962
-178.822	625.763	-12.56
170.396	632.352	-15.6002
-785.608	-409.564	-0.719302
-847.133	-71.8174	-7.78524
-360.981	-192.993	51.478
856.516	780.533	-18.9427
1468.3	1046.84	-22.4005
-528.354	-683.486	14.7052
1167.44	222.382	-21.6313
324.913	-638.884	47.9496
394.424	1416.34	-17.6373
-1.85729	-784.369	102.098
132.036	-198.794	16.8556
937.957	-849.726	75.2594
1022.4	1203.48	-16.1147
-1310.27	150.464	-7.3043
-652.505	985.026	-15.9563
-156.905	-287.14	70.2782
1287.92	164.786	-22.981
592.737	-1065.17	64.5226
-835.825	348.487	-9.85479
-972.807	-567.17	5.05058
601.945	-134.027	-9.30766
135.605	-1279.92	41.3602
619.151	984.255	-17.1787
1133.97	-683.356	-0.715787
269.112	1472.4	-15.5682
-1073.78	-109.029	-6.3354
1378.34	-652.61	-7.68124
-1123.19	-520.016	4.92474
497.536	1184.23	-22.4425
652.852	-468.659	11.2614
695.124	384.86	-19.828
266.419	543.711	-15.9682
72.0649	299.123	-13.5923
-581.206	-186.608	14.7273
1247.17	-474.555	-12.6952
472.724	110.208	-13.2032
1417.28	-79.6506	-24.8083
-1259.8	704.182	6.1159
503.967	-1136.14	49.4996
456.035	-433.093	7.26842
-72.733	478.597	-13.0336
-556.39	366.707	-7.62724
210.155	-1411.57	34.0696
-1242.96	-929.164	42.4761
930.962	1268.2	-15.2407
-996.699	-1303.54	49.3957
461.551	-1137.3	50.2761
1438.96	1273.72	-24.253
-659.878	-239.198	1.83216
810.01	796.844	-18.912
-182.399	422.594	-15.0507
-1172.42	1306.5	-13.3447
572.677	-257.288	-5.91661
-443.665	511.311	-12.9681
98.7715	-982.673	91.9001
-1400.69	-1152.41	46.038
-291.654	1448.39	-17.1547
-768.979	-1144.33	22.6544
-1347.27	1201.63	-5.07379
1084	211.618	-20.6422
-1451.81	932.245	24.074
-936.768	-44.3068	-9.88964
-177.231	1295.27	-17.0393
254.938	33.1004	-8.2477
-1237.9	1288.29	-11.7116
479.621	-971.195	102.355
332.328	-478.777	15.4545
477.981	647.49	-19.4096
681.927	571.945	-18.3304
-462.807	-32.6771	51.7195
1358.17	1028.7	-20.8593
491.931	768.431	-19.2962
-379.042	302.763	-9.85122
-357.853	-961.57	35.9842
1318.29	478.951	-20.6943
129.154	1299.1	-16.3984
796.962	-1192.93	39.8062
-126.003	524.489	-13.9699
506.102	-997.361	89.5733
1364.37	1264.95	-22.9542
591.739	378.547	-18.7716
-1208.04	760.415	9.39678
-1475.72	-1260.94	57.1332
-59.5067	-1195.42	74.344
-687.247	-375.033	1.52495
-1397.45	-322.662	-2.77681
-886.089	-580.604	2.79322
294.422	-343.775	4.7783
-685.487	-374.882	1.61882
616.422	1323.37	-22.5155
867.933	-348.857	-12.7667
-452.496	1193.29	-18.9216
923.986	1262.95	-14.8543
-760.817	-558.34	1.14805
-340.907	-563.103	68.4668
-813.755	-536.739	-0.423012
814.807	785.974	-18.8153
1304.45	-152.913	-19.4615
762.676	848.255	-18.4961
-281.103	-839.932	49.7946
1410.9	83.4017	-24.4752
463.148	1483.31	-20.1842
455.683	-607.756	51.9406
-991.738	-674.796	14.1186
-26.1989	-314.27	67.6714
-1122.44	-1029.9	44.8767
-1248.19	1318.59	-11.393
550.803	-1236.81	35.6871
-280.577	18.9317	34.3464
985.45	-703.947	14.8231
321.037	1191.11	-19.8983
600.554	-644.829	58.2873
-242.435	188.179	-5.97982
-1188.16	-1171.69	44.552
-1101.73	-764.883	15.5037
-1411	-636.272	22.3902
-713.089	1262.67	-17.6625
-1433.22	-1156.81	42.5262
-378.625	-1102.7	33.891
430.732	-994.347	94.3605
1290.02	107.146	-22.3659
-1322.53	-1277.31	57.2385
-440.323	-22.607	53.9672
18.441	-1011.49	100.907
947.012	-1199.53	60.9857
-855.274	-162.575	-7.41716
127.137	895.02	-18.5832
-1108.71	-268.826	-4.04316
-78.0883	265.08	-13.7352
-402.202	-666.249	35.5336
-908.711	657.489	4.55174
320.82	1357.38	-16.0436
648.08	-275.447	-9.14679
-1462.74	1137.82	8.23307
191.899	-36.55	-4.36585
-665.817	-225.777	2.10943
522.782	309.088	-19.118
252.861	350.755	-15.4009
1003.38	200.56	-20.5885
713.077	-176.401	-16.9418
-1413	1054.15	17.0675
1284.14	-283.013	-16.4799
816.756	501.292	-19.304
-456.469	-190.538	31.6527
-478.886	655.456	-8.2362
856.102	231.014	-21.4367
-1310.62	-397.295	-1.04776
-873.2	43.4622	-8.15382
606.459	219.749	-20.2488
303.498	334.557	-15.5472
278.702	934.263	-18.2584
-109.693	1356.76	-17.955
1496.76	190.504	-27.5396
-994.232	604.997	5.42091
1149.53	-312.685	-12.3815
690.665	506.707	-19.1322
-409.495	-756.135	28.409
-825.307	-179.315	-6.63458
58.8159	1189.8	-18.1007
176.501	417.883	-14.7686
1407.42	-30.357	-25.178
-1468.23	-972.086	22.9437
-544.667	356.57	-7.57493
-218.706	234.893	-11.5085
-91.808	530.309	-12.8107
-57.6768	1123.35	-18.0179
976.187	619.631	-17.0442
1293.72	443.578	-20.8568
-483.268	1497.18	-16.5969
-380.638	17.5638	42.662
29.7591	1346.98	-17.8784
-1232.07	887.171	19.9958
1313.01	326.335	-21.3041
-726.245	-296.009	-1.27794
1321.1	762.269	-19.021
1334.27	60.3054	-22.2739
-1206.06	-406.036	3.59382
-394.588	-921.558	30.1903
-761.782	164.967	4.37484
685.777	774.51	-19.4263
-1308.54	581.679	22.7506
247.571	1291.67	-16.0496
-941.756	-255.877	-4.41759
-313.44	-1083.94	46.8084
-899.208	1441.41	-15.9791
128.459	1026.84	-18.5985
-1023.47	-210.476	-5.65676
-1496.02	-153.44	-0.568633
520.402	1147.43	-22.0816
1016.82	1140.65	-14.2695
-1179.75	1108.66	-4.10346
1185.5	1099.89	-18.4556
-221.541	540.154	-12.9587
430.667	885.094	-15.7593
-1083.54	22.7818	-7.65546
124.622	916.087	-18.7903
-648.909	830.383	-5.24409
1436.33	796.306	-19.3051
1148.91	-570.375	-7.03897
1043.03	-1294.36	63.5382
1231.72	847.281	-17.8644
-1191.55	-1236.73	44.5917
312.343	-588.966	34.0104
1035.46	899.312	-18.8596
666.949	1227.17	-21.9895
122.195	-550.594	45.7601
-1165.57	44.4667	-10.0066
1075.97	-348.949	-11.1134
39.5727	425.866	-13.9276
-1446.55	-751.716	21.9095
-774.303	653.07	-0.618232
-933.605	-163.281	-7.07837
910.854	1007.74	-14.8397
-184.806	1309.96	-17.0084
75.6382	-200.005	23.5731
-1351.42	-969.653	46.1212
304.177	1239.38	-18.8695
-1001.61	-865.827	27.3198
-914.267	596.642	3.86129
1442.29	1265.52	-23.9314
-158.562	-748.462	94.0254
-449.485	434.417	-11.6769
20.1823	721.293	-16.011
124.869	-664.558	63.9516
419.019	-854.467	118.358
173.638	-849.885	105.819
999.329	-1213.01	66.2256
337.665	-666.492	56.331
433.175	-585.46	44.0004
921.892	-529.303	-6.26349
843.494	1052.98	-15.8889
1412.94	-226.819	-20.1888
729.731	-1412.43	23.2527
1012.81	294.95	-18.7874
-1270.91	-55.3987	-7.73393
605.465	577.6	-19.6953
994.409	1290.36	-18.1232
-1106.95	430.35	7.60617
-549.985	-48.9586	33.6798
565.504	1234.29	-22.2356
-1462.11	1391.27	-6.70692
-457.94	-1290.32	27.7432
992.74	-328.362	-13.9747
-868.48	19.244	-8.77471
236.797	1389.8	-14.1933
815.689	965.194	-17.2227
-1182.71	1011.69	5.10461
998.906	122.927	-21.8272
393.941	255.321	-16.9052
25.0402	-282.97	48.3828
-1495.55	552.721	38.9566
860.927	-773.766	58.1761
375.195	-1160.17	49.3019
-356.966	998.045	-18.2328
-199.966	-717.957	90.3587
1433.84	937.596	-21.12
1245.34	1160.08	-19.5774
-1124.25	1145.9	-9.2109
1376.13	-190.363	-19.9585
-1050.94	-266.753	-4.08788
299.104	-1458.34	29.0431
-761.9	-1189.29	23.8096
-589.843	97.6748	27.8862
1430.92	1200.84	-21.2044
684.354	-993.548	84.5894
-1384.18	-1190.79	48.1125
401.159	569.585	-17.4113
404.93	941.206	-15.9994
-408.435	-1085.55	28.8641
-903.963	207.012	-9.09636
174.198	-76.44	-0.011908
173.727	-368.373	25.5472
1037.94	1256.21	-18.2785
511.978	547.725	-18.7435
-836.072	-450.698	-2.17645
21.3906	94.1202	-9.89964
8.9588	1448.42	-15.9712
-604.638	-1371.52	40.1809
194.351	-1294.37	37.8776
1420.88	183.158	-25.3638
216.741	801.287	-16.1433
-522.895	-260.135	15.4949
-567.095	-929.27	13.6821
-1042.77	1402.18	-14.6353
-734.55	-1030.89	14.2877
-462.22	-218.917	27.9028
1300.75	255.126	-22.4909
457.247	-112.181	-8.37736
-253.232	336.249	-12.7423
1308.7	-837.25	1.03574
-1390.39	149.368	-4.75247
472.082	1368.23	-19.3025
-1055.22	1145.44	-13.1084
15.822	385.993	-13.8843
88.3731	-1381.71	39.5062
-1406.08	-1101.31	43.1837
388.381	752.896	-17.2822
-248.643	-640.243	94.6725
-545.099	-1101.98	17.1307
-639.079	212.847	6.56946
-359.251	-1011.27	35.3967
1018.36	-1135.48	73.134
-346.685	777.421	-11.634
-332.589	1461.4	-16.7715
-1227.77	-141.336	-4.97136
-545.942	959.276	-17.1316
348.87	-796.002	102.784
-84.8351	85.4839	-3.49581
-922.56	966.423	-7.88885
339.113	-723.296	77.5851
357.739	-540.626	24.7295
1269.57	1274.2	-20.9116
815.681	-896.13	85.4519
147.582	994.858	-19.3309
189.739	-499.917	27.334
-89.8835	-326.104	77.817
-1384.26	281.203	6.74817
363.744	504.958	-17.1761
-38.6162	-953.386	104.911
704.708	-116.277	-17.4204
-433.813	765.819	-10.1228
1320.12	44.287	-21.871
-1297.02	-422.782	1.11409
-348.716	1091.63	-19.701
156.497	-1483.2	35.9847
1229.06	1013.96	-19.2004
1194.45	743.295	-17.9658
-1269.47	758.017	8.65046
-733.416	-676.704	3.47746
-663.272	-1339.63	40.5316
-810.724	1244.83	-19.0572
-404.99	253.08	-7.28445
-900.094	360.421	-8.2624
780.286	161.053	-21.307
-1345.51	-47.6203	-7.79037
607.17	1185.24	-22.2458
799.866	-1205.49	38.6773
-1320.17	880.883	29.2598
766.188	-403.457	-6.95278
-59.9825	-112.626	20.039
286.21	1407.76	-14.6776
544.176	-987.725	92.3849
995.863	1005.85	-15.8364
732.288	-403.887	-4.00356
1028.26	-497.263	-6.86889
780.724	-964.801	81.9064
-52.4298	-1324.13	57.2688
28.73	-626.849	81.5532
822.482	-705.965	36.486
999.605	667.39	-16.947
113.224	-840.498	103.654
-344.048	-811.181	38.8743
-80.1626	1174.82	-18.2459
922.493	-197.677	-18.2532
419.554	-1443.85	25.4353
-1132.58	-214.614	-4.68474
-1109.57	-1257.78	45.8979
-1461.61	732.279	6.41171
-580.89	1242	-16.7074
-497.842	1435.44	-17.7719
-515.043	-671.777	15.7336
-185.541	-629.588	109.381
-595.215	1319.38	-17.5322
-1364.57	1229.11	-5.93313
615.268	-1004.54	83.9467
-1140.66	817.582	14.6292
-351.436	1471.18	-16.5596
-382.615	415.953	-11.9947
899.751	865.72	-18.9491
-89.2765	1219.32	-18.6382
-957.636	1042.33	-13.2988
1122.22	-610.633	-4.96969
-546.253	-463.901	12.6885
1110.45	-483.199	-8.4685
1413.27	-522.72	-12.0379
865.205	1390.23	-23.7574
-1435.37	-3.89171	-4.32277
1353.73	-789.503	-3.6334
-540.67	709.011	-5.86988
1236.91	1439.24	-27.7749
84.0336	870.051	-17.7166
38.255	259.027	-13.993
884.598	547.426	-17.9493
205.547	-953.129	95.5338
1150.79	384.085	-19.3078
-918.551	182.372	-9.10883
-1296.95	-1078.2	54.7214
86.5405	-795.927	98.7129
1300.47	-928.81	18.3212
-609.196	407.008	-8.94129
-258.487	383.259	-13.5151
-567.08	-85.0947	28.5563
1119.68	-294.394	-12.8476
750.025	1318.71	-21.5576
-743.891	-1076.57	16.9378
1266.89	-1392.38	89.8564
-714.712	816.18	1.1412
456.416	966.234	-16.6058
-820.272	912.573	-3.69433
1276.46	-1035.64	60.307
-483.859	-1211.21	23.197
891.677	-1492.23	22.0796
-867.107	-222.311	-5.53648
1430.06	-17.6603	-26.1899
-0.798295	-1247.23	58.9116
935.046	-511.747	-7.11191
1025.75	200.299	-20.5531
-627.253	879.663	-12.5978
888.962	-1079.2	66.376
-639.315	-545.675	7.0049
1190.39	973.702	-18.6736
-225.432	-474.103	108.009
856.954	1412.27	-25.2796
-832.524	1139.65	-17.8831
-44.1081	1117.87	-17.9375
-300.742	-823.581	46.3818
441.238	721.686	-19.0912
412.305	-1389.86	28.0338
943.825	1032.31	-14.2709
-1207.62	238.271	-7.52561
-113	-1019.42	99.1994
-327.058	-1189.63	43.6011
1071.72	1102.89	-16.0795
-1274.39	-333.754	-2.09021
1461.02	159.757	-26.5259
154.767	535.451	-13.2593
-690.413	-478.915	3.14297
-716.939	964.946	-13.6088
-1399.55	1169.52	-1.80807
1446.67	122.19	-25.5396
-1272.09	-321.884	-2.36752
-140.404	251.062	-13.1231
940.424	1282.39	-16.2614
469.951	1303.24	-20.2374
-1360.3	1327.44	-8.06789
-114.016	-1359.37	64.2945
-707.934	-1178.43	19.4602
-613.402	-946.32	11.6303
-43.6632	633.042	-13.2483
-920.132	-326.305	-2.13579
-1407.96	823.957	12.8571
213.763	1219.22	-17.9211
-1325.42	1355.24	-9.54346
-602.851	-85.5982	21.478
897.298	1032.56	-14.2678
-729.753	1356.71	-18.5538
-1094.23	635.956	6.73845
-815.512	-179.939	-6.21007
-196.745	1231.27	-17.3966
-150.193	1179.22	-18.732
1363.91	1343.18	-25.1932
368.222	1370.39	-17.5507
348.981	-545.171	25.1001
270.114	1417.69	-14.5685
-1440.34	-1489.9	122.965
159.38	476.426	-14.4382
1108.49	-201.439	-15.2559
-962.998	873.273	4.8455
-669.059	132.177	18.1776
1045.04	1248.42	-17.9917
-65.9377	-827.918	101.538
-1391.3	350.211	25.1634
1236.29	583.944	-20.4214
369.788	1442.32	-16.7261
-759.803	308.535	-7.1096
1461.08	148.957	-26.3798
1309.6	379.238	-21.0334
575.164	1080.96	-20.0231
1263.18	1435.06	-27.7046
-1418.86	-981.813	35.9261
426.957	-955.483	107.753
422.883	-1466.71	24.5893
240.123	670.874	-15.9779
212.149	60.2734	-10.1007
-762.311	681.731	0.184578
615.67	-1451.86	24.2539
-478.99	950.081	-18.1232
387.734	1296.06	-19.1169
-1195.04	257.643	-6.15665
1326.9	-728.178	-5.92313
385.904	-617.926	48.4862
-714.565	-821.976	7.95258
-1314.97	951.396	31.7661
1422.68	830.595	-19.3895
-1366.99	-298.421	-3.86106
1473.88	-312.442	-18.5492
-1025.03	-317.832	-2.82374
-499.01	376.502	-9.37406
-768.229	968.621	-12.6224
153.784	372.811	-14.302
503.564	841.617	-16.8179
419.744	-1495.9	23.9657
-523.766	28.0553	40.8184
-1474.98	658.14	10.5193
-1282.57	-1359	71.1741
-193.998	-555.612	119.943
-695.295	40.7962	9.46078
88.2769	-496.707	51.621
282.407	-1047.91	75.6155
-802.005	-1366.39	38.8529
-1460.27	1458.24	-6.8804
458.842	-1007.25	87.4192
272.297	-1342.76	34.0414
1499.95	168.886	-27.2914
-1263.84	264.221	0.582961
736.852	-126.565	-19.8536
-412.084	527.335	-12.6637
-270.497	409.756	-13.6526
-1327.61	-623.215	19.8388
-1275.57	438.1	29.1422
-147.813	-1302.27	67.8561
908.323	482.856	-18.4391
-260.287	-1110.45	61.6858
-191.161	-864.576	70.974
1377.54	668.095	-20.5435
-1237.39	1429.92	-11.0442
823.928	-362.015	-11.9481
702.821	26.6242	-15.572
-777.09	132.542	1.53461
-462.116	1226.35	-18.7456
-1338.27	-156.337	-6.59907
-725.469	-1479.46	55.7451
1337.79	36.2687	-22.4863
1335.33	1099.51	-20.6286
-72.2252	-978.819	101.455
1475.87	-1157.63	60.0649
-1485.18	1479.79	-6.64075
164.653	-441.98	26.1939
-367.42	-1133.49	36.4729
-1017.29	733.532	5.52161
1360.06	1417.68	-27.2015
-1386.13	-1238.99	49.2181
558.676	-544.346	31.5287
-651.741	414.391	-8.7404
-212.119	-1168.88	73.2606
-283.494	-67.2372	51.6152
-329.743	-1471.89	51.1679
598.795	1036.31	-18.6825
-151.215	201.639	-11.2368
-655.288	499.859	-7.86607
298.946	-637.193	46.3311
324.452	1044.51	-18.0883
93.2369	-916.101	100.292
-158.575	1050.66	-18.632
-895.323	-1380.56	38.5559
1113.66	1045.6	-17.3525
-569.134	1227.54	-17.0336
-1135.31	-851.697	26.9557
-1365.58	-1000.17	48.0618
609.511	107.398	-15.9556
595.609	567.959	-19.5074
-1122.4	1045.46	-5.50509
-776.616	538.446	3.48804
786.631	1355.96	-22.7874
230.44	-1119.22	57.5937
-726.071	-1335.32	39.6696
1105.14	145.47	-21.1564
-1222.81	-1177.31	45.4815
-1062.48	-1127.55	36.5426
811.377	592.073	-18.0507
578.427	1426.41	-22.4103
-116.511	696.476	-12.3306
-107.981	-1357.93	63.6151
235.99	1352.6	-14.2271
729.164	1321.84	-21.7768
1151.88	1282.12	-19.3454
230.034	-142.876	-1.66376
217.368	-1187.54	47.6782
913.483	-797.248	60.7234
-464.906	-842.844	22.2976
593.028	-1499.64	22.3796
651.539	-907.543	94.8921
-553.391	123.448	27.4324
510.055	-766.203	93.6596
-130.978	-899.898	86.0551
870.799	963.68	-16.916
-1130.69	1220.16	-13.0654
-1397.38	-471.951	3.25782
756.476	580.265	-18.7937
407.147	-1147	50.6552
-892.943	621.87	3.53726
1330.07	468.341	-20.8257
1057.95	537.141	-18.3711
204.415	259.493	-14.5692
-59.0978	1255.49	-18.7931
1426.79	1338.95	-26.4326
-1047.38	-636.686	11.0453
-616.122	1486.88	-16.9184
-750.483	-1044.3	15.4104
1375.9	-637.801	-8.26355
-67.8353	47.1471	-0.566011
1160.73	-956.738	48.1834
255.433	-824.323	102.92
642.131	-549.899	25.6921
-972.188	-349.235	-2.28541
44.9487	969.189	-17.254
-841.429	955.655	-8.43452
1240.71	-1231.14	86.5867
-1297.71	-997.617	54.5893
-1398.76	-780.028	33.4539
1181.27	-919.022	36.7721
-337.351	258.76	-9.15682
550.483	-120.623	-8.61706
1026.66	1472.54	-26.5543
692.855	304.951	-21.337
-626.401	-1193.06	18.2026
-1340.64	-847.183	38.2867
294.928	860.814	-16.9908
163.326	-708.22	67.0764
-868.97	778.444	8.36887
816.273	-452.673	-8.82215
115.11	1357.97	-15.9497
136.622	616.661	-14.7808
-914.865	255.381	-10.3818
1295.66	-564.552	-10.2796
-1146.14	-911.479	35.242
785.942	1069.39	-18.2112
-574.656	158.72	19.7491
-1223.7	-850.261	31.0214
-1045.39	542.732	6.77002
182.315	681.395	-16.4244
731.631	1391.02	-24.6459
59.0148	-895.81	105.254
-908.468	-754.876	13.3792
-1216.05	-869.677	33.1199
1090.96	-623.758	-3.57296
-987.277	80.8003	-9.62758
1079.22	879.578	-18.8983
75.0101	-778.178	97.6986
1314.99	1252.78	-21.3087
834.672	663.048	-17.6594
1337.45	-16.504	-21.7743
1036.99	-1049.57	63.7799
-345.442	1437.76	-16.9988
65.9813	263.356	-14.0217
624.083	355.15	-19.4252
583.519	173.954	-17.9683
-629.865	1233.71	-16.8336
1014.12	309.432	-18.4147
-1048.38	224.108	-10.2575
1093	1249.1	-18.5402
-30.618	-1413.72	49.3787
-1125.49	658.509	6.7712
353.488	522.065	-16.7748
-522.787	864.762	-15.5448
845.48	1479.06	-25.2737
-1216.89	271.895	-3.75445
861.92	-1158.78	52.1824
534.017	-914.686	106.508
-1341.28	-484.598	4.5172
-852.994	912.173	-1.96268
1310.55	910.689	-18.6476
-975.396	-295.872	-3.11429
1429.26	-1110.35	54.6573
1053.68	1281.63	-19.2562
182.63	1196.83	-18.3641
-298.315	-911.053	45.7258
1093.58	-861.129	47.6966
1049.04	-191.912	-16.4226
-127.131	651.929	-12.6892
1457.45	-1149.26	62.2853
-853.805	1393.55	-16.7936
1326.8	476.081	-20.7691
-1086.76	1264.85	-15.7129
-687.056	1091.25	-17.7504
-433.341	-1393.6	36.8505
-976.803	-520.132	2.2308
666.638	470.665	-18.8243
1390.53	521.676	-21.8141
-1317.05	-432.362	0.490343
717.639	-1017.77	76.7315
-510.986	830.019	-13.5725
1378.3	-939.624	8.46934
1075.91	1335.25	-21.7544
115.947	743.071	-16.5571
-1143.63	-585.767	7.71601
-1135.7	662.124	6.75061
-1359.79	168.101	-5.14009
686.254	761.482	-19.9176
556.331	-266.754	-5.04547
677.191	30.8419	-14.9934
911.391	185.316	-21.5475
1018.71	-874.813	65.049
-14.741	1128.95	-17.8149
244.169	-1364.29	34.0028
-369.478	-1271.25	37.1738
-834.86	976.694	-11.6123
-254.131	213.486	-8.38122
1298.71	-1375.67	93.3751
-887.372	-951.497	21.7937
-1070.11	490.906	8.54501
532.597	744.866	-20.8828
-815.367	-11.5286	-4.32594
-228.847	-668.432	95.7368
-814.862	-1114.1	25.6651
-283.129	-1044.26	54.7954
398.379	-555.525	33.5199
47.8974	-449.191	62.8496
984.298	-503.264	-7.02342
-120.196	1498.46	-16.7906
1124.57	660.726	-17.2321
880.9	-1405.34	27.3564
-464.257	-430.947	28.983
-157.119	-23.613	16.4766
68.6343	919.693	-17.5765
690.041	-1087.59	57.5116
730.236	908.29	-17.0046
-1458.46	1357.2	-6.58969
1422.08	1211.14	-21.4665
1488.21	-212.478	-21.0298
1057.84	260.378	-19.6486
884.738	1367.5	-22.1602
867.13	-322.068	-13.9055
-1273.56	-594.715	15.8422
-985.053	-528.909	2.77572
-922.203	1364.54	-16.2825
-678.616	-22.286	9.93162
-288.684	972.145	-17.706
-968.932	991.423	-9.65984
-624.145	-1213.05	20.6451
112.866	-642.067	62.7114
1341.97	-909.944	8.25853
941.307	862.382	-18.6032
-991.474	-226.846	-5.35412
368.138	1050.12	-17.6724
309.272	809.486	-14.7936
456.246	473.42	-17.8795
1360.83	-814.601	-2.05742
1013.05	-496.126	-7.07677
1036.24	-500.892	-6.60358
-899.687	694.728	4.3118
-35.1546	-1009.42	106.142
-1078.47	507.512	8.46313
1342.46	-1101.87	67.9178
-1496.53	592.66	24.1382
1236.39	693.841	-19.1148
1334.87	1379.07	-27.1022
-440.522	314.638	-8.86949
-1354.73	-64.6015	-7.33871
1177.46	-901.999	34.2778
-1262.5	12.54	-9.89588
1091.13	-200.866	-15.3236
-1244.23	1298.8	-11.5875
-517.182	933.525	-17.3401
-237.952	-131.43	49.3885
-332.462	192.155	-0.31442
-1302.11	-125.894	-6.92068
-176.445	-199.442	53.3475
919.225	409.471	-18.9126
1058.71	27.1033	-22.2413
-1429.04	398.357	39.8919
67.2967	-689.705	80.4946
-312.886	1060.26	-19.4903
139.7	-1489.49	36.9631
1038.82	-722.954	13.0956
-906.972	-1349.49	38.5809
162.491	-1266.05	41.4324
-1018.15	1168.73	-14.1881
862.677	788.844	-19.0786
1358.41	-1202.83	96.9959
266.564	-246.839	1.04696
-891.095	-1180.22	35.6765
-762.971	-1262.58	30.0082
-569.353	726.212	-5.83121
307.123	1335.14	-15.9903
764.617	-1142.88	45.1852
153.451	-1198.39	51.0039
-574.09	226.309	4.44896
972.313	-703.446	16.0663
-1230.57	-735.737	22.4161
1132.9	1433.29	-26.2767
801.993	628.917	-17.8548
1374.91	-720.09	-6.33056
1063.66	702.63	-17.6757
-555.799	-932.771	14.7135
-988.53	1184.42	-15.0482
696.333	-1384.83	25.2173
556.316	-689.689	76.4487
305.766	-1018.98	85.7552
538.57	-1034.9	72.0286
-21.5294	-869.386	106.77
-1342.35	359.752	24.7723
-322.262	-1266.77	46.1467
112.077	1303.48	-17.0169
-1314.33	-1216.24	49.4234
131.024	141.337	-14.4396
1287.45	-1150.57	89.5616
39.9044	232.408	-14.2917
445.046	123.668	-13.3392
-1411.78	1497.72	-8.08919
286.022	-319.678	4.0561
-304.649	-678.309	67.8754
29.7801	119.207	-12.3003
83.6895	-911.187	101.732
487.703	-950.642	107.535
-787.576	755.963	4.8834
1061.54	-1425.92	42.7917
-351.543	-458.691	67.0812
1345.32	-323.696	-16.8967
292.34	-11.0098	-7.89481
-668.396	-858.476	9.52906
-61.6215	1430.16	-17.2097
699.687	-1239.47	33.0102
-61.0712	1280.5	-18.577
-501.501	1347.66	-18.6767
-170.16	526.535	-14.394
-333.316	-107.386	59.1975
1026.27	-22.4154	-22.2869
-597.092	927.55	-15.1755
503.662	-602.856	51.7695
389.132	1113.36	-20.0963
-712.109	-262.356	-1.1373
371.32	284.33	-16.0975
-1081.63	-593.098	7.03141
1095.24	-195.611	-15.441
84.2415	415.363	-14.2979
261.913	-1187.23	46.4344
1164.06	-1198.52	76.0263
589.331	-314.751	-3.54429
368.515	-786.162	100.915
-957.379	-432.1	-1.03518
516.728	-63.7918	-10.2053
151.539	926.5	-19.2991
1153.67	-1151.57	74.3989
-99.2111	1491.8	-16.6123
1340.62	-134.614	-20.9907
-1329.51	58.8571	-9.00133
-90.3226	999.458	-17.6677
688.798	1349.91	-23.0227
-227.246	446.526	-14.9338
686.192	670.334	-20.7982
-847.582	1004.13	-13.8603
1223.74	1488.45	-26.3796
-714.084	764.754	1.83088
320.265	-87.7239	-7.75145
1112.54	-522.11	-7.68206
573.248	-159.744	-8.15144
1211.44	-235.792	-15.204
1067.84	591.527	-17.8208
-574.958	212.476	6.3975
-1244.16	156.888	-9.29873
-1068.26	-14.1896	-6.72576
412.797	269.988	-17.5142
-820.507	207.472	-3.50587
414.606	411.847	-17.0639
1021.77	-1470.13	30.8122
1404.83	-1446.67	86.1513
452.969	1162.18	-21.6769
451.032	-1060.14	66.8008
666.23	361.5	-19.8613
348.809	85.4766	-10.1629
1425.31	66.4547	-24.5521
-150.64	427.41	-14.4394
-1056.74	-99.1965	-6.74809
-280.784	-1147.38	55.4248
1406.53	-993.271	18.7938
654.254	352.051	-19.8692
-822.555	1362.01	-17.6802
194.437	346.137	-14.2342
523.704	907.334	-15.8623
1425.64	610.388	-20.6566
-182.896	-676.349	104.089
1.28015	-541.892	79.6516
-866.849	1330.89	-17.4456
604.539	33.3171	-13.4265
503.612	-439.926	10.415
-852.852	38.8633	-7.01966
-770.144	761.383	4.13483
1017.91	-1341.52	51.9229
-732.387	-470.043	1.21849
386.309	-8.34939	-10.9162
1397.16	495.139	-22.5822
-1025.22	-302.401	-3.05913
30.54	-147.536	17.705
511.809	-638.454	61.4449
747.334	-1307.01	28.0414
955.477	-227.238	-17.3147
151.878	-38.316	-1.38423
619.251	-440.074	7.66137
345.553	-368.175	4.40305
-1379.49	-1155.95	48.098
-958.697	1212.5	-15.9151
-1156.58	-1404.67	73.9517
-471.65	-1342.44	30.3391
-1474.2	223.154	0.433621
339.875	795.732	-14.7013
-598.737	-46.8497	23.8904
-1127.54	1458.36	-12.921
-1477.39	-676.068	12.6796
1363.88	888.543	-18.9694
-579.918	696.318	-5.93175
1382.42	1315.42	-24.7648
464.688	519.706	-18.5868
-492.799	-723.564	17.8982
-383.784	-385.958	54.1912
73.7472	-249.432	30.3198
-581.016	1013.41	-17.1929
1224.7	1159.79	-19.219
4.95377	443.579	-13.2862
-222.289	216.483	-9.89182
-1077.28	210.223	-10.1478
1192.23	669.498	-18.1316
-804.532	1087.37	-17.605
327.805	1004.24	-17.1513
1378.97	1363.71	-25.8158
-731.351	-339.233	-0.819024
-1299.8	-663.837	23.5513
1173.09	-1248.36	79.7583
808.324	-968.124	80.8547
449.531	-135.091	-7.59632
371.166	365.588	-16.3449
1467.4	606.726	-20.9099
308.495	-777.493	93.6835
1106.38	1063.62	-17.1367
552.723	859.795	-16.2308
746.217	-651.361	32.9171
-1077.48	318.711	-4.37893
-57.5747	183.106	-13.6236
-1474.58	-1484.95	126.282
1487.73	-564.966	-11.5635
-1484.1	1110.77	14.7923
1084.78	-269.407	-13.5131
-535.154	-772.413	15.0727
-1287.16	1421.65	-9.98863
-808.553	-430.448	-1.3573
-578.896	689.838	-6.36525
-330.585	-1412.47	46.5773
-1000.51	51.8451	-9.26711
200.542	1390.25	-14.3655
1160.04	-1218.37	77.1531
-1372.84	323.664	16.556
1340.47	1038.42	-20.5502
-773.273	1053.73	-16.5976
-582.023	-457.883	8.99434
-233.7	69.5488	15.1157
-623.192	-441.602	5.87489
-1340.77	-773.792	34.0514
133.867	219.454	-14.8328
-484.012	-1489.11	54.0165
1256.33	162.396	-22.3067
-1199.34	554.997	15.6418
-1076.96	1029.02	-6.60753
1447.4	-884.322	-1.70078
245.503	-781.161	90.4134
48.7339	-504.607	63.7901
1018.38	1050.57	-15.2312
-297.61	-398.618	85.9774
-605.722	1384.9	-17.5156
1289.21	-778.612	-3.12058
1268.43	1170.34	-19.9028
-914.166	-694.361	10.8421
-761.7	1274.06	-18.2771
344.652	582.341	-16.2036
475.275	1068.85	-19.8596
-27.4125	-225.998	42.901
713.165	0.522071	-15.423
1193.29	-894.545	29.0834
1218.36	-683.459	-6.83315
1413.33	-302.213	-18.9978
-623.864	-309.101	4.51218
-1297.23	-303.292	-2.93731
-205.418	-521.59	117.235
-1259.19	261.73	-0.222042
442.567	1332.9	-19.2859
-1081.85	1434.26	-13.5765
-433.053	457.602	-12.2062
-1489.1	1362.85	-6.13671
-1061.63	1160.06	-13.0352
-894.836	-567.769	2.48982
-1285.41	-669.273	23.8463
328.314	1158.43	-20.4161
-368.896	573.17	-11.4274
-855.379	210.787	-6.73068
-1018.54	1434.4	-14.6271
-996.338	-1053.86	41.2926
-693.592	538.961	-4.21952
-522.509	601.111	-11.6691
831.634	-1053.25	66.4301
-836.21	287.254	-9.99247
741.72	1312.02	-21.3454
897.145	1062.09	-13.5122
-949.113	265.118	-10.7952
-143.81	-1449.07	57.793
574.462	170.243	-17.6171
-1174.66	1452.09	-12.7707
425.502	1411.64	-18.2636
627.256	-789.516	86.3592
488.87	546.002	-18.7926
247.167	-1178.86	47.9163
-88.2885	548.529	-12.4228
554.437	-1307.36	31.1389
408.803	841.367	-16.148
-1189.84	665.696	6.75719
1263.14	1188.04	-19.8152
-857.341	1289.95	-18.0154
1072.42	-979.545	60.8285
-1071.38	-102.71	-6.35171
-1414.27	780.24	8.63485
-1200.09	-971.122	44.3189
-188.911	1471.37	-17.5497
15.0835	-335.698	62.5418
-1193.55	956.318	16.595
1495.53	60.6201	-25.6422
488.167	-715.683	83.1744
-948.042	-980.027	33.3007
1356.57	-1248.89	101.172
144.741	1210.2	-17.9209
1401.08	257.761	-25.5548
-41.8559	-791.383	104.056
-989.138	1397.13	-15.1738
-171.097	-709.425	98.7855
-214.722	386.527	-14.5458
132.44	787.347	-16.8706
-1288.13	-1407.79	83.5962
441.335	-757.407	95.6646
-802.039	1483.64	-15.7076
79.7683	1280.15	-18.3714
699.114	1121.82	-21.4561
101.223	-563.47	53.0225
619.787	738.689	-20.9266
-1363.55	961.904	33.0721
-303.63	-632.23	74.599
-847.617	666.518	3.21985
1050.24	1322.09	-20.9292
219.897	486.038	-15.2922
1412.69	699.322	-20.8463
-1439.2	909.569	24.2342
122.392	-11.7095	-2.8226
636.163	34.4252	-14.0693
360.32	-71.5736	-8.65611
750.996	939.782	-16.6829
1441.53	-260.472	-19.9557
-82.9842	-722.213	102.92
-54.1949	-346.142	78.6644
-99.0813	-1124.48	95.0083
-1324.01	-1325.91	65.199
-474.662	1132.39	-19.3929
-242.128	-372.572	85.7647
100.411	-708.116	77.8366
-78.2158	-476.842	91.879
330.828	1057.87	-18.1505
-1044.37	716.338	5.87191
-632.746	1133.35	-17.4541
-1198.92	-1491.52	93.5584
223.083	482.918	-15.3997
765.163	-836.726	81.8692
541.406	335.149	-19.0095
233.383	866.176	-17.4902
946.894	-1145.98	67.9752
-53.5138	-188.889	36.7064
-1085.87	683.578	5.95382
-1471.6	636.45	13.1551
-697.58	-1339.06	40.7596
1206.46	491.414	-19.6289
1381.88	13.6921	-23.6207
-1180.64	-884.365	33.0807
-216.169	993.275	-17.9391
1006.14	-885.463	67.8399
-1292.61	98.9047	-9.78344
-490.766	-1275.91	24.8563
-787.96	1405.98	-17.0887
1125.99	359.91	-19.0456
822.422	355.422	-20.8065
1097.01	-349.199	-10.8316
-886.042	1398.13	-16.384
964.006	-1122.82	72.5363
-848.651	-433.38	-2.27088
-581.263	678.381	-6.99145
-1165.79	751.538	8.49815
-1181.14	-1206.78	44.3786
-1199.58	1201.89	-9.24021
-84.7739	268.882	-13.7183
729.409	537.706	-19.0718
1223.3	-514.334	-11.0945
-983.423	-123.281	-7.92531
1038.65	1408.9	-24.7763
-1214.97	952.114	19.4663
-1267.34	-1286.01	55.4305
-611.896	988.575	-16.5361
-616.84	-1111.1	13.663
-850.778	1461.6	-15.9094
-572.358	1496.8	-17.2941
1478.24	-787.756	-6.98789
585.001	198.087	-18.946
-188.329	-351.686	85.8361
-685.113	359.891	-7.06841
-374.298	-668.792	43.5558
115.652	-1120.7	68.1539
-1392.75	268.55	5.48727
-359.874	709.45	-8.42854
-372.584	819.869	-14.6973
1261.21	-398.554	-15.1965
-901.832	-914.234	21.5101
1496.81	-53.3368	-25.4816
-1340.5	-645.995	22.4597
980.88	484.739	-19.0594
-1349.31	405.984	35.2601
-962.532	481.49	1.84431
-1028.37	396.439	1.57395
505.773	-1396.78	26.4619
1005.18	1035.73	-15.3604
1423.92	343.207	-24.3894
785.769	1143.81	-18.3071
-1097.37	-1355.23	60.9317
298.523	-588.473	33.9866
1498.83	-19.5093	-25.886
1019.13	-1149.45	74.1189
993.037	1088.69	-14
-489.362	-995.136	20.7075
-512.285	1471.5	-17.2089
934.329	546.833	-17.983
-670.427	-490.238	4.39183
-440.722	25.4681	43.151
460.144	-350.326	-0.891844
851.91	282.395	-21.1825
1041.49	-814.481	41.4424
-880.166	412.653	-5.59011
-591.329	-1224.98	21.6596
386.86	-355.038	1.5301
1374.17	1160.72	-20.8303
1209.88	-1073.44	69.5969
-1091.61	598.591	7.26174
-1121.25	-1142.82	41.1322
-559.78	968.51	-16.9998
235.029	804.269	-15.9511
304.239	1367.56	-15.1534
922.133	-421.61	-10.9028
46.7378	-732.64	93.6051
69.2433	617.405	-13.4331
4.63478	195.107	-14.9442
-446.123	-1366.94	34.1266
48.9076	-336.071	52.8238
809.69	754.149	-18.4676
611.117	511.324	-18.4855
-1081.22	-554.529	4.73493
-997.657	-466.095	0.367788
-1389.36	932.926	29.9269
-227.545	-406.667	93.939
-1442.22	115.821	-4.05717
683.628	-1191.33	37.8501
754.582	55.4888	-17.7986
911.05	16.3788	-21.4746
-443.511	472.651	-12.3485
-234.928	-1229.27	63.8632
-671.727	806.657	-2.0511
607.896	308.642	-20.1099
-789.278	-526.177	-0.363178
255.108	-1323.37	35.1514
771.941	-1196.46	38.2495
-1308.33	883.856	29.6548
-292.539	-375.574	84.6451
361.14	-887.711	120.476
1241.37	306.389	-20.7015
860.044	1464.33	-26.0552
583.737	-914.86	102.191
1486.53	-407.943	-13.5881
-663.874	1340.66	-18.0395
-530.764	13.8156	39.8588
-1469.51	-332.526	0.259595
-249.221	568.097	-12.4079
-1391.55	-579.4	15.6624
1231.69	-277.172	-14.9763
-1217.64	1244.06	-11.6023
1346.67	696.937	-20.3909
805.548	162.618	-21.8005
-483.492	238.585	1.96309
-1014.62	489.047	5.84784
1117.33	186.962	-21.2498
1162.88	-1433.91	63.0338
1357.2	-933.459	9.80492
-1007.37	-100.086	-7.95307
691.365	-429.312	1.87264
-132.208	130.838	-6.2606
6.17423	-164.175	23.3386
-954.094	-424.922	-1.37489
-994.828	-1377.09	53.6043
1242.98	1014.21	-19.3232
-464.015	1254.96	-18.6589
-181.903	711.901	-11.412
539.228	-1434.55	24.7361
-229.299	-782.924	68.1639
1287.23	54.784	-20.8632
867.061	-39.4561	-19.3986
225.648	-1189.01	47.2383
903.393	1153.86	-11.158
1113.56	-487.952	-8.51798
1213.75	-615.581	-8.32255
-697.584	-948.19	11.2736
-52.6273	667.558	-13.4448
887.535	-1438.16	25.5955
-1316.1	-757.167	33.0001
-103.987	1467.19	-17.2912
-1010.38	1134.67	-14.0312
219.302	1147.43	-18.7641
1112.45	-602.345	-4.7571
871.102	-663.824	16.344
-803.521	-346.399	-1.98155
-460.341	-193.77	30.5561
1305.12	282.092	-22.1784
-1371.46	-935.971	40.6604
-1368.81	1478.37	-8.55363
-144.311	-121.069	30.0335
-571.998	-1032.48	14.9337
-678.23	477.712	-6.80311
1221.64	-586.022	-9.01711
890.779	0.489257	-20.6907
678.814	1297.27	-21.8559
748.261	-452.782	-2.18259
-798.402	1064.77	-16.8914
-1206.24	-143.708	-4.53309
1287.32	1134.24	-20.0964
1447.08	938.974	-21.4889
911.301	-932.948	79.393
-452.116	802.28	-12.6267
-493.973	-260.065	19.708
767.403	-197.896	-17.7051
538.298	706.067	-21.5339
-59.0088	733.327	-14.2547
1373.02	-347.933	-15.3974
152.736	-566.414	41.1935
898.972	-218.677	-17.8163
-799.413	448.214	-4.61614
-1087.06	-414.603	0.523461
-1210.51	-965.561	44.3742
-458.663	-694.949	24.1327
852.928	-170.781	-19.38
-475.008	-1312.02	27.2549
-877.506	-442.1	-2.21796
-1127.9	-923.024	37.4745
190.874	1337.03	-14.7966
-1302.26	-547.777	10.5072
942.431	-141.723	-19.5539
-404.264	-1247.36	30.4838
-134.22	542.935	-13.7547
-340.834	-60.1208	57.3417
867.278	-1428.57	25.2269
-760.097	125.119	3.89858
1316.18	644.155	-20.4645
408.575	-1473.6	24.8886
-336.044	-1479.41	52.9433
159.921	376.112	-14.4122
-185.701	942.856	-17.3129
-211.339	1028.32	-18.4211
-1224.56	1245.85	-11.4857
913.415	-281.979	-15.9928
-206.512	-1016.64	77.3135
656.818	-1038.08	72.7265
-1132.04	258.072	-8.05298
666.591	210.669	-21.0059
-1037.79	-740.331	16.0366
-406.152	473.559	-12.7066
686.372	-1088.93	57.2412
670.408	324.942	-20.5641
-1062.72	1329.55	-15.5999
-1449.12	-741.11	21.0585
-784.238	-906.378	11.2293
582.583	-378.058	2.05948
368.091	1456.49	-16.4748
743.89	351.669	-21.1334
-78.0637	1200.95	-18.4255
770.264	-47.321	-17.688
962.944	-1395.16	33.8458
198.055	-147.869	3.00085
-985.811	778.62	7.19893
-876.548	-1458.21	42.6565
505.178	880.17	-15.7694
-667.716	1326.59	-17.8839
-295.601	-216.691	63.755
775.107	-1284.12	29.7454
564.982	1456.08	-22.7956
-1015.21	1073.74	-12.561
-192.968	1043.09	-18.5664
630.026	-185.345	-9.8678
-543.753	-1448.25	44.8813
23.2599	-142.659	17.5398
-488.007	477.568	-11.9998
585.009	-444.347	10.6554
-341.769	323.861	-10.9122
-548.682	832.945	-12.6904
-995.218	-1366.25	53.2321
-1364.75	-534.169	9.61441
-277.195	806.507	-13.762
-562.803	-787.918	13.0228
264.271	986.092	-18.6281
1045.18	-89.7721	-19.5983
-697.15	-119.011	1.39865
860.763	-1496.83	20.4547
-970.674	-1338.68	47.6796
-499.541	-517.999	20.4314
-896.691	-1149.96	35.1832
-638.276	-1403.74	47.7714
64.3742	-827.52	104.218
-1411.54	204.014	-0.434391
506.429	-106.697	-8.8676
64.2676	-710.674	84.9065
-887.229	631.296	3.6446
424.886	-653.985	62.4314
1104.81	-667.028	-0.639913
1412.59	-480.869	-12.8869
-1338.9	-292.789	-3.35861
1010.05	367.691	-17.8894
588.301	-751.028	85.8367
-919.274	44.7254	-9.05978
330.296	-1043.09	77.3982
-22.7576	-859.689	106.428
1350.27	135.615	-23.9405
-1456.64	-1286.14	63.5909
370.168	-537.079	25.0513
-174.06	154.883	-6.54354
-1227	52.3362	-10.1878
-307.703	556.423	-11.8457
1046.7	1218.78	-17.6355
-796.548	1489.85	-15.7398
-1127.41	-229.259	-4.53417
-1340.28	313.326	11.613
559.551	1447.95	-22.3713
-214.748	1323.85	-17.4548
1196.79	-1471.59	58.5849
370.804	-1385.23	29.5049
115.745	1143.33	-18.7801
-544.217	1102.31	-17.9414
-1310.88	-1456.67	94.1432
428.248	-582.723	43.0966
-745.37	889.193	-6.91856
556.407	-650.959	64.4427
-1111.35	-1095.92	41.9536
-807.662	293.833	-8.2293
-146.288	-637.154	112.538
-908.087	-1271.35	38.0082
745.612	1278.08	-20.6142
10.2413	458.334	-13.2045
-594.232	-866.822	12.5038
-414.859	-806.554	28.4352
-172.058	-873.304	75.2974
1013.33	1317.22	-19.9843
-1171.24	238.123	-8.43689
510.769	-199.889	-6.38969
-936.327	737.481	4.45693
-603.17	346.14	-5.89817
23.1725	-353.612	63.9382
496.757	-406.773	4.53032
-222.027	-381.019	88.3483
-931.41	-593.735	5.79531
-286.777	-338.423	82.4345
165.205	-534.656	33.4818
-996.373	-6.64713	-8.68959
529.261	-899.8	108.646
242.638	-1464.22	31.6525
1136.51	-119.016	-17.2613
412.344	881.052	-15.8387
-1237.16	-1280.89	52.6906
308.802	335.138	-15.5824
9.01597	-1475.19	44.6457
-459.53	-641.97	24.8453
1082.37	853.575	-19.0101
-1094.67	851.269	15.7101
-134.837	499.864	-14.4623
-1185.99	-663.789	13.8883
741.676	-1142.67	44.3851
1420.44	937.591	-20.7884
-1027.17	-1032.76	42.2073
421.298	405.194	-17.1109
642.894	-1197.97	38.7617
-1440.92	919.359	24.7609
-661.826	1101.39	-17.7126
1044.24	-127.304	-18.3525
-408.723	977.194	-18.4091
1313.93	699.486	-20.1369
973.637	1036.41	-14.9435
-1382.71	-848.469	36.5873
-436.182	-823.356	25.0083
684.917	92.5445	-16.782
-489.388	-247.993	21.2659
366.475	-741.055	85.9676
-1127.01	-135.851	-5.42658
-583.484	-767.128	11.3144
-63.9766	996.836	-17.2449
-1452.74	-738.004	20.16
-635.217	1282.34	-17.1907
-876.468	263.296	-10.0671
-227.484	-561.717	112.682
199.754	1326.38	-15.0365
-854.293	-1210.43	33.2414
300.55	1497.28	-16.2385
-45.8235	1403.41	-17.4409
1141.32	-537.663	-8.0405
-535.749	112.385	28.9951
798.057	-884.231	86.5659
1033.66	-1369.85	49.3892
22.4787	-354.904	64.4072
-268.321	-912.15	52.87
1286.29	1147.71	-20.1002
-229.324	-985.147	68.2784
-210.971	73.1992	10.4864
-522.91	1192.34	-18.2302
869.924	-775.12	57.9852
813.768	757.753	-18.4805
693.202	37.1925	-15.5831
402.375	-87.2562	-8.60474
1430.49	-1026.51	24.1145
893.685	-797.76	64.2395
-1309.57	975.418	27.8976
77.6078	504.303	-12.9855
-1020.26	-1020.43	42.9322
-1472.84	157.753	-2.83206
55.773	-1439.51	41.8067
1087.24	784.259	-19.1017
631.305	-352.643	-3.28875
900.876	-390.346	-11.7201
1040.11	-1351.69	53.503
1071.94	-708.18	7.62881
-407.119	-1373.96	34.5507
-569.76	106.246	31.2168
-361.865	742.762	-9.14798
522.885	1018.53	-18.2838
-260.458	318.959	-12.2924
331.884	-759.959	90.2261
-1300.84	360.052	20.0681
322.581	710.37	-16.1681
-1463.95	198.616	-1.24152
819.293	-695.782	32.9201
766.206	-93.628	-19.9522
-298.807	897.855	-16.4693
1472.26	787.113	-20.2386
1035.94	-690.284	8.24746
627.978	1154.59	-21.7885
-767.023	595.605	0.393268
1195.58	-791.709	6.0148
137.876	-482.129	36.0438
607.629	-642.945	56.2731
1153.81	144.54	-21.1707
-565.99	-1068.68	16.1165
69.2901	-1102.41	81.4869
-850.596	971.672	-10.4149
158.02	-1090.49	63.0688
-868.145	51.5631	-7.50811
1019.03	-1206.89	68.6829
-1336.66	-30.3231	-8.34041
1224.4	1482.64	-26.7608
911.788	556.033	-17.6722
-1363.02	947.236	32.6168
1134.28	-184.009	-15.6078
-1241.37	-249.839	-3.46746
-525.386	-1366.54	33.4674
732.481	446.553	-19.5776
-419.004	122.468	19.7869
-729.094	-362.247	-0.123235
-1209.32	1328.06	-12.2018
-1460.15	-585.014	12.2454
-61.2118	118.034	-8.97834
-1421.44	-804.646	29.5766
809.714	-678.115	29.2756
1349.82	1110.92	-20.749
696.714	-1292.02	29.211
1380.42	234.144	-24.8853
176.91	227.618	-14.502
1145.73	1018.88	-17.9551
275.38	-236.939	0.300382
-1287.36	1208.9	-6.91091
-864.095	129.428	-6.43919
954.465	990.189	-15.6298
301.432	466.875	-16.6869
671.371	270.549	-21.7074
-1224.86	-628.293	15.0793
667.405	1381.88	-23.9167
-435.094	-556.317	33.1732
460.545	1447	-19.2457
416.463	155.214	-13.4561
1435.5	-699.302	-7.51561
1332.8	1019.12	-20.3697
14.0974	-50.4542	1.30822
-1438.85	-714.689	22.9174
1298.79	-242.334	-17.192
104.214	1321.5	-16.7138
-949.538	1177.99	-15.9881
108.111	558.095	-12.7548
-1228.5	375.379	12.1931
614.754	-1406.91	25.9032
1109.25	1371.1	-24.003
-284.639	739.271	-11.6375
-1045.21	-1454.35	65.9655
931.775	449.838	-18.8016
158.623	575.83	-14.1152
868.336	765.558	-18.6892
-720.484	-583.761	2.76662
-662.04	1471.08	-16.2758
636.718	-662.972	57.8714
814.86	-632.012	14.5374
1341.68	1492.43	-26.4766
331.46	-1257.62	37.7333
696.999	362.392	-20.2305
-571.177	-1350.31	34.6502
-35.4181	-118.134	18.9596
1137.86	409.321	-18.9799
790.92	-842.887	83.436
784.668	393.957	-20.5277
-922.908	1204.81	-16.6759
-1094.66	-521.638	3.97715
-1240.59	1351.6	-11.3709
475.587	-843.408	113.732
1279.17	128.928	-22.6198
-850.603	854.332	5.42215
-1283.67	1362.59	-10.3921
-1211.48	-31.0974	-7.2215
968.468	609.515	-17.0813
-1169.32	49.2845	-10.1728
-562.121	930.275	-16.5471
1149.18	110.716	-20.2907
975.819	946.261	-17.3896
-639.123	863.97	-9.96013
-396.039	-1402.66	38.0628
-429.575	-831.277	25.8577
934.979	738.864	-17.8336
1021.36	817.374	-19.1892
-989.019	-941.027	35.9012
1304.55	18.3613	-21.1777
-436.152	776.931	-10.9186
1242.24	765.04	-17.801
1254	606.457	-20.8881
785.195	-692.762	38.3533
1064.08	1415.59	-25.1485
1465.05	-1254.7	93.9706
-173.048	-360.409	89.1984
-182.125	-50.3203	26.0114
-230.6	682.203	-11.5157
-734.704	-1077.13	16.7553
-1016.62	-1036.99	42.0574
-556.25	-889.915	14.1804
-1492.81	558.048	37.1491
1234.63	-1019.39	58.2226
454.127	748.628	-19.2111
1099.02	-303.781	-12.4329
1310.91	304.705	-21.7472
-1248.35	-1429.9	86.7756
-1180.23	-143.927	-4.65622
-407.796	1002.89	-18.5361
718.623	754.006	-20.0064
767.821	1339.36	-22.2518
-1453.45	-839.286	25.1145
-501.784	-238.504	20.6016
764.714	-1233.59	34.1536
-1121.02	439.857	9.49698
-1255.76	-230.924	-4.20038
634.243	-1173.19	41.7315
523.725	1122.16	-21.6785
1332.83	1492.57	-26.4594
-989.588	-158.053	-7.03704
294.531	352.766	-15.761
1284.64	138.982	-22.786
-1292.47	1448.81	-9.79931
568.132	-167.188	-7.87629
151.795	-774.645	87.4426
579.449	-957.927	96.4711
1090.71	-1002.25	58.8854
59.7687	1352.85	-17.3899
-1080.23	1408.84	-14.1504
-338.496	-226.453	56.8757
-746.559	1206.78	-18.5011
-647.022	-478.283	5.35371
-316.049	453.334	-13.0595
-1055.37	708.195	5.98319
-1248.09	113.934	-10.5438
-750.024	1215.2	-18.5858
-1272.94	1398.88	-10.4184
276.121	813.793	-15.2992
-65.0043	811.99	-15.7379
-1289.08	-956.798	50.3416
-863.125	616.377	1.9753
1443.25	-587.532	-10.8618
-191.517	1113.09	-18.9345
971.343	839.687	-18.9014
-444.84	-1022.19	24.1741
-19.8691	1340.77	-18.2089
-1392.2	955.898	30.5636
-1343.34	-21.4764	-8.13462
-553.774	-361.379	9.32593
495.514	895.489	-15.5482
204.952	-946.467	96.3083
666.744	746.424	-20.4665
-1043.05	-729.243	15.4695
-590.49	426.542	-9.54525
84.3075	-1480.2	40.2294
392.357	-1204.19	40.5031
1301.1	879.656	-18.1232
-0.0196137	-1137.62	83.1005
-1479.56	-517.901	4.14394
-439.204	-1391.17	36.7227
902.941	133.266	-21.8401
999.92	-1417.55	34.4865
969.13	-1352.08	42.7506
-1449.39	-24.46	-3.43694
-55.2872	1122.84	-18.0048
-841.433	1115.53	-17.9438
221.725	-345.76	12.8206
1270.78	-329.63	-15.8214
-945.124	1340.66	-16.394
852.506	-739.654	46.1861
78.3094	1082.84	-17.0257
1162.28	-836.407	24.868
-990.108	-1181.54	40.1364
-339.033	203.053	-1.94617
287.411	-1398.14	31.5564
-748.623	-971.8	11.6618
328.13	-776.131	95.1083
-102.876	-970.245	96.7283
-1098.36	-832.021	23.1017
-528.771	665.258	-8.12035
1086.23	417.892	-18.1775
-9.88673	122.196	-12.0243
1346.45	-1047.52	52.2122
-378.545	95.2045	22.1255
-496.46	933.952	-17.6796
-1152.36	1241.69	-13.3223
-270.65	678.102	-11.7298
438.217	-577.579	41.7025
-1180.75	-1337.05	61.0524
-90.8088	34.3318	2.26793
162.832	-1019.39	77.6582
626.604	-929.855	97.6035
99.4222	330.567	-13.4109
189.584	-528.018	29.8281
185.625	1403.67	-14.63
1183.21	-38.9732	-18.2445
651.168	283.048	-21.0402
622.529	287.038	-20.6305
-618.431	-587.367	8.1841
1119.79	-764.321	10.2857
-7.74501	-1486.32	45.2443
1165.7	-1159.45	75.7374
-582.282	642.01	-9.19751
686.605	-17.1168	-14.3946
1093.66	257.54	-19.8862
1180.45	164.556	-22.3463
534.268	1265.09	-21.7141
-1120.4	-977.961	44.3617
466.24	-378.336	0.346819
543.996	502.712	-18.2468
387.735	29.5331	-11.0664
-178.526	-650.99	108.23
316.757	495.274	-16.5567
-969.789	1273.33	-16.8332
-1030.1	718.72	5.50778
-1209.16	1470.86	-12.0187
-234.478	-1053.41	68.9978
472.656	-1342.36	29.2936
1434.89	-1065.17	34.639
533.517	-972.863	98.8544
375.474	-542.606	27.245
-1013.16	740.943	5.59683
655.462	411.695	-18.7547
-1127.87	-1199.28	43.1383
1470.25	584.33	-21.9868
-322.422	1085.67	-19.8152
-29.2358	873.06	-16.5073
-1289.34	797.713	11.771
-1496.66	-427.188	2.08311
-1013.89	-1343.96	54.842
-1362.62	-84.3366	-7.10001
-1079.39	196.798	-10.344
-1353.99	1242.6	-6.99841
-281.542	-1183	53.9134
-561.979	710.528	-5.2768
-502.99	-637.56	17.0248
1282.1	241.637	-22.06
-681.6	-1076.47	15.1487
-323.52	19.1157	39.197
1148.2	1246.51	-18.5633
-952.251	548.793	4.32901
-1052.85	-276.26	-3.77659
980.014	664.255	-16.9241
1396.7	-1326.51	96.4104
754.303	-100.168	-19.8646
837.295	-953.485	80.8573
-386.187	218.595	-2.1546
-628.063	1051.63	-17.5804
-1347.67	-167.948	-6.26471
196.645	1103.37	-19.0434
-825.014	1211.88	-18.8439
-97.1063	1292.43	-17.9839
517.58	-139.431	-7.88947
869.713	-1297.71	35.509
-865.282	-77.4441	-8.57286
-1216.11	401.742	14.5948
-638.416	-46.9714	15.6102
-915.087	-266.444	-4.06445
1362.35	-1188.56	91.8596
708.524	666.345	-20.2741
-432.419	1204.79	-19.0992
1189.62	-202.297	-15.3763
1240.33	-665.077	-8.03793
-1226.39	-105.128	-5.77106
-1174.04	564.292	12.1481
975.997	-420.955	-10.3764
-31.1569	-474.733	82.5925
672.368	-985.967	87.2624
-902.601	-538.524	0.984176
1265.58	-93.9842	-19.231
-945.344	-138.361	-7.66955
-954.361	-1139.11	36.9782
810.229	374.603	-20.6041
394.001	1057.18	-18.5242
-1005.49	438.658	2.99315
-1034.03	703.261	5.21064
1113.29	443.735	-18.4252
-1463.44	-321.607	-0.193214
-951.244	1178.9	-15.9471
-797.524	413.418	-8.00035
468.903	-695.059	75.7697
-715.23	20.5633	5.48906
-244.925	-988.009	63.7738
1295.92	452.688	-20.8466
485.859	-845.883	113.189
-9.61125	-1053.07	104.034
587.789	-574.704	36.0542
236.991	-608.257	40.1868
-91.2413	837.467	-16.0947
750.726	-1026.5	73.4156
-37.3042	-120.829	19.6536
-1174.62	-1463	84.5236
-374.774	1128.85	-19.6948
397.197	1497.62	-17.2952
-875.874	1016.07	-14.2298
-177.177	1192.15	-18.4089
-585.852	-212.973	13.3517
-1391.69	-435.849	0.0520856
1278.48	840.087	-17.7596
185.152	319.565	-13.8393
939.756	-1130.57	68.1023
-84.6495	528.192	-12.6273
-460.765	861.116	-16.3327
-1266.61	961.418	25.2544
-1400.54	-2.61841	-5.89584
528.206	862.071	-16.1862
-988.899	422.403	0.266521
-262.953	-1192.39	58.5914
987.824	-1139.19	74.5642
284.267	-706.347	68.1035
122.98	1299.76	-16.6368
220.449	1273.05	-16.431
-1352.16	-1077.57	52.1172
73.8282	-1103.62	80.571
-1425.3	-209.291	-4.22615
742.995	-1228.89	33.7556
586.301	-1344.69	29.1681
-323.14	839.166	-15.3824
1294.3	153.732	-23.0137
-883.165	7.94265	-8.93175
-1456.26	-970.848	25.9924
427.241	-405.56	3.61993
-768.589	-930.212	12.0096
916.033	-878.243	83.2689
-666.191	1249.82	-17.1995
-1320.42	1034.6	16.4753
890.484	-200.695	-18.3848
252.681	1161.26	-18.8108
-1097.29	-921.238	38.3664
-1491.85	-1370.33	92.6341
-1251.17	-218.999	-4.39078
-783.97	-1404.41	46.3685
-705.339	-1375.04	46.4417
966.909	-1020.61	68.5158
-1118.35	-208.898	-4.89016
1065.3	147.147	-21.3792
360.283	-1127.81	56.5783
337.651	-835.54	113.378
-248.963	919.348	-16.4846
401.337	-18.4422	-10.7487
1442.83	-287.67	-19.4695
54.8135	113.918	-12.2678
-1281.49	-1068.6	55.4928
745.642	883.387	-17.8674
-24.1226	-1068.08	101.402
-271.768	1311.85	-17.7173
355.73	-850.841	118.646
-933.217	793.521	8.61317
1020.81	35.3535	-22.4567
-406.655	-683.977	33.2708
509.59	423.622	-18.2892
-741.873	-801.162	7.19205
-167.603	-695.717	102.935
-506.303	590.788	-11.9371
-1097.61	956.639	6.06018
237.647	1320.93	-15.1494
-737.323	-1449.23	53.3568
1033.13	-278.683	-15.0639
24.5215	1001.92	-16.4666
-361.964	-611.871	55.1695
105.892	-669.884	68.709
-164.462	634.726	-12.5776
343.486	360.074	-16.0644
-1249.45	297.942	4.14967
-200.537	-761.35	79.4127
-843.123	-1354.35	32.3199
-1064.53	-945.952	43.2376
1214.51	716.506	-18.1131
1049.62	-1237.61	69.6933
1411.29	1430.3	-25.9843
-725.33	-1352.72	42.5337
-287.878	-1227.59	52.4533
-455.754	1254.69	-18.7166
-1051.48	-73.4672	-6.67689
929.126	-860.791	80.0301
499.125	1118.81	-21.3707
655.385	-416.298	2.38587
-1106.95	1135.72	-10.2567
-1315.01	43.5054	-9.46494
1088.39	-510.782	-7.31539
-736.57	72.7416	5.15817
784.536	-737.298	50.889
-743.729	312.994	-6.56245
692.006	-466.949	6.47561
501.337	-371.903	1.81687
1454.67	-1021.48	16.6505
-245.961	1378.64	-17.2859
-1200.26	427.344	17.1578
-1346.91	-1232.02	51.3097
30.4443	-415.888	69.6758
-1185.85	336.052	2.70089
-349.249	1035.43	-18.8593
-545.19	-1429.69	42.3324
15.1226	401.559	-13.8264
967.946	-344.893	-13.5963
282.168	891.189	-17.8448
320.247	867.539	-16.6853
-1194.67	-1248.81	45.1675
-1271.27	784.313	10.9443
225.462	1243.38	-17.3035
767.777	-730.139	52.4764
415.936	-1425.09	26.3862
857.805	1043.08	-15.2787
174.294	1041.82	-19.2908
64.5852	-1324.82	42.3319
-112.554	115.124	-5.57772
501.31	-292.337	-2.83853
-321.296	723.562	-11.071
-563.742	1227.24	-17.1908
-860.732	761.223	7.22596
-42.8972	-654.564	99.6694
484.819	1472.41	-20.8008
529.646	-197.301	-6.59475
-1424.63	1255.47	-5.26945
678.522	189.76	-20.4818
-1443.68	-1366.56	83.5819
710.983	1029.42	-19.0698
1439.43	-24.0654	-26.8973
640.15	-1307.61	31.2013
-32.7623	55.6127	-3.72575
-884.079	-491.034	-1.65158
-127.27	536.445	-13.7884
-1451.79	-636.717	15.3164
445.385	-1216.6	37.597
-1169.72	-291.624	-2.67604
1122.05	-1471.76	47.1505
-950.573	106.185	-9.51306
-1051.67	1002.75	-4.32669
-785.049	752.609	4.7328
1270.89	934.702	-18.7084
312.561	-71.8021	-8.16452
1073.67	-1196.74	74.4865
721.986	920.075	-16.5133
-67.113	476.557	-12.8803
-511.782	-1029.41	18.7021
-1453.16	-1101.43	35.0556
377.423	1152.85	-21.1666
-838.371	53.2541	-5.517
-1344.05	1356.69	-8.99878
24.8757	-1054.58	98.3766
846.096	-49.8594	-19.0233
-1115.14	-1099.18	41.9113
-1106.58	1282.99	-15.4805
-275.698	-46.494	45.7721
1022.4	794.588	-19.23
-1392.75	-1443.01	100.496
-1033.06	183.826	-11.0518
-308.019	1423.65	-17.3519
1100.03	869.509	-18.8103
291.754	1402.76	-14.7829
-620.391	210.569	7.06277
-908.418	102.281	-8.95706
-412.048	1458.05	-16.4167
-1140.72	-1041.28	45.2612
-1161.93	-1394.18	72.1727
1174.14	691.171	-17.2951
-1007.06	777.447	7.19979
-133.185	-1334.03	66.8398
1424.9	-1466.98	81.7934
-396.799	-1301.42	33.964
285.244	1251.45	-17.9846
1117.81	-1146.93	71.1108
1354.57	1485.4	-26.851
326.07	904.631	-16.9272
-58.0709	1132.66	-18.0407
344.626	-148.624	-6.04926
583.576	195.337	-18.806
298.93	32.5769	-8.04195
-1222.37	122.496	-10.5924
-1429.28	508.556	46.7284
-762.428	-962.95	12.2013
-1252.83	628.739	10.494
551.633	932.358	-16.3655
247.78	-361.277	8.86302
-744.34	-907.53	10.6463
-567.942	518.236	-11.6577
-528.656	-1106.08	18.0127
598.55	1028.55	-18.5154
-1364.62	-788.264	35.7587
905.692	62.5082	-21.8668
-1007.83	-207.929	-5.76599
-94.7989	989.045	-17.5942
1199.94	-233.356	-14.9451
-310.004	1407.39	-17.4197
507.679	-548.243	33.9515
626.51	-401.655	2.28304
663.21	391.43	-19.2402
1405.39	-848.786	-0.947172
-1421.92	-833.943	31.9701
-421.505	1478.91	-16.1031
1327.11	-1139.9	83.0391
-600.566	-824.689	10.8006
-1416.73	609.717	16.8195
-722.15	613.611	-3.05632
1247.82	510.544	-20.0394
-465.447	1268.56	-18.5365
378.561	-479.353	13.3074
1493.16	-1143.03	48.3426
-539.912	69.6462	36.3963
640.364	183.701	-19.5213
-970.433	-203.029	-5.99822
787.526	426.547	-20.51
-299.951	819.607	-14.4457
167.462	-614.734	46.8645
-1381.38	757.856	7.443
378.239	193.113	-13.8538
-427.126	-1106.34	26.7047
-715.489	-511.171	2.45059
293.995	682.8	-15.7776
-1247.44	-924.593	42.092
-1432.59	-1293.32	62.4403
378.946	-1490.49	25.3371
15.1178	-211.904	32.2698
-956.104	-791.127	18.0644
1165.81	-50.4463	-18.5835
920.939	1352.27	-20.9706
-1156.46	-1487.03	85.4701
-597.788	-789.41	10.3927
-243.768	-280.373	66.9849
118.437	-287.485	26.6798
991.187	-162.651	-18.4938
264.533	-192.419	-1.74667
530.566	1142.48	-21.951
-1314.12	-737.993	31.1572
539.361	604.288	-19.8628
-769.836	-575.581	1.05064
-512.815	550.373	-13.2696
7.01052	1162.13	-18.2306
781.802	-1229.72	35.3639
-742.061	886.472	-6.56328
-1095.47	-947.329	42.3892
-1237.13	-860.05	35.1378
393.741	-449.293	9.83511
-225.055	-954.73	67.1153
1106.07	-1359.87	63.7144
-1305.14	-472.649	4.78503
1052.87	213.403	-20.4856
1407.98	-240.16	-20.0026
-1195.24	70.2293	-10.3975
-770.267	1330.01	-18.608
-49.0367	984.038	-17.0198
-162.531	448.764	-14.8594
-997.621	704.759	4.15879
753.495	334.345	-21.425
-1191.94	367.401	7.41679
264.65	962.482	-18.7611
-1482.03	216.928	0.0429965
-1390.98	-1023.62	43.4327
-3.8702	20.4258	-1.89671
-140.834	827.282	-15.1617
-153.052	-922.779	83.3886
1180.01	-478.27	-10.6448
194.245	984.533	-20.1843
-967.222	-231.5	-5.22331
-1036.1	552.663	6.32672
388.816	-746.691	89.568
-683.715	1016.45	-16.197
-484.844	643.432	-8.86256
-602.869	-678.229	9.27293
-570.368	-1043.24	15.3109
-417.639	1328.1	-18.0591
1149.87	-187.192	-15.5439
-591.107	-518.588	9.27253
605.909	-527.181	25.0097
461.827	1101.55	-20.6193
-1023.63	-370.851	-2.39573
12.8686	-859.489	110.826
-1112.32	-477.777	3.06556
1354.22	1015.01	-20.759
-1345.05	1382.45	-8.9737
321.157	-301.123	1.96416
-1273.96	1016.75	14.7604
301.121	-388.743	8.70286
989.345	-187.143	-17.9829
-1192.37	1303.42	-12.7171
-881.161	-316.255	-2.51413
401.812	1374.04	-18.152
48.5471	-260.599	36.4271
-1499.27	-1348.55	86.8006
331.473	-1156.9	51.5812
-470.761	-1152.5	23.0415
769.662	934.12	-17.2593
754.952	1031.47	-19.1664
846.989	1278.34	-16.3945
-609.173	637.744	-8.55695
-684.643	-1231.81	23.86
1261.22	1480.46	-27.0134
-19.5895	38.1893	-2.74671
-252.305	756.741	-12.327
-1327.51	-1160.24	50.0325
1445.22	317.3	-25.5347
1322.07	915.39	-18.8475
-944.459	-1430.21	46.8357
508.613	-526.506	28.5984
-909.882	1048.53	-14.8418
1065.27	-1187.6	74.0319
1248.09	-463.464	-13.0789
360.81	-881.657	120.758
525.208	784.251	-18.9758
809.712	256.201	-21.6003
1230.3	-99.4602	-17.8898
276.619	790.171	-15.273
-1463	1198.37	0.105546
566.475	945.646	-16.5422
493.193	812.998	-17.5623
-716.402	1484.34	-15.9034
-952.898	1303.64	-16.8413
1049.71	1375.01	-23.3386
-851.756	1190.64	-18.092
684.436	889.87	-16.2066
-1301.73	800.715	12.1866
-1052.57	879.878	12.4014
1146.85	324.1	-19.7097
276.786	-686.913	60.549
574.248	-221.671	-6.85142
-132.913	-573.611	116.693
1212.59	923.389	-18.34
-1089.92	-1351.06	60.0507
826.262	1234.61	-16.7208
-1356.81	1044.83	16.3725
-1006.63	-48.6415	-8.09706
-872.511	-137.653	-7.98376
-9.82387	-1491.02	45.1586
127.57	-980.544	91.177
-931.77	-127.286	-8.00147
-544.051	-875.873	15.0501
670.411	555.125	-18.4342
-1486.14	1204.13	1.18299
56.6021	-559.866	65.4624
561.608	-68.7061	-10.1253
395.815	594.751	-17.2213
-305.151	1290.39	-17.9628
323.001	-1389.19	30.7725
408.121	362.046	-16.9509
803.24	-356.143	-11.9558
-777.345	1114.98	-18.2103
1107.39	-1470.77	45.2536
1221.9	-1231.21	84.1987
1360.91	-1297.52	98.1774
615.268	-245.884	-8.4372
250.185	-258.097	2.88696
775.985	-1164.08	42.3402
-1464.57	694.014	8.54041
251.95	-815.181	100.453
-1108.62	-21.0537	-5.9395
-1217.05	-813.133	26.1879
115.092	-474.388	42.9857
-1069.28	-722.184	14.7306
776.074	-1341.63	26.8353
769.268	1490.17	-25.4054
-1347.36	-97.4107	-7.57258
866.046	-1274.89	36.269
631.108	-960.125	93.6211
-656.018	-721.819	6.10011
-20.6685	1210.31	-18.7691
471.01	-886.263	116.907
-728.974	-598.495	2.65818
-1161.22	-270.29	-3.45684
-1133.24	-1379.32	66.8651
52.8324	-538.032	64.9405
-928.294	1474.99	-15.7308
-186.105	-1450.23	58.168
955.743	-883.584	78.0038
-762.021	-997.801	13.413
-942.649	-136.032	-7.7388
1473.09	-1073.64	27.0411
-840.756	-577.041	0.926667
1423.17	1404.04	-27.1578
-1412.98	647.559	10.893
-1353.26	-552.325	11.7498
933.448	752.027	-18.1687
-511.348	376.139	-9.06859
981.066	-30.0003	-22.1871
1263.56	1474.03	-27.1756
-1388.27	-52.571	-5.8165
296.358	-1431.73	30.2568
-1389.11	-1354.5	74.1777
-1369.29	778.351	8.95233
211.804	263.607	-14.6193
-1094.99	-1367.5	62.812
147.95	-1445.21	36.5939
761.767	241.86	-21.7487
107.666	-1410.34	38.4971
178.556	-903.961	100.843
-864.966	987.964	-12.5104
957.177	-1109.54	71.4056
158.119	146.959	-14.4585
-1027.57	-1.34022	-7.74783
1141.17	644.588	-17.4159
-535.639	-1231.64	22.8321
603.604	-560.216	30.2252
-1376.73	-424.574	-0.99728
-48.9011	-772.584	101.685
498.347	-245.321	-4.80642
356.598	-610.45	42.3261
859.72	-101.715	-20.1834
-389.369	504.516	-12.7701
697.8	-1095.49	55.0162
1218.51	1328.19	-22.811
-1008.41	1275.28	-16.7467
-253.982	826.033	-14.3307
-407.097	86.4687	25.6828
-1277.54	-160.518	-5.67715
1201.11	-870.221	22.6279
-105.577	814.756	-15.3067
-1380.8	-215.712	-5.13969
-195.842	791.933	-13.6653
800.219	362.793	-20.7967
-1270.85	812.357	14.501
284.022	-1012.61	87.2893
-1446.05	-107.056	-3.26516
499.568	-1129.12	50.8512
473.733	-56.2047	-10.1937
-1051.8	-593.93	7.36086
-418.686	-1268.25	29.8559
-1339.11	-1125.6	50.92
-1052.49	244.206	-9.88509
-1289.81	-161.003	-6.00733
1047.19	943.369	-17.8675
873.85	-740.183	43.7004
1193.7	341.099	-20.066
211.124	-1014.42	81.4012
-1345.04	1397.75	-8.8887
187.521	-489.223	26.5417
1447.82	-599.891	-10.4616
1293.88	904.575	-18.3827
-65.6219	-170.921	32.8599
1126.96	-221.239	-14.8346
841.073	297.066	-21.1533
1262.14	-1075.36	69.1194
-1059.3	-394.348	-0.748075
506.594	-653.561	67.0212
189.834	1262.73	-16.7746
-1071.21	953.633	4.15309
1116.7	-1260.01	74.4312
-451.617	1395.05	-17.6399
1447.25	1111.82	-21.583
-748.828	-1168.63	21.7816
-1481.44	613.27	16.4468
-1330.88	-258.912	-4.21726
1135.4	-1342	69.7486
1287.54	291.615	-21.4401
-1011.86	1055.26	-12.2039
1490.79	1004.35	-23.1984
151.508	1305.36	-15.8267
439.831	91.8366	-12.8737
614.987	946.488	-16.2395
907.03	785.513	-19.0064
-606.519	245.636	2.30257
-212.084	-17.7123	26.6163
-388.842	-14.0862	50.5738
-1359.5	1324.77	-8.06298
1170.58	364.255	-19.7147
1281.95	-302.164	-16.2409
-1243.91	294.081	2.85187
1371.22	-662.99	-7.24835
-930.444	-647.689	8.83825
709.754	-578.523	17.3368
421.713	-602.719	49.2213
-655.984	673.807	-4.62111
506.953	-145.584	-7.68738
621.291	-1138.24	47.4568
-606.866	-1063.84	13.5091
272.353	606.624	-15.9068
401.534	-889.5	119.995
1460.25	-164.318	-22.3117
-458.001	1434.4	-17.2337
-80.9299	397.15	-13.3028
607.782	-1227.87	36.5557
524.195	-1203.73	38.037
-918.438	686.718	4.17305
1465	-461.078	-12.9397
-933.858	574.584	4.54919
-390.368	165.578	8.91259
470.983	1303.06	-20.2494
-1189.63	-485.26	5.9999
-773.254	-1276.93	31.8288
-799.672	519.772	2.3148
1093.79	-321.119	-11.8133
-33.9506	-1114.33	91.5522
797.773	476.871	-20.0643
-538.191	-150.884	24.7415
737.736	-254.116	-14.5592
-757.824	-952.913	11.9185
-971.854	373.455	-4.16997
-256.062	396.282	-13.8109
1150.19	781.078	-18.4353
1102.02	-491.042	-8.22152
1378.99	-788.352	-4.43346
160.131	509.45	-13.7465
1439.93	23.241	-24.7352
-345.956	-1196.19	40.3673
-871.773	-925.028	19.1105
-763.172	471.09	-2.80524
1176.35	-46.1076	-18.3451
-1062.72	-665.764	12.239
-1180.16	811.051	14.1735
676.924	1032.21	-18.9875
-598.036	-1428.44	45.4527
-703.005	-1392.48	48.1721
-160.033	-289.298	70.8968
1071.95	1110.64	-16.0252
-1183.63	387.489	10.0221
488.643	1171.61	-22.1151
-1345.6	987.268	29.195
-1097.69	369.103	2.11936
-264.965	-167.366	57.734
-1187.83	354.711	5.27371
-1215.96	-601.364	12.2001
-21.3944	-88.5531	12.0218
-1369.72	-792.597	36.4196
1133.08	1221.35	-18.3714
-108.016	-956.687	95.5805
1006.44	-1044.65	65.3227
-1285.07	1069.35	5.1956
782.424	-783.406	67.5687
608.457	1138.75	-21.5324
562.626	222.045	-19.3525
-92.3936	-1482.81	51.1056
311.701	-1404.4	30.5717
544.263	642.878	-20.9312
-1411.19	-586.342	15.9473
998.579	531.162	-18.4613
-50.1576	287.013	-13.6645
1441.14	1434.87	-25.8612
1291.44	825.82	-17.7633
1416.03	1099.92	-21.4549
-1214.68	-686.404	17.9041
-109.845	1349.52	-17.9777
-1094.62	565.109	7.9253
-241.908	-694.033	84.3881
4.21797	620.084	-13.0507
-560.667	323.015	-5.58486
713.184	-1049.59	67.9951
1214.29	1379.29	-26.046
1096.12	-292.255	-12.8042
-1172.33	911.09	13.8229
-1031.67	617.421	6.06628
1275.16	-468.117	-13.4763
-680.47	220.377	5.39191
1361.38	-971.832	19.4041
-138.305	124.605	-5.1202
-133.425	-1421.98	60.0646
593.661	-1283.34	32.8019
-1162.18	345.992	2.44104
453.923	-428.964	6.41603
190.857	-1198.1	47.5198
681.748	-15.7664	-14.2408
1061	998.012	-17.0889
93.0003	-445.683	48.8632
1335.82	70.6844	-22.6171
-411.284	-1439.47	44.8001
170.676	494.973	-14.3972
1461.86	741.487	-20.261
654.472	-904.726	94.4199
-172.992	-349.598	86.9352
-273.945	822.833	-14.3677
342.653	-121.897	-7.00517
-587.184	447.35	-9.79633
-1134.87	410.766	9.19744
1380.76	881.813	-19.21
821.669	-1385.02	25.0101
227.232	1109.67	-18.9692
655.987	855.364	-16.7825
-1173.6	239.536	-8.27437
-286.461	-581.264	90.789
319.629	1146.8	-20.2388
-412.367	-1145.36	29.5583
-420.254	717.432	-7.03538
1473.19	1122.05	-21.6023
231.079	-239.364	4.19977
937.339	18.5456	-21.9476
779.036	1052.54	-18.4908
1127.9	117.741	-20.7527
89.0413	1255.37	-18.4056
1138.31	853.848	-18.5019
-187.017	-627.986	109.282
-344.996	-568.737	66.1967
1106	-601.086	-4.55366
-1014.64	771.655	7.07367
-996.427	1265.89	-16.62
-1363.75	653.82	11.0305
9.73778	-1038.48	102.674
-1410.1	-649.648	23.4156
364.027	-704.104	72.2917
-965.888	963.4	-6.1277
1038.54	268.739	-19.3624
1098.01	-539.714	-6.52576
786.552	-1144.98	45.6895
899.942	-931.946	79.9415
1261.59	647.359	-20.8836
-388.283	-935.684	31.23
1332.35	165.986	-23.6956
-1165.14	1125.12	-5.61466
573.779	506.184	-18.1443
-404.315	705.64	-7.27036
919.875	-758.712	44.3273
457.171	1128.76	-21.0122
584.912	918.289	-15.8529
593.166	845.831	-16.4994
-1334.88	-917.903	44.2943
-1414.32	1015.55	26.8028
464.812	-342.114	-1.16319
1213.79	1255.68	-19.299
518.675	314.615	-18.9758
-741.992	451.488	-5.25917
791.929	-1054.02	66.0382
-525.553	761.63	-8.81104
1217.19	-596.07	-8.78004
-1377.85	-1111.53	47.3005
-1269.31	499.845	29.6459
1214.4	694.199	-18.3522
-191.025	856.562	-14.978
1193.31	878.692	-17.9802
750.265	297.535	-21.8329
-575.013	870.82	-13.5897
-1140.57	-687.567	10.1712
1019.34	-683.064	8.52251
1448.08	1153.21	-21.1279
162.4	1335.49	-15.2722
-1322.47	38.7151	-9.16986
1009.43	-799.75	42.3214
202.269	-924.408	98.796
-20.1975	325.462	-13.3713
781.129	-309.19	-13.5124
125.999	-479.397	40.0128
-800.248	-856.661	10.0107
-568.414	-1109.79	15.2381
32.906	1436.86	-15.9909
-776.765	1487.2	-15.7761
428.081	-26.3195	-10.7264
1073.78	-981.928	60.5257
-161.437	378.489	-14.674
162.74	-478.752	28.0399
-339.325	1161.03	-19.9629
-47.1014	-606.776	99.3425
1399	-910.299	2.89741
732.982	797.356	-19.2756
-507.57	-1311.36	26.0689
984.762	-527.19	-5.85646
560.801	-1228.5	36.3407
88.0522	221.802	-14.801
-1101.59	1030.15	-4.96376
-1187.29	-827.923	25.761
651.582	-1427.75	24.7338
1097.26	-697.94	4.32241
146.132	-51.3635	-0.587795
-436.395	1144.95	-19.5725
537.445	-1490.43	22.7398
-1095.36	764.16	8.75807
-912.485	-122.196	-8.19925
-652.473	597.785	-9.30962
-926.099	-1256.38	40.3886
-52.4684	-82.9802	13.6713
20.4622	1436.54	-16.0774
-1388.92	-1384.4	82.0543
-1107.4	96.3534	-10.6092
730.259	1056.2	-20.0378
-809.021	182.545	-0.787585
437.451	886.613	-15.7299
1212.67	-36.1139	-18.2661
856.392	1028.17	-15.3696
-520.725	1133.33	-18.6384
-425.738	943.877	-18.2941
-1318.16	1421.55	-9.32869
713.59	1299.29	-21.2127
171.144	-167.437	7.06719
85.7075	1375.27	-16.3474
-700.309	-746.476	5.21422
1362.06	1205.67	-21.2123
-1466.46	787.481	8.46186
1215.3	-1296.44	85.7107
-1343.91	545.355	35.0569
-866.483	741.783	5.81966
1005.75	-1440.21	31.8088
-1214.28	970.856	17.3719
-368.037	620.572	-10.9058
-648.55	-1491.77	54.6578
-1225.51	-166.165	-4.3658
-962.844	156.717	-9.68622
418.868	759.214	-17.9197
1347.25	364.544	-21.9498
-821.445	259.665	-7.2505
402.558	1021.6	-17.5307
-1174.12	-1399.1	74.4319
-671.007	441.26	-7.62183
-1395.69	-81.2951	-5.50771
766.324	-1417.53	23.0464
458.061	866.859	-16.1164
281.629	228.774	-14.7518
-879.898	-1151.21	34.0282
-329.586	651.81	-10.6733
-1323.72	634.714	11.948
918.907	517.713	-18.4063
-1115.11	0.00601192	-6.40443
-1418.43	1039.66	20.9878
-628.359	858.368	-10.099
926.69	536.62	-18.137
1318.65	-1299.45	95.9738
987.212	528.605	-18.4692
-234.133	-1221.31	64.9098
-455.708	-971.218	23.9245
-156.133	327.339	-13.7194
1181.98	-593.731	-7.51678
1232.3	-1137.22	81.8742
1328.76	-698.786	-7.02513
-777.682	-1254.8	29.1161
-1293.31	-1421.04	86.9363
-234.675	-391.438	89.2812
-911.43	-565.089	3.14206
-1394.92	-753.074	32.0979
1052.93	-88.4363	-19.4266
1119.55	1128.77	-17.5234
-150.477	1197.02	-18.5897
249.026	675.705	-15.9462
929.803	1123.18	-11.8326
-1085.95	-887.905	32.6102
556.571	-999.518	86.7738
-1327	697.325	8.41951
4.19203	-303.256	58.7583
-560.184	-705.607	12.3506
1422.11	907.671	-20.2813
419.889	1219.92	-21.6748
329.915	772.706	-15.0494
951.209	-873.904	78.8678
701.148	466.678	-19.1732
791.526	-1464.93	21.7212
1261.75	-1231.09	89.342
-647.064	-893.59	11.5293
-126.173	-1279.68	68.4794
1280.91	839.542	-17.7539
-1258.86	1302.24	-11.1797
-881.409	-1198.4	35.5318
-354.179	465.398	-13.047
692.623	596.673	-18.8401
-590.264	-192.091	13.5346
-1097.84	1261.67	-15.3844
357.437	-1104	62.052
-149.622	1487.76	-17.3989
765.715	-1234.77	34.0826
1213.97	-115.352	-17.5171
-1327.72	708.146	7.78931
-535.28	-298.846	10.7624
1066.91	-426.36	-9.16166
845.875	-674.577	22.3298
-717.573	-201.468	-2.18651
-26.1189	1101.97	-17.4387
496.082	10.5852	-12.2329
-1271.71	753.592	8.25049
409.279	1073.65	-19.2949
-1363.43	705.423	9.31482
-1111.02	-1101.55	41.4638
-111.864	-982.907	95.5541
339.818	316.946	-15.635
458.777	425.279	-17.6394
-411.225	280.151	-8.0596
-801.356	220.213	-2.84353
-729.125	-1138.02	18.8164
-1167.3	-818.267	23.3696
-144.005	759.804	-13.1327
45.2742	779.837	-16.4773
-217.869	0.316347	24.7684
-1122.17	-1445.84	76.1828
-1427.91	-1056.46	36.1139
1014.35	-1233.92	65.9256
884.923	962.447	-16.7304
-57.0072	-623.494	102.359
663.566	-1122.01	48.4756
373.67	446.626	-17.2067
-354.194	-838.467	36.6378
-1332.46	-118.198	-7.3782
1147.16	-186.617	-15.5474
195.889	1393.73	-14.4472
612.774	-130.909	-9.87303
-747.966	-249.82	-3.02472
-293.648	1382.34	-17.4512
-367.659	-1247.15	37.4118
603.374	540.353	-18.317
112.064	-218.173	21.4037
1280.83	541.553	-20.3778
671.183	409.773	-18.9712
-727.887	-612.823	2.85495
1415.4	-1199.9	87.3883
-1489.18	-336.811	1.41196
-1035.15	223.893	-10.3885
325.144	-1490.15	26.8043
25.755	873.996	-16.7098
1433.98	899.54	-20.4058
-1049.5	862.492	10.7137
1375.47	716.069	-20.1333
-529.533	81.2661	34.7327
-1099.43	1266.13	-15.425
880.253	1349.37	-20.9905
-1217.37	1332.24	-11.9946
-370.895	1100.84	-19.6144
-1150.03	-202.418	-4.80469
54.7393	-1196.68	61.1877
-1174.79	-735.55	16.6824
-577.843	-1015.6	14.1488
-156.89	-805.347	84.2627
362.838	-74.644	-8.58605
-613.768	1058.26	-17.8354
1417.67	-1221.17	96.1594
970.976	-181.431	-18.3818
-50.55	-475.489	87.1135
1278.52	168.841	-22.6609
86.9226	820.972	-17.2531
282.718	-1010.22	87.993
-1445.77	-199.84	-3.40963
308.779	1305.73	-16.8717
1345.99	-501.514	-12.375
-521.162	-1242.22	23.8264
-496.338	-500.535	21.1695
687.285	-422.03	1.35392
422.097	869.917	-15.9547
-261.95	1156.21	-19.584
-512.826	76.5177	35.1209
1183.65	-144.555	-16.4946
1325.98	116.032	-23.3137
-1404.9	976.953	31.0998
237.095	1201.28	-17.9715
-792.27	-461.691	-1.35257
-969.055	491.693	2.71257
1192.2	144.868	-22.1751
314.573	-1483.88	27.3271
1042	-822.161	44.3814
751.005	690.126	-19.3326
-1138.28	-1247.98	44.2605
-1085.75	-1142.8	38.055
184.337	-768.982	83.3478
142.162	-1106.12	64.3651
168.58	510.484	-13.8793
314.638	-894.015	116.794
-598.688	790.051	-7.16346
1298.04	-185.049	-18.1978
-8.61141	-1216.39	64.0137
-1402.31	-953.254	37.2137
-588.297	710.364	-4.76983
1315.78	387.596	-21.2439
-504.7	-634.586	16.927
1000.36	1406.87	-24.5787
986.686	-697.244	13.0169
598.897	1338.03	-21.9566
1456.48	-739.312	-7.3108
-145.208	1143.17	-18.6295
896.903	801.208	-19.2712
-411.649	-91.9616	56.5414
1377.43	417.074	-23.2051
532.006	-867.394	110.408
439.86	602.194	-18.0443
568.209	-27.9178	-11.3148
240.852	-912.85	105.848
537.906	-458.018	14.1585
549.818	-1345.47	28.9811
222.897	665.344	-16.0443
-363.396	-217.413	49.6022
-467.24	-605.291	23.9342
146.199	-452.462	31.3301
-1163.84	955.718	12.9881
311.13	781.061	-14.8386
1132.52	-229.938	-14.6845
-362.671	-696.4	44.314
616.455	1048.95	-19.1358
-387.616	597.389	-11.2351
-85.5667	-786.188	100.93
-43.7014	1136.88	-17.978
1294.76	-220.269	-17.4354
-314.34	903.277	-16.6754
-1120.18	376.76	4.45181
-801.042	-1257.57	29.1035
144.126	597.188	-14.295
-818.05	798.521	9.19981
1032.45	-111.921	-19.1787
1344.25	868.766	-18.5815
-977.259	-456.533	-0.179737
79.8297	761.512	-16.5185
1459.17	-245.059	-20.1317
635.107	927.998	-15.7206
-1298.45	305.687	10.3366
-434.356	1341.95	-18.0417
-350.345	-593.88	62.19
384.901	-1378.61	29.3276
-342.556	1461.07	-16.7132
-382.366	141.081	12.8215
1245.26	1061.33	-19.432
-1087.72	97.9079	-10.6228
-920.954	-693.394	11.1801
-753.286	-415.998	0.0785306
-62.5997	1260.84	-18.7187
296.308	-1070.64	69.3552
800.485	691.096	-18.087
-748.027	380.655	-8.52687
-1295.38	174.924	-7.04848
-190.766	452.674	-15.5818
-68.1929	-1023.26	105.652
-1283.6	785.785	10.8287
1439.98	1146.87	-21.1152
-1418.5	719.198	8.46914
-1352.59	-155.007	-6.44123
662.68	164.93	-19.2344
454.74	48.8229	-12.8986
-572.618	376.228	-7.53798
-34.7054	1363.28	-17.9335
1443.22	-1245.66	96.4783
233.912	1280.49	-16.2938
-303.197	-179.391	61.9649
748.09	-1328.57	27.0387
-561.609	-657.861	12.3636
1149.85	-753.396	4.77652
1415.95	706.531	-20.797
-846.079	-606.627	2.17758
709.832	474.57	-19.3347
320.802	305.727	-15.3888
-875.609	1496.4	-15.7086
378.669	1045.72	-17.7897
-976.228	1482.2	-15.2184
1411.55	-165.091	-21.7083
867.629	-527.788	-6.18263
79.7742	1026.43	-17.5176
-1237.17	1349.8	-11.4538
121.961	-1053.03	76.5993
356.858	-1481.96	26.084
89.0809	-1318.6	40.451
1023.17	-674.209	7.02378
1132.93	1010.2	-17.8269
980.532	-307.224	-15.0014
893.065	-918.077	81.249
-326.608	501.804	-12.0112
-365.667	-687.086	44.3977
171.659	1408.65	-14.8688
-824.681	1020.54	-15.0983
457.755	-223.855	-5.38351
-582.311	-42.4464	27.1968
-171.73	-677.528	105.122
-1104.75	-683.263	11.1734
1363.29	-884.423	2.95711
908.726	-796.432	61.1862
-476.38	-88.7965	45.8129
-1325.53	44.082	-9.08135
-1246.52	1335.75	-11.3328
1267.3	22.0305	-20.0204
-840.874	633.54	1.63495
-115.537	-1302.22	66.4013
-439.566	971.912	-18.5509
1368.91	953.436	-19.809
746.498	-1057.85	65.7086
-802.093	-163.584	-5.55087
-743.946	334.098	-7.89542
1396.46	-605.817	-9.82605
-1393.74	-1037.19	43.3097
673.903	901.848	-15.7895
723.494	-376.683	-6.08341
-803.716	1175.06	-18.7681
-233.997	534.462	-12.8454
426.875	21.1459	-12.222
-155.759	-582.582	119.188
939.262	881.478	-18.4834
1028.21	783.401	-18.9723
1358.22	-877.425	2.58784
1237.15	39.9246	-19.3176
-849.622	-495.159	-1.42802
830.156	-633.374	12.552
-1060.12	428.943	5.34141
1109.05	1357.98	-23.3335
-25.9167	-596.196	92.5768
1005.89	-904.127	70.1228
1411.25	915.774	-20.1837
647.643	-1034.36	74.0643
-1397.8	1176.3	-2.186
-437.909	1418.03	-17.1078
443.989	965.848	-16.4604
-1248.13	-51.9543	-7.4342
-1323.39	339.225	17.8227
554.03	-474.294	17.0991
-599.355	-550.294	9.27552
-232.16	-738.579	76.2162
141.358	-906.264	98.9427
-1347.69	384.705	30.3547
1237.06	973.602	-19.0432
604.761	933.156	-16.0291
-926.53	-1264.12	40.3331
-794.181	-738.045	5.10196
-1422.79	-631.594	20.0651
-444.987	-1180.38	25.7903
1383.63	1012.13	-21.2989
-393.668	391.169	-11.6875
192.14	590.597	-14.9071
85.3921	1357.87	-16.4765
1138.41	783.265	-18.5601
-1045.61	-1428.3	64.1274
-334.633	903.276	-16.7756
1483.63	-1383.07	87.359
-737.494	404.636	-8.14839
354.92	758.143	-16.1796
-1111.63	-747.336	13.9812
-1443.32	897.62	22.6772
-520.058	-92.2469	36.4228
-1302.62	-810.912	39.4729
-124.411	578.153	-13.0937
-1113.54	682.36	6.10075
-110.667	-254.576	59.1887
-166.385	-389.437	93.9896
-723.355	-476.203	1.7207
1065.98	1434.3	-25.8203
1475.37	886.094	-21.202
-913.449	-565.035	3.23742
-778.923	989.802	-13.7158
826.608	1041.61	-16.6534
972.955	-713.89	19.1887
1033.21	709.719	-17.7585
-266.542	1060.59	-19.3123
759.524	-720.032	51.3659
1498.17	-302.335	-19.04
820.329	342.307	-20.998
-448.821	-891.21	23.978
547.453	226.427	-19.1848
556.071	403.768	-18.6751
-590.028	-1080.78	14.7891
657.393	-925.454	95.5171
-302.911	830.35	-14.884
287.576	-511.939	21.6111
314.309	-1093.03	63.5247
1487.51	672.476	-21.3877
-544.952	215.033	5.74704
-563.305	-403.644	9.36375
-146.146	-217.813	53.8892
-405.882	-578.874	40.164
-694.437	808.009	-0.17296
827.158	19.5716	-19.2317
1475.79	-1314.13	95.1645
248.349	1107.42	-18.8454
86.0456	230.492	-14.4932
1283.97	-380.115	-15.2312
602.285	1331.29	-22.1109
-757.691	1153.61	-18.2743
-645.729	1397.28	-17.6486
-501.67	-411.026	20.6715
1488.96	-606.162	-10.8055
1093.59	1344.29	-22.3944
-1037.4	-1351.05	57.8419
-713.556	291.885	-3.59854
-1096.7	-128.707	-6.00315
1057.92	-1341.93	57.8317
860.81	1063.03	-15.1081
1228.68	-272.174	-14.9585
-358.334	-1359.97	41.0048
-603.697	-225.25	9.73909
1442.55	-6.5342	-26.1359
506.247	-138.771	-7.86016
1258.01	-1082.99	70.9583
-666.009	-420.193	3.1212
632.838	-813.004	88.21
489.212	377.606	-18.1802
518.356	-1431.24	24.8968
-58.111	-628.815	102.793
-27.5011	-1109.44	92.3886
-618.986	1154.28	-17.2408
1260.09	771.811	-17.785
-975.043	-6.33557	-9.59923
-461.357	1412.22	-17.5802
-772.908	1028.55	-15.7389
1123.87	221.347	-20.9329
1245.36	823.155	-17.8338
908.783	-123.391	-19.9996
131.547	1473.03	-15.8371
-908.478	-588.441	4.36657
1451.69	1264.01	-23.9451
1382.56	-900.603	3.25725
-567.35	-520.986	11.423
-147.478	89.5361	-0.266498
428.773	460.016	-17.5887
805.585	141.55	-21.3665
574.784	-304.514	-3.4545
583.016	1377.45	-21.8465
10.6266	-811.631	105.48
-236.304	951.508	-17.3087
-1101.78	-906.779	35.499
778.995	728.868	-18.7895
870.747	-1272.03	36.9755
-1249.13	-1491.82	98.2986
-979.042	520.199	4.28333
359.539	-440.868	10.6917
26.3637	1053.24	-16.3699
-964.165	1466.34	-15.4093
154.386	-592.912	45.74
1274.7	-1381.01	91.5728
-347.57	1236.4	-19.2472
-821.469	374.941	-9.04608
465.799	-982.012	98.1978
1302.96	1055.96	-20.1844
214.489	286.712	-14.471
-810.811	-1328.51	33.1571
1168.08	432.173	-19.2294
-278.304	-535.25	94.0399
-843.548	76.3109	-4.94376
1130.13	877.48	-18.4241
414.108	574.77	-17.6394
232.156	-307.543	9.52727
436.994	-658.625	64.874
1277.51	-351.973	-15.4176
-529.566	-616.884	15.1173
351.428	-743.891	85.9786
-1242.35	820.471	17.196
878.018	1018.87	-15.0137
779.22	335.656	-21.3782
1223.12	-1007.73	55.635
-528.498	152.638	20.4369
31.2237	913.994	-16.8039
-1396.29	767.35	7.83541
-1409.4	-900.102	35.8965
1352.3	1415.35	-27.2913
968.92	60.0572	-22.3006
-139.081	485.37	-14.6972
872.31	444.882	-19.1788
-957.953	1206.86	-15.9162
-562.977	1229.21	-17.1919
-1150.22	855.516	17.5028
-1033.16	1121.1	-13.3022
845.737	403.993	-20.4582
-955.859	-777.498	17.126
-1218.18	35.5082	-9.90054
1347.33	-965.264	19.9991
1014.7	1092.5	-14.354
277.579	-296.875	3.18329
1133.54	835.304	-18.5912
-797.179	-628.34	1.95192
1003.58	1398.8	-24.0878
-215.573	-1049.77	74.7606
1350.72	624.828	-20.2533
-423.769	1010.91	-18.6648
1456.34	918.635	-21.3747
-1085.69	1062.11	-9.64111
151.433	1178.39	-18.5399
-41.2266	1420.47	-17.0588
41.2531	915.267	-16.9737
-1420.33	-594.146	16.6205
351.253	-263.92	-0.799124
938.03	1261.99	-14.7243
-1083.43	206.539	-10.1331
-505.231	1144.95	-18.9702
777.823	-146.175	-20.3188
710.165	-1296.21	28.4286
-1111.64	352.709	0.663016
-833.407	-1385.13	36.5449
-436.429	-583.769	31.9377
-736.101	-544.61	1.78127
-1348.77	158.019	-5.8109
-884.714	1497.52	-15.7576
741.696	-185.908	-17.6941
618.766	-338.173	-3.55918
-1066.25	-127.98	-6.71441
-1158.31	-1369.88	66.3995
1461.1	-387.838	-14.2533
439.284	1303.61	-19.9915
-303.124	-1313.46	50.174
-482.833	1087.22	-19.0508
-172.445	-1111.08	83.5085
1102.59	-812.181	29.2649
-1087.84	1003.62	-1.80143
-539.773	-32.0363	36.9048
-467.644	-855.9	22.0918
-133.235	133.449	-6.51283
-518.963	355.287	-8.27044
812.146	952.175	-17.3887
1349.36	1293.47	-23.5227
1089.58	-556.478	-5.60408
-258.605	-59.8782	44.5987
-104.043	-445.565	91.158
1412.36	1465.64	-25.5208
266.678	265.313	-14.9777
1378.38	-123.696	-22.3056
-660.881	124.87	18.9017
48.9789	-53.9678	0.00393054
1015.62	1396.56	-24.0534
311.474	-552.734	25.1545
-1219.81	1234.22	-10.9062
-1276.36	-217	-4.94565
1108.36	-674.15	0.0741754
-700.43	789.058	1.32791
98.9704	-4.80103	-2.7325
-775.716	1348.98	-18.7925
-1455.61	-763.986	20.1661
1418.19	-849.596	-1.60457
498.261	1310.64	-20.4438
-1167.02	-985.807	43.848
642.113	-560.987	27.2764
631.046	52.9182	-14.4559
669.618	1479.93	-26.0017
-1163.69	29.9852	-8.97619
-699.473	-1496.95	58.6135
504.249	1307.64	-20.5722
633.647	-143.985	-10.8198
1030.19	128.167	-21.6806
-657.997	-676.524	5.12343
817.747	80.0935	-20.0018
-1185.14	-1217.48	44.4604
-670.316	982.716	-15.4271
4.53346	1276.59	-18.8491
729.355	692.794	-19.8963
-1274.87	685.337	6.6975
-493.466	792.671	-11.5013
-103.575	209.669	-12.8239
-1263.09	-440.796	3.84427
437.335	566.38	-18.0989
778.099	-871.442	86.4067
751.909	-349.939	-10.082
1290.78	139.234	-22.8944
-685.369	1184.07	-17.415
815.601	-1350.78	26.8584
-762.623	-445.972	-0.340938
-1274.74	-1367.8	73.1516
843.715	-626.437	9.13095
-27.7609	-529.391	86.5991
-699.234	-934.819	11.0845
-1365.45	-1187.23	49.0624
-764.343	-207.911	-4.11892
-922.409	-996.739	30.6109
1106.75	-197.291	-15.3639
-807.689	-752.262	6.09749
1011.94	1386.68	-23.3832
505.203	1269.37	-21.2946
328.154	1165.85	-20.3675
805.979	-709.893	39.3151
-776.302	1343.66	-18.7574
-655.631	930.745	-13.9287
613.675	381.279	-18.8756
217.264	1490.44	-16.1211
-1112.26	-237.233	-4.585
-580.4	-250.609	9.60564
823.486	-869.541	86.9427
-757.678	-92.2308	-3.71309
-279.92	1470.11	-17.0336
-61.9818	881.42	-16.9603
1134.9	-717.226	3.36867
-5.2164	-1079.36	96.1331
85.9016	-3.83647	-2.56196
-196.973	-1407.29	61.6664
-654.145	1235.31	-16.9995
738.906	550.398	-18.9996
-137.453	-987.039	91.7656
-506.671	695.609	-6.43526
347.34	-1082.44	66.7582
-846.358	988.029	-12.8615
333.256	1234.01	-19.98
1116.75	-720.735	5.29883
764.776	846.84	-18.5248
1481.3	-328.433	-17.4483
-32.0608	1137.27	-17.9204
887.518	424.206	-18.9028
497.384	-1356.82	28.4461
-58.1824	-278.512	61.4913
1142.11	633.343	-17.6133
1098.9	680.703	-17.2001
982.4	498.344	-18.9775
1456.47	-721.867	-7.67973
-467.473	904.122	-17.5368
-783.431	-128.829	-4.79714
-1499.28	-299.109	1.67951
1345.34	469.876	-20.9984
719.455	760.057	-19.9987
-88.936	-495.461	96.8769
-423.911	-884.768	26.274
-1452.1	70.1121	-4.52784
1369.71	-1379.37	96.4236
312.576	-449.538	13.7194
-408.363	-219.451	40.4019
-408.45	-959.396	28.2694
981.713	-1047.94	66.806
975.968	-1018.32	68.1295
199.131	-257.41	10.3679
1073.38	-1152.16	70.9158
-804.079	-67.1424	-5.5018
610.687	650.634	-21.8534
209.354	-778.246	87.3838
-1339.08	-989.665	50.5667
397.795	-1038.48	77.8862
-893.827	-1273.97	36.0238
-1204.6	789.718	12.0999
985.977	-669.39	8.68276
-103.191	1054.83	-18.1572
1270.63	-1456.13	76.0267
-1015.28	131.654	-10.3942
450.35	413.973	-17.4891
782.673	721.762	-18.6851
1341.27	272.188	-23.5347
987.09	-1151.1	72.2417
1414.11	950.252	-20.7724
-808.111	-114.489	-5.93226
-1389.34	576.426	26.7814
-357.57	992.422	-18.2072
-1380.74	1003.54	27.8602
-253.561	1368.82	-17.3508
394.437	-820.4	112.248
984.148	-1089.78	70.0404
-1317.23	-621.511	19.4647
81.0299	-632.664	68.9003
1016.09	1496.01	-25.9391
278.002	570.076	-15.9263
-889.854	555.021	3.93937
135.468	-1475.18	37.2306
282.497	-276	2.01179
546.326	606.38	-20.0937
884.99	813.73	-19.4839
-1265.23	335.814	11.5369
-996.512	333.8	-6.90126
-82.1167	-248.883	55.2811
33.3769	1192.34	-18.3558
634.432	-1436.07	24.9636
-259.148	-981.543	58.9332
598.953	-1336.31	29.7077
-1224.35	719.964	7.17205
665.031	1132.17	-21.6071
221.102	1090.27	-18.9635
-899.211	55.5218	-8.91097
-252.519	917.209	-16.4243
-377.319	-338.559	56.446
1220.34	-1479.68	60.4584
198.969	-1059.96	67.5188
1246.82	502.618	-20.0511
1430.82	-1271.24	99.8159
-1033.02	-657.648	12.4611
1201.39	732.266	-17.8919
-99.8744	-358.802	84.2386
589.318	1425.24	-22.7198
726.318	-1222.4	34.2533
-881.035	-87.9842	-8.86006
1259.59	1335.93	-24.5151
342.994	1240.36	-20.1928
1335.43	869.681	-18.4784
261.221	-1251.91	40.0595
608.977	-98.2179	-10.7431
-1073.34	-668.216	12.1177
1138.97	-715.576	2.83668
204.23	-826.484	98.5818
-403.377	828.591	-15.0582
-1228.47	583.732	13.9836
1288.4	-297.101	-16.4648
103.997	889.909	-18.2336
999.05	496.833	-19.0569
-1123.73	-239.183	-4.43223
-163.989	-1025.5	88.8862
49.7058	-227.371	31.8965
859.338	1291.94	-17.2474
429.294	-1056.18	69.1226
-257.938	-1305.22	58.9637
1276.92	-383.936	-15.2682
-590.086	-279.586	6.84206
-1330.88	-1061.05	55.5807
750.057	476.826	-19.7986
1330.89	-1390.39	94.8239
1464.1	-822.169	-5.35362
389.286	1308.42	-18.7003
161.626	415.916	-14.7289
-671.065	-1359.03	43.8123
1412.86	-1047.68	34.7326
-18.8683	-635.088	92.2971
-494.219	696.155	-6.32018
-1331.71	-1377.52	77.89
-188.464	-1410.6	62.2077
-163.392	-588.368	119.546
1413.54	232.514	-26.0524
-30.6549	-850.032	105.226
-640.15	767.056	-2.58093
669.505	-417.304	1.7129
491.691	-596.982	49.4424
1076.07	69.1153	-22.0701
560.347	-229.76	-6.24804
1080.01	-140.374	-17.0014
-1215.97	-1174.77	45.3013
1123.98	-1485.23	45.0808
-734.895	-712.18	4.26691
282.904	1146.66	-19.573
760.117	-1018.78	74.825
1058.27	689.094	-17.421
-1034.73	818.857	8.67858
-531.191	171.692	16.1111
1374.5	-1380.13	96.2369
1478.23	496.308	-25.9236
1033.06	-1006.65	63.7128
392.978	-1088.86	62.7781
-658.105	-605.25	5.92834
122.375	-944.825	95.2089
395.151	1348.81	-18.2502
804.248	622.01	-17.822
-481.164	-1188.54	22.7117
232.348	521.374	-15.2355
-389.564	-999.152	30.7597
262.229	1372.19	-14.1788
16.4604	281.173	-13.8255
410.49	374.723	-16.9474
639.445	205.904	-20.3806
-73.6284	1220.11	-18.7675
-513.006	71.6021	36.0631
388.986	-381.301	3.17146
-1112.8	813.988	12.7986
-505.641	923.547	-17.4273
1360.74	1388.38	-26.7362
297.68	176.985	-12.9704
1405.06	-803.404	-4.10831
552.68	-1157.2	44.6226
1373.78	803.594	-18.5388
-695.25	432.142	-7.79229
-778.812	569.693	1.87522
-358.221	861.399	-16.6724
1034.01	-904.448	64.8512
1444.19	975.097	-21.9885
-173.688	914.611	-16.8516
1297.25	-1133.28	83.1709
-13.7749	1225.27	-18.9665
-707.77	541.354	-2.99208
-1476.29	1157.77	6.12436
1352.47	-302.09	-18.1808
-1123.85	-1425.71	74.2428
1302.83	897.278	-18.3478
-658.904	-1051.38	13.6288
-968.677	1363.4	-15.8382
-112.654	1245.38	-18.258
259.805	640.794	-15.8938
270.947	397.231	-16.2688
-166.389	360.62	-14.3654
-1090.27	-1297.18	52.8752
-1439.51	-23.5779	-3.88995
160.013	1344.46	-15.2508
733.443	-249.184	-14.6826
-651.115	500.243	-8.02594
575.339	1296.1	-21.9344
-459.7	-607.675	25.2929
-1491.32	-810.556	13.8796
-178.748	-498.921	112.754
-713.86	976.438	-14.0961
-957.569	71.8132	-9.24331
779.456	921.885	-17.7694
920.994	151.033	-21.6982
-176.784	-1353.03	65.9801
-938.213	494.737	1.8029
288.796	707.273	-15.8654
-1339.06	-447.318	0.818241
-997.995	286.278	-8.63297
-1448.38	338.197	22.5264
1190.48	152.859	-22.3237
358.519	286.511	-15.7894
-50.8021	-342.353	77.3112
-1023.58	-1311.25	51.4071
-547.74	885.088	-15.6571
1329.71	1459.15	-27.3636
1059.18	1463.32	-26.3805
-1236.15	1405.64	-11.1939
-380.912	778.324	-11.5782
-1395.49	-1457.24	105.333
-193.773	-634.12	107.484
1445.98	982.162	-22.1518
332.303	1366.17	-16.3078
688.787	-263.598	-11.8581
241.802	-621.797	43.2984
-402.195	936.976	-18.1032
825.296	-1182.89	42.6418
-1049.85	1161.85	-13.3425
-539.653	87.1082	33.9325
240.216	199.746	-14.3917
-355.491	-952.954	36.2945
-1149.66	851.693	17.8071
922.545	-818.351	67.4452
-1437.64	1280.63	-5.83294
-26.5128	1323.81	-18.3241
1103.14	-790.504	21.9661
-110.971	-805.034	94.9891
377.768	1432.98	-16.8685
43.6497	865.982	-17.0123
-1450.45	-1294.75	65.5342
1496.66	1026.5	-23.1025
-1499.11	-221.836	-0.556639
756.133	1474.94	-26.0417
-530.547	-132.707	28.6814
718.677	1175.27	-21.9902
725.68	55.5082	-16.9286
735.526	109.129	-18.6374
1363.21	956.759	-19.7779
-907.051	-995.79	28.2065
571.72	-781.809	92.908
-987.175	48.7504	-9.10975
-908.591	168.802	-8.97458
1401.6	668.978	-20.6884
189.433	-882.531	104.853
-1423.63	141.322	-3.88115
-674.04	1140.77	-17.3494
863.138	-1048.59	69.4036
-71.0905	184.134	-13.3869
-475.68	-779.655	20.253
-331.429	-1323.2	44.6749
1387.55	-297.204	-19.1581
-1290.73	87.373	-10.2721
-19.5512	-752.955	99.9783
-230.356	-1164.16	68.8181
-924.781	-526.966	1.09696
-446.494	597.012	-11.2452
658.681	-1377.9	26.7154
-1154.5	1210.74	-12.0201
1324.09	518.881	-20.6935
1392.77	433.108	-23.285
789.981	-912.836	85.8044
801.542	388.418	-20.4951
-685.18	1209.48	-17.5398
-241.626	-401.265	90.8014
1152.88	-448.558	-10.4444
602.035	-304.314	-4.81614
643.01	-170.153	-11.3697
14.5528	-1196.74	65.3673
1147.19	53.8147	-20.4348
-349.359	-488.865	67.4459
-803.663	-1421.57	44.7796
-1069.79	-582.058	6.37022
-370.006	-489.994	57.0916
625.473	-1252.29	34.528
-434.624	-1204.47	26.9668
1451.76	1450.16	-25.2227
-1179.57	-1034.5	47.7702
-1474.8	-312.239	0.35267
-749.571	-219.002	-3.61138
-884.656	229.248	-9.24865
31.7086	170.293	-15.0401
687.483	-1068.19	63.175
-101.932	-1265.74	70.1294
-1235.03	-1140.41	47.7419
-160.52	191.847	-10.7984
222.656	60.0405	-10.1488
1068.79	-1027.83	59.9243
-420.889	1331.17	-18.0041
-868.151	441.704	-4.31196
126.572	-667.766	64.1303
460.632	-1136.1	50.5437
-904.933	1383.59	-16.3698
-357.606	-667.031	49.8968
-700.706	600.764	-5.08469
790.179	-716.939	44.3716
-605.787	1172.34	-17.0679
497.059	1134.35	-21.6025
-1132.54	243.015	-8.53072
-356.28	58.4137	30.6123
979.403	-819.383	56.5231
1040.99	-1221.38	69.6095
-580.638	613.068	-11.0355
1098.02	139.658	-21.3473
312.222	1489.55	-16.0449
-1177.42	-666.393	13.0616
-843.839	-1198.92	31.9601
-1338.78	642.401	11.5862
58.8632	-118.059	9.32796
-1045.89	-1263.75	49.8363
666.28	-124.896	-13.8229
-39.2233	-836.207	104.776
57.0035	212.379	-15.0375
-938.67	544.189	4.23091
-128.078	199.025	-11.9059
741.912	-572.257	10.8116
-70.9976	289.1	-13.6126
-1409.58	-1247.07	51.3597
637.073	1098.62	-20.6024
513.857	1368.11	-19.7719
1428.95	705.458	-20.9542
1397.14	-962.658	11.1418
-251.206	1261.54	-17.9702
574.844	-300.68	-3.69357
-1003.93	-1078.29	39.485
-878.135	-457.437	-2.12781
8.47651	-273.786	50.0955
1453.41	-638.47	-9.12053
919.136	-770.895	49.2683
1083.21	453.362	-18.6462
1429.46	737.519	-20.0564
-1448.73	810.797	10.6438
-1274.22	-505.611	8.35827
-1288.07	752.86	8.17724
1112.63	-1478.04	44.9286
212.766	-1075.82	65.2896
-401.76	-394.809	47.5678
-405.548	-925.039	28.5515
1259.51	-716.974	-6.825
-230.624	1365.79	-17.2759
-435.667	815.217	-13.7465
1443.51	613.381	-20.7719
1100.11	957.322	-17.8781
-1419.72	-592.23	16.3674
-111.288	1386.53	-17.8807
189.61	1068.34	-19.2624
-1265.41	-1096.89	52.3222
1078.95	409.782	-18.0995
-317.17	-661.647	65.4007
584.243	1218.09	-22.2969
83.462	60.5705	-6.67455
-94.3121	-1355.79	61.813
-974.814	382.883	-3.47515
1233.2	535.936	-20.1889
-28.3961	-1353.04	51.7912
-1066.42	-184.979	-5.94056
308.121	-1254.02	38.5944
-1079.58	-1479.5	73.6618
-583.557	-408.749	8.04766
1492	882.22	-21.5568
-274.654	-803.603	54.2118
-902.436	459.58	-1.89642
-393.751	-1275.42	33.2674
232.945	-1451.63	32.3977
-1488.75	574.08	31.181
1030.97	430.891	-18.5475
1136.76	84.1986	-20.6953
-529.08	-86.4473	35.8738
-13.4894	1083.07	-16.6205
-9.32381	1169.38	-18.2952
-804.891	1313.46	-18.6311
1440.41	746.983	-19.8968
-731.878	866.666	-3.76803
-967.498	-547.745	3.83888
1141.45	997.812	-18.0111
-219.784	323.358	-13.1093
910.228	-65.2023	-20.3333
-737.939	-1016.95	13.623
-1155.81	-611.52	8.71745
518.355	-244.302	-4.86316
1473.52	1208.69	-21.6713
1137.91	156.732	-21.0529
530.315	-193.024	-6.76169
-1141.1	-720.676	12.0068
168.202	-640.477	51.1299
-391.697	169.853	8.22399
413.222	1403.65	-18.1046
-290.004	1345.28	-17.5749
1251.19	411.953	-20.0887
307.167	256.017	-14.9124
-1486.08	1348.37	-6.11697
1114.71	986.916	-17.8251
602.479	348.988	-19.2374
-1348.33	-695.881	27.021
820.681	-356.919	-12.0852
-843.491	-1113.64	28.8547
233.631	-1307.24	36.1058
-1480.15	-384.353	1.01557
462.76	-1219.53	36.9607
720.065	1007.73	-18.429
215.111	45.1952	-8.94127
-1089.56	1053.98	-9.21075
-652.955	-394.792	3.4013
-628.317	1332.77	-17.7617
-1177.2	-158.818	-4.83658
-401.618	963.492	-18.2959
920.957	813.792	-19.0956
925.689	-130.975	-19.8062
1371.54	-156.937	-20.993
314.203	292.825	-15.3025
1322.34	-1425.78	89.1197
1062.46	1074.38	-16.2478
71.8632	1043.81	-16.9366
-481.842	-182.318	28.8912
-776.915	-822.043	7.98757
45.2895	-20.0479	-1.98262
-1152.2	451.78	13.5342
611.373	1144.71	-21.6091
-690.702	-1150.53	16.5968
326.219	-1490.2	26.7739
-618.626	-854.976	11.207
670.705	-1271.71	31.7263
-1369.3	643.94	11.3205
1181.13	1277.37	-19.4917
-1400.88	-503.891	5.15336
710.354	909.302	-16.5185
1146.92	304.292	-20.0013
-1432.19	449.997	48.8026
-1367.43	1043.47	17.2847
-873.642	-1453.5	42.1359
-1269.99	1433.9	-10.2862
376.14	1439.6	-16.8593
213.256	-1035.1	75.3174
-1002.31	1068.85	-12.6886
1102.35	833.26	-18.8793
1245.92	183.222	-22.2864
-1130.4	1152.82	-8.92196
-615.475	-1104.57	13.4325
153.932	-216.268	14.5253
-1188.65	519.846	16.4041
-943.211	580.448	4.61296
-1099.16	-1259.21	46.7748
1173.26	1083.9	-18.229
636.211	732.739	-21.0567
692.72	456.077	-18.992
-805.341	676.625	1.69985
1307.02	-537.366	-11.2081
-23.5203	-892.846	106.519
113.537	959.945	-18.7218
-537.88	-57.5952	35.703
-1361.7	-1134.76	49.5316
1109.96	-590.721	-4.96785
-1215.52	905.248	18.3856
-897.963	338.854	-9.82076
564.864	377.58	-18.8477
1411.57	-736.301	-6.56745
899.426	-398.265	-11.5255
454.46	-199.154	-6.26345
-9.55058	1346.84	-18.157
-703.652	-1462.19	55.6164
846.809	-233.035	-17.4588
745.248	-1010.53	77.4643
-565.792	120.286	28.4187
-650.085	-163.129	6.01222
-523.263	636.73	-9.80688
1479.43	1081.78	-22.2692
-1220.88	183.443	-9.15621
1260.63	-536.345	-10.8409
795.837	-1114.82	51.735
-511.359	1297	-18.231
541.769	788.796	-18.876
-1229.22	-1462.82	92.0455
1245.71	1029.27	-19.4345
-904.571	841.208	6.9805
-804.632	916.918	-5.859
1109.5	1160.45	-17.6038
823.039	376.696	-20.5071
537.344	365.315	-18.9168
114.909	963.081	-18.7644
-1076.15	641.394	6.44149
1276.27	-522.532	-11.4485
-1027.75	663.075	5.37193
1189.4	219.524	-22.0033
-1001.09	-758.1	17.6612
648.294	-1482.38	22.952
-184.496	-2.46297	18.4775
-1494.55	-1496.04	128.745
453.571	-716.727	82.546
414.681	-454.898	9.65175
1021.15	-1442.35	34.0529
1025.05	-1499.3	28.4148
-897.131	-147.955	-7.59004
457.422	-1301.69	31.4336
-353.374	-385.964	66.4468
46.2254	-909.393	104.872
807.578	1264.05	-17.9735
1476.4	821.159	-20.6783
-500.412	-1028.08	19.3945
-932.3	1362.63	-16.1787
357.147	1193.66	-21.0065
322.038	-1230.79	40.4645
-1024.77	-614.248	9.26055
677.911	1049.74	-19.5581
-183.47	1198.04	-18.2487
-1226.56	862.103	20.973
308.534	-17.5	-8.46407
-1360.66	397.554	34.4888
-686.629	1044.37	-16.8606
-976.424	2.13539	-9.56187
-1486.81	1139.03	10.8725
-1107.77	-141.34	-5.7753
1107.55	-618.713	-4.28188
-1412.31	1361.04	-7.48095
-1477.31	736.8	6.48756
-1142.76	114.756	-10.5413
-200.083	1486.93	-17.4634
1160.04	-610.208	-6.39694
-770.109	-1030.9	15.7559
-1206.68	-680.997	16.834
185.845	989.516	-20.1775
-179.102	-1100.37	82.8657
344.314	418.832	-16.7598
319.211	-1372.66	31.4916
552.147	-769.492	91.6939
-874.808	-387.69	-2.1295
1006.51	640.867	-17.0519
-620.118	699.325	-4.24435
557.859	-1124.43	50.2259
914.168	-1148.61	62.5481
-115.425	-1458.16	54.5404
-946.669	-1452.34	47.8214
372.608	-759.507	93.1311
-1318.72	-252.833	-4.47448
-991.999	-1453.34	55.9124
370.22	159.154	-12.2694
-960.639	828.899	6.99845
-4.5003	1059.06	-16.3256
971.013	838.959	-18.9037
799.039	-138.453	-20.5168
-345.193	-773.242	39.9194
-526.387	-604.676	15.3194
534.063	73.8495	-13.4266
-465.41	534.042	-13.7512
-980.761	659.329	4.65707
-204.783	538.825	-13.3757
-744.28	-1264.56	29.7092
-925.969	142.533	-9.19739
426.13	1119	-20.4632
56.7636	-416.033	61.6302
519.271	1428.97	-20.6795
989.099	-154.465	-18.7638
507.412	-882.893	113.283
374.309	-512.433	19.3749
-1240.22	559.451	19.2406
616.674	-8.0904	-12.6516
-1234.21	17.3304	-9.7693
-90.264	-103.727	20.5921
730.329	-745.481	64.0227
40.9824	1481.95	-16.0636
-1337.54	-307.763	-3.43948
972.087	-479.898	-8.20424
378.224	-370.448	2.55898
-1495.43	-768.818	11.0747
929.762	870.767	-18.5708
1052.34	274.328	-19.2944
-1322.13	-1497.83	102.944
-525.37	687.034	-6.68078
-890.91	-546.088	0.993214
-1035.19	-314.212	-2.93286
510.386	397.567	-18.4431
-1428.16	582.191	25.4455
-501.149	-969.505	20.0029
911.305	1148.52	-10.8704
-898.976	1052.63	-15.2963
-1056.02	-933.459	41.8586
383.601	-901.154	118.012
576.263	-362.7	0.65305
465.758	-1132.65	50.9492
-1255.96	-403.626	1.5735
208.706	1165.13	-18.6112
-978.773	-1451.22	53.3473
567.097	-603.376	48.3828
1485.65	-144.47	-22.4748
-1038.24	1393.07	-14.8209
-1275.8	-305.948	-2.82553
179.773	-1379	35.756
652.823	485.433	-18.7939
1315.81	1288.25	-22.7273
-53.1572	1204.6	-18.6255
-578.538	281.256	-1.48091
464.557	1010.53	-17.8951
-567.107	171.687	16.5798
104.264	286.112	-13.7277
-1265.14	-477.453	6.72175
-762.242	138.66	3.51373
149.231	697.374	-16.4824
-1147.65	-472.67	4.10141
-1020.93	-496.824	1.79258
50.6483	-1394.44	42.8196
-764.928	-1065.72	17.356
-672.855	211.761	6.98098
1475.67	988.09	-23.0875
-726.179	-1316.31	36.5697
-767.766	211.415	0.681702
-128.415	-171.829	40.3562
-321.23	1103.57	-19.8624
283.688	1385.96	-14.5285
1471.91	-652.284	-8.95218
1384.5	-1454.8	85.513
-131.887	-877.552	84.9251
922.288	-163.165	-19.1919
807.527	1437.14	-27.3472
-500.046	609.334	-10.8632
816.183	930.368	-17.7805
-121.498	-1062.6	100.478
351.509	-1462.53	26.6848
-843.129	-1387.59	35.6974
795.548	-629.036	17.1892
515.816	1122.25	-21.6359
71.1264	-977.055	95.7073
30.8713	-692.231	87.484
814.447	-411.989	-9.21943
585.708	801.978	-18.3579
-1190.2	-384.402	2.10131
478.933	855.899	-16.3896
-1003.04	-783.612	19.1266
138.698	-556.449	42.5542
594.943	-548.431	29.231
521.31	-380.816	2.74056
1321.22	403.852	-21.4791
-1244	492.541	24.885
1284.56	540.172	-20.4066
-371.086	1385.77	-17.5429
-1134.09	497.669	12.3362
-1137.73	-820.05	22.2688
1066.7	-1439.71	41.9842
-111.32	171.794	-11.9947
-883.949	912.136	-1.02711
-535.259	-737.775	14.559
-672.947	-295.393	1.46802
733.362	-1139.26	44.6431
239.848	-894.26	108.105
1366.25	-599.753	-9.96025
942.602	-610.39	1.53748
-1064.08	-108.306	-6.61162
1245.64	-1411.41	84.1731
1298.93	-720.294	-6.01136
-1203.26	-659.071	15.2394
393.351	-498.574	18.0393
-601.948	-1367.71	39.5256
732.053	16.1143	-16.3297
516.674	-1284.76	32.0996
1002.6	-954.793	70.2174
-42.3809	1069.8	-16.9325
-1166.3	449.511	15.2698
997.254	721.307	-17.3377
-64.6784	544.896	-12.1606
-1014.54	-41.7706	-7.79439
-126.625	1061.04	-18.4973
598.593	264.805	-20.713
-716.615	-933.447	10.4078
2.87832	898.666	-16.3236
470.091	-1139.24	49.5179
467.189	1270.48	-20.9364
63.8291	-744.532	93.7283
-918.363	620.37	4.62879
632.487	778.494	-19.3081
1278.65	-1354.86	92.139
525.944	-1308.42	30.8559
1499.98	692.613	-22.0513
-950.84	918.517	0.0843307
1440.47	1219.82	-21.9076
634.758	-1394.14	26.2981
-938.502	-1470.71	47.4352
1476.71	1311	-26.1548
625.862	-692.205	68.3664
1358.24	-1040.06	46.1339
-1361.13	-6.00303	-7.5511
-243.522	-110.34	49.0346
-138.013	-1015.61	94.751
-502.445	-1391.34	36.3449
1456.13	-624.637	-9.6493
-1350.68	-1408.03	86.5175
-1497.89	1485.08	-6.55299
-750.699	1309.71	-18.3025
-206.515	-840.775	68.7225
969.915	-212.575	-17.6602
616.307	767.6	-19.8286
567.413	-1254.35	34.5808
1450.87	977.855	-22.2421
1233.21	1032.17	-19.3328
267.861	-540.093	25.5019
-1136.13	-386.51	0.707547
1043.77	652.416	-17.0951
-46.4991	517.47	-11.7281
967.448	-601.155	-1.48161
-1151.79	1121.65	-6.53199
-144.301	1127.08	-18.5939
-1337.82	1317.08	-8.72744
352.574	440.238	-17.0456
176.82	-1166.95	53.6934
694.612	-1193.93	37.3757
-917.358	-698.733	11.1503
-1400.93	1127.61	4.60796
603.006	-488.328	18.7141
1221.67	-789.75	3.32878
1202.31	-283.827	-14.0428
398.873	-1004.7	91.6614
1436.35	337.253	-24.8879
284.919	555.649	-15.9694
-824.677	532.918	3.43511
-574.501	1212.43	-17.0745
-417.996	-526.969	38.4126
-171.179	-582.551	120.713
-55.457	-811.045	103.961
50.5391	-606.649	72.8081
-1234.13	833.798	19.7095
-1176.83	-1342.51	61.9506
-982.567	99.5064	-9.89139
1001.1	-1131.53	73.9308
1366.31	-1434.3	91.6113
-1334.67	1196.44	-5.22583
1172.06	146.145	-21.6833
-634.733	345.378	-5.69594
893.901	-152.081	-19.5509
-980.409	-709.407	14.887
515.492	717.642	-21.176
-193.609	-308.464	76.4072
-37.1218	-126.284	20.6506
680.095	-643.287	42.7062
-388.426	648.777	-9.67357
475.21	1220.41	-22.1006
-1258.23	415.252	23.8176
28.8189	-1034.89	97.431
-1062.64	198.103	-10.5203
987.941	1485.74	-25.8725
-479.301	494.805	-12.3603
-1308.27	-621.23	19.2657
713.89	1232.71	-21.8178
221.598	482.067	-15.3649
1357.71	-448.903	-13.997
-395.524	391.291	-11.6687
789.297	-103.146	-20.5682
1259.05	349.118	-20.2253
-844.631	530.694	3.40956
-134.318	-945.528	89.1844
1202	-1272.32	83.7455
-915.605	1262.9	-16.9908
-57.5097	578.392	-12.4689
930.82	246.67	-20.7544
-174.013	-579.024	121.107
-1390.57	-798.868	35.4227
-1212.96	-526.254	8.46553
-1329.05	-151.34	-6.80897
207.11	433.654	-15.1918
548.422	-1420.28	25.3063
-333.879	885.977	-16.4867
614.137	-856.542	95.3695
684.287	-695.938	58.2385
135.205	-1465.43	37.2169
90.0709	358.903	-13.9076
-8.11881	1365.46	-17.7775
-67.7325	-230.042	48.9993
-721.962	-1421.01	51.304
-749.642	-214.158	-3.57627
68.0166	-528.102	59.9637
-1413.3	330.323	20.9618
1384.81	702.542	-20.6053
593.537	1305.32	-22.2256
-1036.23	1413.36	-14.4984
288.733	-1413.23	31.0474
148.612	1023.29	-19.3246
-257.779	-291.236	70.5518
9.98668	-653.087	87.468
853.966	-1490.71	20.6398
-849.49	-298.389	-3.17069
200.847	-880.629	105.754
-849.216	606.379	1.68894
-157.969	-1417.83	60.9916
-1195.01	-477.294	5.89351
333.48	950.827	-17.0011
-1293.1	105.243	-9.532
59.3143	-1421.57	41.382
114.221	772.842	-16.741
1122.18	-131.537	-17.1031
1490.74	-1386.38	86.0907
295.866	-1163.15	49.4615
-109.162	103.171	-4.27394
167.693	899.317	-18.6404
130.313	-1278.33	41.9995
-1477.02	-383.773	0.833834
-1115.88	1079.43	-8.17499
1200.05	1014.3	-18.8761
-684.593	1050.12	-17.0455
-711.012	1220.47	-17.9633
758.976	-874.692	86.3399
-1374.29	-139.392	-6.45332
1171.52	-185.489	-15.6327
-580.662	-499.843	9.93051
943.273	439.434	-18.9628
635.538	-1203.76	38.454
-449.098	-261.148	29.4929
1014.74	772.652	-18.6682
-685.424	201.435	9.61873
1303.64	1284.49	-22.3831
996.232	-431.554	-9.77166
1221.65	1321.11	-22.2839
-973.204	1422.94	-15.3202
319.927	-374.45	6.50049
-574.009	1204.94	-17.2364
1090.26	-216.78	-14.9324
-640.762	-939.368	10.9416
215.553	259.131	-14.6922
596.839	399.896	-18.6462
1140.26	1022.43	-17.8511
-1081.33	-868.374	29.2907
771.321	876.554	-18.3317
53.3587	-1421.36	41.7843
-1008.71	-901.137	31.6283
1056.13	886.061	-19.0027
1082.41	109.924	-21.8418
-1390.2	-378.046	-2.52704
871.628	-792.167	63.9964
-447.444	591.863	-11.4948
-109.218	-220.644	50.0315
831.418	-1466.67	21.48
1057.63	536.404	-18.3841
-710.073	-479.641	2.38484
-975.016	1133.68	-14.6628
-787.573	766.68	4.99215
470.172	1072.49	-19.9234
-544.394	114.201	28.9164
-990.072	1071.31	-12.9707
-1147.2	-198.031	-4.8516
-979.37	-857.827	26.2485
986.686	-433.542	-9.79469
-1074.03	-166.876	-6.10603
1091.43	-9.16884	-21.2829
-1301.58	-885.363	44.3908
605.866	-180.87	-8.66117
-195.028	809.574	-14.0355
-481.939	1120.26	-19.4726
-1275.76	-1165.61	49.0717
887.7	-1278.3	39.2485
-1282.33	1137.57	-0.0509445
1129.1	926.231	-17.8582
372.402	854.641	-15.8438
989.34	-765.811	35.6643
-201.206	536.651	-13.5204
33.2737	459.672	-13.5094
1356.67	-1029.54	42.1506
-470.581	-968.938	22.6777
-902.755	-763.969	13.4709
788.459	445.778	-20.5087
-549.443	-5.14904	35.1259
524.07	135.6	-15.1159
-742.756	-1060.1	16.0339
434.393	920.968	-15.816
-1024.96	566.858	5.82178
437.995	1346.34	-19.0804
-544.131	-785.284	14.4495
701.088	432.928	-19.1071
-1278.24	-188.452	-5.23946
-548.035	-1357.13	33.5972
-1154.66	-1234.73	43.8307
40.1233	1259.44	-18.7748
633.283	-837.41	90.7561
899.2	1187.02	-12.329
-113.24	-585.887	114.306
1449.26	-180.508	-21.7864
475.597	1359.83	-19.442
912.381	102.34	-21.9206
-139.294	925.896	-17.3581
-159.943	-1340.84	67.1797
-659.584	-398.213	3.05387
-1047.55	418.46	3.9981
525.233	1307.84	-20.8549
1285.39	196.46	-22.5982
975.002	-1385.3	37.4696
-161.879	820.999	-14.7131
-1329.16	366.335	24.9951
-291.451	160.85	1.99334
-791.317	-48.6795	-3.4908
-133.908	896.8	-17.1295
-165.992	416.719	-14.7297
-1211.08	1075.16	-0.908286
-1455.27	-697.107	18.7397
1277	-65.5028	-19.7079
-983.294	882.44	3.7166
-9.66454	-587.448	87.1521
90.9123	-1300.51	42.1816
-1459.59	373.944	32.1896
224.031	-1071.42	66.8847
-1015.44	9.36472	-8.23687
-281.225	883.384	-15.9343
223.017	-1488.54	32.4071
1143.67	-359.832	-11.8251
1357.43	-211.846	-19.003
-966.794	-881.775	28.4261
1365.08	355.751	-22.4677
198.858	-752.068	79.3902
-43.485	559.762	-12.1285
-836.849	632.197	1.40077
-271.87	733.946	-11.5597
-1247.66	-377.937	-0.00398458
-223.631	-189.666	57.1019
1272.31	-926.581	22.212
681.499	530.339	-18.7969
1288.4	-413.743	-15.0344
1278.31	-258.733	-16.5315
1438.13	133.369	-25.4724
-772.002	1170.75	-18.6159
725.869	-1293.31	28.6235
1051.51	-167.84	-16.9969
-925.326	-500.488	-0.119536
-575.227	493.316	-10.6447
-423.909	244.126	-4.29116
1369.8	1156.84	-20.8377
-1258.56	-1009.38	51.4365
-556.774	670.189	-7.74218
1319.17	1035.66	-20.2109
-1075.43	-318.236	-3.00532
540.668	-1014.05	80.8592
-356.884	-1203.65	38.4998
0.372069	198.072	-14.9059
-1176.47	979.906	10.8716
-1098.08	72.8113	-10.2674
-1273.68	856.238	24.6652
1298.23	-423.647	-14.9094
-1375.74	-308.045	-3.69481
824.877	-10.505	-18.672
-830.051	-900.674	13.8116
-740.293	103.705	6.29632
1021.45	-238.307	-16.2641
145.528	-1200.24	51.2636
1455.58	-1465.39	80.7213
-1272.14	-457.338	4.55137
339.631	0.0749698	-9.42505
524.927	-1150.74	46.4383
-920.003	-1204.4	38.7485
-1126.55	891.03	13.1486
319.232	-1125.98	57.0775
1228.49	-1334.06	88.3696
-742.132	253.335	-1.31648
411.386	-1321.19	31.0172
1438.06	1456.55	-25.0554
-1340	-585.504	15.7539
305.766	11.7408	-8.18292
1431.32	280.796	-25.9498
1009.88	-320.813	-14.1458
-885.139	-414.813	-2.19328
-72.9531	-1122.39	93.4053
-205.597	621.44	-12.5625
-344.375	253.314	-8.79412
1346.43	-544.573	-11.3529
605.158	-588.295	37.9693
917.156	-1284.32	43.66
1244.77	-1115.42	81.1395
-1120.71	-1365.56	63.4759
-696.577	50.2206	9.80831
-988.482	-666.111	13.1985
-1337.82	-58.8339	-8.10255
-84.3229	821.99	-15.7656
-410.15	1160.2	-19.6137
-535.925	-1449.44	44.9369
1431.72	920.863	-20.7539
-484.728	-992.971	21.1382
1285.93	1247.14	-20.2007
-1148.62	-244.999	-4.36132
-40.4442	-1436.8	49.278
343.671	-425.491	10.0401
1472.67	-362.498	-14.7465
848.421	-1169.79	48.2775
606.359	997.762	-17.5572
162.095	-960.448	92.5028
-1290.76	-749.918	30.1414
-833.575	887.901	0.872363
-363.84	-377.048	61.8184
-1070.88	-826.037	22.8042
-788.429	77.4617	-0.95145
1144.87	793.669	-18.492
-1369.83	-47.3895	-6.706
-165.296	-570.302	119.406
-337.599	-1251.59	43.1572
1153.94	1126.36	-18.0413
783.549	570.831	-18.7006
722.384	389.617	-20.1639
-1425.21	162.091	-3.48366
-453.734	761.45	-9.57659
-645.918	-1423.72	50.1228
1286.9	1461.69	-27.1916
18.9956	1411.68	-16.7451
-1370.57	-42.0573	-6.74014
528.041	-162.773	-7.55202
-983.645	669.778	4.55428
694.33	266.072	-22.2121
-543.449	140.624	23.4608
-181.102	1005.19	-18.1722
862.238	-1259.9	37.4524
1324.2	263.238	-23.2139
210.341	431.109	-15.2843
-381.025	1282.93	-18.5756
59.3381	1196.22	-18.1263
952.963	417.878	-19.3051
-1233.54	-607.654	14.3584
-365.471	685.662	-7.96512
1391.53	-743.893	-6.15086
-1364.16	966.044	33.315
198.319	-1041.17	72.2649
-768.943	-398.9	-0.582004
-563.519	-1416.1	41.6698
-956.974	311.196	-9.64439
1281.49	-189.055	-17.6482
-893.224	40.612	-8.89804
631.94	923.351	-15.6454
-718.626	639.131	-3.97541
208.178	193.658	-14.5081
784.486	1343.59	-22.3288
-854.291	651.557	2.94104
1271.13	-472.495	-13.3012
-1341.66	-64.6993	-7.96018
-798.711	1386.84	-17.5047
464.243	554.155	-18.621
-436.574	74.2738	30.1229
1100.01	804.848	-18.9671
890.467	-184.894	-18.8338
1381.11	1464.52	-26.6123
-1322.04	738.211	7.03455
-767.149	-211.29	-4.25828
-149.917	714.657	-11.8247
-360.348	-776.368	36.2209
-135.227	-879.621	84.0179
1182.32	489.698	-19.2837
879.364	-1401.58	27.5119
-347.147	-1261.23	41.3819
-273.243	1263.5	-18.0296
-1453.49	1380.3	-6.79913
-1160.51	-932.544	38.1743
-1304.96	-1121.09	51.0302
-641.978	1114.36	-17.6747
-899.568	368.534	-7.73127
-513.698	-1035.71	18.7396
-68.2312	-1287.2	63.7201
-1183.14	1266.5	-13.231
-160.254	984.021	-17.9479
436.509	562.106	-18.0956
1155.41	-416.827	-11.2945
-1371.59	-615.109	19.8251
-458.279	-1353.57	32.2115
-1319.99	48.1082	-9.30278
-1080.58	508.389	8.52301
-1498.13	-1059.46	19.3155
1345.31	105.581	-23.5462
-399.44	-42.8162	56.4388
-351.65	598.299	-11.0536
-1472.71	1414.77	-6.4793
1181.17	-686.469	-4.12365
1275.67	139.384	-22.6199
1101.81	-22.5535	-20.7173
1061.04	409.132	-18.1567
1272.9	-1304.28	91.5251
639.646	-948.872	94.9189
-198.733	-31.2479	26.1799
1135.3	1001.7	-17.918
-91.3602	1435.24	-17.467
1101.99	-523.25	-7.28878
-157.643	1367.07	-17.5126
-1494.74	301.226	12.9693
-797.438	963.639	-12.0421
485.177	-1487.52	22.8318
-1240.47	-1304.18	56.9229
513.168	1465	-21.4549
677.172	948.083	-16.273
1213.71	1096.17	-18.8906
33.9032	753.769	-16.2655
-416.529	-318.559	41.3335
-1237.58	-121.921	-5.58848
341.772	132.65	-10.8916
1005.43	122.821	-21.8194
68.4442	-978.279	96.0523
924.683	1087.21	-12.2983
-1461.31	-266.643	-1.21808
-694.069	523.815	-4.51935
-160.328	-1222.37	74.4086
-49.9742	-1166.86	79.48
-401	-52.2479	56.7663
-410.528	-1486.01	54.9701
155.361	-1394.01	36.5647
-1187.67	-527.701	7.52533
-209.53	-186.437	54.4785
840.92	-1030.26	71.1406
-546.035	1213.9	-17.6992
709.809	-1493.08	21.8698
-392.022	354.724	-10.9207
-421.994	842.403	-15.8009
1456.99	-1347.49	93.7186
-750.286	-722.611	4.5524
1411.33	227.644	-25.8729
121.355	-393.491	38.7312
370.983	-783.818	100.391
1310.64	-822.352	-0.120075
-1439.07	1026.86	24.412
-886.18	-118.022	-8.42944
-586.892	-723.492	10.4874
-1393.28	-976.409	41.3035
-169.885	1023.92	-18.3564
-1370.93	69.7487	-7.5297
652.59	-588.247	30.1575
-555.411	-639.748	13.0315
-349.8	703.041	-8.98671
487.475	-1292.66	31.7782
-633.444	394.679	-8.61825
-78.8754	1018.47	-17.3975
-747.465	303.982	-6.13623
219.68	-1365.76	34.4303
711.046	-1425.38	23.3626
-4.49491	1484.8	-16.2034
-1294.45	204.625	-6.12986
406.495	193.558	-14.69
923.969	-632.104	6.8238
-450.39	-518.638	29.6178
41.3734	137.195	-13.3951
286.996	63.4468	-9.25307
-1305.52	686.397	7.98983
-559.497	-1162.36	17.211
875.954	-1182.32	50.8325
1098.43	-126.44	-17.3087
-462.447	1342.52	-18.4911
-1185.8	18.2457	-8.79496
-1287.27	846.209	22.5722
-1295.64	1206.77	-6.68953
288.974	1388.88	-14.6612
310.685	1268.7	-18.3045
-580.909	675.954	-7.15284
-790.93	-196.241	-5.21099
367.548	-395.018	6.11619
1440.7	-295.62	-19.3514
201.033	-819.777	96.8707
1457.6	1127.23	-21.4634
-147.137	1005.37	-18.1558
-670.156	698.977	-2.15741
1129.77	-411.841	-10.3791
-336.98	181.136	1.72828
-502.886	455.717	-11.5057
53.1623	1211.69	-18.2997
1324.06	1399.62	-27.5713
959.6	-678.6	11.6142
1160.76	-1446.3	59.5213
802.408	-559.288	-1.27618
1158.51	1276.18	-19.2219
901.452	-847.617	82.6813
-323.626	-456.125	79.8069
39.5227	-710.819	89.1891
-840.479	-991.611	19.6267
-706.957	351.876	-7.16315
-653.078	-216.205	4.78303
-45.3257	746.122	-14.914
1026.98	167.76	-20.9446
495.026	149.24	-14.9968
277.212	325.02	-15.1796
-379.976	-1014.9	32.1588
-389.283	-793.784	32.4913
-94.3606	-1497.87	50.2668
1494.42	-839.725	-5.75607
-390.437	-790.062	31.8039
834.769	1098.21	-16.1855
1451.17	536.649	-24.3512
1104.99	770.725	-18.9048
829.542	969.175	-17.2315
-328.465	-367.74	76.0691
1425.44	-1366.06	93.4925
-1202.44	807.023	14.1014
-582.66	1333.53	-17.8116
-806.873	62.2101	-2.827
658.375	-270.494	-9.92895
-273.215	1279.23	-17.9295
-754.712	1182.35	-18.4425
-1367.07	1209.26	-4.80686
853.016	-1350.01	29.01
-1395.36	-706.758	27.8048
-1183.84	-1493.33	90.9335
-573.446	883.692	-14.2583
837.895	796.003	-19.0765
-1323.86	-38.4796	-8.77385
35.0163	239.375	-14.0982
353.298	716.779	-16.9314
-212.518	649.441	-12.0841
-1063.49	-1140.04	36.6779
-1000.82	1077.62	-12.9149
-490.795	-1164.42	21.4795
-166.818	817.551	-14.5644
-299.284	-1018.39	49.6844
1330.15	1382.41	-27.2699
34.1538	-647.795	82.7
767.937	233.099	-21.7242
-360.236	-1392.78	41.3838
-691.061	245.281	2.50689
934.705	833.3	-18.7919
239.172	1302.1	-15.701
680.964	1409.05	-24.5608
-560.995	1132.81	-17.9199
906.03	-879.108	83.7277
368.174	-1496.11	25.5191
1466.35	222.199	-27.4014
-898.727	1397.91	-16.3112
-474.377	899.383	-17.3941
1129.26	-1164.79	72.7711
-139.762	484.233	-14.7011
835.234	524.134	-18.8271
411.124	200.213	-15.0493
-1270.78	-1303.39	58.5323
-1176.34	1002.49	6.02662
-747.142	1023.2	-15.6808
195.118	624.848	-15.7366
-430.94	-195.524	36.2535
-1043.19	1218.2	-14.9344
1081.13	-1207.1	74.0405
-1292.03	-149.109	-6.26315
-854.266	121.644	-5.60636
-1452.3	-74.5945	-2.77232
-815.928	-297.669	-3.20443
-563.272	-1201.94	20.133
366.819	-968.281	106.534
-338.039	86.4268	22.582
-104.363	1279.85	-18.0035
-665.98	1496.11	-16.4666
-895.942	589.852	3.43744
-1448.12	1047.41	20.6491
-1017.58	1207.43	-15.0452
1007.67	-1100.92	70.1892
634.324	1380.15	-23.2346
-417.587	-273.579	38.9965
983.561	789.697	-19.1112
-131.933	958.93	-17.6131
-727.804	1056.52	-16.7349
715.783	74.0469	-17.1816
-1124.15	-1486.26	80.6873
1407.6	1206.73	-21.3342
1038.49	1364.97	-22.7826
1378.14	989.195	-20.5647
-1441.13	-182.028	-3.74465
-1463.84	1206.83	-0.355527
1417.28	1215.24	-21.5694
397.38	347.118	-16.8246
1027.76	-1027.12	63.063
1419.04	792.26	-19.1285
-218.325	872.471	-15.3299
-568.463	660.468	-8.36636
1409.54	909.603	-20.0271
898.222	92.0068	-21.8331
-517.639	482.519	-11.7944
-1410.99	-947.996	36.0566
-480.585	720.694	-5.62408
-954.956	-984.011	34.651
1232.88	295.096	-20.8719
-886.144	1044.55	-15.3371
-1388.52	520.229	42.8954
11.9978	47.7201	-4.93786
-280.555	869.286	-15.6135
357.854	-1445.03	27.2372
-825.345	-1100.28	25.377
-381.103	900.106	-17.7052
-1229.7	-1176.08	45.8485
-337.89	760.423	-11.1669
-184.392	836.003	-14.7008
-69.9084	1352.96	-17.9629
25.3782	-462.005	68.8194
1054.6	-1421.11	42.1676
497.076	535.217	-18.6582
1138.5	-317.703	-12.1599
-706.155	-652.491	3.60774
-876.889	-206.394	-6.02434
294.993	-1328.68	33.8577
1291.36	-518.657	-11.7099
-99.8337	-1022.4	101.739
303.549	364.852	-15.9791
356.445	-625.121	46.2816
674.718	-932.936	93.7995
-289.674	-855	47.5612
646.875	216.874	-20.9304
-423.632	257.228	-6.57248
1173.82	1337.98	-22.3911
611.182	-243.434	-8.18713
304.577	-930.865	112.171
-647.983	610.396	-9.0459
198.457	147.813	-14.2158
282.362	728.07	-15.864
1389.15	1007.36	-21.2901
1238.76	-1381.74	86.1172
1191.57	999.539	-18.816
-1392.46	-885.454	36.2901
703.519	254.885	-22.2877
-1489.44	-504.769	3.5871
-888.027	727.712	4.50175
-387.108	-30.5892	53.8753
-983.709	576.994	5.1418
-115.645	1422.62	-17.7888
1373.93	1499.56	-25.8788
-63.0582	449.224	-12.8733
-1220.15	786.591	11.7283
-287.678	144.995	3.77398
508.586	46.1037	-13.2278
-1342.71	391.134	30.8305
303.098	930.841	-17.6385
1326.13	717.483	-19.9576
726.418	788.318	-19.4535
-171.923	-1128.48	82.6402
1129.51	-1441.38	53.6939
-263.415	495.648	-13.0979
376.473	-571.102	35.6762
-1009.47	-1413.97	57.9701
390.847	-520.615	23.1643
-980.429	-390.894	-2.26611
-809.804	753.82	5.98225
-23.1561	1475.62	-15.9477
1345.8	747.412	-19.5837
-1182.3	-19.6955	-6.60347
-1402.76	-872.206	34.6395
1380.23	-1137.69	73.4617
-532.958	1031.92	-17.9341
419.552	1006.97	-17.2438
945.048	-868.879	79.9665
-1451.3	355.525	26.8551
-1223.98	-342.857	-0.439644
242.358	-331.029	8.46897
-135.272	1053.64	-18.5702
1119.65	1269.08	-18.9586
897.101	1454.56	-26.5913
-256.701	904.867	-16.1124
1378.34	-454.835	-13.7177
990.494	-1471.12	27.6204
941.784	212.054	-21.0437
946.674	632.835	-16.8496
-698.699	658.974	-3.88453
-1452.08	600.837	19.9641
-1142.1	-1180.47	43.5747
1321.1	135.958	-23.4304
-756.898	-341.23	-1.52612
800.288	-1018.71	73.5226
272.155	579.29	-15.9111
1412.74	813.448	-19.1283
184.258	-894.982	102.583
1235.57	-829.993	8.33369
-280.575	-1139.67	55.7741
1296.37	374.609	-20.6569
714.114	-1427.87	23.2213
467.684	-1296.96	31.6357
-515.182	586.383	-12.316
446.087	978.859	-16.7582
-860.119	-28.6841	-7.73329
-682.02	845.477	-4.40133
340.126	-606.89	40.2918
543.503	-646.113	63.1013
-320.398	689.938	-10.9833
1442.54	-871.903	-2.19222
889.871	-1280.92	39.4753
215.993	-5.80735	-5.39988
-36.8846	-514.783	87.6113
-382.007	837.414	-15.9242
1265.81	227.642	-22.134
721.32	-580.051	16.1532
1128.06	-1290.34	74.7692
-488.597	-746.429	18.4574
-1094.82	993.671	0.281995
-813.61	-701.22	5.17489
681.641	-739.553	68.8885
-142.022	405.789	-14.3401
-355.886	-970.012	36.323
-1379.24	1270.06	-6.69513
-10.8916	1163.51	-18.2218
-1385.93	-508.479	5.70018
-428.623	-1228.22	27.7571
-989.865	-435.472	-0.89189
-280.71	-1305.76	54.5474
391.731	-1436.95	26.6397
1459.54	1467.68	-24.5415
-1450.59	469.642	50.0683
1365.05	732.524	-19.7978
-263.476	1016.96	-18.4117
-1312.98	629.303	11.8924
-1301.64	795.579	11.3356
1241.41	963.277	-19.0257
1229.05	1327.92	-23.1843
936.035	-1190.9	59.9896
1398.66	1376.36	-26.2954
1431.58	293.672	-25.6174
352.981	984.743	-16.709
-529.775	-1037.02	17.746
-1421.19	-808.098	29.9287
-8.73011	1265.44	-19.0415
-880.221	-1449.41	42.4401
-540.355	1106.32	-17.9453
-732.182	473.244	-4.38525
824.843	-883.926	86.2612
585.65	-1478.77	23.1087
269.184	-673.578	55.2281
693.006	-41.9053	-15.0603
886.948	1034.83	-14.3622
-24.1424	-636.191	93.8371
-284.412	-231.135	64.0433
84.9965	-219.053	25.8265
987.804	189.777	-20.7866
-384.766	767.405	-10.7342
23.4416	735.262	-16.1194
1066.36	-348.916	-11.4905
-1460.94	379.03	33.7331
367.838	-1248.46	37.3806
-813.384	-460.15	-1.78422
-589.93	-512.766	9.26074
1398.07	573.03	-22.2007
1490.52	-37.0314	-26.0022
587.079	-1075	61.3676
882.502	1144.01	-12.7367
1462.84	-1142.6	57.7533
710.427	-863.576	87.0885
1358.84	-1478.02	77.9755
1305.54	-768.672	-4.24582
187.55	1030.92	-19.5508
-430.34	-623.928	31.2354
990.854	-771.014	36.9351
408.108	-1347.26	29.9061
1138.72	752.078	-18.4255
-1331.96	1338.88	-9.20223
1.3898	-130.175	17.4465
-828.506	-1105.28	26.2566
-1221	13.6271	-9.49647
647.897	-1134.48	45.7083
-1407.75	87.8147	-5.84467
687.897	-824.046	83.9304
105.385	-395.717	42.6217
200.817	1496.75	-16.4797
-574.883	1498.94	-17.3439
-1257.95	-730.099	25.1398
-1232.11	-780.7	26.3842
1105.14	-1085.86	63.2697
459.108	10.7473	-12.1936
918.411	-393.248	-11.9946
359.102	140.026	-11.1727
-886.915	-164.439	-7.20154
-978.366	1090.48	-13.6663
-176.893	535.364	-14.1454
530.861	1043.04	-19.1499
-1042.07	1023.87	-8.3644
-948.638	423.771	-2.12214
377.377	-23.4424	-10.348
1390.9	506.765	-22.0885
-867.84	-1370.1	35.072
487.918	-1030.35	76.0423
525.016	-1469.89	23.4323
-1100.41	326.708	-3.02489
-1013.72	-740.996	16.703
