-1087.47	-924.161	39.2351
363.872	15.8335	-10.2098
-254.201	156.599	-0.730018
-598.445	685.461	-5.97816
1102.01	-119.514	-17.4984
-553.849	169.544	16.9501
1478.99	-430.098	-13.2633
1461.63	1443.1	-25.5552
-566.819	-1132.8	15.7504
-897.242	-730.969	11.2554
998.632	837.896	-19.0655
-670.76	103.202	16.3289
-419.724	675.599	-7.78313
-470.517	81.7592	31.4577
-640.419	975.168	-15.8996
1171.38	354.959	-19.7741
-1200.42	502.936	17.962
454.172	-1150.02	48.2477
522.327	966.124	-17.0692
-1441.85	-338.489	-1.28238
1060	-1098.77	66.4007
-1085.44	-293.308	-3.51833
-676.122	-1204.72	20.3687
1188.77	970.676	-18.6442
1412.09	1430.2	-25.991
-889.472	1045.32	-15.2758
-1016.75	-1175.09	39.6968
-292.896	-1394.89	52.1825
-111.621	-398.17	87.6087
-1168.89	-1060.98	46.6417
-316.269	-1191.57	45.7537
-915.903	414.239	-4.0281
351.765	-689.235	65.9234
-1206.62	-932.108	40.8222
-1198.39	438.863	18.3637
413.503	-295.975	-1.85615
-1328.25	329.764	15.4719
-131.61	-642.363	111.534
1059.82	-483.173	-7.24145
1474.18	1306.92	-25.9602
955.157	-179.52	-18.552
934.81	-856.433	77.7336
1078.45	-587.631	-4.04151
-1065.31	-1388.68	64.1186
-360.992	-1393.58	41.282
172.219	1123.58	-19.0752
-1014.19	-287.986	-3.38249
-297.595	366.914	-12.5061
983.501	1200.7	-14.2764
526.754	-1000.45	87.4015
1044.7	-1472.88	34.2253
-936.08	577.51	4.57759
169.566	364.442	-14.2781
-593.769	-1044.08	13.8449
-273.812	-1439.23	53.1256
1104.04	442.83	-18.4341
-1311.6	-440.498	1.18519
-1163.2	-1349.34	62.3692
-874.504	950.546	-6.72092
1098.64	1140.8	-17.1325
-792.575	120.151	-0.713492
173.874	-594.01	41.5866
961.796	37.8005	-22.3534
1104.91	558.584	-18.6317
123.001	552.58	-12.9547
-179.945	245.961	-12.5339
-206.354	553.112	-13.0359
1492.32	625.271	-21.6374
684.331	61.9657	-16.0341
-396.809	1331.41	-18.0274
-55.8444	1429.13	-17.1141
1069.94	-1084.38	63.3383
1400.87	-134.47	-22.495
829.627	-527.94	-5.79858
623.881	-1227.65	36.6698
-698.905	-767.518	5.91732
8.00512	1119.57	-17.5547
-1368.1	-1088.67	48.8448
327.483	1174.59	-20.2719
1373.13	-692.213	-6.80935
-1233.22	-507.842	9.00966
1329.16	124.317	-23.4574
254.906	-1456.28	31.2099
1454.04	191.135	-26.724
706.473	-1395.82	24.525
743.963	71.4919	-17.842
-1315.66	-522.109	8.27283
1234.56	-705.118	-6.25957
-488.84	250.036	0.651885
-1140.4	1473.74	-12.7608
1418.15	-67.501	-25.2026
423.92	-1009.62	88.1322
7.15497	1476.11	-15.881
654.899	-1227.96	35.8382
-818.973	-751.671	6.78192
-210.029	683.432	-11.5128
726.27	-1120.6	47.8492
-445.59	545.989	-12.8972
-749.953	527.68	0.924686
11.0123	633.761	-13.4996
35.9108	240.863	-14.0915
-559.999	-189.561	17.4339
603.81	628.886	-21.6755
-1199.98	-820.02	25.0809
-1259.49	-614.679	17.2272
-151.188	-58.1809	21.0644
-1266.12	-1216.03	47.5828
181.91	526.457	-13.9109
-1123.4	919.569	10.4902
508.371	-1391	26.7054
1444.45	407.108	-25.0182
188.291	1060.94	-19.3061
757.84	393.345	-20.6237
-1117.84	-954.974	41.8458
1330.12	-555.433	-10.901
-1342.61	-1008.07	52.3154
1387.4	-917.325	4.75652
363.075	-1387.97	29.6375
230.856	1010.89	-19.1692
137.086	-395.304	34.9948
959.663	-897.079	76.5004
478.52	-66.4869	-9.92277
886.571	75.0281	-21.6707
-935.084	-935.032	27.4045
229.51	6.48649	-5.74479
-1121.87	-612.552	7.40467
-835.941	-309.881	-2.80301
-384.933	-440.124	54.4722
45.6815	1357.14	-17.5988
505.97	-1258.39	34.08
-342.973	-192.373	54.3426
88.0875	-352.459	45.7442
-276.805	-543.861	94.8861
1057.66	615.741	-17.4231
200.013	-997.548	84.7631
-687.591	-1090.94	15.3859
-460.037	-1008.9	22.9284
1144.74	-1059.95	64.0952
-1268.91	-148.189	-5.64115
283.133	16.3111	-7.3972
-1305.16	-636.512	20.8017
814.78	-860.698	86.7091
230.375	-824.317	100.193
1469.68	832.192	-20.4571
-412.836	-1213.47	29.3332
1429.96	-443.751	-13.6014
-639.579	610.491	-9.3047
-1327.95	832.984	19.591
-1409.46	222.208	1.16822
-455.382	-468.616	28.9958
157.801	-700.095	65.2729
-988.484	-736.58	16.1344
-85.6967	332.702	-13.5342
-474.565	1268.99	-18.4998
717.237	-626.868	31.1996
-719.693	-193.263	-2.2076
-392.918	774.32	-11.1619
-1107.4	1266.08	-15.2284
151.78	606.842	-14.6414
154.377	610.537	-14.7722
-1165.04	-365.46	0.33922
19.7944	1300.6	-18.5187
-27.2778	-30.7885	1.61123
1320.71	431.256	-21.3279
1384.37	-482.096	-13.0233
939.232	-549.166	-5.07019
-907.602	1361.8	-16.4839
1169.13	-504.23	-9.77642
169.903	15.3454	-5.8082
728.54	609.142	-18.663
458.788	-415.881	4.46261
36.4958	996.618	-16.8384
977.68	796.57	-19.1103
-1005.87	-732.754	16.2213
-924.739	-1344.6	41.4644
153.023	1058.54	-19.0536
-32.8883	900.087	-16.6071
-1053.19	-1461.84	67.6385
-167.023	-715.647	98.1177
416.073	1213.6	-21.7384
662.171	-740.187	71.5586
-1429.37	243.374	2.5677
509.751	1076.62	-20.4376
125.684	257.346	-14.073
1269.41	-478.528	-13.0687
1406.31	474.02	-23.0276
-632.856	-117.815	14.4804
252.618	-198.818	-0.980295
1063.66	-811.753	35.9812
1256.52	-233.14	-16.3645
33.5295	-1345.28	45.4266
460.326	-1447.47	24.7241
-1216.21	1132.62	-2.80682
253.597	-1403.36	32.4521
555.057	-1255.75	34.3941
-248.609	-504.572	102.746
1215.23	-566.987	-9.41575
604.196	-346.951	-2.29707
-1495.66	-668.656	8.39868
1403.06	1490.12	-25.4748
1475.89	1112.98	-21.7824
1361.78	804.329	-18.3876
470.289	1162.51	-21.743
1457.29	-234.369	-20.3659
-1424.49	-565.614	12.1465
-1075.77	-979.254	43.4042
-281.689	-752.228	59.764
-1474.09	-753.509	15.7133
174.097	1478.27	-15.8794
433.263	-739.48	89.4674
103.806	1317.32	-16.8714
1067.49	-247.154	-14.5745
-874.285	-1472.94	43.3409
1136.86	-1439.5	55.8351
-132.913	-955.909	90.346
746.08	-265.359	-14.2428
639.094	-174.763	-10.9537
379.19	-533.039	24.9464
1421.72	-926.497	2.3533
1394.93	802.65	-18.8081
-712.026	589.893	-3.63967
937.948	-1224.24	55.2121
-1403.17	285.127	7.64212
-217.907	280.945	-12.5506
-1231.26	-1013.49	49.9408
-970.99	499.764	3.29702
1392.8	853.725	-19.1917
1013.5	-508.725	-6.4639
-357.707	370.864	-11.6482
72.4154	-270.934	33.0115
150.433	958.935	-19.5272
-254.415	-1146.47	62.5273
39.1926	42.401	-4.22784
-684.342	-383.796	1.81401
-714.312	1221.97	-18.0174
308.01	-495.527	18.321
186.976	-970.126	90.4393
471.87	248.121	-18.7765
331.771	1140.36	-20.1251
-1389.65	1313.52	-6.8961
875.219	871.723	-18.8325
1385.33	605.929	-20.6273
-1149.12	746.27	8.45375
-911.525	-1494.26	46.6751
342.835	609.502	-15.9576
143.857	-187.334	13.9232
-113.768	-893.371	89.0817
792.587	250.965	-21.6532
989.115	-1499.19	24.9374
-211.1	627.297	-12.459
1344.69	1226.92	-21.6187
1257.16	-1065.99	67.9323
161.689	-1047.05	68.3625
-91.2098	875.587	-17.0689
-649.474	166.858	17.7239
561.032	-927.658	103.209
1186.34	-524.249	-9.8338
663.927	460.592	-18.7108
506.647	-1089.38	57.6536
-547.027	132.207	25.4812
-419.698	-403.52	40.958
-814.762	-745.508	6.28185
-433.974	-6.07554	49.8441
-1150.74	519.526	13.1471
-503.044	-829.946	18.4247
-701.163	-477.95	2.7149
-343.729	-500.511	69.3526
1195.82	-520.488	-10.2218
-1105.13	-784.155	16.8727
1497.36	-757.289	-8.21919
-598.314	-149.921	15.4119
491.739	1077.81	-20.2991
112.236	656.255	-14.9508
-1431.37	-470.881	3.65182
-917.948	-1319.4	40.0825
-589.929	164.551	18.4609
797.839	-447.748	-7.21477
-341.101	-1314.25	42.772
1133.48	-1102	68.1631
-909.615	794.098	8.88745
461.739	109.388	-13.2118
240.41	205.812	-14.5365
935.985	-1016.55	71.0385
-277.279	-1063.79	56.7627
-1083.17	1312.06	-15.5332
402.84	93.964	-11.7497
-433.274	554.91	-12.3231
-464.193	-1092.95	22.8738
-350.656	-785.113	38.5792
688.342	-1294.26	29.5102
-812.022	-1023.75	18.0078
-46.4718	-1419.39	50.5762
1377.31	-1451.82	86.5114
-694.93	243.957	2.66571
-981.908	-1202.97	41.3451
-4.63635	-1267.47	56.6555
464.667	-507.286	23.4461
-205.472	95.8428	3.99372
601.4	-749.628	83.4814
285.433	-72.9724	-7.47067
197.974	551.786	-14.4446
41.47	-493.672	65.0916
159.17	-931.824	95.7028
410.846	-692.585	72.0343
351.21	1256.7	-19.7289
1335.23	835.541	-18.2784
403.071	1115.04	-20.1893
1357.08	269.319	-24.0984
281.062	-561.624	28.4755
19.8891	-35.82	-0.936682
1103.62	746.296	-18.465
1482.66	911.943	-21.983
-597.434	807.486	-8.1343
315.157	-323.344	3.14696
642.923	984.632	-17.298
-827.43	153.188	-3.90806
-472.55	540.706	-13.7336
253.306	-438.084	16.4952
776.904	66.2385	-18.716
-751.015	-37.7054	0.0250627
186.276	-401.371	22.5091
1163.15	-1267.23	79.5258
506.373	980.66	-17.3796
39.4499	425.305	-13.9285
-1262.95	-924.788	44.1811
155.259	628.8	-15.313
1479.1	643.567	-21.1695
71.1371	373.932	-14.1769
-954.588	-1221.92	41.79
287.839	-353.462	6.10719
-767.727	-1240.62	26.505
787.814	1439.5	-27.3515
-1346.79	-607.252	18.5361
487.147	707.125	-20.2663
807.759	569.846	-18.484
-588.634	-1396.42	41.2922
537.423	1094.34	-20.9146
291.353	-1203.65	43.8116
-400.215	-1173.41	31.9291
572.37	-475.28	16.6038
-263.732	308.755	-12.0858
-1216.26	700.409	6.60512
1018.27	-1344.04	51.5403
-888.847	743.853	5.67546
443.8	-1164.23	46.0323
597.956	412.798	-18.5796
-779.79	1138.3	-18.4925
1351.15	-550.004	-11.2759
974.097	-1077.39	69.1107
-1190.72	-1264.15	47.4336
312.274	-10.3162	-8.54934
-1398.94	931.029	28.9712
-625.914	1160.6	-17.0843
-334.549	1204.9	-19.6259
-441.051	-1292.35	29.0621
576.179	805.044	-18.2351
-283.429	-1170.79	53.8596
14.8882	-883.602	108.531
-1061.18	612.135	6.59806
991.009	8.6449	-22.591
822.303	-718.668	41.2444
-677.937	1445.01	-16.3339
945.238	-1306.13	44.5479
992.761	1018.31	-15.5505
-633.399	-1240.87	24.2832
1078.5	-935.659	59.7643
-748.27	-676.851	3.42075
287.619	-1466.38	29.4295
169.942	1025.49	-19.5124
-26.5571	-1352.25	51.6581
-768.613	741.019	3.63716
-7.11549	116.316	-11.7467
-579.771	-1198.79	19.4256
-1040.64	-1372.94	59.9516
485.798	-381.054	1.51933
29.165	-1397.58	44.6378
-1452.18	134.12	-3.62699
1415.32	1110.9	-21.3556
498.568	1064.46	-19.9497
594.882	212.416	-19.7312
1444.67	-1213.05	92.1248
-837.212	-648.756	4.13985
-1416.58	-354.438	-2.01894
943.892	271.474	-20.3306
1174.22	81.0308	-20.0771
1447.95	-1482.24	79.1343
180.819	1209.67	-18.1932
-573.738	951.926	-16.5693
1121.1	-222.243	-14.7995
-290.656	-356.976	83.5125
77.6139	214.268	-15.0322
605.853	-670.513	66.4959
957.181	924.291	-18.1268
-28.5007	1139.02	-17.9065
-1209.25	801.244	13.3398
299.151	998.967	-17.7974
1003.77	765.081	-18.453
-646.814	-745.485	6.93884
-1214.55	1135.3	-3.1045
-327.889	-378.084	77.1136
-157.212	-190.746	48.7217
204.191	-1241.68	42.2051
1152.98	-527.274	-8.77225
-1454.93	1222.76	-2.07738
265.72	-399.021	11.4449
1141.42	-711.835	2.20122
-190.839	-329.576	82.3604
-1163.56	-1336.61	59.6499
-170.253	-1.21061	15.3842
-1072.36	82.4853	-10.1151
-1436.91	-462.925	3.16345
-232.791	876.826	-15.4192
1228.96	242.129	-21.8374
-12.7758	-460.379	78.1703
-859.705	-226.824	-5.41535
-1431.65	286.883	9.92041
-507.116	520.544	-13.7097
-763.588	-352.748	-1.36237
-760.702	1399.08	-17.4897
-1428.32	574.767	28.2553
1405.1	393.251	-23.7239
-404.848	-313.64	45.0582
308.427	-894.67	116.075
-162.184	-715.936	99.052
95.8132	-496.609	49.492
588.864	24.462	-13.0638
-532.048	1154.22	-18.2755
-1071.63	-1193.6	40.484
607.204	151.535	-17.6203
574.429	-358.261	0.246969
1345.15	-1229.95	99.7261
-681.579	-1111.72	14.5463
-965.473	-797.682	18.9014
1.63252	759.957	-16.1063
-907.167	-468.983	-1.75871
-302.446	981.009	-17.9239
-155.023	921.721	-17.0285
1451.81	1359.97	-27.3322
-1482.84	-1234.36	49.2162
-1042.55	-831.29	23.3267
797.788	626.599	-17.902
422.374	410.347	-17.1472
-916.094	-341.301	-2.03945
-641.391	495.001	-8.34215
-270.202	-635.571	87.5569
1182.65	-211.268	-15.1762
-715.678	-1262.7	28.368
1415.22	-1457.15	83.9217
1422.88	-1265.95	100.524
-542.305	1381.42	-18.5563
-1410.69	-352.648	-2.25427
-287.794	320.78	-11.8316
1381.07	-146.679	-21.5828
-273.95	478.317	-13.3023
-948.469	-731.333	14.0271
-554.981	410.173	-9.11683
614.88	-141.816	-9.73474
1499.99	-666.966	-9.12356
-588.41	-1436.96	45.402
-1347.23	-291.443	-3.49457
-161.948	-384.572	92.9379
1435.24	-302.227	-19.0958
-1333.13	-1403.76	84.5199
-1361.41	-879.967	38.5757
514.91	642.63	-20.1939
327.613	-1053.33	74.5107
-415.559	-1039.42	26.746
283.943	576.979	-15.9455
722.86	324.814	-21.4084
-224.914	-496.158	110.223
266.737	1266.85	-16.8851
-1141.72	-958.705	40.7484
228.596	-861.089	108.383
-1018.34	131.403	-10.4548
-1016.36	-210.881	-5.66831
-494.461	-1365.76	33.092
-449.137	-1099.08	24.3876
709.437	-344.927	-8.33409
-44.7868	-779.667	102.542
732.449	135.043	-19.5919
-982.121	982.142	-7.26309
1261.75	-1289.42	90.7395
461.447	-260.245	-3.95653
-331.876	-1495.7	54.3429
-598.459	-1029.64	13.2194
1259.25	-231.443	-16.4518
953.192	-982.465	73.3333
-953.991	527.864	3.98698
-912.139	-1283.51	38.602
43.125	-1468.88	42.6402
-1498.34	726.632	6.73716
-447.484	1220.97	-18.9075
637.424	971.595	-16.8523
1074.49	-479.844	-7.61505
519.101	-1215.32	37.2054
1382.25	930.386	-19.6745
1132.76	1222.86	-18.3843
607.157	-81.3086	-11.513
-826.508	-448.656	-1.94836
-484.42	1081.75	-18.9358
-933.73	-389.575	-2.03737
-174.236	-462.453	102.032
-1433.44	1436.96	-7.15035
-915.349	-1436.05	44.4291
-149.626	-1038.06	93.4543
-1153.51	-932.784	37.7894
-1287.25	1066.7	5.80283
-518.177	-1458.74	47.0025
1480.78	54.0351	-25.3186
-559.719	-1006.59	15.0608
982.04	-323.333	-14.3118
474.872	-1479.99	23.2298
-637.558	-692.792	6.64907
1149.58	495.664	-18.9927
719.664	974.818	-17.3746
990.073	472.072	-19.2004
-1012.35	-1069.71	40.2907
1126	-1415.57	57.8799
548.538	643.386	-21.0547
-1336.87	87.9088	-8.52596
-287.786	-277.031	65.6232
-1271.31	1076.59	3.58619
-10.6668	-412.521	77.4305
-421.903	1223.54	-19.1623
-801.19	399.551	-8.3047
-387.964	336.465	-10.5496
1152.3	1472.81	-26.6853
-391.613	1328.82	-18.0175
479.58	-110.817	-8.59765
-1251.48	-606.61	15.8628
-1087.13	291.681	-6.15982
-73.7507	188.794	-13.4019
-757.976	205.051	2.07494
1196.53	1026.89	-18.7363
712.685	-281.494	-12.2248
-22.7368	1397.56	-17.3071
1452.13	1000.11	-22.5964
1249.73	-1191.29	86.2645
259.566	-1140.36	53.4357
1035.74	319.141	-18.1618
647.608	1426.57	-24.0911
-813.425	-497.073	-1.24103
26.7827	857.492	-16.7265
891.257	1200.04	-13.0235
782.042	743.09	-18.8182
1209.77	707.967	-18.0104
-1089.01	74.4706	-10.1559
-1091.63	-811.509	20.1127
-600.107	-1043.55	13.4454
984.714	-114.874	-19.9904
1229.16	-17.2501	-18.6775
92.5114	1324.06	-17.085
-1307.83	-1105.55	50.7146
-601.088	1433.93	-17.3188
1187.86	-1424.99	70.1102
403.871	-1169.16	46.354
-319.52	-159.203	60.4842
503.811	1179.1	-22.4283
-240.221	79.577	13.0716
-970.262	-1312.91	47.0143
-1085.02	118.97	-10.8305
370.463	1423.74	-16.6633
-920.89	-293.489	-3.17896
-236.823	-737.65	74.6833
-636.294	572.515	-9.68321
233.063	1314.55	-15.3071
944.489	232.217	-20.7683
1449.65	348.176	-25.0837
-873.245	-403.838	-2.26338
499.672	1477.27	-21.4175
-915.905	801.285	9.31968
-697.434	1406.62	-17.4682
-1370.7	-1306.4	62.2783
1182.32	539.57	-19.4792
-80.5063	-1054.26	104.407
-1146.64	1055.75	-4.95947
1328.95	-254.436	-17.8747
-354.299	1161.6	-19.9236
1115.79	64.1353	-21.2174
-36.1429	-467.316	83.6278
875.744	-690.277	23.2472
227.868	-983.498	91.7708
-297.942	-379.444	84.7506
1246.53	-381.335	-15.0542
912.239	647.46	-17.0053
711.237	222.351	-21.902
279.394	-8.25371	-7.46056
-1140.48	-636.368	8.44454
-1437.27	-250.254	-2.86963
-905.278	452.628	-2.20646
-981.516	1162.58	-14.9152
1242.05	-1087.92	73.5668
165.066	1433.96	-15.0865
-621.938	620.757	-9.1774
137.203	-1273.63	42.1052
-465.191	-1064.07	22.4709
-640.12	184.903	13.5716
1177.95	1009.32	-18.5141
-1291.49	63.0271	-10.4155
659.596	-547.214	22.3997
-917.771	-1000.3	30.0655
-479.368	790.325	-11.4704
-1171.59	242.897	-8.03248
-1252.17	750.392	8.21725
1373.64	-323.131	-17.1645
-1220.48	362.665	9.32753
1397.77	-1048.52	38.6909
474.689	655.115	-19.4047
-2.61175	944.536	-16.2867
43.6706	1250.62	-18.6758
-722.873	-452.294	1.42665
327.484	-1041.65	77.8404
-397.376	1459.2	-16.4728
894.882	-633.74	8.48315
-1279.18	1418.76	-10.1747
1165.91	-359.967	-12.4995
361.304	626.443	-16.2302
207.834	-275.898	10.571
-211.043	-423.505	100.197
-1205.46	302.762	-0.758126
851.606	-1368.86	27.6674
-622.973	717.959	-3.1656
-1073.96	-571.883	5.51959
-1406.16	869.243	23.307
162.617	-185.472	11.0132
202	1304.48	-15.6074
714.176	1465.35	-26.5354
1246.63	-1426.96	80.6713
148.772	378.227	-14.3605
-582.576	-832.315	11.9257
401.501	-683.061	67.7342
-1116.12	96.3693	-10.6016
-719.691	195.236	7.29544
224.268	-677.898	56.4956
1227.38	150.592	-22.6159
816.72	-1388.8	24.5648
-1233.67	-60.2968	-6.97868
792.751	429.465	-20.5341
1172.41	-884.62	32.0615
-345.578	729.885	-9.46826
1264.14	-78.2989	-19.1413
-14.4682	1079.82	-16.55
-17.182	-452.624	79.1519
-475.135	-571.72	23.1431
-1485.92	-1311.47	74.1945
19.4984	419.351	-13.742
887.374	1105.79	-13.6145
-1034.45	-818.35	21.9881
1413.88	-489.789	-12.6684
777.743	-1112.88	51.5284
-734.45	1117.22	-18.1006
-1021.67	843.242	7.24487
-93.4839	1029	-17.6498
-298.615	-1077.34	50.8968
-1373.53	-181.434	-5.68583
1472.23	405.559	-25.985
-945.249	546.59	4.28256
653.538	-1258.54	33.257
1243.29	-142.238	-17.9291
-1238.89	-1075.43	51.1018
619.416	1280.3	-22.1006
-665.511	688.842	-3.1046
-1074.75	569.915	7.23867
-773.62	835.184	3.71459
-387.988	-258.674	46.4652
-921.651	-1383.39	41.8159
950.397	959.628	-16.7623
1244.68	-929.016	27.1801
-1036.51	1276.76	-16.5993
-174.014	616.374	-12.7456
45.9038	524.047	-12.1258
826.257	-266.624	-15.8899
-1348.7	1369.31	-8.96286
-201.382	1290.69	-16.9473
47.2783	257.384	-14.0196
648.37	-961.829	93.5068
851.426	-139.789	-20.0357
-701.112	842.572	-2.58033
-1043.64	709.039	5.65409
696.048	1279.52	-21.4803
913.767	745.134	-18.0682
1440.27	-482.487	-12.7041
403.438	498.143	-17.7384
1115.76	519.696	-18.6134
-447.167	772.873	-10.5082
17.2636	-26.5566	-1.47191
1145.17	-725.309	3.43204
1449.47	230.431	-27.0821
396.499	-768.955	97.4188
498.769	-809.836	105.31
-550.893	272.231	-0.492441
1120.94	-1361.59	65.9915
481.22	-286.9	-3.08354
-503.339	905.841	-17.2747
-1263.43	1285.77	-10.8964
-871.466	-1218.97	35.049
-283.438	1339.5	-17.5796
624.816	1145.9	-21.6815
499.16	-1429.96	25.031
-1265.53	-812.199	32.6511
-965.686	918.478	0.448478
1320.6	930.085	-19.0753
287.478	232.138	-14.7639
-84.7511	-904.458	96.0354
316.376	1004.57	-17.3923
-793.739	-67.7998	-4.80775
-203.861	-1102.09	76.7371
382.305	-11.8562	-10.764
-467.863	406.668	-11.0545
-1179.67	-347.291	-0.155927
-997.557	-111.381	-8.18233
192.642	758.715	-16.4099
249.051	107.833	-11.5939
646.485	233.133	-21.4649
863.453	-1413.4	25.9658
-450.194	1128.58	-19.546
470.491	-1164.99	44.6991
-273.267	1367.42	-17.43
588.812	247.435	-20.6913
-1035.83	-1215.67	43.9932
1377.64	98.2752	-24.0423
-806.682	-794.527	7.82223
-938.706	-480.434	-0.248879
1266.82	66.5723	-20.5375
813.536	-1247.35	35.1037
-57.9305	-37.6791	6.10935
522.246	-1092.63	56.6094
269.286	465.237	-16.4078
1218.33	-1439.72	72.0543
-113.798	790.253	-14.4547
-767.85	1213.37	-18.8693
382.626	-663.149	58.8966
740.106	528.614	-19.2545
37.4715	-1447.2	43.1285
1102.9	-679.66	1.29491
-176.701	-1279.75	69.804
1491.2	-484.989	-12.5686
-332.762	-996.644	39.7546
-253.299	-1060.5	63.408
-224.906	-158.656	49.6978
1197.82	148.682	-22.4131
-916.057	-701.314	11.1316
908.295	-947.561	78.4438
997.651	852.072	-18.9796
835.274	249.315	-21.5137
886.374	-1433.5	25.8544
1237.5	77.251	-20.032
-1085.67	-829.2	22.7776
-82.0296	918.355	-17.2977
253.04	754.707	-15.7866
157.782	940.352	-19.5989
-953.506	597.956	4.84117
1161.81	-484.355	-9.70695
-323.36	1244.88	-18.8987
-836.684	-837.876	11.7654
1155.96	422.278	-19.1948
1239.62	-844.198	10.5806
347.337	-116.755	-7.31037
653.818	406.289	-18.842
745.029	1321.91	-21.7036
-225.982	985.364	-17.8015
1224.24	-966.038	42.597
53.9333	1444.2	-15.8734
-816.967	645.338	1.01145
1152.14	-1336.97	72.2248
525.416	-1202.08	38.1521
783.982	1128.31	-18.5509
1350.9	-176.85	-19.7951
-300.379	635.032	-11.5564
1380.04	-551.681	-11.4579
-546.82	-876.737	14.7954
678.945	-37.6099	-14.476
-146.79	124.852	-4.61593
1104.73	138.223	-21.1983
-466.078	97.2471	28.3323
937.793	501.286	-18.6415
-707.326	-103.532	0.370849
999.073	-1376.6	43.0136
1224.28	677.831	-18.9996
916.317	-1208.52	53.6287
740.133	-1313.36	27.6107
-1075.9	1415.53	-14.0893
-734.236	-464.346	1.05695
130.799	65.578	-9.66274
-335.002	-1199.71	42.4021
1061.7	-411.391	-9.78962
1130.24	-1248.41	75.3406
950.429	-938.792	75.0648
-826.677	-16.3192	-5.18096
123.774	-1011.1	86.3401
-904.81	159.074	-8.92255
-447.173	-397.743	30.8302
-1355.98	-1262.7	54.2081
-939.545	-1494.76	48.5208
1055.57	-438.162	-8.97077
-353.714	-1105.99	38.0211
-1376.95	-189.777	-5.58807
-1428	-1457	110.242
1481.21	-859.931	-4.68922
-286.952	357.232	-12.5198
573.817	-835.917	99.738
-438.42	-1045.42	24.6692
1045.69	1498.87	-26.2856
-220.871	1174.13	-18.7048
236.156	-747.699	80.0804
690.122	650.166	-20.351
-957.744	1236.08	-16.255
1423.92	-99.9103	-24.2759
1210.1	-705.132	-5.0725
-18.3969	1136.11	-17.8548
1131.1	243.897	-20.6222
972.788	-207.256	-17.7912
582.365	-82.1296	-10.3462
-114.531	1328.06	-17.8732
-535.814	-948.42	16.7404
-639.54	-699.534	6.62248
-235.252	650.255	-12.0507
-1325.51	-700.628	27.4084
-899.613	400.418	-5.55624
1001.48	-1232.77	64.7575
1310.55	-19.447	-20.8505
278.382	902.978	-18.0926
-940.436	846.094	6.9391
1091.09	-1085.56	63.0378
-1171.51	451.336	16.1839
-861.703	-1058.1	25.0574
-1210.47	-1346.07	64.547
1105.55	669.959	-17.1494
185.813	-1479.13	34.296
1403.37	644.85	-20.6264
1184.02	-1478.35	54.6778
-862.846	-384.716	-1.90748
-339.187	430.809	-12.7348
-826.766	-101.103	-6.79769
-88.7164	-1219.26	75.3065
125.274	-1118.05	66.3336
461.963	-195.229	-6.36314
821.886	-413.268	-9.55916
-1449.34	1154.95	4.32263
-898.375	-856.346	17.6859
-66.8846	1292.24	-18.4309
419.654	840.547	-16.4795
-1492.21	-263.824	0.307613
-1134.33	-657.135	9.29558
-818.815	-1349.62	34.499
1369.77	-1092.72	62.273
-584.476	-1221.67	21.1364
-363.634	-1451.96	47.3218
-489.939	572.889	-12.6604
-1092.26	1439.83	-13.2813
184.709	-1471.12	34.4002
517.937	-1422.18	25.2945
-430.031	-778.863	25.0067
962.913	-1171.77	66.1501
907.684	-1286.36	42.0612
-785.2	184.168	1.98177
555.498	1107.22	-21.0947
-1168.18	1407.42	-12.7592
978.8	556.158	-17.9655
386.513	-124.794	-7.50402
-1225.11	-249.446	-3.73668
-729.057	-114.43	-2.42745
-146.633	702.302	-11.7899
629.447	1474.62	-24.9667
1481.69	1068.49	-22.4083
869.475	-801.234	67.4246
-356.106	-1360.19	41.3642
171.35	821.209	-16.6399
526.597	518.425	-18.4116
1027.53	368.83	-17.7593
396.456	432.791	-17.1365
145.269	-433.178	32.955
1178.72	510.255	-19.4597
21.445	-604.527	80.1685
-1470.01	1249.3	-3.58392
1289.7	-263.794	-16.8082
820.934	658.524	-17.7216
267.531	1394.89	-14.3664
-334.058	-1467.53	51.2316
1048.23	452.957	-18.769
1161.22	-343.861	-12.372
-973.081	184.579	-10.2335
687.173	668.163	-20.7388
66.1565	-4.31574	-2.33982
-1289.69	251.836	0.748163
-1178.26	-1254.69	45.6835
-1452.6	-73.9325	-2.75367
-1087.23	-1185.42	39.5971
-120.803	-626.491	113.905
540.707	286.544	-19.6999
-1304.37	-1489.59	99.6894
136.173	-352.912	34.2013
-1429.32	-1109.05	39.6159
-56.7405	-554.171	97.6104
1035.77	72.7113	-22.2582
-983.163	408.664	-1.31216
-889.913	-33.3887	-9.44918
-648.736	-182.587	6.07953
1413.04	491.57	-23.3733
-1165.58	936.341	12.5232
266.527	-603.397	38.3159
-1151.33	-503.215	5.30175
1203.19	-1261.87	83.0477
409.063	360.699	-16.9709
-856.634	-524.167	-0.842578
-322.624	573.301	-11.5666
-1341.84	-1376.01	77.8374
-1131.82	620.563	7.36184
-204.209	-604.667	110.238
-215.907	1320.29	-17.4813
421.924	-1227.66	37.1375
815.203	-469.657	-8.06845
1319.86	-1169.07	92.9162
1283.97	-711.571	-6.89276
469.162	218.296	-17.4835
-1228.62	936.372	21.6008
753.861	396.457	-20.5232
-12.0187	976.49	-16.4764
-670.661	-62.2989	7.76559
555.476	1121.62	-21.4982
-560.148	-712.201	12.3482
1271.79	-1472.1	70.8704
-1023.17	-1284.01	50.3222
-1213.73	139.589	-10.3378
-985.827	-615.649	8.72864
834.211	-447.285	-9.58457
1001.93	-866.628	68.8889
424.907	-1158.9	47.709
1396.25	867.105	-19.3434
-943.854	-1486.67	48.7441
855.381	-1063.92	66.3582
634.718	433.098	-18.4754
1226.54	443.248	-19.7207
-1327.83	1433.85	-9.34081
691.009	-850.647	86.6421
954.158	-729.715	28.0722
-594.844	1432.56	-17.3936
-223.002	-681.558	94.9401
-1394.85	230.859	2.21359
-331.873	18.4939	39.8076
-1244.67	-185.644	-4.42117
-93.9259	181.202	-12.6753
-331.426	653.086	-10.6147
1453.32	-1349.29	93.7438
570.55	972.757	-17.0834
1476.03	-745.737	-7.51818
-599.096	-872.562	12.5287
-52.7668	-1205.84	71.3515
752.829	130.791	-20.0135
649.317	-656.963	53.4407
-1213.56	831.042	18.5628
-863.448	116.898	-6.23666
1192.25	-77.9324	-17.5732
1200.51	1284.04	-19.8634
870.526	-168.097	-19.359
157.455	-455.733	27.6103
571.135	-1035.78	73.6258
-726.292	573.969	-1.77896
480.198	1000.66	-17.7685
-1250.42	1328.67	-11.2893
98.4024	730.277	-16.3541
-1091.25	244.725	-9.15936
1251.65	1437.83	-27.7418
1432.96	332.714	-24.8712
1298.27	1007.24	-19.8531
1118.17	753.021	-18.4194
859.296	-121.23	-20.365
1107.15	-243.959	-14.3329
164.003	-58.4379	-0.288647
711.893	650.664	-19.9201
879.091	798.603	-19.2346
-977.189	556.882	4.83529
-281.279	-1343.34	54.2162
-1353.61	947.772	33.5456
-516.202	-189.358	23.0578
-651.355	1235.53	-16.979
-641.982	-787.974	8.01793
-776.585	442.257	-5.44611
-761.928	820.773	4.41591
-1289.34	-263.893	-4.09539
437.196	1491.71	-19.1218
-1059.67	213.054	-10.3105
108.223	-697.032	73.1729
-1499.19	869.102	13.5351
1328.49	33.6411	-22.1645
-1419.26	119.973	-4.49467
-139.056	899.26	-17.0575
-265.399	-12.6219	36.7738
-13.7473	645.546	-13.6762
-401.141	1352.39	-17.8267
1077.07	-878.987	53.3118
-1094.58	1246.74	-14.9506
-738.502	1378.08	-18.3565
-59.835	-1079.86	101.393
1035.84	-1007.82	63.3176
-907.141	-1246.86	38.2458
654.625	1312.77	-22.2671
1193.86	-181.376	-15.9645
1396.97	-496.631	-12.5942
1392.51	-1010.43	27.7994
-306.145	40.3759	32.6837
-821.64	484.045	-0.97947
582.695	1458.12	-23.4132
-542.317	-628.669	14.1435
-867.71	1293.48	-17.8299
-900.795	-832.785	16.5173
1399.64	-1185.43	84.597
-86.6948	-65.4054	13.3869
1420.66	738.752	-19.9357
225.558	-398.563	14.48
1091.85	53.4943	-21.7842
-203.776	1348.9	-17.2597
288.735	1101.45	-18.6686
820.028	931.657	-17.7703
1358.02	-57.0372	-23.2923
1099.84	736.502	-18.2805
894.991	492.92	-18.3995
-987.657	496.29	4.2893
696.747	-965.249	90.8075
-541.003	1452.32	-17.6406
-796.941	-241.23	-5.03683
-1262.22	-1202	46.8574
1362.31	-400.854	-14.5447
694.343	-191.145	-15.0467
-524.207	-177.231	22.9805
-1280.09	192.902	-6.97851
-1374.39	-1415.54	89.9581
966.779	104.205	-22.058
-1404.51	-1198.97	47.3093
-552.779	538.441	-12.7037
-164.488	457.775	-15.0055
78.3812	1281.22	-18.3666
966.922	-186.23	-18.3483
971.062	1492.65	-25.3771
1205.61	1359.12	-24.8701
977.799	-482.188	-8.05988
887.162	-1465.02	23.74
-902.749	-605.079	5.0622
253.715	-736.387	77.4412
288.635	-808.36	101.452
555.127	528.305	-18.315
1098.95	1210.74	-17.9977
-246.987	365.329	-13.3921
949.735	-809.116	58.4113
1000.07	-408.988	-10.6612
-1410.7	-1251.52	52.4116
-850.604	358.526	-9.74481
-974.556	294.298	-9.29272
-1476.82	-114.549	-1.32988
-1283.99	1390.01	-10.2324
1249.69	-556.724	-10.0937
-1175.17	280.176	-4.674
-892.949	644.953	4.43334
-889.855	-598.664	4.03497
215.856	949.39	-19.8902
852.555	-1421	25.0055
-63.4992	470.971	-12.8307
816.913	-258.643	-16.1307
-675.179	-880.564	10.0565
-123.411	-1042.71	100.345
-767.209	-733.707	4.89973
-214.909	1153.79	-18.6787
-297.908	1043.9	-19.1429
-1011.13	-1232.43	44.6453
-770.418	-111.797	-4.27028
-1173.43	-248.313	-4.00603
-334.05	-800.613	40.6723
262.84	516.008	-15.7261
-868.706	-1422.24	39.8743
928.146	-1166.47	62.162
-706.517	-1208.5	22.3001
961.144	67.9863	-22.254
-762.054	145.71	3.75229
-1342.46	1424.47	-9.11074
419.124	675.659	-18.2041
-1473.5	1219.35	-0.873167
648.9	1196.34	-22.2967
-880.03	680.077	4.67139
-1391.89	-735.538	30.9462
-522.487	1170.67	-18.5016
1078.37	-470.44	-7.7601
740.927	180.274	-20.8907
-1396.18	206.322	0.0831337
331.964	-705.928	70.5029
962.017	-527.691	-6.06125
675.001	-1086.5	58.1934
-1072.77	-925.579	39.8954
-1373.17	239.832	3.43351
-156.319	-48.4145	20.4678
1301.41	-113.85	-20.5432
-896.601	-110.099	-8.57576
558.936	-1347.28	28.9255
1409.84	1307.29	-24.9925
725.7	-407.865	-3.06935
451.724	63.2625	-12.8941
-467.196	1127.22	-19.5221
-1173.26	-509.496	6.32414
-1498.08	646.952	12.0944
1366.38	-518.608	-12.0889
-613.472	934.041	-15.046
272.739	-491.851	20.643
1194.62	-873.701	24.7303
-196.723	-1337.9	67.9283
1155.33	-478.507	-9.59264
-28.4543	655.427	-13.8788
-130.044	1478.33	-17.3797
-1472.67	-1060.52	25.4421
-831.754	-569.68	0.444579
1056.54	724.566	-18.1112
-1010.66	-1334.65	53.9083
-710.701	-447.433	1.8513
-1288.54	321.133	12.0302
993.438	-806.171	48.1653
61.9293	-437.781	59.4554
280.947	-91.6752	-6.6612
439.605	-462.353	13.0487
-1204.89	-1012.89	48.4781
-740.679	816.332	3.36119
-237.159	207.013	-8.77272
-555.693	-866.623	13.9972
-1034.03	1412.97	-14.5214
-612.877	-1442.11	48.082
-19.1207	-1372.52	50.1082
1178.85	-1465.34	57.3417
-1441.01	1324.64	-6.55408
-419.32	-123.1	52.8923
361.481	-558.699	30.4164
-1278.19	1032.04	12.0012
-371.101	175.856	5.14197
-435.065	1219.12	-19.0385
-1002.55	1318.35	-16.3328
-120.174	107.919	-4.2208
-1244.35	468.853	24.7858
-127.087	-1058.33	99.4681
-621.29	-1457.61	50.4823
961.442	1416.99	-25.0214
-863.27	485.159	-0.471592
1020.79	-337.621	-13.2697
-848.691	289.155	-10.4199
-741.388	-215.29	-3.25303
1066.45	1451.48	-26.4214
-906.176	1082.78	-15.8899
-1121.93	-278.254	-3.58727
-949.221	-673.388	11.2938
962.925	1109.06	-12.7784
93.2919	-454.029	48.3124
1118.15	597.021	-18.0683
-1330.8	946.301	34.0038
1462.54	1223.13	-22.2495
-1016.47	-915.808	34.9239
724.123	329.298	-21.3101
1445.7	-901.56	-0.680374
833.796	1370.3	-22.6078
581.815	-708.686	78.6488
1167.29	-325.169	-12.6765
-1337.38	1388.77	-9.10193
113.323	-89.9387	1.8382
167.723	-1402.5	35.9355
-208.862	-493.349	113.682
-1025.99	-482.648	1.29955
591.577	-786.741	90.9907
1030.02	1099.59	-14.646
829.263	850.044	-18.9868
-1187.98	-1024.85	48.4808
65.6232	108.904	-12.1055
544.278	1319.76	-20.9712
-1256.34	1461.52	-10.5305
295.391	920.583	-17.7714
-733.496	-813.975	7.66462
1038.25	1022.11	-16.1227
-841.203	1418.11	-16.6053
1034.09	-748.705	20.0401
-1298.97	571.544	24.3673
-962.518	-412.777	-1.60724
1107.41	-794.961	22.6854
-1425.54	-1258.05	54.5961
412.094	576.388	-17.597
-590.295	638.844	-9.12336
561.969	-1333.53	29.7347
607.98	1396.86	-22.8435
-964.378	-93.3144	-8.76206
-1278.6	-80.9515	-7.25322
-1104.08	1028.99	-4.56232
-642.267	47.7328	17.6132
-1070.4	-1388.89	64.4629
1155.07	-464.158	-10.0396
-245.819	-519.383	105.083
-592.83	-1320.61	33.3929
-390.089	799.572	-13.0524
-1148.4	-378.581	0.554355
336.828	-1397.33	30.0452
210.98	1082.59	-19.0145
942.011	718.127	-17.2922
119.197	1174.82	-18.545
1237.69	-365.873	-14.7696
-194.942	1323.73	-17.0168
-1177.04	1178.92	-8.4478
611.562	-1365.14	27.9383
-271.194	863.152	-15.3635
-964.252	-894.105	28.8589
-1363.56	-744.535	32.2776
15.6275	413.328	-13.7517
1060.07	1151.26	-15.8586
1437.77	1357.54	-26.8647
-583.717	-240.627	10.3713
500.075	-760.261	93.1073
1194.03	922.666	-18.1978
691.085	-1303.66	28.8091
861.324	-115.458	-20.471
-1142.93	1407.73	-13.3426
-111.453	537.886	-13.2461
969.417	1241.9	-14.8473
-732.796	683.333	-0.571357
-1379.79	833.142	17.0335
-545.253	-57.5234	34.1403
-983.099	-1154.89	37.5014
826.122	-1239.8	36.4698
-594.608	337.297	-5.66797
479.065	395.995	-17.9869
-680.126	-962.021	9.77032
-1282.92	64.2054	-10.6005
-932.025	-915.058	25.6366
-451.601	-139.263	41.9887
900.665	-1081.66	66.8436
-1076.48	-907.694	36.425
211.843	254.484	-14.6856
-536.278	-1425.6	41.6419
-80.4502	-1417.84	55.8543
648.638	-809.485	86.3336
276.034	-1259.36	39.0211
968.851	261.54	-20.1519
-388.759	-994.134	30.9782
-368.49	-460.692	59.8992
-1296.03	1121.86	1.55151
-1051.54	-289.521	-3.39509
-169.382	-695.659	102.751
-1475.21	-1359.89	87.1817
759.917	1042.69	-19.2014
800.739	-1264.15	32.7942
-1261.44	1027.71	10.905
-112.924	-406.124	88.5438
-1048.88	1178.81	-13.52
-1190.16	-633.493	12.0467
-1424.92	-1025.04	35.828
384.247	-672.678	62.3975
235.801	245.91	-14.9007
1468.47	1357.58	-27.908
-1011.31	38.7869	-8.96623
-838.282	-1479.17	44.5535
1202.34	-496.54	-11.0066
-1396.13	-735.126	30.7232
-277.58	1296.73	-17.8325
904.819	-1192.64	54.0396
860.139	971.141	-16.8403
1127.06	-101.415	-17.7092
-612.248	227.701	4.36382
-802.021	-33.892	-3.36447
53.1643	1405.63	-16.8428
-1136.3	939.404	9.44238
-634.963	554.562	-9.45741
807.966	-1463.95	21.5572
-790.379	1169.6	-18.8831
-897.353	974.553	-9.71269
94.2251	128.474	-13.4746
-1452.6	53.3607	-4.28932
788.046	-788.297	68.9062
-49.755	1238.07	-19.0165
218.869	-878.444	107.112
213.554	989.065	-19.7076
347.197	-668.011	57.6172
-237.284	-673.008	91.7135
385.771	795.794	-16.0579
-974.064	1157.49	-15.0656
86.8976	971.432	-18.1832
-716.965	-1280.18	31.5759
-935.338	979.588	-9.61399
604.48	-264.046	-7.43039
1369.27	917.754	-19.3842
-985.588	-1020.33	40.6361
-536.669	-399.695	13.1917
1417.63	-1160.98	73.9053
-330.168	-1246.86	44.5512
738.845	-165.386	-18.8152
-1119.55	-49.3081	-4.68153
411.395	-301.177	-1.56745
715.46	1450.09	-26.1698
851.864	1123.24	-15.0829
229.747	543.875	-15.3372
1306.29	1449.32	-27.0815
460.905	-230.149	-5.15143
-705.302	-1079.37	16.1944
-922.594	1024.38	-13.6797
917.107	-483.377	-8.63598
-1253.92	-1144.19	48.9186
-637.64	-617.393	7.08682
242.705	384.908	-15.7585
98.5485	-821.415	101.354
858.762	1256.64	-15.4766
163.086	1309.73	-15.6549
828.128	-1384.65	25.4144
-305.982	-771.397	49.8071
309.376	1198.57	-19.4037
-368.374	112.61	17.2628
1318.1	753.564	-19.2037
-601.801	-9.62472	25.0276
-1249.63	119.423	-10.3903
641.826	405.123	-18.7284
867.238	-1274.98	36.3883
-767.602	1258.05	-18.5196
-340.353	-109.08	59.2767
586.82	1470.7	-23.9165
694.049	1145.85	-21.9743
1481.56	293.692	-27.2274
141.313	-589.264	47.986
-343.857	632.314	-10.6706
-114.809	327.295	-13.5675
1274.46	-879.814	11.1441
-1357.8	-602.757	18.1605
-1409.68	1408.08	-7.63602
461.912	-1362.84	28.3403
445.731	1199.57	-22.0692
229.855	-35.6786	-5.91278
1174.19	-1178.42	76.6548
-464.362	-1039.53	22.2492
902.557	1342.6	-20.4293
-934.579	-1068.08	35.991
808.667	1463.95	-26.1572
317.451	512.12	-16.3346
207.133	471.151	-15.0172
708.184	-1437.06	23.1204
748.199	-210.712	-16.7074
-900.515	-1198.09	36.9955
215.704	820.746	-16.2178
-120.008	1476.69	-17.2796
-197.478	-997.021	78.3035
511.861	-897.242	111.381
-50.1482	-1105.66	94.6665
-870.338	-990.656	23.1116
317.222	987.528	-17.4912
-830.447	-869.756	12.5941
-817.077	-417.493	-1.48405
1053.09	-1168.31	73.3724
-1136.13	473.229	13.0708
-28.1043	690.914	-14.3962
-879.112	1369.44	-16.7914
-3.40705	283.674	-13.7732
746.476	-465.992	-1.24113
-448.574	1415.8	-17.3172
-133.395	-518.024	108.093
265.071	-528.267	24.649
441.812	-246.624	-4.23774
755.419	-464.762	-2.42946
434.735	702.104	-18.8141
578.301	2.15451	-12.2613
1016.07	50.1475	-22.3738
1418.87	1427.69	-26.1174
1455.59	-1061.18	28.3474
-1320.47	-237.117	-4.97651
-863.851	1467.72	-15.9323
1021.47	-764.147	27.3322
449.426	737.984	-19.4407
-1138.09	1214.76	-12.6103
1145.21	190.58	-21.8226
1303.34	923.081	-18.7763
353.798	885.481	-16.3425
472.018	1019.54	-18.291
1267.53	-350.779	-15.5018
-599.987	1400.91	-17.4767
-1384.78	-1350.07	72.6393
998.98	700.673	-17.098
-488.309	-1195.26	22.2454
364.891	-1170.41	47.7126
-826.082	-778.875	8.61091
214.914	-858.744	107.164
-340.049	-498.251	70.6388
-1463.13	1055.59	19.6403
1018.77	-1457.29	31.8695
1464.15	-1313.64	95.6792
1224.97	-129.729	-17.5382
706.685	795.093	-19.137
-196.409	824.683	-14.2852
724.833	230.875	-22.0893
-1186.72	1037.6	1.42415
351.248	-290.785	0.383651
1413.24	-597.162	-10.3387
1103.3	-1098.95	64.7704
1040.19	-589.368	-2.70662
165.437	341.02	-13.8457
-1233.96	1323.29	-11.67
592.257	1373.14	-22.0488
-515.258	386.94	-9.31642
-274.137	-1330.79	55.7435
-892.296	1129.14	-16.9772
-314.286	-1322.73	47.979
841.622	-683.381	25.5611
576.518	920.085	-15.9459
77.8248	1423.07	-16.4514
615.775	-411.563	4.04888
-627.253	798.606	-5.21933
-768.213	-1245.3	27.1764
-237.318	-960.928	63.8937
148.678	1045.68	-19.0903
-549.605	1224	-17.5361
-924.367	1040.8	-14.1753
1418.86	-1264.53	100.82
66.1532	-1411.79	40.8172
-847.805	-116.413	-7.68512
91.8404	-300.974	35.0625
266.826	-1261.01	39.134
-1346.13	-996.236	50.3928
-1253.21	865.646	22.1198
-758.405	437.778	-6.09134
98.4677	-884.662	103.281
-741.962	192.456	4.86713
-657.786	691.935	-3.2016
-466.537	-1159.83	23.566
243.576	-695.255	61.7686
226.059	78.5049	-10.9109
-492.255	-225.7	23.263
-92.777	-1096.52	99.216
913.186	-1430.51	27.3246
-68.7189	-784.739	103.625
-927.923	-452.268	-1.50441
-1064.84	202.822	-10.4171
890.118	1177.87	-12.3995
30.9033	-1429.26	43.3902
-516.102	163.516	17.7543
1060.66	663.758	-17.0577
256.467	-1155.68	51.1764
-44.9389	1330.39	-18.2485
-814.084	-124.463	-6.16783
-917.278	398.511	-4.95341
-180.993	-899.712	75.579
462.516	-673.505	70.0957
-1390.37	-17.1989	-6.16744
-929.296	-1159.51	36.9505
253.097	-471.527	20.0192
-1128.76	-1034.17	44.7758
-334.007	235.083	-8.04261
-19.7222	-264.312	52.8722
-386.529	-403.961	53.6294
-865.083	555.901	3.20073
-274.202	1268.12	-18.0034
397.048	-898.732	118.385
-264.575	-716.466	71.511
483.222	-549.174	33.8453
546.46	1145.52	-21.9112
264.343	-500.676	22.2134
-746.682	-909.993	10.7882
221.612	782.992	-16.1303
874.344	79.285	-21.4595
730.61	481.759	-19.6243
159.056	-1303.42	37.9994
-1301.69	624.783	11.8124
758.916	1413.49	-26.0266
677.888	-613.861	33.6754
-759.572	-155.624	-3.65983
133.931	583.779	-13.8863
1254.77	-746.595	-4.81973
-159.816	-1164.51	84.7417
-1410.01	177.035	-2.71444
875.91	602.794	-16.9643
168.537	-250.443	14.4123
853.774	764.162	-18.6715
1393.57	96.0389	-24.3011
-1062.55	-772.821	17.5035
-15.8152	42.4477	-3.43861
1286.87	1207.51	-20.0688
1452.98	-949.569	1.93177
910.804	-923.758	80.0898
561.473	-755.818	88.4173
1375.62	1105.85	-21.0812
-400.103	-852.427	29.7968
-1411.37	-123.697	-5.05526
1376.92	-1198.7	92.5817
-55.7998	1222.35	-18.8354
873.157	448.381	-19.1417
-352.946	-977.514	36.8056
-778.805	-178.935	-4.60399
393.45	-744.899	89.3458
431.864	566.119	-17.9971
-1461.44	-609.452	12.5299
203.86	-499.789	26.3497
63.8981	-1491.21	41.0324
-701.068	912.532	-11.6342
226.159	548.575	-15.3059
664.165	-285.926	-9.47081
1108.28	-259.204	-13.9689
-960.282	-1043.23	38.0295
945.801	615.452	-16.8948
-514.707	-534.382	18.9351
-1341.29	1220.66	-6.27461
-113.431	1118.49	-18.3398
-663.292	-1195.37	19.0196
-160.714	-75.4264	25.8808
-1262.43	-1260.11	50.8151
469.023	-597.168	48.8124
-1248.75	-1227.44	46.76
249.841	-520.565	25.0177
-543.838	1149.28	-17.9568
1157.63	-606.295	-6.37304
1172.51	878.559	-17.9887
-146.098	1342.22	-17.5783
-405.879	617.954	-10.4295
-836.896	470.157	-2.15883
633.476	-667.715	59.936
543.512	649.386	-21.0631
-1025.39	996.86	-5.57457
130.475	-764.471	87.8643
-59.5099	1217.25	-18.765
-672.042	-587.065	5.14084
-1407.09	-891.531	35.5216
304.28	1120.14	-19.3242
318.664	-969.74	105.933
216.74	259.286	-14.7039
860.854	1016.75	-15.3572
233.579	-189.403	0.357466
652.639	596.47	-19.5575
-340.478	-294.982	65.3466
-310.328	-1064.1	47.3811
607.258	-1271.85	33.5651
954.721	-29.0913	-21.7455
-713.388	544.18	-2.46916
1158.68	641.392	-17.6228
800.703	-112.346	-20.7293
-135.607	206.133	-11.7859
665.572	-388.513	-1.40006
692.9	213.244	-21.4656
-346.684	366.223	-11.6364
1387.96	760.744	-19.5051
372.094	-377.668	3.82829
502.173	-800.98	102.572
-1364.47	593.198	21.3209
-2.35607	1409.23	-16.8676
1040.14	705.029	-17.7559
899.673	-24.9274	-20.5446
1231.63	444.713	-19.7827
887.216	-803.282	66.8243
1261.98	-596.672	-9.02557
1178.5	-1213.34	77.3108
-657.327	852.098	-7.10776
-937.099	1211.72	-16.3842
-1243.49	-342.881	-0.794786
452.342	1460.04	-19.3977
524.361	496.108	-18.3385
-1128.09	-1427.27	74.8943
192.259	-884.678	104.656
-1111.88	1475.26	-12.8717
1341.67	-522.906	-11.8833
2.35789	77.4413	-8.10902
-1493.03	-89.7647	-0.752513
-1138.35	-1236.74	43.4942
-1007.04	1420.99	-14.8055
-556.196	368.741	-7.7491
-85.9971	-845.381	97.5451
-703.751	-162.968	-0.876685
-889.415	971.821	-9.4758
322.697	107.703	-10.4236
-894.819	948.677	-5.8471
-736.788	-1362.13	43.4981
1202.51	-307.699	-13.8047
-1220.56	-207.383	-4.07828
271.456	721.848	-15.9537
-1299.07	-773.355	33.0571
-627.217	-988.929	11.3911
268.953	-185.19	-2.27495
1307.77	-1044.06	58.5098
-653.88	154.568	19.0107
-473.335	741.747	-7.64826
1370.46	546.041	-21.6642
-1062.32	-612.666	8.92805
-95.4123	-98.6154	19.9822
-519.188	-134.692	30.1728
1139.8	-952.582	50.9268
1388.01	-1477.61	80.2824
-1197.23	1271.55	-12.8489
324.848	-1288.07	35.1413
-7.31886	-782.039	101.919
801.243	1077.58	-17.6278
1277.2	584.523	-21.0004
-465.811	927.667	-17.9786
-368.879	1403.32	-17.328
-348.158	-595.624	63.1266
1423.78	793.189	-19.1461
-579.381	848.359	-12.4939
-65.4588	-232.641	49.5124
-791.938	-619.096	1.74525
1476.17	1202.82	-21.4724
-351.75	-477.302	66.5773
-1222.21	-1100.58	48.7739
-623.008	557.955	-10.0697
-54.7581	1483.78	-16.2079
97.9741	605.885	-13.4658
821.232	616.54	-17.6179
871.107	-477.655	-9.3102
1323.63	849.761	-18.1964
957.617	-384.894	-11.9178
-1194.69	-1068.88	48.2291
-1485.53	876.863	15.9159
-622.097	105.207	23.1703
833.525	-890.182	85.6827
-704.29	898.241	-9.34388
438.691	-675.399	69.3686
718.097	-418.234	-1.39999
-1133.65	-57.9743	-4.44472
-1313.45	-1445.4	92.2353
-1482.87	198.871	-1.05077
-1006.23	-1119.62	36.8379
-1108.65	-194.319	-5.20116
-1391.51	9.58026	-6.45304
-927.755	635.209	4.53939
-898.563	-1341.97	37.0258
241.029	-1166.26	49.9541
-170.235	927.755	-17.0916
-1164.12	415.794	12.6042
-265.914	-1319.25	57.3757
-515.94	-1203.4	21.4379
-1028.8	545.559	6.21573
192.868	-276.09	12.7957
-889.977	848.022	6.308
272.204	-1320.08	34.8692
-308.594	818.933	-14.487
-1217.53	-813.281	26.24
-1301.42	-684.272	25.7144
-838.921	-743.568	7.75979
-1131.9	-237.297	-4.44852
856.492	-245.493	-17.067
1393.04	-14.6588	-24.1335
601.06	-329.912	-3.19125
44.0448	-180.948	22.8963
-520.962	1360.66	-18.7867
659.417	268.155	-21.5342
-1110.05	-1207.55	41.8042
-105.364	-1095.71	99.0142
1442.35	-1302.03	96.9591
1070.76	757.451	-18.7283
-492.465	-460.378	22.1005
-18.9569	891.152	-16.4042
1455.27	1087.84	-21.8881
-1053.94	1116.47	-12.7448
1107.46	195.587	-20.99
1005.18	1194.44	-15.0561
-1008.29	-168.13	-6.73497
224.062	-1155.61	51.9732
-1194.4	-1014.46	48.0844
1429.59	515.155	-24.2921
1023.29	239.738	-20.1124
508.56	-62.5769	-10.2614
-1109.22	1381.23	-14.2878
-62.9785	-256.072	55.6333
-187.828	445.825	-15.4359
-1041.42	1324.54	-15.9357
-1390.38	1296.41	-6.63038
-1452.82	-743.331	20.2764
1433.19	274.383	-26.169
785.598	-1402.21	23.632
442.139	1014.76	-17.7672
113.977	-1490.29	38.4732
791.943	-65.9642	-19.4098
1117.42	-193.101	-15.4347
466.11	-517.835	25.7929
-431.288	8.42971	46.4947
387.764	518.375	-17.3756
-801.604	-584.234	0.80298
-459.705	-247.092	26.6313
805.696	419.088	-20.4947
1428.97	402.688	-24.521
1351.87	-246.831	-18.5063
971.84	838.674	-18.9099
694.612	-341.141	-7.79078
190.22	-856.868	107.094
-1362	797.574	10.4882
1127.17	-1355.94	67.2953
-962.814	505.266	3.29279
-1442.16	1228.42	-3.37529
276.561	1167.55	-19.1681
-23.1528	573.556	-12.1197
-1287.12	-551.651	11.0907
-1315.61	-284.09	-3.47248
-1332.7	1490.02	-9.59494
574.932	1464.16	-23.3597
944.825	438.772	-18.9825
-970.503	985.569	-8.73124
-634.541	1198.98	-16.7182
-501.951	-1396.4	37.0554
-1146.96	399.026	9.69924
301.182	-400.93	9.81484
-636.852	-1019.34	11.9026
-1467.69	1006.99	22.8961
755.982	1499.55	-25.0724
-1312.16	1268.45	-9.02601
430.151	-728.782	85.7993
1055.14	1488.98	-26.3078
167.408	-874.784	104.948
-1085.09	-1208.78	41.3043
-837.268	-536.955	-0.550314
640.533	480.947	-18.6207
746.875	596.245	-18.5415
-115.603	-1013.12	97.5387
-449.649	1484.4	-16.4268
433.678	-989.27	96.4468
-389.555	-4.59408	48.4117
577.318	1088.07	-20.2203
-1401.82	-1148.45	46.0038
-1045.97	256.359	-9.63636
264.741	874.739	-17.6645
-199.147	-318.98	79.3928
1373.53	-1351.04	95.9222
-1234.94	-113.257	-5.73863
1012.99	-557.913	-3.99514
-1131.89	1456.59	-12.9733
416.888	-267.521	-3.01862
1261.83	-1132.33	84.8526
1238.98	27.9934	-19.2278
568.047	1495.77	-24.1348
-543.443	1499.5	-17.0327
-137.48	-1189.89	79.6079
-1085.07	-675.263	12.1581
-316.635	-274.003	66.0148
906.764	296.639	-20.4617
-1163.77	-1022.28	46.917
-1267.09	-698.548	24.2877
993.283	-662.225	7.22429
436.483	-619.575	55.2489
681.059	1038.78	-19.2183
-1485.25	-369.471	1.28155
-768.218	-332.887	-2.01325
-809.399	-943.814	14.2063
-969.397	146.566	-9.77017
1317.07	36.3331	-21.8315
-425.653	1313.85	-18.2005
-448.323	79.8991	29.8618
85.8111	-844.891	105.721
375.877	-7.43531	-10.7126
-299.642	1097.76	-19.9255
234.178	-17.9231	-6.05902
-950.222	174.633	-9.6213
1099.8	760.42	-18.7299
-1043.36	1073.06	-11.6442
839.604	679.886	-17.7464
962.916	143.478	-21.5005
-1267.93	1321.93	-10.9539
1284.1	400.897	-20.62
724.126	-1425.38	23.0852
1161.3	42.9489	-19.7174
321.947	-1460.74	27.8954
543.784	-152.352	-7.87526
1085.46	1230.23	-18.0713
1287.83	713.045	-19.9539
1366.15	701.895	-20.4414
110.111	26.2057	-4.26296
-1028.65	1004.05	-6.27048
-830.83	404.581	-8.12592
406.107	428.47	-17.1249
-704.166	-844.006	7.90147
-227.388	115.082	2.43716
-570.239	778.939	-8.8807
705.17	-22.9584	-14.9961
395.583	222.737	-15.5326
428.729	-560.787	36.4865
-465.661	-732.293	22.5048
205.38	-197.077	5.07829
-419.972	-785.039	26.1796
-116.834	-1416.08	59.8912
395.462	-673.82	63.8398
967.631	1012.03	-15.3612
685.041	-1245.94	33.0192
-82.2736	1269.66	-18.4583
835.582	-965.561	79.9665
-1.58546	285.065	-13.7688
192.976	-1304.77	37.0144
-12.495	1494.42	-16.5564
511.815	-224.13	-5.67809
138.21	-1005.06	86.7764
-1085.2	-875.49	30.4303
500.019	1410.66	-19.8662
953.933	312.348	-19.583
-1210.09	95.2412	-10.7452
-298.662	147.512	4.40853
-1353.67	652.313	11.1516
1083.93	807.162	-19.1114
-1284.5	-880.82	44.023
-661.977	-87.5387	8.8883
355.721	-333.155	1.91301
830.346	-746.404	50.6274
-1164.78	1363.66	-13.056
844.535	269.743	-21.39
-386.295	-907.015	31.2924
-868.039	760.789	7.07924
-1471.87	319.479	17.6872
-745.37	1463.39	-15.8395
1343.41	-1260.36	99.4498
462.455	-302.231	-2.31105
1053.43	1379.34	-23.5686
1243.17	1464.5	-27.4362
1397.11	-1289	98.8144
397.284	-673.281	63.8122
-857.122	941.702	-5.99758
664.191	-21.439	-13.8066
-1495.07	1.21127	-1.99267
819.545	1413.77	-25.6334
467.921	-323.351	-1.73187
219.131	521.298	-15.0072
-898.58	-720.651	10.6106
-182.102	1321.54	-17.0841
274.219	-726.234	74.8506
-91.4738	842.671	-16.2315
-115.081	-191.504	43.5902
-19.9081	-813.658	106.524
844.353	-180.322	-19.2449
1358.33	-506.359	-12.286
-920.225	324.112	-9.89272
1174.25	1136.47	-18.3653
287.666	1467.83	-15.4023
810.71	303.103	-21.4239
14.2566	918.463	-16.5169
-101.526	1219.68	-18.5343
-23.1464	-616.195	93.0586
-40.4615	179.33	-13.8892
1258.05	-1443.68	78.3903
-1448.63	-1139.01	38.7826
1423.95	725.793	-20.3328
-983.634	1257.99	-16.5319
260.729	1419.92	-14.6485
369.843	1016.48	-16.8506
482.034	-1072.89	62.1044
1051.18	-1247.29	69.373
915.247	1100.58	-12.2538
-1022.24	-326.169	-2.68222
-944.589	-854.724	23.3631
-1147.24	-1210.83	43.6791
489.773	-1449.75	24.2701
857.59	901.29	-18.3642
-734.717	-1203.28	22.2621
1344.53	460.658	-21.2155
-485.995	-1089.64	20.7408
-145.746	436.229	-14.3343
-337.566	1104.03	-19.7839
-62.1111	-1087.88	99.8136
-1415.27	1026.87	24.0193
-344.591	1440.54	-16.9671
872.587	1246.26	-14.768
-171.979	-1035.05	87.389
-30.5428	-1184.58	73.0787
-1120.76	-1313.16	54.4506
1071.08	-1011.81	59.3779
-955.24	997.557	-11.6738
-526.966	-1193.75	20.4851
-691.221	1323.29	-17.9534
1160.66	991.777	-18.3291
1137.09	400.841	-19.0108
121.111	1203.53	-18.3236
-87.3454	-387.861	84.8681
-1111.81	822.552	13.9771
775.955	-1351.8	25.8904
1140.87	-1171.34	74.0247
-835.333	-643.209	3.72024
945.783	110.778	-22.0136
-1076.52	224.324	-9.91978
-931.56	677.735	4.10413
-791.707	452.55	-4.27625
-669.119	-1368.21	45.3718
1187.18	-19.2005	-18.3828
208.39	792.505	-16.2266
339.156	-617.227	43.0228
-112.033	739.743	-13.1113
360.529	1268.25	-19.5176
775.217	950.141	-16.9797
-535.857	-397.226	13.2546
-234.364	-1068.35	69.1756
-469.712	-1162.4	23.3321
680.399	1104.61	-20.9863
1446.25	-1462.94	81.2631
-215.007	1484.19	-17.4326
1453.07	-483.229	-12.6197
-312.416	-329.611	78.9589
-1267.1	-1419.64	85.4033
1012.97	1000.05	-16.1649
1364.31	-653.886	-7.50759
-275.021	-919.425	51.3502
1181	-1143.05	76.4552
-501.236	470.986	-11.7668
477.124	1099.07	-20.7506
-1337.23	-510.276	6.85078
361.839	-615.507	44.3186
609.67	1285.95	-22.182
650.746	-743.164	73.6567
91.1063	884.617	-17.9297
-1339.02	788.55	9.9983
152.3	-1058.01	68.4461
-1093.92	383.024	3.47837
424.118	-186.564	-6.43272
-892.985	-554.644	1.63036
1108.9	1335.51	-22.1889
-119.746	1255.54	-18.0177
331.612	894.388	-16.7686
946.1	1004.04	-15.1179
647.373	-743.707	74.2712
541.556	796.11	-18.522
1141.96	-592.362	-6.09033
139.408	-321.754	27.7959
-1320.61	-1188.91	49.204
1041.61	602.756	-17.4915
-365.557	1115.44	-19.6827
-1120.72	-35.3633	-4.992
-1325.42	1331.01	-9.3344
1098.41	-590.658	-4.5875
-1412.35	-874.571	34.0556
138.123	-274.371	21.6625
1364.64	1293.77	-23.8161
-638.855	135.514	22.4612
28.7171	608.77	-12.9167
82.3101	437.799	-14.2076
-265.51	286.702	-11.7446
-166.722	135.186	-4.61506
605.022	277.005	-20.5973
-55.714	1215.96	-18.758
995.013	-1135.96	74.6427
377.526	-758.534	93.1109
-1030.71	47.0101	-8.64803
-642.788	-911.066	12.2953
-1403.47	47.838	-6.2376
1373.69	-131.759	-21.9119
47.6801	-1496.82	41.5191
942.041	-706.567	20.5531
33.5777	-950.327	101.589
886.02	1297.93	-17.5352
-1107.19	-123.68	-5.73065
-483.451	-649.287	20.1905
-181.7	492.813	-15.0626
-328.147	-94.9704	58.7088
464.449	-1380.85	27.4948
-638.955	-1082.11	12.9026
1147.62	-627.791	-5.6322
1151.69	866.136	-18.3499
-878.622	890.891	1.80494
-1287.67	-323.366	-2.67825
323.484	-1033.84	80.3105
676.642	174.76	-19.8909
620.313	443.628	-18.4414
606.692	-237.849	-7.93437
1030.74	772.312	-18.6709
1475.51	-822.271	-5.69438
146.636	1205.04	-18.0446
-40.2322	960.548	-16.7336
-1074.84	-1078.01	40.8846
632.533	1005.83	-17.9357
-1006.5	653.352	5.16386
-491.645	-809.432	19.1951
-1042.68	-770.777	18.3562
-1364.86	-1024.41	49.0563
-786.75	166.805	1.4181
1094.82	1072.86	-16.9465
393.749	1163.12	-21.4258
1140.31	-1192.58	74.8901
1242.48	-75.6705	-18.2772
-1257.02	-1442.63	89.4096
-900.273	-841.237	16.9716
71.2601	447.475	-14.0921
265.541	1426.81	-14.7554
128.547	1040.26	-18.6912
85.5976	1435.7	-16.3363
-977.422	433.098	-0.29186
1372.99	834.276	-18.7757
-883.025	220.174	-8.98295
-1137.94	-380.768	0.481708
299.534	-1108.24	59.8052
784.757	-383.124	-9.48498
-151.08	956.922	-17.6412
-1277.38	673.034	7.62069
635.569	-494.711	17.2551
276.09	135.537	-11.8308
763.593	1476.85	-25.9462
-857.785	-587.434	1.71186
820.239	-274.547	-15.482
146.219	1004.25	-19.2106
-536.077	-1276.43	25.7101
-1256.97	1333.8	-11.1212
42.1479	-395.165	65.2764
598.844	210.81	-19.7522
832.097	-1381.62	25.7712
-923.477	-977.196	29.3418
190.923	-1471.29	34.0865
-193.323	47.2936	11.9326
-851.3	1147.41	-17.5777
-1116.62	-143.486	-5.6373
-1058.85	658.714	5.93935
-683.082	-1439.45	52.833
569.646	1455.12	-22.9115
-375.176	881.638	-17.5334
29.634	-1424.18	43.4491
1206.7	302.757	-20.5199
-934.852	-777.039	16.3482
-897.241	-1453.07	44.0712
-1392	-756.164	32.4585
-617.58	1351.66	-17.6931
-1136.82	-174.9	-5.14137
197.945	-652.383	51.346
-882.485	1053.5	-15.7371
-412.588	1156.27	-19.641
1157.84	1237.43	-18.5807
433.052	414.199	-17.2891
-1156.38	-286.374	-3.00507
1472.76	-545.575	-11.8704
399.816	-576.985	39.9443
997.612	-302.71	-15.0945
-80.5822	-460.752	89.5228
1176.03	-1105.61	72.251
1129.62	174.287	-21.2621
-92.6562	-981.141	98.4166
-477.235	-927.852	21.6681
-851.718	-1273.57	31.8213
-80.3495	848.06	-16.5147
2.06897	-417.291	74.5008
-375.571	-509.966	53.7938
667.065	155.845	-18.9689
-1418.38	1413.81	-7.46296
-1089.28	-139.377	-6.1806
-1422.77	-1223.43	46.7913
-1264.29	512.09	28.0918
-621.308	1430.1	-17.0841
1445.29	-1448.05	83.5125
-1441.05	32.3969	-4.52498
139.743	-553.986	41.9776
-128.162	1451.92	-17.6003
-518.647	-1288.58	25.6699
-84.9253	-1346.95	60.8676
1091.88	-780.288	20.5577
806.153	-277.368	-15.2049
-1157.42	1040.65	-1.64943
-288.875	41.8321	30.0709
-1302.31	-1340.55	67.2959
32.8299	-198.668	27.711
-141.488	-318.726	78.6261
1498.61	-1394.95	83.9645
-684.134	17.0892	9.68413
-719.525	452.063	-6.90711
-1337.59	604.316	17.5826
524.691	-783.557	96.1739
560.156	-1290.54	32.1203
28.8706	-151.397	18.5942
-633.055	1189.1	-16.6675
746.738	552.058	-19.0394
-1264.78	221.904	-6.2868
-1189.86	804.587	13.4946
69.0073	1113.38	-17.7348
-220.678	1213.61	-18.2676
-1071.89	-450.185	1.21898
1034.38	-407.224	-10.6239
220.344	-1233.18	42.7355
-232.609	-692.786	88.2726
1409.45	684.296	-20.7814
-306.095	-720.476	60.602
279.094	-1358.59	33.2538
-999.95	-1405.06	55.7546
170.786	-356.384	25.9674
890.233	1157.14	-11.7732
143.33	-676.311	61.9641
727.96	-826.176	80.4795
-1379.73	-94.0445	-6.35389
309.875	-151.448	-5.07355
-881.445	1162.2	-17.1752
942.786	979.652	-15.9544
1101.81	-212.013	-15.0147
76.5203	1440.01	-16.4928
998.791	829.93	-19.1095
243.702	-991.142	91.0537
1483.44	1095.87	-22.1285
-771.9	-428.033	-0.474807
72.3612	-489.431	55.8534
-856.102	176.492	-6.41802
892.788	1264.3	-15.0816
-1035.98	1107.72	-12.9467
-1278.1	861.906	25.5437
35.9346	-946.495	101.814
217.168	109.339	-12.1752
753.008	-537.953	4.87421
-1095.26	429.901	6.92357
-662.653	-543.917	5.67785
-875.916	1230.2	-17.7749
175.752	1256.14	-17.016
-701.63	691.809	-1.3597
-278.604	249.979	-10.5863
-887.248	-1249.34	35.8989
846.787	1406.62	-24.9523
832.054	1048.84	-16.4
-121.08	819.08	-15.2218
1189.09	828.842	-18.0252
355.021	-502.868	16.5787
-573.771	-376.532	8.19309
668.658	-841.614	87.8653
-475.251	953.182	-18.2146
-1472.47	-1412.67	102.625
1291.83	-1440.66	84.1078
838.91	373.964	-20.448
970.224	-1360.6	41.4396
1451.68	-1355.12	93.1735
-1363.63	1391.11	-8.5298
-285.44	266.795	-11.0954
-442.368	-526.295	31.6309
-195.425	1486.65	-17.4771
-604.926	449.357	-9.23738
60.2228	-24.3943	-1.79325
148.776	289.685	-13.6791
-1315.36	-319.499	-3.13443
1088.34	-684.046	3.09911
718.038	1298.81	-21.1276
-429.859	1183.79	-19.1748
1413.84	-509.925	-12.2281
677.161	-104.929	-15.0666
1436.03	-1436.97	85.4416
-296.951	-225.4	64.0669
-1285.77	-582.549	14.6694
713.12	201.71	-21.2609
1165.01	439.161	-19.156
-667.147	240.396	3.01899
-429.41	-1007.11	25.7236
-208.939	-53.7116	32.2811
-430.206	-755.619	25.7691
1315.14	-499.282	-12.3883
-206.416	-416.963	99.1847
108.334	-1322.21	39.4716
-576.43	-668.518	11.2051
1377.63	438.072	-22.7326
976.03	99.1799	-22.0892
462.454	-1398.64	26.5984
1365.15	167.153	-24.225
978.828	1059.79	-14.4296
-1377.28	1144.99	0.131845
-911.96	827.339	8.12203
133.524	468.747	-14.3404
837.275	656.406	-17.5924
-873.794	-489.156	-1.64636
-434.279	-1064.41	25.3632
-1082.98	292.616	-6.18066
960.77	987.585	-15.7634
1092.04	-1115.85	66.9815
-589.351	-1224.22	21.535
-1238.41	-1067.91	51.1799
1365.44	-611.347	-9.41432
1198.14	379.124	-19.8296
-395.017	-403.467	50.1446
785.935	492.558	-19.7117
1069.34	135.945	-21.5769
-262.454	134.798	2.90565
-1415.27	140.169	-4.07189
1442.44	599.118	-20.9515
-667.088	-917.163	11.6297
459.655	1041.63	-18.859
428.199	-894.304	119.034
-692.309	1086.42	-17.8201
-610.615	-1292.58	30.8944
108.139	1214.32	-18.4683
506.337	581.521	-19.1148
87.3468	-1284.23	44.9241
-989.539	-1108	38.0057
345.241	-781.249	97.7201
-969.656	-245.524	-4.76401
-79.4172	-776.373	102.618
-737.155	402.734	-8.17221
-472.653	1179.71	-18.8259
-13.1674	-966.599	104.401
1451.96	65.5319	-25.0874
273.399	1251.8	-17.4969
610.311	412.873	-18.5794
500.427	490.301	-18.2348
-691.523	-760.29	5.64442
-1413.83	252.951	3.71184
-1334.31	-1207.35	49.1068
606.147	782.155	-19.2848
-1188	-801.313	22.9137
-943.082	-1279.4	42.7904
-218.291	-243.225	63.3165
1085.52	338.275	-18.5725
1367.21	346.453	-22.6307
-1338.73	-636.127	21.3966
856.5	-1498.34	20.2471
-193.49	-98.7081	37.5757
65.0368	-356.475	51.3787
-1145.67	65.4646	-10.463
1153.88	1303.43	-20.3633
-1344.51	-344.236	-3.41836
1316.25	1219.16	-20.8313
-246.347	-297.769	73.2375
57.7441	-180.801	21.4534
-120.505	536.213	-13.6455
-449.811	-794.152	23.2357
-650.87	-1021.59	11.8069
16.2498	-1119.88	85.4494
-929.076	1314.6	-16.8413
-358.367	-868.707	35.5194
1093.54	-1053.95	60.9329
-1375.58	386.902	34.4751
-1446.71	-1335.95	76.3774
-243.446	1367.09	-17.3193
1113.36	-133.47	-17.0684
396.071	1463.33	-17.2377
-660.516	1312.63	-17.6656
333.6	709.103	-16.4214
-952.351	-151.165	-7.31724
-1437.2	-211.931	-3.62291
651.703	-1163.14	41.728
27.6317	-1274.02	52.5972
-1180.78	-1360.77	66.2434
-423.732	-1278.21	29.8375
-397.495	-1335.26	35.3522
144.99	2.25251	-3.65648
-1246.17	1400.49	-10.9876
-476.954	1406.44	-17.9195
145.408	762.634	-16.758
1426.7	-1465.34	81.9512
1455.98	-487.172	-12.5109
-30.3682	-23.2856	0.886197
399.067	968.12	-16.0834
-690.803	684.662	-2.34648
-168.86	-448.758	100.009
337.698	71.4729	-9.62944
-1164.61	-942.636	39.4169
367.038	431.035	-16.996
662.381	-69.125	-13.5361
484.696	713.834	-20.2584
942.606	1148.97	-11.9515
1203.69	-316.965	-13.7437
-604.991	-1473.11	49.7579
-1499.63	-701.231	9.70545
-905.273	-870.339	19.2249
-578.766	1455.79	-17.5192
-422.227	175.798	9.75564
-89.2953	-74.1865	14.9468
-294.02	266.553	-10.8942
-1478.77	-505.179	3.79067
-1217.83	-567.623	10.7172
1389.06	-245.046	-19.487
1330.92	-1365.64	94.9174
-636.414	-256.797	3.68018
-60.7572	750.663	-14.5903
-414.061	-658.071	33.6176
941.153	1052.67	-13.6335
608.128	1248.54	-22.1934
930.761	-288.49	-15.737
-845.663	-1360.96	32.5584
-339.396	-673.519	55.7479
711.355	-858.477	86.2395
902.488	-146.504	-19.616
387.466	-242.674	-3.37913
-1379.49	-269.964	-3.90739
410.043	82.3375	-11.889
-132.037	-1096.03	94.4586
-455.894	662.219	-7.985
-189.496	1027.74	-18.4049
-9.36056	129.876	-12.4351
-698.67	-336.878	0.703951
915.711	-1497.53	22.7734
-493.833	-1431.93	42.1601
-1247.46	1248.43	-10.8222
933.11	-828.335	69.4844
-1014.73	-253.92	-4.49978
1172.05	-728.594	0.640616
-758.158	682.561	0.11481
1247.68	32.0598	-19.5224
-793.486	-628.502	1.97647
395.822	-497.722	18.0977
1237.25	662.642	-19.7325
-899.764	-35.1046	-9.51458
-1126.47	-1128.63	41.2244
-1282.99	-409.052	0.990155
-503.09	1284.78	-18.1916
428.677	934.428	-15.8714
707.68	1252.04	-21.4744
-201.045	181.212	-8.03983
404.659	-1174.16	45.3375
-692.099	-596.999	3.9995
169.015	643.067	-15.8122
76.557	470.676	-13.8091
335.859	-170.388	-4.96025
1423.03	-886.977	-0.0241281
1251.85	-1390.64	87.618
160.557	358.845	-14.1011
-257.15	-1328.02	59.0221
-1370.99	165.135	-4.86503
26.2124	-448.893	69.0309
704.929	-573.73	16.9457
1071.94	578.814	-18.0646
1130.38	941.472	-17.9392
-1089.73	-568.482	5.37036
1139.38	-635.24	-5.19634
-1101.31	-235.369	-4.64037
719.977	-844.996	83.7754
-1018.55	1062.31	-12.2221
-1490.49	205.301	-0.624577
-1004.92	1445.09	-14.8317
187.652	-1485.53	34.1791
-1356.97	630.508	11.9307
678.134	1276.73	-21.6093
-533.104	1017.55	-17.76
-352.956	-1022.6	36.4846
-1049.15	1432.07	-14.1615
1365.04	399.061	-22.6386
-832.832	-170.699	-6.9241
-75.1745	-1342.16	59.6099
-1002.39	-745.959	16.9476
-316.512	-1180.03	45.3446
-1089.58	-1293.9	52.4075
-796.246	-407.325	-0.936455
-1068.97	1155.37	-12.8673
-600.61	-1409.29	43.7756
620.35	1481.44	-24.9585
-206.929	453.301	-15.4233
-169.855	-69.3574	26.7152
-1108.4	-165.772	-5.57888
844.586	474.979	-19.7173
1398.82	456.466	-22.8448
-1318.91	51.5108	-9.35762
476.834	555.674	-18.8399
816.369	956.423	-17.3488
-812.458	722.065	4.07343
-681.652	-1277.96	29.9934
-514.041	1037.25	-18.1426
631.893	-399.412	1.71787
575.747	-1266.92	33.7624
687.048	971.283	-17.072
-125.32	895.01	-17.1772
-595.382	1499.95	-17.2391
833.782	1105.98	-16.2139
246.843	-1267.86	39.003
1470.76	9.2897	-25.3509
112.042	-44.7754	-0.823196
-88.7723	-10.6504	5.75267
465.445	-1304	31.2843
-1031.73	584.76	6.05841
-65.7174	298.624	-13.5687
411.169	1124.49	-20.4814
-1457.26	809.081	10.3849
-1395.31	-155.774	-5.88253
-968.121	-861.872	26.6864
288.151	266.386	-15.0688
-901.689	-512.472	-0.255264
1297.68	965.294	-19.3495
848.142	743.61	-18.2702
-372.086	1102.01	-19.6113
452.619	-344.516	-1.01026
-1175.9	1153.48	-6.43092
-1491.52	-991.906	17.7161
345.1	-1475.01	26.5311
424.674	-1136.57	52.1238
-1380.88	-1296.6	60.819
-623.164	-1383.45	43.5988
1366.73	-442.321	-14.0951
115.442	-643.084	62.3516
-1125	1039.4	-4.32992
-1220.93	-1184.48	45.4145
-33.2417	-937.384	104.311
-1275.85	1469.27	-10.222
101.249	-288.231	30.1559
-1369.76	662.795	10.6895
-1060.05	1463.37	-13.6583
1454.93	-116.915	-23.7199
-4.74005	-1268.9	56.5007
-1494.44	1422.36	-6.04561
318.386	-882.711	118.11
-1293.37	-849.142	41.9228
704.347	-36.7702	-15.2526
-37.4473	1369.39	-17.8621
-1470.95	1441.05	-6.49454
-482.824	1415.29	-17.9031
592.11	-219.909	-7.34599
-563.775	-515.192	11.712
-1241.88	908.617	22.324
852.716	1114.45	-15.2563
-92.46	-494.987	97.4017
-693.098	924.6	-12.7795
1457.91	-222.661	-20.6303
1217.6	-3.70935	-18.6638
1359.47	-994.156	28.212
652.151	-887.712	93.6371
-1349.62	754.422	7.60652
1471.27	-1403.04	86.3241
70.5713	89.0601	-9.82849
-278.924	1322.72	-17.6716
933.985	-1311.12	42.1379
-323.98	-420.583	80.967
-669.133	251.069	1.80279
-138.919	1325.49	-17.5967
-679.675	1269.36	-17.4474
-864.511	-763.572	10.7084
189.14	1443.57	-15.2348
1161.87	-1044.65	62.893
-228.04	334.962	-13.1742
-814.086	674.422	2.00994
887.3	1173.18	-12.3651
941.061	-465.413	-9.06519
1443.24	1136.91	-21.2417
-408.269	-205.655	39.6746
-632.422	847.97	-8.51232
1262.57	668.912	-20.5113
846.512	-37.7281	-18.9439
-1182.99	-753.018	19.0394
-59.5639	899.806	-16.9627
-44.6174	-553.597	94.0798
-1257.74	-471.363	6.52488
1174.66	-1446.99	61.6042
-1004.59	-1340.83	53.4419
248.526	-196.051	-0.966496
494.804	1384.91	-19.3743
-47.3728	1035.56	-16.8051
-1241.52	-1466.25	93.1398
-107.779	-130.063	27.6823
668.061	75.0923	-15.9319
1245.41	-1239.63	87.5374
1357.64	750.746	-19.6037
736.145	-1125.12	47.1527
-14.1905	386.38	-13.6217
372.418	1376.89	-17.5721
1272.34	-1393.99	90.611
-1245.34	-1368.77	72.0002
344.65	933.112	-16.6282
936.724	-1131.61	67.5431
908.34	-646.093	10.25
693.181	78.48	-16.6786
474.656	1337.57	-19.6966
-772.821	910.522	-8.04147
-1082.97	-785.898	17.8127
716.997	550	-18.8403
-457.457	-773.419	22.0313
-1453.69	568.273	32.3396
-882.634	-305.68	-2.83964
-988.319	-1338.5	50.8263
-661.772	651.872	-5.91988
-1329.47	1459.79	-9.56171
-1109.93	-1089.53	42.4016
-554.275	839.843	-12.9426
-1014.57	513.22	5.64033
-358.517	-638.705	52.0674
-623.514	-700.47	7.74514
-414.17	316.298	-9.5573
-102.953	-868.637	92.406
-1163.99	-663.426	11.4292
-334.74	59.8527	29.1393
-218.457	-218.971	62.0549
1043.71	1346.82	-22.0002
787.766	904.456	-18.144
-156.961	-504.067	109.866
330.493	-686.625	63.1729
1229.98	-431.632	-13.5555
363.298	740.843	-16.9158
222.2	1218.75	-17.8577
738.732	-1078.75	59.7057
748.114	-635.406	27.7952
-675.651	1037.37	-16.8729
1223.43	-1401.13	81.6783
-1231.54	1021.26	8.67543
480.51	-467.224	15.1682
1319.25	-1396.46	93.1345
727.457	-13.2816	-15.6319
-1162.37	-792.156	20.0752
817.001	1211.4	-16.8247
-202.188	940.004	-17.2167
752.83	1202.48	-19.8803
-431.367	-152.788	44.341
-778.833	-860.388	9.41592
431.066	-357.089	-0.154358
775.987	828.63	-18.7659
-1321.59	-343.916	-3.41362
-66.54	853.334	-16.7924
-1399.37	800.608	10.3935
578.538	1082.3	-20.0237
-1467.11	-10.3611	-2.96322
-562.243	207.22	7.66135
938.102	-1097.44	69.3055
636.956	-1234.9	35.7295
-1016.1	-381.679	-2.19838
421.869	675.142	-18.2769
-639.09	330.829	-4.84111
-683.387	823.026	-1.90286
99.8625	-1057.5	81.1601
975.519	472.159	-19.0904
1.35395	1196.36	-18.6375
-458.89	-201.137	30.2062
222.13	605.522	-15.6588
1471.71	12.899	-25.1528
-635.298	1364.04	-17.7943
1223.43	-1169.9	81.9431
1413.48	1252.92	-23.1551
1044.04	-480.799	-7.43453
-814.824	-484.03	-1.50481
-1380.21	140.642	-5.38589
746.352	-963.465	84.6265
1106.12	-127.124	-17.2684
-1122.41	-209.272	-4.84019
1426.61	158.134	-25.2916
1267.22	-1354.86	91.3497
617.337	-613.968	44.5268
-18.4249	-1250.04	60.7648
-269.201	-120.404	55.2139
422.307	1121.54	-20.4576
152.174	-800.472	94.9285
-1162.73	-1406.92	75.0491
-34.9767	330.144	-13.4589
171.111	-531.377	31.7555
-755.635	-1071.87	17.1094
566.017	285.806	-20.0268
-760.429	762.773	3.70105
-291.268	455.414	-13.5779
1182.08	189.17	-22.552
1249.22	-590.296	-9.08437
-1076.31	194.211	-10.4227
-322.939	1451.03	-16.9368
1268.65	-1160.82	87.7175
-879.749	222.947	-9.01707
-883.653	-62.0378	-9.21669
558.468	-799.687	97.2577
-1457.4	-474.184	3.2794
-556.796	575.959	-12.5708
210.808	-448.823	20.8842
493.781	-315.43	-1.743
-588.4	-991.256	12.97
-412.203	-969.715	27.6715
840.679	-23.176	-18.8984
836.587	-652.652	17.7001
1414.96	1294.76	-24.7077
-601.79	-1282.66	29.3599
1032.92	622.481	-17.3124
-234.045	699.597	-11.3367
10.0843	-1111.02	88.3399
-323.92	-1266.56	45.8299
1497.6	-346.11	-16.2221
-304.767	-692.218	66.0674
914.442	-247.657	-16.888
-524.538	1084.93	-18.2926
-793.207	386.328	-8.60773
153.885	1219.38	-17.884
-415.124	-394.4	42.642
-712.37	-35.7966	2.93128
451.637	424.571	-17.5531
189.613	954.936	-19.9996
869.573	-1113.48	58.4613
1307.1	433.493	-20.8931
-617.498	683.227	-5.47572
66.0557	73.0441	-7.87714
329.83	345.853	-15.842
-890.167	-392.274	-2.11925
-347.524	1386.17	-17.6393
-88.0071	-150.224	30.2795
1358.67	-356.971	-15.2485
-1448.31	-863.476	28.2263
-1096.01	1385.9	-14.3503
-1356.46	1121.67	2.29331
802.082	-266.967	-15.6082
-1312.98	666.844	9.57851
-1021	291.859	-8.10854
-855.501	-315.997	-2.63609
-957.923	-448.779	-0.506669
-64.973	-1308.78	60.7054
1288.52	-1000.78	47.3448
180.062	-391.537	24.5786
1102.04	-61.8076	-19.349
-1048.39	-22.0818	-6.93886
-140.304	485.635	-14.7296
-965.733	239.256	-10.8062
486.022	-1053.84	66.9122
-301.882	-922.687	44.9949
-127.381	69.9938	0.885956
-554.328	125.795	27.0143
257.125	-176.174	-2.28631
44.1736	775.702	-16.4494
-1258.97	-275.274	-3.21365
-831.368	-1322.79	31.0983
624.414	-1465.51	23.7538
-914.915	1051.97	-14.8365
-842.783	937.052	-5.77358
-776.068	854.193	0.899437
-392.167	38.5484	37.6828
330.843	442.629	-16.9853
-391.2	1339.63	-17.9759
-533.663	-1081.29	17.8266
-881.579	9.29622	-8.91165
-590.034	504.371	-10.3196
-1350.79	-645.982	22.6531
-230.273	-1341.76	64.4552
295.657	74.6673	-9.38399
-564.096	66.8069	33.2044
-553.316	-583.496	13.0831
894.577	1143.45	-12.0699
620.823	-791.61	87.5852
320.262	-82.1238	-7.96158
-616.705	594.059	-10.6178
1250.38	1194.05	-19.6199
801.097	553.352	-18.765
-995.185	-729.01	15.9917
-194.527	-997.893	79.142
-138.32	-1105.96	92.2036
1166.8	-680.337	-3.81615
-968.926	524.591	4.08263
230.221	-1098.09	61.002
1394.82	134.821	-24.7174
-569.155	936.47	-16.4858
1013.35	653.778	-16.9864
984.232	-935.607	72.6658
1406.65	-160.712	-21.7369
-343.849	-1069.42	38.8703
-1317.47	537.334	33.0388
-464.565	-470.421	27.0197
-88.6414	416.188	-13.3923
-130.589	-335.966	82.9062
-443.811	-971.912	24.888
938.993	1360.12	-21.3946
221.959	-1331.16	35.5372
-585.958	1498.93	-17.2963
-1427.23	-1076.86	37.6135
-171.522	1221.31	-17.9648
-1266.46	-942.065	46.0019
987.836	-338.849	-13.5463
-332.203	186.5	0.487597
-949.59	-1238.11	42.7426
1355	-1349.85	95.793
-1048.1	499.049	7.1956
-284.88	-225.333	63.8588
-463.065	-791.455	21.8012
-1037.44	-827.606	22.857
-744.196	-861.642	9.44454
559.822	-984.381	91.8496
107.447	544.637	-12.4341
539.985	-133.289	-8.19097
1207.18	599.882	-19.4211
1441.23	-1291.72	97.7004
-286.817	-1366.67	52.5364
264.85	-270.031	2.23804
-772.575	925.252	-9.79836
917.626	771.867	-18.7231
-683.946	-310.581	1.09774
556.985	908.285	-15.8311
478.128	-1047.17	69.2061
478.252	1323.9	-19.9596
-170.712	-807.025	80.5172
-382.586	1337.8	-17.9503
651.076	1485.35	-25.7461
-321.196	170.107	2.70439
386.981	549.299	-17.2032
-1272.78	-813.874	34.3682
-527.704	-432.203	16.3055
479.73	1475.91	-20.7513
-125.09	141.728	-8.03052
-468.668	-379.903	25.607
226.962	-1276.66	38.6905
1382.9	-473.029	-13.2507
0.820349	-250.009	44.6945
-713.39	-416.556	1.30251
234.678	-725.641	72.4365
78.9757	1155.28	-18.3525
-58.8783	-5.16923	1.54399
487.531	396.163	-18.1108
1315.38	463.538	-20.7852
1250.74	566.023	-20.672
564.215	-829.959	100.847
-1445.15	637.405	12.5837
-796.621	-344.313	-2.01117
-1219.44	-665.182	17.2878
717.265	382.522	-20.2196
-1183.12	-37.8634	-5.95228
97.8149	-825.984	102.106
-30.3803	1390.18	-17.5335
-971.338	-899.774	30.2804
299.902	586.183	-15.8365
248.925	-596.039	36.9863
1114.07	-307.563	-12.3799
1498.9	-220.886	-20.8692
-1478.84	-1444.28	113.859
-1148.01	-843.92	26.3653
-1230.74	167.661	-9.41447
1104.8	-405.543	-9.52343
-1433.31	1033.39	23.3598
-1406.73	-544.6	9.96719
207.414	-1275.02	39.2515
1160.41	-620.514	-6.23573
1011.77	-169.316	-18.0003
444.218	-1449.46	24.8547
-319.577	-669.514	63.5201
-546.603	212.889	6.1772
742.94	-561.025	8.91581
-308.22	975.545	-17.8512
1229.86	-664.323	-7.87121
-885.648	-161.879	-7.27176
-59.6894	-284.049	63.206
469.655	221.734	-17.6747
-192.612	121.385	-1.30993
319.018	-52.1105	-8.83422
-834.311	-726.299	6.77866
989.089	-1137.47	75.0488
-310.779	-954.744	43.2028
-1356.91	-823.181	39.3978
1044.48	-1477.51	33.6282
-809.846	-591.158	0.932321
-1343.07	807.803	13.9767
446.352	-710.346	80.2193
1338.87	-90.7673	-22.3685
-515.788	1293.99	-18.1499
-1309.95	-1124.1	51.0593
506.973	50.2767	-13.2219
-1052.38	-962.541	44.7803
283.723	-295.303	2.92504
-718.469	76.6426	8.07348
571.281	22.0516	-12.9138
960.989	-859.862	75.1323
422.83	-639.069	58.5803
716.17	970.517	-17.2168
-1296.34	-962.65	51.6765
321.431	-563.644	27.6031
-1234.94	412.504	18.8814
108.519	-1226.39	50.9291
-1424.28	681.634	9.67915
456.533	350.646	-17.7653
1250.93	-1097.65	74.4023
972.729	-840.663	66.7177
-1330.87	-702.716	27.5627
997.545	-1047.36	66.2308
1167.01	-1358.71	74.7309
994.596	-911.942	71.8263
-928.818	-250.136	-4.60267
371.661	-189.309	-5.09948
-226.279	115.864	2.23489
309.269	1466.22	-15.5553
1311.17	-866.536	4.8318
-562.892	874.427	-14.3838
-906.04	-893.503	20.6927
-1215.47	-1118.92	47.3872
943.89	-257.131	-16.5677
1140.5	1089.21	-17.5094
-1489.16	-208.046	-1.25828
-449.893	-808.487	23.5127
-129.35	-1416.18	60.354
601.668	-955.822	93.9724
-1152.34	-20.2159	-5.77299
-390.908	-980.507	30.8795
-1489.39	-435.488	1.62821
-1102.88	1433.3	-13.3072
-1400.4	1169.32	-1.76897
-927.027	-1041.24	32.8284
284.118	451.185	-16.8128
129.941	795.766	-16.9051
-377.354	1360.42	-17.8383
-1430.65	-734.403	25.0741
440.8	-556.349	35.3387
543.112	158.813	-16.457
110.254	392.114	-14.477
-869.045	-1236.68	35.3359
-70.7359	-424.457	85.6024
-1258.37	1406.07	-10.6887
691.955	1314.25	-21.6406
477.028	777.409	-18.5929
971.219	-542.736	-5.1968
1040.62	775.875	-18.8138
-1126.35	-1264.8	46.3461
-1185.26	741.564	7.90379
-1483.97	898.675	18.3743
498.559	-179.21	-6.78494
262.668	-1062	70.7903
-62.1475	915.509	-17.0268
469.518	-1385.59	27.2082
1294.8	-1152.05	90.197
566.213	-1243.87	35.3049
83.9379	-4.18311	-2.54535
-658.452	-35.7479	12.7301
-266.365	1023.56	-18.561
-1311.9	330.957	14.782
1239.88	764.322	-17.8032
227.386	-415.062	16.0702
254.159	-1140.84	53.4612
-340.014	298.047	-10.5158
35.9644	1161.9	-18.1097
191.882	-275.024	12.8555
-996.033	-251.528	-4.57362
-1363.61	-182.309	-5.79603
-1042.8	-767.479	17.9935
-618.65	1207.74	-16.6429
235.812	-212.561	1.41094
-552.191	-959.926	15.3901
140.924	1104.44	-18.7385
-850.283	932.762	-4.944
-1468.63	-123.561	-1.78472
185.859	-587.964	39.1765
-1118.28	-1193.23	42.1534
-695.063	-424.276	2.07867
-412.423	-339.86	43.6259
676.289	-1302.53	29.6505
-550.013	-533.836	14.1754
1497.08	-1331.94	91.521
-952.176	-1100.08	37.2068
667.739	1187.48	-22.3168
-625.133	-1044.05	12.7541
-1398.22	-1075.27	43.2853
1434.18	-218.169	-20.7567
-542.843	-1065.17	17.3736
1051.22	-293.605	-13.8394
-344.385	907.269	-16.999
-144.246	-870.259	82.1947
561.493	-1349.48	28.8081
153.254	663.209	-15.8975
1463	890.77	-20.9794
-1430.11	-359.97	-1.48652
565.801	1108.43	-21.0045
239.717	539.797	-15.4824
-419.855	-1349.32	32.6796
-831.298	540.267	3.64302
1101.36	-640.652	-3.52868
-20.5425	-1124.6	88.4597
-1100.41	999.56	-0.23529
611.741	-23.9381	-12.218
-1303.58	1290.27	-9.59638
960.472	-1201.93	63.3471
-1118.54	-983.636	44.6946
462.661	101.803	-13.1548
-435.12	1219.44	-19.0372
328.23	-400.627	8.50013
-672.898	-2.47243	11.7146
1328.01	945.655	-19.3513
-82.3627	87.3258	-3.85931
-1102.27	987.896	1.74071
1355.41	-378.85	-14.8963
-598.8	-628.978	9.64758
581.147	1483.88	-24.1636
-603.763	341.931	-5.72161
969.801	-1050.24	67.3897
-591.868	1479	-17.2414
1056.27	545.523	-18.2288
-1480.64	-365.986	1.00883
-535.211	-603.641	14.6115
-1271.12	84.7283	-10.8336
238.018	836.56	-16.6185
-636.117	-1205.12	19.8343
1369.49	-650.735	-7.68088
539.327	-234.492	-5.37426
539.2	108.728	-14.4089
1270	-1412.34	87.5901
-1011.28	3.81301	-8.29856
38.964	269.466	-13.9351
1462.86	-225.949	-20.5711
773.909	556.141	-18.986
-169.488	99.8087	-0.142639
598.551	-1183.07	40.1462
1324.6	844.192	-18.1704
1380.03	336.626	-23.1354
1041.5	-920.455	65.1151
-351.775	-1117.9	38.6156
-781.347	367.107	-9.04688
1473.34	1496.17	-23.3632
1097.91	389.839	-18.4592
354.921	294.859	-15.7474
-1180.61	778.232	10.8699
-1178.04	59.6251	-10.2946
131.428	-1266.35	43.572
412.02	1184.43	-21.6608
-904.457	-942.733	23.6127
1446.01	-1338.37	94.7507
1130.64	-1067.76	63.2994
906.555	-490.4	-8.42489
-1394.7	1446.98	-7.88777
-1398.24	-81.741	-5.38972
-1456.54	-876.863	25.9199
701.083	1022.53	-18.792
-1395.3	-114.51	-5.75539
587.524	1101.92	-20.5691
-170.586	-398.106	95.3754
-952.804	-502.31	0.936945
-538.432	777.79	-9.67153
-1446.16	-590.99	14.7303
923.062	-1466.13	25.3411
806.522	-119.193	-20.8624
961.023	28.8475	-22.3593
636.892	398.194	-18.8081
1097.95	1486.13	-26.0193
-182.461	-863.252	73.3186
1191.04	1274.93	-19.5361
1453.86	-1372.39	90.8744
-1265	367.632	16.2663
-1321.82	-478.612	4.71028
174.641	1011.96	-19.7537
-1074.77	905.443	11.7624
-196.929	-325.737	81.2943
-1091.61	-1288.26	51.4584
1130.39	-1279.45	76.2444
790.699	-1385.66	24.298
523.429	1450.39	-21.3182
-358.279	-1492.71	54.7498
-1483.79	-1009.24	20.3189
-462.884	-47.5182	51.5163
-1461.36	345.168	24.0373
1393.99	-698.432	-6.83324
1356.02	441.035	-22.053
-806.248	1000.16	-14.0476
1070.62	-1453.64	40.9743
-1269.35	84.5652	-10.8486
-997.374	601.676	5.45304
379.553	-656.841	56.9429
-663.761	-1217.38	21.7612
-681.616	-1020.96	12.5331
1159.78	-733.774	2.41804
-206.245	-420.705	100.126
-1259.77	-1446.72	90.2541
-1183.86	285.943	-3.66679
567.33	-197.743	-7.27002
1257.96	1031.54	-19.5729
592.261	-1265.27	33.9387
-1074.49	-1375.3	63.0253
-393.489	335.811	-10.484
584.788	952.468	-16.5619
148.151	-1450.25	36.499
-1167.86	1086.99	-4.45539
293.358	1235.94	-18.5051
1127.38	292.371	-19.8818
-1384.62	500.025	43.7855
-97.2299	623.724	-13.3739
1347.04	664.728	-20.353
173.709	-367.912	25.5406
973.357	-372.764	-12.3206
-637.34	-1495.87	54.0909
1001.57	805.749	-19.1571
1384.05	-210.046	-19.6417
-932.207	1399.03	-15.9506
860.674	1166.67	-13.1907
717.695	-1375.05	25.02
227.581	-1290.91	37.4309
108.403	984.971	-18.5524
853.703	860.041	-18.9463
-637.575	-517.546	6.75297
-253.454	-1213.1	60.4396
539.059	811.779	-17.857
577.052	-1333.3	29.8068
581.731	-659.518	66.7295
-933.268	-425.172	-1.94593
-49.5385	-114.495	19.6135
-324.859	1485.71	-16.5931
-1248.05	1162.22	-3.69502
-71.2326	1060.66	-17.4724
-1068.41	-768.046	16.7562
291.339	157.557	-12.3891
-679.861	-6.66576	10.3381
-1253.21	-1417.84	84.3429
692.014	280.526	-21.874
229.264	754.937	-16.109
554.643	-277.609	-4.4985
1031.75	-12.345	-22.4338
449.996	1214.46	-22.0221
968.372	-889.335	75.7147
-971.329	261.29	-10.0418
-33.73	-1217.09	66.9518
-643.748	1146.26	-17.1604
824.988	-43.555	-18.9792
-1161.04	392.968	9.43498
-743.796	336.396	-8.03163
-1246.21	475.22	25.5265
-66.7731	-6.9702	2.70628
1349.48	-311.837	-17.791
505.699	789.587	-18.5466
658.622	-628.773	41.8063
1254.08	-4.41193	-19.227
516.598	1201.09	-22.8103
1096.4	-330.168	-11.536
-292.506	-538.429	89.0692
-279.575	-797.612	53.5148
-727.627	815.935	2.26205
-585.802	484.714	-10.1001
161.083	618.654	-15.0896
-1243.93	246.722	-3.98498
1119.14	-1072.39	62.4488
37.1001	-1030.89	96.2113
926.893	281.586	-20.4155
931.952	278.24	-20.394
486.536	1170.14	-22.0643
154.342	985.847	-19.5677
224.375	908.239	-18.734
1325.93	1277.79	-22.609
-768.996	-933.465	12.131
-119.825	267.459	-13.7116
-860.352	802.199	9.73285
-962.783	-1187.76	39.711
15.1502	-875.278	109.351
-669.247	967.613	-14.9168
1285.21	361.772	-20.3649
-832.478	1436.48	-16.3147
-1322.44	-1040.01	58.2883
470.043	-788.924	102.099
1128.75	845.012	-18.6106
-469.829	-372.355	24.9061
1269.49	-718.486	-6.60888
-832.896	-163.362	-6.89384
1244.26	384.818	-19.9987
665.39	-38.4982	-13.8013
-219.889	-1263.48	66.047
-387.599	-1393.05	37.0224
1020.96	285.8	-18.965
748.218	595.436	-18.5607
622.098	-321.528	-4.82282
-613.693	916.377	-14.3503
792.354	-439.048	-7.02891
-1042.27	-1116.98	36.4072
13.8493	1040.52	-16.3438
83.9949	-497.42	52.9423
-1132.69	215.885	-9.30589
899.928	585.365	-16.9874
723.896	-1166.01	39.9493
141.524	-769.06	87.0502
912.179	6.62596	-21.3916
1448.02	1343.57	-26.9586
621.756	-667.342	62.2615
-422.998	-595.449	34.7076
-598.693	-628.491	9.65404
984.622	-906.978	73.0703
-1032.43	703.871	5.17907
1245.81	285.159	-21.1235
739.315	1420.26	-26.0435
-101.753	-372.432	85.0792
-1082.08	991.901	-0.376524
-1146.88	-1298.05	51.4634
-57.6627	981.878	-17.0875
469.351	-278.741	-3.2746
-98.3946	286.236	-13.6315
-27.251	885.155	-16.5036
-781.483	-813.415	7.66881
1359.62	537.585	-21.3481
-455.964	-928.653	23.6259
-464.53	-1398.81	37.7872
871.129	-1169.82	51.9072
1179.08	1362.71	-24.8013
-692.106	-425.145	2.20097
304.882	906.894	-17.4616
-716.52	-726.746	4.66773
-948.969	816.784	7.99087
-761.921	609.813	-0.410193
1281.81	1172.07	-20.0578
665.708	-604.565	32.941
-1481.03	888.668	17.7124
800.563	1291.75	-18.9262
934.116	1235.8	-12.8621
1380.09	546.141	-21.8642
-1497.71	-1409.79	105.361
1043.39	-1290.34	64.2422
1299.33	-599.771	-9.30201
-1274.46	1087.55	3.54806
772.668	-862.88	85.9922
-1432.69	1217.42	-3.19854
1155.27	8.26994	-19.3557
409.351	463.722	-17.5229
-865.798	-1092.24	29.1394
-1092.65	-413.591	0.623977
889.516	844.653	-19.2297
-1231.54	-1406.43	81.3224
-247.454	2.31783	30.4226
1355.14	-712.797	-6.41706
508.61	-871.961	113.683
1021.83	694.292	-17.3782
1022.34	737.845	-17.95
-160.841	1366.67	-17.4763
1430.69	682.816	-20.9024
467.97	188.451	-15.9719
-465.193	1239.77	-18.6826
-1232.01	-1010.67	49.6856
1439.01	-441.449	-13.528
-602.008	-732.099	9.52959
-522.375	-106.61	33.8963
1422.05	225.013	-26.1957
360.671	-350.219	2.38636
-548.955	-848.888	14.4213
-250.614	-1371.86	59.0744
419.246	-300.1	-1.92328
-594.26	-1188.9	18.1951
-180.207	-334.028	83.5863
-203.068	-310.848	77.1084
-364.423	496.953	-12.5331
1179.27	-626.997	-6.8341
793.169	58.8282	-19.0219
-771.435	931.635	-10.2882
-562.213	1363.21	-18.1542
-923.176	-1117.02	35.9344
1140.55	386.237	-19.1382
563.97	689.265	-21.5868
-671.307	864.357	-7.53819
-308.176	324.945	-11.5399
-368.879	-849.556	34.2371
1421.46	153.085	-25.1153
-31.4264	1429.97	-16.7697
-524.561	703.186	-6.15595
826.692	-1174.62	44.0863
1333.88	857.169	-18.3739
-129.854	563.995	-12.986
-597.377	1387.41	-17.5806
-1472.01	-532.37	4.69769
384.267	-1090.18	62.9916
-856.335	585.365	2.32028
-317.633	-1450.66	49.0712
419.319	-600.234	48.3184
1064.32	-456.504	-8.07046
56.6068	403.62	-14.1305
-1478.81	513.856	49.1525
790.066	341.851	-21.21
465.394	602.533	-18.4996
1206.52	290.083	-20.7471
23.4517	-32.9444	-1.12256
1095.15	848.004	-18.908
-527.244	-11.8887	40.2838
-527.198	631.655	-10.1465
1320.18	509.801	-20.6338
-625.496	694.922	-4.34356
1423.62	-604.933	-10.0353
-528.137	1397.75	-18.567
-573.874	1434.44	-17.703
832.459	-1395.08	25.2717
945.826	-1019.26	70.0768
-755.903	940.056	-11.1726
-310.975	445.151	-13.2092
1019.08	628.85	-17.2276
147.645	1356.81	-15.3821
1138.45	334.549	-19.4313
-126.668	-100.79	23.2354
417.491	1179.79	-21.7197
-956.632	-1307.93	45.0871
-322.412	-783.032	44.4242
-608.861	125.527	26.1322
965.157	299.518	-19.6162
-843.242	668.992	3.118
749.468	-520.438	3.73157
1058.8	838.479	-19.239
547.017	452.305	-18.2845
409.102	-1373.99	28.7576
-537.039	-1012.61	16.6622
887.43	-228.683	-17.6104
1491.47	-11.9131	-26.0722
-1276.32	15.6559	-9.89523
1154.13	1170.15	-18.0851
293.45	1261.13	-17.9213
-842.231	22.3661	-6.60672
-1220.97	1246.89	-11.621
-710.657	-318.726	-0.262256
549.174	217.368	-18.8626
-399.873	227.339	-2.87777
768.377	-1457.24	22.0695
598.398	1335.67	-21.9735
-1429.52	125.058	-4.07117
78.3447	1263.62	-18.4259
-689.16	1476.83	-16.015
-466.16	-249.651	25.3202
1441.31	978.826	-21.9535
-849.041	-80.5444	-7.84434
-300.185	-522.2	85.7369
61.3212	-348.015	52.0489
-630.74	852.929	-9.24945
370.797	-532.028	23.7922
700.153	-1121.71	47.4025
-373.752	-854.539	33.4962
-1058.68	991.369	-2.01517
290.641	1454.69	-15.1665
394.276	-638.859	54.7222
-142.036	972.808	-17.8253
740.432	-1196.39	36.7445
980.855	-1126.01	74.1813
-775.085	-1187.74	24.9776
-29.1624	669.86	-13.9534
1151.46	-286.723	-13.2592
87.1574	385.082	-14.3642
-811.097	-750.964	6.23275
91.4631	368.714	-14.0777
-475.12	-1099.06	21.8873
-466.135	-678.982	22.8982
-351.886	-979.583	36.9688
-681.488	-299.621	1.05127
881.551	-109.701	-20.2637
-1005	-975.301	40.3969
-566.261	-167.958	17.7488
-1330.87	-291.915	-3.21229
-206.134	-1452.17	56.8999
-1426.17	651.129	10.6814
-358.377	-331.165	62.5275
-1249.03	-1040.91	52.4131
-590.082	1435.58	-17.4397
679.709	-569.932	21.3922
1140.31	1428.02	-26.2842
-1494.26	419.642	48.805
565.334	-348.448	-0.280646
-320.025	-784.569	44.8724
693.751	-1413.66	24.0982
-1426.3	1371.07	-7.26832
-731.007	-1331.33	38.805
1486.16	-1313.13	94.1296
874.761	698.147	-17.6194
493.607	-1432.23	24.9544
-1230.74	700.994	6.63224
14.3755	-885.114	108.368
349.807	-15.4053	-9.8665
346.378	-392.815	6.92199
1185.53	1402.96	-26.4232
-37.1243	-1153.37	82.0594
-605.082	727.184	-3.50759
-673.998	1471.15	-16.1189
-745.951	-111.515	-3.18717
909.552	1499.24	-24.2572
-222.414	-1242.72	65.5105
-424.217	-98.5873	55.421
791.542	1198.9	-17.9775
894.716	1170.44	-11.9966
66.0601	1277.75	-18.4731
274.516	1486.63	-15.7772
1274.65	-1209.47	90.2309
-1431.52	-939.866	31.8063
1349.35	736.461	-19.762
172.597	-1492.93	35.0261
-1389.61	1327.37	-7.14813
96.3462	-1465.49	39.5413
-941.066	670.945	4.05806
-1132.7	600.94	8.43047
1291.04	1372.2	-27.6643
-970.673	1048.28	-13.0282
-1197.17	84.962	-10.599
788.412	-1221.38	36.523
221.418	-955.124	97.5733
62.9941	152.894	-14.4677
42.2336	438.367	-13.8572
286.56	553.259	-15.9749
1325.19	-1307.96	96.0985
79.0259	789.908	-16.8091
-397.879	-226.433	42.8086
-1465.45	943.138	23.1423
597.18	-1275.26	33.2869
-678.269	444.833	-7.43341
1448.74	-391.353	-14.3298
1160.54	226.778	-21.4349
-60.5935	-177.982	34.3491
-761.801	-200.901	-3.96176
-439.503	-663.192	27.9327
-980.258	346.039	-6.27848
671.857	-1279.57	31.2058
-932.739	970.26	-8.24374
593.586	-905.605	101.963
1440.15	-1000.11	13.957
-1284.22	-1143.49	50.0409
-570.432	-1079.2	15.8497
1035.23	441.808	-18.6728
301.245	-304.458	2.85562
-260.533	-50.4899	43.1734
8.94005	1457.69	-15.9436
-1372.27	-709.515	28.0597
-7.64881	-689.236	94.0022
583.212	350.311	-18.9774
1180.79	-326.813	-13.0255
-197.321	835.358	-14.4776
966.983	-721.822	23.1646
1374.04	199.078	-24.5653
-1348.9	264.525	6.05473
-534.965	1240.91	-17.7279
514.195	-1022.43	78.1318
-802.175	-1465.54	49.2028
-245.542	-1085.98	65.9163
1015.32	-113.889	-19.5585
1056.47	686.156	-17.3666
708.118	-772.188	72.9697
-79.8092	1360.32	-17.8766
1023.62	244.403	-19.9935
-1250.83	1466.34	-10.7447
-1262.13	792.682	11.7685
-1005.87	1068.13	-12.6065
458.7	638.286	-18.748
362.423	1225.62	-21.1042
-216.744	1290.61	-17.4078
1209.27	-654.842	-7.48751
-145.611	825.267	-15.0406
-1243.5	381.71	15.2826
-763.706	755.658	3.77988
762.364	1162.65	-19.768
-646.733	-598.312	6.57536
401.411	-465.684	10.9697
1011.42	-347.122	-13.1301
-738.96	-1008.16	13.1782
757.731	-641.627	27.8926
745.871	-720.83	54.2034
-718.347	-116.513	-1.84524
-422.023	-277.057	37.5277
656.477	648.354	-20.9979
-3.24681	1461.64	-16.0162
-1265.14	-1485.54	97.4505
-1366.43	972.084	33.5686
1054.93	-280.445	-14.1135
-1410.64	629.582	12.9644
-1392.36	-708.287	27.925
-1399.92	445.934	46.5026
-41.8108	1089.69	-17.4398
-1330.36	752.894	7.82952
366.149	673.882	-17.073
-485.842	11.1574	47.1565
98.1204	177.864	-15.9577
1265.69	10.9857	-19.8158
-822.783	-593.998	1.10038
-1492.66	1202.49	2.15813
-195.262	-663.873	104.241
-1290.99	-1451.92	92.4726
469.188	1258.35	-21.2189
-1435.79	1177.64	-0.306059
410.225	956.213	-16.0052
-899.116	1390.81	-16.3627
288.865	233.012	-14.7659
-1212.49	1115.33	-1.80878
-555.883	511.371	-11.955
1051.18	974.308	-17.247
-1226.57	142.308	-10.23
-188.871	-1490.94	56.1863
-466.473	-1209.73	24.3627
-193.543	1446.61	-17.626
-798.221	484.103	-1.19967
-63.0964	1241.09	-18.8705
-1468	-548.286	7.23429
-1276.69	-598.764	16.324
541.377	1102.51	-21.1226
-779.718	276.344	-5.23554
1297.32	-676.062	-8.20605
777.021	1249.57	-19.1637
-1412.05	-381.001	-1.73135
1130.05	1277.53	-19.3128
-83.1091	-777.434	101.882
1334.85	1344.56	-25.9131
1499.26	1190.77	-21.6492
-614.788	-256.445	5.20533
-399.54	639.325	-9.77308
-1259.72	-559.59	12.4186
-75.7596	123.106	-8.75846
1092.39	1355.85	-22.9629
346.019	1135.65	-20.1634
112.574	-467.818	43.3783
307.98	1166.48	-19.7232
1024.41	-477.55	-7.75718
-1083.17	565.45	7.56841
-655.689	229.661	4.22384
-288.444	964.344	-17.5656
-1141.29	-616.525	8.13417
-115.053	1382.21	-17.9259
-129.515	-31.8529	13.4629
-861.113	-151.078	-7.69299
745.181	1484.59	-25.6915
-1327	-229.085	-5.20623
-776.275	1461.25	-15.8899
405.272	1309.32	-19.029
701.304	1186.25	-22.3505
-1305.46	-834.443	40.9866
-108.766	-603.131	114.762
711.998	-24.7386	-15.21
-1454.06	-1085.96	32.8107
595.06	1398.79	-22.5013
-738.916	-322.825	-1.43873
-948.454	-1418.83	47.217
393.892	-801.548	106.839
-955.847	-1069.15	39.0595
36.7496	1216.66	-18.4985
-984.089	-1149.11	36.8945
-249.932	384.539	-13.6935
1046.7	1029.39	-16.3312
598.276	-1324.22	30.4163
-440.181	500.883	-12.834
878.486	182.588	-21.7394
1230.8	-767.824	-0.492956
-340.382	72.6295	26.1575
160.271	1035.14	-19.2966
-1442.02	139.956	-3.66367
1093.35	-1053.47	60.9109
-908.802	-1053.37	31.0538
890.864	1446.21	-27.0245
-305.319	-304.147	73.9503
135.008	1453	-15.5317
1067.61	412.892	-18.1812
269.116	-526.815	24.2419
-226.224	-917.668	63.7637
-1327.54	-985.397	51.4584
1473.84	-1074.73	27.2579
459.765	1325.19	-19.6783
-1166.38	1098.33	-4.85069
1493.63	-882.087	-4.71684
560.522	-288.777	-3.90705
1122.55	475.328	-18.7856
-1141.68	-1070.26	44.8919
213.485	-902.974	103.163
-129.801	1108.39	-18.4485
-1389.49	744.384	7.8345
-138.295	-964.932	89.9843
-1032.43	-331.435	-2.65657
-428.327	1416.56	-16.965
-309.878	1233.82	-19.0321
-312.302	837.466	-15.2323
-184.311	-613.317	111.227
-404.449	-802.262	30.1017
-695.142	-316.278	0.554048
233.282	-1392.48	33.382
1448.44	-1117.04	51.4433
733.257	-768.975	69.4626
1321.31	-965.535	24.3831
1247.05	-245.95	-15.9482
-1185.06	-861.312	30.3138
-1130.95	-1255.72	45.1434
1292.87	240.3	-22.3796
638.76	1082.91	-20.143
31.9699	1265.32	-18.7999
314.861	-1496.81	26.9906
648.014	-1087.92	58.2684
-838.226	91.0293	-4.02713
-110.714	-1114.96	96.9632
-238.483	-1215.65	64.4427
-109.848	1439.23	-17.6203
820.423	-738.667	48.5892
1267.19	-926.677	23.0444
-470.986	607.065	-10.7708
1181.97	170.156	-22.5213
-371.988	-1263.72	36.6619
806.98	1383.58	-23.7084
-1084.69	1484.15	-13.1951
-796.372	-140.206	-5.33732
-950.931	-298.832	-3.01117
585.395	-288.676	-4.95534
-1189.45	-455.518	4.94217
317.876	962.621	-17.4509
131.924	60.1413	-9.13834
632.307	-1453.81	24.2579
-132.804	1078.95	-18.5089
483.437	1162.01	-21.891
-49.3388	1209.17	-18.6899
-1422.01	1181.72	-1.86793
1066.54	762.109	-18.8247
703.275	820.045	-18.5502
-796.731	1231.57	-19.2205
1396.05	713.763	-20.3991
466.308	322.661	-18.0037
-1028.36	1053.19	-11.5297
610.638	-564.061	30.2154
1082.41	745.037	-18.471
1281.56	-1145.56	88.4013
-301.181	1239.44	-18.7784
30.5639	1328.49	-18.1454
813.175	1290.34	-18.3384
-710.973	-1279.84	31.3047
-216.761	96.3001	5.29781
1016.02	-167.709	-17.9346
-1038.21	297.635	-7.28784
-1398.59	-509.896	5.36793
-920.229	-827.047	18.1432
624.992	-158.011	-9.93508
-902.843	-798.61	15.0239
-571.256	-984.488	14.0381
1286.73	1271.86	-21.3504
-574.109	1009.62	-17.2032
-197.177	52.1605	11.8978
652.996	1434.08	-24.3417
360.426	1344.23	-17.6357
-1348.8	-1008.18	51.4635
-1261.28	981.968	20.6685
1029.62	842.072	-19.1694
1059.75	681.773	-17.277
-523.622	3.55979	41.4215
1249.24	-801.038	1.96183
-563.006	1252.14	-17.0525
1447.37	804.474	-19.5178
-644.481	-333.157	3.72438
1479.58	767.112	-20.603
43.5115	96.1506	-10.3792
891.193	-307.122	-14.822
-1042.95	-1044.86	41.5121
-1362.93	1412.04	-8.63807
688.041	108.201	-17.4638
520.594	-408.997	5.68156
-62.9547	-1476.72	49.35
-1103.41	-1117.01	39.7125
224.417	-806.282	95.4257
-716.044	-113.969	-1.38844
893.155	1260.64	-14.7918
-793.87	-42.7542	-3.31707
-598.538	1208.66	-16.7345
-807.337	-655.191	2.93007
-235.177	493.17	-13.8499
120.965	-640.813	60.8485
1143.15	-953.158	50.5291
92.0341	248.359	-14.1568
1312.15	1258.06	-21.482
-711.863	116.59	11.245
644.828	-961.754	93.4995
279.015	-1278.43	37.2836
1112.66	1309.51	-20.9265
-1258.34	-212.916	-4.67942
491.13	-982.657	96.7602
-984.934	-1245.97	44.8866
1005.36	684.695	-16.9924
-32.8655	-66.3174	8.92725
752.418	774.116	-19.4852
1057.54	-201.883	-15.9415
1229	-946.014	33.8858
501.395	605.367	-19.1299
1448.84	-1389.85	89.5203
1408.07	-4.46794	-24.6199
43.3898	754.015	-16.2931
903.284	-566.53	-3.69492
-539.176	1363.85	-18.6156
803.403	-1143.1	46.7423
1142.99	507.566	-18.8836
-21.8512	-348.327	74.9786
486.595	-1228.71	36.3774
834.522	890.122	-18.4667
-124.154	-1421.86	59.7256
-314.13	-934.635	42.2835
729.45	621.572	-19.0347
-656.329	-866.272	10.2383
783.739	124.863	-20.6262
-1199.06	491.58	18.2102
-977.759	-732.604	15.76
-218.73	73.9059	11.8438
1092.69	562.61	-18.4806
986.037	44.1339	-22.3947
-768.964	620.712	-0.953037
1132.03	581.796	-18.421
127.377	-179.574	14.0204
988.362	32.5265	-22.4591
-216.304	-437.945	103.067
-444.384	-331.618	31.8442
1024.39	-674.25	6.93009
-109.436	-1062.21	102.102
22.2082	-601.341	79.4568
-365.992	625.016	-10.8508
345.278	-1228.35	40.1356
771.063	-592.7	11.6342
-961.418	-268.019	-4.02425
595.804	873.68	-15.8485
-205.134	104.536	1.87769
-1262.7	-104.509	-6.43314
121.427	-1290.39	41.0316
1016.92	1279.06	-18.7327
-1069.18	981.347	0.234796
-1231.25	-172.631	-4.32113
-270.08	-1009.2	57.0786
-526.045	-785.823	15.8482
1090.7	129.629	-21.5617
598.363	-934.919	99.9061
-435.422	866.274	-17.0689
-148.825	564.382	-13.5569
-1253.27	121.032	-10.2144
545.379	599.304	-19.8786
-25.1982	1357.36	-18.0208
752.184	1418.83	-26.3089
1231.21	322.122	-20.3545
-829.408	-61.0219	-6.93187
1450.66	-807.898	-5.50685
921.792	1188.63	-11.6672
-771.901	990.659	-13.8418
-555.764	366.625	-7.65008
-740.364	-530.672	1.33825
-1078.15	1442.64	-13.4039
-747.291	73.9615	3.62455
-1460.08	1122.7	10.5242
788.793	-180.5	-18.7494
-1428.65	1381.32	-7.27938
-369.005	-1419.11	41.5425
786.32	-397.569	-8.58898
88.1943	-242.337	27.361
-56.7932	176.744	-13.5503
-565.621	386.381	-8.08719
-1329.81	696.826	8.59455
821.286	1076.23	-16.8207
-346.094	-725.075	46.7516
518.238	1352.05	-20.0694
792.186	217.441	-21.6374
-461.747	-527.67	26.7201
143.86	753.764	-16.761
414.05	-422.552	6.42247
-966.894	-1019.36	38.5075
47.9035	874.824	-17.0847
-319.562	-528.107	79.0115
1011.91	722.13	-17.581
60.6326	-1091.8	84.8183
-181.061	-533.544	116.941
-1160.4	730.36	7.70327
-663.556	150.214	18.7363
189.855	-1170.47	51.9131
703.053	378.339	-20.0782
-264.502	-1229.45	56.98
1017.22	421.179	-18.4725
-197.372	-159.451	46.3084
-121.353	1042.77	-18.3292
875.393	-1146.79	55.8245
205.985	-698.627	62.8195
-694.375	85.38	12.0706
-487.55	515.681	-13.9537
-388.954	-1397.53	37.2685
-657.445	768.887	-1.23735
14.5066	183.397	-14.9658
933.392	-1384.08	33.3191
-858.976	-1243.99	34.1299
-1284.8	-1089.86	53.2026
229.798	-1176.39	48.7007
270.546	1194.4	-18.6875
-1267.17	-435.204	3.34849
-1332.38	1110.21	2.75036
-1494.63	-751.901	11.0189
-777.344	647.663	-0.690517
-1048.59	-1294.05	51.4073
436.403	-175.467	-6.69273
550.241	-1456.48	23.8886
624.17	173.152	-18.7928
-877.741	1405.5	-16.3768
-729.849	1492.86	-15.9002
-990.539	-1077.52	39.6123
1413.7	1410.72	-26.8431
620.765	-1086.28	58.8457
-37.0514	941.975	-16.7417
-1414.78	14.3289	-5.47271
-414.663	-908.979	27.2265
1108.33	-1127.43	69.5597
-189.118	109.783	-0.121734
-372.551	-1203.44	35.9744
-926.062	161.077	-9.20286
1167.85	-476.931	-10.1728
-898.288	-506.523	-0.631934
814.09	109.971	-20.8683
-592.284	-803.122	10.9193
-1385.79	-1438.57	98.2751
-1187.47	1328.58	-12.7053
-1385.5	475.743	44.5489
222.794	-1148.74	53.1263
-188.501	-386.041	93.8929
-1194.91	-4.38253	-7.80508
1440.84	-360.75	-15.2092
-1117.13	865.543	15.0514
-1285.79	813.837	14.8798
1075.3	1403.32	-24.8622
-1282.26	-1115.65	51.0565
618.346	1053.39	-19.2497
248.233	991.858	-18.93
-163.25	521.086	-14.4111
-68.9929	340.201	-13.3476
-1329.25	708.495	7.84649
1400.42	-872.118	0.466463
-1264.37	-1292.27	56.2836
1161.03	1218.87	-18.4556
354.414	799.43	-15.0833
-64.0337	1130.66	-18.0662
179.918	24.0815	-6.88721
1417.4	154.408	-25.0286
366.776	1367.04	-17.5531
982.703	1055.36	-14.6553
-1265.3	429.924	26.7064
-434.072	1203.74	-19.0848
-635.748	116.954	21.9365
-816.099	-1034.45	18.8573
436.554	144.466	-13.5746
373.45	1493.01	-16.8838
39.1859	935.527	-16.9935
-779.233	870.933	-1.4725
-1094.33	1241.7	-14.7681
1234.96	252.155	-21.6817
-370.678	273.223	-9.10706
-455.304	-246.633	27.9238
-1293.94	-462.8	4.19994
-1452.12	-1216.48	45.8848
-276.637	-1218.2	54.3137
1443.74	-1191.55	83.2866
628.797	138.605	-17.5455
-378.589	-1350.51	38.1836
1413.54	-519.705	-12.0957
13.9021	1340.68	-18.1005
-1220.21	1377.34	-11.704
998.46	-1242.12	63.666
161.058	-722.958	72.5674
1366.1	-1455.15	85.7295
-521.186	179.486	14.1718
-353.134	-1093.94	37.8788
-271.005	-1402.67	54.6243
-308.633	-284.615	66.7609
-83.803	400.8	-13.3441
350.851	-1184.3	45.5586
1029.6	349.127	-17.6064
-964.882	323.235	-8.66588
1356.49	-855.721	1.05324
-364.494	814.867	-14.1676
461.953	-662.097	68.296
747.258	896.832	-17.6576
161.315	-637.066	51.9782
980.067	-1045.17	66.6012
-1044.13	300.007	-6.89917
1112.73	979.027	-17.867
-1141.21	227.596	-8.98355
35.8212	639.931	-13.8319
776.654	96.5576	-19.5503
903.849	723.849	-17.574
1365.18	1271.25	-23.1554
128.393	-677.831	65.3604
-1494.81	-1152.61	34.5917
795.52	1358.06	-22.7705
-749.181	-201.14	-3.45583
-1261.38	-273.303	-3.30894
1114.92	195.224	-21.1521
-1281.53	-1403.35	82.2539
-1067.64	815.735	10.8628
-961.887	-1174.25	38.7647
-440.202	-1145.71	25.811
-28.4888	-954.086	104.589
-1400.88	153.763	-4.23047
-1044.56	-1111.92	36.893
-1494.64	960.508	20.9661
-58.6833	1069.45	-17.3023
645.28	733.122	-20.9865
-1396.26	-489.911	4.78433
-475.441	217.958	4.55737
-1414.03	894.139	25.9358
1386.67	-314.412	-17.9018
-830.471	-304.189	-2.98892
-258.332	1217.1	-18.7452
-602.568	-423.978	6.98421
-174.253	636.297	-12.4579
-290.975	337.833	-12.0889
1253.84	-935.298	27.297
484.645	-1341.72	29.2795
1384.17	1088.8	-21.2661
144.711	-1340.27	37.7405
-837.526	-204.496	-6.14664
-119.402	-847.173	89.513
535.364	-1300.51	31.3703
1191.67	974.612	-18.6887
-1481.41	-1386.87	95.4044
-82.8366	-511.289	98.3848
1012.19	-637.227	2.54562
-558.908	-801.888	13.3989
463.455	675.483	-19.2778
-667.634	819.959	-3.09487
-771.784	1376.22	-18.2701
-858.87	934.773	-4.96919
-1250.78	-703.718	22.6065
-708.851	-226.32	-1.69759
438.164	604.461	-18.006
1354.03	-11.4426	-22.4074
240.124	509.551	-15.2925
854.742	74.087	-20.8426
328.717	722.641	-16.3635
-387.723	1169.96	-19.6894
1089.04	-570.587	-5.04584
-448.57	626.608	-9.83298
846.191	-1490.32	20.4509
-1321.63	274.932	7.25754
1433.52	684.236	-20.9235
526.051	594.344	-19.2608
-471.006	-413.474	26.9221
-1160.45	-1255.23	45.4999
-589.587	-1070.87	14.785
1422.33	-1350.3	94.7474
-942.784	435.555	-1.66945
898.277	-227.963	-17.5572
496.092	-1031.03	75.3062
-1421.44	685.631	9.56607
898.571	574.162	-17.2189
-652.379	1055.49	-17.465
1075.67	-112.28	-17.8982
307.928	-607.155	38.6764
639.728	-46.2711	-12.8305
-969.5	1053.64	-13.1742
1178.03	-213.07	-15.1294
185.037	1055.29	-19.3496
883.119	917.626	-18.1858
965.832	248.027	-20.3354
1118.58	-543.274	-7.07159
1419.28	-298.886	-19.2581
1167.78	207.768	-21.9327
1258.82	612.958	-21.1562
51.8326	-365.841	56.2375
472.838	499.772	-18.3141
1165.39	-1023.67	59.7913
1021.31	1174.07	-15.0175
998.498	-198.305	-17.6172
-568.032	882.512	-14.4857
-746.31	-928.85	11.0464
-1375.46	283.673	7.14299
-734.141	-16.5901	2.34186
23.375	532.662	-11.6405
-83.7497	729.029	-13.4472
91.5365	429.427	-14.3051
664.702	-971.661	91.778
439.007	-188.69	-6.44018
786.321	441.742	-20.5035
-613.539	-709.524	8.55318
523.83	-15.783	-11.4391
1390.43	509.634	-21.8896
581.727	978.674	-17.1388
-849.965	710.655	4.73323
-84.9741	622.058	-13.4867
1444.29	-1114.6	51.6619
-32.4688	399.195	-13.2339
1367.66	-1436.98	90.7295
433.398	757.163	-18.367
1046.93	-14.1995	-22.0772
1443.82	-460.874	-13.192
-1400.56	-1340.47	70.9911
725.11	-477.175	3.40149
151.775	171.814	-15.1632
-1035.34	413.185	2.99955
-1154.17	-805.711	20.7296
-537.267	1029.92	-17.857
1273.39	637.087	-21.3479
-469.373	1411.82	-17.7209
-219.888	326.225	-13.1603
417.524	-77.23	-9.07894
-214.738	-1051.46	75.0329
1205.64	-83.4702	-17.6936
-817.931	86.136	-2.9011
-766.744	-580.781	1.21118
-1150.79	-1351.02	61.7167
-567.234	877.067	-14.2787
896.337	341.851	-20.1201
-958.262	1164.15	-15.577
-1318.78	-74.8889	-8.21475
-465.523	226.5	2.19458
492.308	-1071.09	62.1369
6.70715	-191.69	28.9639
1294.64	-107.782	-20.5135
828.671	109.17	-21.1148
-440.481	207.534	4.40544
-134.514	-123.828	29.4322
-1448.47	1168.3	2.21702
-158.349	542.607	-14.01
1443.28	-1203.99	88.4574
-601.653	-1270.21	27.8066
453.918	724.356	-19.4564
-756.188	-1477.8	54.3144
974.085	-792.041	46.9785
421.943	13.4791	-11.9441
-704.983	206.407	7.34649
-1148.48	1042.91	-2.79484
991.807	-1367.31	43.5282
-1227.18	155.141	-9.91102
-988.101	-775.558	18.188
-485.033	-556.887	22.3048
473.845	-1180.03	41.7399
644.41	-1292.58	31.7794
16.1979	-485.994	72.4859
-163.307	370.048	-14.5265
76.2072	1045.07	-17.0479
-891.238	989.325	-12.1171
143.832	-1103.94	64.3379
1453.53	-1322.62	95.5074
-759.929	-1123.28	20.5644
356.78	225.027	-14.5942
1264.41	236.125	-22.1184
1193.64	769.047	-17.9751
922.714	-1267.81	45.8049
-1233.83	1219.23	-9.01588
-43.6824	1020.84	-16.8075
-445.091	-1102.02	24.8458
622.977	-1081.04	60.2316
535.618	1460.81	-22.0256
-605.836	-214.43	10.7465
53.5397	-1127.33	78.0122
-125.212	-1496.92	52.7052
1346.18	957.012	-19.5732
-779.452	-50.0401	-2.73068
-236.615	416.418	-14.4285
-1334.39	396.731	30.7112
-377.417	601.02	-11.1494
-896.401	-771.046	13.4101
-474.823	255.474	-1.78637
-837.196	-1474.14	44.2589
-12.3079	-1305.7	53.2494
-1472.73	-840.034	20.8038
947.351	211.629	-20.9954
554.736	-365.701	2.24736
1377.09	-435.432	-14.1918
-469.936	-486.542	26.7849
-1108.42	-1164.36	40.5671
496.113	-66.4752	-10.0643
-88.0131	-718.15	102.947
1128.88	-1199.42	75.441
606.131	-1064.07	65.1001
53.0384	1029.85	-16.6994
884.875	834.573	-19.3582
502.192	1488.26	-21.8302
696.739	961.157	-16.8046
1045.64	492.681	-19.1471
-943.809	207.204	-9.93037
-1284.49	961.868	27.4201
-52.0324	294.453	-13.6187
-436.523	-491.691	34.2341
-1257.91	483.528	27.8921
928.108	-550.181	-4.98884
-900.998	-1304.54	36.952
-1286.53	-64.6426	-7.76611
788.644	1258.23	-18.7451
-404.128	-1452.55	47.9545
-1345.93	-1200.05	49.3233
-425.215	534.729	-12.7405
338.444	-1063.6	71.7308
782.116	1191.61	-18.2896
-1075.05	-1004.12	43.9761
1399.23	-373.936	-14.9866
-532.503	1472.72	-17.3313
1271.14	279.498	-21.3957
-1245.64	-826.504	31.1045
-618.054	132.34	24.6789
-901.787	1251.74	-17.264
497.93	1317.26	-20.3359
1371.8	907.591	-19.2603
-1005.55	-1233.62	44.5158
-1030.7	-222.533	-5.341
1496.74	-60.5149	-25.1483
175.996	1327.07	-15.1323
854.671	843.831	-19.1813
-62.9631	-59.4387	9.8615
89.1628	1047.84	-17.4018
726.067	293.689	-22.0388
-1492.56	144.247	-2.8909
414.668	336.279	-17.1447
-359.972	-1157.13	38.1384
-1043.63	-879.383	30.4613
977.575	-226.106	-17.2913
-347.804	-1029.91	37.4641
217.796	931.181	-19.4164
140.111	490.488	-14.134
962.705	-1034.72	67.3488
-1195	108.312	-10.8908
-1337.02	1440.43	-9.3484
586.136	727.213	-20.9679
508.595	587.9	-19.1753
40.4845	748.635	-16.2484
1288.44	-957.055	27.2525
369.904	-550.8	29.0295
624.25	1350.58	-22.6383
6.45742	-1079.18	94.6622
351.462	425.296	-16.8651
501.02	118.621	-13.9275
-1.17831	944.496	-16.2675
845.132	758.267	-18.5767
-835.465	-18.4105	-5.86717
-349.629	-816.974	37.8884
-1478.03	-945.496	19.3364
760.967	676.442	-19.0048
-488.915	-1406.35	38.2863
1053.33	932.402	-18.2085
-1051.08	-1069.83	40.2027
-174.369	-906.661	77.6121
545.251	-131.208	-8.27345
-1227.73	-560.774	11.0688
1381.51	-1205.99	94.0928
-872.623	344.674	-10.3221
-1221.63	203.81	-8.45018
-191.533	-298.347	73.5444
1413.41	961.455	-20.9185
-44.8458	-1251.82	64.4627
-1263.04	-34.7072	-8.23239
-593.049	1436.23	-17.3989
-127.571	-86.0363	21.0302
1263.77	-1363.17	90.9584
-742.932	1350.4	-18.5585
-354.022	722.346	-8.89215
-1216.18	682.684	6.11513
979.148	672.215	-16.934
-1168.74	-530.305	6.94437
1195.72	-445.607	-12.2822
798.947	734.022	-18.4733
-1225.03	-456.632	6.20207
-559.026	176.507	15.3392
473.558	371.355	-17.9654
1477.31	-880.887	-4.10594
606.142	1023.02	-18.3719
-519.758	-1298.73	26.1663
-308.187	-45.44	51.6039
-1390.73	299.945	11.0211
86.3059	680.903	-15.0995
-1353.21	-103.892	-7.37819
-1416.4	528.51	44.1047
504.083	-84.4937	-9.55454
653.353	1356.91	-23.3418
-695.234	787.906	0.942097
401.167	-992.639	96.5596
1166.48	-865.66	29.5606
-946.243	-124.91	-8.01237
505.257	-501.01	23.0072
1117.31	647.79	-17.2999
1125.44	1260.74	-18.5345
-179.516	-138.291	38.8193
78.0747	-1108.59	78.9114
-1458.66	-961.014	24.975
-144.637	837.929	-15.399
-806.929	-1062.03	19.8048
1391.2	1326.68	-25.3414
76.2455	54.225	-5.75124
313.938	-53.0845	-8.75027
478.037	1358.95	-19.4799
1435.21	-4.31475	-25.9864
278.666	-1022.08	83.7237
-1367.61	-578.404	15.2225
-815.991	228.527	-4.71819
-1034.58	462.019	6.00069
948.841	-1173	64.6617
-238.821	783.544	-13.1184
-1144.68	741.521	8.30778
-378.315	1244.95	-19.0788
638.973	998.316	-17.7221
1064.34	233.746	-20.2889
-332.057	-721.667	52.3287
-364.947	1451.77	-16.7247
250.689	1419.85	-14.6889
1367.13	-1302.43	98.1523
1130.25	719.632	-17.9099
-1446.68	1134.59	7.32865
1256.59	545.457	-20.4149
399.864	1416.11	-17.742
1155.04	1477.78	-26.6747
-766.759	1464.78	-15.8121
433.703	1066.23	-19.373
529.586	1117.4	-21.5742
1218.17	1313.55	-21.4674
-1127.64	555.158	9.76556
-263.773	740.06	-11.7821
-721.802	517.962	-2.40701
1373.24	14.1068	-23.3462
1140	5.62778	-19.8451
-599.609	-322.909	6.10333
-66.1877	-941.928	101.848
1132.29	-956.8	52.8883
1107.62	122.46	-21.2015
704.206	-666.578	45.7163
-1356.27	958.317	33.3574
1152.12	-989.862	55.0357
-814.293	172.536	-1.73021
568.028	-691.858	76.403
-1125.38	-524.378	5.16724
-1477.99	1058.48	19.9625
-676.251	368.496	-7.41113
-402.123	415.956	-11.8178
-1040.1	176.295	-11.1048
485.928	870.807	-16.0679
-157.831	1233.67	-17.739
216.634	-823.892	98.6006
-336.217	-345.874	71.4364
-1086.29	361.518	0.578691
882.069	-1373.21	29.903
-282.097	745.364	-11.827
866.373	-441.624	-9.97897
1209.72	-915.683	30.4605
288.114	953.778	-18.1348
614.165	-1330.09	30.1168
229.366	1353.09	-14.1849
965.406	-1401.1	33.1698
-1020.51	-425.063	-0.721066
-943.375	1079.86	-14.5052
485.354	34.3818	-13.0044
-924.662	-1494.96	47.2095
913.339	-657.581	11.5484
1414.08	1312.38	-25.2167
-515.917	-874.958	17.6672
-1327.73	-581.34	15.0684
-936.442	-324.406	-2.25159
-382.768	-418.12	55.7296
1097.33	1169.59	-17.5892
862.614	857.565	-19.0041
267.976	-634.909	45.7932
-463.232	-579.438	25.1286
717.809	753.295	-20.0299
-497.616	-1204.86	21.99
1008.63	532.591	-18.4687
1066.63	676.479	-17.1645
-656.645	-635.718	5.91931
650.081	909.249	-15.4246
290.732	1122.45	-19.3075
-396.548	-953.429	30.0539
-197.489	45.8856	13.0118
-1198.79	876.04	18.2849
550.075	1444.16	-21.9562
-1499.62	-1218.89	46.8081
469.842	-254.915	-4.21342
1061.96	-162.917	-16.8634
-1075.49	-1392.28	65.1695
775.826	-1186.3	39.4615
-293.924	-1482.17	54.2207
1477.12	-53.254	-25.664
405.445	-81.0461	-8.83217
-705.382	-250.849	-1.05249
327.662	992.605	-17.2342
-304.933	-351.673	82.8045
944.527	-318.106	-14.6895
1417.46	-958.949	7.53553
-1205.47	203.413	-8.6599
1008.67	839.538	-19.1128
-1134.76	715.074	7.21145
518.048	1348.88	-20.1162
-561.664	-75.0121	29.9616
-607.974	487.988	-9.4069
590.788	1193.77	-22.3732
-459.346	277.296	-6.10026
790.833	-686.2	35.1579
1352.71	1375.74	-26.5502
80.7624	-653.695	72.3355
1190.89	-322.9	-13.3379
1356.5	380.309	-22.283
-593.63	-242.016	9.00078
268.468	-112.657	-5.57473
-1180.02	1030.61	1.91813
740.64	784.223	-19.5477
314.738	-1396.92	30.7488
-122.69	-1064.61	99.9515
877.238	-1435.52	25.3047
1317.44	-1108.24	72.3587
-1472.95	-670.775	13.1888
552.743	197.35	-18.1735
-1245.07	1127.79	-1.03515
1047.84	20.1053	-22.3507
-736.526	-696.489	3.90851
-212.302	-444.469	104.965
565.061	1049.41	-19.156
-126.065	1188.47	-18.5617
1013.43	-822.141	50.6902
1231.94	-933.565	30.3234
137.004	-393.562	34.9729
507.654	-598.25	50.3032
-222.032	-93.2739	43.0287
173.739	-777.302	86.5653
1319.15	-169.477	-19.2581
1039.71	-1049.51	63.5334
646.236	1137.72	-21.6893
-423.478	900.82	-17.8365
-1402.09	-876.367	34.8611
1275.25	-760.621	-4.24732
532.473	1274.6	-21.5016
-882.792	-1150.78	34.262
-863.857	1110.11	-17.5317
972.644	684.04	-16.9438
1445.62	-28.2228	-26.8781
145.692	-475.882	32.9393
360.687	-70.8803	-8.68176
719.145	1145.64	-21.8663
-699.842	-1302.47	34.9898
680.095	290.591	-21.4195
-123.739	-541.316	110.197
-624.498	-1009.27	12.0054
1297.64	1308.77	-23.1346
-547.322	-399.932	11.0642
1401.07	-452.15	-13.6313
572.604	-622.024	53.3796
1348.7	231.97	-24.3669
1045.07	476.859	-19.089
-591.025	-1208.99	19.9629
515.547	-685.287	73.8342
-1432.87	666.973	10.1069
-1375.54	-605.375	18.7232
796.375	695.605	-18.2559
-1026.52	-454.61	0.290711
-408.848	794.527	-12.4913
-989.429	-149.984	-7.23425
1233.92	133	-22.0235
-320.265	-676.479	62.3842
-896.743	308.718	-11.489
-316.788	-645.576	67.025
-1237.24	-121.307	-5.59642
-1461.5	-289.883	-0.747214
-1478.95	303.356	13.8971
935.973	-1268.06	47.9765
178.817	1111.09	-18.9616
29.0412	-559.246	73.3695
692.61	-448.616	3.8296
-849.07	408.687	-7.10135
1469.19	407.111	-25.8886
502.214	1447.1	-20.5517
-834.304	-999.247	18.8723
1177.41	1268.43	-19.2298
-596.953	666.33	-7.20665
1277.05	773.392	-18.0944
645.68	-207.618	-10.7277
1354.17	-1142.66	79.3497
9.96258	576.966	-11.9086
-1172.87	-362.726	0.441199
-1296	1498.63	-10.3341
-79.1649	-54.8279	11.0046
-394.745	-203.698	43.1533
123.278	343.72	-13.6298
-707.247	-104.876	0.333419
-727.105	-1397.34	48.8298
709.012	-848.399	84.7094
-525.755	-377.938	14.501
-758.259	-1311.81	35.7675
-1223.68	1082.99	-0.156333
110.815	-632.554	61.5679
953.636	-408.611	-11.0684
1060.34	242.712	-20.0763
472.471	-482.3	18.1256
-1461.46	-85.3337	-2.25389
-143.759	-814.336	86.9606
622.446	-285.97	-7.28854
368.994	-145.141	-6.76379
-242.032	-745.802	70.7501
-665.715	-328.957	2.45536
-1086.24	-439.674	1.24386
278.761	1045.74	-18.5787
-617.988	890.958	-13.2561
-158.351	937.392	-17.2937
1073.17	-282.445	-13.3209
-1295.75	197.718	-6.30767
-945.566	-1306.58	43.57
-1304.36	799.869	12.0582
-870.877	743.899	5.93949
636.686	98.1808	-16.1207
283.971	-1185.33	46.4271
-1067.4	813.001	10.6739
808.395	-462.291	-7.69119
-273.072	377.67	-13.1481
275.237	-173.467	-3.0986
-486.435	-551.319	22.3458
-228.658	981.725	-17.7438
-193.924	898.802	-16.221
1102.78	-556.561	-6.03875
232.202	996.265	-19.2409
94.1834	-1073.77	80.1604
870.047	818.946	-19.5447
58.5013	820.857	-17.0608
696.505	-1305.83	28.3896
892.554	-305.336	-14.9159
-448.781	-541.922	29.6666
563.606	147.112	-16.4654
385.382	-510.007	19.9772
-928.997	-174.275	-6.82421
1246.65	1491.54	-25.9551
611.336	1493.64	-25.1042
994.575	-1305.93	54.5701
-553.789	509.664	-11.9798
-360.425	-502.013	61.5566
333.164	-1444.43	28.206
392.44	-1247.4	36.4761
480.056	436.854	-17.9402
1351	-1148.82	81.6211
1175.59	683.445	-17.2866
-220.023	332.162	-13.2675
516.086	-710.379	82.1973
476.725	-238.237	-4.95046
-1367.47	205.802	-0.195904
-843.494	-381.854	-1.57171
-420.866	-228.713	38.4825
-37.7134	-1116.11	91.6164
-1219.38	-626.196	14.383
29.4485	1282.44	-18.635
-579.237	1456.01	-17.5107
-1382.6	-1363.56	76.1862
-103.419	71.9079	-0.866021
913.679	-559.376	-4.25818
-376.468	-857.066	33.086
1403.98	1250.36	-22.967
-375.261	-104.683	58.756
1402.97	-91.2794	-24.0414
915.501	208.551	-21.3153
660.047	-1499.68	22.0582
375.113	-196.1	-4.90844
-796.142	-82.9508	-5.49387
744.301	1391.77	-24.6104
-1340.01	1216.17	-6.08224
161.91	1280.98	-16.4238
-226.756	-968.486	67.711
-1378.89	-1329.02	67.3919
415.144	1129.63	-20.6387
323.481	130.878	-10.8235
-75.3963	-155.038	29.9659
1406.03	1265.39	-23.6241
1473.87	1114.57	-21.7469
-1137.86	-387.419	0.775969
-1367.39	-18.0376	-7.18442
1098.35	-180.337	-15.8095
477.364	839.489	-16.8354
189.139	1064.8	-19.2826
-613.141	-750.132	8.92701
-1198.9	1086.41	-2.10573
120.918	-725.771	79.9065
873.133	-963.994	78.7047
-218.36	1290.36	-17.4543
-1216.51	1003.23	10.7167
-229.818	-776.264	68.8983
-581.506	1453.72	-17.486
-458.086	1203.26	-18.8411
-1062.29	-298.137	-3.32152
530.162	-350.579	0.667691
-97.4905	-1419.83	58.3504
-940.235	-613.182	7.27387
1181.89	-1271.39	81.6327
1463.37	824.765	-20.1173
-921.454	324.81	-9.78299
-1113.45	334.508	-1.42519
940.802	1060.21	-13.4144
-1273.06	-1261.32	51.6444
-208.923	-488.998	113.096
1336.8	-1264.27	98.6529
1189.01	-919.043	34.9929
-312.598	1192.21	-19.8073
-643.971	854.357	-8.40935
-853.27	-113.947	-7.93441
1463.23	1355.75	-27.7414
-867.247	-709.191	8.34488
-528.195	653.253	-8.90971
-1122.55	1422.46	-13.4399
-748.566	-826.983	8.15669
-449.659	-295.744	28.7596
-746.981	621.404	-1.13797
1383.31	-1491.41	75.9566
877.33	-105	-20.1734
170.876	-223.03	12.2843
1057.85	-1277.28	68.3583
237.511	-953.854	99.68
1375.5	-733.625	-6.2463
-860.639	283.716	-10.4218
-1241.56	-368.873	-0.0240632
1104.07	-882.402	48.401
147.019	-1026.15	78.0365
-1291.41	-840.096	41.2992
-768.547	1336.44	-18.6425
138.026	-591.988	49.2263
950.195	1387.63	-23.147
418.707	-567.279	38.2864
-210.847	1275.87	-17.1135
646.678	52.2268	-14.7978
-1156.29	314.637	-1.78205
-387.757	-381.904	52.7262
-67.1269	-388.194	83.4635
-706.978	1345.06	-18.3136
1070.08	850.795	-19.1285
432.291	436.148	-17.382
-273.372	-164.071	59.1833
-1.62171	-1222.92	62.4692
-111.692	823.066	-15.4535
764.528	1369.2	-23.4
-1435.68	-120.265	-3.86421
515.318	-1269.11	33.2216
-1014.77	192.614	-11.0597
-1357.64	-997.09	48.889
-1482.05	1381.7	-6.29915
1364.26	528.411	-21.3444
765.684	324.408	-21.5951
352.099	-1347.75	31.6329
714.661	-1015.46	77.4473
-263.504	-145.933	55.8638
-459.625	-915.161	23.1574
-158.133	-987.605	87.7649
98.0208	650.58	-14.5387
1261.14	-677.406	-8.37605
100.411	-1167.17	63.0529
694.593	-809.736	81.6055
1097.01	-1479.34	42.423
782.281	1053.01	-18.3686
-42.0047	-756.557	101.096
356.893	-70.5152	-8.6534
839.332	-1419.95	24.4906
278.99	1237.04	-17.9611
-665.453	1137.44	-17.2786
-691.241	-28.9402	6.65464
509.343	-617.769	55.731
1003.15	413.801	-18.5539
-1430.72	-96.7792	-3.95029
-436.518	-190.05	36.0181
-727.906	-1088.35	17.1957
1348.18	-1207.13	99.186
-1112.09	350.253	0.404173
476.838	-1248.11	34.7616
754.278	1264.62	-20.2182
739.391	-79.2353	-18.234
472.031	-455.269	12.4047
-513.128	-876.602	17.9332
680.983	265.377	-21.9875
-403.318	-1057.94	28.9975
-132.983	768.814	-13.5495
-605.67	-227.925	9.18527
-1412.72	1085.48	11.6165
1060.33	951.587	-17.7078
932.543	541.043	-18.0792
-1252.3	-689.225	22.3138
667.92	-807.261	84.084
642.728	658.862	-21.4213
-941.602	1376.21	-15.9405
-256.631	39.3236	25.8963
248.816	1248.31	-17.3066
-530.684	1224.81	-17.9562
285.241	-1285.49	36.4937
264.668	-100.159	-5.95277
-314.309	-415.084	85.0818
-672.42	-224.032	1.50941
1344.56	-1246.99	100.054
-1300.04	569.226	24.9454
709.366	639.164	-19.7614
-1457.71	-664.407	15.8216
381.225	797.261	-15.9044
374.107	531.375	-17.0128
1.0088	1473.33	-15.7859
204.286	1158.7	-18.6977
69.5918	1115.88	-17.813
-672.412	1093.34	-17.7507
-715.199	910.359	-10.9016
520.083	-1254.27	34.2972
-320.745	-622.123	69.6337
70.5395	-1150.78	70.5308
-1049.62	-1244.4	47.392
190.094	-568.888	35.5273
-910.592	910.645	-0.0165244
558.2	-919.484	103.898
-1423.89	188.206	-2.04597
-1334.54	-571.346	13.8993
1075.95	1149.59	-16.4775
703.565	-427.494	0.710342
-1295.26	822.858	17.3096
-573.494	-694.48	11.3964
-26.8757	884.413	-16.4972
1308.35	-174.102	-18.8305
-496.344	-579.183	19.7677
-358.643	161.261	6.69904
285.466	-1230.26	41.3347
1172.63	241.6	-21.3395
-69.614	1043.99	-17.2267
-705.037	1096.81	-17.9064
62.5664	-403.077	57.7501
1252.78	1352.02	-25.7528
-1140.19	-1204.08	43.5341
-1290.41	1373.82	-10.1859
960.98	193.648	-21.0051
-1243.8	-263.354	-3.3419
-270.428	119.41	5.66169
898.357	1399.09	-24.1694
1499.9	586.334	-22.6592
-208.328	-977.706	74.0507
-915.871	-1122.78	35.8544
-163.435	-577.443	120.093
-1459.67	-1144.07	37.2351
-2.29806	1002.74	-16.3687
382.376	-1395	28.7613
914.451	622.003	-16.8042
-787.261	-874.288	10.0308
-147.977	376.335	-14.5112
-1159.48	-258.313	-3.85827
-637.751	822.961	-5.81507
595.214	-140.943	-9.05129
-64.2401	670.023	-13.2265
-851.185	-1036.08	21.5245
1308.27	-1216.67	94.9938
1372.71	902.774	-19.2234
630.499	254.044	-21.3038
-840.004	699.351	4.14977
429.959	-830.816	114.528
976.86	-864.528	73.9631
-494.103	-492.165	21.9408
-780.419	-894.043	10.6695
1129.47	-606.462	-5.31286
1482.34	-527.825	-12.2497
-1015.76	172.561	-10.877
1418.43	-1081.43	45.7682
-1453.33	-99.002	-2.82491
129.774	-1355.67	38.1505
247.474	329.589	-14.945
-7.07789	-312.363	63.6794
842.844	669.072	-17.647
307.767	769.477	-15.0514
777.572	-477.965	-4.0947
-914.589	893.499	2.51849
41.6734	-578.952	71.6349
-1135.24	-827.083	23.2198
-885.28	1358.31	-16.8213
1462.26	1124.9	-21.5199
141.99	332.356	-13.4655
1484.49	-851.388	-5.07099
-252.063	-674.694	85.6738
-559.812	-603.464	12.6491
-1025.38	1252.41	-16.3503
-278	597.031	-11.9528
1491.09	802.974	-21.2055
205.894	272.767	-14.4893
-797.117	1123.01	-18.3692
-903.745	1342.66	-16.7431
247.489	-205.585	-0.448756
-1436.71	658.792	10.3523
79.3495	193.542	-15.7572
-1134.96	796.057	11.9747
-509.69	411.915	-10.2625
-1116.98	635.736	6.99021
-255.678	-1263.22	59.3842
1294.83	-527.42	-11.3774
-952.554	747.714	4.87354
-501.096	-505.372	20.0568
569.864	608.297	-20.7346
1143.26	780.705	-18.5086
-185.29	66.0711	6.92762
-425.582	710.578	-6.81338
1114.03	-882.279	45.8754
1326.79	879.29	-18.4371
-1082.43	679.868	5.97225
-474.955	-1058.4	21.4713
314.91	919.348	-17.2837
363.309	383.775	-16.4243
540.67	-12.3751	-11.6203
-264.602	-612.032	94.3451
275.034	-944.685	105.862
-685.52	1409.03	-17.379
-103.239	-1374.03	62.0429
-1026.01	-933.626	40.0337
-293.527	-1221.11	51.1432
-139.852	837.19	-15.4478
-57.3801	-973.496	103.612
819.391	-189.633	-18.7739
-406.194	-928.815	28.4707
136.119	-1293.28	40.0472
362.93	-595.813	39.6911
1091.67	-350.814	-10.6387
620.255	783.851	-19.1754
-1375.75	-1234.09	49.4689
1235.34	-1456.48	70.1829
96.7009	679.76	-15.2647
1060.76	-516.105	-6.19517
800.318	735.169	-18.4561
-727.714	1184.02	-18.0498
-139.475	-202.837	49.3651
285.492	149.489	-12.2195
680.02	1471.38	-25.9896
-487.943	-206.714	26.0132
917.661	-107.866	-20.27
1308.15	-1296.17	95.0342
-1029.65	1473.39	-14.3421
628.42	1225.71	-22.0915
-1460.02	-112.87	-2.37247
317.256	-294.234	1.80678
471.497	-27.1777	-11.0808
-950.819	-673.736	11.4262
991.596	-1398.72	36.8921
-1470.42	-1131.28	34.0881
791.241	752.814	-18.7266
27.8307	-6.07502	-1.92386
-1206.94	-841.715	28.6446
437.419	-88.8039	-8.92153
1251.28	-764.599	-2.69422
-389.362	-787.436	31.6709
447.116	-1225.45	36.6726
1379.81	-526.368	-11.9931
-1278.64	760.636	8.69895
-1040.2	-587.61	6.72555
-564.694	-895.39	13.8061
919.389	747.744	-18.1129
-528.041	-1118.12	17.8806
417.55	-1093.39	60.5055
623.367	-319.509	-5.03936
-1169.46	-691.885	12.8235
-607.644	172.639	16.5087
1064.07	-140.771	-17.444
1118.73	808.966	-18.7691
-525.632	1310.56	-18.2121
-1278.84	348.206	15.2211
718.79	614.851	-19.0569
-220.629	-1227.78	67.5465
-1135.58	1254.61	-14.3382
1148.09	391.59	-19.228
-101.547	-94.2233	19.5878
-833.371	19.8765	-5.87632
-1005.63	1445.25	-14.8207
-1156.63	-61.9364	-5.04842
884.272	-1091.83	63.4015
-244.446	1223.35	-18.4065
-1353.22	-1414.96	88.5577
-351.182	1054.47	-19.147
507.04	-179.13	-6.89057
-1171.92	-523.592	6.80611
-1415.52	-1427.62	98.6151
-462.281	-888.599	22.7145
1169.11	-215.856	-15.052
-1166.43	-633.793	9.73123
1153.41	83.4477	-20.3145
-1091.55	-1305.56	53.2035
1199.88	-992.115	52.4755
-583	-689.085	10.7095
-812.764	-1053.27	19.6885
-1214.26	1034.28	4.3825
1184.36	234.079	-21.6175
1196.49	-214.423	-15.2372
-1261.11	1377.38	-10.7903
-1275.18	982.226	22.2908
-861.791	-714.178	8.07925
-920.466	-1347.81	40.8942
618.321	1480.26	-24.8807
513.526	120.894	-14.3009
1271.5	730.761	-19.2165
-979.935	-158.276	-7.06071
787.103	-1042.58	68.6291
-93.1591	712.519	-12.8228
68.8338	897.292	-17.4916
-1249.14	-584.273	13.8432
555.527	-933.726	103.284
92.5051	1273.6	-18.297
1493.69	-2.44243	-26.0584
-1087.05	-281.709	-3.7031
-1135.55	-580.012	7.25129
-892.218	657.982	4.73566
535.296	-164.424	-7.58323
-1281.31	703.27	5.70999
352.631	-754.708	90.0153
-198.117	463.34	-15.5429
1173.11	320.408	-20.1303
174.549	421.988	-14.7449
1059.16	1252.03	-18.4131
-1251.84	-677.801	21.4191
143.926	1141.85	-19.0948
-891.804	627.835	3.71722
1377.25	-1046.27	43.1848
-693.364	574.119	-5.2669
-93.0661	484.455	-13.5838
-404.963	-224.569	41.3366
-1490.05	924.613	19.8942
-396.617	583.122	-11.4287
232.143	782.153	-16.0394
274.418	-1186.13	46.49
718.89	-709.967	56.1099
-1317.15	707.021	7.31579
-1199.06	-457.279	5.33323
444.672	1491.77	-19.4618
511.267	1111.97	-21.4087
-983.482	-239.774	-4.95598
1375.36	303.517	-23.6522
181.019	-896.378	102.19
262.918	1426.52	-14.7608
-833.497	-503.573	-1.19515
-741.462	591.539	-0.705979
-304.471	-1172.69	48.4937
1418.95	1227.53	-22.0834
-549.181	-85.3621	32.0808
-651.241	-1296.21	32.2805
1307.2	-292.891	-17.0187
-911.84	949.638	-5.56163
336.204	-706.682	71.1386
206.363	-1416.7	34.2739
-88.7865	11.9395	2.50663
-1421.32	-1369.84	80.9976
-1284.9	-1342.35	66.9941
1313.03	-937.019	18.382
156.44	-856.726	106.674
512.939	-593.101	48.5465
-894.594	-552.646	1.55129
-460.744	-332.073	25.8142
183.772	241.277	-14.4775
-695.024	-1107.69	15.7005
-885.49	-592.229	3.43253
-1187.09	966.631	14.9927
-793.456	-1373.55	40.7062
-1327.87	857.829	24.836
990.963	-752.895	31.356
950.821	-912.296	76.8001
-1093.25	-363.274	-1.02515
-88.9882	290.615	-13.5998
228.19	-1289.41	37.5478
-785.738	-71.9628	-4.48955
1303.91	-1005.02	45.8505
1339.66	-171.816	-19.6883
1105	1279.75	-19.5065
-970.272	369.704	-4.49811
-1408.74	-196.727	-5.04837
-1074.07	699.637	6.32373
813.775	-421.649	-9.00994
517.013	-55.0594	-10.4072
447.466	-1066.57	65.374
-585.489	-205.141	14.0766
-884.622	1429.35	-16.1559
706.271	-1497.75	21.8145
1082.86	613.785	-17.5443
-644.056	371.051	-7.23664
1012.12	719.567	-17.5511
671.666	-788.585	80.931
-1091.56	540.846	8.24377
-1005.89	1390.48	-15.1074
807.135	1177.88	-16.7518
-1418.46	-111.725	-4.63566
-1225.3	328.209	5.01766
-566.345	590.22	-12.4589
298.494	544.374	-15.9766
-875.631	-228.326	-5.3063
-366.663	951.029	-17.9961
56.8076	332.92	-13.4694
-1275.8	-1340.8	66.2544
513.652	500.387	-18.33
-985.508	-115.889	-8.10818
100.489	602.683	-13.4516
205.111	64.2688	-10.3684
-8.16189	-678.392	93.0668
1350.6	1353.28	-25.8845
-1454.79	-922.626	25.837
933.657	68.3453	-22.1148
1058.17	-317.285	-12.8092
1225.06	-1438.4	73.7934
-478.012	1446.06	-17.4136
594.647	1232.32	-22.2472
311.028	-511.745	19.7905
749.533	-1115.74	49.8299
283.53	-1408.23	31.3318
634.398	-1030.24	75.6299
93.9835	-868.597	105.28
110.673	-647.797	64.1016
1133.59	403.957	-18.9408
-904.334	1289.68	-17.2855
638.288	-250.512	-9.69598
-1182.04	97.2261	-10.8115
-317.557	-1370.12	47.7079
-108.311	968.7	-17.4783
-1486.37	-828.112	16.7117
-1494.66	726.01	6.71498
-565.812	918.952	-16.2634
-58.4578	697.807	-13.5963
-1045.63	1345.38	-15.5495
-1028.32	1412.57	-14.5712
-784.576	-1047.23	17.5736
-668.827	249.626	1.9672
311.633	-336.826	3.81778
1463.3	900.63	-21.214
-116.689	1415.69	-17.8146
-1077.15	663.578	6.16105
571.942	871.578	-15.8046
652.123	38.7555	-14.561
-519.206	166.74	17.0628
1386.85	-1249.44	102.927
-976.517	-566.943	5.04624
-250.857	1287.04	-17.8069
-182.638	-1247.62	72.1733
-917.361	547.505	4.2921
-1300.12	364.174	20.5694
-463.61	-1424.93	41.1847
1377.38	-266.108	-19.0922
1048.09	-34.8148	-21.4417
-378.17	46.3785	34.9498
870.899	768.237	-18.7328
-1038.59	-231.357	-5.10205
688.78	-958.275	92.053
1042.96	-1066.34	64.4335
-635.285	-280.498	3.36977
-1174.86	-1400.74	74.8662
-419.951	726.66	-7.16547
-428.55	208.41	3.16557
1182.67	-1178.42	76.7252
-96.1616	-923.327	95.2471
1307.56	788.87	-18.2716
-371.397	-1171.5	36.5834
-1080.63	739.274	7.64665
-1001.01	-613.363	8.92825
-122.13	-1498.81	52.3431
1218.55	1318.8	-21.9555
-219.02	822.78	-14.1101
782.454	795.549	-19.0265
-219.388	502.911	-13.9748
1102.7	644.177	-17.2958
974.098	786.257	-19.0101
848.94	-1311.55	31.765
-1045.17	501.728	7.04601
975.697	820.767	-19.0332
1187.87	1078.66	-18.4385
575.446	-519.409	25.9038
-80.0947	6.03664	2.36069
702.752	-1385.55	25.0201
82.3437	184.882	-16.0668
-338.546	991.743	-18.2402
328.69	1052.5	-18.1669
-671.114	1230.15	-17.2891
-10.9283	-1347.66	50.4345
-1451.89	-848.819	26.2916
-109.522	499.631	-14.1426
-1469.36	-1276.85	61.7132
-249.898	-791.597	61.3091
-866.172	1319.58	-17.588
-1446.02	-784.313	22.7043
-690.232	1082.73	-17.7142
1471.2	-871.654	-4.03163
-124.136	-1006.33	94.9082
-1253.62	-270.181	-3.22654
1373.49	-960.401	13.5301
1168.29	-1107.82	71.9132
1140.53	-31.9636	-19.5183
-180.271	-942.66	78.8827
-643.365	107.657	20.3654
-401.324	921.233	-17.9816
924.986	23.6898	-21.79
-1020.27	-320.286	-2.76106
1149.98	-3.68986	-19.4461
1115.47	1195.1	-17.9865
-159.213	-1361.41	64.9399
-1426.3	-1356.35	77.9953
1217.22	367.03	-20.0058
-130.551	1107.76	-18.4532
-1153.78	-63.285	-4.9828
1405.27	907.224	-19.8832
-729.519	-530.76	1.84588
994.113	-620.251	1.20625
-61.1417	195.296	-13.7257
1156.4	540.464	-19.2885
-53.7151	1009.99	-17.0194
730.921	51.1593	-16.946
135.597	-456.431	35.2652
722.815	-1115.05	49.243
-859.755	1354.1	-17.234
152.753	-358.933	30.3613
282.622	698.264	-15.8535
-36.5832	506.15	-11.9554
1404.51	-376.465	-14.9474
-1268.78	-278.928	-3.32476
-1269.14	-582.1	14.3944
543.416	-620.041	54.4417
332.589	501.556	-16.7236
-1134.09	-1343.9	59.5235
952.31	-488.716	-8.04487
1108.02	760.266	-18.5993
702.623	-613.551	29.3452
143.341	-417.637	34.0254
-1170.07	-42.8714	-5.39644
-25.8662	-85.4132	11.8934
167.662	-1478.44	35.3351
34.3721	375.445	-14.059
-301.92	-194.401	61.1193
559.464	-1161.78	43.7579
-959.842	823.496	7.27925
187.401	653.431	-16.2818
-1014.48	-781.053	19.395
-785.605	756.523	4.79822
-161.11	1027.85	-18.3938
914.013	-855.028	82.73
-723.047	731.579	1.17145
-872.111	-414.312	-2.28888
1050.1	-1338.67	57.2615
-1419.74	461.448	47.8018
1160.42	-1196.41	76.0532
-857.537	-536.016	-0.277677
-351.434	723.014	-9.05492
239.543	-133.019	-3.58161
-208.951	-459.251	106.301
-733.403	-587.086	2.38373
461.943	-1266.12	33.2239
606.142	874.893	-15.8624
1188.81	1347.28	-23.6879
-1437.01	-1406.46	95.393
359.904	380.377	-16.3704
-1171.81	437.276	14.7831
1176.89	-650.92	-6.33822
-599.938	-933.222	12.2252
565.431	-723.885	82.2489
1243.15	1129.83	-19.4423
-512.15	643.861	-9.26169
542.149	824.968	-17.3724
217.849	836.21	-16.6598
-140.158	585.809	-13.3575
1131.43	84.9986	-20.8142
-141.163	1394.27	-17.7419
396.479	-240.581	-3.70402
757.265	-51.9301	-17.4578
-589.846	769.95	-6.89761
1015.49	1464.74	-26.6549
-378.772	1195.88	-19.6072
1180.9	384.213	-19.6812
-1016.86	837.524	7.02624
-846.557	551.808	3.29805
-290.36	404.952	-13.3625
-1152	1039.66	-1.97621
-1415.46	736.516	7.62663
1390.24	-1292.68	98.5811
-1143.07	-633.982	8.5224
-1277	-1345.2	67.4404
899.147	1166.54	-11.7073
-846.742	991.689	-13.0874
-522.406	989.354	-17.6841
946.722	1226.32	-13.2038
1038.47	1216.09	-17.2516
-481.592	862.986	-16.1083
1280.94	1293.85	-22.2286
-1079.79	927.173	8.90644
-928.819	-283.397	-3.5119
435.273	-1289.48	32.1381
-781.112	673.925	0.499148
-1296.3	-725.868	29.2596
-1.94871	1407.13	-16.9083
1404.53	-1192.32	85.9303
1159.69	730.191	-17.8174
-295.325	-30.9083	47.0765
756.897	-321.211	-12.1654
-450.959	987.991	-18.6959
896.382	24.8041	-21.2308
1463.28	1483.4	-24.1441
-1131.27	-1235.26	43.3484
149.34	-484.458	32.1937
208.409	-74.2091	-4.13897
841.218	-469.027	-9.28761
-1062.09	74.4126	-9.66017
-1050.5	-1342.31	57.3321
-685.36	-552.375	4.3859
-544.389	-1395.34	37.9302
1264.22	-607.685	-8.87578
-841.092	-607.64	2.03315
973.468	-513.724	-6.62979
-1063.76	1049.85	-10.0564
891.208	-913.658	81.688
1110.73	922.453	-17.9696
-238.513	-96.8317	46.9891
575.338	669.655	-21.9814
-833.564	-1041.07	20.3267
931.814	617.475	-16.8146
-1061.11	-1213.21	43.2481
-1201.18	-1192.97	44.8583
432.392	-1137.11	51.6641
986.646	-1493.44	25.3384
1220.39	-377.542	-14.1573
-1348.55	-355.805	-3.2823
-1490.39	-712.444	12.0236
930.784	-1495.65	23.3379
-1096.87	167.06	-10.612
-1494.43	-1238.96	51.5909
1315.02	-135.116	-20.3363
717.348	-383.353	-4.90921
362.375	110.444	-11.0303
567.059	1052.59	-19.231
-976.552	411.4	-1.7027
1428.5	-1132.94	63.8037
705.386	1259.23	-21.3334
300.293	539.741	-15.9918
-349.574	926.586	-17.5152
157.965	-1413.16	36.3415
795.861	-376.68	-10.5621
-396.413	314.427	-9.89335
905.711	777.387	-18.8718
-417.672	-1112.98	27.7765
513.619	-1436.13	24.7037
1432.24	-0.27816	-25.7507
514.594	51.7937	-13.2704
598.665	881.062	-15.7325
-877.762	411.853	-5.73592
-1484.21	1304.45	-5.62509
744.128	-248.614	-14.9684
651.955	121.826	-17.3525
236.614	1474.37	-15.7285
-1312.36	692.649	7.95565
1207.04	821.281	-17.8762
-417.48	500.275	-13.033
-294.908	-620.336	80.1617
510.245	420.317	-18.3238
621.625	-116.107	-10.7106
692.51	918.887	-15.8612
149.725	841.749	-17.0248
863.712	221.023	-21.4069
-1043.46	-744.075	16.1094
-560.003	830.614	-12.1611
-924.886	-164.327	-7.07914
-820.565	-714.526	5.82953
3.90389	1108.65	-17.2144
761.561	-1145.57	44.6327
542.62	668.722	-21.4021
1412.86	1411.32	-26.8145
812.693	-699.855	35.2233
584.273	-1209.24	37.7713
-232.314	-1363.48	62.7034
1308.57	-789.059	-2.70177
54.9274	803.779	-16.8218
1253.64	-314.621	-15.2753
-695.32	-179.159	0.117492
-728.87	76.0099	6.48644
-1337.8	-545.963	10.7455
-855.358	-1106.54	29.4597
-631.066	-369.414	4.51873
687.358	709.694	-20.9153
921.47	-578.593	-2.96814
-691.757	-955.293	10.5612
-387.755	1230.74	-19.2087
-941.448	782.43	7.69258
844.767	1458.72	-26.3395
572.246	-1384.68	26.8085
-943.719	-779.125	16.7709
24.5517	142.684	-13.5026
1354.82	128.1	-23.9522
909.651	-158.382	-19.3785
600.432	-1273.28	33.4216
-559.008	-1131.42	16.2303
715.851	-1361.17	25.5261
-692.701	-1414.36	50.3163
-721.425	-458.148	1.5716
481.709	-204.288	-6.22613
73.4492	-1353.03	41.1484
-891.955	-396.473	-2.11288
571.538	889.614	-15.4964
628.353	1398.57	-23.3214
1080.13	520.176	-18.6405
544.845	-540.094	31.9341
1288.99	-138.735	-19.4326
841.285	-315.962	-13.9124
215.709	-309.045	11.2048
570	-1042.55	71.3466
603.603	-1050.33	69.4329
-367.025	-476.063	59.0622
1146.82	-1489.99	46.3004
1255.68	-1006.18	54.3312
756.054	-1410.05	23.2924
-1098.73	-596.75	6.99336
-355.248	-435.138	66.0989
1404.77	-1000.94	21.974
-334.672	-1125.8	42.2467
-1192.46	-193.065	-4.52322
648.083	-1197.54	38.6365
148.584	34.5148	-7.17349
-844.603	-410.57	-1.93387
-215.723	-311.603	77.3587
1089.66	1102.59	-16.66
641.356	-21.5501	-12.9705
907.418	551.438	-17.7477
931.769	137.777	-21.6948
-1254.18	-44.2602	-7.73086
409.269	1425.06	-17.84
-642.257	406.744	-9.09249
-951.044	1323.6	-16.6031
-31.7985	763.984	-15.7012
-645.687	-1450.51	51.9398
1431.97	-781.125	-5.91635
1474.26	-918.426	-2.35738
611.878	-1140.98	47.0167
-1137.77	-655.512	9.17919
