451.485	-1041.55	73.0359
70.9937	-34.2729	-1.2584
325.432	-1057.55	73.3398
-1204.53	59.8285	-10.2268
1423.04	-286.083	-19.6657
-1412.24	1101.79	9.4201
115.416	-833.538	102.604
-1164.64	796.562	12.4064
9.02645	-1190.84	67.5867
-1275.74	463.184	30.7679
789.3	-1261.6	32.5032
192.215	-1043.55	71.048
-0.558391	-9.78297	-1.15709
766.762	-1257.81	31.8067
-1325.72	933.224	34.1434
-480.29	209.999	6.55288
-570.531	-1347.82	34.3173
1259.95	291.456	-21.0792
136.761	1378.3	-15.4222
-853.734	-599.009	2.14306
-1417.37	-1435.62	101.479
1248.12	787.717	-17.8085
-256.894	-469.479	97.3234
-247.758	427.235	-14.3064
390.74	13.6012	-11.1846
-1117.43	-470.55	2.9909
171.458	-1006.73	80.5282
788.599	674.27	-18.2307
-89.2412	640.989	-13.2048
498.696	-53.7039	-10.4708
-512.369	1452.57	-17.4203
1393.39	-923.798	4.86963
-1401.74	799.557	10.2923
-264.015	-279.573	66.1427
-109.965	248.315	-13.5171
-1118.26	-1284.47	49.6051
-1321.28	1008.88	22.155
548.715	346.958	-19.0224
691.808	1283.54	-21.5684
-503.82	-189.442	24.6469
1346.94	840.468	-18.4845
-546.964	211.185	6.60542
-762.021	346.638	-9.48076
35.4041	1263.82	-18.7985
762.258	360.064	-21.0444
-613.838	355.415	-6.25178
-277.553	-1055.61	56.6073
-1323.66	-603.733	17.7312
-1223.71	-943.712	42.9734
-848.415	605.39	1.68406
187.094	1207.75	-18.2287
-732.566	-1233.94	24.8131
243.454	4.0801	-6.2224
498.688	-275.056	-3.52074
-844.339	170.806	-5.40902
-185.567	-151.049	42.7212
-612.564	-585.172	8.5176
290.515	-1064.19	70.9047
-1049.25	-1264.43	49.7859
-1323.89	520.245	35.548
-206.038	454.889	-15.4586
773.544	900.087	-18.1549
982.715	-1445.9	29.5429
-1053.67	-1436.74	65.8805
160.131	1226.75	-17.7985
200.127	-217.092	7.30789
335.901	492.996	-16.8274
-182.953	-226.823	60.8786
-992.05	-613.004	8.77195
539.173	-14.1428	-11.5542
-1336.43	1116.43	2.15399
759.786	1485.04	-25.6338
547.216	1050.82	-19.3734
716.277	-1312.34	27.3784
1347.95	-979.321	25.1581
1369.12	-231.138	-19.0241
880.932	576.363	-17.3588
-756.583	-1376.1	44.6764
322	-940.348	111.618
606.471	-608.622	44.7879
-90.7644	1319.28	-18.0793
342.941	-77.4191	-8.28991
-1010.05	-1387.67	56.7073
-1116.49	885.932	13.0643
219.094	-779.611	88.7554
-985.449	674.415	4.51724
1004.66	1200.48	-15.2497
-762.906	-1401.59	49.1585
730.645	-89.2151	-18.4376
947.647	871.602	-18.5867
776.215	-111.121	-20.8223
1349.29	-446.15	-14.119
-422.619	959.689	-18.3925
-1479.7	-681.262	12.5952
-302.478	347.397	-12.0574
597.886	902.76	-15.445
-762.375	-287.993	-2.94346
682.493	187.899	-20.4767
-1143.76	-90.9176	-4.75374
-1433.96	-1166.53	42.879
-123.963	1370.73	-17.8938
-926.702	391.032	-5.07219
1418.19	1290.28	-24.6296
218.372	426.895	-15.5043
-670.634	-286.436	1.44744
868.778	-787.684	62.5969
-308.765	-287.711	67.8826
-301.94	-274.372	65.7764
381.186	-1230.18	38.5069
-370.587	-361.32	59.0502
-1429.96	-1427.93	101.274
1431.63	104.714	-25.0673
20.1647	424.818	-13.6938
-1218.17	1205.79	-8.66996
-455.951	-664.969	24.9209
1464.39	66.7688	-25.3329
-79.6138	465.129	-13.123
501.514	-966.7	103.348
-389.543	341.234	-10.6497
1088.06	-1014.93	58.9415
555.713	481.332	-18.3565
455.982	-176.334	-6.73729
-525.703	1114.09	-18.3883
-650.694	1294.05	-17.3989
-121.886	-1281.26	68.2648
647.575	-678.247	60.0949
-729.993	548.104	-0.911261
1349.71	1112.96	-20.7453
1408.38	-704.9	-6.94554
1199.55	1445.76	-27.4666
1224.55	617.185	-19.8026
-583.597	1333	-17.7956
-266.179	-1303.33	57.3745
-378.391	204.957	-0.109471
912.597	1109.79	-12.1726
346.532	1433.94	-16.1613
497.272	1258.67	-21.4315
659.185	-140.43	-13.0578
-1273.7	77.1975	-10.7614
201.036	49.8582	-9.21674
13.0214	-1132.71	82.8027
-89.7044	407.717	-13.4303
1112.29	375.205	-18.756
-1052	-111.874	-6.99325
-433.428	221.579	0.708705
250.1	997.429	-18.852
-284.99	-271.615	65.3958
-653.451	1495.08	-16.5934
171.626	1415.17	-14.8769
328.322	-736.594	81.6493
305.279	1361.77	-15.3239
-896.072	455.073	-2.42974
-755.233	-899.815	10.8712
-247.24	-1082.01	65.3573
-1078.27	1467.82	-13.2001
-390.597	-1291.06	34.4206
1210.75	-275.394	-14.4004
1052.86	339.728	-18.0545
1356.61	-1109.33	69.4235
-870.416	-1456.57	42.0497
-1438.9	-1353.53	79.2514
283.498	1475.04	-15.55
736.677	-839.474	82.2986
-946.573	304.908	-10.1541
-1486.71	-943.073	17.0046
1085.12	1413.5	-25.3365
965.521	-1361.97	40.4944
-1458.59	1284.74	-5.70616
1418.18	-764.967	-6.03453
-64.3736	1344.66	-18.0546
-694.646	-174.727	0.228253
276.139	-502.543	21.5036
702.882	-1158.1	41.2012
-418.966	1078.86	-19.0861
398.63	-290.171	-1.49052
-527.707	-997.607	17.5047
563.176	1049.53	-19.1832
-1104.61	-65.4245	-5.20654
-569.488	462.894	-10.4755
-58.1142	528.75	-11.9181
-679.294	-1113.17	14.3371
1373.98	-287.999	-18.8921
614.929	1369.28	-22.6425
-182.53	-1458.01	58.0766
903.624	-866.135	85.5215
-1055.56	1327.93	-15.7117
-595.54	851.407	-11.7635
-453.778	-1275.93	27.5389
1154.55	1243.8	-18.6023
-971.738	-1143.57	36.8309
-1262.86	-977.37	49.0675
-113.155	1029.95	-18.1525
-232.47	329.731	-12.9975
-1117.5	-162.998	-5.51521
-882.666	1329.41	-17.2237
-432.572	22.3803	43.6248
1074.64	-579.554	-4.22475
-776.54	-755.655	5.56294
-1285.04	-790.209	32.8814
1343.86	1264.82	-22.5649
1483.88	1304.5	-25.9376
647.394	-603.444	35.8607
-1468.47	-1223.69	46.8862
-511.15	-1346.49	30.2404
1277.99	-332.761	-15.6995
-142.101	-833.905	85.5851
-1155.5	-162.652	-5.13373
-1069.92	1443.86	-13.5682
1426.77	576.34	-22.2298
-789.785	-978.129	14.1037
1158.81	510.7	-19.1544
-513.675	-490.796	18.2303
394.277	-728.864	83.6259
850.965	516.899	-18.7735
-538.966	-223.067	17.8809
948.736	-955.547	74.4679
-1150.25	198.375	-9.42929
-708.711	663.913	-3.04123
852.68	-402.159	-10.8967
-454.289	-1246.63	26.5181
1049.82	-1033.59	61.537
85.5283	-994.06	91.5844
536.484	-42.671	-10.6075
-977.25	982.375	-7.71556
-1309.2	448.002	35.7888
-1159.63	-367.391	0.270594
298.739	-140.755	-5.22813
-1243.98	-520.813	10.2585
599.274	-831.853	95.0606
-648.664	-928.152	12.0417
291.686	1248.56	-18.2647
1.66579	-1467.8	45.4996
-130.089	138.421	-7.3144
-127.573	640.674	-12.8445
-515.258	-1040.29	18.7563
1408.13	858.011	-19.4211
-1262.85	-1034.19	53.9087
-1441.87	544.708	40.5543
-20.0849	-1260.38	59.783
-256.816	1468.14	-17.2436
-1300.42	418.742	31.3337
883.496	312.048	-20.54
-898.661	-962.35	24.3134
-548.341	611.538	-11.5568
211.498	614.524	-15.7242
-74.3306	406.785	-13.1664
-270.617	-744.971	63.9875
-231.098	1336.99	-17.4247
-338.713	-565.876	69.3464
701.181	-780.659	75.7957
900.895	555.294	-17.6324
-1475.6	-329.379	0.571284
-145.26	1498.96	-17.08
1002.8	-1108.11	71.2558
-530.255	1050.23	-17.9618
760.881	499.422	-19.7393
373.013	-1068.42	69.4694
-218.143	-1002.97	73.114
-1246.78	118.736	-10.4787
799.396	-324.728	-13.0888
-255.856	-485.672	98.4798
-691.234	-892.404	9.88995
-527.37	-747.443	15.3772
572.366	608.732	-20.809
-304.126	436.457	-13.2999
13.8276	139.421	-13.2065
1095.84	-398.79	-9.40689
-547.886	-1335.14	31.0865
531.307	386.482	-18.7373
-137.076	233.786	-12.9354
-787.352	-952.72	13.3432
-382.117	-1310.4	36.5211
-374.179	-828.85	33.9119
524.724	96.4945	-13.6313
-264.11	1026.81	-18.6148
474.444	-933.376	110.968
858.482	-1178.18	48.6478
-418.341	-1366.63	34.0538
1074.95	327.242	-18.5728
360.579	-389.933	5.98262
-535.812	-1270.05	25.3045
0.690098	-1203.85	65.0027
-459.455	-829.008	22.7533
1066.63	-855.07	51.6541
-1272.56	-1034.81	54.8483
1199.36	1311.01	-20.5762
-533.476	950.59	-17.2466
678.747	568.707	-18.3432
809.548	1413.27	-25.665
-1013.74	-1103.87	37.2478
-72.923	-496.238	94.2706
-24.5705	-233.2	44.5113
516.508	-1010.66	83.2667
216.108	90.3654	-11.5051
387.632	-1317.27	31.6565
-371.142	-533.915	55.3737
111.225	-826.363	101.445
-91.992	-926.093	96.3446
-1062.16	-1436.2	67.0414
-1164.33	931.09	12.1183
-1252.54	-573.743	13.5396
1470.64	662.033	-21.0781
466.34	972.242	-16.8422
49.7132	538.471	-11.8718
-204.224	480.109	-14.9491
998.807	-717.281	16.9618
-426.594	-1086.26	26.4205
335.632	-368.015	5.02701
-70.2999	524.052	-12.2556
-735.459	-786.173	6.63075
-1378.15	-1116.89	47.2153
-418.502	648.213	-9.00416
873.889	-703.781	28.8668
244.621	1046.95	-18.8616
-1245.73	-946.849	44.5518
-337.777	-684.542	54.9427
-1492.2	-937.289	15.6225
-1114.72	-1371.42	64.446
589.742	1385.92	-22.1621
221.512	781.477	-16.1335
-1040.77	753.161	6.75279
1207.02	-649.408	-7.49531
-578.988	324.765	-5.39178
1221.08	-625.554	-8.32535
613.342	472.902	-18.298
1198.42	32.3409	-18.884
-829.995	-1087.24	24.527
-148.542	756.283	-12.9672
305.509	790.98	-14.7398
456.969	829.541	-16.9768
-485.65	223.806	4.64881
957.723	1095.85	-12.9063
241.177	-1066.89	68.8692
-392.285	-298.391	48.352
332.792	-310.246	1.92775
757.372	1005.48	-18.574
947.617	-1191.52	62.3609
379.303	1341.65	-18.0148
-1360.55	1298.8	-7.70523
-144.176	628.693	-12.8562
-1407.05	-391.786	-1.71942
930.68	-1000.78	73.0593
-1283.24	-971.605	50.9647
-678.346	1070.14	-17.5636
-449.035	-577.731	28.7612
-1069.78	-161.398	-6.26974
1166.81	-248.493	-14.3345
-166.048	-5.10456	15.1851
-773.128	-348.533	-1.68265
-1379.42	-895.04	38.2998
-1409.21	1185.66	-2.37347
647.113	-26.5604	-13.0948
-636.798	718.558	-2.64655
1342.67	-209.103	-18.7057
1432.05	-717.363	-7.2646
1195.09	-982.279	49.6502
1302.26	1162.56	-20.2854
-840.945	-664.163	5.22671
-936.232	294.951	-10.7296
-452.454	758.83	-9.37859
1001.51	119.338	-21.8913
-386.558	231.99	-4.65659
213.017	1143.4	-18.8314
479.867	708.029	-20.0615
-1356.47	399.084	34.2874
182.354	501.573	-14.4241
320.465	1148.78	-20.2417
-1324.02	829.52	18.878
980.238	-122.753	-19.8177
-75.2584	922.27	-17.2146
-242.016	-666.99	91.3042
-451.234	-659.918	25.859
-250.419	-1334.38	60.3296
-501.528	-96.5151	39.1593
409.373	-750.29	92.1209
145.831	1468.85	-15.7447
-383.542	760.948	-10.2704
-956.844	1022.46	-12.731
-1009.42	-778.858	19.1187
-1076.46	752.254	7.86802
-614.055	766.368	-4.71142
-1135.11	1190.1	-11.3612
-1079.62	412.542	4.99841
299.327	-339.477	4.41344
-321.111	-187.645	58.5993
-451.728	-379.975	29.1475
1403.39	-170.037	-21.3353
809.342	-1013.87	74.184
-854.201	366.788	-9.56837
-898.689	764.922	6.90353
-477.846	1099.61	-19.2842
-600.969	1021.26	-17.1605
-1177.56	-1048.84	47.4093
-889.309	-975.666	23.9625
-491.155	-252.933	20.648
-1242.14	1414.12	-11.013
-59.073	-131.794	23.7194
710.855	1296.46	-21.2617
-542.485	-1348.7	32.3231
1435.65	408.11	-24.7766
-354.159	167.868	5.12687
1340.17	1051.31	-20.6133
-364.497	-272.401	55.34
-201.893	566.753	-12.9589
-12.0663	1196.56	-18.6208
496.523	874.693	-15.9271
197.675	1025.45	-19.5991
284.222	766.084	-15.4013
1254.07	-1133.85	84.0967
506.345	-485.708	19.9077
-1060.14	615.258	6.54014
-1118.98	1081.61	-7.99611
-173.132	1453.23	-17.6578
492.624	-1344.98	29.0817
-247.74	1041.14	-18.8171
-885.428	-670.685	7.9576
892.657	624.883	-16.975
-11.5837	153.549	-13.6565
1090.2	-820.958	34.3619
19.0931	719.66	-15.997
-437.545	-421.37	34.384
-1295.77	327.603	12.8292
651.146	-1305.51	30.7466
-602.882	-1048.01	13.3806
229.444	1098.7	-18.9653
-486.112	-1212.58	23.0796
-1489.57	-1468.64	123.508
-850.746	393.832	-8.03233
-649.757	-738.761	6.71
-1225.24	-95.3984	-5.97189
-949.193	579.888	4.63348
1198.05	5.80104	-18.5135
1083.8	1128.77	-16.4807
-1262.97	244.695	-2.69782
444.897	1487.56	-19.4826
-1078.89	1226.12	-14.5086
1090.46	-1107.42	66.3636
577.198	409.756	-18.6336
-1327.67	-1132	51.1092
-24.665	126.132	-12.0606
-896.11	1031.18	-14.5958
-367.056	1122.52	-19.7047
-371.857	624.181	-10.8874
-1093.95	-1258.46	46.8987
912.987	61.7204	-21.9763
1326.36	564.141	-20.9493
36.7801	-277.098	43.8111
1495.26	477	-26.5929
499.252	948.909	-16.6031
-1483.3	565.842	34.3137
1418.66	-453.885	-13.4957
-335.858	-1475.58	52.4539
378.235	1127.13	-20.4472
1205.7	458.116	-19.4731
-450.878	-1311.09	29.003
-1205.1	749.052	8.35619
-898.684	-1293.41	36.4042
1266.34	-901.696	16.958
-171.828	-296.773	73.0422
-287.498	-843.843	48.197
-958.296	1379.59	-15.7081
265.491	74.8848	-10.1283
930.131	572.652	-17.4121
1395.47	1006.36	-21.3927
-292.071	-524.662	88.7303
-1015.96	337.193	-5.49189
352.213	4.36468	-9.82452
953.062	-442.812	-9.79069
-394.619	-1349.96	36.0897
1269.95	510.969	-20.202
1348.08	-128.838	-21.3748
166.752	411.024	-14.7661
-253.724	152.547	-0.231868
-470.132	51.5544	37.5052
-370.605	-793.691	35.3768
812.074	113.386	-20.9024
-1462.61	-372.193	-0.0203219
384.725	1351.7	-18.0279
-1485.95	-551.635	6.77139
43.0926	965.664	-17.1993
-259.986	898.421	-16.0095
518.982	621.31	-19.7752
-201.299	-1197.87	74.6733
-1068.19	1345.64	-15.2751
-1080.67	-1295.44	52.6998
-1130.2	499.172	11.948
1473.37	1069.09	-22.2892
-1291.08	-1449.84	92.1038
505.003	27.1749	-12.8338
-35.6355	-1260.33	62.0894
311.767	1230.66	-19.2334
-1437.35	859.269	18.1815
933.65	-1047.27	68.1007
-206.875	173.689	-6.75974
187.538	160.473	-14.5701
1212.6	1417.23	-27.5989
293.363	-532.652	23.0871
1029.08	-70.6659	-20.6628
-1031.36	-145.988	-7.18955
-976.165	511.448	3.95466
-664.932	1443.68	-16.3501
-113.706	353.708	-13.9704
-53.3624	-74.8439	12.1475
787.829	-464.135	-5.61856
493.866	-8.87981	-11.6142
581.789	-744.892	85.0988
990.394	-1016.29	67.1285
-1227.02	-784.126	26.0263
-297.62	931.529	-17.0585
307.505	-1440.16	29.4148
-448.041	-223.705	30.7611
-734.379	999.826	-14.781
-1109.81	1436.65	-13.1498
-393.309	-1118.86	31.8765
-550.709	-868.175	14.3903
111.345	1246.61	-18.2018
-1319.34	1378.24	-9.54498
-57.3588	87.0134	-5.43479
-687.934	-1202.78	20.7067
-616.097	407.043	-8.99416
-64.5184	1215.96	-18.7378
-130.435	-353.261	86.0998
130.468	541.297	-12.8613
-919.938	427.339	-3.09166
-739.388	828.722	2.05459
833.696	-358.878	-12.1369
-963.013	-866.163	26.8415
-449.838	-1059.09	23.8813
-962.52	41.0061	-9.01822
425.961	1483.42	-18.6662
325.843	-603.83	38.535
955.888	28.1468	-22.3237
1325.48	-1035.06	52.3242
32.742	-295.074	49.5952
1221.61	-357.949	-14.249
1050.99	-782.363	28.3891
912.599	-1077.58	68.0787
1362.42	-234.028	-18.8367
567.667	-616.29	52.0048
1228.62	944.143	-18.7247
-232.672	1286.32	-17.7521
1013.01	-957.894	68.9515
605.699	-1481.38	23.0394
-221.995	-916.627	64.9633
422.39	-870.895	121.544
1438.76	228.138	-26.7354
722.154	-321.085	-10.7461
-946.197	210.747	-10.0284
930.362	-1193.84	58.3532
-386.252	-210.954	44.2224
-23.5048	-427.262	80.4861
664.891	-792.404	82.5996
661.682	145.895	-18.4771
1127.37	560.374	-18.7535
671.322	-1281.75	31.1051
839.299	-505.395	-7.72801
-3.38974	125.831	-12.2911
988.34	70.7379	-22.2499
-233.984	363.726	-13.5977
-182.295	-426.933	99.6854
-828.106	667.781	2.38633
1084.87	94.614	-21.8445
-1278.11	227.034	-4.31031
808.814	130.661	-21.2001
511.514	-515.949	26.3419
1396.54	767.625	-19.4325
192.115	710.647	-16.3814
654.634	1241	-21.8938
-1492.16	1378.18	-6.08573
-900.967	-1228.3	38.0018
338.963	-909.717	116.959
258.483	1110.68	-18.7622
-246.589	470.675	-14.1702
556.017	-410.701	6.58333
-700.183	-146.084	-0.0637822
-204.508	1092.56	-19.0222
568.658	39.677	-13.5057
-1404.3	-1082.39	42.3354
-40.0681	732.72	-14.8261
-674.368	415.198	-8.54663
1210.87	928.687	-18.3863
994.342	745.543	-17.9116
385.689	477.414	-17.1365
-491.115	-1065.9	20.1605
-6.89712	-1388.56	48.3059
1217.24	-42.1568	-18.265
1194.04	-559.235	-8.96213
-291.139	1179.46	-19.8295
544.448	-352.103	0.766849
441.314	1103.07	-20.3886
676.166	-1032.81	73.6827
928.605	-1403.2	30.9298
615.634	411.787	-18.5851
-84.6922	-238.411	52.6672
-341.395	246.057	-8.55132
172.466	343.668	-13.9632
-40.4075	833.527	-16.5819
539.38	-1185.76	39.8907
-1080.54	-570.944	5.47784
1199.67	970.676	-18.7307
1002.81	254.983	-19.8608
-839.777	-141.2	-7.2573
1003.81	1458.66	-26.7541
-300.868	1008.45	-18.4405
732.467	-462.595	0.623047
1443.25	520.56	-24.8447
-75.3965	-246.018	53.9495
1254.5	292.467	-21.0322
-1107.94	-941.858	40.9514
-1295.49	-361.585	-2.10151
-70.3949	-316.13	73.4131
-650.368	-132.205	9.87496
487.225	-1042.56	70.7389
1298.32	-1093.05	68.5012
-745.222	279.395	-3.78461
1489.43	482.889	-26.3814
-1160.11	1381.19	-13.0768
63.1427	-904.146	104.074
-213.927	-1393.66	61.1729
269.837	440.939	-16.7227
-1493.64	-201.428	-1.17299
847.406	1449.82	-26.8076
982.203	648.709	-16.9051
-372.531	-880.42	33.3953
-1439.95	1114.59	10.0637
114.297	-125.526	5.06335
-34.7277	201.756	-14.3052
-1476.95	656.591	10.7454
343.09	-627.249	45.9878
475.999	-239.17	-4.91134
-429.068	1377.75	-17.4846
-809.228	-238.19	-5.12077
1043.75	91.2173	-22.16
682.921	923.924	-15.5341
-195.874	-229.995	62.1834
-1384.32	15.5582	-6.79601
-1019.96	-1173.96	39.5028
-346.853	-847.867	37.4837
1250.85	-918.481	23.5831
-115.731	363.674	-13.9824
-184.401	759.291	-12.7905
1075.99	731.068	-18.2094
750.309	1323.25	-21.7281
337.069	-1434.7	28.5206
-45.7969	1357.01	-17.97
-697.175	1011.34	-15.8199
236.856	1355.25	-14.1558
1205.86	1227.68	-18.9665
276.184	-684.963	59.7991
-1104.79	932.877	9.34624
1338.77	-137.148	-20.8576
-1276.98	352.838	15.6356
1423.06	-231.914	-20.4321
1288.9	772.744	-18.4118
241.615	-1288.73	37.2981
-748.666	1238.46	-18.4114
1468.66	926.636	-21.8625
-672.206	932.222	-13.5737
-332.373	-1268.93	44.2306
246.663	-1074.33	67.2993
-1277.07	532.868	27.8837
-576.408	177.505	15.1611
118.306	-667.936	65.8493
-684.935	535.312	-4.98852
-907.921	486.482	0.207058
-987.104	1360.28	-15.7515
498.178	-188.019	-6.60255
-1464.68	1373.55	-6.57892
364.287	431.817	-16.9941
-566.595	1427.19	-17.8547
-140.373	-686.048	105.13
-438.732	-1454.95	48.4435
-149.815	620.852	-12.9136
891.639	1268.62	-15.4264
-173.813	205.111	-10.5977
554.652	401.304	-18.6928
1130.83	-468.606	-9.04149
-1199.96	236.896	-7.83869
-801.427	-60.5672	-4.9199
-611.352	1258.15	-16.9142
-1198.69	1489.04	-12.3389
-1015.78	905.304	6.29279
-783.317	-403.255	-0.745964
-1495.98	920.446	19.0011
-337.554	256.563	-9.06175
784.952	1289.86	-19.4534
-506.716	-226.911	21.3593
-205.518	1314.53	-17.2611
-955.423	734.472	4.1901
-1157.74	-668.971	10.8551
-838.262	897.177	-0.293296
-1097.92	1050.47	-8.44806
-483.035	1488.16	-16.6946
-570.921	-340.083	7.78922
529.336	542.686	-18.6529
-1155.18	552.612	11.3135
1173.22	-390.268	-12.3706
1193.37	756.723	-17.9776
-170.102	-1400.75	62.3773
-87.9904	-451.658	89.6267
-603.375	300.008	-3.47166
-390.066	-1309.36	35.3047
19.7866	-338.42	61.6991
-1160.46	-967.241	41.6201
-101.441	-464.408	92.6233
-1352.66	-41.7184	-7.54497
-401.009	-158.003	50.659
231.474	269.913	-14.7863
-1141.7	-369.866	0.0582454
-1214.54	814.931	15.8476
-784.275	-970.542	13.5963
-660.694	-875.65	10.4085
827.596	784.324	-18.8762
-696.818	-900.059	9.95582
-83.6023	-50.2627	10.856
128.419	1007.12	-18.7864
1227	-124.804	-17.6116
1471.39	-779.233	-6.98438
-381.248	287.925	-9.35463
1495.08	-1078.42	23.2269
21.4787	336.375	-13.544
-315.882	-697.449	61.3299
604.73	485.5	-18.2622
-663.573	1038.68	-17.0212
-568.519	-626.527	12.0518
894.656	-609.047	3.44709
737.936	1433.82	-26.2269
739.042	-188.693	-17.457
21.1044	-60.7635	2.51276
685.653	293.576	-21.4576
160.969	31.4024	-7.47177
-553.081	598.102	-12.3383
-1136.55	1088.89	-6.85713
-992.38	-552.624	4.2555
-1245.14	-308.507	-2.39886
870.561	-1177.36	50.7031
-870.959	366.006	-9.09042
-397.988	693.41	-7.33681
55.6798	1037.22	-16.7101
1092.87	-1068.22	61.6762
226.4	1150.98	-18.681
-1260.7	-952.657	46.3278
-634.141	900.147	-13.2374
-698.395	-70.587	3.2536
-956.441	-391.947	-2.07094
304.151	-669.16	54.9254
136.496	-490.705	37.0491
978.374	-1070.5	68.9939
-670.368	641.341	-6.27977
950.354	1476.9	-25.6137
-900.463	-615.04	5.53449
845.945	-1414.24	25.1426
427.13	1260.26	-20.8482
708.247	9.2209	-15.4247
-547.398	-10.8452	35.4077
587.129	117.383	-15.8375
-1119.38	-1446.84	75.9675
1058.24	192.326	-20.7391
-758.648	-222.21	-4.00173
-1331.99	-658.447	23.5981
-1285.17	277.126	4.51662
239.06	-1392.6	33.1666
1305.62	127.132	-23.0698
-464.256	-867.937	22.4527
-111.359	-677.515	106.541
726.721	400.594	-20.0222
-1088.64	-143.524	-6.1715
-640.877	-39.3815	15.9883
-1007.53	-220.53	-5.45968
1217.09	-386.955	-13.9156
-650.383	-734.604	6.64199
53.4623	365.253	-14.0332
-210.615	-1161.04	73.5941
-358.629	730.517	-8.72357
-779.74	54.6847	-0.588292
1417.63	1474.51	-25.3214
1051.13	-1345.66	56.2064
-1457.7	-496.272	3.91201
702.819	291.713	-21.8262
262.046	1162.55	-18.9672
-1419.98	-855.321	33.4755
-430.718	926.539	-18.1954
-699.983	-1161.19	17.8181
798.532	-1187.23	40.4571
1425.58	-889.385	-0.0131487
259.877	-1036.39	78.4456
371.851	987.854	-16.2701
1397.49	-1292.54	98.4563
-312.904	712.374	-11.331
200.968	823.171	-16.347
-135.887	-692.672	104.193
428.216	-61.6505	-9.66456
1014.56	-279.528	-15.6959
916.859	1024.44	-14.2116
-810.904	-309.304	-2.83162
-165.599	-437.418	98.4907
369.187	-816.564	110.385
1086.78	-651.024	-1.42527
-735.119	-696.98	3.9252
1214.34	-43.3646	-18.2146
594.305	1046.25	-18.9433
-584.641	277.969	-1.15207
1126.58	-1444.54	52.349
859.148	1354.83	-21.459
279.954	764.18	-15.4852
1347.06	-593.759	-9.9544
-705.538	778.117	1.68913
105.708	997.334	-18.374
-55.7377	-757.079	101.826
571.362	565.754	-19.5918
-44.8318	830.794	-16.4775
-181.122	-252.124	62.9777
-1166.69	675.533	6.62726
-1447.26	-944.521	27.5326
-450.82	-766.485	22.7116
-1087.1	-1193.4	39.9011
1374.9	733.347	-19.7864
-1450.24	120.114	-3.88216
883.014	-459.54	-9.87932
1016.84	-708.84	12.9265
89.7276	438.662	-14.2603
-353.387	-388.186	66.5301
-470.481	-548.062	24.7212
-918.176	102.604	-9.08564
-723.166	-1037.07	14.3533
1355.35	-858.887	1.31583
449.671	-993.919	93.6626
922.807	755.773	-18.3013
-685.549	-1495.47	57.6055
1194.42	-235.303	-14.7575
-657.502	1146.68	-17.1467
-1228.78	-1474.86	94.1544
-168.158	968.687	-17.7497
694.554	-1160.61	40.8711
707.958	-1212.94	35.3176
-135.799	-244.392	59.031
-357.7	-901.487	35.4978
1237.19	822.645	-17.8428
743.05	-1167.61	40.3453
-150.479	429.86	-14.4309
792.359	-102.032	-20.5266
-179.561	-348.913	85.9223
1057.56	528.118	-18.5265
-102.823	342.193	-13.796
-325.015	-355.285	76.348
850.145	-510.439	-7.41869
-1224.72	-26.6719	-7.84857
665.987	50.3949	-15.2404
1277.5	350.406	-20.2665
-902.417	196.999	-8.92796
-1157	-896.641	33.7986
1446.77	-594.029	-10.6626
-806.796	-389.643	-1.1384
831.826	-1333.74	28.57
-1471.27	947.361	22.732
-807.422	599.582	0.550809
-1460.48	-1017.61	26.5295
-14.2908	-649.237	91.3904
-1485.91	434.771	52.061
526.808	1483.9	-22.4736
189.71	753.696	-16.437
914.036	534.617	-18.1312
-455.11	-1279.58	27.5704
959.721	-1026.63	68.3829
-987.615	881.829	4.03384
118.751	599.662	-13.9113
-1424.41	-416.166	-0.769808
178.551	-1284.86	39.0581
424.27	683.563	-18.4553
1468.3	332.322	-25.9492
-1210.64	1067.78	-0.756272
-77.2046	1093.56	-18.0493
334.27	-815.546	107.996
-1088.6	-376.309	-0.684046
-577.78	486.077	-10.3686
1009.88	301.871	-18.6343
-338.452	-925.812	38.5836
835.885	-478.992	-9.13954
700.087	-1155.31	41.6225
825.917	-629.227	11.6763
-607.347	-239.5	7.62451
707.866	1288.87	-21.3103
-1226.58	-378.335	0.744801
-1499.17	1380.24	-5.9412
-1445.38	-239.021	-2.70133
-380.884	185.193	4.06551
1481.54	-733.855	-7.88818
-226.906	-48.2393	35.214
524.394	-422.874	7.64555
763.717	-552.143	4.52745
-655.499	-561.67	6.0834
445.07	-169.242	-6.84488
520.006	-315.188	-1.51348
589.428	1092.84	-20.306
-583.374	116.322	29.1442
161.649	265.796	-14.057
47.4024	395.011	-14.0906
555.553	1489.89	-23.56
-1328.72	-109.616	-7.58443
-858.57	775.748	8.3371
-835.564	550.849	3.27619
-346.574	-733.363	45.5239
-1120.39	491.032	11.2576
-411.157	148.548	14.1117
-1346.27	-1325.44	65.6439
-498.811	-1011.52	19.5997
592.073	1100.82	-20.5487
-140.03	-1246.85	72.6378
199.973	1458.9	-15.5022
1109.3	1115.85	-17.0921
-916.536	-242.262	-4.85787
1001.31	1369.62	-22.1862
-132.732	-167.385	39.8332
997.194	1090.01	-14.073
360.631	656.267	-16.3595
402.569	-1154.32	49.3477
-912.155	-591.999	4.75446
986.681	-1338.54	47.7366
-273.28	1437.5	-17.3411
1159.03	-135.347	-16.7411
1138.58	1035.23	-17.7586
1272.57	-81.3343	-19.5302
485.331	876.243	-15.971
620.843	-1100.99	54.9225
977.541	-884.461	74.0895
-10.7689	-1470.17	46.2278
-631.424	-704.704	7.26797
76.3787	443.485	-14.1439
-922.508	516.971	2.96041
696.297	56.339	-16.1897
1318.74	-1217.17	96.3598
386.861	65.3794	-11.0137
292.42	1360.69	-14.8333
945.95	-242.689	-16.937
-1377.3	-188.566	-5.60187
875.708	-1275.13	37.4852
-1164.81	176.525	-9.72735
-1025.82	897.583	8.4079
1120.29	-1232.95	73.6982
265.093	700.239	-15.91
-416.955	-1207.03	28.7585
575.296	-151.404	-8.35732
-1070.37	-1271.71	49.9154
-367.765	1295.41	-18.1353
-603.941	543.793	-10.7322
242.424	-748.12	80.626
-1295.3	247.295	0.478982
-515.102	-1233.51	23.1145
-140.759	1435.98	-17.7957
-718.51	375.645	-8.50792
-805.249	-692.985	4.60284
-1341.93	896.985	32.4903
-730.03	628.349	-2.52332
-50.1266	22.6021	0.868118
-678.049	857.007	-6.1197
-1359.69	1130.81	1.15372
854.314	1434.93	-26.8809
295.649	420.126	-16.577
677.888	760.686	-19.9397
-188.508	-76.1472	32.1514
1459.03	-1278.64	96.5471
-995.712	1279.26	-16.8444
923.938	-224.545	-17.4801
810.07	-1436.38	22.4618
-770.323	-453.333	-0.670384
100.846	39.6674	-5.26852
-107.605	93.6297	-3.16334
-793.794	-410.89	-0.898907
121.898	-859.113	105.09
1206.12	-1119.8	77.1297
566.529	1457.83	-22.8989
775.424	-339.121	-11.97
-35.7998	603.181	-12.5432
-402.171	-298.865	44.9364
1396.43	-417.268	-14.29
1049.86	-1489.57	33.0632
870.902	-258.425	-16.6954
761.446	1252.94	-19.8155
346.842	-945.48	110.96
1382.85	-427.866	-14.2234
751.656	-195.106	-17.5216
-1054.82	-562.471	5.10913
-63.888	604.484	-12.884
-829.957	1338.01	-17.891
1333.88	473.993	-20.83
-1108.13	794.575	10.9626
-1146.85	-488.914	4.636
1412.19	-913.028	2.21284
368.807	553.54	-16.8503
830.166	-844.064	83.3545
-1020.29	680.87	4.97919
517.436	-494.202	22.057
1334.73	800.505	-18.2222
-725.879	1079.03	-17.4349
-1329.74	284.533	8.16802
-352.585	-1440.51	45.5888
-696.172	843.843	-3.11509
-742.076	464.931	-4.20684
-891.867	-248.183	-4.6576
-12.6975	765.819	-16.0571
325.439	742.596	-15.7888
-1251.47	457.875	25.5857
1273.46	-790.092	-1.78793
412.186	-614.599	51.4629
382.005	-1261.39	35.6242
1411.23	-971.672	10.5313
-1475.79	268.774	6.29556
-475.904	1444.54	-17.4014
728.897	-565.499	11.8016
325.92	-1335.15	32.8092
-320.522	-945.892	41.4346
512.191	630.778	-19.8394
-510.092	-683.731	16.1059
-1247.33	-438.582	4.59541
1026.87	851.514	-19.1465
-816.273	1361.31	-17.8296
632.276	1102.31	-20.6986
724.698	193.02	-21.0774
-1131.01	614.726	7.64596
-849.501	1063.4	-16.5807
-147.066	-942.707	86.3011
648.497	-914.237	95.6626
1351	-918.208	8.44557
146.375	-0.196373	-3.48055
1068.3	1095	-16.1268
-620.486	-1249.87	25.3257
-785.226	731.778	3.87841
-138.499	-535.904	111.838
581.395	653.046	-21.9546
-406.325	668.114	-8.2038
371.469	1236.42	-20.9282
-521.501	455.303	-11.3201
24.9614	266.693	-13.924
-1088.87	953.408	5.74073
616.903	1199.15	-22.3576
1239.37	75.4349	-20.0124
1466.95	-398.59	-13.9865
-22.606	448.877	-12.8488
482.107	-803.323	104.998
-314.839	1294.6	-17.9676
675.484	-1023.5	76.2921
293.653	-1230.52	41.1262
151.579	997.561	-19.3941
716.593	-160.49	-18.2076
-490.767	-631.877	19.1486
-1409.54	-494.3	4.72074
240.416	-1339.96	34.8852
-1132.89	11.9571	-6.97552
87.8735	-1440.81	39.7505
520.154	880.9	-15.6586
-413.065	-1149.08	29.5517
301.525	-748.221	84.444
-512.628	-850.445	17.8424
155.061	263.987	-13.9985
-707.756	-453.619	2.06518
-641.258	-1165.89	15.8368
-1381.92	501.508	43.4806
-409.754	955.731	-18.2868
-594.254	456.946	-9.63459
283.848	-815.849	103.34
-1138.45	-648.678	8.95568
979.748	-591.981	-2.39942
600.316	114.614	-16.0291
741.12	1132.02	-20.8117
1469.35	811.311	-20.287
1311.82	1076.86	-20.372
371.238	404.86	-16.7049
45.0403	-274.527	41.0062
765.433	912.123	-17.7002
720.173	-71.768	-17.1494
-827.985	1193.65	-18.567
174.425	760.324	-16.551
957.783	-560.457	-4.34857
-1114.44	-1451.47	75.8928
118.778	1438.44	-15.7857
669.253	-570.079	23.6853
-568.493	1401.16	-17.9537
-549.964	-501.233	13.1063
-877.3	-951.33	20.3056
-853.501	989.969	-12.8867
-1054.56	-507.018	2.53455
-814.878	-394.514	-1.27808
235.671	61.5109	-10.1362
-148.998	533.086	-14.0682
1444.96	-1395.14	89.4456
575.381	-455.65	13.1587
82.7732	-70.2366	0.812374
-778.459	418.515	-7.72709
-263.641	-470.98	95.2473
-222.508	-264.39	64.0904
-215.429	-993.988	73.2116
670.193	-27.9879	-14.0791
-413.508	687.025	-7.41687
1481.87	1128.77	-21.4823
1153.08	-522.874	-8.90598
3.60811	-522.498	77.7495
744.192	493.101	-19.6859
1009.26	-459.787	-8.57885
519.039	-791.556	98.4774
-899.98	565.672	4.03746
892.875	922.649	-18.1255
-1147.38	-1061.69	45.3497
1059.84	1103.22	-15.7147
-690.809	-28.7896	6.76295
-685.154	563.843	-5.78237
1142.2	1310.13	-20.9158
-1356.56	-289.993	-3.64721
-767.859	-1499.27	55.1423
1215.58	-734.044	-3.34413
-736.154	1172.26	-18.0893
-495.375	492.043	-12.1614
-873.178	1369.68	-16.8708
406.628	777.245	-17.0002
-1406.77	235.35	2.35026
-1222.19	1215.27	-9.24978
-813.067	-1132.36	27.3763
1355.9	813.142	-18.3816
-63.0864	-200.509	40.6389
236.313	203.363	-14.5111
1144.64	-37.7952	-19.3307
1048.5	-1346.64	55.6423
-36.172	-268.66	56.8068
-296.99	-584.051	85.7939
743.606	319.073	-21.5018
-1015.84	638.044	5.53646
252.944	-1145.12	52.8462
-1011.77	1077.13	-12.7014
58.5397	292.403	-13.6901
601.652	-1101.2	54.658
1054.63	-762.025	20.7058
659.812	-602.193	33.2526
287.192	1488.39	-15.831
1494.07	-563.784	-11.7443
-991.849	515.423	4.67772
580.423	1171.2	-22.0111
-371.51	1199.15	-19.5984
-631.237	-511.349	6.93861
435.638	-1130.63	52.7216
-741.445	-1203.13	22.7562
820.814	1146.09	-16.1755
1256.71	-59.7833	-18.7735
1093.16	-1093.26	63.9645
120.348	1096.42	-17.9571
645.295	-172.066	-11.5479
701.145	-846.198	85.0855
1156.98	548.603	-19.1541
-1277.84	804.712	12.6212
-318.961	339.616	-11.6156
-1438.39	678.193	9.69451
650.508	839.567	-17.1931
-505.592	-1205.48	21.4337
-15.571	1312.71	-18.5059
-117.263	-1462.11	54.3829
-131.241	-504.182	105.497
-222.675	-628.151	103.019
654.514	-1320.56	29.7287
821.549	889.294	-18.4461
739.831	-1337.83	26.3886
1370.36	-1346.75	96.1562
-405.022	-1383.08	35.3724
525.75	562.489	-18.8584
-745.909	855.775	-1.70167
-287.718	680.403	-11.6716
706.195	-524.491	11.5532
1476.39	585.786	-22.0026
-1399.92	973.119	31.1969
1493.95	1041.3	-22.8289
-1120.46	124.488	-10.4962
-630.116	758.334	-2.97961
-655.848	894.62	-12.4351
-672.336	957.656	-14.484
-996.209	-855.849	26.0867
-1132.32	617.746	7.52721
1181.32	710.926	-17.3086
362.476	1239.16	-20.6246
149.231	519.156	-13.2389
-1497.35	-831.962	14.0573
432.299	-525.093	26.6694
156.435	866.118	-17.7114
-1331.79	-1242.51	52.6794
949.948	-583.603	-2.79695
-152.769	-1291.26	68.3871
-1152.42	946.281	11.0534
-1216.11	1242.36	-11.5783
394.674	-1369.57	29.3798
-807.697	-371.603	-1.50798
1350.57	-64.1634	-23.0612
540.456	525.294	-18.4198
1479.06	-1182.1	69.2037
-454.207	1404.63	-17.5585
180.596	-1471.07	34.6021
-885.14	-905.412	19.2885
25.7193	-1399.32	44.8763
763.989	454.315	-20.0879
-592.648	466.851	-9.75516
-665.859	187.24	13.0926
307.824	-1259.97	38.0628
203.534	1026.05	-19.502
530.669	-322.192	-1.02047
302.302	1479.73	-15.7093
-297.901	120.079	8.80062
-607.835	1424.6	-17.3165
-1255.16	399.413	20.5944
-629.555	1498.52	-16.8952
-1173.01	820.719	15.4686
858.491	-563.74	-3.38149
254.934	-357.634	8.08388
34.4776	-1462.67	43.4906
1147.04	-1363.6	70.7266
76.3884	72.8409	-7.96434
969.761	-383.114	-11.8837
1297.82	993.967	-19.7277
1327.84	1204.61	-21.0226
-801.905	1004.24	-14.3414
-1254.51	1401.45	-10.7967
-310.896	677.245	-11.1069
-1458.34	628.701	13.8905
-1147.68	9.38892	-7.22662
1121.16	881.911	-18.4492
734.086	-524.089	6.64457
-1041.73	-563.148	5.15002
-192.446	-1394.11	63.3535
220.712	-127.972	-1.21909
579.456	-1478.38	23.1152
213.584	-276.261	9.75148
713.138	-553.84	13.3448
-628.92	-782.049	8.49879
-596.577	790.264	-7.34918
-842.552	-233.316	-5.23241
-990.24	359.467	-4.84775
-748.683	-846.882	8.89746
-252.04	-274.556	64.9314
-787.409	-627.871	1.99402
973.314	1480.03	-25.851
-605.445	-565.544	8.92627
1276.18	1440.5	-27.5471
165.475	-1228.11	46.1787
-708.684	-247.242	-1.27486
1226.75	-26.8016	-18.5468
-951.638	-756.642	15.8243
1211.48	-1385.57	81.051
587.161	585.376	-20.3229
1198.96	-691.86	-4.95399
1115.34	-376.413	-10.6733
-859.241	-43.1207	-7.9758
1348.31	178.022	-24.0246
-1013.12	1116.68	-13.5726
628.239	-1415.73	25.6181
1476.89	1082.46	-22.2288
783.6	-829.174	81.1903
782.23	468.617	-20.2764
951.769	929.495	-17.9305
-755.915	-991.728	12.7905
1060.07	-164.655	-16.8631
1165.38	-1350.08	74.5729
-83.4533	1454.63	-17.3156
-1369.52	-1286.43	58.3581
-696.342	-1476.53	57.1381
979.695	-351.566	-13.2365
-149.821	829.213	-15.0849
-1434	1266.57	-5.5109
-395.365	1163.3	-19.7048
-373.421	110.702	17.9565
-925.647	-794.266	16.7254
298.41	830.159	-15.5385
-848.174	96.896	-4.8453
1419.2	83.9022	-24.6276
-1241.5	-271.494	-3.32784
-997.057	1391.49	-15.1573
139.436	-862.997	105.382
72.1275	1152.42	-18.276
-717.91	311.402	-5.18184
1400.96	610.56	-20.5101
-496.895	-796.913	18.3975
-870.874	175.054	-7.50831
-437.239	-1165.91	26.3078
-1126.6	-18.6284	-5.40176
509.941	787.04	-18.709
-425.362	-1130.29	27.1434
-609.182	900.463	-13.8337
618.613	349.582	-19.4327
829.319	-734.531	46.4286
62.5825	-1417.67	41.12
817.672	1383.22	-23.5418
-75.5386	560.996	-12.443
1425.56	538.159	-22.9477
469.818	-1263.45	33.4878
1036.09	304.299	-18.5132
844.765	-1315.17	31.0587
701.301	-1110.07	50.7103
-9.02583	-942.274	103.625
-877.754	-806.333	13.4992
788.508	-355.8	-11.565
229.063	1492.21	-16.1774
156.961	-1027.4	75.9112
541.589	376.043	-18.8808
-233.516	563.097	-12.6145
500.992	-644.034	63.7363
1477.9	-734.561	-7.80626
1465.98	516.741	-25.2649
1077.97	472.921	-18.9178
-1469.99	-1450.29	114.809
945.465	1444.6	-26.9507
-1421.84	1028.49	23.9704
-937.363	385.206	-5.02709
31.7079	-1231.28	58.3723
-3.097	-1279.36	55.0156
-1386.97	765.398	7.8055
373.043	508.831	-17.2717
76.1327	791.609	-16.811
-332.723	43.5546	33.2605
-952.641	-972.212	33.465
18.7157	667.4	-14.3934
1113.27	1011.6	-17.6162
-915.577	-111.358	-8.46728
814.281	1330.92	-20.5221
215.207	-345.868	14.4178
1076.98	1497.03	-26.1115
-754.847	-674.486	3.34113
-1326.92	-814.067	42.336
1110.43	-156.989	-16.408
299.126	962.416	-17.9116
-705.275	596.248	-4.49872
533.26	-1240.11	35.3302
-804.095	-409.539	-1.13365
-1284.97	319.909	11.5255
-38.0093	-48.192	5.77158
1487.11	722.039	-21.3087
60.4513	-1354.54	42.2676
1079	896.045	-18.6638
-1271.15	1104.52	2.10533
711.489	1067.8	-20.2995
1299.97	-812.935	-0.639504
895.145	688.606	-17.4274
1489.47	-273.458	-19.5837
276.729	917.65	-18.2147
-637.387	-834.881	9.82527
-407.493	-781.809	27.5824
786.453	261.463	-21.6785
-1304.99	927.056	31.9621
86.69	-160.655	14.4196
-839.199	-751.106	8.19983
-1196.61	-110.232	-5.12321
450.662	1366.91	-19.0784
133.655	694.939	-16.3469
-191.368	-1188.6	77.2449
742.104	-127.563	-20.2174
-17.9944	-157.787	24.5645
-1337.09	-1112.92	50.6877
-1202.21	-1325.97	60.0981
110.098	383.73	-14.3313
509.157	540.238	-18.678
659.945	258.708	-21.7451
370.787	1432.9	-16.7092
1469.27	-876.54	-3.68345
300.439	532.927	-16.0223
496.89	-899.143	112.83
325.843	-1158.41	51.1019
1096	-157.229	-16.4428
-293.239	151.183	3.44013
-1030.46	213.602	-10.599
1458.39	-563.53	-11.4458
-673.363	-168.081	2.99673
668.195	1151.65	-21.9359
1496.35	-160.752	-21.8644
-518.679	448.785	-11.2425
-785.393	-651.204	2.60001
149.586	1205.56	-18.0858
1159.62	886.424	-18.0033
633.85	-49.5811	-12.6697
844.208	-812.206	73.2154
-1026.93	281.131	-8.55855
-558.156	71.0667	34.3752
-1258.03	-748.154	26.3289
677.761	-714.558	64.2985
472.015	485.467	-18.0642
-1375.21	-887.299	37.9922
411.617	475.725	-17.4176
218.68	-327.757	11.0134
-766.617	740.366	3.52492
-839.462	958.96	-8.95903
142.739	313.019	-13.3816
-185.005	-1371.84	64.5822
356.162	1016.5	-17.0231
-124.884	-1083.26	97.1888
-5.82068	594.755	-12.2812
961.019	1136.03	-12.5118
720.906	978.666	-17.5048
490.535	1092.54	-20.7435
-1253.51	-1356.59	69.1433
981.135	-185.799	-18.1369
1254.07	99.1361	-21.1134
1049.88	-240.257	-15.2885
1490.87	1166.65	-21.1777
1407.1	379.726	-23.6241
825.934	-670.005	24.4587
779.381	167.212	-21.4162
-672.989	1302.66	-17.6386
30.7579	-599.455	76.8924
-763.267	-662.633	3.01381
-564.612	670.911	-7.67999
133.205	-581.857	48.4248
624.496	336.765	-19.7633
-85.8147	-1036.75	105.193
692.325	-991.058	85.0324
225.626	-111.896	-3.08354
-178.507	1081.5	-18.9233
-1468.36	-1252.53	53.8294
-359.371	-1391.99	41.5036
296.015	-131.993	-5.50891
-1050.79	1491.21	-13.8174
-466.723	-227.22	26.5899
1170.67	-40.1267	-18.5783
-408.806	-366.642	44.9646
784.814	777.77	-18.9811
-931.001	-149.34	-7.43694
-1292.77	-15.9882	-9.36446
-437.007	1243.56	-18.8999
352.416	668.312	-16.6449
204.555	-172.084	3.62745
-42.3706	-753.613	101.197
-1050.92	307.881	-6.0776
-1245.45	-216.071	-4.34497
-1339.28	775.796	9.13693
464.142	-1240.17	35.3165
-288.383	477.189	-12.9816
273.863	-415.223	12.5192
714.047	-644.648	36.8091
157.691	-293.825	19.6745
275.94	-688.527	61.095
-1439.97	-1107.2	37.6681
488.84	-1280.28	32.3973
-16.6938	-1334.88	51.3333
-539.253	1045.94	-17.9521
-652.423	1358.99	-17.9432
-733.276	368.564	-8.76633
284.065	758.792	-15.4437
1319.95	391.809	-21.378
-1382.12	-91.836	-6.22506
-1191.88	-981.008	44.8223
-214.55	840.185	-14.5079
-1090.45	179.367	-10.4989
-1450.26	-117.462	-3.04963
-19.3948	-351.952	75.3765
-1222.29	-131.682	-5.09334
1475.58	1268.88	-24.3515
393.235	725.059	-17.9562
476.163	1124.13	-21.1724
566.724	419.383	-18.5698
254.062	-1019.58	83.1378
952.991	-979.524	73.6538
755.813	-680.394	40.0894
-742.729	-1021.52	13.9774
765.164	838.575	-18.5963
-939.175	-456.119	-0.972882
1367.51	664.309	-20.4726
754.138	-848.702	83.3982
-1115.81	-970.762	43.8169
-540.64	-155.687	23.6328
1247.47	-1358.57	89.1796
-1240.97	774.296	10.4324
-598.398	407.906	-8.89306
884.709	-541.556	-5.3509
751.97	-958.233	84.1017
-933.661	310.508	-10.5386
-181.677	1218.48	-17.9252
56.1506	716.952	-15.7311
-1447.83	806.22	10.2835
1015.11	-4.02357	-22.67
1059.86	-386.84	-10.5682
1094.12	61.2219	-21.7146
-566.825	127.343	26.9118
1325.28	276.879	-22.9103
892.368	1194.25	-12.8122
428.401	414.284	-17.2355
-844.496	-762.377	9.20753
-892.462	-314.557	-2.51317
851.973	-699.272	30.1364
1386.31	180.904	-24.6473
-711.845	429.995	-7.77112
176.366	501.068	-14.3944
-344.625	478.78	-12.7044
-290.028	-1432.25	51.8269
-770.003	57.9235	0.31822
-921.777	-735.401	12.8204
58.5463	1127.43	-18.0383
-250.462	768.437	-12.6728
1067.96	-530.169	-5.89515
-356.436	1127.3	-19.7735
421.086	413.264	-17.1458
605.423	-931.336	99.567
-102.62	-1281.71	68.1346
657.237	-264.68	-10.1561
1469.01	-122.911	-23.3245
-1269.06	720.275	6.56118
599.024	189.35	-18.9232
-1332.09	651.557	11.3284
560.367	86.84	-14.0815
-203.416	237.522	-12.0655
569.764	179.877	-17.8871
391.05	1474.74	-17.1506
-162.915	215.937	-11.1563
-1496.62	308.155	14.4563
-1022.8	-697.091	14.6179
1140.3	1424.06	-26.3157
374.602	-1116.94	57.8316
30.6255	1492.81	-16.2794
-775.364	1292.62	-18.3707
1110.2	-1031.84	59.3248
228.779	-289.673	8.58778
-65.4969	-333.079	77.0562
-87.9299	-1384.29	59.0226
1277.68	475.321	-20.4004
-531.526	918.143	-16.9546
1143.28	818.305	-18.5096
-1239.78	-455.628	5.76898
-581.451	1232.84	-16.6167
962.567	1250.36	-14.8756
841.738	-1388.7	26.0791
396.082	-1315.18	31.5793
-186.445	-1010.28	82.1384
-1232.1	252.99	-4.33424
243.985	1003.39	-18.9413
-1097.64	722.78	7.63513
1164.8	1418.34	-26.3114
685.976	-335.268	-7.71581
-1486.61	323.096	18.0792
106.705	-1149.92	65.2618
-507.605	84.0189	33.53
1467.78	1473.88	-24.304
-1245.8	1279.57	-11.391
542.961	1156.26	-22.0938
124.714	-1151.66	60.9131
446.724	1386.09	-18.8058
-1020.78	-1102.94	37.3637
255.659	-1330.68	34.8975
197.283	-140.342	2.48239
578.576	-1234.28	35.9588
-1420.1	1311.27	-6.53276
737.729	-26.9235	-15.9248
410.558	-80.3416	-8.90799
497.444	-1234.43	35.9194
-1496.46	436.85	51.7469
-807.802	-919.975	13.1373
-234.744	1363.64	-17.2994
-1398.66	-1406.2	89.4821
1357.11	121.118	-23.9192
1032.87	497.726	-19.0731
-98.9002	1227.48	-18.6261
-873.568	-1071.99	27.8839
-90.5055	-460.694	90.8254
3.20537	1333.31	-18.2963
964.347	-245.528	-16.8195
-1473.4	-232.786	-1.53394
-1241.48	-1132.59	48.5953
-350.033	72.0211	26.7176
-638.807	-1100.14	13.1043
1051.66	-915.143	62.7904
-861.277	-771.997	10.9092
787.654	1270.05	-18.9161
-1426.37	452.46	48.3865
566.016	555.415	-19.1756
-8.64707	1482.17	-16.1121
-1080.98	-111.765	-6.1835
-1450.93	531.374	46.204
920.898	-1192.7	56.862
1329.99	-341.464	-15.4901
-853.999	171.754	-6.20211
1412.75	691.746	-20.8236
-1164.37	312.509	-1.41744
-1392.9	-1155	47.0321
-1384.86	-1137.14	47.2137
714.906	-362.406	-6.85712
-940.295	-340.227	-2.15218
72.0918	372.002	-14.1429
1424.44	2.50584	-25.3613
199.286	-77.7385	-2.80161
1392.92	469.062	-22.3557
-1034.18	-176.359	-6.45629
-558.921	1327.4	-18.0142
1308.76	249.189	-22.8327
-466.281	-196.065	29.4302
-1470.66	865.747	15.5781
563.155	611.479	-20.6527
-462.909	857.773	-16.0892
1010.41	-1458.42	30.5055
-1296.52	-291.678	-3.31876
-941.881	-320.049	-2.34676
556.265	-14.214	-11.6175
1462.23	710.236	-21.1444
-776.398	345.26	-9.58914
454.17	-72.9203	-9.5338
-1420.78	916.108	26.7195
-3.96895	1231.3	-19.0085
-722.199	-1150.38	18.9182
-171.357	-169.708	45.4268
846.768	-681.977	24.2778
1039.85	1052.98	-15.7181
-153.787	-1323.58	67.8621
569.474	916.835	-15.9253
-727.816	-1167.05	20.1593
1462.79	875.012	-20.6112
-1377.11	-392.369	-2.73401
-484.128	-1278.88	25.4353
769.328	-1465.89	21.8463
-784.682	631.207	-0.765439
421.388	442.452	-17.3517
-872.033	-85.5082	-8.77158
-1227.2	598.204	12.3766
-277.678	-1144.92	56.3013
855.392	-958.039	79.9561
501.068	-780.239	96.9867
41.0022	-1274.81	50.9418
1241.01	-327.612	-14.8778
1201.23	692.834	-17.9258
-379.388	-194.979	48.4753
-434.023	885.883	-17.4786
-1126.41	-1425.13	74.475
1167.67	1265.08	-19.0429
-171.233	863.628	-15.4604
-52.9061	-1427.35	50.9771
450.867	-1115.42	54.8522
-1403.72	585.527	24.1367
-1194.08	221.836	-8.30582
-594.166	103.406	26.9905
604.177	340.224	-19.4336
-114.419	-1297.94	66.4864
274.817	-634.207	45.4608
-368.171	132.503	13.0765
-381.256	-667.921	41.1161
1396.82	-1316.82	96.9171
-1232.58	-526.102	9.81372
432.549	-948.897	108.868
-1081.67	-532.486	3.90678
-549.112	-53.393	33.5829
-349.239	-451.662	68.3492
1168.28	-1446.36	60.7328
1031.15	-1254.55	66.2637
1217.95	396.274	-19.8224
1007.22	502.087	-18.9921
-179.321	-805.014	78.543
1226.77	-144.931	-17.3703
538.263	1361.34	-20.347
350.708	646.492	-15.9176
851.757	-1398.59	26.3007
-1270.28	1051.53	6.87789
815.8	-372.942	-11.5204
-1436.27	1224.45	-3.39709
-892.771	569.264	3.74711
-1064.73	422.59	5.08582
497.15	-318.535	-1.51364
-1243.13	1474.2	-11.0559
889.054	866.116	-18.9307
843.17	-1319.4	30.5787
1068.59	1410.9	-25.0419
1124.97	-951.074	53.2855
441.724	969.048	-16.5029
-99.3933	1133.06	-18.257
-75.6299	-142.77	27.1202
-1149.74	-485.66	4.62259
124.088	147.26	-14.7
-610.555	-743.994	9.0492
-507.565	-416.768	19.7212
135.485	783.521	-16.8469
513.971	307.287	-19.0171
1187.53	-806.556	12.1177
1099.52	-1.72419	-21.212
640.525	1419.97	-23.8284
72.8455	-709.437	82.9351
-705.284	1010.26	-15.644
-586.294	254.792	1.2461
-616	618.333	-9.52615
606.964	-1084.09	59.4987
810.783	1098.37	-17.2399
-83.3602	-1103.42	97.1871
995.687	-88.7707	-20.2897
1337.96	-488.793	-12.8382
607.478	238.449	-21.0592
-13.1627	825.555	-16.2031
-1360.58	-1211.35	49.6815
686.437	1192.72	-22.4411
-438.004	1498.68	-16.042
542.214	365.439	-18.9744
281.065	-1344.4	33.7084
-603.904	72.6079	25.1883
121.039	266.326	-13.9633
672.653	-475.065	10.3025
1033.7	-1367.73	49.7605
-432.162	-1229.81	27.5565
329.437	1189.12	-20.2272
319.014	1429.92	-15.5178
-875.08	737.909	5.42946
839.979	1450.99	-26.7415
-161.314	949.237	-17.493
1418.13	-1363.8	94.2582
-985.568	-300.305	-2.97141
479.694	560.963	-18.8752
-108.389	-1093.65	99.1295
1243.53	403.017	-19.9248
456.711	334.602	-17.8065
-861.461	-474.291	-1.90485
-1360.22	-1166.61	49.7117
424.49	128.414	-13.0144
841.545	907.808	-18.2305
1292.52	-931.766	20.3121
-1291.93	-1263.35	53.4502
145.461	-134.314	4.31399
-1414.98	341.85	24.2999
602.383	-1393.34	26.3552
-846.028	1053.41	-16.2445
-60.2179	984.969	-17.1563
1493.68	-482.474	-12.604
1240.11	759.489	-17.8
-732.289	-1153.26	19.8078
-717.055	51.1799	6.89161
1444.74	502.207	-25.0137
-120.401	-380.411	87.0618
1214.26	176.921	-23.1098
165.766	642.188	-15.748
-386.378	-590.865	45.1695
-1079.5	-1147.22	37.752
846.634	-247.145	-16.9249
584.687	-990.107	89.4138
-1106.76	-1218.2	41.7897
-888.973	342.837	-9.92227
-437.344	1448.57	-16.6992
-257.65	1214.07	-18.8003
1367.78	-743.021	-6.2305
1314.4	623.943	-20.7286
-1084.8	-772.221	16.6769
-1003.31	-712.681	15.4647
-1071.26	-758.087	16.2767
512.563	-1210.46	37.6099
425.676	-1307.76	31.3492
-1323.64	-361.683	-3.0852
-812.645	964.644	-11.8147
522.316	529.877	-18.5469
1472.28	-753.627	-7.28234
402.777	1178.09	-21.5466
1443.73	-1199.23	86.4703
-634.066	-113.036	14.4008
-1086.35	-1166.91	38.8361
-1078.87	524.633	8.08807
-376.332	-66.1338	57.381
-23.1035	-392.149	80.2093
-1244.43	-122.489	-5.69781
-1066.58	-119.195	-6.63062
1228.42	-217.313	-15.9734
93.6173	-1283.29	44.3525
-1467.66	-1466.62	119.82
425.936	681.837	-18.481
715.265	615.561	-19.1478
450.462	-864.294	119.197
-315.593	1010.95	-18.5703
-234.382	581.053	-12.4824
28.839	923.746	-16.7639
999.428	253.564	-19.9202
1021.59	241.186	-20.0841
-561.295	-264.845	10.2649
-1295.39	-1427.55	88.2989
-147.326	-571.654	118.154
-171.413	-240.425	62.1226
908.537	-459.513	-9.61929
-509.639	-130.628	32.2891
-761.158	898.486	-7.42896
-1421.53	-171.388	-4.78799
-802.026	-1464.94	49.1636
457.816	453.172	-17.7575
1437.1	1031.69	-22.1046
420.519	437.216	-17.2865
-1215.59	-1411.03	81.0987
968.43	-1044.2	66.8747
-1301.93	526.477	31.9233
-968.687	1204.19	-15.6887
586.126	1409.81	-22.4051
-785.958	-1329.24	35.4505
-1163.13	1051.66	-2.85925
-949.39	-604.854	7.02678
366.707	-529.756	22.7943
1288.72	-270.654	-16.7209
-243.07	-994.042	64.8247
-840.727	-274.205	-3.94661
-139.963	779.976	-13.8307
-1363.45	-1238.97	50.4551
1312.82	323.42	-21.3562
1168.44	-1376.78	74.363
196.578	1127.3	-19.0545
972.28	781.143	-18.8688
-1489.46	-399.536	1.58193
30.8652	401.703	-13.944
-1242.63	-1198.2	45.9738
161.168	-1196.87	50.6903
1495.27	-543.018	-12.1004
1004.86	-273.902	-15.9875
-1261.4	-1394.6	79.549
283.23	-127.148	-5.38446
469.775	196.75	-16.338
907.05	-372.575	-12.3418
1367.11	-514.752	-12.1624
489.692	-1411.85	25.8667
-1393.3	802.186	10.5675
-3.41288	405.899	-13.566
437.707	1099.19	-20.2794
-907.908	887.175	3.20855
-80.8371	1047.46	-17.5546
1387.22	-1156.69	77.6856
-1196.81	-760.008	21.0359
1257.9	327.498	-20.431
-56.7832	185.877	-13.6766
-276.51	-174.181	60.0602
-900.07	-789.149	14.4395
-710.484	-739.492	5.01615
386.283	-1366.61	29.7567
-1382.75	1345.61	-7.55223
261.25	-1094.23	62.4903
-1455.77	-608.728	13.473
1048.99	-1339.86	56.8881
639.116	-1398.25	26.1663
-788.553	-1274.71	31.1677
-1458.86	-1113.81	34.7849
-719.509	707.175	-0.0373085
-736.246	1190.34	-18.2246
1315.75	812.605	-17.8516
1356.71	1254.77	-22.5108
-1032.38	-34.4342	-7.22067
255.519	-1255.31	39.896
-1279.19	411.595	25.9701
-842.54	-242.681	-4.93743
-1315.47	284.753	8.34613
587.95	-404.578	4.80967
-264.793	924.385	-16.6439
-1081.65	-1458.26	72.1341
-225.085	-1023.58	71.9371
-1247.04	781.25	10.9599
-1348.12	513.693	39.3311
328.62	854.308	-16.0481
112.356	-369.808	40.3275
26.7542	1080.18	-16.5949
391.348	1358.45	-18.0929
-1133.73	100.76	-10.6267
-775.862	-1361.29	40.5802
284.159	-1172.44	48.3178
766.194	-1323.41	27.6119
-461.391	1108.55	-19.34
-236.219	-1375.57	60.5481
807.846	-190.274	-18.597
-1149.79	1442.78	-13.2876
1315.58	699.535	-20.1358
1063.24	-130.474	-17.7615
-1314.69	61.864	-9.55864
644.767	1006.83	-18.023
342.533	-501.556	17.0528
1223.35	267.742	-21.3318
1415.35	-1431.97	87.5755
-999.728	329.14	-7.21825
612.918	-115.74	-10.2359
1151.86	1067.07	-17.8018
-1376.45	-1322.62	65.9449
713.241	1172.22	-22.0484
1299.25	1457.72	-27.1327
246.847	954.777	-19.1568
1298.07	1119.81	-20.2136
-1033.64	-470.584	0.927881
1178.39	148.25	-21.8985
367.467	294.06	-16.0424
-846.834	440.594	-4.91441
-918.707	-957.085	27.0439
942.038	-286.713	-15.7784
1436.89	243.55	-26.9457
-1023.08	266.966	-9.24884
-581.695	-321.943	7.05966
-1327.84	320.861	12.9479
-1460.49	1078.74	16.8033
-31.8811	380.326	-13.4402
1173.23	-136.178	-16.6151
-442.873	-590.772	29.8367
-391.147	-519.281	46.7119
-1086.67	-699.035	12.8337
-110.326	38.5907	2.54398
-493.235	-469.412	21.9855
-1336.88	-722.698	30.0357
455.35	113.955	-13.254
-1159.68	-710.073	12.9284
-132.144	-60.1521	17.8323
141.992	-741.999	81.4811
150.304	-1123.58	60.4101
-217.306	802.032	-13.7149
-1285.68	-689.742	25.6383
-227.776	413.221	-14.6691
352.8	-283.312	-0.00336359
592.932	1351.23	-21.7502
-1200.47	-251.614	-3.72862
-754.127	-687.78	3.64211
-631.434	1187.96	-16.6552
-550.273	649.825	-9.10599
219.743	1299.08	-15.6767
-563.802	259.72	0.778902
560.216	-1150.87	45.6339
1474.12	1235.65	-22.9238
-303.165	-14.9269	45.0902
-879.272	1449.61	-16.2264
-924.839	1341.27	-16.5365
-1100.56	-814.283	20.338
28.9711	1018.14	-16.4761
1348.4	311.215	-22.6417
-1404.41	-1499.13	120.682
610.615	-506.556	20.9815
1041.93	1271.67	-18.8868
114.655	-175.404	14.4712
269.899	-226.974	-0.0282136
-1006.23	1204.88	-15.1781
1217.86	-628.067	-8.26457
793.908	124.12	-20.7962
-1371.41	-1159.21	48.7856
432.903	742.381	-18.8461
224.619	1404.56	-14.483
172.615	-1405.49	35.6916
804.537	-339.744	-12.5009
-1424.96	-662.609	22.2827
213.21	-204.36	4.37162
-1276.85	-518.362	9.14247
-503.873	729.417	-7.01185
-485.846	-668.805	19.437
-1441.7	-1075.23	34.1374
1116.14	1000.73	-17.7309
-791.054	-815.917	7.76692
-703.134	-1122.67	16.1273
-361.805	-1037.21	35.3265
-1202.5	923.966	17.3097
-244.672	915.4	-16.39
-609.844	930.108	-14.9772
-412.643	704.571	-7.05152
-512.207	-1447.74	44.9502
-223.118	1211.74	-18.3436
-668.517	-249.327	1.33019
-1007.82	1416.54	-14.7948
-673.743	-45.0784	8.42371
-606.253	1268.68	-16.9752
-711.192	352.605	-7.3891
162.055	-356.499	28.0681
-658.682	-589.633	5.89931
-843.869	-1059.63	23.1803
-1419.78	-1347.32	74.4704
179.219	-150.596	5.12333
-1110.62	-1279.85	49.2472
-527.807	1100.43	-18.2572
84.0129	-327.697	42.4018
-1328.57	-1318.9	64.0866
-1327.66	1253.93	-8.30337
-267.518	-604.225	94.5632
-957.476	-1324.94	45.5027
930.122	1140.91	-11.541
-1185.81	258.461	-6.31842
960.857	-1197.82	63.7338
-965.978	348.866	-6.41748
-17.5463	540.123	-11.7167
310.267	1242.56	-19.0221
-1039.37	-689.109	13.8738
917.442	-251.709	-16.7714
-1120.47	-607.87	7.18418
-136.563	-730.219	101.064
27.3769	-807.628	104.515
434.364	-1243.85	35.177
-186.951	845.733	-14.8063
-517.052	1274.67	-17.8946
942.741	460.832	-18.8958
649.875	-1198.74	38.464
-524.659	617.054	-10.872
-479.691	1462.07	-17.1534
982.693	-1083.63	69.4514
1211.96	-804.096	6.34461
1116.37	1132.84	-17.4851
-1189.71	-299.912	-2.16967
722.786	-899.355	88.9902
591.256	1350.22	-21.6874
601.051	684.29	-21.8602
-749.677	-906.029	10.866
802.975	1337.8	-21.3571
-958.841	-369.547	-2.19676
788.478	-1176.69	41.0393
674.326	1386.37	-24.0604
658.766	-839.849	88.6111
-1351.17	937.839	33.7174
1475.59	599.647	-21.2803
-764.316	1184.36	-18.6014
94.0323	-636.053	66.0013
414.92	-366.426	0.857511
227.789	1418.1	-14.7266
261.819	-1015.94	84.6424
-168.078	-896.72	78.0856
1228.45	977.438	-18.9958
801.528	-1245.28	34.7381
708.97	-997.592	82.3849
1145.01	-700.993	0.654281
571.524	751.666	-20.5812
1149.86	1104.83	-17.9249
524.108	-1424.85	25.1514
757.981	-1263.16	30.8501
1191.83	793.786	-17.995
1073.51	1478.99	-26.1895
688.866	228.411	-21.9135
1493.85	-1018.19	7.08507
-590.663	-472.121	8.82666
-20.2689	144.662	-13.0878
-1200	-1071.11	48.5529
853.86	1100.97	-15.3407
-856.51	1107.7	-17.7117
-1084.79	-807.839	20.0857
369.98	-616.31	45.7248
1229.95	1475.52	-27.2693
-868.638	1073.64	-16.651
-1133.75	-120.978	-5.28362
149.503	-399.64	32.1148
-301.132	-249.451	64.936
32.7706	881.261	-16.8288
-208.706	-547.364	118.76
700.706	1406.28	-24.9588
979.036	-770.831	39.4129
-914.687	-274.346	-3.80521
728.878	663.487	-19.7103
492.456	-1332.05	29.7439
-609.046	985.065	-16.5119
-259.611	-266.952	64.8083
472.609	-1319.6	30.4582
883.561	-1205.12	48.6898
567.752	-759.618	88.7769
1278.77	615.118	-21.2156
-411.263	-651.984	34.6423
-759.314	-916.025	11.448
-1144.72	267.491	-6.78789
-1182.5	13.3757	-8.43293
-1134.82	554.035	10.1748
597.736	-1108.18	52.6868
-1437.58	832.546	12.623
-398.561	296.521	-9.21389
-1399.57	-835.924	35.215
-1165.35	1081.74	-4.51208
-1004.4	-882.276	29.3245
-925.688	-402.607	-1.93017
-71.1846	204.197	-13.6621
1494.3	-541.556	-12.0985
215.903	291.687	-14.444
1453.97	-780.768	-6.3507
807.596	1132.55	-17.2516
898.118	1059.77	-13.4739
893.124	-720.616	32.8944
516.759	-1037.37	71.4303
1324.4	504.885	-20.657
-431.845	528.08	-12.9738
676.088	-236.69	-12.1884
1186.02	-45.8034	-18.0804
511.144	-234.805	-5.27344
109.426	1048.24	-18.0078
824.518	1142.59	-16.0156
-186.546	258.938	-12.6209
244.402	360.586	-15.3922
-781.133	-767.622	5.96405
1010.22	542.772	-18.2976
1117.68	-1343.58	67.6667
-72.9334	-338.878	78.9915
1366.85	1389.96	-26.6193
-709.867	-296.459	-0.554604
228.066	892.984	-18.2819
517.222	-126.358	-8.29621
959.201	987.073	-15.7681
707.089	-1242.92	32.5324
-381.084	-1226.57	34.3855
-1367.63	-764.627	33.4596
-703.414	202.917	8.05082
-930.455	1242.48	-16.6119
-1224.44	-1388.87	76.1997
-303.649	-808.333	46.884
915.365	-859.149	83.3682
-1200.59	1196.65	-8.76652
592.293	-731.732	81.7158
453.34	1075.04	-19.8386
-584.609	-1263.83	26.0657
-498.652	548.724	-13.5938
815.465	-501.738	-6.61894
427.106	-1118.74	55.3345
1482.39	263.523	-27.923
642.119	645.864	-21.2427
1413.84	437.296	-23.7627
812.247	-653.274	21.3784
815.6	-1123.05	50.825
-559.319	-465.019	11.1799
-595.15	-1157.27	15.9176
-1111.23	923.583	9.73707
1094.04	-709.788	5.95381
-1012.5	-497.636	1.73609
1248.92	-525.138	-11.0929
-741.199	789.036	3.08133
679.959	-703.236	61.1482
-527.65	428.103	-10.3572
164.797	358.417	-14.1281
1398.22	15.1292	-24.1705
70.6925	997.39	-17.5931
-183.791	793.797	-13.7976
-309.542	1121.96	-19.9693
1256.82	-304.654	-15.4588
1127.34	784.84	-18.6773
-768.042	106.918	2.33005
-1033.67	-415.834	-0.686242
-595.143	346.858	-6.04203
-509.793	969.852	-17.7896
-1198.48	-1377.6	71.2329
-1206.74	-1449.38	87.6879
-614.48	1069.9	-17.8659
986.936	1001.88	-15.8035
578.803	598.066	-20.6699
-9.53608	28.1418	-2.34113
-1282.14	-520.667	9.14475
1353.01	841.255	-18.5703
-494.193	66.068	36.2874
588.549	-626.177	53.845
1022.4	1497.25	-25.9911
992.707	1240.31	-15.9842
514.716	1027.87	-18.6557
-67.4309	-440.657	86.2121
1345.71	-1415.76	93.4892
318.45	-783.166	96.393
-2.52364	857.647	-16.2305
-633.758	-980.351	10.9189
-960.058	614.613	4.86256
-372.999	913.003	-17.7525
1218.22	1400.83	-27.348
-134.981	1102.89	-18.4788
691.381	-459.728	5.53207
-1347.6	813.456	14.9298
286.345	-1085.16	65.2776
-918.302	-302.125	-2.89509
1059.2	887.368	-18.9612
-742.877	915.482	-9.85687
70.36	36.3517	-3.56448
1489.02	-1152.53	53.6066
651.072	-1254.44	33.6748
-268.762	1347.23	-17.488
-618.558	-1183.23	17.435
1049.95	845.783	-19.2162
-123.332	-790.367	94.1353
-102.071	249.81	-13.7396
416.927	-1271.17	33.4705
-1061.03	-417.265	-0.00548305
1010.56	-856.078	65.305
54.4661	1012.74	-17.0731
-664.673	-160.067	4.15604
1018.52	-653.527	4.43562
-1178.85	299.532	-2.21018
1351.92	1315.34	-24.2347
-1354.06	-1316.13	63.8885
-1325.14	902.745	33.1568
699.958	-1369.82	25.6863
64.284	-160.533	16.6826
1038.88	494.884	-19.116
-492.196	1128.16	-19.2917
46.8358	752.091	-16.2852
-334.328	418.272	-12.9119
1129.29	-770.217	10.5417
-1421.38	-906.278	34.5198
-103.666	1429.36	-17.6357
-620.744	-1438.01	48.8189
985.64	982.852	-16.1645
-1237.88	670.42	6.70942
1103.68	-345.542	-11.059
1129.95	1195.16	-18.0894
1253.71	186.292	-22.2592
-1183.2	611.171	10.0758
1068.22	212.683	-20.5659
-738.643	-332.642	-1.25935
-1070.63	-371.306	-1.27818
84.2774	1101.93	-17.5537
484.517	1206.72	-22.45
1471.92	-230.43	-20.4972
911.819	144.802	-21.8371
-1430.24	1175.95	-0.542986
-912.343	-1387.7	40.988
-836.305	-403.753	-1.72275
-792.462	-1336.37	35.0824
1202.27	975.107	-18.7755
712.004	271.861	-22.2184
-1367.64	635.803	11.603
-55.1268	-1210.25	71.1622
-491.061	1361.9	-18.7198
477.305	-107.922	-8.66647
-370.952	-1046.83	34.0235
320.198	-166.303	-4.72677
43.7694	-38.8056	-0.868007
533.643	-416.506	6.76629
70.0269	-193.411	22.7903
761.758	-1318.52	27.7615
-872.066	-1017.75	23.5195
-1389.73	792.829	9.88218
-1233.69	-247.157	-3.61041
1472.51	494.766	-25.8769
-79.0925	118.03	-7.92204
-904.944	-298.769	-3.00188
556.151	141.079	-16.0599
-458.707	343.417	-9.3624
1354.07	938.074	-19.4925
-1234.49	-1020.85	50.9579
447.368	387.9	-17.5086
-1166.46	-692.813	12.501
-1489.54	345.108	24.3681
-735.575	1018.26	-15.5404
1265.41	465.407	-20.3914
1164.47	91.9616	-20.1757
-1406.16	325.483	19.1556
440.21	-686.843	72.2272
909.409	457.7	-18.5233
54.4487	750.751	-16.2996
-1458.27	1055.04	19.4932
-646.673	200.922	9.58711
189.691	-984.169	87.0356
-362.416	217.902	-3.39844
-866.656	1125.08	-17.5402
195.816	489.71	-14.6482
801.029	1035	-17.6883
-1111.13	-678.981	10.6284
-974.983	-573.35	5.43906
-1162.3	-1439.82	80.1412
-316.871	-1303.67	47.4389
-549.597	403.44	-9.0273
1299.24	-1231.11	94.2709
-238.936	1163.38	-19.2431
710.727	329.911	-21.12
840.135	-591.128	2.07689
205.495	-55.7233	-4.57381
-1194.99	-1242.37	44.6623
1319.49	317.954	-21.6353
-453.675	-1198.37	25.2297
-1331.84	-295.127	-3.25176
-1027.14	-279.937	-3.64964
-901.239	443.892	-2.88637
-261.005	-32.716	39.7647
1193.14	-614.985	-7.55853
-353.013	219.196	-4.13641
-1193.72	-751.625	19.9885
-829.088	1100.36	-17.9802
11.1781	-263.418	46.5671
1400.17	1415.74	-26.5901
-374.868	-1008.52	32.9391
-1065.03	-1046.01	42.1772
1207.96	589.304	-19.5376
-695.72	-399.419	1.76013
1136.47	-1494.87	44.3864
-105.81	-1435.62	56.8474
1269.82	569.918	-20.7793
-803.628	1053.97	-16.482
-264.212	913.366	-16.3924
-21.3689	-269.673	54.7456
-306.042	-834.773	44.8449
763.836	674.514	-18.9038
290.096	-220.922	-1.26895
-767.278	1133.22	-18.3539
-207.83	-286.63	70.2375
678.769	1064.23	-20.0298
1453.18	-1031.87	20.0735
-655.487	1134.61	-17.2451
33.8197	-315.217	53.0546
-1340.01	-1170.5	49.9962
-245.968	1192.98	-19.0819
-39.2733	-829.59	105.148
-329.286	862.269	-16.0508
-1417.8	-999.442	36.785
-765.128	1019.55	-15.4598
1169.86	-1400.53	71.0504
-1034.38	-1033.37	42.1194
-1462.16	1145.99	6.82881
-642.058	1273.13	-17.178
973.149	459.494	-19.1443
177.037	858.493	-17.4285
896.309	1396.48	-24.0078
697.585	559.868	-18.5838
1293.52	-919.893	17.1982
-732.269	-253.198	-2.23944
368.293	-108.246	-7.76212
-407.893	1094.72	-19.4092
487.799	-829.978	110.18
-1411.7	-376.108	-1.82081
390.752	1368.3	-17.9943
-1217.51	1103.41	-1.13204
-794.141	386.732	-8.60194
1382.55	191.743	-24.655
-1397.5	1366.9	-7.78295
1428.62	-1139.79	65.7011
827.602	-981.893	79.087
-933.265	-1297.97	41.7577
213.555	316.91	-14.1997
222.242	-595.313	38.1734
731.593	-652.966	36.0797
361.665	-1098.41	62.9183
607.833	39.4426	-13.6483
1074.86	-188.732	-15.8295
-1321.32	913.33	33.964
748.746	259.867	-21.8655
-828.05	634.961	1.11005
-369.435	158.211	8.34339
328.578	-154.158	-5.44159
1085.89	721.923	-18.0179
450.651	-730.578	87.0718
-81.2127	740.154	-13.78
737.128	519.886	-19.3307
-1435.01	1150.42	3.6717
315.444	169.088	-12.2799
1376.49	-368.112	-15.0742
-25.3476	113.898	-10.5747
1420.95	1298.62	-24.9251
-981.627	-1106.14	37.8498
849.363	444.989	-19.7401
-433.696	1357.65	-17.8255
-1030.51	-371.143	-2.22424
1107.98	1017.03	-17.5197
-1478.84	132.234	-3.31029
506.362	-848.285	111.67
-989.955	-625.803	9.851
-1129.88	1365.15	-13.9893
1230.74	-925.075	28.4269
984.327	-916.048	72.9622
1152.37	-521.324	-8.93115
397.075	-1014.19	87.8971
-1225.97	845.92	21.5079
857.153	-1348.67	29.5835
-377.008	91.3492	23.0575
1071.17	122.175	-21.7985
-905.854	154.039	-8.93516
-583.112	-105.204	24.5366
-747.902	-723.144	4.56593
647.779	1403.85	-23.7361
-87.108	1479.15	-16.757
890.254	-363.154	-12.4994
-990.864	-1113.18	37.6807
-471.66	538.829	-13.7848
-350.743	-1396.49	42.9859
231.459	222.336	-14.8766
596.944	-502.862	21.3042
-1484.85	-1412.45	104.362
-1092.58	-1370.34	63.2674
-342.842	-628.96	59.6858
-928.692	801.572	9.27525
146.48	-1301.7	38.7528
-628.703	161.92	19.2799
1421.21	-123.615	-23.3862
424.677	-785.889	103.105
-199.861	-35.6598	27.147
-1389.51	1026.99	22.6019
1242.89	127.151	-21.878
-949.695	320.868	-9.27896
-181.318	328.733	-13.8371
809.942	-969.857	80.6542
-166.87	671.204	-12.0371
717.989	-229.807	-14.7786
1194.96	1118.97	-18.6477
-295.686	-287.735	68.2472
441.307	-422.298	4.90512
-1412.63	-1318.84	66.044
-255.382	-1240.04	58.9874
425.028	-1385.91	27.8445
-121.156	506.628	-14.2105
388.563	-1161.83	48.4249
-376.657	-40.9024	55.4448
53.7765	218.889	-14.8019
1350.54	850.742	-18.5892
-216.203	1225.05	-17.9561
1490.67	940.78	-22.7192
-1297.98	456.701	34.5192
1394.36	-1037.89	36.3646
-969.285	244.803	-10.6881
-1270.41	1351.78	-10.7346
-225.426	1376.55	-17.2165
-262.601	-1313.08	58.0381
340.967	-874.016	119.891
20.5119	726.513	-16.0499
-66.2984	-1484.16	49.1495
1260.17	-1031.04	60.5914
-168.008	-765.016	88.3083
255.299	1148.78	-19.0309
-794.862	912.501	-6.17181
-839.956	-1328.79	30.5035
-330.523	-794.617	41.6337
-213.28	990.916	-17.9157
503.045	-584.637	45.6667
1490.03	-254.621	-20.0079
1294.16	627.347	-21.1545
603.936	-268.001	-7.20699
309.013	-157.874	-4.7869
-257.331	1444.09	-17.4417
-809.018	-235.113	-5.21796
1083.56	-177.207	-15.9326
-883.742	-325.051	-2.34614
-1359.51	-723.221	30.1366
1431.07	-20.2219	-26.3123
700.704	313.776	-21.2865
276.842	170.922	-13.2101
-230.884	-275.94	65.7245
1048.08	-1323.75	59.4457
-1066.49	-545.802	4.34619
152.816	-1239.2	45.6439
-404.595	-1046.97	28.5507
-333.121	-1001.51	39.6439
-498.94	592.47	-11.7259
-488.794	376.518	-9.61855
1299.33	-979.734	35.3485
-1409.9	-942.667	36.1472
616.966	1385.82	-22.9325
-355.435	363.487	-11.4917
1485.27	1069.94	-22.4457
403.904	1469.63	-17.6229
-1317.5	-155.102	-6.86686
-836.66	-1374.26	34.9404
870.311	-7.70494	-19.9816
-623.101	1152.83	-17.2293
1388.48	1370.25	-26.0589
934.483	1431.86	-26.1395
548.35	-849.293	106.662
1248.57	-1312.03	90.1422
814.587	-1009.47	74.8896
-109.817	-645.414	111.218
400.881	543.956	-17.4791
-593.15	-517.273	9.12433
120.963	-1370.49	38.3142
8.32906	-1185.04	69.2465
-57.1607	640.865	-13.5122
-591.367	-336.907	6.57388
-1329.2	-617.887	19.313
-613.267	1489.54	-16.9761
158.794	-451.654	27.2941
591.101	220.936	-19.9785
-754.108	421.273	-7.74189
697.836	-1228.39	34.086
286.843	62.8501	-9.23821
576.324	810.133	-17.996
1169.91	-75.6364	-18.1529
-1499.93	793.115	8.07641
271.289	-594.745	36.1386
-742.688	935.413	-11.1219
-893.589	-819.221	15.1776
-749.972	-1301.82	34.6173
-667.652	457.156	-7.0845
-599.458	-1197.28	18.8575
718.784	644.35	-19.6657
1372.68	-1137.85	74.8107
-957.45	1349.35	-16.1565
-1248.73	788.721	11.5823
1405.93	-1128.81	66.5414
-894.974	-1100.77	33.2329
1160.45	-427.812	-11.226
-950.393	-1322.45	44.5031
1483.36	-954.765	-0.286122
-493.931	-519.667	21.2399
407.851	21.0071	-11.7029
-449.592	623.705	-9.98002
-1421.16	122.173	-4.36018
434.28	1136.34	-20.89
133.49	234.776	-14.4287
528.118	1189.12	-22.6567
256.379	1429.34	-14.84
1291.19	-1306.59	93.2243
666.215	154.773	-18.9106
-997.742	1143.23	-14.4587
204.508	812.859	-16.245
-1109.67	1033.71	-4.80298
-1304.9	154.735	-7.35616
-1468.63	1198.03	0.584834
123.855	1185.57	-18.3965
963.149	318.384	-19.2585
1299.42	1235.21	-20.5163
697.732	914.621	-16.0908
1161.11	-363.187	-12.3162
-95.5156	-432.64	88.7936
-1458.15	1166.96	3.19689
-75.8269	-697.129	103.898
-685.98	-1105.72	15.0039
-77.0176	951.573	-17.1299
857.329	-869.603	86.9452
-864.852	1345.03	-17.2825
-413.012	-197.977	39.9845
-1145.61	-406.165	1.73004
-332.563	-380.205	75.3199
-203.53	-1394.67	62.461
-2.15508	994.271	-16.3521
-648.488	-738.96	6.77252
506.293	576.957	-19.067
-768.027	136.35	2.74482
-988.455	548.279	4.95965
1447.62	574.104	-22.3342
-1311.26	-526.563	8.70039
-1092.77	1390.51	-14.311
857.016	460.262	-19.4815
-349.874	615.98	-10.8654
1020.69	-905.861	67.6043
180.967	-415.517	23.0945
92.1237	-718.947	82.1811
-1484.63	1121.52	13.1715
692.136	544.268	-18.7192
1026.52	-952.454	67.4578
-1187.14	-558.821	8.67618
-707.586	1151.5	-17.6385
421.512	-1374.46	28.4265
-945.198	1358.39	-16.0984
215.11	1436	-15.0674
707.442	498.85	-19.3463
-925.864	300.394	-11.0207
-1304.01	-682.435	25.5716
-1087.74	-880.628	31.2615
974.735	183.285	-20.9562
-391.767	1350.25	-17.8994
-807.143	-1476.57	49.4945
277.078	-551.509	26.9352
-1047.25	-157.093	-6.73136
-1063.45	216.273	-10.2131
1257.8	721.83	-19.1139
-426.547	-61.2237	54.6525
-1125.84	1238.4	-13.9905
-194.003	-230.438	62.1318
-1013.45	1398.98	-14.9093
1457.15	909.325	-21.2274
150.932	-231.709	16.2531
-64.6216	-648.652	105.017
-185.067	-846.008	73.8927
1085.27	891.096	-18.6728
-582.481	-370.839	7.49698
-1462.87	1483.99	-7.03572
-1101.58	390.638	4.44374
1012.52	819.003	-19.1635
-649.613	667.716	-5.34142
403.527	1162.7	-21.529
-622.181	990.572	-16.4674
46.8647	923.15	-17.1127
946.066	1401.02	-24.0498
1232.36	-1355.47	87.4263
1381.07	-1219.89	98.5204
-403.596	871.48	-17.4655
603.559	-499.539	20.4882
579.191	-1156.6	44.4905
-1127.21	732.656	8.01722
-899.27	1444.71	-15.9537
-1342.51	1218.87	-6.13942
-1408.19	-436.527	0.395399
-164.343	-923.576	81.1111
-298.405	-1037.16	50.2855
202.777	-1479.25	33.4512
755.229	25.5445	-17.2616
-484.37	-1368.4	33.6083
-1472.77	-647.523	11.7479
-476.697	-891.979	21.3844
-959.227	726.133	3.80781
733.194	-530.544	7.46188
-928.281	-1124.15	36.1909
689.429	128.265	-18.3043
-497.632	-810.959	18.604
208.569	990.765	-19.8141
-523.242	587.209	-12.4078
-86.0302	274.219	-13.6893
210.001	-661.4	53.0879
-66.5941	-655.618	105.719
9.10131	-183.974	27.1241
1369.08	760.099	-19.4765
-730.317	604.563	-2.01303
-1190.19	1012.14	5.69791
345.984	-475.188	14.4764
156.007	178.457	-15.1624
1273.08	-291.668	-16.0962
-980.556	-733.197	15.9286
-8.81912	1127	-17.777
977.76	-1063.61	68.3762
1179.84	-214.03	-15.1161
-1256.11	742.84	7.8374
1012.98	1444.3	-26.3283
-112.812	-513.197	103.805
722.839	804.762	-19.0918
1300.21	-316.006	-16.6664
1423.89	606.207	-20.6338
178.494	1330.52	-15.029
-20.2144	50.8895	-4.04132
1300.76	-643.461	-8.98032
-914.514	-1256.58	39.039
916.986	1142.29	-11.128
635.995	1273.47	-22.0433
-1129.53	-105.688	-5.10969
1201.24	922.354	-18.2391
815.77	-1244.41	35.5076
1407.87	725.186	-20.1929
1069.59	-167.946	-16.5182
1020.36	-299.726	-14.9052
16.4533	-831.573	108.037
-285.987	1204.51	-19.4247
347.342	489.316	-16.8965
-1040.37	55.4629	-8.63604
-696.31	1261.25	-17.5199
871.201	-914.115	82.7096
-193.733	-1404.08	62.5407
1183.53	-1301.53	79.4716
-693.393	149.912	15.8
628.737	-258.925	-8.95042
-1129.29	-474.117	3.52114
-343.039	-1365.51	43.5542
-270.74	-507.528	95.3109
-1311.12	-829.996	41.2648
126.302	1165.73	-18.4868
150.427	365.762	-14.1457
200.603	-1294.39	37.7326
-200.169	69.6379	9.09935
-1368.86	-910.745	40.6303
-1076.26	-1241.41	45.616
-541.05	1094.58	-17.9456
61.5408	1334.5	-17.8049
849.099	1289.28	-17.1125
-1045.86	-1395.86	61.8543
1307.28	887.848	-18.2538
723.258	944.279	-16.4192
-1130.96	457.395	11.6171
-996.553	763.161	6.30291
-432.478	146.504	16.5085
350.658	860.044	-15.9838
341.269	1495.42	-16.5538
-842.32	973.576	-10.9318
-273.363	-602.443	92.4071
706.346	453.771	-19.1237
-1012.73	1275.09	-16.736
-1124.49	48.496	-9.14534
1107.67	-1002.61	58.4517
-406.13	424.566	-11.9198
924.378	98.5853	-22.0106
-453.118	-472.644	29.6292
-806.906	941.717	-9.25108
-336.094	1265.68	-18.4975
-783.536	1489.38	-15.7677
247.998	36.0467	-8.43409
425.708	-784.508	102.759
-1347.73	451.149	41.6692
-725.693	-905.282	9.76949
904.798	-967.657	77.1117
-266.543	-551.762	98.8495
38.1618	-491.123	66.0478
912.413	-1239.81	48.2603
-1314.7	-410.478	-0.451006
-284.036	-940.404	49.418
562.464	-394.501	5.12387
532.493	1274.14	-21.5112
1064.98	-298.75	-13.1274
313.679	1056.33	-18.2921
-325.087	456.821	-13.1074
486.364	254.425	-19.2118
-476.525	-1434.17	43.2469
-625.413	784.56	-4.67357
856.452	1220	-14.6562
1465.45	-408.657	-13.8168
671.175	95.6391	-16.6419
658.223	143.823	-18.3285
608.635	-368.057	-0.605057
-440.122	264.721	-6.0792
-1465.69	-859.119	23.5291
-449.624	-1279.61	27.9762
-975.455	-1386.5	50.4244
-1096.26	1167.54	-11.8585
469.86	-970.99	102.89
-1318.77	-383.67	-2.34742
-121.302	-942.287	91.6154
-870.423	640.812	3.25371
-376.902	35.6334	37.7085
-685.927	-1480.04	56.6543
203.822	-1193.94	47.39
259.295	447.057	-16.51
-123.319	-471.475	96.8218
823.579	1458.96	-26.313
1081.68	-978.311	59.7636
1490.68	333.754	-26.6335
-973.023	-114.881	-8.17742
-91.6897	-873.813	94.9558
-1321.66	1162.91	-2.38412
-306.98	-16.155	45.7779
-356.862	-1160.45	38.6842
-191.729	130.861	-2.51554
-298.344	1330.19	-17.6874
-1137.71	55.77	-10.0014
1035.69	-1435.33	37.275
1241.53	1066.93	-19.3568
784.255	335.711	-21.3566
-1085.79	-693.382	12.7045
-1005.86	1154.93	-14.2916
700.278	970.621	-17.1278
-599.336	-402.433	6.85248
1325.05	1354.67	-26.4451
893.447	-1252.51	43.3077
-909.317	1145.28	-16.7149
-965.802	-1057.54	39.5462
-1240.63	-683.64	20.7489
-1326.31	1071.82	8.00177
-1122.7	225.964	-9.11609
375.064	1302.94	-18.5789
218.526	971.969	-19.6988
-179.085	-1471.21	57.6791
-392.921	871.072	-17.5453
875.176	-1081.42	64.9711
6.29583	-1067.1	97.8634
929.275	563.886	-17.5943
1295.63	808.719	-17.7677
-1321.78	-1079.57	53.8958
-463.036	-916.389	22.8568
13.1492	446.626	-13.3677
-914.693	1493.22	-16.0036
1288.25	-196.48	-17.6483
-435.207	1282.44	-18.4972
-337.161	554.453	-11.5358
-505.002	1364.38	-18.7899
-1333.27	-575.131	14.3593
-5.99245	203.417	-14.8616
133.665	-692.259	66.9315
1390.65	244.038	-25.4049
1213.23	988.696	-18.9367
-757.517	-740.374	5.08885
-898.192	-1209.24	37.2717
-1249.14	1209.71	-7.50985
-1305.72	-1265.45	54.8581
764.168	317.697	-21.6616
626.415	-1280.71	33.2269
726.698	-416.269	-2.28928
-635.916	1441.7	-16.8077
624.232	-1356.48	28.4948
891.967	691.032	-17.4668
775.367	-1230.36	34.9914
-1336.64	490.705	39.5008
-1270.7	-776.781	29.8925
102.341	97.4821	-11.6774
-116.841	-124.211	27.3217
-793.736	1365.5	-18.2845
-1053.67	1448.84	-13.9365
356.919	-789.775	101.135
-843.738	-1292.02	30.2515
1403.24	-102.282	-23.6674
586.079	389.089	-18.7269
-596.733	242.58	2.63303
1171.87	-465.97	-10.6925
845.546	-918.488	83.3986
707.168	761.09	-19.9522
273.321	-1127.92	55.1615
-663.422	-668.283	4.72868
-835.973	904.769	-1.43135
961.199	-1251.82	55.8783
-1242.79	29.4353	-9.97116
1078.7	1245	-18.3709
826.86	1493.77	-24.7973
-1268.6	1483.72	-10.6878
95.2411	-488.241	49.2495
1426.98	-1461.02	82.613
24.7088	-134.797	15.9282
1408.31	-1163.74	76.3419
-917.821	-957.685	26.9771
400.824	-1214.97	39.1582
-1087.81	-694.963	12.6287
-1406.95	1284.04	-6.17708
698.002	1109.65	-21.2391
458.564	804.83	-17.5762
553.449	-74.4434	-9.8006
-986.889	-1246.85	45.0702
-255.841	65.1515	19.1902
-533.519	475.738	-11.5487
-945.301	-387.268	-2.02501
-1136.96	750.69	8.75242
-691.843	141.787	15.5619
896.027	-998.828	75.0254
1355.98	764.204	-19.2682
378.786	-862.343	120.07
1344.36	1093.47	-20.7581
-1133.86	-661.924	9.38406
613.025	168.809	-18.4046
-472.69	-508.06	25.4134
597.863	299.784	-20.1574
322.473	-123.289	-6.46945
797.516	660.003	-17.9357
1388.24	-451.574	-13.7303
-395.509	1373.73	-17.5798
-708.144	-717.642	4.49746
-1285.5	660.981	8.72546
-264.836	-843.328	53.699
-1.97205	-1275.97	55.2518
556.256	690.869	-21.6231
298.438	-1071.23	69.2505
1350.46	669.865	-20.3888
-317.266	1360.44	-17.6211
-444.655	-1484.02	55.4002
742.488	-1039.37	70.1909
-569.657	-622.491	11.9441
-2.53637	-478.033	76.2555
-1269.77	-1254.46	50.4199
674.03	-895.819	92.1575
-261.665	82.2072	15.0442
927.263	-1326.52	39.5035
63.5435	-786.068	99.5399
436.855	703.157	-18.8686
-563.981	-900.642	13.8061
381.214	-623.234	49.0797
289.043	1224.78	-18.4346
-806.324	-1463.9	48.3082
853.315	550.024	-18.3137
-275.714	-997.831	55.2212
1289.48	-1201.19	91.9424
-509.199	-244.048	19.0487
-1111.58	-585.462	6.23479
1104.96	131.57	-21.2226
-1134.42	-392.072	0.926951
356.323	758.962	-16.196
847.716	-573.324	-1.776
-208.329	954.149	-17.4297
-783.381	-1062.48	18.3424
-1005.37	-668.718	13.647
-463.647	-166.03	34.3692
601.044	192.767	-19.0964
125.112	1246.29	-17.9747
1437.35	-1093.2	44.7664
724.778	-1176.65	38.3864
99.5683	-243.34	25.6921
-837.616	-573.189	0.712399
255.54	1349.14	-14.4741
-679.885	1001.94	-15.8972
-52.3266	-1003.81	104.949
-174.606	-407.623	96.8186
778.788	-297.514	-13.873
-444.131	851.73	-16.0199
1276.71	354.895	-20.2425
1044.15	-280.589	-14.5506
374.503	1189.65	-21.2292
1177.33	-291.551	-13.2847
-329.579	-880.049	39.488
-0.756476	953.19	-16.2783
108.521	468.345	-14.2072
-682.565	1429.06	-16.7995
-1120.36	999.762	1.43573
566.142	-1278.83	32.8603
751.904	-83.5534	-18.9119
700.874	-755.671	69.7061
1042.07	-189.512	-16.6672
-1255	1147.67	-2.17861
-97.7775	930.213	-17.5159
1038.24	690.326	-17.4736
889.665	480.389	-18.5883
-755.297	-214.692	-3.80802
-1135.15	1018.89	-0.233954
205.226	-1005.14	83.3958
689.222	-159.924	-15.4567
1169.55	-804.062	14.5646
-506.936	-10.929	45.231
1027.53	341.454	-17.6451
1204.72	237.471	-21.7208
-981.125	-638.995	10.4152
1166.8	31.5546	-19.3118
-1080.29	-242.899	-4.69496
1333.09	1499.97	-26.0812
-394.661	-15.5054	50.8814
246.016	692.507	-15.9814
26.9187	-1419.23	43.9093
-829.748	-991.395	18.3768
151.159	116.001	-13.3906
-923.566	-845.402	19.7821
-368.291	-636.11	48.6724
-1102.81	307.078	-4.38339
661.329	-1475.01	23.0845
-390.061	606.155	-11.1578
198.526	-598.757	40.2868
-349.148	506.024	-12.1814
641.521	-107.408	-12.0182
-13.8921	487.57	-12.5632
191.42	-777.514	85.2973
-291.785	666.298	-11.468
457.976	529.422	-18.5824
-1055.13	1362.2	-15.1647
669.601	1104.44	-20.8697
922.273	1415.11	-25.0998
-357.884	-691.967	46.6313
1483.18	-765.35	-7.60513
-835.362	-1085.47	24.9433
-635.925	476.641	-8.37828
165.63	-392.084	28.0594
13.3983	-1327.21	47.7668
498.391	400.206	-18.2606
988.233	1109.83	-13.352
19.9231	-116.752	13.0569
-680.312	-229.14	0.279375
1363.27	845.25	-18.7368
696.77	-815.862	82.0787
370.86	711.247	-17.3294
1065.16	420.03	-18.2822
558.041	-1376.31	27.2258
-165.984	1417.31	-17.7661
-162.947	-707.806	100.765
434.044	-1378.56	28.0425
807.229	-473.171	-7.16183
-856.334	-1430.31	39.3249
1354.92	1273.73	-23.0413
-1335.23	-1023.29	55.1856
-1378.24	1401.41	-8.24881
-1057.37	156.966	-11.2486
1146.4	-448.786	-10.1628
-1273.81	1058.82	5.83809
992.399	-422.224	-10.161
1148.57	1280.61	-19.301
42.0858	305.959	-13.5333
-1231.9	823.094	17.8109
-1065.85	1230.84	-14.9526
1486.08	1492.74	-23.1808
873.217	-399.813	-11.1553
81.4269	-1270.8	47.521
-567.516	1391.2	-18.0275
111.079	623.86	-14.1343
-979.805	413.561	-1.34141
218.837	322.587	-14.261
-1469.65	1005.73	22.8167
-710.136	574.985	-3.52643
-1484.91	326.642	19.0657
-746.781	284.66	-4.34617
1239.1	675.781	-19.5585
-750.73	-1273.62	31.4143
300.301	258.197	-14.942
438.184	-1206.9	38.7477
-1108.94	1480.32	-12.9506
1004.87	-408.001	-10.6881
-788.565	-294.574	-3.31312
-155.925	11.6314	10.3331
804.852	-1117.28	51.489
1448.95	757.635	-19.6803
1409.25	1004.98	-21.6378
-1310.33	461.458	37.049
-432.628	-56.571	53.9962
-809.316	1329.45	-18.3493
590.309	-1023.63	77.8602
-476.946	-1384.13	35.7182
485.198	1257.41	-21.3647
-1318.92	469.991	38.4231
709.998	817.939	-18.6668
1452.15	-198.059	-21.2185
-699.931	222.173	5.16545
-1073.08	-508.359	2.96259
456.115	1230	-21.7404
-71.6942	1424.79	-17.3569
-1136.4	1154.95	-8.52337
-179.567	1155.41	-18.9171
1226.54	649.499	-19.6552
146.883	-1119.22	61.1713
387.772	-737.601	86.1867
-1137.82	1462.74	-12.9136
1129.38	-944.469	51.7173
-1282.67	-1244.89	50.9282
413.736	-675.124	66.1237
325.785	-748.194	85.7687
-1303.58	-987.284	54.4091
-878.586	52.7635	-8.13574
1188.53	-400.458	-12.7178
343.139	134.114	-10.8945
-1208.69	-1415.59	81.4409
-1127.81	680.851	6.22902
-979.435	1357.82	-15.8501
103.121	-1434.12	38.8799
1443.53	396.732	-24.8708
10.3719	640.169	-13.6827
-13.6116	-39.414	2.07941
1499.35	-1116.48	36.1634
-742.767	-1115.86	19.0057
-1089.88	878.068	16.0805
749.438	-210.309	-16.7508
-42.8813	-1290.17	59.6168
-631.695	-1026.5	12.3139
1401.28	183.298	-24.9004
693.062	712.227	-20.769
423.799	-1032.9	78.333
1444.21	-703.268	-7.63926
-1444.77	-632.227	16.5113
541.836	-1116.91	51.7895
-1350.58	1199.81	-4.8666
-1082.63	1457.34	-13.1392
1356.47	-606.687	-9.6037
-206.555	-904.455	68.6665
-1251.69	925.529	24.4595
1075.13	440.086	-18.5045
1143.14	204.935	-21.571
-1359.01	459.936	42.4888
1051.14	-38.9492	-21.2456
1388.49	-705.2	-6.67909
20.271	923.749	-16.6189
1427.03	-1240.45	98.2907
737.356	-1413.43	23.1201
-548.104	-862.229	14.5591
539.894	-732.765	85.2225
309.407	-555.273	25.8096
1199.1	221.32	-22.0115
-801.066	65.1556	-2.26879
890.852	1356.42	-21.3994
-1480.76	-710.244	14.1156
57.1429	982.077	-17.4377
568.673	-631.664	57.0173
-975.945	-678.031	13.4079
-1168.27	-776.373	19.6271
681.187	-933.502	93.1778
-628.151	-1031.01	12.5592
-983.48	1208.36	-15.7183
-390.224	-103.048	58.6244
1230.37	-726.624	-4.69948
762.885	89.1306	-18.8101
-237.449	-17.1963	31.6648
-262.302	-715.683	72.2299
-1109.71	-1086.71	42.6235
-1107.96	531.787	9.06952
711.858	-631.955	33.618
761.649	-555.407	5.18714
-1236.81	-695.37	20.7021
912.879	-646.151	9.97568
-869.852	-905.242	17.7285
-1453.51	37.2582	-4.04544
1148.35	-814.921	21.9744
-464.268	-418.316	28.4697
-748.004	-554.567	1.51727
-642.932	478.293	-8.13093
585.593	763.204	-20.1559
-719.633	-1038.3	14.337
304.556	-433.45	12.6292
478.926	1071.23	-19.9693
-715.773	734.494	0.889817
-800.682	156.098	-0.59106
1037.93	-92.802	-19.6853
-1080.27	-1205.71	41.2666
-3.86378	624.822	-13.1322
159.47	-204.036	12.7937
825.993	1067.47	-16.6306
153.755	854.535	-17.3835
758.173	436.216	-20.1011
-349.312	-1217.43	40.2266
88.0093	162.049	-15.2281
962.989	694.554	-16.9997
-101.697	530.513	-13.1689
782.688	-509.104	-2.66793
-1355.79	1301.5	-7.90551
568.448	-1023.42	77.5504
901.625	-1431.26	26.7017
593.799	-516.115	23.9284
591.607	-29.65	-11.6941
1325.17	-714.751	-6.05178
274.89	-1367.84	33.0486
-36.6396	154.708	-13.4274
-479.202	1378.71	-18.3199
-1306.12	1305.87	-9.69989
422.368	987.492	-16.6786
114.844	-1154.15	62.7166
-1192.23	318.138	0.676101
824.034	118.584	-21.2254
-1096.42	-31.0332	-6.09975
847.544	-146.171	-19.9327
-1027.51	1412.88	-14.5721
-185.45	429.132	-15.1952
750.3	-810.15	77.5002
779.461	-55.7948	-18.4526
26.3767	380.677	-13.9814
1490.06	1065.44	-22.5481
705.568	-565.02	15.8073
-1225.02	1408.28	-11.4386
857.64	-789.989	64.267
-858.992	-781.075	11.108
-1013.86	672.527	5.00919
-1019.68	-448.81	-0.0400337
-961.727	-495.249	1.05004
-1133.82	92.0233	-10.6632
533.129	-362.738	1.49888
-1074.7	-690.749	13.1436
643.196	1031.74	-18.8204
-562.871	-524.887	12.1533
572.01	-1193.22	38.864
942.242	-275.693	-16.0906
1150.62	-916.719	43.383
-982.265	1079.66	-13.3256
-1472.82	-16.1444	-2.69708
1211.48	1483.51	-26.8259
86.4051	-1161.26	66.409
1075.92	-585.931	-4.02273
88.6711	-438.216	50.5458
-983.572	-926.124	33.8218
1206.41	-394.34	-13.4071
-1465.95	-909.302	23.0297
673.858	545.819	-18.565
198.681	361.158	-14.5327
1383.6	-635.064	-8.44179
-823.683	-512.513	-0.977863
-378.17	-696.229	38.6552
-719.122	310.63	-5.18716
637.691	982.603	-17.209
-422.005	683.939	-7.44525
670.709	-831.075	86.5113
-1435.13	-80.1607	-3.62659
-987.158	1386.13	-15.3209
-219.553	1166.22	-18.7128
1424.3	-188.28	-21.2287
1135.12	-292.195	-12.9965
1005.28	-427.063	-9.86007
-411.774	338.519	-10.3426
699.769	1268.89	-21.3157
-1110.69	-249.572	-4.43473
-590.337	-1352.4	36.6823
384.029	159.186	-12.6718
1290.33	-63.9682	-20.3134
147.794	691.921	-16.4369
-576.702	-589.43	11.2433
-457.096	894.475	-17.4462
-752.855	284.888	-4.6737
-354.515	-1170.94	39.2317
-609.763	-69.3989	20.3521
772.462	-954.288	83.0714
1247.11	1349.59	-25.453
-52.8135	-1218.29	69.7946
-653.917	1406.83	-17.3885
-62.5323	-441.378	85.9051
-893.139	-103.028	-8.79364
1398.89	363.85	-23.3194
485.312	349.404	-18.1909
-59.7965	1351.67	-17.9889
-418.957	-1400.57	37.4132
-637.714	700.668	-3.40191
414.66	1271.99	-20.4933
729.109	383.422	-20.3867
-686.139	478.331	-6.51246
-375.112	-522.497	53.7212
320.98	460.675	-16.9287
739.62	1225.11	-20.4624
634.053	-861.457	93.2334
-1385.15	711.66	8.95451
-150.922	-84.8137	25.4704
-1385.93	504.859	43.7573
928.674	-1077.38	67.6096
-1088.52	877.855	16.2157
1108.85	-1496.28	41.338
15.2816	-152.322	20.1526
740.226	-1479.63	21.7645
2.41258	982.435	-16.3031
45.2826	1134.95	-17.9799
-379.929	-907.365	32.2429
-1427.51	-459.627	2.71732
879.283	-802.617	67.1829
106.333	-116.684	4.22952
1368.39	541.379	-21.5705
1407.08	-266.534	-19.8676
-203.526	869.682	-15.2811
-694.464	263.706	0.14772
1317.67	-279.696	-17.4286
1047.61	-1443.28	38.2962
-437.97	1457.65	-16.5912
1105.86	229.957	-20.4973
-1200.82	722.621	7.15821
-91.225	-202.342	43.4701
-47.9341	500.692	-12.4838
-452.06	1222.05	-18.8583
823.151	-534.605	-4.62473
-144.221	549.799	-13.7466
-419.765	1171.23	-19.3934
438.432	490.772	-18.0227
781.158	-167.48	-19.2964
-997.118	621.685	5.46492
1215.78	-1360.17	84.7929
389.841	-394.893	4.75715
80.8272	-1135.72	72.7405
-1472.36	118.075	-3.62708
-144.658	-658.86	109.141
-758.988	1111.43	-18.1335
546.747	245.042	-19.8858
-510.6	-154.187	28.5926
138.019	271.363	-13.853
868.13	692.023	-17.6283
-774.326	-431.378	-0.588679
722.852	1429.27	-25.8174
-754.143	-1206.64	23.846
1083.24	17.5793	-21.9917
-1418.01	996.126	29.9769
-524.748	885.577	-16.7311
-408.013	523.681	-12.6739
-947.574	295.762	-10.2857
1187.09	-293.299	-13.5315
-630.813	523.507	-9.10616
679.253	1324.21	-22.0623
1421.83	-436.89	-13.7959
1202.49	-372.654	-13.5092
716.474	-592.552	20.7636
512.938	-289.971	-2.79247
1447	650.303	-20.9025
-359.395	-402.078	64.6312
354.166	1209.74	-20.9637
-73.9479	-1181.87	79.1343
580.771	-353.594	-0.659272
-532.645	-1217.05	21.9561
-809.481	1350.85	-18.1016
778.091	465.895	-20.2343
97.0678	556.883	-12.4858
4.05292	1416.68	-16.6956
1083.88	1337.53	-21.9279
-1164.61	423.955	13.1519
844.096	-992.282	77.1241
1412.04	688.093	-20.8083
1096.4	-1184.77	73.7207
-1434.91	-1282.03	60.5159
1030.62	-1414.51	39.1523
-534.55	1251.36	-17.6517
-226.381	172.916	-5.36273
883.745	-1294.27	37.8964
-1319.38	-1189.09	49.1783
-353.771	-1272.61	40.1714
217.407	480.738	-15.2535
-827.23	1073.11	-17.039
737.19	901.835	-17.3301
-486.787	273.562	-3.47187
1205.3	504.529	-19.7598
1005.33	-964.987	69.7373
1219.38	1351.41	-24.7179
-610.716	922.909	-14.6753
-1230.85	-934.887	42.5129
1454.63	-1257.79	95.758
1070.91	-970.278	61.5414
-503.275	893.197	-17.0453
1174.49	-1056.47	64.4565
876	-708.793	30.5659
-279.21	-1014.3	54.8528
1246.83	1346.27	-25.2211
1241.86	247.8	-21.7983
-796.291	604.405	0.116798
332.789	352.745	-15.9346
1100.07	-244.23	-14.3148
1340.44	195.686	-24.0094
1277.34	-1079.55	68.2648
1016.88	-1381.96	44.553
-1377.13	-572.244	14.5718
321.14	-277.837	0.939731
-380.25	-152.4	56.5977
975.974	1289.17	-17.123
-586.677	-195.289	13.9776
-469.457	345.821	-9.17328
169.329	1481.41	-15.9127
-1090.3	-564.637	5.19652
-414.639	-529.634	39.3174
249.679	928.424	-18.9408
165.862	320.771	-13.5911
1293.91	46.8575	-21.2257
253.776	729.221	-15.9617
-617.997	-921.742	12.0021
336.673	144.406	-10.9623
989.573	542.282	-18.2401
99.3446	1467.37	-16.1435
-237.829	-952.442	63.0525
905.818	-739.54	38.6557
-1052.19	-375.699	-1.55872
1306.79	-638.547	-9.00418
1093.15	-1030.98	59.6186
1483.37	-276.175	-19.5049
-496.592	1014.4	-18.1751
-644.142	-916.079	12.4218
521.839	-1327.55	29.8292
247.613	-522.119	25.3085
1391.16	864.998	-19.261
-851.162	-1343.13	30.2507
-1296.21	-1318.26	62.4501
-707.385	-33.5317	3.781
-1166.37	-1286.88	50.3487
1061.24	299.867	-18.77
989.754	-1428.06	31.5196
83.0662	521.612	-12.6043
1294.37	-1282.28	93.981
-874.287	-1498.84	44.8748
-104.262	-1465.84	53.1362
1141.78	-289.69	-13.1128
300.086	-536.296	22.9459
-930.64	-703.942	12.1069
-1249.09	-1468.74	93.8026
-133.29	902.55	-17.2529
-572.205	-728.128	11.5313
216.844	1479.08	-15.8027
1340.09	1105.04	-20.6659
123.049	-244.63	22.1685
1319.87	1142.68	-20.4445
-291.156	-846.256	47.345
-1311.64	1047.24	12.7872
920.62	-408.233	-11.4203
980.459	960.376	-16.8673
184.224	-1337.14	36.1463
785.795	-1183.7	40.2024
-954.93	-502.908	1.03338
-1060.46	1015.16	-5.63638
20.0191	310.345	-13.498
-1023.71	-1173.28	39.3755
1276.85	-229.375	-16.8855
-212.935	-1264.35	67.3148
1070.43	-90.7554	-18.809
-963.913	692.743	3.80802
-656.483	-1001.56	10.6768
-22.0483	1482.39	-16.1312
1432.84	406.081	-24.672
-29.9406	855.809	-16.4842
-608.592	-1438.18	47.181
-264.454	-1406.47	54.9508
816.759	914.948	-18.0552
-570.65	-1183.41	18.4591
687.801	-363.936	-5.291
858.296	-1440.85	24.1329
-18.0193	-1006.52	105.748
-170.431	791.406	-13.8442
55.762	-602.101	70.6983
-1047.59	710.623	5.81508
738.503	-299.826	-12.4677
595.748	886.365	-15.6325
-484.063	754.648	-8.65325
-224.062	-649.506	100.636
579.141	207.984	-19.1999
400.105	-1480.26	24.9835
-812.388	363.995	-9.28444
-0.944371	950.596	-16.2759
35.5553	267.881	-13.9376
-1075.41	-905.089	35.9968
852.569	-336.842	-13.0946
-698.102	862.157	-5.21271
-1368.88	223.096	2.0887
892.172	1430.08	-26.2905
590.566	1022.14	-18.2733
-691.652	-463.38	2.84208
754.732	-946.148	84.2615
473.732	83.4803	-13.0629
306.936	553.615	-15.9334
504.863	-1059.99	64.4975
1445.41	801.801	-19.4712
-126.8	1096.76	-18.4047
-895.902	-1454.84	44.0643
-165.23	-1282.47	69.213
-922.766	277.236	-11.076
-236.908	-859.803	60.0264
847.916	1199.16	-14.6058
1124.46	-7.14537	-20.1972
28.3761	211.302	-14.9912
-646.909	-558.29	6.57212
486.247	819.031	-17.3853
-556.993	-1439.54	43.8613
-162.643	-1145.68	84.8784
-864.872	-55.0014	-8.62006
725.534	-895.727	88.5473
507.611	-111.295	-8.72829
-1038.83	875.18	10.0001
636.746	464.631	-18.4435
1347.27	-1498.07	70.714
37.8751	-121.943	12.192
-944.332	-785.258	17.2994
244.52	203.594	-14.4492
567.496	-583.393	42.3596
462.287	1381.08	-19.0397
1446.21	-282.965	-19.519
-720.333	1393.25	-17.8905
-1395.28	462.359	45.7177
580.291	-980.088	91.1605
408.595	364.823	-16.9494
-529.676	628.168	-10.3752
-370.424	692.707	-7.93129
573.887	-1280.33	32.812
-856.909	731.696	5.13168
140.386	-450.878	33.2575
337.618	-940.675	112.055
622.162	618.114	-20.9331
672.484	918.636	-15.4039
-226.152	1285.12	-17.6466
232.619	-739.222	77.3111
-1056.37	-693.12	13.6736
500.91	1494.2	-21.8392
-1006.17	290.094	-8.31245
798.133	695.492	-18.2042
-1033.86	-717.701	15.1528
-311.743	973.484	-17.8296
954.722	-1289.51	48.8903
-12.6624	-1256.99	59.0873
584.096	66.412	-13.9126
1473.67	-1194.92	76.0791
-9.50555	-1155.22	79.2174
25.114	-1013.83	99.6466
-1437.84	1093.05	12.7331
-1356.4	1461.07	-8.8414
86.7098	338.194	-13.5488
-434.164	-1292.15	29.5633
-1347.55	-311.228	-3.63839
1195.71	-599.071	-7.92531
1294.64	-1453.79	80.1825
1439.06	535.662	-24.1172
202.113	-1115.27	58.6293
60.4456	-1222.57	56.8156
1183.36	-438.341	-11.923
231.3	1203.96	-17.9701
216.935	376.85	-15.1411
-114.503	1092.22	-18.3015
-395.796	-833.041	30.6099
-508.745	484.503	-11.9118
-909.413	684.583	4.29411
765.851	599.87	-18.4849
970.865	237.57	-20.423
1158.52	2.33967	-19.2231
233.944	-1497.8	31.8266
-695.279	-1101.37	15.8289
-967.945	325.963	-8.34741
-1030.79	1332.66	-15.8821
-252.367	458.584	-14.3947
-184.876	-284.331	69.5674
629.331	-1076.81	61.3256
-836	-1061.18	22.4644
680.054	660.171	-20.7369
-352.841	665.21	-9.70945
380.467	-509.397	19.2969
-919.58	1318.06	-16.8523
1259.54	1105.83	-19.6937
1070.42	-503.228	-7.00879
-108.651	-54.9108	14.3904
-886.856	-1145.77	34.4308
24.5322	-471.544	69.6047
-520.576	1342.76	-18.6045
-1241.87	690.566	6.00054
-308.165	-650.473	69.6799
-1498.97	-591.449	7.00457
-151.365	918.332	-16.9793
497.978	1043.34	-19.2832
-1469.2	124.361	-3.56518
-405.382	-37.1244	55.7731
-437.367	-516.581	33.1758
-1476.53	1086.92	17.0028
609.806	-294.047	-5.98971
-608.43	1397.33	-17.4844
-1036.98	32.3639	-8.04324
125.006	-449.209	38.5119
-544.124	-55.0545	34.5376
-739.858	694.926	0.333871
-834.656	666.888	2.64796
-840.189	-1178.11	31.1902
-301.994	-243.965	64.7687
119.646	-496.554	42.7715
1206.61	399.792	-19.7234
-1015.8	-870.726	27.9785
-1337.6	1134.36	0.416111
-520.342	-446.973	17.7315
-1325.94	649.967	11.2843
333.586	-392.625	7.51324
-79.3136	-470.067	90.2496
-1322.89	-380.672	-2.56911
752.328	-452.853	-2.57708
662.951	-342.339	-5.83871
-1107.77	-860.095	27.3618
614.105	1296.04	-22.2943
-368.523	364.554	-11.3991
134.569	721.543	-16.5418
1066.44	-845.751	47.9934
-1140.76	-698.204	10.6614
188.468	-593.302	39.9573
5.61908	-1228.47	61.043
-235.802	465.379	-14.573
-1423.9	1474.81	-7.52055
-567.894	472.688	-10.5949
350.817	482.983	-16.82
1471.67	496.866	-25.8153
1475.9	1245.99	-23.3789
1069.23	-709.717	8.03344
-1424.56	-1185.92	44.8768
-670.568	-1298.97	33.4713
882.89	-393.788	-11.4371
1283.21	-1420.33	87.5818
-108.069	1427.76	-17.6966
-1496.58	1464.42	-6.20132
-96.0174	-281.277	65.4853
-110.635	-910.247	91.146
-1203.04	-1069.74	48.7772
-110.031	-1454.93	54.5813
590.929	490.875	-18.2169
424.898	-946.851	109.386
-631.083	1273.56	-17.0944
-844.214	-1204.34	32.1494
1247.7	272.563	-21.3676
-204.762	-140.251	42.9907
596.415	-733.819	81.3833
1124.52	-1105.43	67.9198
-976.279	-403.529	-2.09482
433.781	416.425	-17.3079
-147.515	-91.4793	26.0225
2.21637	1261.34	-19.0124
-220.741	-209.429	60.926
737.558	216.137	-21.9153
-1212.04	877.824	18.8312
621.763	-1027.84	76.451
663.051	773.309	-19.45
-160.129	283.014	-13.2915
1196.1	-957.989	42.136
-176.782	438.795	-15.0928
-136.427	1005.24	-18.1487
-775.267	286.054	-5.89397
-518.292	-280.517	14.1078
324.092	540.378	-16.0498
775.059	302.981	-21.6796
1136.89	253.118	-20.5386
-864.827	135.423	-6.56777
1281.77	-1361.19	92.4659
-116.527	-86.8786	19.8876
-612.391	-985.303	11.8236
487.861	518.588	-18.5198
1074.91	754.647	-18.668
1084.57	-712.595	7.07294
-1011.91	580.317	5.6222
670.133	332.217	-20.4397
-974.657	654.802	4.62218
758.313	767.191	-19.3831
162.688	1093.71	-19.1007
1162.41	-1173.83	75.9884
-1082	-147.946	-6.27876
226.842	728.321	-16.1519
-416.781	-1335.57	32.5264
-1435.63	-708.799	23.5664
1421.93	421.194	-24.4111
1090.71	-478.966	-8.01299
620.273	1033.68	-18.7797
1245.37	1365.21	-26.3311
683.213	1318	-21.811
1445.8	1406.24	-27.1193
24.8514	-1346.43	46.453
-378.657	939.241	-17.9801
1154.57	831.928	-18.3906
595.984	-63.9152	-11.6623
-372.53	-515.938	55.1702
-531.747	-1271.26	25.4704
33.3073	1011.62	-16.5358
-635.581	-815.074	9.19762
169.493	1160.56	-18.8076
-1290.47	-325.331	-2.74071
-1234.76	-474.097	7.37405
-915.604	-1442.9	44.7206
-57.4454	450.674	-12.7728
-78.3373	-1465.83	51.1408
-272.447	622.298	-11.9525
1066.68	-988.338	61.0131
1062.16	1349.52	-22.2849
1439.77	285.798	-26.0558
1216.91	-190.541	-16.1812
477.433	-188.727	-6.53589
572.837	-175.986	-7.84987
459.356	-434.987	7.77873
-1160.09	-628.251	9.20865
1073.74	-1456.91	41.1178
679.094	-826.179	85.085
-849.685	-1201.72	32.5724
-31.612	-394.532	81.2953
841.633	1239.38	-15.8442
-924.842	1437.15	-15.861
1107.88	-1265.57	73.7551
1224.39	-488.799	-11.8136
1404.96	-589.318	-10.6241
-290.927	-1242.74	52.0068
276.609	-1012.22	86.6582
-878.753	-353.296	-2.20701
1169.4	239.951	-21.3195
-1145.1	-1385.06	68.5961
-1496.29	-441.548	1.95388
1298.6	-836.386	1.38753
-354.72	-373.724	65.4091
-1446.43	-1048.88	31.1497
-1284.96	-276.75	-3.70233
-338.903	788.788	-12.7143
-135.663	-946.959	89.0251
621.363	-1310.13	31.3234
-1416.99	-699.096	26.6922
637.567	-492.883	16.7678
1406.29	-1347.63	95.1626
256.755	1263.6	-16.9114
-1334.54	1420.48	-9.12047
-400.009	870.704	-17.4807
-945.091	257.648	-10.887
405.43	-105.848	-8.05247
-25.6091	-965.131	104.781
-1252.95	951.727	24.1444
-1388.95	335.279	20.8255
1452.35	-705.177	-7.77344
-1244.64	1021.9	10.1197
931.146	-1222.31	54.1234
1266.74	-679.78	-8.4664
-1327.87	1436.79	-9.37777
2.34584	812.892	-16.3111
351.427	786.1	-15.2653
-1073.51	1192.86	-13.3738
-1470.46	843.099	12.6382
950.195	84.6896	-22.1582
-314.067	-205.489	59.7413
1146.39	-1497.5	44.7325
268.028	1163.44	-19.066
1152.26	-926.113	44.5571
1373.18	535.173	-21.6021
936.976	-937.264	77.1921
1403.06	1243.73	-22.6767
-61.21	959.457	-16.9195
-1172.52	-770.459	19.531
1428.8	1197.35	-21.11
-932.484	172.213	-9.28997
1021.34	-1400.49	40.9717
-515.18	-202.526	23.1172
-22.8593	1393.62	-17.3853
-72.8962	626.102	-13.4343
962.663	936.852	-17.693
-481.389	-785.186	19.7716
499.361	-1380.41	27.2253
-12.094	-1413.79	47.6913
-1010.89	-1346.97	54.6087
11.2247	-1264.17	55.4366
1355.93	-1334.96	96.4635
160.565	1170.22	-18.7245
-507.46	-711.124	16.579
65.7903	-484.118	57.432
1492.81	-1204.94	75.8455
352.182	-815.631	109.466
-482.594	185.245	12.2616
847.913	-819.766	75.6119
-442.506	591.011	-11.5127
-596.303	-681.043	9.74846
-295.602	-1292.51	51.642
136.088	-930.813	96.3942
-844.074	1201.62	-18.3766
529.817	771.797	-19.5689
-1210.28	292.931	-1.75225
-177.607	931.938	-17.1442
-632.548	526.645	-9.11982
1410.17	84.8359	-24.4774
31.9571	1296.35	-18.4836
-1467.47	1307.21	-5.95709
-172.453	957.941	-17.5902
-819.178	143.368	-3.21292
-229.541	109.081	3.42746
28.9408	2.27331	-1.56124
82.0434	158.268	-14.9534
-1473.21	1192.74	1.28938
-1017.09	-1380.05	57.2238
1402.38	1465.82	-25.8685
909.457	351.943	-19.8504
-1059.12	-69.187	-6.41261
-1309.21	-917.131	46.5164
-71.0873	-1146.57	86.7146
1159.14	-698.64	-0.805516
-137.582	-466.903	97.6269
-666.643	508.03	-7.51567
-716.337	-1392.25	48.3363
-383.45	76.7694	27.2376
602.844	-975.368	91.789
915.639	115.792	-21.9267
593.214	222.502	-20.0878
853.42	1111.37	-15.2894
-924.168	-554.772	3.00417
644.04	-327.951	-5.6984
-434.891	-144.127	45.126
859.711	1003.69	-15.7912
1174.68	-1179.76	76.6224
-672.032	1168.47	-17.1797
-1350.76	-1180.37	49.9388
633.467	-47.2179	-12.6696
710.63	962.826	-16.9387
-689.577	1422.66	-16.9948
-276.791	-294.604	71.2585
616.023	-121.045	-10.2841
50.3401	1071.4	-16.5963
442.21	716.91	-19.0809
983.534	624.908	-17.045
1290.18	490.586	-20.4376
-567.372	927.45	-16.4209
315.412	495.065	-16.538
-982.977	-1238.12	43.9603
188.684	-149.612	4.22266
60.4044	-1312.37	43.3284
240.079	-1262.69	39.6115
307.294	-394.12	8.90102
-1122.36	746.116	8.63134
-111.494	168.075	-11.9313
-333.2	-515.835	73.6874
718.895	679.454	-20.1799
-176.643	1021.35	-18.3324
-1329.99	-761.518	33.3444
1074.08	1240.36	-18.0728
-108.064	-188.955	42.1358
164.818	-867.519	105.98
350.542	-58.2429	-8.97245
-338.541	-740.765	47.529
-258.774	-1331.14	58.6997
-698.591	-1422.15	51.3306
92.9324	884.653	-17.9699
144.97	-56.0725	-0.304461
250.59	475.036	-15.9471
565.142	-283.516	-4.40501
-761.636	1427.54	-16.6182
-1066.46	1139.73	-12.8956
-26.1576	182.106	-14.193
-146.917	-1325.81	67.5738
-1308.78	-883.394	43.574
1027.71	797.04	-19.2397
-1367.46	-951.61	41.5669
1179.36	-1408.03	71.9213
689.059	1364.75	-23.5977
675.373	971.79	-17.0296
636.496	1224.09	-22.0873
1239.74	-1175.43	84.3691
-383.664	1476.14	-16.3213
128.33	1393.97	-15.5749
598.294	-89.883	-10.6784
601.656	-1120.55	50.4189
-872.931	-531.73	-0.114881
1122.3	609.225	-17.889
135.487	-1157.55	59.1874
503.826	-501.561	23.0677
-10.137	-1436.26	46.5452
-172.062	431.83	-14.9035
881.731	1448.87	-26.8797
998.872	291.938	-19.0587
762.42	-927.919	85.7113
-700.19	758.352	1.07081
668.685	672.473	-21.1289
-717.971	142.994	11.5572
1494.11	1033.57	-22.9755
-1443.66	-22.4374	-3.71853
-804.236	-765.447	6.47089
672.883	-730.777	68.242
1052.22	994.012	-17.0473
-667.641	1443.19	-16.3689
691.099	575.972	-18.3535
-861.316	-107.627	-8.30928
-205.507	1176.67	-18.3891
1079.1	1168.39	-17.2835
599.574	1279.59	-22.1222
513.239	-1281.74	32.2937
1184.01	-804.753	12.2022
724.443	-644.098	34.7378
-93.6884	-8.37091	5.98749
936.273	571.743	-17.4627
-942.408	-1445.25	46.9185
-766.918	-271.684	-3.46869
1159.57	556.056	-19.045
786.455	-998.678	78.1501
920.915	-1096.26	67.107
406.997	-1436.63	26.1614
620.947	-1314.46	31.0704
-500.533	-586.997	18.8471
-1007.05	15.3886	-8.55556
199.997	-947.222	95.4937
866.044	-1445.12	24.1717
-146.79	-1057.94	94.6067
-665.42	1294.94	-17.5214
1467.93	-1383.4	88.616
1088.68	54.7623	-21.8528
1082.42	386.025	-18.2384
621.723	581.327	-19.5423
768.154	200.192	-21.741
-1257.41	1443.84	-10.5114
1111.54	-1387.37	59.932
752.1	-617.931	22.1816
1122.48	-559.26	-6.58848
-779.351	-1446.14	51.3484
909.352	1122.75	-12.085
-83.5136	1183.9	-18.2831
-1.10367	755.906	-16.0748
-944.705	-1337.22	43.9977
516.554	-928.655	107.635
941.792	130.023	-21.7795
-1116.89	-1006	45.1813
-1348.69	1237.16	-6.8912
867.585	-1133.44	56.1926
324.821	-66.688	-8.43696
-473.274	-152.744	34.7869
-750.623	-166.534	-3.31851
-24.1917	-688.203	96.8254
-1446.56	85.3707	-4.50033
-1011.29	-38.8313	-7.94371
-734.309	-194.968	-2.80906
-857.196	1367.97	-17.109
-726.939	-262.282	-1.81858
1413.72	-1478.74	79.3161
1046.49	-326.917	-12.9623
-1319.5	-1059.85	56.2634
-924.162	1195.16	-16.6228
-1161.1	-141.12	-4.88006
1074.62	-561.368	-4.92072
1284.14	910.126	-18.3794
-1022.82	-943.143	40.5035
-190.883	-1068.74	82.5141
-1096.11	-445.603	1.64891
-453.931	1156.15	-19.2807
644.849	-1261.26	33.2482
930.827	-837.399	73.453
-961.621	1256.06	-16.5738
-295.156	-673.008	72.0276
-296.466	712.302	-11.6661
1025.45	18.1135	-22.553
-22.9867	1345.03	-18.156
1040.17	-969.484	65.3537
-1127.86	-743.706	13.2821
-540.46	279.402	-1.21529
1246.9	-13.5129	-18.934
-1055.1	-1195.83	41.7342
-377.582	412.703	-11.9882
133.552	500.068	-13.5892
46.1282	1284.87	-18.5062
-120.212	-1014.55	97.1515
-365.492	37.4094	36.6307
1189.23	182.507	-22.8085
9.88534	1263.6	-18.942
-2.06012	-1426.26	46.2414
-1229.93	1427.77	-11.2278
-53.9377	-208.212	41.9591
1392.68	-8.37184	-24.0197
-762.862	-94.4787	-3.98597
341.084	-1183.18	46.1796
-907.037	-373.272	-2.0676
819.997	1159.84	-15.9996
-762.564	964.794	-12.4701
-530.89	429.592	-10.3276
-852.133	-1127.19	30.6943
1423.59	303.016	-25.1529
1015.12	-422.281	-10.0348
127.193	1381.96	-15.58
958.668	1377.4	-22.4297
141.545	1247.1	-17.6818
-997.328	941.948	-0.529633
-1193.15	-871.472	31.9507
-274.156	-1216.12	54.7241
694.61	-195.789	-14.8198
630.702	-753.75	79.0962
457.499	-186.957	-6.52229
323.122	66.3711	-9.29411
-1165.82	-86.7992	-4.90204
1023.34	632.201	-17.212
-254.167	937.331	-16.9591
405.771	-611.568	49.8901
617.341	942.245	-16.1339
-1142	357.477	2.6139
-1023.97	-673.219	13.4774
-1458.43	-1478.18	121.922
-1269.32	-217.236	-4.79831
-853.466	539.539	3.81932
-696.771	119.547	13.642
-515.777	-425.027	18.4079
-1141.23	-691.14	10.2999
659.313	-1356.2	27.7332
-348.92	968.799	-18.0222
-1350.35	-452.091	1.24126
862.65	-992.658	76.7625
-1204.31	1039.48	2.69034
-625.058	1196.89	-16.6155
1277.03	-1292.28	92.1419
531.185	-617.809	54.5036
-95.4492	-1356.92	61.9239
-823.15	162.353	-3.11082
225.645	527.319	-15.1587
-347.306	-1010.96	37.2977
178.081	-1077.41	63.7334
-1225.54	-234.878	-3.82203
-954.886	562.429	4.49354
1108.54	90.7954	-21.318
1383.35	-1266.74	101.281
1414.28	-1213.43	93.026
265.96	-574.52	31.7179
1087.91	206.985	-20.7153
-929.932	-110.046	-8.45123
603.634	-262.318	-7.43137
-493.601	703.854	-6.00943
-798.082	1115.32	-18.2308
149.446	-174.311	10.6582
776.762	1050.5	-18.5785
-1057.93	-603.475	8.26228
668.25	-301.757	-8.9039
-472.843	77.7149	32.3749
-1226.38	-55.5499	-6.97469
98.4066	-388.203	44.1189
1275.03	926.505	-18.5644
1320.66	-496.36	-12.5117
-770.647	-527.122	0.267667
-877.923	956.532	-7.46125
-716.622	311.29	-5.1198
-1398.77	-560.637	12.7831
-121.699	-1105.07	95.9434
312.762	265.811	-15.1159
224.251	959.85	-19.6601
40.6053	476.152	-13.1098
-294.83	-406.732	86.5652
-927.235	1421.61	-15.9645
1122.68	-156.195	-16.3951
938.049	-1002.6	72.3519
-1168	354.814	3.94909
360.358	1478.02	-16.3302
173.364	-738.212	75.6038
342.727	-590.127	35.9302
-876.126	1029.52	-15.0631
-435.11	752.169	-9.04653
-324.41	1291.66	-18.0176
-520.458	1050.59	-18.2681
1374.41	-1327.65	96.8707
671.121	569.922	-18.2725
-1481.53	-1115.14	30.5826
289.279	-819.134	104.877
1489.94	1480.71	-23.6888
-315.579	184.422	-0.167943
876.648	1351.71	-21.163
334.173	1360.14	-16.5168
538.372	-848.726	108.582
-838.601	-310.632	-2.77884
-1388.36	-741.767	31.5649
538.665	270.115	-19.9093
743.162	-1228.55	33.7857
-140.221	210.881	-11.7185
1281.51	619.249	-21.2228
851.517	950.245	-17.5992
1367.87	-1210.45	97.7898
88.5909	-1017.43	88.4334
-277.832	704.087	-11.5983
1098.5	-596.623	-4.39417
-982.824	491.521	3.93305
-1430.05	-593.287	15.9715
-814.896	450.225	-4.27471
-42.4695	-90.4069	14.3665
639.061	431.445	-18.484
851.305	1164.6	-13.8012
-1179.45	-1321.22	57.4946
1182.48	1397.87	-26.0051
-394.135	923.7	-17.9571
802.4	-860.143	86.3182
-1274.47	292.23	6.08701
1154.02	-929.09	44.6597
1142.03	1470.09	-26.494
1088.14	-466.658	-8.01741
-1212.27	516.541	18.6542
-825.089	-1043.64	19.9336
-11.3111	-669.644	92.7951
-1095.22	1314.59	-15.1644
664.941	435.033	-18.5101
-98.5911	-309.677	73.8443
792.814	-1286.39	30.432
-1462	-397.556	0.142703
705.034	18.7726	-15.4979
-1334.78	1077.37	7.68791
-553.157	-929.247	14.8982
-297.714	-121.93	59.8472
-76.3995	-1122.72	93.6021
426.553	1383.89	-18.5314
1267.51	-1231.42	90.1103
-1175.73	-791.165	21.3312
-1082.53	-754.964	15.961
1249.02	-1017.32	57.5218
-1297.48	787.908	10.7391
1499.01	1178.8	-21.3368
569.293	333.77	-19.2216
-864.374	838.188	6.80354
-19.8973	1440.36	-16.4433
540.189	807.964	-18.0162
1378.15	-292.659	-18.9625
-735.571	1079.28	-17.4316
-1280.81	-544.965	10.8223
-1172.75	301.534	-2.19506
-661.612	446.321	-7.52098
-489.47	-1393.46	36.6586
-139.555	1234.76	-17.9146
-1485.4	-162.212	-1.2057
1096.02	-1249.89	71.967
-637.519	-1069.11	12.783
539.224	-458.541	14.2205
-1037.1	-957.066	43.702
-141.074	-564.817	116.691
-1345.48	972.238	32.6716
633.237	-741.213	76.2915
83.5404	-153.884	13.4803
1016.16	-755.052	26.0556
95.5892	1434.41	-16.168
99.1159	-670.173	70.1427
-579.045	1244.61	-16.7628
-984.006	-461.917	0.0650254
262.87	955.425	-18.7658
-1382.6	-385.295	-2.6656
300.04	26.5675	-7.90188
177.656	127.273	-13.617
-991.612	-345.314	-2.3794
1000.5	222.776	-20.4192
-1363.27	1283.36	-7.41937
424.662	-350.395	-0.161852
-542.661	-969.044	16.3481
498.756	-99.7852	-9.05205
1044.66	-1191.41	72.5177
180.539	1155.38	-18.8226
957.875	-456.351	-9.23334
739.789	79.8034	-17.9531
1443.33	680.427	-20.9701
-918.847	-899.802	22.7614
754.529	574.315	-18.8463
-783.999	1476.09	-15.7223
784.836	317.862	-21.5579
670.676	-358.937	-5.0206
-799.756	251.109	-5.04301
1323.44	929.204	-19.0907
-689.715	-815.69	7.21653
1027	334.77	-17.7532
902.513	89.6515	-21.8665
-27.0129	268.045	-13.8165
-1398.02	427.751	46.4254
923.588	-1394.29	31.4849
1225.72	-540.052	-10.3385
1349.82	1424.28	-27.3822
-37.761	-1333.08	54.2002
-1153.74	903.368	13.5119
-140.327	-379.749	89.6249
479.622	-255.958	-4.28328
-429.891	143.842	16.7717
-341.034	1140.32	-19.8982
-871.719	328.789	-10.7216
-48.0805	478.561	-12.5463
1236.07	-1121.23	80.8069
80.488	-864.621	106.586
-401.835	-1320.96	34.0833
-999.288	-1209.77	42.3502
-612.788	-478.525	7.24865
-1417.1	970.048	29.7293
-1113.25	161.627	-10.367
915.308	1085.74	-12.5902
709.3	454.09	-19.159
1192.84	-859.548	22.1839
-1280.41	-1030.74	55.6123
-359.685	412.998	-12.3667
1224	-1087.89	74.3179
924.977	-203.997	-18.0568
-77.5301	41.2277	0.68367
-1389.18	392.053	36.5532
1126.43	169.256	-21.0576
685.268	892.069	-16.1864
812.76	368.718	-20.6572
-614.403	-1177.18	16.9548
-775.589	927.338	-9.88612
-1379.73	628.138	12.6148
759.543	1430.4	-26.6563
1036.92	728.805	-18.0643
1328.97	-717.232	-6.06824
1272.86	-104.196	-19.5788
1291.37	1409.57	-27.7691
-723.109	870.816	-4.66384
859.399	1231.99	-14.8527
456.495	496.932	-18.2922
533.206	-439.137	10.3152
86.9594	65.5357	-7.40372
-636.73	-397.095	4.27418
-523.053	-1303.36	26.5612
702.336	-1255.12	31.4912
1422.43	-291.502	-19.5766
1045.4	383.352	-17.8813
776.181	622.086	-18.1511
917.686	352.905	-19.6849
-894.648	-987.438	25.7003
187.761	1279.75	-16.3325
67.1092	430.962	-14.1168
1335.65	-1182.31	94.4017
-256.645	-1275.31	59.313
892.599	-600.215	1.73577
720.837	-541.265	10.7172
-1476.21	-165.92	-1.69792
886.578	597.84	-16.8347
610.732	327.169	-19.7776
-1209.84	-943.318	42.1247
747.594	254.348	-21.8799
1280.76	-1010.95	53.637
-382.873	680.351	-7.98525
940.64	56.6994	-22.1792
-60.2563	-718.422	102.9
-1242.72	-120.105	-5.72145
1082.82	326.316	-18.7057
-58.5377	251.365	-13.8506
-535.102	314.571	-4.96932
-631.466	1065.88	-17.8473
433.067	1488.12	-18.9685
-1332.94	-612.143	18.7845
964.215	-1429.55	30.006
-728.823	-612.737	2.82305
-91.4069	-745.18	102.827
-356.183	196.478	0.166551
-1161.19	-85.6549	-4.83627
893.542	-414.622	-11.0681
-1147.7	-391.034	1.13782
686.492	1370.66	-23.8373
-335.267	788.035	-12.8762
210.72	-382.096	16.3064
-979.605	-580.304	5.89018
-1206.58	151.343	-10.1156
1188.81	152.174	-22.2639
747.36	-1201.67	36.5445
488.862	-807.644	105.59
163.533	421.795	-14.7102
-388.166	206.862	0.192844
-799.686	-189.312	-5.56178
1251.38	438.441	-20.1518
-983.604	1286.45	-16.8783
-1408.14	-924.279	36.2214
687.388	-155.163	-15.3454
-946.779	-417.547	-1.86898
-869.178	335.641	-10.5199
-1001.99	375.547	-2.67686
138.282	-11.3732	-2.91408
-1054.12	397.814	2.84034
1128.05	897.696	-18.154
648.73	326.896	-20.2709
-1043.74	1081.22	-11.9125
-830.206	1459.1	-15.8887
-1312.53	44.3788	-9.55999
-1162.34	259.285	-6.83931
-847.248	970.552	-10.3578
-835.113	87.1909	-3.97017
-929.623	1206.27	-16.5326
-881.304	1133.09	-17.2875
1423.56	-63.79	-25.4418
-314.871	-33.1637	50.0085
-468.204	-28.399	51.258
767.135	-868.912	86.253
-358.333	1392.92	-17.5126
37.3416	-263.275	40.0177
222.2	-954.432	97.7759
1083.5	-837.714	41.108
359.698	-741.241	85.5733
845.486	377.846	-20.3659
1007.45	-399.836	-11.0336
-908.809	1269.74	-17.1575
-1024.12	649.211	5.51157
1438.47	-1498.94	76.2662
-1124.36	1150.66	-9.32186
-306.578	-461.204	84.1034
1099.44	545.123	-18.5132
1425.86	1104.76	-21.4313
-1446.05	1118.09	10.0169
1490.02	385.939	-26.495
1372.4	594.328	-21.2525
1253.7	-1331.68	90.5128
-510.839	-151.851	28.9063
341.669	1160.58	-20.6764
-1314.9	1169.76	-3.06137
-1447.73	-541.394	7.29347
-1247.05	187.988	-8.22648
665.608	949.487	-16.2655
25.0538	-1128.75	81.956
66.2796	-27.5466	-1.63439
-800.483	36.873	-2.70909
-1455.47	-1139.97	37.6212
-1310.34	-893.921	44.3653
1038.88	-1230.57	68.6265
-984.406	-1490.84	55.9038
-1427.87	241.215	2.4139
-693.172	-702.508	4.61291
-13.0046	213.794	-14.7837
1277.47	-314.02	-16.0073
-508.467	-16.7775	44.555
231.141	-991.289	90.0294
1011.75	-297.631	-15.1833
259.06	942.31	-18.7868
179.195	709.617	-16.4718
-1075.99	-1234.23	44.8444
1072.29	-824.846	38.8103
151.569	-902.63	99.6482
550.121	-1126.83	49.8946
88.958	761.983	-16.5431
372.391	1197.22	-21.2125
-942.986	-184.276	-6.53819
-15.2097	926.788	-16.4214
-1315.6	481.31	37.7906
-404.325	77.7955	27.8518
1375.36	1359.55	-25.6788
-906.992	1055.44	-15.1851
1417.24	1412.56	-26.7716
-1387.23	-372.415	-2.66737
-314.458	1450.87	-16.9859
1300.45	156.753	-23.1303
-702.784	287.958	-2.91484
900.374	-610.015	3.38434
1421.93	729.544	-20.2074
-547.994	-1030.01	16.4043
-1248.54	-124.854	-5.71739
1395.26	695.106	-20.7305
255.554	-667.947	53.9145
-1068.78	96.7977	-10.5222
533.053	-787.047	96.343
-1480.5	1273.51	-4.94028
1323.27	1.76714	-21.5556
930.634	-248.948	-16.8114
840.124	254.966	-21.4937
-577.89	-949.522	13.1283
-0.109834	-1230.52	61.2471
-608.784	1367.75	-17.5761
-1375.07	458.078	44.0568
936.899	-740.182	34.6146
1474.27	709.606	-21.2415
-56.1675	863.759	-16.8494
-725.87	-502.347	1.89256
-1399.37	234.028	2.39108
-1286.08	-81.948	-7.36402
-1258.01	-7.95057	-9.15965
-1444.3	-119.869	-3.41615
-1002.81	-165.295	-6.8206
1135.45	511.714	-18.8002
-1398.9	-687.623	26.3356
1484.45	-1152.42	55.0263
1264.39	909.533	-18.2201
910.607	-1047.03	69.4377
529.74	-1448.41	24.189
198.187	1399.06	-14.415
184.922	-1073.19	64.3161
-32.2303	750.7	-15.4021
698.092	938.416	-16.0855
-313.796	-503.984	79.9884
1434.1	1424	-26.3168
-1231.61	-917.873	40.2592
645.731	109.939	-16.7646
809.331	750.196	-18.4307
632.959	202.415	-20.1002
-1394.58	828.715	14.9309
70.2323	-1088.68	83.5973
-686.997	-190.422	1.12472
-438.475	-1167.82	26.2209
512.343	-1188.83	39.6309
-483.958	-533.362	23.0311
634.542	-1368.26	27.7798
898.766	-506.554	-7.6723
-993.589	220.937	-10.8368
-1453.75	-39.2802	-3.05578
-140.514	-239.772	58.5167
674.63	1440.27	-24.993
1090.94	-242.67	-14.329
1464.92	368.962	-25.4444
-243.475	666.281	-11.7732
478.896	989.315	-17.4062
980.987	-1086.61	69.5553
43.7714	699.252	-15.2524
-100.606	160.759	-11.8819
-149.592	1148.54	-18.6729
-1476.86	-1362.84	88.1844
-925.824	777.974	7.44189
60.5793	49.7831	-5.05473
-772.375	389.924	-8.40917
-1038.38	-645.718	11.7167
-1254.1	-291.827	-2.9923
-854.932	14.3678	-7.85479
-319.928	1271.15	-18.1588
-1157.61	-3.22208	-6.81272
-279.05	234.285	-9.35546
43.9052	-958.327	100.055
-895.326	409.645	-5.14403
1236.37	-606.67	-8.7179
-1161.32	308.133	-2.17733
597.331	-463.671	13.925
654.129	-121.343	-12.8098
1078.17	388.513	-18.16
-399.365	-181.894	46.3516
451.696	334.278	-17.7337
-412.961	642.677	-9.33912
128.635	-636.09	58.5034
-837.428	-130.975	-7.18302
874.013	1498.35	-24.2808
-1321.75	-1326.09	65.11
830.353	115.554	-21.2769
-314.535	904.733	-16.7003
-783.138	-909.73	11.3103
-487.209	1086.74	-19.0357
603.479	1370.65	-22.3342
-926.208	-336.071	-2.09358
278.374	1326.73	-15.3301
373.989	1071.05	-18.461
1419.52	1310.25	-25.2463
-1331.21	-1245.76	52.8309
-435.316	-1427.79	41.9956
-803.746	-576.626	0.597177
-132.055	-133.601	31.4977
1286.24	458.799	-20.695
-777.481	1258.1	-18.6721
-438.007	1228.78	-18.9857
98.1492	-1148.83	67.3598
689.506	745.116	-20.5374
-892.385	641.605	4.27791
651.23	-1238.76	35.024
-489.468	465.929	-11.7988
-193.152	202.415	-9.96225
-1114.5	448.206	9.35944
-340.05	221.68	-5.28106
-1403.57	632.711	12.4549
-1254.46	-413.594	2.46139
-623.312	-534.029	7.85178
410.794	1223.28	-21.5338
1248.05	-11.9456	-18.9625
-1410.75	-9.28971	-5.35543
853.417	242.032	-21.451
-743.275	-590.997	2.1014
-771.079	-568.822	0.93369
1053.45	390.225	-17.9405
473.986	-375.642	0.599835
-935.245	-768.777	15.8561
-329.299	-1082.38	42.294
475.271	-1358.6	28.4527
659.825	630.236	-20.5998
1464.97	1032.79	-22.469
-102.256	258.554	-13.7894
3.96253	-929.561	103.588
861.026	855.393	-19.0313
-339.189	871.035	-16.2667
468.271	-720.096	84.0815
-202.549	123.674	-0.902196
836.948	418.609	-20.4741
-607.988	-942.661	11.8588
-112.816	-97.3145	21.046
1402.33	-686.207	-7.10141
-654.759	-1395.5	47.6575
-5.73878	517.18	-11.7699
-585.198	-759.808	11.1425
858.44	-161.339	-19.5253
-545.467	-344.725	10.0086
1423.05	1414.31	-26.7102
-1206.14	297.579	-1.38951
-1260.69	944.568	25.5105
-645.892	675.461	-4.92464
1295.49	-514.733	-11.8978
451.582	-821.899	112.298
463.794	-87.8208	-9.16277
101.613	509.13	-13.0742
-1144.57	-173.971	-5.10355
1247.39	682.41	-19.727
1016.69	1257.05	-17.8287
-315.262	747.067	-11.6834
606.672	-150.194	-9.19721
-735.88	-952.716	10.9223
755.833	-37.2506	-16.6632
-789.736	-308.847	-2.8559
691.692	-1443.08	23.337
871.158	1058.59	-14.6617
-46.2007	988.669	-16.9872
171.77	560.502	-14.0283
954.107	1214.97	-13.2249
-1354.47	-501.991	5.79327
1111.73	1263.16	-18.6659
-285.865	-1443.98	51.8251
-636.341	1111.97	-17.759
-509.472	-158.731	28.0864
-1083.26	1036.73	-7.36057
-1448.63	-236.604	-2.59641
-682.52	349.284	-6.31095
345.767	350.327	-15.9791
1161.34	896.782	-17.8924
846.374	1266.9	-16.1349
108.069	-1095.31	73.9936
-203.203	405.706	-15.2816
-1217.64	-1345.78	64.7377
73.0007	1137.36	-18.2952
-1454.42	-371.721	-0.493782
-103.901	604.772	-13.3417
-555.422	-20.18	33.3034
-1429.6	-131.4	-4.23073
377.68	169.272	-12.8887
953.962	917.372	-18.3349
1497.42	-1458.48	79.6832
1088.34	1469.95	-26.1924
1147	500.678	-18.9092
154.414	207.292	-15.0157
-201.359	-918.882	71.4104
-78.7014	717.001	-13.3449
-1262.84	-1491.28	98.5143
142.213	-889.833	101.216
437.488	-405.783	2.98244
-59.0696	35.5188	0.089071
-357.035	737.659	-8.85764
-990.112	299.821	-8.60499
559.98	-53.7789	-10.7595
345.447	-1278.67	35.4418
-1180.87	420.647	14.6752
-543.506	469.343	-11.3171
1259.68	-1294.7	90.4438
-1041.32	960.747	0.657846
-1281.55	-961.651	49.8699
-981.521	1285.85	-16.897
1032.51	341.458	-17.7203
517.427	-207.557	-6.24846
-1326.73	-562.333	12.6617
1373.71	370.01	-22.6819
1222.11	-1293.47	87.1479
-1113.73	-399.533	0.701273
-922.14	-1201.24	38.817
1440.4	-1246.79	96.9283
1245.2	1284.89	-20.6903
108.16	1117.29	-18.2308
1101.22	1219.33	-18.0992
-810.026	1180.52	-18.7239
979.555	797.246	-19.114
-279.891	348.645	-12.489
389.103	-402.687	5.74606
-999.476	668.935	4.82535
333.892	-508.677	18.1155
-1033.55	-614.783	9.26537
-702.788	458.481	-6.77095
-166.53	234.749	-12.5603
596.411	848.594	-16.3916
-1232.15	231.535	-7.32657
800.13	236.456	-21.6213
864.666	1178.07	-13.3602
-1086.64	-870.246	29.4536
-1420.97	928.377	26.7855
-1139.92	-788.368	17.7527
114.372	155.831	-15.0746
1272.51	259.943	-22.0299
654.003	201.99	-20.5378
-869.415	591.83	2.59092
854.461	-1366.58	28.0346
1303.81	156.86	-23.1846
-1148.12	-340.789	-1.13003
1314.84	15.0469	-21.4656
1071.41	227.278	-20.3973
630.03	-1346.71	29.11
5.66018	-259.119	46.4027
1086.1	807.144	-19.0918
-381.352	391.092	-11.8284
-3.35016	1285.79	-18.809
-342.214	308.04	-10.6145
323.659	-1422.35	29.6375
-897.302	-660.785	8.01467
1355.59	1094.14	-20.892
-1164.98	1204.84	-11.134
-125.103	-514.128	106.052
-847.277	-59.2806	-7.8281
1075.93	-1315.03	65.0346
-334.332	1379.53	-17.6144
717.044	134.629	-19.1833
-410.268	-496.387	41.8315
435.503	231.08	-17.3046
1057	-1246.14	70.2239
1247.78	-1438.92	77.9367
892.18	587.6	-16.9397
836.426	900.985	-18.3156
397.067	1097.51	-19.7445
-745.795	-1494.48	55.7983
-600.05	667.95	-7.00286
-669.992	-628.111	5.16397
301.331	-756.409	87.009
399.991	-767.541	97.1409
-989.048	688.517	4.30957
855.547	-272.251	-15.9708
-512.81	-1161.79	19.7388
942.787	-861.528	78.1554
873.678	703.268	-17.6553
1334.57	-452.721	-14.059
844.672	243.913	-21.4804
628.491	1248.92	-22.0674
1467.63	1269.17	-24.2975
1324.34	-613.662	-9.36946
-749.184	-155.013	-3.20381
-1274.94	894.768	26.492
633.497	748.01	-20.4821
-1142.01	1467.11	-12.8711
984.53	-206.241	-17.6742
-515.41	1244.39	-18.1404
1200.52	1146.36	-18.7679
-485.435	-884.536	20.5425
-25.6555	1478.87	-16.0074
1269.87	904.769	-18.1263
344.357	-592.639	36.7153
-969.017	154.804	-9.76706
-1416.61	-745.495	28.5373
-1319.76	1316.84	-9.35771
1174.84	-1199.35	76.1304
-466.277	-818.42	22.0111
437.172	61.7765	-12.568
-966.004	-1069.47	39.9218
22.1558	1040.04	-16.356
-857.31	33.1855	-7.53141
-207.511	1009.35	-18.1845
-1277.04	-1091.57	53.1273
839.743	-1090.47	60.0525
1435.57	1354.64	-26.8037
-399.933	-1322.71	34.4402
-340.844	198.342	-0.992136
-1467.21	663.766	9.97226
1442.8	831.881	-19.6515
590.26	-197.438	-7.85643
-7.42682	427.385	-13.2847
-98.3674	278.718	-13.6736
-1044.15	1048.38	-10.757
556.311	-17.784	-11.4957
938.975	-629.085	5.52313
1376.17	1133.49	-20.9654
604.912	-916.627	100.454
-234.983	1312.6	-17.5925
547.025	-1265.48	33.6554
-342.905	-417.338	72.3467
295.374	946.456	-17.9154
1093.67	-598.422	-4.17154
-9.38866	-780.621	101.779
-1120.65	248.27	-8.42686
134.229	-383.257	35.3934
122.481	-206.038	18.8925
1216.03	-1327.5	85.7178
1472.89	1062.57	-22.3356
283.641	-1475.45	29.2671
235.815	-744.574	79.1514
-32.7789	383.065	-13.399
-1008.06	-1021.68	42.2043
314.619	506.411	-16.3682
134.902	-1134.2	61.3503
62.9768	-1315.82	42.6107
-48.4422	-637.319	100.592
-1124.33	331.403	-1.45177
1234.88	-1015.35	57.268
-1057.84	272.686	-8.2691
-1206.56	-156.964	-4.47047
688.815	-1101.87	53.4503
788.281	-242.938	-16.3073
327.946	-808.776	105.286
1399.81	331.707	-23.8529
-526.546	-1330.16	29.1968
-1335.2	-86.665	-7.92609
1082.92	-715.948	7.59677
-1180.63	175.586	-9.72719
-1496.01	-1393.78	99.8218
678.504	-253.548	-11.8162
1353.37	-1218.63	100.19
572.572	999.601	-17.6441
1091.91	205.295	-20.752
-1495.21	-108.222	-0.533559
-1038.1	-505.947	2.32222
1187.77	146.801	-22.1068
-629.06	-527.791	7.44496
-562.43	1176.16	-17.643
-467.571	1471.73	-16.8885
1447.33	969.324	-22.0012
1204.93	-1363.52	82.4521
1122.79	1385.04	-24.9102
-762.918	1368.83	-18.6632
62.6603	-747.667	94.8047
-750.768	825.922	3.122
1118.09	-208.768	-15.0472
-657.59	856.449	-7.62103
-800.375	527.49	3.10478
1338.98	-807.009	-1.97377
-1293.55	-333.381	-2.76963
29.1201	271.626	-13.904
772.772	-1033.37	71.094
-948.029	150.737	-9.48975
1270.33	786.812	-17.7827
989.989	1208.72	-14.8579
-1462.22	-671.801	15.4549
-1439.91	-355.849	-1.23696
-976.677	-989.399	38.0683
536.127	247.83	-19.8101
1089.38	962.668	-17.7585
-1143.59	-791.255	18.2208
1371.66	969.309	-19.8854
-1489.19	-683.435	10.8031
-167.468	1128.33	-18.7754
-1114.68	77.2825	-10.6462
289.572	1210.22	-18.572
-465.667	1328.47	-18.4204
-686.753	-700.55	4.76292
-633.666	-488.757	6.32368
-502.216	-789.91	17.7092
982.583	-1078.16	69.398
-1195.63	-1297.51	53.5304
259.084	-66.1182	-6.5514
-651.046	705.953	-2.54983
1470.01	-1166.2	65.3396
-184.402	-267.733	64.0068
327.2	-767.566	92.3456
83.2118	444.063	-14.1932
-175.816	808.865	-14.2648
1069.53	-651.351	0.026609
-1099.2	-1010.61	44.8007
1.8579	706.971	-15.6312
782.93	-690.9	38.191
1396.63	-923.896	4.5183
1160.54	-154.916	-16.3117
1254.23	-164.234	-17.6192
-821.94	498.164	0.371978
-258.625	-388.956	86.3769
893.004	-260.583	-16.6664
-424.218	749.522	-8.96311
-838.749	-1422.23	39.1497
652.876	488.495	-18.8198
-1234.81	-570.083	12.036
861.723	-1169.66	50.4257
987.81	-1442.67	30.1188
1091.42	1152.95	-17.2582
1425.72	1045.58	-21.9581
733.378	-291.82	-12.7128
232.741	720.893	-16.1036
-707.422	-469.536	2.3376
-56.1195	-142.674	25.6237
-122.589	877.056	-16.7666
631.358	170.329	-18.8253
214.812	-1070.17	66.577
-1418.02	-430.827	0.0744665
-919.563	-1036.36	31.5036
-794.924	424.545	-6.95129
239.535	-385.827	12.0711
708.535	757.829	-20.0764
85.185	-1405.83	39.4706
-718.647	1337.1	-18.2668
76.2873	-624.216	68.804
-540.345	-127.629	27.9016
604.101	1020.04	-18.2663
-1430.47	571.98	29.4523
1205.16	202.789	-22.5345
462.291	196.121	-16.1345
-1185.06	181.709	-9.57994
92.5063	281.474	-13.7974
-699.414	-1244.83	25.6931
-714.479	1121.63	-17.8705
544.79	856.624	-16.3748
1000.48	73.2442	-22.2411
198.899	-1181.97	49.3268
614.879	193.752	-19.4077
-724.309	398.823	-8.20934
-1148.56	568.903	10.6845
98.2297	546.632	-12.278
1182.03	-732.177	-0.315515
-428.614	1037.78	-18.8295
350.177	1277.76	-18.936
-502.578	-482.34	20.7103
-19.7956	-848.662	106.762
-275.736	-754.555	60.7109
853.863	1434.97	-26.8873
893.552	924.341	-18.0927
-223.022	-481.591	109.539
-49.848	124.556	-10.4712
-400.92	541.625	-12.2641
383.157	462.64	-17.3496
-340.651	1402.98	-17.4687
-436.188	799.825	-12.6063
-1228.27	549.748	19.5406
-784.463	1300.36	-18.4985
1398.25	-385.414	-14.802
769.138	-57.5835	-18.1821
109.523	1499.54	-16.5557
-682.18	604.711	-7.156
-1499.89	108.989	-3.24394
375.683	-273.843	-1.27597
1183.48	180.423	-22.7206
-929.746	1464.17	-15.6276
-1260.88	-463.672	5.72839
1390.93	-752.191	-6.1199
-669.203	688.492	-2.97468
251.453	-159.17	-2.92889
319.006	-1329.84	33.2001
208.959	-994.509	86.6277
-473.635	-473.074	25.4645
564.528	-458.252	13.6281
-1330.98	1095.18	4.66343
-349.434	938.422	-17.7173
39.212	-1066.85	93.0503
-651.734	-1433.24	51.326
-345.861	-1320.08	42.2849
-143.811	-593.677	117.489
799.776	-965.599	81.3154
-1485.3	-904.526	17.8413
71.7775	1309.5	-18.0916
1245.47	781.985	-17.8079
1412.58	-550.012	-11.5788
-94.4849	1192.93	-18.3583
-788.689	1426.59	-16.6423
-599.339	-1273.36	28.1202
138.937	21.834	-5.32747
-926.784	807.432	9.24042
-17.9209	-1246.03	61.1675
641.626	900.28	-15.549
259.095	298.5	-14.9319
874.202	1371.9	-22.5045
1259.87	-888.862	15.0646
-83.0786	1093.39	-18.0784
-1330.84	-994.14	52.2724
924.403	-1113.06	66.6566
1029.67	-916.813	66.9289
-426.647	-93.961	55.1185
1466	-554.906	-11.6513
-848.927	1354.27	-17.3908
99.0936	-943.005	96.4744
-275.382	1261.71	-18.048
-278.855	460.913	-13.6952
1384.8	-894.475	2.63077
1094.73	998.301	-17.5324
1182.81	496.354	-19.3647
1162.05	1031.27	-18.1466
-1426.01	-1475.21	116.012
-480.77	197.329	9.46416
798.195	-136.216	-20.5719
-487.859	522.679	-14.3667
-276.052	-1271.33	55.3123
50.4357	-140.787	14.4191
467.141	1331.99	-19.679
-1278.76	414.39	26.5169
818.783	-214.637	-17.9265
949.39	-23.3281	-21.7147
280.007	1019.53	-18.0638
-39.4646	1146.61	-17.9785
-136.37	1136.28	-18.5488
-1382.16	121.225	-5.86424
155.606	-288.094	19.5486
401.572	-254.327	-3.264
-926.078	-867.634	21.6242
-837.001	1334.47	-17.8357
-1314.86	161.104	-6.84
809.603	-1440.66	22.3867
-441.461	206.98	4.61315
414.095	942.758	-15.9587
206.803	1333.82	-14.8051
887.339	-285.888	-15.7321
1058.02	857.872	-19.2108
-1425.12	218.31	0.508184
588.383	-45.5278	-11.5454
-720.128	-681.704	3.71856
965.394	-109.605	-20.241
-283.356	-192.064	62.3179
-173.786	202.142	-10.5522
69.6614	1298.95	-18.2206
319.315	1240.1	-19.3824
495.412	-107.7	-8.78947
-979.872	1022.55	-12.1461
1398.09	98.3799	-24.406
-511.009	-599.826	16.8312
-1325.59	-500.759	6.54543
655.898	-364.549	-3.65619
-733.786	1496.29	-15.9022
1085.74	926.761	-18.1553
812.934	-46.9128	-19.1188
-300.66	945.154	-17.2981
-1457.66	70.4707	-4.34834
591.547	437.209	-18.4535
-717.129	-1121.66	17.2471
422.309	-1441.51	25.4717
1498.27	-1156.27	52.3767
388.866	-1367.82	29.6288
-1118.61	-903.251	34.5181
633.253	429.88	-18.492
-747.882	-1306.56	35.1524
-717.172	-1369.83	45.675
687.013	1172.44	-22.4254
1014.88	591.159	-17.5144
329.817	698.25	-16.3078
507.558	1432.95	-20.3822
-1363.65	-1487.12	108.64
134.858	-1200.54	52.1508
-1395.41	-1066.7	43.9752
15.7684	601.806	-12.5905
-652.977	-1492.45	55.0461
-1261.46	43.1504	-10.2633
-1163.02	736.147	7.90903
-893.245	517.128	2.822
53.7052	1481.24	-16.0274
-1140.62	505.726	12.7191
-488.91	-900.344	20.3268
-913.097	-1065.27	32.684
1192.5	-13.2868	-18.252
-1299.56	-135.883	-6.68714
-712.165	1177.46	-17.768
-324.847	-457.658	79.2962
-660.443	-88.3384	9.22266
-580.777	-31.0412	28.0124
-433.155	-1268.4	28.7932
1165.81	1458.92	-26.9613
-428.68	1245.94	-18.9043
-231.992	817.631	-13.932
1172.16	-762.903	3.3141
-506.088	-1450.72	45.6335
-1022.03	1109.73	-13.2503
281.196	-396.381	10.363
88.2855	-1404.51	39.2905
-411.884	-1158.86	29.995
854.504	788.933	-19.0831
1085.53	-105.218	-17.9443
-361.347	-1365.53	40.6371
-846.225	1171.09	-17.9371
1147.86	1376	-24.9223
-977.872	75.0337	-9.4588
594.631	894.27	-15.4943
233.754	1466.91	-15.6105
258.076	-770.94	88.2995
1297.65	752.282	-19.0622
-625.28	1197.08	-16.6174
-274.62	-848.116	51.206
-1066.94	1124.75	-12.4791
-477.938	184.53	12.3382
-913.505	782.898	7.99897
-1019.84	865.494	6.64801
-995.157	-708.891	15.4238
1344.01	-1489.35	73.1449
1133.63	-737.365	5.71675
1424.9	-424.995	-13.9789
-402.971	505.956	-12.9768
631.915	-149.058	-10.6205
-55.1526	1231.45	-18.9476
1107.34	-425.673	-9.12706
-647.942	952.003	-14.882
-680.257	-14.3692	9.98644
-398.511	-997.879	29.3535
1195.61	589.839	-19.1683
-1110.2	-1032.13	44.3809
-1161.91	-150.773	-4.96071
-1098.71	-167.223	-5.73098
-1198.66	238.238	-7.75461
247.459	-384.049	11.2763
-1258.39	734.994	7.46448
1482.55	-630.839	-9.87847
527.891	610.585	-19.746
-1041.05	212.33	-10.5172
-524.887	1392.6	-18.8038
-121.081	1298.27	-17.6593
-349.947	156.831	6.81606
1106.13	-880.034	47.5647
-643.612	-1017.94	11.6223
983.258	-1251.93	60.5603
773.123	-198.987	-17.7678
-1211.72	-967.279	44.6157
-295.048	-370.649	84.267
350.788	-1071.07	69.766
-1323.49	-364.877	-2.99766
-1347.77	-1418.82	89.2398
526.632	988.494	-17.6094
1225.16	-1239.85	84.9559
34.5573	659.585	-14.2845
-621.326	1334.64	-17.7486
-566.91	-339.182	8.05172
130.173	-957.435	93.6354
540.111	-113.615	-8.7931
-1448.83	-1223.42	46.7171
1093.08	-644.115	-2.91191
59.0809	-988.14	96.6574
854.01	486.949	-19.4307
-274.365	-604.493	91.5968
1182.39	355.164	-19.915
-1275.73	262.537	1.31758
-1108.62	367.986	2.45325
532.595	223.692	-18.7581
-708.127	618.776	-4.67033
-936.365	829.046	7.88234
-62.6799	-1317.48	59.4512
156.321	57.8134	-9.48628
1423.72	578.76	-22.0984
-15.4237	-1352.82	50.6211
-1472.5	226.804	0.672154
1051.8	532.34	-18.4597
666.154	484.223	-18.9314
-57.474	1499.09	-16.7617
778.64	-1314.24	28.2706
438.038	101.409	-12.9786
385.246	959.01	-16.1308
-1300.75	37.9513	-9.96358
-530.592	-157.501	24.9433
-359.142	-1081.18	36.6184
1025.15	161.472	-21.0577
-144.305	-1225.41	74.7153
609.229	-379.707	0.70522
611.96	-333.537	-3.50768
974.525	587.896	-17.314
1329.74	676.181	-20.2856
-61.8529	-845.102	101.122
894.982	1154.41	-11.5878
685.122	-665.93	48.6854
-360.512	-1311.93	39.7692
1257.84	-195.082	-16.9751
-636.385	-264.324	3.76312
90.5257	1425.73	-16.2425
1196.62	797.974	-17.9445
103.822	-1085.25	76.3522
-1446.33	734.545	6.70197
691.058	-765.062	73.0691
1309.26	-1308.31	94.9133
1084.49	-1257.46	71.1649
-513.347	-139.658	30.346
365.107	-639.116	50.6281
-991.949	-1374.75	52.9788
-260.99	1161.24	-19.5778
-1111.38	-284.35	-3.4094
-590.574	-316.859	6.55054
-439.699	-362.823	33.5776
574.079	-767.064	89.8528
-425.656	636.608	-9.27536
-393.527	-1495.07	56.0492
-903.981	1462.21	-15.9851
1130.93	334.075	-19.3237
1075.46	482.339	-19.0542
1338.19	-1169.21	89.8717
-786.734	-1026.53	16.5644
-1318.06	1095.38	4.1623
-445.767	463.579	-12.1811
1083.11	-592.939	-3.99267
-399.438	-1366.31	35.3516
856.032	171.826	-21.7514
-289.575	-850.609	47.6318
-493.485	498.162	-12.6042
-1481.02	1369.15	-6.29703
-1443.84	-423.655	-0.0239158
571.669	-650.547	63.7931
-414.926	-203.742	38.4021
-848.563	-540.173	-0.29647
-845.087	-1221.79	32.7285
-1360.06	-432.7	-0.355618
340.395	-853.455	116.532
-46.8167	352.882	-13.5216
542.93	1086.16	-20.5885
722.454	-1455.99	22.5789
-468.318	106.612	26.8695
735.26	519.364	-19.3227
418.24	1415.33	-18.0956
673.535	-1183.91	38.8212
-133.719	-922.015	87.3389
83.9278	1260.21	-18.3458
-583.824	-758.461	11.2412
-1145.58	-1451.52	79.4649
300.495	-1142.65	53.2606
0.446994	868.32	-16.2812
-1082.85	557.713	7.6816
-1456.23	-720.059	19.1138
-11.2172	-437.107	77.6869
-112.05	81.0916	-1.32073
-313.022	-979.247	42.9168
-1275.32	832.331	19.1984
1190.78	114.205	-21.1205
-558.969	1328.62	-18.0263
873.08	1105.07	-14.3897
-1212.38	109.297	-10.8671
288.297	357.603	-15.7983
-721.497	-1239.78	25.6488
-560.051	-822.748	13.4236
359.109	543.278	-16.6976
1003.05	-251.818	-16.473
1287.4	1146.62	-20.1123
-713.702	-1166.83	19.1072
-360.949	-298.072	59.0558
-990.065	-1426.61	54.631
-907.039	396.658	-5.50448
-1468.77	-493.671	3.638
-208.618	-489.666	113.215
1385.43	1356.57	-25.672
71.6928	-899.539	103.871
-262.218	-959.448	56.2149
368.028	-1326.65	31.941
-1221.88	680.535	6.14735
1265.34	948.347	-18.9567
1140.48	1464.37	-26.3477
768.137	1135.26	-19.3185
429.281	507.634	-18.1901
-365.258	-321.522	59.4371
416.696	1178.68	-21.7093
-219.229	-719.307	85.3556
-1403.7	-519.3	6.35999
-684.669	68.4657	12.4711
-1342.59	-1084.65	52.4331
-745.077	6.87169	1.60818
-284.233	757.439	-12.145
1164.38	-29.0348	-18.8926
-1113.95	305.082	-4.30179
-730.688	-604.613	2.67022
-259.97	334.948	-12.5964
957.504	869.554	-18.6539
933.806	-1272.55	46.9073
-1407.13	-1006.89	39.3923
-264.383	-1354.89	57.233
-1417.75	-1203.69	46.4564
442.677	1498.78	-19.3027
-263.237	-574.867	100.816
-289.323	-947.959	48.2368
1496.5	971.005	-23.328
567.478	-1424.59	25.153
1070.01	770.684	-18.986
-40.8183	-502.149	87.3533
-948.881	-1308.34	44.0485
689.862	558.801	-18.5381
1007.09	-1249.37	63.8988
880.381	484.754	-18.7953
1328.82	107.77	-23.2771
-1120.63	574.618	9.06929
-935.173	-148.611	-7.44124
411.204	148.197	-13.024
733.014	823.957	-18.7366
-356.509	378.593	-11.8444
1406.13	-357.371	-15.2544
599.935	-432.411	7.3866
-690.379	656.439	-4.45592
264.803	-1163.45	49.961
-1109.43	-395.492	0.466615
1334.9	875.444	-18.5112
838.38	-1213.52	40.3156
324.102	1033.34	-17.8269
-120.598	-402.308	89.1891
-477.715	901.844	-17.4116
796.626	-1370.43	24.9269
1201.21	1383.16	-25.8019
1049.52	357.388	-17.8733
43.5805	-934.346	102.515
1468.78	-847.373	-4.67799
693.988	-1234.07	33.6351
-390.613	-805.597	32.0769
-557.997	-85.0586	30.3505
12.3421	770.409	-16.2154
1371.22	84.854	-23.7871
-1340.46	-57.1592	-7.96543
-75.4255	-674.418	107.202
-1118.24	1415.34	-13.5733
-427.586	533.071	-12.8112
1349.82	-16.9155	-22.3122
7.08298	1206.4	-18.7185
269.71	1385.53	-14.3435
-972.569	1021.53	-12.2984
1167.36	1219.29	-18.5208
-816.058	909.648	-3.68068
1232.08	-318.665	-14.5815
433.746	-934.806	111.449
-720.876	205.45	5.81611
826.207	1390.07	-23.9486
-699.15	601.8	-5.27362
461.832	1411.67	-18.7406
-372.022	-497.671	55.8647
1061.74	-900.98	59.0528
1259.84	-1275.92	90.8645
