-1448.11	788.275	8.8173
343.646	1350.01	-17.1216
1115.96	702.267	-17.5937
420.538	1352.14	-18.6996
1195.13	949.721	-18.4911
1124.94	-579.46	-5.89619
749.157	-1099.81	53.9374
521.825	-1065.4	62.5513
-1280.25	752.897	8.19537
1377.47	-404.903	-14.4836
1290.89	-1332.2	92.7429
-1467.44	-161.088	-2.04088
1491.45	1232.49	-22.9302
-1047.46	-1220.27	44.8705
1355.5	1428.73	-27.3342
891.576	-1078.63	66.6604
-1321.2	-823.014	41.6571
-329.834	216.571	-4.89739
821.997	-702.613	35.2086
699.009	-282.554	-11.4579
-275.378	-739.14	64.0739
-1045.29	705.111	5.59811
1379.72	1136.19	-20.9951
151.419	894.755	-18.5569
957.723	1070.03	-13.5876
1229.03	994.81	-19.0954
-938.545	-1318.87	42.8409
-566.928	450.218	-10.4702
-1184.74	-381.932	1.82239
-1258.9	1219.19	-7.96311
-730.612	535.154	-1.0971
1021.15	-88.2374	-20.2143
-115.703	402.843	-13.8915
-703.73	-1220.69	23.3282
-122.679	-45.0787	14.5822
-612.252	-631.309	8.5847
393.541	-1453.56	25.7389
-11.2111	844.253	-16.2123
-809.543	-456.018	-1.66375
626.68	-386.751	0.522053
-304.231	-929.295	44.5031
1073.06	-14.6274	-21.5298
-1169.62	-1336.11	60.0071
-741.566	-39.7824	0.570923
469.454	348.973	-17.9591
-615.487	-1415.47	46.1791
276.073	852.162	-16.9319
844.191	-465.283	-9.35196
-381.25	-1423.07	41.8329
-1418.12	-511.394	5.06033
-1173.82	470.543	16.4965
915.171	859.128	-18.8258
819.921	1134.24	-16.5023
488.386	801.511	-17.8121
839.21	198.32	-21.7054
45.7113	629.905	-13.6325
-642.446	-189.255	6.85068
-1349.44	480.86	41.0019
-615.446	-875.972	12.0566
-1265.64	425.062	26.3813
-1430.32	118.012	-4.17636
938.269	227.247	-20.8993
1389.35	-1187.27	86.907
-299.131	936.506	-17.148
952.395	-848.54	72.9028
-980.226	-206.48	-5.88457
1137.48	1388.4	-25.2026
-86.9265	-1359.83	60.3788
542.329	661.057	-21.3118
1262.8	1030.97	-19.6196
399.481	1275.63	-20.1292
-1069.3	1201.74	-13.7913
-718.272	-1444.18	53.7222
-675.042	-359.426	2.14494
-443.633	-99.8651	51.3891
429.693	-908.359	116.41
829.734	900.283	-18.3089
415.113	-455.815	9.92291
-1120.24	101.998	-10.6179
-800.065	465.941	-2.91663
986.967	995.798	-15.9245
843.905	1089.05	-15.8014
1031.73	542.396	-18.3068
632.342	1052.41	-19.3756
-501.449	-1058.64	19.6222
748.115	673.981	-19.3227
1329.95	-68.6854	-22.1277
-1218.82	116.054	-10.7172
-534.335	1384.79	-18.7603
-296.952	-1035.25	50.6655
-835.485	-465.175	-1.99169
222.688	-176.224	1.2204
782.792	989.733	-17.9411
-276.153	-438.972	95.1187
1395.67	787.025	-19.057
-1221.47	1055	1.7931
1398.43	256.71	-25.5119
951.829	-118.689	-20.0257
1088.01	-539.925	-6.18613
1126.01	-1379.06	64.6375
172.164	-1448.71	35.3825
-1346.71	74.5953	-8.44033
-1188.73	-996.325	46.1302
-976.469	-743.906	16.1845
55.037	-84.0692	3.39023
1004.72	220.559	-20.397
846.339	692.036	-17.7708
786.571	37.9101	-18.4731
1254.21	668.887	-20.2169
-981.185	-1375.33	51.0217
-1437.6	-129.582	-3.8083
763.199	1209.5	-19.1812
-966.202	-921.566	30.9499
934.352	1182.29	-11.9501
-1284.03	-382.134	-1.16987
740.545	73.7973	-17.8168
-48.8798	768.796	-15.3451
-114.141	960.561	-17.4366
-302.967	-156.704	61.1788
-851.388	229.953	-7.75282
-256.519	954.532	-17.2886
-1462.45	741.946	6.62372
-830.751	-1454.85	43.4995
-719.36	178.954	9.4258
181.853	854.087	-17.2862
-700.815	158.631	14.2626
941.905	-448.063	-9.70772
-338.38	-1007.03	38.7623
500.587	712.284	-20.7096
-1105.38	-1373.63	64.5143
571.066	-343.325	-0.879965
1243.75	-854.304	12.0187
-823.257	-1058.05	20.7321
-1356.95	-939.005	42.404
-724.776	-1176.51	20.4026
685.541	1419.71	-24.8315
272.634	-300.651	3.5147
1349.99	-821.359	-1.27021
-30.7006	-1425.8	48.8658
-1116.14	-1183.74	41.7279
-1139.2	-301.186	-2.52771
-1388.31	-1381.42	81.2216
-1184.03	-350.957	0.164249
-169.844	-134.636	36.6683
1008.65	816.555	-19.1575
-11.3935	-1295.77	54.293
-621.013	901.157	-13.584
-1179.56	42.8835	-10.0557
-1368.3	1017.96	23.6554
-373.767	1274.36	-18.7169
-312.06	1205.74	-19.6685
-1271.73	604.496	13.9648
1416.27	296.221	-25.0814
1007.56	-164.312	-18.2498
583.32	1462.57	-23.5723
-933.27	-1037.3	33.6483
723.973	-948.252	87.9728
-1020.4	1304.77	-16.4018
-176.582	-901.894	76.7532
1225.33	-262.199	-15.0401
1092.88	-1499.08	38.957
-208.192	-635.22	104.848
-749.149	-1200.05	23.2013
966.682	357.352	-18.69
1260.64	258.504	-21.8316
1264.86	-634.257	-8.53287
853.754	1122.7	-14.9957
-440.538	618.443	-10.1968
587.866	-1329.94	30.0437
-467.047	-672.302	22.7887
391.964	-1175.87	45.523
597.312	1448.86	-23.5315
1254.76	1051.3	-19.6197
37.851	-1351.13	44.9281
-239.11	-1009.56	67.2515
578.812	-443.765	10.915
1410.92	-1424.92	89.6037
-1305.78	1025.67	16.6925
993.429	1073.79	-14.4252
-530.681	-1465.19	48.0586
601.146	-87.8358	-10.911
-669.874	-1408.82	49.1074
774.569	1077.47	-18.6274
-1388.23	-670.304	25.0204
320.306	1408.74	-15.4581
1413.09	-1048.27	34.8575
-198.02	-1164.28	76.5767
397.717	-1452.04	25.7013
-10.6755	71.967	-6.87433
-220.159	-820.323	66.6729
-526.127	1250.64	-17.8476
-1166.21	-816.755	23.0899
-233.05	-27.3654	32.4771
-762.093	-582.685	1.38625
-1248.96	124.037	-10.2401
-1345.59	773.92	8.91279
-1050.57	1127.74	-13.1304
489.735	-1442.61	24.531
-1120.89	549.319	9.49133
1375.05	-454.504	-13.7475
-1049.74	-869.174	28.9721
789.201	-1389.25	24.1517
34.0308	427.311	-13.8597
-302.409	-521.578	84.918
-1296.51	38.5465	-10.1218
-903.792	-521.115	0.208789
-1280.4	-361.304	-1.57993
-103.942	1046.11	-18.1196
1172.19	318.793	-20.1344
-435.218	-901.261	25.2829
1081.88	-1089.79	63.4288
-1028.86	672.874	5.24955
-1284.94	137.066	-8.60803
-71.2136	274.864	-13.6929
1341.75	818.755	-18.2416
-870.43	637.069	3.10879
416.792	602.49	-17.6108
-313.545	1076.69	-19.7453
77.1206	504.669	-12.9723
445.8	611.128	-18.1267
-322.925	876.748	-16.2805
974.023	-80.9921	-20.6036
273.178	-792.582	95.5941
-12.3727	-909.352	105.21
-1229.71	458.7	21.7261
-391.633	-114.086	58.8005
1213.01	659.015	-19.0137
-177.179	952.022	-17.4952
1323.05	1291.78	-22.9703
-610.981	466.746	-9.16247
-439.461	-1021.86	24.6896
1264.31	1446.22	-27.5466
1086.67	-1468.16	41.9907
-136.97	1207.86	-18.5412
-1104.46	-8.76456	-6.50578
-6.60148	-180.924	28.1137
-1317.45	1021.75	18.9418
49.9863	1097.74	-17.2243
1396.7	1319.32	-25.1255
-116.149	-1252.56	71.8318
427.977	907.605	-15.819
-683.615	-460.185	3.09823
-1224.86	-1247.75	46.0416
-372.595	-995.317	33.5389
362.429	335.37	-16.2902
-324.543	655.235	-10.7408
901.702	125.804	-21.8307
-1303.27	618.901	12.4025
-290.821	-450.092	89.7653
1174.79	-305.268	-13.0786
747.65	-804.073	76.5197
-666.032	-1170.45	16.4203
-1039.16	-55.5516	-6.80032
191.631	399.189	-14.9668
-1472.42	-1124.26	33.0704
714.407	-1093.74	55.1515
1235.5	1483.99	-26.5652
-410.038	-802.496	29.2618
-573.767	-1208.8	20.3969
-1473.24	359.923	28.3753
1283.57	-557.427	-10.3902
-768.257	625.58	-1.15439
1496.53	190.131	-27.5302
-1482.78	625.654	14.6504
1316.73	1338.53	-25.2975
-758.214	-1045.29	15.8009
-151.926	-632.462	113.341
-102.141	-377.902	85.3909
-474.945	726.068	-6.19069
1233.09	-136.898	-17.773
1348.48	829.26	-18.4144
768.255	-907.093	87.4431
834.301	313.058	-21.0666
965.695	1250.48	-15.0333
-478.765	312.772	-7.75697
250.403	-1354.69	34.2009
1194.41	-1222.09	79.982
1464.05	1117.56	-21.6645
452.455	938.425	-15.975
1432.14	615.596	-20.7108
-1406.57	-328.853	-2.48931
-1396.45	-1248.64	50.9963
-501.26	-815.716	18.323
760.353	-744.86	57.881
-1145.05	199.767	-9.45938
1231.75	861.143	-17.8377
511.987	-1005.15	85.8725
-509.93	817.503	-12.8098
367.47	193.07	-13.5393
-405.25	1088.94	-19.3353
-718.178	1488.88	-15.9139
1435.25	784.196	-19.256
1378.41	1460.15	-26.7141
766.094	-493.338	-1.56264
899.648	-1404.83	28.5259
822.953	283.326	-21.489
45.6366	927.34	-17.1024
-747.793	2.14164	1.2888
-599.939	-1285.99	29.6297
821.909	230.13	-21.5473
1354.86	1298.1	-23.7655
-315.333	1478.16	-16.7247
-1459.6	-706.668	18.4165
609.024	1447.52	-23.7518
-1022.58	1041.83	-11.3566
777.405	-500.681	-2.59887
1434.74	-1396.26	90.4437
-441.592	223.036	1.00374
846.828	-397.952	-10.9817
226.993	1163.69	-18.5152
-1292.63	-220.601	-5.18818
294.523	1213.05	-18.7335
1347.37	-535.458	-11.5346
96.9011	694.309	-15.6428
-760.976	1043.2	-16.285
-285.283	-595.211	88.6822
563.858	1495.62	-23.999
-721.139	-1286.94	32.8769
781.865	1364.63	-23.14
590.362	-1065.59	64.3134
1067.15	-33.3908	-21.1017
877.038	-548.971	-4.77273
690.04	339.641	-20.5475
48.3318	-431.925	63.6835
-645.758	-1058.01	12.5694
-1428.67	1091.25	12.1975
-490.849	-1492.89	54.3637
-1284.41	-1223.08	49.1188
919.908	-1218.06	52.7964
55.4825	-109.826	8.14013
-958.103	1312.14	-16.71
-1056.18	320.493	-4.9976
-846.362	-1171.36	31.6394
-1426.98	-490.659	4.30204
-1012.86	302.637	-7.79611
-1472.25	414.131	46.7511
729.816	257.49	-22.0547
-1268.59	-1025.4	54.137
232.292	1232	-17.6069
-1132.34	-381.611	0.428167
341.748	-948.754	110.583
742.805	-207.628	-16.7401
610.018	-419.324	5.28354
920.112	863.761	-18.7343
-296.987	291.111	-11.2201
-767.307	-1152.14	22.7104
-312.877	1400.06	-17.4577
-226.563	-917.37	63.6369
-713.385	1244.62	-17.807
-942.671	-1294.06	42.9573
662.611	782.798	-19.0921
-256.297	1000.24	-18.0678
-25.7236	920.658	-16.5502
1030.04	955.292	-17.4396
-628.307	164.56	18.6173
-929.31	849.312	6.60916
737.7	-738.601	60.925
1205.11	-1329.02	83.3128
912.385	-256.218	-16.6666
-267.773	-929.243	53.1729
-584.31	-600.64	10.6838
-918.034	-1156.46	36.6496
425.192	759.945	-18.0603
-498.083	-571.758	19.8408
-1135.79	912.516	11.7623
349.341	296.618	-15.6348
-632.719	1033.82	-17.1681
846.617	-1116.78	55.2428
-507.668	-1061.48	19.2795
994.691	-888.198	70.3981
-402.103	224.965	-2.27888
-1315.86	1432.42	-9.4138
-1337.45	-53.5234	-8.08311
1433.66	-128.67	-23.5057
1217.98	-763.532	-0.625071
-160.417	-893.717	79.4246
811.837	1435.07	-27.1736
495.684	-65.0517	-10.1037
-1023.38	745.375	6.02225
850.397	-589.975	1.40225
92.0891	826.501	-17.335
883.439	-408.486	-11.004
886.775	-425.557	-10.7081
1374.8	-528.066	-11.9015
-78.1113	59.17	-1.16482
567.603	-68.3442	-10.3712
1235.25	228.862	-22.2104
-427.499	859.162	-16.7553
1203.07	988.935	-18.8574
955.527	-1485.81	24.815
612.453	-106.441	-10.4862
556.252	1137.43	-21.735
1470.01	23.604	-24.8276
-1090.37	-1286.41	51.2343
786.838	-1248.02	33.7568
100.856	-1393.26	38.8383
454.272	-954.015	107.524
21.8496	-326.568	58.4534
114.051	14.1368	-3.23761
-524.263	-655.602	15.2092
-281.106	99.0773	12.6825
1037.4	-1097.14	67.9794
941.634	1110.82	-12.2916
-360.298	-1265.17	38.8949
-14.8567	-1161.52	78.0076
-226.467	307.457	-12.7615
1011.88	-42.3326	-21.9121
347.142	-920.08	115.16
-1181.26	-1395.43	74.2515
8.89044	518.057	-11.7749
902.153	-1396.85	29.5624
-265.68	759.902	-12.3394
1021.87	660.157	-16.9828
-363.083	751.78	-9.80071
-554.54	607.797	-11.8471
600.181	1104.81	-20.6879
-1311.61	-1277.1	56.961
-914.486	169.449	-9.05235
520.735	1033.62	-18.8432
-65.6594	-1442.52	52.0793
640.174	223	-21.0382
918.79	349.556	-19.6371
-1067.3	-1119.64	37.359
-945.087	-1415.89	46.554
273.156	201.004	-14.1514
554.959	-1390.05	26.5788
-510.89	-1125.44	19.2083
-1321.24	-842.295	39.5414
244.15	351.245	-15.2318
1421.38	-800.188	-4.80041
618.044	578.531	-19.5026
691.322	-880.501	89.5246
-1485.97	-1372.06	92.0168
1489.9	1392.88	-27.4318
-213.49	121.23	0.389906
-379.429	915.765	-17.8111
-744.704	-849.91	9.00808
-884.8	-524.924	-0.150072
1106.1	194.918	-20.9689
446.369	-474.736	15.9111
-1393.68	-1072.63	44.208
584.309	-1163.76	43.3152
-1061.12	1128.48	-12.8866
758.181	1197.06	-19.6028
-1011.79	-804.448	20.4803
-1499.87	-540.257	4.4247
-222.367	1306.9	-17.5875
-553.821	173.651	16.0084
291.658	40.6064	-8.4144
-707.325	-339.549	0.254072
-1026.71	850.008	7.45738
1199.92	647.154	-18.92
-584.35	-659.38	10.6365
709.163	-1310.89	27.471
-311.558	-1219.11	47.5876
-1091.02	989.983	0.583776
508.343	-415.838	6.32715
1269.74	-201.271	-17.1501
-867.79	-271.206	-3.99534
-1153.39	-700.39	11.4477
664.017	-111.531	-13.7594
-934.032	-50.7175	-9.91272
645.498	67.0236	-15.2005
1498.71	-1192.54	68.506
-982.399	-80.5592	-8.59953
9.70694	972.017	-16.4769
113.614	-1423.29	38.3409
420.461	1402	-18.2557
330.589	-1090.52	64.3908
-1116.6	-351.552	-1.16369
-647.764	-529.434	6.4075
450.405	-1370.56	28.1622
-476.456	280.272	-5.60892
-17.9878	-1276.29	57.5828
1357.82	45.8601	-22.6022
746.792	-1446.11	22.5317
73.8633	821.547	-17.1727
-958.551	1323.82	-16.551
-1189.22	715.161	6.84522
533.382	670.161	-21.1661
556.872	-880.254	106.616
-997.583	-819.558	21.6986
461.721	1091.13	-20.3646
-57.8067	-307.126	69.7693
-1183.92	-660.606	13.4476
-691.76	213.496	6.63395
-833.669	10.8765	-6.05862
245.38	831.108	-16.441
-678.788	795.803	-0.880166
1038.96	-1209.24	70.4419
1147.96	994.855	-18.1142
-558.629	-524.891	12.7231
415.087	563.333	-17.6903
1099.23	753.396	-18.6089
-1153.19	872.465	16.1808
-600.588	-942.51	12.1386
-599.018	-625.577	9.61588
-1290.75	543.312	28.7187
-1244.85	-1231.37	46.6568
700.196	-841.029	84.5942
-857.44	-1053.51	24.0837
166.272	-777.63	87.2223
657.805	366.994	-19.6577
57.1163	740.028	-16.2151
990.456	-378.202	-12.0281
-1210.97	707.168	6.76605
537.31	-1147.9	46.5482
1242.79	1455.19	-27.5645
588.436	912.192	-15.7032
-196.275	-243.119	62.9375
-919.051	-213.852	-5.79017
-583.716	818.315	-9.81064
112.917	714.171	-16.3467
1324.49	807.678	-17.9647
-303.736	1449.91	-17.0634
871.078	-486.245	-8.98097
-169.869	137.466	-4.69358
728.508	-317.1	-11.2492
-641.305	-519.296	6.59855
-1224.45	1100.82	-0.545585
1100.89	-732.402	7.97344
990.357	1454.02	-26.8614
1454.67	773.124	-19.3958
-1418.54	161.559	-3.60675
-909.186	174.139	-8.98363
-688.829	571.676	-5.64589
-778.71	-1224.83	26.6855
-18.9627	1157.25	-18.1274
671.878	1187.95	-22.3758
359.567	-1260.58	36.6112
-301.445	-790.228	48.8688
461.261	-878.812	118.758
1040.69	-104.987	-19.1415
1002.85	653.689	-16.9316
-811.179	790.869	8.25047
-351.628	-51.8028	56.5736
-1023.7	-1276.38	50.2917
1142.03	-1354.01	69.9255
144.975	1457.82	-15.5443
1494.52	1332.84	-27.2034
1250.22	147.454	-22.4639
1324.38	6.30372	-21.6541
-166.268	-1428.94	60.4926
-507.361	-1030.5	19.0122
1008.13	-527.413	-5.58385
770.792	-1356.55	25.414
783.383	-1482.94	21.3054
-309.849	1464.15	-16.8909
1285.97	1359.25	-26.4878
4.51744	689.972	-15.1917
1260.5	-430.576	-14.4522
-364.42	1470.19	-16.4906
699.163	576.158	-18.4117
-455.911	161.786	15.7848
823.613	1451.35	-26.7116
285.203	-350.73	5.98273
880.274	1236.52	-14.2771
-1230.18	-317.564	-1.79896
1121.91	-898.022	46.2588
-1437.27	1169.49	1.05997
1403.83	-1209.11	91.468
-1135.8	-1258.36	45.5482
648.662	957.428	-16.4455
-1036.07	-558.858	4.96053
-47.4867	-354.1	79.5203
-513.927	1313.71	-18.3763
107.719	-432.923	43.1487
-63.991	-102.224	18.3079
-1444.02	-821.119	25.749
831.035	553.746	-18.4759
-1196.49	713.702	6.80512
-1084.83	1198.04	-13.3394
15.0184	-1012.65	101.338
-910.509	-1455.6	45.0465
-1227.16	1002.72	12.1114
377.397	1237.28	-20.9648
-1344.61	-787.2	36.5489
1107.01	135.295	-21.1584
-703.773	982.574	-14.571
1035.1	731.125	-18.0655
6.67134	-1114.18	88.2076
371.278	860.536	-15.9297
500.34	686.404	-20.4377
272.476	-676.163	56.3459
1169.21	128.12	-21.1732
-611.032	-122.486	17.5362
-533.162	-714.229	14.5001
-809.449	-1225.38	29.5872
-992.547	1291.48	-16.7636
589.167	-1447.97	24.279
1404.34	473.955	-22.9285
-1122.67	63.1378	-10.0842
814.008	-1466.25	21.4213
-742.155	151.675	7.08595
556.046	-948.615	102.387
1014.36	-652.198	4.50819
1020.46	1107.9	-14.1607
475.438	947.068	-16.4051
771.621	1442.27	-27.1869
-958.8	895.16	3.38411
1475.97	-681.906	-8.3666
649.864	178.61	-19.5115
86.0819	-1314.02	40.7694
-7.49169	458.7	-12.955
262.112	1365.69	-14.1425
-154.024	-104.951	29.6591
-1275.16	-596.145	16.0219
1030.25	474.641	-19.1146
1398.44	1317.51	-25.1014
-1294.91	-750.602	30.7243
1350.49	-105.037	-22.2527
112.771	-1401.3	38.2338
-117.895	235.942	-13.2169
361.595	72.6975	-10.2486
112.298	662	-15.0998
686.511	456.021	-18.9228
539.98	988.708	-17.5796
983.395	-1208.17	65.0702
492.34	1156.07	-21.9035
-882.456	205.882	-8.63892
-1214.39	1003.95	10.3067
-334.379	1334.07	-17.7832
1030.18	-708.577	11.1894
613.968	1173.71	-22.0666
-1001.77	73.0088	-9.61864
-902.248	819.216	8.64775
-645.474	-751.833	7.10057
-767.974	302.894	-7.05723
376.363	142.004	-11.7499
-506.822	-371.618	18.0436
1438.53	1187.86	-21.0256
441.635	861.421	-16.1389
-503.707	112.427	27.996
646.388	-1494.31	22.4794
-1262.62	-1365.9	72.2375
1030.78	-1445.41	35.2487
469.039	-736.347	89.5094
-514.805	-246.559	18.0714
650.963	-1284.41	31.9338
1466.94	-601.979	-10.5791
-542.611	1144.16	-17.9756
808.948	-1050.49	66.7309
26.6725	-1167.98	72.1271
61.5306	154.898	-14.5616
1207.61	-360.519	-13.7949
240.839	-482.469	22.108
-117.296	-59.1307	15.9864
-1198.92	-131.255	-4.68598
-679.179	-374.284	1.95497
530.396	-743.111	87.583
472.983	237.195	-18.5488
1436.89	1297.51	-25.1652
1015.2	199.253	-20.5826
317.686	-254.825	-0.066124
-535.003	317.021	-5.38627
163.915	822.937	-16.7275
874.725	1170.51	-12.7673
464.919	-832.189	112.809
133.228	966.715	-19.1807
31.4868	1030.92	-16.4734
-937.924	-30.3023	-9.63299
-842.596	-790.023	10.2688
732.846	-1295.37	28.4918
-971.646	42.7603	-8.88804
-994.539	-560.996	4.77469
-191.673	190.9	-9.80573
-216.741	-966.003	70.5505
-270.466	1316.27	-17.685
-494.164	-1025.85	19.7423
-309.417	786.766	-13.25
-1233.72	339.153	7.70944
-1416.99	1098.29	10.2834
-451.6	-685.276	25.4914
1370.55	-957.113	12.616
465.461	541.969	-18.6784
-1031.94	-421.908	-0.547489
648.829	95.0099	-16.2113
-778.715	-1347.03	37.9953
329.499	-1454.03	27.8876
855.671	313.121	-20.8328
-733.088	-34.4575	1.49116
54.6344	1070.66	-16.6117
740.607	301.414	-21.8155
2.72966	1398.28	-17.0803
1380.21	-484.395	-12.9957
541.572	599.382	-19.7855
-236.705	-756.603	69.7477
1341.77	-1184.02	93.9065
-307.828	1429.36	-17.288
777.909	-541.523	1.1658
525.199	-381.044	2.80071
688.402	791.386	-19.0282
702.828	-511.694	10.8289
-560.294	-290.461	8.7591
-709.347	130.802	12.398
-460.17	-669.604	24.0801
248.733	-729.722	74.7163
-1466.04	-74.7477	-2.0793
923.223	1056.9	-13.1314
-226.981	-1124.32	69.6293
-1307.32	1285.05	-9.40086
-389.654	354.449	-10.9422
842.04	-1156.03	49.5899
-859.55	926.242	-3.74716
1067.25	822.808	-19.2238
-1060.87	-1005.58	44.1598
-1110.24	-1233.8	42.5464
846.966	297.547	-21.0842
518.978	457.904	-18.2079
-327.159	1049.24	-19.2225
-538.648	11.8594	37.9494
-1409.04	-264.415	-3.76835
-1442.36	-77.6606	-3.26588
-397.781	18.1083	43.3006
1440.54	1119.41	-21.4291
235.2	-710.027	66.7299
-821.909	-1398.25	39.6381
-609.47	-820.533	10.3332
492.189	-499.823	22.3912
1245.24	-1382.25	87.1396
-1127.76	421.779	9.11309
-13.6375	-687.962	94.9391
1000.15	89.7216	-22.1507
3.90353	1207.27	-18.7564
749.15	346.455	-21.2668
-1093.54	-311.024	-2.93106
-1219.9	537.178	18.8058
-838.672	-1278.53	30.672
745.288	976.619	-17.581
1139.22	452.453	-18.783
-480.825	985.549	-18.2946
703.75	-681.757	50.5994
234.676	972.738	-19.3497
-750.583	851.019	-0.845324
334.354	-1076.09	68.3574
1302.14	-129.489	-20.1068
799.298	527.22	-19.1272
469.129	-979.659	99.0873
-946.081	-417.322	-1.9015
-771.121	833.914	3.69085
393.761	-522.256	23.8808
-919.26	-1488.62	46.7407
-866.168	69.302	-6.68181
-805.231	-94.9846	-5.86146
636.885	1372.6	-23.2016
-714.212	-1156.15	18.6133
204.135	-1235.48	42.8098
86.5502	13.8564	-2.24492
733.461	1291.77	-20.8266
-910.362	945.594	-4.97569
-911.931	-1300.6	38.7923
-229.979	-390.869	89.7454
746.903	404.656	-20.2587
1096.68	1039.43	-17.2285
-153.666	-860.239	80.3043
-1163.01	-692.679	12.0986
520.244	1393.85	-20.2498
1314.5	-1499.38	67.4184
179.449	-175.833	7.63915
-1252.88	1332.67	-11.2146
-496.188	611.573	-10.6816
-798.392	1406.59	-17.0769
-555.118	-223.013	15.9194
-1256.08	-991.797	49.6172
1066.41	-881.505	55.6896
145.856	412.287	-14.6932
-569.991	-1456.89	46.4434
-818.354	17.8417	-4.60024
-52.0679	-342.634	77.5873
-898.708	713.494	4.2611
-12.5757	-1419.07	47.5075
-457.68	843.917	-15.3112
-1357.4	-1105.09	50.4198
1157.66	-84.064	-18.0545
-823.283	1363.11	-17.6513
247.102	661.328	-15.9354
942.101	524.258	-18.4002
-271.88	832.346	-14.6885
81.94	-598.636	63.2158
-813.34	1113.51	-18.2085
-669.491	-424.817	3.06303
-520.345	-1122.31	18.5317
385.104	1487.8	-16.8895
-41.3481	151.539	-13.206
-1286.18	-25.5024	-9.01565
281.997	-936.413	108.474
-486.459	746.449	-7.90622
1375.31	-1459.9	84.8108
-636.526	775.729	-3.31274
447.594	134.887	-13.4267
1432.69	-1168.69	74.0513
-356.201	-527.154	62.7989
-479.907	1344.57	-18.5726
-1024.78	-313.839	-2.88304
1209.09	821.383	-17.8739
-588.532	628.008	-9.85005
-1422.14	-392.149	-1.22763
878.875	-618.722	6.14305
1357.34	-916.146	7.56798
191.704	-470.058	24.5597
386.721	-448.344	10.0824
-202.2	-1084.6	78.7118
1320.96	722.005	-19.9154
-565.824	-390.996	8.98103
35.6729	-1004.49	98.8407
-1405.96	193.212	-1.24383
41.3898	-1052.11	94.4988
-115.79	-1159.65	87.8166
1458.62	1043.82	-22.2922
-837.643	-353.889	-1.90259
348.943	954.343	-16.6397
-276.831	-1440.31	52.8034
1066.49	-1168.43	72.5394
-156.654	-982.555	87.6489
1409.49	-341.59	-16.1114
-606.855	1286.72	-17.1705
-676.883	-17.2912	10.4893
581.352	361.513	-18.8996
-754.389	936.995	-11.0192
-782.531	150.075	1.41488
1058.08	-128.281	-17.9603
-609.028	131.78	25.5643
475.18	-1053.18	67.5508
847.98	-463.057	-9.39421
859.293	-19.8138	-19.4792
1240.96	752.912	-17.8113
-388.297	-1493	55.5089
1433.98	-580.326	-11.0241
717.654	-655.302	39.4016
-1258.32	691.544	5.96807
-486.439	562.951	-13.195
-583.172	-768.02	11.3433
727.231	-903.912	89.0509
-390.215	547.641	-12.0733
-893.943	73.791	-8.30035
519.125	-850.707	110.883
433.071	189.361	-15.1767
708.573	-712.768	58.7944
-1069.99	1371.21	-14.8513
737.655	747.187	-19.611
-1444.91	-1119.46	37.6479
250.535	-652.755	50.468
858.817	411.4	-19.937
572.201	-5.41471	-11.9793
-1365.76	-801.381	38.0508
736.871	476.399	-19.6491
208.051	1027.32	-19.4166
-1441.15	291.903	11.9251
1184.48	-443.113	-11.8869
-747.665	-1212.78	23.6193
316.959	-807.737	103.926
-838.166	-248.046	-4.7739
-423.503	926.288	-18.1507
1106.55	-76.91	-18.7533
-887.817	145.229	-8.41254
-49.3999	-1213.33	69.8793
1059.47	-1103.55	67.2029
1000.77	925.409	-18.182
446.69	1200.05	-22.0809
1293.17	648.189	-20.9775
1034.02	-732.678	16.2106
713.619	152.738	-19.8196
-100.553	593.317	-13.0662
-323.564	471.11	-12.5238
-1388.28	451.835	45.3804
27.0018	723.362	-16.0385
1321.5	575.697	-20.9744
-117.497	578.734	-13.0354
-1123.83	875.64	14.3478
-958.674	-66.1387	-9.22944
1476.34	934.768	-22.224
289.284	-488.347	19.0055
1444.46	-88.324	-24.6517
565.648	-119.297	-8.71485
1032.38	497.732	-19.0735
501.521	-159.772	-7.38258
91.8269	66.2634	-7.73625
-1037.93	-1310.98	51.8352
1339.99	-844.327	0.681222
782.103	-151.525	-20.1099
-1143.25	-1329.08	56.8378
-186.089	-1408.23	62.2996
-516.388	-1428.27	41.7329
-1263.91	172.654	-8.15959
-1483.14	-437.889	1.76846
808.422	653.157	-17.8015
-169.627	961.155	-17.6426
616.382	595.38	-20.1735
970.48	-1495.86	24.4063
-118.256	1113.54	-18.3683
151.212	1141.63	-19.0817
-0.992022	1100.55	-16.9609
160.658	-959.44	92.6491
464.621	221.198	-17.5943
263.066	-48.7951	-7.01978
-31.5453	1138.74	-17.9211
-211.791	1301.29	-17.3441
1096.19	1152.07	-17.4114
843.108	657.013	-17.5563
1217.27	-827.808	10.2857
-1339.59	-657.612	23.6548
168.386	-1385.76	36.1365
-859.538	1139.38	-17.5284
189.769	1183.06	-18.4871
363.331	532.3	-16.8081
937.42	793.776	-19.054
339.911	-285.513	0.575584
-1379.31	-308.089	-3.66956
-121.888	451.612	-13.9173
-778.574	-226.579	-4.83774
196.127	-1254.24	41.29
-435.507	-788.303	24.618
-1175.05	-324.503	-1.369
386.373	1467.25	-16.8821
872.544	-1486.27	21.6419
275.894	-1183.28	46.8813
-464.711	928.509	-18.0029
111.005	-128.23	5.90263
-401.546	-343.601	47.6359
489.234	-1335.76	29.5664
-1029.11	-1142.49	35.6594
-1291.07	912.878	29.5894
-1362.78	1223.34	-5.69054
-421.012	-1292.84	30.5587
1441.51	1219.37	-21.8958
-741.738	255.218	-1.4592
-531.599	-1093.44	17.9063
1095.08	-440.338	-8.39267
355.482	-364.019	3.25739
1314.44	1243.11	-20.9358
416.285	659.586	-17.7998
-1410.63	-520.143	6.11439
-1388.65	162.979	-4.34784
-1360.07	715.702	8.98586
399.448	252.145	-17.0848
-1386.15	-504.12	5.42479
-1141.97	999.173	3.44357
-1315.11	842.758	21.714
-114.68	-660.828	108.948
591.67	-1317.65	30.7714
635.181	571.888	-18.9393
-827.253	1133.94	-17.9949
981.783	-49.4356	-21.5542
446.945	-1200.22	39.1831
940.443	1111.6	-12.2615
1306.24	-1154.18	90.0002
781.531	1309.65	-20.6786
861.991	630.578	-17.2301
41.6202	-900.2	106.177
328.21	1359.91	-16.2832
1162.36	762.107	-18.3059
-210.817	-1092.09	75.9587
-816.645	1183.79	-18.6456
-1215.77	1376.92	-11.809
1.46608	-1312.11	50.4504
24.4329	-256.124	41.4528
65.782	409.812	-14.1783
1086.39	410.978	-18.1739
-908.828	-920.895	22.7649
936.324	-1140.36	66.9465
925.106	1157.19	-11.2929
-978.047	-157.343	-7.08916
-784.395	703.519	2.14006
-1158.51	724.276	7.4784
-1102.3	-502.063	3.56201
237.922	-62.4367	-5.76294
-726.559	937.783	-12.0588
945.412	994.836	-15.3883
1466.93	-120.51	-23.4229
1080.93	-808.233	31.7701
-242.072	-753.769	69.0464
-8.43741	-1041.81	105.333
685.58	1335.11	-22.4605
498.208	-1258.6	34.0574
-1348.44	1088.07	6.9075
1469.64	-714.277	-8.00665
613.428	-1096.2	56.2376
-229.064	-828.194	63.8584
757.831	-693.081	43.671
1412.47	-1069.1	42.0358
1370.55	-963.93	14.7785
-1294.8	-971.517	52.2112
1309.18	517.335	-20.5585
-721.224	-1279.34	31.5748
-273.42	733.823	-11.5471
-969.272	-1126.2	35.9494
207.734	1193.19	-18.3003
-902.32	-1338.8	37.6341
473.989	786.431	-18.1141
585.087	-270.255	-6.11086
980.906	98.3985	-22.0955
-1155.62	-1389.79	70.5309
-602.099	1123.97	-17.856
-190.618	-1330.26	68.813
-1010.32	-410.966	-1.37472
1101.9	840.112	-18.8664
1337.39	-814.871	-1.37149
1124.68	6.84549	-20.4399
-944.679	-204.205	-6.0472
1017.83	531.332	-18.5107
-418.392	509.882	-13.174
359.037	166.503	-12.2369
430.254	-247.505	-4.07519
590.48	-1365.34	27.8935
-1261.29	1430.81	-10.4886
386.428	-1427.03	27.2518
873.112	1152.79	-12.9069
318.786	-1066.32	70.8691
-115.414	442.409	-13.7951
1190.94	-683.566	-5.32852
-1426.38	905.754	25.458
-1252.04	-658.938	20.036
429.885	614.557	-17.8111
538.734	281.594	-19.7434
-169.719	-597.074	119.576
-522.241	-224.028	19.8058
-1269.95	360.937	15.8253
-1153.68	-189.708	-4.93571
1143.76	-1391.86	66.256
-516.129	-1192.84	20.7165
-1381.13	-516.904	7.21214
-712.692	1084.16	-17.6081
-1390.01	-1043.07	44.3135
1263.23	-645.791	-8.38976
734.897	-973.951	85.7031
449.207	936.551	-15.8995
-12.4189	-92.9576	11.9262
767.513	573.302	-18.8201
-397.838	726.839	-7.7112
-408.586	1269.26	-18.7298
-1063.45	-1457.43	68.8227
-993.353	-1102.13	38.378
-1150.64	1416.35	-13.1507
-556.335	-1022.38	15.6778
1467.72	462.175	-25.9445
-1228.79	1220.37	-9.35004
435.633	1278.8	-20.5069
-307.66	-267.957	65.6612
-263.955	797.798	-13.3222
-732.628	-947.441	10.6982
242.846	-1496.04	31.3011
1262.15	-1010.55	55.5249
-457.985	-668.09	24.501
92.3225	501.343	-13.1864
-1371.87	-1089.46	48.1057
-986.223	-263.621	-4.1746
-1363.3	1015.9	23.7851
-177.38	-598.207	118.044
500.746	1281.55	-20.9976
305.235	169.897	-12.538
-1408.56	-656.938	23.9754
-1349.66	-1177.26	49.9967
166.648	-1367.37	36.4597
534.78	1452.7	-21.7453
745.62	-1301.35	28.2768
-603.901	268.576	-0.216061
-509.089	618.812	-10.5194
403.103	-280.441	-2.05174
-598.347	-88.3476	22.2754
91.6421	67.8878	-7.90594
817.061	-1395.25	24.3354
527.739	859.424	-16.2705
-1383.51	192.52	-1.01294
313.599	-1074.39	68.5777
206.339	-425.442	18.7748
-259.584	-674.468	82.8613
-60.3063	402.078	-12.9345
-632.862	1354.23	-17.8047
1377.07	-1136.36	73.6356
-483.36	109.822	27.6062
1470.92	1.23906	-25.8009
518.072	1222.96	-22.3795
-66.9464	-1444.1	52.1879
-324.094	1307.58	-17.9153
-654.661	-824.842	8.84919
192.695	1424.78	-14.8879
107.749	217.703	-15.0009
1479.12	-1166.07	62.5723
602.021	1390.75	-22.5841
221.061	917.46	-19.0098
1284.42	608.6	-21.1228
-838.132	750.001	6.75124
332.739	-667.532	56.3146
-1052.82	282.699	-7.69754
-806.423	1467.88	-15.7504
916.26	-939.604	78.6961
277.827	194.906	-13.9659
1075.59	439.525	-18.4956
-107.237	1350.58	-17.9521
-529.78	-431.013	15.8407
1418.36	555.177	-22.7535
1378.11	-1008.87	29.924
23.0669	1379.21	-17.453
103.302	1381.82	-15.9894
-1452.9	807.656	10.3298
-698.768	-1230.45	23.9984
642.372	1179.85	-22.1773
-1068.4	867.654	13.9249
538.452	-755.414	89.691
1199.19	-484.214	-11.2666
-703.298	-763.871	5.78386
-545.857	-263.426	12.3119
280.453	-740.839	80.562
-602.206	1271.56	-17.009
408.344	-752.862	92.9337
-493.608	-1149.71	20.9351
-773.544	-456.125	-0.805377
-1381.92	-535.915	9.89028
-373.704	806.606	-13.7362
-703.49	656.183	-3.79336
311.701	934.319	-17.4459
982.654	868.88	-18.7996
654.702	1459.03	-25.0834
201.556	-1487.91	33.4777
-1150.99	208.407	-9.28581
-1479.29	853.674	13.001
-959.886	19.838	-9.36628
1281.86	54.274	-20.7679
1358.97	-204.152	-19.1555
447.185	-1070.97	64.2672
96.3631	217.98	-14.958
71.0901	333.741	-13.4777
301.541	390.462	-16.2595
-1129.73	556.012	9.86564
-953.275	-1003.04	35.7651
-1136.8	-199.71	-4.83839
802.41	1337.09	-21.3408
1260.68	801.878	-17.8031
-1108.57	1069.59	-8.47847
594.389	243.161	-20.8204
-772.354	-1305.06	34.773
711.797	812.977	-18.7952
-738.931	-637.673	2.76902
729.261	-777.679	72.0276
684.332	600.134	-19.1221
1220.23	369.497	-20.0025
-1046.91	-702.372	14.3237
-907.736	-1180.97	36.8151
-961.495	1366.98	-15.8328
1226.33	808.656	-17.8464
1447.19	-27.5078	-26.8903
1052.98	-304.003	-13.4312
-1008.52	-1264.62	48.1672
-1257.61	-1118.82	50.4074
-384.26	1351.86	-17.9045
961.824	-360.125	-12.907
-500.471	90.2123	32.1291
949.627	-1186.09	63.6268
-246.849	713.249	-11.328
790.296	-902.398	86.1646
-903.835	-721.187	10.9131
309.054	-1064.85	71.1355
694.834	-210.149	-13.9611
591.408	-1067.77	63.6191
1323.72	-589.268	-9.80801
740.6	-1033.24	71.8638
-875.336	382.052	-7.81512
-287.309	-1196.55	52.0206
492.697	949.867	-16.5907
-315.682	144.2	6.35344
-480.839	29.3901	43.4247
1261.78	10.1653	-19.6777
-30.502	-817.643	107.051
1499.74	791.213	-21.5083
369.083	-946.482	110.075
237.499	-1257.55	40.1179
-875.089	-56.1933	-9.06919
1143.32	-1417.44	61.6118
-1418.32	-1095.65	40.7426
-849.047	662.753	3.13839
1200.85	975.316	-18.7654
-1128.72	-155.284	-5.49426
679.503	373.137	-19.7841
-1314.19	1184.55	-4.4982
-445.561	1363.29	-17.9524
1283.56	-1327.91	92.2666
949.2	1060.23	-13.6355
-1094.37	-114.383	-5.91982
-146.737	-1287.92	68.2262
419.609	-1121.25	55.2157
-940.1	-1113.12	35.8229
910.795	21.4752	-21.5237
230.847	-265.166	6.31036
723.258	-1413.79	23.3741
560.323	-1193.23	38.8103
689.32	-806.092	81.7356
-869.853	-671.873	7.20181
293.554	1289.87	-16.9085
-1068.15	1124.49	-12.4043
1490.56	-607.646	-10.8
847.91	-910.67	83.9599
-1386.45	-752.365	32.4313
676.515	722.112	-21.1365
-318.967	705.32	-11.1352
297.81	-1341.58	33.289
461.207	1460.16	-19.6787
-588.551	-518.949	9.42851
-439.498	-99.9259	52.3819
125.496	-143.537	7.27402
-98.2032	774.85	-14.313
305.276	-933.481	111.819
-317.931	491.75	-12.1751
750.755	-1019.01	75.2642
1488.98	1477.7	-23.855
-1446.64	-585.082	13.8606
1119.53	810.41	-18.7607
-89.0936	1001.19	-17.64
-468	-602.499	23.8328
-629.884	-975.085	10.9637
1184.21	363.281	-19.8638
-96.3968	-38.8725	10.6825
1256.15	1113.83	-19.644
-439.771	966.489	-18.5241
1250.68	-884.383	15.7996
-237.228	245.445	-11.6796
-1285.96	-608.909	17.5579
1403.64	766.631	-19.4422
1082.05	702.819	-17.653
1220.34	228.481	-22.0469
-126.861	-1097.24	95.3921
-530.561	454.268	-11.1381
-1134.59	-804.636	19.7861
-289.672	1281.88	-17.9664
1170.72	-133.255	-16.6967
175.85	-678.598	57.6939
940.309	-597.947	-0.900896
-916.909	-342.793	-2.03687
1257.43	615.941	-21.1021
-321.607	-908.732	40.9352
963.473	938.611	-17.6289
1299.3	-970.962	31.2356
-1132.85	468.811	12.5815
767.45	-230.515	-16.3539
1232.93	-1080.57	72.6805
-1304.91	-445.736	1.86766
-899.836	-150.744	-7.50893
215.751	5.10201	-5.30984
153.15	-698.463	65.5505
-267.814	-864.274	52.6474
-567.805	-804.041	12.724
-69.442	832.895	-16.2436
-641.455	466.319	-8.07631
-233.796	-363.96	85.4341
374.841	14.6245	-10.6079
107.77	-677.888	69.6399
-1219.34	564.217	16.1764
-935.958	1087.07	-14.9644
-7.52508	-253.922	47.4545
946.116	-22.8007	-21.6641
-115.892	-562.769	112.228
-1329.2	-50.8791	-8.47892
-901.217	123.083	-8.867
1098.99	-559.213	-5.81141
414.105	1009.13	-17.2523
-576.209	198.197	9.9787
231.123	-677.181	56.2658
1057.36	-1318.23	61.6134
302.717	1361.15	-15.2352
-650.733	-888.136	11.2057
-1360.99	-537.088	9.93253
88.4354	-186.981	19.5647
1384.03	139.627	-24.5668
-907.014	-393.998	-1.99739
-390.269	513.035	-12.6119
-803.608	-868.238	10.6939
730.869	983.873	-17.7292
666.955	849.862	-17.1351
1280.12	1108.35	-19.9792
649.154	-1199.37	38.4417
-264.071	-829.13	54.8971
860.621	-1070.14	65.742
-908.273	-1472.87	45.6707
-1380.79	1285.4	-6.83052
1230.08	-578.514	-9.25602
-925.204	236.949	-10.0468
441.532	-1420.78	25.9338
-473.169	-435.855	27.3937
-763.803	572.253	1.63596
31.0722	-821.151	106.176
-13.2211	1094.34	-16.9345
1220.15	53.7187	-19.3081
-831.703	1395.82	-17.0511
-197.756	1436.59	-17.6505
195.572	-334.648	16.8642
1392.88	-350.462	-15.3619
886.69	-127.185	-20.0184
-969.897	112.348	-9.76893
1179.55	-491.988	-10.1874
-423.48	-28.0367	54.9592
404.044	754.232	-17.6891
-1465.98	-144.786	-1.99537
-1376.77	726.655	8.51419
1057.92	-508.962	-6.37473
-1374.21	381.208	32.7914
434.008	-255.226	-3.8267
-556.587	1441.56	-17.8577
-495.834	-669.536	17.6136
-1072.23	-1060.3	41.441
-626.406	-141.789	12.2087
-270.115	-1223.1	55.7395
-608.43	1095.06	-17.8704
21.5191	-671.799	87.2022
-645.626	-490.393	5.73207
821.005	-1111.17	53.9114
155.06	1395.09	-15.1301
1163.13	1153.16	-18.2091
-118.779	841.327	-15.8553
-923.015	-406.177	-1.90769
-1013.02	-766.019	18.4365
988.017	879.171	-18.7715
1058.25	463.501	-18.8684
-567.105	-532.889	11.8241
965.647	-704.28	17.025
485.652	1067.18	-19.9086
102.218	-398.575	43.4509
-221.345	-1243.83	65.6549
-645.146	-720.816	6.73473
438.771	-1371.9	28.2721
-227.047	-876.134	62.3222
608.966	450.491	-18.4242
-1361.41	-779.139	34.3301
670.534	1291.47	-21.86
491.638	-1319.15	30.407
415.424	162.942	-13.7335
444.964	787.421	-17.9107
4.50986	338.666	-13.5909
538.971	55.7588	-13.4245
1485.52	-550.355	-11.7942
168.782	-1436.56	35.7496
-321.144	-1077.56	44.5383
934.523	4.17419	-21.7486
-797.307	1301.77	-18.61
-1470.94	-1069.43	26.7777
-1396.1	-614.374	20.1267
256.716	1398.59	-14.2725
797.949	828.249	-18.9376
-536.356	-824.615	15.2623
-1429.84	-1346.41	75.9342
662.519	203.586	-20.7125
394.213	1250.02	-20.8162
649.69	202.973	-20.4854
775.539	444.337	-20.3331
857.503	-1048.12	69.0625
945.061	-512.256	-6.98653
-1281.24	-871.028	42.782
-698.829	-952.434	10.9377
605.184	-265.632	-7.38901
-1414.07	-1224.79	47.2893
-1184.08	-877.709	32.3102
-458.758	1349.19	-18.3598
-1446.32	900.549	22.5705
299.655	-390.709	8.95241
387.595	-1466.81	25.5479
264.458	669.766	-15.8723
1158.04	-420.922	-11.2995
-525.41	1487.28	-17.1056
-1034.06	41.8101	-8.40115
660.52	782.125	-19.1155
-340.133	-8.96201	47.0176
219.557	-1398.72	33.8348
-297.532	422.1	-13.436
-1480.85	-1292.06	67.4628
-1067.19	1158.09	-12.8888
1081.27	1462.34	-26.2857
-113.194	-1266.89	70.0292
347.488	60.7415	-9.70004
-1016.83	-358.957	-2.47584
808.425	-257.835	-16.0718
-588.086	228.983	4.17047
292.271	843.145	-16.2469
483.21	-455.747	12.9126
-37.91	535.989	-11.8245
106.899	1172.55	-18.6609
803.869	-1143.96	46.6342
-852.787	-1276.51	31.7577
-1303.08	-1171.83	49.3219
-1310.27	576.772	24.2269
-722.927	-1120	17.7436
-1489.05	-950.97	16.7051
-1064.46	-568.097	5.3559
163.348	-1330.23	37.1037
577.066	1350.29	-21.3313
-1480.53	416.259	47.7078
1076.64	-1408.65	48.2749
1368.85	-939.582	9.47845
1216.69	971.943	-18.8725
1352.07	695.547	-20.4765
-122.181	1353	-17.8838
401.23	-218.727	-4.67129
275.245	-438.675	14.873
1245.6	-1035.38	61.8316
1460.8	-466.907	-12.9052
-1267.57	1414.76	-10.4442
967.245	1041.38	-14.6365
687.601	1175.51	-22.5015
1177.56	1317.65	-20.9773
1376.23	-512.212	-12.2409
-355.499	124.406	13.7478
-436.105	-874.443	25.0992
336.828	1000.35	-16.9859
1231.03	-264.786	-15.1402
40.0869	-1160.03	72.0581
-1251.81	-140.644	-5.4162
-767.195	-766.448	5.91311
197.575	-371.673	19.8961
-236.536	1189.64	-19.0154
-354.73	1348.9	-17.8046
621.944	88.8792	-15.474
-99.6034	1403.97	-17.7282
348.93	-1199.02	42.8023
-1267.66	5.3226	-9.77002
1073.58	1376.58	-23.7206
1047.41	-212.652	-15.9272
1126.26	683.471	-17.2145
1467.17	-664.78	-8.52247
1357.52	-544.092	-11.4418
147.148	-784.387	90.6264
358.999	503.444	-17.121
-106.331	-471.436	94.2711
-124.368	-714.627	103.024
-1362.67	-1072.88	50.1786
1169.33	803.405	-18.2335
-1236.97	259.772	-2.73788
-393.04	252.876	-7.82763
-1077.02	1201.88	-13.6414
1016.58	-199.164	-17.1802
922.028	-1056.61	68.4002
-1218.25	-63.5652	-6.63464
848.251	347.137	-20.6551
663.65	-1116.07	49.9419
503.358	-560.938	37.762
-956.382	-265.171	-4.1164
-402.985	-1098.87	29.9622
-85.953	1292.91	-18.1715
-1283.3	1116.15	1.7394
1035.42	861.353	-19.14
-169.044	503.778	-14.7529
-1316.24	-234.952	-5.06678
-1090.7	262.802	-8.49159
-1306.34	-732.059	30.484
438.808	1061.95	-19.2893
-1180.88	-1391.5	73.2656
-287.428	-39.2762	46.9662
437.253	-563.446	37.4235
739.212	-899.01	88.2732
-223.219	360.013	-13.7239
-745.413	932	-10.8369
-144	1427.38	-17.83
-1252	-147.285	-5.26838
-210.035	33.619	17.6057
1367.61	-1386.47	96.5946
744.914	602.788	-18.453
-552.611	1087.41	-17.9334
394.478	-1264.96	34.7899
1083.1	-385.081	-9.74914
481.197	1112.73	-21.0462
1471.01	617.068	-20.9902
1019.01	-387.623	-11.5249
-722.778	119.948	9.7995
956.638	311.417	-19.5451
-411.601	-716.059	30.2978
-783.585	-1123.6	23.2074
-395.943	1396.99	-17.2789
250.598	-393.481	12.0247
-1449.57	791.583	9.06646
1360.28	-571.989	-10.6801
-217.347	-1381.63	62.318
1379.11	-1137.05	73.4763
-580.286	-543.866	10.5366
-202.978	-551.335	120.149
1018.62	1137.72	-14.3176
64.3541	-1203.31	59.1447
-1376.25	87.1151	-7.05706
1105.94	1120.3	-17.0739
-650.357	1277.64	-17.2761
-495.823	1351.5	-18.677
1187.87	-1386.83	76.6886
992.526	-579.554	-3.10554
-241.862	-591.24	106.061
-257.662	-791.934	59.3258
885.087	477.93	-18.7119
58.5308	-510.107	61.4014
472.851	318.929	-18.1696
239.286	1420.08	-14.7404
-336.053	307.042	-10.7152
152.833	1268.11	-16.8076
-198.944	-533.396	117.77
366.151	963.499	-16.3129
981.194	-673.126	9.50363
1074.63	-1476.34	38.9198
-624.918	634.979	-8.19838
-726.524	-856.205	9.09136
352.14	-104.92	-7.76966
1265.48	844.004	-17.7872
-634.793	-401.96	4.39306
-815.644	-821.017	9.546
-641.362	-1446.16	51.3732
-708.675	-284.657	-0.67572
1023.14	937.008	-17.9183
973.722	1077.18	-13.8107
-563.55	-142.549	21.9996
-659.881	-1480.81	54.7421
-734.661	1253.96	-18.0482
1416.78	94.0033	-24.6911
1236.54	-1293.47	88.8062
-584.693	-206.498	14.1714
-530.026	-549.869	16.2972
160.844	1398.85	-15.0379
872.031	-234.579	-17.5475
-231.434	-172.721	53.9807
-1211.52	-945.119	42.4016
399.257	1221.8	-21.4738
796.896	740.586	-18.5464
-445.53	-1152.57	25.3437
-696.076	1002.13	-15.608
445.894	303.663	-17.8168
912.29	-1279.33	43.1121
304.339	386.165	-16.2202
-55.9658	-1291.76	61.3637
-367.267	202.249	-0.291185
-1435.35	-1020.39	33.018
1064.9	-483.624	-7.36219
386.257	-1114.72	57.7873
1085.67	-57.0101	-19.7586
1024.55	-782.697	33.1871
-1492.44	455.063	54.1794
-342.256	1283.45	-18.128
-1090.72	962.111	4.66056
149.68	-1443.72	36.5368
-260.135	-619.326	94.8836
993.421	1341.62	-20.3086
-1059.2	-620.481	9.4833
-379.022	1065.25	-19.134
81.7608	1269.62	-18.4354
881.838	-1314.96	36.359
1087.52	1481.72	-26.1027
-765.966	-1305.01	35.0076
1162.88	-739.4	2.40384
777.027	-26.4858	-17.0028
25.0624	-1311.98	47.2079
-1399.18	845.332	18.3762
91.4818	-53.7817	-0.198645
-872.125	-290.373	-3.37165
473.789	18.8628	-12.4299
569.714	-1435.87	24.6896
-1428.71	-649.413	20.5386
-453.847	-1234.89	26.1585
1491.85	477.524	-26.5265
-112.657	-333.6	81.3619
-1342.14	166.44	-5.77588
1201.02	-132.534	-16.9852
635.529	95.2083	-15.9784
-1205.28	-1197.22	44.9605
808.304	300.395	-21.4774
-310.702	523.918	-12.0347
945.98	106.809	-22.0354
1409.51	970.942	-20.9537
1242.21	1337.39	-24.4386
672.132	247.64	-22.1843
-1420.96	68.7535	-5.68892
847.584	763.87	-18.669
78.9015	366.337	-14.0415
-712.861	-1023.97	13.4169
-967.209	707.515	3.57782
-1241.98	-1004.18	49.5361
-957.867	-299.707	-2.98417
964.761	701.947	-17.0419
-645.933	1036.12	-17.1097
-718.09	-701.18	4.08817
-635.674	-638.19	7.19339
1483.87	-858.627	-4.82101
1118.49	148.58	-20.8332
-1323.57	-254.176	-4.40712
453.848	717.696	-19.3908
-692.219	116.473	14.1003
-533.329	71.0135	36.8039
859.493	-1375.15	27.8884
-264.527	537.033	-12.4521
-919.209	-339.378	-2.05713
-806.645	1166.09	-18.5968
1130.45	1419.22	-26.0961
-1372.81	17.0667	-7.22532
-946.634	-639.741	8.74553
-1476.51	382.796	35.5094
245.388	-786.79	92.0375
-41.1163	93.7588	-7.19505
-229.416	1314.56	-17.5619
939.206	-1153.41	65.5949
780.889	-1129.84	47.9149
587.889	533.605	-18.3411
-777.457	845.852	2.35811
1018.58	304.807	-18.4994
847.11	-82.8337	-19.7991
-1302.25	-1429.32	88.8994
1027.34	617.927	-17.3365
-572.309	241.166	2.74733
466.766	1435.86	-19.2037
-420.845	-7.58329	49.9578
-361.763	1055.77	-19.0979
-1475.12	1251.4	-3.55733
-115.118	-1243.31	72.9853
1316.62	-815.58	-0.779052
1371.01	158.16	-24.2194
342.239	-581.804	33.6487
-757.652	521.913	1.49306
-1065.35	1498.55	-13.5422
810.377	-794.966	69.6239
-203.036	1403.28	-17.4389
181.371	-280.624	14.732
-1346.73	-516.332	7.13129
100.207	249.119	-14.1681
1007.17	-1270.96	62.1173
-659.03	-878.856	10.5809
-858.154	760.861	7.23961
-1156.75	738.882	8.08133
-81.6415	624.197	-13.4935
-1491.99	-1317.49	76.5273
-956.975	-750.284	15.6439
-424.339	787.884	-11.8453
294.145	968.004	-18.0652
522.798	117.165	-14.3659
1495.41	1311.16	-26.3172
965.261	-1322	46.5941
-5.17891	-432.862	76.2638
-749.274	-230.037	-3.47325
1362.63	453.635	-21.9047
401.223	-68.3824	-9.18588
-1358.8	-583.66	15.7686
-418.447	251.855	-6.05896
-1297.41	-1185.28	48.7732
-500.153	1075.42	-18.7891
197.761	1016.2	-19.7183
1082.93	1088.3	-16.6385
1327.94	67.2317	-22.2938
-729.526	-819.604	7.8721
-1437.64	790.951	9.18146
-446.884	366.475	-10.3229
946.969	-914.505	77.23
-1474.76	735.273	6.43785
-708.161	105.149	11.1717
-1332.83	-1475.12	99.4789
-364.82	-634.553	50.0662
515.975	221.945	-18.4045
1450.22	-461.549	-13.107
-120.838	248.168	-13.342
-1442.84	1022.19	24.2996
-238.673	444.356	-14.6761
-616.401	-1455.56	49.6516
115.779	-403.403	40.3079
-638.887	-424.384	4.48921
-971.701	-929.618	32.2929
-585.733	965.266	-16.5211
1109.08	-27.0437	-20.458
-785.346	-894.151	10.7702
373.221	-1183.36	44.8215
-1035.69	303.297	-7.01446
897.209	-640.094	9.67562
-759.702	-218.186	-4.01263
-1369	470.594	43.135
-647.208	-1350.74	42.3518
-236.477	1225.08	-18.2525
294.346	-1144.46	52.7072
1264.09	668.744	-20.5678
-299.39	1328.95	-17.6987
790.257	488.45	-19.7249
1016.83	-1123.04	72.2094
1009.59	-1281.74	61.0163
-1482.91	1325.64	-5.93098
588.26	814.727	-17.8043
-734.124	-275.204	-1.89688
744.424	1016.58	-18.8536
-570.666	-527.687	11.1987
1454.22	342.732	-25.3253
-1422.14	-234.087	-3.97956
-1341.67	652.723	11.2223
-357.026	-1191.19	38.6507
1456.46	-878.187	-2.63529
-1036.73	196.995	-10.805
-983.543	257.379	-10.0197
242.836	784.031	-15.879
-409.765	206.23	1.99307
1071.41	209.606	-20.6156
-1097.49	-217.186	-4.96445
1463.48	455.844	-25.8207
990.508	74.6967	-22.2291
1038.77	-1485.15	31.7676
-1480.93	-440.493	1.88333
-1220.77	893.075	18.6209
-121.315	1277.69	-17.7348
-1360.77	83.8973	-7.7347
163.491	51.5021	-9.10817
1085.49	-565.544	-5.12135
271.916	778.141	-15.5174
-53.816	-1428.07	51.0769
1108.05	-142.702	-16.8199
-1104.59	475.04	10.654
-1458.42	1489.68	-7.20056
272.638	1160.37	-19.1939
-64.1147	-994.038	102.887
1253.01	1388.78	-27.9657
-72.724	-579.064	104.366
1455.49	1359.95	-27.4575
-563.401	274.926	-0.795777
615.447	-224.156	-8.61418
-1468.74	-1401.76	98.4751
119.952	1050.51	-18.328
358.395	-1197.62	42.6264
599.399	-700.968	74.6736
-1079.62	-1039.87	42.9978
1063.46	272.769	-19.3825
560.344	516.796	-18.1441
-688.221	114.946	14.5682
-321.213	874.33	-16.2201
-820.656	-1194.26	29.7163
352.232	-369.968	4.18638
1107.69	884.955	-18.5389
640.725	-927.742	97.0856
-895.738	855.385	5.80057
-677.662	1387.82	-17.9742
-1170.74	464.028	16.2699
1443.55	-318.526	-17.9901
-1014.68	1299.32	-16.5128
-1183.76	-1340.87	62.1161
1466.53	-699.792	-8.09672
147.423	321.599	-13.3569
-937.481	-181.539	-6.62154
-500.186	804.232	-12.1422
26.8549	-1491.02	42.6747
950.671	-710.344	20.8603
546.459	-1318.09	30.4789
1379.7	927.253	-19.591
-1092.62	899.714	13.6847
-1280.19	-1011.45	53.855
-210.997	722.598	-11.5906
277.148	-680.143	57.9934
1058.89	1184.66	-17.0011
-1177.68	144.628	-10.251
-1083.83	471.238	9.27743
811.465	1187.52	-16.6779
-287.514	596.217	-11.855
-176.368	-1391.5	63.1203
-1048.82	-486.742	1.75881
-35.9849	284.082	-13.7083
1004.05	134	-21.6098
863.711	828.405	-19.4227
-1370.09	-63.9114	-6.60438
861.177	-760.033	53.2108
-973.512	-1000.5	38.6812
187.19	185.437	-14.7919
428.95	-1332.93	30.1643
-1411.52	113.487	-4.97225
-1037.78	-385.756	-1.54938
-979.278	191.796	-10.4609
-929.376	-825.885	19.2922
231.368	-531.834	27.2863
295.105	-1274.03	37.2062
-933.912	-591.862	5.80756
948.762	1457.37	-26.4773
-923.688	-1031.53	31.965
-418.027	1442.95	-16.5818
-1386	240.515	3.22525
912.252	-1100.97	65.0888
-733.22	513.63	-1.39162
-119.571	1172.91	-18.4838
-1406	682.675	9.77294
223.948	-1410.5	33.4916
-291.271	-1202.46	50.955
540.044	324.474	-19.1452
-1192.7	-787.347	22.8268
566.254	-798.246	96.3083
-470.841	-1418.58	39.9394
-1075.03	1243.17	-15.2239
591.367	953.248	-16.5343
-1123.09	482.173	11.7148
-1088.7	1466.42	-12.9855
716.715	62.5011	-16.8884
1251.64	-545.619	-10.4629
1103.83	-489.45	-8.27412
492.13	-1289.66	31.9137
-361.745	817.294	-14.2622
1312.38	-1100.66	70.0326
-344.089	-438.033	71.1512
363.188	-550.065	28.0812
1263.38	751.365	-18.4214
-1253.33	163.02	-8.81585
-235.635	-597.444	107.395
653.356	797.694	-18.5234
469.604	-814.053	109.029
55.033	1242.37	-18.5032
1235.42	-37.5497	-18.5514
-548.576	-775.297	14.0524
760.72	102.271	-19.1499
393.25	-1040.59	77.2878
-38.8165	-1161.53	79.9941
1404.27	-51.4266	-25.3322
1408.74	-816.242	-3.27941
908.455	460.18	-18.5053
506.207	-424.913	7.54561
-1068.42	-123.338	-6.61221
1116.64	1382.67	-24.7078
-454.788	-867.729	23.3338
1453.61	-157.849	-22.5297
131.292	1234.03	-17.9528
288.811	-1064.71	70.7328
93.5237	-891.446	102.977
400.365	-857.645	119.709
768.063	-11.8958	-16.9823
842.562	-368.66	-11.8972
-408.396	-885.986	28.2711
148.459	566.881	-13.791
-179.969	104.082	-0.00600866
633.521	-141.53	-10.8332
778.866	-1023.89	72.9981
52.143	36.4123	-3.52728
652.179	197.602	-20.3106
1338.15	1402.89	-27.4021
-233.904	1164.8	-19.1018
318.507	620.878	-15.5793
-1025.28	-97.6957	-7.60166
18.8957	647.144	-13.9218
-1007.5	-1308.56	50.4401
-853.482	230.567	-7.94691
253.839	-1498.77	30.5067
-420.308	1128.58	-19.5325
-173.193	-744.678	91.0885
-568.5	-716.482	11.7408
-559.427	-125.669	25.1895
-870.963	327.955	-10.7355
769.974	-1112.29	51.3808
767.644	1147.27	-19.3406
142.916	-792.672	93.3551
-1489.28	1070.71	19.1839
796.905	-226.893	-17.2528
-766.865	-1160.76	22.9737
1282.94	1284.93	-21.885
-1165.22	-189.917	-4.90802
-764.031	-123.9	-3.95206
222.827	1483.87	-15.8277
-863.412	-718.554	8.21631
315.297	384.314	-16.2352
-375.358	-670.053	43.0073
-657.118	411.229	-8.80755
1151.98	-1092.01	68.2376
-823.52	905.819	-2.39187
-1383.22	874.726	26.2529
-576.099	-512.387	10.373
-1009.06	1334.81	-16.0099
-191.972	-467.659	105.801
-596.883	-929.403	12.3659
-874.275	-1089.9	29.8608
544.85	-1368.64	27.6189
-546.798	485.114	-11.6092
-1256.44	-931.997	43.8073
1153.26	-121.138	-17.0884
-1388.47	-658.272	24.0987
-1268.88	-1293.34	56.7452
1124.11	-877.868	42.6409
-1153.93	1318.03	-13.8335
-1484.05	660.498	10.2667
-1412.78	-670.277	24.9926
-843.189	1056.17	-16.3568
-541.445	-856.6	15.0426
-273.716	-339.469	82.8405
110.177	755.191	-16.5976
-116.456	-679.336	106.247
1370.59	-226.483	-19.0822
735.428	-1343.7	25.821
-103.185	-502.825	100.493
-1236.88	1378.29	-11.3132
661.654	-470.814	10.8857
137.665	-1393.05	37.3127
-316.622	-1357.74	47.6064
-575.29	683.262	-6.84066
-458.252	-1407.92	38.6269
-76.301	436.973	-13.1307
1494.78	967.314	-23.2152
263.43	862.96	-17.3253
1355.12	1024.31	-20.794
-1006.29	1180.53	-14.5882
914.451	-42.7664	-20.6843
345.113	375.052	-16.2474
-968.491	273.155	-9.91372
-544.169	716.544	-6.02509
-1159.47	-668.727	11.0484
619.654	1042.23	-19.0267
-473.91	858.867	-15.9774
-264.458	194.666	-5.11992
10.1988	-1213.11	62.848
244.199	589.358	-15.8824
163.058	1094.13	-19.0973
1035.5	871.393	-19.0835
-1122.54	402.295	7.37497
1214.25	771.917	-17.8371
-684.823	272.97	-0.67023
-51.4704	-520.174	92.3796
1178.56	-555.329	-8.5983
-310.028	1010.72	-18.5356
-947.905	-20.2471	-9.5603
-1125.55	899.776	12.3319
-958.682	511.114	3.48055
1037.27	-807.16	39.5244
1136.69	-628.593	-5.20796
-1465.36	887.132	19.1555
-230.127	-172.736	53.8144
-584.453	1166.94	-17.33
651.237	-447.071	7.15409
154.511	1487.32	-16.1339
-928.495	150.623	-9.23251
-1127.55	-860.267	27.8955
381.409	-1345.07	30.7558
470.159	-1128.13	51.5877
-351.438	903.724	-17.1794
-1266.56	-688.211	23.6439
314.744	544.539	-15.9245
168.937	-800.689	93.7309
1460.42	-1366.66	91.1824
1014.9	-941.355	68.9903
-1217.07	1315.19	-12.0863
-781.937	598.576	0.332426
-538.033	1079.51	-17.9504
-599.673	-1050.78	13.6416
-299.121	642.297	-11.4871
-1164.94	1153.7	-6.97317
-1359.92	-359.669	-3.21806
-1381.62	869.867	25.2647
264.933	-1062.61	70.6912
651.662	910.225	-15.4133
1009.22	-1437.66	32.6789
-1178.86	1088.85	-3.6741
635.853	-84.24	-12.5809
-1413.73	-846.622	33.9534
-93.1063	664.999	-12.8279
417.989	330.084	-17.2199
-727.99	-669.211	3.39914
-733.617	-641.964	2.9928
748.769	757.783	-19.486
1470.87	732.335	-20.6066
996.119	185.676	-20.7639
320.05	116.414	-10.6274
804.048	14.907	-18.5534
-815.326	763.466	7.04179
1448.01	-639.961	-8.98599
912.548	190.978	-21.4946
44.3844	-116.479	10.5107
-1383.42	278.241	6.51184
-206.337	29.5242	17.5428
589.824	1248.58	-22.1584
-1362.45	-539.079	10.2024
-1199.08	-1184.38	44.8207
666.788	-1475.85	22.9756
-387.08	1182.15	-19.6149
-1200.1	523.844	17.2621
-293.347	-1453.48	51.2293
-678.925	1021.22	-16.407
390.73	1344.21	-18.2076
-1118.4	245.651	-8.55988
-1299.35	-1194.66	48.3091
-2.45651	-1425.07	46.3291
60.5954	-702.097	83.3196
-611.049	393.936	-8.48197
-1030.37	-478.118	1.17064
-1398.6	139.285	-4.72839
1304.33	-1354.11	93.8886
-723.046	316.269	-5.70414
1174.06	690.065	-17.2738
-509.981	-989.001	19.0953
-1082.58	-147.407	-6.27756
-1381.35	-1027.42	45.6275
535.731	-1490.78	22.7278
-1346.47	-313.741	-3.63703
1121.58	997.384	-17.8125
1452.86	-80.5925	-24.7626
-1129.99	-958.6	41.4887
-1430.54	219.109	0.463999
-1069.46	-883.271	32.3138
319.95	1130.92	-19.7527
-459.915	572.855	-12.253
-1001.8	-983.669	40.0196
884.869	-1489.99	21.9281
-1481.86	842.014	12.2032
921.011	-1008.89	72.8152
-700.067	-353.891	0.794433
-1406.33	906.439	27.9602
-1470.74	1122.18	11.6124
-623.502	796.116	-5.40665
942.909	-598.161	-0.975544
1278.27	740.8	-19.1168
-738.916	766.452	2.74666
-1371.51	-620.347	20.3702
1136.4	23.1968	-20.2991
-133.271	-717.679	103.025
-997.149	-1047.94	41.6092
482.602	1239.07	-21.7478
-1240.77	-1257.53	48.9842
991.67	866.174	-18.8659
862.342	-49.6859	-19.3134
-1338.2	-1147.96	50.6421
745.45	1286.37	-20.5926
535.875	-1465.6	23.5788
1150.86	-1396.22	67.2692
-1346.25	-409.182	-1.89693
-124.845	-788.359	94.1562
395.679	777.224	-16.7152
-263.299	-254.863	64.4702
-1144.98	-1299.04	51.6629
-1200.18	70.9935	-10.395
-410.802	-104.217	56.8014
-1199.38	310.177	-0.0545845
-508.576	426.302	-10.7572
-917.158	-790.642	15.7502
472.91	-1245.07	34.9798
1466.56	209.599	-27.3582
672.821	-590.08	27.077
-453.571	-399.917	29.4241
-552.617	1033.35	-17.8052
-191.549	-1120.26	78.0736
-514.769	-1447.83	44.9248
514.055	1215.5	-22.5087
501.407	764.132	-19.6815
-572.601	706.264	-5.31839
1216.92	-1456.7	66.9037
-699.43	-452.04	2.35876
-897.839	-382.745	-2.04691
695.499	-938.563	91.7689
-1423.52	-654.038	21.8143
563.935	-1308.94	31.1259
-1353.96	46.0083	-8.04655
-272.743	-742.378	64.0239
-1146.15	1076.69	-5.82961
-1109.15	931.056	9.16346
673.627	-1280.03	31.0918
-449.987	1253.13	-18.7534
-45.4674	167.373	-13.6312
953.635	493.47	-18.805
1361.43	972.098	-19.8415
-1444.82	-1439.05	107.307
1121.57	1361.44	-23.706
886.908	252.858	-21.0974
-98.7186	-668.863	107.873
-1391.16	794.227	9.97665
-1.32055	-385.418	75.6425
-1160.12	-588.486	8.51962
1415.82	-969.522	9.44694
104.433	660.921	-14.9248
1430.98	-874.737	-1.3471
730.98	-733.751	60.8829
445.014	1414.06	-18.4534
994.776	1455.58	-26.826
-1319.09	536.845	33.3087
624.045	296.74	-20.5007
1022.02	-1167.38	73.7337
-1400.05	-13.0868	-5.78611
145.648	1080.83	-18.7327
-685.721	1192.92	-17.4858
-356.632	1074.07	-19.4204
-557.315	1290.15	-17.6006
-514.81	197.472	9.90652
766.257	1455.72	-26.7717
380.949	181.207	-13.4587
-43.3817	24.0561	0.278756
-82.7734	605.826	-13.125
23.1315	-447.906	69.9635
971.668	479.15	-19.0218
553.558	405.824	-18.6448
1095.68	104.919	-21.5566
1288.81	-829.099	1.44914
732.398	1259.11	-20.9034
155.379	-179.507	11.1193
-1055.3	-328.449	-2.82382
16.2397	83.1374	-8.62877
111.351	1349.56	-16.076
1263.7	1326.36	-23.9185
1351.62	-1389.07	95.8958
271.234	-974.131	99.2701
-900.894	972.549	-9.32426
-743.673	-840.74	8.6662
560.276	-105.987	-9.02003
932.844	63.6134	-22.115
-92.4248	-98.6859	19.7697
-1484.18	20.8428	-2.81049
-484.582	-172.762	29.8974
1181.77	-740.386	0.229772
1205.24	1098.41	-18.7526
1298.22	383.506	-20.7556
-339.726	-117.174	59.5288
-994.52	1331.15	-16.1803
-309.414	1427.58	-17.3033
308.267	-956.065	107.662
454.065	922.224	-15.7243
-838.258	429.885	-6.00792
1035.61	-156.904	-17.7295
141.553	-1233.34	47.3477
-187.833	-541.248	117.806
1168.91	-1206.32	76.349
-1469.9	1186.21	1.42787
-1299.62	488.016	35.256
-217.022	-725.557	84.0026
583.314	-97.8794	-9.68237
-292.984	272.642	-11.0366
709.754	-263.284	-12.9693
-1298.43	1199.39	-5.96807
542.316	1066.14	-19.9512
1128.14	1100.68	-17.3416
1267.22	-906.007	17.8924
1024.36	664.331	-16.9895
296.921	1332.95	-15.6872
852.594	-532.398	-5.6995
253.131	335.094	-15.1477
-181.034	-375.913	92.1164
151.97	-980.833	90.2609
1133.26	599.782	-18.1237
-250.954	-465.319	99.4545
-679.109	148.662	17.5089
-487.036	173.944	14.9195
-119.356	787.922	-14.3194
-1319.79	1395.43	-9.43963
223.148	-835.575	101.978
-1011.39	658.457	5.1706
668.845	420.668	-18.731
377.844	1175.55	-21.2535
671.94	446.548	-18.683
715.66	-509.976	8.41336
-389.531	295.148	-9.3571
951.014	-199.678	-18.0395
-1360.87	-1161.36	49.7017
1061.8	872.966	-19.1485
489.517	-1163.29	44.6282
-1442.61	-1017.29	31.067
142.8	137.818	-14.2331
454.059	-1039.97	73.5846
-943.5	1349.94	-16.2517
71.5453	-298.659	40.0344
-813.136	1078.62	-17.3065
-412.556	1009.74	-18.5974
1449.02	-709.697	-7.66415
-610.827	1284.04	-17.139
-1082.23	922.308	9.87768
1220.09	-1199.82	82.6453
557.04	310.243	-19.5858
-175.089	135.681	-4.1483
-57.2842	1091.87	-17.8467
535.898	-554.266	36.2547
-476.516	-1256.87	25.2517
740.134	-1384.4	24.1169
-492.68	864.559	-16.0249
-434.308	180.939	9.69051
852.626	1008.99	-15.7363
-773.608	606.71	-0.163825
-1398.44	505.752	44.7981
700.5	140.43	-19.0118
725.378	348.205	-20.9886
435.433	-748.334	92.4876
-147.379	-469.103	99.6227
170.638	-686.687	59.9259
563.114	1302.78	-21.5865
-502.978	-853.003	18.7897
1237.65	1445.3	-27.7313
1059.31	-20.9747	-21.6606
-1378.03	1175.85	-2.68345
-182.023	675.425	-11.8152
-1097.43	-911.042	36.4374
-220.075	1091.75	-19.0127
-346.231	111.092	16.7121
1269.2	-618.526	-8.78202
1437.91	-770.402	-6.26761
-1310.4	1430.99	-9.44152
514.915	-150.486	-7.66524
-1235.66	763.744	9.55179
-1262.4	-321.163	-2.22653
-1428.05	560.837	33.5386
92.2191	-197.646	21.3765
-954.454	590.758	4.80125
-776.042	-696.614	3.80315
1327.46	991.819	-19.865
18.3497	-1246.9	57.2935
1413.98	822.547	-19.2178
-1295.34	23.5707	-9.94873
-857.244	-412.669	-2.15597
-1033.83	-1077.7	39.6774
-1492.43	1124.04	13.8939
-1069.13	-1346.93	58.6956
-946.562	575.114	4.57156
1327.05	1399.7	-27.5314
-530.412	651.847	-9.00774
139.241	23.9041	-5.55371
1390.67	-1203.02	91.6187
361.862	-946.785	110.257
1275.44	-1486.31	66.6543
-127.126	70.4659	0.819843
849.92	428.74	-19.9097
1195.58	1255.14	-19.0975
-16.761	-951.516	104.127
1236.68	896.025	-18.0082
-436.992	-476.287	34.3066
-1334.12	1378.68	-9.22757
-1052.6	-164.402	-6.51848
-883.42	-218.791	-5.61941
1460.02	477.961	-25.7269
-947.881	-1126.9	36.2825
-378.616	1442.53	-16.7774
-654.557	541.876	-8.17938
439.814	-136.38	-7.46713
1055.59	1187.59	-16.965
-810.611	-64.2928	-5.79445
290.093	1242.31	-18.3256
-692.749	769.973	1.14101
-411.946	-1057.49	27.61
274.139	-252.107	1.08295
713.407	-478.699	5.6001
42.6717	-284.718	44.306
428.604	-897.046	118.52
1230.49	1413.16	-27.8828
-180.098	-101.39	34.9305
314.953	912.539	-17.2449
1139.08	798.4	-18.5535
935.533	1406.09	-24.4376
830.359	-1455.27	22.1411
1307.96	1146.93	-20.3378
-1494.32	1386.94	-6.04781
509.749	-1329.91	29.7705
819.649	1022.6	-16.9959
-122.51	368.108	-14.0895
425.363	-480.246	16.6754
772.609	-1014.55	75.1604
598.64	-562.065	30.8836
1343	-706.808	-6.34549
948.597	-674.706	11.7534
-904.203	-833.038	16.878
504.719	674.124	-20.4284
1157.44	145.918	-21.2981
1407.43	-947.858	7.27793
-192.787	325.779	-13.6446
757.621	727.415	-19.1517
1096.46	-697.64	4.35213
-45.3895	1454	-16.7814
-662.779	-429.95	3.40424
-1366.88	1322.09	-7.77125
230.711	-328.638	9.5128
-1294.22	765.446	8.84505
-1291.08	-837.697	41.1626
-785.572	545.035	3.25562
-606.414	1066.79	-17.8752
251.404	-1117.59	57.0829
719.99	488.338	-19.5588
1267.69	-1147.23	86.9514
-940.084	1484.47	-15.6349
1096.92	116.029	-21.4783
-186.738	-445.599	102.062
895.834	133.084	-21.7955
1346.19	1220.27	-21.5792
205.106	-527.44	28.7075
1349.45	542.738	-21.1938
-667.05	-528.165	5.292
-903.214	44.4689	-8.9561
211.036	-1067.8	66.8312
-329.463	1236.37	-19.1983
358.714	-633.275	48.6333
-1106.9	1250.12	-14.8205
1451.47	-133.989	-23.3174
-63.2734	247.293	-13.8646
-683.362	676.017	-3.30135
-367.421	319.302	-10.3677
-155.841	6.97189	11.0963
-114.116	-897.322	89.3404
-727.927	-1358.95	43.4356
693.727	1309.02	-21.6012
907.648	-1157.27	59.9638
-418.043	1318.65	-18.1545
-406.665	1263.29	-18.7995
1392.66	-60.4623	-24.788
656.835	-1442.98	24.1566
-1000.76	-683.111	14.4748
-600.453	1131.41	-17.7533
781.255	829.276	-18.8031
-1044.01	1496.56	-13.9685
-676.3	-181.093	2.54882
523.031	492.843	-18.3256
-335.859	111.863	15.9799
-605.41	-1495.89	52.0853
160.118	-868.479	105.581
-1388.93	-394.898	-2.28032
-195.816	-1167.81	77.1068
-1320.91	-865.378	40.8999
72.4942	1129.81	-18.2435
1312.79	1426.65	-27.2867
990.229	-177.266	-18.1674
411.969	-720.807	82.3376
-503.983	-153.277	29.7722
1233.69	-199.632	-16.362
61.7883	1413.95	-16.7085
-1442.8	-264.766	-2.26829
1377.73	-1438	90.1281
-464.59	-467.548	27.0049
470.69	224.239	-17.8227
309.709	-392.609	8.64785
-964.176	-1483.89	51.7114
-398.86	1470.7	-16.3178
-1202.13	-998.735	47.0063
1484.14	-159.169	-22.112
-241.922	-557.209	107.861
-1494.44	937.461	20.1083
-438.402	-1009.17	24.9249
900.433	665.678	-17.2217
295.029	22.9485	-7.7207
-208.402	-82.4362	37.8403
771.924	414.889	-20.4214
-44.1007	401.059	-13.0533
-1246.5	1231.46	-9.40664
-216.791	479.322	-14.6646
-961.86	929.971	-1.40091
855.947	-1071.32	65.2066
369.569	905.556	-16.1057
-284.854	67.0436	22.3366
632.749	-1356.76	28.4904
-851.17	1335.85	-17.6086
56.5414	-467.932	59.7131
-1271.92	-1295.73	57.3323
1272.92	-403.54	-15.1812
-363.381	-254.795	53.7618
-401.77	-1166.53	31.7173
-1094.33	1145.82	-11.4588
1340.86	-10.4471	-21.9578
-493.277	-278.612	18.6994
855.777	915.876	-18.1504
936.599	1197.73	-12.2507
389.32	1413.01	-17.5478
-286.375	-259.839	65.0288
-270.598	-491.394	93.8729
-483.456	-609.957	20.8755
-918.126	837.356	7.41464
1022.61	-442.388	-9.13805
-1261.34	-1496.22	99.4418
-1042.51	831.631	8.95729
310.33	-727.996	77.381
-1049.41	529.961	7.09675
-1123.54	37.7522	-8.50291
-783.097	-538.172	0.107841
904.516	-926.309	80.1649
-912.408	1260.22	-17.0533
1396.77	-899.074	2.37461
1188.68	-961.327	44.189
652.632	365.867	-19.621
957.757	1278.5	-15.9249
-833.406	-1065.3	22.6092
40.73	166.189	-14.9283
1287.31	-183.859	-17.9715
-1201.18	682.982	6.21364
-1336.45	-263.235	-4.04943
611.931	190.673	-19.2302
841.78	449.1	-19.9066
1006.88	195.308	-20.64
1194.56	234.081	-21.6854
411.199	250.88	-17.5947
215.334	163.816	-13.9235
1241.22	886.216	-17.8973
1031.52	1248	-17.7884
1161.85	-459.507	-10.4746
1434.83	-702.242	-7.47264
-1433.14	-280.543	-2.56353
-1025.49	-97.2077	-7.59767
-158.062	-350.689	87.2377
395.222	-930.984	112.702
1384.54	1341.77	-25.2708
362.37	1089.13	-18.7873
-645.653	-1136.75	14.1056
198.123	547.518	-14.4823
-509.173	-645.062	16.4722
371.495	-982.692	102.017
-1.53839	-320.289	64.2438
1178.69	-626.094	-6.82736
1324.93	826.069	-18.0714
1444.9	-1339.62	94.7118
-1453.83	-541.271	6.94816
1454.75	1110.83	-21.6941
-705.202	-698.285	4.25987
1411.87	-873.558	-0.193906
1269.65	-1361.85	91.4593
-470.314	-217.121	26.9415
-1423.38	-1050.22	37.0606
-1029.5	188.349	-11.0135
1060.83	1433.1	-25.7151
-882.066	-106.551	-8.64332
1012.95	1046.7	-15.2399
534.126	-201.168	-6.52641
-1415.2	-338.943	-2.19912
-1212.23	-925.102	40.4535
615.769	-913.925	99.7704
-352.051	1303.77	-18.0308
-646.42	-1126.28	13.5967
-619.839	235.023	3.54151
-861.134	-1251.89	33.7832
954.327	-673.605	11.2426
1221.89	945.957	-18.6858
1498.41	1159.04	-21.1703
-1245.7	231.123	-6.39526
-1155.66	-1472.76	83.1017
-1247.13	-1208.13	46.074
-615.805	-1048.77	12.9957
509.639	-1048.62	67.2663
-432.636	-496.478	35.1867
1371.15	83.7581	-23.7743
-658.671	874.557	-9.75836
1467.64	679.943	-21.1135
-1080.37	1406.7	-14.1829
63.4694	-696.463	82.1017
1117.25	-1105.64	67.2772
-1205.46	-353.028	0.407428
-44.078	-515.763	89.7789
913.261	256.229	-20.8385
720.09	824.539	-18.6262
697.185	644.585	-20.1065
-1197.7	-1298.02	53.8
-753.729	232.535	-0.10676
-638.403	343.484	-5.59057
781.197	-695.146	39.8356
627.695	606.224	-20.3807
-1294.6	573.979	23.3492
391.046	666.874	-17.3014
977.848	1019.95	-15.3319
1004.32	616.644	-17.2393
309.398	-845.721	111.975
579.211	-693.316	76.053
480.417	-666.289	69.2975
-1277.36	-1137.68	50.1632
-1192.11	751.959	8.58161
-614.324	1100.22	-17.8633
1318.87	824.233	-17.9632
-1301	-1016.12	56.4873
569.769	-1345.14	29.0918
-237.622	423.735	-14.4769
-641.915	529.878	-8.73721
858.464	-721.881	38.3498
-947.974	1496.44	-15.6174
-1448.84	-710.376	20.8885
183.813	1369.07	-14.6548
628.092	944.49	-16.1134
1250.65	-1359.24	89.5626
1274.4	-1072.82	67.3457
1496.95	232.218	-28.1869
1469.32	-1300.48	96.1509
-111.911	-594.115	114.751
1194.15	-801.128	9.17922
-964.004	444.167	-0.290834
689.603	1423.01	-24.9746
552.249	-828.972	103.108
1286.49	-976.508	36.347
-1378.78	1083.92	9.58158
-1077.57	44.3881	-8.92657
-1375.55	957.776	31.9089
-1312.37	126.382	-8.13103
1015.11	1455.23	-26.6665
-1220.69	305.325	1.13097
-591.413	-1397.4	41.6573
1001.69	1075.68	-14.525
-1492.99	325.611	18.8726
1120.55	-1445.72	50.6527
182.093	-1190.04	49.7729
-1016.01	594.117	5.78133
1228	717.664	-18.4998
666.891	-1053.61	67.9225
-813.133	1467.51	-15.7592
-1216.29	-500.624	7.53337
-1078.27	1.5073	-7.03885
339.257	-1009.27	90.9548
-1253.64	-96.5052	-6.4537
347.777	-520.769	18.5609
1036.74	-95.2593	-19.6186
1311.93	1319.38	-23.999
-345.929	-719.539	47.5142
-945.301	1478.1	-15.5044
148.016	126.371	-13.7854
316.646	752.806	-15.2859
-1447.25	1016.92	24.1501
-758.336	1210.87	-18.708
-200.642	1338.39	-17.3046
-1478.95	-765.786	14.8388
-1123.04	1097.98	-8.10105
-925.557	415.644	-3.54873
345.206	-1361.21	31.2632
-1262.71	-281.552	-3.14017
-675.215	-476.593	3.79114
1452.7	-507.457	-12.2741
-1114.09	-36.0684	-5.23289
-638.519	670.386	-5.56058
595	-143.151	-9.01568
898.463	185.545	-21.6779
-488.793	-206.194	25.9706
136.751	1375.18	-15.4445
-391.895	-143.981	55.556
-601.276	1035.7	-17.4617
-142.172	-1132.47	89.6754
-1293.13	1449.86	-9.80748
779.079	579.218	-18.6322
315.715	1132.8	-19.7838
830.512	72.0121	-20.1917
-467.173	-176.628	32.0591
-733.932	-798.474	7.08786
1262.36	-615.786	-8.75109
-393.364	1432.71	-16.8324
-751.338	-203.859	-3.5639
1295.49	-1009.65	49.6927
-1350.25	-710.792	28.354
1111.08	-1017.72	58.4808
1207.93	-88.294	-17.6811
1108.34	-428.646	-9.09378
1234.18	-87.0466	-18.0575
-462.812	-466.092	27.4919
-1490.33	-1466.73	123.023
-1328.29	221.192	-1.00097
-1278.58	823.679	17.1013
1297.69	-862.713	5.59707
740.953	-611.804	22.5766
-322.697	-2.29309	44.2964
-1214.73	113.156	-10.7908
-628.991	880.919	-12.6062
-69.4357	917.907	-17.1287
1148.72	563.866	-18.8388
1290.58	142.754	-22.8745
-1061.37	282.506	-7.531
1029.54	425.319	-18.4808
-1180.98	-139.366	-4.64818
-201.952	685.205	-11.4899
-1086.07	624.038	6.80799
-596.61	-343.368	6.30701
1079.55	273.213	-19.4464
-1385.12	1225.86	-5.06969
783.473	531.294	-19.2235
-359.294	-1236.91	38.9478
-638.148	-675.418	6.6013
-1417.65	109.56	-4.85179
-115.287	-1324.12	66.2361
635.962	1148.14	-21.7551
474.136	-757.966	94.1013
616.325	-418.586	4.84348
1351.72	366.962	-22.0818
-248.889	532.167	-12.6642
132.168	-207.891	17.4583
-26.0421	-484.293	82.0452
143.087	1237.87	-17.7312
-870.187	797.27	9.79474
74.2326	1181.92	-18.2818
-956.731	-1272.23	44.5658
-170.478	1003.63	-18.1508
933.23	1244.14	-13.3369
1401.4	558.342	-22.4373
-1064.98	432.31	5.79896
256.496	105.645	-11.3642
290.521	-436.716	13.6111
-1063.39	456.807	7.25667
179.248	714.129	-16.4754
225.336	1196.14	-18.1182
1404.39	-611.714	-9.63772
-382.876	861.888	-17.433
-1147.96	1214.05	-12.3204
-1396.36	-962.904	39.3268
-1116.95	1440.89	-13.1263
602.32	139.444	-17.046
534.374	1140.07	-21.8936
-483.107	-1037.75	20.6654
205.929	-1145.75	53.9261
-1314.44	2.9916	-9.30478
472.261	-94.57	-9.02768
-414.126	-281.849	39.9295
751.76	-1111.02	51.0146
-1012.32	-227.85	-5.26678
58.7969	-1363.6	42.4807
-1303.77	-735.665	30.7885
-1397.64	225.885	1.72933
1429.34	-1169.36	74.5571
-1387.25	179.253	-2.87333
459.235	-46.1719	-10.3792
-527.537	-1359.17	32.7086
-402.666	256.373	-7.54364
664.78	644.599	-20.7616
1225.89	985.968	-19.0222
-1343.36	-865.119	38.874
-814.009	-696.144	5.1402
1230.72	403.938	-19.844
-447.96	-406.5	30.7849
-928.751	744.967	4.97371
264.946	1277.06	-16.5828
-1367.58	-1166.24	49.0624
-173.069	-1190.9	77.8241
1363.26	-15.9455	-22.8745
-770.909	1110.95	-18.133
-1488.26	745.905	6.77556
-13.3563	633.84	-13.3324
-118.817	237.844	-13.2303
652.795	1389.6	-23.7194
-633.924	1383.01	-17.7265
257.13	1261.24	-16.9817
204.137	-353.993	17.8968
1269.97	672.58	-20.6514
128.234	804.868	-16.9805
858.851	-974.635	78.5189
1451.11	920.554	-21.2645
518.582	1448.32	-21.1018
950.488	-174.017	-18.7353
941.51	-1381.88	34.1767
955.965	780.249	-18.8322
-1392.22	-595.151	17.6548
-928.721	791.163	8.44414
-429.265	604.568	-10.8059
-204.087	-512.681	116.54
722.203	-366.399	-7.03247
-711.769	-442.658	1.73246
-135.293	1497.46	-16.9775
1494.77	170.507	-27.2211
-1418.28	1344.96	-7.1642
1012.71	-1086.15	68.4097
372.844	1497.04	-16.9823
249.793	706.387	-15.9837
-307.138	-707.328	63.1438
-742.818	85.3876	4.91738
634.855	1230.06	-22.0376
488.314	600.655	-18.9117
-274.142	958.391	-17.3974
523.865	-1070.51	61.2052
-438.483	-716.609	26.6004
757.058	-1360.18	25.2071
444.718	155.459	-14.1803
-1284.45	394.001	23.5499
-875.952	-217.951	-5.64511
-1204.98	-998.655	47.1396
607.627	-103.041	-10.4386
246.014	-1451.41	31.7502
1406.85	-1113.6	62.126
418.083	364.173	-17.1073
902.311	341.633	-20.0519
168.151	222.783	-14.5428
673.521	-551.101	20.1856
-1349.75	-553.521	11.8543
1037.7	1057.81	-15.5644
-745.52	1372.54	-18.5274
1453.46	-524.981	-12.1744
1420.88	-570.924	-11.1977
-502.163	113.235	27.7943
-899.201	285.13	-10.941
79.8064	-1357.18	40.5651
851.374	1402.63	-24.6451
-1314.59	655.476	10.3617
684.438	806.104	-18.6617
2.58167	-322.211	63.4037
23.3562	-507.373	71.4923
425.682	1356.09	-18.7616
-803.076	144.877	-1.22359
-184.439	-360.168	88.0596
5.49687	-1250.18	57.9412
-213.412	105.597	2.46745
371.368	-310.102	0.381754
-643.351	-826.098	9.30224
-626.223	-1306.15	33.3446
-528.836	1461.12	-17.4659
832.952	-241.477	-17.0282
-465.419	-809.157	21.9135
-557.738	1008.26	-17.3392
-95.1985	455.428	-13.4152
-1248.47	-136.077	-5.46051
441.943	560.642	-18.2017
218.701	2.74207	-5.42875
1453.31	-300.023	-19.1538
1147.04	76.0825	-20.4821
1115.2	797.937	-18.8061
-1044.89	-216.697	-5.44051
441.224	176.131	-14.8821
-883.489	1061.62	-15.9699
66.6775	-1327.14	42.1242
582.008	896.219	-15.419
1054.94	-597.359	-2.88927
-1443.15	251.312	2.96122
181.175	283.613	-14.1228
1216.57	-416.166	-13.549
565.541	-37.9204	-11.0314
308.405	-1238.86	40.0121
1055.43	-590.316	-3.17536
658.712	370.811	-19.5932
782.487	451.799	-20.3856
-236.492	-1215.58	64.9417
-6.76301	-637.37	88.9384
-542.381	873.18	-15.3921
-241.603	244.912	-11.5401
1495.37	1320.77	-26.7263
334.121	1451.64	-15.7308
-1182.44	-1052.18	47.6794
739.883	283.422	-21.9468
-1077.12	120.76	-10.8325
1472.13	-234.65	-20.4032
199.397	-1144.36	54.085
-341.479	1050.67	-19.1509
-756.427	568.166	1.16688
1077.61	152.308	-21.3846
1062.47	-840.219	46.7294
-168.844	853.712	-15.3045
997.775	19.067	-22.5366
967.737	318.714	-19.1537
-60.3272	1056.7	-17.1463
-183.078	-82.5447	32.2029
57.8418	-1497.39	41.1728
-864.939	-918.007	17.9964
1415.27	1399.89	-27.0426
144.177	-502.931	35.1219
1227.11	-961.183	40.7671
-1349.32	-93.819	-7.61399
-120.856	962.02	-17.5304
-939.737	1388.1	-15.8527
1126.43	-841.532	34.7469
826.425	526.985	-18.873
-647.346	-1289	30.86
-1184.71	754.879	8.79763
-334.042	-1054.25	40.4027
-645.857	-663.749	6.03964
-449.156	-568.824	28.9368
1041.35	-1413.62	41.1217
1369.74	1449.83	-27.0344
-70.2197	-594.118	104.596
-716.055	1187.42	-17.9001
-1459.5	1196.37	-0.054551
-1325.29	-216.305	-5.62907
739.695	1197.58	-20.9793
1488.17	699.582	-21.425
-1157.98	-977.01	42.4463
-159.243	1442.17	-17.7353
-730.852	-1332.5	39.0021
-704.874	-324.355	0.134877
927.441	-961.294	76.6333
-711.182	-315.11	-0.338316
-957.264	908.628	1.67022
-665.132	-779.189	6.86947
227.794	1230.15	-17.6674
-454.102	776.221	-10.6852
896.997	-1267	41.7469
1145.44	-863.113	34.7263
277.157	-812.601	101.695
-190.758	1001.37	-18.1265
-755.016	990.051	-13.99
492.296	1222.6	-22.1858
130.33	914.816	-18.9105
-473.402	298.295	-7.01398
-673.404	264.381	0.2895
1088.81	-1148.89	70.1907
-916.15	528.533	3.70018
-901.044	313.068	-11.4203
720.993	-566.549	13.2731
-108.492	1382.95	-17.8671
1432.28	-1283.52	98.6839
-1390.52	64.5589	-6.78754
884.845	-619.071	5.94249
286.506	-1321	34.3899
-1330.93	-1289.96	59.1891
-949.841	-1182.48	38.9649
-653.323	1176.52	-16.943
-146.325	1067.9	-18.7313
-132.722	774.545	-13.7377
1241.6	-1497.44	58.3037
-573.774	1300.46	-17.5306
-241.923	-1159.43	65.6838
-1355.27	288.557	7.98163
-1304.35	55.2884	-9.90904
514.06	-567.605	40.3153
-1421.31	1426.19	-7.39462
-574.362	-520.091	10.559
961.265	1335	-19.6261
-894.486	1335.87	-16.9686
-910.591	846.824	6.60995
1327.5	-118.111	-21.2177
-460.023	-860.426	22.8186
1231.89	-301.424	-14.6566
-685.581	-560.138	4.37279
-1448.07	19.5217	-4.04941
20.3533	404.869	-13.8545
1128.26	-32.5628	-19.8517
123.767	1062.9	-18.1805
1082.2	750.312	-18.5735
-1398.75	212.068	0.522008
1091.3	849.231	-18.9399
-1397.22	1165.93	-1.52516
783.509	71.9593	-18.9952
-1114.35	-881.475	30.6905
114.479	-723.467	80.1908
1465.23	333.271	-25.838
1308.47	733.863	-19.5934
522.559	-464.084	16.0659
1295.65	1096.43	-20.171
-461.183	-442.983	29.9102
-784.725	261.104	-4.51889
848.842	1410.66	-25.2205
-442.569	-390.04	32.5255
632.418	-23.3617	-12.739
869.237	1353.48	-21.3178
567.417	1342.2	-21.2147
1263.63	207.622	-22.1851
421.086	794.093	-17.1244
1259.22	-311.761	-15.4833
725.162	-1370.23	24.9396
79.0778	-1075.21	83.4513
-176.086	920.795	-16.9532
-1395.33	-1344.07	71.6641
873.69	200.017	-21.6694
947.837	64.3228	-22.2206
458.131	-14.7935	-11.3595
-1274.45	306.015	8.349
-200.357	1024.83	-18.3802
1231.41	785.726	-17.8263
-1179.83	870.776	17.7399
387.449	101.045	-11.3037
-1457.29	-760.412	19.6956
-442.31	-77.1734	53.3583
1350.4	-1090.85	63.2372
694.158	162.179	-19.7491
-734.279	-386.725	0.277658
-1448.32	-840.125	26.3766
1377.89	-440.267	-14.0704
856.337	-74.7603	-19.5619
-811.476	1253.82	-18.9816
-1227.05	1215.78	-9.05891
603.74	1283.56	-22.1627
-362.365	-540.47	59.2861
-916.008	-907.668	22.889
1344.59	511.685	-20.853
-52.5951	-1173.82	77.816
-919.945	288.942	-11.344
760.502	961.05	-17.1717
188.208	-1017.22	78.1995
434.815	957.486	-16.1826
172.285	-14.0885	-3.97342
1258.73	-1402.98	87.9894
82.29	706.853	-15.692
-1429.45	1327.97	-6.73715
678.693	1287.24	-21.7336
266.671	-4.92184	-7.03008
820.516	-716.826	40.7158
667.647	942.798	-16.0587
1313.99	-101.191	-21.3
-769.346	-155.017	-4.08353
1029.93	-1124.75	71.6099
1284.58	-290.225	-16.4247
165.513	864.656	-17.6417
1063.51	-1058.72	62.1405
-552.821	1086.85	-17.9332
-586.362	-109.568	23.3676
-174.301	1307.35	-17.1195
385.861	1196.54	-21.3687
-1383.34	1263.58	-6.47141
1028.47	905.107	-18.7744
1440.08	1219.63	-21.8958
1485.79	-1122.35	42.7718
381.676	35.8236	-10.8432
1315.99	1178.69	-20.4151
-1329.76	950.223	33.6477
513.839	-257.14	-4.26215
-989.014	168.408	-10.346
-587.78	859.185	-12.7207
103.966	-634.588	63.3032
-352.866	-1290.17	40.4229
1196.16	753.345	-17.948
-351.265	4.89776	44.798
354.182	357.135	-16.1084
1298.45	-1417.81	88.3804
-391.788	-142.841	55.8052
1345.56	-528.08	-11.6997
-358.732	862.184	-16.7037
-219.497	-634.021	102.988
-996.618	-1019.82	41.3725
-1418.41	-271.471	-3.16699
-1176.98	236.395	-8.3561
-262.386	87.6776	13.5685
89.6539	578.958	-12.826
-361.829	1349.6	-17.8286
1483.43	-1136.58	48.7593
49.0972	583.406	-12.2644
-187.207	-548.54	118.586
507.146	938.798	-16.4323
-830.376	-1081.14	23.9313
240.902	-1304.85	36.044
6.19199	-682.186	90.8912
1277.62	-632.392	-8.68219
-931.93	874.171	4.72445
-616.847	1263.65	-16.9702
-1381.97	-939.837	39.4407
1355.84	-1098.87	65.6889
1410.35	-781.287	-5.82572
1238.92	-966.245	40.8346
-877.582	1110.01	-17.1278
54.6001	751.912	-16.3124
-352.847	519.925	-12.0399
-1426.44	751.829	7.01308
995.58	1192.92	-14.5918
-415.986	640.677	-9.34474
-1031.65	-534.579	3.4716
-755.514	575.486	0.934745
-260.392	-1082.17	61.533
16.4901	-1336.37	47.4199
-1486.58	-1235.17	49.7691
-1423.52	-533.572	7.425
438.903	291.144	-17.9547
207.658	-23.6254	-5.23127
905.713	738.567	-17.9333
870.372	1164.29	-12.7453
-16.9109	774.811	-16.0447
-1110.71	-479.78	3.0794
-751.268	-525.328	0.861684
1437.8	-280.53	-19.642
1147.45	513.989	-19.005
-955.43	-1448.73	49.2394
-493.864	-926.22	20.1276
292.131	1352.93	-14.9944
-1247	-428.42	3.98254
558.914	-415.73	7.14867
-771.039	-1067.37	17.8333
-1258.25	-730.578	25.2049
384.224	217.386	-14.9961
355.611	-833.736	115.392
-718.02	-108.311	-1.48962
952.557	-1427.39	29.5747
-26.1675	-1386.3	50.1554
126.116	318.504	-13.2963
256.164	56.9224	-9.63137
-388.62	1408.66	-17.1642
543.092	-1003.29	85.5404
408.433	-216.483	-4.95284
1121.66	949.062	-17.9473
1157.9	257.497	-20.7813
-160.221	338.572	-13.9398
-103.718	-1048.36	103.509
1234.31	-1249.12	86.4581
-1028.08	1300.02	-16.4155
-269.435	38.8343	28.4584
178.005	804.584	-16.4657
35.2032	-189.792	25.6339
-323.936	-391.656	79.6708
217.244	-722.043	70.1463
1022.48	757.451	-18.2718
597.746	1042.7	-18.8478
1216.25	1428.76	-27.7023
-1306.93	72.0987	-9.88928
-1211.71	-420.683	4.45394
-1116.02	1325.82	-14.6161
807.237	1008.26	-17.4886
1236.59	718.518	-18.6857
428.06	-222.542	-5.12372
1499.15	-1471.77	79.7221
1335.96	-1355.22	95.1055
155.236	-424.666	30.4757
-1232.93	-98.9381	-6.02858
1488.13	-1125.26	43.0714
-463.434	587.491	-11.7767
163.744	-194.056	11.4202
-960.309	664.498	4.24829
-158.836	901.004	-16.6548
992.587	743.58	-17.8566
-1036.42	-21.3524	-7.24968
-1344.02	1039.96	16.8692
1424.53	461.34	-23.9464
-919.467	-963.508	27.7205
-795.142	994.312	-13.8062
1433.57	-1433.56	86.0125
-872.326	-1334.38	32.3842
-1361.5	-940.363	41.874
-980.504	120.221	-9.9104
1113.31	964.786	-17.9851
606.777	-1246.43	35.1971
1338.33	-476.051	-13.3217
-645.079	-598.503	6.66916
-1077.23	948.611	5.39088
362.862	634.588	-16.2021
-173.727	-1303.8	69.0217
830.588	-463.758	-9.34871
-796.563	242.36	-4.10972
9.05852	616.457	-12.9787
840.236	606.94	-17.3863
1187.73	-119.112	-16.956
158.915	-712.25	69.2626
-1061.94	266.016	-8.67552
0.907867	-903.007	106.233
786.273	346.091	-21.1406
984.709	-439.54	-9.58981
549.058	-414.641	6.72475
-1119.86	0.409886	-6.40089
-34.3172	-621.533	96.3944
-482.023	-263.203	21.6543
1279.12	947.649	-19.0303
-28.9218	323.828	-13.3721
149.637	-39.6589	-1.29483
292	-1382.42	31.9851
-1277.21	1451.38	-10.035
-496.696	120.349	26.2695
1419.64	-35.5603	-26.0225
557.829	193.279	-18.1382
-189.66	976.696	-17.7936
1489.1	-662.332	-8.9978
-965.421	1133.81	-14.9523
-749.147	-97.146	-3.37062
1191.99	-1316.59	80.4136
-1180.22	748.48	8.23238
-1005.56	361.899	-3.64344
1142.62	1448.09	-26.1349
-595.318	-955.171	12.2871
1403.71	-1473.19	80.7416
-1296.08	1404.14	-9.89615
837.309	-528.556	-5.85795
-568.34	274.056	-0.715148
-527.332	197.377	9.98217
737.918	-260.09	-14.2878
430.325	-51.2135	-9.99547
133.665	-1173.15	57.6673
-420.23	913.495	-18.0366
836.466	-1345.62	27.9175
934.632	-1471.27	25.4274
652.01	-45.7847	-13.1405
881.77	-583.505	-1.18585
688.197	-218.082	-13.3206
788.963	771.202	-18.9206
-1220.94	-736.865	21.4073
780.706	-309.944	-13.468
1199.08	-166.084	-16.3332
-1487.97	552.628	39.2342
-976.588	-961.869	35.9357
-941.987	-1210.93	40.6663
167.98	1417.58	-14.9405
1383.34	1297.48	-24.2469
232.591	-363.343	10.8719
323.451	-1099.91	62.2027
296.621	772.146	-15.1004
-1041.43	-1328.21	54.7456
-1248.32	-1217.01	46.1428
-523	1317.47	-18.3137
-1378.54	1103.13	6.53154
1476.93	-824.723	-5.65589
458.194	-497.895	21.247
-1034	1162.78	-13.7427
-241.46	1314.84	-17.5994
-37.154	1098.1	-17.5747
-1057.66	549.029	7.04649
-47.5931	-1407.7	51.3049
-513.281	179.68	14.0065
-703.729	1476.46	-15.891
270.775	125.854	-11.6339
1198.57	509.026	-19.7192
318.735	96.4515	-10.0615
-463.59	-1296.62	27.5502
1348.01	848.332	-18.5382
-270.031	-267.379	65.0002
-1018.56	394.137	0.65037
-132.436	-125.003	29.4483
-515.325	-1187.1	20.4273
-79.3407	-1037.62	105.709
-1109.17	-624.63	8.39702
1411.25	116.439	-24.8295
-379.72	1282.9	-18.5608
-136.332	-1176.91	82.7784
120.733	655.426	-15.0885
585.853	-125.058	-9.04715
-1435.46	-853.357	30.4882
-224.253	-1157.11	70.3633
-1220.96	1014.91	8.75753
413.696	-581.402	42.4679
189.524	-784.27	87.4056
999.682	-1498.2	25.8119
1304.08	-344.504	-15.4345
396.718	-1033.04	80.1932
545.651	827.538	-17.3051
962.194	209.97	-20.8706
-87.8223	1476.81	-16.8252
519.171	-437.324	10.3479
1195.77	739.93	-17.9517
15.3135	-135.417	17.002
1217.17	-334.363	-14.1026
-712.473	351.15	-7.35597
-166.031	-497.778	110.401
-1179.22	-202.835	-4.683
-592.533	1227.17	-16.6292
-684.555	579.1	-6.28657
-171.874	944.474	-17.38
493.83	-1201.94	38.3634
1173.69	183.654	-22.4836
-1284.71	592.939	18.036
1312.95	1222.41	-20.7704
1349.53	-119.643	-21.727
209.713	-583.261	36.8315
-66.0103	-1429.26	52.9176
517.152	-22.8404	-11.1724
352.556	1370.82	-17.0151
-1287.69	-270.628	-3.90263
-1260.11	491.038	28.0991
881.041	871.233	-18.8478
-675.98	-638.878	4.50167
473.827	1063.79	-19.6877
-407.958	-91.8073	56.8964
778.917	849.866	-18.6138
-714.415	824.587	0.645585
670.44	840.565	-17.4771
188.823	-439.604	21.605
-378.917	-661.649	42.7692
72.0185	1109.63	-17.656
591.379	749.9	-20.5825
239.421	805.287	-15.8806
1473.54	824.666	-20.5752
-380.25	880.137	-17.5524
-5.1446	1387.8	-17.3088
-857.925	929.401	-4.24098
619.49	-1034.87	74.2791
5.89916	-1268.26	55.3121
376.324	844.932	-15.7219
1178.8	1350.88	-23.7025
-923.426	494.562	1.29915
-11.3982	252.325	-13.9356
827.259	-1415.99	24.1479
452.165	543.666	-18.4375
-1303.21	-691.804	26.5342
-25.9926	95.9346	-8.40254
-1320.34	-1290.87	59.2347
108.119	1261.68	-18.156
-960.063	-1253.31	44.4344
-1167.72	-67.7806	-5.16778
-566.359	-1434.64	43.453
263.148	840.663	-16.6017
1440.5	-1305.14	96.8256
-75.9081	592.326	-12.7977
1205.98	969.313	-18.7733
-376.777	497.913	-12.7068
1200.51	-1081.7	70.6446
-1262.8	-31.7454	-8.34097
-1137.17	-749.025	14.1123
1080.77	-970.44	60.3235
-1344.01	629.256	11.9871
87.6374	-1368.3	39.7473
-1403.55	-673.09	25.2177
68.7556	-1098.6	82.2809
1258.31	48.3674	-20.0921
-881.438	1334.83	-17.1776
-873.808	-1165.03	34.0045
1386.67	879.104	-19.3017
362.326	-1395.78	29.3534
-881.647	298.876	-11.0937
456.893	604.476	-18.343
-43.2788	-1362.3	53.3097
-15.1607	-1138.54	84.2442
-1188.18	-1390.8	73.7706
-1498.79	-288.068	1.31914
-324.71	-655.87	63.1886
-1158.16	-485.007	4.88899
37.0176	1018.52	-16.5587
270.995	-1369.64	33.1045
-1203.55	-92.9642	-5.64422
296.496	-1360.53	32.6407
-1234.09	85.4274	-10.707
95.4879	477.275	-13.8099
-1361.4	-1216.85	49.8192
85.2693	80.6027	-8.98215
1300.96	-634.65	-8.98202
-56.7995	416.506	-12.8405
670.219	-310.463	-8.48831
1190.71	1345.81	-23.6076
-1486.62	508.543	49.6395
-638.336	-1311.3	34.909
-879.168	1064.5	-16.1489
873.783	1142.69	-13.2994
1319.78	-1131.3	80.5357
1341.57	-79.8468	-22.6747
1317.44	1453.49	-27.1889
1023.7	1410.77	-25.044
-824.047	193.092	-2.27782
1287.61	-82.6725	-20.2182
585.149	691.868	-21.623
970.959	1430.79	-25.8808
1409.13	-763.399	-6.02412
307.055	-1051.05	75.1031
-1271.03	1455.27	-10.1449
-31.8622	1009.27	-16.6625
750.029	37.6192	-17.317
-635.001	-69.3159	14.8268
1218.8	-439.033	-13.0483
733.846	-685.967	46.1221
-85.4265	103.125	-5.66962
131.819	-370.253	35.6618
-708.24	712.587	-0.264879
559.932	-296.391	-3.36733
1357.01	-1377.56	96.0571
-96.4759	-749.172	102.817
1073.01	667.036	-17.0771
-241.283	-774.934	65.6605
-335.596	-1125.56	41.991
48.7441	-1109.82	82.9868
-231.489	1472.29	-17.4112
-155.278	873.038	-16.103
1063.32	226.189	-20.3796
-21.2495	-1249.11	61.2942
-513.339	-1401.71	37.9763
-410.093	708.937	-7.17219
1096.85	226.42	-20.5067
-473.145	-1494.76	55.8499
-1441.41	-1451.46	110.766
-1476.39	-203.157	-1.92917
925.869	-189.007	-18.4766
-419.749	-204.252	37.3769
-649.102	-33.683	14.9343
570.507	-1389.65	26.5756
787.171	-13.1666	-17.5502
795.153	-1135.39	47.5231
-874.812	-701.889	8.69001
677.953	740.968	-20.6827
124.578	-253.4	22.8098
-1068.32	573.768	6.99964
79.4511	-197.346	22.6308
888.007	160.432	-21.7525
520.476	936.888	-16.4569
-1376.07	134.075	-5.72935
-402.844	-1225.18	30.7823
1191.82	-941.972	39.309
-515.39	1094.86	-18.6358
682.611	-671.497	50.8842
-587.331	992.585	-16.8285
316.693	1118.92	-19.3661
-1218.47	-1155.42	45.9213
-519.699	-267.192	15.0573
-37.6191	1454.1	-16.6577
949.24	-533.795	-5.82206
410.5	-895.362	118.924
1486.78	139.555	-26.7118
-386.723	-480.407	49.9492
683.301	-1087.44	57.7639
1121.45	-802.349	22.622
1242.16	-611.42	-8.67409
-573.104	-1162.05	16.8048
498.537	809.211	-17.6722
115.457	-942.57	95.6294
-1219.7	929.795	20.0351
-772.612	627.874	-1.06709
88.2514	-1460.98	39.9715
-1200.64	310.345	0.0159051
-1345.02	304.949	9.59954
-298.024	1034.04	-18.9437
-498.629	-1170.41	20.8859
22.4688	119.703	-12.2528
-1050.6	458.841	6.68184
1473.89	-1150.33	57.4784
-1018.62	658.907	5.28254
-72.7064	-1262.33	67.4149
-674.74	-70.2667	6.76414
1411.6	-849.908	-1.22824
-1125.54	-1034.65	44.6522
-1403.19	1371.02	-7.70969
1259.1	-420.15	-14.6899
445.814	-419.752	4.64654
209.687	267.283	-14.5699
-819.964	812.776	8.16187
490.628	-49.6695	-10.5279
1445.35	406.165	-25.0332
-1318.83	6.06818	-9.15769
987.905	-396.964	-11.2229
664.163	-920.415	94.9164
-68.1157	284.458	-13.6445
-1069.93	-1019.8	44.0435
1184.51	-1113.47	74.0921
-682.89	-38.6826	7.25866
470.628	-1317.15	30.5911
-545.804	-208.189	18.7913
875.387	-1461.13	23.4796
-1127.64	-979.167	44.0378
629.643	-1467.51	23.6998
1412.77	1070.53	-21.7015
486.89	63.3085	-13.1109
-1258.37	-344.85	-1.24006
-1245.35	867.534	21.4941
-230.886	-585.296	110.697
-727.324	651.331	-2.7924
259.314	91.59	-10.8357
-474.99	447.065	-11.6349
-1313.86	-1401.17	83.1278
1499	1155.58	-21.1618
114.469	51.0137	-7.22653
833.408	-321.956	-13.5631
-266.778	1002.11	-18.1466
932.336	-437.952	-10.1851
734.564	-1294	28.5819
0.34709	87.8516	-9.21212
1000.26	757.012	-18.2297
-1205.48	207.531	-8.52308
-944.194	1145.31	-15.7414
-803.863	-1451.83	47.5783
-467.289	-1259.44	26.0051
-817.075	529.8	3.47735
-137.485	988.645	-17.9823
1170.35	1378.01	-25.2323
-752.552	1256.4	-18.3022
43.344	-427.658	65.343
-613.869	1477.9	-16.9922
1257.97	1326.62	-23.8784
-860.871	-1352.45	31.7718
-474.971	-1001.74	21.788
-474.536	-588.738	22.897
1420.66	452.147	-23.7542
1006.86	-1363.73	46.4125
-638.036	6.94531	18.6632
-1066.39	-334.797	-2.67698
-1091.05	946.063	7.06688
-513.933	-785.497	16.7811
1004.39	-1430.59	32.8442
162.283	178.329	-15.0745
-313.756	-814.896	44.1387
-546.294	251.312	1.68391
872.084	1497.33	-24.3333
-450.574	224.904	1.24213
-591.635	740.386	-5.27944
-1097.61	-501.703	3.38862
-1113.13	-1047.69	43.5597
812.157	1126.43	-17.1255
-1307.99	-1078.25	54.4424
642.691	580.856	-19.1441
26.9856	-352.401	62.5201
531.967	-652.823	65.9218
567.509	-1195.69	38.6565
956.644	-1211	61.2545
-163.229	1108.9	-18.7081
-364.137	-570.434	56.963
487.497	316.551	-18.4765
696.945	514.203	-19.0945
-44.567	-1479.85	48.0499
-691.275	1223.91	-17.6489
441.043	-1173.08	44.3607
537.287	-785.167	95.7092
1321.41	-1342.9	95.0197
-992.551	-550.099	4.10522
1398.93	-1114.88	63.8521
-1397.83	-1063.66	43.3502
202.951	-192.744	5.14921
687.151	-1292.04	29.7049
381.007	-993.791	97.3355
-1361.79	1338.73	-8.15495
1117.75	1199.33	-18.0463
-1005.7	-733.44	16.2593
-470.544	64.4724	34.5186
108.105	-768.343	91.9533
-1193.23	711.441	6.68874
21.6934	-1461.12	44.3429
1144.42	-758.673	5.92022
364.481	-633.137	48.9995
120.667	31.9655	-5.44559
1025.39	-1435.04	35.621
-1147.13	-718.31	12.4015
1224.12	188.271	-22.5291
272.629	-1111.57	58.2624
-1134.34	812.23	13.8919
886.955	27.1028	-20.9993
-1326.06	696.44	8.4256
-1336.02	-190.302	-5.99986
-1068.88	-948.524	43.4651
515.879	1389.24	-20.0593
855.853	965.526	-17.0946
-697.775	831.501	-1.47892
1327.52	278.219	-22.937
927.957	-1154.72	63.9305
-1129.33	-686.95	10.0916
905.18	-998.864	74.6785
-441.399	959.381	-18.4965
716.791	-1353.51	25.5799
27.1787	475.816	-13.1812
1122.22	-1448.12	50.6181
-935.777	259.649	-10.8027
-1311.52	867.765	26.8085
916.778	1156.82	-11.0363
-1087.46	1314.98	-15.3392
-1059.42	-1390.91	63.4366
164.561	-699.218	63.7492
-1035.71	1407.59	-14.5984
-157.492	-1314.17	68.2166
1456.74	-1045.6	23.3323
1284.38	966.282	-19.3011
810.315	-1410.62	23.3441
-1013.48	-1256.52	47.4727
666.612	-450.293	6.88074
-75.4762	1357.69	-17.9082
700.186	391.581	-19.7812
-57.9923	1187.29	-18.3727
-820.239	-1103.31	25.1302
63.8245	-1349.58	41.9847
511.096	444.443	-18.1551
895.075	-569.819	-3.41451
-211.703	1269.97	-17.0923
39.098	684.811	-14.8939
1469.97	-967.847	2.52919
627.173	1289.26	-22.1945
238.628	-549.683	29.0482
-1300.16	-1082.49	53.9728
985.528	1171.82	-13.4085
-57.8206	1140.21	-18.0563
-184.964	-1413.73	61.9226
804.32	-1362.39	25.5349
-1181.56	82.1574	-10.6013
-80.9734	-11.593	4.99578
-46.1321	1475.31	-16.2778
732.624	-1444.17	22.6981
-80.9869	-74.422	14.1574
-1481.08	1468.16	-6.49173
75.1609	-249.792	30.1359
456.458	-482.415	17.8111
-494.538	868.763	-16.2565
-753.398	-586.076	1.71164
1333.8	1324.71	-24.6158
-993.776	622.289	5.40087
-597.247	-257.011	6.80288
-929.853	375.144	-6.02444
38.3923	-834.754	107.08
627.666	-1246.49	34.9713
1146.51	340.58	-19.467
-394.782	-1422.92	41.6386
-739.445	390.454	-8.33044
-821.832	-1465.95	45.9851
229.689	-701.882	63.7644
-847.445	-680.523	6.51501
1072.81	-242.058	-14.4999
954.723	-521.942	-6.42367
-940.358	-874.936	24.1217
1046.82	-250.69	-15.1881
1147.51	1302.42	-20.3701
-609.845	93.3249	24.2029
1361.89	979.719	-19.9706
-855.698	-515.484	-1.05099
-101.811	-1127.18	94.5049
4.49958	-747.749	98.8176
579.364	-782.957	92.1489
-918.499	422.27	-3.44899
-42.3008	253.436	-13.87
962.42	-763.168	40.2164
1114	-89.3218	-18.2318
-1402.57	1479.37	-7.88899
-1180.29	889.193	16.1564
-285.802	899.386	-16.345
-1121.04	-401.561	0.931628
1025.37	1369.65	-22.4076
-769.823	984.801	-13.5247
-288.428	-237.551	64.3246
896.95	-1349.26	33.5474
1362.55	1157.12	-20.8005
1173	-1127.82	75.1921
855.899	-1390.05	26.8817
1463.56	605.418	-20.8677
1147.44	-942.46	47.9369
76.4635	-1078.99	83.5233
-6.37686	794.565	-16.12
1427.76	-551.829	-11.5554
-95.383	-1242.48	73.013
-977.236	-633.431	9.69116
1033.37	-1325.19	57.0768
-1449.66	-492.838	3.9574
-1313.22	-1480.53	98.4914
789.503	-1179.3	40.8252
-233.792	847.435	-14.6641
967.977	-732.526	27.2783
-163.928	-244.18	62.1785
-587.585	-901.428	13.1452
870.1	1349.04	-21.0211
423.377	-120.33	-7.78568
732.248	-622.642	27.212
-1127.76	-89.3327	-4.91272
-443.803	1484.85	-16.3277
-902.142	1141.04	-16.8632
1325.93	-10.311	-21.4754
314.608	-1421.5	29.9911
414.131	1466.96	-18.013
578.679	269.523	-20.433
-170.322	-356.723	88.4939
-1484.1	-1315.37	75.1473
1207.88	-651.188	-7.49753
-1222.41	-1.01754	-8.89848
937.987	1479.37	-25.341
685.255	-857.178	87.9503
-638.175	-409.414	4.28213
831.142	109.388	-21.1639
23.1677	387.698	-13.9336
-1003.13	310.349	-7.95271
-584.873	50.1283	29.1175
236.049	475.36	-15.7344
-179.308	-1206.37	74.8058
-1246.45	955.101	23.1508
-684.869	-678.956	4.61543
107.459	-316.837	34.5101
-594.98	-11.1937	26.2441
-110.932	-356.283	84.8853
-276.159	-190.786	61.7244
-947.857	-1220.49	41.4919
-201.552	840.361	-14.5671
589.181	-872.411	101.29
-1413.59	1161.66	0.186633
1040.09	-550.782	-4.18148
1002.24	579.967	-17.6242
-1298.15	-926.135	48.2988
-1438.55	179.814	-2.5489
401.439	-683.577	67.915
-1130.77	-1260.68	45.7721
304.211	228.901	-14.5694
-1355.46	525.935	39.3248
484.2	-581.791	44.1406
277.944	192.681	-13.9113
545.814	121.14	-15.0448
917.956	1284.22	-16.4796
15.9664	-331.643	61.3769
350.458	-148.436	-6.19605
-673.271	-1170.91	16.8735
254.511	750.061	-15.7736
-1077.29	428.124	6.02457
-324.148	788.462	-13.4304
963.752	1424.69	-25.5163
1318.63	269.764	-22.9275
562.052	1192.4	-22.4154
-185.822	203.174	-10.199
-1404.28	-1447.42	103.233
65.3864	1448.86	-16.0672
864.541	-732.061	41.6548
10.6696	-1451.32	44.9908
530.538	-407.546	5.49698
726.559	1154.68	-21.8252
-623.275	516.457	-9.23174
-1422.97	-1375.26	83.0315
-1272.79	-909.994	44.4338
90.0084	-1346.21	39.9201
-470.299	-539.147	25.0564
-1113.66	-841.951	24.5026
-801.906	-1363	38.3142
-1003.7	766.742	6.61821
-384.759	491.832	-13.1086
1022.42	-1138.51	73.1024
122.252	-279.607	25.2349
81.5519	-1368.24	40.2411
1141.33	1038.62	-17.7841
-1207.86	-1221.91	44.9755
-734.704	923.741	-10.7884
413.31	1120.48	-20.3756
472.303	-120.116	-8.25949
494.045	-1441.97	24.5272
248.113	139.833	-12.6773
1480.46	1089.43	-22.2212
-161.024	-715.128	99.4777
-950.074	-1041.84	36.3991
305.451	1073.53	-18.3644
-73.1576	-22.5608	5.67824
72.3576	868.347	-17.4983
-490.193	-1417.12	39.817
605.106	764.691	-20.0096
1149.11	-688.486	-1.22757
369.738	-822.448	112.373
1354.63	-451.075	-13.9653
446.587	665.82	-18.8354
553.029	-1251.6	34.6696
-1366.18	780.109	9.11416
643.903	419.262	-18.547
-83.1976	-726.28	102.902
622.296	1489.3	-25.2234
-1305.27	434.315	34.0219
-8.79339	1200.29	-18.6708
710.113	-1184.58	37.9246
965.669	1486.3	-25.517
-1289.84	-1006.33	54.4547
31.6957	110.289	-11.8355
-726.056	1300.48	-18.0398
-382.377	1077.23	-19.301
1233.09	-875.32	17.2095
-151.434	852.285	-15.695
747.419	940.463	-16.5827
188.851	9.0247	-5.23887
1072.96	-499.502	-7.23578
-1030.4	1473.08	-14.3255
1113.41	-1253.56	73.8208
239.695	-748.017	80.4115
667.6	-1186.31	38.7945
1287.13	-1120.49	79.3832
-321.536	332.145	-11.4311
-1081.77	-161.729	-6.05632
-986	347.678	-5.98224
-1489.63	-1404.18	102.327
1429.1	-974.821	8.46532
263.094	1030.56	-18.528
-1141.45	-259.323	-4.04557
-601.834	1290.07	-17.21
282.94	1172.56	-19.2179
-1326.37	-643.019	21.8819
-1232.77	-842.359	31.2502
-80.4206	222.36	-13.7149
70.5843	-28.3385	-1.60702
112.158	-135.931	7.21864
987.697	-343.872	-13.4498
1136.38	104.668	-20.6144
-636.909	-1421.56	49.641
-75.2421	838.59	-16.3242
419.57	-199.305	-5.91654
1411.98	-1224.11	97.5079
979.006	467.041	-19.1456
-153.132	514.054	-14.4208
1444.18	889.419	-20.4458
-663.595	668.035	-4.72748
-83.6255	-71.3182	13.8857
-300.647	1101.94	-19.9369
57.8483	453.755	-13.9119
-1497.86	-1174.62	40.4388
657.026	1258.78	-21.8608
629.813	-234.844	-9.47748
-200.569	357.531	-14.1752
799.1	-1151.54	45.2786
164.453	1210.75	-18.084
-821.366	449.794	-4.25349
-1309.27	514.225	34.1003
1285.84	1159.75	-20.0995
-1402.88	834.895	15.7252
-1468.46	-538.615	5.76899
-1379.97	1484.24	-8.38973
-873.189	1050.52	-15.8351
1370.51	-136.598	-21.6662
256.575	16.3249	-6.61941
729.237	677.014	-19.8704
1058.46	435.359	-18.5045
557.225	-1012.41	81.4125
370.057	1248.1	-20.4695
1175.91	724.833	-17.6956
655.041	1331.91	-22.4549
-1235.73	896.831	20.9357
1387.21	952.513	-20.0773
36.9775	1413.19	-16.6024
870.821	-681.587	21.2261
1078.05	-1295.1	68.8594
-1094.17	261.036	-8.56268
-1494.95	-450.868	2.10142
10.4175	849.494	-16.4492
588.35	998.667	-17.5238
1497.82	-557.283	-11.942
679.614	-1036.42	72.5414
-870.068	691.969	4.67567
202.903	1467.73	-15.6601
639.736	-407.81	2.26526
1157.85	279.857	-20.4283
-407.353	-930.658	28.3027
-156.126	200.694	-11.0714
-198.479	1317.84	-17.0762
59.5125	-616.052	71.9375
-20.2723	1457.05	-16.3691
-360.281	-716.061	42.6955
594.542	1180.4	-22.1633
1389.11	551.199	-22.1056
-13.1894	-1276.08	56.8975
629.336	-1118.97	49.9167
680.831	-805.857	82.5875
569.691	-608.564	49.7038
-853.779	590.974	2.13181
262.115	830.602	-16.1465
774.565	168.429	-21.3412
1372.39	129.316	-24.2765
-1254.82	753.127	8.45441
301.844	1196.42	-19.1406
337.419	-1384.36	30.5235
98.2617	770.488	-16.6548
-0.862258	-471.231	75.4285
-235.785	-1191.25	66.4172
734.975	577.05	-18.6693
926.132	305.115	-20.1654
1349.15	1054.4	-20.8087
-1317.27	-1213.25	49.1748
473.004	904.259	-15.5962
1034.03	-1431.94	37.4095
811.077	-145.869	-20.2541
-60.3195	-712.128	102.93
389.248	1438.17	-17.1517
441.726	-213.092	-5.67707
-126.205	-839.087	88.7429
1337.26	687.147	-20.3634
-601.211	1470.02	-17.1735
594.379	883.773	-15.6721
1166.87	1350.27	-23.3047
-1409.89	-597.164	17.6294
1154.65	-1413.53	65.092
-1234.16	181.331	-8.86462
-56.4837	341.029	-13.4943
-184.502	55.1081	8.83825
28.2432	-1109.88	85.9399
-1129.14	-903.675	34.4873
-579.536	-747.743	11.3953
-850.437	1495.75	-15.6499
-830.538	-193.785	-6.50285
1408.31	235.476	-25.911
1048.13	-998.675	62.6211
-468.083	639.72	-9.088
-1374.51	-1088.27	47.6184
737.777	1333.5	-22.1797
-401.459	1205.89	-19.4123
-852.532	608.919	1.73978
549.556	807.885	-18.107
212.971	-483.092	24.2464
508.641	-1150.07	46.8622
640.483	787.636	-18.9054
1068.48	-598.368	-3.2997
833.339	-1106.66	55.9259
1266.98	-1249.19	90.7431
210.564	1490.2	-16.1271
517.184	-1328.54	29.8024
-1426.29	-1152.65	43.1625
650.772	620.188	-20.4932
1072.54	476.76	-18.9872
1441.42	733.752	-20.2792
-937.91	650.185	4.28539
-1195.74	-1464.33	88.2304
274.342	-30.5874	-7.43071
580.888	-1270.45	33.5521
-109.361	92.5329	-2.92142
1445.71	-757.829	-6.69478
-1242.45	2.95363	-9.34313
553.309	483.199	-18.3513
-810.732	-211.037	-5.98066
73.4122	-714.67	84.1668
1010.41	-300.394	-15.0709
1296.05	-461.071	-13.7914
-341.769	-1331.37	43.1274
-480.739	214.151	5.66071
680.035	573.853	-18.2947
-899.653	-1322.2	36.953
-1452.96	-1462.54	116.296
-757.652	-158.679	-3.58982
-1394.17	587.905	23.2936
1201.87	-1452.55	65.0511
399.604	-1104.39	59.2872
1399.79	-669.743	-7.36201
1470.3	788.075	-20.1574
191.356	-196.346	7.22388
285.958	-1211.08	43.1613
-1046.29	-87.8326	-6.95635
-121.971	-1450.03	56.0933
-1442.58	720.16	7.70016
1406.41	1488.61	-25.4449
796.576	-683.696	33.3551
122.748	566.716	-13.2708
-671.77	925.789	-13.3532
-916.597	-598.02	5.32394
333.14	686.488	-16.3573
602.906	1273.19	-22.0629
-429.466	887.089	-17.5378
542.669	1019.04	-18.2289
195.862	-1478.08	33.8
-988.201	980.71	-6.54394
-750.659	611.161	-0.558729
160.521	64.0703	-10.0465
-1162.56	236.117	-8.6526
-887.001	-1483.18	45.0039
1451.79	926.998	-21.401
-1027.24	1015.54	-8.14059
1137.69	1328.29	-22.1927
394.549	-66.7105	-9.16836
-1347.75	-947.797	43.7257
793.769	455.719	-20.5222
1349.27	-621.158	-9.04252
830.962	-994.385	77.0377
-1167.36	-700.673	12.9854
1139.37	0.655789	-19.7922
-838.84	97.3131	-4.15037
956.264	-1149.3	68.5778
72.7619	91.5741	-10.1508
1488.11	-553.625	-11.7511
-1479.75	-87.0976	-1.3747
-348.838	-497.69	67.4891
-241.016	983.506	-17.7305
1445.62	546.608	-23.7911
721.146	1124.48	-21.6253
1246.99	-717.27	-6.14645
464.254	449.095	-17.8134
-234.046	-544.963	110.351
-240.472	1129.17	-19.3527
1007.85	-275.634	-15.9208
40.1001	643.316	-13.9307
522.885	-1370.72	27.5955
1496.96	849.579	-21.7183
-642.323	1040.79	-17.2371
970.986	302.916	-19.4199
572.232	-1187.38	39.4652
1462.06	-1171.83	70.0614
-463.416	1049.4	-18.7968
-539.64	400.674	-9.17678
1400.48	-638.87	-8.43922
490.251	-583.887	45.0255
-555.096	676.88	-7.30097
-1268.07	857.498	23.9106
-559.015	1331.07	-18.0513
630.225	1092.79	-20.4121
558.346	494.532	-18.2606
-1123.27	-436.906	2.02707
988.858	1174.58	-13.6493
-1382.45	383.726	34.0147
1034.75	-77.8027	-20.3161
-517.895	854.316	-14.9738
903.371	-227.255	-17.5428
-30.981	-684.67	97.69
-295.839	300.837	-11.3773
1147.78	-940.11	47.5189
1482.95	1200.62	-21.5587
-1208.28	-1043.63	49.5276
895.363	-548.138	-4.94434
520.242	-22.8126	-11.1853
-682.261	667.639	-3.9687
946.725	-1107.85	70.6213
977.751	-916.009	73.6272
108.739	1034.34	-18.0873
784.986	-111.521	-20.788
-515.192	781.811	-10.4815
116.349	1411.49	-15.7951
-97.1505	666.701	-12.7653
956.967	1053.12	-14.0382
-339.312	820.858	-14.5052
-271.362	-1219.67	55.3835
850.196	1140.44	-14.7051
1076.22	-1481.27	38.596
175.327	-504.519	28.7337
505.404	-1460.79	23.767
677.096	-1318.39	28.682
284.865	98.3687	-10.4071
-1194.41	-981.411	45.0099
-1383.26	-828.2	36.7585
483.153	766.001	-19.2505
-68.0382	-1454.48	51.6195
244.703	71.3177	-10.3424
1051.59	-682.523	5.87896
-1166.72	-471.534	4.71661
598.803	1336.49	-21.9727
-763.447	996.124	-14.2505
510.345	1111.71	-21.3928
1332.37	369.329	-21.5819
965.608	1240.23	-14.601
972.708	384.552	-18.7635
-246.536	1025.48	-18.4933
1351.19	-996.119	30.975
799.317	-215.118	-17.6614
-1100	-547.432	5.08965
341.375	650.152	-15.7765
-1490.91	1080.26	18.2784
719.816	-1123.78	46.8715
-623.559	-190.348	9.26957
1354.6	1397.83	-27.1347
-1206.63	-67.641	-6.33484
-334.114	725.652	-10.1291
-614.068	-837.851	10.7727
-432.591	-417.504	36.2089
1121.39	1366.01	-23.9354
-351.561	-857.899	36.5948
677.22	-914.448	93.6261
-693.523	266.952	-0.200345
973.602	-670.3	9.58018
-744.434	672.38	-0.897316
809.709	-253.025	-16.2933
-375.027	582.077	-11.3307
-1022.04	-1447.62	62.1454
1280.28	-989.068	43.4565
235.453	-665.138	53.5665
1095.08	746.785	-18.4867
319.894	706.766	-16.0971
-72.3532	-383.361	83.5798
-665.068	-416.866	3.11185
-459.564	156.441	17.1679
-1154.86	1085.26	-5.38949
-688.089	-1244.2	25.4499
-415.858	887.519	-17.6569
70.9351	262.49	-14.0361
-841.142	1200.4	-18.4143
1036.44	-1469.81	33.2355
-519.165	-39.0054	40.8653
-491.35	735.878	-6.87348
942.602	-589.261	-2.35696
-116.519	-816.307	93.2376
1265	1453.66	-27.4415
852.14	1024.13	-15.5643
677.674	-909.181	93.1138
-1297.68	-194.88	-5.66981
-1144.64	35.8373	-8.84612
654.377	618.678	-20.3704
-121.966	121.474	-5.76372
112.883	665.989	-15.2134
-682.301	1465.02	-15.9884
1018.59	-1026.4	63.8318
-654.204	-267.418	2.11414
278.544	1357.15	-14.4275
-1092.1	-618.699	8.52058
119.792	-1333.53	38.8544
1084.84	-942.472	59.2014
-246.4	985.797	-17.7671
465.664	1081.3	-20.154
-1343.01	-838.638	39.1357
1313.67	137.16	-23.3096
788.189	1057.62	-18.1415
1483.55	938.579	-22.4938
1235.31	-1097.78	76.0934
1469.78	-859.675	-4.31102
430.839	1253.32	-21.0298
250.589	-756.445	83.591
1496.2	-1182.22	64.2646
300.119	-1489.54	27.8515
-8.26166	-434.215	76.9861
-555.491	-1354.94	33.8064
1392.02	1277.43	-23.7989
-1189.35	806.406	13.7028
1063.19	-1193.86	74.1309
-1454.77	-330.133	-0.595667
429.345	1197.62	-21.8763
-777.765	-900.175	10.8964
1186	1309.24	-20.3652
-1429.75	269.064	4.80076
-717.465	1307.88	-18.0274
-794.792	104.81	-0.938792
-279.408	1130.24	-19.7398
-261.482	-1376.21	57.0032
-850.499	-641.902	4.44754
950.372	1223.63	-13.3055
565.105	124.275	-15.6062
531.603	-575.247	42.4355
-1257.18	523.451	26.0299
-863.269	198.502	-6.84532
23.4458	1015.69	-16.4244
-29.3751	-413.396	81.7755
948.362	513.99	-18.5979
30.5826	-1067.54	94.6743
-410.954	-1019.11	27.3121
478.781	-950.321	107.758
600.963	-671.221	67.7049
-181.676	660.791	-12.0283
1451.65	-1123.32	53.2973
-354.242	-695.473	47.5212
-1147.59	284.375	-5.19352
1383.12	-695.53	-6.8148
-887.447	1262.27	-17.6068
-774.77	328.54	-9.13215
-1183.75	456.705	17.504
-1073.18	-265.107	-4.14735
559.12	1051.9	-19.3083
1240.39	-1491.48	60.0129
732.882	-265.821	-13.9009
8.137	-663.482	88.7781
603.459	-780.463	88.363
393.824	-667.983	61.6275
-99.4624	-948.608	96.6798
-743.331	363.317	-8.95334
1124.75	-1422.68	56.2156
277.262	1447.89	-15.0935
1287.95	1095.95	-20.0727
1379.47	-1053.51	45.6721
1105.41	-1060.43	61.0934
29.8273	-74.6104	4.20088
574.716	177.725	-17.9156
344.877	1436.29	-16.1335
-284.774	-779.091	53.7593
-438.835	-158.871	41.3745
-1423.01	-1276.64	58.6692
-477.538	965.049	-18.2578
1131.12	-380.133	-11.2085
-1179.17	-837.819	26.8849
417.568	573.958	-17.7066
-1062.17	636.393	6.28977
748.978	-772.348	67.4577
-1049.85	-763.82	17.2171
887.92	1216.66	-13.54
963.534	-1042.42	66.8633
670.938	191.364	-20.4268
412.375	714.097	-18.3616
-83.506	-654.634	109.972
-130.279	731.386	-12.5244
565.009	-356.275	0.563857
-291.955	1274.87	-18.0185
584.336	334.13	-19.3002
1113.45	490.974	-19.0847
944.098	748.834	-18.0498
975.351	-1244.46	60.037
-900.409	-922.417	21.857
-575.564	799.741	-9.56344
-1326.43	-1415.12	87.0444
-232.95	1365.39	-17.2861
-44.7693	-156.716	27.0965
-1266.49	-1473.88	95.303
821.746	-637.92	15.0422
-1030.69	355.343	-2.81438
67.168	-1321.13	42.1837
1372.18	183.862	-24.4408
-726.2	-132.783	-2.2308
154.502	-173.005	9.8673
-639.822	824.127	-5.69808
1109.39	-1102.97	65.9841
883.759	788.304	-19.0616
1249.72	1197.7	-19.6007
983.377	-1085.65	69.5276
632.969	-904.213	96.6099
-684.706	-1423.39	51.1031
-179.616	618.781	-12.6515
1100.51	1204.33	-17.9492
1056.04	-77.8923	-19.7705
-583.451	754.189	-6.64457
1448.11	918.192	-21.1382
1375.36	1002.92	-20.8847
-851.986	-324.722	-2.4649
114.675	941.419	-18.673
310.653	1303.72	-16.9886
1023.78	979.993	-16.6975
704.554	-1452.11	22.8849
-453.601	-138.86	41.5792
-1367.77	1175.34	-3.00242
-796.111	-1469.44	50.8439
1446.71	314.49	-25.6437
1439.7	-1185.49	80.8641
578.112	-1101.1	54.0969
406.648	979.797	-16.3425
1262.74	-1365.04	90.7914
-367.501	808.03	-13.7858
-1405.94	-1391.74	85.7295
-991.93	941.905	-0.981257
-953.343	238.008	-10.5481
591.387	-540.029	28.3139
24.6142	522.711	-11.7727
-1349.81	93.2894	-7.88303
492.93	1386.07	-19.3335
-519.835	552.003	-13.0812
-1032.14	1230.15	-15.6048
-1250.81	-593.195	14.7153
-775.194	-781.225	6.46732
392.51	-1052.96	72.2542
1469.82	1303.25	-25.7676
-1440.74	-353.748	-1.2438
-264.394	1316.9	-17.6611
778.719	454.358	-20.3157
-1385.43	307.275	12.7454
-379.741	1196.23	-19.6
-1261.18	978.699	21.3547
1065.26	1268.93	-18.9899
921.423	367.281	-19.7122
-79.6858	652.341	-13.1349
1494.41	-1286.05	91.2958
-1052.26	-911.038	37.7914
530.553	1405.57	-20.7103
1167.91	909.815	-17.9918
-796.553	509.24	1.21907
562.023	702.736	-21.3978
-895.963	-1487.16	45.7842
-708.363	319.823	-5.28211
1263.76	-1295.05	90.8266
-1231.16	-533.525	10.0539
1459.27	1437.93	-25.774
127.474	-1135.59	62.8652
-215.493	-502.192	114.061
-1000.71	-54.8183	-8.28525
312.272	-1096.34	62.6326
487.44	806.521	-17.6883
-958.871	770.815	6.69088
1411.35	316.757	-24.5049
316.427	-404.532	9.41897
1480.84	355.94	-25.9666
-277.201	913.133	-16.5452
-1006.09	-1457.96	59.1524
-139.896	-1153.23	88.3158
563.249	387.148	-18.7979
590.891	257.802	-20.7373
4.81491	1362.62	-17.7709
341.04	419.314	-16.7522
-648.267	-899.167	11.6808
-297.27	982.379	-17.926
1097.07	-117.578	-17.5653
-932.821	1421.5	-15.9326
133.758	1114.04	-18.6217
-1037.11	1119.51	-13.193
-1441.25	1238.85	-3.88409
1473.25	622.895	-21.0401
-669.941	-260.755	1.15072
-429.292	-971.817	26.0236
699.044	487.704	-19.3242
814.959	-126.7	-20.6308
-293.313	433.5	-13.4385
-540.665	-1333.18	30.4373
-1014.02	625.159	5.68709
-541.861	-1492.58	53.2336
-488.079	-1466.23	49.083
1292.23	183.627	-22.9745
-1267.79	867.355	24.2919
-225.71	801.388	-13.6275
224.376	-319.568	10.2441
709.537	-379.714	-4.65646
-635.752	-218.872	6.58124
-423.969	-1305.81	30.8016
1049.44	1247.82	-18.033
-1016.6	-368.952	-2.46113
291.281	-967.965	103.073
-1059.31	933.21	6.07745
562.35	1254.46	-22.1078
-1475.39	-1346.43	83.8448
-601.239	-468.96	7.87162
289.647	888.966	-17.6846
644.199	-1292.02	31.8209
24.8534	-934.722	103.645
-599.178	894.679	-13.8416
914.211	-1.29606	-21.3275
21.5287	-610.072	81.0334
-838.377	440.663	-4.9616
-736.569	1395.19	-17.8625
-566.733	758.587	-7.7945
-1256.68	1201.29	-6.46327
1201.48	-118.198	-17.2507
985.91	611.67	-17.169
-1198.9	-1263.76	47.6819
-1358.65	500.491	41.2922
467.186	-706.071	79.385
-57.112	399.309	-12.8914
100.364	-1049.02	82.2997
1341.35	-309.433	-17.8644
896.369	144.171	-21.8013
-1090.6	1140.63	-11.5508
-1105.08	-583.99	6.07913
1216.89	1143.55	-19.0467
-691.491	1437.14	-16.5828
-1395.21	1334.38	-7.21633
-704.55	-359.836	0.595923
477.961	1053.67	-19.4125
1494.97	950.849	-22.9817
758.811	-1293.42	28.8912
1248.13	137.636	-22.3002
1130.2	1061.51	-17.4914
-888.056	133.255	-8.28333
-1118.52	269.692	-7.50164
-1169.87	-1448.39	81.9164
551.681	-656.882	66.7537
-860.974	-1436.88	40.0995
-1269.16	-1318.17	60.8852
1216.92	678.33	-18.7379
-754.209	-494.585	0.44673
-525.397	-154.345	26.2369
511.729	405.891	-18.4428
-633.425	-299.014	3.79249
762.689	-494.829	-0.883988
-964.504	-549.769	3.95589
-1445.21	126.621	-3.84099
-1234.77	247.106	-4.7509
621.811	-1123.49	49.1562
1091.02	-711.651	6.42211
-1366.98	984.688	31.2769
-442.528	-352.919	32.5329
-703.155	-412.19	1.63333
-1.43038	305.52	-13.5791
-1042.9	-1215.48	44.408
-1358.14	721.274	8.54321
-441	1471.66	-16.4594
-1381.88	-623.79	20.9258
156.592	792.715	-16.6601
539.915	-1422.54	25.2245
-363.79	175.104	4.59663
-346.433	-805.38	38.6724
-568.086	1498.28	-17.2571
-735.406	-1065.24	16.1376
115.09	-1131.8	66.4185
1440.7	-1196.33	85.336
956.615	327.868	-19.1963
-1053.2	-1426.05	65.038
-173.819	671.792	-11.9546
-545.022	1282.48	-17.6532
1375.27	232.5	-24.7931
334.862	-715.533	74.3313
-143.797	563.865	-13.4431
1113.31	-257.958	-14.0343
-1178.67	1074.42	-3.32685
965.291	40.2751	-22.3751
1336.17	-1105.95	69.9342
-1431.04	1371.85	-7.18204
-727.382	-1454.37	54.1057
608.089	488.22	-18.3219
-708.293	141.82	13.1582
-736.599	377.267	-8.55713
-221.733	597.396	-12.5418
666.249	-273.516	-10.1915
727.512	-404.005	-3.60928
1467.08	357.637	-25.4327
-182.103	-431.737	100.121
-1180.57	198.312	-9.13198
333.625	-875.825	119.404
-1361.78	-1379.37	79.6197
667.476	1493.86	-25.5403
444.185	1380.12	-18.8484
-684.723	209.774	7.52747
-934.13	1420.88	-15.9157
-974.185	1287.43	-16.9187
247.242	884.939	-18.0025
-325.774	1232.22	-19.2645
1034.58	-1276.6	65.2743
-1403.45	301.536	12.265
-1354.65	-980.077	47.1828
641.524	-1110.04	52.0873
-73.8985	955.544	-17.0643
532.614	-923.022	105.892
1104.6	-1430.25	49.9367
-1009.75	-59.9081	-7.87291
-300.444	-197.752	61.9051
-362.7	1150.51	-19.8393
220.73	-319.749	10.5513
1232.33	71.7062	-19.7894
1060.46	-1130.7	70.1246
868.205	-192.743	-18.7619
46.352	951.262	-17.2134
-884.555	-3.54345	-9.07297
875.468	-1107.86	59.77
108.375	-25.1182	-1.96755
-395.874	-601.337	41.3855
-931.047	1419.66	-15.9569
-960.615	1425.75	-15.5112
277.818	1147.76	-19.4634
-402.568	124.47	17.8855
1174.24	1141.29	-18.3685
1005.25	-709.062	14.1366
1328.7	1469.54	-27.277
343.225	-1030.48	82.4092
319.613	-552.793	24.9724
125.243	-95.5082	2.11338
558.008	-142.318	-8.17858
987.891	-764.177	35.4743
-449.11	1469.71	-16.622
1337.51	-1171.31	90.6439
-1451.83	1203.21	-1.10679
1013.34	-945.789	69.1028
-1481.64	-360.613	1.05657
491.435	1105.18	-21.0489
-1294.85	-42.2246	-8.53926
-461.894	510.896	-13.02
-226.339	1362.53	-17.2719
1056.75	-391.689	-10.5442
-771.605	862.934	-0.896457
543.07	-1002.94	85.6965
47.7091	1080.95	-16.8048
1114.66	896.022	-18.3107
-146.881	-1414.56	60.9243
-1039.44	1159.14	-13.5753
491.274	-24.3994	-11.2582
708.679	-120.505	-17.7895
-841.139	-352.179	-1.95331
-273.364	961.71	-17.4533
505.506	623.873	-19.5082
-1388.93	-621.189	20.7877
-675.071	-1425.24	51.0543
-601.767	-824.243	10.7416
507.291	-924.265	109.233
-567.095	1275.13	-17.2925
-692.111	-1164.03	17.5381
-726.672	-981.573	11.4596
1419.26	1188.83	-20.8746
1033.04	-959.321	66.5872
801.097	-147.074	-20.3145
-292.374	-1325.16	52.2228
408.557	-1095.28	60.571
634.241	1490.29	-25.5143
-1056.24	-154.636	-6.61578
-779.852	-781.94	6.49635
-841.663	178.41	-4.85332
-113.014	817.585	-15.2899
910.039	-115.325	-20.1521
-1102.21	338.518	-1.50523
845.586	1480.88	-25.1781
730.922	-1124.66	47.0702
-490.154	-706.581	18.3188
868.413	-458.399	-9.66448
-1076.17	-1447.26	70.1778
-1249.29	742.195	7.81649
154.187	184.445	-15.2396
-1478.21	668.607	9.61858
944.904	-33.0828	-21.5355
1097.11	1281.57	-19.6037
155.45	1126.64	-19.0791
1058.28	915.593	-18.4919
1431.66	925.711	-20.8444
-297.268	-736.222	59.3931
1142.78	-778.251	10.7906
996.41	681.734	-16.9634
-350.619	-1485.6	53.8447
-1369.5	348.319	23.266
-1102.87	-655.286	10.1745
850.796	-1382.5	26.8898
794.971	-733.714	48.725
-666.122	-1136.51	14.2674
-1316.39	-1136.99	50.7573
-1303.3	-235.224	-5.05651
-429.453	-1317.99	30.8298
-681.468	498.694	-6.87449
472.001	1407.29	-18.9865
-122.719	-1067.84	99.5619
800.886	-1086.3	58.5622
406.465	403.286	-16.9297
-1216.87	-1065.68	49.7662
1488.93	-812.165	-6.45317
-242.581	789.372	-13.2146
907.905	-1244.12	46.8929
763.909	28.0198	-17.5908
125.402	196.421	-15.5017
-1361.3	741.09	7.48363
244.078	38.9437	-8.63569
-980.755	-479.448	0.705977
-820.563	462.348	-3.06215
-1028.43	708.172	5.17445
881.711	181.062	-21.7331
-1155.28	766.241	9.67406
-440.822	1027.9	-18.8456
1371.33	-233.275	-19.0729
227.442	929.116	-19.3334
509.989	-320.668	-1.37231
-657.32	1064.78	-17.6206
-1459.39	859.678	15.6745
456.827	514.038	-18.5502
-429.581	-305.859	35.8712
1199.16	-870.05	23.0236
939.578	-857.198	77.2951
-445.231	-861.217	24.1995
667.468	-1348.38	27.6628
620.509	1167.36	-21.9693
848.209	-463.76	-9.38371
1004.22	-1367.23	45.4098
124.664	-1129.89	64.4861
665.724	211.492	-21.0209
1241.56	699.629	-19.2568
-19.3207	-809.859	105.994
442.36	-961.591	106.342
107.965	-1267.72	45.2408
-848.577	1475.24	-15.7509
-749.858	-263.489	-2.84582
-1274.38	-396.583	0.281162
1385.02	-1222.03	98.5264
-806.766	626.281	0.0040538
193.73	1327.49	-15.0362
583.255	636.372	-21.7991
1182.65	1440.66	-27.2467
868.73	-293.464	-15.2016
567.88	22.1074	-12.9026
-521.221	-432.692	17.6258
1397.23	-989.72	19.2314
-435.489	-1230.73	27.3476
507.961	1430.35	-20.3603
23.046	285.592	-13.8094
744.722	734.556	-19.4162
-535.352	1254.86	-17.605
-54.1338	-548.893	96.2898
606.113	-1484.23	22.9389
-1385.46	-521.16	7.61451
-1498.04	944.498	20.0481
-448.218	250.014	-3.48013
-367.673	577.213	-11.3494
-1316.12	-1424.75	88.6559
-335.837	361.214	-11.7257
-251.969	960.121	-17.3786
134.524	326.688	-13.3289
257.705	668.348	-15.8993
-1116.97	583.207	8.34496
-841.949	-1499	45.8138
-688.242	-200.95	0.907575
43.3115	-998.927	98.1491
1265.42	-1228.2	89.7092
-955.83	944.197	-3.71964
1328.71	-805.724	-1.80888
-40.0147	161.95	-13.6576
360.106	-176.876	-5.31492
-796.931	699.029	2.23085
716.045	-282.796	-12.3362
957.836	869.322	-18.6571
-572.76	1464.86	-17.5697
-1072.52	-1016.1	44.1913
1255.1	83.903	-20.7038
901.017	161.619	-21.8254
413.5	-341.168	-0.0789698
-545.402	-1363	34.1384
436.801	438.63	-17.4459
-429.644	507.88	-13.0448
285.04	1452.3	-15.137
-1144.25	-700.257	10.7774
-951.174	-1096.29	37.4428
-303.682	811.961	-14.1792
-1342.66	898.431	32.7561
525.084	-862.34	111.479
995.859	-838.156	60.9956
688.308	1103.44	-21.0446
-1270.03	-912.588	44.2364
1343.06	858.834	-18.4989
352.842	-941.522	111.422
677.914	1498.4	-25.3326
499.144	-1461.11	23.7617
-631.014	1335.2	-17.805
598.735	1038.28	-18.7236
52.9057	-792.538	101.153
21.5269	-805.797	104.414
-570.017	837.546	-12.1617
490.158	359.759	-18.2372
773.857	-419.993	-6.56709
-491.694	609.92	-10.6927
1185.58	730.842	-17.9003
849.243	-121.338	-20.4495
-139.513	-1011.33	93.6625
992.691	-259.757	-16.3831
138.036	-642.068	57.5624
-527.703	1305.11	-18.1321
-1146.22	-541.003	6.53932
-368.896	-1429.48	43.1112
1437.7	-11.2634	-26.383
-473.8	876.094	-16.9753
-1157.42	-143.694	-4.95255
-348.121	-53.5211	56.7682
-1368.7	-1168.79	48.9401
1259.16	-373.249	-15.354
133.291	-156.307	8.85636
-1243.7	-452.727	5.42492
1276.05	-217.317	-17.0508
-394.957	-144.709	54.6935
-1123.97	-129.245	-5.43517
-1237.38	-250.711	-3.52734
1133.96	-905.714	45.0683
1068.61	-528.924	-5.96444
388.373	-1496.67	24.9839
743.546	-595.7	17.629
-307.546	-737.326	56.6694
-180.261	-722.178	93.7916
-854.467	-1227.75	33.753
-1022.9	-198.297	-5.9554
-477.155	663.345	-7.83311
-285.454	-905.748	48.7309
1441.84	-534.924	-11.9358
-133.138	-807.211	90.2464
-1206.66	-707.529	17.8727
-349.139	-1177.86	40.1095
1059.68	-516.05	-6.16174
-1171.52	-68.0472	-5.22987
-553.178	872.814	-14.8147
1054.71	761.583	-18.771
394.106	517.375	-17.4912
-585.177	764.393	-7.00861
-301.581	-1183.41	48.8445
-1449.75	-335.474	-0.832188
105.26	-644.911	64.7346
410.526	251.962	-17.5756
-384.846	1237.94	-19.1403
-860.827	747.969	6.3599
1078.99	64.5854	-22.04
-1414.4	-567.328	12.9424
416.082	1290.6	-19.9575
-743.306	901.741	-8.95465
853.672	1010.29	-15.6781
1135.34	-309.114	-12.4318
-1368.66	-1467.93	104.273
1182.58	1174.01	-18.5165
260.673	450.05	-16.5389
-424.419	-151.018	46.364
1310.78	-1417.9	89.3026
867.611	-710.63	32.4773
28.7471	-340.353	59.3765
-610.519	-277.721	5.22749
-256.204	137.552	1.98643
533.703	981.7	-17.4696
1443.65	314.256	-25.5503
394.075	-1080.92	64.7829
756.943	-1124.65	48.0228
-98.8931	-406.27	86.7082
-185.975	-252.576	63.0755
373.588	324.091	-16.5112
296.044	-402.341	10.1884
-399.604	-1197.34	31.6937
969.453	-1023.13	68.0889
1402.1	179.094	-24.8874
341.497	-568.831	30.0937
1059.4	554.785	-18.0666
1362.89	-202.709	-19.2676
915.084	-6.96049	-21.2635
1315.2	1292.27	-22.8352
-209.419	122.405	-0.126331
1439.03	-192.324	-21.4046
1491.09	-542.876	-11.9956
-106.368	-1213.44	76.6166
-1302.03	1287.73	-9.61936
-622.972	755.185	-3.41571
386.347	447.759	-17.2716
-1397.11	931.422	29.1542
-1314.13	-221.88	-5.50099
-303.537	-264.771	65.4852
435.616	1356.23	-18.9477
-306.093	723.67	-11.5769
-1125.61	-1415.3	72.9473
852.981	-682.793	23.5117
-135.329	67.2577	1.68794
-339.329	-378.217	72.207
-1023.73	411.099	2.25284
1099.1	845.984	-18.8772
-537.039	-373.018	12.0381
-1262.01	97.2592	-10.7038
-521.385	1220.72	-18.1545
-178.326	-1330.2	68.6509
-899.656	-41.7858	-9.62861
-4.07438	1082.52	-16.4004
117.433	969.741	-18.8463
1461.6	-271.344	-19.5739
-1096.76	248.257	-8.92786
-755.104	1292.06	-18.2068
-832.227	-1473.02	44.9597
-1149.31	-1208.54	43.7218
-1409.79	1412.2	-7.63014
-875.601	864.842	4.86843
179.983	-1034.59	72.667
-1306.55	236.386	-0.355601
-967.458	1294.48	-16.871
1265.29	-281.102	-15.982
-643.789	-807.699	8.64269
-1386.96	603.052	18.5366
347.09	115.654	-10.9687
-783.032	-439.13	-0.902466
1209.46	428.643	-19.5185
-1403.63	679.837	9.88411
-640.939	-1325.77	38.1204
122.672	1288.64	-16.9175
1015.99	-307.525	-14.6897
-129.09	831.474	-15.4464
1428.86	1049.72	-21.9276
1227.85	-252.013	-15.3145
769.081	1170.81	-19.2918
487.503	-419.515	6.03215
1190.59	-218.693	-15.033
-1331.33	-576.865	14.5522
-46.1422	718.024	-14.3655
-1198.18	500.518	17.8471
-1270.11	244.043	-2.19779
-39.8752	162.893	-13.6732
-936.922	446.609	-1.2601
-962.257	505.25	3.28074
361.315	1048.78	-17.7264
-59.902	-521.461	94.8603
1040.58	-1375.76	49.407
246.001	-1285.1	37.5141
74.0435	-157.854	15.1882
846.646	1084.13	-15.6903
436.845	1102.31	-20.3202
1359.16	-1252.86	101.282
1089.55	-535.625	-6.40219
843.889	-1268.58	34.5218
199.578	-193.959	5.76469
-1409.31	1494.66	-8.06838
873.413	943.171	-17.5522
56.7617	1219.6	-18.3213
-846.583	-129.106	-7.59404
704.925	562.411	-18.6099
-1274.23	-983.527	50.9304
41.8985	-1211.98	60.2531
615.325	1495.44	-25.2428
1479.26	-77.4318	-24.557
-314.603	-1405.05	48.955
-1375.3	-1061.07	47.9595
1296.58	152.079	-23.0397
622.695	-502.658	19.7311
-504.268	526.942	-13.9531
-58.1577	1191.42	-18.4418
-844.653	36.2306	-6.57745
1412.3	-227.82	-20.1679
-1009.02	-438.349	-0.581965
-1334.15	-1115.35	50.7513
273.356	687.1	-15.8572
-863.059	788.451	9.23916
1457.1	-1357.63	92.5208
-1220.88	420.605	17.7376
-1397.83	281.436	6.48571
1373.75	308.693	-23.4784
-1407.21	-1364.94	77.4652
-799.969	-650.07	2.56093
1141.24	-1081.36	65.8652
378.624	486.425	-17.2198
-180.323	31.3889	11.9641
-1340.02	-11.2177	-8.30267
436.362	-1025.13	80.8437
1335.25	-68.6882	-22.3695
650.434	113.691	-17.0029
85.4661	-1100.34	78.4349
1291.84	274.921	-21.9642
1330.63	304.292	-22.3051
1104.32	139.845	-21.2006
965.007	1204.6	-13.4561
-56.7541	483.118	-12.7002
199.439	-535.701	29.828
412.455	755.798	-17.8661
-441.655	1337.44	-18.224
-455.12	-123.003	44.2148
957.741	-410.488	-10.956
-1340.62	443.932	40.9456
-1405.53	999.891	30.2504
-389.055	-406.508	52.6998
113.756	1309.74	-16.7392
-298.245	1076.56	-19.8063
136.314	-1162.81	58.6441
1291.8	771.061	-18.5357
110.088	1163.91	-18.7027
1182.81	1456	-27.1842
-662.592	822.554	-3.66254
-449.857	180.036	11.2542
713.682	-1213.01	35.1905
-904.443	302.391	-11.473
-1035.1	-475.258	1.10978
-92.3661	-1052.99	104.225
849.968	578.655	-17.7717
1359.72	137.839	-24.1248
1160.54	-455.552	-10.5454
109.58	-529.304	47.7128
948.12	487.783	-18.7957
1342.6	1337.89	-25.5776
817.363	434.284	-20.5974
1341.21	-994.341	32.679
-1468.39	1487.64	-7.02182
-1297.72	-5.25022	-9.50849
663.166	256.349	-21.8498
-1262.36	1352.9	-10.8999
105.371	1383.95	-15.9464
-563.265	-15.5604	32.0346
432.031	-681.997	70.3322
-984.36	773.029	6.75877
-692.967	-305.353	0.492005
1306.89	164.997	-23.2842
155.019	-788.415	91.2065
-1478.07	259.777	4.22857
-378.45	-1178.57	35.3694
-785.447	1418.6	-16.8149
91.3783	-637.395	66.9185
-558.87	1258.09	-17.1777
-377.973	-391.625	56.6302
1464.59	29.2466	-24.6607
600.256	-776.501	88.2193
-637.242	-1399.32	47.1401
-1265.07	1329.05	-10.9751
636.446	-828.396	89.5018
1268.72	-1435.2	82.1369
359.723	-1321.66	32.4309
692.08	-887.774	90.1329
-1074.33	1380.99	-14.6518
104.143	100.852	-11.9713
1391.39	-1004.48	25.8013
961.29	1077.65	-13.4696
-198.322	-1146.99	76.4581
646.065	-1307.4	30.9076
-213.398	-1006.03	74.7741
-448.159	-885.755	24.0192
1498.94	-1093.5	27.8813
-1294.97	-194.422	-5.60248
-906.728	-464.321	-1.85887
1480.61	384.665	-26.1639
-1433.03	1145.94	4.22199
885.007	-1483.85	22.3546
-1036.83	1396.55	-14.7737
-132.99	57.4658	2.56596
902.435	-281.456	-16.0304
129.156	80.7099	-10.8184
176.968	-757.98	80.701
-544.263	-1026.42	16.5515
1114.39	-1220.11	73.9914
931.974	468.398	-18.751
-1085.94	-495.311	2.8778
998.526	443.43	-18.9832
-1000.77	1413	-14.903
1450.85	1262.26	-23.8637
320.289	-87.7184	-7.75225
907.02	922.397	-18.146
191.406	-607.714	42.3254
843.519	-381.203	-11.4975
302.317	-853.192	112.54
1033.19	36.9717	-22.4528
-649.168	170.939	17.0677
-765.597	421.42	-7.59449
1287.87	510.959	-20.3538
-1346.59	544.387	35.5811
-137.829	211.933	-11.8083
-986.583	-527.204	2.68501
500.163	-577.377	43.1543
24.0483	158.925	-14.3525
-906.761	-1409.29	42.2688
-1313.55	-698.929	27.2908
-957.723	1213.73	-15.9397
1104.45	-613.571	-4.25257
1059.67	206.598	-20.5944
-763.503	-967.636	12.2748
108.865	-694.729	72.263
-1279.71	1335.71	-10.626
1400.62	-707.067	-6.77669
55.7788	-89.4253	4.31173
-902.992	-385.431	-2.01316
-303.428	-1165.54	49.0294
-1399.44	589.357	22.9058
-214.029	-1023.64	75.3626
-404.708	668.144	-8.21941
-1251.35	-849.057	36.0533
-482.961	-793.511	19.7761
-733.926	195.836	5.2816
1448.28	552.828	-23.5613
-720.273	1296.5	-17.9645
-1213.32	-840.928	28.7593
-661.159	-585.935	5.75962
-1241.31	-860.044	35.8316
1057.52	1049.72	-16.4329
1454.73	29.6776	-24.6159
-1461.48	-1172.73	40.5577
-535.183	-524.48	15.8584
-941.807	1418.39	-15.7995
888.795	-1488.22	22.2249
-251.25	719.23	-11.3161
-271.646	-722.822	68.4459
735.384	561.338	-18.8497
-70.9438	-740.683	102.814
-991.728	1201.26	-15.3338
67.8985	-569.821	63.1653
-76.439	-1137.04	89.7361
618.033	1494.19	-25.2672
320.087	-324.519	2.99629
719.935	-959.269	88.0974
-478.138	643.401	-8.86352
295.006	-301.771	2.91078
709.096	1235.94	-21.7819
1065.89	-916.478	60.2076
-328.67	-389.278	77.4772
679.161	180.809	-20.1936
249.213	796.148	-15.7827
1068.93	-474.458	-7.50954
-185.493	-961.936	78.9084
281.245	-261.983	1.35935
-18.7772	633.173	-13.2775
636.337	-1148.05	44.6443
-898.912	-1136.82	35.0466
696.131	983.041	-17.5007
286.973	363.693	-15.8783
1319.18	1272.73	-22.3295
190.407	1054.56	-19.3289
-740.429	800.418	3.18558
-38.1406	-1391.72	51.0107
-1135.37	297.227	-4.40879
189.172	116.298	-12.9844
991.499	1394.26	-23.685
1175.62	-600.398	-7.14867
-843.696	1111.69	-17.9424
778.909	-1425.82	22.7705
-1208.05	1199.31	-8.62635
-647.948	1052.67	-17.4417
-751.465	-1413.6	50.4418
26.8644	-1031.57	97.8699
714.652	238.5	-22.1826
-1208.32	-845.919	29.2032
-1269.04	707.317	6.00988
668.975	-525.563	17.6622
452.744	-658.524	66.4428
-822.183	904.92	-2.39168
547.019	1057.6	-19.6217
347.998	-286.93	0.33549
1476	1003.13	-22.9635
-183.167	591.352	-12.9742
226.884	-748.11	79.573
-222.936	-1332.92	65.784
-1193.42	1274.81	-12.9976
819.174	-1223.26	37.807
-121.273	-1264.44	70.3664
-776.109	-232.997	-4.64228
991.182	600.146	-17.2964
567.469	1074.26	-19.9082
-1213.93	-54.3273	-6.79431
781.815	1237.42	-18.8215
712.331	-812.828	80.1219
453.287	-1178	42.9822
-875.067	-572.571	1.74617
826.154	1126.02	-16.3978
-508.551	1297.04	-18.263
816.076	-96.5606	-20.2788
904.127	1283.15	-16.4671
-5.27167	1189.17	-18.5409
1080.69	1195.79	-17.7007
1234.1	-1017.94	57.8905
811.395	658.082	-17.7846
-1400.55	-873.655	34.8572
-1163.02	-1100.01	44.8189
-946.704	104.958	-9.46183
264.735	-624.014	43.274
-1460.73	-1353.62	83.1152
-1414.61	1336.38	-7.04714
555.541	-790.496	95.6266
-792.916	-449.928	-1.23649
-1386.92	-237.989	-4.62457
-392.693	456.171	-12.5494
-113.995	1409.59	-17.8358
313.151	229.834	-14.5184
814.57	1290.57	-18.2947
1424.37	-435.722	-13.7858
531.663	-25.9631	-11.1216
899.987	-194.072	-18.5084
-71.1555	484.426	-13.0591
1081.3	614.92	-17.5145
361.571	994.53	-16.4992
-1381.03	39.79	-7.02534
-296.058	1222.91	-19.1572
-64.5713	-590.738	103.01
-698.682	-167.017	-0.247996
-383.081	-209.614	44.7639
1357.51	-897.616	5.06408
-286.019	473.988	-13.124
1125.63	-709.969	3.31612
-1228.35	-21.2151	-8.12889
-544.939	1330.74	-18.2059
-1363.66	98.336	-7.21497
-628.109	194.584	11.0976
1248.8	914.945	-18.2993
-920.729	-790.266	15.9963
114.9	-509.659	44.7417
1401.96	-1311.08	97.136
-677.229	-145.273	3.67548
-960.934	-350.227	-2.2327
-43.1656	288.737	-13.6681
445.687	960.458	-16.3654
1257.44	-1427.97	82.1334
851.226	795.334	-19.1522
-1035.65	-790.818	20.5076
743.066	-947.56	85.594
230.49	719.987	-16.1187
1483.02	-1298.2	93.9332
71.9779	532.314	-12.2431
113.376	-557.047	48.8221
-1021.95	8.12561	-8.02635
53.6854	1299.96	-18.3114
1253.62	-861.118	11.5461
-509.959	-367.785	17.2592
-288.718	-182.161	61.9921
841.058	-685.628	26.2961
-872.616	-747.772	10.4085
-698.379	-1367.79	45.3588
23.2156	358.343	-13.9254
-80.3597	486.161	-13.2982
-965.706	-803.327	19.586
749.577	-573.479	10.1194
1151.69	603.727	-18.1815
-25.3837	1329.71	-18.2948
1317.47	270.992	-22.855
210.873	1363.88	-14.2127
354.584	591.817	-16.3474
-443.463	-517.033	31.5212
-1006.94	-63.4734	-7.95659
1119.69	255.413	-20.3116
272.524	1422.04	-14.6386
619.582	-1239.46	35.7829
927.494	-8.77154	-21.4924
166.446	-1051.62	66.5129
1017.48	597.82	-17.4749
-271.943	1071.43	-19.4778
1494.23	-683.427	-8.64735
-1122.16	-527.746	5.17832
-801.575	1069.08	-17.028
-866.472	349.388	-10.1391
195.802	-751.687	79.1874
-713.073	845.945	-2.0762
881.521	1212.37	-13.6452
152.998	1333.69	-15.4514
-947.376	-997.592	34.469
-979.467	-671.648	13.0906
-597.564	1208.46	-16.7555
-275.936	411.078	-13.5888
-135.116	1311.8	-17.5783
424.29	-807.302	109.147
-648.028	113.804	20.0629
-154.798	698.552	-11.7653
-86.7485	-993.901	99.4828
141.484	206.895	-15.1143
464.102	130.129	-13.5838
1050.31	-62.587	-20.4948
-310.379	-665.86	67.3548
671.556	154.173	-18.9927
1118.22	1011.56	-17.6669
-633.361	136.995	22.8283
1043.14	-783.914	30.2428
250.795	-1103.25	59.954
-1194.45	437.082	17.8942
-493.281	-795.375	18.7418
1471.35	115.784	-26.0049
334.719	-568.352	29.5232
257.757	-1118.76	56.6924
-1224.21	1051.61	2.56449
1012.77	875.181	-18.9338
-709.199	-103.03	0.0945924
496.943	-992.353	92.2055
517.46	-475.348	18.1899
189.575	205.048	-14.836
-1416.93	-1095.68	40.9839
1281.17	437.36	-20.7834
235.909	-1481.22	31.7944
-658.623	-164.522	4.90851
-1230.32	-671.475	18.8285
648.539	-192.594	-11.0458
873.847	-699.057	26.9965
957.793	1341.33	-20.0602
-840.589	-1291.25	30.1968
-209.111	-1405.87	60.1962
-638.931	-75.7247	13.9549
-880.786	1221.11	-17.6439
-1245.65	758.193	8.97949
-1070.22	431.093	5.93595
929.935	-1376.52	33.6833
-245.073	47.2107	22.1299
-1059.89	-448.166	0.87939
1394.98	1308.05	-24.7609
-1150.4	-241.457	-4.39752
960.278	-1335.7	43.6181
620.056	-303.858	-5.92606
865.41	427.304	-19.4666
232.539	122.431	-12.3957
40.1753	140.723	-13.5745
-202.958	297.891	-13.0656
-280.51	604.159	-11.91
-782.346	-141.897	-4.70533
1426.35	281.39	-25.7728
-457.051	1398.27	-17.6897
852.537	869.429	-18.8087
258.16	-867.243	111.879
309.693	-314.75	2.99274
-657.154	-564.374	5.98908
-878.699	-1367.58	35.2989
1181.73	1027.68	-18.4734
1236.65	-357.936	-14.7369
-550.272	119.016	28.1806
1341.99	-125.096	-21.3517
-521.476	-933.759	17.8007
-1318.2	1331.43	-9.58574
1336.2	-656.35	-7.81571
-1203.94	186.134	-9.25204
583.597	-772.846	90.0261
830.678	-255.693	-16.4098
-1056.52	1143.53	-13.0925
-622.197	-1282.11	29.6389
-21.5867	-1105.08	93.1284
964.787	-516.71	-6.57375
-926.01	-753.292	14.2974
79.0375	-145.506	12.3799
97.5204	364.655	-14.0046
-545.098	1466.66	-17.4721
-411.857	-1090.81	28.4486
-1012.15	-1433.33	59.3895
-409.729	1429.67	-16.7925
6.5734	-50.7852	2.13737
112.549	765.488	-16.6813
-1139.96	880.579	14.7715
-430.561	-1002.92	25.6469
-1442.01	-175.564	-3.68044
800.4	-1167.91	42.8817
78.0033	489.793	-13.3483
1055.41	-963.988	63.7993
-5.47239	-898.866	106.453
997.034	317.072	-18.5642
-125.796	-1296.52	67.0328
795.666	-634.863	18.911
-7.20718	-1338.57	50.221
-295.423	-1332.95	51.6067
-683.065	-1250.46	26.159
802.831	-942.711	83.2975
856.87	-565.433	-3.23178
-1252.43	1164.42	-3.66534
-1160.18	-1301.38	52.5046
877.994	1341.13	-20.4595
1021.89	182.668	-20.7354
-940.862	-54.828	-9.70051
-489.44	-189.096	26.6739
-747.272	235.457	-0.0322272
434.223	1256.77	-20.9804
-933.806	-1015.19	33.037
1.95309	-841.526	109.752
-705.051	421.899	-8.11222
-1386.92	-713.258	28.5391
-615.854	-893.988	12.6722
-448.808	-1260.04	27.3619
-1255.15	155.455	-8.97788
745.779	-209.455	-16.7163
-825.091	1371.9	-17.4792
542.876	285.277	-19.7493
-597.404	727.974	-4.18381
-220.573	-1150.12	71.2131
-1475.18	1327.51	-6.09989
-1164.62	227.967	-8.77596
-960.866	134.544	-9.65509
1469.16	-1067.14	26.3727
487.97	-1029.69	76.3261
-253.717	-640.295	92.8339
-172.5	-409.509	96.7219
-1158.46	1260.16	-13.8456
-575.571	1042.82	-17.819
1024.16	-1005.37	64.8181
1050.91	-1410	43.5027
-1090.26	-435.236	1.20671
1122.99	43.7537	-21.1029
885.18	659.945	-17.2854
-1145.03	161.997	-9.94373
4.23992	158.725	-14.1125
1425.19	-908.687	1.1306
-1298.24	611.993	13.6587
-1198.27	1307.65	-12.5592
1410.07	-432.145	-14.0163
245.256	-1264.5	39.3342
-334.219	-493.418	72.8109
-408.826	-1112.41	29.1969
-735.728	-112.835	-2.73046
-1362.36	597.702	19.9066
-540.6	354.583	-7.64202
-1023.66	-430.78	-0.478912
214.733	-20.0815	-5.44434
77.1273	890.305	-17.6457
-1202.72	1108.25	-2.36556
282.553	-1289.29	36.2409
-695.7	-462.823	2.67772
-1402.34	-62.4406	-5.06299
-1452.45	-1280.83	61.4984
222.117	-553.087	30.6976
894.956	772.442	-18.7937
-1180.65	1351.79	-12.7474
941.091	782.799	-18.9108
164.488	-533.648	33.5402
1342.53	-1005.64	36.7255
-459.12	-1174.02	24.4812
