735.173	296.448	-21.942
1101.8	46.2604	-21.5763
1226.04	-984.244	48.2557
-911.17	-180.24	-6.73252
44.3807	-1494.87	41.6494
-67.1033	99.4703	-6.29087
-1136.18	-75.6797	-4.59565
768.756	974.425	-17.6473
-1128.49	-1005.88	45.5
248.88	1197.86	-18.2375
-932.74	-694.143	11.8205
-104.717	1130.84	-18.2942
908.267	-989.97	75.2711
1327.63	-472.954	-13.4143
-189.279	826.967	-14.451
1122.53	128.475	-20.8292
-990.634	-1189.63	40.7053
342.941	-371.228	4.9411
-721.983	-1281.75	32.0369
-731.762	-601.81	2.60327
-1484.72	-382.214	1.27508
238.552	798.596	-15.9163
-210.208	177.104	-6.96424
1018.68	-1272.19	63.6072
-1013.73	1383.3	-15.1679
-394.881	-34.2669	54.871
634.777	-1157.84	43.8127
-1290.73	-1217.57	48.6941
-913.415	-180.181	-6.72718
-844.346	165.715	-5.40393
-692.633	-189.505	0.406226
-670.932	233.961	3.76183
-1029.3	-1255.88	49.0563
1033.68	-72.5097	-20.5096
464.188	-34.8394	-10.7668
317.639	1150.77	-20.1619
942.731	-1207.04	58.9059
381.598	-1346.83	30.6807
1182.84	-464.443	-11.2054
-1009.87	-864.47	27.1937
-805.239	704.134	2.77956
-488.243	-655.143	19.2257
-615.306	145.529	23.3294
1042.59	1492.61	-26.3848
-283.179	700.619	-11.658
131.307	-176.247	12.9283
78.84	333.29	-13.4667
786.4	-102.387	-20.5647
-544.161	598.946	-12.1448
-314.78	-468.868	80.9551
-219.529	-1454.07	56.031
-685.414	-663.399	4.15686
876.136	-1020.33	72.7367
798.022	-1186.71	40.4857
-1376.3	1063.98	12.6283
1386.83	325.623	-23.5621
860.34	-179.007	-19.1931
-82.965	924.706	-17.3221
-1155.57	-1246.44	44.3099
-417.264	86.2807	26.1559
-880.646	-200.83	-6.20773
773.332	1167.92	-18.9708
1228.68	-187.827	-16.4903
-1406.59	-27.4131	-5.31357
-1343.43	873.074	27.9818
1118.15	-203.75	-15.1688
-1458.2	1238.25	-3.10054
381.424	-1369.89	29.7786
-219.771	-214.143	61.493
-513.536	-839.733	17.5322
594.191	-1090.84	57.2528
-1320.35	-1406.97	84.8059
1467.75	-693.007	-8.16323
-670.247	333.021	-5.03016
1365.17	-431.118	-14.3469
-365.878	-1332.8	39.8715
-1277.34	-728.4	27.2187
-275.005	192.03	-4.00616
-652.167	-756.559	6.78424
733.25	-105.533	-19.2687
-1486.75	1306.14	-5.60833
964.164	216	-20.8067
-876.105	845.523	6.359
1442.9	666.068	-20.9249
1410.47	-401.245	-14.551
861.954	1350.51	-21.16
1007.89	-1090.38	69.1992
-543.445	580.046	-12.7414
1310.82	602.633	-20.75
-1147	1495.09	-12.7895
-781.932	-1008.5	15.263
-1414.88	-695.667	26.7657
-153.242	442.108	-14.5646
227.658	371.461	-15.224
-981.16	92.1312	-9.76109
1209.28	-1134.76	78.6581
-1080.44	-1446.39	70.8614
1382.88	-312.6	-18.003
1395.11	-1206.67	92.0125
-161.705	968.884	-17.772
626.05	-861.148	93.9556
836.228	-298.777	-14.6143
-408.425	-620.221	36.9992
-996.056	-1046.91	41.6733
1005.15	-1139.46	74.2619
541.828	-1007.45	83.7414
402.962	-1196.85	40.9446
-650.725	-941.453	10.9541
-269.68	192.879	-4.48351
318.309	1320.26	-16.7694
307.141	-421.583	11.4207
-155.852	-598.947	118.078
-263.43	71.2137	18.4183
1149.37	-646.938	-5.36641
-645.47	-388.065	3.7875
-1386.32	-196.926	-5.35115
394.7	-360.188	1.4196
490.941	-1105.88	55.2617
1352.67	-760.794	-5.83483
247.546	1346.2	-14.4949
59.9743	312.988	-13.4275
1479	-147.424	-22.5088
902.016	-187.686	-18.676
-849.135	46.1427	-6.49279
1285.96	-942.519	24.0245
-32.192	-49.7991	5.64531
838.15	1338.29	-20.4453
-334.157	280.272	-10.3046
918.655	-874.083	83.4701
805.462	-1329.04	28.0616
392.236	50.9853	-11.2169
-849.386	-1049.23	22.7107
499.9	675.339	-20.3101
-622.464	792.553	-5.31568
-840.098	214.774	-5.73104
1307.37	-1110.11	73.8913
731.473	-917.571	88.0973
-961.169	-249.604	-4.62811
-1245.19	-127.699	-5.59269
751.63	-1127.07	47.3063
33.3365	802.833	-16.6412
-1064.34	496.524	8.06198
-1175.41	-51.6019	-5.49838
-438.136	390.206	-11.0758
-285.419	-643.392	79.8096
-1014.88	1030.18	-11.2479
-940.602	1185.61	-16.2375
-1054.94	-57.9029	-6.38792
1441.77	-153.759	-22.6732
1355.48	124.36	-23.9243
352.399	1279.44	-18.9248
1051.9	-923.508	63.5095
351.585	-1215.42	41.0596
-115.325	-1265.72	70.1837
1185.92	-77.8844	-17.6799
1293.87	1.91384	-20.6045
-1315.05	70.9559	-9.58614
-370.623	-1498.98	56.0128
712.817	547.065	-18.8422
1233.1	-1066.2	69.2896
1300.25	1179.85	-20.2674
-226.438	-1300.24	64.9944
1386.35	564.429	-22.1923
-1345.71	-518.53	7.39471
-1192.3	546.111	15.8164
929.692	-785.733	53.7023
365.862	-571.916	34.3155
-1312.07	-1050.46	57.6501
1167.93	347.455	-19.7585
447.686	449.713	-17.6238
-58.4815	1460.18	-16.8272
-932.805	-742.513	13.878
239.754	-1117.97	57.4511
-168.882	87.0726	1.3745
1011.32	242.301	-20.1136
-323.272	514.389	-11.9618
117.099	-780.346	92.8237
-361.808	1423.27	-17.106
-1008.2	689.979	4.60135
6.37633	25.181	-2.60536
-168.445	145.728	-5.78608
503.017	-1130.27	50.5983
-1052.91	1023.69	-7.53744
-709.138	-976.827	10.558
-491.544	-1245.85	23.797
517.587	-1267.68	33.3139
1209.73	848.299	-17.8901
347.51	1062.16	-18.0134
-965.828	155.699	-9.72527
180.519	1237.26	-17.5548
542.622	-950.998	103.287
-1385.75	-1399.73	86.0967
1227.55	-810.16	5.50173
14.0148	506.849	-11.9366
230.859	-861.541	108.647
1437.45	1328.64	-26.1124
-652.796	-675.333	5.48252
-1074.91	-1433.96	68.7688
-1102.8	783.722	10.1337
1424.35	-504.25	-12.2958
-354.641	117.893	15.3528
1078.84	-366.407	-10.4481
1098.59	931.631	-17.958
1083.23	803.35	-19.1272
-156.606	-535.136	114.704
-23.1839	841.482	-16.3669
69.3586	761.759	-16.4773
-233.391	-1425.61	56.1655
-723.508	-1385.73	47.6366
1424.69	669.762	-20.8274
965.996	1479.5	-25.7589
1291.38	667.116	-20.8211
-1416.98	-284.277	-2.87097
1298.68	442.499	-20.8662
830.141	1065.95	-16.4511
-1204.51	-1314.56	57.8154
-338.71	-375.514	72.3584
587.384	-1224.78	36.6574
155.864	319.342	-13.4821
806.816	-372.595	-11.4521
-851.718	14.8806	-7.56527
-1148.98	913.588	12.3676
-628.882	616.766	-9.22416
-385.638	839.395	-16.0336
375.87	1239.6	-20.9024
-1346.01	1264.64	-7.7929
1113.46	447.944	-18.4656
685.244	-113.158	-15.8134
1422.11	-279.026	-19.7945
310.937	-488.613	17.3811
-1100.39	-769.761	16.0553
-616.358	51.1006	22.7954
76.9306	-1291.36	44.9249
930.342	1302.06	-17.6175
203.956	1430.12	-14.9726
-193.507	-1142.47	77.5826
1008.44	294.446	-18.8308
220.704	858.877	-17.3086
490.227	-1060.65	64.9522
-1054.86	-226.599	-5.169
1039.58	344.756	-17.7831
-341.97	592.789	-11.188
-36.5193	385.77	-13.3188
-639.067	297.674	-3.29877
-1366.54	149.202	-5.55527
-359.311	-397.807	64.4953
-1322.42	553.16	30.8462
288.338	-687.425	61.0573
19.6763	-273.585	47.2861
1455.92	-956.597	2.4932
1246.52	1317.21	-22.8949
227.438	1345.34	-14.4
-627.369	-144.499	11.6491
-365.064	433.323	-12.433
-813.499	-427.684	-1.45742
1233.94	907.327	-18.1605
287.259	-775.727	91.6588
-221.356	688.868	-11.4113
1308.15	952.493	-19.2417
1190.36	361.218	-19.9187
527.092	264.068	-19.7958
-1076.75	-1419.73	67.9064
-986.26	-1433.8	54.1687
906.679	-1319.8	38.2669
85.0917	-762.368	94.3129
-968.259	-645.118	10.1096
581.774	1363.86	-21.6136
-720.236	-773.973	6.16872
-522.738	1079.43	-18.326
388.224	603.047	-16.9932
-982.355	1055.77	-12.8303
-497.197	-852.082	19.3247
-1189.93	1355.18	-12.5158
-1454.81	-160.856	-2.81392
-1242.85	-1320.16	60.3155
-867.106	117.938	-6.52385
-430.558	-119.816	50.7848
-659.285	-229.257	2.49734
274.185	-358.484	7.22619
680.382	278.816	-21.6915
-177.989	-736.138	91.4769
434.567	-887.146	120.241
1013.61	-1279.31	61.9638
750.015	-429.733	-3.67951
759.059	-69.7077	-18.4492
578.994	-264.512	-5.91047
-992.395	667.448	4.73086
779.392	-567.823	3.49739
857.71	-669.393	19.3319
-959.639	309.999	-9.56583
1083.63	-941.308	59.3201
-1163.43	-789.973	20.0931
-311.213	790.853	-13.422
28.1662	127.582	-12.7387
-32.6669	-721.006	101.562
476.344	-225.473	-5.42759
317.489	-404.872	9.39956
565.176	-1041.21	71.5253
975.583	1134.73	-12.9504
1014.73	1155.43	-14.2742
-876.863	-952.535	20.3356
978.166	850.32	-18.8796
554.505	-149.242	-8.02262
685.858	123.944	-18.0632
1343.57	1300.22	-23.6134
-401.111	639.33	-9.73683
-377.762	-688.49	39.7867
24.8815	-729.612	96.5652
1282.81	1065.46	-20.0348
560.822	-577.225	41.2953
866.606	-617.764	6.45731
285.214	-688.656	61.4825
211.832	-466.336	22.6426
1388.07	331.205	-23.4933
-142.301	-24.1118	13.8131
79.4836	-698.189	78.8449
-881.406	148.946	-7.97736
-851.538	1303.05	-17.9913
-5.92547	226.407	-14.3662
-1320.42	1091.93	4.52438
-1369.15	559.619	31.7379
-1266.74	-1386.23	77.5914
-297.408	-979.635	47.1643
-287.607	167.99	0.701782
1035.52	996.064	-16.5254
-304.321	1319.78	-17.7731
363.462	749.878	-16.6604
-125.891	-108.834	24.6497
578.561	-564.035	33.838
-853.63	1237.89	-18.2846
1405.33	-1031.97	31.9479
1263.68	1287.25	-21.3841
333.869	-133.645	-6.35378
-89.0309	1202.15	-18.3516
-1400.67	385.921	34.8639
4.24898	1096.63	-16.8419
-417.48	-114.7	54.931
-766.605	-1066.48	17.5042
-690.721	1100.07	-17.7408
-756.786	1355.88	-18.697
1271.41	1093.2	-19.8614
827.037	-535.396	-5.01106
1221.24	38.246	-19.1113
862.374	191.72	-21.7729
-1459.88	-180.108	-2.68735
-1143.1	-1305.4	52.8613
396.955	-23.8007	-10.5423
54.5955	-984.816	97.6642
-112.279	85.3055	-1.8383
-1347.57	-209.579	-5.68669
-1422.96	1351.74	-7.22672
1336.5	-1077	61.4851
185.658	-397.329	23.0124
630.962	165.384	-18.6259
-724.526	785.865	2.4511
101.849	826.832	-17.3507
-1160.61	25.8166	-8.60964
257.969	1316.5	-15.4149
69.4931	-84.2773	1.95432
1487.64	-1308.3	93.7422
1134.93	-810.741	22.9932
-218.904	-1157.06	71.6262
-16.0759	-1029.87	105.596
-755.219	1242.31	-18.4764
-858.825	-643.126	4.95886
-1475.39	264.853	5.43485
-713.429	270.117	-1.48985
382.968	447.747	-17.2577
390.532	-1432.29	26.8854
410.737	-1342.7	30.0614
831.032	1176.65	-15.2083
-662.859	1119.37	-17.4224
-1127.79	1186.04	-11.3806
907.217	-942.968	78.8266
1192.31	-402.913	-12.8041
-846.792	150.421	-5.39941
-890.924	-1490.64	45.7335
-915.913	-965.515	27.3166
1117.83	-442.366	-9.15854
875.702	-1232.96	43.3132
-1402.61	-722.58	29.5054
-916.808	650.778	4.52105
-66.9845	1244.72	-18.8062
-1083.44	-773.224	16.7422
600.586	158.155	-17.7385
1111.71	-307.264	-12.3784
771.398	-1131.83	47.2444
-1111.93	-565.851	5.93571
-1101.36	490.686	10.1525
-1354.26	-637.709	21.8555
-148.052	-352.458	87.4264
1129.27	890.403	-18.2468
1495.93	-1303.93	92.4016
-1086.88	-730.564	14.3018
609.794	-1304.16	31.6243
-746.664	-274.732	-2.48091
-432.835	-1086.04	25.8176
-795.847	84.59	-1.47547
1136.86	38.8107	-20.5565
-432.382	-130.254	48.364
1088.2	-1115.89	67.2342
-1212.56	1306.4	-12.2345
-76.4939	-637.612	107.703
-472.817	-1348.55	31.2
243.667	-237.076	2.15753
-1321.32	786.83	10.1664
95.8426	-871.5	104.836
-803.573	-318.657	-2.56634
-136.177	-691.134	104.415
-459.505	372.74	-10.2066
-320.01	1236.26	-19.0883
1255.04	1237.59	-19.5885
-1446.97	1174.23	1.1313
-574.52	1363.2	-18.0243
564.468	717.68	-21.152
-764.002	-1147.52	22.1706
266.205	-1294.71	36.2076
509.174	675.568	-20.5646
512.962	-118.611	-8.52133
822.231	-824.165	78.6232
538.63	-756.424	89.9557
-172.875	947.272	-17.4262
907.847	673.766	-17.2297
1054.07	-867.862	57.1279
922.828	262.151	-20.6763
1324.41	-669.783	-7.70742
357.335	1117.27	-19.6074
1311.58	1227.38	-20.7714
1155.17	350.398	-19.5458
1205.41	483.193	-19.5227
1396.26	-1287.4	98.9887
524.198	1368.77	-20.0348
654.635	-958.587	93.8976
660.776	404.023	-18.9656
272.435	-344.469	6.02511
-1450.36	202.34	-1.03722
1224.54	-1246.29	85.1576
410.261	-86.3346	-8.71651
-258.576	-896.327	55.0279
541.351	-91.1042	-9.45476
-912.187	633.854	4.72976
-728.401	-483.357	1.58041
868.976	852.093	-19.0986
922.09	-1140.76	64.5952
-242.069	-188.067	59.1111
-105.2	988.914	-17.7082
-719.683	-930.983	10.2106
379.156	183.996	-13.5176
-123.884	1225.91	-18.3342
-481.549	-512.596	23.5238
-1488.28	298.212	12.4843
-821.818	-404.009	-1.5002
1124.3	-657.205	-3.61143
-1295.81	-38.6013	-8.69556
-219.191	-1152.19	71.5451
617.398	-1391.8	26.4065
881.331	93.842	-21.7107
-772.164	-1214.87	25.7766
-1399.71	539.47	39.8657
-20.3226	189.093	-14.3978
23.4382	1395.83	-17.1315
-672.667	-21.2581	11.103
-1476.6	1231.27	-1.83817
814.865	-1062.42	64.2777
142.233	124.501	-13.7572
114.138	-1152.02	63.2413
-332.847	37.792	34.7831
-849.572	-52.636	-7.85989
-1354.03	-686.901	26.3273
793.62	970.292	-17.421
-740.447	1439.51	-16.3559
398.932	1184.49	-21.5084
-267.211	-832.9	53.8203
-915.126	-78.7563	-9.30988
62.3621	-453.192	58.607
640.723	-1.46426	-13.2394
463.094	-300.975	-2.35204
65.8761	616.799	-13.3915
379.422	-731.295	83.2817
-1077.8	433.147	6.40923
733.019	275.62	-22.0214
1175.77	-1088.74	69.9493
-262.455	-1094.75	61.0149
-323.681	-229.337	60.8464
-201.304	1378.58	-17.2385
681.19	-871.111	89.6404
474.667	1150.76	-21.5951
1403.19	-862.573	-0.111238
1408.35	76.493	-24.3571
-500.234	-670.732	16.8724
-1237.76	-98.5264	-6.1242
-886.134	532.831	3.83835
-930.098	670.062	4.19153
-581.321	-1150.28	15.9382
1184.48	-566.675	-8.36012
-1114.88	1222.7	-13.6335
1308.07	-165.288	-19.1264
-1266.83	1171.77	-3.57579
981.313	-121.53	-19.8436
329.962	-276.099	0.533253
1408.75	-602.396	-10.083
928.33	974.028	-16.0332
-482.629	-345.533	21.002
331.516	1007.19	-17.1114
-496.08	1482.03	-16.9095
304.165	301.569	-15.307
753.595	-49.1714	-17.1812
1275.16	948.336	-19.0193
661.729	-308.235	-8.13168
0.774782	-1427.34	45.9373
987.55	-62.6464	-21.075
-980.487	1311.92	-16.5674
1024.33	756.677	-18.2758
201.759	810.03	-16.2554
177.494	712.069	-16.486
-1155.34	728.598	7.6833
-212.54	-437.728	103.498
-1273.8	-1141.6	49.9614
902.5	-784.928	57.4569
-731.847	927.797	-11.1853
1490.11	-634.854	-9.91745
602.959	-392.246	2.51607
-1095.99	268.493	-7.99334
-1188.12	1471.35	-12.5236
-208.225	639.297	-12.259
102.845	703.063	-15.9792
7.79992	1432.58	-16.2929
-1350.18	504.377	40.203
-630.926	-333.509	4.45033
-785.111	365.664	-9.10335
214.99	1394.32	-14.3071
-1284.86	-1206.6	47.2403
1108.78	224.14	-20.603
-831.78	162.89	-4.13588
834.977	-956.186	80.6817
-1338.41	-23.1935	-8.308
-199.449	-1445.25	57.5359
1027.51	-1018.93	63.3209
-236.13	-1297.3	63.1568
1195.06	116.989	-21.1216
-152.763	-387.822	92.0391
-990.025	-368.535	-2.34044
1428.76	-739.02	-6.81634
-541.744	1228.19	-17.6791
1260.94	53.5907	-20.2495
-926.301	-1311.64	41.0608
-298.414	-246.603	64.7952
419.865	-422.912	6.17869
-203.959	721.399	-11.5436
1311.57	532.449	-20.6217
-676.541	1269.33	-17.4224
-325.063	-881.898	40.1769
-1237.97	362.352	11.6043
-4.91087	-348.12	71.4136
847.94	1180.08	-14.2061
-563.895	-56.645	30.2333
-897.543	1255.35	-17.3668
1454.03	1055.33	-22.1355
996.76	309.515	-18.7305
1241.22	-1286.6	88.9017
-1037.17	-1481.64	66.8148
-1074.86	1316.21	-15.6337
-1243.08	-1390.03	77.7302
-329.946	-678.137	58.6258
-1394.85	-395.141	-2.07048
975.286	-1492.14	24.8441
644.074	631.477	-20.9408
-289.053	-1015.47	52.2419
-1304.55	-88.0711	-7.60707
-70.1959	937.741	-17.1762
-470.028	-755.412	20.869
1489.95	-1350.67	90.7147
362.152	680.31	-17.0174
-1033.41	1468.42	-14.2878
1.60504	515.703	-11.7918
1287.96	-553.33	-10.5628
-830.629	-733.839	6.77813
-595.467	-1273.59	27.8983
526.666	-1025.7	76.2198
1434.62	-165.006	-22.2942
386.68	318.969	-16.7432
981.859	-466.93	-8.59097
613.635	112.15	-16.2211
867.444	-439.389	-10.0466
-681.608	376.438	-8.063
345.913	-1426.94	28.5538
119.798	-746.617	86.0829
-508.789	36.6754	41.614
620.73	563.566	-18.8849
-719.538	-105.874	-1.63659
-905.226	-1342.13	38.1812
992.026	1310.72	-18.6616
711.357	-551.927	13.4602
-568.502	1410.6	-17.9067
1069.02	53.0327	-22.1397
-1381.46	-1009.41	44.9798
921.402	503.363	-18.5064
-1069.54	980.8	0.338876
-979.497	597.8	5.17042
-888.958	719.669	4.32685
1199.88	-698.151	-4.61101
-1370.15	713.748	8.9904
-47.852	-400.975	82.7723
-1151.8	-1385.41	69.2193
353.098	877.8	-16.3361
1408.49	1282.99	-24.2468
969.297	-1417.19	31.4056
-603.237	755.351	-5.06105
654.938	-247.484	-10.7218
208.449	-465.574	22.8223
119.281	1443.8	-15.7835
-1041.36	-541.081	3.93611
-985.05	444.168	1.39371
-1273.23	738.773	7.44615
138.288	-456.33	34.3218
363.315	8.30592	-10.194
1009.39	-696.28	10.9928
-1101.38	951.228	7.23785
381.332	207.265	-14.5069
1077.51	-1053.58	61.1311
-1046.97	-619.572	9.78689
988.031	-94.3543	-20.3203
-246.358	-577.303	106.378
-778.872	-159.831	-4.52082
1340.6	-587.327	-10.0511
-734.123	398.113	-8.22794
651.392	-808.358	85.92
609.381	1059.07	-19.3617
259.391	-1027.44	81.0837
161.898	1344.68	-15.2159
1470.12	815.576	-20.3533
217.301	782.27	-16.1675
948.399	43.8305	-22.2506
560.57	1333.02	-21.1728
1053	348.738	-17.9708
1076.59	711.03	-17.82
-1285.88	-31.8261	-8.76875
1229.8	-516.527	-11.1434
499.032	-1061.72	64.2958
-880.405	-591.428	3.11709
-899.26	282.575	-10.8726
100.567	-893.491	102.058
-653.089	-377.002	3.35656
-59.3665	-431.025	85.1443
605.306	-387.863	1.87412
-792.856	1361.19	-18.3575
1086.74	-572.599	-4.89233
1223.53	-759.874	-1.56205
1280.74	4.53122	-20.2146
921.392	-1185.67	58.0271
-879.802	334.385	-10.6588
1184.4	-320.372	-13.1876
941.511	-1126.39	68.6425
1118.92	-1347.53	67.3559
458.247	1010.89	-17.8313
-177.009	585.681	-13.1087
344.498	-639.925	49.5054
-403.699	133.752	16.2254
949.858	-1076.82	68.3046
316.496	-689.312	63.0074
1126.9	-521.546	-8.17997
-870.868	1264.4	-17.9764
-821.949	-1068.48	21.6773
1158.25	-439.189	-10.8768
-1200.33	492.328	18.3159
985.164	432.474	-19.0136
974.344	-191.347	-18.1307
-1213.96	-1028.39	50.1462
-626.618	-33.537	19.2366
-495.382	-1371.54	33.8004
46.5896	3.57515	-1.9662
288.296	-223.693	-1.06254
1220.7	-1032.08	60.9329
51.8362	1125.08	-17.9048
-681.505	658.951	-4.64447
1275.24	-988.31	44.0872
93.0079	361.522	-13.952
679.794	160.622	-19.4053
1443.4	1497.35	-24.1243
355.354	427.375	-16.9054
725.614	-1264.98	30.5699
1426.92	-543.988	-11.699
-1429.5	568.848	30.5827
-340.538	-33.9512	52.3944
-457.033	-1245.35	26.2767
1067.8	-445.946	-8.40705
381.7	1469.75	-16.717
-837.904	-908.738	14.7114
-176.235	625.518	-12.5911
-725.625	-111.45	-2.28532
47.7129	753.709	-16.3024
-1149.97	-1414.28	75.2521
-1442.19	1331.38	-6.66427
-631.392	1069.33	-17.8471
1419.38	-376.146	-14.9564
-249.779	-460.579	100.295
1484.61	420.635	-26.1751
1392.04	1427.98	-26.2957
526.316	1134.56	-21.8533
822.133	1209.42	-16.4575
749.022	-1053.78	66.7447
253.133	899.521	-18.4123
1311.4	-1061.72	61.3603
-1160.55	-136.997	-4.84831
287.659	-708.393	69.0435
-709.055	472.219	-6.22405
539.414	304.298	-19.4261
-4.83376	481.75	-12.7498
-242.443	-417.563	94.6998
-273.927	-448.673	94.7129
303.16	1066.26	-18.3816
-1310.08	1339.82	-9.91018
1100.64	1188.87	-17.8021
-100.459	1393.52	-17.7665
-607.202	769.082	-5.41477
1360.92	274.691	-24.0353
-447.877	-1197.42	25.7271
-344.301	-846.973	37.888
1289.36	851.042	-17.7862
327.305	944.613	-17.1187
952.521	-457.831	-9.23255
887.285	1382.1	-23.1085
-1150.1	-1348.06	61.0604
1111.97	173.066	-20.875
680.878	-297.257	-9.78565
254.512	-1145.67	52.7269
-995.046	1453.36	-14.9799
869.743	-1241.84	41.0474
-216.785	-402.938	94.4064
-1349.28	-41.3227	-7.70107
-1048.04	-131.19	-7.11848
896.698	-1076.17	67.4364
-918.349	1127.86	-16.1946
-622.74	25.9845	21.6385
811.356	618.5	-17.7355
828.861	530.996	-18.7969
-1005.45	669.536	4.91449
1214.43	1186.31	-19.0694
-1477.78	-208.831	-1.76409
-822.848	1195.4	-18.684
-1331.85	72.2425	-8.97524
-1377.27	-50.5114	-6.3342
-1060.68	587.559	6.67595
1356.63	934.619	-19.4739
32.2074	829.006	-16.8172
1332.83	1293.16	-23.1981
-373.991	673.868	-8.54821
862.699	-206.386	-18.4117
-1002.66	-1105.83	37.6513
-1023.69	659.366	5.35881
-197.106	268.88	-12.6284
248.263	441.922	-16.2218
482.557	307.028	-18.4844
331.541	713.272	-16.3833
-415.07	-307.439	41.0476
1432.37	1294.98	-25.0125
264.99	-1242.01	40.8338
-252.043	-94.166	49.6648
-400.471	541.629	-12.2593
493.929	1466.9	-20.9131
-1409.11	1222.47	-4.20033
1208.75	690.764	-18.2229
963.763	1185.99	-12.8925
-587.636	474.164	-9.9677
186.408	-257.864	12.2826
113.625	1367.61	-15.9076
318.207	-78.5027	-8.04828
-1238.65	-1490.03	97.4328
-1419.32	529.814	44.1868
-830.812	-732.592	6.75745
-907.143	-82.0708	-9.27344
1314.72	-140.553	-20.1419
1454.21	1063.91	-22.0682
95.061	-256.21	27.6834
393.316	-1422.1	27.249
1393.71	-1122.62	66.9186
1144.35	-1219.02	75.5618
-302.157	1048.87	-19.2663
93.1342	892.776	-18.0067
-1458.18	-794.958	20.2299
-1024.77	419.53	2.82375
208.872	571.526	-14.8047
-1361.15	84.0195	-7.71702
-75.7222	685.94	-13.0627
1163.08	1331.43	-22.0854
-1232.54	35.8405	-9.97319
1160.93	-826.135	23.1869
1164.24	580.157	-18.6671
-368.528	-835.295	34.584
1432.03	511.594	-24.403
-648.506	-966.156	10.1751
-126.042	-1338.56	66.4472
-1231.23	740.179	7.75229
32.3297	-1241.15	56.9026
-846.463	352.464	-9.85919
1297.52	-311.068	-16.5838
-329.112	36.6833	34.8749
483.14	-1288.15	32.0253
904.723	-222.223	-17.6766
-380.609	-1404.87	38.8101
-1458.57	-795.673	20.1999
360.609	-1228.47	39.5007
151.281	303.059	-13.5818
-1447.91	1115.74	10.5732
-118.298	-1306.74	66.4875
1218.59	43.0795	-19.1412
903.894	-525.944	-6.57699
625.282	578.889	-19.385
284.74	-672.44	55.2961
1194.22	-495.081	-10.7097
-815.225	-868.756	11.4399
385.333	-453.7	10.6384
-76.1476	-367.647	83.0298
1276.42	-970.77	35.6213
-503.987	-922.274	19.1682
-714.309	729.386	0.579564
267.554	-1014.33	85.4331
-946.765	-883.99	25.6291
-1044.63	1237	-15.6108
454.801	29.3451	-12.7148
-1443.22	-1381.91	88.1852
-713.488	-73.9464	0.855819
-547.923	1045.69	-17.9425
697.16	170.984	-20.1243
-369.786	-1061.45	34.4954
595.81	-774.092	88.4854
-1294.71	300.372	9.14592
1406.11	-937.382	5.60773
-1171.56	503.098	15.4698
-206.066	-1329.48	69.0292
1221.81	233.985	-21.9521
-1232.02	-1206.41	45.667
-166.077	1485.98	-17.4927
-648.65	-1294.86	31.951
319.039	-1105.64	60.9584
-495.091	44.1236	40.5023
1401.34	-974.723	12.9642
-104.041	1117.21	-18.2648
-41.1258	-697.392	100.685
-326.924	228.606	-7.24256
1006.38	1463.92	-26.7208
-242.95	4.34627	29.1712
722.473	-353.01	-8.42405
1299.91	-1394.21	92.6383
1045.42	1258.23	-18.5072
102.329	-136.726	8.36939
822.082	-699.423	33.9251
64.0165	1480.8	-16.0031
794.369	-798.768	72.2008
-402.873	-756.747	29.5715
1451.64	800.172	-19.5466
-231.235	1325.74	-17.4967
-752.809	795.146	3.67866
-1108.42	304.186	-4.5105
-888.78	1006.75	-13.4654
-48.5044	-832.279	103.711
567.286	125.66	-15.71
-91.1358	897.371	-17.3796
837.633	1089.43	-16.0765
-29.4784	-123.218	19.3001
-196.291	1492.66	-17.4531
1374.92	295.393	-23.8345
130.422	-411.76	36.9893
-1236.28	-441.904	5.35991
-550.841	1220.38	-17.5378
982.445	714.922	-17.0651
857.411	-1136.64	54.5913
1041.49	792.775	-19.2386
261.686	-1142.63	53.084
-1484.42	-453.392	2.19313
-363.8	354.005	-11.1887
-1287.42	-857.685	42.721
-1306.93	-666.853	24.0011
-186.347	904.584	-16.5063
1403.03	1086.76	-21.5059
-879.208	-520.37	-0.489688
-176.574	1027.66	-18.3985
1319.58	628.362	-20.5025
1236.29	-491.791	-11.9374
-907.189	-847.575	18.0531
108.678	-108.379	2.94812
23.654	-1276.75	52.5518
-1457.73	-557.226	9.11614
701.157	-648.452	40.407
-330.929	-219.516	57.7
50.7003	890.709	-17.1326
-1085.97	-323.077	-2.70732
611.548	277.09	-20.6646
-855.945	-642.541	4.77262
343.265	1271.05	-19.0249
1200.54	-96.2736	-17.5053
42.9898	1254.61	-18.7114
1051.28	-486.542	-7.14489
-399.617	-699.013	33.6061
-305.251	-468.303	83.721
222.316	367.676	-15.0611
-659.822	112.809	18.3765
-951.828	-894.984	27.0776
812.9	477.545	-20.0167
328.442	-886.552	118.878
1410.56	-809.365	-3.83176
-691.419	607.584	-6.22564
-1005.98	-1357.44	54.528
867.573	1498	-24.2954
228.656	1113.62	-18.9704
-1059.13	495.206	7.81154
1125.58	-429.107	-9.78078
1295.13	1039.16	-20.0346
-1291.57	-80.7917	-7.48845
1103.3	-434.42	-8.74599
-887.763	-457.638	-2.01579
141.859	-1424.25	37.1256
-890.814	436.632	-3.74192
960.824	-153.232	-19.0959
-1092.25	-1000.81	44.3746
-528.647	-167.938	23.6793
864.64	-1298.36	34.673
92.4622	347.227	-13.7035
587.203	-867.102	101.314
-53.1989	-379.125	82.0125
1078.32	533.735	-18.4094
28.2723	390.221	-13.9634
-212.176	570.818	-12.796
-1272.27	98.2956	-10.4546
-740.78	-743.605	5.16861
-1095.54	246.581	-9.00837
405.141	-1113.32	57.3642
31.3246	-307.456	52.3118
-431.427	225.839	-0.400643
-1255.61	1417.25	-10.6855
862.636	-1382.84	27.649
801.637	1029.9	-17.6718
-143.383	616.533	-13.036
623.977	-1352.25	28.7573
124.35	-1274.11	43.0569
-1299.45	-1301.55	59.7973
1199.58	-41.4931	-18.039
1453.64	1460.96	-24.7594
448.151	505.837	-18.4218
-1383.51	1.22424	-6.70591
-1029.49	352.193	-3.22906
-184.43	-199.825	54.4801
-841.309	-1193.85	31.5944
1251.17	-1075.56	70.3262
-468.619	1447.51	-17.242
-710.433	623.462	-4.52229
-1021.19	-1342.82	55.7444
59.1274	-453.402	59.5636
-1471.13	106.743	-3.82916
-1033.98	-1146.67	36.1323
862.587	-1270.99	36.2055
812.583	1071.73	-17.2101
1153.34	-1109.51	70.9173
1169.76	522.492	-19.4202
-1149.75	1431.37	-13.2839
1139.44	1196.53	-18.1651
-1362.1	-1348.72	71.614
223.848	615.109	-15.9231
242.676	-1121.43	56.7869
-1327.32	-1233.06	51.9345
621.844	1452.71	-24.1809
-751.016	-1314.58	36.0695
-1039.98	541.393	6.62525
-766.853	615.229	-0.670365
-277.175	270.499	-11.3011
549.4	-455.014	13.0789
-1301.31	-146.011	-6.56948
1070.14	-883.595	55.2329
1003.8	1228.83	-16.1903
-585.199	-120.71	21.8744
-328.887	157.659	5.37478
1284.12	498.642	-20.3589
-1283.64	1264.54	-9.97699
-136.687	-1476	54.9646
-651.532	429.561	-8.20237
-1272.29	-308.452	-2.69533
1326.33	224.919	-23.7049
-1213.85	-41.7535	-7.02889
-581.888	-32.1656	27.7507
251.873	230.101	-14.8673
-588.685	-463.801	8.66602
-1227.11	-803.67	26.7942
-176.394	567.993	-13.2964
1089.67	-744.152	10.2666
174.848	-1237.89	44.0795
-597.064	-261.534	6.51315
-984.577	-922.535	33.735
-424.143	-762.022	26.2128
216.019	-655.232	51.7264
215.241	1259.95	-16.7787
604.866	440.794	-18.4378
-515.3	-1097	18.7757
-1428.86	148.083	-3.70197
-140.957	1403.82	-17.7917
1177.86	-952.136	44.0684
826.441	-618.083	8.2728
3.49449	-942.423	103.208
903.559	298.761	-20.4632
-436.997	836.471	-15.1856
-718.444	1338.33	-18.282
809.456	-1227.02	36.9623
1248.62	853.515	-17.8096
426.493	465.659	-17.6166
825.123	686.098	-17.8761
-215.912	407.548	-14.9881
614.041	642.333	-21.732
1377.66	-544.447	-11.5797
-707.358	30.8521	7.22708
1325.01	-355.982	-15.2556
-491.505	-18.1775	48.2302
1287.15	97.2384	-21.9988
736.775	-1116.96	49.08
1092.9	696.944	-17.5236
1089.15	-1387.79	54.8769
-424.967	121.097	20.5468
871.827	822.396	-19.5318
-601.721	1143.53	-17.5529
1085.18	1046.3	-17.0575
665.452	851.024	-17.0756
-38.1536	1256.34	-18.9781
768.689	-640.111	25.4293
1125.93	695.321	-17.4447
757.912	19.6391	-17.239
1435.27	-29.2653	-26.7284
919.687	-663.453	11.976
-1097.53	-824.083	21.8811
-93.8685	-862.161	94.9087
-57.5484	-96.7343	16.7463
912.863	-613.032	3.432
538.291	-393.438	4.38846
1300.44	-552.659	-10.7041
-870.329	-30.3798	-8.54026
-1115.44	-1042.28	43.8616
-1355.58	-1162.07	50.1648
-1204.17	-854.072	30.062
-1439.09	-1006.9	31.6156
-315.867	747.794	-11.6905
-327.526	-850.761	40.2897
-727.144	739.834	1.77071
-1373.38	717.233	8.85168
-916.945	-310.079	-2.63393
1275.85	136.7	-22.6408
-1317.09	-62.3178	-8.37385
200.876	1358.73	-14.4262
-55.1097	-285.751	63.3065
601.915	346.445	-19.2807
218.355	93.2269	-11.5717
-829.984	-1131.42	28.9799
1045.84	-909.335	63.1815
424.592	1217.45	-21.7613
-1069.98	-362.147	-1.60962
795.684	371.497	-20.7227
-1307.98	-5.3965	-9.47115
1247.19	869.118	-17.7761
603.752	1062.3	-19.4421
-418.018	46.8874	36.5633
1494	1268.28	-24.479
1169.97	1383.28	-25.3992
-122.002	32.2161	3.39226
1204.44	-1160.06	78.9171
677.909	532.211	-18.7489
546.411	1299.6	-21.2722
495.589	287.823	-19.0465
-134.713	925.795	-17.4857
-576.788	1088.08	-17.9063
772.529	-997.252	79.0266
1286.42	618.305	-21.176
-773.373	-661.458	2.92794
-777.096	1440.27	-16.3445
702.124	16.0371	-15.352
-812.044	-1171.76	28.3222
461.327	-576.453	41.7285
245.222	-62.9351	-6.04863
702.704	-335.728	-8.66198
832.394	1347.76	-21.1047
1243.02	-1416.02	82.6469
-1393.63	-931.599	37.9971
-818.302	-128.471	-6.34301
1101.29	650.452	-17.2419
1029.62	533.692	-18.4585
631.167	789.913	-18.8741
-1320.48	-240.188	-4.87678
-1022.16	358.511	-2.75481
-729.447	1313.96	-18.167
-749.747	1199.2	-18.4928
-630.633	604.396	-9.99297
-266.78	-832.559	53.9546
-377.019	-236.069	47.4152
487.965	-646.605	65.1037
1200.03	1117.32	-18.7207
869.01	-707.34	30.9548
-1218.6	801.02	13.1664
-360.557	-1433.32	44.089
229.252	-1457.21	32.4663
974.106	486.491	-18.9985
425.487	458.069	-17.5524
439.82	-1342.24	29.5878
1101.82	441.074	-18.4196
1495.83	1465.53	-24.2198
983.125	-573.227	-3.5033
501.299	917.571	-15.966
978.598	-920.815	73.4907
-351.236	-467.74	67.0271
-34.7027	-632.333	96.7711
-329.532	403.281	-12.6804
-383.143	-204.89	45.6457
19.1129	-1327.88	47.0937
75.0977	-1415.72	40.2502
948.9	-774.325	46.5164
1055.96	-1165.04	72.9498
-1139.17	942.618	9.31368
-944.44	-694.457	12.4451
-19.0317	420.316	-13.1983
61.4729	-33.3759	-1.26846
-1462.2	-843.866	23.5603
-378.185	836.528	-15.8974
1103.27	-532.559	-6.97435
-263.867	444.002	-14.1552
-88.687	194.07	-13.037
976.735	-304.683	-15.0959
836.112	-28.0512	-18.6944
-1061.11	-314.288	-3.06993
-610.728	-824.62	10.4306
-990.405	-331.758	-2.4276
-1395.56	489.17	45.0982
-813.788	1301.88	-18.6042
1305.19	-95.9412	-21.0405
-682.043	889.116	-9.75047
-402.529	592.889	-11.3523
-648.684	-958.395	10.2203
816.226	-78.3253	-19.8462
-163.008	1261.01	-17.2052
-18.568	1274.49	-18.933
-1098.51	349.512	-0.338112
852.253	325.192	-20.7488
-826.513	-160.917	-6.60733
526.099	520.491	-18.4349
984.224	-444.938	-9.39219
770.575	1238.9	-19.314
1486.65	-534.515	-12.1431
-1362.23	-96.0142	-7.19905
393.052	1238.3	-21.0647
-213.093	423.849	-15.1144
-621.425	-879.556	11.9657
228.193	530.461	-15.223
-609.529	-899.408	13.0906
-22.2324	85.1558	-7.51282
311.812	256.506	-14.9363
751.932	-1495.91	21.205
459.406	333.352	-17.8491
484.711	422.598	-18.0054
1039.41	-185.201	-16.8487
684.492	-999.627	82.7918
26.2073	-600.857	78.3211
1314.03	1170.84	-20.4092
-1351.41	-990.9	49.0097
937.969	-1359.4	36.4247
1144.32	-322.785	-12.0786
956.722	282.823	-20.0577
398.322	-402.454	5.12009
27.8046	-845.216	109.135
377.843	-258.054	-2.2341
-454.358	-879.685	23.4189
-171.365	-388.189	94.2156
1111.51	225.926	-20.6389
-348.472	-841.795	37.4031
344.03	1413.22	-16.0171
470.147	-803.66	106.152
-924.798	641.891	4.51162
-1394.53	-914.875	37.7689
193.97	-186.218	6.09026
1014.38	779.628	-18.8588
1490.09	1310.43	-26.2419
50.5358	-413.253	63.7612
706.249	193.922	-20.9583
723.851	97.446	-17.9828
-337.123	1114.42	-19.8105
487.378	831.74	-17.0584
1059.39	-1211.19	72.4654
582.632	204.069	-19.1261
861.009	-318.631	-13.9962
1005.98	-551.4	-4.40126
-983.269	-710.972	15.1012
-607.177	-1166.9	16.2006
-1340.88	230.016	1.51905
164.527	-1188.54	51.8743
1447.32	1374.48	-27.1103
368.38	-101.894	-7.88629
1065.52	-611.464	-2.82677
-617.661	-684.5	8.16586
-758.038	-463.248	-0.0661757
-758.824	-1326.15	37.3978
-1228.83	473.873	21.9559
104.133	1270.52	-18.0486
-787.606	-300.346	-3.12663
185.513	1010.31	-19.8545
-1331.32	509.467	37.5988
-675.018	-313.794	1.66376
636.577	1126.32	-21.3972
430.804	-878.04	121.69
1264.28	-1210.48	88.8716
772.576	-1222.21	35.6795
-471.812	610.264	-10.6022
911.199	1488.67	-24.8122
-690.526	-901.507	10.2341
1187.77	1228.03	-18.7932
739.928	-1160.46	41.4038
-1294.05	278.331	5.46936
987.989	167.647	-21.0521
357.679	-104.096	-7.8054
-756.404	-1335.78	38.3575
548.998	-779.452	93.8543
787.792	-736.347	50.2148
898.268	214.495	-21.3947
-954.714	701.833	3.47879
47.8727	-1059.04	92.7913
27.7811	-91.0708	7.47413
-914.269	-938.31	24.6965
-917.99	-1299.48	39.7304
-477.814	-1071.81	21.3386
-26.671	-1203.32	67.6925
-967.899	-640.445	9.68829
-917.348	-171.203	-6.93422
-397.977	-571.97	42.6381
-742.616	-433.586	0.448969
-1074.21	485.596	8.92672
-1092.97	-956.194	43.3322
619.067	474.212	-18.3272
-1430.48	-549.581	9.43732
1263.47	-1219.32	89.1028
-460.375	1476.68	-16.705
-383.58	1136.05	-19.6833
839.463	-308.529	-14.2262
-1118.95	1333.8	-14.4864
-1294.07	935.536	30.1293
1346.23	-469.683	-13.5744
817.872	1269.08	-17.5742
-227.376	89.0876	8.71375
568.779	865.675	-15.9571
-122.083	1337.58	-17.8371
1376.31	42.9964	-23.074
-501.485	947.892	-17.7374
-1422.95	-439.263	0.885807
1317.16	-1235.13	96.8151
1315.61	538.832	-20.675
-1300.34	514.154	32.8736
-114.748	-890.716	88.6558
-688.041	-1369.6	45.6461
-750.773	1026.68	-15.7846
-334.179	-1174.34	42.491
-1263.28	1136.54	-0.877604
544.582	681.476	-21.5619
-969.161	925.299	-0.51744
-849.237	339.342	-10.2246
1250.36	-1250.02	88.5981
-697.587	137.017	14.4934
-863.551	-6.45865	-8.30891
-1458.74	-85.8087	-2.44249
225.273	-547.44	29.497
-1313.41	-430.206	0.583755
1180.45	-528.761	-9.52839
181.672	1361.52	-14.7463
-881.48	-114.027	-8.5428
1095.95	913.247	-18.2484
588.124	551.09	-19.0017
-1138.99	1363.1	-13.8062
-263.704	628.494	-12.0297
985.207	1137.35	-13.1951
-787.983	-984.394	14.2663
1303.57	878.933	-18.1482
-97.1829	-354.307	83.8156
-94.8444	693.316	-12.7275
1130.72	831.087	-18.6273
619.585	-421.542	5.00818
-643.485	-1106.19	13.0696
-1316.08	1093.94	4.29834
-210.554	-1281.72	67.953
-1478.85	714.923	7.0814
-454.051	-401.355	29.4434
-25.4522	1335.54	-18.2491
-116.322	-99.8417	21.8058
920.689	-685.305	16.773
-406.209	-1157.83	30.871
1208.13	413.459	-19.6275
-608.616	-622.16	8.83614
305.864	-1269.83	37.2637
-611.903	903.936	-13.9058
-116.752	-381.299	86.666
-923.277	1027.2	-13.755
74.512	-836.901	105.111
-1263.72	-921.094	43.9968
291.915	785.896	-14.9997
931.456	-901.268	80.4599
-1360.13	-1189.51	49.5145
-1242.59	69.6032	-10.5115
-1190.69	66.4489	-10.3566
-598.944	-173.913	12.5191
785.735	-587.674	7.48892
-619.665	-484.178	6.96654
1080.82	710.586	-17.8053
968.114	207.344	-20.8357
33.4172	-123.728	12.9791
401.623	-1010.35	89.1492
96.9094	-438.711	47.7935
-311.756	478.965	-12.3664
677.568	-301.845	-9.38651
573.136	1375.52	-21.5353
-88.9882	-1115.6	95.3377
872.498	-1150.88	55.0468
624.555	406.884	-18.6106
-1286.61	1460.36	-9.99008
-1469.72	359.747	28.2817
-197.646	-1171.95	76.686
-1211.66	510.947	18.8028
-836.91	-499.407	-1.29161
-860.319	818.25	8.40729
-1372.76	-134.125	-6.57016
-288.536	1140.33	-19.8368
54.4273	1205.49	-18.2422
301.073	-1125.62	56.5345
174.166	-677.161	57.4433
1265.2	963.122	-19.1711
491.803	-548.718	33.8436
1331.19	1293.83	-23.1867
46.2444	-1311.82	44.7524
-578.893	1484.93	-17.3726
-112.382	-1184.78	81.9256
1404.27	402.512	-23.808
1374.7	1165.39	-20.7984
508.903	1283.03	-21.0613
-580.607	1080.97	-17.9027
1083.25	502.34	-18.9439
-1156	1252.87	-13.6984
-1225.65	1316.8	-11.8831
262.812	919.665	-18.5687
-34.5792	-1216.08	67.2103
-951.666	-690.575	12.7245
-95.9152	556.594	-12.5848
-763.733	281.035	-4.8658
-336.086	-673.856	56.9183
-862.633	-551.913	0.554182
67.451	-211.949	26.883
-1441.19	947.9	25.9471
-825.797	-1414.53	40.53
1377.07	-1295.05	98.5987
-366.306	-346.497	60.6249
-145.686	-931.131	85.6178
-74.8866	223.505	-13.8599
1152.66	288.455	-20.2816
847.522	382.924	-20.3523
772.148	1160.93	-19.0413
-811.854	823.788	6.84693
-145.396	328.335	-13.6984
60.1804	-956.625	98.935
1405.36	-581.53	-10.9449
-835.13	-1455.56	42.8556
923.089	-1008.26	72.7988
-26.6988	-961.766	104.73
963.402	867.843	-18.6969
-714.166	-250.498	-1.46204
956.378	-982.738	73.071
-568.58	569.132	-12.3872
917.544	638.349	-16.9012
-847.368	853.239	5.4732
-175.951	1232.73	-17.5743
544.944	-191.352	-7.06044
-357.585	25.1643	39.4288
-589.915	-107.887	23.0608
-1273.49	-1052.59	54.8534
1468.14	-234.037	-20.4052
-839.78	902.263	-0.963932
791.066	-1130.01	48.2577
1236.88	939.832	-18.6772
-248.299	-835.472	58.4555
-579.059	1304.43	-17.5163
-269.388	1332.5	-17.5782
1408.12	-1026.52	29.653
-239.469	502.772	-13.4906
-1154.06	-60.1168	-5.02643
-785.103	1225.4	-19.0987
499.091	-1008.96	84.7608
-477.002	-698.751	20.77
1273.74	363.597	-20.2418
1445.14	-1318.08	96.0709
-169.151	23.7897	10.9748
-557.373	-571.429	12.6885
-985.225	-1440.99	54.1854
74.0735	948.287	-17.8097
-544.149	390.39	-8.7339
-359.899	-905.595	35.2078
-447.214	-212.746	31.2934
454.754	1402.88	-18.6956
-748.88	-1360.57	42.6414
-572.304	886.905	-14.4642
609.332	592.027	-20.1738
147.42	-127.313	3.89166
-1493.12	-663.785	8.55336
-1013.16	-609.17	8.68826
399.737	-1242.43	36.633
639.106	658.669	-21.4762
-1045	-278.677	-3.69538
-139.215	1185.13	-18.6575
-526.126	461.186	-11.3701
354.262	-791.96	101.624
966.057	637.287	-16.8742
-645.631	-632.703	6.62967
-1050.04	-427.029	0.0258849
1215.19	-1401.79	80.0612
380.231	764.164	-16.7261
735.873	1052.91	-19.909
794.868	23.6265	-18.4493
-409.485	1415.31	-16.9781
288.297	5.67267	-7.66483
-1100.2	913.128	11.7075
-596.418	-141.521	16.9747
-1111.91	-38.893	-5.22735
-1279.32	538.088	27.6979
247.237	-613.952	41.2973
-177.509	-57.9799	26.3594
-1165.29	380.547	7.6861
1215.95	712.54	-18.1999
1304.37	1355.32	-26.2558
16.8041	844.405	-16.5571
-1388.07	1170.01	-2.11043
-928.141	-1266.04	40.5744
-377.201	603.246	-11.1257
-853.794	182.22	-6.20057
1138.19	-1148.44	72.9378
-627.931	-1251.1	25.5794
168.725	647.179	-15.8968
-544.473	590.909	-12.5602
-476.355	443.662	-11.5671
997.667	1302.26	-18.6803
601.181	1280.41	-22.1295
1153.12	1098.45	-17.9428
-943.27	-854.746	23.1792
-1495.55	-314.555	1.54583
272.768	-570.078	30.4994
-918.419	-866.242	20.4538
-1115.01	714.932	7.26396
702.855	-1107.57	51.3965
-1099.67	-1077.76	42.3345
1390.15	759.142	-19.5216
-247.177	1420.8	-17.3503
-961.837	-650.517	10.1566
258.477	-321.503	6.76541
-395.72	214.358	-0.710027
89.2647	-569.801	56.9868
-1102.39	1449.26	-12.9144
747.39	157.519	-20.597
1321.57	-1078.68	63.3851
937.948	1096.99	-12.4207
1370.23	1229.85	-21.9019
-876.939	-1189.31	34.9311
1100.21	150.348	-21.2489
1217.1	916.781	-18.2564
123.95	890.736	-18.4862
748.51	763.758	-19.5315
-339.078	228.208	-6.52072
-1480.14	1279.36	-5.33832
-93.1523	-186.479	39.7654
298.143	-286.584	2.07148
97.3918	-1334.95	39.7516
-1213.57	-326.55	-1.06495
279.278	1032.91	-18.3804
997.423	-711.143	15.438
1436.69	-925.774	1.07631
-1229.26	-1031.55	51.1098
761.264	-319.876	-12.3763
1050.92	-344.43	-12.2365
1368.88	390.309	-22.6672
-127.23	209.074	-12.0888
-823.955	-668.07	4.55295
-955.384	-1474.2	49.9257
-1415.29	-1457.22	108.187
1074.9	49.619	-22.0797
-859.186	-477.761	-1.82052
-485.658	-300.683	18.954
-393.336	852.534	-16.9014
771.118	-99.2977	-20.4152
-1116.53	-405.979	0.956877
-717.713	441.761	-7.29971
1219.55	-506.857	-11.2348
1347.28	622.11	-20.2247
885.181	623.367	-17.0158
823.219	-623.277	10.3906
420.093	755.807	-18.0651
-496.772	671.006	-7.51402
-1364.96	-152.392	-6.33188
729.307	1435.15	-26.0548
-1072.73	-1406.48	66.399
-1144.29	-572.722	7.53688
792.465	864.458	-18.594
-1478.49	-218.383	-1.56009
-1247.17	-1469.55	93.9151
296.035	109.377	-10.4669
155.879	-103.179	2.42829
-485.67	389.974	-10.1266
1249.8	-1133.69	83.5865
-801.482	-583.076	0.774134
-23.55	-112.726	16.742
622.351	-595.836	37.8089
936.425	-301.827	-15.2662
-1431.73	1095.96	11.8334
628.684	1369.29	-22.9896
-1385.04	775.998	8.63421
57.9678	838.74	-17.2263
-814.781	635.921	0.547127
1022.83	-416.465	-10.2615
-718.172	351.673	-7.6711
-1202.89	-1170.47	44.9554
-1422.93	-1286.67	60.8972
-221.55	585.667	-12.5917
745.601	-999.172	80.0044
615.859	-1119.84	50.3262
1249.77	1161.67	-19.6478
-305.314	526.88	-12.0737
-878.13	-515.166	-0.753698
363.937	1226.35	-21.1001
-1479.29	117.799	-3.54134
-159.108	-504.2	110.254
-341.925	1259.71	-18.726
245.725	-1438.98	32.0227
-1179.84	1093.04	-3.7054
1384.78	-416.968	-14.2918
-1276.53	1111.25	1.81495
295.534	-268.749	1.27118
-1127.76	-105.83	-5.12847
-1237.15	-174.071	-4.3936
219.598	17.0438	-6.40322
1403.87	1159.39	-20.9662
1195.96	-554.244	-9.21701
-884.263	400.763	-6.16952
948.519	596.661	-17.067
-1270.61	-368.451	-1.05264
-235.379	323.292	-12.826
-977.171	621.605	5.09792
435.662	-882.472	121.084
917.452	1131.67	-11.324
-704.783	15.272	6.72729
-634.328	-698.001	6.95749
171.44	-278.162	15.631
428.195	536.339	-18.0131
-1093.52	393.675	4.23105
-900.218	200.172	-8.92522
607.569	1291.33	-22.2486
-471.107	401.494	-10.8514
435.595	1094.49	-20.1396
-250.07	-1466.19	53.6385
884.767	-1008.81	74.019
920.367	355.864	-19.6504
-1488.89	-1139.71	31.8228
-1201.34	-1113.89	46.6105
192.073	1482.51	-15.877
-688.49	-990.221	10.8783
-1473.68	-286.823	-0.0859477
-692.782	1257.91	-17.4679
-92.9153	-329.24	78.8344
-234.31	-757.784	70.1854
-1206.45	-1360.87	67.4698
4.09404	-261.438	47.3804
-124.691	953.608	-17.5073
-119.25	1301.84	-17.6959
1054.58	663.924	-17.0415
-97.542	-1287.95	67.3355
-1178.69	-839.212	27.0741
-410.792	-1235.68	29.4025
48.9226	-1270.14	50.7748
-544.677	-1151.77	17.846
-164.645	1048.69	-18.6141
-1096.32	-1269.94	48.4803
936.913	17.1911	-21.9261
436.699	740.933	-18.9934
1375.43	-1167.71	83.1254
-846.541	8.6888	-7.12898
-142.039	1129.24	-18.5802
1354.25	1431.65	-27.3699
-1183.62	-1489.06	90.1492
-1264.25	707.548	6.14386
409.661	684.319	-18.1318
853.416	-1175.93	48.1702
1182.4	889.909	-17.9748
-1499.68	-587.72	6.78147
-940.862	-418.235	-1.97142
-436.254	-1055.27	25.0308
-1291.71	931.446	30.078
1271.89	-793.844	-1.17304
1362.35	33.2644	-23.0882
852.833	37.6382	-20.1964
824.598	189.17	-21.8161
12.7205	258.254	-13.9483
-778.655	758.17	4.49454
-1210.7	-835.461	27.9897
705.874	531.334	-18.9679
-650.468	876.275	-10.5984
8.17152	-670.06	89.3944
-190.797	-725.433	90.2988
-1327.58	1280.52	-8.63457
-573.216	281.881	-1.53537
401.402	573.918	-17.4035
-380.499	1136.12	-19.6979
-847.453	-1098.59	27.7144
-1226.61	-1042.02	50.7683
-394.96	-1145.09	32.3597
467.918	-983.041	97.6459
1315.43	1110.77	-20.4287
1057.8	147.612	-21.321
1089.68	-936.55	57.8363
-527.056	949.921	-17.3438
-524.459	469.511	-11.5199
246.724	513.553	-15.4323
167.202	-593.462	42.9767
146.454	683.138	-16.2829
466.378	-881.959	117.833
-891.253	1429.91	-16.1128
288.623	-877.742	115.32
1313.62	-71.9919	-21.388
-830.539	1162.46	-18.1114
-1297.54	-1034.3	57.0531
729.813	353.922	-20.9458
-1232.39	-1371.03	71.7376
-1184.91	571.563	12.6232
967.091	594.084	-17.2008
-142.393	945.58	-17.4819
-475.44	-462.868	25.2614
326.423	1217.29	-19.8873
-72.13	20.2805	1.25624
-1395.06	-1188.87	47.5715
1318.62	-455.204	-14.0657
-1211.79	-1134.66	46.3396
-33.9357	469.297	-12.4775
-107.255	-1139.44	92.2483
-453.758	1342.35	-18.3646
-896.8	-1306.93	36.257
-1275.4	-278.33	-3.47236
-749.14	775.557	3.31049
-489.67	-323.369	18.3521
-827.484	1272.48	-18.6014
-1059.52	-62.3591	-6.30127
-254.893	209.954	-7.69782
1446.23	-1270.5	97.7139
-583.923	-1432.21	44.6467
919.822	1436.44	-26.5506
1087.01	-790.629	24.8504
-1487.96	1427.01	-6.15695
313.559	607.695	-15.6648
565.986	1041	-18.8798
-547.714	-836.392	14.4495
-66.4764	475.324	-12.8721
-628.247	-403.33	4.86823
-553.606	1400.66	-18.1928
1312.77	-1280.52	95.7668
-677.743	284.238	-1.97195
-811.191	-1264.27	29.482
-1200.9	-1055.15	48.8553
-995.189	865.008	4.92142
-1322.37	-1013.62	55.8122
890.361	1030.65	-14.4401
-1338.53	804.887	13.6105
-188.574	862.603	-15.1246
72.702	9.27866	-2.16695
-592.172	1341.35	-17.7758
-718.311	216.338	4.54979
258.939	1026.63	-18.4867
12.5743	-1396.51	46.1925
166.608	1370.19	-14.9514
182.188	-766.793	82.8725
379.018	-213.063	-4.31032
527.43	-283.984	-3.2536
-503.543	-746.479	17.2321
-1019.95	313.152	-7.1316
-906.98	1013.52	-13.6451
123.749	371.379	-14.1108
-932.054	20.4866	-9.18471
-1111.08	1031.28	-4.29817
619.736	1194.42	-22.3971
546.385	838.284	-16.9661
1075.3	697.943	-17.5681
-1161.84	-708.756	13.0285
823.979	-583.001	1.17157
1131.89	-887.458	42.1988
1063.02	309.037	-18.6613
-718.979	-881.556	9.11955
1113.62	790.154	-18.8226
-586.751	-1323.73	33.1831
788.442	441.684	-20.5341
1171.05	105.472	-20.6732
585.446	-843.882	98.497
-203.812	843.815	-14.6344
346.772	1094.92	-18.8402
415.571	544.351	-17.7535
1092.43	-353.932	-10.5395
-452.652	582.95	-11.9434
-752.677	-57.3107	-1.26697
-212.936	629.51	-12.42
-185.095	387.215	-14.9201
1291.61	1294.33	-22.4465
-1032.49	-672.644	13.2589
-607.689	1274.92	-17.042
-421.119	-223.095	38.13
-1176.2	-646.398	11.631
1211.25	421.479	-19.5852
-1027.22	-1277.2	50.4384
-566.641	1123.63	-17.9144
-1051.64	1020.07	-7.05981
1429.41	-1489.18	77.4337
1341.03	-1326.51	96.3665
-309.786	485.4	-12.3078
42.7692	-946.617	101.29
-885.27	1490.91	-15.831
1217.01	-150.46	-17.0462
-323.405	68.7567	26.4178
1333.02	1460.22	-27.4137
94.1953	953.361	-18.2713
-1385.52	-326.965	-2.98254
1018.72	1218.11	-16.48
283.64	-494.418	20.0755
-1218.87	1396.43	-11.64
-1237.9	-821.785	28.7894
690.902	-273.272	-11.4918
-1147.83	-601.856	8.17941
-1326.04	-447.498	1.14322
363.296	-175.303	-5.46149
1476.23	-1443.43	82.115
547.621	-1431.61	24.8454
749.354	110.307	-19.0448
-1113.41	-626.171	8.37138
-1220.31	-979.589	46.204
1055.28	1080.94	-15.8786
391.005	-827.612	113.414
-225.443	-1218.58	67.3431
473.135	354.346	-18.0002
1471.19	462.501	-26.017
-44.7169	-845.487	103.481
-119.235	1207.11	-18.5419
-136.573	998.93	-18.0853
-507.523	-695.36	16.4258
898.756	520.678	-18.2219
-1220.41	628.385	9.81489
-1286.95	-885.067	44.7189
-91.7818	987.119	-17.5355
-1112.04	-1397.24	68.2671
333.1	-1482.63	26.7222
-558.561	1045.05	-17.9306
-461.848	-915.845	22.9604
-1357.45	1296	-7.77918
-1280.93	-937.555	47.8417
-733.736	-1358.06	43.0227
913.502	-583.848	-2.55232
-146.265	-1414.71	60.8991
777.869	-735.783	51.8706
-1293.16	-1.54494	-9.57967
-33.3792	233.903	-14.0255
-255.065	-452.619	99.6457
-475.976	-1493.56	55.4263
822.893	-1239.28	36.3673
962.464	1292.36	-16.8495
753.466	505.328	-19.6172
-198.535	1182.66	-18.3576
263.371	347.162	-15.428
-645.417	831.247	-5.5887
-736.841	848.258	-0.869731
-1180.96	99.3443	-10.8441
-832.502	315.151	-10.679
1104.89	1179.3	-17.746
1349.51	-826.382	-0.892169
-198.705	-1293.88	70.2375
-1314.45	863.037	25.9979
-470.879	-502.339	25.9952
200.56	-1132.14	55.9942
1055.68	-1369.04	52.8437
-353.785	1091.4	-19.6758
166.647	-1014.27	78.7651
1169.74	-1230.98	78.6825
-317.685	-1471.92	51.3171
343.721	484.871	-16.7697
505.828	-1283.49	32.1736
1212	590.064	-19.65
637.064	-587.394	32.4925
-1393.72	-420.38	-1.24444
266.064	-386.852	10.2241
-458.324	1328.29	-18.3901
-129.671	-572.786	116.032
-189.347	-747.687	85.6445
68.1322	-1479.61	40.9932
-953.411	1184.45	-15.955
-624.209	880.305	-12.6941
787.511	-418.004	-7.98097
-168.196	211.122	-10.8639
907.245	1426.01	-25.9051
1072.88	-159.444	-16.6757
1375.27	-441.013	-14.0698
-572.36	-571.431	11.5138
800.044	493.813	-19.5613
-844.777	-126.079	-7.52282
-787.491	-1322.74	35.1046
-1319.79	-255.414	-4.38527
401.926	-1261.01	34.8472
-1330.98	-374.172	-3.02026
998.995	-94.9075	-20.1941
-158.94	-1087.71	88.8702
658.714	1385.46	-23.7931
-1015.97	50.5417	-9.17343
762.88	-1044.05	68.8093
1294.53	-102.02	-20.564
969.965	-991.138	71.2271
-1016.58	441.777	3.80745
893.063	83.0246	-21.8078
-67.6059	274.345	-13.7028
-313.602	-6.75221	44.5752
686.908	303.094	-21.266
-1322.39	-462.185	2.8986
589.582	850.781	-16.352
-655.373	1263.18	-17.2109
-170.653	-519.177	114.574
251.657	-265.153	3.23746
-774.409	-225.482	-4.66157
-462.913	-1295.45	27.5586
-343.224	612.298	-10.8975
-818.805	-680.358	4.98964
1254.67	-1401.44	87.4467
-1208.09	-777.098	23.6682
-1279.95	-60.7811	-7.75163
255.921	-719.897	71.5063
-34.2802	-486.803	84.0949
382.829	-814.856	110.478
102.162	-667.73	69.118
-390.999	-1403.72	38.3122
-796.756	668.525	0.997183
532.73	-252.709	-4.58553
-1166.97	119.079	-10.6328
233.595	-270.254	6.31422
-946.803	-885.822	25.7572
282.652	-237.909	0.133891
-851.326	-1493.94	44.7636
141.796	1347.67	-15.5505
22.973	944.08	-16.672
-1218.65	976.572	16.6772
-206.439	890.941	-15.8217
-497.76	-757.777	17.8711
-1258.84	-1492.53	98.6636
-227.07	-1443.07	55.9522
744.415	623.08	-18.7598
1492.35	-410.863	-13.467
1208.91	-490.971	-11.4251
-1280.33	-1307.7	59.8161
336.172	1291.87	-18.1038
-700.658	-1153.72	17.4884
-481.755	938.595	-17.9639
1219.21	844.828	-17.8771
134.516	731.865	-16.6093
461.475	-1055.33	67.5752
1065.45	-964.401	62.5453
833.694	140.153	-21.7324
-194.071	206.571	-9.99899
-1307.98	187.411	-6.23331
-428.529	-497.338	36.37
832.278	1438.99	-27.3117
-471.472	1127.76	-19.478
-1108.04	-656.279	9.97367
504.754	344.629	-18.5048
-131.056	222.967	-12.4464
1256.48	-1140.55	85.0151
314.643	1347.75	-16.0108
680.24	-209.925	-13.0738
-632.378	-1091.68	13.1313
1035.85	578.844	-17.8008
-909.421	1106.86	-16.148
757.249	648.734	-18.7588
-10.0825	-1472.28	46.0793
-1441.93	1025.23	24.163
-90.1077	443.609	-13.3544
-514.033	-666.518	15.8679
879.957	997.193	-15.6723
-877.719	-1393.69	38.9323
-1403.31	1079.99	11.8334
26.5093	-172.828	23.0281
250.082	-598.08	37.4448
-409.128	-1322.14	33.0614
-845.266	-147.751	-7.4814
338.674	-613.782	42.0601
532.104	-882.434	109.94
946.377	-101.809	-20.3287
-457.51	-755.769	22.3955
-1333.16	442.856	39.5595
1283.03	409.473	-20.6391
340.194	537.144	-16.3603
-1388.88	-645.874	23.1487
1122.04	1032.52	-17.5407
839.529	951.096	-17.5314
-347.629	-1480.91	53.1435
910.742	1241.15	-13.3886
-216.441	-1434.95	56.8657
819.35	-1193.22	40.8501
-1440.77	678.397	9.67103
821.991	1212.94	-16.5397
1316.28	645.223	-20.4528
614.387	-1491.83	22.6799
1207.87	706.374	-17.9551
1045.35	-339.534	-12.6091
542.213	-617.122	53.6837
155.9	-482.405	30.0237
-388.991	256.234	-8.04572
825.692	1007.26	-16.7598
918.648	-417.105	-11.1075
-317.243	-152.205	60.346
-288.519	-32.2886	45.8286
-1079.92	203.658	-10.2254
-552.015	1342.41	-18.2481
448.309	891.794	-15.6886
-784.164	-788.784	6.75335
-214.106	-15.7777	26.7016
505.358	778.418	-19.0781
-67.5921	608.083	-13.0005
-597.33	776.307	-6.59283
1376.1	981.454	-20.3103
833.893	214.879	-21.5068
-941.772	393.067	-4.30838
80.7849	-1061.71	84.9578
1207.59	1189.79	-18.9529
485.163	466.024	-18.0616
298.322	-998.621	93.6833
-149.907	1087.37	-18.6202
-1238.72	-306.074	-2.37645
-1372.78	-118.533	-6.85291
-1054.36	-891.399	34.2384
696.874	-211.511	-14.0208
844.778	1221.88	-15.2791
-448.853	616.911	-10.3081
-366.555	1351.51	-17.8393
1034.16	1439.32	-25.8635
-975.595	-1094.07	38.4993
-188.491	954.517	-17.4949
-1400.75	1064.48	14.1127
-396.7	546.7	-12.146
917.484	-1241.72	48.8028
-1229.71	-1225.09	45.5624
841.247	689.726	-17.7911
-158.786	49.3309	5.14081
-835.567	-727.226	6.86186
1281.46	1231.76	-20.0294
700.472	-477.366	6.97125
643.201	-911.795	96.0088
-327.612	1291.9	-18.0265
-1464.7	-333.773	0.000963886
-445.47	-1098.28	24.733
-224.017	1115.76	-19.1907
-45.2496	-1178.58	75.9184
-357.091	-123.308	59.8582
-531.738	378.53	-8.65217
833.246	-43.0117	-18.9252
244.184	342.283	-15.084
-1065.04	125.801	-10.8798
-787.881	1365.54	-18.4035
-744.386	503.282	-0.998448
91.6258	1261.34	-18.4315
1124.21	-291.222	-12.9758
-108.751	-9.88003	7.92804
1475.27	-1033.47	15.1015
1234.72	-989.611	49.7036
705.56	-693.859	53.8105
707.208	881.728	-16.9409
-1099.98	5.76395	-7.07765
1002.49	-106.903	-19.9487
-24.1309	307.22	-13.5785
876.361	-640.012	10.6086
-1395.61	492.316	45.0272
-640.418	1246.85	-16.9747
1331.91	-1381.63	94.8564
974.196	447.338	-19.2211
1440.83	-1017.72	18.9696
-486.452	796.63	-11.864
-1377.87	-151.072	-6.19175
206.529	-1282.23	38.6462
-75.8671	-859.525	99.441
-1253.17	614.889	11.8097
-711.243	-871.981	8.62977
-1358.77	-697.559	27.1386
1062.49	345.109	-18.1363
1091.82	-313.221	-12.0633
962.201	-166.293	-18.8149
236.33	509.33	-15.2257
110.312	-512.462	46.1703
-860.712	-471.105	-1.97033
1465.94	21.5	-24.8692
-888.351	-463.7	-1.97626
-554.708	-259.75	11.6643
-393.278	570.558	-11.5991
602.72	-1266.4	33.8457
-1287.99	428.135	30.5201
460.103	869.399	-16.0713
-585.754	-818.45	11.5297
-922.87	118.918	-9.15118
-807.667	-573.794	0.503287
450.114	1393.05	-18.7608
-100.973	1111.34	-18.2307
-1143.27	912.514	12.159
1468.58	-1353.58	92.3102
-818.691	-786.769	8.38828
-1305.71	943.345	31.1003
-1180.71	-39.7319	-5.82996
240.404	-229.812	2.05463
346.317	686.439	-16.6636
1443.68	-592.338	-10.6925
-756.196	-1115.05	19.5349
1243.12	-207.571	-16.453
108.424	-134.85	7.39822
-613.977	-797.28	9.58864
1484.32	624.942	-21.2902
-437.667	-69.3732	53.6944
-1266.75	184.736	-7.68001
-978.022	-643.737	10.6198
-1259.62	-836.599	35.5625
-836.981	1466.93	-15.7608
-134.237	155.396	-9.11341
-241.782	-835.657	60.1016
-1162.67	-1162.89	44
-391.664	-434.739	52.1265
1219.05	-434.589	-13.1741
1463.58	-53.4149	-25.7814
1068.2	-771.552	21.7516
-844.194	-680.034	6.31474
-431.351	1349.36	-17.8942
-1287.48	81.8734	-10.5676
948.675	-1159.48	65.7948
-745.841	-117.92	-3.16364
-1141.09	-809.364	20.8043
1272.49	-185.059	-17.5613
-643.374	-75.7192	12.9822
-470.031	1161.4	-19.0751
-497.797	723.49	-6.4241
-1050.53	-248.194	-4.65557
1462.25	-917.653	-1.38977
310.91	-322.761	3.2936
-543.348	301.111	-3.4701
-1474.76	-956.773	20.6367
-793.148	347.601	-9.61294
-1110.11	-98.6087	-5.42041
36.8284	992.091	-16.8891
596.344	-1138.94	47.3636
-477.478	-1252.57	25.0387
-1278.43	971.78	24.9169
645.42	577.127	-18.9528
-1304.69	-28.498	-9.1361
-64.0016	-1168.97	80.0733
266.4	43.6619	-8.98171
-874.974	548.858	3.64836
198.934	263.617	-14.4802
-507.056	-483.498	19.8014
-1202.05	685.28	6.1434
-301.638	139.332	5.76206
-1308.1	11.445	-9.57522
-928.421	-780.404	16.1748
318.867	-1350.48	32.3675
-593.217	1088.45	-17.888
-321.163	785.327	-13.2859
263.023	455.809	-16.5073
-739.14	-151.486	-2.74972
-1295.6	-1100.58	51.2641
-1475.84	-103.068	-1.44917
586.528	673.378	-21.976
-170.944	75.8918	2.86887
-1021.73	1219.42	-15.4117
-415.162	1418.33	-16.912
-925.091	865.502	5.32141
-1417.26	1353.04	-7.32186
1014.79	328.44	-17.9444
732.383	856.311	-18.0684
-390.135	786.996	-12.1246
-379.324	151.819	10.4913
176.99	-782.531	87.8424
728.108	89.9444	-17.885
-907.609	-481.528	-1.36002
-1285.6	1075.82	4.67991
-77.1298	64.2057	-1.75771
460.857	444.31	-17.7517
-1482.17	1320.21	-5.87058
-1285.91	368.719	19.2553
85.8361	-358.075	46.4194
494.364	342.528	-18.3405
-825.523	484.8	-0.869901
-1010.53	679.2	4.84843
-1174.87	-862.05	30.0677
-848.112	386.273	-8.65682
-454.451	-1399.22	37.7429
262.357	-1146.4	52.5186
-377.255	783.851	-12.0226
554.873	-950.593	102.053
941.408	-1259.25	50.5058
1157.16	454.749	-18.9858
865.582	1320.77	-19.1534
800.882	-1026.28	71.8907
460.724	-1009.88	86.1959
-1235.92	877.868	20.1526
862.058	847.829	-19.1424
976.207	-867.755	74.1286
-1330.3	471.717	39.4494
1164.43	836.277	-18.2864
-450.959	52.4201	36.4784
1425.73	-648.549	-8.29697
360.343	515.42	-16.9767
-549.711	625.657	-10.7116
-1142.08	-109.153	-5.04389
948.495	1342.17	-20.1636
263.345	1222.31	-18.0292
922.953	1271.87	-15.5607
-1135.81	-722.611	12.066
542.482	-306.767	-2.13782
674.556	-1215.34	36.062
1306.72	-1313.03	94.5834
-335.074	-513.971	72.9497
616.902	998.76	-17.637
-1463.64	-129.779	-2.1337
-231.471	1244.39	-17.641
-999.11	167.377	-10.5427
395.6	367.065	-16.7286
323.543	1470.97	-15.7844
228.267	-1368.85	34.1606
7.97864	-1107.63	89.3189
1447.79	-1179.11	77.388
1312.83	-316.272	-17.0369
-196.089	722.64	-11.6189
-666.716	-1028.45	12.5873
-1160.34	-571.122	8.17786
1322.27	1218.85	-20.9837
-308.135	176.705	0.736541
1216.15	788.695	-17.8455
-737.853	371.183	-8.72144
40.3966	-145.358	16.294
-740.199	-1225.05	24.0261
1202.84	884.629	-18.0574
-978.381	-864.432	27.0437
-180.052	426.527	-15.0372
106.42	1032.44	-18.0538
-55.1848	-63.0765	9.98389
1042.05	1077.23	-15.4359
892.446	870.24	-18.8756
735.667	279.248	-21.9923
-1305.58	-1442.37	91.3696
-860.468	-783.069	11.2963
953.543	-1233.22	57.1387
745.914	-121.236	-20.3649
-368.575	1260.83	-18.9272
-709.071	-1491.78	58.5752
-865.077	-1162.95	33.1761
-257.052	-355.403	84.286
338.241	-322.115	2.17689
-1.4891	1202.71	-18.7104
-926.938	-455.341	-1.44698
1378.2	163.807	-24.4117
-1371.38	-302.162	-3.79108
-1469.98	-111.385	-1.68297
-1095.57	1458.62	-12.8302
-792.432	-902.391	11.521
-449.521	589.877	-11.599
-1295.59	920.282	30.5566
62.8717	-621.219	71.8751
-722.952	648.612	-3.19472
-850.306	-378.473	-1.63719
-351.525	137.061	10.5614
-1054.87	633.765	6.21076
132.471	448.409	-14.4468
393.354	-1146.2	51.3037
286.057	33.3806	-8.28438
-205.274	1308.2	-17.2034
-1433.66	786.679	8.88892
1075.41	-1070.45	62.0276
-204.477	-304.522	75.3261
1159.29	102.961	-20.3073
-48.7862	-400.227	82.7992
744.608	-396.078	-5.78837
-331.377	-671.723	58.9149
1147.52	1158.05	-17.9772
434.742	474.569	-17.675
-1122.43	-487.823	3.76004
-222.865	321.905	-13.0304
-1287.27	-882.012	44.5373
18.4213	-791.877	102.605
-290.136	1301.25	-17.8447
854.112	761.652	-18.6297
398.591	-424.558	7.34151
825.101	406.833	-20.4541
818.274	-1143.67	48.0427
601.787	533.26	-18.1681
1145.99	986.924	-18.1429
412.069	-1406.67	27.3307
-170.964	-175.189	46.7136
914.391	-1253.61	46.5464
-1166.42	607.802	9.18646
360.118	1400.22	-16.6635
777.956	479.887	-19.9973
-576.117	1170.43	-17.4239
-514.145	-1053.34	18.9516
516.551	944.364	-16.5923
-867.046	-689.945	8.09636
-375.803	-1259.89	35.9179
732.997	-1457.01	22.4469
718.434	-1059.61	64.9708
811.529	-1182.68	41.5401
-995.155	-1075.94	39.6536
958.85	865.909	-18.6822
-1486.06	-1053.84	21.8658
-205.144	-847.432	68.6081
-1498.23	383.476	36.0966
80.7979	612.211	-13.3669
-1185.86	-1435.45	82.3769
-223.332	1346.26	-17.3403
1001.28	-352.062	-13.1458
1252.28	-89.7905	-18.6179
1429.38	453.445	-24.192
-1181.75	-934.539	39.6123
521.392	606.337	-19.4685
-709.621	-1164.2	18.674
-1160.36	391.84	9.20585
-1153.76	-110.452	-4.95367
1071.83	-1437.14	43.1817
-346.787	-430.014	70.1593
-1376.1	-734.778	31.6093
-231.412	-48.2603	36.2252
985.989	177.758	-20.8984
-317.538	-225.972	61.84
467.331	-1129.03	51.5507
-1066.96	-440.812	0.827463
631.822	7.28045	-13.2854
-1174.68	863.315	18.1183
-36.1994	-1155.23	81.4803
-956.14	-845.599	24.4738
914.18	454.039	-18.5883
1475.29	56.4893	-25.2896
-298.896	-359.876	83.4825
-336.858	-633.738	61.2002
238.029	-1382.64	33.5118
-730.591	1007.96	-15.2265
-71.4872	700.054	-13.239
-407.408	-1138.33	30.1576
-713.852	884.55	-7.00218
-1016.92	-1187.35	41.2818
-174.755	-1331.77	68.4595
1338.63	1222.41	-21.4302
213.431	-1429.77	33.7404
20.2213	-556.476	75.6497
-1250.93	497.369	26.1034
-831.302	-943.464	15.5107
1014.89	444.636	-18.793
1012.92	-629.971	1.48402
1241.37	-1460.13	70.0712
711.455	718.833	-20.295
28.5777	-162.656	20.7203
1462.42	1343.66	-27.1748
-417.103	-494.704	39.8729
325.004	821.319	-15.0649
-241.754	-270.839	64.6326
-938.304	647.802	4.30282
-1117.55	-19.2332	-5.64374
206.089	-116.251	-0.477951
661.768	-1288.41	31.1921
1315.26	-1341.34	94.7653
1195.96	1344.15	-23.622
-1441.56	881.146	21.0247
164.694	-394.562	28.3435
100.456	227.274	-14.6471
-1095.87	-540.995	4.73407
1014.73	913.863	-18.5691
854.246	-644.203	12.8203
584.598	-376.252	1.73424
-550.227	-1397.04	38.5627
-1427.98	-739.448	25.8065
-370.511	-1211.79	36.187
579.037	458.143	-18.3959
1058.52	-258.676	-14.648
-111.295	-678.574	106.388
284.048	-917.366	111.517
1077.3	675.926	-17.1384
-389.318	-840.699	31.444
-831.248	-347.67	-1.99788
353.339	-66.7968	-8.73296
-1162.07	-350.092	-0.489908
-17.952	-221.669	39.8041
-33.1234	-290.051	62.4638
-711.468	-1045.44	14.5284
-466.479	1340.17	-18.4931
-133.474	-732.533	101.17
-1377.12	1093.92	7.8917
1416.62	1291.39	-24.6359
-493.033	-800.027	18.8614
-40.8697	551.071	-12.0095
1377.27	806.458	-18.6076
478.982	981.712	-17.1782
1405.3	-169.382	-21.4053
439.174	-1046.67	71.5951
-858.737	-1432.13	39.6324
1248.48	347.452	-20.2052
712.651	241.547	-22.2016
615.274	111.782	-16.2392
239.873	-855.446	108.149
-237.397	-718.648	79.5385
-292.641	-1061.29	52.3937
-183.138	-699.995	99.4971
233.143	321.015	-14.5421
759.79	-521.087	2.18576
-1458.83	1375.58	-6.6773
674.374	1053.78	-19.6725
1356.12	-1191	93.6773
1250.24	1356.06	-25.9569
54.7409	1415.83	-16.8282
260.053	-736.166	77.7121
-616.28	450.416	-8.87349
-1327.04	198.288	-4.86909
413.995	1173.28	-21.6722
-130.763	-785.902	93.5705
-1060.84	109.543	-10.6197
-11.675	80.848	-7.74323
496.482	967.977	-17.0052
939.05	220.518	-20.973
-34.2038	-1018.19	106.027
-991.269	-1347.51	51.738
-1021.67	75.6648	-9.7387
176.26	-1166.37	53.8068
859.151	359.773	-20.4773
-1261.13	-1255.38	49.9463
-383.335	-27.6582	53.1736
-965.141	-158.42	-7.10181
-821.869	-1191.51	29.748
291.21	106.032	-10.4855
-1322.9	-1021.59	56.7018
954.273	23.0116	-22.2844
-1200.58	-1065.3	48.6774
-791.014	-1398.1	44.6352
-936.92	900.372	2.22165
1283.96	1137.12	-20.0596
1275.24	401.052	-20.4767
821.495	1205.7	-16.4201
761.756	1265.38	-19.9692
726.685	896.354	-17.1774
-1138.89	-6.66685	-6.1328
1420.55	796.096	-19.0908
299.22	-427.914	12.3805
-1441.31	-572.598	12.2861
1191.25	208.045	-22.32
-1057.96	-1009.41	44.3043
163.505	725.544	-16.5969
-979.159	-54.4292	-9.01155
-744.814	-441.738	0.295566
1436.98	637.178	-20.8038
-368.137	15.045	42.6555
857.771	506.397	-18.9843
358.228	-591.656	37.9808
1031.03	732.096	-18.0135
710.252	-546.867	13.1364
-1223.06	1208.9	-8.68934
-945.465	1463.24	-15.5424
1210.7	383.385	-19.8761
-345.321	-809.797	38.7211
-1272.18	986.148	21.0902
-235.325	1313.34	-17.5889
1266.74	1081.02	-19.8156
426.807	-1204.59	39.2735
-1392.77	-520.048	7.05741
-640.463	-123.171	12.7951
-1102.67	90.0337	-10.6277
1054.48	176.406	-20.8712
1355.88	-290.309	-18.3751
1142.19	43.1465	-20.4338
-1243.53	523.316	23.8708
-370.318	638.338	-10.4811
-1372.3	1.88798	-7.17614
1426.96	587.325	-21.6202
-56.5595	113.107	-8.63208
1453.3	-21.3547	-26.8621
-698.632	1453.68	-16.1204
-190.036	587.325	-12.9263
1368.24	-1119.73	70.5052
1137.75	-868.421	37.7469
1022.66	786.969	-19.0658
1131.58	18.8707	-20.4031
-229.91	1425.98	-17.4813
-76.1877	644.777	-13.2754
-661.718	-1212.68	21.1478
0.267115	77.3029	-8.1062
-1381.4	-408.335	-2.22877
904.075	584.863	-17.0192
577.314	742.561	-20.6737
-1458.22	709.698	7.80504
435.803	-653.814	63.5136
102.032	-370.788	42.8317
1267.52	1041.42	-19.7812
-691.635	-671.954	4.35333
-992.499	715.592	4.29613
917.909	1149.49	-11.0629
620.142	1474.81	-24.7669
-1320.63	-987.303	52.6268
-286.996	-8.3095	40.7473
-1463.17	-322.046	-0.203595
-1038.87	471.524	6.82855
-28.0537	497.791	-12.1242
-1204.33	952.223	18.1551
1273	-38.7915	-19.366
-1086.34	-352.438	-1.61592
-1084.49	842.07	14.0571
-500.063	-190.42	25.124
-1391.79	1411.19	-7.97813
-1282.69	1195.16	-5.58671
637.225	-102.271	-11.9
-67.7061	333.14	-13.4368
-1016	51.8753	-9.21138
-971.915	-381.893	-2.23955
1451.21	-911.531	-0.724715
-728.886	1325.6	-18.2496
891.007	-618.19	5.48166
890.71	460.948	-18.6534
1495.65	-946.268	-2.4444
-613.187	1014.88	-16.9276
698.205	-100.807	-16.718
-1291.8	1338.66	-10.3522
596.358	-1327.47	30.2199
666.231	764.112	-19.7996
-125.895	1429	-17.7837
-944.256	1044.92	-13.756
824.444	1058.72	-16.7155
-1038.56	985.875	-2.97376
-777.724	-91.7947	-4.65218
18.1355	217.065	-14.7611
1063.57	252.275	-19.8659
1381.94	1357.74	-25.6779
-172.188	-1410.13	61.834
-898.468	-180.913	-6.75441
-914.007	-770.155	14.622
416.222	135.579	-12.8084
967.793	-84.0212	-20.6431
-90.6632	-1345.57	61.8708
-903.219	325.701	-10.4992
-96.684	141.318	-9.76943
432.777	-665.135	66.1246
1021.93	-1051.47	65.1734
-513.119	174.843	15.1126
-1401.18	800.044	10.3344
-1459.77	258.112	3.60904
1296.03	713.094	-20.006
1426.18	765.107	-19.4558
333.978	-736.572	82.1132
691.226	1359.62	-23.3903
1316.11	1272.88	-22.2752
239.824	-433.206	17.0186
123.324	971.181	-18.9813
1006.86	560.254	-17.9844
-1202.11	1309.26	-12.4623
1356.46	325.762	-22.6038
1085.64	416.19	-18.1577
1458.24	-1059.07	27.0552
-1372.45	1452.07	-8.40635
-1278.75	-1078.76	54.6618
295.86	352.876	-15.7694
593.441	-1240.12	35.576
-241.653	183.505	-5.42568
697.974	-330.958	-8.73733
-120.887	1133.89	-18.4248
131.874	-543.902	42.5447
-78.5696	-62.3685	12.0205
-827.656	-1377.43	36.4328
-1317.02	-394.051	-1.56296
-876.192	-425.461	-2.27688
-176.271	250.88	-12.6482
-1191.97	1009.14	6.49112
-554.554	-1475.59	49.6966
-888.686	-1195.52	36.1076
1342.52	783.871	-18.6851
1078	1044.56	-16.8032
1410.64	820.577	-19.1582
1325.95	-1288.89	96.6141
1026.52	1336.73	-21.3068
-488.227	-475.219	22.9486
77.9302	-894.472	103.898
60.3928	-823.718	104.005
225.59	18.4272	-6.60962
1061.52	553.559	-18.0855
-386.221	1071.16	-19.1799
-1222.05	975.908	17.2291
-988.065	640.105	5.05246
1164.81	984.071	-18.4356
-598.91	-649.623	9.62894
-357.403	1360.39	-17.772
-1001.9	-574.484	5.64069
1419.63	-410.331	-14.4074
-568.864	1063.99	-17.9174
-1428.47	840.676	15.1495
138.693	-673.769	62.5517
-38.9808	-1031.18	105.953
1318.1	-864.621	3.82643
74.0949	452.822	-14.0952
-694.61	1454.66	-16.0853
-918.059	-0.910602	-9.22471
-756.507	-82.3476	-3.03807
-879.61	-376.315	-2.06766
-776.409	168.418	2.71533
652.936	279.432	-21.1557
664.763	-1136.11	44.7014
-1224.2	-809.522	26.7399
-1285.16	-671.33	24.0562
179.575	-315.207	17.4168
-982.599	657.036	4.72005
95.7685	-1366.65	39.4017
1249.29	194.282	-22.2525
1003.52	-326.154	-13.9666
-526.769	763.514	-8.95795
691.865	-1200.61	36.8088
-311.012	846.347	-15.4752
1324.57	-1.21362	-21.5569
550.21	-214.579	-6.32923
-1095.13	-1454.01	73.9506
452.864	995.71	-17.2564
-568.168	-649.155	11.9631
-891.378	310.087	-11.4
-1100.81	-1187.72	40.5005
901.185	538.126	-17.9993
1423.1	1319.82	-25.5924
984.158	722.092	-17.2625
1331.34	247.617	-23.631
-18.8155	-565.099	87.6768
512.992	783.944	-18.8887
1415.17	-1200.25	87.5377
964.91	-1322.72	46.4189
1449.56	898.335	-20.7945
381.263	570.647	-17.0351
-106.143	1468.92	-17.2785
-871.64	-876.892	16.2085
888.543	-1206.77	49.2561
808.01	645.262	-17.7992
181.507	-720.624	69.778
1132.86	386.969	-19.0154
1211.68	-539.289	-10.1254
-383.888	533.236	-12.1938
820.5	-479.729	-8.385
-1473.08	-1318.86	75.0898
524.229	552.822	-18.7637
408.734	620.933	-17.3029
-757.506	-1075.49	17.4278
-1427.98	666.422	10.1596
-1003.35	913.416	3.89624
-423.63	305.716	-8.76648
1197.49	980.901	-18.7693
1218.74	-1382.08	82.7615
565.996	1280.84	-21.9094
1052.82	-657.444	2.24583
842.226	-254.894	-16.5718
-30.7327	-1122.2	89.9533
-571.162	-1392.1	39.4563
714.315	-1233.35	33.2751
149.888	795.734	-16.7116
921.013	1433.93	-26.3673
-251.779	-1245.81	59.7919
-554.617	1332.21	-18.1126
-1480.69	573.948	31.2718
808.489	779.738	-18.7534
-317.128	1151.57	-19.9826
-814.719	14.3779	-4.34304
-1252.82	-983.167	48.3728
740.887	1167.49	-21.2381
-1284.34	762.198	8.72333
-834.443	1.90288	-6.05533
1374.59	1099.84	-21.097
-186.147	-1301.18	69.6025
836.218	-1165.79	47.0212
-258.877	-689.814	79.0336
-64.6357	231.008	-14.0347
-1374.77	300.998	10.3153
1189.03	-414.295	-12.5726
394.761	-650.088	57.4127
-220.001	-915.379	65.4678
-1028.34	896.974	8.73588
-320.24	95.3379	18.7288
698.848	-1010.29	79.2602
-223.08	818.755	-14.0158
630.365	-1273.14	33.3236
-725.975	1152.84	-17.8214
1388.12	121.51	-24.4729
796.456	1302.7	-19.6933
10.1707	-1258.33	56.3652
615.517	1063.9	-19.5204
40.6711	1000.99	-16.8896
-376.742	-13.4963	50.2244
-988.818	-383.351	-2.31469
682.063	1326.13	-22.1257
-908.267	595.471	3.70175
709.448	-657.116	41.6037
823.881	-1388.25	25.0183
-496.743	556.941	-13.3382
1214.69	-1484.31	58.0358
43.4697	1407.95	-16.9944
-927.782	168.675	-9.22725
818.27	237.2	-21.5627
-1159.4	640.387	7.39215
136.808	503.029	-13.5314
221.94	-1459.43	32.785
1310.38	-79.5662	-21.2518
74.6649	1485.66	-16.1693
-613.238	-87.9673	19.3484
937.439	482.339	-18.7462
618.673	730.765	-21.1329
1426.45	-644.55	-8.47527
-1323.72	-825.78	41.2604
-1195.35	484.824	18.108
839.672	-381.966	-11.4385
-1257.02	744.017	7.87138
1266.9	1183.08	-19.8722
-461.603	233.206	0.660516
180.115	1432.99	-15.0519
565.021	766.883	-19.9281
137.678	-1355	37.8314
-542.697	842.463	-13.4989
1091.96	-299.785	-12.5322
-890.974	-692.989	9.50252
-948.766	215.026	-10.1401
-1.33544	-1416.94	46.5771
-1461.79	202.633	-0.979945
579.757	-318.327	-2.84996
-1472.76	93.9259	-4.01828
92.2003	-1368.72	39.5204
355.245	-60.7471	-8.94312
1150.99	-595.825	-6.33154
-1241.6	-1477.62	95.3568
939.471	-977.653	74.5584
555.433	877.595	-15.6471
362.899	-1291.62	33.685
-552.328	-620.531	13.3176
388.573	-476.445	12.565
392.404	-1032.42	80.7213
971.784	-1401.8	33.763
-257.191	1369.77	-17.3609
758.788	-754.709	60.7926
532.965	867.586	-16.014
-789.978	1150.05	-18.692
-482.743	651.603	-8.42302
-128.404	-994.774	93.2337
-224.437	650.371	-12.0581
1140.73	-452.036	-9.81944
-439.321	465.272	-12.2703
-807.573	-1130.91	26.6186
-438.691	33.1504	41.0429
-185.545	-562.74	120.112
-1.79085	1301.88	-18.6423
122.843	-1391.46	37.9498
1158.07	891.86	-17.9405
-1292.44	1461.35	-9.95823
-1317.46	-379.121	-2.41892
-879.929	-784.628	12.7834
123.753	1141.89	-18.7683
-748.248	327.777	-7.72068
-817.128	-1113.41	25.8432
926.802	-777.259	50.7363
-637.001	1261.56	-17.0543
-858.903	-332.428	-2.37649
38.3721	163.162	-14.7416
-691.971	539.487	-4.39569
-574.53	-1400.64	40.7655
675.388	261.99	-21.9553
-1474.91	-221.046	-1.67583
-1153.88	-182.592	-5.00982
-1214.87	-479.05	6.6714
-369.829	725.912	-8.38717
81.5244	1289.23	-18.2579
508.081	-806.637	103.607
-670.916	-502.708	4.64653
-996.407	-1380.3	54.0264
39.891	-121.297	11.8661
-804.713	-763.547	6.42196
792.336	-186.101	-18.5637
-1249.34	798.007	12.3732
-357.969	-800.045	37.0931
-1012.31	-601.117	7.82088
557.384	-526.977	28.6
1328.61	-1098.93	68.0243
89.7051	1274.81	-18.3512
-1172.63	-1289.14	50.9613
-1381.31	307.819	12.6403
-150.062	99.1532	-1.27901
798.584	540.568	-18.9577
-549.473	-1343.19	32.0716
-1207.54	405.414	14.5703
-396.684	-497.683	45.8257
1489.7	-885.169	-4.52719
-1136.18	-881.116	31.1173
22.9864	1450.68	-15.7742
1085.41	271.826	-19.5503
-1175.17	1487.72	-12.7486
945.035	-1142.39	68.1428
1401.68	1139.02	-21.0779
758.046	-806.753	77.1605
-1445.58	625.825	14.0293
424.622	1082.93	-19.714
-235.418	1070.04	-18.9861
42.0316	980.837	-17.1128
-1129.69	-458.865	3.00712
-24.0887	1326.36	-18.3105
-278.7	-311.434	77.3237
618.898	-918.374	99.2724
1218.24	-339.671	-14.138
782.975	286.064	-21.6919
-1297.42	-840.221	40.7971
452.012	1322.08	-19.6199
-32.6596	619.132	-12.8592
-586.358	369.587	-7.0756
-866.814	-933.614	19.123
327.847	-276.221	0.617751
-1126.72	1223.16	-13.3235
-90.9655	-204.225	43.9569
743.967	-1386.44	24.0499
-1499.73	834.865	11.2644
464.414	582.737	-18.5402
-384.919	790.278	-12.4193
1470.91	-521.372	-12.2573
-659.823	259.891	0.776383
-1481.1	-425.724	1.20905
677.162	201.506	-20.8526
-765.926	853.461	0.0965811
-1283.6	919.659	28.8024
1112.94	834.491	-18.7802
1443.14	-467.177	-13.0525
852.067	-951.827	80.6398
578.866	-1122.77	50.2836
303.938	-781.11	94.3835
-1425.57	-404.357	-0.921727
531.86	377.649	-18.8065
938.819	-1007.41	71.7959
1082.19	-520.943	-6.72035
-1098.97	-1233.09	43.0872
-1197.3	-6.54474	-7.75371
-1162.6	1156.81	-7.33794
223.41	-1346.43	35.0008
633.448	-365.648	-2.32156
-1470.04	521.083	48.5131
-81.5283	-1220.24	74.0559
1460.17	68.4855	-25.2928
382.477	1483.19	-16.7361
-1016.42	1498.9	-14.5325
-821.44	511.208	1.62437
-461.671	-865.991	22.6861
150.042	-176.759	11.1023
212.739	-624.346	44.6068
1338.41	-483.06	-13.0564
195.798	908.066	-18.8098
-1331.12	1232.43	-7.23511
-568.777	343.742	-6.29603
1416.12	-907.619	1.64853
-160.541	248.931	-12.8293
1486.39	274.113	-27.8161
-786.218	166.123	1.46136
-1417.03	-1392.24	87.6672
-983.531	-833.846	23.3638
-1409.85	-43.3844	-4.96702
-46.4405	860.27	-16.7129
-1374.94	-1342.15	70.4204
931.928	1498.81	-24.5717
288.131	275.371	-15.1219
-1014.35	-749.379	17.4474
831.97	1238.38	-16.4369
818.685	985.351	-17.0326
-1303	-531.809	9.29322
-1046.59	-907.683	37.3766
704.097	328.57	-21.0161
1467.36	18.254	-24.9595
-924.719	161.676	-9.18531
-1098.26	-831.314	22.9932
-1120.73	1099.51	-8.31302
-519.634	723.247	-7.00093
104.782	-872.091	104.05
287.321	-1360.79	32.9174
340.594	-1003.37	93.4211
222.857	564.253	-15.3511
867.243	692.227	-17.6352
-820.358	-760.152	7.35386
426.539	813.845	-17.0295
290.987	28.8036	-8.03705
506.262	-1235.82	35.7599
299.633	140.857	-11.5191
220.545	-62.6061	-5.0588
627.937	-1466.36	23.7373
1356.89	609.424	-20.4601
615.693	1143.5	-21.6153
-524.098	277.815	-1.01929
-1175.96	690.727	6.19537
-706.544	-750.767	5.34824
-244.559	-1404.25	56.2203
751.871	-507.981	2.11326
-168.949	1061.12	-18.7361
785.366	787.47	-18.9793
333.852	-1275.47	36.003
717.506	-229.209	-14.7662
798.606	514.922	-19.2962
759.542	-1229.14	34.3544
-1295.63	257.449	2.17479
-383.706	795.491	-12.8159
400.264	-1175.67	45.2212
-1298.73	-713.979	28.6639
-893.952	-1127.9	34.3084
-938.561	-422.216	-1.96395
1044.53	-1112.72	69.5329
1472.87	-1047.27	19.88
133.279	1190.44	-18.2075
-501.608	-357.501	18.5183
-841.135	-838.45	12.1142
699.495	-334.679	-8.56196
1326.09	672.678	-20.2534
-834.782	39.2544	-5.66293
-241.843	548.274	-12.6243
250.573	-252.142	2.35054
-843.154	-906.597	15.1032
-931.667	468.766	-0.172634
-332.558	-1175.6	42.7676
-996.038	103.598	-10.0659
512.051	826.823	-17.2351
419.756	-140.359	-7.31838
-1487.69	560.78	36.1992
1298.1	-431.322	-14.8147
-1487.55	-64.7115	-1.28396
-138.378	1260.92	-17.6329
1097.57	571.406	-18.3642
673.804	-1344.13	27.5272
1489.84	711.906	-21.5136
-815.305	-831.596	9.94765
-720.139	-941.25	10.5533
-511.597	436.507	-11.0165
-93.0347	-684.122	105.688
-107.778	-790.663	96.4378
-593.852	205.938	8.11288
-316.229	-1072.51	45.8505
-777.175	-533.803	0.203745
-226.77	867.084	-15.1787
-868.357	-622.08	4.24861
-603.816	-1113.43	13.7998
-1017.28	-214.721	-5.57192
-484.393	-88.2168	44.2477
952.118	153.826	-21.3864
-1131.96	736.43	8.17122
1070.91	-673.561	3.04238
1028.18	-1218.19	68.6211
1372.46	157.818	-24.2317
-755.585	-1394.46	48.2002
461.168	-512.571	24.5324
-615.076	-174.893	10.4427
-505.171	-1382.53	35.137
-583.463	-277.172	7.52716
238.967	-221.605	1.6063
1369.29	-24.3306	-23.2648
1317.26	393.464	-21.316
-458.255	1375.77	-18.004
1432.08	-878.146	-1.23674
1221.69	1195.93	-19.1613
1268.48	-704.566	-7.65509
-453.236	-1390.98	36.9462
-380.543	1429.85	-16.931
1309.99	-1064.34	61.9916
-286.036	-1236.92	52.9122
-1091.21	257.234	-8.74952
-254.593	978.375	-17.6699
-620.514	-1101.54	13.3496
703.411	402.86	-19.6164
412.571	-1076.25	64.9227
-1352.72	-949.64	43.2741
1073.08	608.665	-17.5651
1414.17	-1064.72	39.5872
-696.323	1036.24	-16.4747
-94.6367	-340.605	81.2121
-309.179	895.172	-16.5163
352.72	727.448	-16.9785
870.895	627.43	-17.145
-758.434	-675.371	3.34649
830.575	-366.929	-11.8472
-1060.24	800.667	9.70224
1103.98	847.544	-18.829
104.997	-1376.51	38.8948
-479.916	442.665	-11.5169
543.85	-832.391	105.001
-527.435	-313.882	11.7273
18.2473	-1189.96	66.8967
-314.884	-54.3677	54.1256
-578.092	-361.164	7.64093
-590.667	481.46	-9.92046
561.63	1226.23	-22.3077
-760.031	287.275	-5.24713
-342.136	817.086	-14.1331
1302.36	-874.819	7.03192
59.5495	-1042.01	91.6748
633.44	-552.484	26.7515
-707.754	1263.53	-17.6267
408.352	-590.21	44.7389
833.188	-168.285	-19.5834
781.709	-710.486	44.3016
-1267.15	-179.112	-5.08661
-1431.47	1206.38	-2.73541
-1462.75	455.761	50.9536
142.799	1225.48	-17.8177
322.663	-590.283	34.6706
-15.4032	1082.16	-16.6373
561.543	1146.65	-21.8321
1324.09	-1269.15	97.2177
-138.491	-279.094	67.8564
22.4259	-908.73	106.255
-360.12	-1397.7	41.5174
980.542	-1398.16	35.5579
1223.54	-48.7687	-18.281
1150.25	-679.31	-2.61279
-1033.48	-1107.59	37.0084
-891.926	310.338	-11.399
-1038.59	1172.54	-13.7176
-229.834	716.987	-11.3197
666.568	178.414	-19.8336
-863.113	1301.67	-17.8206
678.685	-1229.09	34.7217
702.724	1103.76	-21.172
-1339.89	-1313.91	63.2583
-466.647	-1355.31	32.2901
-1174.2	-905.259	35.8662
-465.884	-532.848	25.7128
553.779	1475.82	-23.0636
707.739	-1312.2	27.4389
-726.167	877.889	-5.62006
1003.84	608.785	-17.3015
299.521	-166.393	-4.19283
878.91	-218.497	-17.9576
780.724	1357.79	-22.8863
832.836	-913.707	83.915
1088.97	-3.28519	-21.4743
302.307	-1011.08	88.8653
-1232.63	-1018.79	50.5715
1249.8	1305.54	-21.9703
73.2831	1379.68	-16.536
1303.9	-1460.27	78.8818
230.11	196.88	-14.4056
56.3833	-416.773	61.7413
711.258	1202.77	-22.0217
-262.35	-839.198	54.6194
-1158.33	-1013.14	46.0575
1078.58	-1325.68	63.7319
1119.6	-116.405	-17.4459
1047.75	-347.194	-12.2628
352.81	426.4	-16.8835
112.852	1000.88	-18.4992
-423.763	-871.799	26.2506
1379.08	-306.338	-18.4272
580.274	1008.86	-17.7979
-61.4875	-1366.85	55.8973
-457.97	-87.0027	50.3437
-180.145	40.6757	10.373
-1259.79	-162.29	-5.15913
-904.33	-748.051	12.7055
919.168	-212.289	-17.8607
247.017	282.204	-14.8152
340.065	-654.535	53.1662
280.975	1315.09	-15.7637
1193.37	-547.737	-9.34112
-539.565	-905.032	15.8064
311.764	-785.234	96.409
1046.15	568.326	-17.875
1161.99	1453.03	-26.819
-1422.6	-514.227	5.06163
-1301.96	108.607	-9.12409
1371.08	1214.46	-21.4775
-260.646	-445.696	98.802
205.968	4.24125	-4.99938
-63.5094	90.9439	-5.44993
-580.014	-31.6803	28.1271
-817.993	1493.45	-15.5857
1109.5	779.7	-18.8659
-1238.4	748.636	8.13103
170.352	804.198	-16.5421
-1290.74	976.265	25.4444
1271.1	-985.577	43.615
-687.011	1358.75	-18.2139
1205.58	-475.279	-11.7643
-484.607	757.793	-8.90306
-1396.71	-240.419	-4.49772
1020.91	-78.1163	-20.5864
105.69	1362.56	-16.0839
1233.38	-997.452	52.1979
-772.991	720.94	2.86792
-954.116	-295.798	-3.11144
-238.286	-1202.05	65.2473
-660.14	-916.041	11.8417
-614.266	-71.515	19.3626
892.325	-622.218	6.24484
1259.48	-1460.15	73.1398
-1268.93	617.412	11.8822
125.406	1121.26	-18.6347
1499.86	866.189	-21.8217
-1025.54	1183.52	-14.1394
306.328	-1308.72	34.3779
410.373	672.662	-17.8802
-1463.03	588.9	25.0849
-1041.26	-1217.07	44.4737
-1388.89	146.96	-4.87765
-21.69	327.838	-13.4133
398.088	-206.67	-5.0625
-554.266	944.991	-16.8494
93.8915	172.218	-15.8036
-1388.14	381.894	33.8572
711.389	-191.207	-15.9839
500.276	645.536	-19.9069
155.344	12.5641	-5.24814
216.594	-438.093	19.3145
17.0071	-1273.17	53.6422
993.788	1273.3	-17.4424
1180.52	-511.93	-10.0107
-4.12044	464.088	-12.9451
-1057.61	-1183.12	40.2063
-222.037	379.823	-14.2113
956.801	-798.951	52.8033
245.356	-565.486	31.4225
1199.2	-1442.36	67.429
-962.674	171.495	-9.83845
1289.87	900.439	-18.2422
-214.505	-423.663	99.7904
-208.709	-1411.91	59.4409
672.652	117.227	-17.5498
584.653	-1344.01	29.2077
941.28	-347.408	-13.5307
-888.372	1087.78	-16.4853
-1304.79	-135.681	-6.83448
43.0598	-905.345	105.537
-1255.14	707.737	6.38789
843.206	1253.38	-16.0363
-657.066	-1235.71	23.9413
54.4197	866.474	-17.1946
-1314.74	505.394	35.695
-182.316	402.527	-15.045
-46.01	-816.569	104.958
-996.498	-39.7604	-8.57901
399.9	269.763	-17.0825
-204.502	-335.503	84.0743
610.805	741.413	-20.876
-1307.54	1096.72	4.01254
487.674	103.636	-13.1926
727.937	-666.433	41.011
1398.78	1391.37	-26.6965
1469.16	-584.988	-11.0002
1194.77	-1109.34	74.6645
463.333	386.119	-17.7766
-1310.69	1392.66	-9.64882
1207.41	1285.79	-19.9802
-808.306	1214.48	-19.2005
-1228.35	292.993	0.52183
-15.8228	-622.994	91.1255
-575.237	894.707	-14.6679
581.824	-636.003	58.1664
-914.6	493.353	0.919622
-382.222	407.634	-11.8858
-1171.71	-1136.1	44.1878
-1302.71	259.791	3.16152
940.516	570.989	-17.5004
790.088	74.7247	-19.2087
307.922	341.101	-15.6629
1234.02	-1087.53	74.3066
-1175.14	-323.519	-1.40735
192.587	772.848	-16.3889
-1369.78	-736.632	31.7984
-561.373	162.661	18.6427
-279.294	-469.324	90.9807
-1051.06	-1427.68	64.8532
-1142.88	-1331.61	57.3316
1340.1	-803.909	-2.22537
115.818	1157.91	-18.7129
-342.663	443.612	-12.8014
1277.21	157.117	-22.7433
-9.74035	-782.24	102.008
160.644	645.048	-15.7385
-925.366	-1367.97	41.9838
-1251.43	-357.666	-0.661707
436.747	687.456	-18.7607
399.019	-854.624	119.059
237.78	-930.307	103.148
874.019	809.635	-19.42
221.324	-1124.52	57.078
778.489	1305.78	-20.5889
418.106	64.857	-12.0878
142.814	-396.821	33.6547
1178.22	-556.425	-8.5452
1354.74	-31.7786	-22.7562
1188.62	-645.427	-6.87195
-256.872	-901.239	55.4826
15.3723	-147.347	19.2171
-1035.02	37.4933	-8.24824
-439.983	-1173.74	26.1548
-533.061	435.337	-10.4623
624.986	307.452	-20.3497
-419.303	-160.945	45.7258
-1054.94	1407.35	-14.4393
956.907	-75.8126	-20.8422
-1137.54	-294.247	-2.83653
-1172.39	-1186.05	44.1991
-311.092	272.932	-10.6591
919.053	535.064	-18.1395
-1013.31	934.313	1.85761
-132.55	801.674	-14.5985
178.797	1149.05	-18.8979
-1442.22	613.66	15.8938
-75.2623	-762.103	102.721
1115.67	-352.007	-11.0107
-522.407	1283.77	-17.9443
892.989	758.117	-18.4691
1437.49	-1261.22	98.2672
-1384.23	-832.791	36.7475
1272.02	9.78598	-20.0046
-340.229	1314.07	-17.9267
-744.209	-926.709	10.9201
129.219	1299.66	-16.3874
803.311	1080.1	-17.5472
-122.483	771.882	-13.7683
1291.53	-1375.35	93.0078
15.5745	-879.311	108.97
-469.19	1072.92	-18.8126
1294.08	-282.13	-16.7603
-389.678	-433.089	52.9508
479.734	352.997	-18.1004
8.4264	-1037.41	102.999
156.709	743.916	-16.6614
358.414	-1154.31	51.1454
1400.7	-1109.02	61.9036
161.514	-1347.99	36.9374
959.693	-1005.4	70.5101
1287.59	-403.961	-15.0879
392.453	1286.71	-19.5654
-542.269	-347.547	10.4833
219.444	625.799	-16.0392
405.43	1323.07	-18.6725
1042.58	12.9112	-22.4032
1096.43	1438.06	-26.3277
1474.9	1078.21	-22.2361
-242.625	1338.08	-17.4553
-502.567	-686.455	16.7487
-174.539	830.043	-14.7598
162.668	524.993	-13.2108
1442.28	-1067.93	33.6634
-32.3667	-104.07	16.0299
219.856	1398.1	-14.3705
-98.1656	-443.016	90.1387
-35.7735	1071.02	-16.8
1168.74	-895.85	35.1181
1137.7	1041.41	-17.7128
-1231.7	-1117.92	48.6092
-465.65	-1282.32	26.8896
-1382.29	-291.227	-3.86658
-846.51	-1063.61	23.9039
850.585	1220.99	-14.8918
1329.55	288.987	-22.6971
-1324.49	-234.088	-5.05573
420.911	1446.78	-17.9997
-750.651	-752.477	5.44272
-22.2235	335.311	-13.5435
1233.32	-5.47814	-18.8466
193.182	628.997	-15.811
-459.726	-298.022	25.4617
789.507	-694.155	37.9581
-1001.03	113.728	-10.1793
-967.578	-546.698	3.77451
-25.7114	997.408	-16.6122
611.447	-1081.85	60.0727
-919.773	388.107	-5.55899
-569.563	-1220.51	21.3797
210.455	-1349.77	35.1419
1176.94	1250.96	-18.8807
-225.031	-719.112	84.0296
385.609	-998.922	94.9688
740.322	-367.896	-8.27244
1244.12	1192.59	-19.5243
385.515	516.956	-17.3592
982.543	279.025	-19.6808
-749.658	-1130.67	19.9707
-1213.17	1429.53	-11.6071
1176.27	713.411	-17.3951
-186.5	-937.608	76.8798
-1182.99	-1341.36	62.1656
1017.7	-410.559	-10.5346
1357.75	-1406.08	96.3402
-730.807	-731.618	4.80158
-548.341	-638.117	13.5848
1475.36	935.658	-22.2131
565.34	627.987	-21.1355
-874.028	1449	-16.1977
339.408	308.997	-15.5392
247.76	428.728	-16.2482
-813.187	1195.62	-18.864
288.414	-720.128	73.3962
217.086	341.791	-14.4873
738.902	-8.39031	-16.0964
1.72842	-1465.98	45.5831
-987.037	-1355.62	51.2911
1110.24	-121.767	-17.4027
213.347	1201.65	-18.147
-1413.99	-1308.43	63.7773
-1187.58	-1256.61	46.0607
-948.224	1131.53	-15.449
-1343.33	1430.75	-9.17372
1404.86	1129.33	-21.1706
-788.104	-750.492	5.42051
-801.092	-332.41	-2.24423
1283.33	-431.414	-14.8853
765.525	49.7139	-18.0479
1454.5	744.218	-20.1122
1187.93	-594.878	-7.70456
-1350.21	928.946	33.8386
-895.402	1297.55	-17.3473
486.494	-1481.16	23.0533
1102.11	-43.6171	-20.0199
-109.682	1375.15	-17.9005
862.591	1473.68	-25.5667
-373.768	-256.556	50.6839
1335.56	1422.2	-27.5613
33.8717	-797.701	103.005
-673.73	-311.736	1.70236
-970.544	975.322	-7.33996
1251.1	1299.35	-21.6012
-504.941	-855.203	18.6151
-540.691	-21.4264	36.8594
1126.07	-284.54	-13.2084
-404.836	1284.49	-18.5788
1201.52	-678.876	-6.28714
379.739	683.145	-17.4331
-347.657	-1454.04	48.2588
-1267.39	662.398	7.98804
-98.3244	1328.33	-18.0442
-237.201	-725.548	77.7706
1172.58	1469.88	-26.9463
935.635	-1168.93	63.3205
-1204.66	262.932	-5.26479
109.187	-247.717	24.6344
1350.33	524.682	-21.0159
-684.659	725.423	-0.690957
1082.42	1283.11	-19.6538
-1454.03	-739.845	19.9149
-735.987	946.885	-12.1562
-600.872	-949.153	12.0834
-1009.8	-508.542	2.12781
554.207	-445.789	11.4557
-664.324	841.713	-5.29751
467.215	76.641	-13.0076
-1495.6	-723.53	10.6801
-61.3891	248.776	-13.8598
189.591	131.176	-13.6766
-452.283	599.888	-11.1348
-192.022	903.687	-16.4148
778.59	-289.005	-14.1911
-1181.22	-1482.14	88.5626
-1036.55	938.274	3.29153
-908.645	-801.442	15.5626
664.639	1382.72	-23.8755
648.607	647.347	-21.1386
346.509	1013.61	-17.0757
1106.55	-157.581	-16.4024
-1179.16	245.169	-7.64356
-477.666	581.059	-12.137
-231.219	1037.32	-18.6508
195.348	26.5544	-7.29426
-919.415	1264.18	-16.9111
-1353.26	795.623	10.4485
-690.939	-133.542	2.46559
5.48126	837.989	-16.3652
1139.66	-714.137	2.61326
-1229.36	-1327.93	61.4523
1195.02	-1125.54	76.7383
-971.511	-415.958	-1.59069
-500.57	1022.22	-18.1471
-86.8508	-1006.92	100.507
-1128.61	610.667	7.78563
1078.35	-1480.83	39.0179
385.258	-331.387	0.664078
116.354	-329.15	34.8833
152.664	-1348.85	37.2932
-1231.33	-1373.36	72.3177
-1481.7	-1048.9	22.6404
1157.09	214.825	-21.6081
692.413	-1134.15	44.5281
-358.663	-1493.08	54.796
728.726	176.198	-20.5749
-1299.46	701.652	6.73804
583.335	1223.51	-22.2687
933.033	-842.044	74.3948
-556.072	-679.81	12.6667
1438.6	961.114	-21.6067
1061.37	119.36	-21.8001
-282.653	-959.427	50.0094
-1129.7	-739.233	13.0242
872.822	1038.09	-14.628
-1089.16	-1335	57.4199
880.736	-1167.79	53.745
-960.51	-418.503	-1.37705
-1420.28	-223.018	-4.28604
-106.848	-1332.63	64.9716
-1431.81	-1341.64	75.1294
1421	715.714	-20.5877
1482.01	-294.188	-19.0969
1171.48	1270.8	-19.2257
-1320.59	1437.05	-9.43645
363.98	498.257	-17.2645
-182.582	161.685	-6.83252
-979.947	-1244.61	44.5127
955.804	-1237.69	56.9255
-749.644	-375.861	-0.342643
386.87	-827.093	113.266
271.833	-1473.5	29.9543
-991.831	-466.006	0.303775
-1188.13	31.4565	-9.75004
584.117	-949.524	98.1634
980.068	131.592	-21.6917
878.619	447.105	-19.0139
-471.538	544.6	-13.5097
-1432.49	1392.27	-7.26587
367.097	118.131	-11.1511
287.035	191.001	-13.7297
-879.842	-512.036	-0.857406
669.648	-1297.92	30.2515
-231.342	1332.41	-17.4546
802.844	-731.665	47.3932
-653.54	-225.776	3.60522
1150.84	53.9196	-20.3007
1456.79	-519.656	-12.2395
571.509	1007.81	-17.8262
1474.58	-149.491	-22.5287
-298.346	1339.07	-17.631
772.704	-414.304	-6.83916
-608.226	-385.058	5.95135
216.572	-1458.95	33.0629
-208.196	-1278.09	68.3349
-1126.46	-540.641	5.81749
582.57	-318.763	-2.96243
259.901	-152.61	-3.57398
-421.564	-1172.44	28.4973
-1478.44	344.49	24.0557
-652.983	862.475	-8.71342
-2.0353	-316.403	63.5396
-1231.46	-1495.55	97.9833
-145.078	736.699	-12.3892
1395.14	431.167	-23.4022
0.63344	844.462	-16.2834
1215.12	158.446	-22.8097
-817.81	1280.4	-18.6947
-1191.9	1145.32	-5.00289
676.449	-1483.91	22.5017
-252.262	1432.09	-17.4199
443.985	205.993	-16.0659
1304.05	-34.1213	-20.6153
-574.436	-1063.63	15.5688
-178.253	-800.85	79.3061
488.332	-1213.89	37.5081
407.603	653.836	-17.4234
-1019.1	949.808	0.253179
59.7586	-898.287	104.941
974.402	266.638	-20.0318
561.077	-1283.81	32.5059
-319.22	-321.234	75.8026
-384.689	-905.954	31.5218
84.3714	921.483	-17.9288
-1095.19	-419.881	0.868765
773.679	402.392	-20.4935
-874.377	268.42	-10.1796
160.703	-819.455	99.8099
-1173.82	773.992	10.4324
853.858	-1275.87	34.9124
971.339	336.797	-18.693
759.909	853.878	-18.4273
1153.5	1092.71	-17.866
781.478	814.193	-18.9727
-1242.52	-1382.03	75.5322
-973.701	-665.31	12.1798
-350.391	-1417.4	43.531
599.965	1459.45	-23.8889
1229.97	-616.008	-8.53045
1445.58	1227.12	-22.2908
-308.497	933.061	-17.1374
-1404.71	-98.2694	-5.19614
-1363.71	-1125.04	49.0993
-439.123	1432.65	-16.9373
786.589	-51.3831	-18.4705
5.98239	-129.442	16.8415
-1326.73	-960.284	47.9954
795.759	100.9	-20.2017
1458.6	-80.8064	-24.6741
1475.38	730.296	-20.708
206.56	-1105.13	60.2444
-694.435	390.609	-8.6446
-1461.34	-1348.15	81.9018
-1379.87	161.618	-4.67805
335.359	478.935	-16.7402
-944.256	651.948	4.19662
924.982	-302.35	-15.2685
-1022.52	251.495	-10.0672
232.024	-833.471	102.463
-845.777	252.263	-8.64731
377.721	-428.561	8.70073
-311.925	1252.08	-18.5705
147.213	-1127.41	60.4338
-1130.23	-1476.64	80.366
88.313	1088.63	-17.2091
-1138.08	-1338.48	58.5625
429.055	1015.19	-17.625
659.448	-736.118	71.0845
-1217.94	-254.672	-3.82111
-705.86	371.352	-8.33168
1276.47	662.174	-20.9279
-1093.09	205.907	-10.0228
-1239.13	-1053.65	51.4384
-953.182	-1302.14	44.5188
-416.251	-554.671	38.4948
809.626	1204.82	-17.1557
1476.73	-1124.51	46.5388
923.594	-646.098	9.3015
-796.52	-565.684	0.388269
-1135.77	-129.204	-5.21863
1485.91	-844.536	-5.33568
1119.89	271.539	-20.0763
1.71908	446.117	-13.2147
962.508	1381.86	-22.7036
-398.573	498.749	-13.1545
-761.696	-312.965	-2.52758
-645.145	540.575	-8.75803
-45.3557	732.148	-14.6527
-781.463	-1422.97	48.5116
716.469	-710.358	56.6721
-548.21	206.628	7.75166
473.263	-1091.3	58.3107
-962.472	-391.735	-2.12907
819.725	169.016	-21.7924
-59.6056	-1192.07	74.9768
930.811	-463.272	-9.2504
-973.328	-1226.06	42.6554
767.128	916.48	-17.632
1243.39	731.638	-18.5141
1236.19	1037.27	-19.3771
-655.124	-995.367	10.5564
28.7703	-1310.78	46.949
972.704	272.999	-19.9814
1075.87	1041.11	-16.7728
-317.086	555.821	-11.7468
-1165.24	-236.349	-4.44465
813.326	-775.441	62.3693
-899.715	1228.83	-17.2488
-649.52	887.99	-12.1076
758.034	1484.47	-25.661
-460.863	664.391	-7.86537
-1218.14	194.454	-8.80326
57.0476	-936.889	101.203
1487.81	1028.09	-22.9431
1070.83	-1320.87	63.0343
-210.695	-624.542	105.479
1281.44	564.267	-20.5934
264.869	1080.27	-18.702
-788.735	-842.001	8.73664
775.601	-1111.65	51.736
-1147.97	399.694	9.86779
-726.686	851.829	-1.75332
774.335	443.233	-20.3228
448.147	-736.494	88.969
1277.69	-1272.76	92.7343
373.612	-178.204	-5.60663
746.66	111.194	-18.9966
-198.458	238.411	-12.1889
-1318.8	-14.0482	-9.06869
722.498	-841.7	83.1582
1154.89	-1053.63	64.0879
1034.94	-939.734	66.6736
904.801	400.409	-18.8501
-34.6085	-620.726	96.4581
-66.6378	1011.18	-17.2272
-50.0765	523.419	-11.7829
623.36	-203.525	-9.29129
910.983	-1274.83	43.1081
-495.511	1423.11	-18.0126
-1433.12	-1251.06	53.0557
269.918	-782.283	92.3879
-1317.38	1215.09	-6.7882
-1232.13	4.50012	-9.26563
1171.92	-585.746	-7.35388
-1274.92	-1344.52	67.192
-292.977	719.965	-11.5899
1384.52	-1088.21	58.8721
-1099.39	-1115.24	39.6177
751.907	878.796	-18.0838
433.95	-1316.77	30.8167
435.768	-1246.96	34.8318
-409.311	-1097.84	28.9417
-671.49	196.999	10.672
-1090.91	-20.0072	-6.54574
-688.158	1203.12	-17.5826
1215.37	949.193	-18.6653
626.614	450.824	-18.4229
597.433	589.918	-20.3093
-1407.13	-1187.68	46.921
-1004.28	665.105	4.95895
-96.5242	1116.1	-18.2047
-1084.73	1285.33	-15.8358
-299.206	934.98	-17.1232
-791.925	-595.484	1.14336
-258.968	-183.78	59.7831
-927.894	-859.386	21.3273
745.804	-300.453	-12.616
193.632	1208.8	-18.1928
-908.37	598.377	3.64755
433.051	1016.97	-17.732
1072.26	87.9527	-22.1109
582.345	363.23	-18.8867
-1313.91	-171.037	-6.50715
-961.719	-905.615	29.2391
236.648	85.1879	-10.9781
1366.54	-1193.84	92.8093
889.807	-407.024	-11.1567
-705.339	-1090.34	16.7797
-541.868	1000.49	-17.4904
-527.795	-436.13	16.4461
-640.858	-681.566	6.38263
248.825	1306.33	-15.6342
-401.453	497.111	-13.1276
757.314	-1105.65	52.47
1428.36	-908.998	0.945582
203.911	-843.24	103.481
1275.74	-1087.88	69.964
1186.01	-518.126	-10.0061
765.659	1454.01	-26.8405
-591.777	544.794	-11.3158
766.463	-1442.93	22.4439
-363.01	468.535	-13.0172
-1366.9	878.442	28.3066
-932.759	1394.69	-15.9432
1331.98	-733.276	-5.92532
-507.597	295.728	-4.86311
914.638	855.386	-18.8598
-1315	681.867	8.75618
742.269	93.5977	-18.3753
197.124	36.9008	-8.17965
765.697	-1080.1	59.7411
-595	-753.85	10.3489
-551.5	57.6002	35.7772
-1307.26	287.36	8.07588
-446.649	-456.229	31.7048
-751.062	750.275	3.14226
1472.92	134.137	-26.407
-1489.03	932.481	20.4408
346.446	-1177.58	47.0614
1013.06	-920.536	69.5331
1185.61	-1098.51	72.4329
1159.68	546.632	-19.2059
-264.103	1089.32	-19.5094
27.3476	323.567	-13.3234
820.125	-100.221	-20.3453
1204.44	-419.268	-13.0337
-1389.11	935.516	29.9691
1265.21	-1095.74	72.5287
337.708	925.176	-16.7546
205.309	904.92	-18.69
440.457	824.693	-16.9935
-860.482	765.629	7.55532
1359.25	-386.757	-14.7703
301.226	572.951	-15.8861
1141.21	979.473	-18.153
437.486	-795.91	106.339
-579.228	-763.776	11.6247
-1342.18	1143.81	-0.491621
-711.516	1313.57	-18.0231
-946.649	-86.8284	-8.99035
-761.491	-1328.14	37.4161
345.582	788.046	-15.048
-999.519	481.84	4.83471
-1370.98	1489.99	-8.69926
-1436.55	1093.59	12.553
-369.891	-1004.06	33.814
-638.221	874.911	-11.3708
357.664	643.713	-16.0759
-316.189	5.90456	42.0592
-1253.57	-721.452	24.0802
692.508	1237.7	-21.8165
241.071	870.435	-17.5957
-674.33	310.409	-3.6965
359.653	332.102	-16.2556
315.548	-1336.09	33.0349
-281.518	-553.316	93.5386
206.13	641.986	-16.085
927.714	-1167.84	61.8749
1320.33	-1190.15	95.5026
803.498	-22.0231	-17.8577
-326.465	-1150.23	43.8192
-36.8989	885.26	-16.6327
-532.679	290.532	-2.35343
-707.744	-238.515	-1.40501
-1031.08	265.33	-9.25914
1275.22	-574.399	-9.7697
384.735	1282.65	-19.5392
-85.1528	1202.35	-18.3857
-1194.2	1316.57	-12.6092
-1496.49	439.754	52.051
-1388.74	204.085	0.0460687
281.753	-126.826	-5.36117
-491.353	695.997	-6.35616
1184.01	-1348.93	78.5052
1139.12	838.621	-18.5324
1189.42	-1032.9	60.451
767.865	-1258.23	31.8172
397.62	58.0845	-11.4078
625.418	-1336.22	29.754
-1260.34	-36.2109	-8.1246
-1208.69	448.795	19.6964
1405.21	572.156	-22.3264
1173	-342.186	-12.7313
1249.09	-477.896	-12.6306
413.78	219.159	-15.8976
-720.289	1421.33	-17.0851
929.371	-85.3211	-20.6079
-1466.96	-1494.4	127.806
-427.22	-1208.59	27.6614
-1194.16	754.678	8.84404
-1042.27	-476.652	1.30842
20.1068	446.593	-13.4644
174.989	99.6038	-12.5192
-1314.05	-51.4911	-8.56424
61.5644	874.356	-17.3158
11.2149	-1464.86	44.9949
-1177.19	1006.92	5.35858
504.707	-1319.5	30.334
446.301	974.882	-16.6766
556.71	-87.3869	-9.48233
-768.378	-1250.99	28.1298
-1451.54	1297.6	-6.00616
-1028.44	602.442	6.08447
1448.28	-800.619	-5.72028
808.497	-740.982	50.3226
986.3	908.469	-18.5619
404.783	785.845	-16.7492
-1216.63	1351.31	-11.9165
176.983	1284.7	-16.253
451.958	106.59	-13.2043
683.91	-657.552	46.4761
626.533	-591.75	35.7115
30.1625	-1133.13	80.1193
-123.279	292.598	-13.6149
-661.037	957.147	-14.7444
96.512	82.193	-9.73698
-710.856	501.642	-4.04483
-1318.73	-239.422	-4.90993
1255.79	-478.627	-12.7674
-438.943	1223.3	-18.9891
-1128.99	1417.62	-13.5511
1375.61	-66.5468	-24.1974
-891.517	-1464.8	44.29
1272.23	1127.98	-19.908
573.737	-1492.92	22.6109
-295.328	1033.52	-18.9187
-960.825	1494.44	-15.4101
-361.921	-380.916	62.756
-584.219	-1188.1	18.4314
-319.005	374.22	-12.2705
-605.582	-635.856	9.13569
641.725	1451.46	-24.5836
-813.425	343.316	-9.82659
-1081.11	633.002	6.63099
23.6554	104.494	-11.1564
1340.29	1461.41	-27.5315
1213.25	-1331.38	85.0597
-758.281	-83.1441	-3.21165
823.86	420.521	-20.5294
-874.784	903.871	-0.13845
-478.596	247.911	-0.119344
51.3173	-1414.62	41.8893
1076.72	-1226.44	72.8135
1060.04	701.798	-17.6648
-34.2207	-1050.55	104.949
1349.02	1408.76	-27.2931
1452.86	152.718	-26.2942
720.404	1186.58	-21.9697
1422.93	-1098.76	51.7412
-435.42	-760.97	24.8722
-1328.1	-191.923	-6.07083
-519.049	-1012.29	17.9697
1002.96	1446.91	-26.5569
-416.559	378.17	-11.1422
273.55	492.037	-15.9331
731.874	730.102	-19.7244
1435.24	-165.077	-22.3051
-414.737	1192.77	-19.3078
1016.5	915.887	-18.5099
-869.125	1140.51	-17.3934
-347.595	1394.92	-17.5387
126.332	47.4797	-7.45123
1347.88	1380.17	-26.8258
1261.74	269.551	-21.5116
782.419	-1238.26	34.5313
-299.344	1269.69	-18.0755
-1215.51	377.175	10.7244
536.423	1112.57	-21.4636
1375.39	261.765	-24.8283
483.829	694.483	-20.0484
-209.245	-52.9616	32.2012
965.33	-1446.99	28.5004
714.531	1244.66	-21.5976
-420.992	9.22207	46.1102
356.266	-50.0841	-9.289
-908.368	-1048.92	30.6108
-798.247	495.735	-0.0884913
-507.981	-366.82	17.6168
-894.65	823.586	8.23443
-1014.19	-295.291	-3.14292
-0.542341	-449.181	75.2735
-894.904	-787.781	14.0063
1353.62	-1117.38	72.3689
1426.98	1412.97	-26.7786
-1226.72	228.664	-7.56324
1106.74	341.405	-18.8501
-1168.23	-1165.91	44.1145
1218.01	-787.83	3.45825
1256.51	-794.414	0.42849
-1214.4	-769.206	23.6026
-839.7	1159.23	-17.9012
924.561	-792.284	57.0134
747.308	1065.7	-19.6634
-865.842	982.001	-11.5763
601.814	1418.31	-22.978
993.994	448.111	-19.0987
-1491.44	-735.112	11.3175
864.745	221.74	-21.4039
-56.552	722.862	-14.1354
-1159.62	-731.802	14.8373
434.82	1496.94	-18.9627
-286.72	931.081	-16.9973
-507.311	-1280.85	24.705
-685.829	-1227.24	23.3093
218.404	314.3	-14.2768
-733.277	-642.18	3.00643
274.741	913.329	-18.2397
477.857	1163.6	-21.8477
1317.26	-1084.68	64.9461
337.378	-301.764	1.3857
-47.8811	866.661	-16.7442
520.527	1063.1	-19.9211
237.568	-633.625	46.2203
-717.661	-780.189	6.39874
326.192	945.229	-17.1495
710.095	-992.305	83.7975
-902.1	285.408	-10.9877
1044.06	1218.52	-17.5773
-444.124	685.089	-7.17313
-152.287	172.671	-10.0734
-620.685	-1053.28	12.94
-81.3195	759.463	-14.2435
993.076	489.125	-19.1263
1457.24	-908.041	-1.3716
1412.21	-563.912	-11.3305
941.113	-912.282	78.2614
1013.98	561.634	-17.9833
-1108.53	335.434	-1.56237
304.03	-1185.39	46.0411
-244.508	-891.24	58.3221
1052.8	1157.82	-15.7824
15.3542	232.295	-14.2239
-194.567	-986.308	78.2915
-849.264	-813.802	11.7154
-774.59	549.446	2.94309
158.444	-1257.55	42.6534
-619.623	354.683	-6.21934
211.14	531.322	-14.9347
1304.1	-1046.82	59.4085
-929.263	-527.926	1.27316
1364.25	383.761	-22.5078
452.717	1039.7	-18.7313
912.112	-1164.54	59.6348
22.7817	-135.885	16.3273
342.607	-820.138	110.216
-1169.23	1304.22	-13.4791
1434.54	-930.927	1.46953
-1366.28	427.281	44.0858
671.097	-971.896	91.46
-471.746	943.84	-18.1781
789.06	747.443	-18.7269
-1464.74	-179.97	-2.45451
1218.84	1001.24	-19.0497
854.713	-702.763	31.1881
-211.969	-1279.72	67.6736
608.461	-1427.22	25.2633
1099.78	41.758	-21.6327
-1453.73	-170.6	-2.93222
1312.53	-1450.79	82.5259
-1232.83	283.737	-0.0946234
-398.357	473.991	-12.7842
-463.805	512.388	-13.1851
-1081.8	260.638	-8.78202
-1099.75	1403.83	-14.0281
-231.614	-1374.93	61.2631
-766.006	-1243.02	26.7699
1431.59	-344.111	-16.1054
-500.895	-880.104	19.0858
423.016	-709.979	79.2869
1347.26	-1327	96.542
-1492.53	497.404	50.5302
-334.731	134.745	9.29653
716.192	534.291	-19.0116
1284.98	-129.895	-19.569
1272.7	-136.492	-18.9991
867.485	-23.3004	-19.6569
1201.2	1294.73	-20.1367
-1128.36	-892.888	32.5532
-208.381	-789.27	72.9309
-463.849	-1043.75	22.367
696.736	-1461.36	22.8396
722.914	-1250.64	31.7992
-106.488	-799.253	96.171
574.233	-1342.55	29.2597
278.292	47.1933	-8.91323
-560.411	1206.35	-17.4436
400.178	1365.23	-18.1993
-1422.19	1.56928	-4.98063
1287.5	-1382.32	92.6043
-1044.59	-38.2677	-6.8556
1240.91	612.176	-20.3643
-866.681	1336.59	-17.3705
82.34	600.259	-13.069
1345.67	627.779	-20.2324
1409.92	-1480.15	79.0588
696.783	713.456	-20.6749
-43.3868	1331.45	-18.2445
-159.651	-1122.67	85.5531
342.743	683.118	-16.5726
-753.645	-803.105	7.27053
-635.121	-1088.31	13.0429
1397.46	1061.45	-21.5575
1164	1369.59	-24.9175
-427.098	-189.99	38.2435
-434.468	68.1308	31.6532
-287.793	893.24	-16.2329
-706.818	678.167	-2.15162
-510.374	-777.864	17.0145
863.884	-511.137	-7.33197
-516.738	298.051	-4.2456
1225.56	-925.391	29.4977
274.926	214.342	-14.4587
1123.93	727.833	-18.0779
-1308.67	-596.088	16.6498
393.517	-679.376	65.6694
-772.241	310.456	-7.86942
1000.43	1019.3	-15.6266
-891.68	-25.5279	-9.36467
1031.12	711.529	-17.7487
993.244	892.2	-18.7271
1231.57	-261.5	-15.2215
1446.12	-1348.02	94.1095
-1458.58	937.477	23.6063
1356.74	611.571	-20.3411
-273.121	-429.629	93.7189
1255.23	195.069	-22.2354
1021.48	-1303.82	58.9865
-1054.45	86.726	-9.92689
-1130.04	1470.33	-12.7529
-1028.66	-1379.12	58.7035
1340.43	-1061.37	58.1991
-313.119	1350.41	-17.6427
426.858	1221.38	-21.7008
-25.3226	-123.333	18.8976
1212.42	-632.96	-7.9775
75.4252	-572.386	61.2391
1494.24	-1139.04	46.3372
707.939	945.295	-16.3626
670.829	-845.537	88.0765
1304.2	-330.139	-16.0998
-409.405	-648.044	35.3177
-347.55	-1431.98	44.6369
833.01	1041.14	-16.3727
1305.69	-318.164	-16.8302
184.119	1047.86	-19.2818
-897.799	488.54	0.0471775
239.715	366.044	-15.3808
-1415.2	-1220.21	47.1871
-1305.33	-1295.97	59.1685
747.625	1243.92	-20.1753
1107.46	745.746	-18.4488
387.297	-1371.67	29.5264
903.11	478.357	-18.3923
-943.142	-205.434	-6.02188
-1271.54	64.8538	-10.5877
-737.441	-483.927	1.1669
943.16	-936.612	76.306
-1148.83	1421.82	-13.2631
1252.6	533.651	-20.2224
-846.63	-455.116	-2.25535
129.228	1068.08	-18.2426
100.978	-364.961	42.9456
-727.548	1235.82	-18.1093
1216.34	1035.85	-19.0333
653.379	-414.048	2.23387
-764.213	-1166.52	22.9937
-771.658	1178.9	-18.6711
-369.205	-768.742	34.9794
-1359.64	-8.19917	-7.59581
1323.72	902.379	-18.6495
403.777	-187.179	-6.01073
-198.37	1464.76	-17.5476
-752.372	759.244	3.29377
705.692	-1115.05	49.1625
-76.5044	1037.81	-17.326
-215.722	1305.28	-17.4939
638.572	1043.81	-19.1893
82.519	376.602	-14.2186
396.001	586.115	-17.2675
600.207	-1438.58	24.7415
-821.417	-771.891	7.98796
-306.259	-1280.55	49.2567
375.185	-1085.99	64.7184
39.3597	-1186.89	65.6146
-293.895	-1147.35	52.126
-1128.34	583.61	8.83173
1433.16	609.15	-20.6977
868.977	842.362	-19.2382
-921.226	1055.95	-14.784
-236.477	146.23	-0.913003
503.225	-345.477	0.328243
-365.629	405.947	-12.2701
-1499.91	-105.33	-0.337782
-443.166	-388.792	32.3053
-264.019	-159.832	56.9848
-836.868	-1221.25	31.9649
216.805	-637.876	47.7344
-1127.59	901.018	12.3315
-51.1643	14.35	0.888161
735.884	-229.027	-15.6211
-1069.4	1412.05	-14.2115
-524.754	878.815	-16.3885
930.321	-322.837	-14.5113
-19.6479	958.26	-16.5401
-527.15	-229.289	18.5913
719.373	-731.744	62.3725
458.768	-822.47	111.692
879.616	1336.34	-20.136
-53.1473	296.046	-13.6075
746.347	-1218.83	34.7628
-5.37947	-322.947	65.9837
-31.5111	745.894	-15.3347
-403.061	-1068.03	29.2879
508.766	1347.31	-20.0143
-1356.3	-336.165	-3.45373
10.2029	-478.454	73.3665
1056.75	1223.33	-17.7636
955.801	1182.47	-12.5994
-241.22	1340.73	-17.4339
-159.263	-1343.45	66.8482
928.378	881.195	-18.5093
97.466	-815.907	100.558
51.5723	1132.49	-18.0533
-1061.78	-98.6756	-6.59712
-1251.07	-1071.81	52.2701
-613.286	539.732	-10.2311
334.596	663.358	-16.1779
-379.989	-811.823	33.4966
-835.423	-642.215	3.66766
1035.11	-1458.83	34.3378
-157.118	1119.32	-18.6793
801.585	153.089	-21.5325
280.271	-1458.45	29.9458
-1444.65	-1164.42	41.51
304.46	-263.592	0.754617
1450.18	1371.86	-27.2203
-74.845	116.576	-7.98955
-217.058	1335.39	-17.389
-832.886	-1300.11	30.2413
-1240.87	300.732	3.32063
19.7812	1297.48	-18.5492
-311.484	-1133.25	48.241
1303.88	1413.39	-27.4897
-247.063	-808.331	60.7587
196.208	-1051.78	68.883
-93.6977	1127.36	-18.2077
-42.737	-510.025	88.766
1383.43	-1362.74	95.7376
-593.437	851.883	-11.9832
1080.78	634.109	-17.3273
990.179	672.186	-16.9445
582.754	628.988	-21.6141
-140.415	-577.171	118.043
-123.297	-355.188	85.698
1074.33	-555.338	-5.14203
-1165.17	869.278	17.0939
1456.63	354.544	-25.1744
-695.97	-1157.78	17.3665
-89.947	-345.067	81.6103
-275.725	363.135	-12.8318
-597.957	1453.03	-17.2774
1161.14	1281.75	-19.3884
-1398.64	1166.81	-1.55048
1361.79	-624.821	-8.79202
-690.855	117.949	14.3711
236.422	-1417.36	32.8535
537.881	58.4421	-13.4204
-539.023	-98.3843	32.5107
-183.281	-263.754	63.4003
-908.323	-123.208	-8.18766
-737.682	-235.54	-2.83372
-1178.9	995.53	7.8245
867.36	-665.838	17.3045
3.45572	747.869	-16.0612
-1251.3	201.397	-7.65743
1004.86	535.423	-18.4077
51.153	1055.41	-16.6221
-1155.46	-1474.44	83.3329
-746.565	581.249	-0.0208639
-383.33	-1042.61	31.9275
-847.142	-944.974	16.6523
909.392	1127.88	-11.9541
-1209.28	97.5878	-10.7762
1125.02	-825.277	29.6007
1056.19	-1208.63	72.1878
-1374.26	-155.604	-6.15396
1035.21	368.426	-17.726
976.83	678.415	-16.9402
-1464.19	-1170.12	40.2747
819.037	-790.155	67.2384
-982.632	76.4368	-9.51978
1307.8	297.353	-21.8528
-265.497	-1378.7	56.1196
1132.5	462.116	-18.63
1414.3	531.771	-22.4522
278.301	-1195.33	45.0649
-792.316	469.133	-2.68651
-1400.83	342.239	23.5235
423.401	-1454.01	24.9509
-1406.63	-1250.74	52.0157
1183.98	-195.401	-15.4783
868.249	615.284	-17.0739
200.618	-57.015	-4.35408
474.955	-1220.47	36.9629
642.877	1153.14	-21.8392
-1160.45	1438.18	-13.0558
327.907	474.256	-16.7611
-819.493	62.1154	-3.93072
-91.044	1053.68	-17.8906
1409.91	-378.217	-14.9206
839.528	-627.865	10.006
689.773	97.8681	-17.1047
-1444.22	-580.503	13.3079
687.551	-1170.74	39.7559
-756.383	-80.8967	-2.9424
-1482.36	-1058.62	23.0161
1077.38	350.532	-18.3396
1158.6	-817.472	20.9846
-1159.98	-1440.47	79.9448
-1295.9	-1301.69	59.6322
1159.02	-394.72	-11.8872
-255.753	-947.676	57.2256
-423	857.113	-16.7013
-661.368	1482.63	-16.3714
1236.5	1018.19	-19.2825
-1484.14	-1079.78	25.2109
332.493	1006.48	-17.0823
-1457.18	1176.33	1.66184
711.188	-323.249	-10.068
884.535	-927.68	80.8992
-1238.52	530.382	22.6721
1182.47	-1429.57	67.709
-320.528	1318.62	-17.8334
-948.248	1119.27	-15.2645
1498.94	-500.668	-12.6742
1390.4	-1255.24	102.285
-1203.32	-532.403	8.26308
-17.0492	-611.581	91.1961
1372.36	-343.226	-15.6953
55.0239	-645.298	77.8041
102.141	-1355.41	39.2887
261.652	685.156	-15.9047
-995.222	676.869	4.63766
190.096	715.953	-16.4004
-380.944	430.974	-12.2512
216.656	492.786	-15.1115
-1172.63	1443.05	-12.7853
-652.43	480.562	-7.79591
624.726	1255	-22.0974
1119.65	-1296.95	73.1225
-344.07	2.12229	44.9382
1444.97	777.198	-19.328
663.176	365.398	-19.7501
-996.602	-1369.87	53.635
-836.937	893.17	0.23127
637.33	-927.444	97.3079
542.635	-678.093	72.2915
-223.535	-1337.5	65.7364
1391.89	-329.381	-16.8569
768.942	-511.017	-0.250157
-334.672	1426.9	-17.1902
-845.515	379.082	-9.16497
-1225.18	1005.36	11.3065
924.17	-291.227	-15.6542
-786.008	-1107.48	21.7895
-782.46	208.467	-0.346526
-1074.68	-1085.72	40.5864
-1146.66	-814.614	21.8586
1454.09	744.621	-20.0969
651.906	-1179.06	40.1403
-1305.7	1273.5	-9.31488
1423.2	771.079	-19.3939
-246.72	-274.641	64.8434
954.592	-680.165	12.1452
-308.161	555.728	-11.8454
-977.047	-660.224	11.9617
-208.013	-321.451	80.1168
1155.56	190.139	-22.0383
1390.03	981.403	-20.5953
-279.151	-735.874	63.8543
-662.024	-1020.75	12.0548
-669.448	398.951	-8.95409
1462.98	732.763	-20.5176
188.13	350.54	-14.2413
-345.414	871.6	-16.4107
-1256	1430.11	-10.6124
152.724	14.9606	-5.35388
-1336.87	-975.671	48.8647
349.051	-1190.22	44.4676
1354.44	765.584	-19.2223
1034.37	1032.35	-15.8223
-1159.26	33.0108	-9.05853
1374.19	97.3059	-23.971
860.874	-1110.95	57.6241
377.933	-1067.59	69.3446
-1428.76	-391.099	-1.03128
798.984	976.846	-17.3831
798.456	-371.154	-11.0882
-1328.56	-1091.77	51.8246
-542.9	767.178	-8.9354
1395.26	108.004	-24.4572
-586.799	1262.67	-16.9221
-535.186	569.477	-12.8126
260.233	1413.29	-14.5286
-1326.68	829.383	18.8367
1255.3	945.769	-18.8389
-9.49214	-1444.08	46.2855
-514.815	186.347	12.5018
1044.11	470.408	-19.0093
178.289	106.946	-12.7592
1017.81	-1451.94	32.3579
897.541	1245	-13.9168
640.391	205.502	-20.3847
1152.39	880.813	-18.1556
-510.119	-383.648	17.8688
181.317	1228.25	-17.8926
-1410.13	114.694	-4.99048
1215.49	-669.924	-7.28336
-553.06	-696.019	12.8718
137.858	1323.71	-15.7903
15.24	433.653	-13.5329
-371.559	1309	-18.0612
743.598	-950.582	85.4217
1404.85	-459.079	-13.4445
-917.975	1420.33	-16.0286
755.702	-687.609	42.4487
701.055	-1431.79	23.4354
-1176.82	-927.196	38.595
-779.205	1336.23	-18.7247
1396.73	-223.589	-19.7785
828.33	240.162	-21.5316
-694.741	-1491.76	57.9929
152.603	-488.694	31.4673
400.259	-332.796	0.120523
406.774	-1025.24	82.6815
1039.31	-1025.32	61.9073
1344.77	-151.543	-20.5122
-963.181	-782.985	17.6629
409.023	1007.56	-17.1415
468.936	-1232.6	35.9534
-572.39	1308.68	-17.6509
-84.7058	-970.672	99.4655
-145.561	-1166.77	84.8154
-98.9029	590.424	-12.9921
318.499	-704.636	68.8961
-1460.24	910.43	21.8935
664.691	878.342	-16.2339
-512.663	1378.04	-18.8945
-436.359	314.081	-8.94427
29.5292	-842.724	108.712
-1216.83	13.242	-9.42252
169.972	948.1	-19.7959
-1255.74	-318.542	-2.2122
79.5805	-1039.96	88.0471
794.868	-1427.57	22.6907
705.133	1000.74	-18.1187
-1312.95	-266.36	-4.06244
-565.962	-1268.6	25.4239
608.846	-1031.15	75.4717
-1057.57	159.854	-11.2003
730.131	666.417	-19.7133
-797.01	1032.63	-15.7597
1313.35	1473.16	-26.9875
-484.026	717.484	-5.53965
1377.02	1309.78	-24.5044
1065.95	164.564	-21.1189
1367.89	737.893	-19.7446
653.251	1238.66	-21.9179
595.701	1374.64	-22.1691
1014.82	182.902	-20.7484
625.025	295.396	-20.5312
-1133.91	-250.399	-4.31109
453.922	-55.0238	-10.0702
-248.601	-900.436	57.4417
1002.4	-546.32	-4.69678
329.557	-868.268	117.735
-262.79	-863.257	53.8498
-740.09	-251.059	-2.63958
-1349.37	308.854	10.9279
131.392	744.412	-16.6706
-573.996	-1481.25	50.4825
-670.529	-1175.97	17.1309
310.307	-295.846	2.13763
-1394.55	959.431	30.6377
69.4317	1093.57	-17.2223
1046.65	1426.48	-25.3101
840.833	744.755	-18.3256
1494.4	-1120.55	39.282
1139.98	-1159.48	73.505
-541.573	937.336	-16.9834
841.551	593.69	-17.5625
-196.951	1416.64	-17.5867
-244.985	990.128	-17.8383
376.165	-87.3622	-8.32622
61.7574	1117.03	-17.7695
778.935	465.608	-20.2482
-860.815	215.12	-7.52111
555.791	146.486	-16.2632
878.235	766.376	-18.6991
447.694	-88.4865	-9.01353
456.488	426.961	-17.6206
-96.6095	-1038.1	104.499
1484.14	-876.402	-4.44679
861.778	1141.79	-14.0313
224.125	-185.012	1.49077
-430.06	-214.471	35.9333
1345.1	1002.38	-20.2475
1417.34	-64.9105	-25.2582
1041.01	461.637	-18.9075
1192.26	292.134	-20.542
996.81	-1476.07	27.5023
-523.297	739.52	-7.45427
-949.752	-1422.43	47.5398
-1232.25	-1377.63	73.5814
665.07	-301.325	-8.75903
764.855	-1384.06	24.2398
-836.558	145.05	-4.56586
251.315	876.912	-17.7596
1173.62	676.378	-17.4048
1148.96	1358.15	-24.0586
-751.355	-394.216	-0.126257
670.769	-90.7323	-14.3877
429.54	-309.603	-1.87228
755.945	595.466	-18.6181
1230.03	1299.56	-20.9555
871.64	-702.196	28.5482
388.79	-914.376	115.659
-277.349	137.191	3.90216
-1230.37	308.371	2.88783
196.311	-230.909	8.79472
-1133.46	-1278.73	48.2872
557.179	-790.697	95.5644
-71.129	-1262.17	67.1879
-145.35	-1188.14	79.6879
1201.15	1220.04	-18.8563
-92.8395	-1215.72	76.3496
-1461.76	769.74	7.19353
461.577	125.171	-13.3348
749.501	110.654	-19.0587
-119.588	582.33	-13.0953
-352.097	11.4767	42.7358
-1295.32	-951.366	50.7045
-740.568	147.002	7.39562
337.02	-989.451	98.9932
-519.696	472.066	-11.6067
1143.29	1063.83	-17.6844
-991.689	1395.28	-15.1603
1087.29	-1464.24	42.5714
-122.763	145.748	-8.66489
-50.1963	-726.083	102.373
878.584	-1497.64	21.1242
-1209.92	336.629	4.23186
-1254.8	1462.19	-10.5828
1072.03	-807.402	33.0613
1369.42	-215.282	-19.226
-1197.79	798.677	12.8804
-1118	-1376.14	65.5644
-240.165	-1497.42	53.4025
1274.8	1360.67	-26.5865
61.129	1420.22	-16.7267
198.532	113.743	-12.6427
-510.476	-1319.47	26.8648
-501.06	-590.554	18.6214
816.013	-393.447	-10.5747
-113.108	-414.501	89.3719
-55.5347	1255.39	-18.8265
707.732	-94.4946	-17.3995
295.947	266.289	-15.0844
-1392.22	552.547	34.4136
1424.12	275.069	-25.8559
-939.133	917.401	-0.110353
1313.25	-1116.45	75.697
-404.122	682.011	-7.70291
-886.91	257.819	-10.0492
-915.326	922.819	-1.58889
949.886	-1177.38	64.392
-872.047	212.564	-8.2831
24.0772	76.9599	-7.93701
550.499	173.721	-17.2082
-788.858	-187.708	-5.08215
1000.5	37.3609	-22.4376
-705.577	-538.656	3.19487
-189.84	428.026	-15.2887
1204.65	731.643	-17.8574
815.668	-1055.48	65.7267
1020.59	1495.65	-26.0197
-838.294	335.443	-10.2151
-453.626	-1195.04	25.1969
1123.08	-135.933	-16.9758
545.189	-489.722	20.8658
558.751	461.922	-18.3267
1387.75	-1107.96	63.8433
244.049	-1279.45	38.0536
1017.98	-882.623	65.193
-1475.27	-1408.48	101.65
-828.66	-909.225	14.0545
794.166	694.543	-18.3071
896.856	1219.94	-13.3263
706.771	-1060.92	64.8529
692.044	-1008.72	79.9015
-820.062	1339.59	-18.0148
-567.239	325.708	-5.59806
786.727	293.69	-21.6484
774.536	857.56	-18.5148
-1110.16	-413.388	1.02671
1111.62	493.518	-19.0672
-1087.77	-1302.23	53.0301
-1194.18	1007.26	7.16105
857.155	182.43	-21.7657
-1393.2	-1498.98	118.933
-584.033	1088.3	-17.8982
-482.243	340.853	-8.72103
408.583	-544.848	31.3592
451.345	927.37	-15.7481
659.658	-1326.71	29.1464
550.367	-267.637	-4.79706
-736.805	186.457	5.97157
-1416.04	1183.48	-2.0998
1309.34	-158.2	-19.4015
272.592	209.025	-14.3496
-1129.61	792.26	11.5648
-1295.18	-489.712	6.67977
-812.925	1056.68	-16.5303
1101.69	726.313	-18.0803
-1112.31	965.291	6.09029
1267.2	307.682	-20.8304
-1408.58	1330.07	-6.9964
107.993	-444.4	43.9648
-957.576	808.75	8.04913
1137.98	-1197.85	75.3755
1161.73	1339.7	-22.6583
541.889	-1338.24	29.3215
-109.525	-361.75	85.0705
318.171	-714.455	72.5352
-512.207	-317.996	14.3147
435.418	87.7155	-12.6939
454.472	-83.5162	-9.21746
1130.64	-1383.91	64.779
-210.3	-1294.08	68.0985
1276.17	-703.032	-7.64758
-965.122	571.963	4.74394
-306.408	-425.285	87.9934
589.653	403.93	-18.6337
-574.328	-766.829	12.0193
114.037	-504.015	44.7125
543.286	1235.74	-22.3166
-1452.78	253.471	2.94587
-1145.11	-1003.63	45.7699
-1191.12	1318.26	-12.672
1066.27	550.738	-18.1293
-161.31	-586.526	119.467
-47.4022	-1016.85	106.258
465.98	-1317.32	30.6004
346.91	1430.89	-16.1571
701.294	1035.32	-19.2022
-989.381	-1183.23	40.2294
1433.64	1368.51	-26.6722
898.398	-1302.99	39.5565
1421.53	-611.921	-9.76506
861.494	730.85	-17.902
-311.433	-1023.03	46.2869
-378.2	-650.439	43.9414
-731.333	-1277.8	31.6503
-684.351	-674.769	4.58587
-394.469	319.667	-10.0878
814.483	539.377	-18.8226
-405.223	1331.58	-18.0584
-985.521	1198.62	-15.3598
-769.906	-1128.53	22.214
-692.61	1261.97	-17.4959
-660.53	-60.8521	9.33684
-1208.82	-654.011	15.4116
-1047.08	-640.252	11.2392
-685.258	1289.62	-17.6381
258.099	1396.05	-14.2549
-1166.16	-123.465	-4.75503
1291.93	-444.221	-14.42
866.578	-1157.62	53.0989
-1249.48	550.174	22.1845
-561.442	-465.499	11.0205
-1170.94	776.145	10.6046
1252.03	-699.878	-7.44254
-934.895	-1253.5	41.4506
-872.408	-40.2598	-8.73843
-884.519	992.238	-12.6073
864.25	479.573	-19.2144
647.203	326.516	-20.2588
599.493	-229.024	-7.52814
-1388.18	792.76	9.89047
1298.86	-534.68	-11.2011
-501.69	1101.72	-19.1132
-1199.63	-709.432	17.2027
-290.334	-457.886	89.07
139.802	211.962	-14.9912
1482.16	846.044	-21.1228
1232.89	1037.59	-19.3166
-957.013	-565.42	4.91177
-990.549	873.599	4.41377
-1256.81	248.196	-2.6471
779.444	-1420.4	22.928
488.143	1444.66	-20.0353
-886.859	-1499.12	45.9257
466.363	1342.99	-19.5392
1122.43	855.81	-18.641
1387.34	-145.793	-21.7693
1466.6	945.753	-22.137
1319.5	-1455.04	81.73
-177.36	366.833	-14.5192
887.689	221.694	-21.3782
1444.74	976.499	-22.0271
141.777	924.809	-19.2014
-1156.94	-876.798	31.2753
-1236.46	-618.127	15.4661
-1101.88	-660.53	10.4866
1430.74	-176.041	-21.8135
395.782	-801.541	106.877
828.445	-1066.55	63.9435
1152.64	-1264.99	78.3479
1317.92	-418.128	-14.7811
929.171	-1058.39	67.9182
-107.799	1252.31	-18.2621
-1361.14	-1049.31	50.7153
1035.15	510.99	-18.843
262.376	79.6006	-10.3506
-1441.09	-20.1412	-3.8624
-816.774	-1228.04	30.3302
74.4776	286.1	-13.7554
-895.102	86.4973	-8.23718
412.958	-376.648	1.33775
386.492	708.525	-17.6963
945.989	-380.752	-12.1922
-583.026	-414.171	8.17375
-846.724	747.044	6.43257
-722.442	-235.81	-2.13111
-137.317	-54.6445	17.664
539.981	-1160.92	44.2064
-652.906	518.774	-8.09483
984.32	-1095.11	70.6727
-1269.39	-318.685	-2.44719
1139.68	1315.15	-21.2849
659.916	-821.634	86.5518
-872.222	590.021	2.71205
-1121.45	734.089	8.09823
923.349	-634.651	7.37251
-272.648	-1194.14	55.7976
-1262	1062.87	4.16066
387.739	-1339.99	30.759
1412.06	1243.43	-22.739
-842.07	-1405.6	37.2207
1445.75	1123.73	-21.4655
-947.551	313.549	-9.95707
-436.663	989.465	-18.6252
-925.676	322.429	-9.78927
1404.52	-1492.62	76.3233
-37.6963	498.63	-12.2225
1120.61	-1029.17	58.9583
-1345.94	-667.888	24.8472
-1336.64	455.767	40.4933
1248.68	362.302	-20.1293
1381.72	528.53	-21.7065
-385.386	-160.995	53.7428
9.20705	407.127	-13.7279
824.097	-1387.54	25.059
387.428	77.8174	-11.1231
1161.27	-736.075	2.38639
768.179	436.809	-20.2751
220.466	891.656	-18.2614
-1221.73	-1046.59	50.3733
-1189.8	1372.23	-12.4337
935.352	947.663	-17.1556
-1012.12	-381.533	-2.29669
-840.001	189.901	-4.30081
-889.567	-1300.17	34.951
-1305.43	894.666	30.8776
313.151	91.3585	-9.84686
-1284.46	-737.767	28.635
24.6811	1235.2	-18.7525
543.174	-71.1052	-9.91157
-1441.78	-1423.66	101.776
-106.372	-131.119	27.7746
1147.19	279.487	-20.3266
-57.1511	-46.0323	7.22107
1300.08	-1336	93.5222
-197.151	4.79783	19.8235
-466.853	449.839	-11.7577
-823.039	-1191.52	29.8549
-545.695	-859.629	14.731
465.958	-330.352	-1.51422
-116.693	-821.757	92.6574
700.124	304.922	-21.4759
1059.31	-1448.35	39.6597
523.22	-493.074	22.0377
-1468.89	-1389.47	94.4376
-304.177	1427	-17.3251
-396.02	-615.938	40.4537
1161.14	-982.54	52.7338
111.179	-657.24	65.5499
989.928	676.882	-16.9506
-1.70807	158.037	-14.0074
-739.031	217.363	2.57473
-426.195	-302.156	36.7878
574.066	-1176.07	41.3119
-1360.31	1122.64	2.37578
383.792	591.749	-16.9828
1128.96	706.095	-17.6493
1017.45	828.436	-19.1605
-605.814	880.187	-13.1198
1386.59	-573.753	-10.9561
270.22	386.602	-16.1196
1095.65	134.891	-21.4234
-590.373	-927.81	12.6218
537.595	-441.136	10.6602
192.165	-340.38	18.8621
99.8741	406.684	-14.4445
-1115.98	602.298	7.8321
-687.963	567.938	-5.62285
33.4935	-325.36	54.9783
-626.084	-220.625	7.5537
-661.054	582.371	-8.68596
484.88	1292.19	-20.6011
840.261	-1160.64	48.5264
-1399.26	-1321.3	65.4873
788.344	98.8496	-19.9523
1099.36	-1022.7	59.0085
-1313.27	1296.21	-9.32997
-461.32	-1294.19	27.6314
-643.332	1422.86	-16.9106
-902.928	1401.3	-16.2609
-775.814	-1447.44	51.5822
466.571	747.902	-19.5812
434.998	-118.325	-7.97072
-434.729	295.214	-7.83601
-1277.75	-1164.66	49.137
533.548	1256.08	-21.8878
-316.886	525.31	-11.9574
-617.747	800.839	-6.11884
5.75313	541.772	-11.5601
-610.357	-924.467	11.8912
-1256.89	196.807	-7.61972
1223.63	-470.927	-12.3155
726.432	-844.619	83.4859
1073.6	-1254.99	71.0755
1332.53	-369.4	-15.0421
-451.424	-861.61	23.6241
856.911	-398.779	-11.0443
523.693	-613.122	53.6023
1001.35	-1211.54	66.5489
-974.708	1210.19	-15.768
-502.855	-1101.48	19.435
667.974	-794.018	82.5682
1361.94	-820.049	-1.6997
537.046	-1347.43	28.7716
1479.78	130.573	-26.483
-572.518	-695.058	11.4669
521.054	-853.994	111.266
-1059.24	288.05	-7.20205
-434.687	443.731	-11.9686
74.9044	-714.398	83.8093
446.462	56.349	-12.7857
-239.737	1008.34	-18.1409
-720.098	-61.0798	0.818129
1308.62	1329.6	-24.619
-110.938	-189.781	42.6782
-878.567	-486.548	-1.71762
-442.39	999.771	-18.7095
-701.566	1288.54	-17.759
-223.182	126.679	0.519516
785.129	-58.3468	-18.7804
-1495.21	-1101.91	25.717
887.041	1120.83	-13.2441
-412.988	676.545	-7.81719
-1393.58	-418.601	-1.39996
-1032.39	117.394	-10.5812
529.862	-507.439	25.2283
376.645	950.128	-16.1535
565.089	543.599	-18.8245
-397.759	-125.218	57.7284
818.391	89.6573	-20.1776
348.5	663.495	-16.397
1079.81	1401.91	-24.8693
-581.554	1324.52	-17.7301
965.327	154.538	-21.3199
-777.59	1101.87	-17.9733
1381.56	15.9104	-23.641
939.539	290.203	-20.1748
-508.853	-478.869	19.5955
-954.134	-54.7726	-9.45508
-955.678	664.438	4.17111
907.749	-1480.77	23.6087
-553.477	-174.604	18.7634
193.352	1029.61	-19.6109
552.742	1023.09	-18.3393
-996.054	266.806	-9.4785
858.554	-1081.32	63.6294
-716.908	-634.906	3.46569
-796.759	-696.902	4.25135
-940.766	-922.036	27.3333
1224.25	-172.94	-16.7193
410.367	-824.101	113.107
-941.988	-307.537	-2.72348
-91.0264	-231.433	51.3088
-255.182	1156.83	-19.5172
212.851	-1217.44	44.4225
923.546	-582.69	-2.69571
478.322	245.93	-18.869
1153.37	-152.094	-16.4266
345.106	256.373	-15.0282
-1280.01	455.509	31.1842
-1176.37	-415.568	3.16878
913.205	1311.78	-18.3458
956.709	1264.84	-15.2102
-159.406	-1386.32	63.0278
75.0431	998.005	-17.6842
-971.638	-734.882	15.5463
548.549	-602.758	49.2597
-1231.6	1052.59	3.06625
-740.179	287.903	-4.3103
-1033.59	116.798	-10.5813
-362.51	-248.953	53.396
-1152.84	-372.982	0.377616
-824.701	128.104	-3.46829
213.479	-289.955	10.8689
240.55	-1274.96	38.5273
-492.204	1244.43	-18.3962
264.029	1374.67	-14.2145
-1263.65	587.046	16.9352
-812.957	-689.871	5.01449
570.386	-1262.28	34.0482
173.108	1342.34	-15.0341
-522.928	493.491	-12.5615
240.683	-1342.57	34.7934
-441.779	425.417	-11.6064
32.4437	1171.27	-18.2125
-360.465	-238.579	52.9031
-160.89	-689.125	104.612
-0.48915	-935.808	103.169
604.016	-285.718	-6.21903
733.948	-1360.93	25.0862
172.069	380.404	-14.5892
725.813	-98.6812	-18.664
-496.22	-1385.52	35.5389
193.603	-145.095	3.29058
-701.344	-342.426	0.645661
-838.495	-422.832	-1.98602
1470.06	527.418	-25.073
237.029	-409.413	14.7374
-1335.39	558.535	30.9616
197.561	-646.185	50.0543
-1410.33	39.5725	-5.9489
1216.41	-1121.41	78.5437
-768.305	-662.392	2.9798
-424.502	-759.342	26.2957
-264.479	-38.3394	41.6528
-1212.88	38.2431	-9.91732
490.236	465.861	-18.1074
-821.038	813.941	8.12621
-67.4756	-285.018	64.1428
483.262	-656.778	67.8626
649.949	-1007.55	81.7175
-511.524	-669.291	16.0286
-398.793	420.316	-11.9181
183.38	-1363.45	35.8185
1025.92	1001.43	-16.2991
83.3334	978.11	-18.0593
1022.36	-412.55	-10.4328
-840.574	-1197.95	31.6351
-1009.54	-1356.66	54.955
-1348.3	-478.447	3.5438
-47.6127	-1431.92	50.1402
698.352	-641.939	38.8465
1004.83	-40.5113	-21.9593
-1394.15	-956.016	38.6352
361.292	-286.893	-0.163315
-1042.9	-15.6606	-7.14353
-124.663	-1351.26	65.421
-364.541	1208.11	-19.5182
540.764	-627.845	56.8004
-407.74	-818.57	29.1786
1488.54	1106.66	-21.9356
1122.24	-120.297	-17.3427
340.698	99.0327	-10.4266
44.6056	-280.031	42.5709
316.92	-895.315	116.934
-820.699	-305.105	-2.9623
880.869	-1122.35	58.9834
71.7205	-888.379	105.012
603.661	687.33	-21.8232
511.261	-533.47	30.1836
-142.357	-1422.94	60.28
1474.79	-650.087	-9.0882
95.1301	472.169	-13.9717
-228.652	271.068	-12.2125
-66.8476	330.533	-13.4521
-873.727	1348.93	-17.099
807.147	985.729	-17.3107
-891.032	-903.591	19.7766
1000.57	-1192.16	68.1189
808.802	1443.14	-27.1324
77.1484	263.167	-14.044
-697.014	1452.25	-16.1585
746.775	41.1051	-17.2758
-301.83	573.35	-11.7946
-1113.42	795.657	11.2093
351.82	-760.451	91.8764
805.847	1378.71	-23.4867
-769.215	37.8732	0.0388165
-1274.13	-1228.28	49.1738
-347.518	1121.16	-19.7898
-652.358	1011.97	-16.5498
458.835	-227.603	-5.23846
912.661	1361.86	-21.6448
1348.47	-475.708	-13.3582
-343.591	788.575	-12.4388
401.435	1054.39	-18.6249
1446.79	-1227.1	94.779
1302.39	446.684	-20.8658
1416.03	636.051	-20.6756
371.53	-1155.53	50.367
254.534	1366.72	-14.0535
-1396.05	-21.8341	-5.85504
38.4062	-308.75	50.665
667.705	1084.46	-20.4259
-1261.52	-761.099	27.5942
-1366.24	-98.0869	-7.02251
1100.15	1191.1	-17.8193
-538.478	849.943	-14.1181
841.172	446.704	-19.9327
-120.73	-396.823	88.6801
1338	-866.243	2.33489
-439.985	-478.089	33.3926
-916.509	-1026.48	30.6776
-402.796	207.183	1.17218
-997.177	-340.322	-2.4116
2.55917	7.48681	-0.770915
-1405.8	507.64	45.1634
-576.883	-1363.42	36.7118
38.0579	-178.826	23.0756
-1417.54	-1454.67	107.621
1233.16	-1419.59	79.9592
407.728	-1001.65	92.3601
-463.014	-808.189	22.1438
-888.721	-541.383	0.70998
644.862	-483.315	14.4858
-379.122	1359.49	-17.8417
-59.3958	-72.2771	12.1024
-835.585	690.976	3.62484
840.08	-857.244	86.3416
649.187	1062.57	-19.7677
-461.921	1499.83	-16.3274
1281.81	785.953	-17.8318
146.657	-1120.91	61.0521
-285.061	-48.0852	48.1789
1411.69	1164.1	-20.954
857.668	-816.798	73.8296
474.911	645.915	-19.305
-687.413	-93.3497	3.88277
-388.722	-1098.73	32.2394
-66.362	523.375	-12.1359
1483.91	821.708	-21.021
-437.027	1107.79	-19.321
-571.83	-445.956	9.48199
-500.584	79.4368	34.186
491.751	548.352	-18.8089
-456.873	1063.66	-18.9479
1250.92	326.149	-20.3962
1001.98	836.793	-19.0907
1260.73	938.007	-18.7122
387.11	-554.85	32.0918
871.081	885.663	-18.6222
-445.932	-744.867	24.3406
-961.61	-1432.34	49.8621
-40.2249	279.917	-13.7238
1345.38	1348.04	-25.8592
250.18	-989.237	91.9883
-866.654	673.463	4.3505
-43.6386	882.379	-16.7172
-1469.29	-1005.88	23.8977
-74.3471	956.407	-17.0594
-65.8733	210.751	-13.8512
1417.21	1420.53	-26.4248
1130.29	1104.87	-17.4596
-302.41	377.198	-12.6188
79.2015	1134.22	-18.3681
1250.67	909.617	-18.2287
799.566	-640.472	19.8738
-292.293	-1437.22	51.4451
-1144.79	-1230.55	43.6275
-697.954	618.63	-5.75874
-1372.39	-1032.74	47.7298
190.337	-301.471	14.0677
-244.095	1297.42	-17.7188
-966.68	-1030.01	38.738
-187.797	1481.78	-17.5153
-1004.63	-579.382	5.91328
472.202	-275.86	-3.44315
619.551	958.21	-16.4609
-1093.31	-211.342	-5.04667
223.753	1124.52	-18.9949
-48.5323	374.633	-13.2694
-1477.28	-187.61	-1.9477
1183.63	915.264	-18.1047
760.257	591.637	-18.6467
1130.75	1466.19	-26.0778
-809.399	772.833	7.05623
89.1389	667.876	-14.8175
-512.429	315.414	-6.56681
-1027.89	-1258	49.2273
149.003	-968.568	91.9455
62.6184	1250.65	-18.488
-449.577	-600.614	27.5435
102.94	457.254	-14.2381
-986.601	1328.55	-16.2831
-882.226	39.8056	-8.82813
-943.826	36.5574	-9.23313
-356.215	-850.322	36.0222
-754.077	-1373.15	44.327
-1276.54	324.493	11.5254
67.0429	-344.457	49.9372
559.654	-794.913	96.2424
-689.758	-1028.33	13.1143
1217.55	979.964	-18.9232
-145.424	-324.934	80.4348
1301.87	1322.08	-24.0485
-1495.77	1241.82	-1.58846
731.004	1086.73	-20.2485
362.349	-62.1822	-8.97261
-338.341	564.907	-11.4514
-918.371	-414.638	-1.89555
-503.724	-1287.05	24.7699
543.779	-529.898	29.7974
-1267.86	-517.882	9.37012
-589.463	778.444	-7.35168
-202.914	-1274.41	69.2442
1373.01	1491.2	-26.2284
-84.1365	-1439.7	54.7456
542.699	790.39	-18.8102
-1127.74	-1002.63	45.4019
-989.612	414.718	-0.27305
562.798	-337.665	-0.819182
-559.918	-1087.88	16.394
1203.23	630.211	-19.0692
-192.555	-254.725	63.259
-1348.46	-1268.8	55.4871
-997.739	13.4243	-8.81768
1329.76	-218.219	-18.2703
1313.22	551.666	-20.69
-1182.72	840.649	19.1863
562.425	289.855	-19.9372
357.482	-598.261	39.4763
1217.11	-119.828	-17.5197
-464.507	1208.62	-18.763
297.329	-880.033	116.068
-536.124	153.734	20.3024
-1046.33	560.557	6.51509
-1216.67	896.675	18.1848
-168.137	250.532	-12.7507
-1248.46	862.558	22.0937
5.15375	1121.66	-17.6182
1307.55	6.23275	-21.1076
787.123	-717.92	45.2621
-971.636	1493.18	-15.2392
-1090.05	-1088.75	41.2634
1031.06	816.903	-19.2152
65.561	213.486	-15.0241
-1476.6	-1459.24	118.779
-456.436	-472.335	28.6535
74.7055	943.611	-17.8049
1116.06	486.118	-18.9877
1412.41	632.667	-20.644
-534.811	-1229.64	22.721
729.365	1226.16	-21.0991
-1320.56	-1322.13	64.3821
1302.09	-254.883	-17.17
841.696	1062.22	-15.9502
174.988	1268.3	-16.6978
33.7373	-1289.7	49.5506
-291.34	472.036	-13.0466
114.367	-874.268	103.117
1329.81	200.927	-23.8729
433.737	299.75	-17.644
-388.268	-803.164	32.4912
-689.986	-1199.14	20.4683
1323	1330.62	-24.8634
257.859	916.862	-18.6748
-660.027	-1252.85	26.1998
894.05	-158.494	-19.4372
181.83	1003.59	-19.9327
199.956	444.658	-14.962
779.684	-467.442	-4.69825
1356.24	-763.655	-5.70128
-380.538	-283.133	51.1214
-848.87	-500.723	-1.31486
945.076	-1190.66	61.9527
1136.52	-119.833	-17.2438
-597.168	-342.978	6.27634
282.93	1108.11	-18.8306
-139.499	1334.58	-17.6249
-764.848	1081.59	-17.4704
-180.427	-87.8574	32.6608
840.186	1346.34	-20.9762
-915.45	1197.75	-16.821
-46.9164	-1439.64	49.7439
205.815	-1254.81	41.0332
676.94	-670.003	51.5756
-559.498	1407.75	-18.0639
-160.484	159.042	-7.90313
1249.24	-1345.37	89.9512
547.59	1209.8	-22.4883
-526.941	-1289.46	26.1716
636.287	-1218.73	37.1426
642.297	-325.703	-5.74939
326.913	-1399.58	30.2727
-547.345	1010.11	-17.4987
195.634	118.257	-12.9016
-333.943	399.973	-12.5612
-1419.48	-393.479	-1.29186
-612.692	-72.3559	19.7056
1098.3	1090.11	-16.846
1428.64	641.6	-20.7672
-1309.89	-665.53	23.919
1456.37	-282.393	-19.4316
468.389	-73.8549	-9.61981
-1365.87	-317.911	-3.62683
1425.36	-432.519	-13.8339
-887.012	-231.314	-5.2096
758.06	-1317.71	27.7321
358.521	573.503	-16.5723
-501.618	-1392.01	36.4275
-955.955	-728.74	14.4505
937.478	162.402	-21.4569
485.043	-779.911	98.2834
894.907	76.5432	-21.8291
70.686	75.8173	-8.25649
28.1377	1310.69	-18.3677
-1254.41	-1221.83	46.9156
-1161.36	-731.401	14.9752
1417.21	-375.24	-14.9703
-989.373	1145.28	-14.66
1075.19	-279.451	-13.3364
-638.767	-636.438	7.01831
78.2043	-276.325	32.9447
-698.885	1413.71	-17.2673
886.916	961.75	-16.7215
-226.282	-1423.14	56.676
1018.47	-1048.06	65.1055
-816.017	481.574	-1.26963
-8.95126	5.12098	0.0409825
1116.93	67.845	-21.1828
154	386.277	-14.5503
-1466.46	1370.07	-6.53453
1367.58	-33.9226	-23.3414
-1237.37	364.732	11.8614
1079.73	706.178	-17.7215
1332.42	664.97	-20.2673
-366.017	-458.214	60.9436
591.275	-798.661	92.7755
-643.097	-465.4	5.2419
-442.901	44.3709	38.2628
1076.07	-506.556	-7.06863
1335.07	-554.95	-10.9639
913.588	842.496	-18.9676
287.016	39.6773	-8.49673
-925.276	1179.94	-16.558
956.672	-978.673	73.4719
-95.3162	442.138	-13.4479
-138.268	-862.182	84.0014
-737.79	-1042.94	15.0044
109.355	-627.686	61.0667
461.193	656.913	-19.1024
286.561	1337.85	-15.231
1200.75	-996.828	53.8104
1049.35	1049.35	-16.1306
-491.461	-739.816	18.1605
572.071	668.374	-21.9457
-725.748	654.017	-2.71526
1329.4	-208.282	-18.4134
862.908	1362.46	-21.9418
896.152	216.323	-21.3915
79.963	1069.69	-16.7732
-135.425	-425.134	93.3342
280.284	1350.51	-14.6574
-1104.02	260.622	-8.36983
-793.44	-276.072	-3.91036
-976.661	471.561	2.25193
