921.854	-657.875	11.0597
-1232.31	584.455	14.1239
-883.083	700.064	4.45236
694.796	140.581	-18.9042
-521.115	-428.86	17.492
-258.831	101.332	9.20453
878.684	-37.8691	-19.7463
-1251.81	448.666	25.1253
-1390.4	-606.303	19.0353
-663.381	-685.288	5.23499
-314.473	996.336	-18.2681
1275.76	566.525	-20.6749
177.818	-1210.15	46.971
-467.197	150.175	19.0645
-519.687	-577.025	16.5876
-1456.86	-1228.21	47.3626
-888.618	-201.132	-6.1998
-13.3542	552.054	-11.8141
484.345	-1155.86	46.0672
1388.03	-634.999	-8.48289
1433.66	-96.6145	-24.5618
1153.47	-1004.02	56.802
808.265	1337.46	-21.1244
1039.87	-799.603	36.1371
1296.64	-500.813	-12.2876
81.7943	1456.57	-16.3027
634.855	1130.99	-21.5132
124.708	592.764	-13.9062
-700.175	-1360	44.0974
-1489.95	-949.136	16.3997
-1116.21	-654.878	9.7364
249.203	871.457	-17.6061
293.379	-419.351	11.8787
-420.576	280.432	-7.6207
-472.854	246.478	-0.511591
1084.3	-556.278	-5.43688
769.108	-809.849	77.4371
-250.129	-86.1532	47.8994
-683.216	-964.025	9.65931
-984.263	-1019.64	40.5246
-1328.62	630.511	12.0534
167.039	-1120.48	58.776
-267.917	1157.9	-19.6443
1043.26	-461.937	-8.22183
-1062.1	-939.173	42.5277
-1315.03	-186.568	-6.28364
-169.114	-435.223	98.7434
673.044	631.76	-20.3605
-482.883	305.58	-7.18022
-1490.07	106.386	-3.56045
1186.92	136.873	-21.8448
120.304	254.757	-14.1108
1026.37	365.466	-17.7202
2.74178	317.148	-13.4276
787.388	-1337.2	27.3478
-1391.44	473.592	45.1246
33.5112	-1296.05	48.6156
-377.774	-1020.17	32.5343
-37.328	-1416.59	49.8654
1044.36	-1198.32	71.9008
1211.93	1270.55	-19.649
-622.255	-1048.43	12.8583
16.2565	-233.641	36.8612
-1087.48	701.657	6.75447
-1288.27	675.328	7.85084
-1290.47	-480.396	6.1876
-221.626	-646.051	101.409
595.574	-278.742	-6.19477
110.212	467.368	-14.2217
47.6895	-852.153	108.986
-897.558	1080.45	-16.1084
220.49	742.053	-16.2021
1236.9	-516.538	-11.2473
-1258.14	-536.015	10.8742
1137.25	365.85	-19.19
-1001.85	-581.902	6.0294
-1387.23	201.539	-0.140574
-1143.49	-1125.79	42.6269
-1122.63	-748.179	13.542
-97.5419	-1347.44	62.7524
372.802	-221.455	-3.80546
-658.858	1255.44	-17.1823
1381.05	-1364.13	95.8172
499.2	352.518	-18.3874
-1195.98	-1335.52	61.8575
1138.52	-801.652	19.3299
1115.43	-873.348	44.2554
-1330.96	-724.667	30.1373
-886.628	-1180.07	35.3729
1053.2	-1459.31	37.2854
-1127.96	179.843	-9.98188
553.716	-519.943	27.1951
-689.236	643.684	-5.32164
762.812	-1064.48	64.0814
822.707	-776.791	62.1481
1239.54	459.619	-19.8997
1083.87	153.082	-21.4155
-638.375	779.782	-3.36085
1050.2	-946.66	64.7809
-410.123	1474.63	-16.2131
-540.049	-346.573	10.7496
-440.758	784.827	-11.4543
9.1369	549.062	-11.6135
-88.5146	-141.096	28.1045
1287.14	47.3095	-21.0124
1102.03	-43.4019	-20.0285
-812.894	-80.311	-6.24367
1020.11	598.97	-17.4732
-1061.34	466.433	7.74421
667.105	808.864	-18.42
-980.47	-1230.8	43.2014
476.939	-957.648	106.437
-1263.94	1346.01	-10.9046
890.421	576.776	-17.2075
-930.71	979.122	-9.64856
572.534	509.805	-18.1222
308.347	-1026.17	82.9025
1263.8	-1409.68	87.369
458.49	-206.138	-6.05291
-351.651	290.202	-10.1615
612.018	-1242.84	35.4904
-101.128	-543.47	106.686
1313.09	1287.38	-22.6494
1031.59	1110.14	-14.5465
-824.399	-1208.3	30.4591
412.408	-1298.17	32.0752
63.055	-561.264	63.733
-1203.22	231.033	-7.93522
-394.357	803.306	-13.2847
393.675	1250.58	-20.7997
-728.555	1328.31	-18.2672
-1300.79	-127.666	-6.85549
443.46	1271.53	-20.7279
681.859	1153.49	-22.0163
-1327.14	-825.772	41.1347
665.446	755.695	-20.116
180.081	132.803	-13.7997
623.68	-437.169	6.78393
1212.68	1023.48	-19.0442
-1165.73	-1376.69	68.4754
-1090.38	1392.6	-14.3024
283.304	-1263.97	38.4147
-1289.35	151.808	-7.95547
-1218.37	-1070.98	49.7886
293.434	-160.483	-4.28002
-208.913	-1162.66	74.0004
-927.731	-1264.01	40.4921
-245.021	-804.311	61.5775
1104.5	1110.03	-16.8821
-52.7926	144.918	-12.7245
775.085	-544.656	1.93548
-1023.98	508.056	6.08002
-576.769	569.039	-12.0882
619.063	-42.7419	-12.3262
353.34	-825.382	112.769
-1223.62	-98.0412	-5.88281
542.878	-1499.5	22.4341
86.1101	-353.512	46.2445
33.0418	-323.624	54.7839
375.069	-897.185	118.747
914.291	1274.45	-15.7972
-434.578	-1493.09	57.0232
874.232	-116.85	-20.3297
-1092.49	172.669	-10.5846
-28.5427	433.321	-12.93
-563.667	1061.31	-17.9235
1048.32	-403.86	-10.4601
-418.145	1432.21	-16.7192
1267.61	921.134	-18.4266
-234.509	130.181	1.05304
1431.72	-222.251	-20.6994
-930.143	-686.556	11.1889
156.924	68.1509	-10.3049
763.982	440.863	-20.1744
-11.5913	1253.99	-19.1711
-952.598	928.192	-1.34044
1002.78	-676.231	8.59544
662.344	400.199	-19.0584
522.256	631.753	-20.109
-1261.25	1499.59	-11.1002
843.856	558.522	-18.2912
571.403	482.84	-18.3054
-1182.13	-101.539	-5.06472
160.552	-1354.56	36.8877
-533.424	957.649	-17.3179
232.095	-1475.25	32.0079
1032.65	-649.575	2.78123
1114.53	48.3302	-21.2835
848.354	471.352	-19.6419
73.1193	-119.61	8.16241
-855.551	-1145.13	31.7077
-176.443	590.688	-13.0657
-565.759	-1429.03	42.9339
-710.704	249.561	1.1102
-696.142	-1003.13	11.9189
373.251	809.022	-15.516
-641.929	-445.783	4.81235
1289.36	-127.608	-19.7703
11.8658	-377.464	72.1316
-996.092	316.337	-8.07023
1036.23	963.435	-17.2107
1165.78	1324.08	-21.5577
-45.4389	-1381.75	52.4999
-335.756	-180.552	56.8924
-1191.92	-1147.81	44.7076
1426.39	126.467	-25.2036
-105.075	-154.159	33.2625
825.408	462.257	-20.2461
961.055	-608.002	0.208841
1209.13	-907.684	28.8713
196.064	-96.9514	-0.879057
535.706	-818.585	103.236
-74.3524	544.058	-12.242
1128.7	-582.525	-5.90347
-1388.27	-127.383	-6.17788
1204.73	-381.489	-13.4929
-799.773	531.652	3.52267
18.8423	1417.57	-16.588
-1192.77	-1468.43	88.3607
1055.55	960.937	-17.4312
-59.0187	247.547	-13.8713
596.428	-351.828	-1.61211
1351.59	-108.254	-22.1696
-706.808	263.685	-0.413075
-653.637	-1442.99	52.0953
785.674	-760.144	58.9452
1461.37	-1133.19	54.7675
-1493.66	-594.272	7.44694
-1141.94	-1096.59	43.7489
666.112	-269.01	-10.4064
-866.921	103.685	-6.33483
-355.764	-87.9598	58.2576
415.024	1407.93	-18.1006
-778.585	-608.64	1.55257
-1348.18	-345.869	-3.37827
-516.383	-1409.46	39.1195
-93.5926	-335.537	80.18
-1359.11	-690.86	26.6251
1191.6	-677.313	-5.91876
-270.811	-1460.06	53.3265
-853.777	1004.04	-13.7716
1381.42	1238.45	-22.2718
1292.91	-571.051	-10.0463
-1185.84	-851.337	29.1226
-1030.12	-1237.83	46.42
1050.5	-753.359	18.476
1063.39	66.6177	-22.1983
-258.06	847.331	-14.8528
1477.94	1221.27	-22.2938
162.79	-607.601	46.5858
-1010.27	-270.718	-3.94782
255.793	1201.36	-18.3178
-401.456	-1201.96	31.3303
745.186	-477.246	0.0836856
128.123	659.027	-15.3195
298.54	456.803	-16.8275
-471.289	-272.65	22.9975
889.228	419.561	-18.8826
-474.348	507.948	-13.0303
198.184	44.8599	-8.8082
1257.21	-24.5498	-19.0505
-1248.66	1280.89	-11.3136
-492.6	869.187	-16.3147
1377.85	-1219.22	98.8523
-1029.2	10.6009	-7.83648
-304.332	162.633	2.89333
-745.897	-7.93565	1.27933
1080.25	911.44	-18.43
1181.25	1421.4	-26.8731
-648.425	-576.887	6.48443
-382.727	27.5605	40.144
-1360.91	-1434.83	94.1421
-530.479	775.161	-9.73338
-698.812	475.91	-6.15435
-549.882	-1127.34	16.7114
179.159	-1035.73	72.2683
-182.449	-109.023	35.9848
-1218.94	-1255.32	46.9854
-1156.86	-326.339	-1.52904
248.629	-258.21	3.12581
-1000.12	-1269.48	48.0874
1121.24	521.314	-18.6578
380.452	519.371	-17.2446
-1169.46	58.4562	-10.3012
1172	466.477	-19.0679
-1340.62	-1390.94	81.6727
-65.9213	-856.72	100.808
-1066.83	-585.164	6.63834
-1472.05	-951.465	21.1244
-1400.8	-1484.33	115.207
-191.874	-683.674	102.061
-1207.44	-979.936	45.5988
-1270.11	-914.707	44.4194
280.205	1310.11	-15.8937
1000.23	-996.344	68.0307
-1040.22	1245.47	-16.0172
-1378.69	-652.539	23.6698
-567.436	-226.615	13.9967
518.12	1307.31	-20.7663
1038.92	-910.539	64.6706
-152.638	776.241	-13.5656
-847.902	940.773	-6.14387
955.578	995.431	-15.5397
-625.878	-444.311	5.73867
-117.455	551.247	-12.9539
964.281	245.662	-20.3809
228.11	458.85	-15.6151
199.589	353.42	-14.4091
-1172.51	-588.413	9.08914
-953.96	993.883	-11.2868
-738.855	-332.488	-1.2709
1211.7	-243.314	-15.0583
-1213.52	-1074.27	49.4142
1262.96	1206.87	-19.7827
479.849	670.163	-19.6996
454.494	-1366.98	28.263
-147.951	370.539	-14.4793
-409.426	-417.28	44.8131
1009.03	-1253.42	63.7449
-255.488	-205.07	62.3972
-1330.13	1253.46	-8.21103
1252.33	-291.701	-15.4103
701.356	-603.999	26.5663
-1358.74	39.8758	-7.8437
163.568	1400.58	-14.9945
1324.58	-1109.81	72.3198
-603.886	-467.527	7.66412
1404.07	-1289.01	98.6798
842.531	544.666	-18.4867
-987.296	931.397	0.0466053
597.373	339.492	-19.3608
1416.31	-265.575	-20.0697
428.634	-1081.16	62.6994
672.134	-322.144	-7.79303
537.265	863.947	-16.1348
-1137.32	-1076.56	44.5456
598.801	-432.731	7.48766
309.609	763.89	-15.1374
687.128	-1171.97	39.6444
-1300.34	153.795	-7.5343
682.498	727.8	-20.973
12.7507	1335.94	-18.1798
1053.58	757.913	-18.7056
-1350.07	-177.535	-6.05691
-21.2556	-1494.61	45.7596
-778.061	-1323.14	35.8833
-654.997	1065.14	-17.6469
-1005.28	313.745	-7.80989
-1411.98	-500.572	4.85796
-974.985	-57.6109	-9.0124
1101.52	423.344	-18.3458
-1438.29	1157.48	2.92994
1183.77	-489.471	-10.4465
-1105.51	611.667	7.18531
-52.256	774.135	-15.2487
148.871	815.869	-16.8377
-1409.49	308.382	14.5649
-386.104	-808.005	32.6857
-992.235	-1011.32	40.8116
-1388.49	393.915	37.2098
-1051.68	1396.66	-14.6507
1499.74	887.708	-21.8897
-467.68	-493.735	26.9615
550.866	-891.905	106.332
533.563	360.018	-18.8919
797.308	-1429.8	22.6155
894.251	667.995	-17.2817
912.877	-647.6	10.1787
-1217.81	1453.91	-11.5812
-1449.18	-683.315	18.9756
-1414.81	525.482	44.2968
-195.705	-243.198	62.9304
-587.742	-444.201	8.35725
529.737	1061.2	-19.8177
1005.37	1446.5	-26.5093
497.235	1217.57	-22.3343
992.884	371.331	-18.2432
-1098.99	566.285	8.05413
-89.9123	284.836	-13.6329
1021.68	826.098	-19.1755
-310.069	929.294	-17.0831
1170.47	-417.4	-11.8905
90.019	-619.534	64.4209
-397.332	-628.745	39.3815
1468.22	498.743	-25.7209
1316.52	1259.62	-21.7025
514.29	-801.659	101.684
317.404	1241.91	-19.2822
304.922	1118.44	-19.2775
1469.46	10.6106	-25.2727
729.165	261.301	-22.0619
610.522	377.677	-18.9104
-1419.22	-561.003	11.7421
1113.16	423.559	-18.5252
-303.689	121.254	9.19979
1227.93	-489.059	-11.8678
894.653	-1166.42	56.2726
1179.63	-1256.1	80.7576
1388.3	1136.47	-21.0739
1235.61	101.219	-20.877
-806.361	99.8564	-1.74563
1270.49	1199.68	-19.8924
-1345.92	1057.88	12.5194
856.859	-922.023	82.8223
800.582	-572.058	0.955256
998.231	-244.114	-16.7022
-891.919	463.669	-1.95372
-150.486	-49.5159	19.4714
-82.7523	3.71745	2.99822
1250.82	-275.304	-15.5502
908.858	1016.4	-14.5962
582.309	-872.649	102.442
-644.804	-217.664	5.62002
-938.998	738.045	4.43434
1471.87	456.417	-25.995
879.837	957.076	-16.9895
444.686	-640.36	61.1028
-1037.31	-420.946	-0.4505
210.148	536.469	-14.9511
57.6907	-9.4678	-2.33534
-1428.69	-1127.69	41.3734
1237.58	181.369	-22.3122
591.636	-98.074	-9.96315
-435.796	204.243	4.71515
-1292.38	125.54	-8.79967
951.519	129.933	-21.7664
1197.06	1153.12	-18.7204
-711.846	1189.12	-17.8495
-1090.43	-141.527	-6.13772
-650.99	-391.849	3.50018
292.817	607.747	-15.784
-1181.58	687.593	6.23822
48.9695	267.206	-13.9672
-837.769	-436.417	-2.07784
1460.57	1193.18	-21.1917
893.908	299.115	-20.5564
800.506	-609.156	10.667
140.423	-790.86	93.0155
-1095.26	811.484	11.5247
176.871	-458.464	24.5007
347.002	245.773	-14.9614
-376.791	-1386.58	38.6018
713.367	-772.112	72.3831
816.915	-781.832	64.4004
-738.934	-1308.24	35.328
-1052.05	-486.49	1.82666
1445.29	-1256.13	96.8934
-452.077	1119.81	-19.4544
-414.135	117.073	20.3194
543.951	930.43	-16.3765
1137.91	567.326	-18.7067
432.463	-496.769	20.454
-1460.59	704.066	8.06623
588.31	971.093	-16.9349
-1088.47	-144.635	-6.16927
-541.949	308.226	-4.20463
-865.267	-1129.94	31.9354
1008.03	240.966	-20.1598
138.483	-137.988	4.91631
584.928	-509.74	23.448
-216.827	-662.608	100.59
1454.63	27.5296	-24.6721
939.922	-1210.07	57.8367
-1396.28	-471.068	3.16278
1223.28	242.202	-21.8067
-1487.66	1386.39	-6.18625
-376.838	-182.766	51.4742
1198.62	1015.69	-18.8422
-578.869	622.191	-10.5329
733.647	-679.624	44.1897
914.996	-484.02	-8.63345
-474.155	58.5746	35.8753
206.366	1305.3	-15.5647
642.012	-1495.96	22.4582
107.824	868.709	-17.9323
-353.291	1044.51	-18.9759
1096.5	1225.3	-18.1168
251.974	38.2102	-8.62823
632.966	-981.634	90.0525
1289.76	-457.495	-13.9123
36.8559	531.35	-11.7998
-154.895	-136.493	35.1762
-406.913	-764.377	28.409
714.906	-743.408	65.3336
-767.796	-224.114	-4.38473
1365.41	-648.528	-7.73543
90.8574	-458.35	49.0427
516.319	-792.248	98.9095
866.895	-135.775	-19.988
1263.37	693.395	-19.9758
1146.26	5.22065	-19.6103
-644.073	-232.31	3.99281
522.749	-251.792	-4.51325
1116.01	-271.702	-13.5887
1372.6	-604.883	-9.74037
-1248.94	570.661	18.204
-845.487	1227.99	-18.4371
-1323.73	439.007	37.6115
-441.677	1134.51	-19.6046
-1267.39	-689.611	23.8296
1484.72	-947.798	-1.24211
-1446.25	509.762	47.8202
548.083	530.475	-18.4037
-1416.68	1331.86	-6.94302
-1144.34	1238.42	-13.4342
-404.399	-697.396	32.7311
-982.751	1457.88	-15.166
86.8347	471.652	-13.8741
-803.716	-159.497	-5.60327
516.581	-593.965	48.5845
-1378.9	-250.132	-4.26855
-110.057	1364.4	-17.9355
1116.2	747.832	-18.437
900.828	244.962	-21.0493
1197.81	842.421	-17.9334
-389.573	-850.197	31.3075
-794.077	-1093.26	21.1935
-275.757	589.694	-11.9934
-488.327	279.484	-4.28437
-180.361	-591.19	121.029
1027.63	-1138.94	72.8053
-887.611	-447.542	-2.07212
896.269	500.05	-18.335
952.969	424.357	-19.1804
693.965	322.232	-20.9669
488.348	505.834	-18.394
1369.58	-1057.53	50.5354
-975.006	1012	-11.9194
-720.118	-729.486	4.7275
644.899	959.305	-16.4892
-66.215	1133.08	-18.0825
521.371	1203.97	-22.7352
1014.95	1204.45	-15.8312
1402.31	1425.21	-26.1833
-1278.83	-1102.16	51.4301
-722.299	397.07	-8.24221
-1421.71	780.359	8.54073
19.1884	-1286.85	51.4912
-707.685	-739.312	5.00803
-1095.49	909.583	12.4569
-723.656	-512.272	2.04972
49.2201	1016.19	-16.8276
1324.46	-433.318	-14.5918
-788.303	1235.98	-19.0484
1276.67	-327.457	-15.9912
-69.3831	530.957	-12.0485
-756.613	6.82121	0.599918
-85.1676	417.841	-13.3284
-1142.99	-1011.95	46.0467
1397.28	1346.72	-25.5356
211.751	904.692	-18.6641
1140.75	-492.413	-9.15273
-539.305	-113.909	30.1301
411.855	-15.1811	-10.9312
1036.15	-82.5642	-20.133
193.041	1223.21	-18.0384
1263.95	-759.797	-4.07593
1370.93	-626.108	-8.69466
-806.861	44.3748	-3.13575
-1135.32	-318.116	-2.09092
735.736	1460.56	-26.6648
410.329	-1337.85	30.2873
-88.9302	-1203.58	77.4994
917.302	651.821	-17.0022
-1177.06	-1274.15	48.6138
-1033.22	-1285.58	50.7351
1270.33	1015.07	-19.6091
780.852	-864.32	86.391
766.143	1445.96	-27.1566
975.002	-517.858	-6.41566
1351.71	356.888	-22.0825
793.763	-394.441	-9.22962
-1391.22	830.606	15.6101
-1384.39	293.843	8.91056
-662.242	-126.415	8.39245
-1308.51	690.412	7.89592
-847.196	1105.66	-17.9408
-302.109	1083.35	-19.9086
414.873	197.06	-15.0228
-435.885	-835.754	24.974
-753.424	462.43	-3.75825
-960.989	1.60613	-9.48943
255.001	277.616	-14.8724
381.928	797.345	-15.9241
-1244.52	-684.86	21.2232
-269.898	-592.015	95.7598
1107.25	-1072.71	61.7655
-619.424	1436.62	-17.085
1289.23	-1301.89	93.1251
-621.565	347.089	-5.7725
-141.475	-1250.6	72.1748
137.686	-1332.41	38.1374
-605.333	-1182.8	17.5391
474.915	1138.75	-21.3992
-698.134	786.569	1.26051
644.382	335.537	-20.0431
-325.183	-535.195	77.1325
-350.478	845.19	-15.8441
-348.408	1488.91	-16.4128
163.592	-413.817	28.6813
474.73	-1082.72	59.8633
84.2421	521.492	-12.6175
-493.075	1373.58	-18.6215
-248.259	635.084	-12.1764
-820.311	734.707	5.0672
665.178	-827.161	86.6374
-876.76	534.933	3.84046
93.1468	787.817	-16.8528
1078.53	320.233	-18.7305
-637.731	459.595	-8.15407
76.9838	399.714	-14.2964
-643.884	339.77	-5.38059
-1400.11	1466.25	-7.76888
-1221.69	-360.413	0.449354
254.169	-286.309	4.56909
377.674	-594.192	41.4899
88.3753	-1291.02	43.8322
326.995	-1396.33	30.388
603.361	408.54	-18.6016
-1372.06	-101.238	-6.7677
634.088	570.701	-18.914
1204.55	192.247	-22.813
-1079.61	1176.71	-12.7416
857.989	-840.969	81.2598
-395.873	1376.14	-17.547
-1007.95	-1399.21	56.8674
-399.717	-132.162	55.937
1333.21	386.107	-21.698
-1137.33	-1283.72	48.9469
-761.701	23.8381	0.451115
-634.812	1263.79	-17.0531
628.095	-918.941	98.3458
-390.264	1331.51	-18.0025
210.928	274.673	-14.53
436.449	407.392	-17.2971
-430.83	851.567	-16.2274
331.006	909.893	-16.8348
356.209	-784.795	99.5742
989.592	32.5257	-22.4596
328.298	-734.971	81.0413
-883.376	-677.271	8.22913
-563.83	-1016.38	15.0467
1206.68	-1207.64	81.1537
670.621	334.308	-20.4044
1143.21	-545.025	-7.82123
849.127	-325.931	-13.5473
736.669	-680.311	43.8203
1346.49	890.667	-18.7709
-621.426	-1227.57	22.4094
414.657	-365.206	0.820015
-1295.11	276.235	5.21545
403.701	1199.81	-21.5799
542.2	647.066	-20.9748
-428.474	439.966	-11.9645
-792.663	-770.038	6.06
-1051.82	-617.247	9.48525
101.821	-633.756	63.6052
918.308	386.543	-19.3394
830.156	742.829	-18.3165
-1404.86	39.533	-6.14943
-258.232	373.468	-13.339
1347.45	788.589	-18.6139
1367.05	343.822	-22.6556
-625.795	1435.5	-16.9912
-472.932	-722.075	21.3291
1023.24	162.497	-21.0412
361.546	10.1603	-10.1289
-1218.93	131.34	-10.4746
-1310.68	1387.62	-9.67713
1332.92	321.716	-21.951
82.6335	895.995	-17.7892
1414.13	858.737	-19.5019
-344.547	1324.97	-17.8714
-1493.4	-316.332	1.44267
1406.12	383.34	-23.6378
261.528	695.782	-15.9194
1277.36	384.969	-20.4311
558.346	-77.9827	-9.79014
-244.982	1126.98	-19.396
1323.84	1486.6	-26.7538
678.488	-596.881	28.2011
540.441	-1097.95	55.1243
-1387.22	1492.89	-8.38302
-1259.94	-27.8147	-8.43753
877.291	92.1298	-21.6842
187.625	1129.54	-19.077
145.274	1207.85	-17.9717
-428.088	317.711	-9.28381
-799.25	1364.52	-18.1758
-131.717	-116.727	27.3345
235.692	-1095.73	61.6385
325.578	-194.804	-3.69152
-647.673	-843.989	9.77182
1030.81	-935.325	67.2259
450.287	-1310.06	31.0332
1131.9	-62.8142	-19.0579
1007.06	1313	-19.5197
306.37	791.955	-14.7176
-658.048	1127.84	-17.3298
-276.61	695.884	-11.6468
1148.84	-232.742	-14.6516
-539.777	-982.229	16.6106
919.329	431.409	-18.7117
-1380.47	1061.7	13.4226
1490.9	-471.949	-12.5348
-217.747	51.9929	15.9301
549.269	292.959	-19.7309
323.315	317.518	-15.4849
-770.3	-422.232	-0.364407
-332.669	830.64	-15.1271
444.953	406.995	-17.405
-105.804	1385.2	-17.8372
1448.22	396.293	-25.0143
-183.073	290.206	-13.1369
-1173.55	750.966	8.42337
576.257	-878.955	103.568
1447.6	823.63	-19.6577
929.358	-685.269	15.8125
-1289.9	593.377	18.2621
-103.766	-758.123	101.425
-1006.9	528.307	5.32594
476.92	-482.937	18.3598
-587.903	387.118	-8.06207
-52.2608	-715.923	102.762
-706.721	-1069.68	15.7108
-344.842	-1437.57	45.6029
-935.924	-1341.48	42.8886
-566.311	1117.53	-17.9153
-402.568	-623.363	38.327
-1274.1	1461.62	-10.1012
-177.449	1388.24	-17.4545
-3.85872	-72.0101	7.15308
160.124	-734.591	76.673
-614.149	-50.9823	20.2278
-1177.17	-574.072	8.89207
-521.622	-415.639	16.8554
1492.59	1360.34	-28.3905
790.552	-1197.95	38.9918
817.677	-985.416	79.0395
-374.286	889.535	-17.5865
1266.34	-1125.61	83.0089
-252.224	-1198.11	61.4226
-1061.35	-258.852	-4.34958
-1204.95	242.596	-7.21648
-1342.59	1472.72	-9.21781
1060.06	610.976	-17.4671
65.8343	328.513	-13.389
751.579	-1119.73	48.9746
1293.88	1139.33	-20.1811
-701.414	-1074.31	15.8347
-520.107	321.41	-6.6605
-1260.93	10.3854	-9.86896
-477.383	-143.247	35.6637
-1358.91	-406.634	-2.27489
-1050.94	-101.942	-6.94002
1418.16	-62.3067	-25.3536
-1013.43	-1433.9	59.6918
680.726	574.946	-18.2875
-625.072	-1398.51	45.5913
-494.375	-1286.92	24.9625
213.638	-243.216	7.08432
-384.341	-158.781	54.4234
-1367.62	-241.912	-4.59114
-1072.59	679.037	5.87653
554.757	-1376.53	27.2204
1323.68	609.495	-20.4168
1343.27	598.67	-20.7188
1218.14	843.872	-17.8777
630.451	1116.44	-21.1109
459.69	-596.156	48.1895
260.627	20.1086	-7.08443
692.484	1315.94	-21.6898
-728.577	-1047.52	15.0353
37.8611	1264.29	-18.7798
-870.757	-476.413	-1.89834
732.326	-298.507	-12.3565
792.695	574.094	-18.5708
-459.408	292.148	-7.00451
253.322	1126.56	-19.1973
509.507	193.762	-17.0737
1467.4	-733.047	-7.65082
127.733	56.7251	-8.54417
1448.1	929.661	-21.3474
-836.492	-1104.15	27.0506
-1457.89	890.219	20.2084
-82.8708	-922.928	97.9733
-851.517	-1139.63	31.1604
1125.63	490.088	-19.0281
1139.78	-1424.81	59.3244
-235.82	578.359	-12.485
485.187	-1457.28	24.023
-1159.4	242.005	-8.41812
407.468	-866.677	120.967
-481.384	-432.349	25.6038
1200.54	-649.666	-7.24771
467.89	-1083.03	60.1433
450.982	-905.613	116.528
-490.46	523.14	-14.296
-937.926	647.957	4.30572
978.466	1240.46	-15.2636
-537.824	480.976	-11.7919
-457.458	71.9663	32.0577
-248.361	-103.432	49.5582
1014.5	-123.101	-19.3105
-1453.97	489.975	49.9044
1177.78	547.151	-19.3197
-1248.1	694.931	6.02508
716.218	217.642	-21.7922
450.235	19.6354	-12.4002
1372.72	-1438.74	90.0332
947.438	677.82	-16.9844
-890.598	-1454.89	43.6269
-17.9146	1019.3	-16.4917
597.137	950.426	-16.4375
1120.24	-1089.95	65.0063
836.407	-683.836	26.5865
-1311.92	615.311	13.6534
1021.51	-360.396	-12.6973
-1384.78	-1363.17	76.1624
489.034	1492	-21.3313
-586.261	210.694	6.89044
6.06296	-1413.74	46.0425
530.039	1358.67	-20.1976
-1172.51	-291.638	-2.64164
908.106	386.545	-19.1717
-760.2	467.023	-3.23416
-650.194	-1245.67	25.1247
-1006.13	-731.557	16.1625
-1211.78	-1488.72	95.216
-1063.98	1200.19	-13.8403
1425.05	-1055.75	34.1925
200.398	-746.67	77.6863
-1318.62	-689.361	26.5528
-570.457	-6.28306	31.1034
-664.673	-168.124	4.1122
220.305	167.33	-13.7732
-1490.07	732.509	6.50197
91.9811	832.051	-17.4042
-647.494	234.531	3.6513
1174.99	1229.59	-18.6818
-474.636	-755.876	20.2789
377.58	-777.694	99.0346
-1044.47	806.427	9.6262
-281.737	-1445.8	52.1542
1114.6	-456.927	-8.71162
935.388	-1359.57	36.1411
560.079	-947.083	102.163
1037.2	1280.97	-19.0324
791.601	1362.22	-23.0001
183.065	756.095	-16.4861
689.638	-646.36	42.0042
-1101.06	-139.352	-5.89946
-422.938	-220.847	37.6564
301.188	-821.257	106.663
563.518	807.22	-18.111
-491.283	1394.57	-18.317
-375.432	319.329	-10.2517
-1476.54	-225.102	-1.52834
1307.13	1403.05	-27.531
-750.755	-1221.49	24.2105
660.941	-660.781	52.1958
-857.998	-977.447	20.8841
886.816	-994.18	75.8272
-1437.56	-696.435	22.3241
-752.948	-454.528	0.0554859
69.4732	-688.422	79.8765
-748.944	797.822	3.52767
-1423.8	700.639	9.04979
1225.2	-1246.05	85.2248
254.757	-187.144	-1.6467
-207.725	793.905	-13.6187
-1023.84	-1165	38.3581
541.541	-1377.62	27.1945
1229.6	-1303.32	88.643
-424.046	718.607	-6.95783
1303.06	-1440.05	85.165
570.953	1363.41	-21.2969
-1373.9	568.625	29.0127
1201.09	749.069	-17.8956
-391.867	775.151	-11.2338
-194.466	68.7655	8.17046
-1236.24	-38.2418	-7.59718
-308.294	1403.38	-17.4282
-1044.96	-909.459	37.7439
-6.47101	1212.1	-18.8173
-584.162	-246.973	9.57334
-879.326	785.897	8.75695
694.416	-1228.63	34.1349
1423.15	629.934	-20.6999
-51.8235	1286.28	-18.6159
-263.738	-194.857	61.5312
209.243	465.442	-15.0965
-309.55	97.5239	16.7435
297.059	1267.26	-17.8179
-700.217	-1045.89	14.2922
-1265.51	415.064	24.7581
-678.443	-1395.27	47.852
-819.07	-401.476	-1.42699
1005.74	1062.89	-14.8291
1007.93	-1216.13	66.8051
1284.73	1143.2	-20.0762
-266.257	207.023	-6.5573
-314.101	-738.376	54.859
-456.001	-545.467	27.5667
433.509	-852.852	118.299
-1437.39	482.122	48.7943
899.866	1030.41	-14.295
-1481.95	-15.7608	-2.32428
-79.592	-722.042	102.915
-1369.34	-25.2985	-7.00593
-1021.24	15.5125	-8.13142
-253.972	1347.93	-17.4298
1003.69	653.353	-16.9319
1451.58	-15.8269	-26.6862
-710.356	988.138	-14.691
331.183	-1124.6	57.745
-1097.09	-633.901	9.2213
-513.353	171.112	15.9712
376.708	-1361.53	30.254
-971.862	1445.93	-15.3348
-1179.08	-197.356	-4.69817
93.3353	1462.82	-16.2385
120.765	650.872	-14.972
-1001.9	679.367	4.70106
95.1579	1213.94	-18.5012
440.79	286.212	-18.1185
-454.887	-1467.99	51.5129
468.161	-405.937	3.17164
-1193.41	-1084.2	47.9179
407.335	1493.56	-17.7435
650.798	1310.58	-22.2751
288.401	-1145.1	52.3858
997.86	695.261	-17.0102
-81.287	-173.043	35.0715
-3.96617	107.079	-10.9995
-273.707	-990.225	55.2153
846.229	895.687	-18.4161
946.984	-159.513	-19.1259
-240.256	-27.5383	34.1046
-775.7	-893.875	10.6608
-211.451	-636.905	104.108
633.378	-319.674	-5.63072
-1013.37	-796.888	20.16
-100.178	399.246	-13.6311
-1359.81	-1056.57	51.0241
1385.72	21.1422	-23.8479
-825.071	-1031.43	19.2568
364.254	-1129.05	55.9642
-1135.25	-1385.59	68.2537
261.456	230.041	-14.8348
1012.43	1103.87	-14.0891
796.83	-1460.43	21.7869
1480.87	1195.14	-21.3745
105.604	-755.778	90
-109.132	308.233	-13.5166
-122.578	-248.107	58.4308
517.661	645.912	-20.3409
862.603	-641.028	11.3849
1013.64	970.888	-16.7697
1096.53	604.478	-17.7951
259.708	174.371	-13.6193
-236.155	953.187	-17.3321
1275	-201.895	-17.2614
-1056.85	765.238	7.63736
-1061.04	1021.51	-6.59476
445.329	-597.178	48.092
-814.544	-973.153	15.9008
-1442.28	1087.87	13.7917
752.499	59.4422	-17.8043
-501.711	1119.87	-19.1957
472.786	-632.086	60.5879
330.028	-1386.7	30.6437
83.4654	-522.018	55.1197
-296.159	-192.404	62.3247
-634.677	-1424.85	49.6458
-1217.43	-1043.47	50.1363
-265.91	-705.914	73.4302
-1112.75	-1246.79	44.0076
538.821	-22.0719	-11.282
-561.848	-243.438	12.706
-628.309	-570.54	7.62753
-470.202	1010.25	-18.5458
-636.919	-530.175	7.03504
750.384	-827.18	80.0655
907.116	-451.536	-9.93319
-1254.41	61.4851	-10.4442
1006.69	-199.03	-17.4758
1159.24	-264.104	-13.977
1128.2	-68.4903	-18.8799
1088.74	-668.28	0.845813
-175.792	-298.563	73.5592
-1288.45	-686.86	25.6496
-806.876	38.7099	-3.23547
738.16	536.026	-19.1562
1253.35	1465.63	-27.3551
955.081	-786.48	49.3476
-112.192	1258.77	-18.1114
1084.22	13.6433	-21.9772
-361.044	396.375	-12.1775
-79.8995	-248.874	55.0945
630.369	321.628	-20.14
899.199	1072.66	-13.4016
-1408.7	212.802	0.377933
758.148	-975.206	82.7331
273.123	-1338.47	34.1715
257.294	-842.97	107.049
881.737	1058.53	-14.1966
293.562	201.378	-13.97
301.521	-484.191	17.6301
303.471	1221.9	-18.9952
729.344	1113.68	-20.8378
-886.451	-1247.47	35.9598
-932.611	191.739	-9.48645
990.43	-499.879	-7.12434
-476.749	1254.35	-18.5305
1005.46	1196.96	-15.1584
751.1	-779.699	68.95
-970.135	-1110.01	37.1488
-457.777	670.3	-7.64053
-121.072	-637.814	112.257
368.08	255.38	-15.7176
-971.395	-537.383	3.21008
-294.902	1223.79	-19.1199
991.904	620.601	-17.1314
-1298.45	-532.516	9.47238
-1330.13	-1079.59	53.5909
765.868	-1492.95	21.189
1166.91	-1013.48	58.2102
1478.86	-936.729	-1.97921
-877.141	1351.45	-17.0145
13.3408	925.297	-16.5017
-218.062	597.368	-12.5804
-902.819	-1280.59	37.1284
-472.242	-550.948	24.3512
-1004.78	-317.506	-2.72071
-571.91	-1016.05	14.5222
-811.177	265.587	-6.82629
-264.099	-1412.27	54.775
896.24	-1258.4	42.8926
-796.248	-1329.83	34.5293
-525.183	-545.349	17.169
-1328.97	1336.36	-9.27586
-1270.7	351.887	14.6071
-1403.9	992.429	32.0311
589.835	-1136.07	47.8669
-684.492	-32.2497	7.68043
471.174	1276.99	-20.8243
1392.11	1412.35	-26.7173
1064.46	110.279	-21.9674
-145.705	1217.91	-18.2877
-185.673	9.29565	16.7467
-299.4	-1307.47	50.9156
125.171	-850.122	105.283
606.285	-1371.61	27.5288
-1110.76	-943.537	40.9664
-897.751	399.229	-5.71453
-1446.62	-1349.65	79.6713
-203.299	333.107	-13.5874
85.791	-536.871	55.5464
-436.669	-1095.53	25.5495
863.66	-1433.34	24.8032
-307.883	444.243	-13.2544
1331.96	26.0642	-22.1726
-1372.12	-357.447	-2.99075
-815.836	-1045.17	19.434
821.22	1094.45	-16.7885
-1279.84	-249.209	-4.25218
1152.69	-753.024	4.41621
-1234.77	-798.167	27.3229
-1351.07	-172.047	-6.14561
-808.109	716.858	3.63197
64.9945	-1350.34	41.8774
-453.563	-1284.58	27.8622
474.24	-1370.24	27.8616
1163.73	-1066.98	66.1826
-106.84	797.471	-14.8176
391.052	-1445.77	26.2078
-1001.87	197.062	-10.9162
711.776	-429.194	0.0700129
-440.004	91.5723	27.0748
664.569	-1168.56	40.7376
806.872	344.697	-21.0845
-10.7918	-1473.44	46.0715
1265.65	-699.512	-8.07381
-871.705	409.788	-6.10639
165.679	838.982	-16.8967
-1123.87	-950.696	40.9601
-114.022	-74.0356	17.7546
-1095.16	706.739	6.95802
-669.76	872.413	-8.64476
-942.411	843.626	6.98155
-384.361	-410.919	54.792
360.501	-579.11	35.2678
1168.7	443.385	-19.1467
853.567	-1337.37	30.6513
-1290.84	-764.334	31.0924
-1430.89	-1434.07	103.386
-147.176	424.634	-14.3858
860.605	-898.943	84.5106
-1188.18	74.7026	-10.4791
1450.81	-236.396	-20.3014
-1423.88	1177.25	-1.27622
322.27	-1082.59	66.4169
-100.296	1414.74	-17.689
-247.888	141.053	0.785099
242.762	-741.045	78.544
-432.289	-481.654	35.6475
342.072	1137.19	-20.1632
-1469.71	-1286.03	64.6654
-1066.54	-1390.68	64.4307
-652.212	-1398.88	47.9102
1381.93	301.872	-23.893
627.014	1471.79	-24.833
-1352.41	-227.86	-5.12268
-1485.9	89.2048	-3.54402
935.147	-704.727	20.7753
-225.878	-986.455	69.4304
-36.1079	794.344	-15.6734
-265.12	-312.776	77.8352
-863.73	-1448.93	41.0418
365.992	-94.4916	-8.02219
713.468	-1388.35	24.6311
-1480.63	-81.2631	-1.37244
1304.89	-316.27	-16.8041
-1211.63	-332.889	-0.712567
1130	846.964	-18.5944
206.908	54.152	-9.58931
756.784	-892.368	87.3089
-214.785	183.858	-7.49572
-738.074	570.372	-0.600641
-252.495	274.607	-11.818
708.255	-909.079	90.814
1422.34	-869.335	-1.02815
80.3025	1189.03	-18.3468
734.259	-246.642	-14.8198
-296.894	-1348.68	50.9743
-911.534	1043.97	-14.6224
-628.012	790.631	-4.75984
11.7374	-1370.79	47.3766
86.0094	24.8861	-2.86849
814.314	-1005.53	75.7052
-1153.3	-864.527	29.6584
454.135	155.166	-14.3657
-1142.73	256.062	-7.83112
-562.923	1011.22	-17.3331
-23.6378	-1386.92	49.8986
-1423.37	-1430.88	101.042
-1060.45	-1372.11	61.8066
478.369	-8.46185	-11.6984
1172.46	-1339.85	76.1522
-113.56	442.572	-13.7626
118.171	1141.07	-18.7849
418.094	1453.57	-18.0365
832.043	-131.47	-20.3812
-42.8034	1083.24	-17.2788
-613.375	-580.619	8.47261
-1186.17	-231.352	-4.32318
-1265.14	905.539	25.5421
-891.882	-1112.91	33.486
-868.138	1227.08	-17.9374
-1032.33	263.191	-9.34837
-837.166	-1347.09	32.2995
1327.84	1106.51	-20.5498
-435.478	1202.45	-19.0735
631.668	-261.301	-8.98648
-185.255	-1348.8	66.5009
-237.407	-1072.23	68.2795
-1407.76	-294.399	-2.93654
1109.21	-1333.14	67.9304
-1349.75	-745.346	32.3509
1499.77	481.824	-26.5494
55.9318	-930.16	101.98
-550.253	845.496	-13.4385
804.635	668.458	-17.9081
1381.3	46.4867	-23.2127
883.698	520.952	-18.458
986.813	1376.22	-22.479
-305.622	-294.976	70.6088
1450.6	291.966	-26.2682
857.16	-1337.44	31.0075
1488.15	1329.8	-27.0037
-1443.07	-527.351	5.45065
-1111.19	1116.61	-9.45895
62.0015	461.48	-13.8883
1449.27	1040.28	-22.1927
1447.08	1155.19	-21.1324
190.927	-259.302	11.7312
-301.131	-61.3415	53.8592
494.047	845.773	-16.6755
324.524	-4.31319	-8.93341
-1286.42	-1474.13	96.2106
-1277.61	-923.457	46.2212
-779.508	523.538	2.53099
861.669	1477.4	-25.3712
-755.978	-745.388	5.23671
-1463.95	-1342.99	81.1133
359.696	780.266	-15.6752
726.112	539.05	-19.032
1158.33	730.742	-17.8306
-254.078	550.871	-12.4723
1371.24	816.168	-18.6068
1034.39	-45.5285	-21.3715
865.032	79.402	-21.1971
775.312	1475.17	-25.98
1163.87	-1313.91	75.9657
434.216	-68.0371	-9.52057
43.5355	-628.929	78.2258
-1004.65	731.868	5.09784
-688.546	-452.519	2.78404
-380.648	-444.746	55.9166
1093.95	901.921	-18.4311
-152.072	-1089.24	90.3893
-904.362	-1124.05	35.1318
915.8	1264.17	-14.982
-1443.74	-440.1	1.31668
-210.171	805.284	-13.8491
1343.83	788.476	-18.5861
-1029.63	344.036	-4.18392
-548.068	682.378	-6.94874
460.439	1281.04	-20.6514
786.173	-1265	32.01
302.08	-1267.21	37.5989
-310.524	-250.258	65.1229
-1428.86	-1104.09	39.4076
1041.77	-684.372	6.93922
610.77	-1027.15	76.7038
-326.161	-932.822	40.4765
-505.398	810.934	-12.4746
-578.179	-805.716	11.9325
756.907	-1155.58	42.8212
-6.68688	-521.861	80.0649
79.358	894.163	-17.71
-62.7834	250.013	-13.8501
705.595	-1060.64	64.9606
-676.971	1217.9	-17.4145
-820.6	1197.52	-18.753
329.754	-509.533	18.3906
98.9464	-1181.22	59.8361
-1498.3	1420.29	-5.97956
1386	-965.003	13.1675
-375.299	434.345	-12.3565
111.273	590.356	-13.5578
1419.01	1249.57	-23.0584
907.994	341.779	-19.9474
-958.001	-1017.11	37.0091
-429.61	1163.9	-19.3978
-1398.01	874.659	25.0918
-828.394	1037.59	-15.7745
959.333	64.5101	-22.2723
-631.06	-1070.38	12.9162
-893.863	91.4629	-8.20527
-495.678	420.823	-10.8892
1260.2	1139.67	-19.7312
-1158.53	-1092.49	45.1032
1074.69	-339.814	-11.4518
-1008.3	689.512	4.61192
12.1231	-1459.44	44.9755
1220.28	654.607	-19.3408
-1368.95	-990.067	46.4598
1097.2	639.686	-17.3196
976.909	-783.97	43.8981
-403.568	-196.768	42.4415
-1168.13	-1131.62	44.1143
-683.986	1089.3	-17.7291
772.645	638.988	-18.2206
-1062.59	-1092.98	39.2497
750.109	-8.17438	-16.466
-1218.69	270.571	-3.8204
-113.996	-597.258	115.381
108.383	352.163	-13.7828
-302.037	35.503	33.5576
-370.804	592.678	-11.2025
12.3086	235.643	-14.0987
-659.012	457.125	-7.33407
-1113.55	126.776	-10.5976
-654.376	-170.781	5.41971
-185.224	-756.728	84.9492
681.202	-321.467	-8.38608
-1250.95	-234.931	-4.00846
-68.3385	-243.036	52.5582
958.909	-1233.5	58.2376
572.305	-656.477	65.9311
295.265	206.449	-14.1012
76.1647	-521.428	57.2002
1048.24	-1169.84	73.7918
123.002	-1295.82	40.4162
-1079.22	-1132.22	37.221
-1124.39	-93.4538	-5.03385
1082.56	-452.847	-8.01172
1227.23	217.695	-22.2565
752.831	566.476	-18.9221
998.316	-1150.94	73.7293
-212.418	-1315.08	67.7025
940.571	942.196	-17.3891
187.656	-1282.52	39.0507
682.957	1222.66	-22.0213
1106.93	-1098.19	64.9797
65.1587	-726.161	88.7039
57.5803	-1147.07	72.7364
-878.535	124.69	-7.46401
-1426.92	919.182	26.1373
-1004.3	376.813	-2.33757
623.833	-1031.24	75.39
-1166.38	-417.73	2.84319
451.342	-868.562	119.805
16.835	-803.174	104.177
823.437	1325.8	-19.8704
-120.945	699.199	-12.2562
179.1	-596.709	41.1547
-562.128	1054.86	-17.9258
870.207	-409.023	-10.8288
980.517	-1267.04	57.6267
1047.14	204.007	-20.5647
1341.68	434.744	-21.8196
91.2813	1487.81	-16.1111
-14.7033	870.912	-16.3092
1372.18	-735.619	-6.25174
867.552	587.268	-17.3161
-267.796	483.276	-13.3201
-536.849	-145.43	25.7738
55.5162	-396.3	59.6799
-1413.27	-1240.44	49.969
886.987	1255.06	-14.5101
1262.85	-1168.24	87.2205
1321.1	-1131.1	80.3508
507.967	982.768	-17.4416
207.001	-1447.94	33.7355
826.172	758.853	-18.571
612.677	1198.11	-22.3808
-258.121	-801.024	58.5227
-411.464	-296.673	41.5366
-1153.83	-46.6492	-4.88665
-1079.26	-932.989	41.1572
-1183.05	-279.424	-2.90117
-549.344	636.686	-9.97993
-57.8076	123.624	-9.88383
1335.03	-993.502	33.8354
-275.76	-180.656	60.3593
771.893	446.815	-20.2655
337.317	1489.43	-16.3483
-769.256	495.802	-0.361619
-137.727	-23.4965	13.2012
-831.014	784.197	9.47584
-714.055	-1290.9	33.3142
-838.065	465.062	-2.63422
1043.02	-907.062	63.4384
790.409	-74.7002	-19.8088
-1266.56	-906.747	43.2588
-1233.13	-662.272	18.4206
1004.21	1423.8	-25.7055
-8.92146	996.482	-16.3961
1185.66	1372.17	-25.1511
-283.62	-710.36	68.1947
-437.316	-573.032	32.1575
1090.99	1196.9	-17.7979
545.068	-197.828	-6.8261
1095.13	324.108	-18.9246
-1078.88	-38.5061	-6.17733
557.932	292.827	-19.8574
710.798	-406.195	-2.04769
532.233	-898.581	108.34
-1299.35	-119.361	-6.95176
31.8257	623.749	-13.3537
1172.58	1058.44	-18.171
-236.408	264.412	-11.9751
-709.049	1125.48	-17.7936
1103.46	-228.015	-14.6416
-176.333	821.182	-14.5471
-926.954	-949.359	27.45
-1445.59	-209.996	-3.2201
-439.55	459.199	-12.1705
-759.989	-820.19	7.90978
816.389	-1032	70.6246
-493.483	-630.544	18.6777
-801.686	-974.93	14.711
726.332	-171.325	-17.8357
922.603	1372.18	-22.273
841.768	-763.078	55.7715
1149.6	1465.78	-26.6544
-961.985	-1287.88	45.4859
-570.792	-1085.5	15.8139
1408.8	-926.493	3.47137
354.925	593.708	-16.3405
1357.88	-266.903	-18.5788
958.733	-495.111	-7.67282
-319.318	-1128.74	46.4424
-235.365	184.998	-6.18011
519.187	933.71	-16.3851
54.8016	-897.286	105.435
1103.26	-986.554	58.2244
-1111.04	-59.5749	-4.99223
494.315	285.018	-19.0707
39.877	709.095	-15.584
-110.949	1476.43	-17.1592
1124.89	310.685	-19.5733
-751.247	1391.42	-17.9438
914.799	1018.91	-14.4209
-632.169	-435.568	5.15036
-337.577	-845.717	38.9242
933.873	-754.79	40.8349
1424.85	-335.858	-16.6505
-111.716	166.539	-11.8838
-988.822	-1033.77	41.2711
-181.523	1391.28	-17.4575
534.651	-992.895	90.451
-1371.13	756.695	7.39364
404.481	264.529	-17.2826
-532.979	-482.639	14.848
-352.838	-1037.9	36.7991
-1127.4	597.475	8.44739
1091.71	-344.455	-10.8801
225.659	803.586	-16.0651
332.816	-1201.51	43.1263
-1239.68	10.6021	-9.62739
-1266.48	-1461.16	93.0821
652.485	935.907	-15.7749
826.418	1007.79	-16.7268
751.91	-78.8931	-18.6692
-956.693	400.421	-3.18813
715.034	1366.9	-23.5599
-1071.24	-1116.74	37.789
707.62	-860.265	86.6583
-1248.32	580.233	16.2962
698.523	-144.74	-16.6568
37.0479	1453.97	-15.5566
220.22	404.094	-15.657
1172.43	-416.577	-11.9903
1348.22	-344.472	-15.4465
324.96	883.367	-16.8621
773.977	551.343	-19.0487
-1469.45	-758.059	16.8796
122.504	-1446.23	37.7873
-68.2988	-781.131	103.333
349.354	-653.102	53.3833
1384.43	-785.511	-4.78955
-842.546	-121.868	-7.43629
-1234.31	129.056	-10.4068
-971.787	1232.33	-16.1456
-1009.33	-1398.14	57.0151
1001.28	-449.815	-9.03474
-71.6376	-1048.24	105.718
596.667	842.73	-16.5857
300.366	-583.575	32.7745
-631.669	438.183	-8.18454
914.289	1371.71	-22.2845
-881.313	238.127	-9.44701
1370.11	-1280.48	100.114
-973.538	508.816	3.74026
-1067.22	-599.217	7.78316
1345.39	1291.18	-23.379
-1429.43	1039.97	21.5045
-906.83	684.267	4.32654
1380	77.111	-23.8612
-376.404	1295.55	-18.1846
959.358	-50.6429	-21.4411
1013.08	-901.787	68.5599
824.592	-157.642	-19.8854
-351.58	-28.3678	52.0194
-505.309	-722.251	16.8598
468.669	739.67	-19.918
-339.694	164.114	4.89997
-1447.34	743.75	6.73477
380.845	-961.225	107.426
-660.76	-1091.55	13.2091
-457.834	-495.43	28.7871
780.454	-620.271	17.509
1059.81	1069.55	-16.2205
168.261	603.02	-14.7923
-1401.12	1417.42	-7.79222
-592.658	-1372.7	39.1759
-890.612	-1049.86	28.1569
-72.7682	1230.99	-18.8619
-44.1947	-639.487	99.5798
-311.257	1037.7	-19.089
506.492	1036.91	-19.0166
-222.279	-197.267	58.7815
-152.699	566.653	-13.56
-963.954	-326.2	-2.37101
-1274.65	-1373.91	74.7134
-971.952	-43.1543	-9.40549
-1338.36	-953.547	45.5505
1495.86	1017.62	-23.1658
-1266.32	-76.2385	-7.14134
-262.015	-1400.16	55.3111
710.13	714.238	-20.3429
1034.89	182.954	-20.7282
-1392.53	-1292.63	60.5708
1409.95	-761.899	-6.0277
1074	-1243.65	71.7481
-480.408	697.785	-6.37077
1292.79	-172.854	-18.486
-30.4659	1146.01	-17.932
-1308.47	-1066.28	56.0964
-65.5241	-777.309	102.744
-453.176	33.3769	41.5867
1167.08	840.697	-18.2585
158.807	1132.18	-19.1419
360.522	1202.24	-21.0794
-403.296	-638.41	37.3674
907.27	-1371.72	32.1067
-1214.69	357.612	7.83231
1471.81	-412.446	-13.6733
-806.772	-70.7513	-5.90895
-972.971	1212.27	-15.8084
-1356.35	-798.977	38.4524
1171.71	1194.85	-18.3669
-1212.11	972.886	16.6757
451.586	-426.848	5.99341
-374.26	-230.602	47.6848
780.089	-1334.23	27.3547
-466.38	409.024	-11.1066
70.0185	760.333	-16.4651
-1467.96	-349.271	0.245035
-825.592	-538.65	-0.46425
-885.917	1076.36	-16.3806
1416.09	51.6028	-24.2321
-1221.19	301.609	0.675613
-719.613	1452.53	-16.0711
-222.291	315.916	-12.9575
471.2	-1108.9	55.125
-1292.42	1080.73	5.05824
416.731	128.877	-12.7293
947.237	1490.9	-25.0785
98.5565	-77.2794	1.15715
1385.58	1188.69	-20.798
659.206	-1124.89	47.8523
1227.39	-496.945	-11.6422
1123.52	-673.133	-1.30498
530.571	550.041	-18.7219
1118.38	1410.8	-25.6548
-481.397	-239.574	23.21
1376.92	-735.094	-6.23434
-1261.01	303.513	6.52151
-264.597	958.535	-17.3587
880.575	1440.72	-27.1113
-1030.69	468.264	6.17642
-138.155	-1004.96	92.5701
1437.42	485.626	-24.589
949.839	967.6	-16.4532
-639.855	-375.539	4.06147
-1056.24	1404.35	-14.4722
-987.202	443.103	1.58215
825.987	-1149.47	48.2394
-858.618	739.331	5.7093
1316.69	-327.686	-16.3778
-942.644	1276.16	-16.9715
-963.958	-1478.87	51.5369
-160.362	1120.61	-18.7067
-163.136	-265.151	63.6471
1269.77	-1075.96	68.4138
-195.091	-37.5851	26.5038
-80.1465	44.8594	0.471234
-1419.78	-258.2	-3.51371
925.847	-256.777	-16.6199
384.204	760.888	-16.9334
-467.597	-336.533	23.2894
920.24	568.396	-17.4522
973.172	-1207.12	64.1542
1403.45	307.068	-24.4434
-915.36	-340.992	-2.03468
-412.97	-680.96	32.1816
554.567	359.915	-18.9712
380.82	-1284.12	33.6532
-113.376	-772.398	97.8574
-868.714	-57.2832	-8.78363
1260.87	-1094.92	72.8415
942.43	456.349	-18.905
201.311	1176.65	-18.5136
-996.79	516.712	4.86971
1339.81	1447.81	-27.6135
-738.513	-292.209	-1.83938
-1074.95	974.277	1.67899
-803.778	-312.734	-2.73667
-1154.08	-431.818	2.90844
-832.339	80.1879	-4.06659
71.6092	-1323.44	41.7858
253.199	505.421	-15.5104
991.414	-839.802	62.5918
-531.907	899.038	-16.7578
826.106	-1370.94	25.8831
-189.978	-765.353	81.7022
-362.656	-711.616	42.389
-161.696	192.95	-10.7795
124.088	-667.197	64.5449
-414.143	-1436.91	44.1794
885.156	758.416	-18.5053
10.8578	-1198.3	65.3084
-1452.47	-1096.07	34.5363
1364.17	-947.224	10.8978
221.312	-441.182	19.2763
1156.15	-162.058	-16.1453
-1047.15	-1415.75	63.4327
159.956	842.793	-17.0244
-109.488	-465.339	93.7734
575.122	650.175	-21.845
198.051	-1486.6	33.6574
895.236	359.132	-19.9184
-405.996	-367.424	46.0007
216.752	49.9885	-9.32614
-771.301	-418.045	-0.404721
-856.998	1027.13	-15.1646
291.511	-519.68	22.0683
996.616	-947.318	71.0341
-1237.26	-75.6007	-6.6537
-20.4597	1394.29	-17.3465
494.074	1496.84	-21.5872
111.689	-658.889	65.7164
130.709	327.14	-13.3384
-1057.54	-307.667	-3.15147
1052.15	307.639	-18.5174
608.598	-1019.36	79.4904
-1417.06	1495.74	-7.96787
677.897	783.66	-19.0893
-1036.45	-1176.65	39.7707
-684.166	138.126	16.4198
539.593	1402	-20.9333
-271.26	1253.17	-18.0889
-623.039	-503.664	7.18662
721.317	-930.521	88.9245
-62.5404	57.493	-1.99625
-1073.14	956.727	3.89887
369.436	-1383.44	29.6181
-689.683	1396.09	-17.7571
1343.25	-303.576	-17.9123
642.641	1014.33	-18.2556
-594.314	-1153.87	15.7592
1352.45	673.037	-20.4102
-643.251	1099.11	-17.8311
-643.813	1302.81	-17.4562
-775.261	-933.091	12.1203
-96.3137	-829.908	96.4744
1151.57	-1367.58	71.5397
-890.526	724.928	4.29657
-912.947	520.196	3.22587
1398.46	559.905	-22.3935
696.519	-474.35	6.99955
-1386.53	1229.69	-5.22323
691.924	-159.636	-15.6926
-181.49	-1253.88	71.8246
307.718	269.146	-15.1327
-491.62	-337.593	18.9984
-1236.04	-494.846	8.61466
-61.1274	1028.54	-17.0618
553.037	267.428	-20.0173
-1162.86	-918.482	36.9139
-496.945	-333.029	17.8211
145.234	170.261	-15.2401
-867.618	-1174.61	33.759
-653.268	1092.05	-17.8206
-273.471	-7.70541	37.6055
-621.829	-712.403	8.02549
-1397.31	1211.1	-3.92305
-827.43	318.806	-10.5341
246.445	-1173.46	48.7447
1120.71	-1018.35	58.3233
574.992	-234.211	-6.5593
-172.769	-667.111	106.517
1302.1	-1035.18	57.4885
1175.01	-1442.37	62.9076
809.084	163.776	-21.7979
-646.717	-1447.82	51.8622
201.348	9.13618	-5.35243
456.562	1350.45	-19.3406
560.498	479.393	-18.3567
306.109	-628.699	44.3055
-221.552	-609.744	105.061
-926.376	-1032.14	32.4006
-1015.51	-1114.31	36.502
-1250.62	876.536	22.2116
-999.696	1320.61	-16.3167
-1441.77	-1472.81	117.732
-827.141	282.583	-9.03312
-1060.62	1306.12	-16.0148
-805.619	1437.28	-16.413
431.325	-1249.8	34.6887
137.445	-697.776	68.1506
-1271.57	1218.7	-7.89204
828.395	-46.1485	-19.0236
-413.32	-409.062	43.3101
-598.119	-859.093	12.0929
640.288	470.651	-18.5326
1162.97	523.108	-19.3199
1136.11	-1431.43	57.1827
-1392.89	-527.25	8.124
-628.458	873.735	-11.9757
-951.873	1367.83	-15.8946
-1171.19	-731.603	15.9748
1020.47	624.046	-17.2714
-725.202	1149.01	-17.834
307.728	-269.528	0.95032
-234.406	1266.37	-17.7451
1043.46	820.907	-19.2408
1177.34	1255.41	-18.9222
941.959	274.223	-20.3227
-1462.84	314.059	16.7412
980.498	1321.73	-18.9077
-847.454	1011.43	-14.3067
397.991	-1434.23	26.5584
-137.5	-857.62	84.3812
-773.003	-594.447	1.25971
1386.04	-1212.5	95.3698
-1391.46	-616.823	20.3739
-165.641	879.481	-15.9601
1393.32	-211.939	-19.8257
907.523	1012.22	-14.7509
-142.046	-1255.68	71.5415
-477.005	-1482.3	53.0595
1054.19	1283.02	-19.2934
677.4	1388.23	-24.1521
301.669	-87.7306	-7.3057
961.522	-388.559	-11.7403
378.738	-1390.99	29.0319
-534.859	-1389.32	36.6938
1427.67	219.166	-26.2494
-1337.58	852.065	23.5741
-778.891	-1329.34	36.0994
652.833	1492.35	-25.64
-50.092	55.432	-2.58522
-628.02	-926.074	11.8256
-1414.16	707.47	8.89013
121.517	-110.802	3.03335
-593.951	-1008.18	13.0315
629.505	858.702	-16.2612
119.473	218.302	-14.9613
1341.53	-1098.48	66.7632
881.582	830.777	-19.4245
-1036.7	-330.319	-2.69626
-1378.37	-1150.74	48.2518
-556.24	95.6032	32.8267
411.302	435.739	-17.2316
-204.214	1454.4	-17.5689
-551.16	-1396.11	38.514
839.356	-360.774	-12.1254
-37.283	522.279	-11.6881
-982.664	-893.344	30.5645
799.053	1123.59	-17.6532
1181.69	-1400.41	73.7305
-1184.28	-1486.81	89.8902
-930.629	660.31	4.2753
-115.197	910.45	-17.6573
519.508	1264.03	-21.5665
-998.779	-916.153	33.4008
1017.81	1227.5	-16.7767
-1126.77	-459.379	2.92462
778.281	-1042.66	68.8564
-1127.32	1001.91	1.71713
-845.293	978.885	-11.5902
-647.405	-1017.75	11.4869
-934.688	-970.097	30.5358
-272.44	96.0015	12.4619
-156.997	-100.699	29.964
1207.11	-701.6	-5.16293
-380.755	115.953	17.4526
-1230.8	-1354.56	67.0142
-1277.53	1481.46	-10.4899
1217.7	-1343.93	85.7485
-723.674	-763.322	5.77402
-1476.79	1044.14	20.2341
-1055.74	-1129.46	36.0889
-147.083	-642.514	111.715
-968.118	816.523	7.3003
-616.55	296.722	-3.15666
535.084	-1238.12	35.4826
591.096	-1475.77	23.221
-1465.31	-1056.88	27.0019
365.305	1.08402	-10.298
-732.634	-371.45	-0.00787457
967.572	-1441.84	29.1007
871.259	199.593	-21.6759
-527.495	-948.75	17.4877
-1376.08	-1205.8	48.755
373.414	527.465	-17.0196
670.462	1252.62	-21.727
-1416.89	449.467	47.7212
-1425.59	1411.22	-7.32643
-304.657	-675.578	68.2191
329.127	-250.048	-0.850876
1132.07	-594.221	-5.68162
-768.443	-88.8823	-4.24949
-1476.61	1417.11	-6.39281
-543.458	-1040.92	16.971
491.452	-127.501	-8.15122
-171.779	-181.883	48.4539
957.116	633.476	-16.8605
-738.884	909.434	-9.66908
-893.607	-1382.05	38.7418
1065.74	1479.96	-26.2395
-295.168	-574.137	88.4135
1435.81	-484.285	-12.6846
647.747	1334.36	-22.5783
674.203	-371.162	-3.80063
-558.587	249.654	1.83193
-929.695	1282.02	-17.1123
-1405.57	212.649	0.429998
76.3666	-441.745	54.5672
1375.88	348.239	-22.8524
957.822	-73.7437	-20.8521
1348.14	-651.357	-7.67379
-990.884	824.155	6.10946
-575.608	-83.5333	26.9249
278.384	-1095.52	62.4167
976.713	356.254	-18.4715
-1117.74	-559.422	6.09996
1098.55	-72.2667	-18.9927
1339.94	-1481.99	75.078
-1487.85	1012.38	20.2098
-127.972	365.779	-14.1894
1262.65	-501.915	-12.1649
-626.93	-32.1862	19.2401
-1253.08	1392.16	-10.879
210.376	51.4215	-9.39785
-1435.22	-110.745	-3.8327
-1298.17	939.373	30.4083
-1343.28	14.6841	-8.29873
-1197.18	28.3685	-9.79124
24.4908	-3.42393	-1.83616
416.631	-552.889	33.9122
433.14	-808.986	109.822
763.424	-634.043	24.5793
1028.26	-237.386	-16.0572
-652.773	429.776	-8.18424
-664.946	18.1863	13.2084
633.79	950.632	-16.2084
-432.171	412.702	-11.493
460.276	597.427	-18.4237
882.415	1331.63	-19.8101
-1257.2	-404.294	1.58189
754.768	753.475	-19.3538
741.097	-743.336	61.466
-881.673	1230.9	-17.6504
11.4738	-236.556	38.6439
98.7714	1072.92	-17.1556
520.39	538.977	-18.6394
1004.29	-856.591	66.9912
1468.76	1420.67	-26.4506
-1211.11	-880.165	34.0282
1148.37	-208.062	-15.1434
-810.362	243.108	-5.34116
1303.46	1014.47	-19.9464
-646.875	-23.0104	15.895
459.677	22.4878	-12.5229
960.872	-570.088	-3.80667
131.383	-69.9022	0.573513
384.126	1425.87	-17.0536
-560.825	-714.406	12.2977
-1457.15	193.947	-1.57624
1469.25	372.202	-25.6447
-566.019	-605.136	12.1612
1409.99	1210.91	-21.4471
936.583	1057.92	-13.3666
127.795	-959.002	93.5241
-482.1	-583.93	21.6333
-1455.27	75.5371	-4.47941
-1028.31	-1152.41	36.8053
-1095.28	656.424	6.47743
474.317	-55.3179	-10.2251
-245.587	286.15	-12.1079
539.866	-849.511	108.39
979.666	-985.927	71.0863
845.154	1306.39	-18.2767
-1360.21	314.101	13.08
-473.594	-172.666	31.6433
1176.79	-1288.29	80.2362
447.59	16.3386	-12.2696
796.804	274.966	-21.6518
-408.238	168.794	9.98324
-873.167	1344.37	-17.1694
-498.735	7.61962	47.1793
-228.898	198.884	-8.43069
-816.9	423.86	-6.77361
-215.195	-351.592	85.1318
1453.33	-350.777	-15.7731
223.809	-1015.61	82.072
909.354	1011.9	-14.7314
-1023.82	326.134	-6.24592
1028.76	1071.34	-15.0238
-1153.71	-996.83	44.4249
-651.682	-63.0374	11.186
875.833	373.118	-20.0998
1098.87	990.674	-17.6346
-1164.27	-923.117	37.457
-8.753	-527.943	80.9965
481.194	233.146	-18.4597
570.024	756.223	-20.4402
-832.677	-722.389	6.60626
1483.2	-999.422	5.38577
264.08	-1071.79	68.3038
1200.08	-100.961	-17.4558
491	-683.214	72.4523
1065.57	382.939	-17.9929
-698.071	380.736	-8.63103
30.4473	-1062.78	95.6394
334.985	1070.49	-18.1192
-937.718	511.164	2.95958
-1255.72	245.656	-3.15677
-647.739	1131.63	-17.3563
-546.344	88.5426	33.8661
-1327.72	774.534	9.24876
1171.68	507.331	-19.3268
-1023.19	23.1788	-8.17264
-713.163	-689.587	3.97249
-361.797	-525.867	60.1811
1124.25	293.762	-19.8138
-1417.15	1177.12	-1.71573
-355.648	635.35	-10.6962
893.296	-740.705	40.8494
-1337.71	-764.351	33.498
795.415	774.671	-18.8722
-1043.58	-223.843	-5.27021
352.91	468.688	-17.0324
9.30469	762.598	-16.1561
-1413.21	-1348.57	74.3535
428.43	1184.57	-21.8521
-1206.62	817.688	16.0573
-1185.97	-1439.54	82.8224
-641.666	377.975	-7.64289
1187.39	465.494	-19.2538
-1388.69	612.379	15.6778
-209.702	-619.086	106.2
-1161.47	500.727	14.6764
-1400.87	832.083	15.2331
-12.1177	-184.941	29.5116
-195.642	-240.71	62.8467
-512.562	-97.8662	36.7585
884.632	-1095	62.7249
1352.82	-1473.01	79.005
-664.088	-1442.94	52.7203
1386.53	-1121.98	67.9761
957.327	121.616	-21.9151
1332.44	-1422.26	90.5329
206.307	-637.218	47.8305
-1263.93	673.614	7.10525
-196.507	-427.11	101.576
-375.489	1290.33	-18.3124
1417.45	-432.447	-13.926
690.643	-1224.8	34.5722
-1172.94	385.418	8.97151
1326.21	392.503	-21.5481
-535.516	-969.207	17.0028
1274.13	-426.7	-14.9156
1327.79	948.039	-19.378
295.02	-518.655	21.7359
-635.165	535.125	-9.13631
531.814	709.96	-21.5089
729.057	199.001	-21.3025
982.554	-997.671	69.7278
1467.69	-950.794	0.704387
459.409	928.516	-15.8426
-1011.76	746.797	5.8221
771.603	-967.562	81.8942
886.044	-906.606	82.5378
-953.663	-822.764	21.8841
-938.308	104.566	-9.35118
-388.29	-38.2075	55.3722
1433.03	-246.785	-20.2708
-1446.3	1154.55	4.10098
-1138.06	-270.377	-3.73588
-311.982	-731.532	56.8266
1448.47	-16.4704	-26.7112
1394.35	1223.04	-21.75
-1126	1302.72	-14.5866
-212.321	-1216.83	70.7638
250.806	-1297.29	36.3372
-480.416	-1423.03	40.6883
-1447.56	-1152.76	40.1404
518.404	-1450.16	24.1368
-1380.27	-1287.39	58.7376
468.26	-50.9273	-10.3085
193.027	215.481	-14.7638
1252.54	670.048	-20.1369
928.492	-1207.06	55.9955
686.94	-1333.06	27.3865
-1495.76	-698.145	10.3264
-540.16	-1483.39	51.4622
457.708	-1052.75	68.4105
362.676	-1141.32	53.5265
1258.99	-21.9965	-19.1437
1372.34	-594.323	-10.2344
767.505	99.8725	-19.3217
-201.581	640.002	-12.2528
-1448.47	1069.22	16.7801
-334.929	-1309.86	43.9277
611.935	1377.66	-22.6783
-1317.25	728.269	6.48225
976.736	1286.19	-17.0659
1102.66	866.319	-18.7943
-1176.67	709.04	6.68626
-820.381	516.951	2.19911
114.741	601.98	-13.8577
22.7526	-891.997	107.939
-355.294	563.468	-11.5003
-133.087	-1108.19	93.2647
1419.47	169.4	-25.0672
-302.147	889.376	-16.3218
196.327	-951.154	94.4543
-298.788	2.69054	41.1554
441.933	315.476	-17.6356
-1146.36	821.084	15.0819
362.351	1210.52	-21.1094
-1195.83	-1222.81	44.6807
269.445	-591.89	35.5024
488.766	-931.33	110.552
517.748	215.257	-18.1032
262.37	349.436	-15.4569
254.06	321.917	-14.9403
177.62	88.4401	-12.0711
731.747	-1424.65	23.0258
362.343	706.879	-17.0959
-1192.4	1363.45	-12.4173
-1036.96	-918.711	38.8809
162.814	-336.908	25.2444
1385.74	1394.27	-26.6797
324.243	62.819	-9.21156
372.255	-1256.41	36.4751
-693.423	-856.153	8.53941
-434.526	1238.18	-18.9652
199.199	722.149	-16.3417
851.247	354.992	-20.5883
-1106.71	1133.65	-10.2233
-714.202	-1274.41	30.4363
815.647	1314.27	-19.5528
-1392.81	981.896	32.325
304.159	837.464	-15.7881
444.062	-601.99	49.6603
64.061	302.163	-13.5611
162.759	807.347	-16.6404
-1486.29	-1481.07	126.492
-283.178	-944.325	49.6617
945.87	-566.436	-3.96742
1298.76	-986.194	38.4936
319.146	1438.47	-15.5568
-1073.67	1122.34	-12.0353
333.331	1303.99	-17.5966
1350.2	-576.696	-10.4413
853.533	1464.64	-26.0346
-270.903	1415.15	-17.2441
-1263.11	942.429	25.9319
-145.061	-307.204	75.6511
-951.841	-1359.8	45.3613
-1144.91	76.4193	-10.6187
-1287.29	-360.749	-1.83573
-248.664	-1287.64	60.8041
-1424.89	-1075.52	37.9551
-1048.07	589.179	6.42218
-888.603	1392.64	-16.4105
-1070.73	-1314.22	53.4418
-1144.6	1413.58	-13.2983
1016.38	1482.88	-26.4011
-1396.59	544.929	37.5907
269.774	-1357.38	33.5886
-110.465	451.65	-13.6881
197.016	588.518	-14.9427
1094.43	-767.562	15.8802
-606.352	-295.556	5.2834
-594.874	903.711	-14.2954
595.537	-819.036	94.2739
-766.63	1100.62	-17.9431
1108.65	227.793	-20.5469
-241.926	-798.542	62.7943
492.475	229.131	-18.4213
1060.39	315.604	-18.5245
281.19	-389.864	9.7652
-1199.04	15.0308	-8.99276
-900.342	685.674	4.38772
-999.941	-1270.4	48.1767
-1046.87	-801.132	21.4102
1462.49	310.384	-26.243
666.705	-53.8585	-13.8081
1110.3	-82.2596	-18.524
-105.756	-228.296	51.6848
725.127	882.787	-17.3882
662.246	29.367	-14.5654
806.536	912.989	-18.0562
729.562	1062.47	-20.1882
1432.9	-871.601	-1.59849
756.719	-1161.09	41.9106
29.1126	-423.425	69.6326
-1366.68	-1211.56	49.2845
585.912	1343.36	-21.6079
688.971	-614.466	31.862
-1135.62	-80.6606	-4.67587
-475.82	-361.078	23.1654
418.252	128.194	-12.7775
338.239	-15.7067	-9.4717
197.769	40.9364	-8.49904
234.882	645.586	-15.9668
-816.578	-402.6	-1.38818
-383.679	-746.098	33.6448
609.254	-497.857	20.0428
128.559	-752.425	85.9192
774.666	1193.21	-18.5688
-83.0481	1450.06	-17.3648
-284.535	-1162.68	53.8927
639.048	754.682	-20.1899
-1495.01	1132.16	13.0483
1484.29	-943.001	-1.77249
-643.225	725.012	-2.20063
-1009.93	-848.271	25.2324
-721.89	-675.208	3.61329
-1220.17	-235.161	-3.90837
-129.363	1385.98	-17.8593
-761.499	-1278.21	31.9545
1374.77	-1467.51	82.648
469.203	-673.284	70.1845
22.2703	-1374.38	46.2642
-499.246	795.275	-11.5993
-168.14	567.03	-13.5169
577.785	-277.336	-5.27702
1305.88	1062.23	-20.2428
-1181.52	1337.91	-12.7966
1446.28	852.833	-19.8585
287.094	-1199.45	44.3688
-165.131	21.2516	10.5859
-963.293	-1039.07	38.4142
-845.242	-783.649	10.2055
339.102	247.854	-14.8611
1166.14	-354.523	-12.5158
1185.67	1481.24	-27.0017
1473.63	788.122	-20.3077
-1138.89	794.8	12.024
1032.47	806.777	-19.2358
-756.897	-1387.99	46.9082
269.688	802.201	-15.2754
-1212.91	331.965	3.90999
-1188.77	895.628	16.0438
-1192.84	-974.812	44.2622
658.149	984.538	-17.3636
-1047.08	-1456.2	66.3647
601.416	-55.3918	-11.8327
-558.727	-977.112	14.9759
-1330.26	-1204.08	48.6587
456.636	765.353	-18.7148
-135.808	-691.347	104.387
-941.017	-369.06	-2.0831
1490.75	-615.009	-10.5636
-478.198	-865.23	21.1439
-1369.24	-342.907	-3.12471
162.71	-1257.21	42.3621
339.913	-145.357	-6.05899
-401.689	712.011	-7.41954
1357.75	-266.553	-18.5768
240.846	1419.43	-14.7219
-939.803	784.655	7.87723
588.435	-939.923	100.243
-377.805	1150.02	-19.7672
99.5865	1042.61	-17.8042
-1133.27	161.486	-10.0259
-1446.13	-821.33	25.2768
-456.485	-1027.5	23.0091
1335.15	743.987	-19.5759
1176.69	1137.35	-18.4027
-1378.41	477.945	43.8178
-1175.62	-210.225	-4.68919
133.512	-327.587	30.4163
-833.543	-178.349	-6.9896
740.471	-351.73	-9.40526
-422.185	-1475.93	53.5157
995.469	-625.071	1.88334
928.851	1366.22	-21.8481
754.117	-1274.08	29.8918
7.13269	-201.833	31.014
1255.06	-736.119	-5.48221
-1421.17	-876.144	33.4937
-222.955	319.797	-12.9993
-57.0149	647.974	-13.4126
506.671	-234.07	-5.27581
-1274.74	844.06	22.0568
482.135	1047.46	-19.2595
1164.81	1474.98	-26.8124
1210.05	246.877	-21.6053
886.977	-1422.17	26.5926
-972.551	1387.22	-15.4655
-528.206	-1448.99	44.9291
1208.46	343.316	-20.1009
1410	999.427	-21.5009
987.264	433.441	-18.9994
585.704	-852.279	99.5913
-618.022	-425.189	5.9373
-1439.88	-1137.08	40.1994
1302.3	534.059	-20.545
1334.88	116.821	-23.4797
1366.88	345.394	-22.6333
1378.87	-71.0518	-24.1286
-405.216	-715.539	31.4816
790.592	725.675	-18.5703
-87.8795	-574.369	108.137
922.685	-78.5276	-20.6426
-1157.45	326.115	-0.312379
-874.497	500.91	1.13573
-1147.12	532.455	12.4193
-1166.07	-326.26	-1.39014
-1420.2	1300.46	-6.33517
851.637	-632.097	9.98203
646.029	758.343	-20.0056
-556.035	-1213.82	21.2412
168.385	17.249	-6.01346
1131.84	-104.418	-17.6087
286.111	-357.125	6.52447
673.265	203.773	-20.8722
496.733	867.412	-16.0607
-141.522	736.865	-12.4416
-841.065	-761.963	8.93861
-643.382	-1019.87	11.6929
1260.57	1392.97	-28.1909
222.764	499.94	-15.0552
-590.736	1020.58	-17.2287
-40.3715	569.446	-12.2079
-9.01237	121.329	-11.9888
-507.882	1100.78	-18.9074
-1089.85	352.757	-0.380271
-45.6861	-1310.38	57.6601
-401.948	-673.314	35.0547
234.847	1103.59	-18.9562
1287.65	349.588	-20.3042
-97.0154	807.422	-15.2283
-1046.59	690.577	5.24663
-1173.71	504.869	15.598
-238.639	-1346.37	62.6071
1244.62	1464.25	-27.4303
152.718	-585.115	44.6666
1381.1	653.45	-20.5199
-1236.23	-481.447	7.82719
1247.11	-1348.84	89.7721
-1016.89	453.498	4.54678
395.115	-898.595	118.417
742.834	-1365.14	24.9422
-1086.59	81.8005	-10.3535
-229.043	-1299.43	64.5006
488.053	-339.871	-0.671727
796.336	-708.99	41.0089
-1429.54	798.89	9.94141
-1459.69	-405.49	0.195428
1116.93	2.16512	-20.6431
-511.77	1330.81	-18.5788
-1464.96	-700.31	16.9068
681.349	1229.27	-21.9298
-1290.67	-1073.94	55.5406
1229.51	-855.438	14.0914
683.469	-1178.16	39.1202
115.41	-457.496	42.0809
-1491.84	-1124.61	29.5487
-1388.91	-104.766	-5.99188
-425.32	-933.642	26.4142
577.409	-716.197	80.2266
861.684	-389.36	-11.3931
778.073	1023.03	-18.5049
-1254.15	-1175.33	47.5211
-614.076	-150.322	12.8677
-1279.52	165.301	-7.87948
-180.613	1474.7	-17.5603
531.65	-299.277	-2.33002
-214.982	1412.84	-17.4533
-1265.37	-1479.62	96.3043
1112.29	-1322.89	69.4133
-704.512	-530.592	3.17454
1362.73	-324.897	-16.9489
-951.95	655.921	4.20537
61.0729	1382.52	-16.732
1290.86	1021.89	-19.8579
-952.154	961.533	-6.46121
649.222	451.238	-18.4705
-631.046	-717.047	7.45107
1226.32	766.92	-17.8203
-280.763	976.982	-17.7582
752.333	832.055	-18.5877
-342.497	1483.64	-16.4999
586.193	-926.616	101.325
1328.62	267.264	-23.3043
-1498.69	-939.423	13.8553
-326.565	420	-13.0782
-1202.84	1013.81	6.80351
-750.646	933.724	-10.8776
468.244	-897.144	116.139
-1456.04	-647.203	14.8774
-593.001	-823.523	11.1937
1161.25	-179.386	-15.7215
89.9464	24.8481	-3.06828
-1318.14	406.671	30.4655
1261.46	1171.93	-19.8186
-1263.79	-1159.62	48.8738
1085.01	-334.687	-11.2097
-1013.45	222.749	-10.6161
1208.17	1216.27	-18.8974
232.009	1270.47	-16.5717
583.239	-940.328	100.763
-339.101	-300.446	66.4159
-184.218	1113.51	-18.8787
-70.8469	-438.768	86.3542
1038.49	-196.53	-16.5789
166.487	201.433	-15.0891
-1496.15	-258.519	0.330152
-1244.38	-53.53	-7.33099
-685.782	-808.672	7.11817
-861.335	972.769	-10.2645
-1489.14	1010.63	20.2348
-806.502	-578.158	0.620997
438.411	439.916	-17.4706
525.19	-357.203	1.12288
1075.62	168.215	-21.1294
803.686	495.02	-19.5108
-553.926	-109.779	28.4474
1452.18	468.842	-25.3349
498.56	225.705	-18.3332
1254.97	-687.5	-8.27872
526.909	681.187	-21.1054
1470.28	966.048	-22.5974
-188.528	1287.33	-16.8787
-1341.89	877.031	28.8242
-852.786	-736.503	8.35956
-1056.33	-538.882	3.91827
1200.35	604.07	-19.1826
406.171	1335.14	-18.5794
-966.837	-1210.07	41.3609
-1363.33	-127.292	-6.81661
450.813	-1150.76	48.2649
-618.295	-269.014	5.04162
-115.513	-679.99	106.157
-360.91	-1350.29	40.4983
1019.15	-287.623	-15.3472
-429.638	-1212.84	27.4969
-1068.36	-65.9817	-6.12185
-352.127	909.253	-17.2998
-346.584	-957.538	37.6618
246.069	-1470.54	31.3547
335.371	630.639	-15.6346
1228.17	-1334.91	88.2854
-69.9184	-802.938	102.416
941.528	544.303	-18.0515
-621.658	-1193.98	18.3337
-1116.35	524.246	10.0312
648.661	1423.86	-24.0718
674.288	1174.68	-22.2091
-1111.46	-1192.91	41.555
995.291	-704.295	13.9307
-167.361	60.1228	4.57059
-1348.97	-1127.66	50.9028
-421.075	477.349	-12.6321
672.473	794.945	-18.7835
738.732	-1418.54	23.0416
-1347.6	1244.45	-7.31112
1349.13	910.297	-19.05
-839.111	1128.07	-17.8817
-385.132	-1456.12	48.7661
-874.07	862.54	5.02986
693.932	1410.29	-24.8706
719.472	524.365	-19.1482
1170.58	312.485	-20.1696
845.728	-116.8	-20.5769
1274.94	-225.356	-16.9027
120.223	-955.766	94.0681
1452.93	-458.682	-13.1163
-1039.03	228.245	-10.2812
642.835	976.623	-17.0391
-185.797	-561.743	120.015
-489.061	-603.001	19.9816
653.232	15.0667	-13.9385
835.357	-309.781	-14.1278
-97.0418	1034.01	-17.8018
-433.064	1365.97	-17.7061
520.745	1411.49	-20.4952
918.225	-77.7926	-20.551
1187.92	-1233.3	79.6545
1236.28	-1439.81	75.4936
-289.36	-272.721	65.5071
810.534	-682.337	30.3885
-499.752	-249.486	19.5624
881.54	1247.1	-14.4944
-548.556	-1320.08	29.7359
637.85	1314.19	-22.4375
-1493.41	-1247.09	54.0883
-504.341	278.368	-2.34322
-467.95	-56.8872	50.9065
229.601	-590.432	36.8422
-809.155	-772.517	7.11589
-579.136	837.272	-11.5501
752.68	1293.44	-20.583
-571.635	1304.74	-17.6104
-1192.84	-684.247	15.322
-816.468	1475.79	-15.6499
-307.645	323.219	-11.5176
788.058	689.629	-18.4077
606.266	813.598	-17.8943
-886.194	28.7809	-8.873
-738.523	141.72	7.79147
36.0765	-657.969	83.3232
439.504	-28.7451	-10.7451
-1.97285	-214.417	34.5914
-681.438	262.656	0.502141
633.419	906.437	-15.4168
25.8075	-544.903	73.0521
538.741	308.241	-19.3597
694.697	574.447	-18.3976
-1093.79	-88.1023	-5.68749
-426.189	-501.068	36.9078
1474.28	285.438	-27.176
255.923	-209.016	-0.591237
1290.4	-365.749	-15.2498
-680.762	-645.323	4.05871
-76.8153	315.978	-13.449
-753.259	-1023.19	14.376
-1488.04	-219.409	-1.10545
1305.89	-1481.2	72.4616
953.518	-1228.62	57.8483
731.199	-1325.67	26.8676
792.6	-116.321	-20.8638
576.524	-1458.2	23.825
880.689	-896.991	83.6071
1352.42	-752.018	-5.95358
75.6456	-299.841	39.1592
429.642	235.872	-17.3949
759.244	148.524	-20.6265
-1035.05	-420.27	-0.523117
112.324	-831.902	102.314
-603.212	-371.867	6.08054
518.174	625.774	-19.8639
459.829	-1011.82	85.4063
312.752	40.8974	-8.45559
360.063	-1182.7	45.4935
-405.147	-1015.39	28.2043
-794.938	-692.45	4.05699
772.996	1316.87	-21.373
-1060.76	152.835	-11.2822
-448.669	-1435.22	43.6882
-1489.92	-912.014	16.5183
-398.142	-627.366	39.2464
-85.9819	-102.42	20.012
210.905	53.2347	-9.54286
671.143	382.118	-19.513
-1347.93	1175.09	-3.51686
-980.734	-951.249	35.917
-810.03	-620.777	1.75294
-546.029	-1191.31	19.7502
-304.155	-447.241	86.2847
991.119	-168.833	-18.3151
-1153.56	1044.71	-2.62463
331.02	772.836	-15.0771
-256.176	1288.96	-17.812
1250.86	731.693	-18.6933
378.58	258.71	-16.284
920.197	-857.527	81.6596
-171.129	350.488	-14.1975
-315.548	925.308	-17.0445
-1333.9	-137.211	-7.00835
-955.441	11.5873	-9.38166
-573.528	111.163	30.3964
579.519	-1080.99	59.4674
1313.9	1440.23	-27.2158
-384.327	1189.04	-19.6267
-660.181	-669.512	4.93575
102.979	1142.37	-18.6348
1323.09	1320.63	-24.2181
-144.922	855.8	-15.8855
-306.12	-1463.12	51.2709
165.403	-476.885	27.2196
-1371.63	818.821	14.3744
246.146	-663.179	53.0293
566.569	1340.68	-21.2141
1395.35	-390.963	-14.7121
889.769	1201.67	-13.1125
-759.465	101.143	3.29439
-500.772	72.7924	35.4579
-794.012	295.05	-7.64099
395.103	868.299	-15.9882
-1350.8	-989.841	48.9678
1286.39	-1252.41	93.4143
-398.861	944.244	-18.1371
-1133.53	645.53	7.04082
-455.546	-1339.3	30.2012
1282.61	112.775	-22.3176
739.91	-1449.26	22.5382
-1222.9	-515.38	8.62847
282.472	-376.855	8.50911
515.144	-97.63	-9.18908
-102.982	-447.572	91.2108
-727.804	1049.72	-16.5242
-1263.22	-57.5569	-7.54901
-1105.79	-819.513	21.1008
1223.43	-1284.46	86.7197
-449.728	843.759	-15.4315
51.0568	1361.66	-17.4322
-178.457	263.604	-12.79
438.312	130.312	-13.3971
1370.2	1336.67	-25.0315
1052.38	818.329	-19.2684
460.85	858.289	-16.3279
-1177.92	-1145.02	44.3333
357.806	-1319.87	32.5701
874.22	-920.876	81.9972
537.863	-1317.13	30.4645
-820.655	1048.3	-16.1934
279.682	93.4862	-10.3864
798.729	-152.103	-20.2273
552.629	272.261	-20.0315
-813.788	-567.773	0.315917
-383.725	1332.81	-17.9731
-330.157	-665.196	60.1902
-1015.5	-917.233	35.1124
1484.07	1382.06	-27.9582
401.925	1174.54	-21.5329
1097.71	1098.27	-16.7925
-1301.73	-327.652	-2.95345
-165.538	-980.303	85.4827
870.503	1456.49	-26.4727
367.305	-1471.65	25.9842
269.741	-1305.23	35.4701
817.693	1060.13	-17.0097
527.488	-719.315	83.5033
822.641	651.572	-17.6585
118.398	-1110.95	69.1482
-537.837	-767.025	14.8365
163.046	-602.613	45.6033
-1495.87	-956.126	15.1484
379.3	330.865	-16.5822
-424.866	702.514	-6.72384
736.594	1012.79	-18.687
-932.65	-63.6688	-9.63453
1276.53	-1348.23	91.8639
-687.525	321.712	-4.633
793.459	-538.377	-1.4818
-820.017	1235.89	-18.977
-38.0245	-1247.34	63.9856
328.708	-1310.66	33.7299
-551.576	1440.51	-17.8472
548.905	-515.496	26.4081
-750.979	875.701	-4.65159
1348.97	1217.98	-21.5224
841.598	409.493	-20.4893
652.317	1348.64	-23.1148
120.633	631.101	-14.4907
1011.71	697.387	-17.2576
-179.625	-759.934	85.933
-108.448	489.052	-14.0018
-117.099	-991.106	94.8818
925.975	169.739	-21.5116
-388.542	943.538	-18.0706
887.232	-1094.77	62.9895
-1299.97	-761.957	32.2483
-894.723	1057.11	-15.584
33.8566	-96.9136	7.94215
752.821	322.734	-21.5497
409.779	117.273	-12.3162
956.559	552.348	-17.9603
1416.49	481.856	-23.5378
-999.676	-1313.76	50.9988
-945.483	-734.686	13.9634
447.106	244.713	-18.1329
91.4839	1241.65	-18.442
-1474.34	-236.821	-1.41849
48.8954	73.6788	-7.76761
143.122	1331.36	-15.6428
-1431.03	-879.43	32.9013
-376.717	-473.316	54.9756
1379.03	-390.224	-14.7198
-934.732	432.567	-2.17613
778.842	114.677	-20.31
909.774	-255.458	-16.6981
37.5465	353.334	-13.8324
125.874	240.986	-14.2636
-710.315	-556.695	2.96645
-443.874	-238.575	31.686
1022.31	-495.234	-7.02636
45.3537	-216.326	30.0651
233.12	1209.87	-17.8803
252.954	109.697	-11.5827
538.162	-398.437	4.85213
-762.908	1148.81	-18.3171
1429.49	-273.311	-19.8387
-768.648	893.919	-6.02992
-1257.09	-1029.58	53.3543
-612.756	-340.892	5.43801
-1411.29	-1498.17	121.388
110.37	596.15	-13.6181
-24.3401	-830.494	107.171
-760.404	-1226.83	25.241
1165.07	-809.661	17.2288
-939.525	30.6194	-9.21556
-135.15	607.581	-13.2419
-1220.57	33.1969	-9.87704
-959.241	692.262	3.73926
-289.253	117.958	8.30871
-101.599	-1383.96	61.2093
1267.77	505.044	-20.2114
819.203	1434.81	-27.1061
-912.546	-713.189	11.2075
-41.726	98.0586	-7.61136
-31.5746	-1385.92	50.6634
-425.663	-1009.8	26.0332
-1138.85	-1163.67	43.1864
774.904	56.3393	-18.4761
-637.479	-364.28	4.16474
-805.272	960.786	-11.6909
1271.08	1194.54	-19.9083
1105.25	831.575	-18.8572
-233.37	-741.655	74.933
891.435	961.115	-16.67
-854.952	-1377.38	35.5044
882.673	1110.83	-13.7486
103.302	1174.27	-18.6188
-119.941	613.644	-13.3007
-1035.15	-1118.05	36.0823
325.265	877.065	-16.8408
-1268.08	-75.716	-7.18468
-857.748	1048.94	-16.0258
1470.3	868.479	-20.6614
-1164.01	350.713	3.14954
1334.09	1143.14	-20.5755
1130.6	-11.0598	-20.0037
-769.793	-1187.77	24.4832
1018.07	54.2693	-22.352
258.413	375.57	-15.8509
699.756	170.302	-20.1387
592.641	696.732	-21.5725
-657.604	282.244	-1.73577
-626.326	988.073	-16.3914
-682.483	-1276.43	29.7448
-1468.21	-54.3529	-2.27355
-207.095	50.2584	14.2155
1371.6	-534.547	-11.7261
-670.363	-890.34	10.5727
-283.338	856.344	-15.3603
-568.072	-337.089	7.93683
-1049.04	-489.463	1.84415
-368.32	526.168	-12.1217
345.28	1473.13	-16.0483
-1405.75	-51.6081	-5.04677
641.481	-73.6414	-12.7646
-375.618	1318.53	-18.0138
21.0157	276.777	-13.8592
-690.508	1041.62	-16.7192
1241.48	967.276	-19.0486
615.995	-1219.89	37.1872
-53.3726	1195.82	-18.5182
693.925	1312.87	-21.6016
1465.04	253.835	-27.7161
-155.469	633.997	-12.6736
206.307	968.273	-20.0083
394.439	-1322.79	31.2682
1113.13	-1312.11	70.7168
-1030.16	-683.65	13.8283
-420.625	451.426	-12.2198
-312.126	-1303.54	48.4183
1307.36	-1017.64	49.7894
-951.496	602.806	4.83326
-862.251	141.495	-6.44915
343.851	371.904	-16.2052
-766.025	772.546	4.05833
-128.724	-643.698	111.356
-1250.99	-480.839	7.3593
805.049	-508.35	-5.01415
-341.156	1456.87	-16.7739
-1340.98	239.718	3.12092
1401.38	-796.064	-4.52385
-217.376	827.259	-14.2019
-868.709	-933.358	19.2998
-1301.55	947.394	30.3548
-1065.98	-54.9837	-6.14916
1455.6	1293.06	-25.2149
1431.45	-766.68	-6.23549
785.05	-45.3043	-18.1029
-1448.5	1095.59	13.2953
-595.357	499.188	-9.94533
411.085	-898.002	118.456
-816.425	-1313.68	32.1748
-1498.85	991.63	20.7289
232.451	-1014.15	83.2148
1433.51	136.983	-25.4153
625.575	-1375.55	27.3141
-1122.25	67.6644	-10.3783
-893.418	-560.669	2.00456
-1431.43	1137.72	5.44279
732.189	-157.801	-19.0984
1236.36	-118.809	-17.9367
-47.8948	-421.897	83.863
416.053	206.93	-15.4182
-988.89	1179.73	-14.9583
484.736	267.242	-19.2048
1167.21	98.945	-20.4157
-179.667	1287.84	-16.9827
-618.106	60.4842	22.3984
-1047.66	-583.466	6.38583
-1132.71	813.706	14.0039
-901.324	-946.535	23.4602
143.791	-250.638	18.9294
983.782	-1279.85	56.427
-1127.45	160.398	-10.135
-912.986	31.2727	-9.04237
-612.256	343.75	-5.67232
-61.0056	-654.514	104.272
533.559	1004.08	-17.8717
1173.47	-427.885	-11.7519
-1068.28	-861.06	28.4087
-613.185	-1216.75	20.9451
1049.42	-1315.78	60.926
760.761	1033.29	-19.0539
1109.96	782.941	-18.8611
888.488	-420.417	-10.8492
994.647	-1143.57	74.6312
-1183.19	1301.28	-13.0426
315.723	49.8706	-8.74183
-313.196	819.011	-14.5259
-1022.45	-1261.71	49.2081
-893.986	401.126	-5.7414
-1015.51	-1450.13	60.844
538.456	413.974	-18.5031
-1243.8	-555.777	12.0433
-99.9757	1145.24	-18.2831
-972.388	-26.8228	-9.66025
1267.83	-1116.78	79.6731
-744.913	-1071.47	16.6901
25.7755	1350.54	-17.8581
-1347.05	806.921	13.4816
-916.863	-109.133	-8.52003
1017.13	-159.541	-18.1416
986.817	396.367	-18.5544
-1029.2	274.807	-8.8339
1109.65	199.898	-20.9766
70.2185	-1402.25	40.7035
259.008	79.3602	-10.3976
825.903	482.049	-19.8455
368.152	551.567	-16.8436
-1320.07	931.237	33.5662
-1065.52	-37.4835	-6.3514
-3.77523	-1025.4	105.337
-1145.45	227.64	-8.98835
1151.82	-1405.29	66.0006
-254.835	-27.2606	37.3075
-423.886	1275.42	-18.611
1293.23	277.08	-21.9553
-1122.4	-484.742	3.65253
-404.973	-589.083	39.7748
113.21	-451.066	42.3908
-1383.69	-80.5601	-6.07309
-506.253	-903.036	18.7634
1181.2	-960.318	45.3073
-1172.63	-297.506	-2.45381
325.532	303.787	-15.3971
-728.914	-770.687	6.05093
801.628	-564.796	-0.64285
634.046	-841.88	91.158
448.632	1251.66	-21.2055
-362.277	812.342	-13.9456
462.743	567.111	-18.5564
423.546	1013.83	-17.5163
1164.08	-519.979	-9.31236
-984.683	-884.402	29.491
-295.022	984.689	-17.9575
-600.524	773.53	-6.18984
-840.595	61.8098	-5.32385
-296.343	260.093	-10.6511
-486.801	1035.69	-18.401
1462.36	1119.12	-21.6305
328.031	983.644	-17.2878
-42.42	-1056.49	104.341
-1097.56	1416.52	-13.8319
-422.864	788.918	-11.9364
956.924	1123.6	-12.5799
-718.55	376.831	-8.48307
-902.941	1211.04	-17.1308
-1338.38	-454.98	1.47335
932.903	1131.14	-11.7892
-941.574	-580.789	5.53241
1394.8	1409.55	-26.846
295.422	-559.397	27.1708
-94.6805	-207.661	45.1932
189.416	102.872	-12.3993
-972.575	325.722	-8.24384
-1259.47	-946.323	45.5401
-472.273	1049.95	-18.6691
768.039	1128.96	-19.3886
-357.275	184.146	2.46878
303.103	163.498	-12.3475
-1451.53	361.011	28.4162
-1163.9	-659.44	11.3125
-1166.95	430.497	13.7977
728.308	-157.7	-18.9338
-690.935	251.894	1.75069
-2.17331	-1493.97	44.498
-818.715	1108.82	-18.1273
14.5781	-998.119	102.732
1386.33	-196.745	-19.9929
554.332	884.515	-15.5257
1180.22	153.722	-22.0783
741.245	1422.08	-26.1155
528.809	-1111.45	53.1387
-299.206	-933.32	45.7388
-1096.61	-1101.17	40.6242
1052.09	-610.209	-2.35146
-189.324	-823.256	74.4366
373.503	-1128.65	55.5721
-291.121	-219.533	63.7729
249.298	282.387	-14.8258
-1036.7	187.152	-10.9633
-373.493	891.627	-17.5973
-379.711	-1341.09	38.0987
196.347	371.507	-14.6871
-526.554	-814.343	15.9632
-902.907	858.182	5.65847
337.956	-965.377	107.951
1392.89	551.843	-22.1907
1030.27	723.455	-17.8895
442.922	1042.78	-18.7318
223.301	165.999	-13.7165
-1056.65	310.301	-5.68879
1484.62	-552.576	-11.7436
672.345	-1094.27	56.0171
-1048.65	-1162.41	38.0049
-459.876	114.2	24.7948
-303.704	25.4202	36.5075
1453.87	-188.216	-21.529
416.223	1202.69	-21.7288
-1306.27	-389.787	-1.50637
780.158	1239.78	-18.92
-1129.3	-105.826	-5.11395
-527.672	-284.805	12.1678
74.7551	-94.2824	3.28023
560.532	551.845	-18.9443
1220.71	290.841	-20.8883
-239.807	-646.936	96.4146
1326.09	178.394	-23.6732
1192.12	-1244.77	80.9747
149.145	-1077.82	66.7112
95.7758	-1259.68	47.5041
-1126.41	1281.69	-14.9722
-1047.86	277.287	-8.16649
535.002	1185.68	-22.555
280.471	1179.38	-19.0783
465.239	502.27	-18.371
1478.51	198.513	-27.3883
721.65	695.843	-20.091
1337.01	455.743	-21.1357
258.954	-814.598	101.082
775.651	-253.342	-15.5156
-182.958	-205.107	55.578
562.395	-123.44	-8.57908
620.578	1024.71	-18.4915
259.16	-1222.7	42.6933
896.664	-1453.08	24.9828
-1362.23	629.689	12.1224
-1279.89	1077.25	4.21443
-32.2476	36.1499	-1.71312
-503.203	275.14	-1.93315
-164.112	287.006	-13.2926
176.07	184.352	-14.9362
-524.639	-376.158	14.6528
-126.779	-1392.26	61.8403
-204.951	-482.716	112.648
-256.562	-452.205	99.265
-586.242	-956.597	12.7245
-1305.06	1411.17	-9.66558
1129.6	-660.93	-3.51913
-954.683	137.145	-9.57427
-262.268	-1226.17	57.3815
747.509	1061.63	-19.6609
-999.439	57.6884	-9.35273
-166.577	-951.664	83.0003
549.752	-718.098	82.0727
-673.358	-768.457	6.15163
582.335	1401.87	-22.1812
-485.17	-1016.34	20.6375
-1377.14	1321.2	-7.40065
416.347	748.749	-18.1968
-882.84	1448.74	-16.1867
944.507	-1281.54	47.8289
295.722	-120.368	-5.9382
-932.391	317.105	-10.0697
-307.266	1062.72	-19.566
-40.6652	-330.391	73.7806
-1121.03	-1324.64	56.2047
353.522	-781.611	98.4083
-384.883	-906.997	31.5024
1458.33	1316.49	-26.0969
-118.51	-1299.24	66.6259
-317.716	946.005	-17.3964
-47.9553	-396.554	82.5498
-0.0183221	-1461.41	45.8202
-539.413	-490.804	14.1793
1339	-1207.7	98.2075
-469.657	1457.94	-17.1147
605.391	-748.542	82.5742
-251.228	-1035.28	63.7664
-492.438	230.185	3.97677
-1393.01	-1170.18	47.3361
892.655	-183.558	-18.8569
155.457	-395.186	30.5778
-561.379	-1003.54	14.8771
-1217.88	-1457.75	90.4711
-482.151	-1344.89	30.4874
-1055.83	680.608	5.57796
-1225.34	-522.723	9.13433
-13.9696	-1060.09	102.497
935.53	944.568	-17.2754
1230.65	-417.124	-13.9657
1015.92	1262.83	-18.067
-1490.7	-32.2652	-1.57157
-1377.11	-1045.58	47.1647
1246.89	1332.61	-24.1668
-694.993	-1243.76	25.4958
-48.6609	591.515	-12.5331
-447.097	189.373	8.96593
1081.33	634.407	-17.3261
-1120.25	1031.46	-3.51343
1043.18	608.822	-17.4461
-1342.39	829.413	18.7699
-62.3706	-1258.82	66.2321
1494.41	-1193.5	70.0408
255.229	821.143	-15.8142
-442.069	-594.588	29.8117
277.847	242.896	-14.8774
-906.644	-1475.69	45.7238
-691.044	1391.61	-17.888
-673.398	702.71	-1.85023
880.811	-1279.62	38.0932
563.37	-40.0186	-10.9431
-740.419	335.869	-7.82501
-5.5042	-612.84	87.9156
-824.027	-418.507	-1.6533
108.567	-1300.16	40.6944
-600.58	-294.116	5.58919
-465.046	-111.873	43.964
406.344	1371.03	-18.2641
-446.125	-395.52	31.2162
-670.266	-172.664	3.36938
304.466	1059.39	-18.3691
-1431.89	-1483.48	119.604
1470.42	-412.332	-13.6914
-970.78	711.195	3.56642
1391.59	692.67	-20.7014
-200.96	-1168.16	75.8932
419.474	-848.79	117.407
1010.05	-282.974	-15.7395
1354.03	-1261.38	100.298
-894.654	269.178	-10.453
-906.458	-870.558	19.3581
1048.61	850.098	-19.2054
1174.53	1240.26	-18.7672
669.861	-400.778	-0.212958
44.799	-194.085	25.5307
-57.1976	-1350.34	56.2233
-29.6024	738.579	-15.2571
-228.205	-705.616	86.529
-720.492	992.881	-14.6928
-630.945	-1395.19	45.9396
773.901	-211.408	-17.2007
-265.316	-918.704	53.6509
-1263.77	-75.234	-7.11866
-1296.11	-1375.86	76.0659
516.159	-619.941	55.9591
550.578	-1200.66	38.1916
-842.616	613.038	1.35664
1132.82	-1333.83	70.3899
716.848	-407.069	-2.44245
-1317.6	-554.522	11.5581
224.356	-1317.4	35.9483
113.166	65.1991	-8.72451
-272.141	748.98	-11.9887
348.323	-887.56	120.555
653.726	351.261	-19.8731
-1163.63	1185.97	-9.66242
-1289.13	468.623	33.7728
76.4357	1309.45	-18.0546
284.908	84.8963	-9.98186
-1269.85	-304.988	-2.72846
-649.926	1183.67	-16.8804
622.548	984.399	-17.1987
144.258	1174.86	-18.5374
-934.655	613.454	4.66096
875.012	-476.615	-9.3203
787.243	-17.6124	-17.4704
1442.38	-12.6143	-26.4747
-1261.54	274.222	2.02981
932.088	-561.163	-4.24866
-708.155	-555.581	3.08936
-720.799	164.589	10.8086
252.276	-131.819	-4.33391
669.159	-1163.59	41.0687
791.501	-255.77	-15.9346
-1224.13	-712.086	20.1434
-913.159	-1032.28	30.3707
1027.87	1029.64	-15.7644
211.801	-346.56	15.3828
-467.749	-492.455	27.0004
-1050.93	290.887	-7.21621
239.878	-1365.71	34.0389
-73.7045	1174.61	-18.213
-391.505	180.599	6.00505
646.653	-341.337	-4.92683
71.7526	830.432	-17.2703
-291.846	-88.419	57.6696
-926.53	-175.334	-6.80584
-577.753	931.935	-16.2356
403.366	806.713	-16.4367
604.892	243.778	-21.095
1077.25	-886.812	54.2655
1349.44	-1024	41.8424
-989.593	1030.59	-12.0927
1005.15	1492.86	-25.8839
-742.947	219.034	2.02675
441.001	-90.99	-8.8845
-756.347	-53.457	-1.29651
-1196.44	340.644	3.87387
-33.4873	1006.34	-16.7019
1294.26	-589.624	-9.46801
985.388	319.726	-18.756
-1392.17	-718.392	29.2685
342.191	211.032	-13.6257
522.356	-934.13	106.27
13.2835	-457.609	71.9272
1488.74	777.002	-20.9841
41.6584	572.152	-11.8443
-351.108	-726.925	44.679
26.1224	-993.62	101.33
-939.198	-11.2253	-9.43752
1422.33	1355.64	-26.3475
340.594	546.735	-16.3405
227.882	-452.282	19.9362
-1147.95	-559.801	7.30823
-513.707	-1432.86	42.3311
675.912	-376.972	-3.22237
-1333.1	1456.52	-9.4626
1476.98	-1405.77	85.2951
1281.73	-969.483	33.9795
-1337.37	-652.271	23.0553
-454.262	1449.75	-16.9699
628.33	-686.195	66.4244
-1071.25	196.371	-10.4471
-891.354	652.171	4.64134
-444.958	1277.12	-18.5188
-1017.12	-491.393	1.54392
321.39	1353.23	-16.1589
1338.23	1234.87	-21.5111
1279.33	1155.91	-20.0249
990.817	-407.793	-10.7437
-771.568	-273.648	-3.64366
-424.245	-865.369	26.2504
1252.13	3.60722	-19.2743
57.682	-822.973	104.149
-657.175	-1460.98	53.3828
1482.55	-1198.98	75.606
478.386	-535.544	29.9417
662.418	-774.734	78.5707
327.382	-420.299	10.3401
-725.832	382.486	-8.41836
-870.497	-1004.91	23.0653
1337.04	725.568	-19.8752
-850.811	523.448	3.11043
-409.055	-749.753	28.8499
1304.07	1046.01	-20.1382
-410.786	-140.454	51.6771
1116.18	21.5404	-21.0248
837.363	1124.56	-15.8317
910.564	87.5859	-21.9264
1202.44	-1270.31	83.707
1450.7	-1036.23	21.9708
-1096.8	246.65	-8.9798
1477.18	37.7148	-24.9653
388.997	517.746	-17.4041
216.66	-930.779	100.03
-174.701	1473.53	-17.5806
412.359	-260.684	-3.26318
434.427	1046	-18.7495
1342.62	652.134	-20.2885
-640.251	421.454	-8.586
1141.1	-732.541	4.52394
1116.2	1128.49	-17.4587
-412.031	265.051	-7.44021
621.822	534.279	-18.3063
1316.78	-247.398	-17.5859
-255.543	676.966	-11.6367
-1461.9	-1091.6	31.8115
826.305	-607.484	5.91497
-830.014	1451.39	-16.0417
869.492	-83.5147	-19.7037
-20.1882	-994.576	105.517
938.824	767.674	-18.5406
833.346	-187.277	-19.0592
-740.157	-1249.91	27.0039
192.48	-709.175	66.2057
639.522	1160.55	-21.9035
-442.671	155.39	15.7771
1143.15	1436.23	-26.2058
-1023.51	1220.13	-15.4024
-1024.45	363.214	-2.11724
-1019.95	665.181	5.21425
-431.133	-1232.1	27.7085
807.538	367.666	-20.6991
-1008.12	-164.357	-6.82748
-6.19893	971.572	-16.3803
1228.23	-1247.3	85.6406
-638.981	243.095	2.65592
371.292	-425.662	8.74146
-1103.96	1376.25	-14.4209
-298.985	1385.54	-17.4594
-410.139	-802.189	29.2549
76.039	-1114.16	77.9951
-141.111	-1027.47	94.9796
482.965	-832.219	111.085
686.851	-687.735	55.3813
1042.24	-607.673	-2.07311
-895.847	297.498	-11.2335
641.357	763.909	-19.8186
-537.546	1374.91	-18.7492
457.24	517.961	-18.5902
-1322.26	1344.79	-9.57432
1320.77	-1054.57	59.0497
746.202	1197.68	-20.4651
-50.6513	-1228.69	68.1569
-1100.61	311.631	-4.0647
443.936	-589.501	45.4858
1175.7	-264.415	-13.9982
-1289.5	-1403.01	82.5409
1434.43	861.019	-19.774
-367.389	293.929	-9.88266
-546.915	-754.02	14.0292
-685.919	-1204.64	20.775
1399.33	468.032	-22.678
449.09	-661.819	66.9218
-995.319	-141.947	-7.41245
398.46	66.5721	-11.4333
1361.17	-956.02	13.6717
-698.228	109.555	12.884
1419.95	669.796	-20.7993
861.352	52.6693	-20.6737
83.2678	-237.123	27.6048
-450.442	-918.253	24.0297
318.477	24.9092	-8.5598
-1353.66	-1369.23	76.5383
-730.089	-441.172	0.94335
-97.9523	-49.3789	12.3709
641.281	-1367.48	27.8387
1210.74	-211.548	-15.6498
-1141.09	707.217	6.84256
-1380.77	-774.968	34.0477
227.405	38.7952	-8.51883
-291.905	261.685	-10.8059
343.469	-1170.65	48.607
-40.5941	1401.17	-17.4285
-1323.26	1199.01	-5.7456
969.606	-637.635	5.25275
-1019.83	-1395.68	58.3042
394.161	-199.285	-5.26581
-620.992	-185.124	9.62759
-647.069	-289.54	2.84954
5.92291	655.515	-14.057
1079.54	1143.06	-16.4371
1097.18	-433.783	-8.56779
-44.5364	275.595	-13.74
1348.62	1165.34	-20.6721
-935.719	1479.11	-15.655
320.827	127.69	-10.8422
1484.76	1355.7	-28.0605
923.388	-498.664	-7.85812
-321.544	-1124.19	45.679
-653.243	995.585	-16.2292
-810.448	208.966	-2.76735
472.079	1026.57	-18.5105
-638.404	-1195.47	18.6683
-889.568	1030.81	-14.7543
-1153.12	1321.11	-13.8247
-1454.05	-1061.5	29.9534
-577.51	284.094	-1.77297
1338.86	-936.037	12.5765
421.653	843.949	-16.4207
-96.7209	9.55699	3.75706
682.29	1284.47	-21.6667
-14.7102	182.841	-14.4157
-68.1392	-598.198	104.26
879.639	181.441	-21.7362
1158.04	-525.931	-8.95969
-688.27	-245.225	-0.110421
-1286.96	-139.405	-6.28219
73.7604	-1130.07	74.7398
-587.86	1064.23	-17.8962
760.479	425.887	-20.2087
-369.29	-513.242	56.8549
-511.094	1432.63	-17.6401
1157.13	-728.52	2.4024
863.171	-1221	43.075
1361.72	-758.609	-5.98798
516.658	576.927	-19.0365
-17.5866	1266.53	-19.0298
-476.285	456.838	-11.7794
648.406	944.287	-16.0201
930.961	1424.3	-25.66
-797.569	379.458	-8.80811
811.779	479.804	-19.9436
101.176	1180.84	-18.5904
-231.886	853.617	-14.8256
-392.973	239.643	-5.66623
-161.44	-367.46	90.3245
-289.587	-400.744	86.321
852.099	564.202	-18.0621
1313.62	-572.45	-10.2007
-1104.5	-987.925	44.4072
525.902	-329.898	-0.73934
-544.504	490.916	-11.8209
325.739	1105.33	-19.0177
602.515	-769.104	86.7848
1333.57	-686.918	-7.1523
1090.91	-686.096	3.17808
-586.539	-210.186	13.5947
-815.041	-1002.18	16.9742
-1029.39	-853.003	25.8951
995.891	-115.906	-19.7933
-625.382	-1338.31	38.4057
-2.97391	882.38	-16.2239
-534.932	1379.97	-18.7952
962.485	-577.785	-3.28054
-908.589	518.708	3.05727
-1173.98	1066.03	-3.46946
-860.593	-1152.13	32.3967
-1417.63	-623.95	20.3449
490.312	490.887	-18.144
-452.824	-712.835	25.0113
-1213.11	-1267.27	48.8112
535.419	-834.367	106.217
-1086.76	-967.047	43.4184
-904.349	-1139.56	35.4584
1216.18	1389.57	-26.7346
-868.392	-997.884	22.8519
976.562	-1170.26	67.6204
739.676	665.105	-19.439
399.929	-307.568	-0.858275
-98.5937	-1191.57	80.8908
245.991	628.057	-15.9735
160.907	219.581	-14.6454
-1242.47	-584.611	13.2795
-981.793	1050.03	-12.7289
-46.8383	694.661	-13.8926
820.273	1435.08	-27.118
-95.1424	946.841	-17.3282
-605.911	500.182	-9.55811
-434.058	1067.33	-19.0112
562.513	-1490.07	22.7541
1040.32	757.372	-18.4881
-455.652	1162.65	-19.1853
-1256.33	481.036	27.6556
-103.954	-415.461	88.2573
-55.3022	1318.71	-18.2701
-732.311	634.781	-2.43029
-202.113	-301.712	74.5258
238.32	-1482.7	31.6686
982.652	-184.222	-18.1451
-1445.66	-523.388	4.91176
672.136	1138.63	-21.7876
-1048.65	-536.117	3.6936
1483.07	1435.05	-25.6892
-1251.14	226.248	-6.73319
-947.921	-407.482	-1.99453
-1304.78	-1414.28	85.8815
237.778	188.449	-14.1392
-598.779	-66.9249	22.7614
462.354	-323.223	-1.69777
1427.72	1455.42	-25.2142
-1116.2	-760.682	14.4973
1170.06	-477.089	-10.2613
-900.712	1087.88	-16.125
-64.6063	1037.48	-17.0807
-213.872	1048.93	-18.6177
-1402.12	1150.05	1.03654
1274.39	1362.06	-26.7104
31.5719	-664.846	84.7692
-1268.74	32.4031	-10.1723
691.033	688.099	-20.8978
-905.388	1378.23	-16.3642
-1312.21	698.607	7.58068
-478.217	692.935	-6.58393
420.857	45.3692	-12.1161
-589.735	1431.85	-17.4638
-620.727	461.707	-8.81057
-383.857	387.138	-11.7142
699.288	287.267	-21.8597
-1359.87	1139.43	-0.0341195
-363.473	1200.63	-19.6033
-786.139	617.738	-0.455328
-300.394	382.095	-12.7481
-1284.93	678.644	7.50771
1298.82	-1428.44	86.8439
-297.219	1420.05	-17.3247
472.922	-999.303	90.2229
-750.267	1310.56	-18.3054
1464.87	-341.748	-16.4634
588.299	-568.745	33.8998
1397.1	74.6494	-24.1383
-156.856	-1393.76	62.4923
302.5	-1400.27	31.0086
-1348.15	1209.65	-5.46496
-145.1	672.671	-12.2243
-759.783	-418.305	-0.0789383
-1344.36	771.598	8.78561
-1362.8	48.189	-7.73193
56.4552	474.413	-13.4252
2.62593	654.452	-14.03
286.698	-89.1579	-6.89346
220.071	850.561	-17.0693
-706.421	32.7987	7.47336
1367.62	-614.686	-9.26493
-1237.9	822.746	17.8581
1095.26	638.572	-17.3242
499.631	-653.815	67.3416
577.382	-464.336	14.679
185.836	-1014.42	78.6494
-129.064	-1190.95	79.7187
876.859	557.248	-17.8462
919.541	415.607	-18.7995
-1273.89	-400.937	0.662828
429.327	573.116	-17.9296
-779.96	489.291	-0.880277
-206.494	-335.212	83.9978
-1339.91	266.81	6.43747
1279.59	-800.781	-1.09223
1223.8	65.8517	-19.505
-1345.68	-1105.48	50.4949
871.834	507.317	-18.8994
1111.97	392.392	-18.6642
-982.874	-1402.81	52.7377
-1105.47	1015.1	-2.27451
-988.552	488.343	4.24607
-1238.83	755.492	8.76637
-883.515	1399.93	-16.3851
-324.336	-284.583	66.4971
1361.67	-1317.91	97.4006
300.407	-560.93	27.3751
-72.6173	-1009.4	103.101
-14.6466	-291.51	59.6185
1223.52	597.939	-19.9207
-141.226	1000.3	-18.1016
-432.659	418.672	-11.5845
1226.07	-484.966	-11.9478
-1175.55	932.137	13.7782
-1468.56	504.247	49.7292
286.85	-440.88	14.2133
933.749	1014.14	-14.6384
317.923	333.192	-15.601
794.831	-540.194	-1.53942
-961.938	-678.733	12.5669
386.674	-804.786	107.63
918.554	973.38	-15.9691
-1257.7	939.637	25.4316
885.616	1144.05	-12.5558
-554.233	-690.125	12.7916
78.6501	-646.645	71.7669
1161.89	1266.55	-19.0182
1042.02	824.084	-19.2318
-807.391	980.36	-12.8622
162.605	-1034.39	72.5506
1079.97	1458.46	-26.3225
229.157	-911.922	104.275
-1322.85	261.506	5.15671
-101.877	335.282	-13.6662
35.0763	55.7625	-5.65225
1080.81	-360.075	-10.5576
-1228.55	-227.376	-3.82029
507.93	1175.69	-22.4232
919.044	-10.8147	-21.3154
-1204.2	-871.018	32.5685
-480.815	1001.97	-18.3583
265.14	-400.816	11.6776
387.735	24.2399	-11.0695
-888.19	845.958	6.44852
-410.434	-703.167	31.2388
-1202.36	-250.211	-3.814
-910.699	-169.971	-6.98431
-124.381	-1316.13	66.7015
-310.788	-793.838	46.3397
-237.716	186.298	-6.14585
1376.66	-768.655	-5.76274
-671.308	897.826	-11.642
444.563	-57.2521	-9.92806
-481.452	769.587	-9.90293
964.039	378.258	-18.899
1209.76	1138.48	-18.91
-348.282	816.485	-13.8807
-716.23	-671.861	3.73078
1343.96	-1488.83	73.3026
592.239	-724.464	80.3571
-1204.69	-971.641	44.6391
411.15	-312.053	-1.13002
-566.241	1359.26	-18.0758
-167.849	276.354	-13.1006
-1218.96	129.946	-10.4973
-998.862	376.986	-2.83387
-952.142	-28.8638	-9.68125
328.366	-1177.1	47.6151
605.059	-1001.33	85.2961
-498.419	913.745	-17.4464
730.867	-6.14525	-15.8761
341.963	-678.901	61.2465
-389.128	-498.735	48.0578
-1088.29	93.4857	-10.6323
-1155.56	990.487	6.08576
872.558	1213.34	-13.9638
144.895	-1091.4	65.9931
-366.983	794.455	-12.8699
775.524	452.993	-20.2786
-569.298	-1242.54	22.8056
705.596	797.075	-19.0818
1403.72	1347.74	-25.7503
-1208.15	473.485	19.6802
-1142.75	437.006	11.6272
-1365.03	861.618	24.6122
-234.759	-110.15	47.1621
1130.03	417.663	-18.8163
689.806	842.884	-17.7097
616.946	-1175.33	41.3967
-1110.01	-1369.54	63.8566
722.484	768.166	-19.8587
61.4772	1257.02	-18.5454
-1380.11	951.337	31.1291
-1385.95	-311.424	-3.29391
-1481.78	185.093	-1.79311
-1047.89	-979.893	45.2631
-28.2949	-584.582	92.191
938.182	-852.724	76.136
1206.24	-219.859	-15.3882
-651.758	266.134	0.0471732
-253.695	1492.07	-17.0764
1176.68	-149.744	-16.3253
265.349	664.343	-15.8613
1299.89	-980.382	35.5435
-1312.03	707.143	7.04522
1047.86	441.639	-18.6243
-1142.25	438.487	11.6648
1403.21	1079.76	-21.5412
1304.2	730.484	-19.6382
813.332	51.8035	-19.4176
-1471.06	-761.518	16.6016
-1075.51	215.936	-10.0737
388.123	999.912	-16.6476
-81.0424	441.998	-13.2012
-989.764	334.486	-7.0232
1473.19	-438.747	-13.1693
-1115.39	1155.84	-10.1265
-1318.51	-1409.75	85.4165
-1176.47	-1162.33	44.2846
1036.37	379.398	-17.8633
534.449	123.221	-14.8678
927.729	1451.45	-26.774
437.119	120.046	-13.2498
727.194	-440.966	-0.731903
-1235.46	-1378.55	74.0649
93.8226	-272.172	29.4761
1010.11	148.201	-21.3317
756.659	-413.787	-5.36852
-814.374	-678.1	4.62479
884.279	-1378.13	29.7625
332.317	-930.668	113.547
1362.4	-779.079	-4.61862
-642.722	218.295	5.59383
-757.434	-1.28367	0.387439
-463.234	-353.62	24.901
-451.58	1062.67	-19.0216
541.004	29.386	-13.0478
922.676	584.241	-17.1274
996.689	687.141	-16.971
-1295.36	1317.05	-10.1725
-56.3929	258.916	-13.8118
-628.354	-167.326	8.77924
-1167.92	-756.714	17.8607
881.144	-667.939	16.3667
1015.61	1245.58	-17.3164
-465.675	-938.768	22.8354
-1411.71	154.46	-3.82094
1015.93	390.68	-18.1037
-1204.41	715.319	6.95794
-1145.68	-326.271	-1.70238
-960.037	1128.09	-15.0223
1037.74	189.098	-20.6675
-599.281	-380.611	6.49648
-147.602	-929.928	85.1193
1030.98	199.073	-20.5546
442.968	409.607	-17.3831
384.284	588.181	-17.0206
841.361	335.333	-20.7831
1070.47	-1148.87	70.8519
-594.1	-862.792	12.3676
-1185.85	305.244	-1.21071
164.264	229.487	-14.426
1089.74	897.287	-18.5395
1324.71	-140.299	-20.3993
-900.445	285.829	-10.9754
337.301	31.5864	-9.2379
-656.176	1263.28	-17.218
-689.422	1379.66	-18.1699
169.992	-977.225	90.1808
-810.849	-511.011	-0.954339
-108.331	-1223.13	75.482
217.464	102.289	-11.9148
1426.67	-1249.48	98.9339
-515.28	1343.47	-18.6713
-1277.66	-454.007	3.94931
458.667	-203.059	-6.16954
1184.14	-594.616	-7.5729
-945.661	1061.54	-14.0563
1053.34	1375.59	-23.397
-370.605	-232.759	49.0722
-1032.58	-264.166	-4.16818
-555.296	57.3795	35.0164
-579.304	382.039	-7.76581
-41.2916	-136.574	22.9918
159.485	1490.06	-16.2572
-324.45	-1294.68	45.8554
514.94	-441.767	11.2079
72.419	330.552	-13.4217
-382.64	-1247.26	34.559
1047.18	558.559	-18.0139
455.681	133.832	-13.5541
-1497.98	-988.877	15.9223
-901.08	-964.125	24.842
309.586	-1257.84	38.2025
1184.8	1271.51	-19.3847
564.379	-241.028	-6.08149
108.321	1126.43	-18.4963
421.143	1030.29	-18.0372
-751.169	-307.957	-2.16377
-162.412	1271.51	-17.0959
509.778	214.103	-17.8877
-1268.11	189.628	-7.4786
-449.27	954.601	-18.5132
-1343.85	-29.7084	-8.07911
871.188	1406.73	-24.8128
1165.34	228.293	-21.4856
1127.32	-696.846	1.66716
-30.4289	-1169.4	77.1702
1141.36	173.321	-21.5436
654.96	-918.372	95.5766
-1352.98	-1225.46	50.6783
802.451	-359.134	-11.8514
962.039	-462.313	-8.96698
1107.58	1414.76	-25.6583
-586.564	-1414.17	43.3242
-1471.99	111.363	-3.74217
1078.77	252.961	-19.9199
203.705	161.442	-14.355
-405.997	-1290.43	32.1256
409.619	-1188.49	42.3153
190.846	-399.89	21.187
-502.033	121.709	26.1753
135.787	249.967	-14.1343
1347.96	1148.5	-20.7064
-289.176	625.435	-11.7698
-765.46	-1277.03	31.8266
-947.137	-610.916	7.29136
-1457.83	-693.8	17.9932
-398.409	-265.113	44.6833
-716.162	859.782	-3.53585
-7.28836	1139.04	-17.9302
395.502	1281.77	-19.8148
-10.4292	-790.953	103.206
1185.39	132.039	-21.6881
-1408.55	-21.5307	-5.30007
1302.15	-936.125	19.8775
1119.91	325.634	-19.2778
863.073	63.1702	-20.8871
698.859	-1119.56	48.0579
344.914	1153.6	-20.7327
-850.465	315.679	-10.8456
239.197	914.182	-18.8715
526.41	-1214.49	37.2208
-741.947	-838.423	8.57909
328.709	674.834	-16.2267
-1004.12	-298.105	-3.04813
-1362.4	1039.67	17.9647
1131.14	-1376.03	66.3487
473.415	326.475	-18.099
-357.066	-1246.18	39.425
199.265	1224.87	-17.9689
-1206.16	-132.717	-4.78185
-313.492	-582.659	79.5205
50.2822	1216.14	-18.3605
-271.566	-195.671	62.1005
551.071	1084.89	-20.447
-1290.2	-157.7	-6.072
621.744	999.079	-17.6691
459.571	-804.792	107.402
-990.436	-1385.6	53.1448
856.869	-1278.59	35.0292
-807.878	-1106.79	24.1301
-1235.39	784.589	11.3809
-658.451	-728.437	6.09989
-1230.51	501.07	21.9738
-894.051	-834.651	15.9456
-1291.29	959.009	28.4203
767.105	1026.77	-18.8152
412.078	158.231	-13.4487
-855.938	-1221.66	33.7127
-709.55	865.781	-4.77872
337.266	-1431.29	28.6758
548.178	144.722	-16.021
-947.424	653.667	4.14459
729.142	30.9435	-16.5112
1050.66	-187.839	-16.4859
1390.09	604.053	-20.7269
-860.077	331.298	-10.5403
920.111	1096.74	-12.0836
1119.06	1387.77	-24.9434
1021.17	1281.4	-18.8385
1407.69	1360.29	-25.9317
557.983	401.618	-18.7038
1377.52	-284.802	-19.017
-1179.65	382.373	8.94637
-536.52	-771.078	14.96
-1420.47	1467.06	-7.49937
-1385.9	-467.279	2.65739
-960.766	-44.8824	-9.56688
614.27	549.638	-18.4724
80.6533	-1255.93	49.7452
-712.92	933.748	-12.4797
-1383.59	-1339.41	69.7349
1212.14	671.955	-18.6941
516.166	485.067	-18.2872
-1142.5	-894.941	33.1261
1304.68	-144.08	-19.7565
-516.388	-259.859	16.3199
-758.89	-363.623	-0.92119
-929.848	344.824	-8.09116
334.872	-380.971	6.38588
-195.28	1202.32	-18.0614
-1323.9	-1311.02	62.5472
301.732	1185.43	-19.2252
-889.955	-726.327	10.4744
-1239.85	-1219.29	45.8511
-726.525	-1060.27	15.6673
1064.29	200.845	-20.6809
771.887	-291.34	-13.8564
-1432.11	-1278.05	59.4784
-899.239	501.731	1.34612
551.004	-364.828	2.12637
-708.456	766.047	1.64788
1081.69	86.1056	-21.9367
-1492.28	415.206	47.2625
87.3014	-1025.99	87.8726
-175.313	1092.59	-18.841
-1107.24	-929.684	39.5766
640.907	-55.7489	-12.822
1307.18	728.527	-19.71
-1302.26	923.122	31.6383
-397.658	-86.7968	57.8207
1181.66	1077.27	-18.3403
-1272.9	-875.821	41.866
-990.386	-360.978	-2.3524
630.708	1005.49	-17.9165
48.0522	-959.554	99.5408
482.406	-260.997	-4.15317
1280.52	1104.17	-19.9821
-685.17	639.228	-5.80536
-844.181	33.341	-6.58644
-588.339	1131.51	-17.8526
-825.08	-311.316	-2.76628
-1394.65	-1037.48	43.1251
520.434	-1411.45	25.7558
-427.959	-1173.41	27.4517
150.404	237.276	-14.3076
-343.76	538.941	-11.6973
398.974	1077.14	-19.2612
-797.612	107.072	-1.17814
-1338.51	47.1527	-8.61866
-399.763	172.5	8.47974
1020.85	94.2378	-22.1343
1040.19	157.418	-21.1116
1038.16	1070.81	-15.3861
1277.61	-1439.86	82.3916
734.983	-1069.14	62.3549
-732.827	807.298	2.99972
923.281	766.179	-18.56
-790.152	-1416.9	46.5338
-490.194	-721.299	18.1975
-1141.3	-73.0312	-4.64865
-378.577	1048.22	-18.8682
-1456.56	-733.101	19.1699
491.664	435.501	-18.0763
-601.387	287.356	-2.157
-1125.11	639.932	7.02321
271.076	-1040.31	77.7808
451.904	114.6	-13.2633
82.5728	870.953	-17.6881
-470.648	-1079.05	22.1049
510.282	926.269	-16.1887
-624.991	-806.618	9.28486
1168.03	1479.8	-26.8087
712.688	699.799	-20.3163
-774.517	-429.621	-0.577812
-1201.19	479.699	18.8868
1483.91	879.148	-21.2702
1170.91	-1231.7	78.8331
-1495.15	-1354.98	88.4814
1091.95	-1292.85	70.6061
-1483.58	-358.71	1.165
770.453	-196.023	-17.8623
-498.077	-878.78	19.3433
-916.817	1118.62	-16.1039
-137.812	1263.72	-17.6104
-830.837	-110.006	-6.95208
-865.454	-1176.44	33.5856
-331.817	-33.4524	51.6402
688.234	1343.6	-22.78
662.122	1351.38	-23.1832
-1226.08	-592.567	12.4726
-361.299	80.6022	25.0439
-631.522	219.1	5.40697
1051.21	-379.809	-11.0952
-253.367	-1459.52	53.7455
802.135	1478.84	-25.7614
809.203	-946.702	82.7638
-1496.71	207.172	-0.457248
353.331	-1470.15	26.3935
-1167.24	-844.345	27.3217
1114.38	730.961	-18.1522
-141.052	-685.97	105.138
-628.814	-428.157	5.24872
95.2971	-408.457	45.35
1339.58	-1217.41	98.6404
764.02	1195.33	-19.2122
-17.7016	1276.81	-18.9104
-387.927	-0.788865	47.55
950.438	440.584	-19.0415
-513.938	-715.07	16.0847
238.101	-990.423	90.8567
950.659	-391.277	-11.7494
511.822	-732.201	86.6523
711.766	-1145.56	42.9982
-1155.67	-478.882	4.59137
359.05	1179.08	-21.0298
-68.5317	1384.32	-17.6386
-1078.2	-1037.3	43.1267
777.317	-467.563	-4.46245
-1300.5	-1464.52	95.1162
1123.86	246.235	-20.4744
-621.515	584.2	-10.4467
1288.18	725.531	-19.6352
783.255	788.692	-19.0063
-963.311	-1227.65	42.4525
958.81	-559.16	-4.41035
739.193	-219.609	-16.1189
-840.544	336.481	-10.211
928.696	-1085.38	67.683
-740.08	-1094.49	17.8048
-1121.22	-1096.03	42.542
-648.613	266.992	-0.0570019
-51.2076	-843.177	102.711
-377.112	312.709	-10.0778
96.1344	1109.1	-17.8767
-1024.86	1227.06	-15.6353
-161.771	917.8	-16.9409
563.592	-276.597	-4.83352
-948.75	290.458	-10.3395
-1205.8	71.5996	-10.3885
-426.408	-1100.97	26.6676
-688.747	732.877	-0.296341
-1465.45	-617.107	12.0688
-468.618	606.64	-10.8008
65.3319	-190.626	22.6994
-549.437	-298.545	9.23691
-127.14	954.759	-17.5163
554.154	-1344.77	29.0526
896.822	1288.81	-16.8779
-1418.5	1201.84	-2.95026
-1351.75	-485.146	4.12292
1239.05	-1427.11	79.4259
1356.57	1317.01	-24.4003
-1030.47	165.357	-11.0198
578.758	320.178	-19.5063
-619.697	-273.021	4.7093
-205.99	-1097.91	76.5991
-1387.59	-1197.11	48.0651
1473.42	-1143.1	54.6116
-537.478	363.957	-8.08437
1323.9	-1464.75	79.0187
-689.083	-1166.12	17.4935
189.446	-97.673	-0.0573334
-696.598	-815.622	7.14493
-1404.9	490.074	45.8644
-1224.02	24.9816	-9.78624
354.469	1368.88	-17.1348
294.456	1491.41	-15.9619
-285.766	98.9713	13.3052
-1411.47	-715.085	28.5509
-9.59646	-1382.78	48.8
1096.21	953.362	-17.8136
801.62	420.157	-20.4947
1295.94	831.09	-17.7338
844.159	110.744	-21.4267
-613.491	-395.57	5.76058
-1123.21	-122.797	-5.42658
900.923	-545.779	-5.14986
-765.073	839.769	2.2069
501.413	-695.368	76.7894
15.2654	-922.043	104.681
1212.42	-990.943	51.1518
795.31	-1075.02	61.2231
-1009.58	-732.274	16.1352
-1150.16	1176.78	-9.55795
283.602	727.053	-15.8809
1053.04	-1435.26	40.1706
-1328.81	-6.5873	-8.73451
-1472.52	1142.31	8.37707
932.889	831.94	-18.823
1049.32	-919.186	63.6069
286.34	324.397	-15.2439
793.613	-1191.22	39.8183
-764.943	-496.575	-0.0775337
-1455.64	-1127.68	36.4521
809.592	-1252.33	34.4123
418.508	-1300.82	31.7984
541.012	529.224	-18.4563
-301.552	-961.813	45.4685
-1256.24	-816.305	31.4988
1058.57	1244.78	-18.0262
-1425.88	314.308	17.2559
26.423	-544.458	72.8475
-609.866	879.422	-12.9951
-847.889	-219.36	-5.66533
-476.926	-331.118	20.9545
711.417	-140.921	-18.1469
-1435.75	1458.65	-7.21841
435.549	1455.49	-18.7303
-1365.85	-952.083	41.826
119.199	-317.891	31.8887
-328.169	-722.875	53.6003
139.724	66.027	-9.84849
-1064.83	470.11	8.16505
661.733	-212.494	-11.7462
-389.867	597.825	-11.2415
1061.62	991.259	-17.1666
1199.26	-196.879	-15.7074
-172.048	-784.735	82.9157
-879.895	-1424.82	40.9568
733.536	193.41	-21.1606
-130.083	849.37	-15.9233
996.686	105.74	-22.0616
-596.478	957.658	-16.2382
783.781	-587.517	7.81176
-1198.3	-5.14513	-7.85913
1468.49	910.181	-21.5577
197.009	-424.239	19.3649
-1344.95	-1209.92	49.8157
-1364.34	-1265.06	54.4849
-953.192	1447.77	-15.6142
-1486.14	-818.236	15.7409
1484.17	-397.64	-13.8065
-183.32	39.97	11.1339
1199.24	-750.643	-1.24034
1211.1	517.844	-19.8994
1427.84	1446.92	-25.3907
-431.851	-730.581	26.7548
499.325	-1351.38	28.7167
1393.85	1468.82	-26.1605
-1121.71	188.588	-9.93481
-263.671	1084.57	-19.4679
-317.187	724.817	-11.3271
-1071.51	-1464.66	70.9018
546.046	-225.467	-5.8935
1112.77	-1164.75	71.9462
-162.964	667.677	-12.125
742.841	618.526	-18.7085
-54.3165	817.282	-16.013
817.775	1188.78	-16.3035
-449.963	-286.974	28.5762
154.494	-947.12	94.1498
20.9992	-282.859	49.3935
-610.329	796.008	-6.49402
323.257	944.366	-17.217
933.385	-268.524	-16.2975
-971.423	-791.511	18.3843
524.161	884.445	-15.5669
-918.945	967.003	-8.06064
-238.821	1073.46	-19.0567
-483.918	1181.26	-18.7081
-1241.95	-309.005	-2.32432
-182.849	1200.66	-18.2111
231.197	-85.4688	-5.08246
637.578	54.595	-14.6524
-398.78	894.301	-17.7672
-541.248	42.2245	37.9099
-1463.84	-1236.62	49.2841
-424.491	690.105	-7.18718
-666.645	-343.727	2.56099
-182.765	-722.57	93.0765
-904.445	-1266.83	37.5794
-626.44	619.253	-9.13551
1491.61	-345.077	-16.2358
1495.79	858.672	-21.6365
1351.48	-865.362	1.89573
852.225	-1469.33	21.9319
-1483.99	198.112	-1.07918
-373.757	-1197.9	35.8571
333.256	-162.01	-5.23834
-1085.78	-175.501	-5.76039
284.382	-1029.28	81.6054
759.013	-315.054	-12.4783
-1430.49	-810.595	27.9873
-1019.16	-523.026	2.7826
-1493.79	-993.761	17.2018
1129.9	1448.08	-26.1732
1093.37	1492.75	-25.988
1346.63	-1344.55	95.7445
-308.825	1327.42	-17.7393
-544.968	664.124	-8.16624
-226.28	-121.404	46.1828
-398.852	-361.762	48.6324
-1299.66	-951.689	50.3811
-353.036	107.751	17.8408
1094.27	-828.617	36.1905
355.693	-821.193	111.452
821.795	-953.7	81.5074
-174.241	1106.47	-18.789
-1162.56	1116.72	-5.59803
375.764	-1494.14	25.3519
767.477	1200.26	-18.941
-489.013	-269.849	19.9977
-1362.33	209.71	0.00904444
1148.27	-874.225	35.8693
-1466.26	-960.948	23.0054
-601.471	-147.329	15.3045
-497.544	1324.11	-18.521
970.873	-587.758	-2.63818
-383.305	-203.539	45.873
-1372.83	506.393	42.4584
-1131.86	-1204.26	43.3622
-1200.72	-678.413	16.0768
1239.19	-1458.26	70.2837
745.177	1084.95	-19.7196
1177.11	-3.24831	-18.6746
-1048.68	-1066.98	40.2987
501.258	116.923	-13.8665
144.208	1347.85	-15.5065
-601.185	-1069.1	13.9992
-992.342	-762.659	17.697
584.204	468.36	-18.3801
884.138	702.172	-17.5808
-1225.13	-1236.4	45.4992
-8.47454	1295.56	-18.7388
611.72	-1217.79	37.3143
963.88	711.636	-17.1126
273.372	827.074	-15.7989
537.967	652.232	-20.9907
1362.72	1450.36	-27.2783
53.5599	202.768	-15.3613
273.536	-792.553	95.61
261.229	-1209.02	43.9637
-578.156	285.784	-1.94929
799.101	1226.44	-17.9415
1224.41	206.722	-22.2887
-850.184	1066.01	-16.6697
-23.5489	-906.406	105.194
164.288	-1240.26	44.5883
-1036.43	-1441.73	63.8066
-33.2265	538.219	-11.8135
760.983	1391.28	-24.4615
-1114.26	-917.438	37.416
63.9513	1358.7	-17.0283
-1395.22	-1456.24	104.982
-780.203	-301.226	-3.10048
1211.58	-1421.43	75.4313
1259.88	444.461	-20.3896
475.421	734.486	-20.1836
-1103.03	-1014.68	45.0037
920.637	130.347	-21.8533
1259.07	-95.705	-18.9368
-1102.52	1497.56	-13.1892
-1419.03	1158.09	1.11279
-919.956	-170.696	-6.93873
-1448.26	-498.468	4.14514
126.556	-233.789	20.5362
762.495	-656.125	31.3567
-940.858	-1116.44	35.6889
857.366	460.84	-19.4703
-777.786	-426.199	-0.644922
-744.04	268.497	-2.72549
219.223	-1491.89	32.5827
-1183.56	376.046	8.2148
114.44	-1451.95	38.2977
-1095.58	1067.88	-9.37944
-1197.33	611.875	10.4589
-920.8	1157.14	-16.5523
313.699	-109.742	-6.76773
-190.524	-1174.5	78.3746
-264.605	1.30882	34.0638
421.491	68.3562	-12.1885
-889.718	-1094.06	32.0661
-690.784	-1405.8	49.3211
1250.81	1080.82	-19.518
-1012.4	-1004.04	41.878
-1337.33	-1345.4	69.9747
-1016.46	-517.016	2.52326
-337.533	624.346	-10.8636
-453.652	962.73	-18.5808
-665.127	1078.13	-17.8086
-1068.53	187.422	-10.6257
940.172	918.523	-18.2685
-511.901	1427.86	-17.7935
401.09	695.067	-17.9762
-163.426	-655.053	109.269
-1051.74	247.698	-9.83591
-611.03	1460.47	-17.1117
733.304	696.748	-19.7809
128.386	-260.804	22.7761
511.284	1493.39	-22.2546
-382.22	-784.229	32.5929
1223.93	287.463	-20.9678
-946.062	1090.17	-14.6495
1479.65	-1390.15	86.9053
-1399.14	483.208	45.5433
1446.9	899.904	-20.7595
1046.98	392.599	-17.9949
-996.275	-903.249	31.8267
226.272	176.127	-13.9364
1416.81	123.243	-24.9998
198.629	419.422	-15.0468
709.987	-1405.58	24.0391
-1340.59	785.445	9.74681
429.092	-1452.87	24.9209
726.814	-90.9587	-18.3899
-1289.32	-1062.77	56.4039
-1075.15	1489.34	-13.3308
-347.771	-658.434	54.5179
197.896	1313.17	-15.3964
-370.22	412.934	-12.1288
-1291.85	-1165.06	49.3208
752.387	-1200.93	36.8604
223.759	-1205.08	45.4656
-1384.55	-449.496	1.10341
1059.73	-513.683	-6.25389
859.743	1398.65	-24.34
643.166	81.2901	-15.611
748.47	-200.969	-17.1603
308.955	32.8028	-8.2383
273.569	-463.011	17.5543
-510.451	-1037.37	18.9892
175.366	929.501	-19.4396
126	-1372.97	38.0711
894.219	207.906	-21.5076
-936.819	773.597	7.00716
122.716	1357.04	-15.8217
373.631	-945.622	110.208
-1108.65	478.72	10.9914
-1149.91	-1382.55	68.4472
-957.807	374.786	-4.88914
-1199.82	-1134.78	45.4941
1452.14	679.327	-21.0194
-312.073	-133.072	59.6935
1299.61	422.809	-20.9631
-499.566	9.67202	46.7697
-1281.04	-900.201	44.9576
-1282.25	-276.894	-3.64426
749.266	1205.57	-20.076
-224.771	57.6474	16.1806
1261.26	-1358.83	90.8075
1005.31	791.232	-19.1694
1243.46	-964.642	39.1928
573.989	391.056	-18.7476
-248.006	-679.353	85.9794
345.157	895.829	-16.5257
-43.696	1051.65	-16.6944
-1360.68	952.851	32.8849
780.62	1476.93	-25.8961
-603.977	566.268	-11.091
-1451.28	-910.152	26.9566
100.988	450.674	-14.2638
-832.875	-256.248	-4.52217
459.858	-1330.23	29.964
1032.84	815.391	-19.2224
1112.22	-1186.05	73.9945
1143.08	-267.237	-13.87
-709.44	-1098.4	17.0227
-70.4075	-287.18	65.0105
-1430.06	909.025	25.2997
307.56	1159.35	-19.8568
247.195	-792.619	93.8495
-136.866	964.905	-17.743
-339.966	-1270.31	42.7906
1246.93	1396.44	-27.9925
-801.113	1007.87	-14.5708
142.326	-430.094	34.1152
629.147	114.709	-16.6265
-743.977	-957.796	11.3629
-531.477	-1033.31	17.543
-1334.11	943.057	34.5989
-404.444	-875.85	28.9363
1388	-890.431	2.12566
1296.54	-539.303	-11.0918
1236.77	2.52441	-18.9628
-1280.1	-1293.62	57.4243
382.554	-1291.78	33.191
534.647	1344.57	-20.4658
-1173.01	-843.841	27.5126
1015.48	-1427.67	34.854
1077.29	1096.07	-16.3539
-927.997	1186.58	-16.5159
-388.294	630.929	-10.3464
-420.719	-35.7472	55.5083
-1402.56	1449.48	-7.73383
-962.565	629.668	4.72546
-1015.37	-430.903	-0.668719
1222.78	-827.46	9.50049
-539.098	-241.494	15.7055
267.235	-1311.04	35.3256
1187.87	-968.677	46.319
-115.056	-952.018	93.7277
-1390.45	-329.309	-2.84093
-928.889	492.62	1.34192
-1261.53	108.505	-10.417
375.152	608.258	-16.6694
-369.098	937.514	-17.9106
-383.001	363.559	-11.2157
678.559	-333.114	-7.4187
754.111	-923.974	86.2808
-378.803	-1200.66	35.0043
-335.115	1144.79	-19.9439
-1043.76	91.4845	-9.88797
1105.6	-839.257	37.7279
-172.571	-1404.99	62.1695
287.359	937.27	-18.0618
89.519	1176.77	-18.4597
163.557	1337.15	-15.24
-167.934	-738.299	93.8743
-665.602	793.364	-1.88446
195.394	-1206.68	46.1666
488.719	-1051.46	67.4199
-554.06	-880.773	14.3045
-493.618	-712.696	17.729
1065.17	952.366	-17.7192
468.546	-453.306	11.8741
-160.521	-1436.21	59.8888
854.873	-98.8692	-20.1402
-248.78	1265.49	-17.9372
-589.501	881.406	-13.5491
-501.028	1212.5	-18.3815
-239.91	-1264.45	62.432
-932.752	844.04	7.04954
594.829	1438.22	-23.1693
-326.948	286.039	-10.5914
634.405	-1345.62	29.1843
-1067.5	1255.19	-15.8281
23.5511	-197.126	28.3495
-1412.11	-737.232	29.3465
629.354	1027.45	-18.6194
845.247	-806.71	71.1929
-719.125	772.971	2.10673
-433.385	231.559	-1.37211
-1078.38	413.723	5.03067
1086.26	-466.687	-7.97173
-1366.16	-68.4016	-6.82218
700.549	-685.37	52.2299
783.388	-1398.07	23.7822
-156.305	-922.777	82.7131
-241.843	-101.163	48.0107
43.7093	-556.323	68.8448
713.381	287.675	-22.1185
-590.229	-1122.89	14.2675
432.208	-18.1021	-11.017
-161.164	865.488	-15.7751
377.838	299.226	-16.3236
522.825	504.874	-18.2915
971.453	1026.75	-15.1172
-202.098	1456.32	-17.5678
382.915	-1087.51	63.7839
-1425.5	918.536	26.2718
687.865	-446.279	4.04389
-310.924	450.188	-13.2556
-832.668	-329.263	-2.35025
155.487	-219.605	14.5439
157.608	-1409.53	36.3286
-321.277	-369.057	78.8413
-233.234	-149.157	49.678
926.96	1227.13	-12.4834
-773.848	-233.315	-4.53255
-648.394	796.138	-3.49745
-811.484	411.132	-8.06021
1063.98	-1345.56	58.0699
461.985	302.376	-18.1511
-1497.6	-1378.13	95.5306
1330.35	-1194.16	96.7479
-298.46	932.478	-17.0783
-178.065	791.489	-13.7808
689.507	-393.778	-1.97425
-129.706	-1174.54	83.6345
109.748	250.721	-14.1718
-5.0431	-1496.7	44.5609
493.45	10.3678	-12.2154
-1489.2	449.211	53.4146
-401.725	437.078	-12.1607
-1065.81	-1138.5	36.7354
-941.889	160.888	-9.41123
1063.15	111.447	-21.9473
1383.49	-1215.29	96.6733
1211.37	1177.06	-19.0209
-284.181	-791.801	52.8788
-441.598	-1440.74	45.0308
-368.892	679.242	-8.29415
-1136.24	-1291.66	50.3664
1056.93	845.922	-19.2294
1343.81	-182.888	-19.4109
-1003.82	78.0754	-9.71691
-1411.52	222.158	1.12094
871.194	13.0511	-20.3319
-721.638	368.297	-8.7145
166.93	892.88	-18.456
267.05	-666.533	53.3543
713.077	840.742	-18.1482
605.748	-1049.88	69.5734
377.007	-660.895	57.5688
612.139	-574.483	32.0369
1086.22	798.626	-19.1119
219.736	988.994	-19.5629
110.118	332.755	-13.4445
1203.98	-553.222	-9.48733
465.718	-1012.96	84.6238
1145.06	-1365.31	70.3077
-1419.13	-212.414	-4.46687
534.973	264.247	-19.86
378.328	1377.17	-17.6812
-642.167	768.913	-2.50593
1066.37	1056.03	-16.523
-226.423	-91.3444	43.6285
1137.3	848.256	-18.5249
1371.3	-1015.95	33.8282
1164.02	-205.157	-15.2414
-1022	964.461	-1.48173
-925.25	-285.826	-3.43133
-832.826	-165.879	-6.90211
-1175.96	-209.664	-4.69283
1066.62	857.285	-19.1438
55.8346	245.502	-14.1035
126.345	-292.509	25.6145
380.443	854.347	-15.9157
962.442	1114.88	-12.7421
464.384	973.315	-16.8432
1489.1	1003.26	-23.178
797.475	1204.58	-17.7773
77.7245	-30.6358	-1.50354
1187.05	1156.05	-18.5716
-932.354	293.315	-10.9065
383.334	345.605	-16.5991
-1431.79	-958.564	31.8308
-1054.24	193.302	-10.6954
-1048.21	756.555	7.06717
-1416.9	254.402	3.77231
1055.58	525.152	-18.5794
-314.046	1270.89	-18.1159
647.887	1325.18	-22.4812
-53.1016	1393.25	-17.5703
1339.88	-539.87	-11.3961
291.752	854.979	-16.8103
-922.684	1205.17	-16.6818
-1416.44	-1332.35	70.1491
698.803	-161.58	-16.2721
940.327	-1025.8	69.7658
96.3809	94.4071	-11.0781
732.1	511.817	-19.3842
-992.681	-606.845	8.24748
-788.407	-265.411	-4.25694
-98.1186	309.89	-13.4989
-1231.7	392.159	14.9924
-212.101	396.711	-14.8543
0.70411	947.54	-16.2887
-684.565	-952.934	10.6244
-668.781	-77.4114	7.41665
-1461.49	231.924	0.978305
864.122	327.761	-20.5935
555.076	741.476	-20.8651
1490.9	-738.681	-8.1244
176.676	-776.163	86.0131
1239.28	354.216	-20.1415
-1278.61	1167.53	-2.91298
946.645	1327.26	-19.192
593.443	266.458	-20.6341
44.5532	208.713	-15.1285
1238.5	952.512	-18.8944
385.929	1233.52	-21.1142
-25.4414	-236.662	45.7119
311.885	230.739	-14.5507
746.165	1355.99	-22.9905
-307.901	650.506	-11.179
-1004.62	961.797	-2.59513
1287.51	1000.56	-19.7056
-32.9939	474.218	-12.4388
-698.686	-883.484	9.3083
140.739	-1142.69	59.862
-608.607	1267.02	-16.959
-1047.95	859.739	10.286
607.325	-835.37	94.2386
-380.573	-934.79	32.3965
-1441.16	742.987	6.74667
749.088	1251.56	-20.2255
1206.91	-1480.62	57.9127
33.529	602.046	-12.7391
758.231	-294.339	-13.2416
-1281.68	-328.763	-2.47594
1444.7	-990.032	9.86859
-1275.18	-439.055	3.10015
-640.94	-171.139	7.14266
-60.3294	-281.87	62.6355
-793.026	-376.226	-1.27213
-1290.01	-942.48	49.4751
-1200.73	-1388.23	74.3169
-775.976	453.209	-4.39103
-1107.36	-737.16	13.6276
553.992	727.341	-21.0879
-1242.77	-428.684	4.16647
1493.79	-2.42297	-26.0562
-398.716	-931.082	29.62
-555.583	1292.78	-17.6548
-347.394	1349.23	-17.7758
-1312.16	789.189	10.5589
403.267	-539.197	29.2853
151.848	1476.08	-15.8699
400.572	-392.408	3.76122
771.796	514.268	-19.5591
-608.298	762.813	-5.01217
-1462.87	-114.296	-2.17616
-356.973	795.604	-12.7028
97.025	837.15	-17.4739
594.307	1100.86	-20.5557
820.52	-143.326	-20.2269
-251.525	459.456	-14.3868
767.397	446.641	-20.1979
720.837	376.266	-20.3944
759.688	1438.84	-26.8272
-709.434	-1250.85	26.5885
-1430.43	-1467.62	114.214
-592.872	207.508	7.71569
71.3693	388.026	-14.2939
1234.86	-699.15	-6.66336
1382.08	327.545	-23.3754
1340.64	-497.785	-12.5039
856.259	548.352	-18.3079
1477.01	389.237	-26.0639
1370.48	603.175	-20.794
94.6435	-750.89	90.7451
-889.02	1485.61	-15.9121
-1469.49	-1193.33	43.1639
208.836	-798.195	91.8838
-554.267	519.645	-12.2048
-522.658	-503.028	16.8327
-1397.92	415.068	43.4561
-439.343	-43.9372	53.823
-517.981	-866.487	17.4431
1086.72	346.231	-18.5061
291.852	1024.48	-18.0217
854.978	328.701	-20.6838
244.982	-815.481	99.7638
717.986	47.8605	-16.5189
1345.01	-1270.56	98.9482
-329.037	963.298	-17.7373
1179.91	623.677	-18.406
-345.654	-643.214	56.4524
-535.208	-533.372	16.1485
-751.164	-994.97	12.8196
-1145.21	-880.145	31.2969
-1006.76	786.124	7.39715
-441.45	1414.88	-17.2088
-1173.91	58.1631	-10.2851
-326.023	-602.66	71.0105
-1458.29	-694.698	17.9612
-49.36	-542.51	94.223
21.7507	-961.356	102.876
-421.669	408.722	-11.5243
-69.9989	1151.94	-18.1437
412.284	23.9445	-11.8308
-424.472	800.991	-12.8104
-1176.97	-1315.02	55.9502
102.155	637.397	-14.277
-1278.95	961.417	26.7668
731.035	500.985	-19.4986
-887.874	-1343.81	35.2
268.383	486.18	-15.9768
-113.573	-764.182	98.8451
1478.64	1130.73	-21.4344
-888.15	360.712	-8.73808
427.039	-123.163	-7.73509
1168.61	-493.81	-9.82035
723.378	614.152	-18.9471
-595.255	-195.427	12.8756
589.658	-1459.06	23.8401
1432.88	192.07	-25.8745
-196.637	285.584	-12.9452
1149.62	605.021	-18.1455
-712.428	1090.1	-17.7341
-1498.54	-767.718	10.3415
-1213.62	27.9274	-9.76853
537.623	1107.93	-21.3399
-989.069	308.813	-8.47514
-206.362	-185.018	53.7198
-39.9653	-288.65	62.9325
-394.231	1172.26	-19.604
408.951	567.695	-17.5628
1353.69	-951.393	13.9866
1128.44	1010.59	-17.7783
862.751	168.543	-21.7382
828.136	984.885	-16.8989
-250.713	1030.32	-18.6138
971.742	-1397.16	34.6091
-1099.98	1108.11	-10.089
1119.3	-672.414	-1.06193
981.152	1264.75	-16.3998
527.759	733.298	-21.2039
289.317	860.807	-17.1231
-1340.89	-1492.95	105.388
1228.63	-471.308	-12.4068
229.725	268.452	-14.7781
636.24	-1386.07	26.6775
835.04	1171.91	-14.8548
-841.732	950.158	-7.65113
-932.971	490.163	1.30208
-1141.59	1407.11	-13.3766
1053.95	-465.748	-7.93189
-976.064	-651.577	11.1617
-995.828	826.241	5.8309
-447.929	621.163	-10.1012
-1162.59	356.487	3.81752
498.549	-266.922	-3.83242
-578.95	-829.828	12.0946
244.848	837.162	-16.6197
522.989	1342.24	-20.2872
1367.22	-446.761	-13.9853
1243.25	615.558	-20.4439
1336.7	597.569	-20.6554
-949.567	-608.489	7.21478
-1467.46	-497.37	3.76829
-968.589	665.445	4.37016
-835.669	-507.277	-1.13082
326.233	269.225	-15.1723
1314.73	378.744	-21.1669
-573.105	661.723	-8.27459
-134.498	827.306	-15.2538
-41.7785	223.47	-14.3634
1150.34	219.713	-21.399
641.145	1159.35	-21.8979
1031.35	-781.778	31.5013
779.993	-437.673	-5.96113
370.211	-480.443	13.8044
1399.9	-1107.72	61.6788
-755.589	1140.04	-18.1964
225.754	-929.776	101.476
-97.1293	-917.481	94.5564
758.08	1435.76	-26.7083
554.116	792.249	-18.776
-315.045	1229.34	-19.213
708.331	187.895	-20.7834
-1174.88	-799.665	21.5784
1312.63	645.196	-20.5641
-1278.09	917.368	27.9121
-63.8138	-1367.12	56.2478
92.2979	297.684	-13.5918
1099.01	1361.63	-23.3609
-1098.1	566.753	8.01485
-991.7	-776.412	18.3599
-8.97726	146.999	-13.3417
-288.236	1206.8	-19.4086
-16.9576	-1177.72	73.787
-233.073	159.188	-2.94129
-827.034	651.824	1.71858
1118.77	-656.112	-3.31516
-1002.67	173.599	-10.6972
-1286.94	899.264	28.4128
-617.695	-4.72328	22.2509
-59.0895	-195.783	39.0308
-298.313	-941.074	46.0293
1302.33	-439.248	-14.5963
900.436	-363.89	-12.5658
1318.3	1267.36	-22.1496
-736.817	495.409	-2.25281
-716.879	1439.76	-16.4533
212.856	230.59	-14.8471
1086.17	-917.515	56.4179
-285.37	4.09523	37.9315
764.903	-1339.73	26.7651
-192.67	248.169	-12.3959
1314.01	-1086.17	65.5663
974.534	-473.941	-8.40275
-330.071	-677.388	58.6748
-527.592	817.54	-12.4161
-791.276	1281	-18.6695
1411.48	-99.7543	-23.9646
1024.52	-567.648	-3.37645
-108.78	-174.222	38.6132
-1420.59	1155.56	1.59581
-1435.88	-600.77	16.6655
942.46	-61.3468	-21.0978
-289.769	-1129.43	53.8535
599.937	985.869	-17.1767
-882.937	-1120.41	33.0406
-182.156	-1010.22	83.2487
-145.87	578.174	-13.2952
-820.333	111.647	-2.9385
-1107.92	831.715	15.0604
1385.34	176.499	-24.6045
803.591	-127.675	-20.7081
-204.894	1167.06	-18.5555
1302.61	184.684	-23.3219
-492.062	-1120.93	20.5033
-1421.42	1023.84	25.1118
1387.82	259.363	-25.1865
-492.785	1368.76	-18.6795
-367.718	-85.3104	58.1047
208.686	912.669	-18.9046
113.55	1131.99	-18.7082
-1430.77	1234.73	-4.05762
-755.439	915.332	-9.44119
145.76	554.563	-13.4973
123.865	1290.87	-16.8107
-1347.67	-1208.31	49.7256
17.9067	926.482	-16.579
-253.4	-696.332	79.3851
878.689	267.419	-21.0408
1102.5	1209.07	-18.0115
29.2812	1013.92	-16.4889
-979.048	-903.577	31.6719
-221.028	-837.947	65.2249
1181.76	55.7824	-19.2728
1419.87	-184.304	-21.2553
584.234	1325.46	-21.7827
443.404	1203.33	-22.0461
898.935	-1163.17	57.5243
-774.018	1257.65	-18.6227
929.946	-749.446	39.2552
-1368.21	1087.73	8.27546
478.796	625.908	-18.9607
-387.726	1223.94	-19.2803
883.288	1481.82	-25.1534
1181.87	-1212.42	77.7203
-249.817	1321.92	-17.5816
140.827	802.592	-16.8362
-217.916	-1416.53	57.5607
-1403.02	-933.477	36.897
334.441	1209.12	-20.2519
-724.556	-543.043	2.1539
-1286.72	646.227	9.76879
204.997	-1386.09	34.6117
1080.4	1237.56	-18.0991
-326.326	-736.611	52.2737
1433.57	-10.9847	-26.2301
-1263.73	165.163	-8.405
908.256	897.84	-18.4992
1026.37	-1200.41	69.9544
1424.76	342.557	-24.4284
298.227	-316.081	3.48012
661.502	230.411	-21.589
546.569	-701.975	79.3747
918.565	980.87	-15.657
212.44	-1423.8	33.8889
918.804	1155.26	-11.0739
-1123.03	33.6098	-8.2563
-730.72	1122.2	-18.0353
939.649	-923.706	77.7081
935.532	-876.081	81.5524
-132.432	-913.648	86.9051
-752.894	-1121.74	19.6967
-770.422	-1213.51	25.5823
-651.788	701.109	-2.77496
1244.37	717.799	-18.8923
1297.84	-248.441	-17.086
-922.401	-143.841	-7.60821
597.926	-359.881	-0.928103
-490.582	-1222.3	23.0809
1473.34	-355.276	-15.3836
-1284.48	1054.86	7.87984
-1154.72	564.031	11.0986
-692.212	-1028.82	13.1974
1146.47	1407.43	-25.8901
563.208	-320.745	-1.88163
-686.784	1183.88	-17.4348
1201.94	-433.412	-12.7335
-689.419	-371.208	1.40066
588.413	-848.528	98.5371
953.912	61.8853	-22.2669
-17.4149	1208.73	-18.7573
-666.266	793.22	-1.82
618.772	-224.006	-8.83389
-693.346	152.258	15.8517
-1342.35	-1021.34	53.7728
784.65	336.246	-21.3443
-1141.61	-976.602	42.8423
671.614	1174.13	-22.1913
767.894	1379.52	-23.7744
1085.21	-1429.41	46.5969
-664.058	911.052	-12.9639
823.18	703.356	-17.9861
-1007.28	-1180.77	40.5494
-683.976	-877.339	9.62545
52.595	-974.176	98.5952
86.6593	550.731	-12.1184
1099.05	994.037	-17.6098
-1032.54	813.799	8.63039
-421.632	-1486.14	55.3526
603.678	1121.34	-21.185
-1360.41	-568.216	13.8449
76.1116	615.868	-13.4368
128.703	222.081	-14.7982
873.83	364.568	-20.2878
-718.322	-171.58	-1.98264
1208.37	1199.87	-18.9412
-1313.06	-502.815	7.0464
-999.292	-1236.9	44.5784
874.388	-1254.09	39.9823
-1373.35	670.234	10.4166
1207.51	207.05	-22.4332
-834.547	-860.654	12.5273
-317.94	260.966	-10.0058
1030.95	643.082	-17.1414
-795.443	-788.987	6.85309
-976.303	1273.66	-16.8166
1182.3	-1033.74	60.7941
841.191	-115.589	-20.6043
789.726	640.159	-18.0089
294.694	497.773	-16.2143
978.046	235.966	-20.4222
-679.645	551.958	-5.98285
332.447	-165.403	-5.07793
-1276.09	884.95	26.238
-791.95	608.778	-0.101629
690.733	778.376	-19.3399
381.426	-147.26	-6.98211
-1322.29	-1072.47	54.7488
-968.162	1354.7	-15.9868
143.994	1127.66	-19.0638
-1494.91	-492.777	3.14235
-755.718	589.892	0.626718
808.753	-313.028	-13.6967
1143.99	-224.794	-14.8136
-1313.56	-1068.86	55.5672
935.718	-1079.86	67.8649
791.516	-452.714	-6.40974
1313.41	306.985	-21.7597
1150.24	1383.24	-25.2143
68.496	-1041.45	90.0568
-571.051	182.35	13.9257
287.274	1466.75	-15.385
379.788	1203.09	-21.3048
335.29	1428.48	-15.8824
-432.439	-1031.95	25.2514
-1093.38	-323.477	-2.5824
672.973	620.428	-20.0998
76.9897	-377.256	49.0033
-866.772	-612.014	3.58374
-1091.66	93.6762	-10.629
-651.037	289.403	-2.46492
-617.352	-757.72	8.7842
-1188.28	1395.61	-12.3527
-927.477	971.889	-8.61402
-691.407	479.989	-6.33031
-459.207	891.357	-17.3722
933.998	-1185.18	60.444
743.4	-915.859	87.2886
-385.522	130.045	15.2192
565.607	1174.46	-22.1554
1049.11	-285.85	-14.1769
-467.175	-447.01	28.3486
392.666	-1228.16	38.2396
1260.24	-49.1429	-18.918
-637.799	790.745	-3.95369
375.267	-995.722	96.8327
426.115	175.998	-14.5117
1267.01	216.477	-22.1562
-364.322	-70.7378	57.6036
-1086.93	-652.062	10.7825
625.918	865.355	-16.0907
203.155	-324.236	13.6905
-836.124	-955.07	16.8332
-247.696	-81.2095	46.3784
-301.556	-232.924	64.395
-153.767	1125.67	-18.6647
769.175	937.009	-17.1744
-759.26	1028.87	-15.8201
-684.32	867.81	-6.96321
-92.3147	-969.498	98.3054
-290.824	135.989	5.25272
-724.353	149.759	10.3596
-549.84	-22.9558	34.6122
622.762	460.484	-18.3648
201.26	648.216	-16.1307
554.982	-400.331	5.57898
866.127	1070.68	-14.8596
1152.45	937.521	-18.0487
800.448	-747.292	53.202
-322.85	93.8074	19.4992
-812.403	-1323.59	32.856
-779.841	-1212.19	26.3147
-633.898	-1378.44	44.2637
-827.896	-494.92	-1.34325
1258.04	-182.364	-17.2319
203.467	-1035.65	74.3535
-341.302	-378.399	71.3345
-876.852	-1457.68	42.6502
1356.79	1400.53	-27.1354
-426.386	56.2367	34.4494
-413.64	554.594	-12.13
1063.31	57.7447	-22.1982
1123.75	-535.18	-7.55297
-1062.17	-1052.39	41.6755
881.144	594.378	-16.9539
424.968	291.85	-17.6306
-1485.72	-1187.51	42.7725
1294.13	746.476	-19.1713
-102.099	-179.927	39.2195
1288.77	145.592	-22.875
192.761	969.968	-20.3128
555.561	936.877	-16.433
510.056	878.113	-15.7758
696.628	530.521	-18.9079
13.4713	677.621	-14.7235
-1380.73	1052.9	15.6414
390.335	-507.729	19.9547
-1187.39	-74.4805	-5.70198
-606.225	-740.915	9.31818
785.992	-1394.43	23.9356
-735.701	-632.589	2.81866
-14.2187	960.316	-16.4715
1003.54	-1363.99	45.8686
1270.47	-478.043	-13.0895
1470.82	1405.48	-27.0716
1371.56	1271.03	-23.2581
-384.748	1472.9	-16.3576
-492.782	-1173.82	21.4723
1.61016	421.123	-13.4757
-61.8128	214.861	-13.9833
-227.088	-535.804	112.461
-250.766	-953.986	59.2497
696.488	-475.078	7.10537
-1286.18	1033.11	12.7364
-10.3201	-1114.99	89.9893
835.86	-817.163	75.5957
1472.71	-838.341	-5.08618
-164.937	979.342	-17.9033
603.084	-687.2	71.433
-1462.91	92.8093	-4.16504
1363.95	-1229.99	101.777
1116.81	1204.68	-18.0897
-426.631	30.7635	41.1691
303.983	-954.933	107.351
-1377.29	604.1	18.1026
835.987	712.277	-17.9526
-1023.12	-327.341	-2.66911
1025.6	782.677	-18.9506
291.364	1169.66	-19.4143
468.721	-443.394	9.84709
1223.29	-494.088	-11.6495
-894.346	-567.33	2.44018
1011.49	-1365.99	46.7195
1045.1	368.952	-17.7463
722.73	1418.02	-25.637
-851.987	1147.92	-17.5649
-1426.6	-1172.29	44.0157
527.204	-611.532	52.9532
-821.493	553.157	3.05687
537.569	-1389.25	26.6722
772.663	-40.982	-17.4444
1314.63	1134.22	-20.3909
-344.323	323.186	-10.8536
1460.74	-45.761	-26.0908
-968.42	382.154	-3.88478
-669.066	933.248	-13.6878
-1269.83	959.053	25.7873
621.048	1042.57	-19.0486
237.72	-726.362	72.8704
194.042	1383.8	-14.4665
-1449.96	1023.23	23.2422
230.43	701.442	-16.06
625.305	-427.91	5.43597
38.5371	877.801	-16.9263
880.506	-284.956	-15.6988
450.559	-472.556	15.5212
251.944	1258.76	-17.0235
-534.297	-42.6499	37.4164
358.833	-1088.66	65.3044
-736.615	1149.72	-17.9482
555.214	-886.863	106.205
569.428	1101.58	-20.7436
-529.815	308.556	-4.5525
-253.717	1436.18	-17.4429
-920.634	-1471.2	46.0775
1315.82	-415.542	-14.8101
47.904	-240.425	33.4374
1448.68	-1469.07	80.4028
955.465	-279.029	-15.9726
733.669	-627.804	28.3752
-1415.54	-992.169	37.0807
-531.586	1067.44	-17.983
-28.6415	-428.382	81.6837
1321.81	855.587	-18.2136
-1080.03	1000.77	-1.92586
1311.25	-768.236	-4.39966
-976.64	1299.74	-16.7567
-622.775	885.523	-12.9316
-438.344	-1327.52	30.5124
1364.82	1372.21	-26.1032
1217.75	-1353.13	85.6147
579.315	458.432	-18.3956
-741.228	-881.868	10.1312
1158.49	-1181.43	75.9308
-1190.44	-269.92	-3.11304
1258.72	-729.85	-5.93751
-840.356	609.928	1.34921
686.1	350.03	-20.3122
-496.98	-439.175	22.7513
559.881	700.881	-21.4428
-955.672	708.563	3.37223
-1288.2	-22.4024	-9.17172
672.055	69.2534	-15.908
563.987	1297.07	-21.6733
1256.8	1163.87	-19.7578
431.675	-1462.52	24.5158
1408.49	-1289.06	98.59
1169.75	-1369.53	75.1904
664.515	1133.43	-21.6383
102.375	825.142	-17.3302
-1073.14	501.912	8.39336
801.488	-1467.24	21.5394
1289.33	1392.52	-27.9798
1312.99	399.111	-21.2343
168.087	1375.28	-14.8898
566.937	529.459	-18.4756
55.796	-759.69	97.2457
-833.005	-684.428	5.97612
1295.75	-43.6111	-20.4073
675.786	433.171	-18.6556
324.63	1425.21	-15.6259
511.645	804.941	-17.8666
-574.216	-1117.56	14.7641
261.323	-805.407	98.5114
-546.058	-613.723	13.789
1102.07	530.292	-18.445
1207.27	1115.34	-18.8261
-143.956	1368.61	-17.6676
206.779	156.091	-14.2659
-1488.31	603.857	19.9599
860.041	-686.347	23.8567
-131.574	648.602	-12.6941
433.463	-191.864	-6.36089
-356.484	597.366	-11.0863
-348.83	262.415	-9.08464
-1316.98	-1173.01	49.5341
-1134.27	1138.47	-8.27081
1272.39	-555.705	-10.3376
-1409.11	-72.3326	-4.80871
774.04	-1012.65	75.5262
993.289	975.815	-16.4339
-773.968	768.969	4.38816
-539.425	1066.66	-17.95
-1295.39	-1074.29	55.3701
-891.631	-206.142	-6.03624
592.33	908.958	-15.6103
-763.613	-749.535	5.36783
-870.952	-865.064	15.4289
-1437.55	-721.428	23.1823
1077.72	1243.54	-18.2787
909.762	343.046	-19.8888
-1089.67	686.774	6.08487
1149.12	415.381	-19.1237
1257	-740.867	-5.14912
262.484	-156.033	-3.49842
-39.7901	-874.996	104.523
889.373	546.82	-17.8913
379.918	886.148	-16.0047
-277.375	-450.546	93.534
1301.01	-31.0551	-20.4371
203.949	-540.121	29.9079
1022.15	543.557	-18.2964
-233.31	600.595	-12.413
-418.786	915.55	-18.0432
399.194	1324.79	-18.5395
581.476	-292.711	-4.51278
-1436.4	-807.543	26.3551
326.689	297.625	-15.3719
352.227	11.9898	-9.79013
639.179	801.175	-18.3892
-358.381	-566.329	59.9498
-1197.95	146.352	-10.2169
-1403.17	-645.236	23.0849
454.3	-307.7	-2.09604
-266.503	636.92	-11.9809
-632.706	433.071	-8.23624
1283.53	848.665	-17.7185
-193.475	-299.766	73.9509
-605.149	-707.176	9.09795
-1364.26	-268.421	-3.74488
-1262	260.839	-0.129568
-255.088	-59.8883	43.8147
-672.024	-64.7581	7.44108
-612.252	511.174	-9.55661
583.008	-480.668	17.5355
1264.95	54.4215	-20.3907
-409.207	-14.6106	51.4361
908.625	1373.2	-22.4119
-1290.78	268.402	3.56102
535.625	-764.488	91.733
-480.082	-576.913	22.1442
1331.7	-1127.55	78.1628
1356.01	1182.25	-20.5833
-108.032	45.5849	2.19962
-417.269	-471.532	40.2463
231.849	-648.131	49.8162
1003.03	522.78	-18.6206
717.552	627.552	-19.3842
127.436	-705.353	72.5713
-178.567	846.352	-14.9631
1265.83	1421.69	-27.868
-1025.19	201.585	-10.8427
-896.993	-571.038	2.78658
-668.003	-486.982	4.44083
-369.841	-1138.8	36.234
-94.8672	-680.929	106.142
-474.169	943.27	-18.1332
510.898	1185.15	-22.617
0.684137	1433.7	-16.3486
-114.918	1063.85	-18.3595
1046.42	-316.684	-13.288
-131.974	-931.827	88.5233
-1109.42	740.929	8.43878
170.903	-1475.52	35.1486
303.153	841.15	-15.9772
-249.015	530.838	-12.676
85.3404	-265.211	30.0979
-480.035	1485.99	-16.685
-507.443	693.164	-6.32708
-247.98	483.833	-13.7868
-735.696	-970.259	11.19
881.223	-604.779	3.18668
828.949	741.051	-18.2764
-463.029	427.656	-11.4381
29.9438	1273.16	-18.7224
1353.98	553.415	-21.4036
436.245	-192.369	-6.35747
-325.851	991.208	-18.2254
-1170.1	-811.095	22.3342
283.691	460.151	-16.6657
-909.464	658.447	4.53431
1475.83	-1351.16	92.1594
1146.7	414.541	-19.0905
154.48	-379.562	30.4393
-860.224	-682.552	7.30851
1013.64	-587.935	-2.47757
-1435.82	922.178	25.2821
591.843	-780.331	89.987
920.446	-1338.28	37.3217
-141.113	-65.9918	20.3327
-315.469	-783.91	46.0171
-756.586	-678.271	3.41898
-627.485	1301.23	-17.357
853.639	150.02	-21.7222
-399.446	1165.43	-19.6428
456.182	-1304.99	31.2697
1438.13	774.329	-19.3585
-1203.15	-1322.89	59.4933
-1306.38	1139.24	-0.115458
-801.438	335.691	-9.96403
175.309	-1017.72	76.5268
-1199.36	450.932	18.9206
1019.27	1399.17	-24.255
1445.4	-846.99	-3.40679
1093.44	-104.96	-17.8896
-957.876	148.83	-9.61899
-1438.59	-595.701	15.874
341.014	1435.33	-16.0415
-203.524	741.666	-12.1805
-1424.64	-555.791	10.6749
1220.97	1283.5	-20.0673
-1070.67	889.703	13.7873
930.896	-507.759	-7.34539
-935.513	895.019	2.93322
-461.827	-17.5845	52.0128
579.025	1388.7	-21.8952
1100.44	1236.97	-18.3137
652.747	-221.374	-11.0878
790.805	-405.817	-8.28353
1477.89	-563.672	-11.4859
118.631	983.114	-18.7981
206.885	-630.57	46.2318
-1031.37	841.814	7.95866
-723.544	-913.653	9.79431
731.419	-1285.12	29.1596
142.426	-1290.58	40.0119
-1428.3	-1166.59	43.5554
-1124.42	903.483	11.9484
631.411	1089.5	-20.3182
394.393	-724.627	82.1054
-752.657	1064.66	-16.9595
320.999	-1323.83	33.3927
612.759	221.294	-20.4411
-245.224	520.968	-12.8674
-1329.26	-1455.1	94.9691
5.74593	-1142.96	81.0596
-429.86	797.805	-12.5211
-1258.1	949.142	24.9269
1310.64	-851.71	2.54719
-567.74	-1035.01	15.2699
-988.552	-831.155	23.0612
1076.34	-1017.22	59.2388
96.7444	-357.461	43.7837
670.268	1197.46	-22.261
-958.957	-86.2838	-8.96167
543.541	882.053	-15.5342
-1156.94	-1127.02	43.8232
828.022	188.63	-21.811
362.622	477.445	-16.9625
432.745	-628.222	56.9611
1214.09	1316.51	-21.5756
-776.916	-322.469	-2.47069
482.491	496.725	-18.244
1070.2	915.794	-18.4625
