472.746	-382.514	0.920376
904.472	-1049.21	69.7049
1066.84	1297.72	-19.9629
442.48	-355.395	-0.6239
835.51	-1399.78	25.274
185.386	-1335.24	36.1341
836.359	113.735	-21.3477
-1427.55	-669.854	22.3821
-925.422	1268.27	-16.8983
-356.559	1368.52	-17.7387
454.28	1404.71	-18.6685
-6.55258	1390.49	-17.2713
344.97	704.433	-16.6748
-852.522	669.705	3.56541
1227.85	-604.663	-8.70181
105.048	-898.745	100.92
149.936	270.957	-13.8727
-957.861	-40.7365	-9.71635
-1475.35	822.361	10.983
-1428.81	-224.976	-3.80778
-1336.04	-59.5097	-8.1916
-142.158	-854.495	83.5315
-1376.56	-715.592	28.9323
-942.588	1124.93	-15.5061
510.89	-130.344	-8.1443
170.582	-1396.43	35.8996
-874.592	343.535	-10.3711
-152.477	943.775	-17.4221
930.672	-24.4705	-21.3821
964.615	-249.7	-16.7108
1475.16	-432.095	-13.2701
-191.375	839.118	-14.6262
-392.538	723.847	-7.8017
-72.4781	-1206.78	74.318
751.052	-1383.9	24.1814
1136.42	-640.489	-4.99603
363.705	-1449.93	26.7811
-1209.93	1171.37	-6.26211
-500.122	1410.25	-18.2615
556.6	-915.323	104.261
181.287	-29.898	-4.05581
1411.92	-1483.4	78.2895
-1465.41	860.445	15.2531
1115.18	555.735	-18.7498
187.028	285.852	-14.1694
-1393.25	-1452.58	103.592
1225.63	-1454.71	69.0881
545.17	-525.177	28.6981
-1046.96	863.267	10.3859
-1459.99	-1050.86	27.9461
941.186	224.18	-20.9044
1490.51	613.867	-21.5409
-955.633	893.244	3.49923
-1257.58	-1104.73	51.1448
770.169	-1058.72	65.2892
106.712	492.353	-13.5338
348.056	957.577	-16.6795
-888.317	509.496	2.0489
1141.51	-892.996	41.0032
1490.45	374.377	-26.449
-1132.95	-438.845	2.42624
-232.813	-544.853	110.758
679.645	545.856	-18.6079
-872.983	-491.68	-1.5931
-60.9672	-614.191	103.092
-227.583	429.795	-14.7478
1246.5	568.427	-20.5841
-651.261	-1231.43	23.3256
-916.649	790.986	8.5471
-661.631	-1370.7	45.6933
598.824	-1281.63	32.9538
843.565	-964.868	79.9212
-1075.26	830.097	12.2645
1157.76	780.927	-18.3552
581.519	-1240.9	35.5268
-485.731	1261.62	-18.4217
672.037	-574.211	23.64
802.579	414.507	-20.4643
-50.8077	-1321.71	57.2143
-989.369	-1194.65	41.0089
-40.6867	547.573	-11.9704
-1049.26	249.883	-9.83
192.803	-1320.67	36.4534
1354.03	-319.867	-17.2444
-853.121	720.43	4.63768
-956.513	-283.373	-3.51953
1153.91	-937.405	45.9238
-475.936	-534.98	24.1619
-968.414	-292.103	-3.23614
-106.095	1051.45	-18.1768
1444.88	-364.26	-15.1539
1277.5	-279.392	-16.3321
1083.44	586.071	-18.0192
-1080.36	-805.802	20.1048
-1066.75	1131.08	-12.6543
202.026	506.16	-14.637
-1445.58	1031.94	23.0929
467.391	-1412.56	25.9641
948.472	-420.597	-10.6714
954.825	-1354.84	39.7827
154.825	-349.74	29.6438
416.211	1351.29	-18.6255
-1310.58	591.898	20.0543
-1014.37	-994.55	42.0558
79.5653	-157.307	14.5231
58.4259	1434.97	-16.3981
-466.107	-494.145	27.2474
-400.492	653.146	-9.23253
-1104.89	-1109.72	40.4112
245.96	-714.811	69.0849
-1243.05	-24.5639	-8.24628
1439.94	1077.17	-21.7645
1098.03	193.626	-20.9209
753.877	479.205	-19.8606
-15.1423	152.838	-13.5779
-406.536	-505.81	42.5738
1137.34	-1131.5	72.2318
553.59	751.79	-20.607
-967.237	1196.69	-15.6863
-228.628	1315.72	-17.5519
1255.13	-327.273	-15.3353
667.783	-209.65	-12.1656
-1015.85	644.381	5.44562
-920.463	390.696	-5.3539
945.752	532.853	-18.2631
-650.515	1436.86	-16.6026
354.987	541.139	-16.6264
-1481.9	-1043.5	22.294
-750.946	227.131	0.501099
-1363.53	34.2409	-7.64282
-537.987	1358.99	-18.5782
-469.837	-368.771	24.6619
264.178	-68.6119	-6.71265
714.652	-1050.79	67.6165
-553.213	944.34	-16.8615
-191.353	220.565	-10.9153
-469.798	-739.875	21.6349
543.076	-285.141	-3.63863
-1129.27	1478.79	-12.7636
-982.941	-1395.17	52.2369
-278.213	-410.978	88.4829
-776.517	-134.083	-4.47422
1169.56	-1187.87	76.3602
871.65	-1388.95	27.9917
617.497	520.647	-18.4279
-533.58	151.249	20.833
609.595	524.362	-18.3269
-579.521	-402.256	8.21965
-1373.42	-80.7895	-6.56244
1399.11	26.4412	-24.0615
1235.2	-1029.18	60.5255
-303.095	1081.06	-19.8829
-172.712	-627.589	111.828
-832.071	1453.39	-15.9857
958.403	1138.78	-12.3943
194.499	-1089.99	62.3946
-384.235	-747.746	33.451
-947.346	-690.648	12.4988
-994.011	-232.986	-5.18122
752.939	-903.649	88.0461
167.344	-586.632	41.6779
-301.468	-1487.48	54.2046
-896.097	-1185.2	36.2026
1045.25	-102.802	-19.0682
300.622	177.585	-12.9271
798.504	1236.67	-18.0781
-879.339	-1348.54	33.7855
47.7572	1307.06	-18.2795
-1457.46	36.7617	-3.90797
-58.6288	422.323	-12.8587
760.636	723.379	-19.0763
-536.61	-1361.52	33.4822
115.428	744.982	-16.5661
837.624	208.651	-21.5723
491.874	-434.974	8.96854
1300.73	1303.24	-22.8856
377.861	120.411	-11.2454
-958.986	1048.37	-13.3828
1189.21	-518.001	-10.1031
1393.35	-1131.66	69.5098
970.806	-163.658	-18.7286
841.652	-311.65	-14.1091
-723.749	132.206	10.3251
-32.7892	-1026.91	105.903
846.888	-656.238	16.9482
-648.791	1432.21	-16.6517
-1065.57	-280.618	-3.63679
-1122.21	-1196.97	42.5893
-645.003	472.531	-8.00045
-162.404	175.757	-9.81088
805.2	-362.893	-11.7535
-368.486	802.985	-13.4741
-210.781	-457.694	106.392
652.998	-345.644	-5.01001
-426.254	-310.72	37.3797
-765.571	-546.032	0.843347
-1404.46	-510.627	5.28357
-1172.27	-1168.03	44.1977
1285.56	291.27	-21.3941
1356.99	740.94	-19.7146
-174.211	-109.28	34.2562
236.317	985.075	-19.2301
417.505	-293.979	-2.09446
973.539	314.633	-19.1167
1233.57	-148.343	-17.4522
16.1755	557.642	-11.6534
-1115.15	-1022.36	45.1654
42.3983	1180.29	-18.179
-1023.46	-1292.93	50.3945
829.315	-435.565	-9.69699
-1283.29	-257.355	-4.12855
-1137.78	605.374	8.35518
-447.976	-1448.2	46.8021
-1121.14	249.234	-8.38488
-1053.3	-1498.02	70.6391
-752.645	-635.131	2.37823
-1131.53	-915.089	36.3162
-371.144	762.763	-10.5293
640.068	1385.33	-23.4163
-84.0504	960.676	-17.1035
-868.077	-332.503	-2.44131
189.734	861.104	-17.4661
546.566	-1495.47	22.5707
-912.017	645.203	4.62715
-472.503	693.605	-6.5909
740.146	1381.11	-23.9735
-604.84	936.898	-15.3597
-1253.55	-921.104	42.5088
69.9915	-1450.86	40.9577
-1061.44	-595.879	7.58762
-1169.57	-1167.07	44.1421
-931.821	-1471.45	46.6207
1000.37	-531.094	-5.48552
-1460.93	473.957	50.792
647.759	275.646	-21.143
-896.271	-646.057	7.10999
730.127	758.53	-19.8094
1240.34	-88.8236	-18.127
-639.177	-1413.01	48.9472
372.362	524.48	-17.0441
-152.71	771.551	-13.4131
269.777	-968.836	100.17
520.377	1152.56	-22.1598
-848.58	1216.63	-18.3391
-555.85	1113.18	-17.9274
67.449	816.647	-17.0679
1318.5	610.888	-20.5816
837.823	345.305	-20.7833
519.585	625.296	-19.8868
-557.444	-449.264	10.7186
912.786	1061.14	-13.1093
-1059.48	344.67	-2.90871
1396.93	908.021	-19.7129
367.42	-1202.26	41.6631
-1489.16	110.65	-3.5299
-1211.3	866.653	19.767
-460.321	-833.65	22.6901
-544.291	997.296	-17.4323
676.967	1301.21	-21.9115
-1273.66	-1423.83	86.6851
-306.059	-939.303	44.1694
-799.561	-1054.96	18.9482
1380.23	669.136	-20.5625
-1005.5	-225.973	-5.3331
-27.5866	750.992	-15.5503
-777.532	270.904	-4.63398
1465.09	-38.2519	-26.3292
895.024	-1030.78	70.9794
-555.907	622.485	-10.9109
1463.44	1065.44	-22.1825
1383.44	646.541	-20.5127
495.168	985.151	-17.4676
307.637	-506.026	19.451
563.905	-457.608	13.5159
-1304.42	348.867	18.9379
976.734	-1396.79	35.3202
1042.34	959.077	-17.4008
741.482	-1085.78	57.7692
-1249.02	-20.8108	-8.50109
112.559	-672.249	67.7337
-65.9969	-93.9799	16.8474
-1268.54	-1068.46	54.1155
-1489.16	-289.256	0.816851
-779.216	964.599	-12.2854
-94.3081	1338.29	-18.0789
-1447.51	-1477.4	120.142
908.516	-379.551	-12.1278
-12.7515	-1272.76	57.2278
-216.525	-1088.77	74.8419
-53.8739	-466.124	86.5826
1496.06	83.9374	-26.0841
54.8318	619.585	-13.3948
1377.79	526.273	-21.6008
-183.611	-1455.6	58.1219
1171.64	-1147.94	75.8244
-603.531	-1078.31	14.0676
-1097.44	958.538	5.75398
811.258	890.989	-18.396
1431.68	-341.231	-16.3151
1247.25	-860.26	12.3579
-37.6822	533.754	-11.7986
440.454	-1318.28	30.6536
-1302.17	387.145	24.7009
-1215.02	-890.093	35.3527
896.575	-1090.25	64.7626
-665.744	626.262	-7.42876
1161.72	-752.262	3.29382
56.7201	-714.621	87.2276
283.634	-307.9	3.54721
433.454	699.553	-18.7683
-618.784	-1191.88	18.1826
292.179	601.589	-15.8144
-683.647	-159.8	1.72151
-1329.91	1207.88	-5.98698
-827.09	-689.33	5.81392
-858.384	178.15	-6.60955
-1308.8	-1015.44	56.8946
-7.02227	470.344	-12.8392
-1106.86	244.684	-8.83345
-209.845	-609.566	107.129
127.389	-520.384	41.7389
495.825	615.247	-19.0988
920.782	972.021	-16.0362
-890.343	-396.06	-2.12413
994.188	-659.956	6.85005
-1234.79	-935.04	42.758
128.749	99.3751	-12.2711
707.507	-581.849	18.7194
633.081	807.47	-18.138
-140.152	-964.304	89.5461
1195.59	157.629	-22.5719
-367.083	960.782	-18.0707
735.692	152.094	-20.2611
-722.765	472.979	-5.19078
-1313.41	1470.93	-9.92008
1186.89	710.862	-17.3015
1074.8	-65.6388	-19.7262
-901.381	248.459	-10.0001
271.524	270.319	-14.984
-980.322	1303.09	-16.6874
643.474	-861.099	92.3069
969.003	1134.51	-12.767
-457.243	351.786	-9.64202
-583.377	399.127	-8.48255
-962.635	-870.708	27.0838
-1255.12	225.58	-6.50439
-1272.8	1436.64	-10.2109
-910.71	-334.642	-2.02481
398.653	-148.205	-7.0905
877.019	-537.292	-5.58769
-1229.66	-157.096	-4.64629
376.473	779.377	-16.1425
-493.891	-308.292	17.3195
1059.81	1272.74	-19.1373
-313.818	1212.48	-19.5924
1385.37	-1064.77	48.7075
-413.97	-1029.5	26.9378
-358.965	-479.368	63.0091
-1448.35	-774.049	22.0222
166.201	123.773	-13.5686
-212.732	335.547	-13.4619
573.936	225.719	-19.7611
355.249	331.412	-16.1588
147.27	662.522	-15.7678
595.892	-932.344	100.245
632.164	-76.8235	-12.5181
444.811	478.868	-17.8769
952.446	-1126.26	70.4379
-749.356	-389.087	-0.134694
849.602	627.995	-17.2972
-1283.67	538.254	28.2829
-18.5317	-708.08	98.4259
185.867	-1297.15	37.8332
952.361	1116.96	-12.5063
1325.46	-603.46	-9.49771
241.918	111.81	-11.8559
41.9059	-754.044	96.8834
222.396	764.387	-16.1521
-122.916	-491.945	102.107
-1054.17	168.626	-11.0923
1459.7	820.119	-19.9169
-1123.58	763.361	9.39392
364.456	900.216	-16.1854
1095.75	507.434	-18.8439
619.893	48.9064	-14.0931
-1308.57	1130.66	0.721164
-493.71	892.55	-17.1117
-233.595	664.814	-11.8065
143.348	1106.32	-18.8198
165.112	-547.905	35.0606
-635.924	576.992	-9.77227
982.581	1226.12	-15.0247
-760.958	-802.751	7.26115
863.718	1469.29	-25.7976
644.194	-1208.24	37.842
-51.1612	-300.772	67.377
-189.213	-597.55	116.416
-61.4776	-293.63	66.1151
1021.29	-1155.98	74.4659
777.775	1192.3	-18.4491
-1168.2	-1498.7	89.1363
1229.03	-953.181	36.6344
874.29	913.707	-18.2278
-608.355	-776.394	9.58729
783.039	-82.936	-19.9804
-1465.04	-1259.3	55.7068
1409.33	825.647	-19.1819
1232.9	-1123.99	80.7011
747.138	-446.181	-2.32207
870.892	-1201.92	47.1275
153.993	979.609	-19.6197
795.109	206.343	-21.6445
-1008.43	855.664	6.05055
-1480.78	789.086	8.17292
408.03	1463.15	-17.7244
-412.039	322.167	-9.83223
656.249	1132.56	-21.5986
-190.636	-1169.78	78.3351
303.963	1065.9	-18.3749
-202.792	669.421	-11.7554
-404.885	-301.966	44.2109
-72.8518	145.163	-11.71
-166.207	144.984	-5.83672
1299	1409	-27.6278
1422.24	720.45	-20.4666
-413.497	699.183	-6.95892
18.5626	-1016.8	100.404
-233.473	1078.84	-19.0268
173.849	-373.218	25.6337
-1346.7	-1021.44	52.8437
-366.668	-680.797	44.829
969.947	-1219.6	62.7522
549.993	-1346.79	28.909
-1439.75	677.912	9.6943
-916.761	-509.712	0.0585132
-1277.65	1206.52	-6.69903
455.975	458.166	-17.7592
422.681	-1495.23	23.8708
1264.56	947.399	-18.932
236.52	-273.308	6.12817
-1145.2	745.752	8.47213
-1116.55	608.461	7.52319
1399.71	-269.666	-19.6614
-956.053	1351.65	-16.1288
-947.757	-280.509	-3.61127
1033.62	-530.706	-5.13315
-436.962	-1049.92	24.8763
657.987	100.4	-16.5973
-1499.32	1177.38	6.4291
592.298	595.39	-20.6105
190.175	160.673	-14.5354
1301.74	687.358	-20.3127
-75.7577	-1431.95	54.2858
-793.634	-577.204	0.67955
786.41	-48.5377	-18.3171
-703.407	-877.99	8.93528
1019.1	693.361	-17.3227
-219.038	974.824	-17.6789
-1317.33	-1494.57	101.296
-938.748	-932.291	27.7363
1383.3	-332.098	-16.5908
-475.015	80.7363	32.0287
-947.811	483.386	1.35088
-666.878	819.389	-3.13001
1270.49	-1280.97	91.7614
-1287.42	-869.704	43.63
-362.224	160.454	7.20758
1132.74	-1212.95	74.8039
-1259.83	-470.221	6.38743
395.991	215.844	-15.2644
50.719	-678.981	82.7258
847.323	18.205	-19.7355
360.552	1115.5	-19.6249
-1111.71	399.49	6.05578
-458.483	460.713	-12.0128
340.973	690.031	-16.5478
662.455	-1223.04	35.9389
-1197.66	-537.988	8.27032
-607.284	-11.6579	23.898
19.3764	45.4736	-4.66096
-144.761	466.455	-14.6261
-857.262	934.749	-5.01412
812.293	-1020.28	72.7607
-46.5426	35.2725	-0.69575
1365.13	194.579	-24.3955
1221.31	-1450.66	69.5234
-1002.8	162.583	-10.5545
-1221.36	386.176	12.7751
-11.9494	398.616	-13.5242
-178.908	-1358.97	65.3822
867.143	-349.169	-12.7495
-1155.48	1159.74	-7.91689
-973.723	-1328.12	47.7996
31.1589	498.113	-12.4403
-878.786	-37.2207	-9.13617
-1201.39	-801.892	24.2336
-510.933	-1241.73	23.2334
677.211	763.742	-19.8239
-418.95	1415.33	-16.9323
1086.76	1233.02	-18.109
-941.02	1173.82	-16.1967
147.009	-1229.93	47.3892
1279.7	944.849	-18.9758
-1207.73	1027.15	4.91459
-1349.53	-315.725	-3.70436
-1307.23	-1132.92	50.7799
-154.775	1210.72	-18.3188
1127.27	-56.2057	-19.3412
-998.929	291.172	-8.49829
1467.12	-449.475	-13.0817
1347.88	-1470.44	79.3664
312.921	1171.01	-19.7585
-1300.77	398.537	26.537
-585.073	-718.99	10.5725
-1420.79	-220.734	-4.2906
-651.348	-71.9719	11.2431
1148.95	-880.706	36.8845
-1056.33	-1031.59	42.8503
-1354.19	531.666	38.6487
323.055	-127.592	-6.32188
-1.93804	-1208.55	64.5576
-477.705	-152.942	33.9636
-1216.23	541.073	18.1395
1370.85	-1077.93	57.9887
-1414.99	-1187.79	46.0425
-1247.26	-713.842	22.8699
1283.69	-152.822	-18.8569
1289.78	622.837	-21.1771
-432.968	1465	-16.4105
66.3434	951.227	-17.6518
-493.672	1128.38	-19.2761
1070.29	693.247	-17.4843
121.109	127.984	-13.7958
-698.177	480.274	-6.07928
-1165.86	174.571	-9.75339
745.907	-1363.26	25.0339
751.219	432.813	-19.9994
420.21	151.563	-13.4196
-485.293	-142.248	34.3771
1296.74	-1441.52	84.215
1377.67	1043.27	-21.3091
-666.058	-379.015	2.66693
-442.165	795.11	-12.1983
-559.207	-869.23	13.855
68.8027	627.455	-13.6936
-405.523	1106.16	-19.4594
-552.428	-813.666	13.9627
492.124	-701.242	78.4817
144.167	83.5604	-11.2946
1487.87	1065.04	-22.5212
-1347.47	-1384.99	80.4664
1066.28	1035.12	-16.7446
-1023.31	-775.401	19.262
930.042	1098.28	-12.2105
-59.3301	-1020.46	106.121
-1313.77	-694.188	26.9275
-556.464	1461.14	-17.5999
-576.948	372.241	-7.31666
-903.12	-613.814	5.59226
-392.874	1448.08	-16.6373
-1426.13	-829.599	30.6219
1430.59	202.889	-26.0181
-717.514	-497.953	2.27474
-1201.03	899.561	16.3502
-1034.07	-922.063	39.2288
978.894	-107.965	-20.2732
1373.86	-168.75	-20.6447
-1174.34	-115.021	-4.70781
422.813	714.64	-18.6202
-652.716	480.112	-7.78106
-1495.48	433.768	51.4722
57.2154	-210.996	27.7416
-1235.79	1150.69	-3.34248
1365.47	-1191.63	92.2964
874.197	-669.524	17.5613
556.477	664.357	-21.6702
-464.199	-629.856	24.1536
1402.45	-1334.73	95.8859
-493.213	843.298	-14.6911
917.056	-451.054	-9.84962
-1011.28	-1335.38	54.0299
9.55472	311.811	-13.4891
1379.26	39.4075	-23.2468
-218.516	-661.591	100.39
-604.71	-955.416	11.8969
-320.859	1169.1	-19.9879
764.251	882.629	-18.2244
-1095.92	1210.85	-13.586
794.1	-615.377	13.5925
-790.187	-1380.15	41.9988
-700.637	1369.16	-18.289
114.811	-536.206	46.675
-347.838	-1039.89	37.6514
-423.374	-750.417	26.8585
112.554	-284.331	27.5511
-1267.78	1176.5	-3.91518
463.981	-338.17	-1.27265
1318.07	-533.152	-11.3684
279.56	1063.3	-18.5763
519.341	-519.594	27.3363
985.361	-685.363	10.9586
-1119.22	90.3593	-10.6125
-440.099	-1494.52	57.6181
903.34	1040.56	-13.916
699.584	1457.13	-26.0187
-244.62	-989.242	63.9662
-1091.8	1361.59	-14.7783
393.621	1349.42	-18.2159
-868.361	-207.68	-5.99066
826.861	1360.4	-21.9758
-490.795	-511.345	21.7957
285.737	-588.389	34.2749
-1464.61	-614.83	12.1065
-559.067	-211.907	16.7398
156.425	239.461	-14.2559
-664.192	711.536	-1.89016
-1365.2	-774.103	34.025
103.209	-1247.74	48.3886
-18.3266	1039.16	-16.5311
1.12681	1180.15	-18.4407
1191.2	-498.706	-10.4661
566.916	674.529	-21.8487
-1045.89	-103.346	-7.09886
948.828	838.776	-18.7795
-852.686	1279.69	-18.1603
-136.008	-625.072	114.281
-18.0619	978.667	-16.5666
260.929	1118.39	-18.9982
-1487.15	930.361	20.5393
-718.575	-1110.05	17.5618
540.323	-859.447	109.319
-1294.68	-1039.86	56.8884
-1111.11	-1152.37	40.4952
-757.753	122.856	4.33757
319.732	176.742	-12.469
356.509	-110.633	-7.67374
-1350.18	1001.07	26.3144
-1393.3	157.256	-4.40218
-301.008	916.476	-16.8271
1430.48	596.07	-21.1318
-833.409	-1222.69	31.6913
-513.317	786.871	-10.8452
517.04	-1266.34	33.4171
-145.036	1309.8	-17.4646
569.581	-798.624	95.8944
-1378.9	596.235	20.5486
-598.739	-1368.54	39.3107
258.865	-1400.76	32.3513
-1132.19	147.166	-10.1529
565.938	-1243.43	35.3338
-216.204	88.4275	7.48252
-1343.53	1425.46	-9.11524
799.069	330.937	-21.2905
-1271.33	-471.01	6.07355
566.541	-608.979	49.9997
400.254	1492.76	-17.4286
-907.348	-648.019	7.80298
-790.71	1397.75	-17.2672
132.533	-251.11	21.3033
203.077	-1303.32	36.9072
-438.298	-518.585	32.8817
261.27	-880.969	112.125
1123.07	-178.215	-15.7858
-943.527	-1359.85	44.2404
-347.084	540.199	-11.716
-455.106	633.924	-9.43191
-1045.86	-756.021	16.5917
328.411	1218.76	-19.9494
233.662	-1259.08	40.0681
-940.856	691.164	3.96309
909.535	-1044.76	69.5894
-1191.73	-1411.52	78.8479
965.476	1291.95	-16.8507
1325.74	-300.123	-17.4584
-925.442	88.8421	-9.17816
290.459	-1317.75	34.4154
484.249	925.82	-16.041
-1380.9	-1025.28	45.6485
252.335	182.933	-13.8865
-1402.77	659.938	10.5526
549.312	-471.721	16.7221
-307.22	-389.446	85.1449
-875.882	1412.69	-16.3334
-84.7469	1282.22	-18.316
1355.67	-810.79	-2.18042
-768.409	1348.1	-18.7284
-1340.37	926.226	35.2214
1410.98	255.281	-25.9193
-1439.46	-549.838	8.99405
-1391.03	-511.263	5.84176
-1373.7	1387.91	-8.34908
-1393.56	43.8855	-6.58348
-490.718	-1066.09	20.1814
-20.509	-1419.05	48.2297
-650.682	1319.29	-17.7061
503.402	1024.72	-18.5825
-151.265	-497.659	107.863
467.887	-1484.89	23.2103
812.67	761.311	-18.515
-1290.43	624.491	11.623
1028.95	720.197	-17.8264
898.987	-904.359	82.0364
1326.93	1023.53	-20.2696
-518.533	-1476.6	50.4937
200.8	267.605	-14.4715
-945.954	-188.337	-6.43025
932.101	-512.854	-7.08739
869.32	-681.432	21.3484
-1439.29	-1159.02	41.9029
-1478.83	-1487.96	127.5
-122.062	-464.839	95.383
516.661	-1348.38	28.7811
-254.427	-1441.64	54.3585
-630.043	1171.19	-16.8841
-1406.94	-1147.48	45.4531
358.441	-374.259	4.30186
346.905	-621.779	44.7575
415.834	1129.68	-20.6424
963.366	-847.876	71.2175
-1168.72	1210.92	-11.4503
1327.89	-1184.8	96.1223
-128.691	1231.59	-18.1395
-1197.36	-26.9525	-6.78199
-1089.22	590.262	7.43046
269.782	255.913	-15.0029
1106.83	-940.694	55.2645
-1149.32	241.332	-8.60276
-1071.69	1260.18	-15.9268
-895.564	1401.56	-16.3021
905.03	283.979	-20.6077
-92.5166	229.486	-13.5113
1122.45	979.783	-17.9599
1381.05	-1399.12	96.1965
911.982	922.169	-18.1445
350.841	759.17	-16.0341
1220.79	740.884	-17.8103
283.542	950.898	-18.2315
-773.167	708.326	2.10716
1316.14	688.036	-20.2414
-258.709	61.5654	20.5824
-1313.79	772.398	9.18059
-929.131	-582.116	5.00327
657.296	1345.56	-22.976
-995.513	-836.483	23.7384
1450.07	1131.03	-21.3716
1075.75	1132.14	-16.2257
5.8338	1144.49	-18.015
989.404	-888.355	71.5616
1285.07	-870.025	8.1996
-1363.02	-165.343	-6.11723
491.097	1310.3	-20.3514
860.445	747.72	-18.3281
-881.067	1135.1	-17.2758
-335.891	-542.955	71.7582
1354.81	347.169	-22.2773
1497.18	-507.945	-12.5627
523.291	1381.33	-20.1771
-1381.27	-1272.78	55.5945
363.649	560.092	-16.7349
1470.15	1428.4	-26.1121
-476.59	-716.602	20.7068
581.469	-996.253	87.7162
950.915	-368.282	-12.6098
-1065.84	-1092.47	39.4883
1266.5	1265.31	-20.3688
121.349	-1255.71	45.8464
870.702	-256.14	-16.78
-656.569	-847.893	9.58663
26.9137	-145.255	17.6504
-38.5098	874.17	-16.6332
-157.587	555.263	-13.7961
410.02	908.901	-15.9078
869.656	-1218.88	44.4258
602.14	945.797	-16.3084
358.964	185.971	-13.019
-679.065	621.173	-7.20089
-470.544	953.855	-18.2975
-1444.63	-501.504	4.29816
308.927	655.748	-15.6374
-346.222	207.159	-2.30913
364.776	-561.888	31.7078
877.055	-1228.29	44.2202
-806.598	-898.134	12.1378
667.915	-1472.69	23.0761
-228.666	830.377	-14.2347
1360.61	711.62	-20.1135
-949.851	1376.63	-15.8373
-1419.08	385.465	34.9619
442.592	-763.294	97.4689
1363.57	548.977	-21.5536
-279.566	-825.263	51.292
-278.323	1050.63	-19.1738
1181.58	-1056.45	64.2367
210.337	1206.04	-18.1161
-351.833	-672.2	51.3569
1313.46	1304.06	-23.1528
-834.302	-1243.54	32.3146
257.139	-590.593	35.4899
1127.67	418.316	-18.7764
994.177	-113.325	-19.892
-7.29234	-342.137	70.8252
-161.59	-1222.23	74.3782
-1156.64	-76.2701	-4.87297
887.718	147.656	-21.7478
257.902	1325.42	-15.1625
866.876	290.395	-20.9389
-209.542	1195.88	-18.2855
-1272.31	-1289.53	56.3157
492.327	-644.188	64.1724
756.001	1243.27	-19.8765
-700.926	-871.525	8.79916
-1280.65	-1329.76	63.6212
-434.101	-422.186	35.6535
1078.2	449.149	-18.6102
-1025.99	1212.4	-15.0624
830.427	1381.86	-23.3862
-916.043	1267.54	-16.9937
93.8052	-1008.46	88.4855
-650.996	-247.226	2.54639
1148.09	-1123.15	72.481
-1017.21	-1272.6	49.8286
-269.239	629.538	-11.9693
838.526	399.621	-20.4332
627.391	297.401	-20.5259
1000.08	-167.924	-18.2412
51.6093	581.176	-12.2128
689.605	1037.87	-19.2276
268.747	90.44	-10.5711
177.873	-21.0929	-4.07447
212.153	506.609	-14.8055
-268.529	-1251.87	56.525
630.912	-1460.26	23.9945
-207.296	-1111.43	75.0678
1471.11	646.592	-21.0351
864.573	43.8936	-20.6275
-1275.59	-640.006	20.6067
-1437.24	-1460.86	113.17
321.534	1134.78	-19.8814
-601.047	376.171	-7.4589
553.232	1499.63	-23.7923
369.787	76.986	-10.5465
431.56	133.321	-13.3155
-492.992	301.746	-6.44068
373.199	-896.521	118.872
-1471.3	-1240.32	50.1942
-587.867	-40.8942	26.2186
-862.539	-192.324	-6.49861
1356.48	-1353.65	95.8328
814.044	1407.19	-25.2095
1208.69	-143.223	-16.9834
1007.75	-933.931	69.9432
-1056.76	-855.46	26.7829
39.0913	337.469	-13.5558
1455.89	-1298.98	96.9005
-860.026	476.713	-1.30962
-16.9307	1416.86	-16.8672
-774.108	-1126.37	22.4513
-423.259	-1448.5	46.9369
-860.59	-521.372	-0.878491
1109.1	202.056	-20.9326
-1316.58	-1224.73	50.5289
792.369	-205.592	-17.819
977.983	449.032	-19.24
1107.22	1198.43	-17.9492
124.497	102.507	-12.4443
708.317	-1007.52	79.7867
-307.853	927.094	-17.0359
-791.909	-788.389	6.74271
-1450.79	-496.197	4.03403
-408.387	1160.6	-19.6242
-931.88	69.7961	-9.00385
-487.441	1245.33	-18.4427
-311.509	230.21	-8.35807
-625.212	109.548	22.9812
461.801	203.945	-16.5114
1157.54	-737.227	2.89911
1324.51	-1.8235	-21.5464
-1122.26	-757.881	14.0994
775.083	127.828	-20.507
1383.23	-1278.97	100.072
-1449.53	-735.293	20.8194
-596.347	1411.48	-17.461
861.319	-1180.27	48.7933
-1014.15	-1106.41	37.0235
-714.551	-1047.36	14.7026
686.891	161.394	-19.5753
205.116	-368.236	18.002
147.988	1406.71	-15.2616
-950.326	630.888	4.48084
-348.859	-608.858	60.8838
-75.1274	1316.84	-18.2257
-239.153	886.485	-15.6571
1381.54	1319.52	-24.8718
-1299.88	854.481	24.2597
-221.569	1263.14	-17.3341
-1436.13	-150.549	-3.98259
-193.081	172.77	-7.51676
-107.823	689.16	-12.47
-1242.9	209.709	-7.66936
52.8784	336.847	-13.5393
694.947	-586.989	22.2582
423.648	-444.318	8.03062
-424.645	-61.4434	54.8397
-132.549	1397.52	-17.8432
40.7645	-1382.02	44.2536
784.386	811.19	-19.0124
141.443	-572.773	44.898
-1261.53	-1175.37	48.0153
-661.74	-1483.1	55.0493
1021.5	-374.016	-12.1067
1421.96	1108.06	-21.3942
1123.63	1431.28	-26.3357
119.986	-795.804	95.9906
-419.932	390.383	-11.2455
-1296.91	679.97	7.94372
157.048	-677.734	59.2813
-1411.86	1031.76	22.6132
800.194	393.016	-20.45
763.421	-637.695	25.6725
-1358.68	444.026	42.9011
696.584	1454.53	-25.8793
1381.27	-546.314	-11.5697
1019.32	92.5426	-22.143
1228.88	1494.23	-25.9451
-659.412	420.692	-8.4515
-222.115	-1055.8	72.8121
1322	-1298.51	96.1759
-470.196	-1107.97	22.4887
-964.292	87.8984	-9.55693
349.872	1211.61	-20.8064
-426.755	-851.297	26.0445
-1099.75	-331.858	-2.24857
-711.379	429.449	-7.79418
1291.12	1301.45	-22.6488
-177.382	1045.51	-18.5861
54.7862	-434.454	61.7039
-1067.62	-1450.68	68.9625
-1445.59	-307.301	-1.42633
-428.718	115.124	21.9289
598.521	-6.37106	-12.3662
-93.1747	-1170.43	84.2938
-541.354	764.962	-8.84847
1274.97	123.055	-22.3967
288.26	-727.393	76.0564
1243.15	-335.552	-14.9476
1196.38	-442.745	-12.3664
-518.542	-985.475	18.3813
1059.27	-785.942	28.1808
1214.36	164.671	-23.0311
-340.781	410.563	-12.718
-1119.34	46.7107	-9.04388
837.425	-1242.41	36.8712
555.632	-399.78	5.54868
-974.365	564.887	4.8548
-1133.7	1428.37	-13.4144
596.336	1493.38	-24.7661
-35.3072	-1237.9	64.7052
1284.06	686.612	-20.4075
842.505	310.443	-21.0033
-405.331	421.845	-11.8833
1253.99	345.027	-20.2323
70.3523	-800.38	100.566
1342.03	952.898	-19.5392
-1101.98	-1449.23	74.2291
-911.847	1176.25	-16.8022
1137.09	-181.269	-15.6669
1344.11	340.228	-22.0565
-973.043	-183.782	-6.45961
1197.99	1322.93	-21.5894
1407.54	-783.944	-5.55747
-616.911	965.231	-16.1215
1314.87	1075.32	-20.3881
-1221.74	-437.541	5.54821
1317.78	341.786	-21.3057
204.886	1215.24	-18.0445
1120.85	-1238.35	73.9504
-587.686	-177.884	13.9428
-858.001	-1485.02	43.5754
-227.524	-97.5739	44.7121
-404.162	1297.78	-18.4339
-1183.68	354.279	4.93048
936.623	57.8232	-22.1492
-815.195	-1114.15	25.7071
-322.007	-164.101	60.5387
-679.035	863.631	-6.8564
435.824	-152.531	-7.13799
276.074	1009.97	-18.2131
-535.618	-552.217	15.413
633.31	1226.31	-22.0748
380.623	-70.3429	-8.90797
-698.715	-365.695	0.923504
-1380.4	825.008	15.1355
568.399	503.357	-18.1729
1251.59	-866.922	12.6666
-449.947	-881.823	23.8378
639.255	-191.66	-10.4266
212.891	-924.145	100.342
1053.83	-1360.19	54.0985
919.063	-1106.59	66.1766
-1210.36	529.548	17.9626
596.392	-443.772	9.83636
99.2465	-306.921	34.463
-581.394	397.502	-8.41251
-1140.07	493.069	12.9879
-858.065	1178.59	-17.8184
715.69	-269.072	-12.9942
-1282.46	1284.95	-10.2707
-1185.74	-814.808	23.5564
1362.62	908.703	-19.1665
403.716	1096.03	-19.7997
533.207	-525.179	28.9906
-361.108	930.822	-17.8136
-1419.94	1320.42	-6.70062
1442.41	-330.361	-17.1558
-295.417	80.2242	19.9032
238.505	284.527	-14.7569
-177.55	-1014.66	84.7119
-1271.3	655.062	8.6241
243.155	-1334.84	35.0024
736.654	-1053.56	66.7639
-1437.96	272.203	6.19627
711.106	-16.3725	-15.0409
-40.3267	497.385	-12.3736
252.847	-1066.38	69.4387
-1182.83	-300.407	-2.23756
1338.3	1364.9	-26.5971
841.964	337.849	-20.7658
-1392.93	1107.55	7.03031
-209.107	1111.91	-19.0685
220.275	379.73	-15.2526
79.5085	151.315	-14.55
-854.525	-387.893	-1.81603
910.561	-167.253	-19.1653
-1144.41	-259.503	-4.00391
910.713	1130.75	-11.7427
309.043	-1107.85	60.2005
-564.672	291.39	-2.50405
138.452	-1335.4	38.0668
-809.629	-1325.03	33.1547
-1212.86	-238.038	-4.00989
-322.115	-338.813	76.1003
-576.107	647.122	-9.09004
1214.73	744.805	-17.8196
840.695	-922.229	83.1755
-503.439	420.959	-10.707
-99.787	563.709	-12.7008
-1365.34	935.079	32.3046
1229.55	-954.588	37.1934
-715.096	-1080.85	16.4998
-673.24	-433.923	3.06779
1.18608	-673.08	90.9135
-307.884	1471.01	-16.8392
-580.204	44.1271	30.084
-960.868	-149.302	-7.33699
-1033.64	1053.6	-11.3411
970.438	-669.25	9.63008
-598.974	-1082.9	14.3013
340.031	-119.627	-7.02755
768.653	819.827	-18.8484
-861.184	-1332.58	30.4665
1166.6	132.959	-21.2226
-823.6	-949.025	15.1605
758.853	-848.964	83.5546
741.619	-612.619	22.6772
1354.44	-24.1107	-22.6233
464.093	1439.69	-19.1741
-659.544	659.332	-5.53524
-1036.9	-359.726	-2.46867
1387.17	287.135	-24.4103
-1159.38	-1367.85	66.0497
899.992	-215.037	-17.9128
815.631	870.565	-18.7
-1018.05	70.5573	-9.69462
-1121.49	-561.816	6.31122
-371.295	-1238.32	36.6732
-884.457	-253.419	-4.48406
590.117	-26.7272	-11.7361
-164.352	-703.786	101.4
-1391.15	1143.49	1.24494
1066.72	1257.92	-18.6244
-173.162	60.2844	5.67556
1257.16	-731.441	-5.84426
-132.635	639.184	-12.8174
1286.68	444.221	-20.8359
-393.367	-573.324	43.7514
-547.537	-1155.36	17.7695
-625.464	664.138	-6.38395
1367.02	-1014.81	34.2097
372.41	-1034.33	80.9692
-1285.76	-1239.52	50.9355
-794.695	-1098.58	21.8175
842.873	-967.174	79.7556
1051.84	1485.98	-26.3395
771.965	-981.669	80.7692
-1352.82	-1067.21	52.1779
1421.29	724.79	-20.335
-389.8	-62.9858	57.2029
-1419.91	-123.937	-4.65092
310.019	110.809	-10.3391
-870.641	596.57	2.53467
731.075	-1489.53	21.6131
1030.14	-1347.04	52.8085
312.959	30.0838	-8.35684
101.575	739.814	-16.4383
1470.14	-1048.12	20.8105
733.686	522.927	-19.2707
-1360.55	611.841	15.5223
-900.952	4.75424	-9.07163
792.223	417.924	-20.4683
1428.75	997.299	-21.8787
-610.962	361.108	-6.58407
-1009.03	1111.6	-13.533
-126.022	1177.11	-18.5412
561.956	-952.766	100.427
-98.4002	-682.28	105.924
-268.275	637.201	-11.9616
-12.6842	859.654	-16.261
622.163	-429.869	5.84222
-303.071	1460.06	-16.9725
1310.53	1218.66	-20.6807
1367.25	738.403	-19.7399
815.073	-705.723	37.1272
1019.38	1481.56	-26.4924
419.104	1274.97	-20.4625
937.739	-231.263	-17.2527
18.0733	-410.695	71.9216
589.51	329.285	-19.463
-1236.37	-826.312	29.2372
-698.428	667.479	-3.29794
-929.762	-1073.54	35.7695
-1070.09	-879.625	31.6467
1188.02	-866.991	24.8701
1428.5	-671.249	-7.67175
-523.532	-1238.83	23.5576
107.651	-258.677	25.972
-701.142	1045.21	-16.617
671.916	-1429.8	24.1863
-966.82	-745.382	15.7932
1305.34	-555.145	-10.672
-979.327	1270.54	-16.7548
-355.433	-33.7112	53.2696
-719.859	16.7413	4.58906
-1457.73	665.301	9.98782
-1398.88	-659.646	24.193
574.445	-297.61	-3.86296
782.661	843.227	-18.6989
1015.84	249.939	-19.8957
525.377	448.349	-18.2065
666.611	-461.464	8.84064
920.7	533.269	-18.1758
851.554	-714.734	36.3597
-1422.93	-480.646	4.08563
657.825	446.923	-18.5299
481.741	788.681	-18.1546
501.982	1200.38	-22.715
-1467.6	-354.095	0.233658
1452.52	-593.223	-10.7498
-36.8188	-991.126	105.838
127.518	141.484	-14.4687
301.677	-588.376	33.8876
1141.74	-513.164	-8.8639
1150.72	1487.1	-26.5447
-1270.53	541.093	26.1993
1070.06	-1257.47	70.8544
-998.107	757.42	6.05839
-1308.61	865.477	26.3531
-359.029	765.895	-10.7761
-538.191	-888.329	15.6906
-1246.39	364.476	13.0215
693.36	1228.84	-21.9095
332.75	-400.38	8.26241
846.043	-1455.09	22.6397
-268.541	-919.463	52.8917
-550.541	-414.258	10.998
-80.094	347.372	-13.4033
-1064.1	-1014.36	43.9166
-1166.62	-444.35	3.77243
-1092.55	351.029	-0.455626
1290.72	-991.343	42.4827
423.181	-1080.97	63.0663
1101.4	-923.577	54.2412
929.803	-1297	43.5018
1191.15	-1329.05	80.1774
625.794	104.943	-16.1819
-859.028	-407.69	-2.12394
-937.108	672.042	4.09318
-289.274	-606.241	84.9194
-323.298	-655.892	63.7059
636.099	50.724	-14.5126
98.3937	1085.2	-17.2122
117.322	780.909	-16.815
-472.931	-1394.78	37.127
-819.433	-681.161	5.06928
-716.966	-51.7192	1.60094
260.747	1054.04	-18.7298
-18.6885	-292.131	60.4932
-899.508	-970.087	25.0731
286.906	42.0486	-8.58176
-246.629	1079.48	-19.205
232.524	-838.749	103.723
680.999	-1485.38	22.4275
671.374	-1218.11	35.9754
185.126	1247.12	-17.2104
93.7375	-907.111	101.278
694.194	320.687	-21.0062
1217.17	-161.017	-16.8242
-1068.71	-1109.96	38.2021
1434.99	69.6937	-24.7648
975.687	-39.4092	-21.9128
758.649	-1207.42	36.5048
-1403	710.442	8.86957
-822.012	973.178	-12.2369
-895.977	-633.855	6.39015
689.249	1127.76	-21.5509
694.101	624.449	-19.8016
208.753	535.655	-14.9218
1226.16	452.125	-19.7187
-770.874	-911.431	11.3117
-1271.45	-1457.55	92.6673
-1081.36	-1168.3	38.6589
-373.124	-760.963	34.7114
317.695	1384.44	-15.3165
-536.602	-1168.36	18.6914
-894.78	-175.774	-6.89084
29.3673	-98.8007	8.75143
309.726	1304.15	-16.9481
351.015	0.442487	-9.81313
762.899	580.186	-18.7729
-1209.72	1491.81	-12.0878
-506.64	225.463	4.43869
-1290.96	638.464	10.4455
-1236.9	1011.16	11.4815
-48.7042	237.416	-13.9486
24.6731	946.188	-16.7176
320.277	1414.54	-15.4819
1275.52	-85.7059	-19.6716
-735.523	-692.848	3.83092
-104.031	-770.552	99.4915
-1233.16	-913.798	39.7123
1209.52	-893.566	25.7271
769.338	263.726	-21.7353
27.1115	-1494.56	42.4866
-1102.16	946.861	7.97855
-1403.63	-614.622	20.2567
-394.86	534.671	-12.2906
1056.02	-1332.96	59.0314
-1446.64	806.517	10.3242
-1365.04	-820.649	38.5031
-701.282	828.036	-0.784916
928.48	732.195	-17.6905
108.963	493.103	-13.5348
-852.074	1313.54	-17.8751
-539.248	-272.694	12.031
-496.044	-785.128	18.2482
-446.259	-828.368	23.98
-1272.83	127.795	-9.3391
1352.01	575.808	-21.4688
-246.645	-638.637	95.7375
-412.672	-1053.14	27.3866
694	-276.605	-11.4894
133.045	-166.992	10.8707
1226.63	1478.15	-27.0393
461.214	1017.23	-18.0806
102.609	-110.994	3.55022
-784.414	-1394.35	45.1801
-1402.43	780.114	8.78989
1288.48	820.985	-17.7835
-1267.56	-1052.88	54.2183
394.448	946.929	-16.0615
-1426.19	1341.61	-7.01959
236.807	1408.51	-14.5378
-740.716	516.417	-0.450931
-1427.54	-747.621	26.1121
-468.673	-845.222	21.9557
925.973	757.527	-18.3337
-905.934	-577.29	3.58908
-74.9469	892.919	-17.1551
878.882	-1440.12	25.0746
-44.3416	731.907	-14.6795
-145.154	617.183	-13.0099
988.772	-1166.96	69.4963
830.784	646.277	-17.5628
88.3056	-460.542	49.8678
603.005	-774.228	87.4876
-510.379	607.391	-11.1378
116.366	-1313.16	39.2621
-962.084	222.366	-10.5178
688.494	-357.502	-6.05818
1268.2	1312.96	-23.0701
889.692	-146.848	-19.6597
345.95	799.576	-14.8311
192.954	-1430.51	34.7022
158.944	-1148.19	57.3253
1389.71	-1060.49	45.3644
1367.29	587.87	-21.3564
-895.404	710.304	4.30003
944.782	1422.19	-25.4499
175.305	-1117.9	58.0587
-669.982	93.9584	15.9217
-71.8532	240.818	-13.8848
-1269.32	1046.53	7.83178
1458.17	-374.098	-14.6133
949.232	-824.624	64.8603
-777.908	861.081	-0.0309092
-1160.38	1101.84	-5.38948
-129.956	-864.162	85.9603
-1163.32	-724.121	14.5299
571.81	135.291	-16.1896
28.5472	-297.256	51.2021
-1160.64	-182.916	-4.98833
1266.41	-122.935	-19.2038
634.003	-600.943	37.4653
-1303.17	232.714	-1.24548
827.275	270.062	-21.5127
-559.498	1069.97	-17.9273
177.381	-1047.3	68.7101
-848.244	139.646	-5.37591
-1098.76	969.548	4.33695
-1328.42	-229.042	-5.20094
782.752	-1314.86	28.3162
-916.801	384.308	-5.94123
-1328.49	1124.64	1.34297
812.809	1357.29	-22.0291
-852.274	271.391	-9.98423
25.9139	512.811	-12.0174
-384.585	-1285.75	35.072
1158.15	362.783	-19.5294
-847.023	1265.34	-18.3499
1271.52	-376.706	-15.3456
-962.836	-735.878	15.085
806.791	104.006	-20.5752
1028.72	185.953	-20.6965
-1410.44	-1083.25	41.3874
-162.428	1043.43	-18.5578
-1210.53	550.327	17.275
-1314.67	-652.49	22.6489
-244.399	394.457	-14.0407
-1132.58	-419.014	1.72741
513.325	1389.98	-19.9928
988.56	451.92	-19.2147
-351.613	876.44	-16.7084
1097.22	313.719	-19.1097
-553.02	379.689	-8.17804
-206.589	-934.3	71.0693
-28.357	-240.132	47.3044
567.247	1404.15	-21.7819
-105.643	-164.923	35.9652
-701.337	1139.12	-17.6405
70.502	624.912	-13.6422
1251.02	377.909	-20.0559
944.46	-388.653	-11.9113
222.587	1226	-17.7627
1298.88	-1195.72	93.0198
-416.754	-35.2069	55.8029
-1109.46	1276.79	-15.3693
898.362	-995.314	75.252
-275.967	695.338	-11.6463
-1251.92	812.917	15.1348
-10.0577	509.987	-11.8387
1016.52	-11.1811	-22.6646
-458.897	-197.578	30.37
1047.01	-160.456	-17.3275
1417.04	795.779	-19.0422
65.9987	-335.726	48.4006
1443.05	711.519	-20.9212
1370.29	815.603	-18.5899
339.721	-902.003	118.133
543.77	367.836	-18.9581
573.913	25.8263	-13.0528
1446.5	-1393.08	89.4715
-303.272	1083.35	-19.9029
604.388	224.493	-20.3918
581.895	-560.876	32.1998
-19.9186	1414.32	-16.9489
-505.08	-419.991	20.35
-1125.64	1044.66	-5.09332
1193.25	288.919	-20.6139
1185.49	732.095	-17.9378
487.482	-635.056	61.863
-1475.86	-72.7313	-1.67062
1374.74	454.423	-22.223
916.555	-1354.34	34.8928
-1077.1	-532.112	3.75688
-471.516	-267.979	23.2421
-882.043	522.437	3.26994
-1315.29	-1464.92	95.7996
309.397	1314.02	-16.6359
966.072	-472.709	-8.53555
546.843	796.874	-18.5283
1393	277.399	-24.8272
-1009.26	-786.708	19.5045
-67.8908	744.31	-14.2442
1138.7	-1179.42	74.1366
574.737	-1195.58	38.7089
-84.1569	-517.404	99.5946
1497.85	-572.794	-11.6999
-329.145	1329.21	-17.7942
1206.55	-990.328	51.3945
-1102.82	346.88	-0.442382
825.056	-410.381	-9.93817
1259.38	-1323.59	91.0142
-417.403	997.764	-18.5624
724.96	1294.27	-20.991
131.676	1042.44	-18.837
574.259	-826.682	98.3889
658.947	-315.951	-7.42875
-362.612	242.267	-7.82127
244.274	-1432.64	32.2065
-325.454	608.108	-11.3538
946.107	-1459.5	26.6986
-827.97	1020.31	-15.0501
-1184.12	-605.793	9.99701
-189.869	-1092.78	80.951
422.573	661.685	-18.0314
-1013.32	135.428	-10.4048
459.301	-562.461	37.4754
193.316	87.8446	-11.7903
-556.17	248.088	1.99889
1208.15	-798.156	5.70209
-645.872	1412.24	-17.2198
-1402.81	946.919	29.1657
-1476.83	540.696	43.8243
-132.058	-36.6275	14.4404
-477.489	-171.532	31.2002
-1462.17	257.61	3.61877
699.669	1373.66	-23.8931
1227.87	1452.29	-27.6424
-1447.25	921.238	24.1518
1147.98	-1082.54	66.7519
1391.88	-743.549	-6.15122
1193.7	1170.14	-18.6944
-718.031	-1209.02	22.7131
-34.6088	-314.04	69.1582
-667.913	-315.283	2.09593
-6.58954	-1344.29	50.1594
-746.98	1380.99	-18.2875
213.479	79.9452	-11.1709
-435.321	1069.82	-19.0309
-794.049	-1203.8	27.3873
1088.56	-722.156	7.83458
621.711	-336.382	-3.8153
-628.86	-935.021	11.1235
1159.37	998.602	-18.2736
1359.66	1357.35	-25.7665
-592.53	-1281.73	28.6578
251.138	-915.493	106.996
980.703	684.67	-16.9524
-1240.07	-215.289	-4.25497
1092.25	-402.105	-9.26684
-1124.98	671.52	6.44278
-1290.01	-48.383	-8.23472
-772.221	861.031	-0.538907
-231.154	72.1752	14.0395
111.439	1457.52	-15.9303
513.68	-433.926	9.55318
972.972	251.198	-20.2182
152.555	-720.524	73.2645
-770.12	-861.946	9.46938
653.225	-220.45	-11.1263
218.801	-734.92	74.9633
824.599	435.629	-20.5564
-39.9229	-1425.76	49.7063
-80.2388	-259.752	58.0601
663.776	-887.356	92.4152
215.534	625.509	-16.0326
-657.277	1002.27	-16.306
650.27	945.107	-16.0549
417.677	715.829	-18.5013
245.688	-35.5925	-6.53583
-516.723	-759.81	16.4269
-2.3016	1037.7	-16.4338
-317.885	1268.34	-18.2091
-465.192	-1260.94	26.2068
1077.92	1192.68	-17.6476
-1444.19	-774.62	22.9898
264.107	-683.402	58.5552
482.215	-817.96	108.493
1319.93	966.071	-19.4908
655.725	-1027.33	75.8235
363.167	378.206	-16.3581
-697.055	-1110.41	15.8181
-1480.8	-1486.49	127.326
1343.43	-642.748	-8.1195
-1427.24	960.122	28.1402
249.034	-332.363	7.87144
-1405.98	1004.55	29.1088
-1054.56	150.697	-11.2254
-1451.04	1095.67	13.5
238.946	-711.693	67.5498
-1035.07	-540.03	3.82495
434.217	-1136.43	51.7074
947.958	-1075.91	68.2334
494.869	-211.303	-6.06417
-1106.58	353.007	0.506165
-565.348	-483.782	11.0687
-776.251	-175.472	-4.47695
1047.06	-633.552	-0.64961
1129.54	646.338	-17.3395
-363.525	-1269.57	38.2999
1121.08	-679.379	-0.226084
-1129.86	-696.847	10.5895
87.6871	-425.021	50.5095
-1264.98	-1161.92	48.8472
1398.14	1276.67	-23.8813
-904.74	-345.385	-2.0211
-677.711	400.276	-8.83691
1463.24	-416.786	-13.6912
1348.23	-100.83	-22.3411
1206.52	-1029.88	59.4767
1429.67	46.2596	-24.4168
1078.64	18.3012	-22.0384
1413.25	334.745	-24.2171
-163.744	494.653	-14.8466
37.1421	-1225.74	58.6944
-1426.31	1316.21	-6.55668
-1031.8	1411.02	-14.5706
114.738	151.526	-14.917
1273.75	-1274.36	92.3084
-651.704	-852.778	9.93353
1488.6	-1223.46	85.6507
1362.43	-540.749	-11.5412
-919.238	1451.3	-15.7867
-1474.24	1420.84	-6.41552
31.2551	1391.99	-17.1926
1483.08	492.269	-26.0656
-501.567	1377.16	-18.7183
-164.21	709.131	-11.5227
-46.0602	812.753	-15.9943
808.049	1335.5	-21.0255
1390.81	-180.581	-20.6599
-555.964	-231.968	14.767
1438.15	981.432	-21.8994
1309.48	545.219	-20.6391
-421.217	113.435	21.5771
550.459	378.331	-18.8813
-350.029	1075.82	-19.4916
-781.34	-1336.71	36.1089
-1015.78	547.032	5.73794
-771.667	1277.01	-18.4036
627.667	307.823	-20.3723
-402.661	-717.911	31.8092
-1483.34	497.184	50.4316
-930.609	626.309	4.58877
-1227.28	-562.415	11.1118
419.245	601.748	-17.6589
-1158.04	-1447.13	80.4271
-1461.09	-898.95	24.4484
1006.65	-857.555	66.818
-697.123	-510.175	3.39141
-629.109	1155.39	-17.1392
-1007.87	-142.802	-7.35377
1120.47	281.068	-19.9442
-1026.38	-983.694	43.7323
-91.5587	-1290.53	66.8499
-1353.9	1170.05	-3.01662
649.904	-569.461	27.578
-1295.31	-1151.55	49.894
592.443	1492.92	-24.6675
131.297	1402.24	-15.5349
38.9995	61.939	-6.27811
888.527	1198.52	-13.0762
-1305.97	1486.45	-10.1732
-868.903	123.627	-6.72855
1333.67	912.595	-18.9242
-964.344	732.104	4.19304
-971.832	-104.389	-8.45138
-48.2122	804.943	-15.7579
1112.79	1096.8	-17.0362
-465.07	-951.73	23.0185
131.558	-1027.86	80.0917
361.315	1164.17	-21.0491
-996.917	-1337.05	52.2221
757.236	1377.45	-23.7494
-307.339	-525.551	83.2958
494.835	-32.2005	-11.0559
1465.25	874.848	-20.6731
-580.732	1029.8	-17.5035
486.624	171.764	-15.7094
-122.575	-485.194	100.962
899.725	1017.25	-14.716
336.345	-1361.79	31.4649
1275.01	-936.974	24.3729
-1208.45	-328.409	-0.878515
-1475.27	-448.285	2.21017
725.854	278.89	-22.0942
-1129.47	623.752	7.2864
178.443	-1037.53	71.711
-66.8713	-514.037	95.9547
163.263	867.206	-17.7224
-114.184	-253.538	59.2004
-162.64	-1474.87	56.9881
-467.57	-770.129	20.9091
928.891	-903.079	80.7232
-1083.95	1151.94	-12.2213
-538.761	-1387.18	36.6519
-1137.51	-1308.58	53.4997
-529.737	838.032	-13.6517
988.307	164.304	-21.1038
1359.04	-55.8636	-23.3176
1275.54	809.763	-17.7912
-1400.69	-1216.19	47.7923
-1054.73	-814.877	22.4471
1093.67	-311.92	-12.1347
-769.816	748.971	3.99361
504.893	816.549	-17.4915
-594.077	1217.89	-16.6231
-324.319	1093.65	-19.8244
1238.53	-858.124	13.3327
696.466	692.723	-20.7512
-1075.39	683.141	5.91054
-1389.22	-1257.54	52.6072
-1317.59	-885.055	42.9351
1000.64	1470.59	-26.5923
-317.992	446.36	-13.1307
-546.984	-946.521	15.6906
773.752	-376.986	-9.27217
-237.642	-1236.86	62.384
808.075	266.337	-21.6107
674.068	934.097	-15.8078
-1044.06	-1193.79	41.865
1426.58	795.481	-19.1645
1477.53	438.381	-26.0041
224.712	-261.864	6.95023
-200.379	426.409	-15.481
-464.052	-393.655	27.2914
-1411.95	1381.2	-7.59781
-952.175	861.357	5.79757
1447.63	1137.02	-21.2482
192.217	-1215.7	45.2558
-916.821	-1225.3	39.3215
1048.12	-948.886	64.9887
-1114.92	289.686	-5.71682
-1070.88	1393.46	-14.4902
-1401.15	1412.92	-7.79592
-817.722	-1360.53	36.2894
-1428.67	1.11597	-4.68527
-1162.21	-102.302	-4.75165
-642.597	-1490.46	54.1069
129.825	-891.303	100.867
-1497.91	839.929	11.5644
260.919	-260.33	1.87675
151.41	-325.523	25.6677
-1448.43	-1306.96	68.5044
129.217	603.091	-14.2385
-149.905	425.688	-14.4306
507.816	-1457.34	23.8889
1325.66	-993.232	35.9849
601.785	383.178	-18.7325
-416.585	587.601	-11.5339
647.226	637.856	-20.9934
1097	-1143.95	69.7926
1050.27	-642.34	0.326902
-903.152	-193.981	-6.42168
-1441.48	-1368.05	83.6402
930.69	584.629	-17.16
-862.019	393.182	-7.60895
534.444	-745.838	87.8481
1219.07	-29.7846	-18.4145
1439.97	-772.83	-6.24973
831.308	754.219	-18.5146
1303.61	34.9855	-21.3763
545.252	415.455	-18.5174
-1003.7	473.1	4.89756
-170.945	-1119.93	83.0741
-1157.77	1051.34	-3.28523
384.652	-385.254	3.92991
-486.981	-1232.44	23.6795
-589.013	-188.275	13.716
-1013.34	-531.183	3.12799
252.237	261.958	-14.9195
794.853	-343.874	-12.2806
-242.893	-1112.4	66.3916
-1306.42	-553.496	11.282
247.818	458.26	-16.1597
1200.58	941.136	-18.4396
595.044	776.042	-19.5634
-622.488	-220.372	8.02139
1419.45	532.592	-22.7975
1242.99	-937.939	29.6676
-1054.79	-85.808	-6.69198
-1484.09	-677.388	11.4105
1284.46	-562.273	-10.2445
-1113.61	-1157.53	40.8434
352.385	-388.835	6.27205
-289.902	63.4816	23.9989
-238.606	972.372	-17.5861
504.624	-1194.45	38.8654
1306.5	-331.086	-16.0494
1335.73	946.491	-19.4301
-515.705	-635.279	16.0841
1407.28	-1493.27	76.1304
-1447.89	-501.883	4.25045
-16.125	-1064.36	101.501
830.24	879.165	-18.6132
-521.072	-1374.54	34.2405
1114.34	-142.838	-16.7979
864.433	635.681	-17.2508
-70.4565	1110.59	-18.0535
1287.46	-1186.34	91.166
-695.254	-892.269	9.73981
347.897	-403.504	7.82752
-892.974	388.64	-6.63443
1289.87	232.881	-22.3567
-124.028	962.937	-17.5777
366.685	-1238.05	38.3784
608.454	151.005	-17.6245
-1031.59	883.439	9.49092
-1433.51	1017.76	25.9456
-775.571	-571.303	0.813084
-588.075	-1071.76	14.904
1066.33	-514.261	-6.45063
-263.98	543.949	-12.4108
638.301	519.134	-18.6005
129.247	629.223	-14.7574
-1092.38	1466.55	-12.942
-295.749	-1035.93	51.0233
-460.098	848.408	-15.5515
790.252	-1150.03	45.1018
1332.85	1195.92	-20.8729
853.807	-141.207	-19.9848
777.364	-412.945	-7.36716
1401.41	813.954	-18.984
-633.424	209.159	7.46983
-624.006	-798.057	9.02723
1192.73	-402.011	-12.8275
1344.13	-316.319	-17.4227
1391.55	-545.107	-11.6667
1245.25	-261.511	-15.5881
-1132.38	1022.28	-1.00762
-276.098	-742.992	63.0809
349.014	855.249	-15.8149
-1198.48	-1067.91	48.4979
-533.539	844.89	-13.9616
897.795	-549.933	-4.82861
-1132.22	-935.517	38.6541
1282.79	363.365	-20.3472
-39.3884	415.1	-12.9711
869.416	-1174.01	51.0146
-982.488	1299.33	-16.7239
1310.16	-25.3844	-20.7562
-50.9467	-510.858	91.2086
511.599	-723.103	85.0439
140.325	670.384	-15.8401
256.5	-275.784	3.3781
-1419.11	-1348.29	74.6305
-1225.27	1077.8	0.0932767
1442.57	1310.4	-25.6458
-234.723	441.26	-14.724
-27.9193	847.866	-16.4422
1015.68	-325.102	-13.8918
-1429.27	498.546	47.5093
1107.61	798.89	-18.8865
497.551	-944.59	108.296
-1166.26	-321.555	-1.54775
-546.39	942.48	-16.9568
-559.014	892.739	-15.4206
708.557	851.408	-17.7409
-763.321	-381.706	-0.642015
-193.4	-1358.88	65.6131
105.83	-1300.82	40.8206
676.151	-426.003	2.36276
207.348	1199.86	-18.2189
-282.888	449.855	-13.8275
902.362	-595.365	0.300055
-34.0144	-140.805	23.0371
629.839	1494.37	-25.5326
835.146	-938.36	82.0255
-733.576	-649.179	3.07514
247.772	193.249	-14.1729
-1228.21	794.816	12.3421
252.763	1258.38	-17.0391
1435.85	-323.842	-17.5832
-1186.01	480.779	17.4334
751.279	429.419	-20.0223
-168.446	-889.861	77.4345
22.9069	-238.8	37.1354
-1118.36	94.2881	-10.6043
44.8293	976.191	-17.2196
1234.81	-419.055	-14.0283
-900.288	261.731	-10.335
-1460.28	363.016	29.0939
-1424.66	-1120.7	41.4597
68.5798	320.006	-13.3304
890.186	-83.7162	-20.025
-1335.23	285.005	8.09423
693.88	-877.563	89.0739
130.921	88.4323	-11.452
-415.965	345.685	-10.4486
-1374.17	-875.303	37.0251
1409.99	-151.405	-22.14
-357.023	-8.62543	48.1994
-1498.2	384.294	36.3839
-14.6389	-1494	45.3409
-1149.7	-419.919	2.34621
-811.57	1234.35	-19.1186
571.081	699.842	-21.3982
866.965	-1422.42	25.5697
1063.58	-716.408	9.27692
-807.467	150.485	-1.58171
794.779	-175.24	-19.0964
456.555	854.772	-16.3813
-331.721	675.024	-10.6043
-106.929	14.8314	4.16689
643.539	-326.87	-5.74321
1097.34	-256.201	-14.016
-857.409	-46.8709	-8.07051
225.892	-1226.9	43.2447
-1013.52	-1019.09	42.4919
-553.193	-236.913	14.5252
-631.678	1280.99	-17.153
1407.07	-1350.72	95.0085
947.695	1470.17	-25.8084
-1477.58	-1087.29	27.7025
1260.9	-690.31	-8.38015
-604.786	315.765	-4.66218
1371.6	1186.2	-20.6955
356.793	359.071	-16.1477
-101.63	-9.01262	6.98845
704.835	-462.155	4.334
581.809	-1385.42	26.7598
394.234	686.715	-17.7786
1112.16	-910.372	50.09
-162.635	-1169.09	83.5199
-317.124	-57.3971	54.9774
559.475	441.989	-18.3297
-1058.04	1209.65	-14.3146
-811.713	-1278.17	29.8892
-1378.32	-79.6002	-6.32135
-1083.47	-572.474	5.54838
-220.503	-1249.93	65.5845
1439.58	1404.54	-27.1777
920.988	-74.1488	-20.5883
1412.12	1137.05	-21.1164
-862.974	-604.793	2.96593
591.236	-1217.32	37.2241
-1357.08	-1033.71	51.0449
280.188	-349.669	6.12549
283.223	211.303	-14.3172
-1424.59	-1237.72	49.6481
-114.864	852.851	-16.2133
236.051	1430.94	-14.9516
435.053	385.691	-17.3138
433.22	-478.875	16.5411
-259.148	649.596	-12.0286
-977.838	1296.26	-16.792
-1114.97	900.756	11.7081
1031.41	-43.0525	-21.5124
-1024.37	744.343	6.02416
1365.9	667.144	-20.4718
485.972	-920.571	111.912
-1450.35	-383.177	-0.462779
1295.34	-872.852	7.43419
748.53	-21.837	-16.1598
-575.93	977.104	-16.8178
275.18	630.221	-15.8436
665.578	518.824	-18.8079
-1234.18	-1449.06	89.6208
133.117	-241.982	20.3368
-653.562	400.655	-9.01087
954.574	-921.34	75.623
-923.957	686.026	4.127
-1042.29	-1160.2	37.7417
794.657	-858.208	85.8348
474.134	-733.488	88.7022
-660.724	-760.079	6.38042
-635.502	1444.99	-16.7998
-1498.46	-1147.49	33.1263
-397.203	-1419.31	40.974
-728.623	-793.861	6.91338
776.431	802.388	-19.1305
-1350.33	-621.44	20.0836
235.641	-357.959	10.3257
926.8	-419.899	-10.9192
617.587	-1114.89	51.1618
682.36	-224.399	-12.8373
-396.986	951.997	-18.1834
-222.122	273.848	-12.3729
570.395	-1101.34	54.0771
-587.991	-52.6904	25.513
-1237.88	-1152.34	47.3582
-1245.9	569.342	18.0705
-527.72	1122.6	-18.3616
-1347.72	1436.1	-9.05913
-1044.08	-800.164	21.2858
-545.711	324.395	-5.85461
1037.96	-93.856	-19.6408
-1199.49	-462.078	5.51395
-231.122	886.683	-15.6745
-150.994	299.301	-13.5985
1151.32	-1096.99	68.9133
-29.5028	1427.38	-16.7991
-437.698	-870.019	24.9342
-33.4411	849.789	-16.5196
-88.6722	584.799	-12.833
431.089	394.201	-17.2203
295.135	-1487.72	28.1824
813.451	1429.47	-26.7712
601.845	-853.777	96.9707
-981.766	-1209.66	41.7974
486.762	929.458	-16.1334
1486.45	-1421.05	83.1897
224.779	-1356.07	34.6534
703.212	-319.018	-9.88008
852.741	494.457	-19.389
1101.78	202.135	-20.8298
-1002.28	1289.04	-16.7326
414.966	193.836	-14.9052
795.403	-105.319	-20.5893
344.987	-942.544	111.507
-676.706	-1354.1	42.9848
1213.64	-1270.23	84.876
-807.898	1184.79	-18.8189
-811.09	910.609	-4.30709
-33.2302	-1384.85	50.8601
-535.533	681.517	-7.02862
158.348	-1417.62	36.3599
-61.6097	348.101	-13.3669
-641.403	-1104.32	13.0885
-348.314	-464.328	68.4721
1013.86	-302.373	-14.946
-442.156	226.271	0.297466
616.938	-323.678	-4.36293
283.137	522.581	-16.1187
1268.89	-1225	90.0375
25.828	283.806	-13.8286
349.784	401.829	-16.5818
1010.69	1399.88	-24.2225
-1274.72	807.419	13.2167
-266.592	-892.429	53.082
196.544	-871.873	106.937
656.089	-1312.86	30.0749
-1136.27	1490.69	-12.8324
1400.59	1222.76	-21.7494
696.939	1299.26	-21.5295
-895.234	-522.108	0.00388361
339.133	-1475.02	26.7093
-638.739	664.669	-5.90534
99.4229	953.02	-18.3846
503.26	-766.28	94.0969
1264.05	1483.05	-26.801
-599.266	802.174	-7.71827
-591.955	-662.084	10.0807
801.941	-326.787	-13.0229
1108.09	1464.23	-26.1462
-1173.95	1430.54	-12.6187
861.96	237.054	-21.4207
-1293.84	732.473	7.06304
-1472.34	-1384.41	93.2668
-820.028	1345.89	-17.9296
-459.3	-1316.88	28.5871
-420.72	1153.32	-19.6062
145.222	-992.141	88.6543
460.352	576.032	-18.4878
-1416.58	-30.201	-4.83188
-1221.87	-659.296	17.0899
-110.835	893.252	-17.288
-208.891	303.705	-13.0364
567.691	1325.49	-21.4185
-433.95	414.125	-11.4997
634.339	-1040.28	72.4812
-637.785	1245.65	-16.9452
-306.069	1082.68	-19.8878
-705.897	776.85	1.68669
1377.49	1118.87	-21.0425
-1000.86	935.522	0.638793
-237.293	1217.89	-18.4191
-1006.56	963.247	-2.62688
172.191	-1233.93	44.8397
-1372.81	1275.9	-6.99284
652.869	1336.98	-22.6602
1460.43	-374.087	-14.5578
708.649	619.239	-19.4077
-1249.37	-1154.05	48.1076
-1445.66	770.911	7.43645
792.714	1332.85	-21.4998
798.174	-127.311	-20.7627
-249.333	1030.59	-18.6119
486.46	-348.303	-0.282112
313.58	-960.791	107.367
-1356.18	-1262.5	54.1673
778.557	1438.03	-27.22
795.869	624.831	-17.9228
1477.79	590.383	-21.7306
816.165	-459.191	-8.56221
-1495.01	537.507	44.3891
-340.179	378.777	-11.9964
375.782	110.981	-11.2246
794.932	16.1906	-18.3143
379.728	1399.03	-17.475
1412.11	-1165.38	76.2148
1348.07	-1309.11	97.2118
-1150.78	1397.01	-13.2141
1003.98	100.26	-22.0945
1130.23	-608.68	-5.3035
770.426	980.304	-17.8449
-1372.41	-736.078	31.7608
682.426	-557.788	19.2653
-1407.91	-420.405	-0.997242
-131.093	379.383	-14.212
-913.748	559.67	4.39216
86.5733	-135.028	9.66041
1103.03	1276.13	-19.3255
-1063.77	-434.711	0.573029
-451.245	-580.492	28.0768
1110.4	1134.07	-17.3955
1380.8	779.93	-19.1013
1461.5	-1105.24	43.0137
235.439	678.306	-16.0078
-1340.38	-145.516	-6.77225
1226.73	351.342	-20.1169
-212.493	-60.5158	34.4205
-1059	647.502	6.09184
-895.13	924.493	-2.4316
-20.5332	1075.57	-16.5643
-480.301	865.768	-16.3029
800.683	342.709	-21.1496
-914.638	681.536	4.26249
-452.362	1047.84	-18.9528
-1104.65	968.701	4.94355
385.551	411.485	-16.8411
-227.759	-535.535	112.196
1177.11	73.687	-19.7195
-1087.14	775.28	9.09259
-477.819	-1266.25	25.4705
870.242	-911.293	82.991
-1014.94	940.422	1.16981
-696.491	-793.107	6.81178
-836.776	-523.189	-0.820602
1477.77	-89.3516	-24.1182
840.228	386.955	-20.3643
1320.55	-475.238	-13.3114
393.178	-711.354	77.1963
1209.58	1271.95	-19.6588
-1418.28	-497.891	4.6673
-918.542	-734.594	12.6005
1103.5	1443.73	-26.3303
1106.2	-28.1318	-20.5255
1159.68	-191.921	-15.4809
-327.43	361.427	-11.8773
-1439.64	-1120.93	38.7471
282.683	-1302.8	35.2187
-246.197	-644.175	94.7076
126.832	230.113	-14.5978
232.076	-412.398	15.4308
967.859	-752.324	35.1577
-752.966	332.821	-8.27915
532.726	-990.275	91.6807
1372.84	-1297.55	98.4314
-729.116	-1426.07	51.8075
-750.589	-431.852	0.199651
600.229	159.527	-17.784
-618.145	-309.853	4.85242
1108.4	154.443	-21.0408
-726.992	210.296	4.45418
1243.67	-664.992	-8.0909
-1445.02	946.657	25.4182
68.1789	421.105	-14.1581
-17.5237	766.902	-16.0335
-1178.39	1443.82	-12.6314
843.321	1430.57	-26.6494
264.722	-611.632	40.3227
446.786	-1342.26	29.4848
276.035	1159.3	-19.2717
411.291	-1465.57	24.9658
1460.45	41.8917	-24.8156
-225.225	524.348	-13.2636
-1496.53	1025.74	20.4851
-129.946	-51.8965	16.3938
1048.97	1225.19	-17.7161
1162.77	-214.92	-15.0525
-537.745	1466.98	-17.4322
-1391.33	1381.35	-7.99275
1121.58	-1437.46	52.5335
297.445	-74.5757	-7.69826
97.1264	579.417	-12.9997
898.302	1406.48	-24.6561
-779.613	1263.44	-18.6547
78.317	1376.94	-16.4664
1453.68	1200.24	-21.2133
642.236	421.291	-18.5365
-1245.16	-734.067	23.9549
199.542	-721.286	69.7069
-866.097	-424.355	-2.34979
1381.89	-448.297	-13.8511
-1226.12	881.737	19.2358
219.193	-826.462	99.4661
1436.62	-964.698	5.59292
48.8319	-974.127	99.0861
-1414.95	829.119	13.5162
-1366.29	-1120.44	48.7884
-1271.68	-1207.79	46.8031
-966.19	1381.71	-15.5933
-216.335	716.145	-11.3745
-412.889	-842.669	28.094
1033.39	-399.247	-10.9581
620.658	392.562	-18.7338
684.063	-1400.53	24.9294
903.915	-848.707	82.673
363.467	905.297	-16.2161
-959.178	712.866	3.34032
518.211	-392.441	3.63896
1133.1	8.61182	-20.1579
-1449.74	777.097	7.88357
194.409	603.927	-15.2052
1210.26	-532.78	-10.2775
-876.04	1104.77	-17.0962
1198.21	1447.66	-27.4347
690.916	1036.44	-19.1872
-1457.8	1187.81	0.342481
961.832	1009.11	-15.3467
-305.733	-472.973	83.0844
90.8206	728.187	-16.289
1280.77	1068.14	-20.0062
-122.722	-1465.91	54.5534
-380.156	-298.313	52.5807
-259.73	1093.89	-19.4862
593.432	781.083	-19.3278
-846.021	-1115.2	29.3092
103.837	-326.793	37.4253
1017.91	-1005.75	65.3914
-1482.31	-399.494	1.16878
-1401.37	-548.679	10.862
-49.1872	216.023	-14.2337
-436.942	422.556	-11.607
-978.386	-822.397	21.9538
1110.2	-943.187	54.9608
-1452.77	-59.594	-2.84383
-75.9914	-943.894	100.402
445.41	351.014	-17.6
1129.53	178.483	-21.3614
1005.61	1459.24	-26.7398
1432.17	-680.585	-7.64513
597.619	240.298	-20.8933
319.293	1452.98	-15.4377
1189.85	1346.81	-23.677
245.563	-1276.11	38.311
-1281.67	1037.94	11.1595
752.637	1128.33	-20.1709
-1493.74	1246.25	-2.19108
877.63	897.37	-18.4693
1306.23	-373.158	-15.0896
-1217.81	1184.28	-6.93651
-848.984	-1173.65	31.9429
-1130.62	808.981	13.189
1348.2	584.434	-21.1785
1108.88	-3.45791	-20.8402
929.76	461.623	-18.745
-229.216	-97.0972	45.0362
1448.67	-600.175	-10.4599
185.407	217.655	-14.6657
-1198.75	1075.63	-1.84692
-145.026	-1199.26	77.0289
270.278	502.512	-15.8129
402.522	-459.981	10.395
774.14	908.073	-17.9866
540.477	1143.23	-21.9087
-690.731	-1202.16	20.8026
-1312.34	-771.748	34.9069
971.255	1072.23	-13.8833
976.458	-711.722	17.8721
1254	662.387	-20.3276
-321.662	24.1601	37.7705
-1360.65	240.313	3.73531
1186.88	454.258	-19.2442
-1498.41	1377.41	-5.9549
796.243	1050.51	-17.8485
-240.734	1032.96	-18.6138
-427.542	-381.17	38.0623
913.42	457.436	-18.5699
129.806	841.132	-17.1947
1490.19	284.385	-27.7039
221.545	173.854	-13.9204
-402.394	-394.168	47.3341
1220.13	1445.28	-27.6329
-827.029	75.4204	-3.91109
161.902	-47.6025	-0.920881
-1356.62	-1468.17	102.158
-1407.34	1149.28	1.54316
-391.648	1312.01	-18.1076
292.695	-652.363	50.1453
-382.562	-1248.99	34.5816
-534.676	-70.6498	35.5525
-916.814	-172.423	-6.90609
1062.17	-1437.94	41.415
-816.885	932.659	-6.95382
1300.82	1230.79	-20.52
625.472	-270.303	-8.21893
-550.816	-1261.21	24.4095
1278.89	-631.888	-8.70116
1107.73	1009.53	-17.5761
-967.418	-757.434	16.5407
224.338	1186.4	-18.2496
-1373.62	1302.86	-7.29745
454.262	494.798	-18.2585
-1401.79	-389.062	-1.93468
-1368.22	-1455.36	100.805
-271.602	606.184	-11.9987
-1258.31	-922.745	43.3371
545.406	-630.679	57.4209
-92.3426	-409.749	86.3573
977.012	1003.62	-15.645
-1459.33	-1463.82	117.738
-887.756	-1219.69	36.5526
780.922	545.2	-19.064
-1122	839.017	16.9851
-1368.05	1114.31	4.06875
872.072	41.1472	-20.7972
-796.78	109.219	-1.14213
-716.138	-1316.99	37.1161
775.27	414.237	-20.4227
1008.87	-767.708	31.6044
-450.207	-769.296	22.7092
360.052	-1271.18	35.6236
-1054.58	-513.937	2.80101
-949.019	888.104	3.82715
1048.53	-1341.59	56.519
99.2953	485.755	-13.6329
-1348.34	-836.746	39.1458
1364.7	-1332.49	96.8506
1327.36	57.0026	-21.9824
-1009.05	-406.7	-1.53014
1042.87	155.857	-21.1372
569.969	928.857	-16.1711
761.994	649.573	-18.6412
985.094	-885.649	72.5518
1291.21	941.998	-18.9901
-455.177	1288.72	-18.3606
1323.87	398.063	-21.517
859.911	-240.539	-17.2816
-679.572	1394.22	-17.7938
-840.776	-207.705	-6.04144
1297.24	-731.534	-5.5438
516.697	-1187.52	39.8228
-810.182	-674.952	4.22127
475.112	-119.517	-8.30005
-1243.29	-1484.68	96.7602
-512.217	1277.48	-17.9888
-734.655	1059.29	-16.8132
-584.881	-1458.95	46.9686
-974.159	-52.2925	-9.15178
1147.47	938.729	-18.0261
933.282	-747.076	37.8527
-509.696	-829.262	17.72
-88.1692	984.332	-17.4588
1393.74	194.015	-24.8472
-1441.77	1012.18	25.3001
-1210.73	1225.47	-10.6276
-1434.89	878.768	21.4374
871.682	-908.436	83.1484
329.411	1048.75	-18.1267
192.193	0.572789	-4.58597
859.885	540.713	-18.3744
-141.659	1377.82	-17.7087
1406.49	529.252	-22.2263
-941.467	971.964	-8.30491
288.915	1344.95	-15.0828
-867.387	1468.04	-15.9526
229.258	1215.34	-17.8428
1093.57	267.05	-19.7443
1300.92	-1433.58	86.2852
485.54	-274.114	-3.66245
1444.79	-853.877	-3.08211
116.24	-1315.51	39.2363
886.717	-257.725	-16.7903
-1034.78	482.458	6.83157
1162.11	-845.198	26.665
-471.283	-810.284	21.3272
468.113	-746.963	91.6642
1033.01	750.965	-18.2891
988.332	-737.509	26.4436
-219.068	-1455.62	55.9878
462.872	1352.43	-19.3876
-1163.83	-1345.36	61.5601
1064.61	485.917	-19.1553
80.6995	592.324	-12.8013
-474.945	1301.22	-18.2953
-1403.98	-668.025	24.8293
-1196.44	1048.85	0.532544
1128.41	-669.894	-2.15892
-222.647	280.849	-12.461
205.658	197.762	-14.6278
-1074.6	897.031	13.0332
-1154.15	319.147	-1.40378
-909.246	-817.84	16.4772
-963.014	-525.323	2.15982
1419.92	-428.629	-13.9686
-1192.91	1046.27	0.621316
565.143	941.433	-16.4637
927.27	-778.2	51.0454
474.515	324.529	-18.1411
1481.58	-269.856	-19.6413
558.874	1058.12	-19.5072
164.215	711.281	-16.5791
-998.136	-1196.64	41.4177
-954.839	-747.135	15.3139
-1377.85	551.152	34.4503
-238.269	-1254.9	62.4833
-1071.82	-1258.68	47.9256
-830.882	-367.247	-1.65415
444.395	1207.56	-22.062
1066.27	1451.07	-26.4049
-1407.39	679.062	9.88345
-1224.18	1166.7	-5.20126
134.162	1117.3	-18.71
1392.5	-475.14	-13.1363
796	-580.207	3.81214
1306.26	449.205	-20.8682
-1291.62	760.235	8.56864
-263.392	-1369.57	57.0086
-1073.38	878.12	15.4126
-1330.82	310.694	10.3874
505.155	-1198.59	38.5415
523.204	426.764	-18.3162
1414.11	-1197.75	86.5238
-1384.84	-893.515	37.6815
1453.85	-1275.14	97.0063
-1080.23	-987.863	43.7328
424.164	1237.91	-21.3166
-1422.49	-296.017	-2.58739
-164.749	-1161.37	84.4177
1074.53	1424.72	-25.5941
1455.51	-46.507	-26.1108
464.279	-7.68625	-11.645
-1473.38	-1453.86	116.036
-386.956	1371.13	-17.6544
697.021	-73.1168	-16.2352
577.372	1260.85	-22.0747
1284.18	-1484.41	68.5155
478.576	-509.805	24.2942
-384.855	760.775	-10.2445
-210.577	-686.553	97.4759
673.926	807.753	-18.5157
-1073.83	1171.94	-12.8412
-610.246	-78.7744	20.2297
-1313.75	761.343	8.58294
-1423.46	-333.676	-2.05107
1455.28	-1286.1	97.5379
485.191	-376.365	1.22479
-786.223	-720.193	4.51581
-408.17	98.7515	23.0436
-677.627	1074.6	-17.663
615.454	-322.343	-4.37013
467.4	1408.21	-18.8614
709.89	619.802	-19.3977
-1081.56	-474.757	2.16933
1005.01	1428.45	-25.9064
-1345.77	1057.31	12.6534
-133.689	219.152	-12.0697
1334.53	501.399	-20.736
-9.3342	-925.632	103.618
-1088.82	284.841	-6.75997
1405.52	531.57	-22.2315
1266.22	-481.989	-12.9126
1400.39	561.678	-22.4528
-1462.48	876.281	17.8846
1123.12	-1277.06	75.7326
278.492	1442.39	-14.9884
688.228	-1339.34	27.144
517.412	-1024.12	77.2634
1179.37	-328.461	-12.9705
-1499.32	-1129.9	29.0298
-1251.39	-836.225	33.8702
328.071	-1451.07	28.0853
-353.616	1386.25	-17.621
304.016	-923.803	113.185
1342.48	5.53792	-22.2307
-1401.52	-93.3178	-5.31394
232.912	-742.529	78.3624
153.484	-1006.43	83.7017
-1241.16	1065.48	1.90622
-1076.05	911.327	10.9815
1364.51	793.217	-18.6468
968.528	555.257	-17.9483
-902.053	324.016	-10.6624
-333.561	436.436	-12.8318
-563.414	1473.55	-17.4705
-16.3146	-1348.36	50.8941
-1172.47	741.764	8.03962
1082.96	1134.97	-16.4969
-627.148	-1127.68	14.1594
-1201.54	1198.37	-8.86054
747.534	-1143.11	44.5272
1373.26	-1339.39	96.396
-868.937	-1295.46	32.2212
-525.247	-218.815	20.0505
354.868	1223.73	-20.8946
236.997	1349.63	-14.3185
-1331.69	-1298.65	60.4876
54.1092	667.125	-14.5509
-1428.75	-815.478	28.8065
1452.79	-916.404	-0.653758
-165.45	-756.554	90.8675
1233.53	651.444	-19.8152
268.632	42.9763	-8.91998
-1307.9	-959.369	50.3116
522.934	55.2704	-13.3252
-1318.96	-398.149	-1.29577
-658.969	397.65	-8.8882
19.7734	-238.182	37.5478
-316.164	282.522	-10.7431
208.736	-1186.59	48.0695
70.3864	-574.362	62.8879
936.342	-628.477	5.51893
974.546	-487.805	-7.86465
628.479	1185.38	-22.2582
-928.331	1318.69	-16.7962
-900.38	-842.219	17.0414
-788.111	262.463	-4.90336
-933.95	-802.556	18.3732
1312.38	-401.678	-14.9039
389.607	-185.506	-5.71622
-724.259	1007.58	-15.2287
381.139	949.408	-16.1305
-767.728	-1408.64	49.4341
-1485.81	-449.434	2.05389
-721.468	397.39	-8.25235
1174.18	-673.503	-5.31756
-371.143	161.527	7.87319
49.6186	-815.108	103.947
239.684	-790.859	92.988
-1010.86	859.849	6.13383
-506.755	424.299	-10.7359
579.16	-180.243	-7.94956
533.276	309.631	-19.2611
1154.41	-140.849	-16.6588
-706	1495.62	-16.0406
1462.33	508.031	-25.4168
801.158	1060.95	-17.6515
1291.54	-1147.16	88.6968
-338.8	-1089.45	40.0789
1344	1396.55	-27.2824
582.238	1349.84	-21.4504
-167.315	-846.903	78.4542
705.532	1262.18	-21.2732
790.492	-991.033	79.2732
956.781	778.624	-18.7884
-1128.81	552.284	9.87536
915.649	-493.444	-8.18697
-696.052	-160.031	0.1277
-1285.59	897.561	28.1456
1343.18	598.643	-20.7183
-1452.53	-1357.64	82.6439
-312.333	-1285.07	48.12
-1310.3	-1085.73	53.2179
524.069	101.432	-13.7824
1205.91	-220.812	-15.36
-5.80015	-580.797	85.4218
814.574	-1349.16	26.9861
1170.29	-1461.54	56.9686
247.435	1052.11	-18.8396
1061.88	1142.37	-15.8179
-1341.14	1486.1	-9.33695
1458.51	-958.224	2.44485
-381.153	854.685	-17.2063
1216.62	187.78	-22.8014
755.963	-1478.65	21.6122
-275.125	1066.41	-19.4764
-952.834	1485.44	-15.4537
-693.841	879.96	-7.72257
-88.4641	-1399.12	58.2155
1001.2	-722.064	18.5312
748.672	1301.74	-20.9208
508.891	-1432.6	24.8742
1488.09	701.494	-21.4205
1274.98	-1058.83	64.7173
-755.361	-545.878	1.17243
243.106	-1433.6	32.2459
338.976	-877.305	120.187
1470.4	809.715	-20.3224
1340.94	-1434.16	89.6697
614.756	1264.04	-22.1302
-297.773	1055.17	-19.3703
-1064.44	565.737	6.98876
-141	-1420.31	60.4134
-456.404	327.083	-8.94189
-159.214	595.248	-13.1881
-442.446	876.856	-17.2455
314.499	157.131	-11.8561
991.977	-512.66	-6.49447
1049.79	229.791	-20.282
161.603	1202.85	-18.1972
723.878	-1342.31	25.8351
903.901	1121.32	-12.3856
-673.633	-1012.49	11.8751
58.6073	-1167.3	68.1774
1249.33	-403.977	-14.8361
190.515	-544.635	31.2324
1078.6	-755.534	14.4404
-1373.84	1152.17	-1.128
-517.645	233.117	3.62434
247.398	-1428.78	32.1292
-1357.43	583.708	24.1695
-1417.62	-202.649	-4.65365
688.004	-937.484	92.4929
-8.58069	197.169	-14.7273
-1422.68	-1065.19	37.7369
-1300.72	1432.06	-9.64165
-1160.47	-1394.16	72.034
542.438	538.359	-18.5401
77.6876	556.143	-12.0454
-730.01	299.271	-4.83952
-302.508	-840.231	45.3229
-98.4213	-1294.14	66.5645
-1241.75	1296.25	-11.6546
1069.49	-428.918	-8.99136
1421.96	187.546	-25.479
-107.71	1117.62	-18.2939
267.12	561.896	-15.9987
-1048.43	1337.78	-15.6384
-1356.09	807.344	12.9094
-24.5735	-1235.95	63.3482
609.209	-862.384	96.7819
552.2	-601.086	48.5796
1308.57	716.214	-19.976
660.999	-268.589	-10.16
82.0708	1318.55	-17.6798
1431.26	1313.3	-25.5383
-1414.82	-1341.08	72.3235
-524.037	994.474	-17.6819
459.45	-767.104	97.0236
-1133.5	648.041	7.00703
-707.239	267.751	-0.9225
612.616	-1296.94	32.0868
-502.345	-461.773	20.3733
608.61	-291.746	-6.07737
-1434.77	-880.43	31.8283
-944.972	-1465.48	48.0448
937.815	-1017.1	70.8537
440.602	-376.267	0.218957
435.974	-1314.25	30.9003
-1460.11	775.799	7.63323
1302.98	1303	-22.9213
1374.32	168.244	-24.3776
1264.24	-278.276	-15.9797
8.231	-935.42	103.104
38.1147	-235.643	34.5205
1466.69	63.9858	-25.3124
-892.28	1476.28	-16.0322
-620.251	-205.143	9.61373
300.283	1280.26	-17.4209
-591.309	675.012	-6.86152
532.097	-391.632	4.01706
-1200.95	-1083.81	48.4298
-723.761	-862.667	9.06055
1291.79	-1099.45	71.3427
784.984	-128.879	-20.843
-708.29	551.48	-3.12536
1093.65	-35.6758	-20.4089
1002.39	210.109	-20.4977
1126.25	723.856	-17.9975
775.61	726.211	-18.833
-1058.09	-1167.29	38.4639
-268.538	919.578	-16.5828
-300.643	-1210.34	49.4056
283.872	-1329.24	34.172
599.004	-1474.96	23.2586
589.588	-882.169	101.695
1170.97	171.165	-22.26
-687.066	1488.16	-16.158
-70.0645	-914.353	99.9139
725.344	428.824	-19.5649
-1076.27	-382.394	-0.763108
-1141.07	1167.27	-9.2183
-1457.81	17.7349	-3.64399
658.416	411.505	-18.792
-237.211	455.022	-14.8202
-86.3381	1257.84	-18.5116
1360.02	300.619	-23.2525
-564.031	-393.932	9.15347
1250.44	1407.31	-28.044
-22.2138	-109.856	16.0714
1478.77	-506.302	-12.3216
-959.914	1099.03	-14.3993
874.963	-1010.05	74.1255
797.901	-1284.53	30.8292
-1168.68	776.45	10.6142
-809.16	-943.198	14.1718
1452.21	-43.471	-26.2533
-1225.56	1086.26	-0.0971494
819.007	-709.49	38.1873
108.896	-298.206	30.3454
-97.2857	-730.596	102.905
-1213.91	-1440.63	87.0345
-664.718	-115.864	8.23765
-708.113	206.786	7.00075
208.757	1148.9	-18.7876
390.927	548.141	-17.2805
-1406.39	-1185.43	46.9017
-1346.83	1030.27	19.3108
1438.59	-1095.49	45.3413
-1434.38	220.026	0.462701
691.219	1346.99	-22.9002
-1119.39	-424.831	1.57954
127.207	51.4701	-7.93697
954.972	1409.52	-24.5629
-267.01	1018.75	-18.4671
-663.671	1316.87	-17.7367
-550.463	127.15	26.6366
1100.49	768.242	-18.819
-102.827	1000.42	-17.8323
1430.3	105.063	-25.0473
-932.387	-325.985	-2.20598
-809.555	682.609	2.12274
-461.552	489.648	-12.4481
750.564	-447.107	-2.62176
314.909	-729.372	78.0055
-664.384	1388.45	-17.9335
-1305.17	-838.774	40.5226
1148.92	-1215.58	75.8881
684.666	1213.15	-22.1658
-521.51	376.104	-8.82481
-1305.86	241.086	0.357932
-773.652	-636.675	2.29458
-823.944	811.896	8.44535
384.074	316.983	-16.6899
-1462.64	566.499	33.5837
-794.255	-485.476	-1.38678
-915.295	810.513	9.44969
-1207.07	-727.524	19.2251
-943.705	182.061	-9.58633
298.264	518.132	-16.0966
103.051	262.219	-14.0321
486.958	-315.809	-2.07767
852.224	384.471	-20.3679
-586.128	517.447	-10.8547
1219.33	1158.31	-19.1211
-1402.39	21.1681	-6.11251
109.324	1251.66	-18.2021
-1037.46	-372.019	-2.03121
283.574	1363.08	-14.4296
486.262	1285.48	-20.7557
638.827	715.406	-21.5619
-121.853	-782.565	95.3237
340.429	384.409	-16.3386
-1361.64	281.864	7.2755
434.422	812.628	-17.2454
264.718	-1394.54	32.3951
-439.436	-248.029	32.8314
1106.25	-1062.72	61.2105
192.975	-917.101	99.4846
-831.037	-291.178	-3.4098
829.178	1043.7	-16.5363
680.003	-389.056	-2.04612
-1126.73	-1240.16	43.2543
-1186.76	669.637	6.67551
-612.695	-45.9273	21.1282
-437.717	398.051	-11.2059
946.342	46.583	-22.2325
-1299.49	-1366.37	73.7859
1467.07	663.055	-21.0599
1052.49	-1478.6	34.8291
367.938	-1421.72	28.0831
1477.59	949.544	-22.4908
70.7901	667.812	-14.6442
-1252.32	1100.34	1.54569
-355.194	-1282.33	39.9442
987.017	1227.08	-15.2806
-573.152	-268.447	8.39817
939.315	883.556	-18.4719
1251.58	847.951	-17.8174
1209.36	585.303	-19.6143
-942.529	863.049	5.68754
-906.681	-506.788	-0.373334
-697.926	1245.71	-17.5574
-727.356	-546.208	2.08432
1472.57	-1354.38	91.9598
1157.87	259.956	-20.7317
-53.6936	-958.377	103.955
-869.335	1392.84	-16.6072
-512.317	-260.006	16.7988
737.635	260.695	-21.9803
773.674	-1136.03	46.6384
-384.781	-309.803	51.7864
63.2837	107.888	-11.9867
438.043	348.84	-17.4863
-1299.91	497.503	34.3959
-1251.61	-386.001	0.271854
922.899	413.927	-18.8871
418.397	184.194	-14.6298
1002.6	1264.53	-17.4699
-654.554	757.025	-0.887415
-58.098	-36.289	5.92866
-512.667	-233.606	19.8498
-170.474	-1080.2	86.7624
-569.339	-391.941	8.75359
-134.27	213.194	-11.9372
-651.58	-1435.17	51.4975
440.848	115.309	-13.2716
103.401	-1385.51	38.8383
-799.223	-836.877	9.10902
685.874	-1078.58	60.2271
-1.42778	551.139	-11.715
-1045.47	1213.9	-14.727
1003.16	954.438	-17.2488
1360.66	-46.503	-23.2407
681.912	-681.69	54.2907
621.56	1119.1	-21.1659
1261.44	913.039	-18.2878
1333.78	-481.473	-13.1058
-1397.1	-218.249	-4.87873
-631.005	-358.013	4.49789
-1153.1	-951.124	39.5882
-579.787	-176.213	14.9661
801.624	290.801	-21.5802
884.288	817.318	-19.4931
1132.04	729.392	-18.0965
-1325.01	954.537	32.8134
-1148.06	-1362.66	64.0147
-603.175	424.696	-9.12284
-655.419	1420.69	-16.9934
393.106	773.08	-16.786
-430.696	-676.991	29.355
360.329	447.436	-17.1619
1484.83	-1261.14	90.9793
-1263.97	1300.06	-11.0023
593.723	-763.744	87.2214
-549.577	-521.55	13.8286
316.686	1104.87	-18.9469
-1487.82	-963.816	17.5401
164.192	508.02	-13.8923
494.978	944.516	-16.4918
450.988	-693.09	74.6096
-5.05278	-1079.2	96.1409
1258.54	168.41	-22.2873
-1229.35	275.297	-1.71977
743.342	-518.35	4.47629
-842.727	1142.23	-17.7292
-1237.51	561.489	18.509
600.518	691.458	-21.7244
-398.598	-1083.48	30.382
-1360.46	1330.51	-8.10022
36.2038	-450.112	66.1203
-1095.39	857.921	16.3121
1156.68	657.17	-17.38
-609.71	647.122	-7.96131
133.347	516.388	-13.1697
-894.321	-357.094	-2.06085
-1004.72	1200.98	-15.0622
538.941	912.088	-16.0298
1069.4	-620.245	-2.8232
-668.738	-954.49	10.1919
86.1115	-663.787	72.5344
-1358.62	-744.4	32.2787
-833.405	1306.71	-18.2432
100.493	1478.61	-16.0333
1404.57	1219.26	-21.6614
1192.04	1288.44	-19.8827
808.85	1037.59	-17.392
-974.52	314.639	-8.91726
409.123	-18.1413	-10.8203
21.4475	1120.93	-17.6036
235.764	1408.07	-14.534
1284.05	1317.82	-23.5528
1310.82	-1163.36	92.6525
1124.13	-291.304	-12.9727
510.694	941.788	-16.511
-1199.68	-554.26	8.95423
362.233	-1224.58	39.7894
-1341.34	183.071	-5.27056
-1224.27	855.401	21.4367
5.21111	-1464.27	45.4298
1186.34	-577.052	-8.10308
-184.498	671.021	-11.8519
784.178	-5.97653	-17.5963
1070.84	-184.894	-16.0343
-127.974	607.095	-13.3177
-393.276	-996.163	30.2203
-814.539	-1105.96	24.7784
248.803	-101.228	-5.51291
-1345.73	1421.28	-9.04557
1416.1	-388.065	-14.7641
865.959	-847.938	83.4567
755.832	-376.596	-8.41521
-41.0722	1332.8	-18.2364
158.523	318.784	-13.5201
1386.24	-260.628	-19.3473
-1302.09	-919.985	47.4035
1290.26	-730.342	-5.47645
-1411.46	-564.324	12.6524
58.8398	1439.46	-16.2299
-783.645	530.767	3.29959
-593.873	-446.793	7.98223
-1047.62	-176.889	-6.39967
-1343.21	-1473.38	100.925
-1422.57	1417.43	-7.37867
-1221.96	-1081.95	49.8688
1175.54	160.416	-22.1186
891.076	79.4846	-21.7946
-465.026	1440.92	-17.2672
96.4334	1064.96	-17.256
-1185.01	845.122	20.0243
824.062	-823.598	78.3922
-1165.93	892.166	15.1359
1030.32	-580.387	-2.72343
-1303.4	-1406.64	84.0311
-1234.75	-241.497	-3.62897
-662.395	798.279	-2.41555
-893.751	-85.5773	-9.05833
1054.49	369.246	-17.8904
-942.258	-1286.58	42.77
-27.7999	-1264.98	60.3774
597.631	-1047.5	70.3316
693.406	677.546	-20.784
183.877	-1261.96	40.906
-1296.98	506.174	33.1686
-506.048	1136.25	-19.0441
535.73	712.311	-21.4595
1424.64	-937.28	3.11491
-1396.23	728.35	8.32098
1474.5	495.062	-25.8988
1385.91	854.305	-19.1062
625.638	-932.375	97.0338
1190.88	515.017	-19.6824
962.558	1209.19	-13.4749
356.433	-1163.97	49.3283
-612.568	-529.508	8.35314
166.587	826.138	-16.7203
-142.808	-717.436	102.714
-1175.23	-867.239	30.7125
-922.223	1034.32	-14.0173
1400.65	-203.304	-20.1256
-599.742	-1177.3	17.1225
270.3	1201.37	-18.5873
-798.078	253.311	-5.06669
-1307.67	801.737	12.5997
817.803	-964.474	80.9258
-340.096	-76.7283	58.0296
147.853	949.531	-19.4331
1013.76	-1487.72	28.2464
1394.03	137.152	-24.7225
-1404.16	1165.32	-0.994547
-817.94	-299.618	-3.14075
1467.56	193.245	-27.1418
187.165	557.677	-14.2112
-76.251	-1333.15	60.3546
772.082	-1181.67	39.7493
1076.11	-601.128	-3.46084
-653.63	-569.537	6.18913
-763.069	1150.96	-18.3354
-534.445	1417.6	-18.0576
75.338	902.423	-17.6548
-35.1065	-542.599	90.1505
376.475	951.842	-16.1579
-1146.25	1424.53	-13.3414
571.807	679.418	-21.7837
-1017.38	1068.99	-12.4131
-677.983	-1489.26	56.6699
-320.643	-1438.8	48.71
-827.825	-949.347	15.5155
-1310.09	1091.85	4.49026
-324.182	-679.701	60.5397
-1169.44	-875.569	31.5378
727.18	252.415	-22.0763
-1401.19	277.899	6.11283
-1223.49	-424.375	4.54597
-1325.77	-413.307	-0.916276
930.67	1186.08	-11.8962
-1472.22	-458.377	2.55645
603.818	-636.667	54.7344
387.6	1447.7	-17.0919
1081.09	26.6834	-22.0145
-416.882	574.978	-11.7763
-219.766	-83.7165	40.6329
618.354	-1054.63	68.0306
-455.205	-436.861	31.0382
-994.321	-430.756	-1.02707
-630.45	-1488.46	53.0317
514.696	899.123	-15.6496
-1148.81	-225.056	-4.56917
1148.14	1383.06	-25.1812
-121.051	99.119	-3.06123
1102.45	1139.7	-17.2559
805.985	-931.207	83.724
102.672	1440.14	-16.0565
-1417.82	-967.495	35.7139
842.316	-636.093	12.0131
1280.3	5.36934	-20.2121
-190.155	741.814	-12.2311
1175.58	610.363	-18.3956
-382.081	-716.949	35.9114
661.796	640.956	-20.7555
948.342	1193.45	-12.5401
217.123	1203.77	-18.0891
833.91	156.796	-21.7567
-747.267	1369.58	-18.6152
583.427	-866.41	101.976
-1061.06	-997.488	44.1613
787.159	784.134	-18.9608
638.415	-971.403	92.3907
22.4264	1410.74	-16.7507
1476.5	-1253.95	91.8485
296.738	1306.03	-16.5071
-279.491	1383.87	-17.3924
-1270.27	1138.41	-0.695458
169.569	-1200.44	49.2672
-1159.46	73.1178	-10.5335
-1171.98	-120.38	-4.71942
-242.387	-41.7174	37.384
-320.482	1379.9	-17.561
645.646	788.892	-18.8464
537.467	-496.08	22.5837
948.905	-903.038	77.7152
-1330.61	841.109	21.2937
347.617	-268.973	-0.440679
964.107	-1415.44	31.3469
-211.938	-225.975	62.5981
476.583	-339.45	-1.29352
666.367	157.306	-19.0118
100.404	-879.587	103.648
-1211.63	-1245.9	45.1139
858.213	-513.365	-7.204
700.872	60.1926	-16.4142
1042.02	-622.231	-1.71377
270.025	783.611	-15.4918
-406.105	-1305.04	32.7534
1439.84	-800.021	-5.36201
-875.829	-1473.02	43.474
993.515	1431.52	-26.1051
1235.27	1095.55	-19.2622
-1019.21	420.356	2.60908
-743.438	-1037.37	14.8385
969.825	990.285	-15.8197
522.063	1187.25	-22.6792
-1115.82	-781.989	15.7128
-434.688	-441.567	35.4445
1337.22	-809.39	-1.75507
-1283.54	1283.39	-10.2134
-908.177	-1450.43	44.7445
123.984	774.105	-16.8154
-102.015	-948.333	96.1268
471.493	1489.12	-20.5851
48.0085	-814.261	103.988
636.225	85.0508	-15.5999
-861.397	171.512	-6.75403
-1461.35	-614.246	12.6438
302.828	-856.817	113.291
585.308	21.1841	-12.9381
88.4707	272.565	-13.9142
-701.925	751.194	0.850236
-1050.92	257.747	-9.44856
578.439	387.486	-18.7561
-1263.66	299.309	6.32818
-854.4	-791.263	11.1826
-1044.99	307.249	-6.36255
-1275.41	561.019	23.3956
1190.54	-1364.05	79.6596
198.612	-410.267	17.9542
-714.31	734.765	0.819131
783.789	29.3511	-18.2354
982.447	-396.943	-11.242
-724.772	221.638	3.4835
-5.93067	1265.83	-19.02
1287.94	1145.72	-20.1177
-1187.75	-267.96	-3.2079
681.699	-1463.59	23.0761
1140.26	1151.69	-17.8635
1200.38	-155.778	-16.5571
-555.214	1274.18	-17.4248
1267.11	-777.486	-2.69576
1459.12	-1273.75	96.2114
1495.58	1181.2	-21.3265
238.526	-946.232	101.199
293.398	-134.386	-5.35335
-929.648	20.8005	-9.16856
-305.829	366.055	-12.3452
1379.84	71.432	-23.7986
-621.494	1168.89	-16.9912
-118.994	-599.992	116.494
-1380.78	902.152	30.5584
110.925	-989.776	90.3239
-385.7	-669.588	39.2759
-920.082	971.874	-8.7812
-418.053	-1266.36	29.8356
708.751	-617.412	29.6632
502.568	-144.549	-7.66918
1431.41	-1248.81	98.258
569.353	770.361	-19.7941
832.979	-907.388	84.3903
-722.215	-401.335	0.79274
626.219	-1168.04	42.5804
-985.335	-847.967	25.0821
505.128	-1236.89	35.6872
1060.87	1013.71	-16.9206
1323.83	1273.44	-22.4394
-1232.56	96.748	-10.8672
382.202	187.989	-13.765
-323.955	-994.367	41.152
697.555	-725.68	63.9831
-1058.77	-493.954	2.20378
1326.08	943.766	-19.3115
-1483.44	181.612	-1.95827
485.409	-620.339	57.0504
719.805	814.537	-18.8442
1362.06	-378.254	-14.9076
-605.757	-1255.49	25.8959
-263.022	-625.808	92.4413
1220.15	1069.96	-18.9531
-529.342	160.445	18.6606
303.553	1373.37	-14.9967
684.014	125.468	-18.092
-1118.61	193.657	-9.91
51.1575	-778.982	99.7872
1111.4	264.879	-20.0463
928.37	971.619	-16.1325
-1223.68	1420.23	-11.4102
-329.935	676.387	-10.6564
506.852	977.666	-17.2997
1238.41	1384.79	-27.2578
724.47	-1395.98	24.0364
-1233.68	385	14.2421
-827.587	-721.484	6.33674
-527.728	1401.39	-18.4466
624.808	-189.976	-9.4895
540.635	203.073	-18.1121
-187.633	-1319.2	69.2837
127.48	-287.608	24.9425
-147.323	-5.16395	11.6637
675.674	607.276	-19.5507
-119.421	605.03	-13.4294
241.031	740.245	-16.017
922.509	850.048	-18.8084
1173.38	-424.957	-11.8208
262.944	-55.603	-6.89396
1431.86	180.844	-25.6937
-987.07	70.6808	-9.46268
-570.077	1153.73	-17.6565
-1294.73	482.073	35.1449
775.306	1431.72	-27.0299
1400.83	580.119	-22.0445
-118.323	-783.174	95.7791
967.749	462.278	-19.0879
-1294.27	-648.73	21.8703
573.283	812.257	-17.8898
1407.86	-1090.93	53.226
-67.4964	-458.658	87.5969
-1029.5	5.60923	-7.76967
191.518	577.352	-14.6482
-1179.58	22.7356	-8.92495
-885.751	611.825	2.82209
1030.5	480.25	-19.1861
-322.283	-923.909	40.9727
1265.8	-444.425	-14.1775
-902.041	-1375.54	38.7761
579.379	331.21	-19.2946
-1318.14	-483.617	5.41424
107.342	1468.97	-16.0119
918.831	-1221.74	52.0423
-629.453	-640.465	7.54594
880.226	64.83	-21.3998
-1340.84	-734.12	31.1735
1141.1	436.117	-18.8947
220.997	1131.21	-18.9342
223.676	864.928	-17.477
-1077.77	626.654	6.66368
-992.701	780.475	7.31762
1031.57	-1459.61	33.6703
-770.57	-959.122	12.5338
-1030.94	-373.139	-2.14532
983.079	355.228	-18.3305
79.5651	-971.316	95.4807
-1192.76	-442.601	4.60904
990.938	654.765	-16.9216
1067.34	-417.167	-9.41155
430.177	-318.106	-1.62848
292.764	-400.704	10.1974
575.94	-1254.51	34.6308
785.691	1446.37	-27.0867
-203.366	-1076.83	78.7632
1214.72	-16.6452	-18.4922
-1038.98	1094.76	-12.5651
-429.125	1165.9	-19.3773
70.2263	-590.956	65.0872
873.739	-117.947	-20.3105
23.9122	1015.03	-16.4307
1480.27	-1434.93	82.427
-801.004	-1007.23	16.3974
1283.81	991.478	-19.6174
717.393	-723.681	60.3993
1371.71	1233.22	-21.9936
-189.356	104.773	0.501242
99.1791	1345.31	-16.3217
-897.09	598.587	3.30003
206.006	-268.11	10.2142
-993.05	575.017	5.27194
-169.34	337.841	-13.9598
-70.1952	1335.61	-18.1427
-284.02	-1176.47	53.4993
-959.955	-690.207	13.1516
-868.462	882.345	2.70338
231.658	913.832	-18.8792
-59.1283	747.726	-14.5658
-1105.4	-1134.34	39.5431
-955.575	-583.02	6.03676
-864.51	912.46	-1.65696
154.551	233.294	-14.3736
1102.26	129.861	-21.2929
-1313.06	-1409.94	85.2464
817.396	-17.8553	-18.335
-1498.68	-761.014	10.2162
323.096	766.732	-15.0274
21.4564	-1177.05	70.144
-163.955	109.267	-1.64361
-907.717	891.876	2.5407
430.253	146.182	-13.4973
-775.351	1206.61	-18.9317
-86.2731	-378.742	84.3186
-451.158	1159.13	-19.2682
-556.406	17.0762	34.8349
1079.84	331.515	-18.5837
-509.462	-751.116	16.8282
-683.479	-763.243	5.75014
-1193.58	-1466.14	88.1244
364.392	-907.331	117.001
-465.142	597.441	-11.2892
878.246	-93.5186	-19.897
193.223	-288.918	13.5465
-197.068	577.709	-12.9148
651.24	-747.653	74.5075
-1477.48	-571.17	9.03562
83.1428	-278.792	32.3248
777.116	-705.784	43.7773
179.065	1310.6	-15.5552
-419.885	-797.508	27.2688
-410.694	-901.203	27.7858
470.347	-1481.1	23.2562
-1208.4	837.101	19.4261
-302.396	51.2887	29.0806
944.078	651.86	-16.8729
336.521	-1096.08	63.3759
682.913	-1439.73	23.6518
122.022	-17.7797	-2.46245
-495.752	27.9155	44.0466
-492.746	-214.101	24.5625
-904.997	502.266	1.42876
-603.243	-1348.19	37.3948
609.087	-502.459	20.7372
-28.9215	-1229.34	64.7769
-744.554	1498.29	-15.8843
-657.806	730.999	-1.47578
941.059	445.865	-18.9192
649.416	1184.89	-22.2603
-1368.5	1112.88	4.32466
1174.25	-469.389	-10.6843
960.023	-766.915	42.0361
-1390.32	3.90233	-6.4352
878.359	1323.48	-19.281
832.873	-1071.13	63.533
-1319.61	-147.668	-6.99711
531.362	-944.787	104.514
748.037	773.949	-19.5552
-606.791	-73.7686	20.9951
152.1	-534.127	36.4729
-374.602	-1450.72	47.4544
1004.21	-196.127	-17.5725
-1247.02	570.384	18.0131
1476.79	1009.91	-22.9182
-110.069	-171.804	38.1737
-432.372	-1029.11	25.2879
725.771	-1346.66	25.658
329.893	732.402	-16.2089
-134.616	795.664	-14.388
773.55	397.927	-20.5455
1214.67	1395.56	-27.0406
-839.241	877.762	2.4707
359.018	156.451	-11.8363
1174.69	-1243.55	79.7205
-564.79	-1486.44	51.6502
-590.887	773.82	-7.00369
1277	1207.15	-19.9563
868.774	-133.375	-20.0232
-1063.65	699.134	5.98816
346.811	-1498.12	26.0676
-371.762	-426.225	60.0621
-959.034	-1087.51	38.3648
1040.17	-12.4005	-22.2593
-1150.71	1268.49	-14.3072
-1073.29	-839.287	24.4478
567.236	-413.512	7.04164
-1078.57	-110.559	-6.22415
-1270.79	-292.19	-3.05068
640.45	1430.4	-23.9914
647.132	-1331.83	29.5889
-1443.21	-687.413	20.4981
651.267	-800.211	85.0039
628.897	-804.467	87.7983
-1423.98	-1464.2	112.088
1424.08	-198.139	-20.8846
-981.143	1115.47	-14.1367
-688.13	221.584	5.21489
1416.24	-37.7018	-25.8763
143.621	-728.023	77.2108
-1298.71	303.086	9.93176
-341.297	1464.45	-16.6873
-76.9067	-810.728	100.999
-1208.78	633.85	9.04323
-1118.87	409.203	7.40548
1479.29	457.739	-26.154
-1244.94	-391.885	1.01759
388.098	-137.549	-7.26087
-1177.41	1063.6	-3.15037
-1062.57	1348.58	-15.2951
502.627	-1328.73	29.8684
822.519	1410.35	-25.374
-89.0252	-976.064	98.8915
613.797	-192.792	-8.74408
828.639	-1263.27	34.2189
-1483.65	-1066.49	23.5229
-247.372	-330.984	82.9245
-1340.97	48.5939	-8.53485
323.515	-783.189	96.8776
1347.1	974.875	-19.7816
-1421.3	93.4415	-5.17149
612.781	35.1016	-13.5985
854.384	537.776	-18.4653
862.778	-17.8439	-19.6089
-570.877	306.225	-4.05309
-737.645	621.776	-1.66927
856.542	958.892	-17.3029
-852.275	-320.672	-2.54241
-994.161	931.819	0.571484
-461.229	-751.498	22.1397
343.153	-231.047	-2.65034
1264.99	-1172.07	87.6602
-1273.03	-473.175	6.20489
-1312.17	-1189.4	48.9614
1404.97	574.256	-22.2654
-368.779	788.925	-12.4822
178.21	-1033.57	72.7212
-40.4133	-748.945	101.218
788.735	-646.604	23.6954
-1214.54	-709.221	18.8729
-416.332	239.411	-4.03177
94.605	-217.577	24.1767
853.161	1431.77	-26.6676
239.677	-931.497	103.269
1477.15	1084.42	-22.2164
737.896	-792.124	74.6329
721.969	-146.434	-19.1532
-523.017	-252.339	16.3936
-704.109	449.443	-7.0977
391.321	93.5821	-11.371
-477.298	-870.285	21.2467
-1052.69	245.586	-9.8596
113.669	346.705	-13.6857
1372.23	-1316.73	97.3991
327.194	1217.19	-19.9168
-363.519	1324.68	-17.9352
-996.148	-1093.8	38.5674
-920.022	161.598	-9.12345
-319.684	710.764	-11.1605
1180.55	823.76	-18.1154
48.9096	91.7599	-9.9158
-1047.2	-1098.29	38.0386
-819.924	1227.29	-18.9965
-1447.68	-1205.62	44.5147
982.291	-47.9511	-21.6116
1086.91	-739.304	9.94213
-1249.75	-620.499	16.8367
-684.809	-1175.97	17.9289
-443.892	864.635	-16.8282
-458.402	-358.896	26.6832
185.713	-851.408	106.197
-912.775	-450.253	-1.87801
-1275.22	475.224	31.3565
1486.59	1242.86	-23.3347
-713.493	1149.62	-17.7097
-964.004	-691.153	13.3896
-629.222	680.33	-5.26034
-415.677	1137.99	-19.6296
-545.861	-347.841	10.0248
-567.682	-197.504	16.4042
164.407	1279.44	-16.4527
-388.722	889.382	-17.6711
1297.08	893.767	-18.1987
-484.963	-259.696	21.3425
610.54	-868.098	97.1084
-31.4289	-26.5931	1.48308
609.312	-1299.68	31.8827
1126.87	1443.69	-26.2221
-866.245	1297.37	-17.8147
-1404.86	1291.74	-6.33921
-1242.47	121.584	-10.465
-220.059	256.014	-12.1622
-1242.89	-113.688	-5.87068
-1045.48	710.112	5.73806
257.739	-1473.31	30.686
664.986	1281.93	-21.7931
1053.06	720.013	-18.0279
1106.21	-63.9207	-19.2356
-10.1407	-1271.56	56.9839
1088.23	-1250.29	71.6641
435.839	704.042	-18.8518
557.928	-1004.03	84.9121
-1019.46	1111.08	-13.3284
-159.867	-697.271	103.384
-316.343	515.843	-12.028
-93.1657	-366.642	84.1744
-587.737	850.128	-12.2053
1253.03	973.463	-19.2015
232.354	1104.18	-18.9667
-657.522	403.3	-9.08954
-1258.78	-1390.69	78.4534
-448.008	-1285.53	28.306
-806.478	555.847	2.8105
601.583	1496.77	-24.9775
-488.79	-870.801	20.1783
178.9	191.298	-14.9575
-596.266	766.698	-6.20342
-627.229	151.238	21.7801
1234.97	-1247.6	86.4844
-594.856	-411.02	7.30385
228.901	-1241.87	41.7326
-507.927	-740.716	16.8185
-952.023	892.139	3.54747
-549.646	448.526	-10.4924
-462.678	-1167.68	24.0628
1423.38	487.261	-23.8826
-654.251	992.146	-16.1519
848.372	143.246	-21.7187
518.57	1142.74	-22.0098
-800.286	-841.303	9.35772
821.356	1473.29	-25.5606
1419.95	879.08	-19.8314
957.093	834.642	-18.8496
-727.478	582.36	-1.83543
1428.25	74.8618	-24.6927
832.356	-1079.12	61.9715
-405.144	-284.419	43.0953
-977.944	380.531	-3.42515
1351.13	964.099	-19.6725
-786.558	241.948	-3.22666
-554.62	-463.049	11.4971
300.761	460.656	-16.7819
-878.553	-8.02372	-9.09823
-493.18	511.31	-13.7029
-1435.83	-850.629	30.1691
-959.012	-1214.11	41.3934
1477.82	-1317.9	94.705
884.543	-878.941	84.8786
-382.464	129.551	15.0254
-687.215	-617.529	4.19639
199.549	-292.44	12.9327
1390.03	-1372.62	95.5125
-1113.09	-75.2851	-5.11035
3.12069	437.857	-13.3209
-592.574	1446.68	-17.3625
73.8717	-898.78	103.777
816.81	-408.943	-9.56295
-274.626	-683.356	76.1118
-442.983	-715.465	26.0998
816.146	629.11	-17.689
-1129.92	-407.611	1.31741
1484.29	-316.554	-18.3248
1242.57	675.496	-19.6862
-918.184	1002.55	-12.7998
242.753	-1252.98	40.3991
1413.44	726.981	-20.1967
1356.21	-956.009	14.8863
-1037.74	-238.675	-4.92621
160.442	-386.138	29.1638
202.095	1335.62	-14.7799
-973.219	-945.314	34.1826
279.68	1162.79	-19.2914
-412.55	869.91	-17.3637
981.027	-874.078	73.2938
1354.29	1351.87	-25.738
-1311.33	1056.22	10.8301
240.642	1227.49	-17.6774
472.36	-1041.72	71.9012
308.516	275.409	-15.1859
-775.185	1427.24	-16.6264
-971.03	443.447	-0.0444544
-757.135	261.491	-2.78092
-321.042	1085.85	-19.8223
14.3343	188.822	-15.0375
1141.94	770.632	-18.5223
-1364.98	-839.378	38.2406
41.1947	1186.06	-18.2328
-369.23	1156.24	-19.8324
1402.38	393.613	-23.6498
-1337.06	473.858	40.0281
-818.18	-1487.92	48.633
-1037.39	358.792	-2.16197
1430.06	430.569	-24.3917
1179.07	125.131	-21.3569
1474.72	1374.81	-28.0429
877.703	364.957	-20.2256
-1322.89	-502.987	6.77375
700.319	-1301.68	28.4426
432.346	823.439	-16.9748
-918.092	964.121	-7.6384
-333.173	1325.6	-17.8303
-780.404	418.278	-7.7275
-429.479	-1272.22	29.2003
-593.758	40.8065	27.3808
-1334.88	1281.38	-8.38974
1080.42	-13.7595	-21.3994
400.772	1065.57	-18.9706
-1361.61	-192.78	-5.69532
215.985	-891.48	105.01
-543.044	-1189.38	19.6781
255.625	240.584	-14.9341
264.585	1211.24	-18.3105
143.58	-1080.45	67.6799
-1415.87	535.407	42.4399
1314.08	-833.966	0.646553
-155.148	1243.85	-17.5396
-1471.82	-1379.06	91.5239
302.03	786.484	-14.8379
-484.601	-375.942	22.6764
-1463.52	-432.22	0.980037
585.969	1300.99	-22.1104
-1478.29	391.66	38.7682
-1216.63	1153.2	-4.46265
-1292.56	-1316.05	61.8809
-511.987	-732.372	16.4071
-358.34	946.175	-17.9108
120.692	896.322	-18.5877
-769.619	198.547	1.77662
-1445.46	-512.01	4.5867
58.6596	-122.081	10.0975
-469.634	-1406.57	38.6667
1081.77	-1111.38	67.2665
-223.766	959.709	-17.4586
-1318.08	-1095.3	51.5321
-439.762	-196.129	34.0612
-1356.14	-947.22	42.5748
1056.88	-810.79	36.8555
385.987	-957.685	108.03
1415	-699.201	-7.12931
477.327	559.654	-18.837
-68.9571	-76.3572	13.6247
765.119	-491.549	-1.58966
767.26	-958.985	82.7805
1282.86	-430.086	-14.9344
699.402	-873.114	88.2734
-1203.22	95.1269	-10.7254
-1159.65	1140.51	-6.41366
-664.298	-27.2577	12.4074
1110.14	1136.66	-17.3994
1427.95	-808.337	-4.3904
130.177	1373.3	-15.5742
1059.93	-936.645	63.1739
1169.78	-279.538	-13.5889
-949.488	223.899	-10.2759
-1064.58	-348.708	-2.20021
-670.676	-1116.93	13.5773
-1004.7	-378.498	-2.39377
801.019	-1339.16	27.5033
436.279	-1450.55	24.9146
-287.6	-113.108	58.5777
346.718	510.432	-16.8273
889.325	9.41153	-20.7893
-421.081	842.887	-15.846
433.433	-462.459	12.9411
315.713	-796.203	100.207
134.245	-853.071	105.847
611.747	-1108.15	53.0614
-252.353	1438.21	-17.4617
-748.243	-297.731	-2.16525
-1396.78	-203.288	-5.11139
-676.581	-525.047	4.71569
1298.33	1338.07	-25.0451
-653.972	-1113.66	12.9664
-860.32	649.468	3.1327
969.985	-959.642	73.2316
234.421	-863.646	109.335
170.269	515.48	-13.7022
270.749	357.428	-15.6555
1302.18	657.81	-20.7313
1023.34	-252.332	-15.9312
-169.724	-253.452	62.8273
1159.61	299.521	-20.228
111.211	660.17	-15.0323
-165.342	-395.326	94.4174
-595.295	284.316	-1.83024
-735.692	959.257	-12.9294
325.234	69.2948	-9.40269
-329.393	881.955	-16.3983
-1019.81	184.941	-11.0575
356.343	-1287.1	34.3212
-1048.32	-865.293	27.8111
1132.33	658.464	-17.2603
-99.0716	-330.857	79.6825
21.9013	759.277	-16.2174
-1166.41	612.655	8.89145
376.139	-209.561	-4.38067
423.093	787.438	-17.2701
-1025.35	-1085.77	38.918
443.268	263.965	-18.5152
1237.88	-140.664	-17.8094
833.532	265.602	-21.4943
544.291	-673.378	71.5847
1481.18	234.543	-27.9851
-194.347	-252.676	63.2216
-1422.78	-102	-4.36367
1417.54	-313.007	-18.251
430.248	455.667	-17.5434
-1093.31	-649.686	10.3335
-773.185	-283.154	-3.53306
-906.409	89.7994	-8.92776
-1448.25	-253.341	-2.3129
-91.6773	-97.4319	19.4678
613.038	-1322.28	30.5862
1388.38	-244.871	-19.47
272.689	-482.125	19.6268
-1361.76	903.259	32.4362
-1114.42	-1245.55	43.722
-774.161	-1086.29	19.0779
54.0041	-141.451	14.1787
-158.722	-468.016	100.953
845.519	994.17	-16.3223
98.8099	184.747	-15.9926
-814.418	37.8488	-3.90903
408.748	-962.071	106.869
-813.671	-836.794	10.0376
-1466.91	-1054.53	26.4907
280.074	352.751	-15.6553
261.672	282.326	-14.9238
-1123.53	709.471	6.99524
444.006	-1445.26	25.0101
723.3	399.081	-19.9978
-400.836	-1453.61	48.2151
112.495	1403.17	-15.8498
-1336.56	772.209	8.95415
-1024.8	1412.28	-14.6037
-1481.28	1190.32	2.00531
926.905	-374.438	-12.5536
-538.526	-123.694	28.7803
-660.61	960.314	-14.8687
-721.498	780.177	2.27646
-832	-571.18	0.504396
679.484	241.323	-22.2084
1305.75	374.21	-20.9033
341.63	190.76	-12.7635
443.049	-953.59	107.808
-279.782	1095.15	-19.7271
-1389.38	-1478.11	111.288
-1012.12	-129.192	-7.67377
1487.04	1334.96	-27.1383
398.184	-363.154	1.39711
765.212	-7.46307	-16.972
736.519	388.98	-20.396
112.228	-25.8373	-1.94245
504.381	488.642	-18.2683
-478.526	439.151	-11.4738
1228.74	-1325.28	88.5062
-624.257	22.4268	21.3518
536.957	385.085	-18.7744
1136.32	-928.162	47.9621
1247.19	283.224	-21.1666
85.5584	1355.86	-16.4879
-398.785	1200.71	-19.4518
524.618	-193.301	-6.65902
-1249.71	641.863	9.18508
1324.42	-1127.45	78.7429
903.031	795.623	-19.1761
-1379.86	-652.021	23.6289
937.036	1116.82	-12.1369
-1448.01	612.871	16.2035
-573.095	163.906	18.5366
1315.6	579.824	-20.8405
-963.929	547.588	4.44691
1381.5	-135.764	-21.9684
658.683	742.765	-20.5968
-1382.36	-910.465	39.1801
1069.67	-510.127	-6.7199
941.734	-201.174	-18.0232
107.088	1499.72	-16.548
-648.607	-900.321	11.7089
-464.703	-414.077	28.2109
1246.26	537.97	-20.2849
954.818	-961.611	74.0222
1278.65	-471.04	-13.3736
-337.768	-732.661	48.8405
-1188.76	338.453	3.11966
-1066.36	-57.8318	-6.10877
1456.49	1227.04	-22.3799
1075.75	966.146	-17.5693
-1192.53	352.352	5.26296
-480.605	259.636	-1.84196
-1305.66	644.187	10.599
730.62	-887.889	87.9517
-624.858	-1137.23	14.5711
-899.588	387.109	-6.46443
-991.449	394.163	-1.87688
668.508	266.433	-21.7435
-224.182	660.735	-11.8835
-84.8272	1054.48	-17.7422
-938.803	-351.434	-2.13007
-244.651	481.533	-13.9288
94.0632	1111.3	-17.9199
-386.434	1369.8	-17.674
952.961	823.233	-18.891
-1220.6	897.38	18.7801
1005.93	1031.63	-15.4509
549.935	-653.35	65.5253
-427.407	206.934	3.38858
1441.27	220.878	-26.6666
-1360.86	594.349	20.9245
352.272	365.787	-16.1675
-6.83233	-1052.38	103.888
-961.034	1019.65	-12.5306
103.742	1037.71	-17.9437
-1340.26	117.457	-7.55788
429.998	547.378	-18.0155
1388.22	348.147	-23.1972
-610.273	1431.81	-17.2476
902.045	-118.46	-20.1128
1114.06	696.259	-17.4799
114.101	-826.926	101.566
1222.47	424.396	-19.6657
552.76	426.224	-18.4455
-46.5434	-280.888	61.1891
35.9185	708.169	-15.5809
1089.58	1107.03	-16.6242
1048.06	555.035	-18.0735
-710.29	593.926	-3.91143
372.052	-377.461	3.80595
-1060.08	-502.903	2.49829
-568.753	-435.511	9.51246
-150.182	1413.31	-17.8207
334.429	360.126	-16.0282
-823.025	-256.358	-4.5311
-26.2121	-260.94	53.1134
-950.301	-1212.86	41.0456
-720.092	779.604	2.22003
756.51	557.441	-19.0516
454.499	-919.985	113.808
-1350.86	-437.722	0.0432786
-132.693	1209.39	-18.5577
-141.048	-1173.9	83.2992
1323.39	1219.28	-21.0157
-1376.4	-226.745	-5.03104
266.836	-790.95	94.6926
-92.9603	441.529	-13.4085
1412.68	-401.141	-14.5532
-855.094	-589.021	1.7037
516.851	1006.89	-17.9642
1054.18	-843.747	50.0955
559.413	-1497.61	22.5
-1390.55	-390.44	-2.30096
443.062	-1077.37	62.8453
-872.908	1302.65	-17.6541
-490.443	-140.466	33.8337
1247.94	-893.007	18.2065
-1362.28	-1278.62	57.0466
-380.82	-563.733	49.3358
-1485	-435.654	1.6466
116.092	1239.37	-18.1706
1002.75	579.792	-17.6305
-57.5426	-1029.2	106.278
-168.598	768.224	-13.1664
161.791	-1473.08	35.687
-1174.63	-211.665	-4.68035
1374.26	-1310.15	97.6318
-684.422	1472.95	-16.0213
-687.664	282.799	-1.8415
1180.25	-1009.86	57.2588
-407.543	-580.056	39.6606
-498.66	1009.27	-18.125
-439.453	-1282.57	28.8322
-1073.98	-596.602	7.45046
645.579	-790.34	84.1833
1004	256.291	-19.8196
1425.09	121.834	-25.1318
-1348.51	90.6417	-8.00759
1076.28	-315.314	-12.1623
1271.15	-21.0914	-19.5503
-936.85	-1117.69	35.9218
-1333.91	450.71	40.3114
-1310.67	-130.563	-7.08017
-333.583	-288.943	66.8959
1471.02	569.051	-22.9886
363.515	-1277.96	34.8633
1091.64	1191.04	-17.7472
-868.641	-193.395	-6.44861
954.012	-113.441	-20.1356
-470.041	-1313.4	27.6708
624.721	1239.51	-22.0823
1059.52	-1187.73	74.4044
1069.75	-360.561	-10.9574
316.023	1097.13	-18.7118
-653.878	-796.76	7.895
1380.8	-1012.49	30.761
1061.44	1390.81	-24.2527
-1000.2	-298.22	-3.04341
1370.81	-349.35	-15.374
-745.651	-1158.4	21.0435
1251.24	-49.0937	-18.6429
1434.36	146.212	-25.5701
693.687	848.79	-17.5882
320.052	707.062	-16.1015
-184.078	-58.3848	27.7571
1194.94	-323.46	-13.4419
-1232.16	-1067.51	50.7663
-1048.48	-186.422	-6.16782
-1439.34	-1025.46	32.1711
341.631	1474.23	-16.0286
-717.674	-765.469	5.85081
205.023	-1342.2	35.4993
-1419.47	447.08	47.9077
32.2237	-1311.7	46.3983
1484.58	577.352	-22.6951
127.198	-1353.4	38.2884
484.257	-1102.35	55.9915
-273.37	708.518	-11.5379
786.669	1442.34	-27.2425
1152.42	-1283.41	78.1668
11.5081	797.191	-16.3358
-350.159	163.634	5.6283
-862.731	-341.202	-2.27275
-429.223	172.445	11.105
-772.277	3.71727	-0.821877
-753.433	864.543	-2.79971
139.14	838.704	-17.0831
-128.567	-447.376	94.5647
-1468.19	-1094.31	30.7643
292.282	1205.71	-18.7094
-523.777	-887.634	17.0052
-1302.29	-1401.7	82.8076
-35.131	969.476	-16.6747
678.739	4.87562	-14.3811
-1447.24	738.135	6.60981
-1380.16	-6.3655	-6.76035
-865.703	-714.973	8.31306
-1420.22	28.6129	-5.40891
988.349	-104.577	-20.2183
-553.968	-1188.88	19.3487
1031.81	-1329.4	56.1121
-1164.01	-604.322	8.97057
-610.32	297.002	-3.17366
-513.522	767.935	-9.37822
1068.28	698.943	-17.5976
-1118.53	1242.74	-14.3039
-448.451	-690.03	26.027
-11.5511	-1248.14	59.9737
-161.54	-1088.51	88.17
483.672	-1321.4	30.3229
423.91	-572.849	40.049
1043.7	-421.374	-9.8771
484.832	390.663	-18.0845
57.3641	442.058	-14.0062
1301.41	-162.293	-19.0635
-288.02	-938.239	48.4487
-568.169	-354.528	8.21767
-612.631	-1144.37	15.158
-1093.19	1075.96	-9.72468
838.515	849.094	-19.0632
-562.338	1248.62	-17.0475
178.336	-997.747	82.4373
750.713	625.147	-18.6389
-888.911	-402.599	-2.14541
1050.39	247.87	-19.9088
1413.26	-781.221	-5.91307
474.456	-694.099	75.6069
-904.433	-835.38	17.0419
215.945	-142.738	0.374381
-215.708	164.378	-5.0735
984.288	-1280.5	56.444
-546.896	1493.93	-17.1226
-752.819	860.266	-2.16304
-792.717	-32.8242	-2.64052
246.772	845.784	-16.8657
919.428	-682.989	16.2788
1021.27	132.025	-21.6211
-1000.41	1279.35	-16.8302
-1137.48	1068.73	-6.28193
-827.671	-1354.7	34.4357
-1077.41	176.712	-10.6964
348.478	-60.6748	-8.87435
-746.392	-186.695	-3.23047
935.085	-209.41	-17.8344
384.266	818.018	-15.7251
1420.64	-671.735	-7.51833
633.75	-573.96	29.7926
-129.179	-802.059	91.8083
422.72	1393.5	-18.3738
-876.408	607.717	2.49031
510.162	-1132.43	50.0721
831.852	-465.901	-9.31778
-577.483	199.59	9.63511
202.149	1202.74	-18.2252
-100.608	796.968	-14.9315
652.993	-533.214	21.5578
1392.48	1358.33	-25.7698
261.736	860.676	-17.2629
-750.183	-1365.3	43.3083
-764.61	1081.27	-17.4607
1225.43	-999.17	52.9517
-91.5418	-1288.77	67.0669
-1395.92	993.615	31.2157
288.702	-127.668	-5.49607
-271.414	-1057.2	58.3626
-975.134	17.8609	-9.46856
219.886	-584.747	36.4501
-1394.96	508.783	44.3273
868.043	1256.51	-15.1683
-1269.36	749.901	8.05579
811.821	315.313	-21.2891
415.872	-1451.03	25.2343
-81.5817	-381.137	84.1132
473.411	472.726	-17.9647
556.922	890.713	-15.4675
1197.09	1008.52	-18.859
972.014	949.048	-17.2655
-440.359	-1358.76	33.2059
1038.25	-1206.86	70.5741
1313.9	1025.1	-20.1196
1195.28	932.73	-18.2969
463.455	746.484	-19.5426
-1352.96	-1233.28	50.9522
-1180.77	594.085	10.9971
-785.946	-608.862	1.51749
351.014	-1281.86	35.0164
815.932	116.112	-21.0283
-481.847	-184.646	28.5401
201.326	142.589	-14.0082
1403.86	1400.33	-26.9722
-77.7146	784.649	-14.976
-483.696	-1447.38	45.5018
-24.1199	-856.994	106.201
1067.95	1269.11	-18.997
-1200.04	1059.5	-0.809276
784.116	1018.15	-18.2958
1025.5	720.276	-17.7727
-858.865	820.473	8.21375
354.095	-1323.86	32.537
1056.19	866.344	-19.198
-953.683	1289.07	-17.0126
623.306	-571.5	30.271
-347.8	-674.143	52.5886
-1143.65	1322.29	-14.0389
751.674	1431.09	-26.4912
1270.36	-581.089	-9.52783
-1162.76	-968.409	41.8704
-6.1568	1274.34	-18.9383
875.367	863.548	-18.9502
1355.13	453.896	-21.689
628.101	261.22	-21.0958
1498.99	213.194	-27.9236
820.462	1098.21	-16.8146
28.8679	1384.76	-17.3268
369.271	-1086.98	64.8688
-1410.47	1038.94	20.7404
1478.08	-741.496	-7.65166
1172.15	1.44657	-18.8085
-859.786	-1405.22	38.1255
-424.736	1395.68	-17.177
-490.301	-1265.55	24.5441
-537.86	-1182.99	19.437
-207.221	203.912	-9.55399
-111.567	61.157	0.791432
-536.939	849.558	-14.1452
-197.771	609.633	-12.7646
1416.46	-593.511	-10.4732
753.084	-354.204	-9.84165
461.728	-247.861	-4.39956
-567.591	-991.725	14.3306
1190.84	1295.82	-20.0538
1410.4	920.921	-20.2616
106.402	-1120.26	70.3234
-711.789	-207.552	-2.00139
939.535	-626.464	4.96206
298.303	-1244.19	39.7378
-158.485	-539.964	115.753
258.33	-652.795	50.2896
953.05	-1451.98	27.5005
-753.121	675.248	-0.472937
742.89	-252.55	-14.7566
-1047.97	56.0547	-8.79501
1329.72	-1309.54	96.285
-1209.34	1222.18	-10.4265
-611.197	-105.156	19.1783
-995.874	121.965	-10.1132
-942.728	1001.73	-12.4063
-948.178	-1088.18	37.9184
1288.21	781.876	-18.1166
762.224	-50.434	-17.5593
-428.885	1291.7	-18.4221
87.413	434.009	-14.2587
-1023.89	353.853	-3.23977
-1498.32	701.713	8.10451
472.263	917.151	-15.7446
1409.87	-630.555	-8.88415
-124.351	-339.758	83.5783
-583.737	1345.06	-17.8198
-402.914	1155.9	-19.7301
-893.717	-46.7887	-9.53919
-1115.68	1238.97	-14.223
669.799	-361.401	-4.69681
-233.352	-624.411	101.523
1433.96	-1164.76	72.3921
170.569	1463.34	-15.6163
792.748	-1216.52	37.222
1063.33	-326.345	-12.3212
582.94	606.102	-20.993
-380.13	-75.1132	57.6814
-136.38	-1278.31	68.6893
1378.09	-1179.28	86.3017
988.838	-1321.98	50.9286
-274.212	-221.431	63.5474
999.035	-26.1373	-22.4822
-1092.23	542.427	8.23901
-173.76	685.771	-11.7552
1386.48	-154.526	-21.4476
1177.8	-227.199	-14.8234
543.082	513.986	-18.2751
-1492.79	1147.88	10.397
824.292	-1481.08	20.8811
-205.352	836.808	-14.4703
-995.515	-951.912	37.8361
-154.333	58.7479	3.81243
1180.16	1468.85	-27.0434
-187.816	1244.41	-17.0968
-1369.9	-602.398	18.2741
-1407.22	950.286	29.0778
-912.213	-878.584	20.4232
-796.51	-1052.55	18.6217
-851.009	-928.936	17.24
500.854	262.161	-19.483
-258.211	416.425	-13.9762
596.038	780.803	-19.3422
862.142	-1145.6	54.2798
-653.558	-318.776	2.97742
1211.12	-1069.63	68.8205
-789.391	-1282.97	31.7942
-1204.68	-754.316	21.3204
650.32	153.856	-18.5613
-62.8121	1399.75	-17.4841
-1290.53	103.574	-9.67597
-348.051	-728.746	45.5684
818.466	38.7262	-19.3301
121.839	-609.846	55.5812
1368.56	-346.779	-15.4147
-1498.97	-1246.87	54.4482
102.464	-692.42	73.1061
-1002.82	883.403	5.15428
-851.869	536.905	3.6918
-379.28	-568.273	49.8228
144.784	1325.48	-15.6551
-904.559	-997.166	27.8446
-1480.21	-203.735	-1.74435
-860.587	-78.5571	-8.36162
390.753	444.241	-17.2481
1229.34	950.694	-18.8074
-325.063	91.0894	20.5592
1126.22	332.255	-19.2784
-1259.45	357.858	13.8878
341.86	174.527	-12.091
-127.191	1491.85	-17.0035
242.999	-1055.12	71.673
-182.108	144.219	-4.74249
1178.71	-1375.17	76.3706
-475.184	477.55	-12.1227
98.3629	-237.363	25.2805
229.986	-485.9	23.3009
684.647	-352.752	-6.33803
-1485.52	-584.208	7.9475
799.76	833.982	-18.903
234.834	1422.76	-14.8038
-822.503	-1164.63	29.1894
-8.86657	1041.86	-16.4803
-1335.26	-264.975	-3.9986
996.077	497.775	-19.0311
1040.91	1276.68	-18.9846
625.143	225.542	-20.9023
553.19	-632.059	57.6683
904.66	489.175	-18.3792
-442.452	1498.45	-16.1159
545.649	310.397	-19.4281
-517.159	-269.338	15.1152
-59.7907	-539.456	96.8207
1213.27	-98.3465	-17.6633
-914.271	-259.283	-4.29911
1468.2	20.0309	-24.9156
-188.551	-112.402	37.5251
499.701	499.502	-18.2634
-50.3573	-519.12	91.9453
798.225	1362.41	-22.8999
-970.124	1267.7	-16.7386
1399.75	-520.719	-12.1062
1346.59	339.671	-22.132
118.955	-155.548	10.1775
-359.482	-1139.85	37.9225
218.585	182.858	-14.162
20.4456	970.641	-16.7223
351.818	-825.944	112.897
-1054.01	-302.582	-3.20988
-926.908	-426.501	-1.92398
1059.98	1476.51	-26.2971
536.834	557.669	-18.7798
38.3754	950.212	-17.0343
173.888	-307.561	17.8105
-1173.92	-924.715	38.1791
-232.788	-534.851	110.322
783.606	-1453.94	22.0537
556.255	1055.73	-19.4646
-1184.87	70.0735	-10.423
-482.233	1172.56	-18.8304
876.985	1139.44	-13.2691
-470.546	-1450.78	47.0162
1219.5	-82.5886	-17.8943
-1128.74	-1321.41	55.6947
13.3591	432.142	-13.5227
-1111.27	-756.659	14.5229
-1288.73	773.254	9.61547
-1065.77	494.771	8.19211
40.3587	310.815	-13.4732
819.301	-625.518	11.7799
-1041.35	624.291	6.12591
141.696	648.65	-15.3066
1442.39	1193.98	-21.0381
252.194	-1254.66	40.0316
-1479.59	1046.61	20.4938
-141.91	280.261	-13.4946
-553.666	-229.056	15.3882
1123.53	-179.447	-15.7539
1065	-103.066	-18.4636
-1343.26	1091.04	6.09292
-901.051	-537.527	0.892304
-634.242	136.727	22.7723
557.634	-830.057	102.178
894.796	-1325.5	36.339
-1477.44	-1362.72	88.2578
-1344.98	276.13	7.13071
649.627	806	-18.301
1226.22	-841.902	11.8745
-712.727	-1346.16	42.0129
-738.174	1117.9	-18.1355
787.355	571.195	-18.6597
581.776	-549.212	30.3884
919.922	182.009	-21.4844
632.751	147.974	-17.9866
804.131	-271.715	-15.4262
530.74	654.879	-20.8784
-759.993	678.568	-0.073648
965.512	-560.847	-4.27631
763.984	1082.37	-19.018
-813.846	-1211.02	29.5763
198.769	-1066.77	66.2888
30.1692	-259.115	40.7656
-1172.45	-250.25	-3.95642
1058.95	-461.596	-7.98684
1407.02	-402.381	-14.5318
-454.599	1036.68	-18.8768
823.084	1059.1	-16.7746
944.219	-897.784	78.7759
-556.375	1377.22	-18.1858
1191.92	-1157.7	77.3632
227.601	931.339	-19.3976
-1027.89	-675.561	13.5008
-238.107	-217.519	62.8018
1250.37	-1298.34	89.7806
-808.257	-856.397	10.4508
-239.543	-513.322	106.711
-1042.96	-1274.18	51.0474
653.391	640.418	-20.9155
-513.514	611.263	-10.988
391.066	502.454	-17.649
1491.12	325.62	-26.8281
-356.107	-317.263	62.3471
260.672	334.285	-15.1959
823.1	251.842	-21.5545
-643.57	-1494.48	54.4696
441.463	-212.601	-5.69533
1490.87	-833.433	-5.82972
793.123	771.939	-18.8736
-16.0757	-1224.82	63.4535
1412.59	-713.693	-6.9347
-1013.88	-478.025	0.995671
-1132.93	-1167.17	42.7616
-68.9688	-1056.3	104.449
-280.727	-208.387	63.2259
679.556	244.31	-22.3086
1223.17	1326.67	-22.8442
695.47	380.864	-19.8999
516.87	250.075	-19.6192
1330.73	1327.14	-24.7347
1088.42	1168.05	-17.4995
-1390.11	-1370.37	78.2933
1459.5	269.48	-27.0533
-1241.67	-1268.72	50.9508
-794.309	1438.94	-16.3755
-60.2637	329.514	-13.4583
783	-193.146	-18.156
-177.497	825.831	-14.6236
-87.3159	1348.67	-17.99
-940.629	-30.313	-9.64553
-1018.4	-881.448	29.2889
1003.76	-1352.35	47.9181
699.542	-299.093	-10.6705
736.456	656.625	-19.4194
116.881	611.067	-14.1813
1483.62	-693.625	-8.41108
-483.796	1489.72	-16.6858
-257.637	1182.09	-19.4878
779.987	437.998	-20.4364
-805.098	-968.578	14.7182
-756.954	88.9418	3.00168
-663.104	-825.075	8.55191
1204.45	-921.817	32.721
-34.1747	67.098	-4.84169
387.202	1379	-17.8324
1481.91	-1309.15	94.4779
-1322.45	-955.065	47.8103
-137.607	501.158	-14.4699
-219.708	196.375	-8.70493
110.068	-917.152	98.5411
-1303.88	-742.214	31.4099
977.364	-976.983	72.1282
-1297.44	-104.458	-7.14301
879.12	-621.26	6.6507
134.999	39.0157	-6.96626
-390.181	79.5534	26.7995
1240.5	-1487.16	61.4164
126.237	1264.1	-17.5949
580.716	-197.122	-7.62334
-1467.56	-681.28	15.0729
40.6958	31.967	-3.12509
321.819	-985.49	100.061
980.993	1304.78	-17.8928
-232.329	654.629	-11.9795
1066.38	-1080.07	63.3891
1287.76	1372.01	-27.6383
891.486	-675.821	17.3852
-1194.28	-794.518	23.2581
-824.595	-38.0397	-5.21408
1330.28	885.888	-18.5252
-1475.92	-1091.58	28.6573
1216.94	418.846	-19.6416
520.628	-13.1857	-11.5155
1286.33	1487.71	-26.5188
-88.6911	-976.063	98.9417
223.066	-240.326	5.46012
901.576	626.628	-16.9258
736.132	1153.98	-21.397
-960.682	1224.72	-16.0565
1045.64	1240.25	-17.8326
311.226	-1064.05	71.3893
1468.21	1295.78	-25.4359
1349.77	1250.26	-22.2443
143.784	1373.56	-15.3315
171.549	1240.8	-17.4497
-464.056	561.227	-12.774
102.972	1234.61	-18.4204
-512.321	-173.761	25.3758
398.922	-37.5458	-10.131
-896.524	376.168	-7.33723
-1087.45	190.021	-10.3599
-173.675	-184.634	49.3721
939.675	-777.806	49.1743
-266.314	1199.55	-19.2405
188.891	-606.793	42.3215
-43.5837	-1454.75	48.79
-1015.53	421.554	2.50725
44.3701	-305.364	48.4675
-1456.56	-298.247	-0.912549
960.875	741.151	-17.7961
-947.843	-686.419	12.3155
1342.89	-916.883	9.06051
-155.692	-848.223	81.0271
816.454	-189.554	-18.7387
-870.612	69.9513	-6.94351
-194.194	-289.412	71.0295
-1443.28	665.669	10.0771
907.135	-829.684	74.6223
759.561	1419.39	-26.4343
-1049.77	-514.961	2.79049
626.122	-828.065	90.514
-1242.28	471.793	24.5382
378.098	122.247	-11.2726
307.378	1261.68	-18.456
-287.216	-398.813	86.26
-1115.18	-930.183	39.1257
-99.4772	-1189.84	81.2676
-1286.01	1029	13.5952
201.251	-447.172	21.4446
609.637	-1168.82	42.4663
99.6762	-263.037	27.6497
1175.88	1475.63	-26.9356
-1241.26	-1270.74	51.2606
-707.906	327.349	-5.7183
1126.89	804.486	-18.6827
-845.989	-463.804	-2.06551
-1243.45	1327.55	-11.4439
-234.609	-533.456	109.62
-770.303	112.386	2.07618
-394.27	-77.1424	57.684
-484.263	-31.9031	49.2961
1339.83	338.055	-21.9615
1155.33	-566.433	-7.40294
1375.85	1378.41	-26.1853
-901.045	-619.268	5.81069
786.606	619.094	-18.0262
-527.149	-244.201	16.8439
-644.161	997.878	-16.365
-1336.06	-171.366	-6.34944
581.215	1205.15	-22.3964
-1319.08	-1108.77	50.7116
-177.94	-937.211	79.1
268.927	-192.203	-1.92159
-655.803	1046.13	-17.2405
1091.89	121.526	-21.5702
1227.72	1183.05	-19.2875
161.757	-1056.97	66.6375
1489.9	1106.91	-21.9343
630.705	526.763	-18.4576
785.196	25.5653	-18.2062
893.84	102.091	-21.7892
-833.916	853.665	5.30353
1284.2	583.43	-20.9316
-1317.9	1081.42	5.92602
-17.6605	816.339	-16.2458
-918.933	-828.399	18.093
1280.06	880.459	-17.8764
1469.03	-165.011	-22.2121
1284.25	946.743	-19.0433
-462.226	1161.97	-19.1362
-23.1937	-388.982	80.2137
-1141.34	-26.7198	-5.13785
171.745	452.244	-14.6079
-1266.31	-1268.37	52.419
258.828	-597.68	37.1387
-418.395	499.926	-13.0191
-1472.08	1044.61	20.001
-1480.03	-375.458	0.99179
-785.482	142.617	0.830309
-865.229	-659.114	6.22065
-357.502	1019.59	-18.5551
715.388	-492.754	6.69532
948.396	1143.33	-12.1087
1163.51	-708.739	-0.0131967
-440.177	368.732	-10.5504
784.504	-632.513	20.2553
1185.19	-388.185	-12.7585
-576.481	1229.3	-16.7172
1339.18	513.087	-20.8095
1247.38	-201.667	-16.6392
-1269.99	1351.49	-10.7453
364.475	1302.8	-18.3447
-219.053	-281.959	68.2343
-901.168	1136.87	-16.8305
-358.821	-16.8347	50.0893
1041.86	-474.751	-7.68376
514.43	-739.921	87.8852
-875.78	1455.19	-16.1442
-574.462	1188.86	-17.4465
1114.11	-928.947	52.3314
567.245	-154.336	-8.08124
1101.39	-1170.66	72.4084
831.712	1414.14	-25.5781
-883.2	41.8682	-8.83087
930.554	1017.56	-14.4941
992.296	52.5684	-22.351
876.466	1344.88	-20.7142
1367.37	-524.081	-11.9917
-1357.56	1060.46	12.4988
-1.07596	831.526	-16.254
169.896	-1270.05	40.7007
-1356.51	1274.58	-7.54758
327.713	198.238	-13.0906
286.184	-293.475	2.76267
1243.34	-879.494	16.1467
-869.527	-189.435	-6.57868
-889.023	976.863	-10.2577
-290.929	566.045	-11.9641
-1435.72	1163.23	1.8418
484.519	634.292	-19.263
1323.01	-623.983	-9.12392
564.291	948.152	-16.6086
-1461.89	-1066.53	28.4189
873.907	-338.803	-13.2268
-1142.4	168.013	-9.86308
-873.923	66.8915	-7.27798
-1181.98	776.919	10.7619
65.5967	-803.101	101.268
1023.98	-1437.33	35.1164
-916.638	-435.975	-1.88953
-696.498	1422.49	-17.0114
652.398	-843.479	89.5967
274.342	-205.983	-1.43137
-920.539	-113.131	-8.40446
1216.32	765.157	-17.8305
458.844	-422.301	5.50464
-697.445	-980.159	10.4273
474.416	-166.334	-6.98953
1.88386	1027.98	-16.391
-570.327	-710.259	11.6132
-653.194	-76.0824	10.8316
-551.22	-698.52	13.0026
232.349	-441.452	18.4574
738.289	-795.098	75.3191
771.016	-345.063	-11.3436
-243.846	-839.55	59.3052
1095.66	311.632	-19.117
-1486.55	-1390.85	97.4718
-429.441	-677.367	29.578
1457.22	654.005	-20.9744
1165.35	-577.869	-7.31559
40.5522	1412.15	-16.7265
957.237	92.2201	-22.1198
730.861	1086.39	-20.2542
60.5388	670.348	-14.6559
-221.832	-845.061	64.5252
-442.43	-1131.72	25.4738
-637.159	492.682	-8.47938
-208.105	-1041.36	77.0582
-257.498	-757.795	64.4427
-529.074	-1138.79	18.4759
-363.443	-622.901	52.6226
472.633	-1321.62	30.355
1348	-1006.54	35.7189
-1317.61	1272.97	-8.89088
245.204	-540.996	27.1427
1176.31	-506.352	-9.93908
-947.417	599.04	4.79118
-814.072	99.8177	-2.32353
-1355.33	39.9847	-7.96948
-882.156	3.54002	-8.97851
-241.997	1297.98	-17.7084
1073.2	356.389	-18.2453
1336.69	956.064	-19.4757
194.473	102.799	-12.3131
516.598	-631.052	59.0785
-570.985	-395.746	8.70249
550.686	1166.03	-22.1716
660.59	208.135	-20.8361
-617.596	949.531	-15.5404
477.815	492.151	-18.1717
1151.56	-656.926	-5.03449
0.922713	1328.84	-18.3622
-620.522	-1076.89	13.1835
-1116.51	1290.87	-15.0489
1207.55	-476.345	-11.7914
1020.43	365.224	-17.7388
236.301	-188.198	-0.103313
652.664	-1156.83	42.3197
-317.264	1335.22	-17.7172
-908.2	-643.48	7.57854
-331.393	-463.239	76.4312
394.542	447.922	-17.3069
132.717	-255.052	21.5128
516.237	191.116	-17.1134
1482.94	883.474	-21.3438
-533.662	-84.8197	35.1625
-11.0376	897.295	-16.3101
303.98	-1318.86	34.0268
-339.424	-285.029	64.6038
1378.19	780.524	-19.0651
-812.047	1189.86	-18.8093
727.037	-622.191	28.0649
1249.09	51.2329	-19.8325
-611.311	-813.017	10.0036
-992.47	986.812	-7.007
-899.217	-676.311	9.01214
-22.1857	1288.67	-18.7514
-1475.99	377.98	33.7507
1456.14	1259.66	-23.797
-464.978	-1413.36	39.2552
-1054.41	-1325.43	54.7231
-1064.14	894.591	12.4328
-1361.22	1140.8	-0.163969
-1434.87	-55.3094	-3.69847
672.049	2.01755	-14.1096
-0.620359	49.5895	-5.17274
-992.107	-483.165	0.967074
-1298.6	-1159.74	49.6285
-1323.15	812.773	15.3469
1218.91	-656.125	-7.8186
903.392	-234.114	-17.3478
-350.26	-1104.58	38.5505
-1116.82	978.506	4.43369
-992.049	1165.94	-14.6818
-637.57	921.102	-13.9765
-505.053	-1388.49	35.9805
-1184.92	-530.728	7.54066
-174.588	-153.743	41.95
-1357.37	-1030.91	50.8859
1106.93	1435.16	-26.3571
-1306.98	530.852	32.2059
1141.49	808.055	-18.5283
239.331	-523.495	26.0007
-963.992	926.769	-0.86123
-1333.51	-989.052	51.2025
-274.503	815.678	-14.0955
42.7483	-563.141	69.786
-1010.48	-1343.38	54.3591
-318.409	-142.235	59.8252
1118.33	1482.64	-25.9753
1476.71	-634.206	-9.64237
18.1949	-169.353	23.1681
704.259	-94.2996	-17.1321
-321.274	-318.331	74.7248
-1412.56	1009.14	28.3129
624.248	269.004	-20.9194
-272.335	52.9044	24.796
-559.406	-28.7178	32.1931
1047.69	5.45602	-22.3506
1030.95	320.682	-18.1034
503.598	898.012	-15.5733
320.211	-156.353	-5.1367
458.3	-385.405	0.328971
1290.1	-1077.5	66.5278
-1401.87	-18.2442	-5.64
797.113	-977.441	80.3193
651.1	-944.616	95.4462
256.626	-309.469	6.07025
560.401	-830.792	101.724
-203.09	-61.4051	32.4954
-845.778	577.258	2.15887
-411.325	-1130.36	29.2977
-944.379	987.217	-10.5761
723.92	240.169	-22.1008
-1173.03	17.8744	-8.41586
-737.7	301.632	-5.43777
1465.2	1420.23	-26.5117
1328.74	88.0049	-22.9151
655.801	-612.233	37.1191
-1267.89	-20.5877	-8.86184
-1005.97	-1349.35	54.0867
397.864	1243.51	-20.9878
-1148.81	1167.33	-8.85307
824.903	-134.035	-20.3879
-1031.95	1468.55	-14.3233
-847.935	670.659	3.39494
-1379.82	594.946	20.9568
-49.0529	694.041	-13.8124
684.272	-1005.36	81.1088
-1141.91	1199.02	-11.7631
-450.544	442.494	-11.7965
-859.52	702.102	4.70284
131.315	1284.18	-16.8022
1317.39	-1291.09	96.0095
686.152	-1197.26	37.242
-845.132	1162.44	-17.8436
-125.612	-512.088	105.81
981.808	590.677	-17.3181
-1431.02	724.477	7.82949
-1059.08	1091.17	-11.6696
90.9474	477.072	-13.7755
-1063.26	-1234.57	45.5744
1153.61	-542.088	-8.27843
220.298	-1297.78	36.9973
-321.194	-55.1631	55.023
914.445	-1103.75	65.3951
-40.9949	656.454	-13.631
-153.728	-1399.05	62.0784
-710.496	60.7584	8.39475
865.311	185.621	-21.7602
1298.49	1389.28	-27.836
790.421	871.933	-18.5163
-303.708	-1276.82	49.7256
-688.079	-1284.26	31.3443
-1057.64	-1131.75	36.004
519.749	744.662	-20.8511
89.1271	-1378.34	39.5197
-413.758	-53.5329	55.7788
414.748	-845.04	116.705
854.017	-482.458	-9.11173
400.347	-1263.94	34.6439
-888.59	-1309.16	34.8654
1131.63	-1306.33	73.3544
73.908	52.6015	-5.53319
1237.19	1190.39	-19.4199
631.348	-481.676	15.3524
82.2932	-1036.54	87.8441
78.2763	-648.743	72.2014
1375.86	379.007	-22.789
740.914	561.904	-18.8847
-1382.49	-929.924	39.3071
1132.28	308.557	-19.7167
-1180.14	1016.3	4.1585
-274.097	-855.961	51.246
1323.49	42.3766	-22.0001
142.231	802.152	-16.819
-394.077	611.808	-10.9312
445.164	293.37	-18.0269
364.682	-1206.54	41.3684
1179.62	577.517	-18.8161
-1121.6	-16.4779	-5.57259
-903.326	882.814	3.68506
355.496	377.617	-16.3199
-948.753	-250.537	-4.59445
317.999	1372.02	-15.6049
-1078.37	-807.317	20.3761
-1248	-306.476	-2.52473
-389.791	-1187.26	33.418
621.077	584.979	-19.6928
-790.811	-1400.15	44.86
447.054	-1166.75	45.425
636.656	1378.39	-23.2637
1037.2	-776.414	28.6258
-648.196	-750.461	6.92749
1470.57	92.8434	-25.7592
-1157.25	-1040.24	46.2393
-1474.85	-1362.32	87.7062
1232.45	-1189.46	83.8807
-265.108	1370.74	-17.3871
303.332	202.792	-13.8045
-879.928	-1085.31	30.0213
1259.12	-1019.75	57.9449
-10.0654	-276.373	54.4722
1029.46	1161.29	-14.9092
266.012	-154.469	-3.70876
264.161	990.395	-18.601
-535.577	526.216	-12.9508
569.802	-802.542	96.353
-104.265	273.179	-13.7091
967.561	-307.282	-15.0225
1197.19	1175.83	-18.768
619.618	759.873	-20.1075
-1056.13	569.322	6.68868
264.759	546.474	-15.9575
-528.028	26.0274	40.5304
-702.333	1234.71	-17.7294
-566.192	26.8978	32.9804
223.889	-1327.84	35.6101
-1293.47	781.668	10.2662
-138.658	381.585	-14.3378
-1172.16	914.171	13.5451
924.468	-1111.29	66.7743
-1307.31	76.8656	-9.89659
-921.384	385.516	-5.66876
36.3109	-387.244	66.4922
1475.92	283.339	-27.2753
-41.1543	-148.496	25.1974
37.1112	-1288.67	49.3061
284.466	-986.367	96.5498
-977.789	1235.39	-16.1761
239.712	-52.1117	-6.0186
-311.916	317.911	-11.3424
651.04	-572.314	27.7956
-1085.35	1300.88	-15.6373
-812.728	324.311	-10.3165
-83.8098	273.106	-13.6939
-1081.92	895.694	13.9186
389.688	-457.888	10.8143
320.195	891.861	-17.001
235.883	1431.97	-14.9706
-536.713	-88.5019	34.3618
1415.61	381.24	-23.8865
-694.388	389.59	-8.64895
-1458.57	-1169.71	40.1646
813.124	233.387	-21.5775
880.823	-694.031	24.0359
-576.612	-409.345	8.53766
1296.2	-791.646	-2.2392
-870.825	1343.64	-17.2136
1004.97	-966.078	69.7623
1245.14	663.041	-20.0036
-143.755	1443.47	-17.7465
-595.227	1391.04	-17.5921
-537.027	764.788	-8.95505
1459.36	-236.326	-20.3281
353.605	-1233.12	39.3611
399.383	-714.584	78.9334
-276.466	903.673	-16.3265
-605.974	-1496.39	52.0139
144.12	-195.761	14.7
51.6352	528.034	-12.1398
258.954	44.4773	-9.13427
-243.996	73.117	15.4022
-1083.85	1258.43	-15.609
1098.05	984.782	-17.6726
-399.12	-577.588	41.9974
-825.972	707.583	3.83453
466.438	-342.037	-1.17648
1224.63	-897.016	23.5649
948.754	262.315	-20.3753
1089.35	676.308	-17.1286
-152.961	953.152	-17.5841
-200.001	164.773	-6.11047
1045.38	966.23	-17.24
-429.624	-542.661	34.9947
-442.287	-1246.48	27.3813
-842.594	101.573	-4.48428
-866.695	488.27	-0.142743
1323.62	-930.008	14.3391
884.485	-987.086	76.5006
-901.388	720.844	4.21451
1462.08	-1193.74	79.0028
-769.429	762.143	4.10959
1060.07	1425.36	-25.4374
-1377.98	717.628	8.80618
-1309.06	-1396.09	81.6934
1086.2	-669.862	1.27519
1452.41	346.831	-25.1927
176.369	1215.48	-18.0735
1226.75	845.792	-17.8692
319.949	-632.164	45.8101
868.138	1029.09	-14.8513
-612.676	442.854	-8.93906
1412.37	-644.947	-8.30445
623.051	-597.981	38.4418
943.156	1065.52	-13.3287
1349.13	192.088	-24.1252
936.435	-1407.71	30.8407
-819.251	-1325.53	32.2919
-891.363	1101.26	-16.5954
402.635	-56.1826	-9.58417
-591.249	-1025.4	13.56
-1395.15	-1246.26	50.3963
-1032.43	-1241.6	47.235
228.549	341.19	-14.7263
83.9549	635.075	-13.9415
-685.186	-648.74	3.97247
-92.3704	-8.67927	5.881
-825.357	-1252.74	31.054
-603.728	170.613	16.9999
616.864	-613.506	44.466
-1071.15	800.927	10.0474
-1323.55	-1192.01	49.1373
-17.7151	-1043.32	105.466
1028.55	1280.96	-18.9224
1023.43	-1461.99	32.0607
-549.577	-457.376	12.0919
-387.991	1103.85	-19.5382
1419.65	404.497	-24.274
-460.18	586.753	-11.7968
692.214	1054.99	-19.7921
390.815	1158.36	-21.3652
-999.373	-354.23	-2.40263
-393.383	1113.98	-19.5476
-159.11	-1100.24	87.7015
1046.78	778.417	-18.9258
1386.77	485.889	-22.0427
290.92	154.595	-12.2882
-860.171	1187.36	-17.8947
-90.7826	841.297	-16.2032
-633.86	1175.77	-16.7806
317.183	-637.309	47.0208
-343.59	-581.752	66.1046
213.575	-642.327	48.8733
-931.198	-252.427	-4.52811
-803.71	-706.08	4.8078
715.076	37.8232	-16.1806
610.777	-748.226	81.5662
1489.23	452.316	-26.3245
-1282.23	-1383.41	77.4169
1274.67	-906.426	16.8209
-1302.31	90.4032	-9.76364
-174.009	475.475	-15.2651
-1001.96	349.767	-5.14264
989.439	-1253.65	61.6106
949.349	-340.676	-13.8582
352.562	212.526	-13.9608
-456.515	-88.4092	50.4305
1224.67	829.2	-17.8611
938.318	670.092	-16.9908
-864.799	-891.109	16.3681
381.914	417.828	-16.901
-141.469	1221.5	-18.2695
404.034	-359.548	1.02169
-1223.78	-621.339	14.4558
24.4191	-880.334	108.928
-519.567	304.787	-5.05176
-597.517	-33.5283	24.735
1478.62	-634.524	-9.67441
1098.75	359.478	-18.6257
-150.579	686.271	-11.9795
1398.55	-733.284	-6.40057
-287.784	1155.31	-19.8382
-1387.72	711.985	8.92559
258.483	-572.325	31.8028
190.769	567.67	-14.4545
-1470.84	-175.162	-2.09228
677.143	853.92	-17.1698
756.071	763.625	-19.4016
-492.25	-627.894	18.9449
-676.225	-630.881	4.7521
867.686	-416.162	-10.5741
447.35	-607.754	51.6856
1392.54	-870.765	0.896375
917.686	-186.954	-18.5905
-955.263	517.539	3.71032
-228.49	822.486	-14.0455
-816.524	-328.369	-2.34367
-1104.36	-362.27	-0.886114
1157.37	928.534	-18.0248
1134.53	-165.985	-16.0834
663.654	159.257	-19.0338
1044.88	668.816	-17.0471
-551.975	662.274	-8.27637
-539.11	284.13	-1.7026
-729.439	-677.538	3.51223
1494.28	1472.88	-23.9617
1344.94	733.737	-19.7908
-1463.93	1012.96	22.6989
-595.219	-331.573	6.35651
355.912	-1194.93	43.2589
1316.89	751.118	-19.252
-1139.41	-592.016	7.62249
-283.377	-352.647	83.4266
862.407	9.74907	-20.0309
-61.4461	36.9753	0.0897699
736.029	415.857	-19.876
296.936	-1331.81	33.6813
360.086	-1043.12	77.7957
714.689	-487.587	6.28759
671.583	-385.173	-2.07558
-45.9868	-330.9	74.4702
1238.42	-297.287	-14.893
-254.098	1326.8	-17.5646
-642.164	-691.506	6.30969
447.491	1037.79	-18.6207
1449.35	267.854	-26.858
-183.647	-397.322	96.0345
845.032	-40.9117	-18.9298
-871.794	572.127	3.05207
-160.89	527.955	-14.2749
776.673	-1194	38.7254
1343.39	-47.7696	-22.5187
-567.616	1314.99	-17.7872
-873.776	-916.485	18.8009
313.423	588.31	-15.7494
-569.336	38.7367	32.2911
1071.11	399.624	-17.9972
446.685	-713.01	81.1151
-1153.32	302.159	-3.32984
-132.022	-1065.61	97.4582
-571.123	398.399	-8.43141
-213.837	-78.9222	38.3602
-85.3699	-273.837	62.4515
907.596	1324.99	-19.2441
925.226	856.016	-18.7327
-1114.06	252.796	-8.4162
1030.85	-179.541	-17.2196
-365.925	1354.83	-17.8246
915.027	19.3077	-21.5734
-118.507	-1220.53	75.808
1113.6	1279.94	-19.5102
-654.896	-385.885	3.27861
-1263.86	-306.977	-2.73606
-1283.93	655.225	9.06009
1332.58	1066.22	-20.549
-1362.02	265.787	5.88991
684.867	450.743	-18.8609
-1217.34	-714.021	19.5023
118.638	793.097	-16.949
-92.4809	649.205	-13.0576
607.778	1180.31	-22.1682
1353.25	1342.45	-25.463
-338.707	-1484.14	53.8811
102.66	-69.9824	0.70772
-1417.85	136.184	-4.08742
279.049	479.193	-16.2675
988.132	-445.801	-9.31981
-485.158	-461.564	23.4382
-1254.49	-255.695	-3.58761
1367.83	898.438	-19.1184
-1035.35	-965.722	44.2816
-999.215	218.841	-10.8162
523.554	1467.55	-21.8595
-563.3	-66.9563	29.9074
-88.1943	1216.8	-18.6051
0.463565	-616.976	86.3057
656.6	196.623	-20.3681
-368.625	965.946	-18.1181
-1316.39	13.5917	-9.28079
1216.59	660.133	-19.0925
-1097.17	-1429.68	71.6079
-552.069	620.854	-11.0261
62.8557	-442.49	58.9565
-230.841	-0.205572	27.4819
-348.474	-1303.75	41.3205
-515.156	-397.811	17.4313
-296.417	-691.418	69.1213
-152.431	219.458	-11.6817
1420.92	-525.477	-12.0201
1168.26	146.278	-21.5879
-1006	854.052	5.91354
385.878	-461.441	11.3206
-1230.06	-592.858	12.8494
-600.934	-1118.05	14.0199
-378.337	376.074	-11.5395
981.751	293.267	-19.3953
581.687	1452.9	-23.2183
887.115	544.508	-17.9767
67.8968	-484.374	56.8074
-1235.77	678.829	6.31905
-1371.05	600.056	19.2794
-321.919	-197.011	57.4166
1139.94	-1044.72	62.0401
1408.65	-424.432	-14.1781
75.9117	-529.314	57.8163
-1333.73	1112	2.57945
1449.08	831.203	-19.7324
-827.299	-1422.37	41.0205
1373.93	291.39	-23.9008
441.002	-1094.98	59.1199
735.356	413.26	-19.915
-879.229	1219.09	-17.6727
883.594	86.5689	-21.736
-616.677	672.504	-6.16385
60.8871	-404.303	58.6793
1273.83	6.12224	-20.0126
849.843	1237.96	-15.3128
717.088	295.972	-22.0032
558.719	1076.79	-20.0969
721.989	-1008.65	79.0955
-1034.63	-439.131	0.0234476
927.44	-740.206	35.9315
125.163	-1365.71	38.205
625.645	-873.651	95.3196
-803.947	558.93	2.62657
-336.048	-702.171	53.3397
-1492.49	-158.254	-0.808958
651.735	-340.884	-5.26422
372.361	1369.87	-17.6334
-1199.61	321.108	1.34227
-296.224	1177.19	-19.9021
-401.746	-1450.82	47.5458
413.902	1347.18	-18.6184
-1168.24	-1442.46	81.1012
-444.438	-681.983	26.8186
823.882	414.321	-20.4945
1136.62	407.364	-18.9705
-1231.34	-1405.3	81.0996
878.555	865.065	-18.9331
-108.4	-338.918	82.0899
1090.1	-526.379	-6.7745
-623.89	-932.62	11.3268
600.211	480.922	-18.2673
-1266.07	59.7826	-10.4898
12.0489	775.999	-16.2317
1304.93	1459.83	-27.0019
-167.888	-458.349	100.801
1156.7	-1061.17	65.2184
58.4715	-730.783	91.1138
-893.838	1152.2	-16.9807
-756.24	485.996	-1.44002
-151.947	183.814	-10.9359
-211.985	-1088.79	75.973
-558.422	944.028	-16.7632
1083.53	-1259.8	71.0659
-582.431	897.092	-14.4031
1398.82	192.336	-24.9177
-717.46	135.486	11.4433
-19.7344	-519.47	83.213
768.488	1030.76	-18.8367
742.295	855.198	-18.2743
1114.11	181.867	-21.0428
-506.972	-424.602	20.1571
31.685	-1006.29	99.303
-1272.13	1399.62	-10.4315
-365.651	-24.7795	51.9546
702.756	859.463	-17.4009
790.365	976.483	-17.5821
839.957	-1498.51	20.2041
224.257	-1440.07	33.0414
1369.52	-514.677	-12.1722
-255.931	-886.06	55.5532
-79.4899	80.9256	-3.36257
-1359.76	1092.95	6.88969
859.618	902.501	-18.3519
111.701	-1217.67	51.8862
812.888	-681.447	29.6905
258.877	-754.422	83.5645
327.412	-1110.95	60.2257
-1233.21	-598.727	13.6045
99.8635	229.922	-14.5534
866.406	-59.0611	-19.4382
823.165	-725.873	43.7745
-187.867	-1060.71	83.3623
641.442	-708.532	68.6983
1108.88	-1119.83	68.7299
1193.39	1314.61	-20.6082
-1349.59	-277.985	-3.50526
1268.81	588.851	-21.0749
-264.205	1022.22	-18.5223
1186.67	-1139.64	76.8202
1015.98	1022.14	-15.7647
955.106	1312.7	-18.1895
225.317	214.818	-14.8402
-1207.28	551.87	16.7812
-1334.1	1162.5	-2.32062
-510.477	563.258	-13.0921
-1412.16	1416.91	-7.57983
1314.81	1492.27	-26.4538
735.987	-470.703	0.861758
-379.796	-551.947	50.4699
-448.192	-1397.55	37.478
-827.839	-533.961	-0.570702
-1474.08	287.145	10.431
1191.67	33.6378	-18.8352
-612.811	204.036	8.66758
-756.924	492.926	-0.792309
1305.15	-77.774	-21.0108
1302.22	-1468.73	76.0931
-426.527	-690.813	29.299
-994.52	-1398.16	54.4205
-641.408	1415.14	-17.1288
947.803	-1217.47	58.3648
629.81	529.319	-18.422
-1292.96	-1395.61	80.948
-982.552	-747.247	16.5456
861.929	-970.829	78.6702
1152.58	288.401	-20.2814
-439.557	-655.161	28.2731
843.218	-671.482	21.9077
-1045.27	-521.094	2.97977
-846.666	437.129	-5.25455
419.554	-641.568	58.7606
-1425.23	1407.58	-7.34318
1437.19	-121.182	-23.7498
260.657	351.421	-15.4753
-147.518	-407.197	93.207
418.612	-789.531	103.898
-913.779	-327.136	-2.0893
1497.06	-1127.34	40.8976
260.699	-1217.47	43.1387
882.577	-1085.66	64.6348
1395.33	-247.397	-19.6411
307.214	-717.3	73.1272
-1067.59	-607.095	8.39237
-1219.94	187.052	-9.0332
-881.836	-1197.05	35.5473
-130.687	-1448.78	56.8872
-381.837	-699.969	37.2403
-899.564	-1114.61	34.2596
668.554	949.624	-16.2832
-361.134	1451.62	-16.7449
264.964	-858.349	110.66
-561.011	782.288	-9.32376
876.518	821.198	-19.5541
-562.505	254.575	1.31447
305.76	425.376	-16.68
1098.47	657.031	-17.1823
443.4	-293.494	-2.43655
1264.82	548.61	-20.4166
309.227	-836.889	110.547
326.456	-1300.99	34.1789
1366.97	-905.877	5.34605
-542.914	1173.48	-17.9577
1496.3	512.321	-25.8096
-391.057	-458.686	51.0388
372.85	1044.44	-17.6226
-690.219	-1451.56	54.3558
-517.802	-1426.42	41.497
-693.024	387.486	-8.67514
78.435	-677.911	76.7275
506.861	-942.995	107.44
-653.804	13.9543	15.4649
-335.794	-638.232	60.8211
-341.27	-1463.33	50.2696
551.701	651.417	-21.3245
1225.87	-1013.45	56.9521
726.808	510.088	-19.3642
-68.8694	83.6792	-4.33936
-548.334	-347.304	9.6932
-730.531	-824.429	8.05222
-1435.78	742.087	6.75174
173.14	-206.4	10.7977
-631.346	137.885	22.9302
120.042	351.248	-13.7621
872.23	-553.797	-4.3367
133.958	1203.76	-18.1083
948.551	814.751	-18.9142
1016.92	857.308	-19.0586
-269.26	876.945	-15.6459
1125.11	856.145	-18.6159
-178.326	-695.794	101.374
960.014	1126.82	-12.6324
-545.553	-274.059	11.103
1486.6	1154.78	-21.1369
-450.813	-547.465	28.9744
340.305	525.191	-16.5201
-338.42	457.033	-13.0555
-499.425	800.331	-11.9115
-284.25	-1292.48	53.9027
-295.276	246.293	-9.69459
689.168	419.61	-19.0755
1219.14	-153.25	-17.0316
-730.756	1477.51	-15.8414
220.196	615.753	-15.8846
470.315	64.9531	-13.0104
569.99	994.029	-17.5415
-1416.82	-187.589	-4.87269
345.984	1097.85	-18.9224
848.864	-1041.7	69.4587
1073.53	381.035	-18.1258
-1160.79	-875.101	31.1952
1366.16	-1160.5	82.43
-1310.32	-162.093	-6.55455
-850.621	-1201.03	32.6379
862.99	-799.36	67.2388
365.971	-202.84	-4.39658
268.433	399.975	-16.2924
-908.394	23.1549	-9.02669
-242.647	-502.156	104.6
-380.739	818.855	-14.5685
-415.421	-231.106	39.6656
-467.753	286.981	-6.47147
-1114.69	918.276	10.1415
1217.68	414.403	-19.6806
763.343	-641.576	26.8482
1034.86	769.435	-18.6302
1233.51	553.938	-20.3161
-387.009	1421.98	-17.0009
