929.706	-238.398	-17.087
-483.582	710.214	-5.83932
-1387.02	544.164	37.2729
291.827	393.721	-16.274
722.419	729.788	-19.9747
-642.982	-50.9279	14.1864
687.852	-26.3822	-14.6136
-538.719	227.058	4.29485
1171.56	716.479	-17.4778
952.395	-1125.63	70.4678
-263.555	41.1277	26.8789
1324.63	-1324.07	95.6663
763.494	-709.717	47.5414
-205.311	-602.754	111.044
737.954	-462.927	-0.22096
1288.32	-174.577	-18.3157
-728.487	-927.819	10.2246
-399.432	-1098.45	30.5259
842.165	94.1525	-20.8736
435.788	81.7181	-12.6085
-782.756	-678.193	3.30266
-637.849	-621.464	7.07399
-625.721	19.3243	21.0733
-91.9584	-252.185	56.9897
-1363.73	518.78	40.7507
1215.05	-18.4446	-18.478
493.726	688.477	-20.2795
1321.45	476.486	-20.728
780.093	-811.793	77.4219
-79.5761	614.143	-13.2615
-426.896	787.678	-11.8043
977.225	-536.877	-5.45347
327.945	-1179.74	47.0962
468.891	1116.71	-20.9586
1205.37	1264.31	-19.4242
-999.165	807.239	6.59334
433.63	-502.923	21.8298
-784.695	-1078.82	19.3299
-324.221	420.187	-13.1172
619.624	-1488.02	22.8345
-313.101	-90.4003	58.5028
-205.866	685.924	-11.4743
630.415	-1427.57	25.2427
1098.4	-1067.64	61.5714
175.315	768.38	-16.5403
-1171.7	1418.66	-12.6217
460.215	396.167	-17.6918
72.0236	1367.86	-16.6422
-324.615	926.392	-17.1071
-644.61	-848.049	10.0247
-1165.37	1256.56	-13.5361
-665.681	-285.601	1.71672
1486.7	629.719	-21.3435
-274.033	-998.097	55.7531
213.409	-1426.56	33.7959
-1033.62	1488.31	-14.1568
-405.597	1293.61	-18.4764
651.187	-573.171	27.8974
1090.66	-1227.57	73.0464
406.037	-1354.44	29.6223
-59.3968	628.655	-13.3349
-1236.76	-170.976	-4.457
359.884	-987.007	100.189
-798.609	-1028.27	17.4107
-1039.14	1085.51	-12.2377
-245.565	-1009.01	65.1335
1461.34	-1478.8	79.3421
-1051.57	-682.03	13.2631
-1269.18	-449.911	3.91096
1120.06	1269.47	-18.9779
-1339.85	-93.8146	-7.73466
1007.51	454.484	-19.009
1297.13	-1234.94	94.1321
1065.71	365.068	-18.0854
-431.139	733.764	-7.47235
-877.435	-382.706	-2.11056
804.462	248.816	-21.6135
-257.804	380.868	-13.4833
-953.935	907.951	1.66553
745.978	974.218	-17.5083
1328.87	-857.782	1.97199
-450.458	341.214	-9.49833
-1299.92	548.838	28.8243
-154.55	922.229	-17.0387
-440.367	-732.482	25.6146
-257.267	47.4487	24.4335
-1425.32	1132.08	5.89148
-729.284	-289.076	-1.50581
855.028	-61.1452	-19.246
-569.885	-1326.59	32.0295
1444.81	1357.63	-27.1044
-780.705	-1073.24	18.7689
-549.061	-455.699	12.1786
390.37	-502.982	18.7964
-1497.53	1330.05	-5.72682
1207.42	958.577	-18.7038
-1315.68	752.984	8.07922
1263.19	170.457	-22.2706
772.472	-1224.05	35.4896
1192.84	1322.08	-21.3288
391.76	801.898	-16.1559
1281.64	564.504	-20.5965
-867.974	1036.23	-15.4958
-1133.17	-586.429	7.24518
-929.583	1160.49	-16.3439
-1019.6	-1288.7	50.2112
-352.472	-608.976	59.4354
-52.5984	-194.895	38.2522
-39.7428	-1380.74	51.6667
707.828	-1109.78	50.6425
-1337.31	1024.65	19.9531
991.178	-1197.97	66.7019
1462.81	-940.921	-0.0150853
1132.43	1366.4	-24.129
-121.962	-844.955	89.1416
-867.6	246.572	-9.50433
-1437.72	-972.596	30.8192
-1287.62	-562.974	12.2285
13.3409	-999.17	102.83
-847.493	-638.356	4.08372
260.958	-1486.21	30.2267
2.53898	-1416.97	46.2237
-368.988	-1270.76	37.2649
-840.284	285.373	-10.1885
1338.63	1341.88	-25.7863
682.552	-1138.01	43.846
1138.75	-798.803	18.3416
1331.4	-1085.35	63.5601
-339.284	915.457	-16.9993
241.69	709.705	-16.0228
1195.17	-1154.78	77.4693
-240.587	696.261	-11.4034
1199.07	-663.536	-6.8365
428.17	1291.28	-20.1756
1413.48	860.602	-19.5084
-439.893	1197.76	-19.0396
-1498.17	-89.9634	-0.51694
-812.65	634.925	0.412072
-1319.34	249.033	2.80973
-555.858	1473.98	-17.4283
-1364.08	584.394	24.0338
-706.48	667.026	-2.97381
942.668	-671.006	11.604
741.495	555.149	-18.9653
808.17	375.679	-20.6035
-1291.01	-152.424	-6.18089
-1213.78	-713.84	19.0892
526.861	-1025.99	76.0831
707.008	-1479.61	22.258
762.355	-526.651	2.29076
-375.315	115.827	16.9356
-207.983	-1317.51	68.5941
1054.15	-615.108	-2.33804
1484.15	424.574	-26.113
-535.631	-641.085	14.5141
-1368.68	1252.98	-6.85427
-1013.1	307.543	-7.68399
533.715	1028.44	-18.6058
-222.01	1214.28	-18.2728
41.0424	-67.7699	1.7833
358.05	1122.43	-19.8301
-146.69	344.922	-14.0064
-412.442	1241.93	-19.0038
1030.71	-1317.97	57.9261
-1238.94	617.917	11.2106
1062.95	204.786	-20.6302
-363.453	1042.13	-18.8715
5.1616	484.797	-12.6978
80.8079	-284.394	34.4045
1057.35	-165.508	-16.9103
-81.7239	816.817	-15.6591
-1350.49	859.342	25.0501
-1270.4	-1181.55	48.2182
269.964	-379.101	9.32327
-1217.11	336.137	5.0686
-1076.66	282.607	-7.23321
833.615	-376.038	-11.5777
534.682	-728.043	84.6656
306.431	-1313.34	34.188
67.3223	-1398	41.1499
77.7982	-257.111	30.4593
-814.883	1460.68	-15.9074
-455.341	22.9099	44.1493
898.994	696.779	-17.4532
890.694	1041.24	-14.0979
-792.116	707.259	2.5893
1315.5	859.507	-18.1621
1352.55	670.906	-20.4043
582.651	-1419.12	25.4667
812.885	-1460.26	21.6043
-1156.88	1313.34	-13.7891
-1102.04	-1337	58.1336
-1092.51	-303.576	-3.15671
-1208.31	64.421	-10.283
980.621	1288.15	-17.3324
-418.596	842.025	-15.833
904.56	-568.578	-3.56024
-1138.71	-646.574	8.83346
-379.901	933.778	-17.9471
-798.399	-921.944	12.6913
-1395.44	-87.1269	-5.55978
1273.96	1427.42	-27.7381
1338.41	-1237.13	99.2646
1038.21	747.215	-18.3232
577.779	279.479	-20.274
-1496.75	-1383.52	96.7444
210.166	1428.11	-14.929
-1090.71	1031.39	-5.96969
-1082.23	778.591	9.11813
-1137.97	-900.912	33.877
883.684	444.517	-18.902
461.804	712.952	-19.5788
75.4771	-861.688	107.113
296.032	1367.62	-14.8236
-239.037	-1395.37	57.5076
-382.073	224.719	-3.58848
-1026.41	-474.909	1.00596
501.198	-1446.79	24.2849
-1289.44	693.86	6.7036
422.049	-712.55	80.1017
621.119	-258.057	-8.53413
907.612	318.626	-20.2242
543.499	436.758	-18.3054
1215.82	-649.962	-7.81647
266.227	1404.92	-14.4037
-257.033	-1346.94	58.9258
1404.16	1300.78	-24.7016
-119.6	-511.695	104.721
-1129.61	322.455	-2.23046
1304.73	-131.637	-20.1232
-219.073	-1371.75	63.4065
1167.33	-1130.24	74.7902
-893.481	1458.03	-16.1062
1159.71	-1067.44	66.1826
-449.974	-1301.24	28.7195
630.251	59.3156	-14.6445
202.04	1006.29	-19.7821
-1177.24	-917.972	37.7023
-855.286	1150.39	-17.503
287.636	1017.6	-17.9146
-716.598	838.013	-0.833167
-1420.43	167.271	-3.41372
-1478.15	-1252.09	54.5027
-674.395	1422.04	-16.9868
-735.878	782.901	2.81595
-386.979	865.538	-17.4844
451.979	459.91	-17.7209
-717.832	-995.958	12.0389
-1221.64	272.847	-3.13125
1209.78	1394.01	-26.7689
-1022.02	190.156	-11.0567
611.573	-1141.26	46.9717
1391.93	-829.007	-1.88083
-1222.24	385.378	12.7783
-1155.8	-104.199	-4.84038
-624.343	-838.141	10.4112
-271.241	172.649	-1.36491
1204.03	206.328	-22.4339
-463.195	709.383	-6.06041
1401.05	-324.521	-17.283
-1113.21	-263.376	-4.1858
-1448.73	-71.7217	-2.92252
159.062	-972.058	91.3111
-451.221	-865.109	23.6561
-963.202	-945.216	32.5983
72.1264	1206.56	-18.2425
-984.565	-534.186	3.08886
-508.849	1486.6	-17.0024
1338.95	-926.569	10.6865
-1002.35	811.845	6.54512
-891.667	-1209.17	36.7201
689.065	985.608	-17.5417
-225.999	914.309	-16.4358
-473.734	-449.984	26.769
-193.583	-1296.46	70.0222
-603.745	584.574	-11.0956
-1209.64	343.28	5.15377
-633.083	1278.11	-17.1432
-1139.3	926.193	10.7545
-952.384	-11.8245	-9.52863
275.945	-351.927	6.53894
868.837	-1191.83	48.2892
-366.546	-672.707	45.9002
-1283.19	160.826	-7.89404
-229.871	-472.057	106.275
-1202.01	-936.79	41.0189
-346.036	-935.976	37.5474
-720.123	680.249	-1.43118
561.582	-9.44668	-11.8008
1478.07	-1305.14	94.8439
-771.922	-543.529	0.593559
-1476.99	-307.852	0.431439
175.845	1452.25	-15.4081
-416.421	-364.922	42.1577
-776.527	269.492	-4.45607
926.671	-629.054	6.07731
-833.862	-527.75	-0.718363
391.19	496.084	-17.5521
719.795	-1102.26	52.7974
-435.253	-724.663	26.6164
-1436.44	-368.491	-1.14613
289.388	-313.116	3.63423
-821.409	-1108.01	25.7506
1160.12	992.048	-18.3193
-368.306	554.462	-11.7542
999.247	-113.371	-19.8146
938.037	723.852	-17.4468
842.269	-217.901	-17.9933
-839.616	-122.098	-7.30581
846.92	-968.495	79.5498
-516.639	-101.872	35.5133
1146.5	-281.685	-13.4035
-2.18747	451.48	-13.1043
896.612	-559.518	-4.14593
1067.16	53.2999	-22.1587
-483.119	-539.465	23.3165
-807.62	-152.416	-5.79508
551.896	1195.65	-22.542
-585.512	-304.389	6.62731
752.183	1468.26	-26.3162
241.114	70.9655	-10.3889
272.741	131.908	-11.774
958.332	-430.496	-10.199
-841.515	976.524	-11.3712
-695.468	1035.26	-16.4653
1178.59	1036.91	-18.3765
771.407	-1499.02	20.9892
272.95	740.504	-15.6826
202.395	-709.986	66.273
-1477.16	-208.395	-1.79992
-545.14	1218.82	-17.6792
-753.582	-1105.58	18.8456
-855.072	517.819	2.57371
-1283.71	1037.42	11.5158
1481.61	-982.121	3.1838
966.662	-1097.99	70.3843
1267.38	411.319	-20.3695
1455.61	1008.02	-22.5857
-553.636	-201.6	18.1852
366.575	-284.064	-0.485404
1094.95	570.255	-18.366
-1112.75	-1048.08	43.532
1308.18	1085.04	-20.3337
-383.483	-963.848	32.0919
-484.68	-248.98	22.048
1198.36	643.923	-18.8999
1394.84	1441.27	-26.1747
-1054.76	693.523	5.57081
-287.775	45.3859	28.9129
-1302.13	-178.546	-6.05959
826.959	-520.728	-6.14729
-646.925	1441.67	-16.6373
1095.61	1381.32	-24.3083
166.368	-844.985	104.975
442.123	1282.01	-20.487
1217.12	715.271	-18.2201
-75.6967	587.482	-12.7414
-455.495	-837.563	23.1544
-1317.14	-980.573	52.1242
905.121	1271.6	-15.6087
1332.79	-1236.93	98.645
88.535	1475.65	-15.7975
10.8346	-412.273	73.0275
-220.524	99.1422	4.96198
625.068	1168.59	-21.9909
1243.66	-505.982	-11.6757
-25.8788	-1036.32	105.681
-909.775	-174.099	-6.88646
1048.92	103.684	-22.0939
-704.486	127.705	12.9543
-125.894	1377.96	-17.8844
947.571	285.083	-20.1384
-241.74	939.992	-17.1057
604.549	647.296	-21.9215
945.479	-256.648	-16.5764
528.535	587.401	-19.1352
-1228.52	722.063	7.23356
-726.222	-924.161	10.0687
878.367	387.216	-19.7596
618.048	1473.44	-24.6821
1279.55	1335.19	-24.6657
344.507	244.455	-14.912
787.904	-1022.1	73.135
-1325.61	-192.978	-6.08308
-374.066	504.515	-12.5309
170.694	-1102.02	60.4132
-1487.69	-1085.79	25.2256
458.933	-964.049	105.584
-1113.02	611.747	7.26632
886.573	-807.837	68.4898
-664.794	758.777	-0.302922
-1251.21	-831.834	33.1004
152.823	778.726	-16.713
-829.4	-1053.24	20.9063
-545.835	-420.446	12.1924
1307.06	1482.87	-26.8141
649.215	86.3203	-15.8853
-1309.26	-1132.82	50.8133
104.978	530.61	-12.5715
238.571	-879.557	109.805
898.725	-827.349	75.1964
802.467	373.067	-20.666
-233.112	1261.66	-17.6688
-976.902	-609.747	7.80356
817.937	88.05	-20.1393
1043.15	410.334	-18.2377
258.178	869.055	-17.5149
-311.446	-1150.75	47.5779
-1380.09	-78.4995	-6.22975
-1487.3	-297.315	0.893711
-1338.2	-1382.9	79.4823
-890.219	-1010.17	26.042
-1300.1	666.072	8.9642
-649.304	1300.99	-17.4586
391.008	1011.13	-17.0515
372.871	-447.097	10.6272
-289.217	-1161.59	52.7564
-462.254	-1274.13	26.8595
-321.216	-659.574	64.1807
-1446.68	-1170.75	41.5551
294.916	-198.274	-2.58696
-1340.25	153.188	-6.24484
-102.784	-650.567	110.51
-163.482	-359.2	88.853
1451.03	-1251.96	95.8543
-403.969	1457.8	-16.459
-1197.57	-873.442	32.516
-915.761	-229.774	-5.2672
-461.496	337.666	-9.127
-503.942	333.054	-7.97219
1108.54	1395.23	-25.0302
-1383.89	-81.0025	-6.06657
215.513	-153.558	1.02683
-1204.66	-274.512	-2.95087
-507.658	-660.563	16.4182
-238.869	1207.69	-18.6615
775.041	806.66	-19.1202
-1487.58	-760.7	12.7736
-365.562	-1092.68	35.8788
-538.807	1374.79	-18.7337
760.895	1301.22	-20.8399
-194.007	1426.67	-17.6886
-291.365	-1108.39	53.0824
856.742	1342.9	-20.675
-786.457	53.0629	-1.20305
-1315.87	-694.98	26.9859
1229.17	936.195	-18.6006
1217.49	825.037	-17.8667
57.5616	873.116	-17.2481
637.421	-1374.85	27.3752
864.263	1311.78	-18.5563
-1245.46	21.1828	-9.89388
-155.829	-1116.3	87.0485
-340.824	-889.071	37.8964
-407.584	1244.14	-18.9977
162.586	1089.73	-19.1354
-289.208	-332.595	82.0011
673.993	200.909	-20.7875
-96.368	1249.55	-18.4733
1153.65	62.7853	-20.3518
779.851	-1284.91	29.9147
11.9354	590.571	-12.1995
1125.9	-1478.41	46.5235
-564.071	952.672	-16.7536
1059.55	-848.539	50.731
1190.85	-389.732	-12.9128
-819.161	309.71	-10.2194
-1381.77	-1079.79	46.3736
-1292.79	1471.89	-10.0891
220.945	-736.04	75.4935
974.379	-1452.97	28.435
827.385	1317.93	-19.2789
255.083	-639.756	47.2595
-408.778	666.037	-8.2567
-53.3791	-1323.65	57.4595
995.038	865.471	-18.8888
-43.3571	-1027.04	106.073
351.778	1369.58	-17.0114
343.571	-456.059	12.8412
1264.38	162.109	-22.2865
692.428	468.861	-19.0948
1259.36	179.835	-22.2593
769.616	-321.327	-12.6267
1249.98	-723.839	-5.92427
-680.13	-749.377	5.38094
314.868	944.715	-17.4256
338.79	999.905	-16.9472
1186.28	136.66	-21.8229
409.084	714.257	-18.282
-1092.91	1386.95	-14.3657
-130.469	-833.087	88.3527
911.249	986.249	-15.5214
265.29	-983.314	95.6346
1057.33	-487.493	-7.15776
-999.019	1152.88	-14.4439
1058.37	481.421	-19.0992
-1379.24	1245.48	-6.29847
-304.305	-1370.42	49.8256
-143.69	-1208.86	75.7488
-147.731	658.136	-12.4052
135.929	-1451.12	37.0656
404.966	-1073.3	66.1393
-239.524	548.964	-12.645
59.286	-581.198	66.7619
-221.641	-746.712	76.5384
1033.29	1094.12	-14.8516
1421.28	1206.11	-21.3328
938.762	1010.46	-14.8095
28.4671	979.454	-16.8238
11.0209	226.616	-14.4085
-963.252	-1164.12	38.1169
1325.99	47.5605	-21.8904
-900.399	297.018	-11.2773
1397.71	412.749	-23.7384
-364.186	1270.85	-18.6957
-1341.23	700.302	8.96725
-87.6022	-302.672	70.9065
-972.391	-81.963	-8.89386
-1356.08	-1310.23	62.7313
-943.419	474.228	0.631613
-1410.35	530.594	43.4449
31.7716	-1194.74	64.1621
-1392.79	1461.88	-7.91033
61.4336	1417.54	-16.7185
-1281.73	-1384.95	77.7936
-1434.05	-679.777	21.7966
649.289	1007.67	-18.0705
510.594	-611.498	53.8857
-232.018	-354.103	84.8541
530.84	-863.246	110.641
-362.259	1108.64	-19.6745
722.653	-1100.34	53.3816
105.212	411.937	-14.4667
645.22	360.186	-19.6368
-188.226	-964.314	78.3628
746.854	645.438	-18.9981
-824.985	-1313.43	31.385
-204.92	-877.082	67.594
-1112.65	-1240.48	43.0632
-763.725	-564.367	1.12666
182.795	-909.616	100.156
617.774	1447.38	-23.9407
-1080.74	643.604	6.48379
-1202.19	-906.038	37.1546
-730.871	428.203	-7.72203
-267.439	-1437.17	53.7295
-681.751	-566.776	4.59012
-1432.22	389.494	36.7649
-216.978	-406.109	95.1605
4.0005	-1400.72	46.7907
-1181.9	-325.19	-1.28924
-472.083	-1371.97	34.2808
-1150.57	1029.04	-0.448586
-72.7065	793.443	-15.221
-38.6003	466.483	-12.4424
-1239.13	-1407.84	81.7965
319.52	259.514	-15.0249
231.76	450.618	-15.7407
-1089.08	228.437	-9.69324
-465.536	254.248	-2.60154
-666.986	1481	-16.293
127.283	227.283	-14.6698
-641.071	999.378	-16.4163
460.761	-120.29	-8.16161
1438.25	787.533	-19.2694
244.415	-449.286	18.3528
398.053	-766.555	96.7987
195.093	-724.293	70.7171
41.8456	491.092	-12.7895
-115.215	622.051	-13.2259
-172.325	309.319	-13.5785
-731.325	888.282	-7.09652
-499.046	-1006.21	19.6813
929.072	103.659	-22.0375
-1186.83	1036.08	1.67023
-499.01	-21.0648	46.2922
-978.707	-604.19	7.55598
732.474	-250.798	-14.5846
906.521	1394.38	-23.8174
-1211.18	757.752	9.13152
217.666	-1491.92	32.66
-479.804	1066.73	-18.7204
882.642	377.844	-19.8305
993.387	-33.6766	-22.1817
-1170.94	1216.08	-11.765
-1354.9	-906.1	41.4655
1285.93	721.448	-19.726
-835.739	-1063.53	22.6815
1173	-159.783	-16.1179
822.575	506.181	-19.1843
29.0231	1201.43	-18.4648
479.535	-950.124	107.78
-1085.06	376.296	2.47554
655.75	520.722	-18.713
-58.4851	-137.282	24.7482
-1296.36	-970.847	52.3266
296.721	141.018	-11.5944
-1236.16	500.568	23.102
-737.679	1050.81	-16.547
-1248.13	-609.121	15.7701
-1220.36	1297.17	-12.1051
-931.21	-1299.92	41.5151
1474.7	-3.76735	-26.0936
-827.394	-1260.63	30.7237
-106.823	-1398.38	60.8644
68.4927	-553.084	61.5546
-1167.55	-672.703	12.0897
-489.148	-1000.4	20.6168
-621.564	-1126.82	14.2757
-971.043	-574.679	5.52038
-341.927	1335.11	-17.8076
1117	9.96744	-20.7843
285.77	568.526	-15.9168
1239.63	53.7835	-19.5609
-629.59	461.259	-8.47438
620.721	-291.146	-6.84825
1257.31	726.539	-18.9815
-1063.26	-676.418	12.7327
704.74	-1021.09	76.1265
1242.15	1210.63	-19.4501
185.033	223.675	-14.6182
-1238.73	-1313.67	58.8278
-400.023	853.171	-16.8316
-1423.83	957.184	28.3447
-933.002	1372.24	-16.081
-1390.4	859.715	22.3022
-182.323	1349.84	-17.1901
91.8145	381.144	-14.2938
903.012	-1295.59	40.9003
-1497.22	771.102	7.48912
991.391	-246.491	-16.73
1468.06	-1478.37	79.2799
-804.183	1355.48	-18.1679
1097.45	-291.896	-12.8227
-32.1496	-1389.46	50.5632
-757.735	871.875	-3.57197
407.921	547.82	-17.6001
-595.121	-960.102	12.2959
1349.99	-550.357	-11.2536
532.705	-1004.52	85.3824
-731.931	-323.51	-1.12298
-91.8129	1350.66	-17.965
1487.4	-1391.86	85.7471
562.225	1336.88	-21.1635
913.188	-508.289	-7.47332
-348.952	-300.41	63.2151
-887.729	1154.24	-17.0462
238.654	941.676	-19.2859
-807.28	-950.472	14.3305
-24.9791	-584.351	91.2057
921.778	-346.845	-13.3602
273.959	-1211.4	43.4392
1380.4	436.585	-22.8489
1100.75	-880.497	48.925
1234.93	1450.25	-27.6819
-1231.72	-212.928	-4.14265
-1320.41	1100.26	3.69338
1136.33	1133.49	-17.7909
-233.396	-658.474	96.2411
1430.41	733.511	-20.1785
-672.952	459.946	-6.9405
469.285	84.6261	-13.037
-1457.82	1400.69	-6.80089
-444.729	-692.265	26.6861
-609.028	-1149.23	15.4324
-331.669	1317.52	-17.8768
-1011.34	-1400.82	57.3553
-1021.35	405.153	1.75702
-955.755	-511.706	1.332
-1381.07	-1200.45	48.4279
1486.12	-170.667	-21.7749
1342.2	-333.856	-16.1342
-736.196	75.2606	5.35182
609.124	767.749	-19.8667
1186.73	1162.87	-18.5714
163.114	296.991	-13.7851
842.034	1449.54	-26.8185
-796.875	-1120.35	24.3338
-686.883	367.999	-7.64221
247.238	-2.01818	-6.38565
693.488	-586.279	22.2624
-902.25	380.675	-6.79249
1350.39	-1018.23	39.4701
1480.3	1448.55	-25.1563
-694.686	1104.86	-17.7561
856.604	550.191	-18.2803
1054.04	108.118	-22.0241
1313.5	-678.501	-7.74298
424.42	-1053.78	70.0373
-182.861	28.7846	12.9139
1114.98	-643.14	-4.01962
141.242	-999.023	87.672
335.865	1265.67	-19.0848
1278.1	-1423.31	86.3297
175.289	1036.99	-19.3721
-393.546	361.562	-11.0505
1242.33	-857.438	12.6788
1068.8	290.58	-19.0217
769.369	-362.414	-10.056
-472.859	64.1385	34.7785
-25.999	956.146	-16.6209
758.421	-246.994	-15.3903
-306.664	621.799	-11.5928
-1166.41	197.693	-9.28647
-1318.04	-1346.09	69.4059
-1148.89	-659.518	9.57874
-163.412	1027.04	-18.3863
1364.4	-1144.86	78.2001
-1040.21	240.689	-10.0701
-574.703	1278.67	-17.2447
542.147	-155.148	-7.81039
-120.632	-1131.91	94.2757
-1265.58	-684.476	23.27
-554.523	-208.555	17.6862
609.875	1117.24	-21.0804
886.135	-1017.24	72.8679
796.962	982.69	-17.5103
56.6851	389.811	-14.1778
175.679	1352.15	-14.9189
-794.171	-333.908	-2.20561
1339.84	-1345.12	95.5042
952.929	-951.387	74.3173
-328.343	216.718	-5.00372
-1135.96	-732.751	12.6484
159.775	-472.744	28.0828
937	-97.4548	-20.3947
419.631	-674.249	66.7166
-1356.35	-1066.56	51.5103
712.038	1180.73	-22.2261
-398.479	1493.96	-16.0458
809.623	-282.016	-15.0429
-24.2718	-137.691	21.4635
-1437.86	-759.572	24.0772
470.471	37.1508	-12.9842
-476.756	280.892	-5.64097
-382.255	-236.057	46.3527
808.962	-989.242	78.9317
652.289	-77.8098	-13.019
-4.38878	-1451.64	46.0167
-1039.78	282.745	-8.12814
726.519	-60.8076	-16.8078
-776.575	496.976	-0.178888
1361.02	28.8926	-23.1539
-176.014	-180.068	48.562
-1440.48	1365.97	-6.96958
-183.893	327.222	-13.8195
581.096	-295.704	-4.30966
1183.3	22.3005	-18.6426
-887.324	-1133.43	33.9715
1150	-537.725	-8.32596
1230.23	-659.624	-7.8742
-572.685	746.589	-6.938
-916.965	-472.872	-1.27954
-1338.62	1012.98	22.7482
1017.49	-1409.54	38.3126
1147.72	547.15	-19.1161
-932.69	987.712	-10.92
1339.19	1188.4	-20.6796
-1165.89	-565.922	8.18149
119.583	-1199.1	53.7856
-1452.11	-507.495	4.33679
560.45	335.385	-19.1749
288.259	867.183	-17.3421
-667.604	445.333	-7.50557
-1404.38	-483.969	4.41308
868.323	450.134	-19.2519
-1156.83	-653.3	10.2352
388.417	218.214	-15.1485
-1279.21	612.977	12.5022
266.925	-401.98	11.6627
-410.401	29.2902	40.8811
-8.65285	1214.52	-18.8434
536.268	-348.81	0.544405
734.544	707.744	-19.7171
-308.258	-827.241	44.7191
417.513	1301.94	-19.5755
-108.254	1062.02	-18.2624
1453.36	1383.11	-27.2755
-68.5009	1256.65	-18.6979
1206.62	822.254	-17.8773
32.9155	-561.619	72.4803
-738.451	-279.78	-2.00628
400.264	-859.134	120.07
-1048.9	-1216.06	44.3322
411.089	-666.577	63.6493
1219.23	-1144.24	80.3761
1307.07	-36.4969	-20.7823
458.23	-847.959	116.046
-1012.59	941.103	0.878314
-1170.75	-492.182	5.58338
1431.39	460.361	-24.2918
-366.071	-491.692	59.0155
-1450.3	512.562	47.8849
300.084	-841.461	110.297
-185.927	1449.11	-17.6377
555.888	1104.53	-21.0051
-117.151	1395.64	-17.9043
-728.796	-99.7564	-2.11511
1399.36	-1271.91	100.463
109.449	498.542	-13.4043
-1207.2	397.436	13.2645
1359.94	32.1762	-23.0722
-1353.66	777.933	9.05706
1176.75	-362.352	-12.8015
-1476.18	-169.136	-1.74796
1272.7	-72.5834	-19.5226
545.229	114.914	-14.788
-870.725	-52.4763	-8.88668
706.067	-971.561	89.4146
490.964	1404.5	-19.5157
-1447.29	-589.54	14.4899
1248.6	-1078.04	71.0555
633.614	-932.687	96.7044
817.525	805.153	-19.0558
528.337	-1327.91	29.79
469.524	-584.591	44.6277
-26.3319	-868.169	106.128
378.717	-554.208	30.9874
1405.82	1395.94	-26.8691
-968.637	1228.15	-16.0867
481.984	-512.836	25.032
1136.52	-1192.7	74.8651
536.683	1420.65	-21.0901
143.357	389.76	-14.5278
1497.49	128.127	-26.7602
904.447	1490.43	-24.7159
238.504	1284.29	-16.2106
-674.588	-56.2561	7.48802
-1390.51	1491.73	-8.3062
1024.34	695.202	-17.4298
237.733	-917.936	104.74
-607.79	-1411.25	44.6611
1461	-1218.77	90.3671
-669.125	-1493.68	56.3157
-723.988	1487.72	-15.8971
-593.456	-881.1	13.0315
1354.6	964.612	-19.702
-286.816	-1210.11	52.0734
-1138.68	312.705	-2.84397
995.285	-742.639	27.2842
-426.653	-758.616	26.0649
1497.45	943.53	-22.943
545.925	-481.645	19.0517
-732.152	1047.58	-16.4531
471.337	-1056	66.9774
429.277	213.148	-16.029
-1249.61	-1048.7	52.3833
-678.435	1138.28	-17.4083
-900.053	-808.15	15.2043
-1437.64	-315.717	-1.77004
661.18	898.82	-15.7023
380.125	-435.869	9.25494
-1090.02	-773.225	16.6373
-173.786	615.531	-12.7601
-1480.79	285.411	9.85251
-320.524	660.039	-10.7667
1225.45	-1270.31	86.29
962.281	-667.261	9.85894
63.3026	226.888	-14.5519
1250.19	335.204	-20.2705
1028	-1030.19	63.2525
1105.35	1243.64	-18.4993
136.963	-846.891	104.923
-1314.51	1025.92	17.6932
-81.0634	-1227.44	73.0835
-1310.22	506.749	34.9414
1185.3	1173.49	-18.5571
1151.67	-694.204	-0.686093
-1298.08	176.925	-6.89523
1288.92	352.275	-20.3405
-317.18	-1153.38	46.0348
-1185.02	1170.99	-7.42119
-527.145	299.73	-3.3826
-297.117	64.3441	24.669
301.169	-165.701	-4.26358
-1293.94	1435.31	-9.76812
401.484	436.786	-17.204
1130.41	-206.432	-15.1252
1333.49	-1164.7	89.2527
-1123.63	-493.33	3.99174
-960.182	-724.269	14.4997
115.871	-1351.28	38.7815
1214.06	1373.76	-25.7042
-362.284	88.3421	23.1213
-313.961	-875.909	41.7747
-1448.31	439.171	49.9618
-138.171	-282.742	68.8268
901.756	-29.3403	-20.5346
72.8814	1484.89	-16.1433
541.887	-738.188	86.0798
-315.218	1389.87	-17.5043
1297.58	-1253.26	94.9149
820.94	-622.668	10.6267
-349.23	-670.619	52.5118
1205.11	-548.127	-9.67166
-883.517	141.263	-8.04133
594.212	-1317.73	30.7766
-1254.46	595.381	14.1806
-807.194	-636.585	2.25173
1412	956.774	-20.8097
-612.252	-85.9484	19.6104
-1224.38	-126.547	-5.24753
301.424	-200.175	-2.73443
167.638	1395.89	-14.9211
657.744	-54.4487	-13.3621
-512.927	-616.478	16.4424
-1357.4	-520.814	7.836
1482.25	1100.87	-22.03
-553.691	719.232	-5.82978
619.874	441.885	-18.444
311.608	1012.1	-17.4786
-1064.32	877.337	13.9935
-176.2	1481.7	-17.5472
1487.21	1029.81	-22.9018
734.257	481.404	-19.6617
-757.293	208.632	1.7779
224.324	-727.619	72.5881
-1045.7	-1055.64	40.9192
-1299.69	-93.9193	-7.37742
-1271.18	253.163	-0.608743
-399.27	350.704	-10.7501
-489.584	-392.327	22.3395
311.102	-1072.08	69.1869
439.115	451.554	-17.5327
-504.957	-236.444	20.4565
-615.149	711.358	-3.66684
850.08	1023.41	-15.6563
249.569	73.5398	-10.3425
-352.219	-965.445	36.8601
1455.06	1069.52	-22.0343
310.441	-1246.11	39.2853
-479.845	1079.38	-18.8767
1179.86	-427.785	-12.0132
769.283	416.838	-20.4162
554.268	1219.9	-22.382
963.969	1122.15	-12.7448
1202.7	-117.007	-17.3018
-35.0215	1056.02	-16.5514
-1421.57	-1119.47	41.9103
-1190.4	224.216	-8.33178
-1322.65	-70.2982	-8.38869
72.3699	-638.645	72.1491
422.105	1435.75	-17.9383
-1286.04	-852.789	42.1382
870.636	139.134	-21.685
-481.379	-1350.79	31.3567
-836.18	364.542	-9.44532
-1219.43	230.514	-7.61868
1203.23	723.402	-17.7192
1139.56	28.6833	-20.2777
1143.22	-318.63	-12.1519
202.988	1192.85	-18.3312
-1475.99	-1074.08	26.2724
-491.897	-1038.28	20.1902
429.771	-1328.88	30.3345
-790.105	514.219	1.6717
1329.2	-150.424	-20.1632
-1027.57	-1382.5	58.7428
-1239.94	-1253	48.1003
-116.258	776.842	-14.0042
941.117	-120.082	-19.9821
-966.424	-57.8554	-9.16116
-707.875	-7.19235	5.0487
218.382	1448.91	-15.2992
598.744	-209.396	-7.77413
-451.293	-760.26	22.9488
559.5	-1330.69	29.88
-1278.18	-135.738	-6.10043
-656.055	-705.72	5.74085
883.947	-203.817	-18.3405
-1099.56	622.157	6.98052
-237.586	1254.5	-17.7462
64.6403	-298.439	41.8287
-98.3709	1010.76	-17.7517
-806.477	499.558	0.35607
-1114.17	1246.53	-14.5358
-257.944	122.788	4.10861
817.347	1096.78	-16.9543
851.049	-1468.22	21.9572
674.263	1176.26	-22.2258
-459.915	-392.852	27.9113
-504.45	233.034	3.65842
-1101.9	373.609	2.96273
762.8	387.43	-20.7272
-1374.1	18.6563	-7.18492
1127.27	1305.02	-20.7594
558.527	-561.309	36.1323
-535.568	1314.42	-18.1409
-821.272	-1072.17	21.9891
-118.847	-1167.44	85.8121
-1011.81	386.151	-0.737592
1288.03	326.988	-20.699
12.2508	-1329.07	47.9059
544.86	561.985	-18.8493
-1055.91	23.4195	-7.68912
199.902	-853.438	106.678
-804.057	644.163	0.381944
1166.13	-572.929	-7.51209
-766.359	-382.24	-0.724347
-151.09	-1080.72	91.3927
261.742	551.566	-15.9387
51.179	974.508	-17.3772
1087.47	1369.43	-23.5757
934.688	-560.432	-4.31582
-367.85	-1396.69	40.26
-848.842	81.6444	-5.07596
-1135.16	67.2775	-10.5165
822.512	775.527	-18.742
1165.41	-916.409	40.0105
735.138	1310.03	-21.295
1135.93	-1075.54	64.6792
1169.33	-326.601	-12.7173
-297.445	52.4108	28.1296
-828.568	-854.312	11.834
-1119.53	290.138	-5.5703
-1027.15	-630.094	10.7426
-1481.26	732.548	6.43461
-117.612	-265.215	62.7081
-435.902	195.641	6.60913
-786.999	845.065	3.34907
-518.304	110.853	28.7474
136.123	-1451.25	37.0542
558.833	-34.3584	-10.9948
100.861	-1488.06	39.2466
-923.665	-276.461	-3.73809
1122.57	-693.728	1.67342
-777.438	159.85	2.32877
397.289	669.392	-17.5023
-1032.39	493.196	6.5736
-1153.54	-411.751	2.19554
1367.75	-480.919	-13.1619
-489.126	137.219	22.8206
-214.052	211.502	-9.65751
833.296	360.583	-20.659
548.618	-1299.31	31.5411
-1392.78	-112.891	-5.86386
-1013.24	-79.4246	-7.75611
33.9161	-108.123	10.0231
-293.32	925.346	-16.9353
-820.834	1321.61	-18.2483
415.076	682.675	-18.2209
-1237.87	-870.392	36.2017
339.709	1132.64	-19.9306
244.252	-202.921	-0.455291
209.211	-665.433	53.9408
-711.382	-1389.68	48.0828
-812.911	-723.373	5.66648
430.944	-290.689	-2.43376
-674.37	-578.259	5.00905
576.734	539.202	-18.7562
348.683	774.665	-15.5267
-184.614	624.763	-12.5246
-307.967	-412.708	86.6035
1094.53	-117.666	-17.5687
349.579	948.942	-16.5941
35.5586	-619.77	78.8717
-1194.16	524.801	16.7195
-1296.23	1142.93	-0.493038
-1483.26	-978.87	19.3267
1447.75	-1101.92	45.1541
154.784	713.86	-16.6284
-925.244	1230.78	-16.6941
808.839	1327.75	-20.5677
36.2344	238.952	-14.103
286.043	-55.6082	-7.82586
-240.038	-86.4655	45.7062
-527	1218.68	-18.0894
-104.588	-507.083	101.418
1453.61	444.147	-25.4126
461.177	-221.509	-5.49089
-264.599	563.887	-12.2679
-420.642	-469.659	39.2619
1010.39	-28.9595	-22.3964
-1386.97	1391.34	-8.09374
798.18	-807.304	74.9358
155.243	1192.66	-18.3281
-1124.87	1267.38	-14.8283
-1001.53	749.068	5.72596
-502.18	-598.58	18.1219
10.3373	550.748	-11.6227
-424.213	523.72	-12.9264
289.271	-373.824	7.90185
141.336	-692.248	65.5419
1102.98	1352.82	-22.9757
1014.43	-662.169	5.90029
188.595	522.001	-14.2419
422.741	-399.005	3.12026
55.3744	140.724	-13.7293
744.253	-1052.81	67.0382
-527.711	-1231.05	22.9659
-896.026	-63.9538	-9.35677
-1303.38	1148.3	-1.00071
1264.18	778.151	-17.7843
229.983	536.045	-15.2902
1060.3	492.61	-19.1338
714.076	494.598	-19.4439
-1351.01	609.487	16.1398
113.161	400.389	-14.5654
-270.523	-230.32	63.7793
295.043	-307.893	3.21078
-1495.49	-1006.74	17.2586
1041.16	938.648	-17.9675
1099.81	-1094.03	64.1476
405.239	-1133.44	53.4165
11.7351	259.192	-13.9411
1026.12	1073.86	-14.8863
-1018.11	-1148.64	36.3572
388.33	-1450.8	26.025
-907.422	143.422	-8.95337
-860.309	610.386	1.94756
426.912	605.202	-17.7929
-293.881	645.861	-11.5571
-70.0959	-179.868	35.6472
1387.58	-80.6638	-24.0173
1275.35	169.399	-22.5451
-1478.61	1406.7	-6.41186
-1357.95	-1398.09	84.3133
337.96	-1247.7	38.5258
-900.603	534.882	3.9506
439.537	-725.109	84.9387
233.018	-440.037	18.2576
-448.328	21.9366	44.1879
740.629	1344.87	-22.5967
-1186.49	-281.753	-2.78536
54.6178	-458.364	60.6214
818.233	1373.11	-22.8645
-1217.75	-782.237	25.0548
-458.936	-1173.11	24.4872
232.098	-742.807	78.388
920.573	-797.139	59.4929
532.309	-1067.07	61.9291
-916.161	-463.574	-1.59261
-1003.32	829.918	6.23296
1231.49	942.322	-18.7086
1007.13	1386.16	-23.3055
44.9206	-276.894	41.6619
411.415	-780.002	101.001
1062.03	359.915	-18.0544
1496.86	1175.74	-21.2139
634.296	-1353.42	28.7002
-419.193	717.913	-7.06785
22.9214	723.153	-16.0296
266.712	1230.7	-17.8468
1377.19	1494.53	-25.9879
1186.82	341.144	-20.0442
591.643	-16.2697	-12.0097
-1413.51	-52.8085	-4.68476
1113.49	-124.664	-17.3161
888.006	16.8486	-20.8684
-621.352	-479.968	6.78005
41.3385	-209.479	29.0654
-1255.68	-66.8646	-7.18639
1074.59	196.156	-20.7822
94.7149	-927.836	98.7533
-890.892	-1395.93	40.1591
643.034	1383.98	-23.4635
-1291.75	-1227.78	49.961
-322.286	237.239	-8.55807
-655.943	-405.632	3.26433
1354.91	-619.661	-9.05216
-905.319	-233.29	-5.14931
326.01	189.533	-12.8047
771.693	34.7599	-17.9704
-2.09243	691.673	-15.2115
-483.389	-560.212	22.3933
-1306.34	-477.244	5.23271
-1149.22	-173.083	-5.11088
-11.1734	-1478.79	45.8395
-456.93	869.023	-16.8883
-878.802	-1424.18	40.8281
6.29907	-746.57	98.7524
463.318	662.977	-19.1907
296.814	-650.856	49.8716
-637.205	139.175	22.2682
566.284	862.546	-16.0733
1067.15	-1157.86	71.7192
920.964	-1432.76	27.5335
-1457.91	1196.25	-0.176665
1001.78	7.85148	-22.5996
-625.955	-1245.45	24.8037
-271.194	-353.435	83.7934
1116.5	377.148	-18.8114
-997.734	-1418.05	55.7253
692.401	1177.52	-22.5766
283.988	-577.077	31.6203
389.493	143.595	-12.1996
962.745	893.946	-18.5452
1331.4	-1424.77	89.9937
1443.12	-868.497	-2.36985
-187.784	-1374.6	64.4762
-237.959	-1352.01	62.5805
447.547	1265.12	-20.9008
170.615	-871.985	105.565
646.755	88.5719	-15.911
936.995	-840.043	72.8299
-1122.35	133.84	-10.4161
-1378.23	387.183	34.7204
187.283	120.191	-13.2775
1189.53	-937.891	38.8469
874.965	488.638	-18.9098
-637.516	784.621	-3.67275
-1440.24	-1075.16	34.4566
-1041	28.5423	-7.81704
1256.22	-733.18	-5.71356
-378.7	1311.88	-18.0662
1055.97	-787.145	29.1621
-687.015	-282.107	0.435698
-1078.72	138.271	-11.1081
716.372	1407.8	-25.3333
-994.94	781.427	7.38404
-382.771	-1372.21	37.4937
-56.4939	-978.943	103.821
61.302	536.847	-12.0383
318.404	893.249	-17.0528
-1227.84	200.197	-8.47045
564.071	-291.639	-3.81613
-1332.12	496.479	38.6986
-28.2986	975.781	-16.6812
808.527	-962.774	81.332
531.676	471.282	-18.2758
322.03	-561.545	27.0675
-1219.98	-1343.22	64.2887
-336.42	-1026.08	39.243
-536.549	-943.609	16.6093
1420.08	-1414.5	90.831
-1470.7	-596.515	10.7007
-1007.85	1204.17	-15.1186
41.3503	574.826	-11.9276
-350.579	-1265.18	40.7459
-366.677	1118.13	-19.6885
1282.29	1320.96	-23.7443
293.433	-809.074	102.127
-1393.51	1151.02	0.268974
-622.665	166.526	18.1015
-689.019	-985.029	10.5143
-368.213	-49.1177	56.6906
-1378.37	1298.08	-7.07175
1293.36	141.924	-22.9138
-380.523	142.769	12.3266
1049.6	-474.502	-7.65595
912.253	-1435.63	26.8791
-393.151	-1099.94	31.5436
842.011	-418.875	-10.2581
-696.396	-764.181	5.79179
-1181.69	-92.2941	-5.29032
-841.825	84.3602	-4.51546
-874.425	-73.5525	-8.95161
424.305	-24.3666	-10.7548
643.6	-1390.24	26.4431
797.407	-854.415	85.3322
1150.5	-347.369	-12.0442
-705.904	1287.85	-17.7882
-331.526	-534.19	74.1873
307.947	1131.08	-19.6818
1428.76	-887.471	-0.326869
1444.49	1497.31	-24.096
909.27	732.756	-17.7749
445.369	-667.121	67.9115
1457.65	-1364.26	91.6563
1323.64	15.4382	-21.7562
-584.085	-1449.6	46.1201
-592.663	1489.57	-17.1904
-1381.66	157.739	-4.75559
1379.81	-927.656	6.85443
174.645	580.939	-14.4571
522.344	521.094	-18.4556
552.493	970.633	-17.1529
570.056	-616.633	51.9663
-557.546	1195.49	-17.7157
-803.997	418.431	-7.4391
313.742	1429.95	-15.3979
-869.861	374.472	-8.55888
-1055.39	-60.8443	-6.3876
705.088	-818.278	81.4932
-571.39	-815.874	12.5114
171.032	732.37	-16.5498
1036.08	-652.405	2.9005
325.964	550.661	-16.0384
-1008.91	403.119	0.508853
687.019	-911.395	92.6466
-1269.43	-943.785	46.5497
-1335.76	213.751	-1.58739
-1000.29	1231.95	-16.0667
-57.187	-888.611	102.54
-1109.18	-1105.88	40.9908
-1076.56	696.32	6.31504
-107.047	-1394.08	61.201
-872.427	-901.484	17.764
246.905	-192.487	-1.08507
741.941	-913.453	87.5433
1264.9	697.818	-19.9007
-781.193	-598.832	1.28849
474.655	9.37143	-12.1396
-1472.56	-1188.3	42.6177
-709.875	1364.34	-18.3756
-588.507	117.132	28.4796
-891.745	617.409	3.30989
658.676	-1154.35	42.3549
-1082.37	-1150.63	38.0181
-1044.77	798.514	9.25348
-218.563	759.12	-12.5925
21.636	-753.608	97.7292
118.189	-253.417	23.8054
-40.6609	-1129.12	88.907
822.324	-840.995	82.9344
439.242	-131.823	-7.59101
-206.482	-1281.83	68.6893
117.588	-1372.68	38.4244
-148.148	-1148.84	88.3094
1014.94	-25.1698	-22.4272
-274.945	1194.85	-19.4692
-853.528	754.974	6.89987
236.281	1324.04	-15.0519
-1220.5	-1076.03	49.8574
-761.327	775.469	3.87147
171.518	241.364	-14.3445
206.79	1398.86	-14.399
305.612	1459.58	-15.4054
1183.61	-1091.59	71.3615
-286.833	582.6	-11.896
704.318	-1060.37	65.068
-778.538	-327.44	-2.32412
-219.458	1093.81	-19.0318
183.583	-321.806	17.2508
-1167.37	-508.537	6.07709
369.889	-563.575	32.7589
-969.286	843.853	5.98479
695.769	1375.76	-23.9923
1225.5	1390	-27.1007
-1271.53	76.2844	-10.7384
-723.127	1496.19	-15.926
-531.79	360.572	-8.12022
589.193	-561.012	31.4837
1243.65	1258.82	-19.6941
-938.398	-117.442	-8.23164
372.506	-73.6344	-8.71929
524.848	1205.89	-22.6832
1037.74	1480.86	-26.4528
-234.925	614.358	-12.3642
-1192.19	65.1762	-10.3347
-717.514	845.46	-1.67597
826.832	1021.75	-16.6818
-1437.91	727.337	7.42352
-1188.85	-1405.2	77.1745
-749.991	-738.692	5.0313
-740.278	-822.654	7.99121
-277	-501.151	92.5426
-814.539	298.252	-9.00854
1198.95	-1146.98	77.7118
-1205.24	960.025	17.8128
-22.8125	-772.652	101.037
-1093.04	-419.107	0.795796
-730.961	766.881	2.45129
-681.151	-774.647	6.06607
-1110.54	-842.911	24.6787
17.9416	1439.31	-16.0509
1314.24	-1054.67	59.7654
-1431.47	1171.86	0.175934
71.6943	-1120.99	76.9579
-101.734	937.472	-17.4766
77.1957	1106.51	-17.6166
822.249	-100.843	-20.3495
-1352.06	-1371.4	77.0433
980.131	-60.9437	-21.1166
-1192.5	-911.549	37.614
-805.526	-470.306	-1.71156
-509.817	193.743	10.7304
-737.844	-1416.09	50.7433
-761.835	-1310.64	35.6397
1277.73	-538.389	-10.9401
890.79	-524.437	-6.57893
1383.66	1329.11	-25.1545
-1070.58	928.23	7.88821
-628.131	-1104.26	13.2723
-1428.88	508.141	46.7328
1266.93	960.743	-19.1477
-330.676	974.692	-17.9332
-746.766	1166.29	-18.2043
-1397.47	899.015	28.3832
-665.289	523.337	-6.86654
-710.672	-934.486	10.6591
-1136.08	-269.451	-3.78948
1398.66	988.157	-20.9582
-215.642	-952.111	69.761
-967.071	578.028	4.83635
567.689	-917.421	103.284
325.291	-376.345	6.4186
-1218.5	1449.96	-11.5183
1169.66	-1329.45	75.799
-1358.99	-873.59	38.2281
517.669	-972.301	100.186
-204.053	483.347	-14.8672
731.924	-1477.92	21.9088
-1305.31	123.627	-8.45874
1156.39	-1478.12	50.3644
-395.61	-1448.38	46.9741
313.74	744.979	-15.4422
-672.774	-643.841	4.53271
-172.094	-790.5	82.1025
-476.5	-1351.19	31.5096
-1392.22	-701.093	27.3742
462.059	1252.83	-21.2847
133.404	-855.15	106.158
-847.427	827.112	7.58689
1165.38	-751.938	2.83868
265.607	494.132	-15.7786
-1179.03	607.255	10.0796
-451.063	-464.341	30.3229
1019.6	-53.1631	-21.4235
65.877	217.123	-14.8987
340.505	-1296.22	34.0151
-1043.6	-235.616	-4.98311
-476.734	-737.264	20.5205
-251.689	-1419.41	55.2777
1369.91	-288.294	-18.7778
1341.59	619.242	-20.1823
607.141	93.9778	-15.3772
560.089	675.003	-21.8336
1332.16	-754.471	-5.69267
-371.744	-107.735	58.8818
-180.223	-821.744	76.9185
1042.18	-599.585	-2.38115
-1366.4	-879.839	38.1188
-1305.21	1113.85	2.34623
-22.8888	-155.708	24.6768
1280.13	-209.58	-17.2623
663.178	1331.32	-22.4005
-522.488	-964.044	18.1445
300.175	420.108	-16.5952
-1494.65	1033.53	20.7274
-424.563	618.149	-10.1373
676.028	319.436	-20.7058
-632.715	-369.142	4.4299
-1194.97	-354.217	0.525352
572.916	502.255	-18.1723
1292.98	1312.49	-23.3177
776.551	-1057.61	65.4461
344.627	318.358	-15.7618
446.862	856.343	-16.2862
-113.965	-109.813	23.5776
1297.72	788.488	-18.1543
1336.45	1182.49	-20.5091
48.0502	858.038	-17.0865
-596.143	-1334.85	35.1725
-761.596	-458.874	-0.289814
534.315	-1339.85	29.1724
-740.754	84.332	5.16778
861.456	-1251.09	38.3897
-916.692	-1095.27	35.2958
-568.905	-79.0864	28.3963
-404.06	-1255.94	30.8919
796.173	1474.2	-25.9608
-117.19	-917.159	90.3642
-1268.34	-1122.26	50.622
-1384.94	-512.118	6.29513
-550.221	-182.949	18.7252
1197.66	1014.46	-18.8327
-1200.74	-1402.26	77.7058
-718.348	997.164	-14.9498
-1119.19	345.986	0.0487001
-913.196	925.424	-2.01979
120.637	1494.95	-16.4784
473.816	25.8885	-12.6699
-1495.98	781.185	7.73481
-1300.85	1246	-8.968
-304.585	251.784	-9.78095
-718.986	1370.19	-18.4292
-867.407	1486.56	-15.7574
79.0998	-513.912	55.7936
-578.482	19.2389	30.5521
-1449.09	-307.152	-1.21997
-464.696	279.355	-6.07361
-619.177	788.529	-5.38824
-488.216	1302	-18.3527
-381.545	-1380.65	37.7243
-1020.91	923.196	4.03485
1059.65	-807.857	35.3948
-283.818	1461.91	-17.0829
1142.21	1300.6	-20.328
-493.485	515.142	-14.0085
-571.263	-1360.01	35.7924
-974.069	977.065	-7.27146
-1147.65	-457.967	3.59264
376.748	-1135.65	54.061
-1473	-1351.07	84.6597
232.476	1023.59	-19.0476
-72.8034	71.7636	-2.83219
746.787	-1061.76	64.612
247.242	-171.535	-2.15041
1293.84	-145.4	-19.3857
854.811	-451.986	-9.58058
238.081	1248.63	-17.2361
-851.748	748.127	6.46538
1318.8	699.27	-20.1373
-479.002	-730.735	20.1588
-397.572	-103.497	58.0717
-110.734	-259.238	60.4532
-1047.38	-1038.33	42.0923
1292.73	-594.331	-9.32212
1343.89	-1014.1	39.5297
833.986	-599.812	4.06278
6.84966	1049.37	-16.4016
-1056.57	442.741	6.00632
531.068	274.009	-19.7438
119.665	94.6843	-11.751
-1435.07	1097.5	11.9114
-550.569	1417.22	-18.1483
374.051	27.7533	-10.5716
-1130.18	1366.86	-13.9686
-897.389	1063.32	-15.7373
1220.05	-1490.13	57.0622
-359.376	-812.97	36.5406
203.239	-1056.27	68.2417
-743.558	-711.268	4.21145
-591.312	-971.018	12.5282
-1119.27	-1057.23	43.7774
756.044	1141.22	-20.0937
-218.208	-796.208	69.5932
-1427.08	-1267.17	56.784
1280.07	-163.79	-18.4244
589.906	-1066.45	64.0143
1273.14	376.532	-20.3233
-28.3683	1228.56	-18.9736
-743.644	296.121	-5.23397
555.001	-1001.78	85.814
802.986	876.307	-18.5726
-427.478	-327.081	38.0745
-1143.57	1409.89	-13.3169
1139.55	-1248.87	76.3201
-1157.56	1145.39	-6.69269
1430.48	-939.78	2.86719
376.887	1031.7	-17.3729
-379.62	501.423	-12.6802
1453.13	1007.75	-22.5473
-1313.2	1187.15	-4.75245
308.633	-1186.31	45.8192
-445.487	289.908	-7.23144
82.663	-704.285	79.7209
-108.477	1472.11	-17.2318
166.392	882.124	-18.1457
-59.1996	-310.599	70.897
-903.068	-1267.75	37.378
-352.094	1356.41	-17.7668
-691.167	-402.82	1.97048
-1096.51	1191.86	-12.8664
1164.99	734.807	-17.9694
1296.94	-287.914	-16.7844
200.731	-1392.37	34.7032
519.804	-104.091	-9.00603
-1276.38	1141.14	-0.625915
572.199	1188.06	-22.274
67.8527	-1345.08	41.7329
341.997	1272.06	-18.9593
-1042.07	-33.5145	-6.96904
-792.614	1160.4	-18.7793
299.113	-571.108	29.8328
-465.405	799.188	-12.2648
1338.3	802.974	-18.1932
1446.12	-257.75	-19.9591
-1484.45	-636.853	9.24194
278.442	366.319	-15.8632
-774.572	304.274	-7.51022
-327.383	564.678	-11.5733
164.253	920.243	-19.2159
-249.884	249.712	-11.492
-914.638	-879.485	20.8089
333.251	-1004.72	92.6
-1145.51	-335.693	-1.3989
-608.021	-30.3552	22.8969
543.744	-757.742	89.898
136.426	-913.387	98.2889
264.891	-496.206	21.7024
254.001	-1298.22	36.182
-338.782	-916.4	38.4489
-967.317	640.043	4.68767
1000.6	-670.933	7.98876
-1213.77	638.643	8.70109
-781.005	422.357	-7.32494
25.5606	1451.67	-15.7269
1125.71	-920.791	48.9084
1088.61	-818.47	33.8158
-1190.26	-1492.53	92.0463
776.319	-456.245	-4.79227
464.474	-218.003	-5.64114
-1368.19	824.72	15.9726
878.912	-994.646	76.0506
1090.52	492.305	-19.109
-667.507	339.497	-5.40919
-1018.32	-1471.25	62.369
1020.8	-1467.62	30.9572
-1357.96	1281.57	-7.58308
1209.05	1218.41	-18.9195
1311.28	-1394.63	92.6404
-842.775	-1449.25	41.1648
-345.784	-452.373	69.9196
-478.677	735.975	-7.0492
69.529	881.508	-17.4509
-1076.29	-316.171	-3.05019
884.382	652.758	-17.238
279.289	-199.732	-1.93021
-298.919	630.258	-11.6534
841.787	285.039	-21.2664
-1017.96	-845.043	24.8786
1493.77	810.687	-21.3838
-527.235	846.397	-14.2697
-914.283	439.518	-2.60763
325.666	-548.723	23.8562
-817.009	989.311	-13.2743
621.109	1274.2	-22.0926
-1426.29	1146.67	3.49705
-1435.49	16.1134	-4.56877
1397.12	-649.403	-7.9747
-1096.5	1394.28	-14.2127
-1463.12	-740.572	17.8738
-343.554	-1003.86	37.9922
-944.863	-6.76035	-9.44295
-146.124	-1323.18	67.6414
-960.076	396.515	-3.31399
738.2	755.524	-19.6508
1040.67	1016.4	-16.2996
-165.525	-1161.56	84.2415
1449.36	1485.5	-24.3014
1182.07	-324.316	-13.085
844.027	343.405	-20.7192
1492.91	-367.787	-14.5366
-1371.88	-778.382	34.2661
-1291.16	-1065.97	56.5452
-318.075	282.085	-10.7014
-1083.07	459.691	8.51628
-1093.48	554.679	8.06674
556.208	-690.624	76.7566
43.119	907.364	-17.005
473.195	764.977	-19.1145
834.01	173.649	-21.7815
-50.3883	1247.35	-18.9373
1038.64	-577.306	-3.11729
808.694	-758.215	56.5143
-141.88	1409.93	-17.8385
-778.469	671.449	0.283518
-351.834	862.609	-16.4741
-558.987	-1339.81	32.5077
-989.199	-1208.93	41.9791
506.599	1053.76	-19.6317
1115.71	543.471	-18.7523
-547.954	-13.4142	35.2298
-1458.13	948.882	23.9997
1244.54	331.93	-20.2719
1102.42	-608.344	-4.26534
1345.48	-544.323	-11.3509
935.539	-145.895	-19.4984
422.312	485.992	-17.7388
22.1253	1495.01	-16.2508
-1309.49	730.649	6.76248
-861.804	1023.78	-14.908
832.205	-1025.94	71.817
-1056.6	1365.17	-15.0991
-1453.35	490.704	49.8045
55.8746	-896.518	105.429
-1041.19	301.477	-6.91687
663.192	-795.475	83.2293
-528.907	-393.649	14.5043
-803.712	-737.568	5.55507
1068.27	636.565	-17.279
1288.16	-899.696	12.9158
-147.077	1118.41	-18.6
1004.91	98.6441	-22.1038
-173.606	886.536	-15.998
-1266.37	-335.408	-1.7668
-173.654	1499.33	-17.4157
342.512	372.988	-16.2126
1403.56	-1292.48	98.3459
-1089.06	46.9633	-9.07978
-173.167	1340.8	-17.2609
967.293	281.546	-19.9498
-930.948	-400.236	-1.95883
-409.455	-97.5836	56.8355
-381.178	-895.002	32.0199
1201.96	-1119.59	76.592
1147.74	935.258	-18.0045
875.192	-846.424	83.0282
-172.627	1324.78	-17.2056
1253.24	1469.33	-27.3058
-539.439	248.876	1.94947
-266.469	79.3874	16.4628
1287.19	-211.892	-17.3892
-395.397	153.3	11.723
28.6193	190.156	-15.3211
-550.024	-72.8834	32.3306
-395.511	267.574	-8.30065
-531.858	-356.901	12.4255
-534.472	531.08	-13.1026
-1089.68	-1110.4	39.434
-142.28	-1114.38	90.4901
843.947	1332.96	-20.0633
-769.02	-517.886	0.114027
-914.427	-415.858	-1.93439
-1031.55	619.585	6.0356
-797.679	1279.32	-18.7845
-1211.75	643.541	8.19464
-1325.98	-51.0158	-8.62095
-157.984	543.479	-13.992
466.532	-146.526	-7.41542
387.742	1290.02	-19.3377
-123.526	-1119.27	94.5755
-1330.34	1197.5	-5.42727
1468.43	-983.208	4.52998
-160.753	1349.07	-17.4357
-818.311	-1213.27	30.0472
109.081	-511.944	46.4922
-976.947	273.734	-9.59254
1229.83	-562.539	-9.70712
1479.85	-950.087	-0.51525
-361.896	832.848	-15.3008
641.861	-282.457	-8.47625
63.5152	99.9657	-11.048
-1419.23	1434.54	-7.42668
1128.68	-199.403	-15.254
59.0575	-1369.73	42.462
396.992	1174.89	-21.4758
1329.83	1145.34	-20.5377
1073.71	-1354.03	58.0224
1101.93	46.7614	-21.5722
-1423.74	1059.7	16.3961
-1133.01	-760.585	14.7144
-232.445	-634.361	100.685
-13.4725	1260.63	-19.1181
43.5927	-726.125	92.4564
-640.544	-1458.7	52.0292
-860.379	875.169	3.47115
380.889	-330.755	0.813705
-293.638	535.73	-12.1414
602.846	76.5356	-14.6583
-1100.19	-1330.68	57.0825
-1404.52	1198.41	-3.11915
-360.08	-634.385	51.9086
472.655	-1199.49	38.6289
1363.24	1380.77	-26.4222
1391.21	997.212	-21.0538
294.648	-1426.76	30.5547
-715.383	465.32	-6.40169
-382.427	1237.37	-19.1524
1252.1	-1187.2	86.4442
38.5516	832.672	-16.9247
1439.23	-573.116	-11.1935
1434.46	-328.647	-17.24
-1074.76	-522.623	3.42238
1163.32	-1199.1	76.0043
-14.4834	1440.56	-16.3804
-728.222	-1168.24	20.2477
435.564	-623.46	56.0949
1362.32	-1239.59	101.966
-1421.66	613.604	15.6761
-522.228	10.3563	41.8737
-863.658	-18.1716	-8.16124
-7.72266	-1452.34	46.2502
729.211	-828.018	80.7299
1259.85	-943.108	28.293
-1306.05	59.2951	-9.8646
-1349.51	-639.083	21.9089
-490.988	-720.201	18.0618
-372.458	564.851	-11.6292
1116.92	-600.251	-4.97387
1222.35	544.96	-20.1085
-795.888	-81.843	-5.48583
555.048	-598.547	47.6994
1133.09	431.776	-18.7924
-1267.71	937.785	26.7663
-200.085	-287.167	70.4127
732.009	657.055	-19.5449
-1315.37	-751.827	32.4843
1179.22	-284.036	-13.4845
1342.2	-183.786	-19.3401
-452.86	-553.353	28.262
-610.222	65.2393	23.9568
1162.17	573.319	-18.7693
-472.922	1241.35	-18.6001
-117.416	1269.11	-17.9015
866.662	48.567	-20.76
57.9914	424.298	-14.0709
-682.766	370.791	-7.72264
-81.2656	206.51	-13.4508
1385.94	595.409	-21.2103
1009.46	462.342	-19.083
1094	-467.886	-8.15293
1134.89	-406.411	-10.7214
1068.51	1351.84	-22.4463
841.359	1433.44	-26.863
79.4641	-514.18	55.704
933.655	1040.98	-13.7612
1471.17	1043.5	-22.4671
698.003	1343.15	-22.7248
-489.602	-1213.09	22.8443
1487.97	-913.212	-3.71588
-883.878	-1369.07	35.8476
756.71	1305.07	-21.0067
-1197.16	110.306	-10.8836
-681.474	-578.867	4.60503
-1452.99	-644.6	15.3386
-1328.52	-73.5641	-8.25348
-1300.14	805.01	13.1709
-570.708	827.517	-11.3472
-763.574	-739.84	5.0789
507.833	793.447	-18.3722
-1368.5	746.456	7.52296
-212.966	483.91	-14.6356
-524.859	-735.998	15.3854
-674.209	-11.4633	11.2631
457.914	-507.551	23.3612
937.134	807.781	-18.9533
860.226	726.342	-17.8733
-609.27	1090.03	-17.8699
-43.3811	927.763	-16.7994
-583.387	-1395.09	40.7117
782.749	-1249.91	33.3707
-1295.38	-1150.96	49.9174
1129.59	-54.4741	-19.3854
497.365	1090.89	-20.7617
-1312.81	1182	-4.25365
101.453	-916.062	99.3293
-1065.04	438.86	6.22936
538.944	-960.472	101.559
770.975	934.168	-17.2885
-673.667	-1241.92	24.9558
1154.76	1084.79	-17.7782
-653.656	-404.154	3.3836
1242.87	-34.7687	-18.6784
25.3613	1176.67	-18.3219
664.222	993.044	-17.6656
-518.753	-585.497	16.357
-1072.59	-648.279	11.0882
-180.361	797.315	-13.9227
624.956	-569.214	29.8136
936.816	1097.91	-12.3765
24.629	-144.66	17.7727
227.153	500.137	-15.1135
983.015	-1275.89	56.8178
186.968	1168.54	-18.6555
456.259	296.689	-18.1705
-358.642	-347.78	63.4501
-872.369	-1417.33	39.8882
669.563	1099.43	-20.7628
-138.988	684.578	-12.1138
1480.12	-49.0237	-25.7934
-709.765	1064.84	-17.0131
-371.688	-1136.06	35.8575
863.423	-700.072	28.8404
685.6	634.435	-20.1555
1031.42	-194.45	-16.818
1078.2	-480.793	-7.69995
-996.208	673.66	4.70408
-693.321	302.676	-3.59777
1377.45	-1372.21	96.0216
679.176	-224.426	-12.6541
610.88	-493.801	19.2005
1094.92	-1324.13	67.4077
-889.661	32.3662	-8.88925
-251.511	-250.732	64.1321
-1293.06	393.061	24.534
-752.386	-1172	22.2092
155.439	853.126	-17.3376
490.816	1464.19	-20.7307
-562.834	-61.6189	30.1774
1366.36	-1407.5	96.784
-542.781	1313.92	-18.0547
1340.79	-41.9123	-22.3154
-810.458	903.919	-3.39387
-781.515	396.59	-8.29361
319.334	51.629	-8.83848
197.303	376.601	-14.7993
1255.71	77.7924	-20.545
-1489.85	923.777	19.8628
-484.25	997.809	-18.2918
-1177.44	394.659	10.7362
-1415.68	-199.173	-4.78369
727.483	-248.349	-14.5764
-1492.35	-708.411	11.6681
-325.983	682.99	-10.7995
-1090.37	452.354	8.33642
-511.346	-8.1819	44.2061
20.8807	200.297	-15.3174
-721.687	-967.66	10.6216
538.202	1494.07	-23.1483
-1000.95	-213.144	-5.6596
-808.581	229.062	-4.12764
-1471.89	-1365.84	88.0335
862.336	1329.2	-19.7324
-24.3868	-744.524	100.471
207.477	332.248	-14.1404
-269.886	-136.492	56.5303
-639.237	997.067	-16.4
1024.64	-660.651	4.99393
-856.153	569.706	2.6237
-424.524	-1228.65	28.1211
-442.717	673.144	-7.6378
-12.7033	1027.26	-16.4757
61.4856	692.007	-15.1654
600.194	-359.415	-1.11337
-1099.94	1042.48	-7.03188
71.1415	-1262.89	49.7603
1159.97	-708.944	0.307706
-1332.01	1255.13	-8.16587
-496.718	1246.95	-18.3443
-1013.93	-238.139	-5.01104
-846.546	-835.998	12.4113
1273.24	1450.43	-27.4319
-769.47	-1375.95	43.9777
432.684	-601.777	49.2419
1237.03	-444.979	-13.3923
455.087	500.414	-18.3557
-821.037	542.711	3.61936
51.3223	-55.2298	0.0678981
210.037	854.772	-17.2216
1112.56	93.8719	-21.2146
-1002.48	-483.117	1.07309
-953.888	-90.7136	-8.86533
-167.005	-979.586	85.0451
1341.54	38.1781	-22.5045
252.355	-608.85	39.9576
814.698	1295.36	-18.5528
981.872	-288.834	-15.6343
614.318	135.462	-17.1379
720.611	1315.93	-21.5804
751.56	993.927	-18.1708
361.172	-963.251	107.551
62.4376	-556.096	63.4738
836.466	-750.782	51.7428
-1082.6	228.447	-9.77419
1412.95	-1038.11	31.8692
-1466.83	-866.61	23.2749
1080.72	1442.58	-26.2895
151.031	-1031.85	75.3982
315.592	962.778	-17.508
350.498	657.889	-16.2094
1131.67	154.593	-20.8391
769.617	-1197.11	38.0729
-386.036	-773.724	31.6542
826.002	641.69	-17.585
-568.301	-355.708	8.228
1055.19	-360.63	-11.5005
-1290.75	195.054	-6.55774
-643.214	-500.215	6.04342
-1423.92	170.695	-3.19438
-1411.03	97.4488	-5.44638
724.753	-716.715	57.0009
-219.674	1336.84	-17.3883
-1413.8	-1053.08	39.5612
961.97	1347.73	-20.4598
-999.716	-1015.5	41.4505
384.539	-919.164	114.831
1123.82	896.635	-18.2112
-1278.95	1372.33	-10.4382
-1182.36	-803.958	22.4705
110.702	385.879	-14.3684
-1073.77	813.988	10.931
-298.34	-492.102	84.2758
1458.97	1059.72	-22.1678
901.153	1040.09	-13.9662
308.683	-867.576	115.855
1164.19	1165.54	-18.2336
808.878	264.497	-21.6072
-1010.71	1390	-15.0792
-34.6726	-956.312	104.855
599.801	493.996	-18.2781
1335.25	219.534	-24.072
870.531	709.538	-17.7112
360.725	-1257.29	36.8646
1136.09	-364.869	-11.5364
1334.77	733.502	-19.7943
-716.192	-370.91	0.461305
845.403	-1178.37	46.5269
-780.378	1467.1	-15.7639
661.875	465.196	-18.7262
783.804	1099.88	-18.2537
1434.66	-97.7009	-24.5253
736.698	1328.51	-21.9955
-607.798	-483.58	7.70657
-1424.71	814.56	11.2402
-1418.25	-534.063	7.78028
-286.425	467.316	-13.312
1453.43	-1063.67	29.6328
227.748	138.029	-13.095
773.458	929.763	-17.4496
830.301	1008.23	-16.5552
-573.525	-754.261	12
-417.965	-1246.82	29.152
765.142	300.143	-21.74
-1440.3	302.237	14.76
-1118.38	832.038	15.7617
-1165.18	552.62	12.3469
594.286	-160.336	-8.7255
1224.56	734.213	-17.9682
-1054.89	1321.06	-15.8304
405.954	1302.4	-19.2973
1451.81	96.0033	-25.3884
1071.7	-590.542	-3.70623
-851.353	1425.16	-16.3852
-315.182	-472.071	80.4985
715.66	-456.319	2.27512
677.064	-398.068	-0.875081
-1285.33	-596.255	16.2258
-373.659	1170.72	-19.803
115.469	-800.347	97.4716
856.355	-902.159	84.4727
334.655	-1304.6	33.8243
-97.8266	1173.15	-18.3309
1063.33	-169.183	-16.6474
-875.798	215.569	-8.74326
-484.921	156.351	18.9195
177.262	736.943	-16.5099
1312.29	190.084	-23.5265
-1274.3	285.805	5.0169
231.694	32.7551	-8.07398
1494.2	-1296.03	92.0642
1412.81	-582.83	-10.8851
-1184.85	1393.54	-12.4423
57.5081	-948.085	100.02
548.399	1261.67	-21.9452
1209.57	-771.95	1.31338
1370.69	212.479	-24.5955
-321.957	342.164	-11.6085
5.35691	441.77	-13.3107
-361.642	1142.25	-19.8105
1084.95	501.44	-18.9576
1209.93	-469.484	-12.0502
139.323	810.979	-16.905
1414.29	797.722	-19.0219
138.171	-161.788	9.37904
-55.9781	-942	103.383
-943.662	1272.33	-16.9045
872.483	246.17	-21.322
1499.97	-1438.14	80.5203
-1064.21	444.299	6.52256
-1215.36	219.01	-8.0219
607.798	-799.637	90.4363
-305.516	-465.055	83.993
384.417	143.415	-12.0438
708.529	743.849	-20.2904
1085.32	800.275	-19.1159
-248.057	1015.49	-18.3047
624.772	1089.18	-20.2911
549.654	410.868	-18.58
-417.826	-974.528	26.9161
-1134.69	-1001.38	45.5649
-1130.72	-1279.45	48.4734
-97.7755	1458.08	-17.4026
892.641	-856.71	86.6665
-694.655	1202.38	-17.6864
279.706	-775.139	90.9782
-1186.06	-1347.57	63.7546
1359.03	-1059.21	53.8984
310.284	-1276.49	36.5605
1318.51	-1079.18	63.8031
-540.755	-308.209	9.90931
-666.313	-177.602	3.85005
342.756	1097.87	-18.9027
658.07	-493.138	15.0655
-1474.16	-143.521	-1.4563
553.26	395.138	-18.7463
-166.439	763.818	-13.0499
237.419	1150.92	-18.6693
976.676	1348.2	-20.5794
-148.344	257.331	-13.1025
-1242.57	-283.846	-3.23202
1158.1	-976.589	52.2089
-571.187	-266.602	8.85392
-1468.97	-1445.84	113.182
670.2	-780.952	79.2193
-338.229	-406.386	74.0002
615.128	1215.1	-22.2174
-358.053	538.737	-11.8504
-1260.81	-624.109	18.109
-154.075	-776.886	89.9296
-1491.69	380.841	35.2027
-531.768	-518.029	16.1043
-893.812	509.325	2.06104
-736.372	-1303.38	34.7712
-265.517	-1396.84	55.2137
76.0533	-1182.8	62.3692
1407.23	352.4	-23.6867
-1111.91	-305.987	-2.79144
1197.01	-537.933	-9.7385
418.497	-1065.21	67.4647
714.666	-487.143	6.2461
-804.679	-461.635	-1.61406
-156.524	-725.565	98.0067
-330.945	175.718	2.3135
-1236.83	435.884	22.3015
183.145	1463.55	-15.606
-629.208	1394.65	-17.6547
-523.599	-170.151	24.1418
74.3697	-1393.76	40.6916
1008.16	495.245	-19.1135
-587.794	1057.7	-17.8968
-782.226	-448.355	-0.987873
-970.36	1125.19	-14.6236
-744.714	943.695	-11.5319
921.961	-383.275	-12.2727
339.933	-989.177	99.1386
613.254	-19.364	-12.3249
287.78	168.684	-12.8826
1225.81	674.962	-19.1065
1058.06	1439.47	-25.9012
-113.772	1059.4	-18.3203
-1246.22	223.408	-7.12186
-628.597	-515.857	7.18489
-1016.59	372.427	-1.59816
1110.47	-289.023	-12.9824
-137.456	327.1	-13.6468
-1152.75	-1138.91	43.7624
-315.615	1348.67	-17.6586
836.439	189.88	-21.8024
686.913	-1440.45	23.5372
-486.881	651.238	-8.46009
232.524	465.441	-15.7166
336.035	107.631	-10.6003
-905.902	-1089.13	33.697
1392.99	-299.649	-19.0242
610.901	17.1224	-13.1415
927.456	771.122	-18.6685
766.557	-270.881	-14.4852
838.826	-1417.02	24.6539
-1384.43	-677.6	25.5831
-1397.94	398.835	39.1472
533.628	-847.031	108.766
-817.449	922.126	-5.36316
1183.91	-1447.16	63.0686
-955.341	-577.823	5.76835
-738.245	445.631	-6.02691
1167.13	-1427.13	65.5401
-973.175	298.236	-9.27199
-238.807	-1257.4	62.4501
920.608	213.04	-21.218
1304.18	683.356	-20.408
879.108	1201.15	-13.4501
682.342	-1115.54	49.7217
4.0832	1004.43	-16.3342
-236.304	608.971	-12.3622
623.148	1487.8	-25.1997
1213.8	-1144.96	79.6682
-358.165	602.332	-11.0438
895.683	-183.686	-18.8327
-362.735	-1040.16	35.2321
394.233	1266.88	-20.3303
-613.849	-428.608	6.28506
493.828	1025.87	-18.6603
872.201	1043.71	-14.6445
74.9452	-535.026	58.484
1419.71	859.845	-19.5804
1446.95	206.633	-26.5057
-85.69	-1435.1	55.4691
451.797	952.602	-16.267
-1132.73	-537.336	5.91785
-14.8955	1141.18	-17.9412
-602.163	-381.452	6.3111
-498.704	565.939	-12.9497
885.308	1268.98	-15.4796
-932.101	90.9668	-9.26634
1478.43	508.126	-25.6485
771.786	968.286	-17.4686
-991.672	1038.74	-12.203
-356.307	955.793	-17.9698
1209.4	-979.654	47.7217
-956.217	1490.74	-15.4477
-835.278	1354.71	-17.5855
-1239.2	-958.576	45.2705
421.886	-1020.15	83.7025
-1119.84	-746.581	13.5201
-1068.6	793.198	9.48685
42.7539	-238.562	34.0518
-685.434	1399.88	-17.6413
1436.49	-226.623	-20.5936
-198.33	972.839	-17.7147
1209.92	1231.95	-19.0419
342.441	-971.168	106.349
394.348	558.097	-17.3163
-824.633	-704.488	5.8367
-978.94	-1294.86	47.8955
-1175.53	-395.609	2.19903
1170.93	-1323.64	76.1557
1222.53	1477.44	-27.1258
1154.38	659.8	-17.3116
-129.335	1273.13	-17.6486
-726.126	1265.8	-17.8043
-778.806	-828.63	8.23376
-979.617	-690.309	14.1901
1138.44	-1364.03	69.0345
-340.873	-1461.92	50.0337
-529.916	1382.26	-18.9114
710.263	837.157	-18.2363
-538.776	-559.474	14.6607
376.101	-1248.79	37.0145
-403.791	533.152	-12.4164
1374.4	-502.141	-12.4196
-1100.49	196.569	-10.0876
-18.0147	612.397	-12.6848
-462.998	1404.49	-17.709
-506.15	-164.411	27.7552
-757.872	1406.84	-17.2114
978.58	-488.377	-7.79652
8.83907	831.529	-16.4218
1424.71	-650.379	-8.20522
1417.42	-23.9062	-25.6039
87.0834	-202.216	22.8493
-865.646	283.39	-10.4754
-50.8121	298.26	-13.5994
57.4099	1368.62	-16.9478
-1256.58	-562.047	12.6753
131.249	-928.932	96.7214
367.112	824.401	-15.2973
-1056.47	566.843	6.72771
-1378.26	908.719	30.8513
132.308	-1001.83	87.5448
-1448.61	-637.904	15.9443
-1351.36	-1399.24	84.1875
-173.932	136.335	-4.30051
20.3438	-181.757	25.5073
116.503	1362.03	-15.8963
1293.77	1281.99	-22.0889
-1159.94	1134.36	-6.23752
-362.985	1221.7	-19.3721
-1195.47	932.028	16.6423
448.611	-1399.84	26.7272
1174.28	334.682	-19.9746
1496.64	556.609	-24.2529
1144.49	-510.248	-9.03058
41.6883	995.02	-16.9694
-488.821	-1201.51	22.5143
224.864	745.536	-16.1601
-1492.79	1369.2	-6.0653
-763.257	-377.007	-0.701721
-386.752	-695.389	36.5605
861.502	1450.01	-26.8064
996.106	364.094	-18.1224
-672.115	-1228.41	23.254
-571.85	-330.916	7.60531
-916.294	951.053	-5.67649
-785.466	-400.785	-0.791234
283.167	-75.2477	-7.33097
-1470.77	842.233	12.5872
-1381.76	-103.813	-6.3246
-948.079	-1285.59	43.5537
-1144.25	171.257	-9.81688
-806.358	-213.128	-5.9213
-485.879	691.602	-6.59251
1469.16	-1270.87	94.643
296.945	-439.315	13.5374
523.885	-122.33	-8.45085
1050.1	502.361	-18.9764
800.199	429.456	-20.545
129.907	-767.951	88.595
-792.495	1207.19	-19.1932
-184.367	1345.2	-17.1488
-1345.21	1030.38	19.1737
-1027.25	-950.63	41.7927
-1069.04	-1424.74	67.1808
-509.974	-1466.12	48.5834
-493.258	-588.041	19.8224
294.517	-856.025	112.492
-1038.1	-912.39	37.5375
-1481.23	-402.073	1.11119
1069.15	-940.513	61.8475
-494.182	-1179.01	21.4406
74.6803	1114.08	-17.8107
-1438.47	879.788	21.1761
-630.698	-1372.57	43.1753
620.51	113.904	-16.4248
289.126	470.371	-16.5412
674.299	564.948	-18.3524
1306.27	490.062	-20.5583
-767.728	-1335.23	37.3056
141.062	309.434	-13.3953
-32.1522	1497.64	-16.6384
591.729	-542.666	28.6632
-150.744	-838.598	83.1238
908.238	598.54	-16.8075
998.438	-1002.32	67.6385
-1478.84	-1163.98	38.3538
-527.323	-517.904	16.697
-279.445	-1406.54	53.6955
574.182	400.28	-18.695
955.533	1417.48	-25.0841
-63.9068	292.076	-13.6093
219.943	860.24	-17.3504
812.335	-162.149	-19.8948
520.481	120.806	-14.4556
10.6817	815.527	-16.4523
-1336.96	1432.35	-9.25239
-326.249	971.446	-17.8578
-1153.94	223.734	-8.98939
-198.115	-994.826	77.977
-1168.93	-563.015	8.18125
-496.504	-233.215	21.8647
316.339	95.3818	-10.0001
-1144.99	1285.69	-14.3342
-322.89	-1195.49	44.6038
1228.85	-201.253	-16.2283
1308.39	-1240.48	95.8265
87.4281	-4.90842	-2.59948
897.186	-798.001	63.7818
-1437.28	-407.505	-0.494069
-1285.89	-194.426	-5.35236
96.401	1319.06	-17.1022
-762.403	-1229.11	25.4907
429.187	861.164	-16.0683
-624.587	-545.408	7.84247
846.502	-1055.65	67.0356
-623.028	-971.692	11.1739
1187.79	-782.621	5.21235
-780.313	-533.487	0.093953
-492.055	-905.093	20.0852
1437.79	-1041.66	26.7872
1281.6	-853.21	6.32232
1127.99	-403.691	-10.5092
1404.37	119.725	-24.7421
25.4276	328.096	-13.3984
-1407.4	397.917	39.1602
-474.913	-1019.62	21.438
-18.1997	-329.396	69.9389
658.368	48.299	-14.9853
543.989	-1138.73	47.9348
-283.455	122.266	6.43159
-609.452	-450.61	6.97979
4.30678	1294.02	-18.6804
1487.74	1206.2	-21.8024
1464.52	582.364	-22.011
1183.75	-1441.57	64.5485
-1468.59	-686.665	15.2661
-203.902	1366.5	-17.1729
27.8767	672.654	-14.5584
-557.222	433.985	-9.86591
585.602	-940.065	100.596
-249.589	1432.9	-17.4349
553.323	-93.0269	-9.35408
1002.64	235.512	-20.2997
-1478.4	908.183	19.8424
1421.83	43.0616	-24.2439
-187.353	-971.786	79.1338
1419	-437.59	-13.819
567.151	1022.84	-18.2767
-400.315	250.889	-7.25057
-1145.13	-68.7804	-4.76667
1009.72	-922.82	69.887
-626.199	180.743	14.5559
357.764	370.229	-16.2421
1236.2	1376.42	-26.6727
-437.917	-1424.82	41.4409
977.691	-76.4713	-20.6067
78.0431	392.316	-14.3294
-1174.8	1268.65	-13.5656
1301.91	564.161	-20.6258
-1100.35	1479.59	-13.0148
1440.2	109.711	-25.2762
-879.62	-1048.83	26.5003
1145.13	-570.83	-6.89602
-975.215	-1128.59	35.9954
171.11	-566.628	37.1252
1012.56	-405.253	-10.7818
-1190.67	907.282	15.1275
1464.66	-995.149	7.26553
695.601	1495.93	-25.3814
-820.638	-998.779	17.2814
820.763	-641.781	16.3777
1453.79	-1220.17	92.8369
1265.59	-357.334	-15.4639
-954.793	757.94	5.68039
-24.4805	700.443	-14.6933
1264.31	942.463	-18.8277
1292.97	-244.941	-17.0186
-1251.36	-924.726	42.5492
-762.698	-368.812	-0.87401
889.757	-91.0289	-20.0512
-1202.28	984.995	12.899
56.0681	-1297.47	45.9822
1344.13	-1292.38	97.4347
-1484.11	-1271.86	61.2636
-1488.2	1115.9	14.5107
2.62827	-1217.1	62.9339
1337.32	-1157.92	86.5294
-247.512	-515.998	104.182
1223.55	-1013.55	56.8622
544.214	-205.142	-6.54532
-714.075	217.42	4.76566
-803.835	1196.47	-19.0465
931.259	-329.601	-14.2229
382.059	-1222.59	39.1784
-1399.29	1040.7	19.6963
647.671	-1008.43	81.5409
1371.13	972.792	-19.9701
-348.192	-31.3158	52.3987
305.261	1192.69	-19.298
1271.7	223.12	-22.129
-644.296	1149.75	-17.1012
573.484	-1279.25	32.8841
132.9	361.989	-13.9437
326.33	-201.754	-3.42475
609.694	712.503	-21.4038
814.959	283.257	-21.5349
409.456	-646.198	58.4829
865.253	1360.21	-21.7815
618.671	-850.983	94.0205
1210.19	-475.083	-11.9026
515.169	-866.075	112.836
-806.937	844.861	4.89795
83.1372	-1433.89	39.944
790.361	1093.44	-18.016
-814.711	464.668	-2.89704
323.244	813.269	-14.8895
-84.2713	220.855	-13.58
49.5022	-1294.26	47.0887
-131.689	342.713	-13.9111
-1334.28	-148.664	-6.79182
294.679	1443.3	-15.0174
1498.66	-515.095	-12.5248
-803.511	1266.71	-18.9938
-553.262	-1289.77	27.0734
721.067	486.983	-19.562
-469.478	-1432.37	42.9554
-1207.81	-822.994	25.943
1009.14	-1433.51	33.1635
744.978	1051.24	-19.6709
654.628	-1443.69	24.179
-1467.14	1292.05	-5.71886
652.516	-834.511	88.6346
-1147.62	1378.05	-13.3816
476.139	1428.62	-19.3886
1001.81	1126.1	-13.611
-928.49	1201.69	-16.5451
-898.643	-967.354	24.7146
-1281.67	-1402.27	82.0068
1016.83	914.464	-18.5548
-245.409	835.927	-14.4459
1162.86	741.006	-18.151
1314.4	-1091.41	66.5008
1461.58	-111.306	-23.7561
-282.976	-695.829	71.4387
-387.407	130.506	15.309
1027.9	-606.181	-1.6549
-885.23	821.396	8.31875
1439.58	-878.771	-1.58409
-316.826	-299.919	72.1005
1044.57	-167.231	-17.1973
125.718	642.191	-14.8414
-675.228	96.2126	15.3217
809.558	-224.223	-17.4902
125.132	-919.177	97.9408
241.177	-636.217	46.7511
507.253	1207.8	-22.6087
-913.747	834.613	7.58097
-920.044	-977.275	28.8258
-748.81	-376.585	-0.303463
722.389	-1192.77	36.9002
720.082	1447.86	-26.2089
-714.103	714.159	-0.00108462
315.446	643.267	-15.5305
565.485	657.711	-21.7574
697.345	-232.407	-13.5079
1056.99	1055.39	-16.3275
-373.13	-856.013	33.5685
406.747	-284.094	-2.05357
-833.9	-1041.64	20.3799
974.046	1153.08	-12.9324
-1147.96	-1418.66	75.9468
1062.5	-1429.4	42.5512
-344.408	1239.59	-19.2196
579.093	651.141	-21.9245
1333.27	-649.512	-8.09813
-1083.65	200.774	-10.2275
15.9663	220.303	-14.6423
-314.258	560.648	-11.7449
-1170.19	35.9397	-9.55796
270.083	-627.061	43.8713
-342.22	-292.663	64.5169
1406.67	698.623	-20.8086
332.114	1275.78	-18.6261
849.619	-1408.77	25.6506
287.748	402.367	-16.3561
-1053.38	-832.285	23.4972
-1449.85	-841.286	26.1219
1388.17	-107.749	-23.0973
1477.27	75.5682	-25.6723
1077.73	-781.399	23.4192
-601.892	30.8181	25.7978
431.598	544.6	-18.0534
1294.15	-1168.65	91.4647
718.444	783.764	-19.5098
-415.337	147.698	14.6671
-787.927	558.725	2.53022
-1242.37	419.912	21.6608
-147.355	892.323	-16.7319
92.9773	1066.67	-17.107
-1067.78	788.177	9.15411
1064.17	1485.75	-26.244
652.465	1495.14	-25.5312
26.2475	1257.53	-18.8987
-47.6442	-521.593	91.4392
-1454.19	731.35	6.62961
26.6703	342.075	-13.641
-904.77	-347.022	-2.02402
-353.183	-291.817	60.863
-866.499	-773.741	11.3617
-257.525	-929.261	55.6102
1059.59	-906.592	60.1767
-998.908	-1194.06	41.2655
-1445.09	1393.45	-7.03145
1192.01	1460.85	-27.2497
355.884	77.839	-10.1038
-260.994	475.864	-13.6823
-1355.61	-349.888	-3.28965
-1347.3	-674.732	25.4024
-630.886	-1230.59	22.9227
-406.512	1376.02	-17.4972
1496.71	-1403.78	83.1465
235.952	-482.467	22.4829
-822.678	-516.956	-0.885831
-910.059	-1008.59	29.0403
449.009	709.38	-19.1824
699.933	806.675	-18.8107
462.116	-1093.98	58.3274
-448.35	-293.227	29.0998
-324.305	1098.57	-19.8358
-1307.61	1230.1	-7.90572
1450.52	1192.46	-21.1105
960.862	-1266.8	53.4769
-666.944	64.1589	14.6825
1107.43	690.203	-17.372
-1315.79	-209.57	-5.8926
1083.69	-1495.88	38.1185
-133.445	548.841	-13.6383
1389.78	319.002	-23.7829
8.58153	1489.89	-16.3759
1247.68	-57.5149	-18.516
229.442	161.977	-13.569
-1480.06	-197.298	-1.86605
-1474.64	772.792	7.32002
-315.365	1402.48	-17.4581
346.178	80.34	-9.98655
-928.752	678.099	4.13287
168.548	794.254	-16.5576
1235.09	-394.71	-14.5338
1051.84	68.3149	-22.2887
-1467.98	-112.09	-1.82189
1242.13	-712.543	-6.16324
-1465.79	-529.984	4.74043
649.627	-246.345	-10.4441
-650.168	160.045	18.6135
-576.535	-793.304	11.9922
968.008	288.627	-19.7867
-1341.92	-169.007	-6.31841
860.745	-1481.96	21.4336
-823.842	-1164.18	29.3085
-1279.07	-1485.97	97.9594
-1221.64	906.283	19.3109
1423.4	1368.74	-26.3218
924.103	491.032	-18.5964
-1140.04	975.559	7.40476
-489.178	-1356.81	32.0652
850.4	30.9361	-20.0223
1018.01	-501.433	-6.77177
564.122	-79.7973	-9.84721
-553.288	-303.122	8.66857
-313.37	-742.562	54.1463
1223.16	-530.968	-10.573
465.948	-874.289	118.814
1098.44	256.738	-19.9704
343.589	1116.22	-19.4552
-670.846	5.97272	12.0846
-1284.94	-785.701	32.1262
506.28	-950.955	106.722
1236.18	1232.5	-19.3023
-1257.69	1050.24	5.74689
-575.742	214.762	5.92416
1078.51	-1291.47	69.3181
465.22	252.161	-18.7173
154.913	-1024.91	77.1175
222.978	-494.729	24.5853
359.445	-766.555	94.298
365.114	736.473	-17.0932
447.487	658.188	-18.7151
272.811	1103.87	-18.642
-879.421	-663.796	7.24202
-754.289	-1173.65	22.4306
-947.833	-850.338	23.5546
381.268	-523.552	22.8485
180.901	-41.6307	-3.5948
1393.57	-794.051	-4.44424
-191.28	1013.12	-18.2574
-755.437	-568.159	1.44261
51.3767	-467.806	61.1517
326.195	-624.476	44.1385
-1461.74	976.531	24.5174
-758.711	1006.13	-14.9049
140.98	-1.20881	-3.15792
-109.955	-1426.89	58.3075
1312.14	-918.719	13.4459
-641.297	152.38	20.404
-229.328	552.406	-12.7335
1458.75	854.527	-20.1297
-1484.68	65.38	-3.36298
356.686	76.7151	-10.1211
1227.01	611.399	-19.9048
-127.487	405.234	-14.0899
1385.94	-529.861	-11.9191
-1415.47	-300.339	-2.68373
1421.36	526.475	-23.2906
572.04	-886.052	104.754
-1480.02	8.60346	-2.78632
7.00517	-1151.6	78.5601
185.659	85.2156	-11.8215
1348.86	1272.29	-22.8828
1311.48	1148.13	-20.3709
349.025	-1046.5	76.2059
435.019	-1055.1	69.0542
559.708	146.15	-16.3392
-100.272	-1203.75	77.8889
861.912	671.548	-17.5327
718.07	293.393	-22.0798
40.0585	583.17	-12.1851
-484.879	318.908	-7.97156
556.48	-937.376	103.001
-300.376	-258.685	65.2294
-120.76	-430.075	91.8753
1386.74	-1404.22	95.3737
1226.81	1437.58	-27.7197
1204.01	-863.567	20.6796
-1288.08	824.247	17.4391
-1122.82	-1381.42	66.8669
-1179.42	-952.738	41.2849
1203.8	499.224	-19.6802
1349.53	279.998	-23.541
-544.325	-336.572	9.98048
700.761	378.173	-20.0457
1317.87	1005.49	-19.9736
-705.285	1327.56	-18.0786
-1399.64	-250.959	-4.14041
387.69	-260.175	-2.46321
-996.363	1002.29	-8.76907
-1276.35	708.884	5.88734
926.312	-864.192	81.6243
1424.15	958.313	-21.167
-1321.3	-147.048	-6.98705
193.607	1315.02	-15.3678
276.267	42.4256	-8.7739
190.993	443.4	-14.7443
1070.83	-1072.53	62.3919
-528.376	-801.435	15.7527
-15.5876	-166.203	26.0012
1010.06	954.337	-17.3088
-407.977	-110.952	57.1727
588.352	-876.503	101.472
188.997	690.896	-16.3857
847.386	1228.78	-15.2576
282.024	-387.306	9.48994
1236.76	357.624	-20.116
-1220.56	-271.521	-3.34173
-1323	344.301	19.2223
652.515	-738.248	72.4234
644.478	-1151.73	43.1847
1024.25	901.377	-18.7919
-333.571	596.805	-11.3231
1093.34	636.433	-17.3371
-1080.79	-1141.23	37.5858
-1263.93	-1165.5	48.597
-782.173	220.603	-1.23958
-507.57	-438.149	20.5852
892.421	-1127.04	59.9604
-1422.27	173.234	-3.0768
183.733	1030.09	-19.5371
-890.013	1224.14	-17.4494
-555.99	1378.32	-18.1982
-969.728	363.501	-5.04968
-1079.75	264.956	-8.49277
598.63	910.229	-15.5948
-933.087	-678.259	10.6713
279.055	768.874	-15.4774
-824.287	-387.257	-1.33746
862.01	1461.11	-26.2252
-81.3794	-1353.01	59.9202
-1008.65	-777.013	18.9989
-1205.18	-276.484	-2.88665
173.036	-111.448	2.83931
1290.39	-1440.1	84.1417
-322.913	821.023	-14.6794
1203.9	652.443	-18.9065
-661.776	-1160.21	15.5203
737.041	691.756	-19.6964
403.903	-142.395	-7.22243
166.112	801.514	-16.5688
672.56	1319.25	-22.015
760.123	135.029	-20.3534
327.801	-921.581	114.667
-53.359	-609.32	101.024
433.344	-420.558	5.03508
-1099.01	-315.316	-2.7262
-878.791	-1228.95	36.0017
347.158	927.918	-16.5695
633.389	65.4216	-14.9099
-1348.9	-725.66	30.4884
-1449.36	-242.642	-2.45429
809.224	199.451	-21.7061
-833.947	-1006.75	18.7965
1416.49	3.34226	-24.8749
-929.61	550.535	4.33543
-428.438	279.793	-7.21816
1094	-903.242	53.1033
1199.36	-573.944	-8.65811
291.301	1142.58	-19.785
1.46696	-873.165	109.162
625.286	1120.18	-21.2078
339.62	-200.744	-3.8071
1403.27	-126.122	-22.8427
-1459.02	800.337	9.64788
-1022.36	688.632	4.8639
1097.66	-846.706	41.6003
-659.781	815.535	-3.53829
-278.019	-190.688	61.8211
698.309	1212.61	-22.1531
-48.0442	-184.86	34.5406
-1083	150.885	-10.9535
744.786	1338.32	-22.3275
-503.306	845.124	-14.6397
-1031.94	1237.24	-15.8749
589.309	-667.871	68.7013
816.521	1401.66	-24.8067
-720.808	-895.62	9.40746
106.486	-967.918	93.0867
513.933	319.907	-18.8485
-192.364	-196.826	54.7807
1200.85	-795.008	6.00518
562.825	974.631	-17.1726
1229.53	-71.4569	-18.1359
-783.253	-352.348	-1.73928
-1351.84	-1038.95	52.3493
11.0762	-1441.81	44.8656
-575.85	1469.12	-17.4994
-899.99	1398.06	-16.3027
-933.389	449.072	-1.26038
-703.596	1105.93	-17.8424
-853.021	-1044.34	22.608
-1308.76	1437.51	-9.53228
1360.15	-1359.97	96.0236
-228.869	481.469	-14.314
-991.009	123.142	-10.0494
-1395.45	-682.071	25.914
-454.104	-648.396	25.6196
-831.274	41.6023	-5.31578
-973.383	-394.264	-2.21422
-839.518	-769.978	9.23546
75.9025	-1150.59	69.9981
829.585	-926.794	82.9667
1108.17	868.598	-18.7386
957.48	-178.356	-18.5767
567.316	492.578	-18.2476
-1419.73	258.141	4.03385
-1233.67	-1380.75	74.5575
504.216	451.363	-18.1572
-565.73	-948.63	14.0535
-439.05	1489.27	-16.1903
1499.16	1332.92	-27.2753
-1364.84	-1293.19	59.7059
1219.69	-1132.72	79.9894
-965.048	-1440.85	50.6893
460.685	1128.22	-21.0471
-999.473	1361.2	-15.643
-1145.02	91.9218	-10.7156
-458.684	116.386	24.3046
846.523	-629.875	9.74365
623.968	-1119.5	49.8931
143.045	1116.09	-18.8696
661.435	-443.229	5.72697
-527.229	699.929	-5.96217
-1276.04	-60.5524	-7.69097
271.163	-1358.66	33.4988
1027.44	1460.54	-26.5837
-743.974	723.957	1.84809
-706.929	1331.25	-18.1336
260.2	-922.111	107.452
-1167.62	-1042.19	46.856
439.171	681.005	-18.7716
1213.04	80.2961	-19.9353
58.5585	426.654	-14.0672
1351.8	737.713	-19.7487
1151.45	221.951	-21.3755
985.549	-802.747	48.3627
679.988	240.415	-22.1855
-187.477	830.917	-14.5624
783.552	-222.648	-17.0561
89.0926	-759.881	93.249
-817.737	473.551	-2.01938
1479.04	-1486.17	78.5787
-895.268	-416.076	-2.12038
-546.683	-1352.7	33.0134
1493.53	-1155.82	53.6826
-905.062	-986.656	27.2351
1428.1	-609.13	-9.92894
1347.37	187.855	-24.071
-1429.94	-1077.6	37.1032
-1272.41	991.332	20.0094
195.612	-487.605	25.8413
580.599	727.915	-20.9249
410.834	746.641	-18.1007
684.029	763.026	-19.8574
344.538	441.318	-17.0256
-234.524	-324.034	80.9242
490.457	-1156.67	45.8468
-1283.7	-785.884	31.9117
-292.809	-1009.01	50.6082
14.7213	21.1728	-2.13829
-447.112	-563.227	29.6415
-205.002	1046.41	-18.5955
462.228	1295.02	-20.358
216.519	-351.705	14.8671
14.1096	1164.89	-18.2741
671.178	-1376.63	26.2574
216.972	-665.564	53.8758
1234.65	-584.061	-9.14734
940.02	-1451.65	27.1421
-1305.22	1169.77	-3.08041
891.476	1312	-18.455
165.624	-1320.02	37.1485
675.894	-908.156	93.1479
867.749	-1294.61	35.3372
2.64837	-145.208	20.1168
-905.682	1439.95	-15.9521
-415.517	80.1617	27.6948
803.535	-964.571	81.3058
530.591	612.269	-19.8591
720.754	-730.65	61.8321
-311.321	-1278.88	48.2849
-1471.92	-274.867	-0.447562
1260.34	-708.112	-7.382
-970.721	-320.381	-2.49548
-686.018	907.567	-11.7078
-360.16	-1280.11	38.9884
1430.11	-30.8011	-26.5183
562.078	-328.842	-1.32698
-2.2605	925.564	-16.2462
905.482	1289.77	-16.9049
-663.084	830.389	-4.02822
-353.631	-320.568	63.4475
-1122.62	284.824	-5.98313
-665.96	1077.99	-17.8077
-1164.28	1393.6	-12.9183
-28.002	-1179.76	74.17
-1291.66	-974.719	52.1234
-1209.1	1466.17	-11.9697
1074.43	-278.952	-13.3818
1121.53	-1055.92	61.0785
1092.1	256.289	-19.9031
1482.73	-534.876	-12.1189
1240.38	-1167.13	84.1329
669.697	1316.5	-22.0664
-1274.62	607.959	13.1981
-1062.74	-369.032	-1.54152
928.065	1452.89	-26.6989
970.585	1437.02	-26.2925
373.157	571.45	-16.8808
-1075.12	-1194.34	40.351
-195.933	-260.518	63.5087
-330.774	-143.324	59.2931
809.311	967.458	-17.1613
-799.845	707.706	2.83965
-1370.44	-160.183	-6.11808
-221.901	-449.631	105.218
-1237.54	-792.776	27.3818
951.518	-999.027	71.7347
-675.223	1358.91	-18.1214
1222.77	1269.76	-19.7445
-461.355	-902.997	22.879
-857.417	934.746	-5.00906
716.883	304.541	-21.8087
764.435	1134.12	-19.5455
-1170.91	-743.043	16.9546
64.2551	-699.813	82.3068
532.993	-786.097	96.1593
152.273	1009.01	-19.3311
1341.41	-1184.96	94.2615
-178.915	-936.666	78.8043
1236.25	-768.091	-0.770134
-358.587	1495.17	-16.2854
369.602	-1207.03	41.1298
-692.041	-741.353	5.09417
-324.269	-332.231	74.7947
827.976	-124.118	-20.5736
-234.237	-644.176	98.888
-1075	-34.6385	-6.26989
-1265.38	-1083.33	53.2953
827.021	-590.44	2.51131
1351.05	562.668	-21.4435
-1070	1189.11	-13.3033
-556.644	-849.24	13.8298
78.9665	-845.437	106.189
32.7226	-1319.38	45.4985
-826.957	402.185	-8.38445
563.865	-679.017	73.1111
384.823	-1363.24	29.9349
546.82	-646.989	63.3116
697.581	-1221.63	34.7232
359.022	-1413.26	28.749
-326.766	801.727	-13.9635
-250.912	954.783	-17.309
-194.69	-428.835	101.502
1237.37	1089.14	-19.2851
-1012.75	275.423	-8.94054
121.978	-135.933	6.21735
403.269	189.242	-14.427
-1401.69	242.566	3.07436
677.303	-46.1361	-14.3623
-594.134	-607.285	9.92839
-623.978	584.681	-10.3566
-1044.88	691.478	5.21943
597.464	982.929	-17.1296
643.837	-336.962	-5.0608
87.1106	1340.54	-16.7378
-395.247	45.5647	35.9631
966.256	485.767	-18.9436
-1424.43	62.3649	-5.53322
57.5866	-1293.15	46.4886
186.492	-300.98	14.7659
-583.391	-473.673	9.49823
-569.897	-26.1829	30.2919
-298.119	266.399	-10.7892
-980.271	-891.845	30.3719
-418.079	-60.8529	55.4669
423.028	-1376.98	28.2841
-696.131	1340.94	-18.2081
-1020.76	-1212.1	43.1774
272.401	77.6731	-10.0755
427.792	686.521	-18.554
-278.446	-196.269	62.5853
-589.331	1066.83	-17.8943
-21.4813	1284.7	-18.8007
1444.19	1155.11	-21.1327
-926.565	39.34	-9.1164
1251.3	-274.119	-15.5802
240.689	-204.531	0.149794
-811.342	-497.374	-1.22649
-1411.8	-572.067	13.7881
-8.17623	-763.478	99.4244
-1348.81	-83.5105	-7.75024
731.587	-544.789	9.20066
1396.58	-296.732	-19.2647
1290.09	-853.384	5.10272
-167.367	1415.15	-17.7399
-643.118	-779.148	7.66801
-1403.01	-1468.32	110.175
-1436.06	733.551	7.10935
215.115	-435.011	19.1048
-1298.7	1424.22	-9.72854
350.824	459.118	-17.1709
-1489.71	1204.95	1.54779
-1297.34	-339.518	-2.74139
810.062	-1240.24	35.6558
1495.44	541.914	-24.9811
-1338.78	70.1416	-8.71153
-987.791	-228.9	-5.31365
-391.053	-409.494	52.0032
-1382.16	691.718	9.63946
-1314.79	-1271.19	56.2637
-503.629	886.365	-16.9181
-476.023	-1080.96	21.6081
-638.365	-1265.24	27.5888
91.0912	-824.849	102.306
207.849	-11.5609	-5.17137
-1118.21	-1300.95	52.2628
-510.405	-1409.86	39.0876
834.678	-924.989	83.0407
-1026.27	-34.2983	-7.40665
-1218.93	947.622	20.2137
1103.5	-1433	49.3628
-530.808	356.486	-8.02292
-970.053	-1390.63	49.7339
381.18	-1065.27	69.7387
-139.339	-381.996	89.7103
-1437.38	-732.042	23.4898
1086.23	138.557	-21.6256
-293.005	1020.37	-18.6396
-1046.48	-190.765	-6.06797
-1046.99	1000.78	-4.3594
253.58	-1222.16	42.9442
1382.23	633.198	-20.4659
1373.72	-1486.87	76.5282
925.561	60.8828	-22.0667
-365.132	-554.926	57.3442
-1376.17	316.694	14.8084
151.541	-533.54	36.5398
874.38	803.2	-19.3129
-1308.74	289.063	8.48201
927.034	1039.68	-13.7338
1194.63	-53.6981	-17.8501
-1424.29	791.305	9.39667
1490.96	-10.6935	-26.0877
797.537	1123.43	-17.7102
-703.477	1438.42	-16.5663
868.883	-156.176	-19.5758
-718.729	1054.42	-16.68
707.027	452.335	-19.1193
240.102	-1420.17	32.627
1150.81	453.261	-18.9571
733.663	812.886	-18.9614
-987.97	-1338.62	50.7669
538.037	-590.102	46.2745
814.41	-1202.49	39.6772
1461.46	1098.03	-21.8903
1354.89	-113.72	-22.0638
-898.451	-773.583	13.6935
1260.15	653.53	-20.7059
-58.4122	938.775	-17.0209
-1012.29	668.713	5.0381
-96.4062	864.694	-16.7507
1022.65	-735.847	18.828
-1227.42	-357.37	0.169166
235.554	343.225	-14.9122
575.364	-762.24	88.8213
304.041	133.9	-11.1041
916.414	-746.697	40.0338
-229.415	1165.14	-18.9806
160.397	1105.59	-18.9949
1287.87	-986.928	40.967
1004.41	-572.147	-3.37511
-156.297	-723.994	98.4151
-1155.72	-369.246	0.258389
-877.701	-390.442	-2.20761
1268.38	-183.275	-17.4943
785.925	-638.043	21.6492
1383	-453.869	-13.7099
-172.968	1372.97	-17.3519
220.051	1309.2	-15.3952
-1055.51	-1031.68	42.8143
-156.525	-903.846	81.0814
481.708	75.9171	-13.0982
-787.971	-117.243	-5.03202
65.4959	700.084	-15.3724
-11.4363	732.663	-15.7057
590.826	1459.54	-23.6899
1051.48	575.053	-17.99
-1407.02	-1470.98	111.703
1483.67	-298.688	-19.0008
799.428	966.588	-17.2333
-1198.72	-48.0166	-6.39634
-846.841	-621.022	3.0488
104.922	15.2724	-2.87312
245.029	642.819	-15.9386
-918.094	-1025.42	30.8836
242.355	253.085	-14.9052
110.615	-1215.24	52.3096
-119.58	-619.605	114.915
-439.053	364.8	-10.463
522.736	898.037	-15.6658
73.0317	1367.19	-16.6291
-1477.98	653.706	11.1205
932.611	-1429.17	28.3832
-180.306	626.151	-12.5387
-822.876	-104.717	-6.61482
-295.347	-144.313	61.0107
1327.05	311.424	-22.0062
-883.438	121.581	-7.79351
1101.01	837.063	-18.8821
-290.881	677.504	-11.5755
-1241.14	424.872	22.2249
-915.468	-1096.54	35.1884
-1336.4	-1229.79	51.8843
-607.273	-599.799	8.84924
-1388.67	613.29	15.3963
-36.1734	217.317	-14.4932
1251.87	-1165.09	85.611
824.213	-998.054	76.6599
-303.709	-618.576	76.9969
-1054.58	1180.45	-13.3939
-997.046	1186.69	-14.8723
-1270.22	-222.202	-4.69874
309.807	-1365.78	32.0351
171.883	561.305	-14.0452
-152.705	-1206.07	75.6425
314.143	-758.015	88.3401
-11.3483	1003.78	-16.424
1209.58	-53.2177	-18.052
-143.514	944.058	-17.4521
-568.51	-827.811	12.7982
162.288	-774.2	86.524
1460.85	-1087.67	35.6648
-440.853	4.37481	47.5111
1374.7	-530.037	-11.835
14.0033	290.251	-13.7586
70.4482	-464.071	55.3356
989.763	-828.586	58.2158
-1168.02	-931.228	38.482
1279.06	-1316.61	91.8816
219.538	-421.008	17.2964
214.299	-362.51	15.6587
-1339.98	-679.836	25.8009
-615.24	-835.413	10.645
-1070.31	-1168.67	38.1608
-1067.84	-1024.85	43.6512
627.674	872.894	-15.9683
1444.04	1232.86	-22.5445
-1240.66	435.206	22.6631
1484.44	625.396	-21.2928
-50.7904	532.55	-11.892
-1181.2	-684.858	13.9927
417.485	-1010.19	88.2051
1157.9	-1485.17	48.9296
-758.774	1321.98	-18.4576
507.895	-4.21021	-11.7731
232.233	1064.24	-18.9534
-317.324	-979.236	42.2138
1324.09	1041.91	-20.2794
453.167	-1220.5	37.007
1250.4	860.25	-17.7839
1129.21	-1068.68	63.2279
111.942	-1351.77	38.9358
-576.543	-1236.04	22.3119
59.6963	34.7772	-3.31353
-668.802	-325.996	2.22802
685.246	-712.698	62.9425
398.576	824.022	-16.0705
-172.585	-661.929	107.287
-845.448	1285.35	-18.232
-524.151	1279.51	-17.8694
47.4431	-1175.24	67.6287
-677.323	1088.64	-17.7833
1315.91	-261.556	-17.5032
991.809	-1032.62	65.6528
-1486.79	795.42	8.50258
1465.98	576.638	-22.4075
-823.057	-629.712	2.38895
759.198	-750.213	59.5264
-1223.02	469.727	21.1377
147.57	-577.247	44.3579
795.617	691.374	-18.2296
1374.77	158.726	-24.2793
936.293	153.071	-21.538
-984.578	1012.27	-11.1308
1056.62	17.4287	-22.2614
-1433.11	-392.149	-0.874313
1172.05	-1158.07	76.2375
-401.298	854.784	-16.9113
694.23	-93.6669	-16.3152
154.684	-409.678	31.1099
1060.1	-1269.55	69.3583
-443.263	-953.755	24.993
908.137	-437.443	-10.4517
-111.788	459.421	-13.7603
995.11	-347.754	-13.3018
-693.799	-473.188	2.91971
803.041	-1167.73	43.0292
-770.882	236.575	-1.48569
573.192	-1235.31	35.9025
-959.611	-547.801	3.8218
-1006.69	1310.26	-16.4178
-887.567	72.54	-7.93753
-1294.57	475.172	35.2416
-369.938	1252.15	-19.0196
164.269	-155.293	5.50749
869.824	-58.5	-19.5031
1293.41	606.771	-21.0346
1132.61	-1257.97	75.9867
-204.242	-845.632	68.9629
-1339.17	1471.68	-9.30875
178.288	-402.479	24.9332
-1281.91	-1443.92	90.668
747.699	1321.69	-21.6823
1206.98	482.497	-19.5361
-114.711	100.641	-3.62748
-1263.76	-618.756	17.9364
-1312.32	-653.418	22.7012
-1412.52	1162.12	0.0398508
-822.432	700.423	3.39654
-1488.24	807.262	9.40426
-1327.81	-397.922	-1.77946
-830.333	-18.3885	-5.45044
-630.362	1435.18	-16.9219
-976.424	1245.49	-16.3485
-1333.51	295.429	9.02334
1322.13	-434.413	-14.581
381.047	-1328.35	31.4248
-698.576	-183.618	-0.324734
-939.225	-1208.58	40.424
1399.09	-932.917	5.33318
-1375.86	-776.72	34.1604
474.031	1230.17	-21.8767
68.4838	-1311.04	42.7626
-742.818	254.358	-1.43962
-1457.79	-483.253	3.53438
-349.371	-186.336	53.9247
571.363	54.6293	-13.6244
-572.427	-106.489	26.0271
-135.618	-516.554	108.236
256.24	104.964	-11.3494
-43.0617	-578.729	95.958
350.554	445.511	-17.0994
-84.0897	-224.749	48.9282
587.98	1083.49	-20.0264
-1152.59	-1069.38	45.5403
-800.552	-660.296	2.94214
-93.9406	1217.1	-18.5585
-74.7129	-228.192	49.0794
4.16133	865.123	-16.344
-1318.82	-1299.13	60.4488
1355.21	467.767	-21.3295
-947.536	-1250.66	43.0303
964.468	-656.397	8.20086
313.238	-102.324	-7.03511
1046.91	-252.884	-15.1427
515.21	-25.3847	-11.1199
-1038.93	-821.438	22.3029
371.026	-1148.36	51.797
716.842	86.2363	-17.4841
648.064	-264.175	-9.70161
-803.737	-1161.02	27.2128
858.089	817.925	-19.4581
285.555	851.243	-16.7354
98.4094	1347.14	-16.3222
-1206.2	532.906	17.496
1266.57	-457.852	-13.7378
568.553	-1004.32	84.9393
1063.46	-170.338	-16.6108
1119.91	558.474	-18.7352
-1049.75	1307.57	-16.1149
889.796	239.661	-21.1985
783.706	1219.52	-18.5451
830.071	381.27	-20.4145
125.545	-301.678	27.033
1101.62	1372.65	-23.9619
320.102	-1493.25	26.8864
-778.47	-1436.3	50.5024
-484.174	-1313.21	26.6528
1302.9	608.331	-20.9635
385.302	-1492.53	25.1377
-1211.34	740.007	7.7401
219.855	-249.166	6.64533
-1058.21	109.404	-10.6223
-1034.09	1016.17	-7.73703
-1246.49	923.074	23.6059
-861.774	-1201.37	33.7019
358.932	-860.516	119.516
528.009	-651.555	65.5898
1106.43	959.332	-17.9406
532.99	633.811	-20.4253
-643.572	-1203.46	19.7371
-48.0667	1000.2	-16.9684
-62.2476	-41.7813	7.19311
1100.31	827.556	-18.912
-1067.42	799.101	9.79775
102.116	666.001	-15.0121
-149.139	-219.155	54.6063
-1355.23	-498.879	5.46541
1360.33	-391.148	-14.7001
-1128.92	-1162.71	42.3015
913.413	-877.569	83.4627
92.6966	-275.971	30.0321
-211.33	-1358.33	66.0933
-1082.67	1101.91	-10.9945
-811.079	-1407.96	42.303
902.997	1319.22	-18.8884
127.495	-529.262	42.2185
-208.441	1153.54	-18.7463
1288.95	841.156	-17.7247
863.82	611.272	-17.1138
428.445	591.045	-17.8619
-1471.27	-804.664	18.0242
122.858	-171.126	12.7421
-715.018	-861.561	8.64868
-341.081	-1011.17	38.2882
1039.62	941.435	-17.8811
101.509	-153.926	11.6551
-141.669	-254.936	62.2905
843.336	694.024	-17.8017
-29.8254	-1009.28	106.017
1174.75	1287.42	-19.6739
488.529	17.7316	-12.4479
247.886	40.2666	-8.76309
-90.1385	673.303	-12.7505
1184.07	1374.42	-25.2124
1237	-991.939	50.3718
753.337	1141.96	-20.2466
-1275.47	1176.95	-3.83276
-544.67	860.532	-14.5842
1026.06	1340.64	-21.41
-251.076	-490.144	100.557
1320.04	-1220.66	96.6348
980.224	-934.258	73.1496
-440	-317.044	33.0348
-1237.96	-111.84	-5.82476
782.197	1045.9	-18.3805
1318.84	205.354	-23.6586
990.381	-820.505	54.7375
291.475	623.229	-15.7248
871.074	104.983	-21.634
9.80677	-841.089	109.494
477.457	213.432	-17.346
373.187	-825.678	113.416
-1381.88	1033.14	20.652
-193.738	1373.26	-17.2356
797.588	-273.044	-15.2967
-1100.77	1004.16	-0.934995
-940.525	1003.72	-12.5296
722.328	-1326.83	26.6512
-147.506	363.069	-14.3411
322.708	-1268.22	36.9335
451.718	-195.325	-6.33544
-858.314	-1174.7	32.8661
1255.43	-912.816	21.4487
452.147	-1272.96	32.9
646.924	321.72	-20.3507
-1103.03	-414.66	0.897836
-207.575	1391.97	-17.3172
-1488.84	-72.0965	-1.14918
685.27	1216.34	-22.1155
1292.08	797.882	-17.765
-399.781	654.201	-9.20928
-1050.98	-426.281	0.0258244
774.638	-366.548	-10.0354
150.315	-318.07	24.4051
749.803	1097.56	-19.5307
935.842	365.627	-19.3976
-710.821	-1156.48	18.3789
-682.136	-674.342	4.61036
-425.044	-839.729	26.4084
-427.275	-736.06	27.059
753.536	1443.03	-26.8099
1104.12	-203.596	-15.2159
1073.25	112.09	-21.9659
-299.207	-623.325	77.931
353.768	1274.64	-19.1314
-1306.55	-95.5149	-7.54033
-793.975	-47.0794	-3.58354
-1073.28	-541.623	4.15192
-1254.33	562.22	20.4978
-924.949	1389.66	-16.0635
-98.8872	551.708	-12.5578
-1492.48	39.6045	-2.78386
-977.489	-1490.33	54.3896
-928.152	-1407.6	43.7525
-1357.99	959.164	33.287
-1001.83	1237.77	-16.1571
-852.783	646.963	2.69457
-542.02	-28.6979	36.415
791.438	-414.215	-8.49419
-116.907	-242.204	56.3661
-837.314	1153.95	-17.8756
-828.891	1487.72	-15.612
-273.565	254.934	-11.0614
-252.338	1231.72	-18.3421
381.076	-216.982	-4.20179
-725.452	-875.139	9.31897
-20.5937	1214.07	-18.8151
673.061	-1304.85	29.676
1198.75	808.738	-17.9223
-1031.62	-507.739	2.32383
-1024.97	-1444.35	62.3772
207.413	1111.69	-18.9724
-1234.59	-1007.6	49.5013
-488.263	-1049.28	20.3574
-280.782	-180.232	60.8404
340.855	679.86	-16.521
-1432.3	38.5697	-4.99392
415.631	-869.43	121.308
-1117.56	1120.19	-9.07003
1258.68	1030.92	-19.5769
-107.222	91.5637	-2.92561
-1030.05	-1067.32	40.3016
-128.354	-606.85	116.777
-1063.42	83.9329	-9.99907
-596.006	-1207.31	19.7642
-989.871	867.601	4.49225
956.67	-541.54	-5.35737
-837.207	858.213	4.98737
-1136.25	770.221	9.95143
293.82	-953.563	106.345
-412.587	-299.572	41.3519
1378.58	288.587	-24.1113
435.636	-412.461	3.90876
-826.819	543.796	3.59938
746.411	1383.43	-24.0299
-1332.4	235.706	1.73239
1290.48	-539.67	-11.0219
-984.534	-224.975	-5.42064
-1200.95	92.6668	-10.697
-1089.84	365.219	1.25018
-392.517	-715.624	33.8357
-1325.39	1308.02	-9.05121
-763.594	602.221	0.0120501
495.486	-89.4803	-9.36163
293.687	154.508	-12.2232
241.004	170.05	-13.6687
-296.359	1267.08	-18.0824
-1291.03	-768.102	31.3605
1202.41	1288.45	-19.9931
-197.296	-1130.16	76.6541
-658.872	135.157	19.7524
1008.1	-285.564	-15.6776
1411.21	-1320.23	96.5059
-710.958	-1444.47	53.7754
132.957	590.373	-13.9955
175.345	404.527	-14.8214
718.564	674.981	-20.1332
1292.69	990.849	-19.663
-1427.66	-402.312	-0.887189
-639.649	407.282	-9.09534
-1404.9	850.203	19.0632
-1312.5	593.845	19.6428
-1399.98	-640.037	22.69
-826.46	725.965	4.71364
1076.86	1156.87	-16.7761
514.871	880.169	-15.7064
-1483.24	136.236	-3.1872
1254.18	-870.943	12.8588
-903.452	718.467	4.20395
945.75	-282.04	-15.9177
-1007.35	1026.29	-11.2999
-120.192	-56.3045	15.9114
-1396.73	337.79	22.018
-105.327	105.066	-4.73912
-537.181	1026.91	-17.8073
753.023	-234.468	-15.8346
-136.677	594.235	-13.4188
904.755	-73.3687	-20.2639
-428.776	1443.61	-16.6192
320.685	-309.145	2.33488
569.408	1241.03	-22.1726
1094.53	-261.279	-13.8325
1135.89	-211.459	-15.0448
-1057.83	750.301	7.18859
-1466.25	307.336	15.1477
-1172.19	-224.055	-4.56997
-75.774	1433.04	-17.3107
1070.79	1126.74	-16.0138
598.027	783.906	-19.1988
-732.596	-138.033	-2.49685
301.453	511.41	-16.1257
205.445	180.925	-14.3516
109.545	-136.406	7.57369
1292.75	-1457.13	78.8024
-1250.16	847.559	22.5831
-345.586	-669.477	53.9922
-1024.11	1496.23	-14.37
-1246.24	-439.769	4.71283
974.054	1091.59	-13.4184
-1267.24	205.045	-7.01461
246.541	-468.379	20.1923
-568.931	-742.378	12.0869
873.881	242.475	-21.3438
1424.35	-1058.75	35.2756
858.012	-46.5999	-19.2132
-460.451	465.469	-12.0703
1420.68	1470.6	-25.2222
-1487.94	1198.67	1.94357
164.664	-284.185	17.4364
979.827	-351.758	-13.2267
801.508	997.837	-17.6085
520.511	853.23	-16.4621
531.185	1376.69	-20.3499
920.428	-476.862	-8.84653
-568.374	1267.74	-17.1839
-946.41	-667.73	10.631
934.427	792.34	-19.0993
-1279.16	-1231.08	49.822
-398.842	-1007.27	29.1502
588.677	1406.45	-22.4294
709.93	-1379.04	25.0752
476.377	1353.99	-19.5203
-515.562	52.8845	39.6961
343.776	991.283	-16.9003
-1130.2	1199.15	-12.228
336.513	-1374.27	30.9552
-1401.23	-877.645	34.9754
-278.059	861.178	-15.4033
-272.654	326.128	-12.2042
-114.322	-604.232	116.016
-160.695	-1125.22	85.2822
730.499	881.808	-17.5463
798.288	603.016	-18.0028
-447.517	248.28	-3.22566
721.524	-245.783	-14.4471
1002.81	-719.169	17.1585
927.42	294.163	-20.2711
329.412	-657.935	53.3917
172.344	337.641	-13.8618
-880.87	1423.41	-16.2229
874.304	883.477	-18.6616
391.567	316.267	-16.8325
-851.87	307.581	-10.9577
-519.602	1314.42	-18.32
1072.97	508.694	-18.8449
-1297.6	765.568	8.84468
787.572	593.967	-18.3569
554.422	532.348	-18.3645
567.555	623.817	-21.0963
24.3368	-490.491	70.4658
1191.74	-1362.1	79.9479
69.0163	185.478	-16.0064
1297.2	736.917	-19.4256
-318.202	-202.367	58.3012
507.151	1400.19	-19.9422
-84.0707	-371.08	83.7655
-405.165	-438.026	46.8449
-1065.63	-120.178	-6.66651
-1361.05	-964.401	44.1238
-520.783	1132.35	-18.632
-1065.35	459.657	7.54223
1275.46	-53.6958	-19.6193
1443.56	885.984	-20.3502
-1025.57	359.838	-2.47349
1377.01	96.7325	-24.0149
465.596	-1444.45	24.7677
734.861	64.0135	-17.4005
-1058.01	-777.784	18.2848
-972.625	-877.703	28.6241
-125.445	-333.261	81.9873
645.63	-1390.88	26.4096
1159.25	-365.457	-12.2336
1382.23	529.269	-21.7252
753.491	1236.64	-19.8759
394.32	735.989	-17.9377
-483.09	-647.703	20.2819
1443.65	-1341.48	94.6371
729.665	301.999	-21.8511
-761.114	495.477	-0.471135
136.404	1216.82	-17.9813
968.236	1334.99	-19.651
-958.243	1186.89	-15.8562
-217.497	789.192	-13.4292
256.068	1379.95	-14.1434
919.373	21.5237	-21.6711
350.177	726.32	-16.9098
935.619	615.718	-16.831
-720.509	197.559	6.87892
-548.504	-902.56	14.9698
1469.46	396.695	-25.8429
258.059	-1440.83	31.3826
1088.85	1452.93	-26.3252
880.805	-94.0042	-19.8957
-636.396	1115.02	-17.7109
913.983	456.182	-18.5799
-575.49	-964.955	13.4145
604.458	-685.178	70.8106
-947.705	1043.42	-13.621
-729.602	632.227	-2.65136
-1463.76	1453.84	-6.76235
-1237.74	-1303.86	56.7618
271.363	-928.648	108.224
-564.671	1214.83	-17.1959
1472.78	-869.241	-4.12737
-1313.59	-337.112	-3.22658
-975.277	-1301.33	47.4854
-505.407	457.571	-11.5113
469.046	533.904	-18.7233
1372.59	-1016.84	33.917
-396.829	285.483	-8.87424
-486.437	782.037	-10.7881
972.061	-564.238	-4.053
747.522	1381.37	-23.9465
157.701	1346.91	-15.2744
619.495	83.3704	-15.2309
651.863	-1077.15	61.12
-1164.9	738.717	7.9932
-12.4569	-481.033	78.7224
491.897	-962.304	105.303
516.3	-1068.03	62.0833
-1033.58	-180.154	-6.36556
162.717	246.733	-14.2106
571.041	1442.94	-22.5736
1275.16	-1139.54	87.0855
-1042.5	1146.23	-13.3803
-331.099	75.1116	25.1408
1427.22	21.861	-24.7284
152.576	-660.612	57.5768
-1398.66	1380.48	-7.848
1088.58	-777.245	20.128
-883.208	730.4	4.76072
-1225.96	-1072.65	50.274
-195.57	971.479	-17.7046
-1138.84	109.551	-10.57
-632.237	165.727	18.3412
875.265	70.7614	-21.352
-736.528	1303.78	-18.1467
-1323.96	-130.815	-7.25321
747.831	1256.09	-20.3289
512.325	-6.99352	-11.6951
328.462	-598.116	37.1611
307.681	1002.97	-17.5883
-649.479	1033.15	-17.0186
323.189	257.669	-14.9939
-450.725	447.486	-11.8749
-1467.34	762.719	7.02526
-1180.16	23.864	-9.01725
-1154.86	-433.546	2.99491
365.619	-76.339	-8.56198
730.923	-1293.8	28.5932
-197.027	767.555	-12.96
1301.15	377.931	-20.8021
-154.508	465.655	-14.8519
-110.653	-1255.23	71.4769
1221.11	-415.003	-13.7418
139.928	340.6	-13.5998
1237.81	-1248.17	86.8795
1497.32	466.25	-26.5714
1050.1	637.161	-17.2328
-110.108	-665.226	108.335
-555.697	268.241	-0.0883061
-218.171	-921.307	66.5028
-249.972	-927.254	57.3863
-267.376	396.049	-13.5952
-982.882	-37.4728	-9.16127
-420.062	1278.6	-18.5911
-142.298	1062.57	-18.7106
-1153.99	571.887	10.9325
1069.93	470.047	-18.9101
-831.287	-0.00706315	-5.77335
761.308	-498.922	-0.260255
-1127.64	993.121	3.11572
-586.149	770.812	-7.24717
-294.452	834.041	-14.9608
1426.11	1425.5	-26.2311
-197.06	1043.98	-18.5741
-361.961	1304.58	-18.058
-900.712	-237.493	-5.01035
1316.08	-661.878	-8.15957
1463.22	614.505	-20.8926
983.693	1235.34	-15.3697
862.821	-614.755	5.98816
-1212.84	-226.295	-4.08476
279.741	906.678	-18.0797
-714.266	-619.728	3.38259
1168.18	517.6	-19.3561
412.206	-1208.66	39.3039
715.38	408.944	-19.6866
498.244	-506.9	24.0736
-1454.19	-6.54066	-3.44778
-551.49	574.334	-12.6301
472.779	-358.843	-0.404824
375.203	1211.44	-21.26
-1338.09	631.078	11.968
-388.094	421.339	-12.0316
208.168	-492.853	25.4399
-1243.3	-880.995	37.7809
-733.02	-1309.74	35.4885
964.609	375.031	-18.8634
1099.64	84.4398	-21.5345
1318.49	-64.9128	-21.599
929.107	-1118.1	67.1193
1055.79	263.998	-19.5538
-1110.06	-1293.67	51.3962
-1289.83	724.144	6.62099
-565.888	-556.17	11.7473
-105.834	-255.217	58.9605
662.422	1063.94	-19.9354
538.894	-1491.04	22.7195
-699.256	130.881	13.9088
-1215.69	-1334.44	62.3224
848.341	684.729	-17.7166
-697.699	734.735	0.0884823
-996.22	468.237	4.25647
-1113.93	-36.4949	-5.22514
-39.7095	-736.02	101.533
1131.13	878.193	-18.404
1010.1	-198.345	-17.4098
-1096.72	-266.294	-4.07501
345.406	-845.489	115.797
758.232	-1082.56	58.9334
-1020.76	265.81	-9.32167
-221.397	937.008	-17.1104
137.885	340.21	-13.5761
576.063	153.66	-17.0049
585.933	-1055.69	67.4635
-397.211	-179.994	47.2312
-670.178	-838.627	8.77018
1350.79	-1326.16	96.691
211.752	112.043	-12.3627
-279.571	-1485.12	54.7079
294.919	-1123.82	56.6711
-543.146	472.744	-11.4265
1269.34	617.797	-21.3118
578.873	538.918	-18.7066
16.146	1108.53	-17.2165
760.694	310.517	-21.7235
-1154.18	-1323.94	56.206
-1112.58	672.563	6.33205
-1148.01	-36.0649	-4.82082
1165.39	562.549	-18.9741
-744.708	-519.499	1.03726
564.39	111.456	-15.0885
332.848	491.996	-16.7718
1191.69	-1297.99	80.7467
1345.15	448.101	-21.564
-1354.43	153.384	-5.78575
1159.85	1198.71	-18.3202
-260.852	1414.4	-17.2092
561.899	642.577	-21.3852
264.826	-52.1487	-7.03125
1089.39	-1481.82	40.8051
-899.493	-702.225	10.1018
-425.921	727.434	-7.02906
282.794	-1022.53	83.7282
958.32	-825.656	63.4225
277.06	-329.397	4.79804
1223.09	-1300.95	87.4461
-757.213	168.331	5.02916
-617.084	-1125.46	14.3257
1144.75	1249.47	-18.5546
596.435	-59.2457	-11.6923
1242.22	924.654	-18.4316
-1303.1	1246.7	-8.92907
-753.423	-434.849	0.0755557
-931.76	344.786	-8.01446
1193.44	1118.49	-18.6233
578.947	1494.77	-24.4223
1495.12	670.918	-21.7881
736.756	-821.077	79.351
1294.94	1134.35	-20.1878
-577.949	585.215	-12.0374
-1380.45	-1461.8	104.492
689.048	-1433.49	23.6783
-192.681	1495.33	-17.4534
741.922	-489.795	1.84511
762.419	-528.022	2.40915
-320.325	529.34	-11.8921
1421.56	-1134.86	65.5382
-1457.39	966.907	24.625
-1110.2	-640.989	9.26742
-1256.5	-3.35355	-9.30693
945.239	1337.18	-19.8519
1304.54	-786.614	-2.81036
124.167	1479.74	-15.9677
-149.741	-80.1844	24.456
86.0324	-1101.77	78.1069
-910.229	-206.058	-6.04359
-176.062	1.91257	16.0373
-1262.67	771.168	9.91401
1191.72	-199.81	-15.4836
-1348.59	687.67	10.0101
1310.51	1077.4	-20.3644
593.504	1381.07	-22.1996
-1332.53	889.719	31.0408
-418.924	1237.83	-19.024
15.2241	-631.313	84.483
-276.985	401.023	-13.5219
-18.3375	666.813	-14.2272
1176.86	98.7914	-20.6625
-194.706	990.673	-17.9688
-959.929	-488.638	0.782313
875.715	-1080.77	65.1443
-396.155	-1270.31	32.6884
1087.79	729.218	-18.1566
-1157.08	-989.011	43.5863
-509.807	-497.209	18.7131
1270.88	-1428.25	84.1571
-1374.02	719.097	8.78511
1127.03	-384.475	-10.947
70.0516	896.927	-17.5169
-1203.29	325.277	2.1702
-711.059	1391.55	-17.9236
-1006.25	798.651	7.09756
554.888	-126.107	-8.4636
-1043.82	1254.04	-16.2661
-339.947	1190.23	-19.7747
1204.78	1495.22	-26.1077
-314.863	150.286	5.46972
-1057.94	262.041	-9.02813
-755.515	-1086.32	17.9017
823.426	547.29	-18.6333
1360.76	1143.56	-20.8208
-262.088	844.256	-14.8336
-1496.16	-1085.94	23.3414
-983.495	1186.68	-15.1806
-1013.38	-637.92	11.2278
-1472.16	-924.38	21.1681
-301.214	-38.792	49.4924
-963.16	1114.52	-14.6207
-1232.76	8.28823	-9.43399
1398.99	-654.297	-7.79153
-343.523	-1120.6	40.0227
387.13	779.395	-16.4199
303.284	620.19	-15.6699
-1132.02	-1068.59	44.3535
-638.577	344.678	-5.6617
169.041	617.249	-15.1582
-2.02449	443.408	-13.1913
128.258	1098.23	-18.2534
-551.14	-1209.59	21.0744
533.478	381.242	-18.7968
202.221	-688.922	59.8809
1321.48	-427.465	-14.7081
-586.421	429.886	-9.69981
-857.575	-792.734	11.4743
-484.138	694.479	-6.48447
-912.14	1265.15	-17.0724
-548.446	1117.38	-17.9353
-257.711	879.749	-15.5676
-1280.93	-215.63	-5.07021
-504.929	-84.0656	40.7227
302.356	-319.204	3.46321
313.25	1383	-15.1891
402.473	1103.43	-19.9101
-1208.78	1274.7	-12.4907
-848.723	141.236	-5.43137
1078.17	1067.44	-16.6224
-693.252	-1202.54	20.9801
630.811	967.674	-16.6959
762.727	-961.208	82.696
717.435	970.13	-17.2118
-1265.44	-1385.36	77.3226
-1050.75	-795.808	20.6252
204.47	-1016.47	80.2423
-1401.09	1041.73	19.5359
1420.46	434.924	-24.0098
-262.936	-113.359	53.3724
-1064.6	735.643	7.00797
1045.83	-426.5	-9.63223
1290.67	1092.98	-20.1058
1031.79	127.385	-21.693
-108.49	599.96	-13.2936
-1197.83	1480.12	-12.3261
-405.033	-317.721	45.2855
1413.97	-1030.3	29.3165
1462.95	-776.71	-6.73065
845.181	49.4542	-20.1886
-53.399	385.999	-13.0826
1451.44	-750	-6.97661
-935.961	-964.534	30.3431
-785.735	23.7691	-1.64886
-168.639	-1440.63	59.8099
-1155.82	-344.389	-0.844918
192.797	402.971	-14.9782
-394.731	-169.445	49.8865
548.015	-1429.5	24.931
333.52	210.47	-13.4161
-435.326	-967.858	25.5826
1133.59	260.206	-20.4052
1094	-1157.85	71.1039
-349.612	-1338.05	42.0571
-558	-1303.15	28.9584
-1484.11	768.915	7.31008
-614.956	-152.03	12.4721
1327.07	1239.91	-21.2613
-686.631	696.133	-1.67256
-981.956	-595.371	7.17054
-260.785	-100.858	52.0062
-1233.04	793.843	12.2029
-516.257	-1206.74	21.6466
-1350.08	-1051.54	52.9898
-1092	-54.79	-5.50138
-917.152	1301.44	-17.0661
-258.297	1400	-17.253
-1077.9	-795.333	19.1064
700.092	-1182.5	38.3356
-65.5148	-1459.66	50.749
-278.586	-1376.6	54.049
49.4921	314.898	-13.4129
-1018.69	856.964	6.74607
-177.62	911.096	-16.779
-164.905	1107.33	-18.7183
-939.589	238.24	-10.2928
1423.15	1146.06	-21.0729
-119.89	741.397	-12.9956
1228.82	90.9845	-20.4524
-162.307	-913.671	80.704
-1087.7	882.095	15.8602
984.163	558.988	-17.9337
304.094	902.796	-17.4583
-1356.56	503.769	40.9668
-1046.89	1245.57	-15.8867
-280.648	-475.219	89.9656
1128.38	172.261	-21.1809
-1497.74	-773.947	10.6132
126.51	-471.756	39.3674
-517.831	1246.66	-18.0673
980.47	-439.703	-9.62704
698.061	-708.59	59.4617
720.979	148.457	-19.8488
-1121.73	1405.62	-13.773
1121.45	-46.3211	-19.7555
-210.689	-1389.51	62.1732
100.576	12.7924	-2.42847
86.057	1270.77	-18.4011
47.3708	1053.36	-16.5875
1199.12	1437.9	-27.5287
70.0289	-1098.86	82.0132
-181.392	1444.85	-17.6654
1204.91	1245.36	-19.106
304.875	1242.19	-18.8417
473.801	-181.032	-6.68525
-1259.12	925.828	25.5421
433.208	-553.783	34.4445
990.24	940.768	-17.6651
-1460.8	-1253.31	53.5238
1413.97	378.842	-23.8115
-1356.4	1099.06	5.70147
-1302.59	422.7	32.6368
377.622	252.576	-16.0558
1458.09	971.034	-22.368
-1436.36	755.628	7.04019
-192.704	366.006	-14.5602
-910.989	1196.19	-16.9148
-28.764	71.528	-5.65754
1227.38	573.151	-20.2536
1331.85	-1386.94	94.8688
-924.46	-915.062	24.5729
1182.57	-502.767	-10.1102
-777.95	29.2293	-0.874161
1447.2	196.026	-26.4399
-1111.95	-33.8024	-5.39174
1023.81	-785.752	34.4009
511.912	1025.81	-18.5908
-519.657	-417.667	17.3317
-1248.47	946.926	23.875
-991.158	96.3001	-9.90887
287.017	56.1532	-9.02293
-1145.97	1109.74	-6.67135
-1019.08	-1428.39	60.3846
1034.78	1427.12	-25.444
-77.8149	-742.581	102.817
-16.1573	-1300.63	54.4215
-1204.85	950.372	18.3273
-800.021	-1024.28	17.2788
-661.168	1472.1	-16.2849
656.412	-305.988	-7.96749
-985.238	-1433.8	53.9918
-900.387	242.853	-9.83727
1262.5	-439.67	-14.2499
-1086.86	-21.1922	-6.53011
904.96	-944.469	78.8106
-1334.23	584.347	23.7073
-848.852	209.124	-6.04925
1082.19	748.806	-18.5443
-43.8743	-682.613	100.641
-787.885	772.698	5.06763
663.867	276.993	-21.4188
-491.725	457.075	-11.6348
-897.744	69.2399	-8.72529
765.585	1398.02	-24.9002
-865.56	1133.41	-17.493
493.935	-323.813	-1.26508
-1053.36	1081.2	-11.5431
416.053	797.118	-16.9363
582.036	-1217.46	37.1581
-1144.44	410.571	10.1998
-857.449	21.3622	-7.95309
-202.206	-535.889	118.286
1107.61	733.197	-18.2053
-716.872	1344.47	-18.3553
-535.269	788.009	-10.3496
109.582	-11.8508	-2.75651
109.391	302.562	-13.5141
917.647	977.915	-15.7827
957.492	202.329	-20.972
1173.96	-474.566	-10.507
1384.88	-331.468	-16.6492
212.026	-35.3451	-5.19932
-1347.32	305.181	9.76842
1280.01	-1306.23	92.166
-128.675	-928.428	88.9235
168.116	-247.963	14.3192
569.761	-874.657	104.56
-1285.44	4.88021	-9.70243
-1370.96	-691.163	26.6359
-1384.07	-1277.3	56.7003
307.119	248.082	-14.819
920.266	4.29159	-21.5057
966.985	-1352.37	42.3772
284.772	402.142	-16.3478
-573.475	-1141.17	15.6739
1459.07	356.809	-25.2054
796.367	-1317.39	28.4453
-478.945	-272.215	21.6544
-1495.66	-808.902	12.7369
-1230.41	-216.43	-4.03337
-1473.48	1327.05	-6.12315
1434.53	880.683	-20.0831
443.389	-459.23	12.4433
1261.28	1356.55	-26.1816
-1373.17	528.539	40.9123
-881.17	717.879	4.40056
-1368.59	-1217.01	49.3477
400.907	-1322.61	31.153
-85.572	-453.845	89.5178
-1241.93	-847.83	33.9878
-829.479	320.731	-10.5051
1220.87	1119.47	-19.0631
694.213	858.515	-17.296
383.371	1004.23	-16.7354
-1319.63	18.9645	-9.18596
-1420.29	232.878	1.85717
12.664	-528.057	75.8013
625.391	-983.418	89.8175
1405.35	1241.32	-22.5935
941.294	-932.68	76.853
603.204	-1269.38	33.6594
608.916	-270.922	-7.32327
-1379.14	-1206.86	48.6313
175.865	-165.718	6.26553
-1431.04	-555.494	10.2878
1014.87	1363.34	-21.9053
117.704	-711.09	76.1462
1205.43	877.26	-17.9914
-153.288	834.8	-15.1882
934.835	453.123	-18.8273
-702.546	1032.77	-16.2721
-262.099	1315.66	-17.6615
423.248	1369.3	-18.5984
-498.183	922.386	-17.5364
-822.303	-765.603	7.79702
559.741	734.202	-20.9387
-363.422	-974.923	35.1982
-1031.26	804.486	8.73627
-1030.54	617.948	6.04168
-1104.73	-1289.45	51.0412
-1076.85	-1223.95	43.4615
1121.12	-1442.83	51.3385
-361.095	193.881	0.901651
56.6488	-113.461	8.6978
949.43	792.726	-19.0431
-752.165	272.264	-3.48115
628.649	-1180.19	40.5923
436.774	1436.9	-18.3229
639.823	-978.851	90.6117
885.102	578.006	-17.2597
336.319	-310.977	1.81565
-1463.2	-1196.59	43.5097
1224.7	1160.16	-19.2199
1090.22	394.788	-18.315
40.2057	-150.832	17.3327
1386.65	-393.408	-14.6706
-1331.17	-1010.52	54.2091
-1412.35	-668.156	24.8306
-228.764	10.6482	25.2439
-44.8432	-225.559	45.8882
-383.065	-336.912	54.3232
-550.123	1498.74	-17.0751
701.036	-16.0919	-14.7502
-497.354	993.794	-18.0836
-999.522	-111.318	-8.17714
-251.62	833.296	-14.4631
-1347.56	-1084.74	52.1821
-939.031	-675.517	10.8199
1248.71	-1495.12	60.2329
1000.33	-902.799	71.0076
318.346	-778.73	94.998
-72.4885	1230.22	-18.8706
-386.384	-978.574	31.607
-139.459	-436.016	94.9102
-1079.82	755.416	8.06852
971.958	-924.88	73.7767
-1355.44	-407.641	-2.15691
-1161.22	-1018.42	46.7366
-1492.9	405.98	44.0231
401.854	793.025	-16.5695
385.435	-1267.12	34.961
-1430.42	524.17	45.5833
-1144.23	-352.903	-0.654742
41.7224	1209.97	-18.4007
-971.835	1147.8	-15.0454
-1360.68	437.943	43.2601
-1445.59	-955.01	28.1162
1164.58	417.59	-19.3199
-1206.17	623.981	9.84563
-26.9021	-417.994	81.2258
-1233.81	-147.229	-4.94505
-552.644	1067.1	-17.9352
-241.174	767.426	-12.6982
-1060.89	1338.98	-15.4698
897.088	415.649	-18.7093
788.469	520.02	-19.325
-523.889	451.642	-11.2131
1430.68	-541.281	-11.7667
-1332.71	1226.94	-6.89324
1119.85	-1141.79	71.0957
-518.678	-711.062	15.6583
-519.718	-1206.35	21.5462
-395.122	-1433.55	43.5027
708.279	-905.126	90.5541
208.613	127.119	-13.0322
766.649	65.1845	-18.373
24.0102	-812.801	105.301
-1206.63	893.531	17.1732
1440.52	1000.73	-22.2581
1274.26	-438.133	-14.5618
513.69	343.754	-18.6858
-926.916	345.412	-8.17272
-240.748	-1419.65	55.9261
1405.25	-539.778	-11.7742
-1078.68	726.015	7.21226
-784.643	-620.122	1.81177
872.009	437.505	-19.2205
-176.992	485.019	-15.1407
425.869	-1186.73	42.1376
-423.855	-1156.36	28.0185
-246.164	805.861	-13.5481
592.432	-1414.68	25.6672
-1349.58	-175.802	-6.09515
-911.242	-21.0739	-9.4019
-1455.79	-391.761	-0.150199
-253.938	-223.544	63.2717
668.229	396.54	-19.1971
250.996	-1215.5	43.6726
-611.452	-545.921	8.58943
1188.41	-856.322	22.4177
-1247.6	-927.261	42.3937
-252.594	-1427.2	54.9587
1152.72	-735.711	3.37527
789.891	-1264.22	32.2673
851.871	-1483.95	20.9918
-958.501	-939.707	31.1134
718.787	450.283	-19.31
-302.855	-101.554	58.6473
512.162	-458.682	14.5763
1347.24	-451.549	-14.003
-1072.32	532.734	7.75607
-941.836	-808.28	19.906
235.671	-147.6	-2.22475
735.298	-1121.9	47.874
-745.59	-1203.03	23.0604
1240.01	-1156.4	83.6655
-1220.8	-1085.86	49.733
589.194	-728.962	81.7397
697.211	631.568	-19.8685
900.771	353.737	-19.8967
-1471.73	240.894	1.6121
199.804	-995.828	85.1887
456.017	-1311.21	30.9519
187.948	-742.156	75.9033
1040.75	-1063.26	64.3835
1274.48	-1169.85	88.8588
-711.047	1231.46	-17.895
1087.65	-562.27	-5.31833
-1401.14	-340.461	-2.46709
-914.419	-795.402	15.7416
336.916	-1484.37	26.5863
1429.17	-1439.55	85.5429
1047.32	-1112.3	69.3391
-215.631	-264.768	63.9857
1013.17	564.772	-17.9264
-1323.46	-389.981	-2.1489
-215.351	308.279	-12.98
662.681	350.22	-20.0066
732.056	923.357	-16.6629
300.075	-1067.7	70.2004
439.015	610.582	-18.0045
303.347	1147.65	-19.9392
1253	1221.42	-19.5961
-244.714	631.348	-12.2222
1263.5	1144.87	-19.7897
-799.309	-1143.75	26.2137
199.89	1280.94	-16.2427
956.756	663.137	-16.9003
909.46	1022.96	-14.3779
1235.72	1300.75	-21.1923
1374.7	958.811	-19.9077
-1427.89	349.78	25.6923
-308.168	-284.234	66.6348
437.829	-202.751	-6.06357
1251.55	9.29644	-19.3338
1109.19	1194.44	-17.9274
-250.077	1203.79	-18.9096
523.597	151.571	-15.7299
888.661	-206.628	-18.2286
-1120.08	100.114	-10.6123
-1488.44	-304.981	1.04807
-609.277	-1431.21	46.7089
756.589	-1360.11	25.2083
1278.95	441.373	-20.7782
-813.376	1140.48	-18.1378
-1310.86	-1272.5	56.2579
751.86	95.2518	-18.684
-1357.25	-502.358	5.73754
-1317.77	1024.95	18.2935
-1290.96	640.036	10.339
913.37	537.729	-18.0699
492.622	1017.16	-18.3464
221.138	27.1189	-7.56684
-1388.26	354.993	26.3153
-1064.13	-322.309	-2.9642
1014.95	274.364	-19.289
-1272.62	-317.36	-2.52647
-134.932	-529.697	110.235
-351.865	-1315.13	41.1833
734.91	199.953	-21.3796
1446.33	-1196.05	84.7118
974.745	976.49	-16.2588
-76.0219	-1486.23	49.6202
452.898	-1312.58	30.8943
653.013	-1403.27	25.821
-643.216	882.442	-11.911
-1136.25	1002.35	2.44163
318.084	-473.801	15.677
-1221.57	-951.611	43.6335
-1338.84	-1240.98	52.1582
865.664	-1331.1	32.6736
-417.153	215.653	0.57748
1171.19	1009.31	-18.4033
1151.22	1332.74	-22.3225
-31.1356	-1312.01	55.3178
-1330.25	-130.463	-7.17952
636.247	19.1712	-13.655
-687.532	1442.06	-16.4349
474.79	80.3198	-13.0632
267.691	1100.48	-18.6835
-1264.35	-1009.98	52.0231
29.9825	1071.03	-16.4118
-1207.17	1464.23	-12.0056
-387.6	1140.31	-19.682
1438.22	175.178	-25.9532
5.11694	-670.112	89.9387
-64.7855	-1164.82	81.2603
-986.393	400.002	-1.7186
-450.963	-56.6673	52.3932
-391.659	-875.764	30.7429
775.82	1470.78	-26.1515
593.019	335.966	-19.3751
608.495	-1454.71	24.1057
90.5755	680.696	-15.1741
-39.5766	-799.968	105.163
251.586	-737.146	77.6021
26.46	-402.392	70.8066
-356.749	170.16	4.88165
-193.508	-202.054	56.2057
1210.94	254.181	-21.4776
-322.444	-993.031	41.4026
-272.355	-706.203	71.8061
-407.744	1323.45	-18.098
1119.64	-1377.55	63.494
583.061	-178.134	-8.09562
-605.246	668.052	-6.82203
1256.13	-93.9556	-18.7999
1247.13	618.826	-20.5764
-813.227	-968.238	15.409
-470.146	-499.374	26.2571
877.441	-1155.75	55.0918
-341.843	1299.79	-18.0228
-1369.16	779.889	9.0712
614.673	285.327	-20.5737
-265.692	-365.108	84.678
-542.407	207.959	7.39426
828.89	-1264.19	34.1388
-94.4797	-1448.42	54.3297
460.068	529.949	-18.6179
256.331	-233.916	0.712834
-579.22	-1004.71	13.8088
-786.471	229.373	-2.26865
-2.47008	-1079.55	95.7445
674.116	1379.56	-24.0149
-373.913	-719.368	37.4319
1097.26	-219.32	-14.8479
-1215.77	-425.829	4.81752
1164.73	723.373	-17.6243
1469.14	58.3644	-25.2409
1185	31.0205	-18.7487
-745.593	-1055.54	15.8583
-368.282	15.1601	42.633
236.569	280.496	-14.7651
-1290.15	-330.202	-2.73422
-521.966	968.563	-17.5993
1134.2	-1024.86	59.4093
1293.14	813.266	-17.7734
-1445.5	1405.65	-6.99491
750.171	871.207	-18.1847
503.435	-1045.4	68.6303
-822.369	17.8116	-4.9514
450.227	1305.23	-20.0408
11.0023	-1143.56	80.3807
179.259	-915.946	98.9543
1051.46	678.478	-17.225
673.172	-343.024	-6.40656
-1320.89	716.302	6.93593
-827.035	705.056	3.78457
-926.3	-916.905	24.9551
-668.136	-84.6072	7.54517
1119.38	1025.27	-17.5707
-508.129	-0.651828	45.1131
301.221	1120.99	-19.3302
-1399.98	-874.186	34.9195
201.91	465.03	-14.9155
-1100.26	105.068	-10.6263
-666.021	481.093	-7.29158
116.471	1030.26	-18.2987
1386.57	1369.08	-26.014
572.157	-1119.5	50.9211
137.733	-1303.03	39.0339
251.776	1262.82	-16.9054
-489.886	1117.23	-19.4442
1036.34	-593.489	-2.42095
40.1079	322.547	-13.3245
-1445.56	-1433.48	105.572
249.957	-214.532	-0.0527191
-515.133	1498.5	-16.9082
-858.613	-409.902	-2.14406
894.336	-615.984	4.87928
217.044	-399.246	15.2052
-662.182	-903.231	11.3197
852.47	-1057.5	67.1779
190.331	-1365.93	35.4959
-123.997	-869.765	87.1894
336.184	-803.406	104.385
-1316.42	848.367	22.8919
-943.192	1461.21	-15.5711
-213.657	1281.63	-17.2437
-965.857	1404.12	-15.4369
149.414	-1253.81	43.8872
630.078	1198.73	-22.3241
1339.05	862.148	-18.4719
-1458.19	1149.92	5.88151
-1317.96	-1493.28	101.093
518.459	-712.458	82.7742
1278.53	-872.563	9.518
647.014	-1217.53	36.9663
1035.39	-1374.87	48.7799
-555.496	-296.269	8.85049
-1232.44	1224.15	-9.48303
-1444.74	-719.21	21.5701
1135.81	51.0868	-20.7956
-996.468	1374.21	-15.4492
1096.38	1005.01	-17.4964
1254.27	1196.08	-19.6766
-835.389	-1021.3	19.3477
-885.469	-103.325	-8.72842
363.028	24.5365	-10.1742
-832.688	-1474.46	45.0198
857.187	-1112.35	57.0186
879.912	1345.99	-20.7697
-69.6257	833.335	-16.2531
1211.56	-1334.17	84.651
-207.077	486.71	-14.7044
1258.37	1382.78	-27.8648
-600.444	-902.929	13.2623
-257.635	-269.12	64.8465
1198.32	-638.902	-7.34718
1073.08	-1122.58	68.7512
505.515	152.376	-15.3467
566.333	310.928	-19.5952
1085.69	1325.99	-21.4173
-366.335	-851.307	34.5778
-14.3399	-798.908	104.384
512.881	-295.055	-2.55809
-1157.15	-54.0596	-5.07237
-867.661	1409.02	-16.4222
175.38	-1382.52	35.8903
394.702	-948.766	109.568
-566.685	1477.72	-17.4317
519.512	-574.949	42.9344
-332.797	1366.5	-17.657
305.813	-1405.59	30.712
1458.53	-832.42	-4.83781
1308.19	472.679	-20.6427
1257.82	1034.98	-19.6016
321.744	-401.27	8.86761
133.318	-1219.64	49.9003
-48.891	-1156.12	82.2935
-905.306	1449.27	-15.8838
517.549	405.574	-18.4961
1380.56	-102.508	-23.0881
446.808	-1131.51	52.0406
1216.4	521.356	-19.9184
-1096.7	279.825	-7.04958
1206.9	-3.64303	-18.5227
32.3787	711.989	-15.7325
280.983	802.461	-15.0325
-1182.35	397.832	11.5688
307.172	1179.78	-19.4735
-112.91	-1427.03	58.5017
-843.933	225.132	-6.84066
-901.038	-525.412	0.327968
1451.45	882.144	-20.4725
774.396	774.387	-19.133
-315.577	322.046	-11.3525
-1452.35	-610.902	14.0937
613.669	-1263.73	34.0726
-334.204	-1034.64	39.985
-1245.11	941.481	23.7806
-783.718	-1063.65	18.4283
-1211.98	879.322	18.6971
63.5323	887.17	-17.3497
222.231	-53.063	-5.29636
1273.78	59.1006	-20.52
-26.7948	1040.84	-16.5842
589.525	-449.818	11.518
-1146.65	551.615	10.8592
-1172.45	1099.5	-4.42284
-1243.44	1019.4	10.5097
329.029	671.277	-16.2257
959.774	931.753	-17.8786
-1371.39	-674.475	25.3575
768.038	-160.24	-19.4772
811.119	639.732	-17.7576
-696.855	568.552	-4.75811
-749.839	-1215.05	23.8753
1200.13	825.483	-17.9083
795.47	1233.03	-18.1724
348.46	-969.149	106.985
597.527	-988.731	89.3235
-1082.19	523.583	8.22188
1031.09	-300.22	-14.4495
-675.28	-1432.21	51.8291
-140.788	-955.866	88.7073
-1156.18	-740.204	15.2332
338.555	-791.125	100.773
103.279	1137.28	-18.6414
708.126	-1439.56	23.0549
576.722	-1490.67	22.6779
-65.3818	549.663	-12.2207
11.1435	338.76	-13.5897
-797.672	-1250.13	29.1522
-629.247	1030.25	-17.1211
866.173	-607.741	4.41867
142.811	-1402	36.9768
841.575	-1242.62	37.2833
1215.68	-74.5738	-17.916
1244.04	-139.45	-18.0338
825.971	-67.0935	-19.5317
350.208	1253.53	-19.822
-279.702	965.872	-17.5551
421.778	-2.0592	-11.4406
-971.851	408.485	-2.06735
804.783	1170.93	-16.8234
105.526	-478.806	45.8952
-1359.59	-884.329	39.1232
351.614	-1416.74	28.8205
323.623	181.268	-12.5505
180.654	-1169.04	53.0792
-240.062	558.092	-12.5768
1398.01	-171.887	-21.1378
-179.782	-493.006	111.978
-673.703	1080.25	-17.7988
-807.903	-12.4332	-3.70732
1124.69	61.2339	-21.023
-275.318	-1185.13	55.4148
-423.076	-135.636	49.6047
-102.525	320.904	-13.4651
1256.02	-848.116	9.21474
-864.901	-1155.11	32.8763
947.435	303.186	-19.9161
-104.466	1285.29	-17.9389
-1113.1	480.325	11.152
-186.022	522.156	-14.2744
455.991	-1329.17	30.0335
503.425	-1042.31	69.9828
1280.63	924.316	-18.5805
-1341.83	315.87	12.4241
1009.47	614.616	-17.2873
-1419.84	-1127.88	42.7668
191.299	-874.575	106.229
145.536	1437.96	-15.3386
33.6469	-815.334	105.311
-384.702	-267.081	48.3943
760.554	-1053.59	66.613
528.667	-146.592	-7.85254
-496.974	1280.11	-18.2635
-725.883	-532.24	2.03366
1078.45	1291.1	-19.7801
1086.14	-1221.27	73.3183
490.687	715.423	-20.4493
371.711	802.86	-15.5504
-1161.93	1157.92	-7.46026
955.285	1159.47	-12.3785
-310.937	-730.756	57.2445
-587.281	1451.74	-17.404
1146.69	-359.302	-11.922
-1245.59	1031.7	8.13828
1488.07	-1132.16	45.6145
-928.249	-416.732	-1.92733
-1297.39	-1242.66	51.9622
-1263.64	1377.23	-10.737
-722.846	-1089.44	17.1368
253.924	-188.07	-1.56908
-659.304	1390.16	-17.8758
-61.1776	-521.036	95.1641
-1393.67	-696.93	27.0539
-631.886	-581.239	7.42202
372.023	-1006.55	92.5033
1181.15	568.162	-18.9854
-393.071	-919.09	30.3936
-396.135	-407.068	49.8316
212.702	1037.9	-19.2079
-942.837	758.287	5.75913
-1116.13	-1356.74	61.4471
838.98	959.977	-17.4044
-396.202	68.9361	29.8469
566.299	-870.562	105.096
555.779	-832.525	102.886
1179.44	-714.38	-1.13011
895.299	-681.966	18.6452
1366.6	794.539	-18.6328
-739.273	769.154	2.79056
-1343.87	-432.263	-0.40825
783.825	-1348.56	26.3641
812.319	261.963	-21.5947
-1034.54	299.022	-7.34266
-993.652	989.513	-7.272
-674.328	-173.996	2.84063
403.372	-212.139	-4.98209
1034.12	-484.34	-7.40307
-1032.9	74.981	-9.39672
-100.836	1158.41	-18.3131
-945.081	19.4356	-9.27099
-33.8691	-292.557	63.2667
1378.26	1495.39	-25.9263
270.846	-1460.09	30.3642
1337.47	-25.9212	-21.9228
1193.59	-779.227	3.83701
-788.92	-632.913	2.1142
1380.52	-740.34	-6.19765
-28.1759	-1338.06	52.4164
-1301.35	616.061	12.7391
-1052.85	-252.449	-4.54484
435.868	-441.095	8.30182
-907.805	-1338.32	38.5773
-686.049	-11.2481	9.03623
831.268	885.915	-18.5189
-901.608	156.289	-8.87975
-767.886	-1090.39	18.9081
543.493	918.959	-16.1419
901.181	990.555	-15.5422
-461.862	-1038.86	22.4614
-4.99946	-298.856	59.8987
-1440.67	854.447	17.0626
112.712	1049.16	-18.1281
1246.46	1008.35	-19.3266
-1084.47	-386.384	-0.433032
1117.25	718.726	-17.9109
-512.884	1199.62	-18.2909
-998.896	425.149	1.35723
-372.957	-630.593	47.4946
-795.901	-782.507	6.60245
-364.137	337.753	-10.7958
-472.275	-513.255	25.2816
-1474.12	1468.42	-6.59609
-1399.16	-470.867	3.19522
-466.593	999.102	-18.5556
851.355	735.272	-18.0498
672.537	1238.18	-21.8735
-260.629	683.145	-11.628
-766.59	497.796	-0.191015
-582.471	-1092.73	15.1215
616.442	-120.69	-10.3157
1479.82	186.913	-27.2287
55.7755	-900.534	105.026
156.415	1255.11	-17.1348
1337.65	-276.664	-18.0038
-1316.17	541.082	32.3623
1175.74	-39.508	-18.4452
-997.792	-977.484	39.3357
-457.884	1201.52	-18.8473
16.2689	-954.113	103.085
-1223.82	1394.02	-11.5374
-426.16	1216.62	-19.1352
-234.124	-548.991	110.363
488.66	1399.6	-19.3829
-941.007	1148.41	-15.8667
-1158.7	-1439.93	79.7407
649.776	-852.795	90.8318
1291.6	623.76	-21.1671
19.1883	1379.83	-17.4404
-1491.92	-875.662	16.3364
-671.235	-377.958	2.38776
-503.395	95.1908	31.2708
1138.85	-251.177	-14.2276
-112.526	-12.3407	8.71379
949.946	137.355	-21.632
-1021.57	-679.819	13.8448
-1458.73	225.848	0.562755
-114.637	82.7296	-1.37442
-39.787	264.764	-13.8106
-909.379	847.415	6.55216
57.4579	-599.254	69.7939
352.723	156.385	-11.6508
-277.84	506.53	-12.5266
-286.907	1047.64	-19.1594
-1462.28	358.965	27.9677
-587.655	-485.482	9.29422
-81.1813	-1367.35	58.9884
983.053	641.784	-16.9023
626.721	-1100.7	54.9704
1194.56	49.8552	-19.1659
1155.25	544.515	-19.2118
1277.34	-1467.47	73.1952
-496.577	757.345	-8.72097
-550.881	1499.7	-17.0664
23.4133	1388.17	-17.2797
-1330.3	1204.28	-5.78478
-1373.25	-1071.76	48.1596
1113.19	312.964	-19.3627
-1172.79	-141.717	-4.73271
832.419	-712.595	37.8923
1214.34	-1335.64	85.2049
-853.695	-1390.4	36.7416
724.894	-1274.21	29.8692
75.1042	-1478.73	40.7001
-933.394	1347.44	-16.3694
-126.132	1452.18	-17.5883
10.5396	501.796	-11.9871
-1319.11	106.531	-8.65465
-397.817	-1415.19	40.2435
785.273	-1205.72	37.9539
-688.256	547.819	-5.00742
971.375	482.927	-18.9982
-683.906	-667.59	4.33507
-171.535	-1255.2	71.7143
-705.397	1062.46	-16.9823
1152.49	-1496.85	45.406
-41.3618	1007.83	-16.8252
206.971	-1418.16	34.2446
-609.131	-128.553	16.9228
-1113.82	301.068	-4.67927
108.103	127.298	-13.59
-1126.34	-808.815	20.0373
757.98	-186.118	-18.1051
99.3831	-633.982	64.254
1194.03	456.493	-19.3314
1153.83	-104.911	-17.4306
904.441	567.424	-17.3923
1031.97	-951.159	66.8406
-1056.74	500.759	7.55107
146.521	945.723	-19.3887
-1320.46	683.33	8.94631
-1320.13	-12.9226	-9.02488
-1336.52	290.228	8.51503
491.152	721.464	-20.5206
327.44	-623.982	44.0861
832.471	-679.304	25.9761
-974.918	-1495.48	54.0589
-950.668	846.395	6.54958
-75.3308	1071.18	-17.7136
1387.59	12.7478	-23.7927
-284.603	1267.17	-18.0434
1373.59	1367.4	-25.8754
-1354.22	-124.954	-6.97597
799.919	-1303.31	29.432
965.475	-1402.56	32.9945
-1260.72	-1026.16	53.5508
-766.483	1133.69	-18.3432
-682.363	-714.012	5.00034
22.3846	209.764	-15.0271
-735.568	-1362.05	43.5491
526.761	983.953	-17.5276
811.218	394.743	-20.3673
-248.828	816.967	-13.9452
-293.954	-166.975	61.9657
-1310.56	527.258	33.0422
373.095	-250.044	-2.65736
-1309.8	1229.79	-7.81557
-633.395	-936.584	11.0374
816.749	-777.435	62.8295
1491.98	832.096	-21.462
-1458.58	1300.18	-5.95846
605.479	1466.42	-24.2071
-666.824	607.825	-8.62285
10.4486	169.453	-14.6979
-1288.53	1498.29	-10.5037
-937.775	1272.32	-16.924
549.75	309.689	-19.4973
1036.47	906.896	-18.7769
715.684	-801.564	78.4903
1334.05	771.6	-18.907
1131.24	-1191.7	74.7188
1328.77	-1341.69	95.3065
496.069	-207.852	-6.18876
757.954	502.566	-19.6819
234.32	-468.189	21.1105
-591.826	80.431	27.5733
1369.32	537.184	-21.5443
-468.002	481.631	-12.2573
1312.45	46.6105	-21.6399
-336.018	310.784	-10.7748
-1396.92	-380.301	-2.25502
-651.131	562.492	-8.83019
507.136	-707.771	81.0772
700.359	-1367.38	25.7675
1153.67	-1107.54	70.6562
-163.245	111.736	-1.98798
1350.08	-919.786	8.73692
256.578	-1205.83	44.4169
-1344.69	-809.975	40.4088
842.426	-987.759	77.8401
-1087.58	1434.52	-13.4894
-153.37	-1310.35	68.0549
1003.92	-1036.71	64.9793
8.69898	1470.75	-15.6869
-671.852	-949.756	10.6521
110.542	-322.374	34.8996
-81.2424	248.665	-13.8287
1479.72	1031.37	-22.7174
-1152.69	444.874	13.1599
451.162	1251.24	-21.2343
538.97	-36.0943	-10.8037
-549.282	-949.736	15.5222
-631.62	1226.84	-16.7952
1331.56	-328.296	-16.4526
1465.91	1426.27	-26.2604
638.459	1388.85	-23.4229
-448.044	-1107.97	24.674
-1084.8	1201.56	-13.4711
1420.96	1262.1	-23.6082
-1112.17	-937.661	40.1903
-906.477	-128.784	-8.05068
646.787	-1455.6	23.966
-720.137	200.976	6.49619
-1287.37	18.898	-9.90599
-1243.35	1488.08	-11.1993
1345.12	-1027.98	44.4211
-1496.11	1443.99	-6.01972
77.6594	-1425.37	40.1753
1383.65	183.058	-24.6184
-348.531	659.11	-10.2018
266.422	1182.27	-18.7775
1261.01	-65.7756	-18.9789
-1423.1	-918.632	34.4051
141.241	-125.894	3.83574
-314.976	1496.26	-16.5432
1082.38	-972.083	60.0321
1221.99	-845.208	13.0707
-313.331	-423.547	85.782
-135.254	-692.033	104.29
-92.5635	553.712	-12.521
607.435	-481.204	16.9576
1354.74	-1147.41	80.5814
-867.225	-615.667	3.81857
679.98	-94.7337	-15.1771
1442.98	281.695	-26.2504
651.45	-960.074	93.717
115.422	-1207.92	52.944
1205.1	1348.63	-24.3779
-1393.21	-826.133	35.6841
590.884	-1481.82	23.0067
-1088.32	-317.394	-2.83151
-1386.44	-1113.37	46.1972
-1351.75	-529.133	8.80941
525.659	-1297.04	31.4867
222.089	47.5965	-9.17294
262.165	-154.249	-3.57614
-305.71	768.867	-12.5293
-1139.46	-1355.53	62.1698
1082.13	-163.18	-16.3149
1408	1433.72	-25.9265
177.471	-91.3969	0.817722
328.819	-1044.58	76.9895
1273.39	1322.79	-23.7771
581.079	479.062	-18.3137
84.7367	-1289.91	44.4005
-836.907	298.757	-10.5325
-276.244	134.594	4.15093
-291.186	-502.584	87.7338
1284.82	446.352	-20.8261
-1195.38	1428.13	-12.0262
122.092	621.458	-14.4753
-982.902	-792.374	18.8399
-889.139	-492.587	-1.53291
467.717	306.801	-18.2019
946.05	553.745	-17.8957
1079.53	118.518	-21.8701
315.805	501.349	-16.4573
-1455.02	-232.674	-2.37483
2.78591	-998.482	104.549
1278.27	-1066.87	65.8405
7.61659	-1096.72	91.3416
-1152.9	-894.262	33.357
488.458	-232.255	-5.24125
984.096	358.997	-18.3368
-915.488	-89.0936	-9.04017
1472.66	-372.904	-14.3979
607.124	1047.08	-19.0016
-1252.95	1174.88	-4.49213
1079.24	-128.045	-17.3618
-911.888	-820.019	16.8759
396.846	961.692	-16.0807
-1318.2	147.218	-7.17014
-855.186	-1272.23	32.1278
-1139.68	1273	-14.6327
-670.52	-1248.14	25.6987
-1155.59	774.299	10.3677
382.439	-816.4	110.918
-1474.84	-1301.86	70.18
1005.28	312.056	-18.495
1132.01	1092.67	-17.3586
706.067	-34.8821	-15.2595
1195.09	-980.065	48.9326
-119.022	653.477	-12.7445
661.283	120.918	-17.4944
-1215.33	480.076	20.3619
-1166.91	-882.273	32.2721
1174.34	665.264	-17.704
746.91	-1213.14	35.3647
-60.1684	746.271	-14.5028
-534.372	-746.861	14.8289
1154.99	199.424	-21.884
368.176	-470.406	12.983
594.323	708.255	-21.3703
-271.505	1476.18	-17.0564
488.26	-1312.39	30.7658
272.62	-1002.92	89.5095
-175.179	1108.66	-18.8002
-1108.84	-530.919	4.82002
1384.35	-123.35	-22.4661
851.038	154.854	-21.7325
1098.18	-458.037	-8.3076
-923.367	480.633	0.302411
1139.5	871.309	-18.42
-598.036	-64.8184	22.9278
609.786	192.91	-19.2745
-1472.08	-1233.87	48.5568
886.537	-507.981	-7.65912
-73.8645	1324.78	-18.1972
-770.518	-1327.79	36.7768
-88.2026	508.258	-13.5374
-1144.07	897.929	13.4748
3.25129	-1469.9	45.2913
1068.01	1498.5	-26.1872
-494.444	382.801	-9.68234
1386.13	-971.671	14.7137
957.734	-239.475	-16.9922
-467.591	-1374.49	34.6797
711.953	1001.3	-18.1765
748.013	312.001	-21.6234
-1167.83	1126.59	-5.44928
-1078.5	-1294.03	52.6037
-999.112	-1082.49	39.0877
-246.578	1100.36	-19.3616
-340.644	-255.721	60.55
129.783	31.174	-5.8306
526.055	1221.51	-22.4865
308.337	1413.35	-15.205
-1411.82	-1336.56	70.7087
-1055.72	495.488	7.61422
655.271	-13.202	-13.3961
-585.583	383.077	-7.83925
21.0619	-696.555	89.6252
872.475	-1055.66	68.9531
1484.86	611.302	-21.3042
117.817	998.654	-18.6312
-559.458	657.926	-8.55143
1338.78	-154.411	-20.2646
-708.517	759.737	1.57469
-1103.04	-690.35	11.513
431.723	-383.149	0.844119
-335.815	1247.17	-18.9867
631.648	-1067.42	63.8172
-671.669	939.849	-13.8609
162.882	1384.41	-14.9872
-1338.16	1433.51	-9.25799
531.589	1201.8	-22.7025
215.398	-548.763	30.3572
742.968	1420.01	-26.1214
-591.533	961.323	-16.371
1158.61	1374.02	-25.0224
-203.581	-33.3274	27.5095
-568.709	-1041.72	15.3783
-851.64	786.592	9.29698
259.185	575.372	-15.9632
-306.015	-288.962	68.4121
-843.956	1413.27	-16.6783
1455.02	906.641	-21.1192
417.267	864.664	-16.0259
-1402.95	10.4716	-5.95275
-1037.66	-209.907	-5.62785
-1173.54	717.147	7.04243
-1028.09	541.48	6.25895
-1203.83	1432.33	-11.8095
1070.68	-1273.04	70.2326
-1435.51	-249.942	-2.96745
248.758	-566.111	31.3177
-94.9969	1178.27	-18.3281
349.371	56.2842	-9.72639
514.443	-191.801	-6.56549
242.418	563.943	-15.6862
1037.63	-1112.49	69.8551
875.093	-645.476	11.783
376.355	-973.747	105.319
74.1592	-326.672	44.5731
757.346	207.962	-21.7918
618.317	-76.2336	-12.1731
-1118.09	649.204	6.82298
-450.665	502.015	-12.7514
-1199.8	-502.33	7.00616
-945.447	-447.919	-0.992019
-1161.79	453.306	15.0297
1250.4	539.758	-20.3312
-1341.02	-733.807	31.1465
-1297.6	-593.761	16.1975
-1472.75	220.801	0.271484
-416.358	-1167.35	29.4086
-720.957	-1186.32	20.5352
516.096	471.53	-18.2447
-222.471	-443.333	103.598
-165.783	907.507	-16.7493
-887.161	1146.6	-17.1103
-639.755	600.739	-9.77272
-493.019	-663.116	18.2293
-476.058	294.883	-6.70206
-884.114	539.707	4.11323
-390.396	-271.025	47.0064
-685.219	-958.283	10.1837
812.591	-967.135	80.8277
-1248.66	1334.81	-11.2925
871.805	1205.79	-13.8037
991.395	1077.63	-14.2646
-1128.69	-169.319	-5.30637
691.704	919.513	-15.8266
-1304.66	-571.416	13.5156
-57.4605	1151.04	-18.0788
86.0885	-831.837	103.674
923.244	62.8829	-22.0477
-531.594	119.909	27.4327
57.682	335.313	-13.5106
585.957	1021.96	-18.2435
-1453.27	956.22	24.7067
1469	956.905	-22.3639
-1420.04	-1446.15	105.29
540.382	-788.917	96.2566
-239.7	-1098.12	67.8238
-266.556	-893.402	53.1005
-1350.72	1385.49	-8.83615
-847.697	-1059.49	23.603
-902.242	-240.708	-4.90528
231.763	806.637	-15.9854
-649.002	-861.218	10.3265
337.938	-253.804	-0.936175
-1422.25	1348.96	-7.19473
395.491	912.419	-15.9847
-1455.81	170.681	-2.74589
-900.458	-442.178	-1.95309
502.324	-298.882	-2.54816
-95.328	530.29	-12.9417
-1021.8	568.51	5.76489
145.461	-919.18	97.4288
1222.05	-269.165	-14.8107
820.994	-1246.63	35.5337
-1163.79	-36.458	-5.30113
1426.6	367.3	-24.0689
1049.26	1247.75	-18.0266
771.019	-338.2	-11.8216
416.103	-574.82	40.5201
-1153.7	822.728	15.3305
-447.428	966.024	-18.5637
-561.782	-844.477	13.4076
-472.843	-252.662	23.9407
-1354.03	1457.15	-8.90253
-535.867	585.823	-12.6484
-505.156	1043.29	-18.2827
-1291.15	-858.55	42.9522
1022.84	-355.354	-12.8643
1086.31	-412.7	-8.95881
-759.29	744.034	3.38478
-805.341	-190.308	-5.81301
-698.932	768.907	1.34625
340.813	-715.768	74.916
865.197	-505.372	-7.71314
82.2707	829.889	-17.3342
1421.36	-502.25	-12.3513
-854.097	109.846	-5.4487
1205.26	784.269	-17.8607
267.719	-689.592	61.0295
385.8	-169.004	-6.27075
-431.527	-1087.12	25.955
-269.868	-1081.61	58.8989
877.28	828.288	-19.4584
1375.57	1323.92	-24.9034
-148.978	618.736	-12.9516
-482.521	-856.21	20.7072
1298.42	318.395	-21.1101
-88.9615	246.578	-13.8463
1276.09	403.373	-20.4986
1153.06	-916.14	42.7627
-204.956	-606.818	109
211.457	855.41	-17.2358
-354.385	829.66	-14.9058
-1490.05	-481.929	2.91633
-321.377	-507.39	77.6171
-863.953	-502.877	-1.33438
1468.23	-191.845	-21.4542
721.368	-797.87	77.4806
265.332	1266.58	-16.8819
494.799	896.151	-15.5406
-1005.06	289.666	-8.34154
594.56	-1213.31	37.5371
-697.843	1420.41	-17.0734
1275.58	-951.946	28.0102
1484.61	982.292	-23.3043
642.919	-876.21	93.8995
931.51	236.425	-20.862
-1095.9	-231.56	-4.67394
454.427	1475.8	-19.7504
896.399	1211.19	-13.1274
1293.26	285.398	-21.7604
-1166.25	-883.946	32.4542
-1300.34	-452.575	2.80979
197.381	49.1092	-9.13516
-1173.52	977.445	11.0421
1055.68	189.002	-20.7578
86.5478	336.443	-13.5184
-817.782	-165.986	-6.24622
1235.27	1355.72	-25.3902
1210	-265.481	-14.5624
-329.607	802.822	-14.028
978.301	528.971	-18.4344
1073.29	-110.199	-18.0249
561.978	-326.777	-1.44918
-1265.78	-620.178	18.2305
664.099	164.937	-19.2627
-348.705	-1327.37	42.1418
-14.3693	-868.95	107.684
-106.998	-707.85	103.027
239.632	-72.9306	-5.64555
