-920.015	-1138.94	36.3254
-485.037	826.564	-13.7819
262.098	-734.192	77.1007
-329.998	192.559	-0.519553
1183.53	-841.164	20.0955
-1113.73	-1018.19	45.3839
1460.11	-439.163	-13.3125
-1069.38	-54.7575	-6.06833
-235.078	-167.895	53.277
1383.33	598.417	-21.0459
16.5794	-156.572	20.8115
1223.39	-1192.16	82.7757
218.388	217.78	-14.8858
843.931	-1456.13	22.4784
-421.107	527.382	-12.8038
-547.337	-252.545	13.4066
-964.77	1105.78	-14.3921
-241.379	-576.029	108.219
591.099	1475.3	-24.1408
-1071.32	-715.758	14.3529
1495.3	1096.17	-22.1531
-45.0553	1097.16	-17.7243
877.57	794.759	-19.1713
625.2	1036.23	-18.8843
-712.286	-607.803	3.31416
-78.6152	-56.7333	11.2156
-595.474	-1347.75	36.6185
-153.673	-453.382	98.4506
-967.489	-922.393	31.1948
-618.338	-800.699	9.39216
154.512	866.536	-17.7292
-635.327	286.585	-2.14264
-969.527	251.264	-10.4193
1101.17	-530.591	-6.98008
-356.939	-632.499	53.4853
1364.33	986.122	-20.1965
-235.671	357.738	-13.4566
1378.23	111.429	-24.1913
-297.969	663.416	-11.3016
1019.26	577.628	-17.714
846.17	-516.291	-6.91602
831.782	621.653	-17.4989
909.065	271.484	-20.7092
839.441	1159.87	-14.6877
-144.154	-377.134	89.8785
539.204	1453.69	-21.9148
222.761	1334.5	-14.7103
1052.95	-211.532	-15.8114
548.979	68.932	-13.5113
489.933	-417.2	5.74001
1419.24	961.653	-21.0821
-1137.44	-892.873	32.6962
-1226.9	209.684	-8.19835
-1003.61	969.28	-3.69227
-1120.13	-337.311	-1.73935
457.129	608.067	-18.3367
458.496	921.957	-15.7025
-674.411	-704.566	5.12222
260.205	-692.162	61.5562
492.263	996.38	-17.7638
-360.251	1345.88	-17.8365
-306.116	-1055.4	48.4228
-1326.64	-1019.78	55.9619
767.46	933.56	-17.2226
-631.02	-278.978	3.58798
308.146	-286.068	1.75145
-207.909	-791.653	72.7721
1102.17	506.543	-18.8529
-530.319	-795.09	15.5685
-800.804	-1480.63	51.2069
-368.759	82.5998	24.9177
-697.751	809.543	0.0314992
-192.781	58.1248	9.92205
1349.15	1095.56	-20.8068
-513.705	788.554	-10.9437
13.595	417.556	-13.6791
-208.782	-1332.6	68.5407
-1469.57	-658.185	12.9381
862.462	-1368.59	28.5705
-115.033	-717.94	102.993
958.504	1002.62	-15.4337
1032.04	-1395.07	43.8304
299.773	619.496	-15.6931
-396.847	998.642	-18.4543
-432.832	-301.183	34.4023
-833.865	-1214.93	31.5106
1027.02	-1447.74	34.3589
385.35	-1150.98	50.6919
1003.24	901.504	-18.7008
-600.88	1332.41	-17.6737
499.654	-1440.03	24.5861
-1435.32	-659.691	20.038
488.055	1412.88	-19.5383
161.414	-792.794	91.9996
491.057	91.659	-13.1897
-798.088	-451.561	-1.36646
-276.529	1429.44	-17.245
-1009.75	-900.916	31.6064
896.897	151.075	-21.8062
-1294.65	1450.93	-9.80944
-1120	1382.85	-14.0608
-1317.44	959.749	31.5824
-820.752	-551.349	-0.144438
1412.79	1391.44	-26.7994
450.998	962.263	-16.4621
-611.833	-1024.22	12.8295
553.179	510.229	-18.1688
805.846	-550.553	-2.44124
790.399	1247.75	-18.5547
1022.38	1295.1	-19.4543
1403.11	1490.52	-25.458
976.275	60.9534	-22.2986
-1169.84	496.172	15.5444
-22.1066	-826.886	107.688
79.6014	-703.062	79.9981
32.9483	160.585	-14.543
1287.3	-1136.64	85.2366
-86.2862	893.892	-17.3083
489.924	-1492.66	22.6858
-34.5078	947.562	-16.7183
-999.647	1166.22	-14.5209
-185.977	413.2	-15.0837
-1270.67	744.907	7.78308
570.353	1117.2	-21.2237
-1182.37	-1068.22	47.42
-929.691	-293.187	-3.19104
-1197.17	924.88	16.5823
727.188	-363.576	-7.72019
875.24	501.212	-18.8444
-863.278	-1366.46	34.2075
-845.942	-697.86	6.99391
-1438.88	469.806	49.2153
501.14	510.546	-18.411
949.444	862.388	-18.6491
127.225	1060.13	-18.3504
-1442.18	657.384	10.3607
-57.2706	1318.52	-18.2664
-541.18	-793.752	14.7231
1384.02	429.464	-23.1376
1413.37	421.221	-24.172
421.121	1078.02	-19.5473
113.988	-1423.49	38.3263
880.449	847.236	-19.1908
-1428.51	157.595	-3.55039
355.208	1083.82	-18.5624
-868.165	-686.956	7.98305
-1291.67	1204.82	-6.50776
495.884	257.156	-19.4691
-1087.21	-853.975	26.6063
378.351	657.341	-16.7949
-811.103	33.8888	-3.68829
1444.71	797.04	-19.4274
-506.66	-185.67	24.4758
885.206	-1340.99	33.4029
110.619	622.439	-14.1102
431.414	-544.647	31.6599
49.0249	-453.301	62.3721
529.458	546.07	-18.6863
-583.63	676.32	-7.0389
452.259	872.662	-15.9491
-857.941	-1138.7	31.6805
330.499	62.1415	-9.27673
213.159	-317.964	11.2347
1408	-956.953	8.62697
950.244	-987.975	72.977
-975.443	419.161	-1.29171
-253.25	-1039.88	63.2699
1024.52	435.855	-18.6352
174.258	1375.02	-14.7865
843.802	834.588	-19.2237
707.265	864.19	-17.3257
1394.58	-304.26	-18.7021
13.4809	1109.19	-17.2359
-1221.58	-412.66	3.64307
326.694	473.779	-16.7599
295.06	1366.75	-14.804
776.661	461.872	-20.2391
-915.156	1235.47	-16.9274
456.108	-199.92	-6.25182
-384.022	-1474.06	51.961
376.527	-1245.9	37.2614
-1098.05	-148.857	-5.97832
-1012.54	1384.72	-15.1532
1405.52	-151.173	-22.0367
566.051	-183.34	-7.52992
-964.094	-588.771	6.49236
-774.696	654.06	-0.562024
-1402.84	-257.007	-4.17677
-994.228	522.384	4.80183
-500.55	599.36	-11.3929
1321.31	-254.225	-17.6754
1369.55	159.72	-24.2303
-919.693	49.1066	-9.05489
-678.609	830.409	-2.81543
-1205.88	-1025.97	49.6493
1300.16	-471.797	-13.3947
-388.002	-1344.58	36.9908
-591.929	-141.713	17.6533
209.749	-1242.72	42.001
-1476.8	-393.285	0.838847
1039.87	1145.61	-15.0767
-41.5011	1182.85	-18.3875
-604.054	763.872	-5.41684
337.498	-559.648	27.3516
-1392.54	797.433	10.2102
1328.12	477.723	-20.7717
352.672	196.495	-13.2935
97.2977	-430.755	47.2994
149.356	1246.84	-17.4574
711.239	200.711	-21.2141
-732.655	1456.64	-15.9839
-1411.18	271.747	5.3777
-584.4	-684.505	10.6116
-380.361	-57.8455	57.0666
-1388.23	889.279	28.4538
314.024	-668.184	55.1604
664.335	-1467.24	23.3279
193.794	1466.8	-15.6533
785.043	-623.199	17.4588
397.282	-1004.41	91.8963
-572.925	-1484.14	51.0652
420.329	758.115	-17.9944
-799.289	-700.548	4.46114
1353.86	87.0148	-23.5022
-150.883	1297.02	-17.341
1018.89	-975.81	67.601
1493.75	721.301	-21.6615
1122.12	-1.06599	-20.3896
402.473	-639.051	55.8711
1139.42	-86.5249	-18.1188
-116.925	1376.03	-17.9604
964.284	1119.26	-12.7645
1032.92	135.703	-21.5338
69.2862	-388.893	52.4975
623.823	840.049	-16.7224
-1404.22	-1440.03	100.879
597.235	319.089	-19.7651
-1441.1	1108.96	10.9043
-104.208	125.066	-7.31427
-898.231	-1433.4	42.9885
1191.79	914.114	-18.144
-1001.59	-1075.55	39.7184
-847.364	-433.991	-2.25818
-800.029	240.174	-4.23961
1216.87	-146.528	-17.1251
-860.987	134.565	-6.26922
594.178	-1263.46	34.0516
196.013	-886.897	104.495
50.7375	-1362.29	43.4292
485.519	439.191	-18.0145
1062.26	811.682	-19.2761
486.383	-681.594	71.801
-1467.85	-737.466	16.7215
598.642	698.951	-21.5729
-242.05	-49.7524	38.8974
1404.92	1135.11	-21.1192
108.073	1007.87	-18.3258
1115.56	-318.071	-12.0357
416.047	-133.637	-7.43632
-1286.18	-1020.31	55.2631
1270.88	-1321.89	91.488
-174.635	1439.07	-17.7045
-313.826	569.233	-11.691
216.173	-82.9787	-4.32687
-800.202	-1198.21	27.8518
-832.548	-342.68	-2.09474
-706.357	223.846	4.49231
253.333	-1098.16	61.3164
818.328	1493.77	-25.0449
-498.456	-483.89	21.4404
-330.192	352.213	-11.6521
-68.9713	-1323	60.0116
204.801	759.858	-16.3064
-1442.85	924.999	24.7206
673.18	-277.352	-10.3645
820.964	1467.1	-25.8845
1491.18	-701.953	-8.47641
-1193.5	-316.17	-1.55827
990.304	559.059	-17.9521
1327.96	-761.964	-5.24351
-1498.47	-1135.16	30.1326
-1288.2	-1363.19	72.4758
1228.5	1320.68	-22.5108
926.873	-536.625	-5.82997
1059.14	-131.134	-17.8505
779.905	1055.76	-18.4542
-857.019	842.391	6.40557
37.8417	634.072	-13.6988
258.167	959.489	-18.9042
-348.601	1.75261	45.3537
388.425	-442.231	9.44198
-860.781	819.53	8.30474
-1365.48	937.389	32.3064
154.891	398.4	-14.7796
1375.83	-1176.91	85.9418
-501.784	888.809	-16.9777
-1144.61	-179.279	-5.04818
451.87	-215.499	-5.66408
-1048.45	1447.7	-14.0771
-125.31	527.099	-13.9202
-852.418	710.446	4.70713
-1361.44	979.196	32.1662
365.857	-430.376	9.43126
326.068	1342.13	-16.5932
-1408.5	951.384	29.0606
-990.999	-963.343	38.1308
336.517	-158.442	-5.46883
260.665	433.104	-16.5903
1128.52	-622.201	-5.00974
-752.399	982.536	-13.5827
-1295.13	1033.61	13.71
-785.532	-287.862	-3.53129
-658.584	492.094	-7.67126
582.157	-158.279	-8.42518
-1297.37	742.154	7.57922
-756.732	-143.354	-3.55534
-445.037	-1350.67	32.0519
932.692	-477.236	-8.70706
-145.47	548.868	-13.7747
697.522	1218.83	-22.058
316.341	-1171.61	48.2602
-772.263	-185.373	-4.34759
1364.39	-527.445	-11.8552
-347.873	1254.7	-18.9306
765.893	-1102.56	53.5024
1116.82	51.8017	-21.2233
-472.961	1326	-18.4347
1386.29	165.049	-24.5483
902.408	-349.264	-13.0593
-842.381	-1374.22	34.2468
954.984	-332.394	-14.172
-1200.48	636.162	8.64228
-393.173	-300.915	48.2227
302.18	188.32	-13.2917
1228.44	-1042.2	63.6972
-1176.57	1033.41	1.17609
1244.29	325.78	-20.3425
-1170.21	786.032	11.4941
1334.25	601.983	-20.4997
1105.65	-601.3	-4.53554
-1001.86	-898.535	31.2817
-931.749	1488.36	-15.7909
-1256.69	-393.666	0.715898
1120.83	-44.859	-19.8148
119.765	358.403	-13.8867
-1008.22	-1190.66	41.3226
1397.15	-313.884	-18.0241
874.445	834.975	-19.3579
-267.424	927.096	-16.736
-565.581	-924.597	13.7534
1439.54	-1107.51	50.1616
-781.937	-67.0354	-3.92485
-257.853	223.21	-9.26929
987.294	-1325.35	50.1119
-0.569392	-331.781	66.4798
-1265.13	-1211.73	47.0273
928.465	548.138	-17.9253
1.46201	-738.388	99.238
1089.4	1334.39	-21.8333
1160.39	582.793	-18.5962
-921.915	-244.385	-4.78957
840.429	1444.73	-27.0696
574.929	-1005.18	84.7211
-923.854	-892.084	22.9489
1022.35	-576.82	-2.93936
951.692	1421	-25.336
-893.237	1344.91	-16.8669
-460.09	327.09	-8.85267
-1451.4	273.486	7.39935
282.38	-1129.88	55.0909
-581.03	-948.923	12.977
140.95	-103.569	2.51864
826.023	250.688	-21.5444
-1400.97	-191.096	-5.24034
604.646	1332.54	-22.148
-1490.28	1119.07	14.3316
1455.46	43.2375	-24.7728
1368.69	-1407.9	96.807
1317.75	48.6429	-21.6863
225.528	961.422	-19.6221
257.609	142.482	-12.5742
951.628	624.805	-16.8526
-1146	-457.974	3.53615
-611.808	-237.561	7.30821
428.743	-845.605	117.006
985.108	1073.5	-14.2137
983.606	664.532	-16.9279
-1094.98	160.652	-10.6853
-447.393	775.696	-10.7141
-5.03748	268.21	-13.8578
219.149	-230.04	5.21051
-744.501	515.785	-0.0323774
388.885	-450.992	10.2216
525.543	-698.713	78.5829
1428.47	897.439	-20.2696
438.119	-216.973	-5.47145
-172.33	-292.33	71.789
867.076	1272.37	-15.8169
1244.39	-334.899	-14.9879
443.579	1046.41	-18.8514
277.312	1241.35	-17.8637
-1019.13	1030.62	-11.0998
-396.896	971.528	-18.3152
-329.585	1072.31	-19.5706
-665.985	1060.28	-17.4559
1383.48	-777.101	-5.3582
-630.474	212.668	6.57878
-1438.87	1432.3	-7.05004
-1291.63	-685.634	25.6712
1140.62	972.007	-18.2058
944.406	-726.59	28.1789
-962.176	1188.13	-15.7542
541.805	128.533	-15.2429
-807.106	253.664	-5.8154
590.717	-286.418	-5.36965
-498.548	-175.773	27.2435
1487.67	-1231.5	87.8841
-900.862	-1085.47	32.6645
-1064.29	-190.523	-5.88648
-2.88985	420.96	-13.4151
1092.73	503.579	-18.9132
-1208.67	1242.75	-11.7913
1435.26	1280.72	-24.5205
872.796	-104.283	-20.1791
-280.559	-478.918	89.5954
1180.65	-678.661	-5.18105
-160.139	228.939	-12.3036
1079.3	-185.081	-15.808
424.392	1199.33	-21.8204
769.879	-319.12	-12.7207
-585.03	693.939	-5.90655
263.475	149.914	-12.7269
-688.238	477.093	-6.42243
771.993	1349.45	-22.6136
-858.359	1314.28	-17.7671
565.215	-447.417	11.7276
766.543	992.961	-18.227
1108.2	384.996	-18.6431
1008.44	-1091.34	69.2419
783.49	1156.78	-18.293
1460.53	-719.49	-7.78088
945.656	-41.5844	-21.4592
-824.759	-1446.36	43.6773
390.308	-1037.8	78.6001
-1454	-577.114	12.279
270.203	607.319	-15.9161
992.946	984.54	-16.2222
-1461.06	18.6966	-3.54894
-709.366	1197.59	-17.8751
-1219.14	-191.178	-4.27395
234.243	-966.869	96.4173
-125.693	-980.005	93.435
-1201.91	1360.76	-12.2104
-1272.41	1328	-10.8246
-1460.44	1046	20.0093
1064.26	-1138.21	70.4457
391.671	-1238.52	37.3188
727.225	39.9247	-16.6161
922.501	671.256	-17.1094
196.859	782.443	-16.3385
1435.5	-169.123	-22.1716
-938.922	-1391.38	44.6317
1256.14	654.471	-20.5475
860.438	1260.91	-15.526
749.475	-1117.82	49.3439
470.664	36.5348	-12.9848
-857.991	1303.97	-17.8788
538.032	-493.738	22.0435
1025.81	569.555	-17.8462
1324.59	1090.54	-20.5365
98.2766	-202.363	21.7255
0.233386	-142.689	19.8942
-1335.87	-89.4774	-7.86565
107.206	-1079.06	76.4399
820.09	-1063.23	64.1803
1370.51	1269.7	-23.2006
-610.081	-180.74	11.0522
-811.39	-179.248	-6.02709
-368.741	18.9464	41.6616
-620.265	-1430.54	48.1483
-1105.77	1077.84	-8.89554
-502.834	640.137	-9.3003
-1440.84	726.901	7.35061
-273.02	-836.939	52.0605
1392.53	1410.66	-26.7918
1152.9	-685.052	-2.01987
-797.411	-1034.14	17.6598
782.631	-1054.46	66.088
125.785	636.525	-14.6968
-198.153	-982.984	77.1085
579.634	558.394	-19.4334
107.145	1285.44	-17.4895
746.395	-1309.62	27.901
928.452	1191.42	-11.91
545.006	713.222	-21.3727
-284.977	-1142.15	54.5705
1442.56	1399.68	-27.234
-473.856	66.5467	34.4388
-1124.48	840.919	17.3165
204.795	714.778	-16.2955
-884.738	1030.23	-14.8615
-1189.55	248.49	-7.09215
175.189	-94.5653	1.33667
193.345	-515.445	28.4578
-489.874	352.851	-8.89332
755.934	1144.59	-20.1116
-1304.23	-850.16	41.0445
291.674	-142.119	-4.99083
-835.365	1120.03	-17.9907
-1254.27	826.131	18.2363
-643.429	1049.7	-17.4155
306.466	-1167.06	48.7963
-1105.09	1020.82	-3.19941
-284.19	-1401.02	53.4328
1198.59	70.9779	-19.5077
612.632	459.413	-18.3899
1073.78	648.414	-17.1958
226.104	1351.92	-14.2318
1030.36	-1258.86	65.92
1263.64	1012.06	-19.5238
1265.01	-422.681	-14.7849
-1134.26	-1256.39	45.2752
-1464.33	73.6502	-4.14714
-243.826	-118.506	49.6936
-690.861	-892.555	9.90873
-303.912	-421.949	87.8734
1018.98	343.932	-17.5262
-357.403	26.8852	38.9664
-267.663	-151.035	57.1175
-504.096	-1374.14	33.9663
-161.663	-1290.21	68.812
1268.24	448.188	-20.6303
1413.94	-288.281	-19.695
803.18	-1379.67	24.5886
-1425.28	-825.084	30.4328
1066.53	-1314.84	63.4262
1327.94	-595.494	-9.6913
-879.799	46.2825	-8.46932
-1018.5	633.567	5.64368
876.171	-1263.25	38.9186
563.927	-636.479	58.9256
1110.33	-322.754	-11.8536
-432.61	-668.44	29.0969
-622.149	-252.016	4.63732
-280.437	572.666	-12.0341
1293.25	890.554	-18.1057
-292.281	425.339	-13.425
640.032	-281.605	-8.42268
-1343.22	734.323	6.97211
1008.69	775.13	-18.7315
1209.29	939.704	-18.5006
99.76	464.754	-14.1795
651.883	940.258	-15.9056
1429.91	-986.03	11.7177
407.385	-704.426	75.9962
-589.621	1186.27	-17.2031
-1463.57	782.349	8.11862
-159.384	392.835	-14.6705
-856.664	-1135.42	31.4333
-427.653	-223.194	36.8706
238.497	-165.88	-1.63871
1466.15	901.738	-21.3158
-75.2585	1022.65	-17.3199
49.0732	342.462	-13.6385
-1225.2	-940.437	42.7348
225.212	972.133	-19.5553
-1049.08	-368.356	-1.88503
-294.196	306.514	-11.4872
-888.538	-321.239	-2.32188
5.75901	-226.808	36.8203
-458.283	-1043.61	22.8623
1004.37	1342.97	-20.4954
-966.196	-1081.18	39.084
-1015.93	702.555	4.64872
-1186.29	-1386.6	72.579
-696.528	1448.86	-16.255
785.571	1069.88	-18.2245
-1010.01	-136.538	-7.50002
1342.56	845.697	-18.4356
-1175.07	-1309.64	54.6308
545.682	-669.255	70.9655
-1269.06	-298.762	-2.86005
-1237.96	1134.76	-1.9425
-714.331	189.952	8.64975
-1232.79	1491.87	-11.5419
134.337	-763.95	87.1857
1309.34	-848.239	2.1313
226.558	-597.271	38.2471
-1033.02	320.736	-5.96587
955.504	-950.85	74.1869
-292.423	-1111.99	52.9454
-1127.84	-32.6495	-4.79729
792.424	-477.273	-5.57122
70.3628	-1064.78	86.9354
941.433	-1009.64	71.3716
376.129	-1340.97	31.0812
-738.832	45.0164	3.30372
695.898	765.385	-19.7797
822.255	22.1603	-19.1501
1210.94	1444.59	-27.5779
-118.464	786.873	-14.2968
-482.083	-1498.01	55.9568
1228.72	-328.42	-14.4777
943.138	463.379	-18.8931
-1054.47	646.868	6.02952
-615.935	1456.66	-17.0522
439.032	-364.294	-0.189125
-166.403	-1471.42	57.4617
609.22	-279.645	-6.90912
1281.98	201.158	-22.429
738.251	-1066.53	63.1377
-70.6234	81.2906	-3.97476
331.872	34.0588	-9.03974
385.235	476.176	-17.1475
559.248	-682.761	74.2264
-451.49	-737.235	24.0175
-86.4723	136.532	-9.81799
1151.24	321.84	-19.8091
-129.342	-228.494	54.3346
1448.42	368.155	-24.7802
266.521	-1401.13	32.0992
-864.877	410.861	-6.3238
1287.71	706.178	-20.1101
1387.12	-922.251	5.38395
-584.92	-1483.57	50.7544
-1257.74	234.395	-4.83437
1024.52	1107.57	-14.3187
105.691	1390.4	-15.9486
1325.79	-602.291	-9.51427
-258.242	495.964	-13.2152
65.8082	955.331	-17.6564
1470.8	324.34	-26.2016
-508.693	-1095.42	19.136
-541.735	1196.21	-17.9718
-1072.15	-1476.17	72.042
-942.131	821.362	8.02856
520.275	899.603	-15.6863
904.115	-208.269	-18.0771
1143.85	1200.69	-18.2354
179.313	-491.857	27.3401
1121.48	-608.211	-4.98325
-883.487	1333.85	-17.1608
991.852	1030.49	-15.2979
-1128.76	336.65	-0.818079
-637.159	882.545	-12.3883
754.875	-502.211	1.06954
-1234.61	190.76	-8.54833
612.658	-162.108	-9.17561
1146.38	-850.85	32.0309
-925.235	1221.71	-16.6699
-591.531	-691.458	10.0868
640.732	693.153	-21.7473
954.652	-1163.42	66.0471
245.834	262.229	-14.8869
552.218	1369.23	-20.8445
1396.32	-405.603	-14.4773
68.3473	562.526	-11.9865
1331.12	80.6348	-22.7703
-311.862	-42.0326	51.3755
1122.38	110.604	-20.9124
252.814	-1039.88	77.0245
-303.409	-674.481	68.8159
914.491	1428.81	-26.0533
1198.95	453.556	-19.39
509.117	1016.89	-18.2752
-246.427	1220.56	-18.4955
225.263	-782.817	90.0134
666.157	213.528	-21.0947
1416.06	382.262	-23.9116
-730.403	172.652	8.61944
168.205	1045.76	-19.1878
328.668	1376.67	-15.9285
553.862	-213.756	-6.46148
987.672	-674.936	9.35412
975.501	1107.37	-13.101
267.577	-1391	32.4346
-703.997	-1245.16	25.8019
460.055	-840.674	114.726
-647.004	433.492	-8.10068
790.151	136.754	-20.9891
-593.408	845.748	-11.2332
465.049	930.484	-15.9464
-127.589	750.543	-13.0808
-565.14	689.841	-6.42224
-241.785	653.225	-11.995
1200.41	-723.256	-3.0497
-1188.72	-1021.17	48.5707
835.657	832.214	-19.1833
542.687	-1101.21	54.4889
-894.05	1206.04	-17.3128
1310.07	-25.8832	-20.7462
353.01	-685.223	64.5293
1368.31	-627.999	-8.5945
190.183	1004.76	-19.9724
398.297	-516.316	22.9168
1398.41	-1438.8	88.0074
-1482.6	139.202	-3.14685
-976.895	-1086.86	39.067
-293.902	1499.37	-16.6374
184.089	-73.3724	-1.40066
-499.512	-68.966	43.6369
-81.3812	1489.6	-16.4394
-1381.89	-343.858	-2.83117
-726.485	265.033	-1.47343
-1113.44	-485.34	3.36569
-349.43	760.423	-10.5182
-1246.24	-807.853	28.8108
886.019	-591.361	0.226196
1303.42	1338.17	-25.1086
-394.594	666.634	-8.53835
848.428	439.758	-19.7874
1311.13	891.045	-18.3285
137.519	1167.35	-18.5546
892.672	467.403	-18.5752
995.248	-791.355	42.0842
550.905	-1185.59	39.7751
-250.888	1224.9	-18.4676
-1003.88	-1273.18	48.7969
69.0405	882.853	-17.4427
-694.916	-129.976	1.60119
70.1696	623.383	-13.605
1174.56	-655.065	-6.12338
-1196.81	1006.55	7.6296
-1378.07	-815.937	37.0566
53.9743	-428.271	62.2817
-871.924	-701.618	8.52195
-104.915	-1146.51	90.5721
704.884	749.791	-20.3589
324.567	-1266.76	37.0285
607.397	825.99	-17.3136
1211.35	711.191	-18.0415
-420.22	52.0625	35.292
677.858	567.762	-18.3472
876.784	277.435	-20.961
-1392.98	-170.2	-5.64553
-679.542	-64.3074	6.35303
1474.6	500.627	-25.7694
-1108.38	-1141.8	39.9911
53.9889	1434.59	-16.2653
637.897	-200.367	-10.2711
320.478	-342.064	3.6706
-433.085	181.509	9.45815
-225.077	-1290.87	65.2918
25.1827	819.297	-16.6783
-479.706	562.358	-13.1126
1281.02	-1147.45	88.5186
598.914	431.482	-18.4832
-48.5505	876.783	-16.7722
-89.1343	-1446.5	54.1993
108.046	-1157.53	63.6794
295.1	-1373.84	32.2005
118.605	-350.839	38.3728
-1024.16	940.885	1.88858
740.817	-142.997	-19.9661
-821.917	229.459	-5.29322
-553.076	-136.076	24.6242
1473.68	-1315.95	95.1383
-734.474	1004.03	-15.0288
1033.56	1024.35	-15.9404
1021.06	-624.945	0.255979
-864.214	-195.406	-6.39664
-230.986	-1379.2	60.7769
662.91	480.194	-18.8621
1114.19	641.347	-17.3449
-1260.74	95.3988	-10.7416
-593.29	-588.661	9.91736
973.457	-148.025	-19.1221
441.674	-296.018	-2.35117
301.858	787.535	-14.8236
861.325	1183.62	-13.6061
408.733	1236.07	-21.2364
1453.79	560.506	-23.2321
146.825	719.857	-16.6138
1180.58	-1390.74	74.9503
-509.337	-1019.33	18.6348
1000.44	-630.088	2.27674
1047.7	-153.721	-17.5029
298.847	1311.92	-16.3889
-989.219	-1467.23	55.9161
829.704	1078.2	-16.4467
238.95	224.873	-14.8708
-1187.08	-232.59	-4.26845
-1224.49	951.747	20.6545
688.292	-187.272	-14.6825
1139.72	-1232.85	75.6653
-126.938	1459.22	-17.5325
106.553	158.248	-15.2146
-961.847	-1201.88	40.6463
941.757	991.32	-15.4668
-1055.3	-641.313	11.1155
898.663	-862.046	87.0308
-220.636	1130.29	-19.0147
-132.16	500.022	-14.432
-1402.33	232.585	2.20582
1275.99	-919.371	19.8355
-28.2879	950.316	-16.6404
-598.653	428.546	-9.29556
-1111.94	584.888	8.17462
-483.788	-852.242	20.5743
-1357.48	-1278.79	57.1699
-1.47928	-1050.4	103.802
41.3776	-643.19	80.7122
-1316.74	1394.48	-9.50984
-1105.09	1386.99	-14.2393
-1045.61	319.153	-5.51256
-1268.1	-558.926	12.1315
-43.3862	1297.55	-18.5452
1408	-1008.89	24.116
-1461.19	-94.6248	-2.27933
1046.93	682.492	-17.3093
-702.75	74.9313	10.3263
-1107.66	-1461.68	76.1971
-1164.76	-490.304	5.29879
-1303.99	-466.328	4.14772
990.55	818.83	-19.1066
1278.49	-329.531	-15.938
-971.427	690.759	3.97186
1054.14	-1324.61	60.1336
1359.68	-1317.21	97.3683
171.633	853.978	-17.3137
382.977	976.723	-16.1785
-1041.82	1498.08	-14.0167
-1046.07	-1414.44	63.1852
815.234	-1382.06	24.7361
1403.47	331.99	-23.9627
600.901	-85.5813	-11.0136
659.567	-1059.34	66.1696
743.845	-351.284	-9.59915
-497.651	191.589	11.038
578.927	659.838	-21.9656
-1257.41	945.312	25.065
111	-1496.95	38.6393
-836.301	395.208	-8.5378
1113.45	809.823	-18.8251
38.5063	175.87	-15.3074
181.716	-440.727	22.2683
632.786	-802.258	87.0753
1064.45	-988.752	61.262
-374.632	-1198.55	35.7068
1429.99	-349.384	-15.7097
-947.26	-109.268	-8.41112
-873.895	-1068.18	27.5179
-414.44	1284.4	-18.5499
-528.606	-1236.41	23.2918
355.715	916.566	-16.3854
45.6204	-1311.36	44.8819
-924.956	-40.6956	-9.7487
1388.68	1246.26	-22.6649
74.5915	1345.78	-17.0498
-643.101	-1359.6	43.0364
1229.21	-597.382	-8.82728
1085.69	329.448	-18.7028
-293.149	-242.606	64.5728
329.811	-58.7623	-8.73847
858.674	683.69	-17.6432
216.003	-305.533	11.2536
1041.05	1443.7	-25.9143
-1368.34	417.646	41.9036
-1401.61	-803.985	34.1175
494.486	-933.026	109.764
1453.88	-71.677	-25.1726
-638.227	-878.558	11.323
-1378.12	-742.862	32.1116
1066.18	1202.39	-17.6421
1327.32	776.133	-18.7421
-42.7895	-1023.61	106.104
642.319	-448.604	8.02152
367.977	279.706	-15.9464
1033.79	600.484	-17.4921
1223.83	798.663	-17.843
-512.983	1426.02	-17.8391
694.697	984.211	-17.5298
510.367	759.6	-20.0685
-611.321	228.912	4.22355
-1091.53	-391.209	-0.10086
1281.9	-605.388	-9.0789
177.254	-1170.58	53.3334
1133.03	838.288	-18.5884
-1483.89	-0.211676	-2.52393
1469.33	1105.48	-21.9088
1221.8	27.6262	-19.0187
-923.026	-189.411	-6.47318
60.164	679.622	-14.8704
-1054.09	1052.8	-10.5294
-162.028	-1412.4	61.4373
-886.822	1216.54	-17.4993
-86.2393	155.579	-12.1579
-827.698	-80.5707	-6.89874
-937.989	-187.87	-6.46565
494.204	1401.79	-19.5769
-319.272	1408.56	-17.4502
299.64	215.042	-14.2725
-824.813	1401.79	-17.0579
21.0963	984.647	-16.6098
311.015	-867.633	116.047
-1237.07	-58.4186	-7.08375
760.89	346.657	-21.2328
-549.974	-607.398	13.4501
1126.03	814.817	-18.6921
-1109.69	408.48	6.38834
481.815	-1174.62	42.6162
1168.82	1447.57	-26.937
439.745	-1147.38	49.4089
-464.568	260.519	-3.74691
-274.345	424.378	-13.7301
435.611	631.778	-17.9835
-359.802	1160.07	-19.8918
689.607	483.029	-19.181
-495.903	1153.78	-18.9428
-391.456	321.774	-10.1656
-235.373	1166.92	-19.1292
757.804	-369.814	-8.98261
200.018	215.896	-14.8363
848.601	-950.718	80.9139
-1308.29	852.293	23.7585
-555.784	1152.92	-17.7882
-56.6773	36.0102	-0.117404
-731.99	-923.235	10.3163
1131.25	604.076	-18.0372
130.152	-506.511	40.2255
-100.815	-137.131	28.5892
-799.87	537.051	3.39802
-1185.56	-1076.5	47.5032
-1458.62	-987.616	26.0025
-1001.81	-458.533	0.119936
-1492.58	-1272.58	62.1463
-196.892	-957.894	75.6207
-317.044	859.58	-15.8422
31.0261	713.403	-15.7889
-140.003	-1392.36	62.1624
4.91049	-315.784	61.2724
-1443.86	-641.538	16.9411
1001.81	-1009.38	66.5982
-1021.61	227.408	-10.4626
588.567	702.624	-21.4405
-367.271	-1231.58	37.226
-520.111	-608.614	15.8364
416.821	1228.12	-21.4745
1295.79	1403.67	-27.7433
-363.22	-445.062	62.548
357.677	1290.29	-18.6481
-793.58	576.471	1.60735
964.156	1465.19	-26.2302
-1389.21	594.378	21.2393
-815.746	-62.201	-6.03339
278.004	-289.856	2.8256
367.115	-834.448	115.824
-1084.49	512.653	8.53038
697.738	-1485.21	22.2801
-323.605	47.883	31.6861
-620.356	-1111.13	13.6567
-623.774	-1085.78	13.2235
-810.256	-708.798	5.19124
1133.8	972.928	-18.1292
-200.266	1286.62	-16.8815
-214.012	1277.43	-17.2209
-261.708	157.02	-0.123081
1351.28	12.5026	-22.6122
-270.93	-784.735	56.622
-1066.66	117.49	-10.7272
-885.887	-1000.59	25.0299
845.199	-61.6335	-19.3066
-606.645	-1122.08	14.1932
-1436.07	-24.6093	-4.0307
1193.27	-1229.67	80.1463
34.8551	-1259.97	53.9205
510.907	430.841	-18.2254
859.333	-7.35102	-19.6757
209.835	865.459	-17.5321
-372.916	-775.565	33.9221
-519.453	-1164.93	19.4439
-1135.72	1212.08	-12.572
1125.65	-1176.09	73.1614
1124.86	-782.617	15.4551
-1037.83	546.887	6.47202
-506.823	-378.82	18.3346
-82.1113	1438.41	-17.3389
-1018.11	370.088	-1.67896
1333.26	115.355	-23.4357
1032.18	-673.094	6.1321
1387.76	841.324	-19.0258
-324.464	-723.352	54.8978
1041.79	-1007.66	62.6867
586.41	-701.833	77.1224
659.412	392.374	-19.1784
375.942	-516.216	20.4774
-84.71	-948.253	99.1519
-1041.31	-557.909	4.91349
-9.96379	-787.161	102.68
3.80227	-476.091	74.6777
-209.584	-1438.53	57.1558
271.167	498.575	-15.8433
-868.458	517.579	2.67494
889.675	1013.99	-14.9815
393.689	-1170.63	46.4831
744.485	-610.45	21.5384
-1017.32	-1242.76	46.0297
-510.385	1457.58	-17.3423
-1193.54	826.453	17.1217
-743.942	-495.654	0.962283
-469.608	-670.832	22.3484
1128.8	802.671	-18.6623
-119.344	-1356.53	64.7604
-300.899	-68.9598	55.3105
-1081.52	-122.129	-6.26858
272.59	1318.42	-15.4745
1383.16	-209.495	-19.6296
1018.05	-1071.54	66.6645
-48.5447	1058.01	-16.8837
-822.309	635.93	0.887985
920.223	-1219.61	52.6149
1383.18	566.993	-22.1539
-926.493	969.032	-8.19859
683.461	-103.757	-15.5616
-648.542	1162.46	-16.9692
-420.932	-1095.89	27.1057
-1138.27	591.464	8.89103
176.561	843.433	-16.9931
1272.94	-138.615	-18.944
-1278.3	593.381	17.4851
717.715	541.313	-18.9437
-1304.45	940.004	31.1415
1486.97	802.711	-21.018
-416.813	110.653	21.6874
-974.534	384.065	-3.42561
-232.264	1048.64	-18.7832
531.113	-1373.29	27.4343
614.209	-363.856	-1.41312
-183.121	-321.523	80.0639
-251.855	-244.062	63.9168
928.93	1393.22	-23.6246
59.0446	524.068	-12.3352
-204.431	876.757	-15.4612
951.791	942.14	-17.4412
-243.681	-797.476	62.4324
819.91	150.292	-21.7645
291.619	709.824	-15.866
325.853	1231.95	-19.7475
694.809	118.886	-18.0402
279.149	-454.301	16.2124
-826.587	-920.41	14.3538
614.682	-1152.99	45.0509
-995.672	-579.432	5.89027
-1397.77	68.4127	-6.53867
-1259.64	-291.638	-2.90259
-427.685	-1396.77	37.0509
1046.14	364.93	-17.7828
-258.935	-1243.75	58.3664
895.927	-3.45362	-20.7749
-1108.85	-1173.81	40.8438
285.686	1491.26	-15.978
-129.072	-919.135	88.0624
-311.631	-930.356	42.754
54.9692	-1199.71	60.7182
-487.604	-1065.79	20.35
-1337.96	-1391.79	81.7748
-1210.25	-657.196	15.7886
809.299	-359.094	-11.9135
-1453.82	756.361	6.96664
714.905	-671.059	45.0769
448.049	-337.98	-1.16993
613.978	779.589	-19.3787
1385.02	-893.01	2.49771
-336.388	390.636	-12.3151
44.5236	-1352.69	44.1437
71.197	-289.362	38.1895
-413.505	873.391	-17.4192
966.592	358.622	-18.7012
-1219.8	291.478	-0.882356
1137.57	278.566	-20.24
215.763	610.707	-15.6928
1190.18	-160.002	-16.3245
980.677	-768.042	38.2061
529.506	481.66	-18.3038
-777.22	-725.646	4.66942
-435.909	414.88	-11.4936
609.631	69.844	-14.5815
752.62	-1269.13	30.3138
389.389	-85.6588	-8.51861
-285.402	-665.165	76.5978
-215.814	-185.504	55.0684
78.507	1361.96	-16.5694
-441.475	-1141.62	25.6512
-1141.01	1416.6	-13.436
-1381.24	-489.028	4.44892
329.428	621.119	-15.5779
-1188.01	1298.47	-12.9128
1117.73	-1070.42	62.0908
-401.412	579.261	-11.5252
-699.835	274.139	-1.35392
893.958	-715.566	30.7735
-1460.01	676.158	9.61033
486.604	1056.2	-19.5757
-397.296	-1140.81	31.8606
557.341	-730.806	83.9226
-1357.13	-1042.34	51.3334
-594.449	696.246	-5.44804
-1010.46	815.973	7.02939
1060.51	417.875	-18.2714
1011.99	732.187	-17.7124
344.762	1487.3	-16.3834
1445.08	1136.96	-21.2454
1494.69	-48.6143	-25.6758
-874.153	-812.115	13.4688
-464.777	-1353.29	32.044
1107.98	1478.72	-26.0316
439.896	-646.854	62.1881
295.667	939.072	-17.8672
-575.806	1394.62	-17.8759
-1258.95	-835.985	35.3288
-78.0731	1054.72	-17.5735
301.196	-1030.27	81.3911
1355.28	-623.403	-8.90464
707.379	-315.948	-10.2492
-587.685	-1396.93	41.2567
1229.01	766.739	-17.8171
-781.785	-880.317	10.1593
1454.79	814.196	-19.6908
-455.145	49.1723	37.5083
771.322	652.358	-18.4243
-1187.99	-1179.51	44.53
865.137	1408.42	-24.9558
-1207.16	-1454.11	88.5626
1012.95	-286.979	-15.6051
-712.311	-136.463	-1.59634
-641.534	-455.428	5.07583
-1381.4	501.447	43.4333
999.585	-1408.22	36.1575
-408.517	523.8	-12.6794
-54.3412	-901.044	102.99
881.601	478.65	-18.7939
265.019	-277.605	2.60559
91.5309	1216.21	-18.4583
652.388	-378.689	-1.86591
133.039	1241.82	-17.8723
-1490.15	1262.86	-4.00278
-570.626	305.594	-3.98732
811.74	1058.31	-17.2582
-1005.68	-170.776	-6.67831
-427.069	1208.22	-19.1457
843.599	787.84	-19.0173
-465.542	987.991	-18.528
-1222.65	120.992	-10.6137
-347.138	-1459.62	49.2992
-1161.71	-1296.6	51.7751
286.403	648.997	-15.7824
-1340.17	1215.3	-6.03089
116.942	-1026.71	82.9805
-1.14628	1455.33	-16.0875
-1200.41	649.485	7.38411
-1268.82	-777.07	29.7305
-56.3749	-1370.8	54.8598
-1259.69	-1220.12	47.3053
1047.55	673.013	-17.1246
608.355	21.3068	-13.1943
142.716	-1457.19	36.6695
-303.113	784.821	-13.1257
-804.384	1351.47	-18.2091
255.536	-889.64	110.809
1356.55	-975.626	21.6892
956.416	-772.379	44.7045
-1485.31	-1242.91	52.1304
-1319.94	871.468	27.6196
92.5881	-906.31	101.506
-844.194	1429.42	-16.3592
-211.245	282.457	-12.6957
-800.482	-727.335	5.15485
-333.408	687.432	-10.4661
-540.119	-876.544	15.4188
-1026.33	460.597	5.45978
-83.3672	808.728	-15.4216
-1034.9	-223.765	-5.29829
-158.642	813.272	-14.5597
643.06	1165.85	-21.9759
-1204.98	999.972	10.0217
38.1982	-667.529	83.8531
366.93	1058.67	-17.8862
241.136	-222.811	1.38315
-1174.48	364.572	5.80844
-175.559	-1455.74	58.6
1316.8	-834.633	0.619427
32.6971	-904.273	106.464
-58.8845	25.5951	1.12028
171.551	129.934	-13.7542
933.578	-877.666	81.739
-156.246	1416.65	-17.8151
-790.981	42.0352	-1.78963
1015.21	-200.091	-17.2074
1021.6	1306.17	-19.9525
-1257.36	-488.611	7.69925
937.281	-768.905	45.9697
-1324.4	-1200.2	48.7082
1302.8	-316.018	-16.7423
-507.614	1308.81	-18.3961
151.842	-712.183	70.5173
77.0759	1418.65	-16.4588
-632.53	899.885	-13.2649
1260.58	-1247.42	89.8339
54.5582	-626.378	74.9005
503.61	-1474.24	23.286
-505.944	80.2716	34.1927
-643.499	908.65	-13.3509
1394.84	1343.09	-25.4695
-86.1641	-906.032	95.8739
-1417.48	-1224.82	47.1625
1181.27	1329.54	-21.7301
259.698	587.301	-15.9074
-1100.88	1162.65	-11.3881
749.953	-290.478	-13.1773
289.491	667.527	-15.7622
-968.299	-413.98	-1.62719
1279.85	1421.6	-27.7786
-1454.75	-935.654	25.6569
-490.196	-396.499	22.3856
927.034	-67.0102	-20.6866
-751.1	-907.536	10.9524
1076.78	-305.974	-12.4377
-928.336	-989.006	30.9455
-225.564	-242.947	63.4313
428.389	1034.75	-18.2881
1051.04	-1368.22	52.2882
761.206	-560.776	5.79014
-500.294	835.454	-14.0863
-728.571	-998.344	12.4146
-1057.98	-285.989	-3.48309
761.913	-699.087	44.6801
430.728	756.39	-18.3231
1456.13	75.6811	-25.278
-17.4179	571.717	-12.0569
-1115.87	1499.23	-13.0951
825.406	413.68	-20.4931
547.667	6.52979	-12.2929
-22.7852	-623.268	93.1294
1130.58	104.025	-20.7518
-1051.62	1367.14	-15.1272
1365.64	-796.341	-3.48773
-1087.01	-1175.7	39.2088
1034.07	38.1034	-22.447
-565.488	-1362.71	35.5625
-629.974	-130.424	13.3566
114.784	-276.052	26.5665
-13.3701	663.54	-14.3163
89.1221	233.714	-14.3903
-262.864	-391.94	86.4563
-1351.67	1077.42	8.80423
-637.181	-1296.82	31.9243
-71.5334	1084.71	-17.9608
-785.693	667.402	0.453195
-200.741	-165.889	48.3186
-470.812	409.709	-11.075
404.025	938.734	-15.9986
1304.06	646.247	-20.8024
752.178	341.923	-21.3348
368.99	538.514	-16.8965
-399.868	-1440.23	45.0101
1213.9	-1238.7	83.5621
633.624	-932.525	96.7226
-466.25	-822.207	22.0903
771.281	-814.958	78.6454
609.794	-1410.03	25.8066
-764.044	1165.41	-18.457
353.759	-1232.51	39.4107
1452.21	-811.934	-5.39431
-644.407	-396.199	3.86158
-1007.94	-1327.71	53.1716
464.245	363.407	-17.8478
-183.203	-629.028	109.846
-1225.92	-319.906	-1.62291
625.339	172.21	-18.7794
-739.83	-1180.26	21.6866
-1190.45	1345.12	-12.5538
694.41	-772.573	74.547
1372.85	-1247.4	102.733
-257.49	1269.15	-17.9423
-265.437	870.995	-15.4674
1225.58	1385	-26.8023
3.22376	1213.5	-18.8083
256.906	391.618	-16.1004
1298.83	-18.808	-20.4795
478.564	-231.883	-5.19944
-1430.73	-45.5641	-4.00604
870.285	219.277	-21.418
-371.621	-131.117	59.9937
-782.427	1.31977	-1.74992
1094.7	1139.16	-16.9353
-114.354	835.717	-15.7598
766.342	1464.64	-26.4198
478.84	-306.982	-2.28374
-1077.34	-611.642	8.52246
-1212.35	108.422	-10.8808
-1180.52	473.429	17.0784
-1193.8	1430.18	-12.0526
-1144.99	1138.27	-7.45939
-439.933	-4.37617	49.5468
-546.443	1443.24	-17.7863
-1244.25	-361.885	-0.300614
-1357.22	-269.783	-3.7349
-976.123	527.687	4.27442
-232.075	93.9566	7.91622
457.058	-416.226	4.45933
717.255	101.281	-17.9122
-728.665	-621.315	2.92458
-944.561	-269.54	-3.9702
-71.9342	-1292.29	63.6641
339.622	-195.75	-4.01276
1152.94	-1244.78	77.5299
534.298	-457.074	14.0963
-950.459	-592.748	6.43255
-1270.78	850.216	23.5663
-871.051	1159.65	-17.3322
1494.46	-1367.75	88.0857
-1492.42	190.295	-1.40065
-1011.98	334.696	-5.9322
663.699	1186.58	-22.2937
672.493	753.213	-20.2162
1488.31	-823.687	-6.05608
-442.821	249.123	-3.74888
-325.972	597.264	-11.4494
-1184.38	1054.55	-1.42648
-1251.06	-222.298	-4.31033
-412.574	909.423	-17.961
-96.5491	404.155	-13.557
-1260.68	468.822	28.0661
305.237	1255.06	-18.615
996.453	-168.508	-18.2613
527.327	-1275.03	32.8464
-1177.2	-1373.29	68.6771
762.367	-1183.23	39.1263
656.315	-237.72	-11.0306
154.267	700.926	-16.5399
764.795	-1301.91	28.5999
1447.32	-132.747	-23.3613
624.759	212.492	-20.3331
-73.6514	662.053	-13.0548
-313.76	-1019.7	45.5573
179.748	675.375	-16.437
-972.656	-1095.45	38.2919
-1037.85	-478.374	1.25832
969.135	769.566	-18.5498
278.317	-963.99	102.245
824.449	-467.595	-9.05497
-632.902	605.767	-9.83003
532.276	-1162.37	44.1923
1332.33	435.875	-21.5295
615.629	-378.962	0.248253
-1162.98	-1008.82	45.8992
-1325.6	-551.426	11.2733
462.939	1380.4	-19.0551
167.351	-1048.9	67.4085
27.5679	937.615	-16.747
-302.713	-775.666	49.7002
-665.552	1236.54	-17.1427
-130.263	-824.226	89.2784
-911.244	-918.221	22.9257
-157.746	1382.24	-17.537
-1229.84	-236.601	-3.74062
-602.2	70.0715	25.5428
668.848	-988.753	86.5695
-1374.89	338.172	20.7561
411.372	-1062.71	68.5354
1212.55	513.361	-19.8925
-593.94	362.179	-6.67103
1276.81	1368.61	-27.305
-1209.85	-509.963	7.65372
606.685	538.026	-18.1684
1108.77	-220.288	-14.8029
1372.2	279.591	-24.1808
-49.1189	-364.239	80.9518
197.89	375.704	-14.7925
126.134	37.6835	-6.35991
601.412	-546.994	28.5119
153.859	-1208.42	49.4802
473.939	-259.827	-4.10115
-1038.83	977.86	-1.86678
453.166	70.6413	-12.9102
1121.94	-1340.37	68.4857
-539.541	572.685	-12.7688
862.262	-547.663	-4.67142
-826.492	364.4	-9.35178
411.531	854.97	-16.156
-775.714	-26.1139	-1.03262
804.837	572.05	-18.4826
1142.24	417.571	-19.006
-944.707	-461.823	-0.595395
-882.228	-1445.03	42.3479
422.784	-571.468	39.6146
618.724	1174.2	-22.0766
-530.331	-509.608	16.0194
-500.818	1375.33	-18.7296
-1111.3	460.745	10.0543
-363.495	863.36	-16.888
151.416	-466.102	30.3479
161.902	-582.34	42.0983
52.7069	1456.5	-15.3519
1286.15	-612.459	-9.02752
-453.027	1365.27	-18.0528
-41.4289	722.947	-14.6022
601.428	471.928	-18.3256
-425.89	-1373.36	34.8172
-68.4826	1320.59	-18.2309
-1200.49	26.4413	-9.75233
1141.28	-1101.76	68.7771
-444.232	811.799	-13.4081
-360.366	-88.3336	58.2483
-1431.65	421.642	47.3702
1271.61	143.221	-22.5871
225.552	-68.6528	-5.15341
-1213.17	41.9341	-9.97303
659.47	115.351	-17.2344
-543.182	-598.057	13.9524
44.176	-751.682	96.5607
1029.53	-98.7745	-19.6892
-441.69	459.791	-12.1594
621.037	638.937	-21.5424
470.591	-957.092	106.657
1010.45	1388.26	-23.4714
256.299	-37.2274	-6.88801
-178.779	-617.301	111.797
687.497	759.014	-20.0118
1447.67	1401.54	-27.3204
-1077.13	-958.662	42.9517
-1182.5	-403.059	2.75738
219.015	-644.371	49.2293
1014.22	776.923	-18.7847
-1083.87	-528.296	3.83725
-1446.68	-720.044	21.1422
-864.483	-27.9323	-8.09791
-256.933	706.359	-11.443
1383.12	-1301.05	97.9667
-84.2698	-330.555	78.3925
-509.756	-498.079	18.6875
-79.6234	-777.834	102.505
910.82	977.232	-15.8303
-503.226	-271.785	17.3367
638.463	-206.263	-10.2635
196.617	-595.83	39.889
-478.717	-85.162	45.9892
1314.56	631.205	-20.6404
-828.517	484.22	-0.896388
-1144.7	-746.157	14.6115
-1110.35	263.198	-8.15256
-1007.81	242.825	-10.3483
-1031.14	382.572	0.406905
-417.976	-1198.68	28.7102
-153.81	681.215	-12.0204
94.62	-1197.83	56.5257
-477.522	310.89	-7.67463
144.019	831.272	-16.9856
-335.232	579.726	-11.393
-396.908	-426.26	50.2816
-680.984	-1315.93	36.9452
1091.76	-472.286	-8.07466
-4.01827	212.98	-14.8382
1027.35	-384.06	-11.6517
-123.536	186.091	-11.8432
1121.58	1036.26	-17.5066
439.971	-354.655	-0.605656
-253.799	-389.717	86.5507
-553.578	-516.952	13.1395
-315.873	-1334.36	47.632
-876.142	1035.01	-15.2449
870.539	-1015.15	73.5745
1330.87	-455.667	-14.0128
800.286	405.781	-20.4118
-154.116	1149.6	-18.7098
-226.241	1206.76	-18.4966
-866.68	429.015	-5.1818
-152.358	1224.36	-18.0774
33.7442	1411.53	-16.6653
-519.843	1436.95	-17.6781
183.259	1433.69	-15.0611
-466.89	-542.206	25.4745
174.563	-237.223	12.6166
-1017.23	-4.16084	-8.0272
477.284	218.396	-17.609
868.739	1352.14	-21.2323
-588.236	-844.698	11.9467
781.886	-1430.54	22.6325
833.06	230.75	-21.5114
1186.85	1455.4	-27.2363
-725.944	668.354	-1.83572
-158.434	-894.561	79.9072
-1449.96	-1187.45	42.291
-224.122	1095.89	-19.0504
1063.26	923.393	-18.329
-1235.17	942.439	22.5063
-262.562	-700.607	75.3722
1340.92	656.089	-20.2905
-283.8	1492.38	-16.7911
115.599	1440.92	-15.8417
1395.28	-911.033	3.1777
-469.988	1022.08	-18.5947
581.891	991.44	-17.4105
281.012	1366.56	-14.3859
-1049.47	615.116	6.37524
225.834	116.96	-12.3082
582.427	-372.155	1.38722
384.213	295.53	-16.4456
-1495.59	-1459.75	121.122
1033.82	-659.083	4.02551
885.965	878.155	-18.7545
1082.16	-143.63	-16.8683
-963.191	201.163	-10.2526
-1252.92	-454.313	5.05566
1030.82	644.227	-17.1319
82.0858	2.19713	-2.40663
-250.025	-913.408	57.2339
1215.46	-1213.61	82.679
45.6601	733.819	-16.1489
-76.1444	-216.014	45.9097
-1418.54	-527.077	6.7238
-263.96	509.755	-12.7099
-730.924	96.4805	7.29972
-570.69	495.264	-10.8943
-574.704	803.37	-9.81521
289.849	-948.004	106.981
1142.16	293.665	-20.0863
-65.8434	862.595	-16.9763
725.464	-1495.29	21.5388
1379.76	605.529	-20.6547
-312.962	812.52	-14.2731
-376.662	1075.75	-19.3152
-1492.51	-1359.6	89.7203
-961.27	-220.217	-5.59188
740.05	-355.351	-9.1328
-245.888	506.909	-13.2247
-233.494	1269.73	-17.7445
980.864	-474.252	-8.32636
475.531	-551.459	34.4129
-1345.04	-529.192	8.72869
284.436	1160.59	-19.41
-235.912	541.662	-12.7462
931.051	-1263.69	47.7654
988.516	-548.222	-4.75642
389.305	-1141.54	52.3865
1265.6	-360.984	-15.4408
-599.173	352.595	-6.21325
-825.731	462.447	-3.0029
-757.605	-745.34	5.23689
-632.951	-651.338	7.05253
504.13	1190.31	-22.6349
-1130.95	-490.962	4.16094
1019.12	-1091.29	68.3508
-38.8586	-389.38	81.5371
-11.6183	-1297.79	54.0869
-1152.16	854.332	17.7089
-687.456	1207.47	-17.5748
-1477.39	531.657	47.04
-299.579	-1490.22	54.6393
1274.76	-748.243	-5.09937
1383.16	-80.7428	-23.9021
1167.77	291.167	-20.389
762.822	64.2515	-18.2307
82.8997	-1286.68	45.0646
-905.132	30.1586	-8.99338
254.565	-670.002	54.356
571.424	1316.61	-21.6056
55.0339	-867.841	107.936
458.608	349.621	-17.7982
1081.66	-1203.01	74.2911
-1142.46	504.021	12.9321
23.8188	-117.197	12.7423
1224.67	-198.594	-16.1747
665.102	-1282.35	31.3738
662.258	-578.45	26.3404
1220.89	-1049.46	65.0226
78.8949	476.518	-13.6847
720.632	539.411	-18.987
236.114	-773.683	87.6109
430.379	-292.264	-2.38397
-1448.14	-130.02	-3.20418
-1331	-637.967	21.4422
678.15	-171.531	-14.3872
-24.3728	959.801	-16.6061
150.678	-572.155	42.7186
883.296	-1196.34	49.941
307.192	-85.002	-7.54044
-529.294	-604.058	15.085
-1190.15	-1111.15	45.9336
857.065	59.4465	-20.6583
-1255.17	-1369.83	72.9795
914.571	-1482.12	23.8513
-985.566	812.76	6.83525
1343	-225.84	-18.4585
-378.312	-158.103	55.8292
-1097.23	-322.682	-2.54588
516.093	-30.0045	-11.006
1174.05	-88.875	-17.7375
1155.98	-1456.38	56.0234
1228.08	-490.97	-11.818
418.887	41.6584	-12.0534
-1372.94	-80.3295	-6.58215
1113.62	-254.24	-14.1169
-171.797	-716.789	96.8676
183.368	322.352	-13.7908
52.3078	1087.73	-17.0026
-282.761	800.249	-13.5635
-940.845	-76.7652	-9.26929
998.719	-741.472	26.1901
-1270.27	248.933	-1.38054
-1434.04	-819.686	27.9397
-1388.13	1371.52	-7.96616
221.781	327.575	-14.3536
-1469.16	-1151.15	36.4683
1432.62	465.053	-24.3524
403.117	-805.156	108.081
212.865	-361.476	15.9786
-1310.35	567.113	26.6534
-43.3551	-186.396	34.1059
-115.384	1225.05	-18.4505
1448.18	1435.28	-25.8614
271.251	-940.69	106.336
650.027	-483.037	13.9975
256.315	-316.999	6.7221
1145.09	1168.46	-17.9478
-1426.85	-210.941	-4.1361
315.784	647.178	-15.5425
-70.3986	-1402.82	55.1662
937.329	-1463.36	26.1448
351.84	659.414	-16.2895
-528.886	240.861	2.80031
-244.544	1442.58	-17.5015
-516.453	367.253	-8.68401
-977.704	-182.846	-6.4684
872.623	-347.651	-12.8476
261.329	-1029.78	80.4928
82.1908	-1132.62	73.277
-1343.34	-432.119	-0.416691
577.333	865.014	-15.9375
473.631	1242.52	-21.6019
670.128	-722.402	66.8941
-402.875	843.708	-16.1779
-1.54535	1156.91	-18.1551
1407.77	-629.272	-8.91871
341.454	-1339.52	32.2368
1095.69	434.229	-18.3537
207.786	904.404	-18.6677
1357.16	836.384	-18.5853
-1023.64	342.105	-4.6315
-1132.27	-1260.69	45.7955
-353.387	44.2367	34.1869
-358.155	-1161.55	38.4994
547.915	1154.65	-22.0425
211.458	-1378.05	34.4544
-436.173	-146.09	44.4429
-255.471	1098.57	-19.4654
-386.164	-191.172	47.6308
713.356	-607.662	25.9516
881.872	76.5409	-21.6061
686.725	-799.402	81.2413
-757.316	1327.15	-18.4847
1026.2	1050.42	-15.3317
-1497.66	-589.75	6.99644
-1296.73	101.803	-9.54409
1385.93	772.106	-19.3314
-642.897	-171.873	6.88746
322.974	1410.51	-15.5263
1235.33	671.757	-19.4989
-880.004	-1495.28	45.1389
-27.9357	156.746	-13.6356
391.809	1204.52	-21.4463
-13.6371	482.665	-12.6182
199.753	1218.03	-18.0515
1497.62	-853.03	-5.46484
-1280.56	-1313.23	60.7636
1137.43	1398.05	-25.4911
-77.7732	533.218	-12.1793
528.79	-380.865	2.90132
914.576	-1406.24	29.5276
-510.146	-647.96	16.3664
918.483	847.452	-18.8742
-1171.39	1195.77	-10.0892
1486.02	646.872	-21.3257
1309.36	1391.77	-27.6015
-1427.51	-1370.37	82.0774
-569.595	506.231	-11.2495
-163.167	-739.757	94.4107
-874.24	-888.38	17.1615
909.781	-459.637	-9.60189
-90.5339	-1447.24	54.2027
-776.843	1191.83	-18.8447
-1239.79	64.1225	-10.4182
-470.353	715.226	-5.77501
960.73	364.445	-18.8669
178.798	-524.052	30.2207
965.046	-833.076	65.1395
1063.52	-1110.06	67.9899
1329.64	-1483.19	73.7825
-37.569	-1116.27	91.5877
731.154	832.558	-18.5608
1320.04	857.939	-18.2077
-812.526	283.157	-7.96544
978.1	-603.15	-1.55911
284.085	495.995	-16.0736
-610.004	-703.135	8.72633
-575.693	-368.097	7.92115
-922.893	-972.31	28.8951
-611.115	-154.69	12.6771
-412.678	187.084	6.44404
63.573	563.318	-11.9002
-1137.15	-1026.72	45.5064
468.86	746.226	-19.7015
-1150.08	-10.9854	-6.20098
862.687	-433.561	-10.0783
-1183.49	1120.95	-4.13023
793.5	-497.129	-4.81766
-1480.66	-181.739	-1.72565
-435.446	801.209	-12.7158
-42.3808	296.153	-13.6275
-1216.14	-663.532	16.8405
-100.503	338.177	-13.7141
-1290.39	-1489.3	99.0321
-1119.21	1179.41	-11.2507
-923.692	-293.582	-3.17661
1298.96	-880.222	8.22907
1110.92	-877.441	46.0131
627.269	-916.787	98.3154
1114.31	228.896	-20.6551
1033.88	-894.686	63.6419
-1473.32	-744.937	15.6728
-536.046	-1086.13	17.6855
1162.89	-1419.38	66.0197
-532.503	-537.902	16.4607
-1320.78	-528.129	8.53076
1004.21	-64.0618	-21.0721
-1354.64	-356.106	-3.24482
-1401.48	1146.27	1.57763
670.616	1419.44	-24.4933
-869.484	-1209.15	34.5889
14.7885	-435.126	71.8141
696.072	-1096.66	54.7223
27.8185	271.685	-13.9011
1216.25	242.903	-21.7529
-1155.78	-750.268	16.0803
-781.91	-896.679	10.7684
-81.4874	-189.624	39.2274
94.8752	722.303	-16.2778
-1089.85	-424.982	0.894662
681.165	1086.28	-20.6057
167.483	-315.144	19.749
641.92	-65.7684	-12.8072
1359.94	1213.02	-21.4111
1230.11	-354.827	-14.5251
680.372	-218.108	-12.8713
-570.583	456.413	-10.3952
-1153.71	40.0433	-9.38055
1378.32	-1148.1	76.7042
-336.197	755.994	-11.0116
801.318	1251.17	-18.1104
-265.77	-623.39	91.723
-444.012	-1053.1	24.3001
995.663	922.116	-18.2737
1086.37	63.5408	-21.8843
-34.0645	151.052	-13.2646
-1144.99	-208.959	-4.73858
-1464.79	428.341	51.1471
-1366.25	905.525	32.0105
-1034.26	1308.67	-16.2552
1000.87	-938.686	70.6726
-278.769	-1242.02	54.3192
-1194.73	-468.087	5.55857
118.089	802.522	-17.0661
-16.8326	-1424.82	47.647
-160.706	-620.063	114.625
-1107.44	49.2658	-9.21791
1496.88	-1272.61	89.9203
452.314	-58.4896	-9.95305
756.647	1239.63	-19.806
-835.446	1482.05	-15.6306
-796.573	1428.85	-16.5945
-1410.68	1197.45	-2.92214
-163.547	1160.89	-18.8028
-56.8272	-1006.5	104.832
-297.727	552.262	-11.9836
1415.32	-873.019	-0.43316
-736.098	-959.197	11.0267
1474.22	329.602	-26.1951
724.283	668.716	-19.9001
733.742	-648.989	34.4956
-1442.61	1134.8	6.92821
554.469	-1485.1	22.9221
897.441	-990.884	75.65
146.454	620.062	-14.9949
-278.73	1060.09	-19.3677
781.918	352.044	-21.0393
-39.641	249.379	-13.8981
1405.85	-540.908	-11.7535
-624.714	673.137	-5.85487
-157.441	1314.95	-17.3429
1417.94	-972.016	9.55515
-1074.79	1131.21	-12.2019
-848.324	-536.023	-0.492474
-420.632	-114.085	54.282
0.0498472	-310.926	61.6925
-820.312	176.581	-2.33271
952.018	1175.09	-12.3741
-888.872	549.431	4.01976
-1112.82	21.0455	-7.52092
-1267.77	-1309.9	59.4245
-41.4202	703.679	-14.235
888.318	186.701	-21.7604
120.019	872.015	-17.9916
194.599	-526.219	29.3236
119.121	396.536	-14.5503
-1397.43	-1369.33	78.2846
-1180.09	1234.32	-12.2336
100.271	681.276	-15.3706
-83.995	1148.05	-18.2053
-438.718	-398.265	33.9468
1224.41	-449.48	-12.934
399.818	-619.353	50.9028
-1121.65	-1179.1	42.0872
1326.6	1430	-27.5033
996.961	1221.69	-15.6187
97.6594	152.393	-14.8256
285.946	742.582	-15.6174
427.486	-439.769	7.35824
-1295.3	-212.669	-5.42998
-964.082	516.741	3.85199
-1434.3	-531.814	6.5852
1192.82	-1071.33	67.4859
-545.385	8.41222	36.5177
-1334.62	21.2064	-8.64546
744.313	788.526	-19.4634
455.78	-949.636	108.305
-1480.38	-1047.27	22.8654
-414.81	851.033	-16.4564
1342.43	-1449.16	85.4558
1348.12	-138.188	-21.0545
-962.581	1017.47	-12.4187
1313.55	478.767	-20.6603
-685.477	-58.0433	5.79002
811.923	968.577	-17.1577
58.1296	-1140.19	74.1892
-814.262	197.321	-1.89314
533.757	-1449.94	24.1302
841.173	-120.254	-20.5424
-199.686	-672.405	102.611
1285.18	-659.768	-8.74691
-1308.3	465.213	36.9905
1042.24	-929.744	65.7633
-739.528	-436.917	0.519466
162.592	-1249.08	43.4991
241.787	-478.168	21.584
1187.05	-888.056	29.1875
-502.416	12.0602	46.0366
-913.31	-1285.99	38.8375
1149.03	879.421	-18.2089
-1382.75	713.25	8.91841
-640.07	-206.562	7.06149
671.172	-307.508	-8.7508
-1266.11	580.677	18.4638
890.84	550.61	-17.7848
25.3361	1441.58	-15.926
-210.323	-921.521	68.9024
946.248	400.494	-19.4356
820.426	-14.0937	-18.4915
-379.584	928.445	-17.9058
1347.49	-1151.65	83.0201
-170.032	-684.195	104.34
1115.05	-530.397	-7.4477
1305.76	-1114.01	75.4473
-19.161	1119.17	-17.7722
-289.154	-846.208	47.7789
251.653	1295.91	-15.951
-1476.66	-1325.86	77.4663
512.198	-16.4158	-11.3728
-1223.79	1228.34	-10.2371
-556.03	-1199.02	20.0936
1021.4	1089.72	-14.4928
-1444.4	1326.34	-6.54918
-1370.04	-75.9212	-6.68952
-242.041	542.32	-12.6628
917.915	-840.357	76.9065
213.746	-1386.08	34.2486
-1264.82	912.419	25.7896
1157.66	-1230.4	77.4128
1250.1	-1329.65	90.2897
-835.464	258.547	-8.24111
1142.62	-1269.96	77.5226
1008.93	-1226.01	66.0643
-286.471	-546.39	91.5163
-830.798	360.583	-9.49316
736.561	-851.495	84.2271
1031.4	-764.901	25.6036
-1337.26	-842.152	38.9637
620.324	52.6126	-14.2252
188.333	979.09	-20.3453
-304.962	1254.46	-18.424
930.729	107.633	-22.0247
1264.7	728.924	-19.0991
686.953	691.973	-20.9837
934.499	1488.17	-24.9815
300.166	-1417.39	30.5697
1352.83	-6.68505	-22.3975
-145.818	-254.62	62.4583
1457.48	603.047	-20.8244
109.569	-111.253	3.11387
-1445.13	-1400.28	94.5372
4.08427	-949.709	103.379
393.273	-783.047	101.448
1369.17	436.912	-22.5277
196.594	-1446.47	34.2583
-935.045	605.329	4.73134
324.927	1113.47	-19.2555
-1022.5	317.522	-6.75845
-435.087	1104.26	-19.3144
237.554	-726.229	72.812
767.69	-483.912	-2.75255
692.124	622.797	-19.8114
-16.3728	981.297	-16.5275
-524.364	-172.388	23.6846
369.493	131.96	-11.1662
1276.6	641.213	-21.2755
1110.78	275.352	-19.8821
1000.02	-59.3201	-21.2377
843.848	335.452	-20.7538
595.449	-957.88	94.1921
119.033	-1035.44	79.8158
1200.45	-945.303	38.4727
-252.876	-398.413	88.6543
-1186.51	-372.736	1.39495
1398.3	-954.515	9.68486
-184.105	1345.96	-17.1547
3.57433	143.28	-13.2911
-289.624	493.655	-12.514
789.042	207.991	-21.6428
-1356.5	-577.405	14.9508
-596.725	135.052	25.5542
369.315	202.295	-13.9734
-1166.85	1260.29	-13.598
527.665	-161.266	-7.57635
1055.78	-804.251	34.8781
-171.956	-382.311	93.1571
-990.941	-1078.13	39.5613
481.913	1254.06	-21.4127
1167.25	712.537	-17.5356
-386.009	-370.528	53.368
528.04	1405.97	-20.6405
738.342	1119.95	-20.5978
1077.24	-1448.47	42.7446
-79.1232	-261.372	58.405
-369.204	1053.48	-19.0128
-1209.01	998.119	10.9047
372.542	-585.719	38.666
106.777	-984.037	91.3188
490.256	-1101.88	55.9891
-349.752	-1188.13	39.8673
-1286.07	423.852	29.8475
-355.834	29.0065	38.3244
-101.18	166.811	-12.228
792.723	-556.516	0.103215
1428.34	192.511	-25.7546
624.98	1428.95	-23.6223
-18.6804	-513.459	82.2625
1468.12	742.081	-20.3054
72.7324	691.56	-15.2071
1346.49	-863.325	1.88585
520.64	-635.284	60.0468
-515.984	-308.749	13.7163
-1308.42	250.737	2.16013
542.615	-384.759	3.71756
1297.93	-253.279	-17.0678
-1402.09	793.268	9.80762
-1269.12	722.42	6.65101
-436.932	230.498	-0.89802
-190.827	-1374.6	64.5517
-701.755	-798.191	7.06054
-987.926	1254.44	-16.4584
-451.218	40.3035	39.6807
416.209	904.56	-15.8691
-258.853	1000.59	-18.0851
-1340.14	1123.06	1.51726
1231.23	-1361.07	86.7622
-311.358	315.573	-11.3093
1142.55	-1138.85	72.9581
1242.36	1470.32	-27.3628
241.365	-1113.61	58.0938
78.3872	-525.396	56.8461
1090.85	817.939	-19.0218
910.362	-51.7897	-20.435
-1006.29	900.022	6.21769
-1237.86	-126.465	-5.49
-313.195	1480.95	-16.7122
-986.641	-338.62	-2.36586
-843.432	1009.53	-14.2328
-166.928	1039.48	-18.5184
-931.185	-477.334	-0.620171
-239.101	285.277	-12.2165
-1167.02	-222.886	-4.58428
-656.505	-542.62	6.02756
1301.51	-1100.84	71.0221
855.012	-850.467	84.1983
-221.544	1415.04	-17.4352
957.89	877.6	-18.6105
-283.209	1350.12	-17.5315
-48.4832	-671.468	101.594
1439.44	-528.533	-12.0452
956.691	225.218	-20.7683
665.394	-1358.84	27.2693
166.06	1437.37	-15.1475
1346.62	-426.562	-14.5147
596.952	14.2212	-12.8228
673.453	-305.84	-8.97457
-108.617	1276.54	-17.968
1313.34	-398.404	-14.9121
-178.848	734.412	-12.0882
-110.417	1397.8	-17.8398
808.173	351.56	-20.9419
-155.675	-24.5504	16.3413
-754.98	-1243.47	26.4279
-665.6	-376.811	2.68681
-504.531	-1427.23	41.4232
-1048.64	-1130.82	35.6606
310.12	512.598	-16.2104
1462.35	-1247.05	93.7885
-723.571	374.459	-8.56426
1140.75	-545.762	-7.7112
-358.942	982.382	-18.1631
-1435.97	650.138	10.8452
-678.877	-637.682	4.34538
168.591	-945.497	93.9723
191.025	775.801	-16.3975
-875.519	-1389.54	38.5038
-229.38	-1020.97	70.3956
186.328	-1498.93	34.2081
-269.265	-1133.04	58.8755
-893.59	1006.58	-13.3895
-318.179	1411.17	-17.4364
1023.85	-1217.31	68.2707
-406.806	215.145	-0.107888
-1390.5	1105.12	7.14606
-648.921	980.495	-15.8817
-9.97561	-333.889	69.5356
-1275.22	-1453.06	92.0245
1364.41	-326.337	-16.8578
-221.012	-659.053	100.11
499.449	-1108.46	54.5636
-1362.54	925.586	32.5139
1298.19	-1464.13	77.2271
739.039	-1411.01	23.2072
479.304	-767.081	95.7428
51.4502	943.231	-17.2933
463.137	-1152.45	47.3789
-139.267	-527.22	110.576
400.05	-1022.49	84.2854
-1456.66	646.965	11.5935
1131.98	-1444.56	53.6504
182.281	-876.665	105.422
-1122.68	-411.228	1.25502
1477.88	-36.0474	-26.2785
-140.775	-1022.85	94.7031
1025.14	1479.86	-26.5436
-1470.3	1277.32	-5.26236
-293.49	314.559	-11.6138
1340.4	909.743	-18.9482
848.033	-521.159	-6.54276
1471.6	-1190.56	74.8881
1156.36	-200.276	-15.3131
-1207.63	223.746	-7.99386
458.904	1354.82	-19.3148
543.169	-715.782	82.0191
983.65	-1235.67	62.7584
-1313.78	-8.10381	-9.27967
770.239	997.026	-18.3371
-125.422	-880.169	86.4036
495.364	-1367.77	27.8917
-1326.5	482.465	38.7914
930.044	1435.44	-26.4129
-318.952	-1104.22	45.5659
491.727	107.469	-13.2828
-1072.72	-403.098	-0.150611
636.209	-934.45	96.5185
-590.042	-1087.78	14.7702
804.674	194.302	-21.772
414.765	367.658	-17.0412
713.961	1480.69	-25.9313
-455.836	-806.251	22.8502
288.692	1114.62	-19.0612
-1132.73	-1255.71	45.1667
152.428	396.413	-14.7232
-1000.2	-361.895	-2.39592
-375.652	181.034	4.5173
-20.4688	-1194.82	69.4474
-277.391	-651.493	81.5408
-78.1887	-612.763	107.41
-295.065	-479.952	85.3665
-1195.84	166.889	-9.83435
-704.368	-1286.21	32.2355
985.58	884.289	-18.7288
-556.46	-1071.43	16.6232
-501.49	1078.31	-18.8245
793.534	715.276	-18.4597
1433.93	1006.26	-22.1805
-848.736	317.148	-10.7905
-1054.03	528.767	7.25776
22.9554	-1097.86	89.0924
907.712	1454.19	-26.6175
-109.329	1074.93	-18.2989
-325.005	1241.79	-19.0006
631.454	1239.42	-22.0392
566.769	962.653	-16.8926
-2.19636	-315.273	63.3399
1052.74	-31.7797	-21.4461
-114.179	-1410.2	60.2397
-643.155	887.935	-12.5491
-340.302	-871.096	38.0456
908.645	-13.8447	-20.9729
327.51	-161.701	-5.10373
806.607	1158.55	-16.9148
-783.409	477.436	-1.97934
200.982	-69.7732	-3.64006
474.668	-438.014	8.96123
-1461.99	809.215	10.3244
-1378.3	-327.654	-3.13336
-1275.74	-927.246	46.2516
-818.637	1458.49	-15.9554
266.796	-248.719	1.13261
393.294	1075.9	-19.1138
-1147.93	1008.85	2.46474
1331.01	-1052.79	57.6306
480.602	-1495.93	22.7024
-493.629	1292.41	-18.3172
-1300.58	-645.879	21.6923
-611.05	300.707	-3.55891
180.703	1317.72	-15.3581
-335.643	-1361.41	44.6498
-999.025	-1246.13	45.5501
1454.85	318.617	-25.8145
-376.197	-115.69	59.1426
115.089	-1394.87	38.2253
-586.542	-1281.09	28.1988
-585.536	728.145	-5.17679
-85.2947	-231.507	50.8529
-529.21	-755.129	15.4075
728.773	713.588	-19.8529
-1096.2	-998.449	44.4278
1126.92	72.814	-20.9451
-785.343	1011.96	-14.9836
97.8033	199.055	-15.6197
1342.23	-793.348	-3.06724
-1126.72	1332.87	-14.3234
-438.144	-732.774	25.8748
-713.362	1429.91	-16.827
-419.206	1164.4	-19.4827
-241.49	-666.059	91.694
-1483.78	-563.537	7.8156
1021.37	-457.474	-8.54181
-146.264	846.232	-15.6035
460.432	1222.5	-21.939
-519.784	50.6818	39.4715
-1466.86	-718.848	16.8827
717.131	629.352	-19.4256
-1127.73	-1243.16	43.4969
40.3025	227.951	-14.4477
-666.125	-1276.13	29.3737
613.693	-559.288	29.2914
-813.559	-1445.93	45.453
-475.593	-1173.95	23.0172
977.52	572.851	-17.6496
-854.795	-1423.12	38.7709
-697.28	-460.981	2.58707
832.712	-43.8291	-18.9472
-420.953	-39.6722	55.2898
-651.201	590.912	-9.2827
92.1729	-676.542	72.9708
556.279	232.12	-19.6003
364.702	1080.81	-18.5652
794.168	-1410.45	23.3518
-1379.5	-1422.35	92.3919
-114.137	-650.168	110.501
953.793	-272.042	-16.1577
-865.743	-192.811	-6.4709
485.178	261.404	-19.2944
-435.904	-157.982	42.2549
-749.44	1244.51	-18.3662
398.767	-1494.52	24.7578
-148.868	-621.64	114.984
169.717	-707.357	66.0126
111.16	501.621	-13.3429
251.552	-1461.63	31.2615
658.871	1325.71	-22.2824
630.867	-125.552	-11.0025
568.141	1010.77	-17.9045
-49.9238	-540.044	94.1143
1423.66	-72.0904	-25.2032
-1368.84	1237.46	-6.2279
937.091	-419.612	-10.8247
835.073	141.767	-21.7331
-803.542	-99.1903	-5.77442
-1026.3	280.477	-8.5942
-486.489	-1335.99	29.1154
-1187.58	799.305	12.8607
387.399	852.55	-15.9525
-576.596	694.492	-6.09268
-483.766	949.403	-18.0391
789.237	-798.168	72.3717
-1446.73	-332.439	-1.02529
-663.92	117.929	18.0949
-995.884	1483.89	-14.9594
-1202.8	736.348	7.63242
-872.914	952.559	-7.05218
-716.59	165.466	11.3527
-501.43	-538.595	20.7869
-1280.42	338.441	14.0164
1117.48	-1236.08	73.507
737.037	-1311.64	27.6354
1457.81	1242.27	-23.0701
-1345.17	-671.917	25.189
1316.97	-968.747	26.7391
1318.06	5.8491	-21.443
249.663	-653.189	50.5926
915.424	-8.03229	-21.2563
776.286	763.703	-19.057
183.952	1113.46	-18.945
504.955	357.989	-18.4587
1007.97	247.922	-20.0017
1042.22	-998.502	63.3642
-975.474	159.075	-9.93664
-1133.52	-1111.31	42.07
-413.915	-1326.4	32.5443
-1456.61	-1055.33	29.001
-660.785	444.613	-7.58871
291.31	150.15	-12.1141
-1278.41	901.208	27.2678
-695.094	-1023.53	12.9819
917.561	755.689	-18.3185
-832.762	1159.4	-18.0305
-1067.05	874.92	14.2341
39.3617	146.3	-13.8646
426.8	-41.843	-10.2491
-439.636	-286.991	31.7924
474.412	425.142	-17.8278
775.466	1241.87	-19.1493
775.734	-303.584	-13.5291
625.617	519.963	-18.4963
1152.78	-179.444	-15.699
80.0044	952.027	-17.9547
-324.414	1037.75	-19.0592
1401.6	809.117	-18.9476
677.023	-941.391	93.5049
-1214.41	-58.7798	-6.69012
-417.12	-199.941	38.6332
-200.828	-726.529	87.5752
1464.64	-242.771	-20.1991
1298.15	-151.545	-19.3375
308.716	1263.9	-18.4197
-1056.53	520.47	7.46657
-850.034	-1489.88	44.4657
363.023	-1358.79	30.8115
691.159	-776.26	75.802
878.549	-673.939	18.2897
-816.286	-1166.52	28.6313
-692.822	242.097	2.87424
811.08	401.779	-20.4051
-64.62	-1342.24	57.9177
1007.96	581.881	-17.6127
132.135	-100.187	2.35863
-695.285	-810.104	7.00503
-1296.58	-888.998	45.1583
-1042.62	634.936	6.00358
358.002	-469.545	13.3883
1429.04	-1141.34	66.0621
-16.3314	-827.701	108.338
261.593	233.096	-14.8575
1444.52	-195.696	-21.2895
957.339	1384.61	-22.9112
750.537	1394.74	-24.7746
-1051.6	912.932	8.4607
-1227.07	1022.95	7.77303
-901.471	725.204	4.20004
-824.485	-285.281	-3.60268
-1109.52	-181.744	-5.3523
-630.304	-797.393	8.76992
935.022	-1177.1	61.9196
569.446	-1341.13	29.3233
677.412	700.678	-21.1856
1293.7	-175.896	-18.4042
-1456.5	1217.16	-1.59946
341.637	-251.053	-1.32381
-323.97	1383.89	-17.5593
1345.27	-551.682	-11.166
-1495.86	351.984	26.3995
-767.56	-931.866	12.0522
-461.11	849.357	-15.5941
407.423	742.666	-18.1181
149.528	1153.47	-18.9363
-1346.7	-448.992	0.974624
-883.834	470.627	-1.72541
-628.519	-1147.78	14.8992
543.343	-854.209	108.336
202.948	-554.037	32.0807
-1321.67	448.449	37.998
186.29	201.864	-14.9428
254.506	-611.396	40.5127
-988.442	-1270.66	47.4755
864.789	1180.27	-13.4102
-90.8897	-664.082	108.615
-135.484	838.869	-15.5571
334.328	-1384.36	30.602
-96.3748	950.646	-17.3006
-1433.47	918.459	25.488
-979.671	115.093	-9.89826
-501.862	306.179	-6.36552
-289.543	1212.91	-19.2965
-43.933	-511.543	89.275
-925.138	1482.88	-15.8434
-1298.29	-967.742	52.2901
273.198	868.217	-17.4549
944.067	-1220.52	57.094
1138.9	401.145	-19.0373
1381.24	-1074.68	54.6812
-9.91304	615.828	-12.8258
-433.76	-839.826	25.1874
-1238.05	-689.487	20.6876
776.772	715.413	-18.751
-735.888	-535.267	1.58765
-1150.33	626.539	7.62753
-1000.39	-1242.99	45.2784
-426.615	-930.978	26.3154
-429.831	144.398	16.6601
-361.935	-921.128	35.046
-1402.05	-263.095	-4.09732
958.756	503.265	-18.788
-691.51	-725.743	4.86805
833.592	901.103	-18.3068
928.42	-1384.63	32.8778
485.656	-483.417	18.6792
35.1007	111.015	-11.9095
1182.69	-1046.88	62.7614
-778.43	-697.842	3.8421
-368.111	-690.851	43.0243
1431.05	889.326	-20.1761
-1489.57	509.652	49.595
1081.28	-60.1554	-19.7598
1283.8	-640.47	-8.71312
859.277	449.809	-19.4749
1303.2	876.51	-18.1272
1368.57	-405.839	-14.4663
-1136.74	-1062.02	44.7248
743.051	-593.368	17.0761
-536.219	-23.4343	37.9116
1056.06	-476.702	-7.46054
1335.69	-1392.81	95.0936
-382.033	-526.548	50.1642
1458.96	-493.682	-12.3509
-1233.58	-180.861	-4.28614
20.1038	1159.67	-18.2194
0.935216	-1396.23	47.2629
-614.269	-1355.22	39.2541
-294.485	1333.63	-17.6529
366.792	1205.08	-21.1554
-641.295	1205.55	-16.8318
1483.62	-917.058	-3.19395
-679.224	1253.27	-17.3273
814.963	1389.16	-23.9466
-903.024	-564.711	2.70999
-232.868	-982.212	66.9653
-899.567	-492.286	-1.25709
1288.04	696.862	-20.2599
-36.458	769.654	-15.6238
1435.13	876.31	-20.0183
-42.99	1493.6	-16.5521
-875.393	-514.114	-0.865924
1386.92	839.367	-18.999
129.07	-375.405	36.4454
1047.8	-609.887	-2.20279
-1321.79	251.078	3.35386
-803.044	763.079	5.89049
558.13	-818.124	100.45
15.406	-947.345	102.936
457.245	603.788	-18.3513
442.928	-639.17	60.6374
27.0033	-625.596	81.781
-1370.02	-1387.8	82.2558
-1051.11	-1266.69	50.0334
-880.539	-909.425	19.0629
756.146	-299.961	-12.9503
-1159.68	712.232	6.9841
859.559	1253.01	-15.3616
-214.589	204.426	-9.33594
64.3795	-1294.38	45.6599
380.513	641.517	-16.6258
-39.3549	1422.3	-17.0034
-813.644	-792.246	8.23979
-845.819	-1077.4	25.2848
-773.04	1467.75	-15.7488
15.5037	924.211	-16.5383
564.65	1060.57	-19.5123
12.6624	303.128	-13.5964
102.155	941.467	-18.3985
481.278	1007.22	-17.9854
22.6555	872.301	-16.6572
687.921	1491.66	-25.5708
-28.8097	690.304	-14.3626
914.163	-1246.6	47.5426
204.124	440.32	-15.0862
-468.316	-1241.56	25.3343
-1051.44	-1444.03	66.0959
-202.665	-856.95	68.5764
842.445	1485.76	-24.9204
-330.507	-350.008	73.8869
-401.994	-356.521	47.4735
759.777	325.41	-21.5547
137.393	869.122	-17.8556
960.942	1434.33	-26.1653
861.368	727.014	-17.8696
1344.62	1030.1	-20.6108
623.72	-246.352	-8.95868
1482.27	345.25	-26.1271
959.119	198.53	-20.9855
611.777	1331.03	-22.3227
1363.04	630.909	-20.3448
-652.942	-37.7513	13.6496
459.405	187.273	-15.7358
-49.8578	-1125.93	90.5324
-855.512	1361.97	-17.1942
195.432	-273.977	12.2472
-1415.41	-747.433	28.8582
428.433	-1390.64	27.5823
953.011	234.238	-20.6479
-1031.19	-9.96069	-7.53912
-704.307	-174.32	-1.00995
1289.27	711.116	-20.0135
598.181	-94.6423	-10.4333
905.915	-1499.36	22.2696
-364.792	1081.85	-19.4896
313.021	-882.762	117.531
314.561	-615.171	40.9927
1273.16	-66.7904	-19.5345
591.038	541.143	-18.5706
-927.532	-1140.54	36.5173
-43.3915	909.579	-16.7652
81.0393	-143.585	11.818
-271.569	1133.3	-19.6641
136.457	99.7846	-12.4333
-315.893	-313.684	76.1378
877.791	-631.09	8.71995
-507.812	560.972	-13.118
-31.8379	-247.749	50.244
541.218	204.667	-18.1879
200.465	-1124.99	57.1042
-999.412	-981.189	39.6272
238.12	809.425	-15.8585
-450.524	-364.915	29.588
-642.722	-1209.02	20.4159
1381.44	7.45897	-23.5206
-539.836	-207.912	19.5509
550.967	345.586	-19.023
-1383.96	1436.04	-8.10524
-322.867	1413.22	-17.4229
-212.267	1160.42	-18.594
-207.747	-722.342	87.1832
1210.13	1039.44	-18.9009
94.5432	167.167	-15.5923
-1202.21	427.622	17.3204
-77.105	-309.035	71.8756
-1311.05	-537.996	9.47772
-1242.25	-492.101	8.37173
1377.26	952.935	-19.8774
-1266.19	-39.5823	-8.10523
-1381.79	663.935	10.567
-431.384	-76.167	54.4013
-271.904	270.37	-11.3974
-46.5248	-1478.54	48.2453
-366.933	511.639	-12.2957
-1178.89	947.019	14.8963
-1484.79	-31.2258	-1.8869
-1361.36	-1090.75	50.1065
-1021.54	-651.857	12.4073
533.504	-1192.52	38.8785
994.723	-362.65	-12.6884
-1014.52	-1054.22	41.1343
254.811	1004.23	-18.705
1325.32	-91.2926	-21.9377
405.072	-89.5813	-8.55998
-241.726	-347.041	84.1531
-709.022	494.483	-4.71707
1339.42	-687.874	-7.00915
-575.742	775.813	-8.35909
1030.03	469.912	-19.0544
-710.222	-796.913	7.01738
-529.209	967.458	-17.4839
-12.195	395.885	-13.5495
551.536	-1493.82	22.6272
1300.91	-123.92	-20.2326
-1320.32	628.39	12.1824
-986.231	-1336.71	50.3686
1301.17	-1470.1	75.5843
-1334.06	1001.3	25.1406
968.685	21.9252	-22.4225
857.328	-1014.1	73.7048
-659.285	-382.146	3.03591
-276.15	44.7407	27.6199
-133.012	5.74256	8.45818
1298.11	-475.964	-13.2321
-846.263	1492.73	-15.6438
737.521	-346.114	-9.65386
67.0756	788.352	-16.7092
-1005.38	93.8241	-9.98352
539.57	-497.901	22.9006
-696.998	932.337	-12.9557
1424.62	447.54	-23.9543
1059.27	-147.211	-17.3854
1336.13	545.17	-20.9449
1414.9	769.849	-19.4075
-1239.16	886.31	20.9801
-620.896	849.524	-9.58711
-1039.37	-841.683	24.5705
1002.12	-938.824	70.5244
-1049.31	62.5566	-9.03436
291.43	1345.49	-15.1405
-1402.32	-235.889	-4.53777
-1403.87	1.39225	-5.79747
669.555	774.962	-19.3939
1289.39	-1368.18	92.99
-763.363	1020.8	-15.5131
687.71	1383.4	-24.3066
-431.134	915.434	-18.0397
-712.066	-964.668	10.202
-1319.41	294.246	9.2153
442.093	-431.222	6.37778
897.141	1174.07	-12.0138
1200.43	-98.0737	-17.4872
-814.311	749.497	5.86684
95.4347	-1395.91	39.0271
-1176.43	555.427	13.2261
534.361	-865.789	110.096
-1374.99	-491.446	4.57931
788.827	410.524	-20.4217
-688.139	-1491.48	57.5379
-304.099	-398.852	85.8237
515.205	-942.41	106.48
1232.23	-864.576	15.1724
-722.701	-1290.26	33.2564
-923.433	-314.497	-2.49062
854.341	-1336.48	30.8429
742.33	1366.23	-23.398
357.675	207.949	-13.9038
-855.643	-381.45	-1.75606
1120.64	-1184.98	73.9708
1133.31	-260.576	-14.0106
763.016	-553.369	4.76296
1476.44	1480.05	-23.9697
1486.53	1283.07	-25.0471
-274.581	-9.62082	38.2324
-342.857	-661.048	56.062
40.2516	-496.002	65.5928
934.209	113.415	-21.9945
700.054	918.482	-16.0462
56.6367	637.669	-13.8756
693.379	-8.18712	-14.6152
-586.474	-916.076	12.8472
-1493.75	-1360.53	90.1359
110.109	728.778	-16.4236
52.1579	-1284.88	48.2494
-1445.94	1288.91	-5.90629
1402.8	-1176.91	81.3943
1100.9	-1223.25	73.5187
-1254.48	1378.99	-10.9225
607.143	-248.481	-7.88319
-1332.09	370.796	26.0627
-249.587	1144.59	-19.4535
1355.35	-929.662	9.49571
-899.775	-846.539	17.2393
949.98	-1057	68.1285
-1401.1	-1054.76	42.3412
1260.44	1432.13	-27.7618
-373.573	-1317.55	38.0939
49.2187	953.689	-17.286
-478.735	99.9228	28.9566
-941.581	1154.8	-15.9387
651.377	-299.368	-8.12371
-1355.06	-539.675	10.1805
373.758	1361.59	-17.7332
1015.87	-478.293	-7.81667
-1059.46	1427.38	-14.0716
633.435	-554.532	27.0442
-1073.45	977.551	1.10939
508.379	-1375.67	27.4161
-758.521	-811.82	7.59744
768.451	-483.303	-2.93194
-556.307	-966.297	15.106
540.666	1126.1	-21.6468
509.043	-896.877	111.732
211.185	989.284	-19.7619
338.511	1104.16	-19.0635
1408	-1412.37	92.4371
-1102.32	-332.651	-2.18697
-758.523	-758.042	5.6163
819.278	-1473.66	21.15
1276.78	-921.421	20.2207
-294.865	1070.57	-19.6669
-1417.53	1418.99	-7.47425
1173.02	-1281.31	80.6156
-512.652	-926.333	18.4673
1002.49	-1288.31	58.8128
1396.56	-1004.61	24.8795
478.257	-45.8653	-10.541
-546.424	1203.68	-17.741
-988.907	-201.839	-5.97155
1222.98	970.26	-18.9132
-73.446	872.733	-17.097
-486.976	1022.29	-18.3466
-491.081	1390.47	-18.3671
-608.848	748.084	-4.23431
-906.8	1490.56	-15.9788
-1462.28	-1422.29	104.317
1340.44	575.813	-21.3039
-761.764	171.711	4.58349
882.756	1166.3	-12.3302
259.024	928.795	-18.7127
39.0564	-386.376	65.1607
-1121.22	1344.89	-14.3456
1179.44	328.206	-20.1237
1448.1	-1253.69	96.3584
917.727	990.16	-15.2887
903.193	-1007.3	73.7082
-515.723	236.239	3.30458
-400.81	-9.93584	50.085
-416.892	-1293.52	30.8867
462.358	-949.118	108.281
564.518	266.355	-20.1302
1332.14	1362.51	-26.6896
-870.935	1480.49	-15.845
914.139	1494.1	-24.5295
148.075	-1340.64	37.5958
-982.198	401.526	-1.9559
192.892	961.635	-20.1455
78.5741	-53.1394	-0.17839
-202.319	-1009.75	77.9542
-794.658	-41.9064	-3.32217
369.679	709.902	-17.2928
-15.156	-171.977	27.1487
-559.827	-154.664	20.7631
-792.378	-1173.71	26.3166
-1044.94	1312.53	-16.087
-731.151	-25.2603	2.17938
487.594	-738.445	89.0851
-543.779	-1218.78	21.8266
1095.38	1285.22	-19.789
658.926	1058.4	-19.752
-165.448	-879.723	77.2077
1387.2	-968.092	13.4759
-1474.82	560.078	36.5294
1408	-729.83	-6.65012
349.247	-1219.99	40.737
-178.702	839.869	-14.8497
-638.564	-1116.51	13.4461
1030.54	-1462.51	33.1533
-1230.15	517.778	21.4036
343.079	-687.436	64.5264
-716.783	-1390.64	48.1669
-998.309	-1261.06	47.1074
-565.994	993.522	-17.0885
-23.8592	-186.206	30.9835
118.407	-1173.55	59.0058
-63.065	468.245	-12.8294
1021.52	-977.23	67.1972
567.448	931.135	-16.2351
-351.856	986.169	-18.1438
540.329	-1302.36	31.3064
-1368.25	347.739	23.0247
-1361.86	-1193.28	49.3273
-81.1507	75.38	-2.67214
624.275	-1076	61.5673
-1204.78	1312.67	-12.3836
202.28	982.61	-20.013
465.888	951.752	-16.4046
-494.754	-1117.66	20.2006
-167.835	-1059.38	89.2725
799.54	-194.977	-18.2978
228.814	-902.121	105.492
-144.194	-418.811	93.8834
1418.36	-528.335	-11.955
-151.281	1096.04	-18.5928
-1185.92	-660.429	13.6314
-125.864	-379.822	87.7255
687.905	-1386.1	25.3924
1357.26	-369.362	-15.0491
-371.247	-525.437	55.5824
-110.059	-1134.04	93.6896
355.223	232.383	-14.8607
-749.863	1335.66	-18.4897
-214.381	-983.884	72.7127
1026.81	-951.119	67.4453
-1345.23	-550.336	11.3939
870.253	-19.3148	-19.7979
-610.469	-378.202	5.68322
1270.65	-1244.16	91.0253
1192.17	557.894	-19.3488
-777.733	-10.7681	-1.27805
-583.342	1428.04	-17.5843
-925.504	126.851	-9.18768
1031.04	798.609	-19.2458
-907.083	124.82	-8.94464
958.246	-41.9596	-21.6709
-981.425	-705.801	14.7822
425.981	-1256.58	34.273
-622.831	965.09	-15.9706
1139.51	1281.63	-19.4293
390.854	-497.48	17.5017
-309.331	-874.024	42.7322
-733.577	-459.403	1.02224
-635.004	-892.376	11.923
-540.451	273.168	-0.569407
871.88	493.978	-18.9604
944.187	-1259.18	51.1077
272.266	-355.92	7.08417
-754.521	-1295.8	33.9415
916.75	-1433.36	27.2805
400.204	262.374	-17.1542
1084.16	358.209	-18.406
1367.08	1439.61	-27.1454
64.9193	1477.24	-15.8741
-28.8786	-558.495	90.0081
162.43	394.928	-14.7771
835.907	611.984	-17.4417
-461.669	55.2341	36.1834
-354.574	-429.276	66.5934
1042.13	-967.089	65.2489
-335.704	-231.374	58.251
337.715	230.773	-14.3332
862.825	28.2177	-20.3322
-1486.5	1025.12	19.9177
1343.42	780.735	-18.7676
-611.097	-868.054	11.9369
-1494.99	1361.16	-6.01274
924.106	-723.667	29.8238
-208.998	950.723	-17.3809
-794.894	-217.081	-5.47786
1295.73	-1403.35	91.024
-1038.17	-1374.13	59.6896
430.306	524.153	-18.0874
1235.04	873.165	-17.8434
1236.99	504.07	-19.93
-1452.96	-535.321	6.10846
-511.687	-666.013	16.052
-1102.45	-894.379	33.2332
-1023.52	-312.326	-2.89934
537.244	234.448	-19.4066
-394.493	-156.595	52.4671
-933.665	-1408.51	44.3758
-378.727	644.93	-10.0406
-592.28	-185.543	13.3114
-169.521	-12.7783	17.1731
-938.876	1029.07	-13.4098
-1007.38	949.615	-0.713678
534.877	-997.486	88.4127
1374.37	166.379	-24.3669
-739.879	-1161.75	20.7843
66.5273	-1092.42	83.675
456.971	-324.983	-1.60984
1198.41	-662.501	-6.85165
663.523	-312.079	-7.97293
1291.22	-864.197	6.48674
1157.79	-188.607	-15.5387
785.742	141.745	-21.0126
178.86	-1113.46	58.7073
502.717	409.73	-18.3012
1248.99	-366.281	-15.1357
218.701	-453.262	20.7439
-167.122	-574.475	120.036
-1452.9	-642.407	15.2861
533.085	-323.488	-0.92223
1028.26	302.361	-18.5226
1000.27	-495.396	-7.24057
1288.27	1446.94	-27.382
-304.629	-1388.64	50.1635
599.031	-118.23	-9.4563
-138.925	571.216	-13.1521
-101.482	813.148	-15.3145
286.173	-498.836	20.3445
493.827	-911.592	111.941
217.46	1213.41	-17.9642
180.691	-1233.1	44.2821
-1396.29	-945.906	37.7861
365.223	-768.295	95.2596
353.559	570.617	-16.4864
328.817	27.646	-8.93283
115.882	1083.2	-17.7373
776.316	-460.121	-4.64559
611.96	-1060.53	66.1921
-39.8561	-494.576	86.2478
-1476.68	-553.269	7.51162
-917.944	1428	-15.9707
997.158	-293.277	-15.4536
1138.32	-151.68	-16.4854
-661.98	-831.482	8.81676
353.639	-367.573	3.80613
635.791	-137.428	-11.0694
-1242.71	848.976	22.5797
952.017	-1255.35	53.3718
-300.998	1142.38	-19.9605
990.067	1377.88	-22.6153
23.4472	-1477.16	43.5734
1383.43	-554.518	-11.4278
20.7407	-743.701	98.0484
124.552	1266.25	-17.5765
-519.53	148.636	21.2333
-1459.12	1373.44	-6.662
-741.672	1094.81	-17.8207
1054.34	906.942	-18.6626
-377.667	1071.38	-19.2396
856.936	-1124.22	55.7869
-523.512	-1255.98	24.5467
-515.014	1201.36	-18.2651
1038.46	799.062	-19.2643
-1391.75	462.245	45.423
1470.44	298.815	-26.7556
1062.63	-150.881	-17.1915
1435.08	1082.61	-21.6534
604.9	-843.598	95.4563
739.025	422.412	-19.8495
-1158.06	-470.627	4.38801
-1315.77	-203.11	-6.02121
698.162	1411.81	-24.9891
-865.044	698.452	4.67335
-826.379	-886.845	12.9853
-1216.62	443.433	20.2478
-1044.24	520.124	6.94344
-863.259	-874.085	15.1903
976.933	318.936	-18.953
-143.547	-1156.43	87.3881
682.959	-180.705	-14.4889
-68.4617	1014.29	-17.2438
1101.8	680.169	-17.1856
584.95	-462.75	14.464
-1129.46	-1157.64	42.2193
912.957	371.626	-19.5389
638.946	-1367.29	27.8466
-932.295	-302.605	-2.88281
-174.055	-635.373	110.813
-847.635	1233.17	-18.4037
1372.45	1206.15	-21.2505
-1024.29	213.225	-10.6645
-286.468	39.5201	30.4274
-488.951	1346.78	-18.6216
13.6911	-1043.68	101.746
12.6884	-296.596	55.1588
-271.898	-1440.37	53.2681
893.785	-560.017	-4.09437
247.597	-1283.74	37.5962
-185.782	1064.99	-18.7697
-778.401	-855.364	9.22866
1257.36	1184.72	-19.7453
-890.689	1380.69	-16.4933
242.528	-22.9928	-6.35872
-498.108	-190.624	25.3738
-292.915	1359.22	-17.5342
-995.927	902.672	4.84793
316.7	-855.392	114.302
1367.8	-108.194	-22.5751
1467.16	-1373.43	89.9125
1258.93	62.5017	-20.1957
721.64	-273.796	-13.0713
-1194.88	1305.4	-12.6489
-951.045	-383.167	-2.0805
681.525	79.701	-16.3946
1145.99	-1215.69	75.5912
-352.464	-382.058	66.6625
-822.49	1368.76	-17.5981
85.5502	-577.291	58.8457
1101.17	-979.519	58.2053
-1463.74	-1171.76	40.4623
403.213	-404.875	5.0952
-1382.98	160.094	-4.62574
-1185.02	-560.382	8.65897
1205.23	1237.89	-19.0462
-165.209	173.277	-9.33328
-215.58	638.92	-12.259
918.942	-313.618	-14.8146
-354.531	991.215	-18.1844
-66.2998	1022.07	-17.1748
991.773	-121.343	-19.7016
1211.61	340.088	-20.1274
610.439	1481.43	-24.7397
-17.7084	1314.17	-18.4786
652.587	-777.652	80.4484
-1260.39	752.344	8.32304
147.103	-1264.55	42.5804
394.559	1154.08	-21.2576
595.063	1053.02	-19.1453
281.873	-83.1787	-7.00229
587.794	-510.409	23.3527
-1088.92	478.526	9.94835
696.161	-1335.45	26.8527
130.878	-1323.3	38.5354
-350.785	-283.714	60.8181
-1486.14	-116.92	-0.890293
-1090.07	112.456	-10.7263
1079.82	575.991	-18.166
778.541	86.7917	-19.1984
150.078	229.761	-14.4489
73.1755	135.876	-13.6471
1196.36	228.619	-21.824
329.279	-1119.35	58.6834
737.677	98.1911	-18.381
-337.762	-435.17	74.1567
-998.33	1487.1	-14.9213
467.616	292.709	-18.5046
-513.124	-785.942	16.846
-504.252	-663.415	16.6464
-1201.29	1087.29	-1.94827
-917.424	329.423	-9.65627
701.045	202.703	-21.1958
839.442	-975.624	79.1596
1165.97	297.216	-20.3094
-1203.33	1339.9	-12.2816
-302.176	424.986	-13.3989
1011.35	-673.944	7.74205
-322.912	-451.367	80.5183
-552.341	1366.73	-18.4141
-1406.76	-817.12	34.0454
-1468.5	583.42	27.5181
-1413.95	-1129.07	43.6966
1386.9	-1197.71	90.5915
-1352.87	-209.714	-5.61226
286.542	947.98	-18.1414
-508.205	-404.194	19.0841
-1248.52	799.894	12.547
743.575	-771.1	68.2479
-1062.63	1080.05	-11.1477
-650.156	769.804	-1.88754
-934.652	-562.225	4.01986
-852.361	346.642	-10.0682
-970.29	669.768	4.33595
-935.375	-842.115	21.2228
-885.958	-917.73	20.1106
1401.03	466.991	-22.7635
-66.504	16.5376	0.980556
786.946	635.35	-18.0371
-325.014	1121.97	-19.8975
1132.4	952.874	-18.0573
-882.704	-642.797	6.20379
922.743	224.867	-21.0804
-551.858	60.8514	35.6893
1483.36	-137.166	-22.7063
-778.003	238.606	-2.24563
710.767	-167.751	-17.4108
-1383.45	1163.9	-1.91971
-843.817	1096.06	-17.8619
-582.746	-885.675	13.5789
-828.062	-1480.21	46.3079
-958.541	-248.054	-4.67829
106.472	816.359	-17.2253
543.641	-784.513	95.1854
1337.04	-877.033	3.87867
626.786	1498.98	-25.4507
-506.438	-1056.43	19.359
-382.914	-1381.89	37.5312
1269.37	1285.15	-21.4562
672.643	-1111.59	51.0464
1388.01	1319.07	-24.969
86.1573	-1441.22	39.8573
-417.392	-1455	48.5097
1212.88	995.76	-18.9725
-1233.61	-1169.75	46.3646
-764.551	416.493	-8.0242
-1114.02	-363.43	-0.677556
1005.54	-469.582	-8.24928
-678.016	591.775	-7.30514
-84.4167	-661.624	109.01
-180.879	261.542	-12.7304
-1299.91	1145.41	-0.726278
1055.68	-253.776	-14.8363
1287.02	1416.65	-27.7817
6.2959	-480.367	74.3858
-1435.87	-200.879	-3.85113
511.467	-481.96	19.3267
963.21	-1271.95	53.1758
1304.5	-1258.21	95.7742
1265.08	1447.31	-27.5267
125.415	1012.7	-18.6661
877.935	-105.879	-20.1912
-549.656	609.938	-11.6624
-1239.28	607.322	12.0816
-552.275	-27.6074	33.9433
-987.422	-564.935	4.95692
-1431.13	474.458	48.45
245.567	-910.689	106.81
409.725	23.3807	-11.7597
-128.404	657.977	-12.5914
-1428.25	-505.482	4.70737
-927.539	1373.19	-16.138
-362.71	115.584	16.2747
224.311	206.301	-14.6805
1121.12	1087.24	-17.2161
1429.17	-580.35	-10.979
-118.896	1103.9	-18.3562
279.8	314.982	-15.1507
1106.44	1340.92	-22.425
1026.98	1429.12	-25.6208
1458.17	-463.059	-12.9916
631.812	-446.296	8.18611
-399.183	819.609	-14.4382
1402.64	-1269.74	100.615
1341.91	-623.359	-9.02047
1318.5	-444.26	-14.3687
1335.13	790.763	-18.4582
-1360.31	-1107.08	49.9583
-437.107	90.6282	26.9906
927.542	-340.154	-13.7189
533.29	371.316	-18.8428
-390.552	-479.822	48.4607
938.222	610.926	-16.8864
-1118.47	668.901	6.46377
-759.377	-1094.05	18.5736
-798.501	-462.2	-1.48881
1379.94	-693.353	-6.83279
1392.24	740.685	-19.709
-1424.72	-615.255	18.8471
-1016.77	-1210.68	42.9565
1007.21	604.299	-17.3591
-227.899	-336.277	83.8286
1051.43	882.071	-19.0924
-460.437	-945.874	23.3856
-1378.41	575.127	27.0573
-47.8071	-408.708	83.1712
579.718	715.301	-21.1558
1400.35	-886.782	1.1664
-115.34	-765.897	98.367
46.1663	-758.967	97.4435
993.636	1357.4	-21.3279
957.751	1307.06	-17.8048
731.506	436.938	-19.6222
-1458.46	1458.17	-6.90577
575.438	1187.73	-22.2704
-741.807	368.828	-8.80256
12.1199	1150.35	-18.095
-1105.36	-1193.4	41.0384
-966.936	-115.292	-8.18797
-107.718	-1084.19	99.9746
1073.3	1180.71	-17.4759
407.146	910.355	-15.9246
574.953	-577.56	39.1247
595.064	-768.47	87.7437
-400.507	-1352.84	35.3003
1153.76	-1177.47	75.3731
-471.035	360.078	-9.55691
45.4537	1267.16	-18.7059
566.812	-1059.34	65.6765
-1056.3	-1379.58	62.3814
1306.01	949.662	-19.1919
-927.738	397.93	-4.55911
-649.145	123.007	20.4209
-788.708	-1166.5	25.701
-341.721	-1136.9	40.6686
298.916	-1097.04	62.2786
1047.15	-1213.61	70.8759
-1144.77	1406.82	-13.3045
1290.88	-46.7172	-20.2469
710.372	-629.157	33.1219
779.954	1119.89	-18.4465
755.529	-652.84	31.6518
594.144	326.581	-19.5763
1357.45	44.8993	-22.6246
-90.3347	-836.4	97.2789
904.504	705.468	-17.4661
204.827	554.715	-14.7295
-31.4562	487.386	-12.3219
1103.59	421.793	-18.3858
-94.388	-1142.7	89.6936
-794.906	-121.896	-5.3257
-1334.97	601.546	18.4076
-131.958	-1414.46	60.5599
-595.93	409.67	-8.93849
-713.467	-157.628	-1.67805
-1311.28	-24.3228	-9.17609
-1055.02	995.894	-2.99781
1005.28	-1254.92	63.2489
-747.182	-1110	18.796
-1023.4	-1352.31	56.5515
309.051	-265.828	0.729335
233.328	115.604	-12.1353
-177.046	1225.89	-17.7684
-179.255	109.929	-0.760546
951.568	-706.539	19.225
-172.102	1057.65	-18.7036
-824.981	304.884	-10.1872
-924.12	1040.39	-14.1679
-639.703	-545.286	6.98289
-1332.28	-86.3455	-7.96931
-1261.68	-513.888	9.27941
942.581	406.43	-19.3551
1075.66	-552.25	-5.30465
572.475	-1212.34	37.4735
1136.19	477.784	-18.7692
-1081.71	1080.31	-10.4253
-922.377	-230.045	-5.25996
576.146	-1314.22	30.91
977.941	-215.887	-17.5552
108.527	-473.096	44.7738
116.365	1193.2	-18.4708
241.558	418.225	-16.1232
-438.059	-1352.41	32.4407
1445.12	1394.27	-27.108
-409.478	900.881	-17.8795
967.426	352.802	-18.6409
1030.13	1080.87	-14.9319
-298.681	-1010.98	49.1675
1017.38	217.408	-20.38
-320.784	59.3563	28.6761
1306.88	-461.789	-13.7892
192.509	692.878	-16.3627
-714.247	-780.388	6.40439
-1265.51	-360.214	-1.08706
-111.008	-504.506	102.098
-499.567	-1134.15	20.0918
-365.689	-495.795	59.0756
-1498.25	-901.521	14.3688
426.024	-1231.13	36.6573
-72.6581	-627.27	106.431
-353.284	-727.271	43.8377
992.796	1143.54	-13.499
-1153.69	613.906	8.40327
711.02	-56.0864	-16.0535
1352.54	-628.962	-8.6822
1002.68	-1367.24	45.1759
-3.69241	1088.94	-16.5996
727.849	1015.44	-18.7209
-674.413	1042.82	-17.0111
-539.814	1448.08	-17.6905
1101.9	-423.094	-8.97059
-1017.31	-583.959	6.27606
399.606	-241.094	-3.76919
-1385.49	1394.89	-8.11514
836.306	436.204	-20.1932
-1044.22	-1006.3	44.0101
-1293.6	17.7686	-9.86772
-334.814	-426.033	75.8028
-1268.17	1094.71	2.76156
1483.79	544.043	-24.6562
329.621	-1452.53	27.9546
989.74	-861.393	71.4755
-1016.65	-378.59	-2.29212
1219.09	-285.356	-14.5025
-1434.3	-521.978	5.11993
1095.66	263.957	-19.8217
1343.85	243.354	-24.1104
433.651	-903.688	117.201
666.771	-319.094	-7.68175
1241.43	-825.175	6.63049
-1338.82	-816.802	41.1524
1165.16	-384.059	-12.1975
815.164	-446.24	-8.96099
975.212	-302.753	-15.1653
-1085.15	-628.025	9.21388
-349.931	458.705	-12.978
1202.24	1424.69	-27.5088
-749.502	605.559	-0.263186
-1227.95	-375.33	0.619473
1282.75	-794.85	-1.70529
-612.584	-805.391	9.79369
-994.329	1132.15	-14.2708
169.038	1409.21	-14.9132
1349.99	502.168	-20.8737
-949.773	-218.739	-5.63749
738.524	1463.19	-26.5537
948.03	85.54	-22.1527
-244.321	222.195	-9.68301
472.928	-1283.91	32.2755
238.368	-351.9	9.62196
-229.152	877.988	-15.4546
-167.249	690.459	-11.7575
695.716	-1226.55	34.3022
914.885	970.814	-16.0863
176.114	-581.981	38.8544
-211.293	-541.714	117.85
-640.323	293.831	-2.90303
-212.574	-194.283	56.7901
445.539	212.858	-16.5313
741.353	-764.652	67.0136
207.816	215.492	-14.8808
1307.38	799.418	-18.018
-26.2418	-388.28	80.5927
1479.48	1276.55	-24.7106
589.207	-941.19	99.7759
-899.186	1328.32	-16.9711
742.732	-369.79	-8.25684
-926.834	-1151.53	36.732
-851.371	633.399	2.10428
1213.72	-1417.42	76.6936
1216.02	463.303	-19.5994
-1321.16	720.993	6.66066
779.787	158.265	-21.2385
656.293	877.266	-16.1545
-466.885	-406.557	27.469
-240.582	-1004.01	66.3855
-1047.47	-1225.29	45.419
1203.34	-339.452	-13.655
779.807	-873.664	86.4434
695.342	847.662	-17.6491
264.346	-518.663	23.8502
-93.0726	-848.399	95.6806
831.264	1317.98	-19.1249
780.63	-1172.88	41.2318
-1190.5	846.369	20.4175
1377.52	-25.461	-23.6359
400.709	-1474.59	25.0714
-528.009	-170.917	23.3316
97.6426	527.791	-12.5777
-170.829	-511.965	113.499
757.786	-147.701	-19.9638
1367.61	115.773	-24.049
1044.32	974.351	-17.0703
-1079.83	954.719	4.73683
755.977	-1050.85	67.3088
431.822	-1019.05	83.6826
-1128.04	-964.925	42.3517
-1129.45	-591.141	7.14935
702.606	741.254	-20.4423
-418.689	969.462	-18.4239
1300.06	-1232.2	94.4179
-567.379	472.781	-10.6122
-579.658	-850.36	12.4551
388.96	427.138	-17.0394
1395.7	927.722	-20.0033
1126.28	811.301	-18.6893
648.097	-1449.99	24.0706
1303.51	186.176	-23.3371
725.409	1032.26	-19.2444
-301.866	736.439	-11.5355
592.157	-1118.16	50.9351
621.958	-1389.48	26.5098
483.506	-305.649	-2.35433
912.581	835.758	-19.0293
-532.416	-986.69	17.2
-1251.79	660.143	7.58858
2.06391	-7.52589	-1.04852
546.673	-437.413	9.9964
-1221.64	1326.58	-11.9237
-473.181	1079.37	-18.9244
-1482.37	486.87	51.176
466.156	-1318.64	30.5327
1224.6	111.336	-21.1624
-120.801	1246.48	-18.1042
-1133.14	961.13	8.90991
532.332	-1365.58	27.8114
-79.5462	1206.2	-18.5018
843.291	743.732	-18.291
-1224.93	607.085	11.6576
124.149	252.095	-14.1411
-403.416	-322.544	46.1943
813.569	-1012.82	74.2412
311.522	146.286	-11.4848
7.60999	1237.15	-18.936
338.294	545.731	-16.3002
747.941	-855.403	84.4487
-1461.09	438.075	50.8678
-499.85	-479.989	21.2199
90.4693	-1239.85	50.9528
1002.83	1294.01	-18.6813
437.505	426.668	-17.3987
333.637	770.909	-15.2069
1020.91	1490.25	-26.2126
293.009	-582.768	32.7595
904.858	-952.386	78.2325
1004.68	-1394.86	39.752
335.876	-1408.54	29.6674
31.2435	618.904	-13.2077
-1163.3	-51.1413	-5.24574
126.041	-806.201	98.5015
1036.47	-1486.74	31.2051
-677.097	665.329	-4.35792
-108.133	-109.646	23.1033
556.92	-531.953	29.5584
995.016	23.775	-22.5097
1254.76	-70.1406	-18.7009
1323.7	465.682	-20.7921
84.411	-44.2146	-0.73177
1202.37	-572.924	-8.79418
-187.253	484.814	-15.2365
510.735	988.533	-17.6066
-77.0405	216.912	-13.7289
-81.9201	909.121	-17.2788
-671.406	1482.13	-16.2547
-571.833	-697.802	11.5143
-1111.7	-487.167	3.36914
-1278.38	-1397.21	80.776
-951.706	-1227.98	42.1164
160.34	-310.286	20.6818
964.59	-661.739	8.9416
-816.499	-1304	31.7027
24.9846	139.676	-13.3491
1029.6	-1323.45	56.8108
1165.89	881.463	-18.0125
-1104.51	-1314.19	54.5502
-439.583	891.867	-17.542
190.427	-151.13	4.14405
1392.91	-836.279	-1.37779
-1406.64	167.494	-3.46201
-619.21	-1431.33	48.0692
-1061.66	587.794	6.69766
-376.178	837.699	-15.9712
-848.425	72.1975	-5.42096
-184.126	1029.45	-18.4206
-1255.98	-969.761	47.4359
-503.275	348.422	-8.44232
1338.45	551.664	-21.0635
-678.933	1493.68	-16.2998
379.236	633.543	-16.5659
1047.46	-1211.1	71.119
-153.214	1251.17	-17.4885
298.576	170.425	-12.7063
459.406	-242.988	-4.58381
320.635	1228.61	-19.5802
-1410.86	-1096.5	42.0798
69.9092	-922.848	101.625
1296.84	91.8395	-22.1189
167.322	-323.999	21.5099
666.214	1367.19	-23.7032
-64.5947	-106.185	19.1285
285.139	1288.44	-16.7039
-1120.25	-90.9528	-5.10477
199.078	403.493	-15.1324
1309.87	1291.67	-22.7156
-528.285	-1117.44	17.8425
521.229	1183.84	-22.6317
533.513	399.622	-18.6203
1453.86	858.918	-20.012
-1345.45	1235.33	-6.90448
-187.424	708.675	-11.2818
1337.03	-1491.19	71.9584
-1362.47	417.092	40.7899
-781.865	-97.3424	-4.81948
655.171	-22.2866	-13.3567
-685.208	955.044	-14.0636
1026.85	878.403	-18.995
1263.7	1339.53	-24.7964
-158.736	-1230.03	73.9877
1039.42	-1108.66	69.2933
1453.82	908.681	-21.1231
1330.39	-811.572	-1.40634
-860.236	1472.22	-15.8606
-514.405	1071.97	-18.5631
51.0559	1436.68	-16.0826
-568.925	-968.613	14.0456
868.102	817.008	-19.51
206.081	-1356.42	35.006
347.898	241.828	-14.9394
-1104.72	-1089.01	42.13
-356.994	-420.739	65.9166
84.3218	-780.373	97.1632
1041.56	-1168.38	74.1048
-94.5361	-1067.7	101.708
1429.96	880.61	-20.0115
1308.96	-779.9	-3.43205
-725.067	1351	-18.4782
-977.439	133.508	-9.87309
-327.323	683.359	-10.7711
-961.292	1152.24	-15.39
-1413.53	-1302.47	62.8975
1361.08	-737.017	-6.21963
-679.564	-974.958	9.46659
639.858	1295.19	-22.1854
180.051	-368.224	24.0242
-609.211	244.019	2.49269
1284.9	-187.977	-17.7699
-283.975	1234.89	-18.6937
943.265	-555.13	-4.72757
996.704	1312	-18.947
382.318	-158.416	-6.58473
951.085	-1492.55	24.1453
-300.786	-32.5267	48.226
279.07	1413.45	-14.6098
-1361.3	-595.588	17.3036
-1078.01	-939.797	42.465
1353.53	-621.911	-8.97713
998.191	1271.05	-17.5585
372.831	-281.604	-0.827672
-347.715	664.273	-9.90772
-1481.17	-1484.13	126.771
616.36	-979.109	91.4301
385.882	667.744	-17.2008
1321.23	-535.114	-11.3534
448.546	58.9574	-12.8328
-591.36	-244.542	8.98133
1156.31	-226.565	-14.8008
625.264	-1068.88	63.4595
-73.4936	-1465.5	50.789
-1383.92	-1228.58	48.7344
383.913	-577.679	38.4018
708.735	106.043	-17.876
-702.861	1492.2	-16.0394
-1320.24	460.065	38.6659
559.451	245.139	-19.9887
-1227.45	285.241	-0.647872
1300.09	1045.12	-20.1021
1260.23	-294.692	-15.6866
508.69	433.698	-18.1886
678.022	-1244.07	33.4967
-918.489	1405.17	-16.1403
-1088.95	-36.805	-6.18946
-1104.35	-353.921	-1.25744
44.4702	-1226.06	57.9143
-1239.66	-334.164	-1.16084
-1306.11	-896.31	44.9539
224.805	-999.357	87.0727
-1298.3	-53.4944	-8.24648
-812.566	-738.52	6.00908
-1150.05	-722.16	13.0323
-1304	1312.8	-9.85985
-305.898	518.613	-12.1237
-1035.17	-63.7566	-6.96303
-396.748	-705.377	33.7251
26.4652	1178.51	-18.3242
1231.55	-783.877	1.6264
679.317	-1181.94	38.8413
401.328	-872.007	121.13
783.142	-301.99	-13.8614
-468.691	-22.6196	51.2876
-207.237	736.694	-12.0163
-1337.58	23.3698	-8.54656
1422.97	-1186.52	81.6655
119.469	945.056	-18.7926
1142.94	401.871	-19.0962
-1187	-741.806	18.4528
1380.27	1279.46	-23.6582
-1107.59	-137.282	-5.76472
-1152.85	409.801	11.0451
-725.752	1261.14	-17.8425
-1436.59	555.527	36.102
654.268	-1334.59	29.0613
202.135	-1284.07	38.5851
-937.324	897.319	2.66377
-1184.54	308.843	-0.805196
-566.849	335.601	-5.99865
-875.976	-851.666	15.1967
608.299	-1083.21	59.7266
179.719	-205.429	9.69705
-733.946	-585.02	2.34259
-555.395	-877.3	14.2753
-1373.33	875.626	27.1896
492.656	-1385.24	27.0273
1421.92	-1240.12	98.9497
-449.5	-179.877	34.8037
-196.429	-620.868	108.347
-1260.73	1393.44	-10.7088
-1182.71	-1148.56	44.4555
947.37	981.89	-15.8926
-1334.07	-1050.34	56.0973
-136.391	996.004	-18.0557
1205.73	395.713	-19.7494
741.148	137.192	-19.9496
133.627	667.163	-15.6318
751.201	438.436	-19.9628
-565.036	676.598	-7.30164
959.981	395.866	-19.1135
-252.745	-556.798	104.251
-1218.11	321.467	3.09327
-420.31	93.3129	25.0588
-1140.47	1240.6	-13.6533
1373.3	-1218.54	99.4085
1192.61	-495.877	-10.6161
-102.629	-1374.5	61.9309
227.03	1208.03	-17.9537
1261.12	996.66	-19.4127
85.7256	-913.14	101.371
-130.053	-1124.67	92.5153
-683.467	-554.691	4.49337
-1148.48	1399.81	-13.2535
1167.87	1228.55	-18.6037
1377.46	-399.167	-14.5758
502.694	315.818	-18.7762
1404.68	-653.746	-7.86337
-27.3188	1445.49	-16.4243
271.711	-192.743	-1.9984
-677.491	-1041.91	13.5541
719.486	-1187.26	37.4767
563.21	-1163.69	43.3866
587.792	-339.039	-1.97217
-1105.21	221.009	-9.61665
-210.847	483.335	-14.7024
152.045	1445.06	-15.3036
667.996	-966.168	93.108
833.727	-550.371	-3.98047
-862.512	-1130.91	31.741
-1328.99	-915.18	44.579
-57.1249	-753.41	102.001
680.519	-427.852	2.34931
589.701	-381.295	2.02054
-1048.38	845.605	9.35508
-564.089	-966.6	14.4317
-366.343	365.465	-11.4406
-1183.52	-1486.4	89.6693
604.355	-254.554	-7.65373
-1399.32	585.777	24.0092
58.4002	1329.4	-17.9059
-1206.68	-329.005	-0.816249
-1361.23	-95.042	-7.23966
879.687	-80.7497	-19.8035
914.544	140.286	-21.842
-1067.25	820.781	10.9288
-601.024	-1082.69	14.1913
-374.264	1264.39	-18.8742
1460.27	-737.306	-7.42503
-1351.72	508.665	40.0838
-1368.64	683.974	9.99226
520.489	-1493.19	22.6446
1433.26	-709.936	-7.36376
1151.52	-1003.18	56.6392
98.1568	-1283.01	43.8973
-62.3886	1150.31	-18.1019
111.488	-546.088	48.503
1233.64	-352.489	-14.6397
1449.71	-175.508	-21.9508
92.4077	885.203	-17.9606
-955.226	-1148.42	37.2655
22.9857	767.992	-16.2705
109.356	-481.958	44.9676
-1164.2	-323.667	-1.49182
12.4552	383.469	-13.8676
1017.23	-1099.76	69.3277
648.566	892.358	-15.7069
-202.349	862.591	-15.1011
733.146	-679.741	44.326
1372.2	14.6425	-23.3201
186.022	-254.24	12.0479
943.132	259.947	-20.4662
-164.613	-25.4786	18.3062
801.746	-140.827	-20.4426
475.734	774.522	-18.7035
-223.644	-586.833	113.017
306.173	8.63039	-8.22448
649.266	-754.898	76.2422
-334.13	-720.567	51.7086
-190.562	38.804	12.7953
467.683	42.6729	-12.9724
1497.63	-1035.62	9.88592
967.905	501.33	-18.8678
1366.85	354.086	-22.5356
-663.226	765.12	-0.57044
-1063.21	-758.89	16.4401
-1247.91	398.694	19.1315
-677.369	867.523	-7.46129
-1278.01	-1153.12	49.5823
180.251	984.788	-20.2089
-821.838	-870.957	12.0126
-1231.97	1309.67	-11.7882
378.304	-671.475	61.4171
885.864	682.003	-17.4433
167.38	-20.6973	-3.65813
-151.443	1048.68	-18.6082
-1380.69	-202.089	-5.34917
-129.583	842.409	-15.7395
810.792	-39.4827	-18.6907
548.47	579.362	-19.4168
638.519	-112.819	-11.725
1462.49	-287.724	-19.28
-891.4	-1052.15	28.4651
-835.934	-1377.01	35.2794
505.29	630.501	-19.664
-402.737	-447.023	47.4022
-1124.32	557.456	9.54703
-1230.3	782.267	11.24
1116.75	214.268	-20.9279
-406.18	1476.55	-16.2075
-293.766	1048.21	-19.2079
687.18	1209.68	-22.2156
-690.507	667.232	-3.65072
-592.433	1225.34	-16.6195
-475.416	1286.3	-18.3146
552.969	-707.854	80.0728
715.101	1081.84	-20.7694
460.64	-895.869	117.091
-794.294	-880.515	10.6928
1194.19	1353.4	-24.4781
-1171.83	1474.26	-12.9201
-1437.15	821.099	11.6321
1451.52	717.338	-20.84
-770.898	943.583	-11.171
831.061	-83.0864	-19.8851
181.722	-793.258	90.6075
831.85	-520.708	-6.43837
1174.12	-109.056	-17.1876
-1008.84	-689.224	14.5735
-599.899	1394.95	-17.5006
-1137.29	1444.66	-13.1865
976.578	559.71	-17.897
1263.77	164.507	-22.2826
1460.71	1469.07	-24.4972
-893.029	713.335	4.31123
-493.459	1282.26	-18.2934
-1463.6	-896.156	23.7959
-823.951	-1464.43	45.4992
770.32	591.645	-18.5512
-459.48	-598.879	25.4559
1287.18	1277.68	-21.658
73.5169	633.326	-13.8524
1439.88	-295.8	-19.3561
339.901	-85.7389	-8.10034
208.044	-1052.97	69.4832
24.0013	902.546	-16.6812
1236.48	-489.97	-11.9908
26.0766	-255.584	40.8871
-763.236	-1420.17	50.4336
172.665	776.996	-16.5494
-1093.23	1307.76	-15.338
818.76	1448.07	-26.8804
536.629	465.79	-18.2687
690.292	-1492.59	22.1323
947.333	-147.3	-19.4164
-717.115	967.855	-13.7078
894.542	-799.296	64.7455
30.5004	727.87	-16.0779
747.498	1144.26	-20.5787
-1356.18	-983.367	47.4329
-1134.11	-320.781	-2.03437
116.645	324.942	-13.3059
-89.4627	349.301	-13.561
-936.064	-1190.06	39.0693
-36.4821	1464.78	-16.4043
-33.8162	-1052.59	104.692
-821.872	961.901	-10.7278
-868.429	1147	-17.3546
631.607	-829.866	90.1141
-1236.21	-625.586	15.996
343.548	1049.48	-17.9665
-528.108	1113.09	-18.3054
824.943	-113.852	-20.6441
-590.164	-138.942	18.3484
-786.332	1156.47	-18.7252
-1278.05	450.194	30.4858
10.9004	1359.84	-17.8259
-373.26	-511.946	54.9014
805.781	1462.51	-26.282
260.496	5.63894	-6.76267
175.112	-1348.5	36.3658
311.606	594.378	-15.7337
1086.12	1460.26	-26.2797
-327.328	-1177.14	43.6172
-783.83	1336.35	-18.762
-163.303	-57.2724	23.365
-630.376	-661.383	7.22284
-807.032	340.11	-9.87755
739.839	-22.6942	-15.8947
-922.141	-634.995	7.76127
1465.1	159.05	-26.5765
-745.413	-8.67729	1.32022
-1045.66	-1369.64	60.4348
645.222	35.8923	-14.3184
1075.9	-1097.35	65.0959
-822.588	-300.544	-3.10933
227.836	1045.51	-18.9682
10.7745	-271.672	49.0342
55.2773	35.9386	-3.46007
1119.08	-525.21	-7.78014
-1055.65	1175.69	-13.3245
-629.884	24.031	20.2147
-522.267	-667.198	15.2336
-393.746	370.066	-11.2316
-995.183	-511.693	2.09711
1359.72	1323.3	-24.6681
1202.97	103.491	-20.6965
-576.783	327.899	-5.54855
1320.21	859.814	-18.2226
1051.99	185.991	-20.768
-725.969	-445.53	1.19293
-729.451	-703.415	4.09238
-201.471	1447.15	-17.6024
-1.50533	94.0874	-9.79312
283.817	-736.68	79.221
475.312	-1456.75	24.1717
836.37	327.67	-20.8972
1447.39	-379.658	-14.7076
390.462	-987.913	99.143
1075.15	-953.594	61.7551
58.3993	-564.731	65.4162
379.94	-1171.66	46.8463
642.565	-837.078	89.8454
314.413	1037.81	-18.0551
1044.64	1216.73	-17.5384
-1353.27	-72.6897	-7.46361
-999.358	267.657	-9.4118
443.121	1449.76	-18.7874
627.997	-93.8487	-11.8268
1224.94	-1072.46	70.7934
1290.44	-1070.96	65.2916
1278.52	1465.79	-27.1903
171.085	-922.215	97.5207
376.851	-828.885	114.076
-213.799	478.166	-14.768
88.5146	487.775	-13.4894
930.972	1072.76	-12.8055
-1043.9	-1131.98	35.3558
-1072.34	-188.453	-5.78087
-500.623	802.015	-11.9968
-960.343	300.473	-9.7157
-345.449	-1112.26	39.514
741.092	395.134	-20.3498
1478.44	238.395	-28.0033
1194.42	498.947	-19.5505
1214.32	-1153.06	80.0539
-92.3996	-1307.53	65.0134
-458.118	-323.759	26.7806
293.424	355.905	-15.8002
-578.809	-1111.25	14.4891
1236.33	-909.328	23.9678
1166.25	-1218.69	77.6141
-563.67	-762.234	12.817
1302.27	-760.229	-4.84303
-336.664	831.861	-15.2054
-647.156	-339.131	3.59393
-166.308	-894.373	78.2564
1.64728	799.432	-16.2368
1242.77	-152.084	-17.6243
-392.809	533.863	-12.2795
-231.135	-1285.91	64.1558
-1274.86	-629.815	19.5295
-1368.94	-819.484	38.0758
-487.729	-139.484	34.4091
-829.487	760.113	7.50537
-363.214	-1216.97	37.5216
593.379	278.822	-20.4477
561.227	167.331	-17.2022
1345.59	-81.3136	-22.8517
1203.16	146.742	-22.2814
-588.026	-58.8847	25.13
769.529	-67.097	-18.692
983.373	54.755	-22.3354
1292.74	1235.07	-20.3437
-49.4413	-855.857	102.916
-767.09	591.982	0.589836
773.354	369.747	-20.87
207.375	-128.864	0.391644
-788.786	-155.68	-4.94126
-1334.42	1488.91	-9.5431
-575.926	-1232.79	22.0332
-1292.2	127.762	-8.72287
-1371.19	-129.756	-6.67092
1084.58	-1369.9	57.229
76.8313	22.5215	-2.1331
1284.2	-1293.7	92.799
-956.077	845.344	6.40005
675.913	-1090.37	57.0671
-1224.55	-1205.64	45.4656
373.38	-1026.9	83.9974
-1101.87	-869.197	28.8759
-69.2532	-661.647	106.567
547.965	1020.01	-18.2447
1109.18	325.527	-19.1162
125.005	983.324	-18.9381
-1246.34	1426.79	-10.8528
-306.689	158.324	3.676
188.007	1298.85	-15.8241
814.077	-781.366	64.4467
1336.28	569.928	-21.2171
1003.2	1495.34	-25.768
-1232.99	-812.143	27.6932
1171.46	-431.282	-11.586
1294.81	269.848	-22.125
270.073	-701.279	65.4535
1079.55	-491.7	-7.67332
265.623	-715.768	70.5288
21.3369	1392.35	-17.1985
-758.471	116.805	4.22969
1351.33	-1420.79	93.4049
423.09	-1114.58	56.2972
-501.108	-976.449	19.9427
971.525	-298.103	-15.3325
1154.41	1198.44	-18.2819
-1049.79	674.005	5.57567
525.193	-1266.09	33.4559
-78.282	1003.15	-17.4535
52.2698	27.3845	-2.57972
-347.747	-570.167	64.807
430.088	292.97	-17.7274
352.354	-655.101	54.1188
-101.157	417.418	-13.6061
1145.74	-667.556	-3.90092
-580.594	744.888	-6.41905
-615.944	284.585	-1.89799
409.936	-617.088	51.7415
866.014	-1445.93	24.1152
983.193	762.123	-18.3567
132.422	-203.912	17.1445
1103.15	-432.814	-8.77984
-994.51	888.201	4.38544
-1094.95	-1373.79	63.9128
-448.406	751.266	-8.81116
-1459.31	930.506	23.3232
-1291.6	-349.838	-2.27038
-1327.6	-286.533	-3.33444
167.232	-571.408	38.8789
-8.97874	-628.28	89.2927
-1386.24	1140.85	1.30041
-1115.78	1081.84	-8.24295
142.601	-1215.39	49.7552
-649.132	1110.43	-17.6766
-167.261	180.73	-10.1086
863.991	-123.838	-20.2686
726.334	-1452.47	22.6049
414.086	21.9985	-11.8753
248.361	-1052.4	72.9324
-786.64	141.375	0.65261
216.458	65.78	-10.5581
867.842	-227.339	-17.7816
-1286.81	-244.755	-4.49833
1198.12	753.316	-17.9273
-1044	-793.211	20.7094
1485.18	308.588	-27.0141
-704.155	-1211.9	22.4988
-528.787	-234.727	17.7546
1463.06	1289.71	-25.1345
152.621	-714.891	71.3102
-88.5049	-727.606	102.904
1207.42	-517.912	-10.6303
-1162.89	-1209.03	44.0019
-334.005	884.651	-16.4655
360.06	-1065.22	71.1754
657.124	709.515	-21.634
1237.79	61.5487	-19.6086
-1098.1	897.874	13.4097
-535.387	104.75	30.4387
652.775	-264.454	-9.93405
-637.47	909.246	-13.5153
496.953	-1037.37	72.4866
336.063	-833.57	112.893
-113.538	1023.08	-18.0872
-234.642	-292.212	71.5363
291.43	884.051	-17.5729
885.546	-794.119	63.6499
-292.247	-404.011	86.4595
186.927	-1031.13	74.3806
-1378.71	-190.722	-5.5497
281.424	1472.9	-15.5212
221.235	881.016	-17.9503
-710.89	235.847	2.71411
-1401.88	1291.88	-6.37324
-35.6697	-1231.55	65.5124
-1056.69	-1098.22	38.4811
-171.993	-1335.67	67.9467
95.5805	430.804	-14.3307
686.575	-840.329	85.9244
532.495	1348.22	-20.3753
-524.913	118.055	27.5794
-645.105	1219.96	-16.9043
347.377	1112.52	-19.3687
-679.302	-1085.78	14.8045
468.942	25.0314	-12.6219
-1104.64	196.232	-10.0413
231.318	-1303.21	36.2849
899.782	-1194.63	52.8704
-153.85	1115.93	-18.648
-656.758	-130.21	9.16824
654.388	1283.36	-21.9074
705.141	939.006	-16.1453
-110.894	1428.77	-17.714
-713.803	300.067	-4.319
-823.158	1347.1	-17.8671
-1167.57	-602.956	9.11117
-1062.93	1237.25	-15.2518
344.802	-659.536	54.826
-58.0403	379.634	-13.0852
171.203	-142.226	4.66519
-361.128	-39.5522	54.5988
-1269.94	-1499.94	100.371
-350.024	-70.0053	57.6478
1106.53	-1380.99	60.0139
1366.53	272.93	-24.2512
-148.553	-1288.87	68.2765
-590.881	1249.48	-16.78
765.678	-129.593	-20.9819
-795.715	717.991	3.34365
-1271.53	-1088.13	53.4271
-1460.03	-346.865	-0.217069
1324.9	1016.47	-20.2178
1000.68	1306.94	-18.9895
136.488	1413.56	-15.4614
1197.71	773.577	-17.9322
-1349.56	-1424.45	90.8804
764.928	-655.551	30.7389
1287.7	-1323.59	92.5745
308.978	-932.781	112.102
460.143	469.546	-17.8399
-825.615	-396.435	-1.46837
880.065	-409.849	-10.9107
1143.54	440.36	-18.9111
-286.431	-880.852	48.2471
-168.346	-341.653	85.7042
1287.24	1306.39	-22.8511
1126.02	-688.235	0.618564
1201.79	1497.52	-25.9831
-1168.84	-601.669	9.14722
705.588	-15.4344	-14.8784
1033.6	557.372	-18.0477
1315.26	-672.454	-7.85911
1401.19	1439.49	-25.9562
-745.76	1460.13	-15.91
1219.3	700.713	-18.4247
-683.985	-1354.83	43.1286
1365.95	813.86	-18.519
449.213	-1422.5	25.7742
863.207	-392.499	-11.3045
374.51	1041.23	-17.5744
889.383	573.652	-17.2927
1116.05	-850.804	39.6893
1165.99	503.166	-19.2046
113.18	1466.16	-15.9112
1203.38	1.24556	-18.5264
841.995	-938.309	81.9456
226.481	-1090.61	62.8007
997.749	1404.33	-24.3908
37.9259	462.153	-13.5478
-490.307	1235.12	-18.4375
1236.78	975.646	-19.0522
-246.552	1262.68	-17.9478
1246.14	859.917	-17.7978
-1186.96	617.458	9.73196
-21.2543	-63.589	7.35982
-889.022	308.318	-11.4218
-921.125	144.705	-9.1341
1037.05	522.346	-18.646
685.472	1011.62	-18.3612
1474.07	1019.49	-22.7911
536.744	-880.117	109.504
1474.83	-831.316	-5.37648
-975.807	-1292.43	47.4355
-412.472	-776.541	26.9626
-818.174	-430.456	-1.5831
608.381	165.178	-18.1722
257.886	-431.173	15.4188
1118.2	-1469.8	46.9969
-1241.04	-1477.17	95.2559
1171.71	1163.76	-18.3457
-524.768	-483.273	16.4022
1319.34	-841.126	1.02224
144.531	-728.909	77.332
270.174	-1086.66	64.6263
-1441.42	1232.64	-3.59387
-1222.51	1239.8	-11.2316
-929.103	372.566	-6.23125
465.611	-1492.77	23.0573
-502.498	-125.657	34.1624
3.13848	322.756	-13.3561
-300.852	-483.036	83.3939
1324.44	-498.717	-12.4312
108.394	-1166.73	61.7521
352.269	-756.263	90.559
-620.137	-308.819	4.7207
-709.294	-1305.58	35.5541
776.963	-371.378	-9.83922
1191.28	10.225	-18.4934
129.774	430.767	-14.5294
47.694	-685.621	83.8882
-65.7348	758.069	-14.6284
-100.393	1441.81	-17.5531
317.986	-1354.24	32.2377
206.923	-1024.3	78.0697
77.0558	342.339	-13.6248
1412.41	1432.84	-25.8873
-1014.06	-1422.76	59.2648
2.33595	1009.16	-16.3533
-795.059	-980.48	14.4905
239.537	-963.898	97.6637
-998.281	565.608	5.30841
-1255.48	-1472.6	94.7038
-285.824	-606.748	86.2938
977.302	725.501	-17.3507
-1287.24	-382.583	-1.27067
816.842	-748.694	52.4708
1373.47	236.953	-24.7922
-1388.98	-291.424	-3.77638
1016.06	1233.52	-16.9171
1252	-1209.67	87.218
1166.4	-1257.35	79.4454
-1193.25	1145.69	-4.96798
-192.28	-983.172	78.6649
-276.938	-1116.18	57.239
-441.799	797.464	-12.3757
1022.34	-1064.39	65.8552
-1088.94	-827.908	22.5488
-187.461	-273.692	66.0893
976.692	1024.87	-15.2199
-1017.98	801.394	7.86612
-252.778	472.511	-13.971
514.784	892.155	-15.5061
783.115	-1453.64	22.0644
-698.127	-678.253	4.26237
-679.271	1492.39	-16.2825
446.122	1394.36	-18.7005
602.377	1339.3	-22.0181
704.779	-386.891	-3.54133
621.916	-1212.8	37.7402
-978.8	1478.45	-15.2209
363.889	958.828	-16.3424
677.353	-427.17	2.43258
625.906	539.224	-18.281
739.523	-396.322	-5.35657
461.412	-583.586	44.0443
1084.19	672.869	-17.0841
-554.085	-1451.06	45.415
1298.42	-391.966	-15.0604
-629.961	-830.982	9.95748
-962.804	-1093.52	38.0693
-726.042	1427.9	-16.808
-1364.95	-314.996	-3.66776
-758.318	-409.005	-0.137643
773.388	1477.18	-25.9061
400.984	-701.677	74.4151
-1177	446.963	16.5022
-50.5895	-101.218	17.0962
862.254	-1092.21	61.5112
-190.199	-130.343	39.1805
-583.283	-123.154	21.8086
-791.148	-982.896	14.3671
-548.766	1112.66	-17.9354
447.952	-1328.69	30.0893
-1072.43	345.319	-2.18931
217.292	-904.722	103.488
-852.059	-1260.8	32.5313
676.789	17.9275	-14.6279
-633.825	-1288.44	30.6225
-831.664	478.789	-1.38478
1045.36	1330.46	-21.2683
486.427	139.155	-14.412
242.365	-551.96	29.2149
592.046	904.889	-15.5279
-1317.06	706.6	7.33716
270.819	944.49	-18.5093
-638.256	-1488.25	53.6157
-650.501	870.354	-9.86988
939.071	-400.925	-11.5058
-1348.41	-1163.28	50.3203
-1382.5	972.18	32.4024
-249.04	422.717	-14.2317
876.229	877.818	-18.7476
-47.313	-1304.46	58.5761
-779.299	936.093	-10.4453
1181.73	1344.55	-23.1754
-898.026	-1383.9	39.3733
1369.81	-749.332	-6.18404
-589.433	235.814	3.39218
140.093	11.7116	-4.35999
-402.057	-1284.99	32.4662
-1152.23	1365.41	-13.338
347.736	219.587	-14.129
-718.696	-1041.85	14.5047
-1039.82	160.092	-11.1038
-109.798	758.792	-13.6591
-1380.24	704.764	9.21855
-878.736	1124.51	-17.3068
701.376	-1023.4	75.5636
-616.065	-542.961	8.3273
-871.741	-27.522	-8.69316
-194.341	-361.381	87.0843
921.373	-433.01	-10.4827
-53.6964	-336.775	76.4159
-1192.57	233.423	-8.10178
-1138.62	-539.42	6.20741
-1023.52	333.63	-5.63338
605.757	-1288.25	32.6129
-886.886	1251.98	-17.5918
1055.7	1189.33	-17.0318
-453.806	780.232	-10.9839
-918.053	-130.282	-7.97199
-524.676	1182.66	-18.3343
1349.16	-1163.82	86.3338
-1325.11	-684.944	26.2076
-559.355	-428.385	10.0448
-414.796	671.897	-7.97363
-1307.4	-1140.29	50.5004
-287.603	-1087.94	54.0013
-1013.88	-31.6559	-7.85506
-176.845	-753.701	88.0845
-1124.2	699.965	6.56976
-1222.71	308.886	1.91074
1186.29	745	-18.0522
777.247	-892.65	86.9614
-45.1569	285.293	-13.6838
-526.469	779	-10.0642
593.429	339.664	-19.3068
582.719	-324.111	-2.64038
1407.84	-413.287	-14.3569
316.101	-1067.3	70.5659
-428.46	-382.61	37.724
-704.18	1237.98	-17.7271
788.876	71.1604	-19.1184
-1009.29	-1440.02	59.0637
64.9611	734.373	-16.1877
-1032.96	1313.89	-16.1781
235.672	277.265	-14.7784
-692.671	577.395	-5.4312
-586.121	-1477.07	49.4636
651.536	-275.772	-9.31137
-1259.3	-471.753	6.50628
-69.387	-325.033	75.7649
-1070.31	-1258.18	47.9195
260.513	-152.617	-3.59646
1029.69	-888.966	63.7293
131.6	-1458.73	37.3525
1254.83	-789.681	0.0169389
232.826	-749.592	80.4041
1442.06	-603.779	-10.263
1187.95	-1200.61	78.0979
-12.0121	1487.46	-16.3056
-146.965	-861.884	81.8776
-920.452	-540.32	1.61053
455.582	1411.06	-18.6074
-1265.22	-203.553	-4.97131
-1397.65	930.455	29.0946
1328.3	37.7254	-22.2148
153.585	1088.98	-19.0108
1130.15	1033.05	-17.6378
-96.3912	42.4669	1.77404
-820.616	-499.093	-1.23069
-129.037	959.137	-17.5837
-826.674	-11.8208	-5.24084
144.602	299.304	-13.5358
1073.59	1084.98	-16.2993
-1107.86	849.597	16.7526
646.385	-1309.47	30.7748
703.989	-1377.38	25.2949
-1373.57	-323.559	-3.43665
-598.477	-577.359	9.4562
-1337.46	971.605	32.0793
294.804	526.818	-16.0683
-1398.58	378.448	32.9124
1341.47	1004.74	-20.2378
97.1453	80.9872	-9.63672
-863.497	1012.81	-14.1925
-1180.5	-314.56	-1.72176
1150.06	808.235	-18.4375
290.067	1353.38	-14.9018
912.79	-1265.82	44.4856
-536.906	-1205.16	21.0976
-1421.22	-1248.59	52.1772
1091.2	1093.87	-16.7443
-38.1098	144.216	-12.8576
950.813	-883.487	78.7521
-452.748	458.988	-12.0402
661.946	-1099.09	54.8359
1153.75	-320.264	-12.3591
320.718	902.852	-17.0491
1439.53	733.607	-20.2649
-176.876	403.463	-14.9487
-615.913	237.922	3.20258
36.2358	453.927	-13.6108
-1215.44	1237.14	-11.3528
418.394	907.992	-15.8657
626.013	-548.788	26.8139
-741.774	-930.226	10.8611
1374.4	-195.806	-19.7283
-554.461	820.325	-11.7071
1329.75	1471.05	-27.2852
-646.179	-1495.2	54.7214
1013.38	-933.615	69.2901
1437.39	1127.36	-21.3213
-459.704	-943.8	23.4323
-1355.12	929.151	33.2689
754.51	467.218	-19.8362
532.954	918.979	-16.1471
-595.687	-904.527	13.0367
514.916	-66.1923	-10.1579
1397.65	96.2483	-24.3757
-123.202	-372.172	86.6405
261.865	-811.726	100.38
-661.921	1270.02	-17.3121
-227.786	257.524	-12.0395
982.491	898.298	-18.6319
919.343	-1441.76	26.7977
-1059.05	-202.75	-5.73784
-278.978	-14.8357	40.246
-1017.19	1387.29	-15.0756
-215.407	-1385.27	62.0959
-1397.93	528.304	42.7629
327.521	-806.504	104.536
1066.29	365.161	-18.0939
-253.913	223.737	-9.45345
-482.017	-1354.23	31.8408
1161.5	559.577	-18.9982
-967.255	1295.98	-16.854
965.685	-865.721	76.1018
-1322.36	746.095	7.53031
-1272.74	-811.382	33.9416
-507.836	115.335	27.5696
682.178	1338.71	-22.6138
1049.34	796.26	-19.2973
145.898	-202.11	14.8489
-276.166	-128.638	57.2907
1464.64	987.847	-22.8288
-1242.12	-621.865	16.2718
-853.282	1297.04	-18.0251
-777.701	-1327.8	36.1592
-357.763	514.453	-12.1626
-465.741	-1406.75	38.646
-1413.69	433.752	47.5231
-78.1675	-887.614	97.6994
-974.428	-779.429	17.8897
840.115	1479.59	-25.2423
732.728	-643.385	33.0047
-199.767	1498.91	-17.4212
469.027	-533.122	29.2115
532.585	644.967	-20.6826
-157.656	1006.27	-18.1705
1196.02	-824.575	13.7262
608.664	966.809	-16.7139
628.892	386.147	-18.9533
338.085	-1333.33	32.5733
-890.384	-920.925	20.7511
-1392.38	-481.671	4.00798
-502.499	-1453.76	46.2893
-433.989	1468.77	-16.3785
-1146.12	-199.377	-4.83802
-1340.75	1282.66	-8.19956
789.612	-459.226	-5.97798
-1436.96	-1406.6	95.4335
457.138	-644.233	63.2983
382.801	1382.09	-17.7219
1267.22	-778.351	-2.60084
1203.27	-236.13	-14.9781
-1086.85	967.217	3.64274
-1249.13	-1473.31	94.6935
-1347.49	1236.14	-6.87853
308.767	833.521	-15.5286
-52.8445	1033.03	-16.9061
479.85	-651.084	66.9091
-1282.4	1461.45	-10.036
-314.807	1309.41	-17.8733
814.335	6.99342	-18.6957
-485.046	389.38	-10.1223
687.758	243.964	-22.401
-1271.54	-1299.77	57.9788
-1445.24	1101.99	12.1745
-901.143	1212.79	-17.1749
-972.15	-403.789	-2.0399
-1113.84	1265.6	-15.0619
600.836	-437.381	8.23157
-767.612	-319.075	-2.42797
188.988	645.525	-16.1429
-185.092	-1400.01	62.7963
1194.55	716.895	-17.502
-1166.82	-901.17	34.9178
1111.89	1241.72	-18.4787
-309.882	-630.7	72.4007
618.516	-373.568	-0.54174
1181.92	-676.172	-5.54272
824.019	947.231	-17.5133
197.988	1279.08	-16.3012
-973.867	-292.841	-3.21329
-1368.93	-523.914	8.37785
-780.964	-857.847	9.32245
1302.78	-1392.52	92.9169
1431.89	-105.89	-24.2575
1479.61	159.931	-26.8319
698.667	179.857	-20.4406
-1230.58	-797.296	26.8831
1261.23	-45.9521	-18.9582
1118.7	253.534	-20.3244
-909.171	-1079.73	33.36
1438.67	8.86679	-25.2626
702.258	844.485	-17.8559
-1073.62	420.414	5.31007
-193.708	-1136.09	77.5176
413.909	-450.861	9.01897
-582.846	1437.9	-17.5432
1165.37	-1092.98	69.5982
-1286.08	1146.53	-0.861421
921.907	-620.863	4.62051
-855.97	344.839	-10.1507
381.821	-758.243	93.2972
-1280.09	593.32	17.6218
-655.329	-1015.46	11.5629
-1124.69	-678.749	9.89309
318.782	-1079.02	67.3626
-768.695	1430.52	-16.5545
942.586	1343.34	-20.271
577.489	-1332.1	29.8779
169.256	10.4621	-5.24501
-1020.1	1323.86	-16.109
4.88629	-1153.73	78.1848
-10.2364	-191.518	30.6755
978.334	-365.976	-12.5985
1367.02	409.778	-22.8204
-104.891	-1275.41	68.9314
-207.58	-158.552	47.4174
-913.286	1087.56	-15.7617
-75.5696	-1472.07	50.5168
696.865	-1008.71	79.7586
1275	173.774	-22.4854
-1067.49	-503.967	2.70251
-1425.57	502.846	46.9149
-1049.31	895.218	10.9562
-598.304	-121.036	19.7601
-18.2897	-388.185	79.0717
-839.483	288.459	-10.2862
-900.35	-643.522	7.17955
-539.734	-224.799	17.5843
946.184	-361.015	-12.9309
1078.26	1226.67	-17.9766
760.529	-981.439	82.2164
920.131	270.626	-20.6142
13.7065	-30.5455	-1.2203
195.001	1443.65	-15.2295
210.445	524.549	-14.8786
1289.35	221.553	-22.4618
-698.391	-1179.51	19.0321
756.267	-1194.03	37.7427
59.9334	-1299.47	45.3143
1489.09	-1049.95	15.9689
471.433	-290.19	-2.79736
-1280.49	1003.01	18.4857
145.834	-1457.99	36.4926
-297.446	-923.756	46.0608
-1314.04	-1240.17	52.2901
-813.399	-455.664	-1.74314
-116.574	245.953	-13.3685
1007.97	1482.87	-26.2747
324.57	321.268	-15.5309
0.516167	-89.3613	9.93715
-722.477	272.135	-2.14085
-992.213	675.535	4.61183
1326.45	467.329	-20.802
-415.452	-374.691	42.5168
1417	-51.0394	-25.6525
-463.415	-1210.79	24.6109
1439.69	1079.09	-21.7454
-499.307	1072.59	-18.7518
48.4634	1039.4	-16.6303
-830.09	-879.049	12.9427
64.848	-530.67	61.0365
1442.18	526.4	-24.6394
445.424	-280.279	-2.86309
-7.65154	-1168.2	75.4686
-810.681	-643.362	2.57941
-489.005	-1340.92	29.7791
-1292.57	52.7441	-10.3301
-89.8555	-672.486	107.399
-644.992	1493.42	-16.6684
48.4542	-621.797	75.7833
1240.56	-1061.15	67.987
-1347.77	705.168	9.00285
183.986	-1236.51	43.5472
652.966	-72.3063	-13.0581
752.347	632.839	-18.6915
564.825	155.278	-16.8126
-948.726	90.9316	-9.48049
1021.04	564.181	-17.9432
679.806	239.739	-22.1604
276.411	-432.41	14.1263
329.687	-1273.25	36.3042
851.308	-254.406	-16.6887
1387.65	-1354.16	95.3783
-769.173	1475.21	-15.7477
-653.325	-541.095	6.20693
-917.856	-567.608	3.60313
741.709	1323.16	-21.7678
1384.16	1432.69	-26.5622
83.6994	578.439	-12.6648
-720.604	25.0105	4.93021
914.748	-737.129	36.4641
-594.023	1190.43	-17.1313
-45.5135	731.734	-14.6402
-482.604	-753.675	19.3266
94.8457	1104.4	-17.7282
-1030.77	-1043.38	41.601
1330.01	-485.055	-12.9615
47.7954	-58.2976	0.264969
-1151.55	-253.048	-4.12198
-991.445	1094.53	-13.4716
-677.462	1461.88	-16.0769
-938.488	-583.281	5.52795
0.741078	-794.531	103.41
1352.26	879.969	-18.7571
-37.3847	576.481	-12.2588
95.4664	-573.84	55.6693
446.912	771.162	-18.2536
764.797	-1226.54	34.8699
-966.587	-1039.98	38.9711
-1364.96	-1008.44	48.4818
-132.899	-1413.66	60.6343
-1286.65	1002.59	19.3201
-633.919	1145.56	-17.2532
1455.63	-240.13	-20.2318
174.644	-985.737	87.1884
74.041	-1144.63	71.5096
-387.102	-95.6486	58.3768
268.262	748.083	-15.6241
-1154.28	555.296	11.2158
-52.858	1134.87	-18.0195
224.93	-1407.94	33.4858
126.763	-1389.65	37.8118
-1164.36	1320.23	-13.4557
-203.698	109.129	1.1386
1214.18	-233.237	-15.3294
571.658	-1401.59	26.09
1457	-393.908	-14.1876
1422.33	-485.144	-12.7346
-544.171	-161.951	22.1339
71.2263	-720.297	86.0305
-588.903	1432.25	-17.475
446.628	942.173	-15.9897
1313.33	151.734	-23.304
890.256	209.672	-21.5212
432.577	-1052.37	69.9034
1372.13	-1353.21	96.0519
-1347.04	-746.98	32.4526
684.727	362.495	-20.0522
-160.856	276.772	-13.1983
42.7836	1464.2	-15.4229
-115.006	-593.188	115.223
674.517	-490.982	12.0772
-1377.43	192.453	-1.5412
344.208	1489.97	-16.4467
-1146.63	-1351.1	61.5471
1379.15	707.512	-20.4101
-1081.08	343.825	-1.9314
1408.04	781.27	-19.2892
-1144.08	1224.04	-12.8096
559.714	-1107.87	53.0653
148.018	1216.51	-17.8657
-1010.43	-966.11	41.0999
-903.297	1302.79	-17.1675
-1372.1	-413.87	-1.80563
135.481	-1304.8	38.9695
638.149	-89.7265	-12.4955
1176.12	-1114.74	73.5807
-335.106	939.388	-17.3732
590.919	-641.429	58.8845
1350.27	51.0782	-22.4629
1137	397.889	-19.0243
27.6762	-411.155	70.3888
-1453.51	-910.872	26.349
1230.14	-147.415	-17.3885
-1146	-1031.26	45.7159
382.981	-329.776	0.691674
1098.95	186.548	-21.0098
-284.236	361.457	-12.6469
-1196.04	228.144	-8.13855
1133.45	-1273.84	76.74
649.285	-1471.95	23.3612
-198.786	522.271	-13.9612
-394.303	-492.716	46.7257
-1163.02	361.431	4.58047
-805.346	-1294.93	31.7059
-154.303	-812.613	84.3376
895.137	934.263	-17.6645
1424.47	816.681	-19.3035
-196.41	-1495.21	55.5374
1400.26	812.698	-18.9589
-1187.36	-1458.12	85.7439
787.89	-525.225	-2.00018
367.686	-196.608	-4.6971
-1131.2	1305.07	-14.4534
322.964	1192.29	-19.9605
-1101.89	-450.419	1.92591
1214.13	-499.247	-11.3459
683.175	1403.36	-24.5203
-1405.5	-1368.28	78.3071
532.172	-495.524	22.6759
202.235	419.763	-15.1352
-665.542	222.678	5.04109
533.146	523.324	-18.4373
-477.352	-1375.06	34.5719
918.838	514.497	-18.424
1452.6	-1336.86	94.5898
-1373.89	390.248	34.8415
-1439.25	-838.164	28.3127
-731.74	806.865	2.95622
-794.68	-1102.62	22.2381
-1435.86	245.05	2.57639
1200.15	-721.858	-3.10693
675.384	803.708	-18.6202
-200.686	117.028	-0.180727
1029.59	-1249.58	66.3254
1059.05	1382.17	-23.776
-741.95	1303.12	-18.1845
-522.179	938.312	-17.307
84.8118	1127.4	-18.2944
-1100	-288.683	-3.46163
34.4569	455.878	-13.5656
-1357.49	1004.35	26.0598
-1336.77	364.983	25.8758
-203.148	-1226.94	71.9438
827.136	868.794	-18.7542
1171.02	800.503	-18.2155
629.546	1018.6	-18.3344
-825.615	-230.735	-5.33501
174.169	1412.17	-14.831
181.608	464.978	-14.5859
-531.803	383.938	-8.82093
1094.5	565.397	-18.4455
641.761	1067.73	-19.7993
-1225.53	359.285	9.51298
916.637	-225.652	-17.4983
1299.49	192.514	-23.129
607.916	-1184.3	39.9384
-100.018	-410.446	87.2573
1458.61	274.872	-26.9051
-1220.74	-810.519	26.4431
-1439.65	-538.942	7.36088
-858.068	-697.561	7.68187
1285.82	-1330.51	92.4549
1223.02	-1474.67	62.4753
-680.929	562.366	-6.1587
529.501	1182.81	-22.5642
563.016	-620.21	53.3778
1484.25	440.15	-26.1515
709.751	-863.099	87.0362
194.497	1270.76	-16.5388
-1363.53	679.326	10.183
-305.402	-700.598	64.7716
-1399.63	-318.768	-2.78194
-895.87	1108.87	-16.575
-659.939	839.871	-5.40807
-1299.94	-998.212	54.878
1310.28	1004.09	-19.9185
-738.501	699.618	0.529493
747.271	-34.2597	-16.3212
-423.446	-283.105	36.9328
-825.831	-570.604	0.33441
-652.435	-1103.25	12.892
-843.364	-692.888	6.78581
-1025.47	-916.887	36.6141
-689.312	-1070.12	15.3311
-436.762	1263.25	-18.6936
-1336.74	540.731	35.0333
-443.072	-1481.1	54.7022
297.635	-291.024	2.30478
-782.32	-378.65	-0.984567
-760.007	43.7783	0.945398
876.708	342.259	-20.3457
-1355.03	963.084	33.7753
-1425.22	-1243.84	51.1466
-308.671	-1134.98	48.8824
197.298	-917.875	99.586
-906.513	-1459.51	45.0537
-803.299	-256.767	-4.53205
1006.45	-669.451	7.41705
732.83	932.898	-16.4377
-0.700833	1200.31	-18.6824
-608.03	-564.782	8.77973
1046.35	595.76	-17.6033
-387.454	754.038	-9.72147
286.137	1223.73	-18.3349
-920.696	1279.79	-17.1055
331.594	-50.5256	-9.01608
496.1	267.47	-19.3459
-343.276	178.333	2.61035
-964.411	927.533	-0.968789
807.803	-678.156	29.6385
-1392.98	-705.367	27.7007
-607.181	-242.891	7.24723
335.81	891.457	-16.6848
-466.159	-967.857	23.0738
-753.337	-934.056	11.4404
97.1888	794.685	-16.9434
296.331	-430.896	12.7946
-1079.03	-608.784	8.30774
-864.592	1174.73	-17.6481
243.824	-364.665	9.52204
971.262	-167.392	-18.6527
1284.14	260.177	-22.0126
-753.83	-367.841	-0.66059
587.076	-185.044	-8.08334
-1495.98	1153.5	9.71551
-437.043	-1416.74	40.0328
-653.783	323.994	-4.46345
-453.487	-437.521	31.4095
440.289	-1232.48	36.1519
362.056	-830.795	114.671
-727.14	393.852	-8.27525
858.978	-1049.87	68.8901
-43.2802	1160.71	-18.0512
221.431	-1461.14	32.7748
829.225	-499.979	-8.07382
1459.41	911.621	-21.3318
21.2927	678.94	-14.7126
1027.33	-1171.56	73.6404
12.6399	969.669	-16.5472
-941.996	1096.03	-14.9468
-974.224	-994.783	38.3186
1300.58	-12.0363	-20.6297
550.153	-1184.93	39.8845
-989.294	-530.653	2.91275
398.472	-461.359	10.7139
1249.59	-319.715	-15.1501
-147.001	195.045	-11.2631
506.298	-1495.43	22.567
-820.788	553.234	3.04793
828.217	118.864	-21.3067
550.375	517.321	-18.2426
-437.843	-678.281	28.0459
-1178.91	75.6135	-10.5166
-1416.42	110.44	-4.87315
-1008.35	-298.634	-3.03184
-1162.65	-96.1327	-4.73302
-879.931	776.542	8.0563
-241.945	-461.864	102.382
1248.38	-923.007	25.1002
-293.045	1166.94	-19.8967
855.26	1480.6	-25.1994
-1267.14	773.267	10.0428
-894.339	-806.764	14.7302
1327.09	543.096	-20.7876
-1186.88	367.994	7.16966
-957.295	-1288.35	44.8502
-207.689	-209.264	59.8113
634.479	-328.419	-5.09017
490.11	-52.8612	-10.4257
-768.024	-1450.24	52.0927
-1069.66	-1079.93	40.5541
1197.64	1395.65	-26.4249
-1495.8	1069.02	19.627
688.695	1188.76	-22.5191
1410.07	-786.518	-5.44709
-458.407	406.769	-11.147
-829.629	-150.308	-6.7812
-1262.11	1116.83	0.671482
-503.298	-57.7062	43.2912
-214.992	1163.29	-18.6076
982.093	-1231.78	62.9356
-934.988	-570.583	4.6131
-832.744	1179.74	-18.2974
541.389	-408.264	5.87733
996.765	179.673	-20.839
158.442	-802.31	94.9917
381.995	914.116	-16.053
851.584	-503.078	-7.91794
-1464.87	-269.293	-0.957759
331.291	-846.477	114.442
-1025.9	-715.586	15.2022
650.661	-49.4784	-13.0919
-582.471	837.434	-11.3115
1182.4	-993.743	53.6825
-996.711	-682.337	14.531
752.531	1229.63	-19.8166
-1327.39	-1142.74	50.6972
408.696	36.8833	-11.764
695.36	-810.388	81.6004
1192.07	1285.09	-19.7998
508.043	85.2819	-13.2846
63.6901	-582.493	65.6148
-612.476	-0.121494	23.4491
-1158.83	1141.28	-6.49457
-529.793	-925.458	16.9538
-395.882	-451.252	49.8427
751.186	1020.71	-19.0247
-704.298	648.25	-4.23018
-313.166	736.838	-11.5135
-1016.79	356.114	-3.23458
1193.68	-1433.32	68.9025
846.877	-820.861	76.0773
1198.1	-1202.91	79.6885
1147.15	-1265.04	77.7832
-1339.33	296.382	8.98386
-238.184	-1381.05	59.5441
-673.635	1486.98	-16.2811
-1142.97	-871.253	30.1381
354.965	-1235.84	39.0574
-638.462	-1368.9	43.6496
1153.8	-1060.77	65.0335
687.619	-786.944	78.8031
-688.45	-919.129	10.9257
-745.441	-1225.5	24.1379
767.857	662.532	-18.6457
-71.7424	-1217.64	72.8464
-635.866	-1041.2	12.5022
-659.769	811.342	-3.32101
-1014.24	1439.05	-14.6913
505.844	772.985	-19.3412
1340.48	-847.382	0.890516
1303.24	380.645	-20.8728
-915.952	685.577	4.21024
-1088.38	758.352	8.4083
10.0613	189.782	-14.9714
1494.59	346.2	-26.4839
838.161	506.642	-19.0304
833.626	735.906	-18.1305
-1045.01	-1188.44	41.2068
-1317.9	-319.731	-3.18025
707.811	553.859	-18.728
-606.18	90.9592	24.6412
-689.592	-1266.54	28.3791
474.37	-1289.94	31.9684
1146.65	2.56087	-19.583
144.205	-43.991	-1.0145
927.002	396.45	-19.2914
766.32	1279.52	-19.9583
1190.93	-109.823	-17.1454
411.131	1088.98	-19.7079
-1025.18	-493.771	1.71917
1201.77	-1388.59	78.9648
700.328	-27.6795	-14.9649
346.495	-51.4893	-9.14224
-755.703	610.027	-0.463496
506.178	-893.602	112.365
-730.598	-658.409	3.17713
9.86898	1190.42	-18.5751
-883.94	944.435	-5.57663
-1078.32	-758.159	16.1674
-586.724	904.921	-14.5372
1019.44	5.71146	-22.6185
-719.004	939.617	-12.5422
1045.7	-965.25	64.9169
83.6604	223.081	-14.7437
-228.314	656.15	-11.9573
-262.125	-889.218	54.112
-1406.54	-1126.28	44.6326
559.869	-961.165	98.3663
-566.279	1056.89	-17.9209
-451.363	-741.544	23.8287
-551.782	138.297	24.1285
-448.625	542.406	-13.0135
1085.89	831.474	-19.0332
-252.151	-878.688	56.3779
1348.04	730.659	-19.8218
-1310.33	1266.17	-9.06175
1075.76	-1346.14	59.5928
-1056.3	-1113.74	37.2963
-712.54	-190.419	-1.89747
1250.96	1193.43	-19.6305
-1398.47	-1090.16	43.7716
-475.399	973.2	-18.3261
1407.56	1386.47	-26.6292
-542.753	-642.44	13.961
-930.008	-1467.14	46.2713
893.859	-1434.07	26.1675
-619.042	928.365	-14.6938
174.779	517.231	-13.7221
1193.16	-1155.82	77.4244
-607.635	1159.45	-17.2544
310.812	353.354	-15.8522
-100.702	-1440.74	55.7991
-516.774	1024.4	-17.9861
-290.03	-490.847	87.0546
403.3	258.361	-17.2811
-1320.46	525.534	34.5732
1449.67	1320.86	-26.0786
1329.7	-174.017	-19.3647
-254.219	339.902	-12.7919
439.894	-1160.55	46.8931
-50.5714	703.945	-13.9586
-830.71	-1336.38	31.5885
-1271.44	-644.896	20.7378
455.842	121.104	-13.3059
844.719	-673.576	22.2442
-1039.13	-1356.39	58.6057
-217.03	-1401.65	59.6769
1031.02	-1381.49	46.7957
523.822	-1200.63	38.2701
-589.644	-1167.61	16.6298
-144.879	-738.556	97.4254
-866.964	1385.21	-16.7342
-52.7631	-1446.75	49.9693
-1216.26	-72.1032	-6.38568
128.515	234.27	-14.4759
-738.682	-943.071	10.9085
857.01	-212.661	-18.2721
450.013	-89.7283	-8.99479
-1413.19	-280.889	-3.09648
-1365	315.287	13.7131
-148.531	-390.948	91.7812
-924.289	-1089.14	36.002
821.412	757.277	-18.5228
-989.824	1495.56	-15.0375
508.697	-464.664	15.6767
-57.935	188.471	-13.691
-1371.94	-551.75	11.9228
1142.36	1409.42	-25.9038
1305.68	-1101.21	70.8007
100.29	1228.55	-18.505
1444.51	-75.3973	-25.1157
-1124.95	264.124	-7.7998
531.522	-1492.16	22.6806
-884.124	-497.066	-1.44446
7.78473	-638.182	86.4465
-454.904	-667.083	25.0763
1319.81	435.484	-21.1913
-1150.83	-1217.79	43.7527
-388.411	368.301	-11.2553
921.365	9.30165	-21.577
518.463	-164.011	-7.44845
1130.83	-1049.87	61.538
-488.595	-388.598	22.3871
-823.953	452.767	-3.9446
445.686	-1157.95	47.1625
565.253	-1346.4	29.0012
1086.12	-1086.42	63.0684
211.643	-703.932	64.419
162.859	688.432	-16.516
-487.487	-343.397	20.0654
-296.18	360.064	-12.4052
512.265	-927.334	108.377
1405.77	1301.77	-24.7588
1477.44	-537.502	-12.046
-1346.6	1455.49	-9.1004
40.0963	1057.36	-16.4573
-275.042	1062.97	-19.4062
-173.371	-1395.27	62.8066
408.019	-1099.49	59.8099
-988.185	-27.3332	-8.97711
-1183.99	1034.62	1.64488
1184.07	471.469	-19.2155
-249.346	-179.701	58.0157
621.274	404.449	-18.6231
-123.295	-897.699	87.466
-1221.59	-688.363	18.7555
-263.769	-397.279	86.9752
-849.722	30.4539	-7.12039
-1261.97	-304.72	-2.7814
820.664	1160.54	-15.9418
-819.991	-782.615	8.31589
-1444.07	707.667	8.40657
72.6181	-449.971	55.3838
-359.18	-659.213	50.2654
722.219	1022.93	-18.9275
-1360.74	-977.578	46.0367
-567.238	-415.907	9.29397
515.972	1194.12	-22.8169
-851.948	240.416	-8.41288
-161.327	689.428	-11.8325
-1290.14	-2.81763	-9.57094
265.279	-571.576	31.2394
1265.86	1475.28	-27.1438
-289.151	554.817	-12.0603
189.261	401.383	-14.8974
346.71	1015.97	-17.1293
571.094	93.6663	-14.5451
-1152.02	-158.799	-5.16587
-954.7	1329.03	-16.5061
-778.952	-100.568	-4.68103
-619.3	-240.369	6.06644
292.106	6.4983	-7.78282
-457.978	-525.888	27.518
-1314.58	-707.017	27.9717
-158.075	87.8553	0.602232
-797.198	906.636	-5.08817
-275.273	713.48	-11.5164
-948.532	-1058.22	37.1389
-1092.19	-1343.72	58.9355
-725.958	-1355.58	42.9724
-58.4684	1430.74	-17.1417
-181.4	189.202	-10.1164
-536.172	-1225.57	22.4294
94.6074	1082.75	-17.1007
-298.613	1130.2	-19.9299
1351.6	-727.589	-6.21459
-1039	418	3.50048
-1424.89	-475.245	3.89441
6.20109	-998.401	104.021
353.141	-147.412	-6.29876
38.4863	-1266.42	52.5114
-737.335	-1309.34	35.4498
1147.04	-63.7392	-18.895
-465.241	-533.833	25.7965
-931.961	-997.243	32.1
-970.058	687.194	4.01784
-843.109	35.8628	-6.44897
1456.47	1485.31	-24.2123
-904.67	674.459	4.44159
-1144.99	-565.124	7.40208
978.975	386.402	-18.6456
-359.696	-429.978	64.5087
-1247.05	-12.539	-8.77987
275.906	-799.246	97.7106
283.617	-33.6275	-7.74815
-169.652	44.9385	7.53473
-17.0943	-1220.4	64.1758
-270.449	967.894	-17.5512
122.637	-6.42076	-3.03902
78.3224	1007.65	-17.6649
24.6391	1133.22	-17.9051
-852.079	-1339.46	29.734
14.7793	1463.15	-15.7259
1286.3	1014.9	-19.7724
331.272	763.619	-15.3495
-712.434	1104.81	-17.9398
-906.055	-1014.86	28.6495
-136.742	-1245.29	72.8197
602.364	1480.06	-24.5231
-932.51	-1336.44	42.3387
225.092	-905.268	104.547
-166.76	544.019	-14.0742
-1267.24	101.642	-10.4902
1271.76	802.278	-17.7908
-943.509	854.951	6.3201
1284.1	-97.6301	-20.0812
1416.52	-382.877	-14.8475
-1152.85	-1122.64	43.358
1357	-274.15	-18.5252
132.838	-1316.13	38.5495
-843.217	600.402	1.62424
835.327	-650.11	17.1949
735.242	1145.29	-21.3406
-1220.86	1096.57	-0.708937
-1285.01	-1044.59	56.0465
-452.383	506.817	-12.8121
841.774	201.237	-21.6659
649.432	-82.214	-12.9296
616.906	266.171	-20.8848
664.627	1241.03	-21.8704
999.74	-796.087	42.8341
-720.735	-773.157	6.13858
1193.83	1208.44	-18.6898
-772.672	791.603	4.58029
632.888	-39.4571	-12.6862
-262.924	-668.526	83.1726
799.039	-962.57	81.6088
139.05	-782.513	90.6902
1338.56	343.904	-21.8611
884.999	561.65	-17.6261
1468.82	1203.48	-21.3889
-939.021	-148.878	-7.42101
865.147	-302.806	-14.7467
-1046.12	-470.517	1.21712
187.051	1238.48	-17.4805
-1033.87	-179.328	-6.3848
-231.54	281.229	-12.3007
-1419.61	297.68	12.1955
-1040.71	913.773	7.31837
-1032.68	785.004	8.11164
313.486	-1481.24	27.4934
105.363	159.568	-15.2702
-1300.49	715.233	5.95344
799.145	302.889	-21.5522
-493.749	894.978	-17.1556
-381.735	-666.367	41.1376
-959.688	1105.24	-14.5343
-453.644	1428.7	-17.2345
1347.98	579.098	-21.3214
1311.02	203.434	-23.4088
-1173.07	-347.82	-0.335077
-1360.09	-717.28	29.2602
63.9361	603.231	-13.0183
-563.57	207.538	7.58713
-355.717	1082.69	-19.5625
-585.905	-1262.45	25.9875
-997.191	1031.41	-11.9348
1446.12	767.396	-19.43
898.947	958.107	-16.6604
-418.579	-1084.46	27.2191
-1163.7	-1062.05	46.2948
146.327	1067.5	-18.6937
-394.93	-1079.1	30.8587
-869.805	125.894	-6.82404
1007.74	891.699	-18.8118
-1253.57	-73.5398	-6.98249
-83.9724	-270.898	61.4909
327.839	713.506	-16.2978
865.303	181.284	-21.7538
518.407	293.154	-19.284
304.943	-185.347	-3.55166
1175.3	1301.92	-20.1027
1307.85	-250.166	-17.3405
447.143	321.531	-17.6975
301.288	236.906	-14.7539
1419.29	-576.392	-11.0947
-134.999	793.33	-14.3111
-1444.96	-799.217	23.6595
1101.7	622.886	-17.5173
1174.87	326.964	-20.0878
408.796	944.712	-15.9881
-566.56	206.455	7.8707
877.044	529.042	-18.3657
-842.84	-549.817	-9.21118e-05
-681.939	-1369.14	45.5554
-1428.38	-374.298	-1.31248
-1016.47	-1187.1	41.2552
-104.897	832.578	-15.7934
-59.1234	757.221	-14.7902
-353.62	1018.27	-18.5596
895.97	-932.75	80.0484
868.303	179.555	-21.7475
-298.955	316.01	-11.5417
-1188.93	1257.38	-12.8563
-766.356	1230.66	-18.7589
-110.753	190.42	-12.303
418.036	736.472	-18.5982
-130.944	58.8856	2.28427
338.95	-115.19	-7.16818
513.736	228.485	-18.7195
1194.02	-782.903	4.4976
1192.81	1205.06	-18.6826
-345.902	1205.89	-19.5877
-274.582	-485.587	91.9498
-256.495	1168.85	-19.5383
1203.26	-1092.82	73.509
137.416	-285.575	22.8336
596.433	1305.26	-22.2901
-605.048	611.938	-10.2977
1318.03	-361.39	-15.167
-892.912	-304.486	-2.82776
-1178.55	-477.994	5.34595
246.438	1209.72	-18.0292
1220.79	1140.41	-19.1087
1181.21	-790.446	7.9503
-473.886	-11.5465	50.935
1036.26	879.646	-19.041
283.535	1117.37	-19.1105
-1228.92	-931.535	42.0673
1388.43	1156.55	-20.9303
1334.92	1444.11	-27.5536
-891.117	-542.28	0.822027
-1020.39	1034.66	-11.1921
-258.628	102.921	8.72359
-1459.88	651.568	11.077
-743.474	-620.041	2.42091
1015.24	1314.46	-19.9937
