918.976	537.584	-18.0956
1146.56	-107.382	-17.4332
1438.19	431.089	-24.6403
-1346.82	1044.98	15.7977
673.499	158.212	-19.1876
1007.25	404.505	-18.3859
-150.521	-936.291	85.0463
1014.33	814.643	-19.1755
416.55	-1459.61	24.9401
1441.25	-1185.63	80.8863
1382.51	-1323.19	96.8474
1467.94	654.338	-21.0392
-240.323	943.125	-17.1646
-1015.39	153.511	-10.6845
-616.283	984.99	-16.4419
198.954	53.1479	-9.46063
-81.9605	1264.33	-18.505
-244.762	593.216	-12.3101
315.231	549.793	-15.9057
1090.39	-350.027	-10.6368
-152.638	1004.25	-18.1474
258.296	-1079.83	66.1214
924.866	42.5198	-21.9855
-650.381	155.422	19.2051
233.421	-664.396	53.4354
-305.875	557.163	-11.8607
91.672	108.396	-12.3448
1350.58	-935.361	10.6899
-369.555	-703.157	40.9336
-825.486	268.9	-8.10042
1398.21	1167.4	-20.8978
-112.07	-1330.21	65.9172
1267.03	152.322	-22.4433
1477.25	417.882	-26.0148
773.311	1165.89	-18.9674
-1328.41	625.358	12.2265
-532.385	-397.323	13.9552
1101.53	1079.45	-16.9628
-1192.1	511.156	16.9809
-310.127	-1446.37	49.4496
769.136	-812.652	78.1545
1004.37	-1462.3	29.5156
70.2536	1358.34	-16.7939
1267.3	-740.876	-5.09484
856.237	585.941	-17.5153
-360.375	-121.271	59.7815
-382.712	223.742	-3.3609
-569.317	-752.174	12.2752
1162	344.925	-19.6794
1387.95	-1101.28	61.9378
565.842	717.495	-21.144
-1023.6	-384.175	-1.93619
84.6305	1079.24	-16.964
1079.3	565.714	-18.3371
-1319.81	-779.001	36.0675
297.268	477.424	-16.4873
-1151.92	827.31	15.8986
-527.273	-630.376	15.2648
592.298	1207.14	-22.3433
-520.002	-441.017	18.2071
1094	407.057	-18.3116
-557.932	-950.52	14.7586
-476.554	-126.203	38.948
-344.953	900.623	-16.9023
-1214.85	-1164.53	45.3134
1375.48	355.153	-22.7641
-1410.51	-221.942	-4.63942
649.67	-61.4701	-13.0189
1336.78	955.551	-19.4699
544.089	688.192	-21.6066
-1447.45	1170	1.85876
739.229	603.136	-18.4066
-935.795	874.737	4.72033
-723.747	-524.076	2.10119
-922.268	-679.505	10.297
-652.11	-1414.33	49.2498
496.912	1115.89	-21.2946
412.067	968.687	-16.1678
930.395	142.376	-21.6729
560.712	-1453.1	24.0042
1128.13	-978.507	56.928
301.369	303.988	-15.3082
-496.717	1427.06	-17.9765
-53.1687	888.92	-16.8568
-1158.87	531.649	13.4573
1219.22	703.525	-18.3977
1436.49	-1287.56	98.2031
-376.951	-791.915	34.4774
648.632	-1497.56	22.3209
400.361	462.362	-17.4793
988.142	-1473.26	27.2937
-1060.22	-29.1195	-6.57234
1172.27	745.013	-18.2005
-561.378	789.227	-9.71641
672.548	494.043	-19.0836
-436.584	-133.335	46.7597
115.353	-851.479	105.377
-1347.64	-1440.15	94.2839
1035.43	-318.156	-13.6904
605.351	441.454	-18.437
-537.887	-903.378	15.9298
40.6037	-295.405	47.6593
92.4195	476.217	-13.8094
-1377.42	-13.6064	-6.79183
212.955	-1316.12	36.2127
131.696	232.965	-14.4889
1297.03	156.533	-23.0746
122.167	1120.9	-18.5618
608.521	-434.496	7.15829
-281.645	-232.444	64.0395
-319.447	-392.97	81.4416
1316.22	-310.921	-17.1294
-718.998	-181.442	-2.08706
-307.856	-1364.12	49.1324
67.1649	-595.115	66.5629
-285.926	427.7	-13.528
-891.798	535.237	3.95706
359.295	1251.21	-20.1123
-891.287	587.785	3.33651
906.831	-475.509	-9.0364
347.305	-1079.5	67.5698
1415.31	-868.192	-0.633362
-1413.05	212.979	0.302442
60.7378	-944.898	100.092
984.754	-363.533	-12.6831
268.615	-50.2857	-7.21721
-1252.6	-1157.2	48.1858
943.993	665.441	-16.9171
719.61	-857.686	85.8197
355.74	217.749	-14.2626
-859.472	803.762	9.59775
84.0339	-991.507	92.1363
506.89	-673.261	70.8763
-531.306	-1125.88	17.911
-165.408	-449.166	99.5929
-1037.24	847.002	8.26244
-1450.59	1070.78	16.7529
-504.406	-637.863	16.9136
-1011.89	72.6967	-9.69508
543.145	-1238.12	35.5407
573.062	1411.12	-22.0497
407.762	1344.68	-18.5248
-918.427	378.078	-6.2984
-729.42	581.212	-1.63011
-700.53	762.801	1.2882
628.949	1041.18	-19.0608
-1241.41	439.792	22.7562
-1277.62	5.70494	-9.7416
-142.517	131.616	-5.70591
250.224	1061.43	-18.8187
919.409	-657.684	11.185
-390.419	618.158	-10.7768
-1121.1	-218.918	-4.72537
754.796	-44.9537	-17.0049
-73.9736	10.94	0.955339
-442.38	256.363	-5.05385
-1356.8	845.746	21.6053
-637.291	-846.665	10.241
-6.38269	-445.669	76.6101
-271.654	661.334	-11.8523
175.857	-1361.87	36.1524
-433.149	-745.677	25.8783
658.824	770.709	-19.544
-1417.18	-1186.14	45.7214
-12.571	-334.785	70.2351
-504.069	-482.193	20.4294
-199.253	-1278.15	69.95
-461.428	-735.699	22.8651
681.294	-1171.53	39.8213
-632.673	638.888	-7.6971
99.2988	-683.394	72.2776
-1442.77	1300.23	-6.11523
293.25	339.533	-15.5471
-350.238	-1305.37	40.9927
-561.592	609.949	-11.7329
420.184	-912.199	115.875
978.226	215.482	-20.6806
-729.587	-1263.92	29.0781
677.289	-268.509	-11.0152
-45.5702	1439.52	-16.7748
-616.606	602.447	-10.5653
-975.872	636.222	4.8948
1269.5	228.371	-22.1228
256.57	-512.467	23.8383
662.885	707.397	-21.5148
788.428	-123.958	-20.9186
-1196.19	-250.683	-3.68791
-1257.77	-881.75	39.9955
692.539	446.478	-18.9104
-1446.13	-1163.28	41.2821
-451.479	1192.32	-18.9342
81.1201	148.973	-14.4392
594.305	375.146	-18.7848
-486.684	1328.46	-18.5038
-1175.78	-1474.01	86.4355
1171.37	-1496.08	48.453
157.558	957.123	-19.6762
774.828	842.337	-18.6431
-33.3394	352.072	-13.6305
-598.286	-384.76	6.63371
401.95	-5.73096	-11.1417
-241.131	-780.853	64.9158
614.009	379.704	-18.9103
602.568	-1196.84	38.7856
-636.063	199.543	9.88865
575.852	-1294.17	32.0416
-1480.07	-1145.95	33.9796
1405.14	737.198	-19.828
831.316	993.184	-16.582
-383.422	182.664	4.84244
-877.495	-876.144	16.7571
113.333	617.786	-14.1678
1031.39	-88.0243	-20.0523
695.071	1255.11	-21.4701
-240.465	-301.029	74.4457
-1230.98	220.111	-7.73032
464.728	268.243	-18.9361
-272.908	-1160.85	56.8894
-489.017	308.324	-7.10457
653.019	826.662	-17.633
-703.242	402.783	-8.48061
742.278	420.721	-19.9183
-1133.92	-1161.45	42.7025
221.363	1301.46	-15.6173
393.549	-895.752	118.925
-1088.84	1217.2	-13.9695
0.341119	-227.748	38.134
1385.4	-1469.53	82.1985
1101.52	1249.2	-18.5158
1375.01	740.786	-19.714
1265.66	203.042	-22.1902
72.444	945.624	-17.7633
1018.1	-416.699	-10.267
-105.457	472.715	-13.753
-641.154	-965.435	10.4569
203.608	-684.591	58.5636
1277.6	112.894	-22.1787
1245.91	-1205.32	86.2475
-1121.25	-116.011	-5.34292
628.148	-618.682	44.0769
-640.533	-354.832	3.98143
210.802	808.502	-16.182
-149.041	1151.82	-18.6745
1315.53	270.916	-22.799
486.749	-187.804	-6.5783
-582.436	-531.143	10.0611
-661.773	-962.584	9.69917
-1442.5	926.909	24.8789
1422.17	-294.661	-19.5239
-352.723	86.4158	23.2037
-442.706	-638.229	28.0049
90.4084	539.738	-12.2191
21.8605	-363.097	66.2112
1269.88	-104.792	-19.444
659.862	-1069.51	63.1173
890.639	1078.26	-13.7672
133.847	-381.652	35.4468
511.261	-1298.3	31.3936
344.024	-820.9	110.587
1068.65	409.904	-18.1388
841.611	549.621	-18.43
1392.59	61.7089	-23.9221
1493.54	-1225.51	85.3788
204.946	-1167.95	50.4688
1259.2	-334.702	-15.4703
-1284.6	343.706	15.3787
-5.41159	-439.82	76.3542
764.887	1095.49	-18.968
-453.079	-1486.87	55.4881
-724.522	20.1466	4.07936
681.396	-284.312	-10.4508
356.41	-823.995	112.415
922.425	470.339	-18.6362
-1334.65	-1112.35	50.6907
1129.87	-146.874	-16.6433
-682.296	928.546	-13.1931
1335.38	439.972	-21.5065
-138.538	-438.76	95.0522
355.952	972.283	-16.5667
1303.71	-602.839	-9.30646
-346.976	603.215	-10.9813
-675.405	-494.718	4.23592
-1068.05	-1101.49	38.869
775.073	-625.329	19.9197
574.985	1160.66	-21.8884
-420.977	682.462	-7.51157
-1259.95	-393.295	0.560094
786.877	319.732	-21.5168
835.962	1184.81	-15.0654
562.649	1040.04	-18.891
612.474	294.143	-20.4182
-233.444	-1280.78	63.7359
-1244.34	-1241.45	47.1774
1379.85	1283.12	-23.7598
564.73	-1453.93	23.9754
-1119.87	497.577	11.0527
885.447	-1426.92	26.2168
1206.08	-1355	83.0946
-1257.2	836.636	20.6736
-845.225	47.8544	-6.17264
-1221.97	-1315.82	58.6868
-386.499	1337.04	-17.9678
-264.908	-383.399	85.8605
-411.224	135.796	16.5451
524.014	-291.47	-2.63881
-922.015	-1298.59	40.2509
-314.418	97.5058	17.3675
-560.868	-622.587	12.6453
464.681	-1011.67	85.2282
797.095	939.713	-17.5523
733.786	754.348	-19.7191
1047.09	-277	-14.5467
439.87	-877.986	121.173
127.747	442.917	-14.4515
-766.92	1418.03	-16.8249
1322.79	-1460.7	80.2071
19.1597	1141.25	-17.9947
-1256.07	533.803	24.8937
347.086	-1393.93	29.8901
-313.869	1068.66	-19.6164
462.965	-504.976	22.9029
-1059.61	-113.623	-6.78645
32.43	1127.6	-17.8158
49.9798	-1335.58	43.466
787.797	-754.817	56.8666
525.777	-1110.27	53.4376
513.129	251.714	-19.6083
571.576	-1145.98	46.3535
901.09	-1017	72.3534
-1371.13	-1295.55	60.0555
-1344.51	-907.675	42.5315
146.919	692.447	-16.4344
-45.6239	9.38331	0.511363
531.291	541.566	-18.6338
411.943	-1080.57	63.8307
-245.6	-1270.1	61.4595
6.34768	866.118	-16.381
-258.096	-1089.87	62.2042
650.996	723.493	-21.3244
1182.31	-633.982	-6.82938
144.606	-689.641	64.0522
-1475.75	217.161	0.0378769
-1384.08	1213.53	-4.45783
241.649	-526.506	26.1072
-1049.21	-808.474	21.9203
-1446.87	-770.857	22.3196
641.308	-200.097	-10.4975
-1290.92	-190.632	-5.55293
253.17	-1238.98	41.3759
-346.792	-523.622	67.4439
81.2594	-245.269	28.7338
313.921	-328.179	3.38644
-941.522	1402.75	-15.8078
1330.93	841.904	-18.2331
-602.797	-504.902	8.28357
449.496	-95.9004	-8.80495
297.304	-1460.05	29.0939
-265.315	1152.29	-19.6147
-399.042	34.3749	39.0686
646.643	-927.435	96.5242
-943.857	-1489.59	48.8606
-1338.93	761.521	8.23537
-1115.28	856.13	16.1482
664.291	1433.87	-24.5846
-9.23579	304.484	-13.5995
153.585	-844.097	104.687
-1134.87	1204.33	-12.3003
1188.05	624.527	-18.6387
1022	1195.07	-15.797
190.572	198.154	-14.8557
-301.727	73.4498	22.6463
-1382	1379.73	-8.16214
-240.844	-1161.22	65.9368
-732.313	-71.7243	-0.685772
-1466.54	468.152	51.1991
-1027.32	191.948	-10.9768
-1038.2	-297.851	-3.19744
845.554	-414.468	-10.4329
1370.61	-1021.82	36.1413
-400.861	52.2686	34.4312
1212.91	-539.589	-10.1522
788.067	-287.079	-14.5867
-1377.06	-556.674	12.6102
-718.599	528.478	-2.41801
-1193.16	-1139.74	44.8486
643.032	-1240.4	35.096
1091.44	-763.539	15.0724
751.673	-731.335	56.1237
169.81	-1354.99	36.4973
735.548	-1142.59	44.1753
-765.981	676.802	-0.00736741
872.219	-512.024	-7.27639
956.124	870.688	-18.6397
436.018	1416.18	-18.3273
1069.02	1280.31	-19.4218
-759.919	1301.61	-18.3145
-271.174	1246.58	-18.2297
-162.513	100.402	-0.651868
-300.772	75.9333	21.8133
-1310.35	-58.8947	-8.32209
-591.271	782.947	-7.42557
417.565	-1406.2	27.1741
906.274	-145.705	-19.6154
-455.969	-944.343	23.7801
1446.55	760.006	-19.5901
-571.115	-4.54091	31.0595
1286.25	-567.544	-10.0939
503.72	1202.95	-22.6774
-993.798	-247.227	-4.71413
-1081.65	-1326.12	55.7321
132.517	844.82	-17.1902
-1465.86	551.496	39.4971
1067.51	745.484	-18.501
152.433	-622.746	51.4425
-920.731	126.781	-9.12481
-1364.98	-1002.55	48.2721
3.4516	-702.948	93.3396
468.577	1139.88	-21.3388
-565.812	-59.3879	29.6638
932.421	-672.249	12.4157
1328.53	-367.463	-15.0722
-512.046	1268.92	-18.0155
1447.35	1250.88	-23.3497
-476.767	402.629	-10.7522
-458.807	696.045	-6.60841
639.259	366.774	-19.4511
-1473.32	-1383.93	93.2504
829.787	-68.6258	-19.549
-1359.3	-108.416	-7.21696
-457.728	-441.725	30.7143
-326.297	495.543	-12.0769
-868.516	823.551	8.0259
-1340.2	-752.36	32.7836
-444.621	124.984	21.5636
36.4543	-378.325	64.6936
360.132	868.407	-16.1846
-1228.9	-43.6287	-7.31783
181.692	1023.43	-19.6256
-10.0875	76.8643	-7.42719
-516.426	188.1	12.1246
1306.14	-869.918	5.87597
878.464	-1251.42	41.0348
548.035	185.694	-17.6159
637.785	-1313.81	30.9837
-542.325	-1004.41	16.2384
-794.704	-902.492	11.6534
-387.983	-1034.88	31.021
-347.81	-179.552	54.9477
-1019.22	-815.545	21.3124
105.913	686.067	-15.5994
43.8839	884.951	-17.017
-142.316	-1037.03	95.3366
-1343.82	1343.38	-8.84244
1207.64	100.143	-20.6147
834.259	-84.5357	-19.9035
-231.227	849.896	-14.7312
-1134.78	1318.52	-14.2644
-1070.95	-1490.61	73.1174
-607.577	497.848	-9.48813
-1107.51	1286.44	-15.4162
-1081.18	-945.072	42.7402
-515.57	1474.5	-17.2125
257.318	-436.13	15.9823
112.546	-358	39.9998
-753.722	318.698	-7.4335
-143.948	104.443	-2.30772
1304.76	730.972	-19.6312
1409.36	486.416	-23.1781
-1428.2	839.446	14.889
-1017.15	1206.07	-15.0028
-938.739	-713.618	12.9337
-1284.19	723.167	6.5798
248.717	298.388	-14.8451
1120.53	839.711	-18.6983
310.845	-1029.4	81.6709
102.749	-1110.99	72.7588
357.029	-1046.18	76.4776
792.221	1078.07	-17.9652
-1104.2	-906.106	35.3051
-302.573	796.894	-13.5881
690.51	-984.947	86.9006
-866.616	1017.83	-14.4672
-725.76	-635.373	3.17843
-1277.77	1033.02	11.7393
1219.14	-1438.63	72.5301
689.841	-1199.82	36.9253
-1469.75	114.254	-3.7239
-1164.09	-1342.83	61.0354
537.865	-595.469	47.803
662.901	-1051.91	68.5045
293.831	-106.131	-6.42728
751.784	-956.104	84.1993
489.022	188.336	-16.4181
831.383	-429.674	-9.49898
1000.95	-44.1175	-21.812
-38.6109	536.005	-11.8299
-1016.11	347.957	-4.21944
213.56	157.935	-14.0439
-180.747	1292.76	-16.9892
598.406	621.71	-21.5006
248.309	182.661	-13.913
-1180.93	1182.09	-8.52055
-324.576	-253.471	64.0864
879.101	-526.247	-6.36727
1136.03	-1249.94	76.0023
-1157.63	-375.338	0.625078
529.056	51.8676	-13.3596
-262.523	-128.395	54.3792
1163.2	866.881	-18.2436
169.42	-238.876	13.5307
-1221.22	790.527	12.0541
-1495.57	1368.78	-6.00704
1226.31	-375.288	-14.3993
-398.924	250.592	-7.3028
291.753	1085.08	-18.4806
-15.6215	426.508	-13.1805
856.763	1015.71	-15.4561
506.112	-866.23	114.126
-774.015	486.403	-1.21345
1308.97	1053.2	-20.2177
262.397	-47.9267	-7.00823
260.929	109.273	-11.3647
-937.314	-1077.83	37.1943
50.2361	517.232	-12.3561
-878.777	-362.159	-2.07458
1373.84	-379.499	-14.8907
1277.04	225.207	-22.1104
421.49	-1200.75	39.7931
-67.7896	-104.211	18.9845
-772.451	-333.692	-2.05502
-702.579	-769.698	6.00035
-962.028	-367.009	-2.21477
-85.9557	-489.16	95.354
897.262	-1066.3	68.722
1299.13	843.19	-17.8508
-770.272	-328.356	-2.16082
-616.429	289.22	-2.3791
683.208	830.751	-18.0049
-503.44	-541.644	20.375
-324.743	982.166	-18.0409
-629.524	-789.939	8.58625
503.225	824.328	-17.2837
-317.348	-542.851	80.334
-1197.18	-36.2791	-6.49457
-1023.82	-601.764	7.93238
-1474.08	362.402	29.0898
415.216	-753.926	93.5542
-731.143	-330.665	-0.98344
-156.644	-807.485	84.1002
785.776	-68.5395	-19.3301
908.077	-1398.32	29.8631
276.963	-1278	37.3791
1048.99	-841.201	50.3072
1320.11	-765.078	-4.83385
-1309.29	738.347	7.25511
555.588	1464.48	-22.7651
561.524	-57.1944	-10.6574
-915.812	229.443	-9.70994
458.495	-612.736	53.6897
633.951	-426.323	4.76506
-29.3694	-498.614	83.7411
-1460.01	243.218	1.91685
-963.935	-1429.8	50.1952
1108.01	1378.12	-24.3409
1146.4	860.724	-18.4113
967.829	283.085	-19.9082
-505.468	1346.78	-18.6872
955.77	1192.55	-12.7504
1260.24	382.034	-20.1556
1296.07	509.107	-20.4206
-34.9152	1280.47	-18.784
1443.99	749.22	-19.8687
-448.124	-1376.62	35.3037
183.533	-627.884	46.399
-1306.01	1033.91	14.9572
874.845	-167.318	-19.356
968.464	549.969	-18.0396
-1132.94	541.588	10.273
497.374	-865.696	115.38
-175.911	-1016.9	85.2725
640.984	481.839	-18.633
-247.177	285.332	-12.0668
-1197.25	-930.017	40.0676
183.859	537.934	-13.9147
768.884	27.7605	-17.7483
-258.845	-232.554	63.6543
397.123	-347.975	0.842619
-775.891	-567.764	0.762778
1162.16	-1045.84	63.0709
217.605	-353.674	14.6531
142.823	1164.46	-18.6966
-1054.09	647.12	6.02031
740.546	337.347	-21.2746
398.692	1330.96	-18.4754
457.35	-263.496	-3.79014
-1197.57	521.215	17.1286
831.031	-477.169	-9.15915
978.357	191.267	-20.8627
553.737	1467.24	-22.7938
1273.49	421.536	-20.5327
-303.765	-1168.28	48.84
893.407	1165.01	-11.8815
-50.5148	-971.578	104.617
-212.534	-270.533	64.2585
-132.766	109.367	-3.6091
1187.85	-126.198	-16.8428
480.358	1258.86	-21.2951
723.34	542.788	-18.9691
-291.267	-615.732	82.4192
12.8935	-378.331	71.9843
-1492.83	-422.053	1.81909
-1043.96	-510.122	2.5438
381.494	27.7686	-10.8413
-993.161	526.575	4.82485
-956.403	2.07876	-9.45586
241.49	1313.35	-15.3901
1488.89	-711.035	-8.38048
1398.4	-996.015	21.3395
113.739	1427.58	-15.8573
-723.667	50.7079	5.87886
1279.48	-821.45	1.44376
-316.46	231.051	-8.24659
1451.82	88.614	-25.3148
141.744	943.904	-19.2767
-1482.52	1009.23	21.0677
1227.43	-0.472285	-18.823
-44.2136	286.467	-13.679
-1321.56	46.9061	-9.23984
586.436	-519.713	25.1309
1487.54	666.029	-21.3886
757.568	419.879	-20.1956
-888.348	1311.54	-17.3164
1490.53	100.714	-26.2657
1298.78	624.362	-21.1124
-52.1308	-1030.93	106.17
-654.446	571.137	-8.81414
-550.255	-1005.34	15.6335
-527.683	-919.403	17.0522
1048.76	920.269	-18.4737
-654.568	932.014	-14.0005
189.661	-110.199	0.928841
111.269	-1040.27	81.0358
1084.07	963.657	-17.6968
-1388.47	-299.566	-3.55016
475.265	-1035.73	74.3582
-165.282	947.055	-17.4437
-599.443	-301.117	5.77392
-459.283	-913.484	23.1722
982.19	-1314.11	51.29
-673.916	-149.344	3.5849
-1167.74	-1328.93	58.2955
-348.976	-1386.59	43.0367
-1145.5	1394.01	-13.3512
582.63	958.685	-16.7059
-1288	-1029.31	56.2496
1407.43	645.796	-20.6534
366.757	-709.947	74.6139
1101.02	247.655	-20.1477
817.855	-37.654	-18.8401
177.283	-1335.59	36.4519
939.946	-759.78	41.9775
799.351	346.364	-21.0819
516.288	-1399.48	26.2996
-698.007	920.749	-12.4116
-1053.25	1101.6	-12.2553
390.698	891.227	-15.9636
738.945	675.259	-19.5864
-212.954	-1286.62	67.5785
36.3829	-19.1349	-1.99638
337.196	436.851	-16.9431
-976.186	363.167	-4.90506
-1079.57	240.221	-9.5519
-893.145	649.461	4.61717
397.137	1038.15	-18.0074
426.523	701.065	-18.6234
-688.848	1279.1	-17.5903
170.026	-1383.06	36.1052
-966.337	-1337.75	46.9256
-556.721	-1010.17	15.343
-353.929	707.117	-8.77006
1054.07	899.515	-18.7893
1462.91	-602.091	-10.5344
1192.24	777.244	-17.9902
-1309.64	-1061.17	56.5972
783.554	133.502	-20.802
366.726	671.329	-16.9824
-115.042	-331.61	81.1549
-844.168	-143.234	-7.4459
567.936	460.553	-18.3599
756.785	1093.69	-19.2738
740.263	499.133	-19.5884
218.588	785.466	-16.1519
-1414.76	-1284.06	59.871
590.891	925.469	-15.9619
-336.885	-817.775	39.768
-329.633	537.417	-11.7347
676.189	-555.025	20.1373
-1187.04	377.668	8.70451
-346.886	16.2742	41.1949
-1213.52	-50.0502	-6.89512
-1002.77	7.73658	-8.59867
548.087	1405.73	-21.2352
-46.987	383.297	-13.1998
258.989	561.034	-15.9529
-894.115	-924.307	21.3323
-1140.28	-395.029	1.15357
418.426	1478.99	-18.3127
1495.66	-106.108	-23.3195
835.799	426.352	-20.3767
784.256	-180.317	-18.6954
1075.48	-45.9052	-20.5212
-1262.2	-383.506	-0.341712
-1437.09	611.805	16.4076
-203.47	-705.972	93.1264
-915.065	367.082	-7.18732
1261.23	-1358.17	90.8137
-1054.5	-204.908	-5.69895
-536.249	-429.867	14.4968
52.9458	626.961	-13.5975
567.339	-19.2182	-11.504
690.622	925.079	-15.6597
57.2374	-228.477	30.9469
-35.9108	-247.39	50.913
380.23	-637.192	52.328
870.462	-720.935	36.277
257.334	1109.33	-18.7714
1487.44	69.937	-25.7057
-1251.07	1343.8	-11.1912
1314.52	1033.06	-20.1615
-271.896	-265.368	64.9653
486.478	301.931	-18.6581
-218.717	-592.653	113.949
-706.344	504.454	-4.25571
-1396.25	-1038.09	42.8027
-1295.41	126.441	-8.66956
-838.171	-747.59	7.93021
-196.011	1441.17	-17.6388
-814.833	-555.564	-0.00111125
518.854	-432.961	9.39685
-980.659	14.627	-9.41358
1008.03	-1226.75	65.9133
-1339.38	238.062	2.71226
300.433	-775.458	92.4711
-228.719	20.2332	23.6297
132.02	-663.221	62.2689
-680.515	-473.443	3.43337
-1294.84	-419.786	1.08656
-330.351	1105.82	-19.8232
1144.28	-138.097	-16.7947
-259.783	258.18	-11.4528
350.055	-838.484	115.177
614.704	-320.206	-4.46935
-380.721	-1125.61	34.1011
712.568	520.679	-19.1382
-529.127	849.146	-14.3815
-28.8918	-1178.47	74.5923
-564.178	1325.85	-17.939
1096.09	-407.783	-9.18396
-1382.03	-352.624	-2.80988
-1130.17	1148.63	-8.83399
857.686	-865.573	87.2451
433.101	-357.656	-0.213324
580.232	-181.982	-7.94828
9.48432	-1330.14	48.2345
-244.701	-409.81	92.5049
611.704	848.173	-16.3356
657.164	1486.02	-25.8777
-1090.05	953.663	5.81144
-359.433	-581.464	58.6002
-212.923	-128.133	43.8397
429.677	1082.69	-19.7681
-707.495	-145.152	-1.17978
1184.49	-1026.79	59.6806
544.279	49.1379	-13.4507
-877.833	1494.49	-15.7436
418.578	-1151.1	49.4667
-1050.06	-1278.65	51.3617
209.104	150.041	-14.1812
-105.346	1385.05	-17.8337
-1286.17	-454.363	3.61922
-899.323	170.432	-8.8529
-350.207	-726.628	45.047
801.664	1481.2	-25.6698
-920.634	275.74	-11.0051
125.043	934.994	-18.8748
1297.62	828.071	-17.7378
-811.473	1077.97	-17.2921
-395.455	-1239.12	32.0255
198.009	-537.253	30.0637
66.7294	-27.5923	-1.63372
498.402	-967.921	102.95
163.836	615.737	-15.0428
-889.254	1457.2	-16.1619
-976.998	567.433	4.92806
-814.676	1376.94	-17.5365
192.628	1442.97	-15.2199
-200.314	-38.4852	27.7119
-1119.3	987.497	3.25312
981.354	1483.43	-25.8536
1295.32	-53.5806	-20.5247
-908.259	-446.082	-1.86174
1011.68	-923.183	69.6525
-805.743	-136.168	-5.76424
367.399	1197.29	-21.1544
-1365.22	-1199.27	49.1458
-1444.83	-862.69	29.0891
1212.46	-403.341	-13.5388
-600.998	-347.635	6.08129
-1245.41	1461.99	-10.8569
-1151.9	1408.32	-13.1318
-1425.16	1257.74	-5.36582
342.416	1181	-20.7097
-799.743	-891.313	11.4604
779.966	-1334.11	27.3581
1218.19	1206.85	-19.08
1464.07	638.176	-20.9681
778.696	544.25	-19.0977
190.646	-198.932	7.52016
-396.476	-101.679	58.1514
-182.375	809.788	-14.2116
-1381.66	-479.215	3.61158
-1305.56	273.246	5.61415
983.796	-553.019	-4.5679
-30.5934	-117.693	18.3853
-452.89	-1482.13	54.5304
-770.9	880.395	-3.72851
1045.58	1200.95	-17.0147
-1406.78	-658.331	24.084
685.992	1067.35	-20.1629
-1120.36	1182.51	-11.4481
1015.07	-1132.63	73.1305
-1233.38	1189.63	-6.62834
272.081	-158.628	-3.72638
-1466.98	-522.628	4.50656
509.204	-538.22	31.1828
-205.612	152.665	-4.28763
553.379	62.6116	-13.5264
804.216	1275.99	-18.2505
-810.197	-458.112	-1.69821
1137.74	-902.994	43.8384
-462.91	-860.312	22.5493
873.352	-152.11	-19.6303
82.6604	1309.71	-17.9563
1008.59	-423.394	-10.0082
873.03	345.038	-20.3769
-301.159	-245.157	64.794
-656.537	-475.778	4.77776
-548.911	-45.4962	34.1287
1183.75	218.421	-21.9887
-1469.95	-1179.06	41.4574
572.171	995.124	-17.551
1193.27	652.042	-18.5995
-1112.19	-1482.93	78.9659
-139.809	-403.371	91.8236
-791.464	455.666	-3.98097
205.781	-627.54	45.536
1227.13	167.693	-22.8511
-1324.25	627.393	12.188
-343.265	409.433	-12.6648
-658.042	1254.73	-17.1708
-1375.41	-82.7498	-6.48122
-889.108	1417.71	-16.2178
436.777	-802.415	108.116
-1312.67	403.768	29.0572
138.277	-962.806	92.8448
235.237	1074.59	-18.946
1470.59	-342.851	-16.3754
-908.386	-411.92	-2.01651
395.647	-138.326	-7.27251
1182.89	-315.753	-13.193
-283.119	222.68	-8.5052
-916.304	-343.663	-2.02522
598.838	-1294.08	32.1667
943.965	517.885	-18.5164
-1406.1	-7.25467	-5.58932
561.606	1087.13	-20.3861
1432.05	-159.693	-22.4129
158.625	-517.364	33.1516
-710.559	720.732	0.0887568
1023.43	852.74	-19.1212
967.439	-410.525	-10.8554
703.222	-375.66	-4.71162
338.282	-494.879	16.6442
74.5647	822.587	-17.1905
-601.958	-339.277	6.01225
-573.542	-896.738	13.4637
-133.615	941.803	-17.6815
246.681	1344.99	-14.5223
675.481	-1334.09	27.9144
-952.85	169.827	-9.6108
-733.781	1077.76	-17.3865
-238.332	553.818	-12.625
-1078.8	-1081.61	41.0622
-1201.46	802.223	13.3087
827.646	-360.342	-12.0356
-1449.39	489.804	49.5982
208.794	351.673	-14.5281
306.386	1304.39	-16.8422
-115.243	-1202.13	77.6303
1305.86	1258.95	-21.3222
-1194.92	-218.83	-4.42602
-1483.8	739.72	6.59516
502.356	317.019	-18.7567
-1180.84	721.336	7.13735
-393.555	-18.2141	51.5008
-339.49	-367.118	71.622
-1100.95	-686.48	11.5191
-775.87	-917.885	11.5546
635.988	-404.242	2.05591
-1480.02	-1192.29	43.2392
681.298	598.724	-19.1235
-250.48	204.201	-7.57125
-393.163	-1264.19	32.8594
-43.3078	957.402	-16.7906
1327.29	-314.912	-17.3901
434.975	1105.87	-20.356
-278.491	-1160.98	55.4792
1423.41	897.25	-20.1668
342.945	726.786	-16.7355
1300.74	1366.96	-27.2188
-1450.61	579.003	28.0609
-565.624	0.704811	32.3387
-951.261	243.341	-10.5996
1377.32	-1397.66	96.3317
-767.922	120.92	2.47942
-1435.56	-1213.5	45.4024
1349.67	-1448.17	86.4119
-841.272	1488.7	-15.6369
61.9807	-815.538	102.959
180.413	266.353	-14.2602
277.662	-1064.55	70.5127
653.947	821.497	-17.8439
493.118	1067.92	-20.0043
174.227	-384.086	25.8026
-1091.61	775.304	9.24794
-544.479	1115.14	-17.9399
136.112	337.781	-13.5212
140.101	776.304	-16.8078
-1103.63	423.225	6.88683
942.809	-768.24	44.9414
875.237	-410.075	-10.8392
-797.101	971.884	-12.5012
677.166	-613.986	33.8455
-523.306	750.982	-7.96538
1499.38	-56.4964	-25.3088
-224.559	-125.991	46.1516
910.964	1199.75	-12.2645
-1274.59	-317.063	-2.5375
-289.042	966.869	-17.6133
-1407.07	855.926	20.206
-381.464	-1355.99	37.7715
459.315	-890.329	117.779
1472.72	1186.16	-21.1987
-182.231	-506.213	114.497
-373.725	1386.88	-17.5159
-127.753	683.134	-12.2412
-983.445	-1031.02	40.8195
-453.074	-156.448	38.3747
-315.127	-689.036	62.6741
928.959	-1428.86	28.23
-781.684	536.264	3.56294
1436.49	342.568	-24.7914
-1234.09	-476.171	7.53333
1072.66	-905.167	57.4711
294.133	-583.81	32.9808
802.315	-663.138	26.1517
1033.93	-276.331	-15.1077
-1227.76	1195.36	-7.3626
-348.147	96.2257	20.5389
-807.481	964.855	-11.9404
-1221.31	987.908	14.5734
-335.62	-1277.19	43.6493
-396.748	-533.719	44.5098
-1028.65	-564.505	5.22168
-25.0789	860.564	-16.4283
265.04	1124.97	-19.2224
1231.18	-204.056	-16.2378
99.2391	-958.361	94.6719
1079.24	287.237	-19.2291
-585.496	-833.604	11.7787
1221.05	-1061.8	67.928
-1419.94	525.328	44.6914
-650.913	935.918	-14.2308
-1382.16	-539.011	10.3087
1425.82	-352.295	-15.4649
-415.399	-267.238	39.8369
-390.156	334.332	-10.4786
1316.63	-601.163	-9.44373
-1388.47	-125.795	-6.15734
-900.607	1385.81	-16.3918
1349.89	886.449	-18.7719
-392.646	-1301.64	34.5851
1193.41	-389.364	-12.9946
-1097.68	492.755	9.90562
-1143.35	964.688	9.95452
-1425.01	-815.276	29.6572
524.091	-648.927	64.7614
677.879	-850.459	87.9335
1097.86	-863.259	47.3061
-1342.39	-1207.32	49.4072
499.51	594.65	-19.1279
265.829	766.583	-15.6385
124.82	1205.13	-18.2513
1227.96	-215.718	-15.9873
-1263.14	-342.606	-1.46561
-388.582	5.6469	46.1379
-136.579	284.5	-13.6704
-859.197	-790.529	11.5041
-1027.02	1084.5	-12.5862
-1286.92	310.287	10.1116
-1336.99	147.723	-6.55226
-1028.24	-920.208	37.8545
-1225.18	-1117.41	48.1675
-344.187	-1188.76	40.7567
660.927	753.121	-20.2087
531.22	595.135	-19.4116
-868.553	335.137	-10.5266
-408.42	233.456	-3.45328
-936.041	1311.61	-16.8388
1243.57	1384.01	-27.3994
1257.9	742.084	-18.566
993.999	877.479	-18.8149
-1136.29	-86.94	-4.76405
857.409	417.692	-19.8722
-1133.85	-648.101	9.04331
1143.77	91.6228	-20.5012
-1410.67	-574.922	14.2737
336.886	-1421.18	29.1751
1015.11	-321.835	-14.0464
-248.58	85.3396	12.4832
-1133.75	-1386.84	68.4531
1183.65	716.237	-17.4556
-1350.95	295.367	8.65515
69.8457	1396.56	-16.5539
-854.935	179.985	-6.37343
-266.567	636.152	-11.982
-1231.64	619.335	10.9159
1272	-174.274	-17.8694
1219.49	2.74082	-18.7555
-322.87	610.137	-11.3847
257.712	-29.8254	-6.88948
1006.25	1379.91	-22.8943
-668.274	-934.839	11.8478
1422.33	1386.81	-26.7448
302.794	1001.13	-17.705
484.349	-1233.27	35.9975
-413.635	457.04	-12.3734
-1068.77	-643.296	10.8627
282.142	641.585	-15.816
-780.544	1317	-18.5917
1286.3	-1443.97	82.28
153.189	-1119.26	60.4522
737.914	-309.588	-12.0027
211.837	1266.39	-16.5737
-169.239	537.877	-14.1998
-554.16	-546.767	13.0465
-84.1527	1230.19	-18.7596
977.785	878.345	-18.7185
1063.18	-38.6031	-21.0128
-983.848	531.644	4.59886
629.297	-536.873	24.8521
-340.544	-68.5558	57.6443
-734.938	-920.105	10.4041
872.262	-1011.39	74.0238
253.513	422.989	-16.4242
129.48	1247.01	-17.8973
513.755	669.876	-20.6296
354.162	-239.427	-2.59985
-283.642	343.439	-12.325
304.607	-1461.74	28.7074
389.677	-754.339	92.4114
-81.6357	882.175	-17.2241
50.5276	659.345	-14.3529
1174.24	-816.129	17.6065
701.839	1270.66	-21.3186
-1313.2	-1156.67	49.9503
-1157.66	-1065.18	45.8973
-220.785	1008.78	-18.1364
-442.615	847.539	-15.7835
-254.72	-435.466	97.5188
165.414	-284.17	17.29
-691.398	-774.731	6.18187
246.83	-712.21	68.1778
1383.62	867.926	-19.1859
814.505	-468.921	-8.02905
-691.665	-21.5976	7.43066
402.572	43.4361	-11.5958
-865.286	-1253.62	33.9821
443.336	-1350.86	29.1494
-632.536	1179.42	-16.7344
-1488.55	-1474.51	124.858
-563.513	1449.92	-17.7815
778.349	-644.386	24.9368
645.819	-1491.5	22.6014
-240.06	50.8537	20.4529
543.07	632.359	-20.6551
1386.52	-1018.49	31.8828
763.136	-749.224	58.4515
1365.34	-284.69	-18.6864
-1174.2	-202.591	-4.75304
1210.48	352.764	-20.0585
-145.785	-1458.47	56.8186
873.947	-876.414	85.6459
-905.629	660.344	4.56066
-187.223	-933.589	76.3986
-1199.14	-607.29	10.9828
1001.83	1192.35	-14.8381
-858.461	1105.29	-17.6192
45.463	-314.47	49.8265
708.45	-485.971	7.21071
-1434.31	774.884	7.91867
699.869	-602.107	26.2064
789.756	761.99	-18.8152
489.449	-1483.83	22.9569
987.325	-9.5368	-22.509
332.207	905.853	-16.7864
1177.77	-17.6126	-18.664
1039.92	-408.486	-10.4593
-1211.86	-345.361	-0.0929574
-187.542	-1032.78	83.212
-1179.58	30.4559	-9.4467
-356.438	-1122.77	37.9704
866.957	439.906	-19.333
-811.44	-406.975	-1.29201
-55.5652	290.98	-13.6316
-535.179	-1025.73	17.1142
194.396	-498.564	26.8936
-492.042	486.216	-12.0999
-1469.24	-713.21	16.4981
1229.22	955.99	-18.868
1177.5	587.886	-18.6508
-378.266	1414.35	-17.1411
499.036	-864.745	115.158
-749.988	-262.465	-2.87168
229.595	1369.57	-13.8567
120.344	-257.384	23.8678
1328.04	-780.303	-3.79906
-431.45	-905.812	25.651
634.856	1325.04	-22.5983
-1339.43	799.628	12.3839
357.217	695.304	-16.938
950.419	774.603	-18.6736
-587.578	1048.7	-17.8458
-1045.49	1434.92	-14.2166
1208.71	-1387.7	80.3134
-618.486	-1177.94	16.9775
-1027.13	264.664	-9.32256
-664.734	-1425.98	50.8653
0.732949	667.607	-14.4672
-690.438	832.201	-2.12758
-1400.18	-1170.59	46.9245
40.2964	-133.542	14.1045
403.063	-283.046	-1.94768
1236.18	-78.9047	-18.1601
-260.287	-64.6418	45.9163
1145.4	-482.467	-9.31956
1119.5	-400.258	-10.2502
-574.843	-1466.18	47.7976
373.679	257.014	-16.0559
-1093.78	-1096.38	40.8523
1218.55	-1228.57	83.6857
-1127.75	445.781	10.5712
-65.3882	-1031.77	106.361
832.609	843.019	-19.0703
-1007.62	-561.321	4.89395
-1407.7	1453.49	-7.63087
-1252.6	-701.75	22.6981
984.586	1401.84	-24.1101
543.215	1091.11	-20.7407
-586.377	882.552	-13.667
-260.387	574.302	-12.243
-266.306	-147.28	56.5562
-489.161	620.3	-10.1218
-460.192	-329.302	26.0171
-43.6329	1400.24	-17.4794
-1174.22	390.46	9.85386
-1392.88	-1370.12	78.3283
83.8249	-858.209	106.848
1310.95	-866.368	4.8273
-376.953	-1032.22	32.7649
319.247	859.723	-16.3878
-590.486	36.3898	28.0591
269.777	1431.31	-14.8206
105.818	129.115	-13.6596
-171.362	-1155.94	82.8479
955.65	-1150.75	68.2267
619.451	-727.397	76.1201
871.493	-1313.43	35.0801
353.76	679.071	-16.8193
-1040.4	-605.288	8.33813
-979.273	684.614	4.22164
840.728	293.984	-21.1881
-845.205	320.997	-10.6561
241.202	1290.3	-16.0527
-396.077	-618.008	40.312
1341	-739.179	-5.96401
-621.604	-1152.45	15.2325
1342.47	-451.845	-14.0275
-43.6694	158.553	-13.5428
-741.923	1318.56	-18.2995
1248.8	-1247.03	88.2755
-429.994	-1351.19	32.4235
1112.96	834.463	-18.7801
-770.808	-1057.78	17.2881
-606.032	952.475	-15.9309
-712.96	-793.057	6.87528
-624.92	-1185.83	17.592
1442.86	1139.71	-21.1822
-1294.24	-517.777	8.60006
1164.54	47.717	-19.6805
1319.03	135.886	-23.3934
-1246.49	-423	3.55044
-1421.49	598.596	20.3062
275.415	1137.31	-19.5623
840.891	-1264.84	34.6472
-1254.76	-109.205	-6.18458
-656.691	87.7291	17.4129
-1117.05	897.879	12.0472
-501.952	1296.81	-18.3346
-632.396	-795.187	8.61706
-867.919	834.684	7.10909
-1294.54	-20.6071	-9.28917
-468.269	-373.112	25.2118
598.978	1264.95	-22.0958
686.568	-109.889	-15.8828
-997.986	943.59	-0.695682
1039.25	1481.53	-26.4403
1196.48	463.98	-19.3633
-266.495	-510.487	97.062
-542.99	810.785	-11.4675
-580.713	-1242.87	23.3753
342.172	1315.82	-17.5434
1245.9	828.543	-17.8366
-36.4592	-451.119	83.6164
-219.051	781.886	-13.2417
293.13	-2.81245	-7.8714
54.9904	-37.4829	-0.996701
1.57852	420.46	-13.4822
-980.792	-1151.46	37.1503
553.672	940.675	-16.5242
844.144	1345.36	-20.8938
123.302	117.315	-13.2414
-1407.27	-970.165	38.0908
929.304	466.755	-18.7251
-22.0724	547.828	-11.8338
4.95342	340.433	-13.6214
-1015.67	-355.054	-2.47586
1294.57	531.293	-20.4695
-34.3025	-940.939	104.44
236.513	-573.33	33.3731
772.861	426.392	-20.4074
985.57	442.66	-19.1361
239.149	60.1819	-10.0306
117.34	-682.986	68.4975
-467.07	-510.827	26.3822
64.8731	1169.46	-18.1825
54.2847	954.532	-17.4005
1061.33	483.185	-19.1166
-802.844	427.231	-6.59899
-1477.55	1206.45	0.426032
-332.826	1010.17	-18.5687
-227.107	1420.88	-17.4536
927.293	-1121.88	66.5926
-899.027	-445.663	-1.95074
-1092.01	-93.8968	-5.77979
-1174.83	-35.9058	-5.6971
-783.63	-878.509	10.0929
203.71	212.268	-14.8731
-977.105	-1314.17	47.9598
1295.05	-133.109	-19.7834
-681.032	-525.208	4.46279
410.464	-1307.49	31.6512
1028.68	24.443	-22.5196
990.561	1281.39	-17.6307
288.857	-1358.01	32.9707
1117.26	-897.783	47.1273
-1233.11	-784.041	26.6135
-1097.45	-436.156	1.40153
1366.62	-1250.32	102.051
-596.434	356.654	-6.41465
556.842	-237.634	-5.93268
-1266.71	-45.4449	-7.91345
415.613	-1322.66	30.8704
111.239	-1082.53	75.0433
835.72	237.602	-21.5063
-94.0716	980.686	-17.4768
-1316.24	628.482	12.1109
723.345	1169.33	-21.8109
147.845	-1397.32	36.8316
1204.02	-518.329	-10.5246
317.225	-893.352	117.125
-112.276	-738.279	102.894
-273.895	291.053	-11.6493
1136.66	-696.044	0.788571
-1251.49	1307.48	-11.3845
-597.467	-757.803	10.1848
957.733	301.391	-19.7347
-1211.22	175.201	-9.52644
-669.853	-534.026	5.19076
819.538	-323.905	-13.3331
-783.803	219.856	-1.32188
-1495.84	-160.82	-0.688858
1376.8	1475.97	-26.7199
-961.119	-333.173	-2.25684
1035.01	-1287.73	63.5208
-1238.38	871.115	20.8126
1397.45	1181.67	-20.7889
1399.14	643.347	-20.5967
530.233	-176.529	-7.31957
-559.166	-478.97	11.5382
-1176.97	290.08	-3.48404
-50.6999	222.886	-14.3004
379.206	-1266.01	35.3155
909.499	-835.03	76.305
-1128.59	-699.809	10.7603
-1008.63	-1475.88	60.4793
-122.963	625.996	-13.0963
353.93	777.387	-15.5975
-402.941	1025.3	-18.6247
1060.79	-601.346	-2.93072
202.144	-1285.66	38.4476
187.373	-369.318	22.2911
-330.793	-990.451	40.1312
481.724	451.323	-18.0094
1368.76	1195.41	-20.9441
-934.772	-199.272	-6.19734
-607.383	-179.434	11.4056
726.636	-191.857	-16.75
959.663	832.756	-18.8748
-1029.27	140.259	-10.7558
698.195	953.048	-16.5539
-278.766	-1167.6	55.1556
-36.3047	585.962	-12.3549
1322.5	-303.148	-17.3414
-350.624	206.961	-2.03789
-505.015	1341.64	-18.6549
-1406.43	413.751	43.6534
10.5851	-844.164	109.892
-1222.13	1421.82	-11.438
-1050.43	68.5962	-9.25423
1447.72	-628.446	-9.42663
-769.457	-128.46	-4.17915
-269.318	-760.959	60.9044
-1168.77	-318.749	-1.64541
-445.468	920.8	-18.0201
1111.03	-1418.61	53.6555
1400.25	1370.65	-26.1543
-10.5424	-1190.92	69.5236
1140.6	523.135	-18.973
-242.857	1062.79	-19.0295
1167.36	-464.448	-10.5504
1103.83	-1118.47	68.1102
-640.617	-717.919	6.94409
-513.576	443.606	-11.1998
867.854	-530.072	-6.01361
620.009	462.178	-18.3583
23.1915	1250.83	-18.8805
154.049	-365.834	30.2147
623.446	-1243.57	35.333
1066.95	-1359.75	56.1477
791.772	-45.8355	-18.3625
1211.87	134.009	-21.8912
239.235	1463.67	-15.543
1308.43	-1359.17	94.0763
-947.516	-193.104	-6.3093
597.686	-1321.37	30.5793
479.113	1020.94	-18.4036
865.464	852.471	-19.0843
65.5437	1022.25	-17.216
-1172.47	454.614	16.5017
-150.134	202.514	-11.2837
1050.84	-341.469	-12.3332
-729.501	365.606	-8.82408
-559.095	682.555	-6.91695
107.452	955.219	-18.5695
480.606	-1009.29	85.4648
-704.137	1027.61	-16.1104
497.098	-1150.08	46.9922
559.467	-982.367	92.4666
288.568	672.174	-15.7723
49.8321	-850.004	108.532
1412.25	-135.47	-22.7477
-1446.23	1048.49	20.2754
-324.308	-140.96	59.4871
9.67806	-143.599	19.1002
-73.6278	1248.25	-18.7174
-1180.84	-1497.28	91.0333
973.051	429.441	-19.1276
831.117	1062.92	-16.4141
701.01	544.617	-18.7816
1072.77	134.951	-21.6153
155.034	-108.919	2.77107
-20.3759	935.478	-16.5068
397.395	-790.65	103.745
-186.022	537.034	-13.8792
223.715	79.0881	-10.9707
198.692	-1380.76	34.9463
1231.67	137.819	-22.1822
-888.664	1145.56	-17.0981
-1484.08	-438.129	1.75844
-1133.97	575.718	9.77048
1329.03	-826.447	-0.313632
1267.38	-20.3889	-19.4377
66.5975	-1314.37	42.4397
236.814	607.059	-15.9097
-1340.41	-394.46	-2.63494
931.685	1185.48	-11.9178
-1141.23	174.236	-9.793
-596.109	263.404	0.334904
373.692	236.813	-15.2829
-1230.5	-1248.47	46.5859
272.966	-205.722	-1.39312
-59.2616	252.451	-13.843
-1042.85	494.281	7.01271
-60.1197	1166.61	-18.1269
-1192.11	444.895	18.3531
1058.87	975.144	-17.3118
-829.296	503.388	0.941943
-446.077	-1248.52	27.1751
736.851	174.286	-20.7269
-1004.97	247.959	-10.2932
-1259.39	718.671	6.74356
1325.1	145.484	-23.4512
-1438.61	588.76	23.585
4.82742	467.004	-13.0384
705.39	-220.157	-14.2913
473.612	385.237	-17.9327
620.123	1006.1	-17.8886
882.39	1236.6	-14.2095
206.482	-949.001	96.2025
1256.58	961.095	-19.1046
-75.623	-1401.59	56.058
-361.577	633.672	-10.7417
189.774	-1426.58	34.92
-1428.12	-23.251	-4.40349
1409.73	-1.7458	-24.6485
-354.597	-153.809	58.0195
1167.22	372.312	-19.6219
356.136	1192.81	-20.9861
-113.29	-713.164	103.013
637.855	790.733	-18.8015
580.786	-942.081	100.732
-1117.86	499.101	10.8343
815.241	1024.91	-17.1681
-252.118	1333.27	-17.5169
961.49	-1328.36	44.9015
849.029	1230.16	-15.1819
-1075.87	71.6474	-9.82154
24.609	-879.792	108.956
1235.03	-1440.31	75.1282
-12.9857	-653.848	91.5962
694.434	-882.339	89.4693
941.862	-1379.78	34.4257
1238.07	702.164	-19.1063
310.572	1460.4	-15.4711
-1007.79	846.332	6.20254
-345.053	-1161.94	40.5688
-1332.57	306.742	10.0123
1412.23	-925.164	2.92784
-1444.63	-1088.66	35.2961
954.798	1071.8	-13.4612
1331.88	806.949	-18.0442
-852.222	1352.14	-17.3713
840.577	-1208.56	41.2964
-302.666	-648.574	72.072
96.7494	670.028	-15.0153
744.948	-950.729	85.2468
96.8715	-253.77	27.1571
-710.118	814.858	0.815891
562.71	1427.78	-21.9595
170.326	44.2874	-8.58761
-114.987	-269.837	63.811
1121.88	552.718	-18.8464
272.44	-1351.98	33.7018
322.931	-1411.15	29.9788
979.808	56.3281	-22.3254
790.882	1325.92	-21.1934
-1142.92	-1342.83	59.6696
423.013	-17.8651	-10.9411
656.782	-936.902	95.474
-142.182	-525.762	110.838
-712.659	1099.16	-17.9725
670.824	918.546	-15.3628
-1250.43	1105.44	1.04029
192.856	530.756	-14.3687
1116.58	807.744	-18.7919
562.689	806.125	-18.1575
-160.086	-16.2423	15.843
-1314.32	571.888	25.8514
542.969	1479.6	-22.8442
1284.7	1130.05	-20.06
-218.283	-332.22	83.1878
-988.32	1447.11	-15.0839
-349.933	674.674	-9.24193
-1010.16	-491.546	1.47741
-764.239	116.462	3.17268
-1329.41	1029.53	18.2742
-1080.34	-57.0114	-5.77606
97.2706	-631.367	64.3947
-281.456	-912.035	49.7451
1464.75	-73.9351	-24.9191
-1450.91	1220.26	-2.24839
-651.896	40.1037	15.7187
431.161	-655.096	63.3737
-764.975	37.7325	0.406557
-519.125	1082.23	-18.4564
-265.281	1367.55	-17.3995
1325.28	-75.6283	-21.9255
1141.56	-1277.57	77.6561
326.476	-1469.25	27.3819
-159.519	-1159.32	85.4412
-302.988	-170.665	61.6683
324.529	-550.144	24.2222
269.119	-621.249	42.5092
-46.3406	460.854	-12.5571
-1389.63	-453.059	1.49776
964.603	-1285.58	51.5429
1009.49	473.343	-19.2204
1355.45	-539.156	-11.5217
-1190.24	742.149	7.87736
-1081.46	189.227	-10.4436
458.645	333.362	-17.8379
-996.628	-858.809	26.4471
-523.659	-75.9826	37.555
-553.871	-313.903	8.53649
944.995	-1314.46	43.3317
504.757	-385.425	2.75323
121.538	-875.041	102.852
-870.866	-225.583	-5.41551
784.034	-1051.62	66.688
-65.2813	-328.904	76.2628
738.981	-178.956	-17.8989
-875.128	-1352.45	33.1652
634.289	475.624	-18.5074
-483.464	-1484.98	53.2058
1055.63	-719.172	10.264
-496.903	906.688	-17.3428
205.883	397.294	-15.3311
-639.031	434.132	-8.14515
-157.708	-1257.41	71.3853
927.391	-1028.46	69.9545
-478.606	-836.424	20.9974
49.8535	-1169.89	68.5462
832.751	-1433.01	23.4481
-76.2577	-812.943	100.962
-1065.63	-543.642	4.24922
-87.0012	-476.794	93.1755
323.427	1222.86	-19.7307
-256.947	436.005	-14.2116
-880.79	1263.98	-17.7575
-963.477	-1417.18	49.7722
1224.16	757.069	-17.8166
-1465.55	-416.441	0.559593
579.667	-369.95	1.29259
-816.302	-59.8779	-5.93373
11.6831	-86.4525	8.25646
843.352	329.439	-20.8033
1130.3	-771.654	10.8369
670.331	541.311	-18.5895
1164.12	-748.337	2.81519
-327.284	-926.742	40.2542
-247.873	1452.33	-17.4414
-166.697	503.76	-14.7289
683.058	611.249	-19.5678
490.902	815.543	-17.491
139.108	196.605	-15.4036
-1158.14	-523.453	6.30693
-917.726	-1100.8	35.5367
49.1104	558.39	-11.4689
849.668	334.125	-20.6919
-762.992	-1392.4	47.4238
1038.67	112.267	-21.9688
1428.4	220.596	-26.2977
603.059	-1006.03	83.9781
634.002	856.574	-16.3689
451.297	898.832	-15.689
-996.405	1334.63	-16.1082
-561.805	213.566	6.0729
485.345	-678.83	71.3496
1071.45	-992.214	60.1643
1398.99	286.686	-24.784
751.807	762.186	-19.4644
259.751	-914.454	108.377
328.909	-731.493	79.7937
-1144.5	1261	-14.2827
-1091.69	128.788	-10.9453
953.334	-270.746	-16.1923
216.654	-649.376	50.4794
795.927	1328.53	-21.1327
4.50879	1085.33	-16.4917
173.26	103.913	-12.7327
-833.983	-1129.28	29.2307
1422.42	-224.316	-20.4474
911.436	165.652	-21.6897
-706.184	-397.033	1.34089
-1140.45	-1155.54	43.1184
806.846	-227.073	-17.3607
-1094.06	78.2152	-10.3721
-1033.03	1241.03	-15.9951
438.637	-323.822	-1.51914
1048.3	555.87	-18.0589
950.24	939.418	-17.539
-1172.89	1259.84	-13.4044
-691.57	547.706	-4.67515
-314.963	-517.276	80.269
-884.39	-1139.36	33.9734
-1117.57	-1051.6	43.7608
1237.03	146.22	-22.5294
266.431	-1493.84	29.7286
115.862	262.279	-14.0194
726.002	1104.65	-20.7368
-108.433	-622.918	114.497
-160.161	1145.62	-18.7495
1136.37	-610.188	-5.50843
-938.176	1082.42	-14.767
1103.38	-306.922	-12.3492
-171.713	-21.7716	19.1229
1063.76	-1173.25	73.065
-110.997	-317.62	77.1709
-57.6182	-172.334	32.5769
-300.84	-773.775	50.5469
-143.081	-105.701	27.3927
767.436	-201.944	-17.5016
-619.986	-1192.42	18.216
-1402.43	1429.87	-7.75512
87.9151	-57.9592	0.0641427
-1477.7	-880.542	20.1349
-618.629	-982.565	11.5278
-137.138	-120.957	29.0727
90.9374	28.6206	-3.53597
-585.799	455.417	-9.89699
-1460.25	-1388.84	92.9641
-985.105	1089.2	-13.4682
321.189	-575.808	30.805
-759.961	-1408.21	49.8333
-1013.32	419.006	2.13957
1007.07	1343.22	-20.5365
82.0946	95.6338	-10.7336
940.279	1295.62	-17.1423
1189.1	454.828	-19.2712
-184.4	1010.33	-18.2257
784.433	-1429.76	22.6408
-957.179	-592.435	6.54569
1193.67	323.159	-20.257
197.015	467.424	-14.7822
68.32	-866.837	107.182
507.375	-321.186	-1.33588
1327.17	495.889	-20.6868
-1320.73	-900.568	44.0256
513.309	-1417.08	25.5384
576.616	-843.664	100.235
-236.286	-1427.89	55.9142
921.95	113.546	-21.9744
796.532	535.283	-19.0469
59.9905	-1328.69	42.64
1392.56	-1428.79	90.8373
-1287.63	1222.89	-8.20051
-1268.7	-619.952	18.3837
1109.73	-1045.43	60.1285
-1157.94	-1416.09	76.4467
602.702	272.27	-20.6441
164.255	1332.92	-15.2577
1015.87	-528.066	-5.46451
-938.422	-1345.35	43.2942
-338.454	-839.845	38.949
1223.37	1056.59	-19.0305
-804.67	492.281	-0.356436
432.692	991.342	-16.8792
719.891	-13.2596	-15.3855
-817.121	-834.561	10.2001
99.2396	-921.733	98.9305
-1234.18	1145.26	-2.97766
290.653	-307.565	3.32393
1013.49	461.924	-19.0272
747.522	-702.754	48.5117
993.559	-791.754	42.5622
335.932	-56.3382	-8.87893
-1186.74	485.312	17.3505
-790.897	1466.96	-15.7682
357.146	851.874	-15.6973
-1039.06	-798.002	21.0314
926.146	-226.917	-17.3977
295.402	1223.61	-18.6809
-427.587	-990.462	25.9992
829.301	971.785	-17.1938
194.242	-42.2168	-4.35972
-1066.78	-1443.63	68.2363
975.375	1037.53	-14.9525
-904.811	950.697	-5.88512
-1075.23	876.533	15.58
-819.594	-1335.69	32.5823
-136.745	-1162.95	86.1172
-904.13	-440.488	-1.91991
777.54	-699.335	41.7781
1207.55	1305.15	-20.5363
1188.62	433.078	-19.3524
1257.3	1134.63	-19.6794
-85.6768	-501.269	97.2562
-1285.07	1249.16	-9.66604
868.354	-1128.3	56.81
-1024.09	647.09	5.54161
-353.171	630.704	-10.7316
-1307.7	1200.41	-6.04909
-470.564	-898.513	21.9905
742.146	-948.395	85.6807
-901.421	-1480.25	45.7101
-469.757	-22.1184	51.1919
962.166	-808.716	55.6558
-736.453	1156.48	-17.977
-155.86	606.369	-13.0613
529.464	-726.476	84.671
627.364	-1405.77	25.9334
-331.126	-290.614	67.9678
422.183	-1330.74	30.3816
201.686	350.128	-14.377
208.687	1107.41	-18.9709
1230.97	730.066	-18.2539
-410.473	-1330.7	33.2406
-1456.66	1214.08	-1.39311
-1446.86	-329.987	-1.04304
-1262.11	-556.598	12.1477
-620.328	-306.741	4.67427
-1229.58	-838.881	30.0376
-196.635	-836.14	71.5948
110.311	210.363	-15.2344
-832.776	877.922	2.25391
-776.916	-1245.69	27.5659
-1326.68	1068	8.94854
344.309	-887.779	120.409
-594.884	-1065.66	14.3144
439.098	-745.425	91.6658
-160.731	-146.406	38.3555
-175.779	-458.601	101.865
850.589	710.698	-17.8482
-269.75	-693.318	75.1757
-1096.5	-1166.92	39.5992
1042.16	-868.726	59.8052
-63.1453	565.086	-12.3726
-1394.65	1430.81	-7.90419
263.375	-275.359	2.54352
-948.854	-849.504	23.651
157.336	253.537	-14.1033
1466.14	1175.57	-21.1744
1267.76	-938.023	25.778
834.582	-498.847	-8.21083
274.529	1239.2	-17.7775
-931.317	-420.446	-1.9385
-224.385	-480.417	108.956
-602.414	629.333	-9.30212
1173.65	19.8146	-18.8695
-364.868	48.7388	33.617
396.354	-270.59	-2.19226
-180.672	-1231.92	73.1962
994.419	-688.763	10.8713
129.737	-1036.51	77.4324
-447.737	-16.6277	52.6617
311.446	1193.59	-19.521
1479.95	1026.7	-22.8086
-1385.62	1450.08	-8.05974
-193.816	308.315	-13.3815
348.153	984.237	-16.8251
-317.61	488.157	-12.2031
-708.649	-339.754	0.181817
-851.143	-799.594	11.2801
1096.37	-1173.78	72.6611
-1180.82	-10.5743	-7.06451
-1076.98	472.614	8.98736
608.095	420.76	-18.5387
-140.495	73.1135	1.36428
-679.904	-73.0005	5.86432
803.357	-37.4746	-18.3301
259.761	-340.748	6.7799
210.756	1284.96	-16.0836
897.806	1100.58	-13.1797
-66.5221	-23.2813	5.02255
-1350.42	205.426	-1.70797
-1187.11	-886.574	33.6671
-792.711	1188.13	-19.0553
1030.55	-483.534	-7.46982
407.048	426.327	-17.1035
477.907	930.123	-16.0807
172.457	-1251.05	42.444
577.17	-578.375	39.0495
-573.142	-1001.99	14.115
-148.303	-1240.64	73.4456
1019.36	-1037.53	64.5089
-459.658	1138.57	-19.4478
-965.986	996.198	-10.561
366.041	509.404	-17.1514
1361.24	-1346.86	96.104
-876.068	-1250.98	34.9579
-1327.53	294.635	9.07967
1155.02	-757.451	4.37325
56.0074	1087.86	-17.034
-875.227	-1343.98	33.0133
213.689	-1393.44	34.1504
40.5681	-46.9816	-0.370735
-1086.28	-1347.83	59.4067
-1220.26	-30.6659	-7.61838
1406.58	825.703	-19.1464
299.137	1207.56	-18.9497
1461.44	-180.605	-21.7743
1156.05	-232.837	-14.6619
-943.68	-649.468	9.18276
-436.646	398.406	-11.2219
-717.992	384.204	-8.38887
1487.47	-1411.72	83.6341
429.136	951.23	-15.9878
-432.709	124.415	20.6312
386.286	58.075	-10.9972
1114.04	-421.452	-9.50317
-937.853	-881.084	24.1811
-1005.38	1260.99	-16.523
-506.376	144.743	21.9204
766.993	-250.939	-15.4164
358.123	1437.35	-16.4396
-516.63	-1289.29	25.5877
-852.711	134.24	-5.64453
722.204	-1491.89	21.6815
-1269.14	852.451	24.0419
701.172	-217.65	-14.108
940.651	757.332	-18.275
-837.771	-608.635	1.9885
323.306	-283.457	1.1061
-295.66	-102.197	59.0169
-1478.12	972.164	22.8603
771.947	1061.41	-18.7455
91.5181	322.775	-13.2786
408.499	578.528	-17.5235
-1475.65	-1109.37	31.1237
-404.947	-369.404	46.3879
-95.8903	1155.19	-18.281
-1127.28	-1497.35	82.5419
-117.611	-345.044	84.0367
1280.47	-96.4578	-19.9139
1286.21	97.2871	-21.9737
649.86	1403.13	-23.7713
-1204.61	1170.1	-6.41265
1236.83	-440.808	-13.4968
-614.872	-1135.71	14.78
1486.48	-11.3992	-26.1817
-1157.75	587.002	10.1381
145.264	1248.68	-17.5204
-236.114	-638.374	99.3996
824.609	-40.1269	-18.8999
-1058.67	-1049.16	41.7878
1386.97	-107.346	-23.0812
401.831	-171.513	-6.56062
-167.107	-1366.67	64.468
1146.7	-884.177	38.078
-1299.94	-65.4753	-7.98652
1040.49	-1258.87	67.2908
1096.57	-799.213	26.018
-451.753	-911.532	23.8433
-987.515	-1383.03	52.5021
669.927	-475.695	10.8771
1150.9	350.54	-19.4789
-916.616	-1153.64	36.5546
-1244.58	-741.365	24.3662
-1124.79	-1198.06	42.8407
1094.6	842.228	-18.9273
-94.8408	800.83	-15.1149
-1441.17	-548.928	8.76729
-1405.35	255.177	4.07898
959.592	97.0492	-22.0943
-979.402	-369.882	-2.29012
-843.07	545.151	3.63507
1497.77	-1217.47	80.5201
-1023.78	-64.1667	-7.26457
94.1574	1218.77	-18.4867
-134.042	2.31567	9.06867
52.0685	-582.422	68.9675
-828.635	901.887	-1.31803
-886.451	1394.63	-16.4081
-490.302	1412.4	-18.0674
729.727	176.518	-20.5947
-1212.77	170.343	-9.6689
68.766	-847.263	107.045
1161.9	-1192.36	76.175
792.088	105.087	-20.3143
1251.61	-789.697	0.339856
886.046	1084.64	-13.9569
943.236	-835.196	70.1151
-107.955	-1138.5	92.5331
-993.258	247.536	-10.413
-1211.44	-962.378	44.1125
-216.539	906.081	-16.2424
335.717	-876.833	119.764
-1292.34	-593.845	16.1069
822.863	1398.18	-24.5212
-194.778	-748.219	83.9161
-410.192	481.296	-12.7942
233.405	1111.68	-18.9691
21.1892	133.734	-12.9922
-111.783	167.516	-11.9136
-543.914	611.379	-11.491
790.766	-1016.71	74.2084
882.746	-919.153	81.6867
-499.133	305.965	-6.4732
1469.43	-998.42	7.14331
-381.298	-592.219	47.53
1234.36	-478.317	-12.3049
247.822	-827.177	102.744
766.53	-622.083	20.6238
577.77	1324.69	-21.6496
-1112.88	-613.175	7.67238
-844.844	-414.531	-1.9852
-1212.55	-527.386	8.49107
-1471.7	190.171	-1.63659
-310.451	1334.97	-17.6966
-674.591	-394.789	2.3888
545.775	133.222	-15.5166
964.452	-764.237	40.36
941.229	-239.689	-17.0261
688.347	-734.111	66.9039
-611.996	-711.587	8.67364
-116.772	-400.807	88.5408
-982.303	-1161.63	38.3792
-542.357	714.733	-6.0172
588.826	-1374.93	27.2957
68.8284	1489	-16.104
770.725	-415.006	-6.60662
242.244	-356.973	8.83658
-695.527	1221.78	-17.7156
391.483	-1078	65.7097
1175.34	-472.007	-10.6469
1004.22	-795.274	41.6527
1454.11	980.856	-22.3897
-569.386	-93.5912	27.8178
1337.17	142.547	-23.6989
-1411.69	-1297.8	62.1579
268.933	465.806	-16.3914
-1015.04	-1352.08	55.4342
61.8464	-1483.24	41.1819
-1281.14	-360.06	-1.63829
534.735	125.825	-14.9761
22.871	-850.494	110.137
-283.318	376.696	-12.9448
634.023	554.313	-18.292
-1484.67	-884.703	18.2078
-1399.2	1403.37	-7.84265
1137.74	-1236.77	75.6255
-875.912	152.151	-7.60474
-892.441	-319.991	-2.34236
-103.463	-668.249	107.935
953.636	-438.02	-9.96465
-61.0558	787.256	-15.2283
83.163	-1411.27	39.6585
279.19	-630.201	44.4005
220.937	-1285.81	38.0287
811.407	-1170.59	42.9825
28.74	-37.9046	-0.853468
-172.787	1461.18	-17.6302
-308.128	-381.916	84.6429
1473.37	-177.909	-21.7984
-1150.39	1463.06	-12.9816
442.358	1027.5	-18.2065
-485.646	-321.671	18.8928
-1234.86	131.075	-10.3717
689.55	897.158	-16.2094
541.944	778.167	-19.3407
-945.387	1436.68	-15.7403
-598.857	-770.284	10.145
549.031	159.694	-16.6261
-1158.21	236.059	-8.73
-244.293	-1040.25	65.862
-746.222	1117.11	-18.2229
894.261	1074.93	-13.6143
76.9485	-910.851	102.298
80.399	-358.869	47.7447
-838.489	-548.935	-0.13706
-94.7055	-1342.93	62.6123
833.261	215.834	-21.5031
1088.68	-422.136	-8.75945
1393.65	1376.38	-26.2595
1018.42	209.373	-20.4662
-928.156	-1002.51	31.805
1448.94	220.366	-26.8732
1314.69	723.091	-19.903
-1194.82	1413.6	-12.1116
-1484.02	-162.348	-1.27294
668.151	1007.94	-18.1643
191.348	521.271	-14.3702
915.426	-212.659	-17.8756
-939.507	-238.744	-4.9789
-611.89	-348.89	5.50121
-950.449	-417.19	-1.74475
54.0439	-173.92	20.4144
1344.69	1354.28	-26.0794
716.456	522.544	-19.1462
-1380.9	-309.736	-3.55389
-1463.55	1399.02	-6.70099
-1318.73	-457.902	2.59184
-13.351	-506.482	80.5873
-574.846	-697.369	11.2956
541.915	-774.174	93.2531
-922.102	457.357	-1.23685
-275.648	-918.869	51.1954
1320.94	-113.272	-21.1587
1338.18	-886.341	5.21497
-52.6163	73.2097	-4.29067
1288.12	-1105.67	73.9138
887.85	-1153.7	56.7278
1304.7	-1065.8	62.8231
225.131	1215.31	-17.8772
-255.997	663.956	-11.8017
-1129.95	126.068	-10.3616
-194.531	1405.69	-17.5071
-554.387	141.63	23.3882
606.833	-1418.37	25.5439
1092.25	245.89	-20.1488
-58.0066	401.422	-12.8962
-155.185	22.3128	8.61304
158.488	-392.711	29.7905
429.265	1234	-21.4424
35.0371	447.384	-13.6629
-486.693	-268.029	20.5239
-1210.66	1382.9	-11.8976
-159.328	582.54	-13.3694
375.482	-914.058	115.769
-401.21	-846.523	29.7029
-156.405	-709.25	101.786
-381.829	-401.661	55.4562
1023.68	1449.05	-26.3381
741.859	1404.52	-25.5179
-969.736	-557.662	4.45623
-474.98	573.938	-12.4989
1308.33	1129	-20.3389
356.847	-599.932	39.7883
797.585	-1047.28	67.4069
89.3651	-642.312	68.2379
-1468.77	-1100.11	31.419
727.021	-499.334	5.33983
1488.28	979.03	-23.3189
-1499.02	1322.62	-5.62148
-41.9157	503.761	-12.1276
-16.6036	-1304.59	54.0166
1422.5	-1424.79	88.3248
-965.798	1432.03	-15.4307
-1110.02	1129.53	-9.87063
-869.157	-696.294	8.29873
586.827	-698.088	76.3439
1482.26	-1282.05	93.2987
626.437	-434.381	6.13305
43.5846	-384.59	62.9062
951.272	-276.843	-16.0392
942.768	-139.272	-19.6012
1106.69	716.073	-17.8746
1199.08	-1456.78	63.2753
-1131.45	641.349	7.07375
129.537	-1327.36	38.537
-1396.68	561.728	31.4016
-663.92	-57.4187	9.03039
-1481.76	519.872	48.7482
-444.626	191.785	8.22049
1405.07	429.717	-23.717
776.29	-654.532	28.3499
-1383.28	-1351.03	72.84
-871.267	1049.56	-15.8447
888.98	-1233.11	45.4424
89.8884	-1211.67	55.0691
1466.92	365.37	-25.493
-884.093	-1279.25	34.5954
496.554	1035.72	-19.0099
-739.997	593.465	-0.882014
-296.865	435.442	-13.3864
510.446	-426.667	7.97461
1042.21	-1391.67	46.1467
346.51	-425.723	9.92621
1156.69	-1297.26	77.0673
662.23	-1459.71	23.5599
1228.18	-695.97	-6.55803
-764.548	-436.225	-0.309582
-805.955	1482.73	-15.6958
1418.07	-55.8485	-25.5389
-1450.52	-46.6821	-3.10707
-612.755	-568.346	8.51077
217.855	-1171.06	49.7844
-1102.61	930.298	9.78645
666.552	221.084	-21.3513
960.137	1332.48	-19.4654
1470.71	561.586	-23.4659
-612.163	-421.273	6.27618
-834.931	1271.98	-18.4898
-1281.8	636.594	10.305
-354.871	125.785	13.3739
-50.015	463.654	-12.6142
1163.1	294.588	-20.3173
-1370.3	-753.366	32.7881
340.47	-505.876	17.5462
619.792	833.377	-16.9915
827.969	-1445.98	22.6385
-887.029	133.617	-8.21072
1037.57	559.859	-18.0011
-1161.93	-60.8414	-5.15306
948.591	1368.86	-21.92
-706.494	-648.646	3.61565
-1224.04	993.117	13.789
648.876	565.043	-18.4307
924.398	-1456.24	26.071
684.706	447.071	-18.8286
-1090.57	159.262	-10.77
151.703	410.994	-14.7176
285.34	-631.211	44.4928
324.363	96.7365	-10.1447
123.641	-790.807	94.2622
1056.88	1300.24	-19.9909
52.6329	-1178.56	66.2875
-763.447	-378.852	-0.683121
-996.419	995.188	-7.80467
-1047.97	1324.11	-15.8643
1329.3	214.318	-23.9232
-966.223	-1359.81	47.722
764.992	203.005	-21.7176
-142.086	777.265	-13.7189
-1428.96	-1374.86	83.7747
1135.84	-712.211	2.71391
-670.844	1334.89	-18.0052
539.655	219.98	-18.7615
-240.356	1208.76	-18.6602
969.638	-1042.25	66.6573
313.835	790.512	-14.6731
1184.29	-704.834	-2.36218
705.913	2.80014	-15.2289
143.426	-924.308	96.9199
59.1746	-768.054	97.8959
-518.017	-1072.73	18.6924
-325.327	-377.09	77.9842
-565.446	409.132	-8.86147
145.234	-647.579	56.9956
80.3634	-492.027	53.6258
581.161	285.328	-20.2217
-126.79	-1162.39	86.6833
-437.962	868.792	-17.1356
-29.495	-801.304	105.09
-18.2243	-1215.36	64.997
273.005	-103.981	-6.00905
1313.3	-63.7049	-21.3607
260.84	869.487	-17.5211
-147.701	-1409.63	61.2576
-1267.43	-1398.93	80.8194
-36.2624	44.9424	-2.37757
687.24	-861.801	88.2533
-584.186	-579.939	10.6066
-1411.92	440.113	47.3866
980.607	1387.2	-23.1297
719.89	1488.22	-25.6183
935.149	-639.269	7.62575
1355.51	-398.973	-14.5776
477.977	862.39	-16.2756
-1377.05	799.953	10.5388
-900.944	-24.4921	-9.39495
817.561	205.771	-21.6264
808.621	269.931	-21.6098
750.88	1250.36	-20.1476
-544.25	914.501	-16.7025
249.659	-861.094	110.014
1371.66	1071.9	-21.1933
731.028	1245.17	-20.8206
571.225	-227.389	-6.63333
-958.589	-561.293	4.65106
69.5033	-1311.35	42.619
1447.23	-1086.64	38.811
-1369.22	731.258	8.414
-347.878	1388.57	-17.6189
14.232	511.287	-11.8487
-1288.91	1170.7	-3.20147
402.467	1151.05	-21.1984
-1416.24	-626.605	20.7696
1186.15	-792.668	7.80329
-675.357	-900.774	10.7572
78.499	-1391.81	40.2111
234.009	-1111.04	58.7792
-1410.1	39.971	-5.95891
-509.612	-675.637	16.1196
599.02	-965.804	92.8429
1195.39	1481.1	-27.0303
82.5613	1043.19	-17.2939
-1302.58	-295.43	-3.16706
1037.03	-852.656	57.6896
-224.218	-827.738	65.1237
153.882	-1047.33	69.6005
-523.556	60.3396	38.48
1307.48	-399.867	-14.9512
628.148	269.515	-20.9527
-292.054	-798.572	50.4475
1496.02	-1147.64	49.3545
-290.189	1236.14	-18.7347
1428.13	-1288.89	98.2315
-658.247	452.369	-7.33412
446.261	-394.576	1.06045
-567.945	-1183.39	18.5382
1301.5	715.4	-19.9817
-366.072	-1077.86	35.4309
752.216	401.55	-20.4005
1194.15	478.272	-19.3532
-313.172	762.874	-12.3557
-1054.78	1008.28	-4.96961
-966.521	1231.11	-16.143
-1384.28	666.865	10.452
1218.59	689.342	-18.5885
1343.03	94.1658	-23.3856
148.983	564.59	-13.7559
-425.959	-665.993	30.5047
108.518	-371.942	41.3007
-910.547	-353.264	-2.02508
-38.9048	1411.36	-17.211
-46.2084	-835.917	103.822
1355.42	-812.134	-2.07825
-168.924	140.948	-5.17574
-974.62	156.053	-9.87775
1321.48	-1313.17	95.7821
1273.23	717.024	-19.6048
-814.201	-1029.7	18.4746
23.7169	1010.91	-16.4379
-527.194	1114.37	-18.341
-690.288	-1076.53	15.6951
576.975	543.901	-18.9305
-1378.35	1417.31	-8.23133
-156.333	-441.498	97.6607
-1367.7	82.152	-7.52206
-1434.3	1195.39	-2.0459
965.027	214.598	-20.8094
-985.321	-886.254	29.7182
-798.617	-761.404	5.87237
-749.025	-1157.5	21.247
604.853	806.114	-18.1932
13.1987	-359.423	68.1679
-410.386	-996.203	27.4867
931.475	249.385	-20.717
1488.65	-1352.55	90.6207
-572.069	-365.271	8.12513
260.311	1158.57	-18.9895
-497.28	1268.99	-18.2866
-608.371	1204.01	-16.659
874.115	213.487	-21.4917
-629.799	1451.86	-16.8584
503.989	985.628	-17.5073
-91.9202	955.854	-17.2116
317.879	716.832	-16.074
874.944	935.415	-17.7841
-822.796	-1163.56	29.1939
-1202.99	1481.19	-12.208
1038.1	-285.236	-14.6481
-528.022	777.506	-9.93563
931.555	-928.53	78.5989
764.811	906.291	-17.8271
-482.123	533.752	-14.4001
304.118	-1436.53	29.7221
-1274.71	665.115	8.06292
394.87	384.309	-16.707
1041.26	-70.8604	-20.4096
-990.638	-589.371	6.64384
-643.975	-526.885	6.59844
-703.14	4.2817	6.34255
266.392	-1347.54	34.0517
954.042	1176.81	-12.4611
-1029.49	-1048.75	41.318
-813.797	-615.604	1.65844
-1267.5	-123.393	-6.08895
-1466.48	391.158	38.2743
-1460.96	-1431.9	107.301
-625.93	-154.41	10.3846
354.561	373.217	-16.2643
1233.74	1196.78	-19.3501
-91.5636	1152.03	-18.2522
1411.16	-861.215	-0.662116
395.159	-541.388	29.0395
-650.173	-1103.6	12.9377
233.875	343.547	-14.8811
-554.493	-260.836	11.5633
120.236	910.657	-18.6725
1207.96	1360.61	-24.9343
46.0406	983.235	-17.1792
-214.74	532.943	-13.29
524.418	-642.827	62.5299
-704.526	-875.825	8.81197
418.93	1262.11	-20.7433
-686.178	338.887	-5.72208
-1142.43	198.695	-9.49846
163.812	1086.22	-19.1671
753.869	328.997	-21.4858
-936.783	-900.872	25.3559
-222.75	958.881	-17.4504
-1009.32	-21.4397	-8.08402
1041.3	-519.646	-5.60368
671.122	185.662	-20.2241
-459.602	-1411.31	38.9693
224.633	334.1	-14.5237
-27.2239	-565.553	90.1633
-714.965	-525.994	2.54693
-152.078	429.196	-14.4601
212.23	-1357.61	34.8464
887.705	-1138.07	58.2533
-296.337	316.778	-11.6032
1257.76	-375.246	-15.3394
-154.021	-177.639	45.1069
-1161.79	277.998	-5.26901
722.857	-708.917	55.0419
-1001.34	-248.278	-4.6815
-1312.8	-1487.85	99.6857
442.856	-969.33	104.852
-961.895	1444.8	-15.4869
-242.433	-1101.23	67.0155
-731.513	-140.983	-2.43736
1138.65	-147.845	-16.596
-473.402	-99.0821	44.5565
-19.478	-1116.9	90.2229
-1376.52	-187.417	-5.62189
3.07995	-188.534	28.6865
-1134.58	1332.41	-14.1547
-871.527	830.217	7.49617
-197.756	1015.7	-18.2869
154.137	-178.867	11.1152
-480.482	424.787	-11.2242
324.354	-1169.12	49.0049
-533.228	260.211	0.787093
212.039	1293.42	-15.8528
465.624	-599.423	49.4615
-574.994	-1412.89	42.3128
-628.913	723.984	-2.7515
394.508	-1269.49	34.375
1234.92	-55.9476	-18.3583
-1472.09	-1477.48	123.701
2.41188	-1271.01	55.2221
-1007.29	-892.885	30.6225
479.157	-804.687	105.636
-1346.6	-1008.7	51.8332
-974.268	1128.17	-14.5673
839.802	-1495.38	20.2946
-255.223	-1493.67	53.7249
1071.26	-1252.23	71.1871
-1364.12	1356.7	-8.29561
497.465	526.702	-18.5753
1230.22	-746.155	-3.43694
748.727	686.951	-19.4017
-1366.03	1331.98	-7.92313
770.193	708.157	-18.8235
-952.441	856.612	6.00878
-1116.01	1376.7	-14.1986
509.672	1432.99	-20.4458
17.7778	-331.968	60.893
-360.176	-74.7915	57.768
205.634	1393.89	-14.3098
1143.03	37.4922	-20.3032
-276.774	350.625	-12.5819
-1155.33	20.0272	-8.073
517.361	993.736	-17.7268
1237.72	1341.23	-24.6062
-716.635	1427.15	-16.912
147.559	-220.619	15.9486
-401.483	-226.472	42.1131
-143.486	111.636	-3.21494
-488.298	66.7523	35.6551
1381.42	1433.14	-26.6568
-1499.23	1231.46	0.136188
273.9	-1338.17	34.1582
204.178	-1358.01	35.049
-1117.19	-1431.89	74.134
-57.6247	-73.3537	12.1789
952.172	614.484	-16.9414
399.163	518.973	-17.5501
-724.522	1396.71	-17.7985
-709.538	20.3581	6.32751
1231.01	-842.814	11.4304
255.759	1159.74	-18.8888
-688.86	965.533	-14.344
914.255	1490.92	-24.6963
701.703	224.519	-21.8946
-1384.99	-104.488	-6.17619
-741.95	-362.216	-0.500464
-718.766	601.365	-3.15974
-421.36	1491.33	-15.9443
-1487.9	880.34	16.2031
916.586	1433.29	-26.3521
639.83	-1455.42	24.1124
1377.72	182.856	-24.5228
-457.412	-1068.48	23.2664
-678.789	-1386.05	47.102
714.781	321.371	-21.3922
422.9	1486.59	-18.5203
-672.413	-671.399	4.67923
70.1994	93.3183	-10.3304
370.378	423.594	-16.922
1485.59	922.919	-22.2647
-978.037	-1341.91	49.0738
-246.56	970.989	-17.5431
-233.428	-1356.1	63.3659
285.639	-782.751	93.5859
42.0821	-888.304	107.243
-647.659	-255.359	2.86973
1343.66	1354.56	-26.1167
-1135.24	92.7397	-10.6673
341.113	704.797	-16.5859
1132.07	-829.48	29.7317
79.3854	1229	-18.3116
-539.381	1337.81	-18.3419
376.717	-272.426	-1.37704
-23.3777	225.818	-14.3356
-1235.11	182.421	-8.79851
114.935	-1491.32	38.4155
-358.762	1065.48	-19.271
1111.58	892.447	-18.3927
-570.933	757.303	-7.60677
-878.384	-1453.72	42.5433
-228.589	-84.1174	42.6836
497.52	-491.525	20.7775
226.881	364.369	-15.0773
1047.49	-764.549	22.7773
-498.756	366.481	-9.08396
-1343.22	707.861	8.6032
949.083	742.377	-17.8699
745.18	54.2019	-17.4679
-1172.3	1035.12	0.531901
216.085	1172.45	-18.4941
-530.506	1023.91	-17.854
-386.127	-841.935	31.8815
-1298.71	811.862	14.7722
803.473	-751.223	54.39
452.53	18.1167	-12.372
3.83549	515.604	-11.795
390.426	-674.505	63.6251
-208.993	-547.415	118.665
350.048	1142.6	-20.5411
322.245	-1310.2	33.913
1144.29	1194.06	-18.172
745.981	685.85	-19.4773
-734.089	-405.073	0.499625
-228.369	1319.97	-17.524
39.1518	1339.44	-17.9137
-800.382	-987.78	15.2198
353.452	803.241	-15.0055
-905.688	-635.083	6.96391
314.111	244.422	-14.768
1180.69	-1413.27	71.3168
-430.229	995.418	-18.6206
662.517	-383.181	-1.85774
650.775	-903.951	94.7551
376.89	632.773	-16.5208
-309.597	755.273	-12.0341
509.244	-204.864	-6.2834
424.205	1343.75	-18.8432
-1089.55	-169.763	-5.82487
-1377.06	499.528	43.0796
1223.59	965.192	-18.8904
-365.75	695.395	-8.08185
213.902	-506.003	26.2069
755.014	642.456	-18.7403
1153.66	-1266.82	78.5291
874.629	1300.23	-17.7377
-254.159	-607.226	99.604
24.8883	-273.127	45.8236
-910.264	1491.48	-15.9922
1046.15	-711.049	10.1289
473.687	-936.843	110.341
-42.6656	103.391	-8.22791
-620.595	-1307.21	33.3589
435.593	148.479	-13.7133
61.7855	-1052.48	90.3141
360.102	-478.322	14.0913
93.6739	-504.963	50.5937
820.012	-442.271	-9.55618
-795.967	547.942	3.16795
457.136	-765.262	96.7608
713.584	1008.29	-18.4092
-319.82	-1040.92	44.2237
-742.169	1264.49	-18.0651
-1226.57	115.936	-10.6644
-846.332	30.6132	-6.82166
585.427	1484.68	-24.2805
-42.0192	1030.84	-16.7372
-187.767	1190.49	-18.3326
1151	723.85	-17.8227
-966.857	371.102	-4.58923
-436.329	594.389	-11.3234
853.278	-12.4888	-19.4233
-398.334	1454.13	-16.5332
990.9	740.925	-17.7827
-1345.85	-602.232	17.9374
1054.93	-1430.45	41.0705
-415.239	-1255.18	29.6457
-981.224	-1206.82	41.5868
835.534	-347.503	-12.5234
179.758	25.2148	-7.01542
-643.292	1458.4	-16.6211
-54.0133	-693.696	103.639
399.802	329.866	-16.9221
238.322	294.008	-14.6912
1035.03	-160.306	-17.647
287.629	497.507	-16.1282
1015.19	-452.874	-8.77755
-379.771	-93.4102	58.3333
-169.167	957.394	-17.5927
242.416	1433.6	-14.9763
1079.77	-957.217	61.1584
749.723	-152.484	-19.6122
936.94	935.243	-17.6404
236.415	-810.921	97.7904
-447.101	356.877	-10.0366
-563.856	-1177.62	18.1954
718.737	-233.712	-14.7152
831.269	-1325.72	29.1813
-1002.82	-57.0476	-8.17977
-525.132	516.077	-13.0355
-966.352	1201.8	-15.7194
616.2	-603.786	41.5342
-543.373	1177.45	-17.9495
1416.56	-981.586	12.6073
-777.586	-463.688	-0.970822
151.176	-124.202	3.691
397.222	-1123.2	55.7166
628.908	591.133	-19.7849
1169.17	929.327	-18.0935
282.08	490.099	-16.0927
-436.232	1216.28	-19.0333
-698.379	-93.8903	2.1366
-1152.15	-299.845	-2.52268
594.77	-356.088	-1.18295
-1356.98	172.716	-5.08527
882.137	1125.65	-13.3914
90.5945	1007.87	-17.9363
-930.715	-201.757	-6.14898
748.863	-465.092	-1.7025
-1192.3	1100.31	-2.95048
-1042.21	501.114	6.92428
-869.107	-206.239	-6.03239
-478.019	26.7772	43.8815
-1385.31	-675.447	25.4173
1458.05	834.959	-19.9531
-701.052	735.607	0.238426
190.076	-859.561	107.509
674.009	-1338.26	27.793
-191.34	-238.167	62.6891
536.778	-1182.4	40.5435
-93.6452	-1007.62	99.649
1159.96	-360.432	-12.3134
193.647	-262.465	11.5843
-617.332	-1305.53	32.8757
503.192	-960.69	105.395
-69.7671	259.615	-13.7822
1326.41	1410.78	-27.6113
677.035	1082.02	-20.4721
1489.2	-1371.32	88.2238
-109.045	-724.48	102.953
-1028.01	1086.57	-12.6148
-1350.55	598.797	19.4338
1121.23	-1437.28	52.4809
933.61	-163.347	-19.1159
-1297.88	-623.036	19.2576
-34.8948	1469.94	-16.2537
58.4724	28.3387	-2.64509
1087.37	1010.55	-17.3612
314.676	-1412.03	30.2059
-1351.94	-1033.69	52.1456
338.015	-829.273	112.417
-13.1322	-412.014	77.9999
1092.71	-1025.83	59.3257
689.438	1469.34	-26.1397
154.941	-438.2	29.5331
85.4461	1314.8	-17.6748
718.494	1225.26	-21.7908
97.3043	875.375	-18.0289
1226.38	1396.86	-27.4652
-165.562	277.658	-13.1482
1262.08	1359.04	-26.4071
461.41	410.492	-17.6634
-778.814	-429.677	-0.705924
-650.244	1491.74	-16.5919
-1194.02	1265.06	-12.818
810.881	612.91	-17.7359
-570.41	763.974	-8.00786
-990.663	-813.793	20.9685
291.754	-1120.71	57.1597
-162.767	272.419	-13.1148
706.632	-229.694	-14.1042
1222.37	1381.98	-26.5028
773.872	-293.019	-13.8649
-1316.52	-1422.16	88.2104
1151.53	-368.509	-11.9635
-350.607	-857.418	36.7347
67.1058	1080.87	-16.952
1142.86	-1103.75	69.2005
-137.457	1067.5	-18.6434
-1353.85	77.1367	-8.18908
1043.07	-581.514	-3.10288
-508.16	-1436.14	42.747
-319.674	330.909	-11.442
-707.12	-435.639	1.79628
242.995	-106.631	-5.18257
-512.641	1189.86	-18.3506
-1116.92	149.448	-10.3794
702.173	511.863	-19.16
935.083	-779.874	50.6302
-1028.79	-27.0177	-7.41448
-847.515	-307.488	-2.87685
-933.417	-398.587	-1.97589
-1403.6	1063.84	14.4022
-396.461	457.473	-12.5361
966.811	997.302	-15.6429
-752.943	864.103	-2.76838
-1239.31	-584.552	13.0204
-1171.42	94.8207	-10.8061
-297.602	-477.685	84.8888
-638.551	1151.3	-17.1247
1360.5	304.99	-23.1619
1165.59	226.657	-21.5203
-1240.33	-1139.91	48.1519
-1359.62	-423.061	-1.1127
424.486	-1265.62	33.5872
-786.657	1112.24	-18.1672
-128.904	-392.46	89.339
1467.08	47.4833	-25.01
-438.599	-1467.93	51.5577
-397.019	-99.5633	58.0681
1112.81	995.033	-17.7419
1493.95	-662.924	-9.0848
-1079.19	1243.85	-15.1629
-317.452	-573.156	79.0153
1367.91	-989.418	24.6489
745.029	-235.336	-15.5937
-703.239	-796.021	6.98054
-1208.76	46.8048	-10.0328
-1322.37	844.156	21.9753
-421.098	-322.23	40.0018
492.196	-187.109	-6.60629
-111.486	596.422	-13.254
-247.933	948.846	-17.2372
-1183.47	725.022	7.25877
912.662	-1387.65	31.3436
450.176	-1138.18	50.6404
325.968	-1493.55	26.7204
-283.922	-1207.9	52.5591
-195.87	-356.944	85.9742
-1392.3	454.478	45.6557
1355.56	-747.475	-6.04018
-762.207	836.404	2.48473
-1012.11	-1271.54	49.367
449.802	-278.98	-2.98346
-962.224	-880.712	27.6794
926.886	-1462.33	25.7829
-1465.86	495.375	50.3143
-454.739	1268.95	-18.5702
-813.373	-873.962	11.5142
-524.476	1424.7	-17.8664
495.448	352.58	-18.3322
-906.844	-917.361	22.2492
1394.4	-695.901	-6.88032
-984.685	-1155.51	37.5625
-196.316	-112.929	39.2104
479.527	581.303	-18.8125
-165.579	-533.331	115.906
1400.49	-690.448	-7.01513
-1364.37	1104.73	5.33676
251.894	-1342.99	34.5613
589.94	1359.97	-21.7913
-204.289	1410.28	-17.4915
-1032.62	-440.162	0.00678274
1392.07	1092.03	-21.3473
1169.51	851.369	-18.2249
14.9964	972.426	-16.5908
-1060.33	-427.224	0.271762
1264.47	-338.513	-15.5817
1059.99	-587.76	-3.42458
-1433.64	1202.38	-2.47741
190.405	-52.7155	-3.79655
-107.199	1477.16	-17.0884
-529.82	448.007	-10.9523
421.125	-160.155	-6.93715
530.951	-712.173	82.0424
-608.641	582.535	-10.9177
862.546	-562.866	-3.51679
1176.51	130.515	-21.4207
100.992	730.987	-16.3763
1260.66	-165.563	-17.7772
304.224	-67.5512	-8.12433
395.34	1197.95	-21.4806
-1442.13	-825.507	26.5618
180.558	467.068	-14.5736
1403.87	-307.642	-18.531
1134.88	148.647	-20.7786
-500.229	-105.805	37.7343
922.311	579.275	-17.2312
930.067	-878.339	82.2216
-1024.91	683.079	5.01367
-1194.7	1177.1	-7.45582
14.3886	-170.295	23.755
528.814	1201.65	-22.7227
-38.883	525.078	-11.7139
-384.504	-919.477	31.6722
-559.674	-1425.65	42.1658
1120.27	-358.239	-11.1193
244.299	-481.387	21.7288
-1025.93	870.034	7.69435
-1074.32	-1452.24	70.2942
-583.27	880.621	-13.6642
-1218.38	-251.389	-3.83468
-1449.96	-1302.86	67.5543
1294.42	-756.144	-5.001
-785.465	-90.0068	-5.00031
-1071.45	-1459.21	70.4055
-153.492	680.42	-12.0347
110.784	392.196	-14.4782
455.025	1004.32	-17.571
386.484	-790.935	103.599
-1344.2	-532.075	9.0807
-768.761	-226.062	-4.43881
378.138	-1170.02	47.2428
-1392.05	-98.6189	-5.79999
1447.24	-847.072	-3.51888
-757.306	84.1017	2.68436
335.959	97.9528	-10.3334
282.575	-1437.25	30.5315
1096.03	-776.936	18.7132
-661.623	168.745	16.4593
-986.958	-1269.75	47.3168
-582.626	-337.328	7.04237
-158.389	1280.39	-17.1813
-74.8917	361.844	-13.2799
-491.947	-894.669	19.9925
552.878	1145.07	-21.8695
770.779	-1378.48	24.4862
-1244.96	-1112.32	49.8229
-1047.32	-1418.08	63.6267
-1127.27	-776.558	15.5489
1288	892.539	-18.0576
-425.231	-458.187	38.0263
-2.82256	-450.948	75.8117
1331.99	387.892	-21.6754
-688.064	929.335	-13.0761
1299.6	0.650036	-20.7727
337.349	306.756	-15.4995
1147.39	-154.582	-16.3814
-1342.49	-1192.6	49.4929
732.92	557.701	-18.8724
-946.491	-1284.09	43.3173
449.94	-548.554	33.1316
-1021.79	1017.2	-8.80377
139.58	-738.014	80.6871
890.144	-1001.43	74.8448
589.941	-831.657	96.4189
1154.38	-1236.55	77.3331
-138.718	-952.171	88.8274
-1332.96	627.006	12.1396
-790.365	204.69	-0.643704
-766.622	1000.42	-14.475
585.268	-1445.54	24.3637
-1489.36	763.585	7.22617
-712.223	-984.311	11.2062
-1296.83	-667.367	23.8635
-765.874	722.014	2.67132
-1274.31	-1357.46	70.4877
-493.783	416.339	-10.7889
565.11	-177.741	-7.6038
55.5619	504.88	-12.728
1349.27	678.819	-20.4091
1171.91	226.633	-21.6248
45.495	398.146	-14.0657
364.215	492.893	-17.167
432.453	-376.214	0.54227
1450.61	-1234.79	94.7765
137.089	1133.63	-19.0894
-158.793	38.0009	6.77048
-984.962	-200.537	-6.01518
1375.66	-395.879	-14.6281
-1239.8	-102.867	-6.06184
576.671	-118.065	-8.96182
276.218	219.729	-14.5781
-1304.57	763.459	8.71627
-287.782	-954.807	48.6726
860.552	865.958	-18.8785
-273.312	422.478	-13.731
1230.16	-829.75	8.98895
939.465	-953.565	75.7138
1162.67	1034.34	-18.1404
586.174	947.19	-16.4433
370.979	-919.646	114.802
-595.811	-188.323	12.843
1373.39	-4.26315	-23.1266
1428.53	508.332	-24.2147
1468.78	-198.725	-21.2829
-307.154	-199.617	60.5608
455.164	-371.241	-0.24766
462.905	629.318	-18.6918
-1013.04	1405.24	-14.8106
5.09816	-1264.32	55.9474
450.858	-163.299	-6.98132
-945.335	601.214	4.73419
-1346.53	-287.979	-3.45821
-1369.32	-645.281	22.9305
873.735	1394.65	-24.004
745.595	921.117	-17.0334
641.68	947.551	-16.0951
94.5984	550.036	-12.2761
1435.89	-398.037	-14.4217
-1388.09	267.491	5.49345
-1223.12	-741.449	22.0289
-269.477	1018.72	-18.4796
-750.31	-1050.66	15.742
1494.15	-497.803	-12.5958
1075.12	-177.147	-16.1232
1062.14	-90.7728	-19.0586
-1260.44	-606.555	16.6519
805.433	-363.657	-11.7307
-216.477	1188.57	-18.5095
-498.3	1280.38	-18.2318
28.3681	-258.518	41.0717
-1122.89	31.5282	-8.13221
1003.59	414.856	-18.5616
1354.87	542.824	-21.3069
-21.2675	-11.7453	-1.08706
-1456.71	-1211.55	45.3086
-175.108	-71.352	28.2091
1398.98	976.248	-20.7376
1214.94	1096.47	-18.9125
-275.392	1039.33	-18.9291
-1256.58	-238.39	-4.04005
623.329	995.412	-17.5578
-46.4751	-1116.05	92.2495
-1048.62	-670.522	12.7907
1051.19	423.916	-18.3835
495.512	509.626	-18.4155
-97.1549	976.915	-17.4617
721.318	-1155.43	41.553
-1301.13	987.622	24.2689
-60.2202	-1324.37	58.4981
-702.917	902.012	-9.9489
116.533	292.631	-13.6336
1000.12	-369.487	-12.374
-935.599	-1075.63	36.7819
463.217	-736.465	89.3847
958.097	-913.768	75.6059
-1272.68	860.868	24.7185
1246.12	-391.983	-15.0013
1424.53	-1429.65	87.0442
-765.961	1068.48	-17.0628
-1445.4	-572.301	12.0226
-1479.7	-784.307	14.9247
-339.302	-1472.8	52.0915
754.65	-117.129	-20.7611
1494.06	1370.02	-28.3833
117.593	-899.649	100.263
283.819	-1175.56	47.8662
1178.82	-1239.11	79.9605
-311.626	-899.794	42.4465
382.947	960.543	-16.145
-633.575	397.193	-8.76766
1075.7	1329.23	-21.4779
1349.62	-696.041	-6.63367
-188.139	-994.52	80.5758
-1410.23	680.338	9.82107
871.037	90.2325	-21.5372
1353.49	-476.776	-13.3293
799.632	-1078.91	60.3418
932.335	822.547	-18.8991
-302.373	-421.679	88.0048
1092.98	614.607	-17.599
982.957	265.367	-19.947
-735.104	27.6559	2.91047
96.3402	-770.223	94.0745
-743.053	-1299.34	34.3239
-1073.77	1217.69	-14.3
-486.743	-293.696	18.9469
1134.42	1413.2	-25.9366
1368.11	437.884	-22.4725
735.646	953.706	-16.7925
-800.886	-996.573	15.7807
1150.5	-1391.62	67.9387
236.31	827.394	-16.3562
1285.58	-878.489	9.32573
1454.31	785.828	-19.4815
-328.407	-1309.66	45.1691
-325.254	295.856	-10.7601
575.339	-1396.38	26.2532
149.053	39.5817	-7.75699
-535.938	822.168	-12.4309
-175.887	940.237	-17.2945
-105.717	163.036	-11.8364
-1429.97	-350.23	-1.64694
-1247.95	610.656	12.0938
1385.96	-1371.82	95.6691
625.96	1314.04	-22.4886
-1405.13	431.36	46.9217
-1231.57	419.937	19.4487
541.547	-383.505	3.56526
-874.065	1233.97	-17.8256
604.15	-1018.57	79.7211
-1435.2	1216.65	-3.07687
144.078	592.406	-14.2042
-563.048	868.295	-14.0959
624.964	-1335.87	29.7746
783.547	1382.16	-23.7964
-1206.91	989.049	12.5907
-1168.68	1329.54	-13.2008
-931.194	-853.626	21.4057
698.543	1334.39	-22.3826
-423.366	-717.157	28.4382
-937.695	-1420.96	45.4129
-581.423	-179.054	14.7406
-1242.84	-334.094	-1.2225
-1391.67	1197.37	-3.37935
-1313.23	-327.886	-3.15584
-62.1739	-686.528	105.497
1472.79	-303.255	-18.9107
-905.889	929.116	-2.75945
1019.2	-277.596	-15.5801
944.669	-849.099	74.1255
931.019	130.69	-21.7882
-1376.18	-1241.66	49.905
358.574	-546.268	26.4685
-1152.72	-1258.28	45.7778
252.79	764.239	-15.783
-895.258	-804.959	14.7248
-616.92	501.158	-9.20941
-306.786	-306.93	74.9222
1491.19	-263.851	-19.8043
677.709	-935.654	93.4903
657.832	-1322.47	29.4528
-123.36	-1163.1	86.6598
-1272.51	1356.82	-10.6619
593.205	-859.915	99.1318
-1212.35	-858.771	31.2636
924.99	-1307.12	41.7319
-813.259	-195.197	-6.1805
882.575	329.708	-20.3727
-966.795	101.75	-9.72566
652.599	-377.227	-2.04959
1225.97	-903.293	24.6758
-647.846	1137	-17.2713
927.732	-878.377	82.5702
558.825	-420.668	7.6079
-1214.36	994.856	12.2481
239.665	833.984	-16.5397
-280.829	257.683	-10.9624
-246.41	-1039.71	65.2258
837.694	-1052.48	66.8956
-1043.07	-206.04	-5.70584
-64.0077	-1435.64	52.227
539.25	1245.71	-22.1625
1430.65	63.8925	-24.6197
1180.09	1415.85	-26.7152
-717.197	-1148.62	18.46
-1399.12	209.69	0.310527
296.287	1426.94	-14.9878
-1426.8	-1410.25	95.1096
443.692	-532.255	28.4837
922.049	1190.41	-11.7017
-1061.16	-1135.02	36.3269
157.989	1222.45	-17.8568
-455.135	-798.692	22.7707
1440.19	1228.36	-22.3027
-426.038	-218.255	36.9163
650.468	1206.28	-22.2115
-35.6564	-1320.63	55.0719
-85.1262	123.14	-8.20975
943.704	1437.65	-26.4767
970.386	39.9324	-22.4114
-589.096	207.425	7.721
-503.804	-179.193	25.9005
-1447.38	-620.775	15.2727
583.731	-779.279	90.9767
-322.328	-855.721	40.9335
48.2506	803.387	-16.772
-216.285	-522.319	115.64
-1499.96	821.743	10.2172
430.102	-913.064	115.533
-1296.45	800.268	11.9303
-821.547	599.167	0.98897
966.226	681.552	-16.9343
1040.22	481.754	-19.1699
1432.7	1387.35	-26.8338
-788.289	-275.238	-3.93896
-1218.44	-106.586	-5.59598
-651.686	-150.145	6.96764
-658.695	-43.3437	11.7843
-39.5394	1373.01	-17.8185
1433.87	-481.725	-12.7555
-244.331	-1217.99	62.7481
293.328	184.232	-13.3373
561.135	170.604	-17.3281
-1274.89	117.692	-9.64934
1002.88	-791.503	40.6044
-792.295	703.829	2.38712
-1134.77	-1460.34	79.1602
180.092	-68.8574	-1.30393
662.596	-1160.54	41.6025
272.505	1356.62	-14.3954
725.218	1153.4	-21.832
-471.738	-538.998	24.8582
-357.531	1468.86	-16.5424
-1424.64	-40.5938	-4.34092
-582.103	-950.335	12.925
1051.66	-9.7884	-22.0857
-244.181	-1157.15	65.1114
-860.032	511.727	2.03478
-160.488	-579.532	119.864
1441.6	-135.79	-23.2653
1425.9	388.114	-24.263
1161.29	615.201	-18.0516
87.2989	53.2397	-6.06434
-515.948	1281.85	-17.9986
-883.464	624.369	3.20546
91.0053	-161.853	14.2025
617.414	-172.311	-9.16185
305.533	1137.37	-19.8597
-1347.49	293.094	8.53225
-314.097	1442.05	-17.0949
-53.4121	1125.7	-18.0018
874.64	-1196.82	48.481
-199.651	1158.47	-18.7503
1491.94	567.974	-23.4337
-890.132	965.58	-8.50268
230.689	584.494	-15.6179
-453.525	595.042	-11.3714
-1352.28	1374.9	-8.86174
-936.506	-1393.03	44.3508
-1374.76	309.583	12.7243
1313.76	-1261.55	96.5174
271.835	-970.637	100.062
657.211	-1188.69	38.9989
1054.52	-467.528	-7.85045
1279.83	-829.664	2.51569
-714.635	1293.73	-17.8996
-1135.26	-561.431	6.91443
216.588	634.659	-16.0561
188.64	-252.948	11.5575
-34.5176	-393.176	81.4292
-76.3952	868.364	-17.0512
-1319.97	348.741	20.2784
-1025.62	-709.096	14.9575
305.579	-139.467	-5.45656
-1264.48	307.253	7.51288
-209.467	-618.363	106.314
-959.682	952.31	-4.87489
-1468.54	-946.88	21.8492
-1492.02	-488.475	3.07002
616.911	-664.703	62.347
-420.405	-1470.07	52.1154
-864.93	-104.103	-8.44677
1430.45	577.127	-22.1826
991.929	113.138	-22.0192
884.103	-294.015	-15.3353
-863.903	-1077.12	27.3217
-264.852	-1367.83	56.7675
-646.883	-1461.91	52.6791
-603.959	205.578	8.24477
1.37684	835.265	-16.2956
1392.02	610.347	-20.4562
-590.133	-301.616	6.31541
171.35	1129.69	-19.1089
-1054.1	453.077	6.51473
-1348.66	-1329.08	66.5748
728.134	-727.279	59.4995
-935.321	-678.452	10.8314
-321.174	-290.723	68.6393
957.912	-821.712	61.8661
372.544	-401.014	6.42699
-604.157	-233.163	8.75575
-1155.12	116.635	-10.5912
1109.89	-531.599	-7.23084
1321.08	310.612	-21.8692
1215.94	527.598	-19.9546
-1118.93	-229.107	-4.61276
-1200.5	-1305.51	55.6481
1340.46	1415.77	-27.4537
-1178.57	1207.63	-10.7114
-1136.38	-24.3628	-5.13098
1467.1	1316.85	-26.2578
-1085.29	110.065	-10.6609
-629.631	-1022.71	12.2627
1196.64	-1457.33	62.6245
-769.466	-965.719	12.5462
886.68	761.194	-18.5692
-161.47	367.97	-14.4818
-226.021	1463.27	-17.4777
-1423.31	-317.171	-2.27847
-1130.33	265.479	-7.48714
562.075	-46.3268	-10.8822
994.604	-937.748	71.4198
-252.005	816.957	-13.9696
418.882	-60.6321	-9.61489
691.284	-377.479	-3.9187
-62.4654	-973.238	102.844
-554.381	-143.804	23.2556
-458.971	-877.369	22.9805
539.991	-915.696	105.556
-604.291	783.817	-6.38882
-560.515	606.788	-11.9447
516.365	-547.667	33.9154
-1210.03	1057.45	0.396896
375.112	-194.243	-4.98486
-1483.92	365.09	29.9749
-733.419	-1092.16	17.5266
-593.624	-335.823	6.45084
833.349	-1025.66	71.8681
-63.8009	-1009.78	104.474
273.791	-636.878	46.1223
-203.588	-1408.85	60.5522
1316.89	0.436342	-21.3305
693.422	1223.85	-21.9867
1199.42	-522.074	-10.2795
1181.16	-935.111	39.9209
-34.044	151.773	-13.3028
-575.101	-434.365	9.05466
-195.755	183.316	-8.62832
-59.2378	-135.033	24.3655
1095.5	0.105106	-21.3858
-465.051	85.473	30.3265
-592.132	597.006	-11.5138
256.038	241.785	-14.9418
-498.294	-113.021	36.8205
-364.531	1100.39	-19.6444
-265.835	-570.161	100.07
-968.942	-645.609	10.1953
-921.247	-1466.69	45.9158
-1481.08	599.934	21.4755
211.747	186.933	-14.3165
110.591	1272.53	-17.7921
-294.613	1343.61	-17.5984
-308.39	-920.068	43.4208
-820.296	158.293	-2.89088
-419.233	-504.248	38.8392
197.858	1196.29	-18.313
1106.89	749.336	-18.5192
850.068	498.832	-19.2482
927.344	250.28	-20.7548
701.659	604.996	-18.9928
-887.095	-91.6041	-8.8954
-1374.66	307.993	12.2719
-124.545	433.601	-13.9735
-358.116	-361.75	63.6468
1075.02	1323.31	-21.2021
-543.109	319.74	-5.39989
-1041.61	1299.74	-16.3212
-1112.16	58.7029	-9.77413
-808.587	133.649	-2.2324
1326.57	1456.83	-27.3246
582.501	536.211	-18.5379
425.735	-1384.45	27.8995
-860.287	-54.3239	-8.41891
409.076	397.033	-16.931
-792.787	1270.58	-18.7912
-1300.72	-1153.43	49.9004
1277.2	-1209.89	90.5889
-88.9214	-273.804	62.7427
1095.1	-903.062	52.8672
1475.28	-496.365	-12.3495
-238.08	802.621	-13.5469
-55.8012	-432.518	84.9712
1244.4	-869.786	14.1281
350.938	1397.59	-16.3545
391.19	-1093.34	61.7566
669.046	1212.89	-22.1188
-399.805	751.72	-9.42602
-977.727	1171.66	-15.0555
463.898	-814.624	109.709
-1402.1	806.724	10.8381
-11.9893	-680.584	93.9499
-447.859	1413.69	-17.3327
352.532	-924.899	114.186
806.694	-151.85	-20.1639
249.318	687.884	-15.9612
133.206	794.556	-16.8638
766.366	-1078.36	60.2405
967.186	592.305	-17.2161
898.708	-1263.3	42.5709
-1293.76	845.74	22.4429
1487.75	628.897	-21.3969
707.864	507.949	-19.2467
396.1	-771.744	98.2211
-666.544	-984.335	9.84014
-644.227	617.577	-8.6861
-797.962	1216.94	-19.3474
-1340.67	-865.158	39.118
-1191.9	189.742	-9.2787
1048.73	543.078	-18.2783
-850.137	959.762	-8.75126
48.1236	16.9383	-1.50729
1060.75	142.927	-21.4123
-835.758	48.5621	-5.53288
-1231.74	1252.41	-11.5431
1177.04	1319.07	-21.0796
1495.36	-5.32762	-26.0119
-1095.42	-549.87	4.91799
-352.163	-640.221	54.2876
392.713	-1348.4	30.2737
-293.836	127.132	6.69958
1134.73	-296.225	-12.8598
1131.12	1072.15	-17.4508
1344.92	-709.594	-6.33677
1025.47	106.625	-22.0683
553.006	-488.994	20.3877
272.296	1181.09	-18.9029
1115.14	-732.742	6.81306
66.8439	85.138	-9.32238
498.867	-610.037	54.0213
-91.8036	1355.96	-17.9099
-1351.3	1025.43	20.7443
-972.316	-890.048	29.7869
-1118.72	-719.392	12.0506
1171.52	848.946	-18.2118
-659.945	1475.43	-16.3172
1364.32	470.424	-21.5159
-788.832	-8.28299	-2.2131
-1244.13	-1132.39	48.7931
-149.405	176.182	-10.681
-1143.17	-1056.83	45.1755
1311.59	-410.951	-14.8654
821.664	-1086.34	59.4875
764.508	692.046	-18.9709
-676.084	1408.79	-17.3699
1025.9	35.2015	-22.4596
-302.035	-377.233	84.5037
839.695	-1285.2	32.8227
-42.6925	-1032.31	106.001
260.971	-823.013	103.223
1270.43	-836.34	5.04117
-1080.26	-231.509	-4.93605
-1119.83	-582.21	6.56251
-1113.69	-896.836	33.3899
461.031	1251.38	-21.3086
-889.83	1380.53	-16.5061
-202.717	1076.71	-18.8759
-1073	403.545	4.06421
1088.63	-21.3862	-21.048
-1114.96	150.101	-10.409
-1023.99	298.552	-7.76835
642.469	-44.2269	-12.9074
803.309	-1381.44	24.5208
1161.35	-1317.88	75.248
-1407.35	645.122	11.0137
-732.403	308.722	-5.71253
1452.87	572.5	-22.4399
1084.82	1348.88	-22.4899
987.284	205.611	-20.6715
350.06	-584.929	35.13
-718.67	-1452.03	54.3373
-1108.97	1468.84	-12.8273
-181.231	-1119.03	80.6733
-1046.01	-1098.02	38.0039
-440.049	-224.047	33.2417
504.593	-1367.46	27.8598
-460.307	-1189.71	24.5521
-763.473	905.227	-8.18476
-84.5526	1372.93	-17.7409
-895.605	-496.704	-1.16773
-1370.03	-200.882	-5.51308
-192.213	-244.296	62.9072
433.326	-753.749	94.2008
-1143.82	-417.981	2.07736
1145.2	-412.516	-10.9876
1142.39	2.61472	-19.7122
1375	598.583	-21.0445
1079.17	1491.19	-26.1008
-1143.11	53.2392	-9.97943
-434.691	-1302.66	29.8981
1106.49	1366.89	-23.746
984.424	-715.608	18.2855
-244.926	701.127	-11.3988
59.3143	-454.682	59.4616
-226.827	-995.141	69.8446
457.875	-64.3053	-9.82272
437.74	-825.212	113.697
470.045	-76.7679	-9.54546
-1247.03	646.932	8.65107
-581.483	-372.986	7.6014
-392.503	-321.968	49.9616
-1327.35	-783.947	36.7343
657.869	257.013	-21.7419
-495.526	-683.739	17.5193
1351.19	-1295.59	97.7064
1053.01	75.0833	-22.2521
-632.773	-2.54887	19.5024
-316.364	-1363.58	47.7658
1391.12	929.429	-19.9012
-1477.56	773.873	7.37503
-460.64	1028.43	-18.7563
-1309.39	-59.029	-8.30184
-804.461	1087.59	-17.6119
-1374.55	-654.928	23.8571
976.467	-498.524	-7.33009
-835.246	505.65	1.21529
-36.731	-1379.41	51.413
-843.495	1415.14	-16.6453
450.938	-1429.06	25.5134
-536.04	-1406.6	39.0067
-1022.76	215.854	-10.6371
458.326	-1355.22	28.7347
-1024.06	-801.305	20.7645
-1087.47	-247.553	-4.54729
111.812	-278.96	27.3579
1289.54	480.164	-20.4723
539.803	775.254	-19.4591
1375.22	-351.291	-15.344
-258.493	1276.34	-17.8998
1271.75	1003.18	-19.5581
1341.25	1219.08	-21.4731
428.022	622.309	-17.7117
1345.29	-1032.87	46.4137
819.193	837.112	-19.0206
-1139.01	-633.271	8.3223
333.963	467.103	-16.92
-255.846	-796.667	59.4259
1459.95	-1048.56	23.4439
-1305.06	-1399.64	82.4097
1249.53	-690.614	-7.90559
-115.004	-888.837	88.5996
1439.39	581.064	-21.9559
-340.909	105.148	17.9855
-563.43	504.415	-11.4631
1300.75	-833.976	1.00306
814.014	196.198	-21.7433
-1024.1	-10.5453	-7.74607
1081.5	1296.02	-20.0137
648.13	-476.414	13.0097
-1078.91	114.009	-10.7105
539.604	-454.345	13.2781
-355.097	-1337.27	41.3446
-427.307	-108.998	53.6244
-217.301	1100.11	-19.0903
-283.836	180.281	-1.38902
41.6985	-982.712	99.8369
112.146	-550.982	48.7023
580.431	811.432	-17.9433
-950.845	-1165.39	37.8327
1385.72	-312.51	-18.0323
904.738	411.502	-18.6353
-919.808	66.2836	-9.0102
671.892	8.65073	-14.2459
-578.383	-49.1502	27.6299
-429.266	-419.772	37.4352
1289.15	-314.754	-16.3403
-730.022	-1482.38	55.7295
-177.792	1326.13	-17.1513
-897.649	348.421	-9.18177
599.484	1207.02	-22.3239
1248.3	-1164.44	85.1008
-806.652	1444.92	-16.2478
919.018	-1034.38	69.6347
-122.914	414.273	-13.9899
1097.42	-699.828	4.52594
456.636	-615.163	54.4435
1269.04	685.531	-20.2902
-321.891	238.225	-8.60665
1002.81	508.01	-18.8755
-645.49	633.995	-7.56796
-530.381	956.307	-17.3537
1004.28	974.389	-16.5729
-924.614	229.307	-9.83599
-1219.65	263.186	-4.58252
-134.917	845.003	-15.7336
-531.586	69.9166	36.959
1474.17	66.777	-25.4661
-1482.98	450.201	53.4346
-704.388	-863.185	8.35806
-170.032	1036.88	-18.4924
1169.87	-320.742	-12.7905
510.789	-1319.7	30.2919
-325.601	-1373.21	46.4887
-309.288	724.111	-11.5058
-538.6	-524.97	15.4157
1219.33	1058.37	-18.9486
257.248	980.575	-18.8155
-165.479	-580.007	120.324
-340.718	917.311	-17.0486
658.717	-1091.59	57.0465
427.62	902.43	-15.8099
-1003.35	1383.14	-15.2488
-601.331	1076.96	-17.88
1085.68	20.8437	-21.9673
-748.167	793.729	3.45026
1247.03	1252.32	-19.5749
-587.965	-494.016	9.30724
1492.64	-1332.95	91.9918
1122.59	-920.375	49.4412
-1123.13	434.784	9.41287
-706.58	1107.5	-17.8648
-718.618	-1410.71	50.2449
95.8429	1313.07	-17.3269
494.359	-119.099	-8.42724
-1459.67	-8.16761	-3.23912
1481.81	324.524	-26.5522
-541.798	620.028	-10.9902
-1162.51	1411.33	-12.8712
79.2316	-359.134	48.0316
950.871	-1354.57	38.9791
1061.17	401.639	-18.0595
1475.89	1123.32	-21.585
-563.14	407.2	-8.82394
-1414.14	-1082.65	40.7139
1269.42	440.578	-20.6142
-1487.98	-1432.12	111.264
-1184.97	658.908	6.96767
238.713	-1123.9	56.5364
1053.6	-1372.04	52.0109
-784.095	328.583	-9.6142
1152.94	123.041	-20.6281
935.759	-1116.53	68.302
-609.757	755.784	-4.54172
-111.642	1112.59	-18.3155
-646.535	-222.479	4.84494
964.585	361.671	-18.7657
324.37	905.919	-16.9762
522.755	973.503	-17.2348
-239.175	-283.539	68.2607
276.931	-1273	37.8137
-82.5418	-1438.54	54.7847
1091.74	188.5	-20.9423
1172.71	-1356.7	75.9427
-756.614	1021.33	-15.5666
1162.61	873.902	-18.1537
197.12	670	-16.252
-378.286	-927.315	32.6689
369	-476.184	13.4724
-1134.34	923.046	10.7663
1256.87	-248.2	-16.1426
-1037.02	948.345	1.97007
-364.876	678.002	-8.48573
-232.086	130.264	0.827955
225.356	-6.45354	-5.7059
664.685	-686.092	58.8401
-1124.78	1313.42	-14.5257
74.6242	-1030.27	89.9265
354.637	-481.861	14.6751
1182.27	-711.94	-1.62654
-578.504	-605.603	11.1676
-1255.23	874.301	22.7805
-148.861	-997.474	90.1965
-932.464	-237.799	-5.00816
-1466.17	1018.64	21.9349
-15.091	-468.019	78.4764
-408.527	-180.853	44.4031
-609.221	951.283	-15.8096
1136.14	-390.132	-11.1758
-1218.83	-1498.57	97.6329
128.387	-1109.21	67.0882
962.711	-1104.55	71.0145
-1247.31	-1397.88	79.8907
-360.59	1216.34	-19.437
1037.36	-87.998	-19.9001
-620.489	1149.4	-17.3048
-450.602	1169.98	-19.139
-821.188	-248.677	-4.77538
-378.96	97.6881	21.4944
766.628	521.581	-19.5115
-1213.14	108.217	-10.8784
-1346.45	665.618	10.7594
-1473.98	286.334	10.2538
-294.066	-1247.96	51.4323
-1175	1177.14	-8.39997
-1339.29	588.989	22.3324
90.6845	-543.205	54.601
-733.224	1217.94	-18.3181
608.695	1381.54	-22.6416
1415.43	-1068.09	40.6295
1083.43	496.184	-19.0494
-800.277	-27.7396	-2.88331
-1025.26	-124.344	-7.58755
796.366	1062.79	-17.8288
677.525	-1059.1	66.0725
112.2	-1070.63	76.458
155.247	-13.5461	-2.90182
303.968	-250.339	0.117335
-770.029	-1101.36	19.6511
1020.76	1335.59	-20.9695
65.0874	-153.714	15.331
887.518	429.619	-18.8776
-248.774	-127.286	51.3823
286.58	-582.449	32.8384
-71.8236	1131.77	-18.1078
195.45	-1175.6	50.7389
1204.28	13.6801	-18.6667
-1077.42	1309.46	-15.6722
-395.756	-1441.82	45.4023
-1316.11	469.194	38.1804
-185.82	-114.845	37.1236
-15.9422	240.18	-13.9958
796.705	-126.694	-20.7886
1352.14	236.836	-24.452
157.291	1278.08	-16.5224
182.685	-1413.56	35.2744
-1089.78	650.806	6.49208
1447.84	807.226	-19.5439
392.144	83.8008	-11.3219
-104.581	-1494.44	51.279
1006.9	-1329.64	52.3204
-280.99	-613.323	87.123
-580.625	641.03	-9.31356
798.717	-1304.39	29.2867
1436.9	983.686	-21.8987
-699.145	-1470.19	56.3077
-1010.44	-669.702	13.5882
897.529	583.779	-17.0089
1284.59	924.122	-18.6148
1417.03	-1464.78	82.4249
-1246.36	-361.405	-0.386846
1058.41	450.128	-18.6953
-1471.61	-266.053	-0.697338
-948.483	-487.187	0.316864
-537.362	993.948	-17.4774
539.188	1091.93	-20.8168
-554.108	1281.55	-17.5312
-1032.34	848.21	7.89185
792.434	1416.04	-25.9735
1444.42	-352.165	-15.6233
-1410.38	-853.93	34.445
-1499.93	877.877	14.7403
-692.514	712.323	-0.84145
-639.51	81.1147	19.4206
642.59	-1159.21	42.6401
-499.618	-1098.42	19.6175
212.307	-542.063	29.5036
-1346.38	52.1265	-8.35204
142.713	-906.267	98.9083
476.448	-752.463	92.1894
-163.563	-342.594	85.8363
-465.481	486.034	-12.3523
-749.791	39.321	1.76014
-121.132	960.542	-17.5141
-1148.58	-1260.7	46.0281
1136.78	-250.986	-14.2283
971.888	114.032	-22.0062
709.297	-1390.63	24.6557
1479.86	750.479	-20.7504
-788.309	24.9603	-1.85295
-1159.51	82.8443	-10.6698
13.0222	-755.603	98.1413
-776.536	-70.9597	-3.77679
1160.44	790.083	-18.3271
900.934	-53.187	-20.1518
929.476	-1227.26	53.0712
521.351	-1361.28	28.091
1173.15	530.369	-19.537
169.333	1471.5	-15.7666
-355.613	-861.662	35.9829
-950.418	-132.153	-7.81163
-747.703	-1442.57	52.495
-505.846	-309.183	15.4193
1400.52	-563.107	-11.345
-1096.09	1018.03	-3.46595
943.632	-1132.54	68.6159
-32.1634	1292.17	-18.6622
855.454	553.897	-18.2417
1407.29	-558.159	-11.4397
1400.12	1403.35	-27.0257
1143.4	879.153	-18.2685
-793.549	1071.76	-17.1337
922.15	891.219	-18.5068
-1140.71	547.979	10.5939
-666.714	1034.63	-16.9104
-344.678	434.145	-12.6311
-463.494	-628.509	24.3025
1263.37	1476.41	-27.1447
1220.59	927.309	-18.4338
-752.057	-1166.6	21.9187
841.135	1436.13	-27.0529
428.392	-177.311	-6.62835
-181.82	1290.42	-16.9678
-312.26	-1046.35	46.4918
1370.28	551.268	-21.7171
-252.495	-1059.96	63.6288
1140.78	1012.15	-17.9124
293.346	369.282	-15.9904
730.283	-785.343	73.7949
-1211.21	837.754	19.6299
401.266	55.1142	-11.5416
-346.849	-1403.34	43.7677
-699.094	1106.84	-17.791
193.377	-1246.87	41.986
-498.395	-1313.33	25.9685
1106.21	-177.832	-15.8473
-936.155	-612.081	7.1019
1100.29	774.079	-18.9632
534.344	-1191.48	38.9726
244.42	-719.335	70.661
426.934	-1048.28	71.804
-1252.85	-585.902	14.3039
-1489.3	-824.856	15.8002
1349.26	-1009.7	36.5823
586.885	5.70398	-12.4415
1403.16	127.067	-24.798
-382.553	641.729	-10.0729
-964.834	1263.75	-16.6907
-1447.01	1100.77	12.4855
-1279.07	-1182.14	48.43
-741.535	-221.289	-3.29277
810.651	-369.602	-11.5835
-989.171	213.203	-10.8904
660.453	53.614	-15.1854
-1013.28	-212.745	-5.63213
1385.39	-1085.33	57.9169
670.372	958.412	-16.5752
-1213.35	-1.59802	-8.67947
893.018	442.803	-18.6814
742.345	-1260.46	31.0238
-336.166	823.733	-14.8447
-105.852	232.388	-13.3279
454.503	391.78	-17.6127
-1392.27	399.692	39.0098
619.344	1379.82	-22.9135
393.923	-2.37371	-11.1773
500.1	-767.407	94.5154
459.738	-1410.68	26.0916
-507.454	622.537	-10.2974
-310.313	-1271.22	48.4424
583.282	-27.6567	-11.5915
731.438	-877.844	87.3708
1283.56	1472.11	-27.0722
-332.895	677.911	-10.5992
1177.88	-209.1	-15.2044
1104.34	-992.203	58.3542
590.835	-1449.3	24.2343
-1376.38	-1162.13	48.3186
572.567	-145.312	-8.39033
1182.31	-431.942	-12.0096
676.646	615.635	-19.8509
259.571	815.899	-15.5864
816.69	818.904	-19.1544
108.818	1403.46	-15.9115
-410.653	1486.06	-16.0637
-1461.48	935.323	23.2698
261.455	-131.422	-4.65625
-1417.94	393.95	38.0016
-916.314	152.558	-9.07255
16.933	427.949	-13.6162
-780.776	-525.299	-0.104623
1138.21	514.44	-18.8652
-794.646	-525.763	-0.49791
-113.586	-1162.21	87.2969
-286.719	1236.02	-18.6965
-646.914	-1011.16	11.2876
-729.237	973.369	-13.5957
458.247	919.833	-15.6993
-154.11	1199.89	-18.506
-481.318	54.0082	37.3249
-1151.35	-87.6647	-4.64223
1307.1	-18.3768	-20.7536
593.16	1090.54	-20.2479
-1303.12	1011.98	19.2999
-1224.27	-672.84	18.3332
-1046.18	1007.48	-5.476
-422.114	-1038.3	26.1674
1018.19	-243.422	-16.2729
1052.95	1172.2	-16.3025
164.877	-1310.25	37.3433
490.359	697.683	-20.2703
-709.448	512.613	-3.5363
-954.326	-1303.62	44.6994
385.368	-933.001	112.387
479.897	199.922	-16.6813
11.9008	-772.64	100.161
-1195.68	-1127.38	45.5304
599.126	-110.731	-9.66501
-738.254	-917.586	10.5175
361.474	325.926	-16.2428
345.71	225.918	-14.3404
312.681	262.922	-15.0819
-779.788	1007.89	-14.7937
1084.53	-800.663	28.6201
-1017.23	543.313	5.79641
1462.14	-877.266	-3.05967
147.62	-811.999	98.6244
-1369.06	323.123	16.167
-1489.63	582.493	28.0053
1226.61	646.974	-19.7207
-560.442	1232.29	-17.2239
215.351	-671.681	55.1744
944.66	743.283	-17.9088
-366.888	405.654	-12.2432
783.134	-604.847	12.7336
-144.496	1222.03	-18.231
-1461.75	-493.394	3.75618
-1303.08	1421.02	-9.65304
-1322.49	-103.321	-7.78026
-1305.76	-675.494	24.8805
-377.261	-874.448	32.7902
-24.227	-756.741	100.128
-245.373	-728.062	73.9782
-778.666	737.079	3.8784
-921.275	-807.32	17.0655
1329.8	-5.66808	-21.6648
1332.74	159.763	-23.6631
1124.47	1327.58	-22.031
-52.0259	1181.68	-18.3305
1032.17	-542.117	-4.57529
-577.366	-1209.88	20.3877
-736.583	-1020.29	13.7694
-636.871	-876.2	11.2895
1098.6	372.476	-18.5576
-1188.66	330.816	2.14626
-65.0025	734.288	-14.0883
-538.689	-998.861	16.6122
-999.346	178.908	-10.7012
393.376	-605.105	46.4796
1063.23	1408.12	-24.8793
-947.977	-46.2089	-9.76661
-204.618	-1097.74	76.946
1007.09	947.881	-17.5062
-1417.86	708.039	8.84515
1259.27	-1266.81	90.4287
-185.032	-463.483	103.554
-999.09	-910.607	32.7307
-985.496	-1367.57	51.4973
-1149.1	-198.121	-4.84988
-354.048	-171.676	55.2581
-607.622	-1025.96	12.9347
514.253	-1475.28	23.2489
76.5218	-396.638	50.6474
-155.434	-649.675	110.711
1093.32	-317.226	-11.9491
796.795	763.041	-18.7313
873.037	601.884	-16.9971
-1253.56	-509.897	9.24514
-387.372	1312.14	-18.0928
-557.436	-802.294	13.5147
952.294	-1260.56	52.6211
1496.61	949.334	-23.0045
65.2863	-679.948	79.8008
-797.487	1330.25	-18.6062
-1273.82	-753.759	28.4791
-709.126	-1400.9	49.2572
-878.883	524.136	3.41202
-734.195	-701.912	4.03952
947.034	1419.08	-25.2332
235.528	-1033.65	77.5648
-1078.71	-308.977	-3.21596
-64.5312	409.621	-12.9902
352.47	105.952	-10.7743
-487.37	1399.79	-18.1825
-1132.51	120.424	-10.4302
-271.835	1364.15	-17.4367
-108.604	-1397.93	60.9656
522.771	-1307.52	30.8811
-773.843	-1389.36	45.8123
-851.156	1490.29	-15.6561
400.414	-1200.33	40.5497
954.335	-919.688	75.7708
70.4654	-1324.52	41.8607
443.664	-409.19	2.99334
245.08	-139.759	-3.66626
480.787	837.654	-16.8902
1145.75	918.282	-17.9111
-1458.06	178.754	-2.39059
1205.62	56.1559	-19.3023
474.518	43.5238	-13.0154
-589.514	1376.15	-17.7736
1014.16	-34.4879	-22.1403
1042.52	-32.0392	-21.6448
-400.242	-863.883	29.6561
703.042	-277.692	-11.9083
-1249.24	1418.36	-10.8275
-604.129	-1317.09	33.6582
-350.897	891.992	-16.9557
277.339	-586.197	33.955
689.741	-456.799	5.30793
-562.615	-266.845	9.86963
-19.3657	-1325.14	52.1618
-46.659	-92.8933	15.1702
-536.798	-1485.13	51.8587
-326.499	263.866	-9.91891
-572.081	1493	-17.2571
-521.574	469.086	-11.5408
1327.63	-1182.71	95.88
-1384.55	-963.67	40.9682
959.744	-97.8437	-20.4332
1354.04	-1046.93	50.0509
-568.726	-740.066	12.0511
378.874	-829	113.998
-232.253	554.81	-12.6849
-189.821	1118.16	-18.9303
1466.99	-1142.28	56.306
-648.985	-968.511	10.1413
672.127	-530.03	17.6865
415.449	824.372	-16.565
764.638	-329.034	-12.1498
-717.637	32.8628	5.80274
-391.046	1274.67	-18.7203
-1227.17	813.943	16.0339
675.587	-1076.97	60.9138
787.547	-1427.79	22.6904
1416.23	80.1285	-24.5351
1474.64	-1478.69	79.1615
736.714	1154.83	-21.3751
-1330.59	-16.6885	-8.62404
1197.68	189.881	-22.803
-1363.29	1286.17	-7.45302
304.301	1374.46	-15.0024
-377.042	678.291	-8.15352
-267.415	-1382.08	55.6008
-922.091	-991.315	30.1653
-1384.2	-639.977	22.6587
-271.456	-563.096	97.7188
342.544	-156.464	-5.70482
-1458.93	-81.5514	-2.42652
-685.583	668.599	-3.75726
690.456	532.712	-18.8371
90.773	-356.748	45.2014
-545.362	629.173	-10.486
-129.041	417.59	-14.0882
1177.96	462.113	-19.1387
-423.602	-218.582	37.4055
295.986	74.0342	-9.35561
-324.457	-565.595	76.1307
1475.65	-1458.36	81.0687
563.355	-226.794	-6.41571
133.686	-155.462	8.65879
401.785	-352.041	0.816332
-459.164	1094.23	-19.1577
149.538	-297.155	21.5585
204.137	355.607	-14.5221
-787.817	-1120.6	23.3603
233.462	-1300.75	36.4342
299.767	-1136.92	54.3313
564.573	-886.894	105.282
-341.944	1187.85	-19.7961
-377.19	1230.04	-19.2459
-933.264	-1227.39	40.9525
-194.252	-669.193	103.885
1136.28	-324.595	-11.9186
-1031.54	1431.73	-14.4297
166.788	-73.7812	0.628356
1401.6	99.1294	-24.476
746.553	-1448.5	22.4927
-1085.14	-415.896	0.516612
-676.705	630.834	-6.76048
-180.71	-1402.05	62.5581
-401.664	-1443.64	45.8243
1218.16	302.006	-20.6578
-997.698	1303.78	-16.5641
275.066	-1104.03	60.1445
1193.92	-1347.09	80.6985
685.174	600.281	-19.1124
-105.149	776.575	-14.2205
-1075.2	1110.01	-11.6283
812.567	1283.01	-17.9606
637.234	1357.03	-23.0288
155.271	-585.805	44.2237
-815.264	1190.62	-18.7603
-1058.36	1042.73	-10.0164
1427.55	-388.148	-14.7657
-410.865	557.777	-12.0415
1302.5	-1081.36	65.9119
514.639	893.893	-15.5413
918.488	605.24	-16.814
-531.707	276.396	-0.886969
1319.94	-939.67	17.9356
-165.88	839.93	-15.0864
-28.5207	-702.042	98.8992
-701.96	437.06	-7.56939
1443.45	393.725	-24.8336
-1423.92	1066.02	15.4106
427.268	234.496	-17.2386
1376.45	-1150.56	77.7161
-800.427	370.021	-9.06758
-613.82	0.343055	23.2165
84.8051	-960.317	96.1429
244.81	-317.946	8.4966
-705.15	-286.516	-0.494162
-508.23	679.253	-7.17202
-930.257	-1054.64	34.2243
-326.047	1140.52	-19.9666
-1146.43	-389.72	1.02885
4.48474	-1070.4	97.1097
-320.856	-1423.29	48.3834
809.02	693.541	-18.0234
-1021.51	-113.378	-7.67008
-1308.48	1363.24	-9.85991
-144.414	490.037	-14.7215
1087.1	-291.373	-12.7725
512.544	-1299.51	31.3245
1319.78	-1300.89	96.0056
-1329.75	-161.066	-6.62025
-381.176	46.2715	35.1388
-805.918	1242.09	-19.151
-1367.99	-1480.27	107.694
197.38	792.352	-16.319
929.545	-1477.02	24.8204
-617.254	188.134	12.6681
952.658	846.813	-18.7556
1005.32	-804.034	44.8833
76.4204	537.638	-12.1498
-1251.39	266.667	-0.0748762
1191.78	1131.5	-18.6261
-871.363	1232.45	-17.8808
-966.254	-446.161	-0.43538
758.792	1404.99	-25.4336
-1046.09	341.681	-3.85623
-227.862	45.2241	19.2004
740.824	-1027.73	73.3609
1115.28	-1097.25	65.5942
-1235.61	316.045	4.68793
70.7032	1.43796	-2.28743
110.839	-437.412	42.5411
405.186	-445.955	8.98518
442.333	-183.58	-6.55378
688.566	62.1938	-16.1502
-414.591	-444.825	42.973
-555.859	216.404	5.55526
-1033.94	-1312.16	51.8959
-199.676	-115.804	40.1322
-575.432	462.342	-10.2797
1002.03	866.205	-18.9241
-957.332	859.745	5.68341
1280.82	-1374.92	92.175
-721.796	-1286.9	32.8725
1223.01	-195.998	-16.1924
-688.556	-687.228	4.59439
-535.972	220.539	5.03479
606.385	-1043.13	71.6981
1232.53	684.953	-19.16
-1240.52	1463.53	-11.0174
1093.35	-242.177	-14.345
502.693	35.3581	-13.1044
452.767	-1002	89.9799
13.356	-606.805	82.494
-436.057	456.479	-12.1604
-438.803	1046.28	-18.929
1329.93	-865.062	2.72254
17.3901	-547.903	75.6381
654.226	919.363	-15.4147
1380.19	-788.063	-4.48802
15.5945	694.074	-15.255
378.478	-161.777	-6.36657
-1254.15	825.956	18.1975
1442.11	1290.56	-24.9962
877.489	-878.262	85.3074
-1165.36	585.735	10.6487
-1493.23	-1276.87	63.5632
-551.273	75.1673	35.0131
-283.861	-391.558	85.8862
1314.93	-832.912	0.546108
-1173.33	-1066.52	46.8479
-198.902	-1214.25	73.6985
-580.62	-1115.82	14.2785
-358.576	1472.68	-16.4999
1327.84	-565.727	-10.5514
1162.62	-449.619	-10.8229
-317.49	1116.75	-19.9112
-867.198	237.165	-9.24496
-1013.29	1084.22	-12.8339
1040.32	1181.38	-16.0908
-929.793	-817.545	18.7923
30.5704	1158.79	-18.1407
115.812	66.1709	-8.96889
-1424.07	-36.9598	-4.41192
-504.831	1266.41	-18.1989
-1446.29	-1318.14	71.4837
390.031	-1205.99	40.4247
460.793	-603.401	50.6425
1095.99	-85.2143	-18.5367
1029.79	-729.151	16.056
1431.95	1452.45	-25.2213
-381.796	-133.928	59.3899
927.029	-279.105	-16.0385
-515.725	419.555	-10.3659
-377.179	-207.543	46.5262
-510.324	313.365	-6.51127
-491.762	1052.89	-18.4989
1098.17	-740.305	9.10983
131.87	-1408.95	37.4383
837.781	-251.378	-16.6742
-676.792	-395.891	2.34072
824.081	824.621	-19.1613
-346.601	-128.261	59.6361
-122.121	817.921	-15.1749
314.827	1270.28	-18.4064
-95.4378	-521.566	102.189
-1495.73	119.689	-3.29586
686.782	750.85	-20.3187
-1332.49	989.656	27.6193
-1494.98	-124.505	-0.447234
-257.582	-1347.28	58.8065
1021.67	-336.689	-13.3033
-165.69	-735.372	94.5743
1336.51	894.111	-18.6793
857.026	754.529	-18.5101
245.26	683.463	-15.9726
-516.81	-333.404	14.4937
873.453	444.03	-19.1548
-493.661	-497.007	21.8284
370.712	38.1684	-10.4445
-533.649	1152.28	-18.2351
-1437.22	-299.104	-2.05034
1079.52	846.683	-19.0531
-109.828	-1461.51	53.8497
-30.2894	233.391	-14.0523
-1093.2	858.357	16.1521
-1021.33	154.167	-10.7771
-1265.24	1266.71	-10.6488
1022.34	-294.402	-14.9969
-498.674	611.328	-10.7361
445.828	478.582	-17.8838
762.039	-274.634	-14.2022
-37.1187	-1138.07	86.1945
1303.4	1151.58	-20.2944
-1011.48	965.392	-2.49997
581.986	-1318	30.7134
-46.3351	445.956	-12.5914
-1302.84	-1188.77	48.7329
201.104	556.222	-14.5522
-1084.14	-1455.29	72.3137
-219.459	-273.232	65.0511
1395.79	-1093.23	58.0625
876.286	340.733	-20.3568
-717.015	261.818	-0.654061
-174.965	279.985	-13.0555
-173.516	912.622	-16.8172
-416.02	503.177	-13.0929
-907.821	404.284	-4.95223
679.454	907.184	-15.7787
1171.61	1205.66	-18.4475
-281.454	19.208	34.4777
468.059	-709.849	80.6665
1152.15	-748.992	4.27469
31.3186	-1008.56	99.1532
995.417	-1250.67	62.6403
-978.485	-29.8377	-9.38763
-1059.49	669.449	5.7997
597.421	-768.298	87.3844
1035.8	313.052	-18.3055
-438.637	1207.08	-19.0304
483.427	1408.05	-19.3372
-125.502	-884.51	86.2021
238.766	-774.523	88.0335
512.727	216.207	-18.0465
-417.286	-258.086	39.4786
-31.5638	-309.072	67.2924
-975.435	-2.3603	-9.59257
-1053.93	1457.79	-13.8574
1472.93	-983.524	4.15362
-256.322	-1262.4	59.2365
-814.769	379.036	-8.90592
1312.15	1417.15	-27.3387
-1270.31	349.209	14.1603
1125.09	242.538	-20.5597
886.615	1411.3	-25.034
-381.112	-1210.32	34.4967
-1303.86	-1.63717	-9.54161
-294.936	1325.58	-17.7056
1148.39	523.766	-19.099
-388.966	983.278	-18.3322
860.905	-1218.55	43.0728
423.395	-574.169	40.4392
572.979	-1128.44	49.368
881.345	425.995	-19.0456
687.3	489.275	-19.2073
1281.87	-989.641	43.4145
-972.28	103.985	-9.7984
-998.509	657.579	4.97252
1291.35	-813.416	-0.421265
237.178	630.002	-15.9984
-851.753	693.791	4.4654
681.547	-917.76	93.2829
-64.0836	-1375.97	55.7627
333.991	1399.62	-15.7313
-1153.41	-1001.77	45.0204
-1370.15	908.13	31.6449
-813.68	412.924	-7.8609
-1153.02	-553.386	7.24874
1281.55	-375.788	-15.2711
1469.86	873.901	-20.7743
-335.435	394.946	-12.4271
-948.215	-918.503	28.1443
-430.832	1376.19	-17.5348
107.551	-1000.78	88.6419
-1216.98	95.3417	-10.7773
667.56	991.137	-17.6191
1091.07	898.08	-18.5149
192.665	588.534	-14.8763
818.361	256.646	-21.5724
-277.748	23.6892	32.977
-223.53	878.166	-15.4679
-1117.16	1329.61	-14.5599
1492.68	552.334	-24.4547
648.951	-1224.96	36.2743
-1118.18	1368.1	-14.2216
-754.494	-410.23	-0.0172756
928.099	777.803	-18.8333
84.6813	-545.365	56.4467
-315.733	620.857	-11.4013
-1274.62	1324.01	-10.7997
1486.7	-410.26	-13.5431
394.638	-1042.43	76.4525
-1074.68	845.158	13.2857
1363.45	-1403.06	96.603
134.409	-416.879	36.1536
-1386.43	907.433	30.0384
-420.716	712.647	-6.96045
762.616	1479.93	-25.8273
753.544	895.08	-17.8229
-828.148	-9.92683	-5.38584
1122.91	808.386	-18.7249
1401.19	1458.49	-25.923
445.252	67.1406	-12.7528
969.52	1324.56	-18.9899
268.325	-318.354	5.0583
-512.025	-1360.38	32.0997
687.529	-952.693	92.4035
-784.122	1109.49	-18.1157
989.778	1248.32	-16.1168
-1022.52	735.454	5.73002
422.012	1077.69	-19.5495
-1063.96	-184.361	-5.99351
390.016	-1367.57	29.6033
-83.3768	-1208.01	75.8745
501.696	-760.184	92.9915
806.557	-857.335	85.9988
909.747	459.372	-18.5224
-566.832	-228.786	13.8158
1131.47	1005.39	-17.85
-387.188	507.654	-12.6725
-1411	-228.462	-4.53318
-653.136	-614.137	6.20819
-1382.58	334.451	20.1937
-401.53	-313.781	46.2263
-122.711	1455.94	-17.5401
-556.007	849.759	-13.4992
326.934	-803.195	103.447
-1394.89	1317.58	-6.91435
992.014	-367.26	-12.4974
-699.23	1351.87	-18.33
-717.304	-728.303	4.69948
-393.82	977.404	-18.3286
1113.8	-1409.24	56.1713
106.185	-1162.15	63.2156
-795.371	-739.594	5.19667
87.0786	1011.05	-17.8275
1224.38	-948.279	35.2439
941.022	49.9953	-22.1904
-874.96	-759.493	11.2298
1225.17	-462.152	-12.6228
-671.693	1461.3	-16.1688
488.077	-123.668	-8.25724
-168.768	530.174	-14.3204
-305.787	575.499	-11.7365
1199.15	1267.12	-19.428
445.055	1169.74	-21.863
147.093	-1012.77	82.6165
930.963	436.275	-18.831
1431.68	-659.32	-7.93849
242.211	-935.617	103.103
1158.57	143.464	-21.2682
-899.764	1256.03	-17.3198
586.606	-577.272	37.1388
-207.357	491.997	-14.5571
296.782	1280.77	-17.2828
1154.97	-1247.36	77.847
-835.771	-1316.38	30.493
-269.252	-78.0438	50.5694
482.722	-604.174	51.5704
971.627	-388.423	-11.6473
-652.546	27.461	15.6507
-290.203	428.922	-13.4533
-874.865	-396.496	-2.23615
-848.094	1317.49	-17.8981
1060.05	-222.513	-15.3409
999.315	-725.209	20.0407
255.169	1099.55	-18.787
-983.381	221.312	-10.8861
-213.845	46.2341	16.2647
537.471	-309.305	-1.81505
-1229.59	1158.41	-4.26712
-955.899	-1286.9	44.6405
-545.348	365.369	-7.9381
1022.38	1058.37	-15.1264
-590.264	902.183	-14.3436
-151.674	-431.889	96.1243
478.371	-1273.65	32.7679
-1199.11	-647.649	13.9812
-1288.86	-1389.3	79.18
1259.85	1049.75	-19.7195
523.335	-830.521	106.712
-382.86	198.187	1.47016
-1083.88	-173.645	-5.82397
1224.34	-1160.38	81.6966
1052.75	634.396	-17.2612
-28.4493	311.623	-13.5266
-920.282	942.262	-4.23757
308.722	-1270.32	37.1397
1398.18	1398	-26.869
21.3567	-1386.16	45.8399
134.197	-570.985	46.1862
-4.0789	-1154.35	78.913
1440.73	-784.618	-5.9952
1330.94	1111.57	-20.5721
1365.26	611.718	-20.325
-1350.97	-1343.03	69.8306
101.367	-1428.52	38.912
-1098.22	431.369	7.15658
-58.6725	446.072	-12.8046
-395.718	-677.831	36.0132
241.338	-391.346	12.5115
137.56	507.529	-13.4255
1466.85	1445.24	-25.4751
-1359.63	882.677	29.809
-1476.43	759.946	7.01571
590.599	784.835	-19.1515
1141.59	795.659	-18.5268
-762.042	539.959	2.48625
-968.646	588.039	4.95762
843.428	531.308	-18.6546
-1269.25	1195.38	-5.63351
1042.26	1271.04	-18.8769
-975.373	-358.841	-2.28682
739.609	-773.093	69.5925
1315.78	389.177	-21.2529
595.922	-944.65	97.8418
-458.27	1377.2	-17.9856
-1377.79	1015.2	24.922
-1047.39	1460.24	-14.0023
-29.0475	-1459.42	47.771
-352.069	117.082	15.4486
702.885	-1177.29	38.7833
-1228.86	-597.172	13.0931
-305.175	-836.055	44.9646
1024.3	-15.8575	-22.5028
1127.73	795.278	-18.6735
217.062	958.445	-19.8227
638.283	-954.138	94.3232
505.713	991.922	-17.6834
-830.267	998.165	-13.6764
-701.32	-171.811	-0.612824
-881.342	1166.82	-17.2376
-1208.27	-697.262	17.453
745.279	1479.65	-25.8862
537.562	502.543	-18.2662
426.474	1023.69	-17.8791
-277.427	-1270.5	55.0133
134.709	-454.784	35.4738
-673.278	-597.838	5.06905
-109.45	1257.2	-18.177
1032.05	1356.73	-22.246
220.363	-1159.99	51.406
-806.419	503.755	0.7564
-1220.61	1469.07	-11.6626
1296.29	-1428.86	86.5801
959.294	-42.8058	-21.6799
-1116.09	1099.39	-8.65939
418.159	-425.936	6.53658
477.774	-805.99	106.117
12.5438	650.113	-13.9616
139.972	252.49	-14.0592
513.183	-372.129	2.14892
341.859	-88.1698	-8.05987
1023.57	-1252.15	65.3696
-101.292	-337.477	81.2099
1263.7	-1009.78	55.2436
814.458	-528.964	-4.24075
73.5412	-147.194	13.2548
1403.03	72.7139	-24.223
532.498	-428.719	8.4896
667.799	-589.627	27.8424
19.4762	858.899	-16.6029
731.24	1194.96	-21.7494
1319.75	-1143.6	85.0067
16.2709	372.593	-13.933
443.747	-1177.72	43.3492
1116.4	427.972	-18.5531
-937.541	-1371.35	43.6547
-619.587	-655.457	8.06364
-1469.22	-917.579	22.0509
103.588	-1075.2	77.7972
-555.442	-546.905	12.8609
292.03	-976.205	100.903
-27.8153	-1326.98	53.2254
-363.753	-1488.28	53.8639
-273.385	-963.218	53.1297
772.989	1152.08	-18.9575
625.038	-1184.31	39.9213
-416.291	1182.39	-19.3164
130.584	810.398	-16.9914
-928.82	-157.599	-7.2321
-1321.65	681.595	9.11444
-40.9866	-974.123	105.533
719.303	-54.472	-16.2551
1317.58	-669.885	-7.87809
209.806	-1364.55	34.7287
824.161	-1005.36	75.3198
200.273	-553.669	32.1851
1471.11	1417.37	-26.5622
-932.746	-835.09	20.3826
-1280.72	-629.639	19.622
-454.986	993.715	-18.7049
-1302.33	-794.702	36.8232
331.02	896.131	-16.7837
-1120	-1413.11	71.9174
1150.07	-842.575	29.3878
-140.296	-696.348	103.633
-945.214	757.591	5.6934
-879.972	-366.55	-2.01748
63.6277	1296.71	-18.2804
-658.923	1180.07	-16.9886
-243.908	-925.93	59.0634
1490.41	925.611	-22.4475
-555.021	545.1	-12.6516
-678.458	-237.948	0.505073
1142.23	-898.235	41.8782
310.934	-291.428	1.9197
-1391.29	308.58	13.4793
251.793	497.836	-15.5156
639.034	-764.13	79.5815
903.06	391.403	-19.036
875.283	550.706	-18.0157
-1081.6	-1236.62	44.8008
-1195.11	-905.977	36.8477
558.81	691.363	-21.5956
-1428.57	-1045.23	35.5726
-850.108	680.23	3.86471
1148.89	356.918	-19.4156
-765.356	-708.063	4.13377
-519.424	1095.73	-18.5085
1335.68	299.306	-22.5837
-207.172	-119.153	41.9661
294.936	164.968	-12.5845
1151.88	240.005	-21.0317
-121.189	-427.717	91.7054
934.794	-1203.62	57.7462
984.881	-1007.91	68.5225
-564.927	531.721	-12.16
-1476.39	628.283	14.2455
-683.018	867.419	-7.01521
-884.956	-81.8703	-8.98785
965.11	-1252.98	56.5303
1189.41	468.848	-19.2793
625.511	-488.491	17.0324
-1083.24	203.127	-10.1928
1319.7	1073.7	-20.4181
-140.848	-837.904	85.4781
5.08411	-426.259	73.8482
-921.358	-369.004	-2.03442
-941.927	-384.562	-2.0261
274.012	-1344.62	33.9203
100.235	-1268.54	45.7398
-1460.62	728.76	6.56913
-1420.98	1451.24	-7.37684
1288.26	-1163.44	90.4776
-1489.47	438.838	52.309
469.692	-1239.61	35.3966
1216.7	411.559	-19.6964
292.632	-547.21	25.1876
1319.13	498.764	-20.6154
-1471.17	-774.07	16.7511
-814.914	248.658	-6.10829
1166.4	623.312	-18.0103
1288.81	837.52	-17.7361
-198.439	-230.397	62.3879
13.2337	-1202.59	64.093
-1369.47	-445.624	0.743408
77.1198	-96.3289	3.42
-474.551	-889.389	21.5746
-690.648	-18.6665	7.82523
245.746	524.939	-15.4896
-1235.24	345.281	8.79186
703.307	563.319	-18.5876
-735.95	-689.512	3.75439
-537.606	-291.44	10.6104
734.874	-847.812	83.6973
647.656	-691.886	64.0774
1396.86	32.2765	-23.8332
-1171.57	253.797	-7.0841
8.15047	-402.893	73.6936
-1435.78	553.866	36.6825
665.563	13.1978	-14.2069
-1085.19	-116.282	-6.13509
-595.052	-348.187	6.40055
490.355	-1177.72	41.943
150.582	1346.98	-15.3999
1409.3	-961.14	9.09381
-925.944	692.892	4.08799
-742.816	1232.75	-18.3747
739.369	-243.128	-15.1061
-395.381	-966.642	30.2931
-1142.4	1423.43	-13.4284
-738.258	604.498	-1.26611
1489.87	-670.07	-8.82472
-212.506	-1461.74	56.102
-1080.84	1421.88	-13.9227
787.467	320.102	-21.5067
-303.066	1312.91	-17.8127
1228.79	-100.104	-17.863
-950.935	-428.203	-1.39111
1176.86	-998.212	54.9375
433.307	1441.89	-18.2846
881.583	-499.395	-8.18731
-236.136	1251.17	-17.6762
-1356.37	-1323.31	65.6151
-493.981	1066.35	-18.6291
1195.35	-1117.47	75.6183
612.802	374.676	-18.9951
-963.677	-1464.68	51.1017
19.5768	-285.462	50.4468
-429.885	724.235	-6.88914
497.959	-1190.05	39.5688
1037.76	-1316.85	59.1553
1452.66	1115.96	-21.6236
360.271	-1375.66	30.2226
876.383	320.213	-20.5356
1242.82	415.863	-19.9605
1409.63	1215.23	-21.5607
-1079.05	592.843	7.09671
1154.42	-268.485	-13.872
-403.71	-1344.64	34.8501
-500.444	417.927	-10.6804
-575.516	-566.154	11.24
-1234.65	1336.36	-11.5823
1104.73	-1139.77	69.7079
593.403	1225.33	-22.2687
45.9902	150.69	-14.1727
1067.83	169.825	-21.0518
473.759	-1352.97	28.7468
-199.558	829.499	-14.3474
1227.43	-191.994	-16.3733
-975.571	1391.9	-15.3858
203.942	1097.7	-19.0354
-135.961	-594.581	117.308
1281.48	620.501	-21.2321
144.397	1279.64	-16.5576
-758.028	629.577	-1.50638
-1106.79	670.064	6.35499
-1173.44	842.814	19.2502
235.68	-661.369	52.7754
531.74	67.2701	-13.3984
-1463.76	-902.081	23.6939
528.766	-255.223	-4.36304
-485.77	775.096	-10.283
-1161.03	302.504	-2.87699
-302.399	420.999	-13.4306
526.742	-1282.36	32.3291
740.381	-1398.63	23.6323
657.986	-782.085	80.8182
-241.402	1045.43	-18.8699
1245.01	285.622	-21.1107
859.142	-826.043	76.9903
-736.274	-1346.33	41.0196
-298.971	1374.3	-17.501
675.634	302.595	-21.0629
472.747	654.507	-19.3448
345.567	304.574	-15.6338
1000.23	806.802	-19.1519
360.402	217.825	-14.3883
1014.56	264.518	-19.5388
1259.69	-109.244	-18.9861
548.221	523.801	-18.3315
1389.79	-766.186	-6.068
78.5869	1243.01	-18.2938
-999.217	-1381.45	54.5909
1138.24	-1169.4	73.7238
-1327.92	-543.636	10.3228
363.708	-761.282	93.0231
521.454	-409.788	5.79482
517.866	211.301	-17.9489
897.1	562.462	-17.4605
-10.4278	1350.94	-18.0863
1010.49	-740.191	23.2494
350.121	-1007.82	91.7915
-1132.32	-565.708	6.87273
992.493	1243.16	-16.0627
-939.154	644.882	4.32002
-112.801	2.24034	6.64895
-458.74	1119.78	-19.4571
-213.134	1146.9	-18.8111
606.757	-16.6428	-12.2723
-991.574	213.18	-10.9251
831.697	1177.19	-15.1773
548.099	244.072	-19.8932
-1478.44	1462.32	-6.44373
296.121	1209.51	-18.8216
322.356	-633.859	46.4249
-1223.54	1347.29	-11.7767
-676.398	722.372	-1.09034
90.864	227.184	-14.6222
-495.768	1119.75	-19.3645
1106.75	414.705	-18.4706
-1359.61	89.9795	-7.6059
1423.92	-474.702	-12.9741
1115.18	1049.35	-17.3384
-730.659	-538.119	1.82408
323.429	486.65	-16.5582
395.575	1323.37	-18.4839
-156.559	-779.419	88.6524
-725.741	176.914	8.75496
124.601	-469.934	39.9207
17.3466	-773.916	100.197
1075.08	393.067	-18.0891
718.061	-712.79	57.0969
-215.496	-1418.56	57.6202
1468.94	-589.456	-10.902
810.675	345.232	-21.0583
-132.288	-323.607	79.6162
1492.98	1477.8	-23.7686
964.334	1043.19	-14.5092
-852.708	1193.97	-18.1181
258.51	875.371	-17.6977
937.796	-969.278	74.9008
55.4	-1181.51	65.3022
-370.708	-569.072	53.8883
-116.032	972.375	-17.6122
-312.333	190.757	-1.48573
-734.359	990.582	-14.2675
-109.369	-959.124	95.5038
-1077.15	631.974	6.58291
-587.333	-326.444	6.76757
-608.214	702.722	-4.49522
-724.405	968.89	-13.5592
-375.955	-563.135	51.701
872.562	1119.37	-14.0708
-480.443	497.185	-12.3876
559.951	-230.59	-6.21466
1369.55	1173.61	-20.7128
782.615	-984.88	80.0431
-718.832	630.842	-3.77758
-601.743	-203.257	12
-494.559	-66.8931	44.959
-556.227	437.226	-9.99705
995.221	735.392	-17.6346
899.132	-401.779	-11.4457
-1106.15	-1319.5	55.45
-368.079	-750.215	36.326
991.657	837.627	-19.0277
476.463	843.18	-16.7366
1342.76	1035.19	-20.5862
1459.39	1163.83	-21.1495
239.502	949.976	-19.3111
-62.4877	673.573	-13.2723
-372.519	373.465	-11.5506
-1213.11	-1162.15	45.2922
327.538	589.267	-15.779
1161.66	448.241	-19.0646
1188.18	376.216	-19.789
-1005.59	226.138	-10.6376
-991.183	-1084.39	39.2762
992.115	-1372.62	42.655
-305.46	-587.232	81.8807
-509.986	-539.203	19.5615
709.044	-477.408	5.9963
-1220.31	-1489.43	96.2329
-1248.34	-50.1225	-7.48393
-35.4424	-992.981	105.841
482.134	1317.54	-20.1158
-1441.38	114.874	-4.08366
-1013.98	-1113.57	36.627
936.954	-642.912	8.02381
-394.833	-1369.58	35.9327
1233.14	987.709	-19.0892
340.641	-1292.42	34.3142
-345.52	1120.93	-19.7982
1465.88	-911.674	-1.93986
-23.7338	1072.19	-16.5418
-864.574	-909.621	17.4562
-384.783	1323.34	-18.0132
-742.886	620.52	-1.15199
-1278.43	1170.31	-3.18288
-45.4415	418.45	-12.8521
-125.87	-666.569	108.048
839.077	-195.75	-18.8034
-207.571	-783.352	73.8338
1433.99	1094.81	-21.5394
-512.733	707.267	-6.65588
820.08	1456.49	-26.44
518.09	-717.525	83.6968
270.058	-1005.71	88.2644
695.523	-75.2829	-16.1887
436.65	-717.063	82.1667
-850.908	553.343	3.24411
226.724	739.069	-16.1544
1273.63	-1279.77	92.0987
-1364.47	-149.075	-6.39945
525.906	-488.598	21.2179
-428.896	-1233.79	27.9267
-712.831	-915.914	9.93124
333.986	1257.1	-19.3835
86.1531	204.875	-15.3835
-1464.42	-978.14	24.1743
148.981	104.447	-12.8709
-769.486	697.442	1.34188
-1233.64	-769.026	25.5089
300.026	434.086	-16.7592
1164.48	-1128.47	74.4767
358.927	1476.24	-16.2658
382.184	-1166.07	47.8537
279.186	186.505	-13.7376
-1000.36	-640.223	11.2452
-1142.5	-44.6174	-4.49124
-814.863	55.038	-3.6493
-778.522	885.487	-3.83415
-1076.76	-903.367	35.6479
-751.797	-1495.73	55.6169
672.346	813.478	-18.3727
-557.34	-256.741	11.6964
-980.241	-714.353	15.0935
-1288.71	669.85	8.23776
-58.362	1457.5	-16.8921
-647.708	1002.83	-16.4037
532.823	2.99269	-12.115
712.807	821.818	-18.6104
627.933	-27.8703	-12.6084
250.996	-594.927	36.6711
-800.963	273.479	-6.52248
1270.22	-94.297	-19.4434
-56.9186	-488.043	90.2211
1099.76	1228.54	-18.1753
-1046.57	-1112.64	36.9315
99.1857	-869.611	104.766
1079.08	-1211.78	73.7222
-1344.33	31.7983	-8.33644
-1361.32	-453.906	1.41671
-277.203	542.157	-12.2779
-1258.94	-333.727	-1.55124
265.078	466.114	-16.3306
-509.126	203.02	8.49385
-194.746	-6.53593	21.2346
-1260.72	-76.4182	-7.03741
1212.59	1301.14	-20.4918
-1173.1	-451.143	4.22967
-366.521	478.137	-13.1396
569.038	-1230.62	36.2123
-1349.66	-1179.21	49.9483
864.658	1206.82	-14.064
-430.277	-183.288	38.8133
1404.41	372.973	-23.5124
-105.035	-1314.13	65.8369
-175.392	-1103.99	83.4356
1211.9	915.606	-18.2427
-947.008	1124.64	-15.3869
349.542	1467.14	-15.9922
-1396.64	-652.365	23.6377
-1225.98	927.34	20.8345
1436.79	-1259.7	98.2599
-1448.27	501.428	48.612
-591.319	-1458.72	47.4612
826.077	-560.225	-3.04711
613.307	-561.471	29.6336
40.0412	-258.078	37.951
-629.213	-1458.84	51.2036
-727.059	1091.13	-17.744
1466.93	546.006	-24.2365
1310.41	-406.877	-14.8943
149.125	875.064	-17.9927
657.224	-437.237	4.74354
16.7361	619.238	-13.1146
-771.774	149.231	2.68712
-1136.17	169.732	-9.91431
-775.409	917.525	-8.80865
1424.6	376.034	-24.0847
919.003	863.595	-18.7484
-893.567	1271.17	-17.496
-831.095	551.071	3.23423
361.678	-1405.91	28.9749
130.489	-1414.53	37.5418
-1179.27	1251.09	-12.8919
477.92	947.605	-16.4345
441.745	-989.503	95.9769
72.4697	-1496.19	40.6095
998.287	-1197.37	67.4523
-418.672	-701.237	29.8588
-782.659	427	-6.85542
-129.571	1270.48	-17.6751
857.817	516.775	-18.7101
1151.76	-1100.35	69.4421
-367.262	-531.962	57.3104
943.967	1372.3	-22.1704
-343.659	1033.17	-18.8604
824.708	547.974	-18.6121
-1441.35	428.989	49.4878
-1388.77	-595.381	17.6384
516.44	1428.77	-20.5924
925.147	433.13	-18.7734
-819.821	-89.7772	-6.52301
395.044	247.351	-16.669
-1120.2	193.149	-9.89357
-1348.05	-1442.17	94.7693
-139.942	1132.1	-18.5691
-319.739	-1086.93	45.0722
-650.691	1184.64	-16.899
1303.23	295.255	-21.7801
-1074.47	-1420.74	67.6578
-1257.1	-1392.83	78.9425
-149.219	-210.374	52.473
843.874	864.357	-18.8598
-63.4667	-1396.66	54.4442
708.388	-699.539	54.9624
-911.312	-109.656	-8.52583
-1147.41	-1499.94	86.0883
-451.542	-19.1551	52.9792
1462.4	-919.079	-1.34238
1362.84	1237.64	-22.1
-115.014	-125.599	27.4453
-627.326	-317.311	4.4542
994.99	-560.515	-4.06562
1005.59	436.092	-18.8026
1167.46	1488.64	-26.629
-430.257	-676.493	29.4388
-1348.86	-780.74	34.9617
-1058.81	-146.765	-6.70046
322.074	-268.065	0.45577
768.11	-333.538	-12.0214
-1248.26	438.118	23.8044
-927.338	115.093	-9.20914
-255.261	1204.38	-18.9733
1188.74	-29.6181	-18.2083
-263.825	-819.346	55.6987
174.537	-669.938	55.8363
1086.73	-1241.58	72.142
309.931	-977.466	102.315
-549.339	399.489	-8.90501
1334.42	-1188.78	96.6372
1441.63	850.975	-19.7858
-912.32	-138.848	-7.77158
-630.832	46.0307	19.916
233.803	1468.55	-15.6403
564.424	337.152	-19.1544
-1144.97	321.147	-1.79244
-858.113	392.219	-7.83668
-1239.53	326.661	6.72381
-179.923	576.412	-13.1626
-1311.93	833.486	19.7716
1086.57	-1417.37	48.4637
577.629	240.513	-20.354
-715.315	730.118	0.669094
-647.477	708.596	-2.59112
1392.47	1147.56	-21.011
785.477	-1243.71	34.1275
-633.863	-300.632	3.79507
297.192	-1163.43	49.3953
-1325.95	-1386.06	79.845
-661.653	-706.098	5.46975
-950.521	173.412	-9.61094
-1419.31	720.341	8.42544
1314.23	-800.579	-1.91188
-1496.92	90.3392	-3.17204
1350.99	-727.118	-6.21276
-442.284	-1008.64	24.5607
-818.811	1168.83	-18.4097
-1346.26	1087.98	6.77694
567.757	-895.595	104.535
158.265	1351.14	-15.2344
1146.02	355.834	-19.3766
454.548	-649.004	64.1898
-557.935	-1309.32	29.6642
23.7302	651.287	-14.0408
702.947	1387.13	-24.5718
-437.037	1440.84	-16.795
-302.843	-204.78	62.3351
-1226.48	-52.8966	-7.04322
702.119	-97.735	-16.9987
-896.952	-822.863	15.5705
-777.222	1366.42	-18.5947
-1456.42	416.49	47.1869
147.501	-23.4115	-2.2447
-610.903	828.845	-8.42493
553.388	224.925	-19.2529
977.931	-1132.63	74.2167
250.276	1468.4	-15.5824
754.039	379.687	-20.7991
207.14	-267.097	9.96519
1075.28	1068.8	-16.4982
415.982	700.824	-18.3737
1131.12	831.074	-18.6237
745.625	39.2967	-17.2046
-895.095	403.121	-5.5594
324.406	548.707	-16.0194
-936.404	1137.89	-15.8436
312.969	420.744	-16.6548
-839.047	-1241.03	32.7296
171.847	1345.81	-15.0318
-1156.32	714.068	7.09125
-1450.62	-829.052	24.8961
-979.939	-124.451	-7.90732
-1068.81	1166.7	-12.9178
1336.18	326.936	-21.9836
362.025	1426.63	-16.4833
245.814	580.771	-15.8543
-98.5788	1146.62	-18.2753
1172.41	-1384.09	74.2444
-661.607	-1463.08	53.8292
-194.009	-1345.7	66.9319
224.402	1021.69	-19.2406
453.019	606.484	-18.2684
-1434.02	893.274	23.4258
646.143	-1175.87	40.6595
912.501	1194.73	-12.0524
-487.603	-514.852	22.2669
-788.688	784.709	5.73316
-1483.01	-432.169	1.37383
611.757	-310.792	-4.94521
1126.51	-40.5931	-19.8021
-596.884	546.247	-11.1009
818.016	744.587	-18.354
-1115.52	1349.43	-14.4332
836.139	-1077.49	62.6438
-851.453	791.453	9.67583
1425.92	1365.73	-26.4222
446.734	-466.207	14.0461
1351.51	417.847	-22.468
-508.086	136.411	23.5611
-758.632	-1098.94	18.7973
-159.683	-358.362	88.6509
-963.994	-1045.03	38.6763
-30.5314	-295.668	63.5163
1403.04	-964.873	10.6138
-138.386	-959.17	89.4828
868.273	-524.611	-6.41298
-193.927	-262.728	63.5478
1209.07	-1472.93	60.6542
-447.94	-1427.9	41.9354
224.605	1370.01	-13.9405
-1027.12	-684.44	13.9349
-187.699	230.973	-11.8653
766.835	126.581	-20.3041
828.585	-173.813	-19.5048
490.516	-486.986	19.5895
-1197.53	1306.05	-12.5843
-553.382	985.805	-17.22
-1051.62	-1444.68	66.1687
-1410.48	-1002.02	38.5046
189.874	625.219	-15.6676
-295.075	-358.06	83.4665
-242.299	-547.064	107.522
-311.214	162.242	3.47896
-1478.52	1285.01	-5.47183
1106.32	699.598	-17.5558
-752.806	-805.38	7.35477
125.35	962.207	-18.99
518.462	1488.69	-22.3627
-34.6831	-1345.27	52.9688
-1386.54	80.9055	-6.84404
224.218	1250.59	-17.1
-1473.99	837.417	12.2229
1396.38	-1071.31	48.1839
851.666	-338.416	-13.015
1070.32	-819.652	37.4318
-294.575	1236.71	-18.7723
-1151.11	-1060.37	45.5862
-1028.3	-1287.99	50.5545
1069.27	827.921	-19.1928
673.569	-126.836	-14.4326
-1387.88	-1475.51	110.163
-924.194	1472.21	-15.7685
92.3493	-437.328	49.3402
1435.25	129.479	-25.3849
-1008.79	-578.345	5.86311
704.208	974.452	-17.2731
-965.299	1333.93	-16.354
615.073	-691.306	70.0961
1375.02	-1124.76	70.7431
-891.753	-230.328	-5.24312
-780.678	-1420.73	48.4296
764.385	491.093	-19.8595
-629.563	-754.004	8.03365
550.816	58.4964	-13.5017
556.837	-946.355	102.456
108.261	-1468.92	38.8371
-92.7421	1327.7	-18.0996
-697.602	374.631	-8.34128
-1228.81	-321.489	-1.5966
-200.884	-1210.71	73.7428
-813.639	-459.735	-1.78579
-224.073	-658.793	99.236
370.172	-956.273	108.416
187.998	-1007.8	80.6423
585.132	407.37	-18.6262
-792.578	-1132.61	25.0582
1195.94	-1382.62	78.5992
596.841	-13.9108	-12.1585
981.769	-401.19	-11.06
-559.784	460.839	-10.7746
-767.663	-1426.68	50.6464
885.462	-1255.06	41.6353
1464.36	-248.53	-20.0691
-1280.58	-1021.36	54.7498
799.841	-637.099	18.8143
238.415	-462.26	20.1742
-750.215	-556.35	1.46738
450.608	-1286.4	32.2346
-940.265	1453.13	-15.6495
-619.071	1217.35	-16.6934
444.686	-1496.59	23.3873
-1047.1	176.068	-11.041
-671.623	1440.46	-16.4539
-469.037	-675.817	22.3952
-1276.92	923.2	27.9919
-829.667	1112.79	-18.1195
32.7582	-128.216	13.882
46.5436	-370.312	59.2651
1144.14	-1048.92	62.8779
1472.94	1463.61	-24.6578
-1044.41	1460.44	-14.0756
700.714	258.653	-22.314
-226.92	1440.15	-17.5583
-1227.95	-340.69	-0.620483
-557.44	-22.3055	32.8241
-1257.51	172.581	-8.37337
-301.549	-490.471	83.008
-879.926	-25.8414	-9.31446
54.4138	1308.42	-18.2243
40.6203	-1312	45.3548
1299.54	-441.193	-14.5523
-893.692	-940.051	22.2341
548.517	-917.287	104.773
-1171.38	-1013.62	46.8089
1012.91	-1244.42	64.8915
-934.096	884.516	3.95111
-1146.25	-1097.46	43.939
1489.06	742.586	-21.2822
-634.307	-116.154	14.2492
725.569	37.9707	-16.5256
-586.256	-632.247	10.6616
-1439.75	770.747	7.50552
1296.35	766.408	-18.7138
992.978	-1182.97	68.1541
-276.549	640.353	-11.8676
320.143	-498.102	17.8043
-1472.79	-167.298	-1.88082
710.423	881.95	-17.0205
-581.613	-462.796	9.22047
1284.77	212.179	-22.4056
293.137	-160.358	-4.27756
1469.55	-1492.18	78.17
-1498.7	-1022.14	17.0953
1253.87	-1051.37	65.4803
-1167.96	625.973	8.21246
-566.94	-1228.14	21.9282
-286.468	-642.422	79.5678
785.262	-1209.53	37.5692
161.533	-729.937	74.8881
-781.237	960.518	-12.0388
-1141.65	-1110.12	42.681
241.789	-1074.29	67.2295
705.805	1413.23	-25.1827
-1334.92	799.521	12.4946
46.7606	319.801	-13.3532
1368.3	-1359.03	96.2815
-804.825	-834.427	9.32024
-426.021	-1030.21	25.881
201.585	-1238.72	42.5409
1231.57	-1202.35	84.2499
-269.368	-523.89	96.8312
412.438	122.09	-12.4792
1228.71	101.158	-20.8221
805.89	-204.743	-18.0769
53.6081	1048.2	-16.6639
-494.596	-424.111	22.6201
580.692	-1372.87	27.4112
-1129.8	698.359	6.48154
-850.333	738.78	5.75138
-394.982	1309.64	-18.1336
1453.25	-120.118	-23.6637
-1410.53	385.943	34.992
757.029	1170.37	-20.1471
105.363	-148.357	10.2251
-229.566	15.8224	24.5399
-412.186	287.054	-8.27767
1168.69	-1313.97	76.4777
419.46	673.984	-18.1811
866.82	-1060.24	67.7966
99.5155	544.108	-12.2487
-521.006	-329.533	13.4952
4.89508	-1355.56	48.6553
1147.14	249.798	-20.7587
276.742	292.757	-15.0755
-491.064	73.5217	34.6972
87.1261	516.983	-12.7541
1052.39	948.122	-17.7622
1066.43	-284.717	-13.5131
-302.555	859.931	-15.6737
-533.752	206.746	7.66234
-392.542	459.025	-12.5966
45.0781	-1274.92	50.4404
1428.6	152.826	-25.3159
-462.912	-869.312	22.583
-723.96	553.451	-1.58749
-1251.36	1437.02	-10.6854
1363.48	-452.968	-13.8612
456.678	-887.26	118.367
793.476	-1447.92	22.141
464.54	1088.43	-20.3293
78.3947	370.402	-14.1125
-1285.43	-228.487	-4.85608
764.628	230.996	-21.7338
-190.75	-1152.95	78.2621
-970.4	540.048	4.40835
60.9462	157.677	-14.7066
-1443.07	-1443.93	108.662
-823.989	914.364	-3.59147
736.307	492.777	-19.6306
1445.62	-520.099	-12.2193
-875.428	-550.96	0.825981
-103.133	967.588	-17.4062
-1102.95	-173.097	-5.57774
-339.123	-1274.68	42.9706
-1407.6	795.928	9.96309
999.093	436.89	-18.8941
16.5369	733.607	-16.0709
187.418	-70.5349	-2.0137
1005.9	-1428.3	33.4255
-326.42	1125.91	-19.9071
-769.265	978.734	-13.179
1387.57	1211.47	-21.4336
1396.41	708.862	-20.5406
1147.63	-811.628	21.0102
1338.01	-113.105	-21.6648
