-48.9288	-895.314	103.731
254.045	1098.76	-18.7961
-643.761	-546.138	6.75202
943.441	-1394.1	32.873
-1485.5	-948.183	17.5114
1070.99	-564.431	-4.68298
1149.1	-409.762	-11.2141
-1054.68	-605.227	8.4054
1214.63	30.1473	-18.9564
948.622	-644.745	7.55454
1180.89	327.738	-20.1373
1263.73	-660.78	-8.40684
-663.661	25.0651	13.4323
-672.853	317.03	-4.08647
-136.866	1277.12	-17.472
1299.21	-64.2547	-20.7187
272.166	-413.551	12.474
-111.483	985.681	-17.7357
-237.947	908.15	-16.2145
1182.59	1063.62	-18.3009
250.958	1498.59	-16.4367
-437.643	167.216	12.9902
937.958	811.357	-18.9172
-1130.76	-744.368	13.3185
-654.281	-363.858	3.26498
1296.57	-1295.32	93.9475
636.791	-857.449	92.5502
868.701	-1331.14	32.9769
-141.779	380.406	-14.3946
-1091.79	708.525	7.04763
496.017	75.0165	-13.1872
-943.6	1152.14	-15.8498
26.2088	199.532	-15.3938
727.924	1096.45	-20.36
380.162	-664.876	59.2025
-648.204	986.422	-16.1123
-995.991	-461.641	0.17903
1401.17	789.145	-19.0525
-1416.96	-1169.81	45.0018
-333.41	-87.5845	58.4347
689.901	1231.15	-21.8858
812.175	-956.713	81.7794
-1482.67	555.322	38.2819
-35.1464	1274.39	-18.8531
1068.51	1024.33	-16.8808
387.894	-1274.27	34.2084
266.183	-3.30928	-7.00474
469.529	-29.496	-10.988
288.714	79.8658	-9.72582
1181.86	822.536	-18.1015
-1497.29	-1443.39	115.033
-544.477	1304.01	-17.9312
433.154	934.049	-15.8492
-227.782	-1399.6	58.4806
-1028.07	21.8243	-7.9967
-298.753	947.677	-17.3302
-123.963	-884.042	86.5997
-1342.42	-95.1357	-7.67756
104.301	-1163.8	63.1598
-354.593	-783.871	37.6889
-32.6166	628.297	-13.0764
-843.608	787.599	9.51642
-865.768	1494.55	-15.6828
-1242.08	-353.428	-0.446114
-1198.14	-821.531	25.2948
757.979	937.366	-16.9061
-234.34	1333.8	-17.4555
-727.7	-887.204	9.59668
-699.639	888.257	-8.29499
653.79	222.728	-21.2236
-1068.16	-478.814	1.97634
-1244.49	-146.36	-5.15539
-1166.71	1474.28	-12.9048
1178.93	748.207	-18.1301
866.03	934.084	-17.8933
-209.233	719.729	-11.5187
-310.338	-446.125	84.649
-1374.11	-1260.88	53.5184
-316.116	-1084.4	46.0673
-876.561	-113.101	-8.48915
370.745	-1288	33.6891
176.957	-1262.07	41.138
559.772	-1445.38	24.2698
1164.98	-223.427	-14.8848
431.445	95.2499	-12.71
1070.45	-195.18	-15.7776
-1278.41	-1027.42	55.2102
829.91	839.322	-19.0813
437.087	180.324	-14.9379
557.731	953.133	-16.7554
580.379	251.132	-20.482
-205.582	-1361.59	65.7439
-1297.97	-313.574	-2.78949
-560.025	200.31	9.38266
685.385	-1292.81	29.7547
6.02492	-685.085	91.195
-569.078	1204.16	-17.3379
327.619	1477.68	-15.9399
-874.532	-524.74	-0.398304
-136.019	1103.96	-18.4888
-903.832	839.191	7.128
1492.23	5.12074	-25.6586
-179.819	801.583	-14.0405
-541.468	-798.715	14.7277
-1484.4	997.833	21.974
-680.282	163.439	15.5222
-1150.73	1220.81	-12.5031
890.456	44.8558	-21.3769
1323.85	-38.3262	-21.5319
633.031	-427.084	4.90609
1073.22	-362.432	-10.7733
1107.85	737.28	-18.2841
794.7	1494.02	-25.1835
-985.509	-483.876	0.925844
724.295	224.603	-22.0782
957.857	-1318.43	45.516
1400.89	-13.0544	-24.4458
620.861	-1133.19	48.2543
-554.915	454.921	-10.7201
-1183.93	-894.442	34.5848
1468.2	406.078	-25.8488
-691.534	-600.48	4.03139
-584.545	-163.424	15.5497
-1004.98	-170.224	-6.69389
490.025	-138.876	-7.78817
-666.07	-661.783	4.50767
72.0624	252.188	-14.0967
-1137.53	1041.19	-3.49662
822.486	-391.499	-10.9758
343.596	1415.19	-16.0155
-1183.34	-1396.91	74.8016
421.429	-491.412	19.0436
1427.8	-872.874	-1.22435
287.174	1407.88	-14.7001
1031.33	-1309.8	59.4227
792.623	207.053	-21.6393
-1022.57	1355.02	-15.5719
-1025.4	-649.323	12.1897
-973.647	638.723	4.82251
124.241	156.305	-15.0247
633.077	-619.665	43.5062
-1463.33	1086.9	16.0436
-1437.46	-1458.63	112.441
1371.85	-890.253	3.01698
-422.273	-959.338	26.6294
-1062.14	-520.711	3.14044
776.307	982.015	-17.9338
321.37	1075.96	-18.2332
397.319	981.497	-16.2754
-258.917	-1428.12	54.548
291.852	216.281	-14.3664
1267.29	1329.83	-24.1857
278.996	456.554	-16.6893
-1452.4	-591.951	13.6959
477.776	285.815	-18.8443
24.7636	1023.09	-16.4213
176.406	-82.2868	0.205249
-952.316	-516.179	1.40282
-1223.19	821.919	17.324
197.709	-1468.69	33.8018
1422.35	-573.719	-11.1445
-31.7467	-238.209	47.3758
297.82	595.286	-15.8091
-545.518	-1457.81	46.3672
980.263	-649.598	6.26555
-150.324	-946.542	85.946
794.684	-801.243	73.0537
958.861	-402.189	-11.256
-584.675	-467.715	9.15647
504.055	1055.51	-19.7054
-691.215	-994.035	11.2439
-560.513	-438.416	10.1301
652.631	730.248	-21.0626
-299.879	-1232.98	50.2578
1067.86	-1385.39	51.4573
454.212	-97.6541	-8.79005
-640.301	551.407	-9.15776
192.605	1186.85	-18.4353
69.8443	1475.14	-15.7944
-1153.09	1385.57	-13.2176
-862.421	1195.84	-17.9647
1087.16	-821.987	35.2409
-985.798	350.542	-5.73976
-474.771	333.193	-8.67442
-571.222	1447.88	-17.6784
263.576	321.732	-15.0192
1234.98	1049.67	-19.2792
-295.813	1140.51	-19.9084
28.0528	-1286.55	50.7039
35.874	-1104.21	85.9627
-1364.91	-744.316	32.2622
342.594	-1221.82	40.8408
-927.178	-572.803	4.3622
1427.46	-1393.65	91.4377
1017.86	-14.9747	-22.6506
-10.0106	-247.304	45.9505
115.303	-629.838	60.2033
-1226.17	1487.39	-11.6821
-1170.27	-390.345	1.79463
824.381	618.271	-17.5825
-1358.01	-303.886	-3.76955
1193.63	1270.86	-19.4624
-55.2734	-763.567	101.624
-1207.96	118.037	-10.7592
44.9837	1153.34	-17.9651
1308.93	-1191.18	94.2168
-1196.66	1145.27	-4.77095
1336.15	-334.994	-16.0031
697.301	-1235.87	33.3979
-999.889	-313.382	-2.7573
1197.06	662.057	-18.4618
-1278.55	1268.89	-10.2093
40.4053	116.484	-12.2605
-654.183	126.814	19.9362
-468.92	651.363	-8.48176
-928.581	-109.863	-8.46062
384.406	1228.9	-21.2041
783.787	485.561	-19.8245
-1005.54	-1264.54	47.8379
-1408.93	-454.048	1.91626
537.25	365.174	-18.9157
-884.647	-1323.66	34.3749
-224.395	1093.96	-19.0326
-497.364	1019.88	-18.185
-1177.22	-494.916	5.91824
-776.748	54.7502	-0.325905
-1382.28	-1082.88	46.2187
-446.663	122.054	22.2592
586.673	-1032.36	75.1129
1338.22	240.468	-23.9472
819.153	-440.856	-9.55328
-196.273	-625.717	107.888
1071.64	1244.21	-18.2131
939.458	-679.98	13.3837
1222.3	-1396.33	81.8833
-1211.72	-434.798	5.11107
631.058	-666.156	59.9811
1151.78	-107.748	-17.3857
1301.39	511.623	-20.4742
183.743	-469.227	25.0349
-729.647	-184.207	-2.53722
-397.621	-95.5451	57.9514
-472.423	917.213	-17.7344
-1365.68	1012.6	24.7155
-1393.9	-1362.51	76.3187
-750.411	-960.445	11.6639
-1309.6	-820.31	42.3666
-379.067	752.737	-9.71011
-448.467	401.252	-11.154
-848.472	-445.565	-2.38865
-26.7742	-433.151	81.2754
506.405	-1474.78	23.2648
-1467.41	-159.334	-2.01607
-694.886	-885.663	9.522
712.767	-732.974	63.4853
-1445.93	-115.185	-3.3095
-458.011	676.724	-7.37436
-590.627	200.767	9.39464
-498.908	-143.259	32.0794
-736.16	591.335	-1.19969
481.731	417.335	-17.9741
1128.19	-1257.64	75.5177
-700.423	-40.0796	4.48167
-714.757	-326.508	-0.327426
1003.23	803.77	-19.1647
-625.777	149.832	22.1027
-1440.25	-539.582	7.4242
1164.56	437.004	-19.1697
1166.67	-615.328	-6.55899
-1050.89	-1020.29	43.3789
55.0969	225.363	-14.5809
-1127.86	770.958	9.98627
-308.713	588.899	-11.6497
1279.39	1339.76	-24.9687
693.14	527.325	-18.9179
755.011	-1287.29	29.111
-1030.45	-704.867	14.7523
-941.016	76.2303	-9.18123
867.002	974.215	-16.6286
-166.329	-206.018	53.6364
-481.577	-302.818	19.5391
181.596	-573.597	36.9004
-626.457	744.113	-2.57616
-1475.07	-746.934	15.3247
1318.39	-33.4148	-21.2202
-1304.27	1034.95	14.5262
630.303	204.182	-20.1163
705.301	-1477.9	22.3309
1492.02	802.195	-21.2419
1021.05	-1004.8	65.1787
-1397.38	-888.42	36.1125
1131.66	348.084	-19.1931
-316.006	-211.543	60.1422
1000.16	-1153.83	73.4284
223.903	-551.838	30.3632
-19.1089	-401.626	79.3321
-637.827	-531.558	6.99699
720.05	-907.373	89.7047
-1447.01	-1013.91	29.835
-1219.66	-1441.3	87.6607
-277.135	-108.175	56.0067
741.405	834.086	-18.538
-77.1128	-1152.19	85.6965
-646.789	-1347.86	41.8606
1004.76	712.323	-17.3405
966.56	-714.767	20.4209
361.76	-1419.15	28.3863
1422.81	703.129	-20.9177
1313.76	-28.0517	-20.9375
536.018	882.528	-15.5381
-558.725	1304.22	-17.7607
-463.043	244.981	-1.33932
-757.213	410.603	-8.09185
-497.265	1034.84	-18.2443
97.6992	-1001.64	89.1694
-797.563	607.992	0.084743
1375.73	-645.289	-7.95692
-240.835	-1178.07	65.4481
262.02	28.6545	-7.94503
-345.901	-898.797	37.2294
-17.5915	411.167	-13.3143
876.955	-1088.32	63.5831
-1139.66	376.357	5.4433
1284.25	-1022.42	57.0537
-1031.57	-760.092	17.8022
164.212	107.501	-12.9959
-486.106	-1187.25	22.2643
44.9994	-878.688	107.766
20.4967	413.746	-13.8147
858.846	-255.485	-16.7089
-159.755	1049.28	-18.6181
-361.941	747.169	-9.47218
238.252	-453.701	19.289
-565.166	-338.924	8.16803
1029.06	337.096	-17.7326
546.364	804.249	-18.2186
-200.487	1275.37	-16.7986
-827.529	1469.42	-15.7073
559.501	471.625	-18.3339
1350.57	-615.341	-9.25572
114.936	-414.447	40.7745
455.762	-739.538	90.1967
653.296	696.927	-21.5834
-453.106	-1168.93	24.9446
-112.594	-219.38	50.1216
265.363	-728.085	75.0388
864.05	837.103	-19.3013
920.229	-685.074	16.7601
510.575	-1370.19	27.6873
-136.384	1008.78	-18.1844
266.17	-686.818	59.9246
711.205	-1441.59	22.9871
89.1683	1411.35	-16.2485
169.605	-262.394	15.1275
-1263.05	-445.083	4.03574
-74.1706	349.634	-13.2956
211.134	-1116.59	58.5039
-1487.18	-73.9374	-1.16852
-316.66	1084.21	-19.8398
241.677	-1341.82	34.7987
1164.2	-819.071	20.5122
422.175	649.426	-17.7796
-119.264	-426.88	91.3715
-1094.87	1191.73	-12.8956
668.306	1080.8	-20.3547
1229.94	-967.646	42.9466
60.7386	-1042.44	91.4492
-932.484	-1458.29	46.1823
-51.2115	696.941	-13.8024
1169.59	-1149.53	75.7061
867.859	1347.56	-20.9354
-1109.11	-811.331	19.8056
427.413	-1014.9	85.6871
480.772	-1275.65	32.6587
168.49	-388.48	27.2861
-82.4442	-1478.04	50.6531
374.546	772.911	-16.3074
921.605	570.773	-17.4086
-648.606	-1245.56	25.0912
1345.94	-348.522	-15.3809
1193.67	-623.019	-7.44227
1017.79	-993.942	66.416
820.688	-1472.5	21.1664
581.061	-79.368	-10.4263
-492.649	819.184	-13.1974
938.949	574.252	-17.423
-639.234	1207.88	-16.8005
211.975	-24.1252	-5.37946
956.752	1296.57	-17.1197
222.483	-671.529	55.0576
1076.55	-1136.29	69.5502
-870.673	1266.52	-17.9757
1197.53	-667.015	-6.61961
1160.92	-818.823	21.017
594.861	796.086	-18.63
-107.116	468.297	-13.7447
-1046.42	681.021	5.41287
-668.537	95.7185	16.2195
630.881	777.456	-19.3581
120.4	-132.266	5.69559
1385.5	-1457.94	84.7684
567.998	430.76	-18.4658
366.769	436.083	-17.0544
-201.347	632.443	-12.3806
-73.0283	-987.919	101.462
509.89	661.72	-20.4393
278.949	1154.63	-19.39
240.044	-728.694	73.8561
-661.737	-862.129	9.89775
-1482.32	1097.61	16.1534
-165.982	-574.57	119.958
-496.301	1403.41	-18.2863
1405.64	1178.88	-20.8492
-547.787	1341.1	-18.2819
-890.034	117.4	-8.23683
-1429.59	106.741	-4.47948
-832.164	-1460	43.7516
-456.977	-1319.23	28.8422
679.225	-988.176	86.3607
-1200.86	280.038	-3.5676
430.234	-151.761	-7.13318
427.962	638.39	-17.8288
-699.38	787.57	1.31531
-405.321	-1416.34	40.3521
-1485.99	-1114.89	29.5468
-1498.96	747.886	6.92411
-1103.93	-89.2015	-5.4676
1427.2	-1245.99	98.6337
-979.752	-705.721	14.6933
-912.165	1158.35	-16.6932
988.13	1164.35	-13.4229
249.267	-449.378	17.9899
900.266	737.722	-17.9321
-1316.97	461.311	38.1951
-385.442	1420.37	-17.0292
765.716	1078.15	-18.9583
468.102	656.849	-19.2566
562.524	-193.901	-7.25307
1463.98	249.701	-27.7834
36.9725	831.647	-16.8979
292.427	216.424	-14.3651
48.7897	-25.4596	-1.6788
293.35	1119.8	-19.2448
-682.063	-489.238	3.73935
-479.386	545.716	-13.781
-1231	375.935	12.6029
-837.482	1189.93	-18.3441
823.833	-478.158	-8.77799
92.352	-284.367	31.4258
-825.43	222.635	-5.07637
36.1927	-1103.15	86.1275
575.106	-870.365	103.621
-1396.55	-1412.12	91.1184
541.937	1201.65	-22.6376
-85.2386	1216.82	-18.6319
470.919	581.338	-18.6597
762.141	1272.6	-20.0512
-702.217	1483.26	-15.952
-159.512	-421.65	96.175
435.422	-780.376	101.961
220.324	-1487.84	32.5439
-37.375	-1022.14	106.033
857.247	1336.98	-20.2763
-567.776	362.818	-7.07203
-276.048	-1484.61	54.3895
-443.035	-471.064	32.5662
-1141.21	107.864	-10.5993
1073.35	1274.21	-19.2501
890.143	-707.523	28.1067
744.327	335.8	-21.3305
411.723	107.54	-12.2613
164.993	-933.501	95.3896
1483.14	-824.724	-5.8558
-319.27	-1060.72	44.756
953.809	-660.349	9.41776
-1088.58	-770.806	16.5549
-936.239	338.687	-8.15826
267.923	765.466	-15.6163
-1172.39	-248.949	-3.99847
1465.22	-927.099	-1.24388
-1015.31	-444.884	-0.257762
-508.507	581.297	-12.47
-1232.16	-1340.6	64.1718
-1037.27	-380.041	-1.75844
-306.768	-286.311	67.4281
85.5306	77.3866	-8.63753
-534.593	-387.502	13.1149
-1429.51	-740.389	25.483
908.175	-1269.94	43.1295
24.3939	132.286	-12.953
986.88	1130.22	-13.225
-949.958	25.9744	-9.29126
1037.9	895.874	-18.9028
-838.67	971.536	-10.7542
1235.8	-414.634	-14.175
-623.788	-254.739	4.55076
518.502	-169.575	-7.34728
-1259.15	663.691	7.60854
-172.077	-199.906	52.8925
-675.892	1425.81	-16.8814
112.034	882.125	-18.2728
-532.439	-1333.57	29.9889
647.089	943.798	-15.9983
-101.622	1160.7	-18.3233
-1432.44	-1028.33	34.0244
-177.034	1334.96	-17.1939
804.125	246.58	-21.6135
547.602	-602.014	49.103
1057.36	-213.214	-15.6524
409.614	431.044	-17.1694
-1219.31	172.471	-9.54509
-1444.7	561.817	34.2243
-1097.98	1273.14	-15.5857
61.6899	-1352.79	42.1179
1274.31	757.488	-18.5094
-1133.01	602.609	8.35158
1177.38	1085.02	-18.2945
-1026.81	-101.426	-7.56839
1176.91	-1052.44	63.775
-1011.93	96.8165	-10.0845
-1138.38	423.711	10.356
998.687	-184.386	-17.8936
677.541	1446.49	-25.2328
-953.031	536.521	4.11803
-590.071	-844.729	11.8814
1352.96	327.77	-22.4547
-1193.85	1445.29	-12.1926
1202.46	-526.877	-10.2254
-1339.21	-618.535	19.57
719.108	114.291	-18.4442
-1179.08	-197.145	-4.69858
-1263.72	-1352	68.5638
1233.79	-1266.67	87.1307
-351.771	1003.38	-18.3369
394.413	-729.282	83.7894
-867.885	1424.68	-16.2895
-1163.65	-400.55	2.08219
-812.921	-11.7862	-4.12374
-507.741	-1059.38	19.2811
319.141	-67.7192	-8.37813
167.258	377.635	-14.4995
-386.84	835.767	-15.754
-203.159	269.461	-12.5925
251.307	-560.103	30.0914
1442.27	-1201.64	87.5034
707.417	985.138	-17.6333
843.602	-636.764	11.9827
-1172.6	-1430.51	80.3355
813.98	-1483.65	20.9285
-592.788	1297.52	-17.2965
1268.82	239.623	-22.099
763.976	884.899	-18.2034
1480.17	-443.884	-13.0085
-380.919	-1403.5	38.5941
34.9489	666.192	-14.4404
-1342.93	-868.845	39.2417
354.818	611.678	-16.2015
-569.432	-326.394	7.72515
-221.383	751.472	-12.3569
423.398	1241.87	-21.2235
1274.82	936.57	-18.7724
969.338	-1292.42	51.5946
921.687	-1465.16	25.3387
-738.099	-184.716	-2.88128
1254.02	-1189.43	86.7786
-283.324	1106.95	-19.7664
-561.378	-651.578	12.4513
-214.392	-220.873	62.0672
1298.41	-460.074	-13.8346
518.483	679.581	-20.8595
930.348	-1072.41	67.6198
-136.594	-624.459	114.384
-176.789	-1403.32	62.3802
1233.85	-1373.45	86.1134
-931.542	995.588	-12.1534
677.798	-144.855	-14.6197
466.18	-1050.8	68.5576
-378.14	-1176.21	35.4525
-817.705	-470.87	-1.79403
-316.288	1091.91	-19.8594
382.99	1198.68	-21.3375
1220.45	-1258.98	85.2094
-1218.48	1005.76	10.4148
-565.494	-828.327	13.0337
-93.4712	-468.347	91.9508
-1093.06	661.897	6.38026
-1161.23	-617.049	9.06486
-190.689	824.693	-14.3806
643.624	7.32259	-13.5019
-630.729	-922.53	12.1772
-840.361	-1190	31.4308
779.85	-932.967	84.8028
-170.419	699.288	-11.5974
703.332	-1159.84	40.9446
-414.079	-701.092	30.6973
233.7	-782.359	90.0856
1349.61	1.25307	-22.4027
1116.18	-1322.64	69.8592
652.901	87.7558	-16.0005
379.95	-1271.59	34.7759
-1159.42	14.4932	-7.84078
602.085	1083.05	-20.0504
-102.807	224.49	-13.197
-1482.91	52.0505	-3.26642
-177.49	-10.7127	18.4405
-11.3437	-154.745	23.3197
1201.19	1469.16	-27.2855
-755.375	-1249.08	27.3757
-732.279	-1382.37	47.13
551.629	465.209	-18.301
134.404	28.5374	-5.77908
811.309	-1496.38	20.5986
1337.06	979.155	-19.769
227.616	651.89	-16.0062
599.634	-722.504	78.6864
-50.0289	889.955	-16.8168
168.612	823.417	-16.6821
1061.7	-1286.97	67.3075
110.571	9.38144	-2.60796
479.947	1032.88	-18.7839
402.518	-262.849	-2.85239
753.095	-860.44	85.1391
-1348.72	-1.45948	-8.02691
199.401	1234.91	-17.5732
-130.43	270.308	-13.5219
-30.5629	-827.275	106.491
-1034.27	155.567	-10.9788
389.02	173.934	-13.4038
-666.666	-362.674	2.59988
-657.66	1287.91	-17.408
-1158.06	1115.46	-5.90533
-798.941	314.381	-9.48804
-245.489	497.372	-13.4877
-204.612	668.938	-11.762
-1028.6	-1233.48	45.6036
34.2235	177.108	-15.245
-596.802	-1406.8	43.1555
-118.247	1334.29	-17.8646
807.081	1266.24	-18.019
-495.304	-174.807	27.8999
-480.832	-1193.12	22.7919
-777.314	-1216.78	26.274
-1425.89	792.642	9.48317
432.678	1387.05	-18.6189
526.125	1077.36	-20.4215
-24.9196	691.48	-14.5052
-1452.26	-696.879	19.3554
-1290.85	1322.72	-10.3612
136.904	-639.989	57.4524
-138.798	1414.56	-17.8902
998.635	-705.801	13.9761
-856.675	-943.922	17.5995
-1217.59	1381.23	-11.7454
899.754	-123.356	-20.0353
-640.176	-900.993	12.0374
573.783	-574.221	38.153
296.604	-130.724	-5.57063
367.194	22.7931	-10.3261
-234.969	636.543	-12.2823
-405.534	-1321.42	33.5589
589.851	609.213	-21.1805
-242.248	952.577	-17.3053
160.961	416.744	-14.7232
-330.327	-520.852	74.8965
1298.91	597.431	-20.9138
-300.402	-658.196	71.9462
1216.7	1148.73	-19.0543
66.0014	-1493.12	40.9271
1091.39	997.637	-17.5037
255.81	-181.59	-1.96505
-573.669	-71.1353	27.721
-574.212	763.889	-7.89315
249.345	1199.51	-18.2235
577.964	-1266.6	33.8001
510.579	778.456	-19.1419
-969.253	-165.697	-6.91198
-1363.28	-412.381	-1.88197
-65.9294	1368.91	-17.8012
-86.6933	895.237	-17.3163
-1343.16	-892.824	41.3397
329.124	-255.969	-0.36897
1436.54	-1446.41	84.2484
287.049	561.918	-15.934
-319.445	-312.607	74.7283
126.811	305.519	-13.4604
-542.188	1470.57	-17.4066
-1253.61	-635.756	18.4163
670.776	491.096	-19.0395
-696.105	232.764	3.9474
-1085.21	-1324.95	55.6595
-1029.37	569.445	5.92742
-1421.65	353.042	26.5975
577.054	-48.9085	-11.2476
-769.874	252.113	-2.61585
-850.665	-1113.67	29.6778
-1241.46	-530.208	10.6733
1454.27	460.616	-25.442
937.17	-1309.71	42.6388
-603.279	-475.621	7.90459
1125.59	376.546	-18.9553
1114.61	-834.672	34.5873
-1301.24	-253.391	-4.53938
9.01417	890.869	-16.4271
1376.55	-1119.31	68.9515
1054.76	201.514	-20.6286
-545.333	-722.414	13.5787
-1000.58	1478.43	-14.8893
-938.453	876.07	4.64483
-1428.74	1303.19	-6.2944
-1013.42	-188.722	-6.21745
-611.764	-978.853	11.7337
-581.916	-195.974	14.5851
-884.85	-270.83	-3.92509
1462.14	-911.318	-1.64355
-793.492	1494.23	-15.7607
-1087.69	-276.551	-3.78484
1083.18	-1288.33	70.173
567.362	1013.45	-17.9545
-145.195	-888.14	82.1181
-780.012	-448.112	-0.937322
-1359.26	595.849	20.4431
858.459	-134.673	-20.0845
1442.23	-278.095	-19.642
264.854	1047.05	-18.6941
1173.06	513.107	-19.3952
-267.002	-846.47	53.0307
293.155	122.901	-10.9666
-750.998	-395.237	-0.102382
-836.052	-336.824	-2.21131
885.209	918.83	-18.171
-149.763	663.263	-12.3132
-234.114	967.767	-17.537
-226.633	980.654	-17.7353
-623.841	-776.133	8.69774
-1207.67	-497.724	7.11515
119.491	227.48	-14.6956
-959.849	-266.907	-4.06034
-610.862	-44.5556	21.6742
109.067	-1262.09	45.9345
53.595	-1416.26	41.7159
235.822	-581.464	34.8586
-705.831	1487.43	-15.9565
-817.89	-195.97	-6.38606
-79.5349	-246.892	54.5291
-1332.46	945.68	34.244
-464.471	1088.35	-19.0651
-949.305	-1310.94	44.152
649.894	-70.0054	-12.9902
576.526	512.04	-18.1701
-1153.44	-572.091	7.94819
-594.671	-841.984	11.619
1264.74	202.21	-22.1945
1453.82	-1280.32	97.3513
-846.485	585.02	2.02724
605.409	433.739	-18.4716
-1466.9	-1483.1	124.499
-13.7641	99.0195	-9.51823
185.182	-696.327	62.4951
178.066	-1391.04	35.6625
542.852	-613.112	52.5129
1403.9	858.759	-19.3741
743.391	-1161.17	41.4134
1354.75	1353.88	-25.7898
1336.73	-915.478	9.47635
1111.88	-156.351	-16.4219
1416.07	-1081.28	46.4544
-555.302	518.582	-12.1467
-1386.97	1492.18	-8.37035
-686.161	723.879	-0.687887
-297.576	-319.572	79.7678
-1116.88	-64.1608	-4.90491
746.294	-423.575	-3.72414
257.125	-504.485	23.0947
73.1489	-434.404	55.7919
191.536	665.271	-16.2871
864.719	106.023	-21.6434
-1271.73	1338.91	-10.7783
-471.605	-229.275	25.591
-686.082	520.248	-5.25197
1322.07	-240.126	-17.7602
1481.31	-537.232	-12.0683
-558.303	282.608	-1.58194
-824.458	-1172.69	29.556
-489.13	734.433	-6.77032
131.478	712.382	-16.4607
1259.24	-744.378	-4.96315
-650.731	-1073.45	12.7079
308.016	-1058.23	72.8303
895.857	-391.578	-11.6241
-31.9067	-760.404	100.444
1412.96	552.344	-22.6111
-42.3074	-475.183	85.1746
193.991	-922.607	98.6533
-1227.98	-28.2914	-7.82528
-1276.79	-1311.33	60.2277
480.053	-18.54	-11.4376
242.729	-218.878	0.831546
-814.014	387.473	-8.68305
1005.44	-408.176	-10.6786
349.885	-214.432	-3.50692
200.107	-1221.64	44.3482
211.153	-1391.77	34.2787
-158.186	1046.01	-18.5831
-380.163	-169.349	53.3289
-1117.58	1312.47	-14.6915
-513.277	-798.175	16.9003
1221.4	-731.055	-3.88201
832.596	-632.792	12.1601
-609.108	910.123	-14.2131
1442.7	-105.965	-24.2152
-334.421	1067.14	-19.4571
-700.276	491.128	-5.74796
1193.77	1151.36	-18.6696
-47.8353	453.146	-12.6007
-156.2	575.582	-13.4509
-166.143	-276.494	67.2991
-1069.07	-1347.71	58.8212
1246.69	-175.839	-17.1314
110.243	-840.79	103.715
-9.85121	1248.72	-19.1931
966.521	1067.18	-13.899
-15.7754	1436.69	-16.4699
-599.944	-817.013	10.6961
-789.665	22.674	-2.01108
275.094	1141.22	-19.5026
1051.09	569.053	-17.9576
370.458	-386.211	4.96575
1333.32	839.642	-18.2572
325.425	1203.77	-19.9594
-653.088	773.174	-1.81188
1025.89	-1243.39	66.2557
608.466	1243.28	-22.1899
-176.607	1469.97	-17.5882
-773.417	59.5873	0.048976
-13.1626	1184.61	-18.4737
-740.94	-1392.85	48.3207
-1457.18	691.577	8.93814
-714.766	-275.112	-1.08242
-386.945	-370.737	53.0232
-367.638	254.528	-8.39113
-811.813	-844.153	10.1984
-387.834	975.434	-18.2856
-1455.72	-416.019	0.236368
-144.592	482.785	-14.8014
-1423.97	-166.723	-4.65795
-714.555	-169.706	-1.81638
-1312.16	-572.501	13.7506
251.266	1471.8	-15.6386
89.3182	-297.861	35.1686
1200.74	-226.134	-15.1133
804.223	-904.347	84.9717
678.132	-188.156	-13.7723
-141.484	-536.24	112.381
486.496	591.727	-18.9056
435.345	-1200.14	39.4934
-1307.24	496.625	35.4914
-1214.55	-1176.02	45.2598
313.145	1212.26	-19.4334
-57.8439	457.611	-12.7636
750.091	1163.76	-20.5555
-1010.89	1213.71	-15.4157
1220.48	695.524	-18.5408
-813.249	58.9714	-3.44008
253.601	-962.477	99.5314
-1073.59	-1226.93	44.1241
72.847	1413.78	-16.5237
-822.694	422.94	-6.80561
1422.39	-783.418	-5.90765
1287.43	-1028.77	57.8775
1233.61	-665.077	-7.93118
-795.589	1360.71	-18.3015
249.97	542.937	-15.6796
597.341	-52.1198	-11.7436
774.981	757.802	-19.0386
1217.73	700.503	-18.3684
-1092.93	54.5936	-9.52951
134.692	73.1527	-10.3208
82.232	-1256.37	49.5041
618.416	-1424.07	25.3588
-1285.72	-980.687	51.9516
-1001.83	1432.96	-14.8818
-952.566	1162.28	-15.7485
145.335	-278.064	20.6089
-471.612	565.538	-12.776
963.346	-1275.98	52.6168
1472.93	1378.98	-27.9622
-213.314	1344.51	-17.3188
842.098	-671.427	22.0845
-839.953	-412.083	-1.87963
-1131.18	-1108.81	42.1097
-1461.93	1180.66	1.46232
-948.662	-52.0312	-9.61798
-370.072	91.4849	22.6577
-171.598	1311.89	-17.168
-544.256	295.008	-2.83958
-820.835	420.346	-7.07126
640.562	-1323.75	30.3437
550.088	615.258	-20.4279
614.743	822.304	-17.5021
606.044	-1223.46	36.8668
1238.56	531.302	-20.1525
1476.53	-1246.29	91.176
263.715	-1071.76	68.3033
110.134	1000.59	-18.4415
-26.5493	-710.636	100.461
-1339.16	-412.167	-1.59318
-114.943	-1464.64	54.0374
-188.563	-1013.8	81.8012
1429.11	-735.543	-6.90182
1031.56	-1336.25	54.8896
612.925	381.667	-18.8595
194.769	313.002	-14.0202
1238.26	-331.471	-14.7885
0.382213	402.298	-13.6563
919.938	1488.6	-24.8217
810.186	921.19	-17.9231
-1316.99	696.544	7.95324
1142.22	-1298	75.4288
-585.729	1230.48	-16.6167
498.534	25.5562	-12.7537
-1304.8	-1477.04	97.5164
203.945	-793.207	90.2122
-1307.49	274.283	5.94811
-1090.44	-318.076	-2.7798
321.066	-449.467	13.309
-1145.7	661.714	6.82909
927.088	288.514	-20.337
-1098.41	-457.548	2.05487
-184.944	399.755	-15.0969
-1102.81	36.511	-8.46639
-1006.97	919.529	3.31878
331.853	-1035.46	79.9537
533	-448.149	12.1776
-881.707	-265.371	-4.11194
-851.702	857.414	5.19636
-522.434	101.51	30.6555
526.585	1020.46	-18.3408
-638.007	797.829	-4.31432
69.6066	1346.48	-17.2211
-620.332	515.803	-9.33974
35.7205	1101.86	-17.213
416.002	-1149.51	49.8666
935.074	-1434.82	28.0569
1260.5	1257.74	-19.8462
996.548	-132.752	-19.3074
-934.943	-289.73	-3.3057
106.941	-1398.97	38.5076
1098.13	401.686	-18.4027
176.091	-986.43	86.7035
-127.008	366.82	-14.1703
-101.42	777.787	-14.3263
-756.829	-993.458	12.9096
-625.684	13.029	21.1116
1226.98	73.7798	-19.819
-849.257	296.967	-10.6381
1126.32	-1475.04	47.1379
-1131.68	-220.031	-4.62863
-513.221	1186.86	-18.3827
-387.183	778.919	-11.5588
737.904	-396.474	-5.21146
-58.8831	-305.92	69.5027
-191.403	-644.019	106.907
-1442.95	-1120.31	38.0857
-1452.7	-139.992	-2.89571
-1103.56	460.28	9.5333
1250.74	-155.83	-17.7587
-1137.62	-640.789	8.54447
-913.538	-53.3375	-9.72042
773.593	-1453.61	22.1269
1167.99	843.802	-18.249
-1415.83	646.988	10.892
-1303.08	1188.79	-4.93046
741.54	1352.57	-22.8841
1041.32	-567.306	-3.58935
-1105.26	654.222	6.61593
1122.76	348.788	-19.0517
300.1	-196.903	-2.84937
1255.72	-427.193	-14.401
-624.1	-72.3784	17.2079
-236.618	-1030.22	68.2114
433.845	-201.703	-6.08045
1031.86	1238.79	-17.7028
297.707	1088.96	-18.4323
-1428.73	-1218.25	45.94
665.94	1339.13	-22.6928
-558.257	834.71	-12.4812
-581.353	-943.91	12.9621
-808.031	1496.1	-15.6489
192.454	1321.82	-15.1927
812.683	-588.264	3.01289
-1306.25	444.381	34.9881
931.291	-354.89	-13.1324
-626.488	-1200.68	19.1415
241.363	746.359	-15.9916
909.49	1493.36	-24.5654
1330.53	-134.191	-20.754
-761.961	153.867	4.01324
915.815	231.102	-21.079
-1429.53	1159.22	1.86505
849.924	1094.66	-15.5259
1471.28	906.342	-21.5585
-214.822	-343.268	84.6127
-335.024	1314.01	-17.9101
603.609	-212.721	-7.92272
1238.96	-689.268	-7.49567
-1164.42	-379.324	1.04756
-931.518	538.997	4.11214
1294.94	1212.05	-20.2316
912.608	-884.965	82.9007
343.195	367.644	-16.1524
714.607	821.781	-18.63
1237.76	-345.451	-14.7729
-991.997	-1108.14	38.0856
-702.499	1344.94	-18.2892
-550.37	-1351.24	33.0475
941.471	336.516	-19.3355
-413.12	663.619	-8.3029
1256.97	198.567	-22.2229
1259.34	1499.65	-25.3077
389.429	1252.53	-20.7241
609.109	1343.7	-22.1141
-1323.61	1313.8	-9.18518
1260.74	1179.58	-19.7976
-1312.19	600.59	17.7525
-1138.74	-394.118	1.08812
-686.354	885.908	-9.02626
306.802	771.486	-15.0225
407.287	-1357.86	29.4486
-1415.51	87.4523	-5.56085
330.796	-50.3385	-9.01358
-1474.14	1262.11	-4.21003
-629.12	-1472.34	51.9676
1064.11	158.777	-21.1944
780.037	-754.382	57.2952
115.11	-450.426	41.8243
674.921	1245.01	-21.7809
418.157	34.1835	-12.0155
333.606	512.815	-16.584
927.558	-1329.92	39.1026
368.615	303.55	-16.1568
951.925	-1489.51	24.4158
-348.716	-1194.02	39.9523
-989.643	-1223.31	42.9753
579.484	-504.163	22.6636
743.913	-1074.96	60.8521
-656.784	1322.33	-17.7754
386.7	-1130.86	54.5946
-1190.53	-732.585	17.9927
968.155	75.7083	-22.2146
1414.78	442.714	-23.6487
-1229.47	239.361	-6.53731
-1496.76	-494.615	3.20881
1106.53	-1249.88	72.9566
-699.486	-1493.7	58.4117
1403.67	-306.92	-18.5818
1455.1	7.52617	-25.3948
429.072	-884.365	120.789
579.067	659.415	-21.9648
-714.452	-782.417	6.47999
1323.79	1282.58	-22.7107
-442.52	-1383.15	36.025
-259.451	1193.45	-19.2701
160.612	325.205	-13.5324
1081.8	-120.498	-17.5251
1173.68	348.244	-19.8436
-72.424	-853.166	99.903
-785.395	899.806	-5.24831
-525.762	1275.28	-17.7965
-211.776	-1086.74	76.2084
709.709	1332.67	-22.2723
584.673	943.532	-16.3775
752.532	1196.67	-20.0237
1174.32	-1352.17	76.3198
627.084	-111.303	-11.1259
-34.3736	1411.33	-17.163
-1069.84	1001.92	-2.85712
-26.3857	814.293	-16.2741
-899.537	1324.91	-17.0005
36.5677	223.718	-14.5839
-274.58	-518.303	94.7644
1251.21	-787.008	0.0513385
-927.659	-885.878	23.0685
-1125.02	-807.587	19.7897
-612.963	1431.43	-17.2075
39.2174	1333.3	-18.0041
-637.685	-603.383	7.08762
1312.81	1172.04	-20.3988
365.391	401.319	-16.6394
439.09	1104.11	-20.3781
-579.244	875.798	-13.5971
-916.96	1017.59	-13.6027
-1496.97	238.812	1.37784
-717.558	-276.233	-1.18496
-673.807	-862.821	9.48538
1370.43	-1154.98	79.9932
265.082	477.771	-16.0979
924.098	-590.562	-1.67166
394.442	1097.76	-19.7159
209.65	-738.634	75.6615
837.955	749.231	-18.4292
608.453	807.203	-18.1498
1337.61	850.664	-18.3757
996.572	-1306.8	54.72
-1120.88	1422.85	-13.4244
-1443.79	747.423	6.83345
-628.441	-126.237	14.2284
153.877	1013.92	-19.4428
403.448	55.7859	-11.6203
1467.58	1357.04	-27.87
613.661	-72.9457	-12.0695
-1308.03	-640.831	21.3066
-386.56	524.923	-12.3298
173.861	-850.778	105.959
-308.332	1092.36	-19.8992
1221.46	1052.01	-19.025
-493.152	-1427.97	41.3962
853.14	-1153.43	51.7455
-575.789	-39.0571	28.5852
-1200.48	548.741	16.3954
-1097.81	-919.188	37.9488
1158.17	-1421.41	64.4791
-621.977	-888.811	12.2695
926.666	-344.181	-13.5297
-1470.01	757.181	6.90126
-1028.53	-478.488	1.16584
992.151	-348.392	-13.3242
-1448.67	314.671	17.2851
-654.997	893.647	-12.381
293.144	514.334	-16.1304
-404.833	-1167.6	31.2532
688.18	26.4152	-15.1566
211.117	-592.462	38.3731
1492.92	-403.632	-13.5139
80.2242	1009.46	-17.69
-984.374	-864.462	27.075
-1336.8	877.189	28.8813
-837.747	-1071.8	23.7695
-1280.92	-383.755	-1.01914
1101.63	-1491.54	41.3053
-1371.7	950.599	31.7855
1099.34	1105.65	-16.7798
-448.751	1066.36	-19.0774
1103.12	-727.919	7.27053
672.222	840.818	-17.4973
238.606	-454.527	19.3485
-778.024	1321.42	-18.6049
-406.244	-449.263	45.9735
-231.715	116.466	2.63486
-666.954	1467.33	-16.216
-163.911	930.29	-17.1537
-1330.13	892.531	31.4817
680.22	54.093	-15.7111
82.9625	-16.3287	-2.37207
-955.794	-287.394	-3.38745
462.019	-919.653	113.731
185.882	541.215	-13.9812
-960.355	14.2373	-9.3951
-513.362	-621.247	16.4176
1273.57	-936.656	24.5207
-904.617	-396.562	-2.01931
37.4669	-654.37	82.7371
1184.53	791.273	-18.0722
760.453	-391.705	-7.50377
-1146.61	-977.489	42.6252
-744.219	-88.7013	-2.54699
60.5618	1443.98	-16.1041
1106.99	559.773	-18.6256
-974.002	-409.643	-1.8476
-267.244	490.81	-13.1334
-469.341	472.936	-12.1048
768.144	-185.7	-18.2639
407.711	-306.031	-1.2295
-992.577	246.87	-10.4302
-106.903	577.33	-12.9203
772.12	90.9813	-19.1712
-974.428	1186.55	-15.3446
-1128.29	-1338.23	58.2672
521.557	831.128	-17.1402
642.423	834.485	-17.2173
1337.45	-1250.89	99.2083
137.61	915.578	-19.0323
-551.224	52.9103	35.8556
1284.15	-424.605	-15.0155
-1193.94	-185.693	-4.54268
-1431.53	-692.493	23.2598
-787.126	1152.4	-18.7069
-744.985	34.4215	2.09468
119.027	42.7476	-6.5505
996.333	-1155.6	72.601
505.595	1442.59	-20.5161
-1418.2	129.058	-4.27656
1173.77	-1120.49	74.2286
-1142.03	1138.81	-7.69602
569.149	-1227.58	36.408
271.812	1160.21	-19.1807
1498.65	-892.275	-4.7562
97.0091	668.058	-14.9695
-741.567	62.3629	3.84453
247.412	-224.612	0.601596
35.2944	1332.54	-18.0471
227.477	-397.059	14.1749
-1449.06	-1367.99	84.838
603.81	-282.724	-6.41439
-13.9844	424.353	-13.2258
-1262.31	-347.278	-1.31397
-752.142	105.178	4.60827
-576.523	1133.23	-17.9025
156.807	-321.531	23.5454
433.898	-201.604	-6.08447
63.9306	1316.41	-18.0531
-917.835	-515.702	0.368869
407.122	-1167.62	46.5509
1434.39	493.394	-24.4599
1135.3	-882.677	40.4816
-1109.15	16.7823	-7.28474
-1218.07	915.745	19.2009
192.443	-837.169	102.577
-230.312	595.341	-12.4567
815.935	-556.521	-3.15977
1166.47	452.437	-19.0626
511.447	320.193	-18.8349
1326.48	96.7462	-23.1028
774.719	-13.6919	-17.166
726.453	-87.7988	-18.2121
-1230.06	1257.21	-11.6729
-409.617	535.629	-12.4574
1316.41	372.757	-21.1779
732.305	461.112	-19.4806
1132.84	-937.325	49.9963
-383.32	1362.11	-17.7878
486.724	-1249.34	34.7262
-232.004	1234.77	-17.977
553.05	955.32	-16.8318
-1379.98	-265.379	-3.88398
565.38	-1015.35	80.288
17.9657	-684.467	89.0282
-1215.38	1292.35	-12.2392
-266.454	813.572	-13.9514
1354.36	-355.417	-15.2723
644.818	1130.64	-21.5251
-1076.54	-378.422	-0.893925
1222.83	-647.7	-7.97719
1137	-1103.94	68.74
-108.716	-397.169	87.1297
514.555	-1184.25	40.4544
-1457.29	751.009	6.84234
822.799	-1051.41	66.6805
846.399	-765.035	56.1272
943.384	1366.86	-21.8151
610.501	38.4154	-13.6355
-994.378	1256.13	-16.4649
-852.329	-1044.44	22.5401
-67.6662	-976.905	102.114
-285.806	-656.631	77.4297
845.567	-1240.88	37.904
-1467.06	214.515	-0.167727
-259.087	1375.34	-17.3474
1333.08	-41.6778	-21.9806
-229.061	-1350.21	64.4053
-1116.34	-1026.38	44.9343
298.623	1349.82	-15.3234
1380.22	-213.637	-19.4991
221.783	913.281	-18.8867
252.025	1224.5	-17.8942
997.305	1243.91	-16.3313
-115.992	128.086	-6.94513
-1219.04	-897.61	36.6337
-1339.3	600.758	18.7001
-1021.34	-219.478	-5.44372
-346.264	1489.98	-16.4164
-793.931	-971.584	14.2083
-827.966	-1081.92	23.7469
-708.851	-463.224	2.17984
-1375.19	-1275.93	56.2957
1493.86	795.465	-21.2747
1063.48	-1288.59	67.2895
-175.529	15.8592	13.594
-1385.05	724.117	8.54048
-951.652	-1117.67	35.9181
-719.888	-63.3151	0.699197
315.675	609.555	-15.6446
1302.92	1180.57	-20.2967
-530.412	-401.512	14.5204
-386.963	67.0148	29.968
-501.398	-893.656	19.1161
1183.91	-164.567	-16.174
-602.706	1256.5	-16.8701
1048.06	260.625	-19.5975
-1175.69	-12.6873	-6.80292
8.37364	699.859	-15.4975
1012.87	-1127.69	72.9039
1109.66	198.199	-21.0017
1153.22	230.307	-21.2471
-1214.55	679.452	6.21677
215.476	-429.354	18.4836
-1456.41	-1255.89	54.1927
1290.4	-1395.28	92.4374
-306.664	-0.113351	42.6271
1134.33	1129.89	-17.7513
1372.34	451.741	-22.2254
1421.09	-1361.67	94.17
853.076	1063.65	-15.4471
-555.588	-484.683	11.8606
100.564	1010.77	-18.1308
-825.348	-509.629	-1.04178
446.36	119.509	-13.3069
-741.757	1047.76	-16.448
449.536	-175.764	-6.73284
1091.97	-502.866	-7.71987
1396.08	977.374	-20.6652
593.233	1358.18	-21.8596
703.283	-282.097	-11.7038
-1441.83	149.887	-3.50321
-370.658	-735.393	36.9042
-895.612	790.923	8.87265
-565.692	1444.5	-17.7831
-767.542	-818.948	7.8675
207.682	1376.04	-14.2299
-1252.01	-980.49	48.0019
-414.243	1309.03	-18.2782
-1300.54	-864.665	42.6549
-181.997	457.19	-15.4204
-455.738	1208.64	-18.8524
826.639	1447.93	-26.8928
-739.337	-321.893	-1.47082
-1372.59	-1397.01	84.8568
-1412.39	1346.41	-7.25287
-15.2156	-426.362	78.5583
-1247.48	1137.39	-1.70138
273.395	741.194	-15.6708
919.368	634.198	-16.858
-939.063	-1340.91	43.3019
824.549	-35.4382	-18.7892
815.903	130.381	-21.3222
829.209	-622.49	9.17258
333.105	250.233	-14.8555
835.004	1297.16	-17.8304
-697.702	0.790861	6.9001
465.035	746.873	-19.5733
729.355	644.715	-19.4587
-1416.1	538.39	41.3198
-808.05	-1272.59	29.6753
456.739	397.088	-17.6317
795.142	319.924	-21.4248
-964.237	968.603	-6.97498
-141.548	-1251.18	72.1025
550.934	1301.26	-21.3366
-815.045	-121.342	-6.2195
219.925	-481.054	23.565
-883.134	-165.147	-7.19644
684.748	-188.951	-14.3096
1262.74	921.746	-18.4246
1420.62	355.726	-24.0437
1047.57	976.597	-17.1588
1472.2	342.899	-25.8668
-169.308	158.407	-7.27047
526.955	-1199.63	38.325
-446.794	-201.281	31.7401
-272.494	48.6149	26.0452
-1453.97	-1042.49	29.0162
171.965	1047.74	-19.222
1122.5	478.029	-18.8207
-1373.55	-56.3796	-6.42675
-1116.4	19.768	-7.43944
-1260.11	1251.72	-10.6423
-1126.72	599.458	8.32091
-344.889	292.844	-10.3524
687.688	614.204	-19.5963
-793.962	-1349.48	36.9032
-1082.45	1424.81	-13.8215
465.269	293.784	-18.4292
-1374.57	-572.273	14.5418
-240.315	-1216.18	63.9356
-926.779	-1051.48	33.458
-104.101	-464.959	93.0269
-1191.04	-789.553	22.7511
54.0714	963.002	-17.4295
-124.806	-228.707	53.8501
386.134	805.613	-15.9413
-170.724	-86.5714	30.2385
1235.86	1164.15	-19.4252
-876.779	1353.74	-16.9886
-525.917	-430.619	16.5998
216.063	-987.071	89.4248
1487.94	-1280.12	92.1442
839.558	-142.004	-20.0908
-594.496	1114.62	-17.8841
853.165	819.429	-19.4198
73.7482	-624.02	69.4447
-1089.75	787.837	9.92905
1331.45	1216.82	-21.2048
1029.67	-110.82	-19.3009
-742.857	1320.8	-18.3236
1468.33	1451.1	-25.224
-1359.92	-975.402	45.8334
409.054	1278.9	-20.2263
1425.56	74.8066	-24.6445
87.1048	672.877	-14.908
-510.717	-199.475	23.7069
354.714	-820.565	111.207
1284.37	1307.33	-22.8769
-377.032	502.672	-12.6145
425.854	203.287	-15.5198
-846.912	-1254.32	32.5634
1072.75	432.538	-18.4158
1038.19	-295.102	-14.3245
-858.279	-730.06	8.39407
-1402.15	-102.208	-5.34513
1114.36	-1411.43	55.8453
537.293	1265.51	-21.7404
-720.246	-1299.9	34.3473
867.546	-447.032	-9.88743
-1097.34	645.093	6.65081
148.561	-1220.6	48.56
-392.881	64.7317	30.816
189.573	36.9945	-8.1393
-58.3293	1034.34	-16.9908
691.988	901.194	-16.2031
-171.438	-1223.67	73.9867
1197.79	-990.108	51.9825
-655.435	43.0446	15.0983
-809.983	-382.8	-1.29823
-671.461	919.395	-13.1168
241.501	-332.842	8.50394
920.137	239.813	-20.9531
1147.35	-854.906	32.5762
1385.9	-620.327	-9.07872
-1260	1006.33	15.3025
84.8443	446.875	-14.1959
331.617	1059.47	-18.1444
1269.01	1323.86	-23.8047
882.899	546.678	-17.9915
60.003	1238.43	-18.4255
817.751	-1085.55	59.3441
-217.719	726.314	-11.6577
-42.1439	-285.343	62.1398
1021.12	63.2273	-22.3042
-362.14	-809.27	36.2265
-1299.21	764.361	8.7761
-428.392	-508.186	35.9542
600.577	-469.296	14.8976
1313.49	535.213	-20.6463
193.489	1068.97	-19.2415
-391.835	-307.691	49.1739
539.403	933.507	-16.4705
657.203	-453.937	8.2183
1032.78	-56.7935	-21.0384
-1257.41	813.991	15.2471
127.94	-589.576	51.0025
1368.03	-1203.21	95.4927
-536.209	1491.39	-17.104
788.46	-1009.32	75.8477
1490.43	-993.817	3.65233
-996.963	299.513	-8.38589
-831.366	1192.82	-18.4941
-571.277	-994.298	14.0392
671.729	1133.68	-21.66
-1148.86	-880.941	31.5143
1275.7	-1012.88	55.5345
-1266.51	1388.09	-10.6154
-320.64	1251.52	-18.6897
558.768	226.964	-19.4494
-1188.73	-852.708	29.3853
-1129.86	-372.07	-0.0362646
-1106.41	-990.674	44.5258
-1337.27	-1015.77	53.9917
-348.776	681.927	-9.25826
-457.465	-1366.32	33.8403
-80.9221	-1029.13	105.09
144.463	891.578	-18.4856
542.348	103.134	-14.2617
-716.877	1046.43	-16.4344
9.54075	-1439.93	44.9505
-238.354	-1280.88	62.7986
-596.033	-24.3351	25.4393
-291.792	-1293.01	52.4376
-551.726	1064.11	-17.9365
653.973	-207.097	-11.277
1467.74	-231.884	-20.4523
1009.82	-991.227	67.5182
2.50502	-852.51	109.641
366.997	-76.5215	-8.5707
-1110.28	-979.287	44.362
1250.5	-170.67	-17.3223
174.578	-145.183	4.82462
-464.202	1158.16	-19.1661
656.696	574.642	-18.6539
-1249.98	-617.012	16.5736
1021.26	-295.33	-15.0111
560.147	1328.85	-21.2127
-1449.46	1005.65	25.0608
-940.882	66.3063	-9.02007
-1327.83	956.236	33.0603
32.7276	-1286.62	50.1373
-1235.86	1305.86	-11.7265
1418.47	-407.412	-14.454
-1298.37	-879.626	44.1703
-317.46	491.313	-12.1832
-1035.9	89.4623	-9.73057
-171.056	-1352.19	66.0122
357.982	1170.18	-21.0009
-405.62	-347.042	46.135
1059.32	492.791	-19.1316
-392.453	1251.82	-18.9689
-1436.96	-51.6635	-3.65078
-146.935	-690.402	104.459
-1029.3	227.027	-10.3946
836.913	246.442	-21.5069
-1238.59	653.39	7.85697
456.22	-601.393	49.8323
798.751	-786.184	67.3377
-263.89	1455.11	-17.3098
87.0883	471.129	-13.8892
1301.8	1305.4	-22.9703
-858.007	-990.79	21.6736
1420.26	-31.5879	-25.9607
727.855	-491.401	4.38086
-1395.12	710.975	8.90723
-1286.36	611.768	12.9266
588.487	519.488	-18.2241
-234.174	-184.748	57.2733
1088.48	-249.294	-14.1833
848.104	713.68	-17.8812
-666.643	-1124.51	13.5355
413.163	-175.082	-6.61779
-597.674	-1123.66	14.286
-915.961	652.403	4.51576
281.988	-1296.93	35.5953
-8.48546	-283.231	56.1475
195.195	739.247	-16.3853
-174.75	-264.696	63.286
-148.294	-150.74	37.7952
-940.353	1085.02	-14.7458
259.305	-1176.63	48.0318
1402.64	255.502	-25.658
-140.437	-634.719	112.839
32.2763	-26.2535	-1.55748
-662.838	1339.72	-18.0228
-462.16	-1295.69	27.6227
119.207	-900.47	100.133
531.588	37.5188	-13.2893
322.749	-633.357	46.3147
-1106.48	-772.788	15.7618
-1323.78	-1045.39	57.636
-132.281	-544.038	112.06
-737.751	551.848	-0.260363
-1063.11	245.708	-9.71666
-1002.02	-1166.87	38.8202
81.5229	-1115.06	76.9959
1436.83	-1394.88	90.2955
-1169.78	-892.49	33.6786
-113.258	764.178	-13.731
1168.76	114.937	-20.8428
-1410.41	-326.175	-2.44095
-519.992	765.887	-9.17012
-1016.45	-425.26	-0.810094
-11.8036	-58.2176	5.39572
1468.29	-962.211	2.00699
1335.16	466.092	-20.8729
1254.98	-1085.08	71.6651
-0.977531	868.956	-16.2571
1154.51	763.563	-18.3891
1323.88	1428.17	-27.4683
1233.14	-820.816	6.85619
1429.43	1456.54	-25.1685
1210.33	-814.64	8.61545
-1371.87	205.924	0.198045
-1096.64	-276.747	-3.82958
1420.84	1074.42	-21.6916
-588.844	855.411	-12.5482
-246.98	638.68	-12.1814
-175.115	-1441.93	59.8879
-205.841	-700.612	94.1725
-197.872	1033.27	-18.4666
-805.231	-280.948	-3.7489
-1482.19	-492.198	3.35427
-597.537	1455.4	-17.2726
412.067	231.315	-16.5649
-823.908	555.601	2.94073
-109.201	-283.264	67.1703
775.899	692.703	-18.6685
-840.348	-208.785	-6.00796
-712.197	616.142	-4.17782
530.9	567.298	-18.8939
-1398.74	704.388	9.10111
88.0941	587.018	-12.9001
-513.821	-857.602	17.797
-705.444	1231.61	-17.8068
-292.288	-134.365	60.5203
-939.939	948.193	-4.69629
1209.06	1091.41	-18.8001
1239.5	997.976	-19.1978
-1137.69	144.736	-10.1895
-942.711	1370.89	-15.9766
1276.05	-55.395	-19.6487
-1440.13	1001.26	26.6966
-1061.86	-540.345	4.04825
286.72	-139.257	-4.98158
220.127	-49.6545	-5.272
-1338.89	54.1867	-8.63636
-206.473	375.153	-14.4638
401.258	1129.21	-20.5813
492.409	-1106.02	55.2049
-1132.89	-757.138	14.3996
-1383.81	-344.586	-2.79253
-519.053	242.57	2.64219
1341.03	389.72	-21.9254
-1385.3	154.965	-4.74263
-599.565	-946.961	12.1473
-1399.73	-1232.89	47.8359
1244.08	-857.748	12.4658
1278.28	997.525	-19.594
-1403.71	398.536	39.2869
-235.443	328.499	-12.921
-447.54	356.251	-10.0077
38.353	809.48	-16.7549
-1479.02	-1086.42	27.2612
861.55	-564.25	-3.40038
-881.476	-997.162	24.3803
-488.929	-68.6207	46.2506
86.3065	313.349	-13.3985
588.919	215.587	-19.7197
-849.485	885.095	1.7457
669.189	-1438.34	24.0157
-635.447	317.82	-4.30417
476.671	721.118	-20.0926
140.537	-851.284	105.644
-244.339	-905.962	58.5109
564.38	618.138	-20.8634
-1283.13	258.458	1.27708
-404.503	250.491	-6.86618
-325.558	-873.211	40.1056
389.67	687.713	-17.6749
-408.476	772.999	-10.9076
-395.483	-281.155	46.1492
-1309.8	-459.383	3.14
334.796	365.47	-16.0926
-304.354	690.645	-11.3627
1498.9	794.523	-21.495
417.338	1397.03	-18.2409
919.428	-611.886	2.89892
-1111.06	433.549	8.09387
-324.25	-386.354	79.1281
524.058	-269.658	-3.75735
367.787	-909.039	116.686
-1048.45	-760.308	16.913
985.791	46.9634	-22.3791
187.893	-537.302	30.765
-1056.16	1303.01	-16.1218
-563.416	927.063	-16.4888
7.77797	-1263.03	55.8996
-1176.14	-135.318	-4.68229
-58.8241	700.385	-13.6352
-1008.52	-545.416	3.94579
315.099	55.297	-8.8825
230.749	-404.642	14.7191
-1319.36	-491.724	6.11631
1319.82	-127.514	-20.7066
591.378	-475.501	16.7251
-185.894	-991.288	80.9311
-20.9173	1413.11	-16.9835
-697.831	892.987	-9.01368
-258.958	-1426.1	54.614
597.866	397.54	-18.6583
511.118	-1000.78	87.8357
-1126.41	-536.805	5.67117
701.833	-939.143	91.0764
-375.279	-1358.08	38.5669
796.552	916.286	-17.9649
557.141	-100.71	-9.15747
-245.334	-1311.29	61.3443
1196.27	1206.38	-18.7341
208.755	-1157.57	52.1148
297.572	1444.5	-15.0678
-250.189	7.2141	30.1566
-651.369	555.034	-8.69946
-613.689	1191.23	-16.8145
-1349.12	-877.246	39.4316
1443.02	-971.431	5.70398
990.817	-1389.82	38.8162
-206.968	-325.125	81.1509
-1170.31	1270.59	-13.722
-704.42	-337.708	0.388945
280.14	168.691	-13.0535
-1321.02	746.367	7.56985
1223	-334.832	-14.2921
-853.904	-1293.31	31.0423
-1127.67	-564.879	6.64482
1463.32	-872.847	-3.3835
478.576	213.437	-17.3638
923.751	-914.181	80.253
1290.47	-1487.07	68.5157
1400.67	976.761	-20.7942
199.656	1390.86	-14.381
966.894	1281.1	-16.3871
-1080.11	-1061.14	41.6104
1029.64	46.7234	-22.398
-235.088	400.344	-14.4023
-1416.2	-617.638	20.3346
-382.945	-102.216	58.6306
1368.22	-1363.99	96.3435
1372.16	-1450.38	87.0529
1231.39	751.982	-17.8052
-626.823	-1400.52	46.0626
449.282	-809.939	109.734
-1393.55	-1394.26	85.093
-599.201	-1317.31	33.3737
1313.77	1117.69	-20.4043
863.825	259.671	-21.2808
-186.578	-605.422	112.78
954.012	360.977	-18.9823
261.141	-793.302	94.9898
137.968	-1308.35	38.5118
-1165.23	1208.74	-11.4398
1456.45	-1402.56	87.8328
-618.546	545.445	-10.0772
-509.851	331.271	-7.68743
-1181.23	1142.12	-5.2522
-643.239	530.786	-8.69
-150.413	-1411.18	61.2265
1180.13	-825.816	17.9478
-786.904	210.612	-0.887141
833.252	-869.241	87.0403
-69.2365	566.725	-12.4481
-615.198	-1369.24	40.936
82.9262	-1035.38	87.8311
933.645	-345.907	-13.5244
12.7517	599.656	-12.4975
-759.639	-1462	53.1847
-979.268	-1124.01	36.474
-596.917	1035.58	-17.4943
-1235.43	-818.532	28.1786
-147.421	-1158.83	86.6442
-1209.58	708.027	6.77769
883.298	30.1476	-20.9433
963.003	1463.59	-26.2686
542.27	1226.76	-22.3834
1325.31	286.233	-22.6503
1312.78	-442.29	-14.454
-375.008	345.232	-10.877
-784.287	217.141	-1.15794
-261.392	837.704	-14.6798
651.631	1318.59	-22.3661
719.412	1401.16	-25.2966
1026.11	1103.83	-14.435
723.711	487.531	-19.5957
-1040.42	-1372.95	59.9229
1096.91	1060.56	-17.0645
1395.68	-637.034	-8.46627
41.3842	-241.632	34.5726
926.503	951.244	-16.9488
-639.075	-778.696	7.86634
591.006	679.821	-21.8797
-1345.31	-1287.1	58.8878
1420.54	110.025	-24.9265
22.4325	-1385.64	45.7645
-282.187	-7.55381	39.5232
395.904	584.719	-17.2697
-1409.55	28.1029	-5.87975
-40.1704	-247.244	51.3559
-589.518	1160.39	-17.3904
972.075	-1133.02	73.2356
507.582	245.281	-19.3386
-35.8098	-163.002	27.4254
312.207	1354.52	-15.7625
-161.741	403.063	-14.6877
1452.49	-1334.99	94.7166
1181.28	676.996	-17.6176
1080.55	-732.873	9.73919
296.176	299.468	-15.2648
1450.06	-211.202	-20.8758
-1431.71	-14.8161	-4.3488
-5.61411	213.01	-14.8325
-330.583	93.645	20.4489
-421.474	206.282	3.01017
828.708	-1125.43	52.1177
-1335.46	-164.142	-6.49065
-929.658	-1492.04	47.2815
1185.03	-1083.73	69.6537
1377.51	1066.9	-21.2883
-410.351	34.2642	39.5688
1047.7	637.404	-17.2254
51.5529	134.31	-13.342
-1364.47	-433.093	-0.313229
163.531	-1267.53	41.2407
-698.432	-788.783	6.70862
1468.65	1178.76	-21.181
-444.96	-546.333	30.642
-773.644	-1075.79	18.4641
1420.03	936.313	-20.7617
153.844	493.019	-14.3139
444.936	1128.02	-20.8473
1232.99	1498.8	-25.6005
-510.308	110.947	28.4822
1040.7	694.008	-17.5415
257.539	-217.546	-0.155271
503.631	331.483	-18.6251
328.46	-1034.91	80.0533
203.265	209.855	-14.8762
740.352	-477.619	0.873262
-229.678	848.545	-14.6989
1247.76	616.049	-20.5985
537.869	1233.49	-22.3545
516.283	316.045	-18.9151
-224.619	768.851	-12.8358
-1091.54	524.488	8.5311
-332.135	615.485	-11.1043
690.235	1084.89	-20.6713
-461.428	-1414.71	39.375
-360.664	1094.7	-19.65
-874.54	-1151.74	33.5854
230.719	154.847	-13.3864
-956.502	76.6371	-9.31253
-862.355	978.243	-11.0803
-177.528	-591.774	120.71
1085.25	-1160.94	71.3185
438.666	1005.14	-17.4039
-1054.07	-883.126	32.7789
-814.794	-742.766	6.21836
188.241	498.776	-14.4643
-919.045	410.153	-4.13936
970.877	456.196	-19.1459
-766.86	1049.84	-16.4842
-748.388	4.83211	1.28362
-1441.38	-1337.02	75.6973
-218.188	-410.261	96.0249
-597.132	-623.004	9.75544
-554.372	-45.1081	32.9925
-339.334	-485.272	72.2258
-413.085	-524.226	39.9437
806.084	-1149.02	45.9767
230.018	1427.8	-14.901
-1434.32	272.898	6.16343
1251.47	660.349	-20.2758
1044.2	-1080.63	65.3838
569.379	1078.35	-20.0131
358.821	-11.6889	-10.1533
13.8998	-1182.81	69.3008
-261.033	-1429.82	54.3633
-1021.49	558.635	5.78329
-588.873	129.671	26.6951
-837.522	651.62	2.18502
368.19	307.396	-16.1888
52.3238	994.856	-17.208
16.7086	320.545	-13.3716
458.882	358.302	-17.7813
1496.13	-740.552	-8.31048
-1044.94	-837.864	24.1338
1089.42	861.711	-18.9259
658.064	-309.195	-7.84441
917.525	1167.31	-11.2171
851.924	867.444	-18.8356
117.455	3.25844	-2.80081
524.631	909.881	-15.9194
750.207	365.866	-20.9767
-353.209	888.32	-16.9709
-1076.46	544.963	7.68852
914.461	-1194.81	55.4046
639.553	214.778	-20.7562
554.688	-116.739	-8.75677
-1324.31	440.382	37.8218
1296.22	-1336.52	93.1453
1227.27	-1185.4	83.0465
1034.64	-682.721	7.28781
893.71	1033.37	-14.2999
-974.142	-238.144	-5.00713
258.43	-1199.61	44.9822
-508.385	1411.19	-18.3839
-1037.51	-1252.79	48.9674
505.923	-1300.77	31.2915
1452.81	1012.16	-22.504
417.38	914.219	-15.8835
-805.02	1278.21	-18.9081
-1142.73	-254.173	-4.1936
668.112	-1466.53	23.2925
617.073	-417.28	4.648
-169.421	-496.07	110.704
1334.97	-245.746	-18.0688
420.092	-228.085	-4.79964
-1081.72	5.07181	-7.10709
1107.75	534.518	-18.5559
-393.069	-652.916	38.5031
252.48	277.66	-14.8598
-179.358	1199.21	-18.2696
679.3	-897.748	91.956
-812.71	-1016.65	17.658
-868.187	189.18	-7.4804
618.825	-149.655	-9.77026
-967.522	-1455.5	51.5166
630.703	-685.763	65.8046
750.304	-907.256	87.8888
-1398.83	-1116.65	45.0843
-166.665	999.409	-18.1062
-665.876	1357.62	-18.0523
1061	-495.776	-6.98218
-786.409	-757.495	5.62751
879.193	1164.68	-12.4181
1296.63	-548.23	-10.8085
709.562	-1141.1	43.6615
858.101	783.873	-18.9976
-369.417	-306.929	56.9528
-1048.67	-1262.08	49.4662
-164.467	-1103.75	86.0931
540.742	-760.186	90.5667
213.442	401.112	-15.5018
203.422	-520.889	28.2446
-26.9671	1128.82	-17.876
-96.1367	-983.682	97.929
1411.9	1295.67	-24.6823
-416.138	-890.644	27.1284
-1470.61	611.836	16.8399
581.387	389.536	-18.7367
-71.8142	1374.02	-17.7423
-358.686	-293.867	59.3109
637.051	69.834	-15.1293
-606.23	484.556	-9.43942
-159.602	-1241.99	73.2271
432.608	-994.407	94.2416
-1018.6	-893.613	30.7629
-1156.66	58.5413	-10.3365
235.643	18.9837	-6.75432
-1138.1	-342.988	-1.1951
-1499.77	436.561	51.5494
-599.745	1235.51	-16.7238
-831.184	-806.147	10.0837
-1234.36	-776.158	26.2082
-109.233	-855.38	91.4187
-901.578	-1219.91	37.8743
96.0632	715.067	-16.1611
457.358	1374.51	-19.0628
-1294.29	-1329.85	64.2982
-308.221	-1112.33	48.7511
-81.3268	1206.68	-18.4939
-1370.6	693.228	9.67043
531.125	-1093.96	56.1043
-810.225	-141.818	-5.94633
196.673	-813.567	95.3918
1158.07	-200.102	-15.3211
-664.886	-953.825	10.1751
-1067.56	-1436.61	67.8361
-975.63	1346.06	-16.0744
54.1901	513.351	-12.514
4.77177	-480.43	74.7388
579.933	-932.906	101.446
-1189.38	-255.082	-3.57129
502.385	-782.67	97.5053
-57.2582	1435.07	-17.0588
-1078.76	-293.757	-3.47591
-128.308	-754.292	97.8536
-135.282	-476.872	100.414
350.181	-1149.77	52.6184
-967.925	322.11	-8.68154
-69.9138	-996.881	102.055
1136.2	1230.27	-18.4251
263.933	388.767	-16.1111
-705.079	233.4	3.3128
203.604	867.79	-17.6184
302.836	385.497	-16.2102
9.66367	526.179	-11.6932
-6.3519	1338.14	-18.2723
-1049.37	645.529	5.96768
-10.224	-701.496	95.6169
422.922	603.76	-17.7221
-1369.02	-1077.97	48.8623
-248.158	-514.216	103.792
1246.65	-935.408	28.4594
-1125.6	863.712	15.483
-498.516	879.758	-16.8398
258.847	-421.514	14.3318
-11.9141	-479.142	78.4748
-538.755	602.264	-11.8809
-252.488	-1456.83	53.9219
-1000.73	-1062.4	40.7932
1306.08	636.979	-20.8619
-117.699	-608.99	116.503
-653.731	811.044	-3.82351
-1142.58	-468.606	3.78668
1051.6	598.245	-17.5966
831.345	-814.421	74.9645
-369.864	-1428.22	42.8779
1080.36	-1147.85	70.1697
683.27	1160.11	-22.0934
191.152	698.39	-16.3772
-1241.6	671.863	6.68032
759.14	485.301	-19.8857
-787.62	-1146.38	24.9202
-1126.02	1091.51	-7.71508
477.456	-1166.87	44.1027
-473.825	253.012	-1.48783
825.619	108.302	-21.0419
929.441	531.064	-18.2419
167.802	-790.936	90.9786
-229.093	289.29	-12.4589
-789.53	1208.74	-19.1602
-827.679	-71.6647	-6.92386
-923.214	-808.538	17.3351
1288.51	102.297	-22.1834
-446.057	613.961	-10.4357
279.519	150.971	-12.408
-533.691	-291.084	11.0557
-1319.72	-685.136	26.1508
698.68	-1199.26	36.7922
1486.65	-859.937	-4.8742
-1468.75	1464.53	-6.70546
253.321	1349.93	-14.4347
831.986	589.337	-17.8029
1033.68	-896.226	63.8755
919.997	-474.084	-8.95522
-511.826	-906.813	18.2897
478.508	-1168.2	43.844
1265.38	470.931	-20.3235
1188.59	-681.472	-5.43218
768.62	-301.484	-13.3489
-1126.44	-785.536	16.2565
-116.236	-1247.06	72.5207
-1194.54	1420.82	-12.0821
540.366	451.695	-18.2606
-1376.5	-363.944	-2.89238
-10.7664	-731.485	100.089
-307.832	-1053.39	47.8932
-1494.48	764.348	7.29263
-1298.37	-1078.15	54.6941
638.405	1141.54	-21.6954
-27.372	-848.959	105.692
-273.716	406.907	-13.6293
906.626	-317.776	-14.5044
-14.8715	-932.054	103.554
-105.725	-439.584	90.8059
533.959	759.241	-20.1727
-663.511	-719.593	5.59804
1412.34	273.458	-25.5168
-70.5448	499.862	-13.2119
1068.68	-849.313	48.8814
1213.28	240.518	-21.7632
1184.68	480.404	-19.2503
-1495.99	-1334.46	82.0545
-1382.2	-964.924	41.4523
626.334	-1076.24	61.4924
79.8629	92.3078	-10.3144
698.382	-1142.71	43.4756
1165.59	882.555	-17.9997
829.345	-1050.47	66.9737
-642.417	-749.397	7.24136
699.964	-317.819	-9.76897
-324.102	-1303.59	45.9616
-341.206	1163.04	-19.9619
-510.067	724.905	-7.34831
480.879	-1223.51	36.7572
-304.497	135.475	6.52877
1166.09	701.06	-17.4984
671.821	-1222.52	35.5853
839.795	119.525	-21.5292
1167.45	-714.141	0.216771
207.178	80.3336	-11.289
-728.643	-510.658	1.7941
-168.147	1408.53	-17.6792
-1395.92	655.978	10.7327
-1212.63	651.251	7.48669
573.534	-543.734	30.261
-158.797	403.261	-14.6363
-1407.5	-383.77	-1.8335
-1318.94	-818.861	42.1962
-443.567	66.9036	32.3556
-1436.02	174.731	-2.84726
448.235	517.357	-18.443
-934.017	291.994	-10.8681
-267.209	1125.18	-19.6154
-1017.61	1159.25	-14.0679
-1306.17	422.95	33.2805
-87.671	-1326.71	62.7071
-1382.72	916.707	30.4676
901.689	-1188.67	54.0983
638.053	-566.046	28.321
907.318	-1487.05	23.1655
-1395.78	-1272.52	56.273
-74.6567	-1207.26	74.5996
680.906	125.211	-18.0252
-488.633	1182.15	-18.6559
637.704	589.383	-19.5588
-1055.73	529.222	7.30276
986.654	646.525	-16.9064
366.89	-20.4499	-10.332
579.428	-946.39	99.7157
-432.967	-1320.24	30.6504
817.653	-1103.09	55.433
-636.684	-1266.37	27.7182
-201.058	207.71	-9.80238
-366.58	-1021.3	34.3005
-1407.41	58.528	-6.14076
300.654	372.233	-16.0675
297.888	-1059.41	72.3047
1168.97	-365.876	-12.524
-1076.59	-1449.39	70.4443
-210.357	-167.363	49.9297
-285.689	-998.559	51.9993
-756.745	-658.219	2.93737
-12.2824	565.797	-11.9545
-702.845	-1067.83	15.5221
866.626	661.22	-17.4238
-309.345	1067.27	-19.6242
-648.555	-664.521	5.83252
240.312	730.462	-16.0537
1474.45	-76.38	-24.6718
-1224.21	-74.4396	-6.46158
-88.2848	-598.375	109.362
367.114	490.358	-17.1546
-220.07	919.978	-16.6998
195.703	-222.482	8.34904
562.408	3.4986	-12.246
117.679	-1213.24	52.0271
-1395.94	973.439	31.5089
-732.353	-139.325	-2.48111
932.972	-1475.61	25.029
114.032	-1198.93	54.3003
1033.13	1335.77	-21.4035
1244.57	1015.68	-19.3477
1026.52	672.532	-17.1454
813.684	147.501	-21.6354
-1067.43	-349.213	-2.11604
1187.04	932.311	-18.2364
296.538	691.205	-15.7968
1217.4	-905.888	26.8904
1497.87	979.196	-23.5483
669.942	427.299	-18.6298
468.412	-842.705	114.287
1270.41	365.935	-20.2184
-1268.06	145.257	-8.85125
418.457	-980.735	100.916
-214.694	1098.44	-19.0753
-924.04	-1239.97	40.3734
399.31	417.421	-16.9671
1292.28	-676.476	-8.32152
-369.92	109.467	18.12
884.442	951.413	-17.1029
734.435	-1179.34	38.1788
-1096.53	773.277	9.28978
599.116	-336.378	-2.69676
-255.699	-818.904	57.7813
-466.27	1082.48	-18.9692
-1091.5	-84.5589	-5.70354
1101.44	281.516	-19.6496
609.197	324.557	-19.8099
732.041	-381.791	-6.24478
-821.126	794.78	9.43104
-760.355	1019.79	-15.4929
-1.67535	368.575	-13.812
-595.701	-1051.51	13.9029
-171.16	839.488	-14.9807
-831.457	-493.34	-1.38918
1385.25	1451.83	-26.4904
-611.088	-1222.22	21.5939
385.179	161.187	-12.7849
-1429.46	1464.13	-7.3518
293.53	885.117	-17.5563
419.555	674.017	-18.1846
1410.97	-653.222	-7.93924
126.737	933.844	-18.9074
-534.676	1489.76	-17.1181
-1224.27	258.752	-4.65812
848.366	-208.574	-18.3946
-729.937	912.16	-10.2862
664.613	-624.306	39.3358
-99.0116	-1415.73	58.8871
-1137.72	13.3024	-7.16037
-941.576	-347.296	-2.14837
1131.75	1176.02	-17.91
-1308.07	757.015	8.36064
-603.159	-1049.22	13.3922
-11.4159	-351.315	74.1099
-1115.17	-1492.54	80.3246
144.585	838.333	-17.0246
1460.79	-74.1622	-24.9603
1088.94	-1204.19	74.3777
-262.923	167.66	-1.43435
-246.646	871.013	-15.2489
455.483	1049.19	-19.0541
632.588	-586.693	32.9733
-867.858	-869.302	15.3696
-102.413	-1350.9	63.2366
-1021.14	-320.593	-2.76106
-225.767	-132.016	46.8464
1068.51	963.342	-17.5298
-109.75	-671.042	107.492
-1311.8	1034.58	15.5136
232.79	1325.92	-14.9779
849.373	640.841	-17.3935
-1117.91	473.003	11.3481
-1095.18	1335.96	-14.9899
-850.529	-1050.91	23.0184
257.524	798.426	-15.5789
519.529	1326.87	-20.4802
1102.15	200.398	-20.853
275.06	692.752	-15.8575
1305.55	-148.615	-19.6366
1100.01	1160.25	-17.5221
-1003.61	1276.42	-16.7733
584.004	-959.314	95.4289
927.548	546.413	-17.9574
1160.5	1378.54	-25.1809
490.525	714.496	-20.4357
-787.831	-158.285	-4.90477
-546.095	-371.433	10.5032
-1008.56	-1252.03	46.6158
-349.651	67.7987	27.7887
-409.797	729.759	-7.45615
1300.87	-441.256	-14.553
856.828	1424.72	-26.1505
587.765	259.997	-20.6715
105.597	-1385.95	38.7412
-948.364	196.134	-9.87488
-1043.71	808.079	9.53794
-468.434	-883.01	22.1203
-22.5544	-431.637	80.2885
-624.214	510.251	-9.03695
-1437.66	515.723	46.755
-663.65	-1382.13	46.6452
115.09	535.055	-12.5491
1318.88	-201.79	-18.2708
1350.98	801.185	-18.3426
1499.04	867.902	-21.7934
915.977	-52.1161	-20.5873
-234.708	-259.854	64.1481
818.575	-635.52	14.9057
-1159.97	1282.25	-14.0096
-506.331	514.258	-13.5831
-564.15	-1028.52	15.3345
-578.423	1090.51	-17.9043
1072.67	1017.44	-16.9939
-143.401	569.784	-13.2006
18.9116	-151.847	19.6939
239.435	608.343	-15.9228
-1432.72	1328.86	-6.71867
-1406.3	-1075.12	41.7315
539.158	64.0666	-13.439
435.695	109.373	-13.0439
939.841	-1032.54	69.0754
5.64656	621.42	-13.0999
1120.21	-418.453	-9.82764
1067.31	353.172	-18.1703
1020.56	-621.071	-0.248695
1433.28	596.235	-21.12
-631.901	471.277	-8.47978
256.373	1374.81	-14.1197
631.963	-633.127	48.144
609.573	-33.6815	-12.1245
-24.3908	-928.886	103.791
-896.293	207.887	-8.94823
353.666	1469.66	-16.0778
70.8509	-424.064	56.7733
499.568	1029.32	-18.7649
-125.31	1497.46	-16.8377
1029.05	-131.608	-18.6582
-1213.49	709.988	6.883
-941.118	713.659	3.8537
894.393	-344.239	-13.1946
-1210.87	1169.8	-6.08883
-1231.7	1316.5	-11.7558
920.253	-89.6911	-20.5578
-1292.83	-399.666	-0.168822
1184.25	1417.52	-26.8643
-1276.57	-331.681	-2.22069
1224.02	302.546	-20.6876
-721.892	10.6781	3.95386
-628.343	-449.63	5.66424
-1108.24	-1319.39	55.4289
689.591	-1266.89	31.1037
-21.3291	-858.498	106.589
1253.15	-217.061	-16.5342
-973.941	-1068.72	40.2669
-829.888	-1383.11	36.9266
482.99	679.197	-19.8779
1275.27	1418.14	-27.855
-342.314	-452.617	71.5419
-279.21	-791.094	54.1266
-1101.92	1414.47	-13.8255
1209.88	-364.442	-13.8679
1317.72	195.544	-23.647
789.848	937.31	-17.5709
813.022	943.455	-17.5385
-817.357	-1445.27	44.7759
-464.001	-1247.41	25.8416
-52.8316	723.432	-14.2604
-139.223	-43.8376	16.2968
-277.473	1232.68	-18.6751
158.53	-1030.92	74.438
439.635	533.547	-18.2356
1237.59	685.732	-19.3243
-142.619	1465.72	-17.5523
145.839	-295.445	22.1158
481.607	1453.87	-20.1196
-1097.22	-1181.86	40.0401
462.532	-690.554	74.0914
-671.43	432.827	-7.91832
460.761	214.078	-17.0919
-778.383	51.1093	-0.531938
-984.721	1031.78	-12.2642
-874.814	-35.1918	-8.84047
312.89	-899.329	116.177
1474.56	1031.96	-22.6076
623.993	-135.4	-10.3906
1389.85	832.431	-18.9816
-494.934	1478.22	-16.939
1235.34	481.822	-19.8698
746.334	301.388	-21.791
-932.663	-492.91	-0.0909019
-490.193	234.374	3.39574
-1337.73	95.8033	-8.26904
-1107.82	534.698	9.01463
-813.433	629.002	0.217606
643.503	-154.871	-11.5628
936.318	1217.68	-12.5429
762.868	489.018	-19.8716
962.443	-814.753	58.0677
650.391	993.472	-17.6171
-757.619	85.3105	2.70378
1239.79	-353.451	-14.839
617.798	-1112.89	51.7283
-489.711	-361.29	20.9156
-1463.98	-823.978	21.3663
310.111	-399.777	9.28452
-1262.46	126.88	-9.70373
-1127.23	786.336	11.0957
-889.563	729.299	4.60965
1273.3	95.1373	-21.5446
-152.748	-890.055	80.7102
-1451.67	-1456.57	114.112
921.811	-1430.8	27.7291
-1171.89	731.26	7.62451
324.773	-304.323	1.96976
-794.626	1138.79	-18.4592
-1174.07	1285.15	-13.5392
-473.029	1219.84	-18.6497
-1151.33	1430.66	-13.2438
883.123	1031.4	-14.5328
-1410.89	-1285.86	60.0609
750.025	-760.944	64.2447
518.952	-784.862	96.7878
-215.456	-64.1326	35.7979
1210.07	-4.46643	-18.5562
-1132.64	-1119.41	41.5248
-1147.7	626.28	7.55856
-50.7948	-311.363	70.4464
1290.89	-1121.75	79.522
-582.097	-1185.33	18.271
-1431.79	-201.215	-4.03155
-125.758	-409.021	90.5136
-507.491	113.604	27.8888
194.276	-1074.63	64.3984
1057.6	81.1414	-22.2208
1101.16	297.646	-19.407
300.907	-578.661	31.59
786.818	1389.18	-24.137
746.493	-1109.43	51.1936
364.727	-71.3938	-8.70804
-865.74	1339.27	-17.3479
-735.278	621.793	-1.89188
-1187.12	621.511	9.44043
1348.43	1474.23	-27.4148
130.946	-275.08	23.1399
1132	1456.46	-26.0969
1357.67	-713.014	-6.40571
-231.719	658.54	-11.914
116.788	-780.636	92.9243
-201.203	425.237	-15.4544
-484.414	1324.24	-18.4697
18.6891	-877.783	109.209
1235.8	-1083.94	73.4338
-680.843	-72.8592	5.73267
184.004	-203.444	8.8836
297.593	-610.256	39.2021
1040.57	610.137	-17.4295
-975.101	-450.371	-0.379845
-274.395	355.072	-12.707
538.028	892.088	-15.6165
883.111	1139.63	-12.9086
-1054.12	-116.08	-6.96699
1351.8	917.569	-19.1986
352.155	-669.536	58.6007
272.133	1382.74	-14.3588
-820.176	-308.205	-2.86217
-905.05	-12.0146	-9.26677
-1417.44	306.287	14.4753
-1231.86	-1243.21	46.2423
1021.25	-41.9033	-21.7556
206.096	-781.907	87.8657
1394.18	360.398	-23.2267
670.815	-514.543	15.8691
-697.58	-716.514	4.62525
563.281	1397.04	-21.565
1163.92	1049.11	-18.0836
168.095	-1138	57.1584
-973.547	1335.83	-16.2603
275.091	-444.598	15.5061
572.208	-5.97136	-11.9603
-1403.22	353.789	26.9152
-955.521	-195.389	-6.22945
814.9	-1483.66	20.9175
1324.9	316.048	-21.817
-683.277	-213.691	1.39861
1209.57	-428.644	-13.0729
-1332.87	-892.657	42.2432
840.548	1219.17	-15.4913
-97.9142	860.426	-16.6277
-1371.93	399.828	36.9975
512.965	1268.47	-21.4018
1051.52	258.138	-19.6721
740.775	1324.34	-21.8171
-74.9883	985.618	-17.3291
-337.321	-1148.95	41.5659
-347.696	604.129	-10.9754
-1458.52	764.276	7.10086
1350.72	418.314	-22.4507
1410.96	-1207.7	90.7231
-627.97	1493.38	-16.8561
-1313.52	-306.684	-3.01271
1401.71	-1047.07	37.2872
-139.353	-294.429	72.0131
-590.355	-925.727	12.6364
-626.781	-457.485	5.92295
-147.33	-1049.64	94.7713
-679.757	1164.9	-17.2787
-618.19	-419.124	5.82404
-636.537	1475.26	-16.6526
-471.641	1456.63	-17.1645
262.9	-146.194	-4.0083
1057.65	1095.96	-15.7417
-1478.51	1015.69	20.8951
-298.425	594.389	-11.7448
1079.93	-1207.94	73.965
1482.15	-1099.03	35.0039
-96.7139	-1093.78	99.3716
1036.19	-1136.64	72.0946
-534.332	753.582	-8.1377
-195.899	-1323.34	69.5717
-1186.73	909.651	14.7116
-175.231	-1162.03	81.9512
-521.652	-57.0742	39.1857
780.383	-294.642	-14.0412
-1289.65	-139.998	-6.34674
563.236	-1066.5	63.1219
-436.245	-1452.67	47.9025
907.51	-356.438	-12.8711
190.244	-740.613	75.4645
43.3687	-861.139	109.155
-250.709	649.194	-12.0553
-392.186	-578.27	43.7551
1423.08	796.837	-19.1298
354.52	-135.475	-6.77985
995.738	1423.7	-25.6216
1143.34	1267.8	-18.8522
910.345	-415.218	-11.2632
138.035	-911.541	98.45
576.328	289.455	-20.0866
1197.51	-726.932	-2.47647
87.5567	1326.37	-17.2003
-535.896	-488.022	14.5598
1194.09	1261.77	-19.2413
112.563	-597.036	55.3741
1480.79	-675.151	-8.51546
219.151	-730.028	73.1853
-566.41	52.5212	32.8104
1469.64	230.351	-27.5818
112.433	784.723	-16.8396
-534.804	-696.91	14.2383
-279.588	849.326	-15.159
-613.816	201.679	9.26198
-1302.32	-886.792	44.4508
1203.67	-41.2963	-18.0949
456.372	1131.33	-21.0449
-1168.4	-918.832	37.272
1493.01	-686.202	-8.60895
1162.11	-291.792	-13.1416
-692.466	-67.7248	4.27279
245.344	496.266	-15.4487
167.592	-424.195	26.6311
-10.3758	814.546	-16.1451
-700.963	8.13152	6.85802
-835.306	1205.47	-18.5877
200.314	878.835	-17.9485
-1165.91	1167.2	-8.0254
-899.111	494.38	0.625856
416.775	1119.44	-20.3578
-435.105	-69.1219	53.9387
691.194	848.986	-17.543
1165.27	1257.93	-18.8395
-1146.28	822.665	15.2658
-326.573	-980.374	40.8348
449.12	-688.689	73.0926
1341.73	757.027	-19.3198
320.583	-734.749	80.3142
-380.826	-824.739	33.0294
1442.01	-754.383	-6.70623
-257.641	-1036.87	61.9553
-934.272	771.623	6.86041
815.093	1000.7	-17.2035
-704.387	-982.209	10.8005
757.222	-507.315	1.21401
-116.147	823.713	-15.4154
143.821	-1185.84	54.3904
-184.995	787.609	-13.6074
934.104	242.515	-20.7622
-488.769	993.047	-18.2072
243.78	-1116.19	57.59
1379.34	710.68	-20.3228
-681.071	-960.079	9.95281
-497.958	1455.89	-17.2213
531.396	130.95	-15.1006
846.493	1334.41	-20.1497
1270.06	-1190.55	88.9713
1254.86	-936.129	27.3429
-561.354	462.298	-10.734
463.322	-957.387	106.735
1031.65	1203.98	-16.5278
-899.237	266.944	-10.4573
1109.39	-57.936	-19.4294
-538.178	1022.61	-17.7351
118.18	1059.2	-18.0827
1372.44	-1056.34	49.3207
933.064	162.369	-21.4979
848.203	-184.932	-19.1196
-778.48	-589.514	1.0975
-130.709	-888.094	85.122
-677.835	-1385.47	47.0457
1355.21	-142.265	-21.0907
-362.296	-1252.23	38.456
-690.645	-1025.41	12.9794
-1467.14	1071.79	18.1556
1475.61	-247.44	-20.1266
-111.247	918.705	-17.6884
875.622	-783.448	60.5549
-443.887	928.994	-18.182
188.749	245.099	-14.5037
1330.7	-604.182	-9.53713
-745.476	1290.48	-18.1194
675.089	38.4916	-15.1492
-657.977	-469.073	4.53181
-861.595	886.66	1.88916
-928.007	1057.32	-14.5557
-446.177	-1050.74	24.0663
660.722	-231.84	-11.4216
-662.445	1494.59	-16.4888
669.715	-118.861	-14.1787
-396.437	1232.65	-19.158
-199.078	621.625	-12.565
-284.731	623.327	-11.8213
-1223.75	-1336	62.9263
516.606	-228.747	-5.53174
1272.09	257.57	-22.0498
220.689	-86.9611	-4.52652
-842.543	499.61	0.708803
53.4166	149.123	-14.1655
-925.929	-876.055	22.1673
1009.4	80.6094	-22.2043
796.712	868.123	-18.5947
-170.425	1427.73	-17.7568
-1209.93	-532.406	8.54834
245.037	1174.32	-18.4894
1430.64	-750.068	-6.59884
-687.58	-792.453	6.457
-35.9518	1351.9	-18.0496
-152.724	187.304	-10.9666
-1049.16	815.788	9.75974
-108.931	483.064	-13.9484
965.384	-615.614	1.56734
961.488	111.014	-22.0186
852.369	224.704	-21.4456
1298.33	861.026	-17.9628
-1367.15	-311.767	-3.69564
-1238.57	-100.059	-6.10383
265.153	1268.59	-16.8237
1395.41	981.019	-20.6952
406.246	798.067	-16.634
110.521	-807.542	98.5258
873.203	261.377	-21.1614
3.24394	-1222.43	62.1169
-8.24973	1264.18	-19.0507
-1235.14	1150.06	-3.32205
-1026.55	-693.087	14.3535
-103.94	-336.769	81.285
-409.378	1331.33	-18.0575
185.801	-295.398	14.3842
449.649	757.161	-18.798
940.324	-402.651	-11.4283
-555.769	982.475	-17.1608
181.289	-174.474	7.24935
-914.058	-76.7885	-9.37123
-1029.07	733.186	5.8655
-550.284	-285.094	9.88657
1493.31	-110.066	-23.2546
1006.93	-739.92	23.9546
-1365.93	-38.7176	-6.98948
533.112	-708.88	81.338
206.689	1445.97	-15.2587
-1095.15	674.456	6.16578
665.345	8.44342	-14.0705
294.846	1439.76	-14.9736
-888.655	788.148	8.7768
-141.662	366.916	-14.3901
92.0664	-604.168	61.4209
-1046.89	57.1275	-8.81069
157.317	-648.826	54.7287
1437.92	-563.02	-11.3904
229.651	-322.914	9.72367
9.77725	1260.26	-18.978
1287.44	-513.46	-11.8941
1226.68	1350.97	-24.7902
569.696	-1091.23	56.5006
704.112	-1307.26	27.9169
-52.2725	29.1962	0.313815
-902.289	-1497.05	46.4342
-851.44	-951.575	17.5228
568.311	1444.48	-22.5362
458.374	108.829	-13.2122
1150.29	-352.859	-12.035
-1307.23	-1442.51	91.4618
763.277	260.422	-21.7533
-1055.86	1010.96	-5.31248
-651.575	1117.29	-17.5489
-304.207	445.473	-13.343
294.339	-654.353	50.7197
785.11	269.427	-21.6869
-1483.09	1417.75	-6.26822
-1009.35	-376.309	-2.41801
1183.71	-455.742	-11.5199
-1277.41	-641.866	20.8352
607.07	-1327.88	30.238
524.537	1275.79	-21.3867
1158.65	-127.263	-16.9166
1404.05	-1280.27	99.5456
187.987	1392.25	-14.5773
-418.87	-1482.86	54.6719
1419.58	-1164.11	74.5571
-866.075	-613.884	3.65482
312.278	1072.8	-18.3077
105.799	-1171.72	61.0355
-736.967	-796.262	7.0071
-216.326	-950.149	69.3947
1474.27	196.275	-27.2898
-887.368	-519.341	-0.34633
-1018.51	296.135	-7.93019
253.098	-1070.54	68.383
351.451	1182.87	-20.8863
763.886	1328.11	-21.8447
-552.809	-320.203	8.71377
-388.809	-1305.26	35.3093
-420.428	-1326.95	31.8145
-1498.55	-317.042	1.7397
413.691	677.074	-18.068
-218.833	-1023.27	73.877
-555.053	-1454.24	45.8681
-536.429	392.531	-8.98918
1079.99	-1111.5	67.3924
-446.095	476.189	-12.3805
-1169.62	-1104.43	44.9076
-80.2124	-1262.08	68.6235
983.994	467.764	-19.1791
-183.299	-493.859	112.715
1170.66	-50.6079	-18.4466
728.563	801.191	-19.1943
82.4034	-1491.68	40.2302
1005.5	961.812	-17.0147
1316.04	1174.84	-20.4303
710.906	1006.51	-18.3367
816.151	-1443.22	22.4829
-28.8686	528.466	-11.6756
950.452	214.224	-20.9471
-1482.34	-18.0109	-2.26173
-577.54	-250.549	9.96106
-1043.23	-1188.02	41.1586
-463.872	254.38	-2.80594
-266.97	1321.98	-17.6372
-1398.47	443.044	46.4299
-1307.45	-937.089	48.2655
719.072	-1348.55	25.5522
-862.055	916.21	-2.259
876.926	-394.314	-11.3671
-1158.05	1215.47	-12.1053
-312.741	-293.882	70.0172
715.783	217.266	-21.7768
-310.29	-1102.18	47.7911
-711.119	-990.826	11.5925
-1198.37	-1243.22	44.7321
-1339.84	890.195	31.2693
-919.772	427.026	-3.11696
1463.14	1358.62	-27.7246
-516.516	-1361.28	32.3578
830.512	-1350.48	27.2581
611.243	-355.574	-2.11488
417.657	1374.19	-18.4496
503.966	-625.755	58.296
937.794	-553.778	-4.79874
-412.555	-1182.93	29.8048
94.0699	-711.173	79.6527
188.756	139.217	-13.9719
-551.018	-282.71	9.95276
-776.814	997.995	-14.2211
1419.59	-157.416	-22.1746
-1181.93	740.206	7.88258
-167.036	1406.08	-17.6646
1048.98	-1480.51	34.0133
-1347.98	-857.607	37.9267
1170.94	-683.665	-3.68466
405.346	-1001.28	92.6362
1058.93	961.112	-17.4617
269.709	1297.56	-16.0412
-1086.29	-1483.92	75.2497
1197.69	-621.082	-7.62582
1329.24	107.82	-23.2849
-104.431	68.5044	-0.442698
1080	-1307.59	67.2421
-1350.3	-93.8019	-7.60183
720.375	1318.42	-21.6781
-1322.56	-427.716	-0.0373017
743.489	-595.881	17.6898
1349.82	-762.358	-5.6693
1116.97	-1347.06	67.1985
269.018	-1433.19	31.2581
-79.3678	-1471.18	50.8677
832.145	434.721	-20.3441
59.0738	473.204	-13.4994
-248.092	230.672	-10.2019
1089.42	-427.581	-8.63822
-279.594	1289.29	-17.8863
1055.03	-978.24	63.035
1431.37	-1487.54	77.7659
-1451.54	888.746	20.8872
459.959	-102.214	-8.69898
823.188	1056.57	-16.7749
995.35	-166.624	-18.3299
-1421.05	-1128.3	42.6117
-417.063	958.085	-18.3476
662.192	1142.83	-21.8149
-327.572	-1051.2	42.198
1405.32	911.357	-19.9628
-1262.44	1333.29	-11.0075
752.419	809.946	-19.0358
-1439.91	-1185.91	43.0485
941.17	-732.403	30.9346
-603.388	466.807	-9.40806
375.807	1035.01	-17.437
872.687	564.2	-17.7537
-118.594	26.8316	3.77642
-428.461	-1231.46	27.875
-684.073	-547.674	4.45942
-1185.62	320.279	0.688957
392.3	-274.304	-1.87718
785.673	308.427	-21.6073
203.111	1199.27	-18.2609
655.191	515.939	-18.7628
-833.563	-707.86	6.38595
1029.39	331.842	-17.8332
451.553	-245.042	-4.41084
1290.41	1480.95	-26.9085
798.118	1074.16	-17.7491
251.021	-1114	57.6751
1468.26	284.601	-27.0005
399.974	1143.99	-20.9919
-733.941	117.799	8.01554
630.366	-1383.43	26.8323
-136.888	-68.4425	19.8878
1156.83	-731.395	2.61756
737.802	-1055.92	66.1192
-733.18	1439.32	-16.3591
-2.70176	-151.337	21.8038
-659.491	-623.198	5.84536
-1060.46	1270.75	-16.403
211.61	710.187	-16.2433
-814.528	1295.26	-18.6398
-1383.49	-530.42	9.09976
206.003	-250.938	8.83273
1336.02	-391.211	-14.7683
699.86	1150.81	-21.9425
-359.8	1196.54	-19.6573
-515.592	29.8398	41.6742
-1196.04	-809.966	24.0293
-1482.57	-595.582	8.67863
-562.348	-238.156	13.2641
-480.738	1411.35	-17.9194
1145.58	-678.76	-2.30921
-643.32	-375.045	3.87503
962.36	683.029	-16.9326
674.442	-242.229	-11.9637
-391.935	946.984	-18.1163
-1485.01	589.827	25.2648
-1023.5	394.312	1.09686
1470.4	365.471	-25.6329
154.449	74.3152	-10.7452
-347.906	-174.532	55.4912
512.369	391.31	-18.4873
-1347.12	251.036	4.93569
361.396	-885.419	120.857
-717.988	-1331.24	39.356
433.063	-948.123	109.001
1295.01	221.39	-22.6594
668.285	537.749	-18.6145
-46.0795	22.9811	0.566356
207.281	68.2569	-10.6937
874.153	1034.35	-14.583
1377.89	443.664	-22.5925
-683.82	-588.891	4.47087
54.745	-938.379	101.232
-20.1182	-601.22	91.4261
1477.53	542.822	-24.5886
611.267	367.69	-19.0816
-770.168	347.778	-9.49231
1372.19	-1255.04	102.126
-6.55024	-736.061	99.7356
904.799	-1013.62	72.7244
-1.02041	311.641	-13.501
-233.405	1151.63	-19.1602
-1448.37	-1352.26	80.6121
-123.321	-584.612	115.988
707.433	-888.555	89.1052
265.462	629.472	-15.9039
19.6043	925.18	-16.6077
-1044.62	626.01	6.15414
1225.09	-706.961	-5.68345
549.198	-56.9739	-10.233
-393.332	757.247	-9.89883
-300.546	1364.5	-17.5433
-652.068	22.2384	15.7723
-191.145	849.382	-14.8164
184.213	-743.205	76.1505
1173.19	405.126	-19.4708
-831.181	-267.14	-4.18119
1254.9	820.327	-17.8212
-1451.77	499.566	49.0018
387.466	115.594	-11.4776
1391.05	591.899	-21.4002
1193.67	122.713	-21.4298
-862.7	494.147	0.381402
263.824	-964.283	100.349
-1479.2	-1211.89	45.5789
-374.613	80.6795	25.7361
-1352.37	-989.036	48.651
-589.439	-307.772	6.46029
-596.348	-614.748	9.78321
1206.5	448.353	-19.4797
105.796	-312.742	34.0729
-825.478	783.771	9.19587
-1202.51	-334.453	-0.500136
1079.32	1191.4	-17.6471
-995.411	-597.472	7.40893
277.018	1216.67	-18.2659
100.405	634.179	-14.1614
-1049.87	-359.721	-2.16485
294.159	-727.345	76.3665
-401.352	1204.55	-19.4165
1122.67	480.812	-18.8693
-1132.99	796.347	11.9244
-921.156	-267.074	-4.0453
-91.1418	-893.959	94.2466
-558.963	191.567	11.5677
1235.12	923.112	-18.3916
1423.97	11.3459	-25.0729
1056.34	-27.2605	-21.52
-1140.67	-1078.94	44.7058
-270.065	-305.277	75.321
-1462.59	1416.35	-6.64346
445.08	1035.82	-18.5358
-758.665	-957.691	12.0075
192.918	449.144	-14.7655
984.099	389.485	-18.5608
-236.211	160.762	-2.87405
1053.9	664.566	-17.0374
1051.09	-245.37	-15.1499
-483.798	-635.295	20.3564
-374.978	-609.284	49.597
330.062	513.478	-16.518
803.594	951.617	-17.3631
-1466.87	235.812	1.25613
-20.7483	-697.659	97.1121
1058.27	-1322.04	61.1175
-1198.77	-1190.06	44.7995
-853.48	1283.15	-18.1235
199.828	-1096.78	61.4825
1204.86	-858.732	19.4237
-472.01	494.572	-12.4267
-1060.88	-385.254	-1.02505
-75.4792	-1335	60.1076
1476.25	-604.61	-10.6062
459.32	553.131	-18.5367
1388.84	-719.706	-6.42627
-98.4249	618.817	-13.4329
-227.972	-1233.73	65.1009
1286.73	-673.043	-8.56722
-1425.23	-273.612	-2.83444
728.252	-197.292	-16.506
-629.53	519.701	-9.05428
256.607	-710.672	68.1557
234.234	743.655	-16.0845
-803.115	-616.336	1.6122
-991.761	782.599	7.49117
194.247	747.545	-16.3995
-1152.49	609.2	8.61508
-661.382	1226.84	-17.1697
-89.5635	280.157	-13.6588
-411.386	1449.06	-16.5354
-758.961	1145	-18.2296
-91.899	1074.62	-18.1169
-1357.11	-597.147	17.445
-1203.67	-744.194	20.3281
1456.31	-772.526	-6.55204
-833.34	-818.272	10.7303
854.863	87.3348	-21.0666
889.182	-492.238	-8.51156
416.944	-435.629	7.48112
-366.607	463.78	-12.9082
-505.948	846.793	-14.7005
1369.76	-176.199	-20.2867
1480.11	-143.143	-22.6031
98.0304	-1251.41	48.44
1129.1	-1472.8	47.8578
1446.77	666.974	-20.9507
149.874	542.831	-13.3203
733.307	-1200.62	36.1625
-904.727	1397.49	-16.2792
575.034	-161.139	-8.17614
474.082	960.751	-16.6718
-871.279	782.605	8.64262
806.574	-1423.73	22.8241
-223.193	-287.105	69.9918
461.122	-589.637	46.0562
-179.768	-61.1998	27.3559
-870.66	818.884	8.42601
116.767	335.262	-13.4854
1407.55	822.455	-19.133
-1144.95	-1053.75	45.3242
-25.0549	-1381.81	50.2477
-1196.36	-1247.01	44.9619
1313.54	-404.055	-14.8833
-1407.98	548.347	37.014
595.549	1021.19	-18.2649
-354.988	901.788	-17.2676
-939.266	-895.14	25.3212
128.099	1278.32	-17.0852
83.8022	-1148.6	69.5905
569.966	461.393	-18.3672
1378.29	-1043.28	41.6027
-243.177	180.014	-4.82559
70.7642	-20.7576	-2.05553
159.659	1311.19	-15.6327
-1269.64	431.847	27.6149
51.1947	786.177	-16.5751
-153.112	-1027.66	91.893
586.894	1414.84	-22.5001
970.493	-802.62	51.4259
-404.169	-579.829	40.5502
856.556	-1134.97	54.6524
1273.17	395.022	-20.4221
1251.43	413.169	-20.1023
-465.81	88.5605	29.846
-532.012	93.3903	32.499
2.39201	-127.522	16.8503
1158.14	222.664	-21.4723
-1151.73	-652.896	9.70213
-1423.04	-1377	83.6156
-1089.95	894.365	14.4433
1132.17	-696.046	1.1667
161.378	-1459.02	35.7208
-301.956	1423.65	-17.3292
712.374	715.459	-20.2803
212.291	-365.951	16.2233
1433.8	229.247	-26.6135
-1126.79	-840.524	24.8666
46.1085	308.715	-13.4946
-123.496	-60.2591	16.858
461.494	1133.57	-21.1458
165.83	-641.878	51.8455
-567.197	-932.957	13.7213
1460.17	57.0658	-25.0946
1124.38	-1118.75	69.8619
-947.055	-707.363	13.0942
-753.012	-919.879	11.2189
1398.29	-685.516	-7.08779
207.84	-135.982	0.912507
-1082.24	1259.7	-15.6897
-1099.44	-9.68717	-6.67525
550.653	-688.905	76.028
1011.43	960.796	-17.0982
839.437	903.154	-18.292
-422.315	-1025.59	26.2368
187.624	-807.82	94.4002
357.556	-480.822	14.4412
760.284	1272.47	-20.1138
-874.136	-435.946	-2.29005
1060.24	-605.217	-2.77657
-824.025	970.304	-11.7418
345.353	-67.3456	-8.63187
-613.177	-266.547	5.42782
-808.383	875.282	0.576993
1200.69	133.741	-21.7839
-1376.03	1236.93	-5.95757
175.542	-137.839	4.38653
607.537	1062.68	-19.4635
691.457	510.27	-19.0979
428.153	1137.31	-20.8971
-102.364	-563.324	110.083
-217.948	578.711	-12.6787
833.378	152.605	-21.7512
-631.828	169.86	17.3046
-258.294	835.029	-14.5827
413.711	-535.812	28.7142
-963.548	356.952	-5.78271
-936.369	-1403.09	44.6963
-63.3014	338.875	-13.4403
-658.457	180.348	14.7881
696.252	-1391.79	24.9574
1349.5	-366.108	-15.0994
87.078	410.774	-14.3347
314.664	-427.048	11.5627
43.0891	614.842	-13.1726
275.332	1385.22	-14.4121
-485.136	656.518	-8.16778
706.72	1340.38	-22.5834
1002.1	1454.47	-26.7781
-1207.28	870.841	19.1883
-916.686	-1008.56	30.0953
53.0431	-26.9538	-1.60973
1264.71	-646.03	-8.4134
42.4999	878.453	-16.9933
1386.56	701.643	-20.6477
563.285	1305.75	-21.5551
1016.48	-458.766	-8.5433
-815.114	-440.097	-1.60669
783.921	-851.429	84.5479
-182.562	202.048	-10.2814
840.456	471.118	-19.8364
53.5717	1189.77	-18.1369
-313.696	1282.2	-18.0428
-87.3039	835.811	-16.0993
-1224.58	158.705	-9.8921
1237.57	588.761	-20.4164
807.248	-1323.75	28.3434
-84.881	149.094	-11.4563
853.588	-280.094	-15.6111
119.441	1247.07	-18.064
-1121.54	-815.443	20.8195
-627.609	-793.229	8.74658
-1185.83	857.576	19.21
-1002.48	820.863	6.36434
-132.865	295.281	-13.6072
-1138.39	1345.49	-13.9639
181.775	-1023.54	75.7742
-53.123	-1104.64	95.0973
341.702	391.142	-16.4231
1018.89	-408.148	-10.6352
445.826	-891.141	119.165
-955.239	-908.145	28.4453
356.961	-1405.92	29.1211
0.17154	-212.548	33.9437
-930.034	867.01	5.25579
41.8387	963.437	-17.1629
-319.098	-385.938	81.0058
805.517	12.0653	-18.5434
-92.0421	760.916	-14.069
-1144.18	-877.425	30.9311
359.885	-265.948	-1.03268
98.7283	-1204.53	55.1007
823.691	-953.276	81.3575
-256.482	780.494	-12.897
-1002.55	-1098.77	37.963
-678.607	1340.76	-18.1162
202.362	1405.76	-14.53
132.235	-941.454	95.329
-1257.2	203.45	-7.39708
353.742	-781.997	98.5418
-1408.61	935.499	28.051
-1201.76	268.075	-4.83127
644.561	137.899	-17.8293
140.244	-995.145	88.3466
-24.0651	868.2	-16.4291
-1255.92	-591.496	15.03
-887.277	986.024	-11.7019
-595.799	1107.55	-17.8833
506.492	-598.687	50.4638
104.424	-558.565	51.69
373.158	-123.287	-7.48602
1368.18	-1067.89	55.2008
-1181.96	547.197	14.6363
689.014	-408.661	-0.254245
732.074	-992.963	82.3784
804.151	684.689	-18.0053
-176.025	444.035	-15.1321
-372.531	-1039.06	33.6164
-401.152	47.3183	35.7472
-1432.63	-1161.18	42.7948
-1332.03	-565.311	13.1063
-1223.38	1478.73	-11.6855
-963.656	1339.36	-16.276
-400.687	-340.497	47.9517
1024.1	648.376	-17.083
-17.594	1354.24	-18.0736
-1189.66	-341.561	-0.291062
892.315	-652.175	12.0993
1082.69	-258.552	-13.8659
-1221.89	-1132.55	47.1779
-15.7113	235.725	-14.0215
-491.112	-400.865	22.3784
-350.345	751.278	-9.94958
892.381	334.637	-20.2162
-279.804	1374.2	-17.4294
801.281	-1113.97	52.131
939.584	-1356.87	36.9093
-236.367	-502.226	106.794
817.207	-1367.12	25.5014
1450.04	-983.512	7.24526
-1274.98	1426.73	-10.2198
1495.99	-1329.08	91.8902
-405.218	-960.959	28.7688
-547.609	-1190.98	19.6808
-445.871	255.638	-4.66429
90.6439	1334.36	-16.8089
911.906	1294.66	-17.2055
-689.712	-912.035	10.6319
811.747	-1343.22	27.4735
666.588	174.638	-19.6877
-266.33	1320.45	-17.6449
1288.4	-1074.85	66.2224
29.7046	-1339.28	45.8662
1257.7	1386.53	-28.0337
932.316	343.478	-19.3958
-346.089	286.81	-10.2002
1234.66	-1067.68	69.6157
678.919	897.142	-15.9643
1434.08	-1213.48	92.6018
1465.81	334.095	-25.8399
-913.543	-896.073	21.7658
-1099.28	227.164	-9.56738
-1076.18	-1330.76	56.305
-543.799	1272.92	-17.5476
-1495.73	-372.201	1.89165
887.011	-1427.62	26.2461
-656.596	37.9681	14.7862
959.492	-230.668	-17.2162
-1121.22	585.111	8.45097
65.8964	-1184.99	63.1554
-991.445	655.555	4.88601
876.972	161.392	-21.7099
-1332.64	189.816	-5.3425
13.1137	425.456	-13.5895
-899.968	-1092.1	33.1045
1453.87	-543.145	-11.8349
-250.314	-925.347	57.2858
-1209.19	765.221	9.83734
959.816	-626.55	4.05579
-294.699	440.29	-13.4827
-602.179	-1058.67	13.6738
103.639	-208.769	22.1166
-330.122	-1450.58	48.518
222.636	-835.065	101.805
506.515	-1441.09	24.5112
-1241.55	-244.35	-3.59575
-410.637	917.783	-18.0114
-1319.79	286.042	8.50438
-1097.86	-175.176	-5.64483
1479.54	1343.49	-27.4186
-198.446	389.045	-14.9893
1106.16	1254.05	-18.5072
1288.36	-442.518	-14.4763
121.308	526.637	-12.8115
-1198.83	1063.24	-1.49776
-1175.34	-1426.85	80.2628
166.652	-619.617	47.9514
-204.36	1175.38	-18.4219
1409.42	477.057	-23.1835
-874.984	-99.8541	-8.63264
-1121.27	1425.9	-13.38
-1009.95	1318.09	-16.2814
-836.288	863.637	4.37142
-407.815	353.127	-10.7035
-275.507	798.87	-13.4536
1493.69	547.016	-24.7157
-1404.2	-1072.4	42.186
1033.68	-502.263	-6.56331
893.349	-1367.91	31.1957
329.858	-979.452	102.829
915.264	346.358	-19.7168
338.742	841.124	-15.4841
219.419	519.625	-15.0012
384.462	-308.51	-0.20367
597.375	133.776	-16.7118
-1242.87	-1027.31	52.0792
1216.12	-689.669	-6.41844
647.933	574.379	-18.8028
1129.47	-865.194	39.4169
1049.31	158.788	-21.0934
1341.31	850.591	-18.4282
-1186.13	1044.46	0.301784
1429.65	84.1066	-24.8149
-1283.98	-1396.77	80.8389
865.405	772.127	-18.7996
39.8306	924.421	-16.9635
-327.681	655.408	-10.6678
-983.757	-969.435	37.1142
775.754	-160.351	-19.5789
-408.855	246.778	-5.8873
1375.6	-997.247	26.0734
750.945	-74.0429	-18.3815
-1434.11	143.615	-3.70682
1128.98	-829.402	30.26
-578.822	-1462.16	47.2964
-449.175	1306.93	-18.2269
402.942	131.883	-12.2899
499.784	817.353	-17.4605
1312.59	-712.37	-6.38283
405.916	348.983	-16.9585
-957.002	1334.21	-16.4118
-959.248	-199.968	-6.10657
1338.35	-1378.04	95.1487
-654.206	-1250.32	25.7926
271.98	159.78	-12.9041
1460.11	-281.842	-19.4053
-527.189	533.396	-13.3874
373.355	1150.53	-21.088
-685.115	-223.378	0.0394556
1460	-497.323	-12.3207
-333.841	906.239	-16.8205
19.9674	-1048.54	100.183
-1201.93	814.276	15.3212
866.353	-77.5752	-19.5787
-929.354	-796.638	17.3305
668.782	1360.13	-23.4971
-346.46	-1387.65	43.463
728.456	521.519	-19.2475
-1049.28	-1103.72	37.7265
861.935	102.07	-21.5684
-1468.49	869.402	16.3185
804.063	-1050.67	66.7023
-952.052	-1233.64	42.5119
-166.541	-837.109	79.3678
795.665	-495.718	-5.15423
1495.95	904.504	-22.1749
-915.653	1224.47	-16.8873
-1325.91	1431.75	-9.32888
-376.35	-1373.16	38.4006
-105.551	70.1366	-0.541821
973.331	-183.528	-18.3033
-596.398	-818.717	10.9252
330.752	-226.361	-2.51369
1137.74	1492.88	-26.3442
1240.25	-679.939	-7.95051
-858.27	116.976	-5.8493
937.91	-619.366	3.58544
-749.388	1321.79	-18.3824
69.9436	-592.453	65.4016
1234.56	1012.86	-19.238
649.494	1025.76	-18.6556
559.294	781.059	-19.2858
778.04	972.994	-17.6555
1061.59	198.57	-20.6939
1335.41	-410.241	-14.6815
-404.638	14.9184	44.4265
-171.059	1286.46	-17.0766
142.891	-548.758	40.5294
599.137	-196.784	-8.09672
-1332.93	-1148.19	50.5621
-1200.87	576.554	13.257
902.158	-542.896	-5.37052
-528.844	811.723	-12.0028
44.9628	194.192	-15.6341
909.455	551.808	-17.7503
841.642	501.991	-19.1574
705.951	1304.74	-21.364
-428.019	1297.51	-18.3641
586.02	-1462.88	23.6705
11.5951	1444.15	-16.0259
1477.38	-176.897	-21.7576
-641.663	-336.907	3.88307
1447.11	1020.25	-22.3259
381.167	-557.615	32.2501
-80.1796	884.368	-17.2088
967.859	-897.549	75.2355
-260.194	683.925	-11.6197
-714.615	496.054	-4.09831
-262.434	-1244.21	57.6506
-230.344	-885.936	61.6372
-482.591	-1378.78	34.9433
1422.34	-717.927	-7.07538
-1235.67	985.799	16.7575
617.716	1419.57	-23.3162
1150.17	-1114.7	71.4154
244.592	1061.86	-18.8655
-154.657	22.0259	8.59394
-283.119	346.922	-12.3988
51.932	272.553	-13.9425
1432	-1366.5	92.9787
1116.38	-113.599	-17.5304
-893.304	-950.318	22.5703
5.41337	-476.74	74.3512
-384.483	-974.505	31.9491
1497.01	-343.156	-16.4396
-944.673	-1320.85	43.7029
427.768	1312.82	-19.4101
-1019.97	-512.88	2.40058
429.513	-1193.22	40.7267
1266.16	587.057	-20.9902
-622.086	-326.499	4.90844
-112.203	-801.344	94.9512
1077.27	-1237.77	72.1623
313.561	1395.48	-15.2487
1039.36	-836.193	50.5932
688.946	237.957	-22.2196
-886.58	-431.25	-2.17206
-397.572	-114.484	58.2314
1381.77	-1055.05	45.5301
398.952	511.232	-17.6539
543.16	485.777	-18.3447
526.626	924.664	-16.2341
837.298	-1465.21	21.7288
1048.37	-80.3288	-19.8945
227.622	-434.293	18.0693
-1230.07	-1256.74	48.0581
-1305.2	-833.119	41.1418
221.738	-146.861	-0.242107
-1016.46	393.885	0.446141
-1422.44	-332.101	-2.09258
-616.428	1364.4	-17.6458
1265.64	44.7402	-20.2798
1139.03	-724.16	3.81687
303.059	1349.71	-15.5035
635.911	-1373.89	27.4325
337.462	357.666	-16.0115
765.806	11.6955	-17.3484
1082.17	1085.81	-16.6292
669.224	-1107.4	52.3134
-34.8166	1304.3	-18.5091
-546.888	120.915	27.714
-14.3195	-630.353	90.8757
-110.238	-1320.65	66.03
393.42	-35.6678	-10.1322
-113.387	35.2565	2.25236
-1294.96	-551.864	10.9259
1233.06	-1140.87	82.1185
-410.472	626.658	-9.99744
-1019.26	123.909	-10.4216
-1364.32	-1092.26	49.5089
1415.21	206.066	-25.6018
1057.45	-145.186	-17.4914
-18.6227	-1140.53	83.995
-4.37906	348.203	-13.7604
-1429.18	-727.239	25.2262
-868.639	1244.77	-17.9733
-212.738	-708.138	90.2633
1482.97	-581.603	-11.1811
908.604	764.546	-18.5729
-445.489	-1345.59	31.3083
-287.517	1325.25	-17.6835
-1400.33	-438.77	0.452681
58.7202	-7.00312	-2.30216
-878.416	-1043.91	25.9079
-709.401	-235.073	-1.54907
-932.532	326.545	-9.24866
96.3863	-1360.39	39.4586
-645.598	-697.622	6.19301
481.633	-470.489	15.8793
1428.77	1166.19	-21.0143
568.007	697.453	-21.4309
-1062.2	-37.9669	-6.42737
-1362.54	1352.39	-8.29753
-45.1974	372.777	-13.3351
-1210.18	-834.523	27.8233
1068.75	-792.718	28.7609
-1097.63	-1330.25	56.9288
-1400.53	24.6447	-6.23926
-1491.97	-231.227	-0.68992
-808.485	672.59	1.6855
452.215	-469.918	14.9773
1030.34	-138.396	-18.4014
392.752	1309.22	-18.7496
-363.75	47.775	33.8107
-171.469	973.733	-17.8084
-1186.4	-1167.4	44.5138
861.982	269.077	-21.2064
-1101.85	787.633	10.3336
559.832	-693.692	77.1764
-1456.33	-239.669	-2.18981
-52.2045	279.653	-13.7023
441.986	-421.044	4.72515
-1226.21	1432.03	-11.2928
674.805	832.045	-17.8089
-934.356	-790.987	17.6632
-151.895	-254.294	62.5512
-582.26	-1445.54	45.6337
173.547	-875.295	105.186
-577.033	1009.42	-17.1726
1360.62	136.233	-24.1275
-1315.76	-242.287	-4.831
-72.7673	-723.901	102.895
1056.12	370.585	-17.9089
-1365.06	-1340.54	69.8989
59.8671	630.178	-13.7158
-177.912	-200.266	53.7397
-704.493	1459.66	-15.9147
445.416	1000.82	-17.3392
93.1159	-436.997	49.092
-651.807	-4.71771	15.8065
1440.79	-503.722	-12.2668
-535.593	-146.019	25.8831
882.849	-1485.19	22.1667
120.675	-1157.62	60.8619
-1226.64	1479.12	-11.5939
23.6904	-136.892	16.4221
635.278	246.587	-21.5468
-726.777	-1333.05	39.2684
-719.97	928.447	-11.8078
-848.53	-926.072	16.8169
101.337	42.2774	-5.58196
-1489.47	1495.92	-6.85988
-1215.26	1186.75	-7.25859
918.78	1262.91	-14.8709
1296.76	1128.76	-20.2029
31.4256	875.535	-16.8058
-43.9295	704.564	-14.1751
731.394	354.039	-20.961
413.739	1006.67	-17.1665
945.933	-834.038	69.3987
-1328.57	326.656	14.6199
263.653	708.406	-15.9324
-1018.37	962.155	-1.47797
120.072	-541.816	45.5221
-863.752	-305.458	-2.93313
-953.061	-709.647	13.5003
-912.526	-90.8124	-9.00625
350.182	312.031	-15.8218
-205.784	1435.21	-17.6336
-657.34	806.492	-3.27687
820.964	1017.02	-16.9489
436.292	-749.02	92.7484
317.678	-532.091	21.3623
-701.217	159.032	14.1674
-1259.7	-1180.66	47.6807
206.293	994.78	-19.8423
-270.031	1476.96	-17.0652
767.397	-1277.67	29.8818
-570.492	1063.27	-17.9157
-1178.78	-407.397	2.85302
146.591	-69.191	0.46296
-361.195	-810.523	36.3342
-297.578	1157.01	-19.9354
489.819	-1381.81	27.1966
744.972	614.414	-18.5655
-304.817	1479.54	-16.7789
63.1178	1423.12	-16.6969
-209.2	1307.94	-17.3192
-1258.69	-573.353	13.3769
-1294.54	686.957	7.3912
798.785	866.821	-18.6209
-240.872	-248.511	63.877
908.053	-215.706	-17.8391
915.644	-1465.68	25.0091
-779.499	521.307	2.30424
-737.767	830.436	1.71999
693.733	802.138	-18.8462
706.256	762.959	-19.881
323.823	384.984	-16.2778
1393.67	801.249	-18.7804
506.458	-45.1552	-10.6926
-865.412	-1234.17	34.9333
396.343	1290.65	-19.5091
-1216.45	805.125	14.2061
-970.042	-1122.99	36.2093
-32.5999	1205.7	-18.6859
1446.1	269.806	-26.7035
888.679	-60.0753	-19.8832
-290.46	384.563	-12.9698
1307.76	906.225	-18.5441
1314.89	1216.27	-20.7751
24.3974	-419.051	70.7053
-1073.61	750.611	7.72647
887.213	-760.257	49.786
-897.653	-955.927	23.6447
267.413	-746.477	81.8378
1289.57	999.819	-19.7227
-722.526	-1077.04	16.4686
-340.834	679.212	-9.94311
1166.01	1292.86	-19.7438
-828.646	-1030.66	19.4403
704.824	662.191	-20.2732
838.362	786.356	-18.9672
-1286.84	294.385	7.49312
1474.74	384.917	-25.9629
-367.88	655.067	-9.90927
-676.317	107.915	15.8228
657.771	145.992	-18.4037
58.6909	1022.23	-16.9964
-679.091	1098.29	-17.6302
100.126	-1058.51	80.949
1289.98	202.127	-22.6952
1264.5	1102.47	-19.7729
-347.637	1394.79	-17.5401
-1250.4	-484.094	7.59596
887.106	-115.284	-20.252
-747.791	865.131	-3.04943
-308.21	1287.02	-17.9942
-140.524	-1474.71	55.3455
1474.54	33.7516	-24.8556
-318.305	-5.15692	44.5831
1397.19	850.129	-19.2202
923.924	1006.33	-14.7955
840.259	-709.127	35.5304
-130.664	881.637	-16.789
-861.863	1454.66	-16.0567
-1091.44	312.871	-4.29796
-358.733	-1135.24	37.9248
-376.315	514.526	-12.3636
-1008.59	-1113.03	36.9788
86.9078	514.802	-12.8062
-1414.24	-459.162	2.44805
1074.12	-42.0056	-20.6806
-656.542	1173.24	-16.9939
-254.479	455.318	-14.4492
-1194.13	-881.349	33.4589
-405.953	652.242	-9.14108
934.412	358.186	-19.3729
-476.643	-1072.58	21.4593
-258.912	-1222.84	58.4675
1102.87	-507.143	-7.91037
542.889	-147.856	-7.94972
-54.4738	477.672	-12.659
141.47	383.374	-14.3956
58.0766	131.167	-13.2377
704.924	1158.67	-21.9784
918.669	-322.677	-14.4092
1122.45	-567.185	-6.2837
-470.705	377.241	-10.0723
-328.966	-306.856	70.6194
784.698	743.248	-18.7731
708.927	-1434.34	23.175
-928.437	1206.15	-16.5582
1416.03	-232.238	-20.2468
-1458.93	157.225	-3.07276
-1326.97	-153.256	-6.80007
583.875	-7.59748	-12.0744
1255.21	-1421.65	83.3151
177.884	322.669	-13.7204
-1197.26	-1190.03	44.7585
667.395	-578.948	25.2911
1232.14	295.567	-20.8593
842.248	-1150.64	50.5442
779.724	156.45	-21.1995
241.102	811.367	-15.7718
-712.882	752.325	1.52032
1280.89	-697.142	-8.0091
506.703	1146.56	-21.9252
-352.531	556.725	-11.5588
-605.438	560.856	-10.936
-1437.7	1324.39	-6.58472
-517.895	-434.329	18.3592
277.264	1053.43	-18.5929
-555.488	-1272.38	25.1915
985.807	764.034	-18.411
270.079	512.525	-15.8282
-804.721	-773.061	6.81329
-406.983	1297.03	-18.4354
815.091	-311.764	-13.8212
-286.706	-910.15	48.4776
1163.3	-257.647	-14.1264
1111.86	-584.22	-5.27998
-812.358	1391.72	-17.3561
844.064	-952.54	80.8458
-93.4403	-1169.4	84.525
-773.487	15.2567	-0.727098
-802.84	-1110.75	23.9881
887.948	392.983	-19.3761
693.872	521.419	-18.9901
299.415	-805.376	101.536
67.5741	-357.482	50.7931
-1199.01	-940.884	41.2507
-1018.7	-895.468	30.988
-834.154	-873.688	13.024
-656.357	828.189	-4.4909
1004.96	-1343.85	49.5691
1142.07	690.982	-17.3375
700.284	1239.5	-21.7753
1212.25	-1408.21	78.4521
603.999	363.162	-19.0474
-580.844	1222.7	-16.7542
-789.178	-1426.61	47.6009
1195.93	937.143	-18.3517
1308.74	1062.44	-20.2671
686.893	-607.448	30.0199
1340.4	-1309.62	96.8162
371.347	-306.634	0.246228
496.399	-535.828	30.3861
185.069	560.454	-14.2313
1280.39	-717.136	-6.53723
486.534	-1210.66	37.7606
-89.5323	-905.504	95.1304
1302.93	980.92	-19.5795
-1227.34	-1087.44	50.0711
537.418	1064.09	-19.8947
211.443	1481.88	-15.8346
-516.815	195.821	10.3284
-645.434	558.363	-9.02982
902.455	909.718	-18.3222
616.166	-64.369	-12.1667
-1234.18	-1241.14	46.3188
-530.995	1426.27	-17.9224
384.467	1150.47	-21.1229
-918.025	-816.093	17.2625
-135.785	-530.627	110.53
-16.1105	-1157.83	79.1088
239.949	933.406	-19.2081
1351.64	-1041.06	48.218
-290.745	-1092	53.1466
899.612	-215.401	-17.905
-327.801	837.657	-15.3604
1214.01	783.284	-17.8445
425.397	-120.306	-7.80766
549.367	-649.268	64.0578
-1171.42	-717.954	14.7958
-1203.58	-1435.64	84.7891
1303.06	884.914	-18.1829
-107.267	1052.72	-18.199
-1401.57	-1170.56	46.7665
-584.863	1213.73	-16.868
-106.656	-745	102.853
670.648	-591.588	27.9468
1070.52	1389.04	-24.3059
-1406.95	895.541	26.9215
904.481	508.495	-18.3221
-135.276	631.838	-12.8963
-264.798	-1192.48	58.0591
864.893	583.52	-17.4396
-1262.81	839.722	21.2642
-684.613	375.097	-8.0498
-742.084	1278.16	-18.0034
-21.1413	106.234	-9.85716
1482.32	665.11	-21.2394
-944.076	1215.98	-16.2434
1170.66	-1166.87	76.4449
-585.628	1173.31	-17.2702
909.683	827.025	-19.1276
316.942	-136.087	-5.85662
-1377.35	1394.67	-8.2723
-177.261	1143.44	-18.878
1387.71	-763.61	-6.08406
-882.328	517.912	2.84054
1321.7	1092.18	-20.5005
-308.799	891.283	-16.4451
-1406.59	-114.399	-5.21802
-687.474	444.426	-7.38448
155.788	-513.475	33.393
215.365	-876.458	107.182
666.361	-700.443	62.7742
997.812	-222.417	-17.144
684.493	-1354.03	26.6897
1493.93	-207.796	-21.1198
-304.164	370.977	-12.4688
1346.58	1104.15	-20.7348
961.728	-225.676	-17.3402
1139.56	665.151	-17.254
281.192	-1090.23	63.8385
420.641	1178.29	-21.7549
-272.642	-1391.88	54.8335
1105.25	-1091.47	63.9251
658.331	531.27	-18.6132
-1145.75	-538.704	6.43591
1316.21	690.146	-20.2482
800.596	252.456	-21.628
-525.053	-404.908	15.733
-384.225	-797.259	33.2508
11.731	773.757	-16.221
-190.543	-1407.12	62.4807
-1285.78	-1155.63	49.5991
-1142.42	1376.16	-13.5404
-266.77	982.88	-17.803
-571.818	-681.847	11.529
916.107	1369.18	-22.1086
-21.4745	1497.41	-16.5478
623.259	722.557	-21.3172
765.795	515.617	-19.5932
-502.33	-731.571	17.1917
551.017	-304.684	-2.534
974.709	207.412	-20.7742
-452.051	-1476.07	53.3425
345.778	-568.578	30.5166
153.853	-1275.63	40.9147
894.412	949.891	-17.0155
218.749	469.585	-15.3245
-1316.86	-235.298	-5.05261
-223.649	1032.67	-18.5161
403.846	120.324	-12.1337
919.963	294.36	-20.3549
1331.99	1421.27	-27.6035
-505.88	880.316	-16.7897
-162.506	554.596	-13.8579
128.76	1197.29	-18.2375
-584.805	824.247	-10.048
251.823	370.275	-15.7108
-959.916	902.173	2.65907
-110.907	-768.444	98.7185
-574.892	-892.281	13.679
-1477.69	1268.54	-4.62212
-1054.72	869.393	11.9872
-758.095	1199.91	-18.6232
-723.59	-277.117	-1.41646
847.006	-991.293	77.2813
921.522	-1244.52	49.0453
-876.481	-278.929	-3.71063
-396.209	-686.574	35.2528
-415.091	-1426.83	42.0754
48.9817	332.458	-13.4645
-1022.73	-925.151	38.1702
540.811	19.0449	-12.6939
1179.95	-693.886	-3.1026
-1240.64	1443.39	-10.902
-1039.56	-163.026	-6.76513
-1381.23	980.214	33.0532
-184.422	-820.591	75.9078
921.642	362.285	-19.6709
-53.6789	-779.812	102.785
1251.93	-261.491	-15.7716
-1029.21	508.777	6.29792
281.786	227.058	-14.7091
1038.94	-487.028	-7.25287
1277.48	-98.1208	-19.7805
850.915	1045.21	-15.5776
733.166	344.061	-21.1258
1455.5	1420.17	-26.5376
655.734	57.6039	-15.1728
-930.689	351.122	-7.62703
1165.04	-41.042	-18.7231
-731.944	596.344	-1.69587
-518.958	837.098	-13.8833
1413.54	-1147.99	70.598
-535.922	276.798	-0.936697
-1206.83	412.095	15.5783
-229.1	-233.35	63.1733
898.316	744.463	-18.1079
68.4003	-635.172	72.6441
-1481.54	1208.61	0.369074
-36.0787	-785.255	103.08
199.648	154.191	-14.348
-1472.3	170.536	-2.48229
978.303	690.81	-16.9584
-210.775	-51.619	32.2778
-1470.93	312.433	16.1471
194.363	-158.093	4.25199
-1334.12	-896.673	42.4862
-353.21	393.952	-12.2159
-455.26	-700.455	24.7086
108.306	1410.79	-15.9285
195.532	1390.9	-14.4498
274.951	292.957	-15.0598
-1465.03	1068.96	18.3494
-8.78662	739.834	-15.9208
-912.235	-911.106	22.5886
-1314.07	21.4607	-9.4009
-787.302	-236.243	-5.09189
192.582	765.203	-16.4006
-587.819	1451.89	-17.3948
-739.606	653.612	-2.16661
563.424	-1079.15	59.5348
381.033	508.349	-17.4065
419.278	50.0953	-12.0843
255.542	-620.085	42.559
-1212.6	482.706	19.9745
18.5228	-390.182	72.3774
-419.163	998.569	-18.5762
-265.483	-1369.88	56.5833
-883.632	-671.482	7.90849
-139.117	791.924	-14.2208
418.916	-1189.24	41.8636
734.789	466.345	-19.5427
-921.013	4.57818	-9.20499
30.965	608.413	-12.9231
-1136.27	723.814	7.59633
195.735	-820.703	97.5385
565.067	61.158	-13.5977
-758.998	-1077.98	17.6601
1309.77	-592.605	-9.5613
813.027	822.646	-19.096
259.499	1342.1	-14.7039
1064.72	-1228.99	72.2103
-973.312	-1014.68	39.4317
-1419.52	41.1611	-5.59795
-986.033	832.148	5.91528
-84.4465	310.868	-13.483
88.7979	-317.228	39.1002
-635.671	1216.04	-16.758
-713.99	-1160.84	18.8301
-754.963	1465.86	-15.7872
-1259.35	50.7916	-10.3374
-1149.6	-687.452	10.4085
-1252.6	-651.095	19.5088
323.726	1351.62	-16.2881
1353.65	414.452	-22.49
-91.6282	941.867	-17.3485
-926.063	1006.89	-12.9665
-1345.12	-871.709	39.2995
909.794	-1435.32	26.7915
1498.63	492.667	-26.2264
768.993	-1434.76	22.5941
238.775	-549.812	29.0617
620.2	450.12	-18.4307
-1121.44	370.708	3.55317
-786.377	-760.746	5.72435
-877.408	648.81	3.88013
-709.074	-949.742	11.2507
-1094.33	923.102	10.8828
-382.049	-999.128	31.9605
-1344.19	-598.417	17.4351
120.889	749.895	-16.6354
-1004.72	641.499	5.30498
1319.53	259.923	-23.0884
-760.482	88.4376	2.44753
-277.808	-1377.16	54.1844
-526.615	-1038.83	17.9938
1305.18	216.412	-23.0657
-816.341	-1472.14	47.4546
342.413	1308.98	-17.6199
-204.394	550.752	-13.0867
953.394	450.001	-19.0485
618.192	720.957	-21.3099
908.029	-813.169	67.9705
127.935	-470.083	38.7686
-1259.76	-1454.15	91.5681
1124.27	622.732	-17.6728
-652.6	-775.094	7.18319
-302.277	-1334.52	50.3165
-1094.81	770.316	9.03422
-483.178	-33.8803	49.4598
-214.187	-1016.06	75.2866
990.057	-976.392	71.0391
962.107	602.728	-17.099
-204.618	-237.96	62.9086
-374.217	882.28	-17.5324
-981.695	-569.971	5.2465
-94.618	1011.34	-17.6874
-1435.08	-24.7914	-4.07274
69.2723	634.182	-13.8527
-345.964	-34.2882	52.8693
246.155	-1286.85	37.3577
1262.34	850.908	-17.7759
1089.5	746.811	-18.4952
177.446	-522.034	30.1356
-1395.33	112.368	-5.61697
-245.068	-1456.7	54.3742
525.899	705.054	-21.3273
19.0245	-959.035	103.219
-934.99	-187.697	-6.4789
-1380.32	1259.2	-6.52301
-518.591	186.097	12.6169
-443.777	1210.56	-18.9698
133.873	666.161	-15.6107
550.096	-974.411	96.0444
1032.69	-1478.91	31.5311
812.526	-1092.07	57.5594
-545.52	538.513	-12.9338
-161.625	-976.675	86.124
683.561	-1033.66	73.222
-423.403	578.332	-11.7788
-1265.3	-660.402	21.4522
768.537	1408.58	-25.6174
1060.83	-799.023	32.2522
1184.3	1331.17	-21.9383
737.641	-959.056	85.8764
-1038.21	-1366.1	59.2586
161.555	685.262	-16.4864
-1007.72	-923.397	35.3608
648.155	636.522	-20.9503
-916.775	390.357	-5.53006
179.181	-1009.82	79.0586
-515.205	-773.495	16.618
-323.286	-732.049	53.9792
166.295	534.265	-13.4505
1005.67	-533.681	-5.29605
580.655	268.443	-20.47
-590.59	341.126	-5.87854
-1287.87	-943.28	49.195
-1438.18	-1288.3	61.9964
-1045.27	876.11	11.0359
408.825	-552.02	33.5266
-416.557	-1375.1	34.8197
-531.799	-1499.91	54.8341
259.439	-175.731	-2.39499
460.024	-158.222	-7.11285
521.864	-1465.38	23.5871
898.249	-673.267	15.9459
856.209	-433.617	-9.95319
-631.424	-1050.15	12.6852
211.299	274.724	-14.5336
1391.12	1137.9	-21.0668
426.993	419.87	-17.245
1217.55	-238.944	-15.3039
770.256	1072.41	-18.7953
-399.148	-1237.53	31.2576
472.801	87.3548	-13.0649
274.723	-1084.16	65.3786
239.056	-140.865	-3.08323
1012.04	383.269	-18.0597
-1041.5	1405.44	-14.5906
-665.137	619.599	-7.89176
623.018	730.352	-21.172
631.613	149.034	-18.0052
-1049.4	-1465.8	67.3907
-589.66	-1223.56	21.4496
250.671	260.38	-14.9179
-321.597	-561.743	77.6919
798.858	34.0151	-18.7527
-816.083	488.27	-0.629504
-393.102	1245.4	-19.0355
-742.458	-485.098	0.943614
-738.482	400.094	-8.20704
-466.689	1328.79	-18.4263
-616.182	-106.901	18.1359
762.868	-1184.4	39.0317
-173.733	-1481.9	57.0719
-506.074	1123.39	-19.0698
-373.37	309.654	-10.0784
1151.89	-1174.3	75.0918
-180.377	-803.692	78.4271
645.696	-1366.57	27.9019
1353.36	-649.402	-7.71796
149.768	782.445	-16.7329
-689.867	-1207.39	21.2624
896.965	104.872	-21.8078
543.57	-542.96	32.5309
961.552	-1359.99	40.2403
-1085.83	327.086	-3.50665
647.052	-1288.83	31.8676
-182.093	926.238	-17.0318
-1374.29	-1172.93	48.4067
556.596	143.559	-16.167
1310.61	-137.523	-20.1308
1062.17	-502.925	-6.74703
-104.634	-771.475	99.2865
569.519	1089.7	-20.3686
-776.207	440.347	-5.63576
-1209.43	-665.019	16.2893
647.148	762.117	-19.8567
-198.559	532.24	-13.7019
-218.441	-480.669	111.049
750.687	-1019.25	75.2138
-798.248	392.33	-8.47735
1330.43	732.697	-19.8031
-1311.03	1203.36	-6.32927
986.876	664.012	-16.9303
-435.342	-788.29	24.635
-134.203	962.265	-17.682
-573.146	356.765	-6.75332
690.332	500.503	-19.1997
1288.82	207.175	-22.6
29.3261	-1080.83	91.4211
968.968	-757.861	37.2035
627.435	-1211.48	37.87
-97.4801	208.997	-13.0004
-199.23	-39.3407	27.6357
-679.581	-810.212	7.42128
551.115	-445.595	11.4255
-792.91	-813.212	7.74372
450.486	876.99	-15.8488
-356.172	799.376	-12.9343
639.664	-783.887	83.4063
1127.62	-1022.7	58.4615
807.03	-1206.18	38.9508
-112.475	1100.53	-18.3005
45.3919	-549.615	67.8432
-225.736	-417.86	96.9208
-451.776	1154.93	-19.3147
634.373	872.132	-16.0037
-1403.62	-791.216	32.5934
559.679	957.259	-16.8279
-531.178	1063.45	-17.978
-545.704	-1120.09	16.7588
1151.76	982.541	-18.2375
-869.088	-824.475	13.5964
-950.034	-1485.7	49.4863
-615.036	1079.35	-17.8644
914.802	847.142	-18.9191
-59.7853	-1361.83	55.9303
-127.012	-656.923	109.444
-1302.34	-222.878	-5.32991
1019.18	227.665	-20.2646
-996.477	1286.36	-16.8068
761.919	-1259.36	31.4176
1488.81	-813.531	-6.40461
1478.65	-1174.91	66.3586
-578.449	-1267.53	26.1004
-709.847	-33.0425	3.44185
-1157.81	235.875	-8.73764
1110.8	323.275	-19.1741
870.939	-21.4264	-19.7843
1280.6	183.665	-22.5716
-1240.54	685.404	6.07346
-1001.19	121.697	-10.1831
-1315.46	1002.95	22.7215
-822.367	-535.908	-0.501329
-149.846	-1313.75	67.8725
649.846	1108.76	-20.9354
15.761	-584	79.6169
-36.5486	-1373.09	51.6685
-718.043	-1298.6	34.1962
-14.3891	914.766	-16.3878
-307.638	553.278	-11.8679
1096.95	-163.059	-16.2748
-552.839	-1291.55	27.2537
-607.529	-1075.1	13.7463
446.634	880.732	-15.8013
844.392	-260.918	-16.336
-240.496	1332.71	-17.4825
176.472	-86.1801	0.511868
-746.434	315.084	-6.83241
1424.38	-923.011	1.98687
-750.884	-908.678	10.9593
1305.84	-1405.91	90.6024
-1337.38	-588.871	16.1435
-461.795	752.946	-8.78534
929.479	-478.028	-8.71019
-1256.88	369.291	15.4752
-914.486	-35.0484	-9.58143
453.414	-732.214	87.6938
1371.64	1479.06	-26.7362
-1339.88	99.0839	-8.09433
1455.26	-249.485	-20.0209
-120.97	365.545	-14.0688
156.045	963.359	-19.6679
-886.606	-1405.73	40.3838
1480.84	-120.844	-23.1799
-622.067	267.195	-0.108029
-0.299267	207.316	-15.0211
-1336.54	591.982	21.3771
-823.91	-1169.54	29.4335
1122.42	0.791495	-20.4128
824.546	-95.3563	-20.2081
869.291	-1309.51	34.9076
-177.515	-78.4443	30.149
1069.31	1063.87	-16.4677
-899.717	341.934	-9.53808
267.001	-422.895	13.8507
-64.0208	-909.137	100.732
389.084	616.008	-16.9133
278.303	1024.98	-18.2038
-316.94	1323.02	-17.7937
914.294	769.183	-18.6681
-1329.24	622.309	12.4742
1326.66	-17.6629	-21.3975
1114.63	293.236	-19.676
873.469	431.098	-19.2147
-122.293	725.189	-12.5345
-47.6085	-134.822	23.31
556.227	-103.607	-9.09432
570.536	-289.015	-4.19874
-8.20064	19.2647	-1.49439
1322.34	-281.871	-17.5361
321.13	-614.272	41.0508
-717.712	281.808	-2.84234
-96.8928	117.315	-6.78091
1029.87	57.6399	-22.3383
1297.85	1385.62	-27.8851
520.735	-557.126	37.0199
229.886	885.538	-18.0612
-176.089	-1373.18	64.2758
1379.21	-517.556	-12.153
-195.886	-284.193	69.5607
-301.56	1315.59	-17.7908
-1066.24	451.063	7.05535
945.136	-1196.27	61.0935
447.609	-1293.7	31.8805
2.45746	902.126	-16.3166
-294.563	1374.77	-17.4827
-1178.58	567.268	12.3475
-1484.81	1452.79	-6.2185
545.826	-883.567	107.869
-1052.64	-1446.69	66.459
-42.7135	447.211	-12.5878
-805.422	203.124	-1.75873
-465.339	-1357.69	32.6135
137.341	352.46	-13.796
1301.9	40.0933	-21.3915
-1412.77	-802.635	31.4152
-45.122	683.784	-13.7335
-108.854	315.595	-13.4752
746.588	-532.681	5.40263
-1138.78	-975.643	42.9122
-1078.87	96.3222	-10.6341
1251.06	-850.804	10.3839
1091.34	-1234.26	72.6691
409.528	-1239.09	36.5501
-792.311	1109.99	-18.1304
118.167	-1405.82	38.0071
-153.007	524.044	-14.2569
-767.106	-567.483	1.04994
-709.234	71.835	9.18911
1478.45	-856.169	-4.71399
1220.45	572.086	-20.0584
1192.62	1471.74	-27.1638
828.436	-297.439	-14.5859
-694.945	39.2816	9.42483
1251.56	-460.069	-13.2757
-1440.21	-282.023	-2.13448
593.595	-750.925	85.1
-215.072	75.8007	10.7692
-1338.75	386.215	29.4276
135.486	-1001	87.5617
-193.744	-154.149	44.5419
-807.817	311.377	-9.75617
-1279.21	364.15	17.6058
1474	708.737	-21.2373
1066.72	1178.68	-17.1223
-442.525	-1021.75	24.3991
-821.676	100.821	-2.90617
883.885	1066.68	-14.0865
-90.2224	189.303	-12.9155
1152.2	-527.533	-8.74184
1376.12	630.27	-20.4208
1237.56	619.734	-20.2481
774.007	1246.43	-19.2627
-1358.56	598.303	19.6777
1494	-270.351	-19.6667
583.948	1122.71	-21.229
-712.478	1145.33	-17.7223
351.705	-496.606	16.1636
-1089.34	-1401.79	67.1977
634.657	-1137.65	45.9679
369.918	1425.24	-16.6572
662.511	52.2456	-15.2012
-742.328	722.808	1.72814
879.219	-19.8112	-20.0445
-533.122	-1283.42	26.2249
-289.884	998.232	-18.1772
1397.85	608.533	-20.4856
1244.93	888.501	-17.9068
-229.214	51.3138	18.2727
765.679	-1214.2	36.1575
704.921	302.406	-21.6241
-1125.03	1472.23	-12.7289
505.775	-513.62	25.7088
413.591	575.734	-17.627
-456.221	-477.545	28.6637
510.404	-1454.73	23.9802
1235.31	101.799	-20.8955
-227.752	1266.15	-17.5437
775.952	127.132	-20.5107
378.153	-1043.07	77.0466
1217.27	-497.332	-11.4565
1211.46	-292.299	-14.1979
-616.596	-369.423	5.29286
-648.206	796.402	-3.53265
512.38	-1213.23	37.4043
-496.515	-350.511	19.0761
-738.383	1434.24	-16.4699
-757.588	-1368.31	43.3986
-1430.62	-1456.32	110.441
-956.417	1126.17	-15.1155
-387.416	-982.999	31.3926
171.903	82.0847	-11.5508
-1071.56	499.84	8.3663
1383.62	279.794	-24.4806
-98.4045	-1102.09	98.4061
1345.7	-860.671	1.71449
211.716	984.368	-19.7803
995.85	116.212	-21.959
-1401.55	317.503	16.6269
-8.79689	1404.73	-17.0168
370.385	-1404.16	28.7732
1136.48	-1204.19	75.3965
982.185	-669.307	8.907
484.593	210.733	-17.3132
-701.724	1113.51	-17.7823
-621.164	-767.188	8.71259
-1005.77	427.023	2.10656
-1488.09	-799.611	13.6928
128.25	558.936	-13.2141
568.764	556.879	-19.2824
212.078	-1484.29	32.9684
-298.978	1385.74	-17.4586
1079.54	1014.94	-17.1056
-1161.51	-1443.22	80.4107
113.695	1395.02	-15.8203
102.384	-477.174	46.7021
817.596	583.659	-18.1452
774.973	-858.09	85.3285
1439.83	677.675	-20.9411
1456.46	1241.71	-23.0352
-844.902	-1112.18	28.861
-1104.93	1395.7	-14.1033
-418.924	100.178	23.7238
950.944	-1294.1	47.4439
-844.395	1297.01	-18.1655
-1176.89	1262.86	-13.3692
-429.028	-468.167	36.7773
-633.3	-1420.37	49.0851
-177.405	-971.096	81.6973
-1370.19	-973.131	44.1782
-885.818	690.57	4.50857
701.741	803.897	-18.8909
-881.824	-54.2821	-9.2887
32.252	-1244.03	56.4964
793.75	-793.316	70.2836
-902.885	-1230.52	38.2401
473.461	-463.931	14.2342
-1095.59	585.638	7.67469
1158.39	295.061	-20.2653
750.429	1032.54	-19.2879
302.858	469.11	-16.6614
-697.564	1119.8	-17.7055
-417.866	-792.03	26.9493
-1498.28	836.573	11.3937
-948.053	-895.01	26.5484
894.513	942.555	-17.3208
1322.63	767.183	-18.9164
-869.124	-189.55	-6.57483
497.407	-1273.85	32.8307
-1254.58	654.16	8.10884
-152.18	1368.94	-17.5766
616.763	-1385.97	26.6836
-1466.7	-735.303	16.9278
1042.34	-56.1207	-20.8665
614.557	306.941	-20.2293
-1285.65	1014.78	16.5921
-1188.33	-1488.59	90.9872
-146.502	-497.25	106.985
835.35	-820.531	76.8257
-1043.97	374.931	0.105717
-362.155	-387.377	62.9182
688.764	-315.859	-9.23056
677.606	-1423.38	24.228
887.849	-448.853	-10.231
-588.2	183.405	13.7323
-1370.08	1468.83	-8.47937
-649.058	84.5281	18.2902
698.812	-1311.64	27.9234
-437.036	185.527	8.92482
-428.514	-76.6123	54.6856
968.48	280.142	-19.9515
-20.5747	-63.845	7.33814
1487.58	1318.56	-26.5672
1482.4	-1275.88	92.7183
526.144	1295.47	-21.0605
-1178.47	480.106	16.7713
214.513	1298.24	-15.7128
560.22	1266.12	-21.9908
1018.82	-373.355	-12.1442
-507.338	-25.2969	44.2524
319.584	1085.77	-18.3957
-217.608	-859.073	64.6248
-1061.24	513.987	7.67688
599.578	-690.777	72.7235
994.09	360.241	-18.1364
-843.465	-723.819	7.16588
530.333	1413.56	-20.8081
1403.32	470.381	-22.8781
-1036.23	-1036.6	41.9291
749.378	936.55	-16.7277
1294.6	820.559	-17.7695
-352.171	669.075	-9.44997
-173.701	208.383	-10.6523
-1078.06	-967.643	43.1912
-1398.36	1465.73	-7.79926
-33.9748	-236.259	47.2177
-955.774	506.266	3.19669
593.405	14.864	-12.7742
-727.165	241.718	1.14775
-618.715	-709.619	8.20918
933.354	1335.96	-19.833
953.909	452.802	-19.0375
1464.33	-192.984	-21.4064
286.711	297.196	-15.1747
1096.89	-199.541	-15.3387
981.985	1008	-15.6204
-602.169	-103.799	21.0056
-314.352	462.978	-12.7915
-31.6806	-1355.8	51.9707
-55.8327	219.198	-14.1542
1146.35	-173.423	-15.8384
129.866	427.336	-14.5489
514.315	-1003.54	86.497
479.443	-953.634	107.133
-572.298	1048.16	-17.915
-1260.59	887.422	24.1121
-891.4	-1325.53	35.5684
-1245.4	869.254	21.3469
204.965	1182.14	-18.4404
1165.91	-894.868	35.593
-476.607	-1370.5	34.0136
-442.8	59.8805	34.1735
-26.0638	-1298.72	56.1136
-1191.34	-1.43996	-7.86632
696.101	1402.17	-24.7909
-881.141	961.563	-8.09304
427.081	753.818	-18.3136
231.783	703.996	-16.0576
-153.374	-122.863	31.651
-460.136	-575.184	25.7752
-557.374	1269.18	-17.3356
515.879	725.027	-21.2637
132.321	919.837	-18.9741
-1038.07	-962.753	44.364
1330.62	1387.75	-27.3804
863.736	-964.512	79.0594
602.819	802.516	-18.3358
411.039	1202.33	-21.668
-848.44	-195.556	-6.41455
-1136.38	655.864	6.91162
-1279.42	1123.72	0.93744
1132.63	-1151.75	72.578
-1029.15	1345.54	-15.6802
1496.04	667.334	-21.8367
907.12	-968.148	76.9786
-1455.38	-1046.73	28.8224
1088.25	602.047	-17.7803
-1327.47	1056.32	11.9152
-652.006	-234.701	2.74626
-885.869	-1375.87	37.0784
-637.136	-421.051	4.55
-1290.19	1216.81	-7.67399
-1206.02	-940.07	41.5786
1327.29	-1277.47	97.1108
174.757	457.821	-14.594
-960.473	-1019.87	37.4789
-780.116	-310.887	-2.80228
-210.943	217.902	-10.2607
-418.938	209.007	2.19054
-1044.73	-154.965	-6.81009
-904.065	466.113	-1.37576
-1314.12	-866.903	41.6409
-710.173	230.804	3.32122
-921.371	-407.83	-1.90219
-225.233	-1043.94	71.7423
1423.02	770.337	-19.4016
1442.77	220.612	-26.7037
-499.183	-1450.69	45.7429
-320.597	1121.84	-19.9175
-1268.97	1008.3	15.966
525.665	-913.325	107.835
-11.9669	-835.735	108.59
198.502	-504.47	27.1325
-1299.74	-496.674	7.01757
968.978	-952.762	73.4158
-887.828	-1489.23	45.4306
-192.19	-904.935	73.016
-1131.05	372.019	4.26016
-592.62	214.972	5.95901
1341.33	-610.673	-9.51251
248.294	1404.27	-14.4119
135.753	1020.86	-18.8184
-486.878	-231.294	23.2626
1482.24	-1284.49	93.4781
518.838	-982.788	95.5052
-1134.8	611.585	7.93192
-803.613	-814.801	8.41498
-161.778	-400.064	94.4022
15.0465	-202.142	30.2619
-1011.74	127.024	-10.3233
-505.399	214.373	5.69463
-691.208	355.071	-6.90446
1081.78	-929.572	58.6664
201.019	1082.21	-19.133
1149.1	-1211.04	75.7691
976.414	705.237	-16.9851
-1317.85	1224.58	-7.27073
891.33	49.2066	-21.4699
-170.979	1451.15	-17.6711
-1471.87	-755.564	16.2699
490.46	448.7	-18.0848
-291.233	941.445	-17.1904
-273.593	-427.849	93.221
922.277	-677.873	14.5691
973.047	701.92	-16.9841
926.163	-784.505	53.7023
305.62	1143.11	-20.0368
-277.482	-635.604	84.4499
724.799	131.391	-19.2435
277.639	1401.04	-14.5255
-1081.6	-720.108	13.9841
224.308	42.6411	-8.79976
215.961	485.294	-15.1998
520.829	1185.52	-22.6595
-1447.33	-536.638	6.60604
487.701	-1112.42	54.0851
-795.918	-910.545	12.0653
-1235.64	-74.8067	-6.64625
818.699	940.408	-17.6111
45.6031	-1359.78	44.0303
856.229	-680.308	22.4769
-996.243	-747.986	16.9229
94.7411	-1125.61	72.1083
1158.38	303.433	-20.1725
43.9089	-450.033	63.9374
668.656	360.106	-19.9162
736.14	-396.422	-5.07563
276.257	140.675	-12.0573
-1129.42	1230.3	-13.5516
-522.575	1436.69	-17.7117
11.2154	-1163.09	74.9879
-1377	97.5249	-6.733
762.944	43.5737	-17.8493
1440.18	612.47	-20.7494
-683.573	1275.4	-17.5219
1483.32	-1443.44	81.5306
-296.098	936.583	-17.1343
528.246	-836.677	107.37
624.438	-937.443	96.1311
1185.48	136.472	-21.7976
759.722	822.106	-18.7952
-1092.46	-1201.66	40.4715
774.419	135.378	-20.6502
3.04289	-140.288	19.1606
-917.184	891.7	2.84991
943.112	925.69	-18.04
-1146.9	-442.047	3.01597
-1153.38	1066.25	-5.0242
632.515	736.904	-20.918
-1037.04	-535.545	3.57068
0.715943	-217.595	35.0287
-1337.25	-1104.58	50.5261
-1339.19	-688.771	26.486
-1220.93	-349.9	-0.0317114
1076.77	-1216.66	73.387
116.524	1279.08	-17.4059
-1307.17	-1420.4	87.4256
990.881	300.154	-19.0545
839.274	977.991	-16.9483
-852.582	-1137.68	31.1805
355.347	940.037	-16.4508
-649.84	-1213.73	21.1052
268.482	-970.282	99.7101
-884.194	953.131	-6.79375
319.753	584.701	-15.7286
1206	932.839	-18.3914
-1118.64	1392.35	-14.0127
1421.31	-78.693	-24.9439
434.488	1237.5	-21.4063
1224.19	1217.01	-19.1507
-605.556	-1078.13	13.9493
476.488	-652.733	67.1051
1283.37	-414.615	-15.0698
173.645	905.665	-18.8066
938.132	-673.705	12.2644
-358.458	-162.599	56.3965
811.821	244.329	-21.5873
184.908	-416.811	21.7578
-1230.09	-1430.39	86.1092
-711.834	-735.829	4.90834
-1124.92	645.47	6.94739
582.127	-1064.99	64.2637
404.511	133.2	-12.3664
552.046	-421.262	7.47353
-636.715	1006.05	-16.5552
-1387.74	381.736	33.7876
752.094	273.22	-21.8248
211.376	-558.967	32.4204
316.166	708.489	-16.0145
25.1647	572.258	-11.7611
-357.102	-71.1661	57.6543
1.31446	1146.07	-18.0278
599.71	-1467.84	23.5401
-1465.09	-1435.05	108.946
150.663	787.592	-16.7176
-959.121	955.23	-5.33536
13.2897	-209.867	32.0378
1057.4	1195.27	-17.3167
1435.04	185.638	-25.8551
-1466.34	-1126.29	34.3691
274.525	203.539	-14.2013
-103.48	-1409.81	59.8667
838.484	-424.233	-9.76363
1012.63	1078.4	-14.6077
1158.04	1268.95	-19.0372
264.246	573.461	-15.9555
-751.519	393.414	-8.30464
-1372.28	1377.17	-8.26261
-346.886	-555.123	66.0532
161.528	-744.397	79.2939
596.66	-1217.3	37.2591
846.855	-133.942	-20.2003
1235.26	-438.098	-13.5268
-598.379	-121.785	19.6357
1077.54	654.709	-17.1535
723.957	426.191	-19.5572
-1372.67	-225.869	-5.08853
-1233.47	738.676	7.71016
-1300.72	1155.22	-1.67697
304.02	-597.122	35.916
-364.713	-1173.26	37.6605
33.3768	975.117	-16.9747
-975.859	915.697	1.19428
-387.995	-285.895	48.9112
766.955	48.3236	-18.0686
-167.772	930.93	-17.1541
-1017.22	-1398.05	58.0366
-263.694	1441.88	-17.4262
7.30011	584.395	-12.0421
362.268	-1104.04	61.6302
1487.72	582.655	-22.4086
301.055	763.156	-15.2061
1350.47	1345.06	-25.6235
-57.4229	1363.61	-17.8698
497.347	373.342	-18.31
-277.495	104.07	10.7929
860.67	-1227.87	41.66
304.949	1162.09	-19.7706
-922.155	678.95	4.20041
949.734	717.204	-17.2376
265.167	34.3334	-8.40861
426.157	1134.05	-20.7988
-565.49	-715.95	11.9599
-1085.16	-1426.36	69.88
-891.904	-1381.86	38.6022
-1336.39	1407.54	-9.01847
-1014.69	-147.923	-7.20833
-1286.18	1392.45	-10.1722
-499.39	32.4237	43.2315
-727.175	-1492.49	57.0945
274.895	-1428.12	31.1952
-601.065	1056.38	-17.8821
-1301.03	-822.679	41.1844
-553.935	699.291	-5.81519
-907.56	-435.596	-1.90683
220.559	525.866	-15.0615
451.2	627.439	-18.3999
-1304.83	-125.905	-6.99564
-376.182	-320.885	55.5796
272.884	1357.86	-14.3632
259.68	-527.882	24.9863
123.758	-569.415	48.2287
933.549	557.658	-17.7486
-1214.42	677.376	6.31086
74.0492	1347.1	-17.0263
827.186	1324.25	-19.6339
-591.882	1474.32	-17.2599
36.1328	186.233	-15.4064
-565.359	-291.686	8.2685
806.642	1028.89	-17.4855
1268.77	512.641	-20.1912
-1084.03	747.84	7.99327
-925.305	-1021.81	31.864
1172.36	435.221	-19.2329
791.113	1003.18	-17.927
-225.021	927.089	-16.9008
1415.96	-1178.12	79.5547
302.995	725.973	-15.831
1115.27	-1313.29	70.8136
-1341.07	499.107	39.5321
393.339	992.846	-16.4744
1200.1	59.9669	-19.3442
-537.847	217.374	5.40013
-0.995987	-1310.15	51.0473
550.209	-990.224	91.0567
639.211	-130.721	-11.4306
-43.5293	-756.041	101.193
513.997	591.027	-19.1924
65.5367	34.4026	-3.28096
-1415.63	-267.966	-3.38818
-1161.65	-583.461	8.50934
937.173	-587.863	-2.42044
-333.913	653.662	-10.551
-516.827	-566.759	17.4266
687.528	1008.01	-18.254
-409.666	1355.25	-17.7488
-1255.3	-1030.88	53.1803
1092.06	1069.86	-16.942
247.51	270.906	-14.8615
1033.7	574.925	-17.7461
590.811	-534.819	27.5224
-403.456	-1484.54	54.4754
-543.09	1382.64	-18.5192
642.453	-340.505	-4.73162
-435.264	469.312	-12.3742
-1449.19	-456.036	2.78263
-269.462	1132.78	-19.6428
-702.417	898.639	-9.46244
959.624	363.958	-18.8865
-794.067	-1214.79	27.7496
1440.67	-154.767	-22.6408
-923.128	-1453.98	45.4658
679.722	-897.401	91.8942
933.911	-1237.33	52.3157
-130.314	-695.5	103.815
1276.47	-1022.71	57.9367
-1354.76	-1476.68	103.871
20.6921	153.806	-14.0439
911.616	1387.57	-23.3427
-220.29	-263.992	64.0394
611.904	-990.498	88.2415
-793.391	628.645	-0.449782
-677.799	-1381.35	46.7093
179.187	416.637	-14.7826
-2.94347	-1323.94	49.8981
135.542	-849.553	105.318
1084.16	522.215	-18.6015
-79.3647	516.228	-12.8922
-652.829	1031.03	-16.9469
-424.334	1283.54	-18.524
5.60525	891.765	-16.3694
1022.89	790.409	-19.16
-536.188	469.624	-11.409
-527.73	408.901	-9.73072
-699.31	1170.53	-17.5239
-306.858	750.623	-11.833
773.306	169.675	-21.3443
-1162.79	1091.24	-4.94292
-1220.43	627.381	9.91007
-468.508	149.617	19.277
1139.79	578.057	-18.5371
-804.068	1326.95	-18.4959
8.4017	451.825	-13.2473
-653.951	-1.93845	15.5135
-1031.91	940.231	2.63363
355.673	675.407	-16.8551
-849.086	169.3	-5.80349
-958.558	822.419	7.37653
-1265.07	457.148	28.2762
611.402	1037.91	-18.8486
-1441.47	378.135	33.1563
490.362	-955.171	106.649
1317.8	-857.06	2.66878
-297.823	1311.13	-17.807
672.656	-1354.49	27.1107
270.578	-502.261	21.9009
-165.591	1132.72	-18.7687
643.14	-1024.76	76.9167
-839.759	-211.083	-5.93632
-906.349	-452.015	-1.85589
1036.21	-1015.87	62.6269
-1260.49	-553.344	11.9752
-412.417	687.895	-7.39535
-963.346	887.586	4.01277
-134.441	541.878	-13.7742
688.322	-396.837	-1.56762
-567.755	-576.62	11.9028
-1070.83	-1005.64	43.8955
-770.412	506.072	0.681449
53.7858	-455.789	60.9531
1019.95	438.329	-18.6838
-67.5617	283.041	-13.6536
-1467.48	904.342	20.5815
-1484.68	-317.031	0.958092
385.448	-134.103	-7.31868
-197.685	738.897	-12.0821
869.431	-14.8263	-19.845
196.332	-122.302	1.13608
343.964	-1498.1	26.1458
-1129.04	703.815	6.7269
-636.267	-1305.51	33.5852
-613.409	774.264	-5.1575
-297.559	-499.355	85.2167
-124.068	794.194	-14.4614
224.122	60.655	-10.2061
1448.16	-728.685	-7.40233
-115.71	-302.892	73.3476
-776.77	476.681	-2.11546
-172.529	215.298	-10.8908
856.517	59.402	-20.6428
1427.32	-886.898	-0.268258
-1456.48	-1238.95	49.9001
534.407	-978.016	97.0393
1096.52	201.94	-20.8119
1308.94	212.564	-23.2376
598.981	-880.097	100.051
633.571	-438.851	6.52668
-1324.91	686.025	9.00889
964.454	987.375	-15.8103
721.505	-1070.92	61.6473
893.108	-273.502	-16.2987
-433.29	-523.485	34.1917
-1036.61	-213.265	-5.54915
1048.15	372.041	-17.778
-1480.49	474.498	52.3472
-1467.36	-1453.2	115.395
1327.38	-1361.17	94.7626
1292.71	628.593	-21.1617
-470.283	-1088.17	22.237
-1302.73	-1326.55	64.1873
-1335.71	588.078	22.5725
756.261	-1026.78	73.1828
-877.498	-763.213	11.619
-1035.55	49.638	-8.58541
1046.95	-218.63	-15.8027
-238.677	154.682	-1.84561
311.341	-1190.76	45.1152
-159.979	667.415	-12.1572
-975.751	123.851	-9.84864
1185.66	-253.248	-14.2617
-701.658	-1420.45	51.2225
-62.615	146.522	-12.4857
-121.351	326.759	-13.5816
-653.151	-1461.09	53.0936
1124.24	-32.7719	-19.962
416.486	388.784	-16.9987
835.04	1424.4	-26.2735
237.37	1136.5	-18.8665
210.702	897.563	-18.4605
1427.52	1006.75	-22.0621
-1358.06	-1291.73	59.5656
-1438.14	-1179.86	42.9847
-337.161	-239.161	59.0158
656.96	-967.268	92.9359
1262	-374.686	-15.3489
-205.421	545.675	-13.1782
1472.88	-353.161	-15.5739
-1471.18	-1324.38	76.506
337.005	739.072	-16.2191
3.27272	-507.557	76.8516
-73.0297	663.811	-13.041
14.444	162.942	-14.4529
470.808	-929.729	111.709
1456.72	814.54	-19.7411
125.507	69.4017	-9.82776
955.183	-168.833	-18.8445
1191.71	15.8945	-18.5553
898.393	613.366	-16.8502
-729.89	-271.984	-1.76534
-104.318	783.83	-14.4295
747.844	256.216	-21.8765
61.2765	-1254.04	52.0281
-27.1811	-457.001	81.4946
-298.087	-1284.78	50.9914
-863.488	-459.198	-2.23852
-192.795	407.781	-15.2143
934.636	-618.866	3.63253
-1494.21	-329.806	1.62432
1462.84	487.289	-25.8781
26.6734	-1118.13	84.3053
-75.7418	-1271.63	66.7289
-1099.71	477.885	10.5633
-506.539	1294.41	-18.2581
-914.235	282.476	-11.0889
1029.03	-434.011	-9.48001
379.465	-1063.8	70.2371
-313.547	776.147	-12.8717
595.414	633.929	-21.9531
1119.81	239.83	-20.5322
478.26	175.676	-15.6847
868.33	1250.7	-15.0167
-566.288	1310.87	-17.7526
712.4	1129.59	-21.6855
-733.774	-235.377	-2.65813
-1026.04	-544.526	4.02601
1028.75	-642.468	2.09818
470.218	-59.8827	-10.0548
-1476.17	148.515	-3.03717
610.738	-11.416	-12.4668
-37.4139	-491.487	85.2098
-95.5871	-294.577	69.2614
304.905	727.408	-15.804
-1185.27	189.186	-9.37775
1488.05	766.971	-21.0352
-721.179	-34.0302	2.36146
298.037	218.623	-14.3721
1015.81	1477.69	-26.5735
-463.275	-672.53	23.4691
-917.726	197.521	-9.25449
-1486.56	-1230.73	48.4132
778.565	-411.121	-7.60179
-991.796	882.52	4.31383
-326.814	1047.31	-19.1942
-1255.8	-145.037	-5.38741
1260.48	1253.23	-19.7339
980.314	-337.409	-13.6879
-1291.83	-266.459	-4.08472
450.925	-370.201	-0.249194
131.413	-1009.53	86.312
-183.492	-1031.66	84.1959
-52.5869	-185.281	35.5323
-653.45	1175.72	-16.9486
420.815	247.451	-17.7847
-649.753	611.353	-8.92635
1081.28	1233.67	-18.0691
-1180.45	112.48	-10.7707
1361.57	1226.02	-21.775
1315.56	578.096	-20.8776
1327.36	833.579	-18.1358
-803.573	855.962	3.1112
1367.06	-883.819	2.80833
349.911	-1019.32	87.2032
638.027	148.875	-18.1257
536.559	-529.449	29.9895
550.765	-1138.88	47.8066
-1159.16	1017.56	2.10126
-57.5562	1456.47	-16.9065
987.254	-561.726	-4.08449
400.98	407.219	-16.8842
178.228	-1411.79	35.4536
-168.443	228.386	-12.0741
-1354.58	318.723	14.0241
531.645	787.436	-18.8711
1411.49	-583.947	-10.8444
972.132	1209.25	-13.9644
-151.152	-41.7904	18.3125
-149.967	-373.158	90.2633
-63.3915	817.149	-15.8964
-859.139	910.987	-1.61095
-280.576	-1390.73	54.052
-665.226	1499.44	-16.5118
603.76	-454.526	11.6244
-596.588	637.051	-9.02239
-1181.4	-446.042	4.3381
72.8972	-823.911	103.179
-1326.24	-1093.26	51.6498
1022.73	692.818	-17.3734
-212.131	-457.789	106.579
335.675	749.582	-15.8788
689.987	893.715	-16.2795
1024.13	1302.74	-19.8182
-439.308	-1317.91	30.0994
1045.84	364.772	-17.7789
349.646	-251.064	-1.65579
1046.19	-322.309	-13.1197
-1103.28	-686.939	11.3865
29.5205	937.598	-16.7898
-1067.71	-1463.88	70.1561
-1115.4	956.384	6.85283
88.3675	-881.74	104.378
-524.686	1210.56	-18.1448
-771.502	1327.4	-18.5982
-392.729	-1456.1	48.8322
1131.52	-314.84	-12.2216
805.173	837.878	-18.9104
265.357	36.6777	-8.59297
23.1083	-430.609	70.6125
383.505	59.9794	-10.8953
-1051.97	1111.87	-12.6609
-1285.6	-410.685	1.02634
-870.993	16.8493	-8.79516
1249.18	-1083.56	72.0071
-343.286	-301.269	65.1519
672.904	55.0412	-15.5475
-707.626	-1003.84	12.2229
-411.222	-1314.75	32.4278
1242.31	-130.667	-18.2265
674.29	-646.067	44.8031
-668.293	470.94	-7.11321
-1464.53	826.676	11.6423
-862.975	813.792	8.79364
1219.79	-1023.23	58.7727
422.245	868.011	-15.9797
341.785	-25.7543	-9.65337
-527.643	624.377	-10.5393
-912.042	1291.46	-17.2148
-819.127	-107.631	-6.44027
-1079.52	-1105.7	39.2117
890.343	-22.6757	-20.3152
-1145.28	783.17	11.0951
-1474.88	-1497.38	129.473
-526.524	868.204	-15.6852
-831.106	910.726	-2.41661
82.3911	564.401	-12.3361
797.944	1247.82	-18.223
1433.31	-296.862	-19.4006
-354.272	-1204.09	38.9151
936.348	-680.948	13.9365
-294.606	-157.263	61.5936
1497.18	1108.35	-21.9255
-1371.15	1182.24	-3.2505
785.332	-265.363	-15.3419
-144.523	314.293	-13.5842
101.425	-77.3636	1.14919
-907.758	38.7114	-8.99556
-587.645	-1281.09	28.2698
220.13	-662.028	53.0987
-136.48	47.9037	3.1606
791.61	1063.46	-18.0062
-1289.99	-574.795	13.7484
680.412	743.788	-20.5788
-1027.37	-174.711	-6.51699
682.846	-147.708	-15.0271
-1224.19	1446.65	-11.3152
1113.65	1125.37	-17.3464
1276.44	545.384	-20.3501
-909.225	-1435.91	44.0502
-534.15	1494.25	-17.0564
509.532	759.875	-20.0395
-806.173	1253.92	-19.063
-1286.16	847.105	22.7279
-933.542	16.0816	-9.20538
-454.848	456.773	-11.9845
-1208.22	332.296	3.50165
-1136.45	189.278	-9.73551
-312.49	616.276	-11.5359
563.639	-661.642	68.095
-860.292	550.144	3.48025
-215.474	-1079.81	75.0785
-948.553	1405.13	-15.7001
-1266.18	1363.33	-10.7605
-903.413	364.416	-7.85239
350.604	-1200.34	42.5707
1300.85	-846.099	2.65548
-1198.83	880.021	17.9396
-978.125	-896.886	30.9725
-904.82	-1441.44	44.0119
983.357	1297.66	-17.7845
-76.9905	-841.732	99.2111
-486.018	915.381	-17.5899
-1289.25	773.388	9.61684
-1002.91	89.6465	-9.89622
-743.11	-424.767	0.458004
1190.62	862.051	-18.0068
-963.56	-1100.29	37.6086
-365.749	31.8462	38.108
1272.46	-929.666	22.9566
703.18	1048.19	-19.6243
861.299	1498.66	-24.2564
813.624	-41.2296	-18.8789
9.29754	1155.55	-18.154
1037.99	945.741	-17.7518
937.08	-737.059	33.3493
810.141	693.292	-18.0146
524.536	-1228.71	36.1737
174.883	1048.51	-19.2433
-189	940.544	-17.2631
-1130.46	469.45	12.3136
-1416.21	-15.8791	-5.02864
-924.641	-839.123	19.5128
881.909	980.223	-16.191
-984.645	-1162.4	38.4503
-1176.71	-261.263	-3.55494
-29.87	-1225.39	65.3867
-439.283	-252.221	32.774
716.545	339.81	-21.0185
-804.156	-1212.85	28.7465
822.533	-183.536	-19.0659
-422.404	44.6925	37.3242
-253.548	-910.895	56.3707
-1231.48	-1352.01	66.5096
-1107.49	-1231.15	42.357
673.708	-236.772	-12.05
-128.018	861.724	-16.2875
-212.537	-701.315	92.3635
1076.15	1208.04	-17.7801
559.639	-1472.17	23.3597
737.368	-1294.4	28.5562
1170.39	-1107.36	72.0215
197.272	-1386.75	34.9235
-36.3776	95.0907	-7.64174
1408.73	-1487.21	77.479
226.567	-1063.62	68.6438
-1203.38	-627.8	12.9262
593.167	9.12334	-12.6348
-616.068	-294.319	4.706
-305.883	1304.65	-17.8745
695.39	361.353	-20.2154
488.758	832.627	-17.0377
997.655	361.219	-18.0688
955.507	-925.037	75.2323
1371.85	825.173	-18.6874
-894.428	-1136.56	34.7491
1314.7	778.832	-18.5714
-210.32	-745.521	79.8669
1079.34	795.722	-19.1815
-1003.17	-1013.46	41.6234
-286.592	-930.089	48.7059
-1102.14	-316.913	-2.63323
954.753	-1447.17	27.9385
-265.045	220.233	-8.96842
1385.38	868.56	-19.214
-423.428	-101.726	55.543
1470.22	-703.978	-8.1235
62.758	-949.902	99.4199
530.463	877.685	-15.688
1414.05	80.9728	-24.5055
-640.554	774.499	-2.91748
1386.04	-1110.18	64.7599
-992.028	604.709	5.38689
790.153	36.5902	-18.5521
250.878	-65.0728	-6.23888
23.0902	-1351.44	46.6707
-982.488	-1306.09	48.5429
-1362.95	110.178	-6.90525
-592.812	614.05	-10.566
-374.387	-1332.19	38.6185
746.738	-768.06	66.7947
-643.83	-8.6025	17.1345
-195.901	-1475.72	56.4608
-1402.73	696.531	9.33467
-1146.34	148.647	-10.1677
-1297.72	-534.554	9.63092
1128.04	-277.105	-13.4666
-1445.07	1019.36	24.237
-1275.35	-417.639	1.99838
1432.1	-100.003	-24.4513
-1140.36	-1434.13	77.0259
-1073.54	711.236	6.6286
-154.132	941.525	-17.378
-727.092	-1450.2	53.8593
1423.62	182.346	-25.4256
-187.339	-907.495	74.4763
1304.34	-797.388	-1.95676
-925.229	-544.302	2.15588
-583.812	-39.8539	27.0327
498.224	334.595	-18.4877
-414.32	370.604	-11.005
148.914	-1399.44	36.7583
-1.84269	971.7	-16.3294
-1433.9	357.204	27.1708
-1423.5	-1219.17	46.512
-591.543	-1187.48	18.1621
-227.134	279.953	-12.3649
1188	-1466.36	58.5602
1186.97	-1477.02	55.5177
177.035	1148.6	-18.9094
1241.85	961.746	-19.0219
-990.978	856.839	4.79678
-76.7003	-842.279	99.2201
-1316.52	-987.387	53.1725
-1128.33	903.677	12.1388
-407.544	-46.7061	56.2811
