-13	581.878	0.649358	472.746	-382.514
13	585.349	1.0551	904.472	-1049.21
13	775.169	0.52342	1066.84	1297.72
-13	2375.44	0.395278	442.48	-355.395
-13	418.544	0.345811	835.51	-1399.78
-13	605.653	0.690571	185.386	-1335.24
13	439.752	0.57064	836.359	113.735
13	1152.45	1.08842	-1427.55	-669.854
13	472.694	0.557157	-925.422	1268.27
-13	454.467	1.01676	-356.559	1368.52
-13	756.367	0.044845	454.28	1404.71
-13	1047.24	0.829865	-6.55258	1390.49
13	723.383	0.485399	344.97	704.433
13	2152.1	0.882764	-852.522	669.705
-13	1984.49	0.0168196	1227.85	-604.663
13	452.364	0.775249	105.048	-898.745
-13	672.889	0.89222	149.936	270.957
13	555.946	1.14688	-957.861	-40.7365
13	650.185	0.320943	-1475.35	822.361
13	643.323	1.18114	-1428.81	-224.976
-13	456.15	1.19334	-1336.04	-59.5097
13	551.025	0.782649	-142.158	-854.495
13	973.385	0.711274	-1376.56	-715.592
-13	442.436	0.331792	-942.588	1124.93
13	675.803	0.406952	510.89	-130.344
13	1449.27	0.6179	170.582	-1396.43
13	599.752	1.20049	-874.592	343.535
13	896.148	0.0974991	-152.477	943.775
13	503.314	0.0399945	930.672	-24.4705
13	534.681	0.738158	964.615	-249.7
-13	580.205	0.221553	1475.16	-432.095
13	652.553	0.932471	-191.375	839.118
-13	896.123	0.996239	-392.538	723.847
-13	764.38	1.18104	-72.4781	-1206.78
-13	429.893	0.982226	751.052	-1383.9
13	1488.75	0.0124238	1136.42	-640.489
13	501.919	1.04314	363.705	-1449.93
-13	662.001	0.988365	-1209.93	1171.37
-13	1146.2	0.661069	-500.122	1410.25
13	472.617	0.517667	556.6	-915.323
-13	596.737	0.459342	181.287	-29.898
-13	400.784	0.388305	1411.92	-1483.4
-13	858.788	0.733764	-1465.41	860.445
-13	603.725	1.12376	1115.18	555.735
-13	490.852	0.30297	187.028	285.852
13	594.941	1.01097	-1393.25	-1452.58
13	412.247	0.636006	1225.63	-1454.71
13	2221.54	0.398035	545.17	-525.177
-13	428.247	0.953042	-1046.96	863.267
13	961.06	0.948331	735.173	296.448
13	766.506	0.381385	1101.8	46.2604
-13	756.377	0.650569	1226.04	-984.244
-13	465.778	0.912499	-911.17	-180.24
13	680.392	0.0841881	44.3807	-1494.87
-13	515.3	0.822189	-67.1033	99.4703
-13	594.971	0.40774	-1136.18	-75.6797
-13	868.903	0.862844	768.756	974.425
-13	406.141	0.987063	-1128.49	-1005.88
13	793.451	0.293186	248.88	1197.86
13	511.222	0.733595	-932.74	-694.143
-13	518.794	0.973635	-104.717	1130.84
-13	473.081	1.13802	908.267	-989.97
-13	881.296	1.15918	1327.63	-472.954
-13	629.759	1.18188	-189.279	826.967
-13	891.415	1.21298	1122.53	128.475
-13	469.325	0.465279	-990.634	-1189.63
13	459.71	1.21434	342.941	-371.228
-13	7153.36	1.12641	-721.983	-1281.75
-13	405.575	0.515204	-731.762	-601.81
-13	2329.8	1.03563	-1484.72	-382.214
-13	432.901	0.584524	238.552	798.596
-13	405.612	0.82934	-210.208	177.104
-13	787.554	0.370525	1018.68	-1272.19
13	450.436	0.886031	-1013.73	1383.3
13	711.786	0.287724	-394.881	-34.2669
-13	460.259	0.298891	634.777	-1157.84
-13	462.654	1.02577	-1290.73	-1217.57
-13	1288.81	0.870228	-913.415	-180.181
13	508.528	0.113132	-844.346	165.715
13	3749.79	0.777081	-692.633	-189.505
13	687.066	1.2202	-670.932	233.961
13	551.724	1.12206	-1029.3	-1255.88
-13	628.433	0.977623	1033.68	-72.5097
-13	443.247	1.00168	464.188	-34.8394
-13	781.095	0.938362	317.639	1150.77
-13	574.41	0.962155	942.731	-1207.04
13	589.573	0.812038	381.598	-1346.83
13	517.974	0.406266	1182.84	-464.443
-13	487.216	1.05825	-1009.87	-864.47
13	640.992	0.83669	-805.239	704.134
13	400.417	0.550639	-488.243	-655.143
13	555.835	1.17585	-615.306	145.529
13	1154.79	1.01058	1042.59	1492.61
-13	490.245	0.522499	-283.179	700.619
13	420.927	0.649915	131.307	-176.247
13	585.807	0.274933	78.84	333.29
13	631.947	0.0229566	786.4	-102.387
-13	462.034	0.433094	-544.161	598.946
-13	1541.09	0.559513	-1448.11	788.275
13	450.525	1.10516	343.646	1350.01
-13	691.407	0.561046	1115.96	702.267
-13	479.098	0.703948	420.538	1352.14
-13	633.295	0.899021	1195.13	949.721
13	455.357	1.00655	1124.94	-579.46
-13	599.708	0.305549	749.157	-1099.81
-13	483.628	0.280339	521.825	-1065.4
-13	686.102	0.776613	-1280.25	752.897
13	600.037	0.620403	1377.47	-404.903
-13	883.907	0.999834	1290.89	-1332.2
-13	1198.25	0.575982	-1467.44	-161.088
13	809.215	0.812364	1491.45	1232.49
-13	403.289	0.975886	-1047.46	-1220.27
-13	417.854	1.13788	1355.5	1428.73
-13	530.493	0.120145	891.576	-1078.63
-13	904.868	0.606639	-1321.2	-823.014
-13	625.657	1.1239	-329.834	216.571
-13	418.896	0.216223	821.997	-702.613
-13	569.568	0.955381	699.009	-282.554
-13	491.679	0.535626	-275.378	-739.14
-13	801.389	1.20549	-1045.29	705.111
-13	409.331	0.751774	1379.72	1136.19
13	436.057	1.13682	151.419	894.755
-13	593.308	1.12497	957.723	1070.03
13	418.828	0.753217	1229.03	994.81
13	572.446	1.04186	-938.545	-1318.87
13	865.4	0.928464	-566.928	450.218
-13	418.502	0.797554	-1184.74	-381.932
13	529.695	0.391605	-1258.9	1219.19
-13	1511.28	0.66859	-730.612	535.154
-13	496.966	0.299021	1021.15	-88.2374
-13	491.276	0.488367	-115.703	402.843
13	1188.3	1.078	-703.73	-1220.69
-13	543.339	1.18092	-122.679	-45.0787
-13	765.413	0.46838	-612.252	-631.309
13	607.323	0.0972101	393.541	-1453.56
-13	548.139	0.899177	-11.2111	844.253
-13	504.632	0.339391	-809.543	-456.018
-13	410.451	0.911525	626.68	-386.751
-13	462.103	0.189601	-304.231	-929.295
-13	532.121	0.180737	1073.06	-14.6274
-13	721.705	1.02163	929.706	-238.398
13	782.033	0.947647	-483.582	710.214
-13	1019.29	1.13707	-1387.02	544.164
13	830.848	0.642737	291.827	393.721
13	442.798	0.600333	722.419	729.788
13	450.771	1.09053	-642.982	-50.9279
-13	460.351	0.970179	687.852	-26.3822
13	477.428	0.65009	-538.719	227.058
-13	722.908	0.763928	1171.56	716.479
-13	619.87	0.925575	952.395	-1125.63
-13	489.776	1.15205	-263.555	41.1277
-13	604.947	0.59881	1324.63	-1324.07
-13	590.397	0.84825	763.494	-709.717
-13	415.131	0.45338	-205.311	-602.754
-13	441.949	1.00852	737.954	-462.927
-13	1384.02	0.696316	1288.32	-174.577
13	421.689	0.625728	-728.487	-927.819
13	723.877	1.10325	-399.432	-1098.45
-13	416.046	0.247432	842.165	94.1525
13	452.726	0.90151	435.788	81.7181
-13	595.144	1.11203	-782.756	-678.193
-13	451.769	0.674301	-637.849	-621.464
-13	548.685	0.807352	-625.721	19.3243
-13	539.436	0.993446	-91.9584	-252.185
13	1776.23	0.612448	-1363.73	518.78
13	706.98	0.814729	1215.05	-18.4446
13	583.914	0.0534746	493.726	688.477
-13	1006.03	0.628421	1321.45	476.486
13	1496.4	1.1647	780.093	-811.793
-13	517.045	0.403606	-79.5761	614.143
13	429.626	0.940354	-426.896	787.678
-13	612.013	0.769534	977.225	-536.877
-13	472.129	1.21047	327.945	-1179.74
-13	446.846	0.966666	468.891	1116.71
-13	484.883	1.03156	1205.37	1264.31
-13	490.178	0.0147063	-999.165	807.239
-13	730.905	1.17374	433.63	-502.923
13	578.824	1.12795	-784.695	-1078.82
-13	518.071	0.0597549	-324.221	420.187
13	471.685	0.668688	619.624	-1488.02
-13	430.81	0.238472	-313.101	-90.4003
-13	487.455	0.551673	-205.866	685.924
-13	521.031	0.660226	630.415	-1427.57
13	574.692	0.493328	1098.4	-1067.64
-13	1015.37	0.499893	175.315	768.38
-13	544.574	0.0393917	-1171.7	1418.66
13	548.583	0.907807	460.215	396.167
-13	898.668	1.01334	72.0236	1367.86
13	825.532	0.339212	-324.615	926.392
-13	5400.96	1.16303	-455.818	476.768
-13	452.323	0.837892	-216.183	21.3596
-13	684.956	0.496701	757.297	-682.86
13	522.66	1.02391	-1032.07	-333.997
-13	1046.1	0.557346	863.646	842.978
13	602.745	0.68546	765.83	-1151.17
-13	426.474	0.170043	-1403.23	1325.41
13	499.645	0.182887	1361.05	-672.727
-13	411.745	0.603682	540.537	877.983
13	545.008	0.722731	-656.852	-1173.82
-13	673.071	0.481189	602.472	-1191.34
13	1840.98	1.17325	-215.241	20.5944
-13	558.916	0.686104	-849.474	-676.569
13	481.917	0.676145	166.308	-508.864
13	524.777	0.366718	814.989	203.555
13	763.311	0.987099	753.665	510.865
-13	402.329	1.11931	-1485.14	-644.957
-13	1094.72	0.968933	1036.54	800.683
-13	569.06	0.839589	-804.599	-589.809
13	460.881	1.20142	-9.08376	-1498.76
-13	473.682	1.10843	505.078	-564.762
-13	400.447	0.204	416.624	-390.238
-13	1413.59	1.02564	121.788	-803.706
-13	427.899	0.292501	60.0958	-368.358
13	1595.02	0.773136	-1411.68	314.046
-13	403.601	0.874157	121.923	643.474
-13	466.925	0.127758	1038.86	500.437
-13	2066.13	0.81904	44.4288	560.741
-13	2380.95	1.05265	598.12	1177.7
-13	595.812	0.966832	259.607	-1093.19
-13	401.693	1.1094	1259.67	1217.09
13	876.596	0.123859	974.956	1400.19
13	412.622	0.526825	486.041	-928.637
13	1651.7	1.11498	228.175	-524.111
-13	1242.84	1.14415	1391.45	183.438
-13	442.536	1.02708	1057.58	-1361.5
-13	420.184	0.99709	-466.084	78.4696
13	456.349	0.2057	-1305.91	-614.257
13	469.39	0.0760475	-959.105	-939.014
-13	1155.86	0.0111574	905.641	456.656
-13	461.732	0.0982739	-914.97	402.394
13	552.477	0.483411	-1342.17	401.164
-13	551.419	1.06344	1044.4	1437.99
-13	576.099	0.181511	429.284	892.212
13	870.735	0.163318	320.826	60.2829
13	515.616	0.519816	-640.799	569.026
-13	437.934	0.871578	948.804	956.623
-13	668.899	0.0596253	1230.83	1330.17
-13	503.409	1.1629	293.198	-1410.95
13	491.687	0.138416	401.077	1429.36
13	1182.03	0.235429	700.338	1230.94
-13	777.072	0.938968	-979.654	-1456.91
-13	580.376	0.827103	893.496	1095.5
13	513.148	0.0830862	-1125.16	-624.438
-13	538.275	0.523098	411.812	-653.862
-13	739.925	0.990153	-660.242	-360.815
-13	639.839	0.300053	-216.761	740.681
-13	631.076	1.01996	-625.065	-1010.51
-13	807.838	1.01634	-1305.94	-593.362
-13	862.497	0.836312	-743.951	-613.043
-13	685.706	0.452657	30.9946	628.286
-13	850.321	0.830618	734.239	-675.433
-13	448.136	1.01792	-161.901	-170.361
-13	490.441	1.04731	6.97079	-457.066
-13	1367.23	0.120468	-899.633	-1206.56
-13	2173.71	1.10873	314.718	1134.96
13	426.783	0.716477	1245.36	-1030.95
-13	439.34	1.09059	-407.264	838.686
13	617.43	1.2111	-865.214	-477.673
-13	517.262	0.933702	-436.968	106.985
-13	917.23	0.665527	996.4	582.34
13	579.857	0.390379	-99.6422	-1289.57
-13	488.967	0.62844	-459.149	-1192.07
13	602.859	0.892115	-259.768	1421.99
13	578.212	0.706436	-1324.6	382.276
13	462.337	1.04732	1468.84	-921.078
13	409.065	0.8009	429.526	1330.16
13	426	0.879851	1126.31	837.029
-13	573.516	0.956625	-1339.51	-874.595
-13	515.881	1.16517	825.165	-1360.45
13	430.054	0.733537	874.475	-1166.11
-13	1675.51	0.993627	-1120.89	48.8217
-13	584.51	1.13173	577.221	-1381.81
-13	434.538	0.960312	-1336.44	-446.184
-13	693.568	0.580098	-887.068	1367.61
-13	1610.67	0.630355	-93.69	-428.293
-13	667.541	0.332771	-1366.47	-481.667
13	1235.06	0.198874	883.116	672.51
-13	969.946	0.82782	-170.282	341.872
-13	435.685	1.14972	-608.999	-1354.36
-13	1395.95	1.03001	129.657	101.14
-13	485.396	1.11629	-1426.3	616.543
-13	703.101	0.767148	-1234.24	827.331
-13	440.67	0.963733	412.255	957.597
13	751.823	1.16703	1422.38	736.122
-13	499.395	0.0302058	-1089.97	-1421.96
-13	523.996	1.18259	243.043	-1477.01
13	493.046	0.783475	-407.041	1189.67
-13	404.555	1.18059	-299.365	-353.231
-13	621.546	0.980754	607.531	492.845
-13	676.896	1.15099	1267.15	-667.414
13	664.158	0.995694	199.884	1256.1
13	412.424	0.769115	-863.362	-817.735
13	436.347	0.0135598	-920.704	-562.476
-13	558.569	0.499736	10.8839	1347.94
-13	978.22	1.04905	-969.158	-481.724
-13	448.668	0.126898	-450.033	-238.404
-13	505.534	0.0338479	-1392.93	-231.631
13	455.765	0.794277	1264.61	688.444
-13	2157.66	1.11273	38.2494	325.27
13	1283.91	0.446551	913.57	-1408.94
-13	427.886	0.424312	14.6038	793.929
13	482.462	1.03036	767.041	870.891
13	484.353	1.22064	-396.821	595.746
13	502.156	0.160339	-350.303	-1028.74
13	417.177	0.885039	-255.262	384.23
-13	400.902	0.797462	894.834	1439.71
-13	567.577	0.526195	-414.837	38.4413
13	487.469	1.0662	-550.892	-162.62
-13	622.078	0.572218	740.933	671.947
13	426.911	1.12997	-78.3556	1309.68
13	413.034	0.349809	-84.2785	-1390.33
-13	472.032	0.196108	-323.316	1053.64
-13	593.827	1.11937	666.844	433.728
13	504.313	0.944818	309.748	-182.455
-13	906.777	0.715731	1325.42	-423.262
-13	560.969	0.814458	-96.7677	737.766
-13	814.647	0.96424	-461.22	907.285
-13	500.625	0.861245	-29.2943	-279.821
13	1119.14	0.686456	-799.953	-761.998
-13	553.817	0.850335	-891.426	1152.24
13	428.781	0.28796	-993.882	639.581
-13	498.805	0.697437	-992.084	1424.8
-13	994.418	0.440173	212.737	364.888
-13	450.388	0.638839	834.633	1256.96
13	442.394	0.817003	244.879	211.98
13	446.024	1.07257	-73.8502	-1328.29
-13	439.311	0.0356822	415.076	215.082
-13	449.691	0.281532	-1029.76	-60.0397
13	599.287	1.08791	839.511	-308.911
13	1599.2	0.535748	1114.41	928.491
-13	417.98	1.17492	-1365.14	336.613
13	423.098	0.552543	715.91	1004.33
-13	483.385	1.05911	-1041.53	171.104
-13	437.458	0.0969373	-2.81278	358.13
13	511.793	0.666256	-1326.25	-186.427
13	644.141	0.503593	-1448.83	77.1432
-13	1125.67	1.21148	-969.796	534.584
-13	555.655	0.0123527	807.308	-906.43
13	407.387	0.850301	-716.168	768.02
-13	441.231	0.398672	237.249	-79.9047
-13	1982.09	0.710223	-768.968	-333.305
-13	619.602	0.689608	-441.978	-665.755
-13	939.988	0.709765	-589.666	-1434.9
13	564.41	0.474212	-397.63	-956.693
-13	930.183	0.487505	-1470.88	635.27
13	442.206	0.739775	332.243	-461.593
-13	474.345	0.0235109	-445.618	290.544
-13	510.207	0.290299	683.136	823.244
13	596.525	0.816295	-1309.37	-1235.2
13	448.914	0.568028	425.491	-259.368
-13	911.575	0.690884	451.485	-1041.55
-13	441.979	0.664862	70.9937	-34.2729
13	517.437	0.632553	325.432	-1057.55
13	665.679	1.17427	-1204.53	59.8285
-13	475.613	1.12598	1423.04	-286.083
-13	617.398	0.250054	-1412.24	1101.79
13	559.558	0.482117	115.416	-833.538
-13	1844.2	0.763358	-1164.64	796.562
13	1249.43	0.91792	9.02645	-1190.84
13	532.605	0.349427	-1275.74	463.184
-13	1169.97	0.911583	789.3	-1261.6
-13	634.268	0.911303	192.215	-1043.55
13	1263.68	0.884432	-0.558391	-9.78297
-13	557.086	1.1257	766.762	-1257.81
-13	424.366	1.21644	-1325.72	933.224
-13	597.63	0.532205	-480.29	209.999
-13	464.4	0.776315	-570.531	-1347.82
13	476.113	0.922294	1259.95	291.456
-13	1061.4	0.62656	136.761	1378.3
13	823.24	1.01529	-853.734	-599.009
-13	488.39	0.506216	-1417.37	-1435.62
13	517.036	0.786029	1248.12	787.717
-13	455.984	0.020695	-256.894	-469.479
-13	464.685	0.306555	-247.758	427.235
-13	570.371	0.0916448	390.74	13.6012
13	499.929	0.148647	-1117.43	-470.55
-13	569.608	0.543131	171.458	-1006.73
13	822.137	0.985216	788.599	674.27
13	400.87	1.07176	-89.2412	640.989
-13	551.398	0.740212	498.696	-53.7039
-13	454.518	0.607879	-512.369	1452.57
13	596.271	0.579348	1393.39	-923.798
-13	519.633	0.264098	-1401.74	799.557
13	601.11	0.954043	-264.015	-279.573
-13	533.955	0.775744	-109.965	248.315
13	848.188	0.357078	-1118.26	-1284.47
13	1035.35	0.923209	-1321.28	1008.88
13	428.901	0.106867	548.715	346.958
-13	1086.02	0.0781079	691.808	1283.54
-13	403.747	1.17425	-503.82	-189.442
13	586.672	1.16064	1346.94	840.468
13	642.782	0.273657	-546.964	211.185
-13	418.791	1.06828	-762.021	346.638
13	535.127	0.457596	35.4041	1263.82
-13	517.13	0.359136	762.258	360.064
-13	402.041	0.404418	-613.838	355.415
13	425.085	0.765747	-277.553	-1055.61
-13	512.994	0.915988	-1323.66	-603.733
13	2553.11	0.620081	918.976	537.584
-13	531.1	0.226314	1146.56	-107.382
13	423.279	0.949011	1438.19	431.089
13	492.226	0.939276	-1346.82	1044.98
13	768.66	0.857727	673.499	158.212
13	901.842	0.467439	1007.25	404.505
13	862.504	1.04735	-150.521	-936.291
13	467.309	0.180387	1014.33	814.643
-13	1235.19	0.593235	416.55	-1459.61
13	776.863	0.88146	1441.25	-1185.63
-13	611.132	0.821545	1382.51	-1323.19
-13	1068.9	0.745929	1467.94	654.338
13	473.486	0.882578	-240.323	943.125
-13	443.991	0.334838	-1015.39	153.511
-13	425.067	0.910483	-616.283	984.99
13	683.213	0.879975	198.954	53.1479
13	415.01	0.161945	-81.9605	1264.33
-13	1329.19	0.980842	-244.762	593.216
-13	499.662	1.08083	315.231	549.793
-13	529.295	0.823641	1090.39	-350.027
13	414.947	0.890588	-152.638	1004.25
-13	515.404	0.811112	258.296	-1079.83
13	637.092	0.668905	924.866	42.5198
-13	414.653	0.278965	-650.381	155.422
-13	594.74	0.144859	233.421	-664.396
13	1535.05	0.0418148	-305.875	557.163
13	591.485	1.00896	91.672	108.396
13	453.01	1.15565	1350.58	-935.361
-13	552.928	0.0935071	-369.555	-703.157
-13	633.97	1.01028	-825.486	268.9
13	645.677	1.09451	1398.21	1167.4
-13	577.731	0.223169	-112.07	-1330.21
13	401.184	0.24803	1267.03	152.322
13	445.007	0.479514	1477.25	417.882
13	485.04	1.19499	773.311	1165.89
-13	872.171	0.14018	-329.694	569.971
13	497.672	0.926023	-1491.74	1224.86
-13	413.387	0.236555	709.716	467.339
-13	1596.23	0.288745	-1185.45	449.815
-13	428.304	0.621971	-1123.02	467.056
13	656.237	0.0258827	-293.975	88.1112
-13	445.42	0.152296	-951.786	-1120.83
13	578.898	0.833455	-1483.98	1298.79
-13	1309.72	0.804126	-1320.57	-1255.71
-13	1448.2	0.975332	-213.999	526.142
13	903.964	0.784723	-970.657	1258.17
-13	513.197	0.486359	-28.2112	1076.15
13	934.623	0.267381	1150.3	936.934
13	532.287	0.205981	-706.165	-222.787
-13	486.339	1.22043	-1311.77	76.9283
13	504.165	0.421585	1151.7	-950.029
-13	836.273	0.436115	820.015	379.3
-13	458.121	0.780939	19.0546	-913.182
-13	497.055	1.16171	1229.68	-1447.03
-13	448.758	0.294158	-1315.25	1353.96
13	849.615	0.129272	-881.208	1401.82
-13	1089.37	0.328776	1475.88	1070.83
-13	499.653	0.653401	-1411.58	1232.18
13	585.734	1.17065	-1255.4	1133.02
-13	618.715	0.771309	1115.08	-544.884
13	779.139	0.915032	142.837	1458.43
13	418.583	1.18012	-945.135	-1458.78
13	400.539	1.14684	-422.651	1487.39
-13	451.689	0.154342	394.571	159.402
13	406.916	0.258239	1319.8	-47.405
-13	486.118	0.880738	-130.13	-339.24
-13	504.074	1.16725	1161.84	1484.48
13	423.832	0.824405	-1401.98	-1026.77
-13	785.182	1.08963	-829.603	-978.195
-13	493.764	0.396472	1119.5	729.365
-13	434.77	0.591914	-361.841	-998.408
13	501.71	0.606147	-1236.84	-945.941
13	620.781	0.811353	-979.462	-80.182
-13	634.518	0.890655	-769.388	-369.778
-13	1313.83	1.10037	1195.48	-242.407
-13	488.8	1.15198	-610.791	-154.687
-13	496.281	0.0544767	-39.621	-569.18
-13	767.373	1.10102	-582.929	-1009.54
-13	961.411	1.10923	383.516	438.195
-13	538.36	1.16841	654.031	529.18
-13	783.379	0.541903	-191.039	1171.96
13	447.398	0.0281277	-967.942	956.627
-13	897.093	0.361872	-1042.83	277.667
-13	466.579	0.110936	470.624	-638.279
-13	422.984	1.02761	-1331.67	693.145
13	432.045	1.06944	-1334.15	-609.121
13	561.239	1.0729	350.768	-1158.82
-13	481.625	0.667457	1350.57	577.043
-13	450.461	1.01873	14.5948	310.938
-13	477.622	0.173365	-1165.68	201.375
-13	430.518	0.687224	-533.287	-183.179
-13	436.138	1.06381	-1087.47	-924.161
-13	483.507	0.144801	363.872	15.8335
13	846.841	0.883761	-254.201	156.599
13	452.366	0.583528	-598.445	685.461
-13	493.565	0.455294	1102.01	-119.514
13	496.63	0.619901	-553.849	169.544
13	573.975	0.656497	1478.99	-430.098
13	579.266	1.07844	1461.63	1443.1
13	651.798	1.0123	-566.819	-1132.8
13	1057.15	1.10367	-897.242	-730.969
13	467.92	0.719469	998.632	837.896
-13	847.783	1.03397	-670.76	103.202
13	960.243	0.780984	-419.724	675.599
13	444.978	0.734153	-470.517	81.7592
-13	960.631	0.208235	-640.419	975.168
13	408.359	0.128405	1171.38	354.959
-13	681.951	0.960975	-1200.42	502.936
13	706.199	0.0929713	454.172	-1150.02
-13	1026.62	0.413815	522.327	966.124
-13	513.342	0.0356057	-1441.85	-338.489
13	508.872	0.402828	1060	-1098.77
-13	536.152	0.467223	-1085.44	-293.308
13	400.253	0.33827	-676.122	-1204.72
13	895.595	0.128759	1188.77	970.676
-13	421.011	0.87755	1412.09	1430.2
-13	1739.64	0.96981	-889.472	1045.32
13	468.167	0.518567	-1016.75	-1175.09
-13	622.388	0.836675	-292.896	-1394.89
-13	732.478	0.53236	-111.621	-398.17
13	1137	0.750553	-1168.89	-1060.98
13	716.909	0.206445	-316.269	-1191.57
-13	522.133	0.837979	-915.903	414.239
-13	563.953	1.13387	351.765	-689.235
13	465.682	1.0022	-1206.62	-932.108
13	678.895	0.597257	-1198.39	438.863
-13	692.589	1.0141	413.503	-295.975
13	1531.01	0.0207397	-1328.25	329.764
-13	614.365	0.832527	-131.61	-642.363
-13	568.321	1.11932	1059.82	-483.173
-13	414.779	1.21114	1474.18	1306.92
-13	477.275	0.524799	955.157	-179.52
-13	438.99	1.16244	934.81	-856.433
-13	695.402	0.407362	1078.45	-587.631
13	405.282	0.579061	-1065.31	-1388.68
13	455.423	0.740287	-360.992	-1393.58
-13	649.953	1.10278	172.219	1123.58
-13	665.487	0.316152	-1014.19	-287.986
-13	465.057	0.697304	-297.595	366.914
13	962.18	1.18949	983.501	1200.7
-13	793.116	1.16095	526.754	-1000.45
13	646.471	0.388868	1044.7	-1472.88
-13	698.166	0.170049	-936.08	577.51
13	663.69	0.507067	169.566	364.442
13	768.228	1.1245	-593.769	-1044.08
13	455.416	0.364386	-273.812	-1439.23
13	566.522	0.780426	1104.04	442.83
-13	476.732	0.374177	-1311.6	-440.498
13	474.148	0.919223	-1163.2	-1349.34
-13	793.236	0.0640118	-874.504	950.546
13	546.587	0.966494	1098.64	1140.8
-13	410.876	0.740491	-792.575	120.151
-13	604.888	0.312029	173.874	-594.01
-13	608.803	1.00476	961.796	37.8005
-13	443.97	0.308048	-48.9288	-895.314
-13	506.329	0.0488572	254.045	1098.76
-13	1120.5	0.568233	-643.761	-546.138
-13	417.424	0.261886	943.441	-1394.1
-13	1205.8	0.70848	-1485.5	-948.183
13	1599.54	0.647433	1070.99	-564.431
-13	597.328	0.848902	1149.1	-409.762
13	463.447	0.785377	-1054.68	-605.227
-13	1052.19	0.376601	1214.63	30.1473
13	657.75	0.126232	948.622	-644.745
-13	1156.86	1.22011	1180.89	327.738
13	408.24	0.796033	1263.73	-660.78
-13	458.236	1.21196	-663.661	25.0651
13	480.223	0.786163	-672.853	317.03
-13	752.366	0.529396	-136.866	1277.12
-13	487.253	0.639322	1299.21	-64.2547
13	917.502	0.0559048	272.166	-413.551
13	1526.22	1.08503	-111.483	985.681
13	670.127	1.03217	-237.947	908.15
-13	578.91	0.336615	1182.59	1063.62
-13	520.586	0.264681	250.958	1498.59
-13	446.963	0.179631	-437.643	167.216
-13	434.282	0.81247	937.958	811.357
-13	449.628	0.135462	-1130.76	-744.368
13	567.693	0.856534	-654.281	-363.858
13	407.565	0.20825	1296.57	-1295.32
-13	415.191	0.582031	636.791	-857.449
13	664.309	0.912109	868.701	-1331.14
-13	702.113	0.17623	-141.779	380.406
13	503.541	0.614643	-1091.79	708.525
-13	550.594	1.06763	496.017	75.0165
13	520.504	0.712673	-943.6	1152.14
13	708.391	1.18763	26.2088	199.532
13	641.754	0.36536	727.924	1096.45
-13	450.439	0.585786	380.162	-664.876
13	2732.71	1.04655	-648.204	986.422
13	622.752	0.461227	-995.991	-461.641
-13	725.287	1.14153	1401.17	789.145
13	755.286	1.07405	-1416.96	-1169.81
-13	593.066	1.22165	-333.41	-87.5845
-13	744.459	1.18487	689.901	1231.15
-13	516.018	1.15173	812.175	-956.713
-13	539.456	0.136406	1470.25	-815.607
-13	444.05	0.802547	1383.78	284.917
-13	429.341	0.562647	-467.953	1490.99
13	577.75	0.486216	1365.12	-877.971
13	406.417	1.00628	-1037.25	998.841
-13	875.418	0.992563	-801.115	-1001.75
-13	462.668	0.786136	-504.526	102.685
13	474.479	0.224539	-1065.61	-1392.95
-13	447.108	0.268149	715.544	959.361
-13	407.096	0.570139	-451.078	-275.97
-13	1081.7	1.02851	1372.24	359.161
-13	526.389	1.08469	-651.504	247.845
13	550.241	1.20701	1382.43	761.191
13	435.489	0.357568	-640.164	-107.035
-13	408.543	0.523269	912.487	-647.447
-13	520.134	1.19278	-883.853	-616.23
-13	909.11	0.890796	-754.12	-25.4542
13	578.234	0.0136623	97.2024	71.1059
13	425.389	0.14348	-801.974	-1282.12
13	868.713	0.771943	426.947	-834.733
-13	464.989	1.1452	-669.494	367.968
-13	411.845	0.298545	-642.666	1429.23
13	534.643	1.12294	-378.145	583.17
-13	490.574	0.479621	-334.085	-472.042
-13	536.046	0.343251	819.035	-851.479
13	2044.16	1.11071	-999.217	-1327.38
-13	428.992	0.240062	240.688	1458.85
-13	440.566	0.769695	1191.97	-1234.76
-13	646.832	1.11002	-737.888	-972.304
-13	564.983	0.370337	-621.487	-751.847
13	669.009	0.0530364	853.969	454.876
-13	1185.02	0.435867	-1293.81	814.505
-13	472.825	1.20338	-988.236	-1038.14
-13	402.544	1.00882	-59.4656	-265.771
13	1565.65	1.11274	-1293.49	-1452.46
-13	455.049	0.58432	722.211	-1151.12
-13	753.839	0.735545	-223.656	1137.03
-13	514.813	0.340297	486.028	826.608
-13	414.606	0.544579	-888.544	-1396.1
13	408.781	0.683247	-184.55	1173.31
-13	1151.67	0.248769	-152.281	-767.305
-13	573.35	0.730503	-624.033	-723.172
-13	598.162	0.980472	980.745	-194.85
-13	764.158	0.0428181	-617.627	324.024
13	461.81	0.139027	-1012.45	-1131.07
-13	628.336	0.879818	394.794	-77.4881
-13	604.867	0.933874	208.456	989.247
-13	409.491	0.986836	-840.597	-832.824
13	423.214	0.255	394.153	-1135.93
-13	1593.48	0.536876	828.052	697.722
13	403.772	0.136547	1118.19	-344.08
13	426.862	1.05499	927.072	-361.63
-13	458.03	1.15371	517.802	399.224
-13	574.11	1.12329	232.267	1152.71
-13	449.285	0.832503	546.072	825.482
-13	411.527	0.593781	-677.047	479.58
-13	2215.54	0.757309	-880.045	-1404.72
-13	563.326	1.18912	-462.854	-1156.51
13	1005.44	0.34828	454.622	-1402.56
13	438.789	1.20749	-607.038	1478.15
-13	619.141	0.150009	339.561	-1133.1
13	688.264	0.323012	1478.99	-1305.41
13	730.079	0.656902	-263.611	528.231
13	1306.08	0.995978	-1410.46	126.289
-13	431.685	0.141109	-655.486	-1090.26
13	433.689	0.913147	803.518	741.299
13	805.18	1.03489	-508.653	1346.67
-13	529.906	0.126678	-139.933	281.33
13	973.314	0.754056	-838.038	622.897
13	592.185	1.11355	359.283	1251.7
-13	447.786	1.17305	-147.369	1344.2
13	426.324	0.892636	-925.931	357.328
13	409.856	0.575739	225.162	-1090.9
13	443.554	0.72729	-720.846	151.762
13	532.478	0.593701	625.635	748.752
13	473.315	0.0547882	1330.78	1438.22
13	465.521	0.804533	631.886	-1372.14
-13	491.938	0.0616302	745.928	-1091.58
13	564.11	1.07695	1115.17	912.093
13	954.278	0.727375	539.125	108.817
13	416.492	0.150832	993.86	421.395
-13	427.76	0.412695	442.737	38.0197
-13	827.107	0.846868	595.694	-850.043
13	582.75	0.381139	1392.2	-1156.13
13	448.596	0.798167	451.888	300.662
13	985.936	0.796765	1260.25	-1050.16
13	462.642	0.854747	-294.634	475.664
13	479.52	0.242141	1387.09	-540.716
-13	1072.1	1.1467	-1245.61	-1031.55
13	1196.6	1.04292	-1312.4	759.581
-13	570.57	0.992255	140.125	991.879
-13	1121.85	1.15165	-1309.51	-197.988
-13	492.44	0.583597	-1056.07	-147.437
13	487.834	0.652493	-242.409	-704.854
-13	458.206	0.0949823	-970.457	317.661
-13	466.363	0.012216	1443.42	698.981
-13	634.407	1.15378	-822.003	462.283
-13	438.244	0.510126	389.221	-1123.17
-13	473.182	1.20925	-142.179	1187.81
13	451.552	0.931383	-562.672	399.857
-13	718.629	1.21149	519.759	884.433
-13	457.519	1.16868	170.177	698.885
-13	1442.51	0.866826	1031.95	-8.79071
13	415.947	1.13016	288.765	-324.041
-13	860.924	0.532823	828.485	-732.558
-13	476.116	1.12252	-854.624	349.603
13	1011.77	0.0966708	222.543	1294.67
-13	859.147	0.588527	1172.23	695.685
13	736.394	1.13898	-836.098	240.66
-13	426.262	0.439216	115.672	887.708
13	422.485	0.643812	1413.44	942.254
-13	441.299	0.647186	310.374	-1311.16
13	458.289	0.919513	-1095.12	-2.02673
-13	408.464	0.151485	-309.167	-742.152
-13	446.333	0.952191	1430.93	-385.958
-13	576.003	1.20775	-640.867	-1076.67
-13	690.147	1.20982	59.0069	-109.404
-13	411.149	0.434564	-1089.07	113.032
-13	566.886	1.19219	737.322	1315.66
13	490.769	0.695765	-705.521	-253.895
13	453.478	0.685335	-350.289	138.263
-13	1166.37	1.20211	966.362	-994.916
13	994.721	0.406116	896.285	-549.016
-13	573.483	0.458799	-993.905	-205.725
-13	552.507	0.0966316	548.006	480.734
-13	450.073	0.559731	1021.84	-415.072
-13	658.114	0.443275	921.854	-657.875
-13	614.816	0.463201	-1232.31	584.455
-13	495.561	1.09727	-883.083	700.064
13	824.454	0.253433	694.796	140.581
-13	626.689	0.64034	-521.115	-428.86
-13	3307.59	0.92662	-258.831	101.332
-13	518.784	0.929227	878.684	-37.8691
13	401.375	0.666883	-1251.81	448.666
-13	558.677	0.00480873	-1390.4	-606.303
13	1133.89	0.600968	-663.381	-685.288
-13	861.798	0.532971	-314.473	996.336
-13	1948.17	0.322418	1275.76	566.525
-13	494.914	0.138871	177.818	-1210.15
-13	505.359	0.210039	-467.197	150.175
-13	504.275	0.182695	-519.687	-577.025
-13	431.635	0.67222	-1456.86	-1228.21
-13	444.482	0.733755	-888.618	-201.132
-13	788.503	0.769035	-13.3542	552.054
-13	548.164	1.17777	484.345	-1155.86
-13	442.009	1.06706	1388.03	-634.999
-13	669.414	0.496526	1433.66	-96.6145
-13	758.992	0.057711	1153.47	-1004.02
-13	711.676	0.952682	808.265	1337.46
13	403.794	0.976639	1039.87	-799.603
13	555.215	0.141101	1296.64	-500.813
13	568.2	0.120604	81.7943	1456.57
13	621.935	0.165102	634.855	1130.99
-13	507.076	0.742537	124.708	592.764
-13	401.102	0.70653	-700.175	-1360
13	917.17	0.941158	-1489.95	-949.136
13	647.016	0.232529	-1116.21	-654.878
13	412.993	1.08254	249.203	871.457
-13	846.428	1.08121	293.379	-419.351
13	441.646	0.959355	-420.576	280.432
-13	895.339	1.10441	-472.854	246.478
13	668.04	1.08486	1084.3	-556.278
-13	504.721	0.682771	769.108	-809.849
13	487.908	1.04807	-250.129	-86.1532
13	475.079	0.138329	-683.216	-964.025
-13	615.788	1.19352	-984.263	-1019.64
13	672.255	0.130685	-1328.62	630.511
-13	461.906	0.976029	167.039	-1120.48
-13	468.368	0.871145	-267.917	1157.9
13	414.539	1.21482	1043.26	-461.937
-13	1080.29	0.984525	-1062.1	-939.173
-13	595.874	0.814334	-1315.03	-186.568
-13	443.209	0.0387002	-169.114	-435.223
13	425.927	0.895068	673.044	631.76
13	777.642	0.949697	-482.883	305.58
-13	632.794	0.692675	934.98	-267.01
13	428.768	0.101554	-1337.86	37.8242
-13	545.221	0.598346	830.067	939.625
-13	838.092	0.50908	-541.701	913.107
-13	540.128	0.147378	-1094.41	-937.844
-13	431.617	0.525226	-121.439	-671.239
13	401.977	0.867166	-967.99	-1161.9
-13	496.027	0.0801305	1003.97	-754.743
13	952.714	0.651971	910.02	1104.55
13	430.511	1.09163	1494.99	1406.83
13	1074.9	0.829406	-374.169	-967.362
-13	773.052	0.85726	809.672	-920.144
-13	520.593	0.331837	-1392.18	352.893
13	535.395	1.0879	-759.168	-184.152
-13	439.924	0.569279	356.409	-612.81
13	595.126	1.21396	-1196.04	643.812
13	546.685	0.943829	-909.517	43.4328
-13	410.836	0.940086	-122.475	-967.865
-13	1374.65	0.952003	1233.79	1179.34
13	452.193	0.441094	1300.81	-832.747
-13	702.381	1.0489	657.958	-860.549
13	423.16	0.334263	-1297.86	-768.733
-13	403.837	0.28827	468.946	-1455.41
-13	883.228	1.21642	-1287.37	-863.224
-13	581.606	0.704655	337.527	-1236.81
-13	603.307	1.12868	275.966	-1216.21
-13	854.354	0.967481	461.308	-704.364
-13	454.505	0.200731	-1432.88	1340.4
13	437.728	0.361665	-407.522	924.848
-13	424.53	0.247174	-784.823	-77.0352
13	572.415	0.804169	550.293	-1206.44
-13	745.438	1.08477	913.429	-1249.05
13	604.564	0.761663	-302.74	-1387.32
-13	981.565	1.0121	-447.87	1367.77
-13	844.477	0.175412	-179.574	494.4
-13	417.944	0.203932	-1278.68	-357.606
13	458.328	0.836286	264.076	-1037.12
-13	403.897	0.698045	612.328	913.362
13	1955.02	0.84096	-266.202	-1188.88
-13	1117.62	1.0059	-1167.71	367.914
13	742.63	1.15969	1345.24	-1405.27
13	703.399	0.704993	1278.37	1133.66
13	562.79	1.03345	919.157	427.754
-13	563.863	0.832066	442.851	-1061.89
13	496.954	0.0647982	-884.052	-1086.53
13	500.579	0.879664	801.993	661.932
13	551.182	0.255696	-231.431	-1275.23
13	576.722	0.616734	1343.72	230.585
13	501.423	0.341398	-293.009	1019.77
13	1430.02	0.17512	-214.512	1240.52
13	495.535	0.475011	1028.32	1289.63
13	585.336	0.852229	984.529	-258.369
13	916.251	0.027416	-744.54	-201.682
-13	485.843	0.865852	898.592	-484.6
-13	735.618	1.13671	-697.968	131.696
-13	682.888	0.599384	-207.624	-430.12
-13	412.978	0.253474	-384.684	-1356.37
-13	434.69	0.0132698	-250.664	-231.838
13	623.126	0.652293	121.577	-609.157
-13	730.997	0.781406	494.629	653.94
-13	722.788	0.314904	-132.999	-84.15
-13	470.79	0.215065	-1497.02	968.208
-13	914.408	1.19553	-168.938	893.716
-13	672.813	0.81498	933.361	271.753
-13	488.612	0.856975	213.304	182.942
-13	502.626	1.08654	1122.49	1169.65
-13	465.235	0.450236	470.252	825.25
-13	648.88	0.971805	821.273	921.486
13	1306.41	0.704725	1484.77	-237.524
-13	421.814	0.938115	1246.1	-193.981
-13	465.864	1.11719	-1264.4	323.433
-13	429.354	0.61246	1025.93	863.673
13	496.122	1.04877	-1103.23	1114.85
-13	503.304	0.0639375	1398.7	1241.74
13	424.672	0.48759	-1000.8	-1338.38
13	577.617	0.831664	-151.7	-1403.99
-13	573.073	0.175407	17.8548	-437.793
13	589.466	0.194521	936.808	-1176.54
13	746.803	1.16753	-624.574	775.161
-13	657.28	0.0493248	-485.141	-420.119
-13	634.965	0.851866	657.746	-933.435
13	500.42	0.710544	-599.976	-112.389
13	733.219	1.20835	-962.607	203.464
13	665.753	1.21747	-59.0714	128.381
13	434.108	0.452155	-841.184	543.708
13	476.568	0.95052	1346.15	-777.2
-13	449.064	1.16071	-35.6605	539.644
13	496.909	0.985818	547.207	-1402.81
13	480.457	0.185402	1281.55	-627.767
-13	596.187	0.266485	512.645	-532.753
13	416.326	0.129916	708.557	444.374
-13	592.453	0.890956	-604.617	-1113.39
13	513.23	1.12621	1188.08	1057.57
-13	945.92	0.967841	-1294.74	292.665
13	1030.4	1.19048	1391.96	-702.769
-13	528.187	0.87105	-88.3744	-1008.6
13	687.919	0.808959	856.997	926.992
13	1128.95	1.10563	-1286.23	1241.5
13	1877.52	1.08216	-1380.51	1479.14
13	758.678	0.550558	545.764	105.692
-13	666.162	1.22031	-1243.94	-1040.69
13	786.216	0.83428	-733.141	1078.67
-13	462.092	0.0977894	1338.22	-1216.27
-13	441.433	0.610877	1376.8	601.746
13	418.203	0.502097	1237	-39.4401
13	519.715	0.629275	-920.015	-1138.94
13	876.252	0.208695	-485.037	826.564
-13	832.946	0.582147	262.098	-734.192
-13	405.34	0.195476	-329.998	192.559
-13	415.281	0.169324	1183.53	-841.164
13	744.183	0.040687	-1113.73	-1018.19
-13	594.602	0.830699	1460.11	-439.163
-13	580.288	0.133288	-1069.38	-54.7575
-13	417.345	0.347378	-235.078	-167.895
-13	430.122	0.21034	1383.33	598.417
13	434.228	0.280042	16.5794	-156.572
-13	681.904	0.17671	1223.39	-1192.16
13	1435.55	0.573377	218.388	217.78
-13	578.871	0.398097	843.931	-1456.13
13	418.171	0.659966	-421.107	527.382
13	1041.82	0.463316	-547.337	-252.545
-13	402.136	0.834401	-964.77	1105.78
-13	473.961	0.0707318	-241.379	-576.029
13	464.734	0.815068	591.099	1475.3
-13	502.244	0.723193	-1071.32	-715.758
-13	489.336	0.72246	1495.3	1096.17
13	514.913	1.05897	-45.0553	1097.16
-13	403.158	0.19754	877.57	794.759
13	419.928	0.138314	625.2	1036.23
-13	410.762	0.485939	-712.286	-607.803
-13	476.604	0.00935491	-78.6152	-56.7333
13	869.712	1.06689	-595.474	-1347.75
-13	1275.09	0.163042	-153.673	-453.382
-13	620.449	0.702873	-967.489	-922.393
13	983.136	0.398329	-618.338	-800.699
13	487.131	1.04401	154.512	866.536
-13	439.366	0.83744	-635.327	286.585
13	429.568	1.16076	-969.527	251.264
13	572.802	0.514279	1101.17	-530.591
-13	425.783	1.11804	-356.939	-632.499
-13	586.04	0.079649	1364.33	986.122
13	433.454	0.972714	-235.671	357.738
13	433.087	1.05084	1378.23	111.429
-13	439.655	0.658586	-297.969	663.416
-13	434.739	0.336744	1019.26	577.628
-13	1067.56	0.875798	846.17	-516.291
-13	586.591	0.443978	831.782	621.653
13	745.603	0.585028	909.065	271.484
-13	1537.95	0.630231	839.441	1159.87
13	663.228	1.06847	-144.154	-377.134
13	406.91	0.924697	539.204	1453.69
-13	420.344	0.480028	222.761	1334.5
13	421.507	0.286059	1052.95	-211.532
13	442.982	0.311319	548.979	68.932
13	550.424	0.736681	489.933	-417.2
13	411.214	0.790439	1419.24	961.653
13	430.777	0.182658	-1137.44	-892.873
-13	478.969	0.999997	-1226.9	209.684
13	478.797	0.317209	-1003.61	969.28
-13	421.795	0.321331	-1120.13	-337.311
-13	516.213	0.0716684	457.129	608.067
13	629.089	0.0298487	458.496	921.957
13	505.958	0.275356	-674.411	-704.566
-13	2024.82	0.592344	260.205	-692.162
13	524.181	1.20481	492.263	996.38
-13	817.43	0.296446	-360.251	1345.88
-13	3020.77	0.31161	-306.116	-1055.4
13	425.924	0.482282	-1326.64	-1019.78
13	964.198	1.04111	-144.2	-1055.12
13	444.252	0.635175	1149.56	884.656
13	465.817	0.550727	290.334	-515.379
-13	421.519	0.138784	1254.37	-1268.87
-13	1316.23	0.799166	-992.848	-871.995
13	1001.41	0.169994	-348.448	229.956
-13	431.097	0.755886	-1031.03	-172.264
-13	1349.3	0.661095	-163.966	241.294
13	597.644	0.0818428	-910.872	226.595
-13	1170.1	0.235352	1177.91	-1295.19
13	598.056	0.995875	846.321	22.9551
13	527.124	0.888218	-118.879	210.49
-13	435.654	1.2208	671.796	-1041.85
-13	452.27	0.760544	-809.114	-406.316
-13	1386	0.279834	-824.129	-720.034
-13	571.069	0.0879007	-814.142	951.257
-13	534.764	0.995826	945.292	6.358
-13	577.698	1.06403	1255.74	660.522
13	445.43	1.18834	173.422	-86.6996
-13	539.91	1.14563	1411.71	-822.962
13	718.49	0.960125	-55.0987	-764.715
13	610.257	0.387372	-1207.29	554.966
-13	588.584	0.932435	524.036	-332.997
13	474.468	0.825079	896.301	439.327
13	459.738	1.09907	1028.08	434.81
13	476.932	0.880068	-1153.67	452.197
13	503.269	1.09889	507.004	442.459
13	646.221	0.0141185	-477.511	-1201.02
-13	850.446	0.266598	-908.581	356.004
13	484.765	0.322209	-323.041	1195.71
-13	879.149	0.115799	203.208	-928.063
13	863.324	0.772593	699.297	1246.31
-13	416.15	0.403566	-1397.36	-247.097
13	447.871	0.603045	1373.64	1038.42
-13	409.582	1.14296	1484.21	-502.429
-13	612.93	0.956442	144.066	-970.036
-13	427.787	0.408803	421.682	-976.338
-13	611.054	0.941811	-1201.68	222.497
-13	567.564	0.993462	1371.48	-750.56
13	528.283	0.0388363	138.217	910.947
13	533.714	0.506008	-443.762	-1161.08
-13	1721.53	0.283202	395.473	-236.799
13	536.554	0.301351	-542.174	-495.403
13	778.698	0.527486	662.179	-67.3102
-13	505.057	1.00022	-443.569	-1148.17
-13	439.721	0.799027	-404.804	1015.39
-13	472.716	1.19283	297.523	-894.583
13	453.004	0.394882	-1031.2	-1157.16
-13	600.639	1.03606	-839.145	650.666
-13	405.134	0.362511	-233.828	-74.21
-13	629.28	1.17681	-1387.46	-278.524
-13	443.515	0.355779	-201.256	-67.0156
-13	500.881	0.856871	418.912	-437.103
13	438.502	1.20563	-1095.59	378.754
-13	465.671	0.154629	-1222.73	-92.5612
-13	450.553	0.834314	1267.56	1396.9
-13	480.505	0.780279	-1478.71	640.344
-13	496.943	0.229609	-1201.76	-126.503
-13	2744.4	0.295028	-92.7416	-1053.34
13	461.405	0.479254	-944.118	745.784
-13	1463.6	0.164778	69.101	202.462
13	1018.54	0.0558074	-1183.82	1198.31
13	490.272	1.00515	-807.854	1218.39
-13	872.171	0.14018	-329.694	569.971
13	497.672	0.926023	-1491.74	1224.86
-13	413.387	0.236555	709.716	467.339
-13	1596.23	0.288745	-1185.45	449.815
-13	428.304	0.621971	-1123.02	467.056
13	656.237	0.0258827	-293.975	88.1112
-13	445.42	0.152296	-951.786	-1120.83
13	578.898	0.833455	-1483.98	1298.79
-13	1309.72	0.804126	-1320.57	-1255.71
-13	1448.2	0.975332	-213.999	526.142
13	903.964	0.784723	-970.657	1258.17
-13	513.197	0.486359	-28.2112	1076.15
13	934.623	0.267381	1150.3	936.934
13	532.287	0.205981	-706.165	-222.787
-13	486.339	1.22043	-1311.77	76.9283
13	504.165	0.421585	1151.7	-950.029
-13	836.273	0.436115	820.015	379.3
-13	458.121	0.780939	19.0546	-913.182
-13	497.055	1.16171	1229.68	-1447.03
-13	448.758	0.294158	-1315.25	1353.96
13	849.615	0.129272	-881.208	1401.82
-13	1089.37	0.328776	1475.88	1070.83
-13	499.653	0.653401	-1411.58	1232.18
13	585.734	1.17065	-1255.4	1133.02
-13	618.715	0.771309	1115.08	-544.884
13	779.139	0.915032	142.837	1458.43
13	418.583	1.18012	-945.135	-1458.78
13	400.539	1.14684	-422.651	1487.39
-13	451.689	0.154342	394.571	159.402
13	406.916	0.258239	1319.8	-47.405
-13	486.118	0.880738	-130.13	-339.24
-13	504.074	1.16725	1161.84	1484.48
13	423.832	0.824405	-1401.98	-1026.77
-13	785.182	1.08963	-829.603	-978.195
-13	493.764	0.396472	1119.5	729.365
-13	434.77	0.591914	-361.841	-998.408
13	501.71	0.606147	-1236.84	-945.941
13	620.781	0.811353	-979.462	-80.182
-13	634.518	0.890655	-769.388	-369.778
-13	1313.83	1.10037	1195.48	-242.407
-13	488.8	1.15198	-610.791	-154.687
-13	496.281	0.0544767	-39.621	-569.18
-13	767.373	1.10102	-582.929	-1009.54
-13	961.411	1.10923	383.516	438.195
-13	538.36	1.16841	654.031	529.18
-13	783.379	0.541903	-191.039	1171.96
13	447.398	0.0281277	-967.942	956.627
-13	897.093	0.361872	-1042.83	277.667
-13	466.579	0.110936	470.624	-638.279
-13	422.984	1.02761	-1331.67	693.145
13	432.045	1.06944	-1334.15	-609.121
13	561.239	1.0729	350.768	-1158.82
-13	481.625	0.667457	1350.57	577.043
-13	450.461	1.01873	14.5948	310.938
-13	477.622	0.173365	-1165.68	201.375
-13	430.518	0.687224	-533.287	-183.179
-13	489.837	0.862851	34.3856	-1176.66
-13	781.853	0.29555	-746.139	-833.511
13	1475.86	0.584745	91.4107	1180.85
-13	514.714	1.0108	-416.592	-1378.75
-13	482.961	1.12854	-653.093	-549.963
13	520.557	0.302522	742.004	-1340.94
13	436.925	0.232262	-609.243	-1241
13	441.394	0.503207	1374.94	-153.713
-13	429.662	0.523869	1076.38	737.026
13	400.635	0.727448	-762.087	-111.647
-13	757.987	0.951805	935.936	-709.056
-13	751.06	0.998566	-507.613	-219.88
13	403.059	0.148005	-570.372	611.508
-13	438.204	0.0831435	-1417.93	1025.37
-13	447.071	0.276584	-208.657	-486.796
13	541.216	0.972095	-144.525	1407.94
-13	807.605	1.10831	877.85	-1104.39
-13	546.872	1.18133	1323.73	827.195
13	575.335	0.838702	496.553	-259.762
-13	720.719	0.627787	559.684	1405.19
13	850.74	0.180137	-700.389	-671.49
-13	854.269	1.22034	339.618	-387.521
-13	590.241	0.797	488.718	1480
-13	778.176	1.06116	1134.93	-1403.94
13	424.037	0.491861	-1235.97	-1439.92
13	417.8	1.15294	-518.747	-1417.55
-13	449.566	0.295478	-1131.33	735.345
-13	528.654	0.225732	303.604	-449.043
-13	433.981	0.18871	-976.101	-1461.28
-13	486.879	1.14314	536.534	972.864
13	521.298	0.986147	629.354	761.258
-13	905.374	0.066685	20.2272	983.186
13	441.3	1.21966	858.743	-1384.97
-13	520.165	0.357485	-382.408	1481.9
13	548.631	1.05593	-360.49	282.583
-13	652.732	0.670223	-939.316	1359.47
13	448.017	1.14364	-453.666	1199.34
-13	566.666	0.921735	1457.78	919.724
13	887.474	0.194759	612.745	-703.226
-13	634.795	0.304909	-1347.23	625.669
-13	742.777	0.501948	-1200.54	-1018.44
13	448.589	0.769217	-1032.92	-654.08
-13	677.633	0.679333	-456.293	-744.958
-13	503.787	0.376463	499.187	1442.89
-13	610.45	1.16014	489.844	1285.34
-13	480.628	0.439695	867.94	178.401
13	625.558	0.238446	-1217.48	1276.92
-13	683.187	0.941181	216.745	711.522
-13	562.73	1.05007	-1411.91	158.645
13	402.777	1.01642	776.66	-1155.85
-13	527.73	1.0951	442.314	466.092
13	677.621	0.992004	-516.165	1396.25
13	1130.37	0.305571	876.09	-442.877
13	449.372	0.434996	185.779	-656.557
13	962.426	0.304096	1478.17	-268.437
-13	811.314	0.0153396	1367.71	-1109.85
13	2653.1	0.489036	-1379.82	616.996
13	472.313	0.630453	777.005	-396.366
-13	548.773	0.141261	-507.294	-311.228
13	567.164	0.443711	-79.9909	-84.9074
-13	422.753	0.834505	395.312	-1384.57
-13	570.271	0.491396	1468.28	1420.53
-13	502.334	1.17962	1415.03	-495.877
-13	539.456	0.136406	1470.25	-815.607
-13	444.05	0.802547	1383.78	284.917
-13	429.341	0.562647	-467.953	1490.99
13	577.75	0.486216	1365.12	-877.971
13	406.417	1.00628	-1037.25	998.841
-13	875.418	0.992563	-801.115	-1001.75
-13	462.668	0.786136	-504.526	102.685
13	474.479	0.224539	-1065.61	-1392.95
-13	447.108	0.268149	715.544	959.361
-13	407.096	0.570139	-451.078	-275.97
-13	1081.7	1.02851	1372.24	359.161
-13	526.389	1.08469	-651.504	247.845
13	550.241	1.20701	1382.43	761.191
13	435.489	0.357568	-640.164	-107.035
-13	408.543	0.523269	912.487	-647.447
-13	520.134	1.19278	-883.853	-616.23
-13	909.11	0.890796	-754.12	-25.4542
13	578.234	0.0136623	97.2024	71.1059
13	425.389	0.14348	-801.974	-1282.12
13	868.713	0.771943	426.947	-834.733
-13	464.989	1.1452	-669.494	367.968
-13	411.845	0.298545	-642.666	1429.23
13	534.643	1.12294	-378.145	583.17
-13	490.574	0.479621	-334.085	-472.042
-13	536.046	0.343251	819.035	-851.479
13	2044.16	1.11071	-999.217	-1327.38
-13	428.992	0.240062	240.688	1458.85
-13	440.566	0.769695	1191.97	-1234.76
-13	646.832	1.11002	-737.888	-972.304
-13	564.983	0.370337	-621.487	-751.847
13	669.009	0.0530364	853.969	454.876
-13	1185.02	0.435867	-1293.81	814.505
-13	472.825	1.20338	-988.236	-1038.14
-13	402.544	1.00882	-59.4656	-265.771
13	1565.65	1.11274	-1293.49	-1452.46
-13	455.049	0.58432	722.211	-1151.12
-13	753.839	0.735545	-223.656	1137.03
-13	514.813	0.340297	486.028	826.608
-13	414.606	0.544579	-888.544	-1396.1
13	408.781	0.683247	-184.55	1173.31
-13	1151.67	0.248769	-152.281	-767.305
-13	573.35	0.730503	-624.033	-723.172
-13	598.162	0.980472	980.745	-194.85
-13	764.158	0.0428181	-617.627	324.024
13	461.81	0.139027	-1012.45	-1131.07
-13	628.336	0.879818	394.794	-77.4881
-13	604.867	0.933874	208.456	989.247
-13	409.491	0.986836	-840.597	-832.824
13	423.214	0.255	394.153	-1135.93
-13	1593.48	0.536876	828.052	697.722
13	403.772	0.136547	1118.19	-344.08
13	426.862	1.05499	927.072	-361.63
-13	458.03	1.15371	517.802	399.224
-13	574.11	1.12329	232.267	1152.71
-13	449.285	0.832503	546.072	825.482
-13	411.527	0.593781	-677.047	479.58
-13	2215.54	0.757309	-880.045	-1404.72
-13	563.326	1.18912	-462.854	-1156.51
13	1005.44	0.34828	454.622	-1402.56
13	438.789	1.20749	-607.038	1478.15
-13	619.141	0.150009	339.561	-1133.1
13	688.264	0.323012	1478.99	-1305.41
13	730.079	0.656902	-263.611	528.231
-13	594.632	0.699494	898.195	-167.527
-13	649.015	0.948806	349.586	-1028.41
13	1537.78	1.04834	938.963	-352.344
13	450.465	0.753396	1191.26	1083.92
13	594.236	1.17695	-916.488	335.68
-13	413.143	0.48484	359.331	621.779
-13	1155.23	0.126138	-1252.96	-602.43
13	512.612	1.19161	169.304	1283.41
13	544.438	0.914562	-1281.07	-605.31
-13	427.849	0.594981	-677.76	703.641
-13	600.191	0.0731178	693.894	1335.68
-13	460.004	0.922634	1337.22	-556.873
-13	429.812	1.19448	-718.707	1385.55
-13	461.422	0.567848	177.343	137.53
-13	502.222	0.703392	611.671	-98.6625
13	939.367	0.384042	297.042	-1421.49
-13	914.715	1.06372	-435.26	403.67
-13	427.422	0.352532	1280.57	200.214
-13	438.366	1.03712	779.304	-1433.63
13	728.492	0.314228	-16.5892	-1080.41
-13	777.425	0.853003	255.37	-1096.65
-13	678.567	0.981483	-769.599	-951.518
-13	838.541	0.0504997	-704.478	1491.29
-13	435.415	0.0541256	1475.22	315.843
-13	410.474	0.804789	-651.64	-403.05
13	560.61	0.688491	544.502	-753.459
13	548.305	1.02446	1149.52	1211.55
13	511.025	1.05479	1366.02	-1189.17
13	549.788	0.162198	912.446	785.644
13	508.509	0.259911	878.031	-181.276
-13	437.941	0.0816864	1095.51	578.835
13	1501.9	1.1842	-1074.77	704.358
13	458.825	0.95742	1292.62	1325.22
-13	695.411	0.100892	1219.22	-1021.19
13	450.008	0.454239	-343.451	732.049
13	469.886	1.11268	434.555	-177.98
-13	522.311	0.413119	-321.796	38.5866
-13	450.259	0.971775	1056.53	1239.03
-13	544.172	0.92298	-651.159	-920.737
13	2512.94	0.104453	599.567	-1380.41
13	581.209	0.450573	-599.238	-621.655
-13	589.746	0.49788	1474.26	665.908
-13	917.23	0.665527	996.4	582.34
13	579.857	0.390379	-99.6422	-1289.57
-13	488.967	0.62844	-459.149	-1192.07
13	602.859	0.892115	-259.768	1421.99
13	578.212	0.706436	-1324.6	382.276
13	462.337	1.04732	1468.84	-921.078
13	409.065	0.8009	429.526	1330.16
13	426	0.879851	1126.31	837.029
-13	573.516	0.956625	-1339.51	-874.595
-13	515.881	1.16517	825.165	-1360.45
13	430.054	0.733537	874.475	-1166.11
-13	1675.51	0.993627	-1120.89	48.8217
-13	584.51	1.13173	577.221	-1381.81
-13	434.538	0.960312	-1336.44	-446.184
-13	693.568	0.580098	-887.068	1367.61
-13	1610.67	0.630355	-93.69	-428.293
-13	667.541	0.332771	-1366.47	-481.667
13	1235.06	0.198874	883.116	672.51
-13	969.946	0.82782	-170.282	341.872
-13	435.685	1.14972	-608.999	-1354.36
-13	1395.95	1.03001	129.657	101.14
-13	485.396	1.11629	-1426.3	616.543
-13	703.101	0.767148	-1234.24	827.331
-13	440.67	0.963733	412.255	957.597
13	751.823	1.16703	1422.38	736.122
-13	499.395	0.0302058	-1089.97	-1421.96
-13	523.996	1.18259	243.043	-1477.01
13	493.046	0.783475	-407.041	1189.67
-13	404.555	1.18059	-299.365	-353.231
-13	621.546	0.980754	607.531	492.845
-13	676.896	1.15099	1267.15	-667.414
13	664.158	0.995694	199.884	1256.1
13	412.424	0.769115	-863.362	-817.735
13	436.347	0.0135598	-920.704	-562.476
-13	558.569	0.499736	10.8839	1347.94
-13	978.22	1.04905	-969.158	-481.724
-13	448.668	0.126898	-450.033	-238.404
-13	505.534	0.0338479	-1392.93	-231.631
13	455.765	0.794277	1264.61	688.444
-13	2157.66	1.11273	38.2494	325.27
13	1283.91	0.446551	913.57	-1408.94
-13	427.886	0.424312	14.6038	793.929
13	1549.26	0.0551365	1338.61	1080.78
-13	434.421	0.25925	14.2151	111.379
-13	412.63	1.15943	204.35	-417.069
-13	670.279	1.00094	1223.97	550.295
13	526.92	0.364678	229.164	936.51
13	909.553	0.882089	-70.0602	-793.079
13	1126.47	1.18454	1301.08	647.049
-13	481.172	0.571816	-1221.91	798.815
-13	714.089	0.22426	44.2228	-1435.79
-13	560.305	0.359326	530.524	576.334
13	409.392	1.06335	-688.364	711.302
-13	428.48	0.201002	169.196	206.291
-13	726.63	0.409719	-309.87	375.32
-13	469.444	0.514128	517.213	142.113
13	566.981	0.58254	-22.7213	-85.8145
13	1016.05	0.145395	-721.732	-70.1491
-13	443.852	0.530513	379.011	911.417
-13	822.144	0.680624	-301.436	1363.54
-13	474.478	1.0417	1199.35	1047.03
13	407.702	0.406036	-379.191	-1194.03
-13	493.851	0.466556	-1252.3	131.2
-13	455.73	0.414756	-862.783	-779.646
13	1727.88	0.790451	1272.55	885.979
13	404.214	0.181263	-354.117	34.4738
-13	407.071	1.14009	708.862	187.535
-13	443.979	0.916769	1336.61	-779.993
-13	427.734	1.14071	896.163	-1392.51
-13	793.792	0.451587	990.769	1223.33
-13	568.83	0.551196	-1061.69	1089.44
13	2141.59	0.69229	-566.843	-139.259
13	486.907	0.765487	-1037.17	-705.229
-13	1141.88	0.99816	1427.25	173.358
-13	593.05	1.17331	1419.78	1314.68
-13	465.519	0.186716	-55.2392	1052.23
13	981.949	0.882395	54.9154	-1174.11
-13	8207.79	0.852709	1499.64	-1425.92
-13	478.884	0.0461775	101.922	-910.512
-13	498.547	1.17126	-660.372	-887.82
-13	558.358	0.736253	1274.06	-1125.99
-13	462.236	0.368487	1357.68	1391.52
-13	507.22	0.168146	167.582	-243.466
-13	630.261	0.37323	946.204	1154.9
13	520.13	0.657075	356.712	-1439.03
-13	435.125	0.3876	1274.29	658.365
13	983.281	1.12414	-38.9957	318.447
-13	757.871	1.12887	230.214	1113.66
13	613.713	0.058285	281.071	1079.48
-13	1025.1	1.16053	897.077	-110.324
-13	406.901	0.319964	1170.88	-1455.94
-13	1014.18	0.933057	1133.01	719.082
13	498.344	0.524836	-1205.98	-1391.7
-13	642.936	0.948424	1376.38	-969.718
13	1095.28	1.21578	876.921	254.621
-13	423.514	0.75365	-1083.54	-1105.93
13	452.076	0.159212	-290.267	790.632
13	435.974	0.0997998	-176.998	1027.96
-13	911.575	0.690884	451.485	-1041.55
-13	441.979	0.664862	70.9937	-34.2729
13	517.437	0.632553	325.432	-1057.55
13	665.679	1.17427	-1204.53	59.8285
-13	475.613	1.12598	1423.04	-286.083
-13	617.398	0.250054	-1412.24	1101.79
13	559.558	0.482117	115.416	-833.538
-13	1844.2	0.763358	-1164.64	796.562
13	1249.43	0.91792	9.02645	-1190.84
13	532.605	0.349427	-1275.74	463.184
-13	1169.97	0.911583	789.3	-1261.6
-13	634.268	0.911303	192.215	-1043.55
13	1263.68	0.884432	-0.558391	-9.78297
-13	557.086	1.1257	766.762	-1257.81
-13	424.366	1.21644	-1325.72	933.224
-13	597.63	0.532205	-480.29	209.999
-13	464.4	0.776315	-570.531	-1347.82
13	476.113	0.922294	1259.95	291.456
-13	1061.4	0.62656	136.761	1378.3
13	823.24	1.01529	-853.734	-599.009
-13	488.39	0.506216	-1417.37	-1435.62
13	517.036	0.786029	1248.12	787.717
-13	455.984	0.020695	-256.894	-469.479
-13	464.685	0.306555	-247.758	427.235
-13	570.371	0.0916448	390.74	13.6012
13	499.929	0.148647	-1117.43	-470.55
-13	569.608	0.543131	171.458	-1006.73
13	822.137	0.985216	788.599	674.27
13	400.87	1.07176	-89.2412	640.989
-13	551.398	0.740212	498.696	-53.7039
-13	454.518	0.607879	-512.369	1452.57
13	596.271	0.579348	1393.39	-923.798
-13	519.633	0.264098	-1401.74	799.557
13	601.11	0.954043	-264.015	-279.573
-13	533.955	0.775744	-109.965	248.315
13	848.188	0.357078	-1118.26	-1284.47
13	1035.35	0.923209	-1321.28	1008.88
13	428.901	0.106867	548.715	346.958
-13	1086.02	0.0781079	691.808	1283.54
-13	403.747	1.17425	-503.82	-189.442
13	586.672	1.16064	1346.94	840.468
13	642.782	0.273657	-546.964	211.185
-13	418.791	1.06828	-762.021	346.638
13	535.127	0.457596	35.4041	1263.82
-13	517.13	0.359136	762.258	360.064
-13	402.041	0.404418	-613.838	355.415
13	425.085	0.765747	-277.553	-1055.61
-13	512.994	0.915988	-1323.66	-603.733
-13	743.556	0.532854	-1223.71	-943.712
-13	457.104	0.0572818	-848.415	605.39
-13	456.532	0.054926	187.094	1207.75
13	440.359	1.16431	-732.566	-1233.94
-13	3660.32	1.04761	243.454	4.0801
13	639.812	0.235035	498.688	-275.056
13	443.96	0.904142	-844.339	170.806
-13	891.069	0.456661	-185.567	-151.049
-13	1806.97	1.19105	-612.564	-585.172
13	525.863	0.706155	290.515	-1064.19
-13	2106.36	1.21772	-1049.25	-1264.43
-13	452.099	0.991824	-1323.89	520.245
-13	525.436	1.04845	-206.038	454.889
-13	503.516	0.269042	773.544	900.087
-13	1492.42	0.931786	982.715	-1445.9
13	405.662	0.797845	-1053.67	-1436.74
-13	801.134	0.795591	160.131	1226.75
-13	446.57	1.1243	200.127	-217.092
-13	434.354	0.587844	335.901	492.996
-13	510.031	0.57564	-182.953	-226.823
-13	1128.02	1.17015	-992.05	-613.004
13	3214.13	0.830493	539.173	-14.1428
-13	796.979	0.999361	-1336.43	1116.43
13	543.916	1.15247	759.786	1485.04
13	1111.06	0.884931	547.216	1050.82
-13	529.204	0.629901	716.277	-1312.34
-13	683.048	1.12399	1347.95	-979.321
-13	1418.59	0.825743	1369.12	-231.138
-13	519.637	0.915991	880.932	576.363
-13	453.807	1.2124	-756.583	-1376.1
13	417.836	0.339474	322	-940.348
13	538.753	1.20829	606.471	-608.622
13	666.252	1.05366	-90.7644	1319.28
13	446.576	0.80155	342.941	-77.4191
-13	444.519	0.970152	-1010.05	-1387.67
-13	437.921	1.10361	-1116.49	885.932
-13	1148.28	1.13747	219.094	-779.611
-13	823.191	0.925571	-985.449	674.415
13	659.085	0.376175	1004.66	1200.48
13	549.153	0.259943	-762.906	-1401.59
13	419.293	0.777094	730.645	-89.2151
-13	480.622	0.295265	947.647	871.602
-13	632.794	0.692675	934.98	-267.01
13	428.768	0.101554	-1337.86	37.8242
-13	545.221	0.598346	830.067	939.625
-13	838.092	0.50908	-541.701	913.107
-13	540.128	0.147378	-1094.41	-937.844
-13	431.617	0.525226	-121.439	-671.239
13	401.977	0.867166	-967.99	-1161.9
-13	496.027	0.0801305	1003.97	-754.743
13	952.714	0.651971	910.02	1104.55
13	430.511	1.09163	1494.99	1406.83
13	1074.9	0.829406	-374.169	-967.362
-13	773.052	0.85726	809.672	-920.144
-13	520.593	0.331837	-1392.18	352.893
13	535.395	1.0879	-759.168	-184.152
-13	439.924	0.569279	356.409	-612.81
13	595.126	1.21396	-1196.04	643.812
13	546.685	0.943829	-909.517	43.4328
-13	410.836	0.940086	-122.475	-967.865
-13	1374.65	0.952003	1233.79	1179.34
13	452.193	0.441094	1300.81	-832.747
-13	702.381	1.0489	657.958	-860.549
13	423.16	0.334263	-1297.86	-768.733
-13	403.837	0.28827	468.946	-1455.41
-13	883.228	1.21642	-1287.37	-863.224
-13	581.606	0.704655	337.527	-1236.81
-13	603.307	1.12868	275.966	-1216.21
-13	854.354	0.967481	461.308	-704.364
-13	454.505	0.200731	-1432.88	1340.4
13	437.728	0.361665	-407.522	924.848
-13	424.53	0.247174	-784.823	-77.0352
13	572.415	0.804169	550.293	-1206.44
-13	745.438	1.08477	913.429	-1249.05
13	604.564	0.761663	-302.74	-1387.32
-13	981.565	1.0121	-447.87	1367.77
-13	844.477	0.175412	-179.574	494.4
-13	417.944	0.203932	-1278.68	-357.606
13	458.328	0.836286	264.076	-1037.12
-13	403.897	0.698045	612.328	913.362
13	1955.02	0.84096	-266.202	-1188.88
-13	1117.62	1.0059	-1167.71	367.914
13	742.63	1.15969	1345.24	-1405.27
13	703.399	0.704993	1278.37	1133.66
13	762.478	0.683428	1325.47	1117.03
-13	453.264	0.0200992	781.61	-59.2617
13	520.128	0.78837	-1109.99	780.27
13	595.432	0.739593	362.868	-424.202
13	654.022	0.868762	-635.325	534.189
-13	410.543	1.19003	428.209	1206.37
13	438.775	0.410858	1080.29	142.887
13	662.86	0.63519	174.596	-544.183
-13	644.766	0.422841	-241.026	-1364.18
-13	413.907	0.414868	926.464	-1037.03
-13	2723.72	0.12305	-125.399	-922.792
-13	464.184	0.823555	965.971	-211.518
13	1293.67	0.143616	1214.32	-92.2721
-13	832.847	0.844352	902.683	-469.262
13	476.772	1.20274	-457.12	1212.57
13	958.095	0.508466	541.925	-1363.37
13	452.2	0.864037	1171.23	1091.31
13	720.295	1.0856	1188.12	1018.76
-13	456.463	0.909313	-661.394	-211.386
13	496.077	0.742209	856.833	343.024
-13	432.646	0.650151	-150.933	266.544
13	491.659	0.768372	-996.441	-655.237
-13	419.066	0.47227	1424.62	-20.1843
-13	656.957	0.474228	373.681	380.533
13	1536.79	0.371828	1112.41	1472.58
-13	616.331	0.597753	333.386	105.701
13	667.534	0.676534	-1116.73	-1349.15
-13	454.612	1.02117	-1356.65	1325.51
-13	433.435	0.50873	1182.54	-29.6601
13	910.449	0.6656	-978.541	-568.578
13	442.526	0.304687	-133.418	175.374
13	1487.44	1.13688	1393.06	-675.84
-13	628.226	0.802082	254.27	815.053
-13	671.78	0.874349	1232.85	-247.337
-13	417.482	0.961304	-745.37	400.926
-13	1219.88	1.03387	486.598	1143.47
13	737.397	0.929608	774.164	558.063
-13	502.371	1.038	751.029	155.262
-13	625.54	1.07957	235.229	-876.657
-13	637.844	0.242233	-787.101	-861.921
13	562.983	1.21388	66.5325	35.4569
13	716.95	0.858101	-139.664	792.996
13	1330.13	0.977894	-583.119	586.949
13	834.639	0.475979	-95.3478	-447.455
-13	531.759	0.572862	-1435.01	-741.772
13	564.276	1.05181	-281.551	183.616
-13	513.334	0.867478	-817.224	-993.709
13	614.813	0.385991	432.371	426.143
13	536.231	0.660259	89.7032	-476.986
13	684.004	1.19708	366.584	-356.807
-13	476.168	0.603445	703.172	-1179.97
13	560.023	0.463788	-1443.89	982.043
13	479.601	0.598854	979.303	645.721
-13	425.111	0.807356	1387.83	1285.8
13	448.858	0.575929	1278.16	1416.84
13	1838.85	0.691894	166.051	1220.62
-13	658.114	0.443275	921.854	-657.875
-13	614.816	0.463201	-1232.31	584.455
-13	495.561	1.09727	-883.083	700.064
13	824.454	0.253433	694.796	140.581
-13	626.689	0.64034	-521.115	-428.86
-13	3307.59	0.92662	-258.831	101.332
-13	518.784	0.929227	878.684	-37.8691
13	401.375	0.666883	-1251.81	448.666
-13	558.677	0.00480873	-1390.4	-606.303
13	1133.89	0.600968	-663.381	-685.288
-13	861.798	0.532971	-314.473	996.336
-13	1948.17	0.322418	1275.76	566.525
-13	494.914	0.138871	177.818	-1210.15
-13	505.359	0.210039	-467.197	150.175
-13	504.275	0.182695	-519.687	-577.025
-13	431.635	0.67222	-1456.86	-1228.21
-13	444.482	0.733755	-888.618	-201.132
-13	788.503	0.769035	-13.3542	552.054
-13	548.164	1.17777	484.345	-1155.86
-13	442.009	1.06706	1388.03	-634.999
-13	669.414	0.496526	1433.66	-96.6145
-13	758.992	0.057711	1153.47	-1004.02
-13	711.676	0.952682	808.265	1337.46
13	403.794	0.976639	1039.87	-799.603
13	555.215	0.141101	1296.64	-500.813
13	568.2	0.120604	81.7943	1456.57
13	621.935	0.165102	634.855	1130.99
-13	507.076	0.742537	124.708	592.764
-13	401.102	0.70653	-700.175	-1360
13	917.17	0.941158	-1489.95	-949.136
13	647.016	0.232529	-1116.21	-654.878
13	412.993	1.08254	249.203	871.457
-13	846.428	1.08121	293.379	-419.351
13	441.646	0.959355	-420.576	280.432
-13	895.339	1.10441	-472.854	246.478
13	668.04	1.08486	1084.3	-556.278
-13	504.721	0.682771	769.108	-809.849
13	487.908	1.04807	-250.129	-86.1532
13	475.079	0.138329	-683.216	-964.025
-13	615.788	1.19352	-984.263	-1019.64
13	672.255	0.130685	-1328.62	630.511
-13	461.906	0.976029	167.039	-1120.48
-13	468.368	0.871145	-267.917	1157.9
13	414.539	1.21482	1043.26	-461.937
-13	1080.29	0.984525	-1062.1	-939.173
-13	595.874	0.814334	-1315.03	-186.568
-13	443.209	0.0387002	-169.114	-435.223
13	425.927	0.895068	673.044	631.76
13	777.642	0.949697	-482.883	305.58
13	475.692	0.509101	-1490.07	106.386
-13	419.569	0.564575	1186.92	136.873
13	637.388	0.381007	120.304	254.757
13	502.75	0.471685	1026.37	365.466
13	731.997	0.951849	2.74178	317.148
-13	491.477	1.07678	787.388	-1337.2
13	750.684	0.713044	-1391.44	473.592
-13	1019.2	1.2027	33.5112	-1296.05
13	819.095	0.820964	-377.774	-1020.17
-13	547.637	0.703665	-37.328	-1416.59
-13	595.87	1.20171	1044.36	-1198.32
13	879.755	0.780498	1211.93	1270.55
13	1459.24	0.827298	-622.255	-1048.43
13	443.457	0.0753448	16.2565	-233.641
13	440.788	1.15479	-1087.48	701.657
13	406.141	0.335212	-1288.27	675.328
-13	538.24	0.958254	-1290.47	-480.396
13	569.03	0.504415	-221.626	-646.051
13	1148.12	1.16475	595.574	-278.742
-13	748.065	0.593856	110.212	467.368
13	1454.34	0.943221	47.6895	-852.153
-13	443.97	0.308048	-48.9288	-895.314
-13	506.329	0.0488572	254.045	1098.76
-13	1120.5	0.568233	-643.761	-546.138
-13	417.424	0.261886	943.441	-1394.1
-13	1205.8	0.70848	-1485.5	-948.183
13	1599.54	0.647433	1070.99	-564.431
-13	597.328	0.848902	1149.1	-409.762
13	463.447	0.785377	-1054.68	-605.227
-13	1052.19	0.376601	1214.63	30.1473
13	657.75	0.126232	948.622	-644.745
-13	1156.86	1.22011	1180.89	327.738
13	408.24	0.796033	1263.73	-660.78
-13	458.236	1.21196	-663.661	25.0651
13	480.223	0.786163	-672.853	317.03
-13	752.366	0.529396	-136.866	1277.12
-13	487.253	0.639322	1299.21	-64.2547
13	917.502	0.0559048	272.166	-413.551
13	1526.22	1.08503	-111.483	985.681
13	670.127	1.03217	-237.947	908.15
-13	578.91	0.336615	1182.59	1063.62
-13	520.586	0.264681	250.958	1498.59
-13	446.963	0.179631	-437.643	167.216
-13	434.282	0.81247	937.958	811.357
-13	449.628	0.135462	-1130.76	-744.368
13	567.693	0.856534	-654.281	-363.858
13	407.565	0.20825	1296.57	-1295.32
-13	415.191	0.582031	636.791	-857.449
13	664.309	0.912109	868.701	-1331.14
-13	702.113	0.17623	-141.779	380.406
13	503.541	0.614643	-1091.79	708.525
-13	550.594	1.06763	496.017	75.0165
13	520.504	0.712673	-943.6	1152.14
13	708.391	1.18763	26.2088	199.532
13	641.754	0.36536	727.924	1096.45
-13	450.439	0.585786	380.162	-664.876
13	2732.71	1.04655	-648.204	986.422
13	622.752	0.461227	-995.991	-461.641
-13	725.287	1.14153	1401.17	789.145
13	755.286	1.07405	-1416.96	-1169.81
-13	593.066	1.22165	-333.41	-87.5845
-13	744.459	1.18487	689.901	1231.15
-13	516.018	1.15173	812.175	-956.713
-13	409.385	0.817961	-1482.67	555.322
-13	674.537	1.01071	-35.1464	1274.39
-13	499.79	0.442854	1068.51	1024.33
13	690.503	0.773383	387.894	-1274.27
-13	498.408	0.855278	266.183	-3.30928
13	495.301	0.779297	469.529	-29.496
-13	430.307	0.473572	288.714	79.8658
-13	542.458	1.21996	1181.86	822.536
13	560.957	0.266605	-1497.29	-1443.39
-13	402.988	0.304555	-544.477	1304.01
-13	1686.04	0.496058	433.154	934.049
-13	751.933	0.672049	-227.782	-1399.6
-13	537.928	0.112092	-1028.07	21.8243
-13	960.608	0.177169	-298.753	947.677
-13	451.434	1.11939	-123.963	-884.042
-13	523.87	0.367611	-1342.42	-95.1357
-13	534.521	1.10212	104.301	-1163.8
-13	994.233	0.401101	-354.593	-783.871
13	1182.43	0.259356	-32.6166	628.297
-13	553.493	0.646092	-843.608	787.599
-13	613.662	1.10495	-865.768	1494.55
-13	407.827	0.827527	-1242.08	-353.428
13	466.425	1.04309	-1198.14	-821.531
13	425.744	0.184263	757.979	937.366
-13	820.089	0.498932	-234.34	1333.8
13	620.608	0.212259	-727.7	-887.204
-13	422.756	0.835807	-699.639	888.257
13	689.681	0.728115	653.79	222.728
-13	477.538	0.637579	-1068.16	-478.814
13	418.806	0.901347	-1244.49	-146.36
13	403.2	0.142705	-1166.71	1474.28
13	969.307	0.0822361	1178.93	748.207
13	415.863	0.00810974	866.03	934.084
13	617.833	0.819809	-209.233	719.729
-13	461.265	0.516744	-310.338	-446.125
13	435.595	1.17292	-1374.11	-1260.88
13	502.376	0.849221	-316.116	-1084.4
13	513.389	0.28795	-876.561	-113.101
-13	675.436	0.729906	370.745	-1288
-13	503.567	1.13456	176.957	-1262.07
-13	822.177	1.03411	559.772	-1445.38
-13	563.957	0.127621	1164.98	-223.427
-13	435.21	0.565283	431.445	95.2499
-13	1656.66	0.863054	1070.45	-195.18
13	710.754	0.92701	-1278.41	-1027.42
-13	716.226	1.12245	829.91	839.322
13	1714.22	0.215756	437.087	180.324
-13	938.304	1.12287	557.731	953.133
-13	416.847	0.640519	580.379	251.132
-13	1234.5	1.02363	-205.582	-1361.59
13	553.231	0.239337	-1297.97	-313.574
13	494.095	0.103959	-560.025	200.31
13	467.898	0.742675	685.385	-1292.81
13	696.013	0.892899	6.02492	-685.085
13	510.851	0.689245	-569.078	1204.16
-13	673.616	0.582371	327.619	1477.68
13	2553.11	0.620081	918.976	537.584
-13	531.1	0.226314	1146.56	-107.382
13	423.279	0.949011	1438.19	431.089
13	492.226	0.939276	-1346.82	1044.98
13	768.66	0.857727	673.499	158.212
13	901.842	0.467439	1007.25	404.505
13	862.504	1.04735	-150.521	-936.291
13	467.309	0.180387	1014.33	814.643
-13	1235.19	0.593235	416.55	-1459.61
13	776.863	0.88146	1441.25	-1185.63
-13	611.132	0.821545	1382.51	-1323.19
-13	1068.9	0.745929	1467.94	654.338
13	473.486	0.882578	-240.323	943.125
-13	443.991	0.334838	-1015.39	153.511
-13	425.067	0.910483	-616.283	984.99
13	683.213	0.879975	198.954	53.1479
13	415.01	0.161945	-81.9605	1264.33
-13	1329.19	0.980842	-244.762	593.216
-13	499.662	1.08083	315.231	549.793
-13	529.295	0.823641	1090.39	-350.027
13	414.947	0.890588	-152.638	1004.25
-13	515.404	0.811112	258.296	-1079.83
13	637.092	0.668905	924.866	42.5198
-13	414.653	0.278965	-650.381	155.422
-13	594.74	0.144859	233.421	-664.396
13	1535.05	0.0418148	-305.875	557.163
13	591.485	1.00896	91.672	108.396
13	453.01	1.15565	1350.58	-935.361
-13	552.928	0.0935071	-369.555	-703.157
-13	633.97	1.01028	-825.486	268.9
13	645.677	1.09451	1398.21	1167.4
-13	577.731	0.223169	-112.07	-1330.21
13	401.184	0.24803	1267.03	152.322
13	445.007	0.479514	1477.25	417.882
13	485.04	1.19499	773.311	1165.89
13	505.795	0.380108	-1328.41	625.358
13	553.969	0.236525	-532.385	-397.323
13	463.163	0.0241997	1101.53	1079.45
-13	901.547	0.563462	-1192.1	511.156
13	479.678	0.0791394	-310.127	-1446.37
-13	2549.18	0.0310308	769.136	-812.652
-13	770.367	0.934628	1004.37	-1462.3
-13	523.62	1.14619	70.2536	1358.34
-13	502.844	1.18872	1267.3	-740.876
13	556.123	0.18111	856.237	585.941
-13	563.081	1.14051	-360.375	-121.271
-13	439.194	0.238093	-382.712	223.742
13	569.862	0.890461	-569.317	-752.174
13	546.034	0.690565	1162	344.925
-13	507.201	0.0574943	1387.95	-1101.28
-13	422.752	0.351792	565.842	717.495
13	427.655	0.622549	-1023.6	-384.175
13	459.887	0.585254	84.6305	1079.24
13	461.92	0.861554	1079.3	565.714
13	563.255	1.04367	-1319.81	-779.001
13	502.28	0.8322	297.268	477.424
-13	407.231	0.733086	-1151.92	827.31
-13	419.102	0.259142	-527.273	-630.376
-13	522.127	0.251797	592.298	1207.14
-13	521.477	1.18855	-520.002	-441.017
-13	729.192	0.24512	1094	407.057
-13	845.617	0.870035	-557.932	-950.52
-13	519.004	1.1783	-476.554	-126.203
-13	970.973	0.312392	-344.953	900.623
-13	458.242	0.116318	-1214.85	-1164.53
-13	1039.1	0.720953	1375.48	355.153
13	507.206	0.885772	-1410.51	-221.942
-13	480.973	0.837548	649.67	-61.4701
-13	585.722	1.21198	1336.78	955.551
13	416.963	1.17	544.089	688.192
-13	1569.51	0.520367	-1447.45	1170
-13	575.311	1.08022	739.229	603.136
-13	462.203	0.958917	-935.795	874.737
-13	424.74	0.806734	-723.747	-524.076
13	403.142	0.278811	-922.268	-679.505
-13	559.265	0.537879	-652.11	-1414.33
13	2126.86	1.01417	496.912	1115.89
-13	1531.93	0.570481	412.067	968.687
-13	642.138	0.884816	930.395	142.376
-13	560.108	0.410213	560.712	-1453.1
13	678.52	0.0798167	1128.13	-978.507
13	406.813	0.0896155	301.369	303.988
13	560.796	0.409992	-496.717	1427.06
13	1101.48	0.0365198	-53.1687	888.92
-13	1478.94	1.16159	-1158.87	531.649
13	609.824	0.538335	1219.22	703.525
-13	499.138	0.610286	1436.49	-1287.56
13	477.817	0.423111	-376.951	-791.915
13	421.057	1.14206	648.632	-1497.56
13	409.12	1.11643	400.361	462.362
-13	403.287	0.460158	988.142	-1473.26
-13	721.705	1.02163	929.706	-238.398
13	782.033	0.947647	-483.582	710.214
-13	1019.29	1.13707	-1387.02	544.164
13	830.848	0.642737	291.827	393.721
13	442.798	0.600333	722.419	729.788
13	450.771	1.09053	-642.982	-50.9279
-13	460.351	0.970179	687.852	-26.3822
13	477.428	0.65009	-538.719	227.058
-13	722.908	0.763928	1171.56	716.479
-13	619.87	0.925575	952.395	-1125.63
-13	489.776	1.15205	-263.555	41.1277
-13	604.947	0.59881	1324.63	-1324.07
-13	590.397	0.84825	763.494	-709.717
-13	415.131	0.45338	-205.311	-602.754
-13	441.949	1.00852	737.954	-462.927
-13	1384.02	0.696316	1288.32	-174.577
13	421.689	0.625728	-728.487	-927.819
13	723.877	1.10325	-399.432	-1098.45
-13	416.046	0.247432	842.165	94.1525
13	452.726	0.90151	435.788	81.7181
-13	595.144	1.11203	-782.756	-678.193
-13	451.769	0.674301	-637.849	-621.464
-13	548.685	0.807352	-625.721	19.3243
-13	539.436	0.993446	-91.9584	-252.185
13	1776.23	0.612448	-1363.73	518.78
13	706.98	0.814729	1215.05	-18.4446
13	583.914	0.0534746	493.726	688.477
-13	1006.03	0.628421	1321.45	476.486
13	1496.4	1.1647	780.093	-811.793
-13	517.045	0.403606	-79.5761	614.143
13	429.626	0.940354	-426.896	787.678
-13	612.013	0.769534	977.225	-536.877
-13	472.129	1.21047	327.945	-1179.74
-13	446.846	0.966666	468.891	1116.71
-13	484.883	1.03156	1205.37	1264.31
-13	490.178	0.0147063	-999.165	807.239
-13	730.905	1.17374	433.63	-502.923
13	578.824	1.12795	-784.695	-1078.82
-13	518.071	0.0597549	-324.221	420.187
13	471.685	0.668688	619.624	-1488.02
-13	430.81	0.238472	-313.101	-90.4003
-13	487.455	0.551673	-205.866	685.924
-13	521.031	0.660226	630.415	-1427.57
13	574.692	0.493328	1098.4	-1067.64
-13	1015.37	0.499893	175.315	768.38
-13	544.574	0.0393917	-1171.7	1418.66
13	548.583	0.907807	460.215	396.167
-13	898.668	1.01334	72.0236	1367.86
13	825.532	0.339212	-324.615	926.392
13	415.022	0.31248	-644.61	-848.049
13	1057.42	0.615075	-1165.37	1256.56
-13	613.078	0.125039	-665.681	-285.601
-13	521.181	0.969784	1486.7	629.719
-13	1793.6	1.18872	-274.033	-998.097
-13	411.073	0.416883	213.409	-1426.56
-13	2776.15	0.207786	-1033.62	1488.31
-13	516.132	0.473016	-405.597	1293.61
13	627.671	0.165989	651.187	-573.171
13	968.912	0.968557	1090.66	-1227.57
13	507.284	1.19699	406.037	-1354.44
-13	454.608	0.512027	-59.3968	628.655
-13	663.191	1.02305	-1236.76	-170.976
-13	449.232	0.872785	359.884	-987.007
13	435.834	1.20255	-798.609	-1028.27
-13	463.232	0.0625356	-1039.14	1085.51
-13	440.426	1.04014	-245.565	-1009.01
13	1262.82	1.12978	1461.34	-1478.8
-13	585.247	0.923392	-1051.57	-682.03
13	419.634	0.0929351	-1269.18	-449.911
13	426.434	1.16363	1120.06	1269.47
-13	517.249	0.537798	-1339.85	-93.8146
13	445.982	0.278024	1007.51	454.484
13	421.527	0.532439	1297.13	-1234.94
-13	409.065	0.806618	1065.71	365.068
-13	714.491	0.0269439	-431.139	733.764
-13	621.659	1.16835	-877.435	-382.706
13	470.467	0.936933	804.462	248.816
-13	801.787	0.515654	-257.804	380.868
13	435.716	0.985312	-953.935	907.951
13	553.359	0.328978	745.978	974.218
13	1019.82	1.01241	1328.87	-857.782
-13	684.743	0.204246	-450.458	341.214
13	450.387	0.969436	-1299.92	548.838
13	1252.47	0.0550395	-154.55	922.229
-13	774.766	0.89918	-440.367	-732.482
13	733.124	1.04705	-257.267	47.4487
-13	474.876	0.490549	-1425.32	1132.08
-13	1001.3	0.969946	-729.284	-289.076
13	1379.04	1.0667	855.028	-61.1452
-13	581.621	0.979654	-569.885	-1326.59
-13	409.025	0.915816	1444.81	1357.63
-13	408.641	0.33669	-780.705	-1073.24
13	556.409	0.466712	-549.061	-455.699
13	1014.67	0.845858	390.37	-502.982
-13	745.866	0.944619	-1497.53	1330.05
13	598.466	0.0379468	1207.42	958.577
13	1769.22	1.09588	-1315.68	752.984
13	463.356	0.00515627	1263.19	170.457
13	961.06	0.948331	735.173	296.448
13	766.506	0.381385	1101.8	46.2604
-13	756.377	0.650569	1226.04	-984.244
-13	465.778	0.912499	-911.17	-180.24
13	680.392	0.0841881	44.3807	-1494.87
-13	515.3	0.822189	-67.1033	99.4703
-13	594.971	0.40774	-1136.18	-75.6797
-13	868.903	0.862844	768.756	974.425
-13	406.141	0.987063	-1128.49	-1005.88
13	793.451	0.293186	248.88	1197.86
13	511.222	0.733595	-932.74	-694.143
-13	518.794	0.973635	-104.717	1130.84
-13	473.081	1.13802	908.267	-989.97
-13	881.296	1.15918	1327.63	-472.954
-13	629.759	1.18188	-189.279	826.967
-13	891.415	1.21298	1122.53	128.475
-13	469.325	0.465279	-990.634	-1189.63
13	459.71	1.21434	342.941	-371.228
-13	7153.36	1.12641	-721.983	-1281.75
-13	405.575	0.515204	-731.762	-601.81
-13	2329.8	1.03563	-1484.72	-382.214
-13	432.901	0.584524	238.552	798.596
-13	405.612	0.82934	-210.208	177.104
-13	787.554	0.370525	1018.68	-1272.19
13	450.436	0.886031	-1013.73	1383.3
13	711.786	0.287724	-394.881	-34.2669
-13	460.259	0.298891	634.777	-1157.84
-13	462.654	1.02577	-1290.73	-1217.57
-13	1288.81	0.870228	-913.415	-180.181
13	508.528	0.113132	-844.346	165.715
13	3749.79	0.777081	-692.633	-189.505
13	687.066	1.2202	-670.932	233.961
13	551.724	1.12206	-1029.3	-1255.88
-13	628.433	0.977623	1033.68	-72.5097
-13	443.247	1.00168	464.188	-34.8394
-13	781.095	0.938362	317.639	1150.77
-13	574.41	0.962155	942.731	-1207.04
13	589.573	0.812038	381.598	-1346.83
13	517.974	0.406266	1182.84	-464.443
-13	487.216	1.05825	-1009.87	-864.47
13	640.992	0.83669	-805.239	704.134
13	400.417	0.550639	-488.243	-655.143
13	555.835	1.17585	-615.306	145.529
13	1154.79	1.01058	1042.59	1492.61
-13	490.245	0.522499	-283.179	700.619
13	420.927	0.649915	131.307	-176.247
13	585.807	0.274933	78.84	333.29
13	631.947	0.0229566	786.4	-102.387
-13	462.034	0.433094	-544.161	598.946
13	607.895	1.20353	-314.78	-468.868
13	759.728	0.327976	-219.529	-1454.07
-13	874.948	1.12046	-685.414	-663.399
-13	721.104	1.05054	876.136	-1020.33
-13	534.891	0.365874	798.022	-1186.71
13	547.449	1.0384	-1376.3	1063.98
-13	406.651	0.202727	1386.83	325.623
-13	925.975	1.07946	860.34	-179.007
-13	604.198	1.05843	-82.965	924.706
13	512.735	0.942606	-1155.57	-1246.44
13	495.537	1.06349	-417.264	86.2807
13	534.865	0.345028	-880.646	-200.83
-13	664.732	0.290931	773.332	1167.92
-13	455.399	0.998903	1228.68	-187.827
-13	875.35	0.88991	-1406.59	-27.4131
-13	1121.16	1.22095	-1343.43	873.074
13	534.139	0.680522	1118.15	-203.75
-13	523.246	0.943407	-1458.2	1238.25
-13	768.137	1.07344	381.424	-1369.89
-13	422.772	0.126698	-219.771	-214.143
13	801.55	1.15476	-513.536	-839.733
-13	557.646	0.300765	594.191	-1090.84
-13	485.147	1.02784	-1320.35	-1406.97
13	561.024	0.749575	1467.75	-693.007
-13	541.181	0.986134	-670.247	333.021
-13	407.748	0.134846	1365.17	-431.118
13	587.39	1.19481	-365.878	-1332.8
-13	407.992	0.986859	-1277.34	-728.4
-13	598.938	0.449826	-275.005	192.03
-13	556.5	0.480836	-652.167	-756.559
13	676.865	1.07118	733.25	-105.533
-13	606.434	0.602339	-1486.75	1306.14
-13	487.912	0.946744	964.164	216
13	411.615	0.26303	-876.105	845.523
-13	421.108	1.20098	1442.9	666.068
13	449.9	1.06584	1410.47	-401.245
-13	715.461	1.00269	861.954	1350.51
13	689.821	0.596297	1007.89	-1090.38
13	1053.81	0.128239	-543.445	580.046
-13	409.953	0.361995	1310.82	602.633
13	491.499	0.83884	-1147	1495.09
-13	487.562	1.19138	-781.932	-1008.5
13	690.31	1.09255	-1414.88	-695.667
-13	876.711	0.624624	-153.242	442.108
13	527.919	1.02056	227.658	371.461
-13	494.17	0.146773	-981.16	92.1312
13	434.702	0.467085	1209.28	-1134.76
13	662.335	1.18848	-1080.44	-1446.39
-13	440.946	0.121112	1382.88	-312.6
13	964.198	1.04111	-144.2	-1055.12
13	444.252	0.635175	1149.56	884.656
13	465.817	0.550727	290.334	-515.379
-13	421.519	0.138784	1254.37	-1268.87
-13	1316.23	0.799166	-992.848	-871.995
13	1001.41	0.169994	-348.448	229.956
-13	431.097	0.755886	-1031.03	-172.264
-13	1349.3	0.661095	-163.966	241.294
13	597.644	0.0818428	-910.872	226.595
-13	1170.1	0.235352	1177.91	-1295.19
13	598.056	0.995875	846.321	22.9551
13	527.124	0.888218	-118.879	210.49
-13	435.654	1.2208	671.796	-1041.85
-13	452.27	0.760544	-809.114	-406.316
-13	1386	0.279834	-824.129	-720.034
-13	571.069	0.0879007	-814.142	951.257
-13	534.764	0.995826	945.292	6.358
-13	577.698	1.06403	1255.74	660.522
13	445.43	1.18834	173.422	-86.6996
-13	539.91	1.14563	1411.71	-822.962
13	718.49	0.960125	-55.0987	-764.715
13	610.257	0.387372	-1207.29	554.966
-13	588.584	0.932435	524.036	-332.997
13	474.468	0.825079	896.301	439.327
13	459.738	1.09907	1028.08	434.81
13	476.932	0.880068	-1153.67	452.197
13	503.269	1.09889	507.004	442.459
13	646.221	0.0141185	-477.511	-1201.02
-13	850.446	0.266598	-908.581	356.004
13	484.765	0.322209	-323.041	1195.71
-13	879.149	0.115799	203.208	-928.063
13	863.324	0.772593	699.297	1246.31
-13	416.15	0.403566	-1397.36	-247.097
13	447.871	0.603045	1373.64	1038.42
-13	409.582	1.14296	1484.21	-502.429
-13	612.93	0.956442	144.066	-970.036
-13	427.787	0.408803	421.682	-976.338
-13	611.054	0.941811	-1201.68	222.497
-13	567.564	0.993462	1371.48	-750.56
13	528.283	0.0388363	138.217	910.947
13	533.714	0.506008	-443.762	-1161.08
-13	1721.53	0.283202	395.473	-236.799
13	536.554	0.301351	-542.174	-495.403
13	778.698	0.527486	662.179	-67.3102
-13	505.057	1.00022	-443.569	-1148.17
-13	439.721	0.799027	-404.804	1015.39
-13	472.716	1.19283	297.523	-894.583
13	453.004	0.394882	-1031.2	-1157.16
-13	600.639	1.03606	-839.145	650.666
-13	405.134	0.362511	-233.828	-74.21
-13	629.28	1.17681	-1387.46	-278.524
-13	443.515	0.355779	-201.256	-67.0156
-13	500.881	0.856871	418.912	-437.103
13	438.502	1.20563	-1095.59	378.754
-13	465.671	0.154629	-1222.73	-92.5612
-13	450.553	0.834314	1267.56	1396.9
-13	480.505	0.780279	-1478.71	640.344
-13	496.943	0.229609	-1201.76	-126.503
-13	2744.4	0.295028	-92.7416	-1053.34
13	461.405	0.479254	-944.118	745.784
-13	1463.6	0.164778	69.101	202.462
13	1018.54	0.0558074	-1183.82	1198.31
13	490.272	1.00515	-807.854	1218.39
-13	608.399	1.16411	52.5334	-1213.15
13	518.033	1.09622	-1079.79	920.666
-13	439.471	0.513735	-468.741	1191.33
-13	625.917	0.868862	174.453	-27.9136
13	491.932	0.586362	-903.856	1064.93
13	994.745	1.20716	696.687	-630.873
-13	421.267	0.0606677	316.953	-1182.77
-13	526.846	0.840782	582.605	-254.23
13	438.659	0.915459	1136.53	-181.428
-13	652.329	0.673033	1290.09	1355.31
-13	449.023	0.0721995	-304.766	212.933
-13	1206.26	0.917212	103.676	28.5555
-13	663.346	0.100022	216.736	342.789
-13	464.635	0.53113	-1255.55	834.325
-13	998.337	0.11903	-1409.05	892.93
-13	571.229	0.0348541	-532.604	508.86
-13	730.985	1.19925	705.539	-837.286
-13	511.723	0.00763821	-764.372	-308.155
-13	455.904	0.883947	-598.369	174.719
13	438.526	0.418517	328.489	-164.032
-13	408.007	0.354608	-1138.44	1112.37
-13	415.592	0.674129	-52.6645	-933.128
13	449.876	0.643797	-1492.02	-995.047
-13	491.42	0.0982214	990.13	567.094
-13	442.263	0.245832	-1174.81	-1323.72
-13	703.768	1.20385	1074.87	-1295.74
13	730.966	0.38542	539.877	1349.2
-13	576.326	0.0976435	1130.92	1107.22
-13	513.597	0.514144	-1476.56	915.239
-13	556.356	0.376362	-510.905	521.289
-13	590.212	0.0797221	935.147	-913.808
-13	755.759	0.389862	-1108.89	-723.173
-13	545.728	0.177547	-113.112	642.134
-13	727.725	1.10389	1448.81	381.835
-13	484.22	0.537887	180.626	1003.42
-13	568.989	0.63802	-624.108	41.7065
13	535.193	1.10003	561.419	1411.66
-13	426.905	0.855455	-1002.17	1050.2
-13	675.786	0.735047	-815.115	414.401
-13	517.533	0.195851	-1174.71	-475.84
13	644.25	0.178291	47.6044	810.806
-13	1042.95	0.04555	-1009	224.553
-13	406.961	0.268598	954.477	-768.291
13	537.824	1.14094	-432.117	-1024.73
13	596.997	0.703573	1129.07	1499.59
13	717.869	0.427622	-373.845	-26.6983
-13	412.456	0.227844	-302.082	-60.4119
-13	656.651	0.275795	1117.84	-125.973
13	452.827	0.807909	1109.04	-158.049
13	405.991	0.389547	26.6869	-301.134
13	493.942	0.469405	-187.764	-968.731
13	546.388	0.0368248	78.6985	452.629
-13	737.132	1.04577	243.906	226.525
-13	718.81	1.21256	676.528	16.5597
-13	563.793	0.716529	-324.728	507.628
13	915.18	0.900479	-401.239	-645.058
-13	1541.09	0.559513	-1448.11	788.275
13	450.525	1.10516	343.646	1350.01
-13	691.407	0.561046	1115.96	702.267
-13	479.098	0.703948	420.538	1352.14
-13	633.295	0.899021	1195.13	949.721
13	455.357	1.00655	1124.94	-579.46
-13	599.708	0.305549	749.157	-1099.81
-13	483.628	0.280339	521.825	-1065.4
-13	686.102	0.776613	-1280.25	752.897
13	600.037	0.620403	1377.47	-404.903
-13	883.907	0.999834	1290.89	-1332.2
-13	1198.25	0.575982	-1467.44	-161.088
13	809.215	0.812364	1491.45	1232.49
-13	403.289	0.975886	-1047.46	-1220.27
-13	417.854	1.13788	1355.5	1428.73
-13	530.493	0.120145	891.576	-1078.63
-13	904.868	0.606639	-1321.2	-823.014
-13	625.657	1.1239	-329.834	216.571
-13	418.896	0.216223	821.997	-702.613
-13	569.568	0.955381	699.009	-282.554
-13	491.679	0.535626	-275.378	-739.14
-13	801.389	1.20549	-1045.29	705.111
-13	409.331	0.751774	1379.72	1136.19
13	436.057	1.13682	151.419	894.755
-13	593.308	1.12497	957.723	1070.03
13	418.828	0.753217	1229.03	994.81
13	572.446	1.04186	-938.545	-1318.87
13	865.4	0.928464	-566.928	450.218
-13	418.502	0.797554	-1184.74	-381.932
13	529.695	0.391605	-1258.9	1219.19
-13	1511.28	0.66859	-730.612	535.154
-13	496.966	0.299021	1021.15	-88.2374
-13	491.276	0.488367	-115.703	402.843
13	1188.3	1.078	-703.73	-1220.69
-13	543.339	1.18092	-122.679	-45.0787
-13	765.413	0.46838	-612.252	-631.309
13	607.323	0.0972101	393.541	-1453.56
-13	548.139	0.899177	-11.2111	844.253
-13	504.632	0.339391	-809.543	-456.018
-13	410.451	0.911525	626.68	-386.751
-13	462.103	0.189601	-304.231	-929.295
-13	532.121	0.180737	1073.06	-14.6274
13	435.139	0.655476	-1169.62	-1336.11
-13	1014.86	0.890467	-741.566	-39.7824
-13	443.165	0.533209	469.454	348.973
-13	416.023	1.17688	-615.487	-1415.47
13	437.016	0.612618	276.073	852.162
13	831.323	0.150334	844.191	-465.283
13	534.078	0.949716	-381.25	-1423.07
-13	1192.44	1.05394	-1418.12	-511.394
-13	408.819	0.214525	-1173.82	470.543
13	467.647	1.05632	915.171	859.128
13	592.25	1.07804	819.921	1134.24
-13	764.716	0.63392	488.386	801.511
-13	1361.44	1.18649	839.21	198.32
-13	531.488	1.02193	45.7113	629.905
-13	521.883	1.05946	-642.446	-189.255
13	487.541	0.0544878	-1349.44	480.86
13	930.87	1.18453	-615.446	-875.972
-13	450.359	0.829013	-1265.64	425.062
13	414.03	0.342721	-1430.32	118.012
-13	462.508	0.39924	938.269	227.247
13	403.699	0.0466999	1389.35	-1187.27
-13	408.948	0.929382	-299.131	936.506
13	538.76	0.676639	952.395	-848.54
-13	1013.15	0.070393	-980.226	-206.48
-13	964.785	0.622301	1137.48	1388.4
-13	434.744	0.438888	-86.9265	-1359.83
-13	3740.98	0.314427	542.329	661.057
13	816.446	1.01795	1262.8	1030.97
-13	951.153	0.97256	399.481	1275.63
-13	1153.83	0.152817	-1069.3	1201.74
13	444.896	0.9766	-718.272	-1444.18
13	581.793	1.16604	-675.042	-359.426
-13	433.104	0.902221	-443.633	-99.8651
13	568.161	0.522027	429.693	-908.359
-13	564.246	0.843176	829.734	900.283
-13	581.878	0.649358	472.746	-382.514
13	585.349	1.0551	904.472	-1049.21
13	775.169	0.52342	1066.84	1297.72
-13	2375.44	0.395278	442.48	-355.395
-13	418.544	0.345811	835.51	-1399.78
-13	605.653	0.690571	185.386	-1335.24
13	439.752	0.57064	836.359	113.735
13	1152.45	1.08842	-1427.55	-669.854
13	472.694	0.557157	-925.422	1268.27
-13	454.467	1.01676	-356.559	1368.52
-13	756.367	0.044845	454.28	1404.71
-13	1047.24	0.829865	-6.55258	1390.49
13	723.383	0.485399	344.97	704.433
13	2152.1	0.882764	-852.522	669.705
-13	1984.49	0.0168196	1227.85	-604.663
13	452.364	0.775249	105.048	-898.745
-13	672.889	0.89222	149.936	270.957
13	555.946	1.14688	-957.861	-40.7365
13	650.185	0.320943	-1475.35	822.361
13	643.323	1.18114	-1428.81	-224.976
-13	456.15	1.19334	-1336.04	-59.5097
13	551.025	0.782649	-142.158	-854.495
13	973.385	0.711274	-1376.56	-715.592
-13	442.436	0.331792	-942.588	1124.93
13	675.803	0.406952	510.89	-130.344
13	1449.27	0.6179	170.582	-1396.43
13	599.752	1.20049	-874.592	343.535
13	896.148	0.0974991	-152.477	943.775
13	503.314	0.0399945	930.672	-24.4705
13	534.681	0.738158	964.615	-249.7
-13	580.205	0.221553	1475.16	-432.095
13	652.553	0.932471	-191.375	839.118
-13	896.123	0.996239	-392.538	723.847
-13	764.38	1.18104	-72.4781	-1206.78
-13	429.893	0.982226	751.052	-1383.9
13	1488.75	0.0124238	1136.42	-640.489
13	501.919	1.04314	363.705	-1449.93
-13	662.001	0.988365	-1209.93	1171.37
-13	1146.2	0.661069	-500.122	1410.25
13	472.617	0.517667	556.6	-915.323
-13	596.737	0.459342	181.287	-29.898
-13	400.784	0.388305	1411.92	-1483.4
-13	858.788	0.733764	-1465.41	860.445
-13	603.725	1.12376	1115.18	555.735
-13	490.852	0.30297	187.028	285.852
13	594.941	1.01097	-1393.25	-1452.58
13	412.247	0.636006	1225.63	-1454.71
13	2221.54	0.398035	545.17	-525.177
-13	428.247	0.953042	-1046.96	863.267
13	1190.46	1.0992	-1459.99	-1050.86
13	598.211	1.02412	941.186	224.18
-13	437.582	0.512132	1490.51	613.867
-13	423.436	0.528914	-955.633	893.244
-13	424.344	0.609739	-1257.58	-1104.73
-13	428.926	0.0698003	770.169	-1058.72
-13	743.208	0.754584	106.712	492.353
-13	410.586	0.579812	348.056	957.577
-13	472.842	0.0649988	-888.317	509.496
-13	487.467	0.311595	1141.51	-892.996
13	617.512	0.858295	1490.45	374.377
-13	405.211	1.21711	-1132.95	-438.845
-13	475.434	1.03566	-232.813	-544.853
13	1081.83	1.00399	679.645	545.856
-13	464.257	1.12883	-872.983	-491.68
-13	431.647	0.844928	-60.9672	-614.191
13	445.94	0.453165	-227.583	429.795
13	424.531	1.0965	1246.5	568.427
13	762.819	0.598738	-651.261	-1231.43
-13	415.373	0.81158	-916.649	790.986
-13	477.015	0.913313	-661.631	-1370.7
-13	436.559	1.0241	598.824	-1281.63
13	555.467	1.1681	843.565	-964.868
-13	446.033	0.352049	-1075.26	830.097
-13	479.246	0.608729	1157.76	780.927
13	701.733	1.2206	581.519	-1240.9
-13	555.823	1.16758	-485.731	1261.62
-13	460.606	1.14375	672.037	-574.211
-13	926.928	0.225056	802.579	414.507
-13	559.778	0.639971	-50.8077	-1321.71
-13	2386.62	0.843591	-989.369	-1194.65
-13	411.107	0.953408	-40.6867	547.573
13	411.102	0.138608	-1049.26	249.883
-13	424.116	0.502319	192.803	-1320.67
-13	529.202	0.338684	1354.03	-319.867
13	415.051	0.158028	-853.121	720.43
-13	422.573	0.907976	-956.513	-283.373
-13	943.722	0.00622649	1153.91	-937.405
13	584.172	1.13159	-475.936	-534.98
-13	460.05	0.625978	-968.414	-292.103
13	502.165	1.21249	-106.095	1051.45
13	504.45	0.402176	1444.88	-364.26
13	431.636	0.827169	1277.5	-279.392
13	1031.34	0.950113	1083.44	586.071
-13	643.536	0.41819	-1080.36	-805.802
-13	523.735	0.80114	-1066.75	1131.08
-13	407.294	0.124603	202.026	506.16
-13	457.977	0.929156	-1445.58	1031.94
-13	627.533	1.05776	467.391	-1412.56
-13	473.164	0.747826	948.472	-420.597
-13	507.936	0.242538	954.825	-1354.84
-13	427.241	1.10202	154.825	-349.74
-13	407.644	1.07814	416.211	1351.29
-13	619.262	0.811022	-1310.58	591.898
-13	477.737	0.608265	-1014.37	-994.55
-13	426.177	0.129677	79.5653	-157.307
13	562.79	1.03345	919.157	427.754
-13	563.863	0.832066	442.851	-1061.89
13	496.954	0.0647982	-884.052	-1086.53
13	500.579	0.879664	801.993	661.932
13	551.182	0.255696	-231.431	-1275.23
13	576.722	0.616734	1343.72	230.585
13	501.423	0.341398	-293.009	1019.77
13	1430.02	0.17512	-214.512	1240.52
13	495.535	0.475011	1028.32	1289.63
13	585.336	0.852229	984.529	-258.369
13	916.251	0.027416	-744.54	-201.682
-13	485.843	0.865852	898.592	-484.6
-13	735.618	1.13671	-697.968	131.696
-13	682.888	0.599384	-207.624	-430.12
-13	412.978	0.253474	-384.684	-1356.37
-13	434.69	0.0132698	-250.664	-231.838
13	623.126	0.652293	121.577	-609.157
-13	730.997	0.781406	494.629	653.94
-13	722.788	0.314904	-132.999	-84.15
-13	470.79	0.215065	-1497.02	968.208
-13	914.408	1.19553	-168.938	893.716
-13	672.813	0.81498	933.361	271.753
-13	488.612	0.856975	213.304	182.942
-13	502.626	1.08654	1122.49	1169.65
-13	465.235	0.450236	470.252	825.25
-13	648.88	0.971805	821.273	921.486
13	1306.41	0.704725	1484.77	-237.524
-13	421.814	0.938115	1246.1	-193.981
-13	465.864	1.11719	-1264.4	323.433
-13	429.354	0.61246	1025.93	863.673
13	496.122	1.04877	-1103.23	1114.85
-13	503.304	0.0639375	1398.7	1241.74
13	424.672	0.48759	-1000.8	-1338.38
13	577.617	0.831664	-151.7	-1403.99
-13	573.073	0.175407	17.8548	-437.793
13	589.466	0.194521	936.808	-1176.54
13	746.803	1.16753	-624.574	775.161
-13	657.28	0.0493248	-485.141	-420.119
-13	634.965	0.851866	657.746	-933.435
13	500.42	0.710544	-599.976	-112.389
13	733.219	1.20835	-962.607	203.464
13	665.753	1.21747	-59.0714	128.381
13	434.108	0.452155	-841.184	543.708
13	476.568	0.95052	1346.15	-777.2
-13	449.064	1.16071	-35.6605	539.644
13	496.909	0.985818	547.207	-1402.81
13	480.457	0.185402	1281.55	-627.767
-13	596.187	0.266485	512.645	-532.753
13	416.326	0.129916	708.557	444.374
-13	592.453	0.890956	-604.617	-1113.39
13	513.23	1.12621	1188.08	1057.57
-13	945.92	0.967841	-1294.74	292.665
13	1030.4	1.19048	1391.96	-702.769
-13	528.187	0.87105	-88.3744	-1008.6
13	687.919	0.808959	856.997	926.992
13	1128.95	1.10563	-1286.23	1241.5
13	1877.52	1.08216	-1380.51	1479.14
13	758.678	0.550558	545.764	105.692
-13	666.162	1.22031	-1243.94	-1040.69
13	786.216	0.83428	-733.141	1078.67
-13	462.092	0.0977894	1338.22	-1216.27
-13	441.433	0.610877	1376.8	601.746
13	418.203	0.502097	1237	-39.4401
13	1025.69	0.310112	234.194	422.488
-13	1186.22	1.16808	1181.11	-1076.02
13	615.586	1.18588	977.783	688.844
-13	846.768	0.778911	562.949	-437.09
13	448.214	1.08101	-862.45	804.255
-13	435.811	0.476515	-324.566	1094.79
13	519.679	0.409733	331.127	804.608
-13	1508.2	1.18544	1475.08	-1108.03
-13	574.087	0.72524	-1376.72	1041.91
13	2777.22	0.199203	-1283.37	267.27
-13	440.691	1.15054	-1469.58	598.062
13	581.959	0.250083	-1361.17	388.381
-13	545.099	0.769889	-1423.37	-1404.45
-13	2288.66	0.825711	-458.924	-742.419
-13	515.773	0.922238	-312.393	927.606
-13	838.368	0.711355	-127.345	1400.82
13	979.076	1.01892	1332.35	-1177.98
-13	646.597	0.639201	883.299	-895.517
13	836.591	0.878643	-1078.75	-1307.55
13	469.357	1.05039	-893.028	-333.097
13	427.274	0.274327	299.657	784.049
-13	531.033	0.104516	-163.986	-1031.51
13	494.983	0.232838	365.977	9.48253
-13	726.953	0.950326	351.543	856.025
13	692.924	1.09086	-5.17229	-104.984
-13	414.744	0.235696	140.079	-607.751
-13	495.06	1.06228	110.245	334.222
13	590.951	0.37835	-647.275	-887.574
13	409.509	0.362255	821.68	1168.03
13	476.234	0.431358	-4.85206	656.099
-13	450.95	0.849479	375.08	-1343.6
13	2926.01	0.620917	1333.55	930.149
-13	485.516	0.735285	-215.968	-124.989
-13	1499.46	0.335984	811.594	212.834
-13	602.812	0.00576793	68.6026	260.364
13	410.819	0.800626	-925.643	893.611
13	830.723	1.13157	353.447	176.532
-13	421.25	1.1516	-576.667	-321.93
-13	967.764	0.69318	351.645	1391.11
13	483.886	0.777888	-918.762	-66.837
13	668.246	1.12787	1101.06	-303.216
13	1169.49	0.367033	876.933	-1443.38
-13	608.579	1.12558	-273.881	-739.189
-13	522.087	0.597187	122.935	1020.76
13	472.888	0.186764	-1065.63	-1261.11
-13	1694.09	0.476351	122.222	-560.133
-13	707.118	0.852553	162.905	-1365.01
-13	635.179	0.628962	1186.96	-1224.05
13	405.746	0.955474	1389.17	153.273
-13	2380.95	1.05265	598.12	1177.7
-13	595.812	0.966832	259.607	-1093.19
-13	401.693	1.1094	1259.67	1217.09
13	876.596	0.123859	974.956	1400.19
13	412.622	0.526825	486.041	-928.637
13	1651.7	1.11498	228.175	-524.111
-13	1242.84	1.14415	1391.45	183.438
-13	442.536	1.02708	1057.58	-1361.5
-13	420.184	0.99709	-466.084	78.4696
13	456.349	0.2057	-1305.91	-614.257
13	469.39	0.0760475	-959.105	-939.014
-13	1155.86	0.0111574	905.641	456.656
-13	461.732	0.0982739	-914.97	402.394
13	552.477	0.483411	-1342.17	401.164
-13	551.419	1.06344	1044.4	1437.99
-13	576.099	0.181511	429.284	892.212
13	870.735	0.163318	320.826	60.2829
13	515.616	0.519816	-640.799	569.026
-13	437.934	0.871578	948.804	956.623
-13	668.899	0.0596253	1230.83	1330.17
-13	503.409	1.1629	293.198	-1410.95
13	491.687	0.138416	401.077	1429.36
13	1182.03	0.235429	700.338	1230.94
-13	777.072	0.938968	-979.654	-1456.91
-13	580.376	0.827103	893.496	1095.5
13	513.148	0.0830862	-1125.16	-624.438
-13	538.275	0.523098	411.812	-653.862
-13	739.925	0.990153	-660.242	-360.815
-13	639.839	0.300053	-216.761	740.681
-13	631.076	1.01996	-625.065	-1010.51
-13	807.838	1.01634	-1305.94	-593.362
-13	862.497	0.836312	-743.951	-613.043
-13	685.706	0.452657	30.9946	628.286
-13	850.321	0.830618	734.239	-675.433
-13	448.136	1.01792	-161.901	-170.361
-13	490.441	1.04731	6.97079	-457.066
-13	1367.23	0.120468	-899.633	-1206.56
-13	2173.71	1.10873	314.718	1134.96
13	426.783	0.716477	1245.36	-1030.95
-13	439.34	1.09059	-407.264	838.686
13	617.43	1.2111	-865.214	-477.673
-13	517.262	0.933702	-436.968	106.985
-13	842.192	1.19616	1356.41	102.692
13	687.646	1.09057	172.583	1130.23
-13	440.133	1.02727	443.154	718.715
13	927.675	0.0382636	-18.2645	478.729
-13	697.07	0.589142	417.374	-613.395
13	435.215	1.01058	-1355.56	161.439
-13	414.816	0.115917	426.346	-1209.24
-13	649.918	0.94492	-1006.74	1425.79
13	518.119	1.21903	-484.86	1400.52
-13	432.647	0.995625	551.235	-97.2518
13	411.854	0.897164	-1365.18	-1118.85
-13	592.4	0.271666	-510.757	634.891
-13	520.969	0.0782256	-1050.86	-1400.47
13	475.56	1.16302	1442.65	1260.09
-13	506.64	0.767005	258.924	-736.806
-13	815.598	0.269905	504.199	-676.332
13	700.738	0.709527	258.134	1142.15
-13	914.782	0.965074	170.761	-1310.03
13	961.229	0.983078	1026.81	6.55846
13	450.402	1.01019	-879.475	1442.45
-13	601.017	0.735624	182.11	-965.548
-13	430.326	0.825871	834.466	-1397.13
-13	405.259	0.550887	458.464	-253.818
13	550.849	1.16102	-143.796	808.007
13	446.44	0.669025	-68.7969	-287.91
13	746.443	0.235665	-349.73	-690.409
13	445.893	1.02744	-131.111	343.597
-13	571.713	0.207495	422.737	-727.07
13	643.568	1.19035	-1192.49	-502.953
13	507.984	1.09928	-213.534	-1335.05
-13	656.581	0.12064	-281.243	905.282
13	484.874	0.465109	1298.67	-1302.52
-13	420.306	0.615422	1353.1	-614.223
-13	411.868	1.12777	-1231.41	1167.27
13	418.999	0.721176	-1470.19	-1154.23
-13	423.843	0.927066	417.969	-28.4577
-13	1296.46	0.393112	999.156	1106.1
-13	527.554	0.342771	-1233.37	-1279.89
13	791.824	0.691513	895.769	-65.3599
-13	587.144	0.399804	-1487.29	1005.39
13	502.249	1.19235	706.981	75.02
13	1163.93	0.236259	-1034.06	-604.063
13	757.263	1.20115	1451.73	-792.146
13	769.147	0.823925	-895.403	-61.3999
13	528.551	1.19193	512.326	580.694
-13	609.775	0.258185	-1087.17	-227.393
-13	585.071	0.704231	-1075.78	1473.11
-13	427.935	0.335615	459.088	89.12
13	563.202	0.853549	106.605	-1298.59
13	562.859	1.0765	-1200.93	1285.02
-13	648.321	1.17878	-1022.18	364.689
-13	476.245	0.256996	-278.81	1158.32
13	453.492	1.09085	-112.706	-375.745
13	1218.92	0.526071	535.806	-709.267
-13	560.372	0.104694	404.776	1227.51
-13	599.77	1.09223	-242.352	241.881
13	519.715	0.629275	-920.015	-1138.94
13	876.252	0.208695	-485.037	826.564
-13	832.946	0.582147	262.098	-734.192
-13	405.34	0.195476	-329.998	192.559
-13	415.281	0.169324	1183.53	-841.164
13	744.183	0.040687	-1113.73	-1018.19
-13	594.602	0.830699	1460.11	-439.163
-13	580.288	0.133288	-1069.38	-54.7575
-13	417.345	0.347378	-235.078	-167.895
-13	430.122	0.21034	1383.33	598.417
13	434.228	0.280042	16.5794	-156.572
-13	681.904	0.17671	1223.39	-1192.16
13	1435.55	0.573377	218.388	217.78
-13	578.871	0.398097	843.931	-1456.13
13	418.171	0.659966	-421.107	527.382
13	1041.82	0.463316	-547.337	-252.545
-13	402.136	0.834401	-964.77	1105.78
-13	473.961	0.0707318	-241.379	-576.029
13	464.734	0.815068	591.099	1475.3
-13	502.244	0.723193	-1071.32	-715.758
-13	489.336	0.72246	1495.3	1096.17
13	514.913	1.05897	-45.0553	1097.16
-13	403.158	0.19754	877.57	794.759
13	419.928	0.138314	625.2	1036.23
-13	410.762	0.485939	-712.286	-607.803
-13	476.604	0.00935491	-78.6152	-56.7333
13	869.712	1.06689	-595.474	-1347.75
-13	1275.09	0.163042	-153.673	-453.382
-13	620.449	0.702873	-967.489	-922.393
13	983.136	0.398329	-618.338	-800.699
13	487.131	1.04401	154.512	866.536
-13	439.366	0.83744	-635.327	286.585
13	429.568	1.16076	-969.527	251.264
13	572.802	0.514279	1101.17	-530.591
-13	425.783	1.11804	-356.939	-632.499
-13	586.04	0.079649	1364.33	986.122
13	433.454	0.972714	-235.671	357.738
13	433.087	1.05084	1378.23	111.429
-13	439.655	0.658586	-297.969	663.416
-13	434.739	0.336744	1019.26	577.628
-13	1067.56	0.875798	846.17	-516.291
-13	586.591	0.443978	831.782	621.653
13	745.603	0.585028	909.065	271.484
-13	1537.95	0.630231	839.441	1159.87
13	663.228	1.06847	-144.154	-377.134
13	406.91	0.924697	539.204	1453.69
-13	420.344	0.480028	222.761	1334.5
13	421.507	0.286059	1052.95	-211.532
13	442.982	0.311319	548.979	68.932
13	550.424	0.736681	489.933	-417.2
13	411.214	0.790439	1419.24	961.653
13	430.777	0.182658	-1137.44	-892.873
-13	478.969	0.999997	-1226.9	209.684
13	478.797	0.317209	-1003.61	969.28
-13	421.795	0.321331	-1120.13	-337.311
-13	516.213	0.0716684	457.129	608.067
13	629.089	0.0298487	458.496	921.957
13	505.958	0.275356	-674.411	-704.566
-13	2024.82	0.592344	260.205	-692.162
13	524.181	1.20481	492.263	996.38
-13	817.43	0.296446	-360.251	1345.88
-13	3020.77	0.31161	-306.116	-1055.4
13	425.924	0.482282	-1326.64	-1019.78
13	1325.27	0.764542	767.46	933.56
13	563.245	1.02796	-631.02	-278.978
13	488.59	1.02678	308.146	-286.068
-13	581.069	0.872035	-207.909	-791.653
-13	504.885	1.12401	1102.17	506.543
-13	461.779	0.025452	-530.319	-795.09
-13	527.884	0.838784	-800.804	-1480.63
13	563.944	1.14099	-368.759	82.5998
-13	724.527	0.461496	-697.751	809.543
13	434.055	0.547271	-192.781	58.1248
13	558.396	0.137669	1349.15	1095.56
-13	565.925	0.0848439	-513.705	788.554
-13	1710.37	1.14747	13.595	417.556
-13	564.531	0.00572999	-208.782	-1332.6
13	1005.6	0.542053	-1469.57	-658.185
-13	1054.12	1.04449	862.462	-1368.59
-13	422.931	0.145106	-115.033	-717.94
-13	434.242	0.180402	958.504	1002.62
-13	416.689	0.373945	1032.04	-1395.07
13	553.606	0.0818841	299.773	619.496
-13	1014.65	0.928904	-396.847	998.642
-13	416.901	1.10591	-432.832	-301.183
13	495.153	1.04742	-833.865	-1214.93
13	661.152	1.13949	1027.02	-1447.74
13	653.321	1.19684	385.35	-1150.98
-13	449.419	0.892798	1003.24	901.504
13	415.224	1.00758	-600.88	1332.41
13	486.533	0.364382	499.654	-1440.03
-13	536.316	0.605619	-1435.32	-659.691
13	2660.07	0.245034	488.055	1412.88
-13	593.725	0.289014	161.414	-792.794
13	657.719	1.11765	491.057	91.659
13	509.858	1.15108	-798.088	-451.561
13	1430.94	0.897546	-276.529	1429.44
-13	446.102	0.128624	-1009.75	-900.916
-13	555.83	1.0982	896.897	151.075
-13	815.007	0.957288	-1294.65	1450.93
13	538.975	0.237315	-1120	1382.85
13	637.489	0.738887	-1317.44	959.749
-13	454.777	1.03273	-820.752	-551.349
-13	674.838	0.488316	1412.79	1391.44
-13	587.587	0.572135	450.998	962.263
13	708.901	0.567879	-611.833	-1024.22
-13	464.281	1.03317	553.179	510.229
-13	489.987	0.693692	805.846	-550.553
-13	665.984	0.672901	790.399	1247.75
13	498.615	0.215158	1022.38	1295.1
13	4422.63	0.857055	1403.11	1490.52
-13	524.379	0.753346	976.275	60.9534
13	506.735	0.0734956	-1169.84	496.172
-13	1291.14	0.130433	-22.1066	-826.886
13	770.826	0.125509	79.6014	-703.062
-13	3056.64	1.22018	32.9483	160.585
13	555.987	1.01416	1287.3	-1136.64
13	522.664	0.375538	-86.2862	893.892
-13	464.147	1.04278	489.924	-1492.66
13	482.462	1.03036	767.041	870.891
13	484.353	1.22064	-396.821	595.746
13	502.156	0.160339	-350.303	-1028.74
13	417.177	0.885039	-255.262	384.23
-13	400.902	0.797462	894.834	1439.71
-13	567.577	0.526195	-414.837	38.4413
13	487.469	1.0662	-550.892	-162.62
-13	622.078	0.572218	740.933	671.947
13	426.911	1.12997	-78.3556	1309.68
13	413.034	0.349809	-84.2785	-1390.33
-13	472.032	0.196108	-323.316	1053.64
-13	593.827	1.11937	666.844	433.728
13	504.313	0.944818	309.748	-182.455
-13	906.777	0.715731	1325.42	-423.262
-13	560.969	0.814458	-96.7677	737.766
-13	814.647	0.96424	-461.22	907.285
-13	500.625	0.861245	-29.2943	-279.821
13	1119.14	0.686456	-799.953	-761.998
-13	553.817	0.850335	-891.426	1152.24
13	428.781	0.28796	-993.882	639.581
-13	498.805	0.697437	-992.084	1424.8
-13	994.418	0.440173	212.737	364.888
-13	450.388	0.638839	834.633	1256.96
13	442.394	0.817003	244.879	211.98
13	446.024	1.07257	-73.8502	-1328.29
-13	439.311	0.0356822	415.076	215.082
-13	449.691	0.281532	-1029.76	-60.0397
13	599.287	1.08791	839.511	-308.911
13	1599.2	0.535748	1114.41	928.491
-13	417.98	1.17492	-1365.14	336.613
13	423.098	0.552543	715.91	1004.33
-13	483.385	1.05911	-1041.53	171.104
-13	437.458	0.0969373	-2.81278	358.13
13	511.793	0.666256	-1326.25	-186.427
13	644.141	0.503593	-1448.83	77.1432
-13	1125.67	1.21148	-969.796	534.584
-13	555.655	0.0123527	807.308	-906.43
13	407.387	0.850301	-716.168	768.02
-13	441.231	0.398672	237.249	-79.9047
-13	1982.09	0.710223	-768.968	-333.305
-13	619.602	0.689608	-441.978	-665.755
-13	939.988	0.709765	-589.666	-1434.9
13	564.41	0.474212	-397.63	-956.693
-13	930.183	0.487505	-1470.88	635.27
13	442.206	0.739775	332.243	-461.593
-13	474.345	0.0235109	-445.618	290.544
-13	510.207	0.290299	683.136	823.244
13	596.525	0.816295	-1309.37	-1235.2
13	448.914	0.568028	425.491	-259.368
13	938.342	0.790439	-749.116	-801.494
13	663.068	0.504252	-1021.51	37.6518
-13	875.777	0.459426	-227.492	762.906
13	808.559	1.20442	-968.625	1097.72
-13	1605.28	1.17799	-1270.56	480.364
-13	406.295	0.265776	989.355	-158.559
-13	569.453	0.506731	216.902	654.327
13	701.396	1.20797	-1124.68	-435.33
-13	545.444	0.333024	-1064.6	641.853
13	672.409	0.740168	-26.6196	1044.75
13	691.078	0.126267	799.915	398.98
-13	624.24	0.0593305	-799.5	-661.529
13	918.589	0.202164	375.085	1264.39
-13	656.539	1.10099	-282.439	1481.86
13	2743.31	0.634079	-1217.91	674.374
13	410.135	1.09222	925.827	-1405.02
13	486.245	1.18349	868.841	1497.57
13	438.425	0.220119	-224.667	1294.77
-13	515.869	0.274369	-816.056	-1293.93
13	660.342	1.15627	270.121	-151.096
-13	473.593	0.382307	850.472	-802.022
13	437.119	0.144213	-514.708	965.757
-13	508.325	1.10827	-917.411	1011.39
13	475.88	0.155984	-1007.66	-656.237
13	486.955	0.282257	181.362	-124.677
-13	795.055	0.625776	1021.61	-252.394
13	609.088	0.399475	456.316	-449.827
-13	458.141	1.1602	-1427.05	-224.631
13	1181.47	1.21293	-414.647	-125.487
13	1221.94	1.17557	741.667	-1425.57
-13	1576.89	0.311618	433.727	-258.555
13	826.322	1.13055	181.442	-1338.96
-13	2700.1	0.538036	483.866	1381.18
13	481.179	0.274565	-1065.29	212.101
-13	625.357	0.558371	-1392.88	-1196.21
13	632.115	0.0753809	879.846	-411.192
13	435.654	0.275106	-512.34	44.6864
-13	484.559	1.18702	-364.267	-566.254
-13	665.246	0.512267	480.284	-891.746
-13	621.892	1.12421	683.828	871.675
-13	415.799	0.761478	-1064.93	-800.39
-13	436.138	1.06381	-1087.47	-924.161
-13	483.507	0.144801	363.872	15.8335
13	846.841	0.883761	-254.201	156.599
13	452.366	0.583528	-598.445	685.461
-13	493.565	0.455294	1102.01	-119.514
13	496.63	0.619901	-553.849	169.544
13	573.975	0.656497	1478.99	-430.098
13	579.266	1.07844	1461.63	1443.1
13	651.798	1.0123	-566.819	-1132.8
13	1057.15	1.10367	-897.242	-730.969
13	467.92	0.719469	998.632	837.896
-13	847.783	1.03397	-670.76	103.202
13	960.243	0.780984	-419.724	675.599
13	444.978	0.734153	-470.517	81.7592
-13	960.631	0.208235	-640.419	975.168
13	408.359	0.128405	1171.38	354.959
-13	681.951	0.960975	-1200.42	502.936
13	706.199	0.0929713	454.172	-1150.02
-13	1026.62	0.413815	522.327	966.124
-13	513.342	0.0356057	-1441.85	-338.489
13	508.872	0.402828	1060	-1098.77
-13	536.152	0.467223	-1085.44	-293.308
13	400.253	0.33827	-676.122	-1204.72
13	895.595	0.128759	1188.77	970.676
-13	421.011	0.87755	1412.09	1430.2
-13	1739.64	0.96981	-889.472	1045.32
13	468.167	0.518567	-1016.75	-1175.09
-13	622.388	0.836675	-292.896	-1394.89
-13	732.478	0.53236	-111.621	-398.17
13	1137	0.750553	-1168.89	-1060.98
13	716.909	0.206445	-316.269	-1191.57
-13	522.133	0.837979	-915.903	414.239
-13	563.953	1.13387	351.765	-689.235
13	465.682	1.0022	-1206.62	-932.108
13	678.895	0.597257	-1198.39	438.863
-13	692.589	1.0141	413.503	-295.975
13	1531.01	0.0207397	-1328.25	329.764
-13	614.365	0.832527	-131.61	-642.363
-13	568.321	1.11932	1059.82	-483.173
-13	414.779	1.21114	1474.18	1306.92
-13	477.275	0.524799	955.157	-179.52
-13	438.99	1.16244	934.81	-856.433
-13	695.402	0.407362	1078.45	-587.631
13	405.282	0.579061	-1065.31	-1388.68
13	455.423	0.740287	-360.992	-1393.58
-13	649.953	1.10278	172.219	1123.58
-13	665.487	0.316152	-1014.19	-287.986
-13	465.057	0.697304	-297.595	366.914
13	962.18	1.18949	983.501	1200.7
-13	793.116	1.16095	526.754	-1000.45
13	646.471	0.388868	1044.7	-1472.88
-13	698.166	0.170049	-936.08	577.51
13	663.69	0.507067	169.566	364.442
13	768.228	1.1245	-593.769	-1044.08
13	455.416	0.364386	-273.812	-1439.23
13	566.522	0.780426	1104.04	442.83
-13	476.732	0.374177	-1311.6	-440.498
13	474.148	0.919223	-1163.2	-1349.34
-13	793.236	0.0640118	-874.504	950.546
13	546.587	0.966494	1098.64	1140.8
-13	410.876	0.740491	-792.575	120.151
-13	604.888	0.312029	173.874	-594.01
-13	608.803	1.00476	961.796	37.8005
-13	420.099	0.431651	1104.91	558.584
-13	440.154	0.667789	123.001	552.58
13	584.377	0.732392	-179.945	245.961
-13	415.428	1.04822	-206.354	553.112
-13	423.886	1.07084	1492.32	625.271
-13	578.27	0.0450945	684.331	61.9657
13	558.383	0.930001	-396.809	1331.41
-13	620.44	1.09836	-55.8444	1429.13
13	556.118	1.00079	1069.94	-1084.38
13	507.541	0.0936087	1400.87	-134.47
-13	1787.61	0.436588	829.627	-527.94
-13	450.053	0.963743	623.881	-1227.65
-13	1483.2	1.17342	-698.905	-767.518
13	439.392	0.187438	8.00512	1119.57
-13	431.194	1.14654	-1368.1	-1088.67
-13	582.421	0.531385	327.483	1174.59
-13	801.744	0.0468413	1373.13	-692.213
13	1152.04	1.07825	-1233.22	-507.842
-13	691.239	0.382358	1329.16	124.317
13	740.14	0.56022	254.906	-1456.28
-13	547.121	1.05461	1454.04	191.135
-13	591.247	0.636032	706.473	-1395.82
-13	522.515	0.64737	743.963	71.4919
13	871.268	0.315645	-1315.66	-522.109
13	458.769	0.116035	1234.56	-705.118
-13	484.611	0.538094	-488.84	250.036
13	407.873	0.654719	-1140.4	1473.74
13	621.601	0.0579241	1418.15	-67.501
13	1117.73	0.711628	423.92	-1009.62
13	409.05	0.673514	7.15497	1476.11
-13	766.387	1.18536	654.899	-1227.96
-13	1609.69	0.0402981	-818.973	-751.671
-13	485.507	0.586206	-210.029	683.432
-13	455.405	0.484859	726.27	-1120.6
-13	572.678	0.153825	-445.59	545.989
-13	491.397	1.22056	-749.953	527.68
13	2007.69	1.19686	11.0123	633.761
-13	476.285	0.758449	35.9108	240.863
13	591.688	0.680172	-559.999	-189.561
-13	459.306	0.85286	603.81	628.886
-13	578.607	1.09499	-1199.98	-820.02
-13	452.665	0.285394	-1259.49	-614.679
-13	511.018	1.20672	-151.188	-58.1809
-13	1247.36	0.971493	-1266.12	-1216.03
13	823.536	1.09132	181.91	526.457
-13	617.509	0.370103	-1123.4	919.569
13	449.535	0.291633	508.371	-1391
-13	1039.64	0.742224	1444.45	407.108
-13	873.31	1.08326	188.291	1060.94
-13	937.779	0.107644	757.84	393.345
-13	593.733	0.88794	-1117.84	-954.974
13	927.268	1.11003	1330.12	-555.433
13	509.361	0.847602	-1342.61	-1008.07
-13	1262.12	0.99068	1387.4	-917.325
13	489.188	0.952934	363.075	-1387.97
-13	560.801	0.819597	230.856	1010.89
-13	5400.96	1.16303	-455.818	476.768
-13	452.323	0.837892	-216.183	21.3596
-13	684.956	0.496701	757.297	-682.86
13	522.66	1.02391	-1032.07	-333.997
-13	1046.1	0.557346	863.646	842.978
13	602.745	0.68546	765.83	-1151.17
-13	426.474	0.170043	-1403.23	1325.41
13	499.645	0.182887	1361.05	-672.727
-13	411.745	0.603682	540.537	877.983
13	545.008	0.722731	-656.852	-1173.82
-13	673.071	0.481189	602.472	-1191.34
13	1840.98	1.17325	-215.241	20.5944
-13	558.916	0.686104	-849.474	-676.569
13	481.917	0.676145	166.308	-508.864
13	524.777	0.366718	814.989	203.555
13	763.311	0.987099	753.665	510.865
-13	402.329	1.11931	-1485.14	-644.957
-13	1094.72	0.968933	1036.54	800.683
-13	569.06	0.839589	-804.599	-589.809
13	460.881	1.20142	-9.08376	-1498.76
-13	473.682	1.10843	505.078	-564.762
-13	400.447	0.204	416.624	-390.238
-13	1413.59	1.02564	121.788	-803.706
-13	427.899	0.292501	60.0958	-368.358
13	1595.02	0.773136	-1411.68	314.046
-13	403.601	0.874157	121.923	643.474
-13	466.925	0.127758	1038.86	500.437
-13	2066.13	0.81904	44.4288	560.741
-13	537.914	0.865728	858.765	96.6884
13	406.09	0.500436	593.424	575.258
13	498.434	1.06943	1400.22	72.4289
-13	547.687	0.571585	-1076.81	809.043
-13	469.273	0.598204	-733.039	-1062.97
13	455.206	0.728731	599.995	-561.774
13	422.367	0.669754	-72.7547	-548.795
13	474.879	0.387086	469.461	-1159.76
-13	479.523	0.822038	58.7622	916.214
-13	545.86	0.760862	913.418	-1189.54
-13	430.64	0.660757	-1265.16	379.891
-13	683.98	0.68064	-646.641	902.508
13	573.099	0.827241	-857.087	1293.83
-13	466.699	0.0347135	347.906	1405.31
-13	563.483	0.799132	-43.7405	947.473
13	417.767	0.167941	-1392.13	-815.522
13	517.793	0.170996	758.963	264.501
-13	503.437	0.918733	694.578	54.7464
-13	458.845	1.1872	-860.203	1333.55
-13	565.761	0.655356	-848.235	859.441
13	1384.48	1.13737	-457.261	854.605
13	429.599	0.221914	-722.645	492.547
-13	756.781	1.04897	-694.825	1286.83
-13	570.752	0.046652	-1070.67	918.545
13	572.903	0.949024	579.502	-1198.19
13	402.07	0.117701	75.7547	1304.52
-13	476.746	1.09717	1007.1	1155.58
-13	817.31	0.400498	661.816	1133.89
-13	562.154	0.438484	960.208	-735.224
13	432.845	0.92001	-968.462	557.612
-13	735.77	0.95233	-4.82671	-541.34
-13	512.043	0.0708381	-84.3838	-494.801
-13	404.277	0.343152	981.32	-1207.01
13	461.662	0.651648	-1184.44	406.328
-13	760.048	0.95297	29.9528	-1050.94
-13	451.826	1.0025	33.9763	-1466.59
-13	469.444	1.00565	1429.63	-51.0464
13	636.469	0.414655	-1.32909	585.944
13	626.202	0.555973	-1160.24	51.2121
-13	432.851	0.691905	-1476.76	832.562
13	553.484	1.00072	-1366.27	755.151
13	720.624	0.625365	-310.23	1118.02
13	738.45	0.468182	1197.9	195.073
-13	780.808	0.379045	900.825	-450.826
-13	1334.54	0.77376	1002.49	1196
13	412.933	0.031183	159.647	338.595
-13	696.404	0.340683	749.117	534.313
13	441.398	0.278615	-230.925	-730.709
-13	483.731	0.882961	846.757	-1387.92
-13	698.394	0.576816	821.926	-870.635
-13	477.831	1.018	-32.3673	-1338.35
-13	531.186	0.819573	-1341.78	1371.76
13	535.597	0.919085	-279.181	1161.72
-13	658.121	1.16915	473.238	-1023.6
-13	580.463	0.74788	880.29	6.09244
-13	1410.37	0.419717	539.622	-1392.87
13	1306.08	0.995978	-1410.46	126.289
-13	431.685	0.141109	-655.486	-1090.26
13	433.689	0.913147	803.518	741.299
13	805.18	1.03489	-508.653	1346.67
-13	529.906	0.126678	-139.933	281.33
13	973.314	0.754056	-838.038	622.897
13	592.185	1.11355	359.283	1251.7
-13	447.786	1.17305	-147.369	1344.2
13	426.324	0.892636	-925.931	357.328
13	409.856	0.575739	225.162	-1090.9
13	443.554	0.72729	-720.846	151.762
13	532.478	0.593701	625.635	748.752
13	473.315	0.0547882	1330.78	1438.22
13	465.521	0.804533	631.886	-1372.14
-13	491.938	0.0616302	745.928	-1091.58
13	564.11	1.07695	1115.17	912.093
13	954.278	0.727375	539.125	108.817
13	416.492	0.150832	993.86	421.395
-13	427.76	0.412695	442.737	38.0197
-13	827.107	0.846868	595.694	-850.043
13	582.75	0.381139	1392.2	-1156.13
13	448.596	0.798167	451.888	300.662
13	985.936	0.796765	1260.25	-1050.16
13	462.642	0.854747	-294.634	475.664
13	479.52	0.242141	1387.09	-540.716
-13	1072.1	1.1467	-1245.61	-1031.55
13	1196.6	1.04292	-1312.4	759.581
-13	570.57	0.992255	140.125	991.879
-13	1121.85	1.15165	-1309.51	-197.988
-13	492.44	0.583597	-1056.07	-147.437
13	487.834	0.652493	-242.409	-704.854
-13	458.206	0.0949823	-970.457	317.661
-13	466.363	0.012216	1443.42	698.981
-13	634.407	1.15378	-822.003	462.283
-13	438.244	0.510126	389.221	-1123.17
-13	473.182	1.20925	-142.179	1187.81
13	451.552	0.931383	-562.672	399.857
-13	718.629	1.21149	519.759	884.433
-13	457.519	1.16868	170.177	698.885
-13	1442.51	0.866826	1031.95	-8.79071
13	415.947	1.13016	288.765	-324.041
-13	860.924	0.532823	828.485	-732.558
-13	476.116	1.12252	-854.624	349.603
13	1011.77	0.0966708	222.543	1294.67
-13	859.147	0.588527	1172.23	695.685
13	736.394	1.13898	-836.098	240.66
-13	426.262	0.439216	115.672	887.708
13	422.485	0.643812	1413.44	942.254
-13	441.299	0.647186	310.374	-1311.16
13	458.289	0.919513	-1095.12	-2.02673
-13	408.464	0.151485	-309.167	-742.152
-13	446.333	0.952191	1430.93	-385.958
-13	576.003	1.20775	-640.867	-1076.67
-13	690.147	1.20982	59.0069	-109.404
-13	411.149	0.434564	-1089.07	113.032
-13	566.886	1.19219	737.322	1315.66
13	490.769	0.695765	-705.521	-253.895
13	453.478	0.685335	-350.289	138.263
-13	1166.37	1.20211	966.362	-994.916
13	994.721	0.406116	896.285	-549.016
-13	573.483	0.458799	-993.905	-205.725
-13	552.507	0.0966316	548.006	480.734
-13	450.073	0.559731	1021.84	-415.072
-13	1002.36	0.906437	1067.84	-661.117
13	497.279	1.15076	-136.186	1432.77
-13	408.879	0.315665	-376.252	-592.549
-13	653.846	0.720212	-929.485	-1052.88
-13	664.151	0.0589361	-814.814	1296.3
-13	412.048	0.909899	-229.623	-14.5939
13	444.162	0.410564	488.222	-725.626
-13	537.184	0.639265	-758.287	-1479.01
-13	453.566	1.13041	-888.14	-455.33
-13	424.215	0.857111	-1138.71	-834.405
-13	539.271	0.370093	-1235.48	474.096
-13	408.418	1.12535	-397.277	991.733
13	425.517	0.718557	888.427	-804.882
-13	592.909	0.973163	-1302.15	687.393
-13	685.914	0.586009	1057.84	903.172
13	467.754	0.0835558	-983.994	-185.526
-13	885.426	0.783695	1030.18	106.885
13	686.302	1.15068	-1288.99	667.781
-13	692.057	1.06538	-1430.97	1270.56
-13	471.723	0.926748	707.429	1037
-13	629.718	0.0089403	807.707	-121.052
-13	449.112	0.841671	1281.72	-28.6788
-13	522.962	0.931016	-411.682	964.381
-13	565.06	0.561647	1039.5	-1012.97
-13	591.32	1.14708	1388.79	-1072.47
-13	1643.98	1.17653	791.598	-280.068
-13	1161.76	0.383443	-203.149	789.38
13	1361.45	1.16756	74.181	1126.27
13	432.206	1.10763	396.974	1263.61
13	722.675	0.037798	-1431.37	-95.3881
-13	1007.38	1.19477	-720.661	1138.81
13	501.32	0.213473	-251.784	623.177
-13	798.265	0.674629	-385.324	-595.267
-13	430.116	0.202872	-126.16	-66.0089
-13	556.512	0.87185	-569.537	-452.499
-13	1093.94	0.116157	740.408	-1000.17
-13	614.285	0.334408	-81.6263	1467.78
-13	983.274	0.30278	611.06	525.535
13	538.939	0.954118	-219.718	246.791
-13	1010.92	0.913236	-923.037	-1335.8
-13	707.438	1.08997	449.249	251.336
13	427.872	0.81721	-1299.65	90.302
13	428.85	0.588636	-1163.06	1052.59
-13	540.118	0.742881	-190.8	-285.05
-13	745.024	0.458954	115.456	1235.56
-13	401.387	0.325225	-1497.87	1158.18
13	486.611	0.516148	315.323	1131.03
-13	485.243	0.0388926	552.86	-898.916
-13	1375.34	1.08716	295.173	801.981
