13	779.584	1.03352	1470.25	-815.607
13	561.04	0.252939	1383.78	284.917
13	573.145	0.460728	-467.953	1490.99
-13	543.719	1.09243	1365.12	-877.971
13	903.599	1.1572	-1037.25	998.841
13	605.203	0.520256	-801.115	-1001.75
-13	683.45	1.07086	-504.526	102.685
-13	688.719	1.20534	-1065.61	-1392.95
-13	3147.37	0.556511	715.544	959.361
13	403.775	0.0512984	-451.078	-275.97
13	441.827	1.10798	1372.24	359.161
-13	632.336	1.18903	-651.504	247.845
-13	449.139	0.488891	1382.43	761.191
-13	416.65	0.923801	-640.164	-107.035
-13	409.682	0.249301	912.487	-647.447
13	863.155	1.07049	-883.853	-616.23
13	632.171	1.15229	-754.12	-25.4542
13	441.793	0.104725	97.2024	71.1059
13	445.946	0.899354	-801.974	-1282.12
-13	619.661	0.853717	426.947	-834.733
-13	544.89	0.0460642	-669.494	367.968
13	716.215	0.80577	-642.666	1429.23
-13	400.35	1.07874	-378.145	583.17
-13	906.284	0.573256	-334.085	-472.042
13	522.92	0.200621	819.035	-851.479
13	613.868	0.606455	-999.217	-1327.38
13	654.734	0.691811	240.688	1458.85
13	670.403	0.930816	1191.97	-1234.76
13	526.043	0.256761	-737.888	-972.304
13	463.317	1.02997	-621.487	-751.847
-13	495.265	0.862162	853.969	454.876
13	470.97	0.960912	-1293.81	814.505
13	779.929	0.0294746	-988.236	-1038.14
-13	510.86	0.70384	-59.4656	-265.771
13	502.181	1.16769	-1293.49	-1452.46
-13	471.904	1.13237	722.211	-1151.12
13	414.454	0.231878	-223.656	1137.03
13	885.133	0.312149	486.028	826.608
-13	547.058	0.69644	-888.544	-1396.1
13	420.259	0.531732	-184.55	1173.31
-13	404.714	1.1426	-152.281	-767.305
13	1649.69	0.357039	-624.033	-723.172
-13	1129.51	0.366218	980.745	-194.85
-13	1121.93	0.560448	-617.627	324.024
-13	629.355	0.13505	-1012.45	-1131.07
-13	693.98	0.743658	394.794	-77.4881
13	428.16	0.720653	208.456	989.247
-13	1017.02	1.12506	-840.597	-832.824
-13	550.066	0.683784	394.153	-1135.93
-13	989.432	0.119498	828.052	697.722
-13	580.819	0.618613	1118.19	-344.08
13	459.36	0.65181	927.072	-361.63
-13	432.156	0.873729	517.802	399.224
13	486.825	0.359861	232.267	1152.71
-13	1113.66	1.18163	546.072	825.482
-13	428.749	0.00596246	-677.047	479.58
13	421.241	0.335772	918.976	537.584
-13	486.316	0.597438	1146.56	-107.382
-13	522.309	0.600717	1438.19	431.089
13	461.657	0.820043	-1346.82	1044.98
-13	442.476	0.930222	673.499	158.212
13	676.243	0.347535	1007.25	404.505
13	475.557	1.13459	-150.521	-936.291
-13	430.603	0.167928	1014.33	814.643
13	967.757	0.2797	416.55	-1459.61
13	1826.29	1.17574	1441.25	-1185.63
-13	407.783	0.334749	1382.51	-1323.19
-13	626.502	0.940256	1467.94	654.338
-13	555.18	0.123016	-240.323	943.125
-13	408.573	0.163853	-1015.39	153.511
13	618.463	0.544178	-616.283	984.99
-13	818.163	0.348972	198.954	53.1479
13	573.409	0.613425	-81.9605	1264.33
-13	738.489	0.223385	-244.762	593.216
-13	558.539	0.0997076	315.231	549.793
-13	642.393	0.531153	1090.39	-350.027
-13	1844.22	1.03945	-152.638	1004.25
-13	494.945	0.722904	258.296	-1079.83
13	565.321	1.1359	924.866	42.5198
-13	597.243	0.674819	-650.381	155.422
-13	1081.52	0.387999	233.421	-664.396
-13	885.786	0.837187	-305.875	557.163
13	406.502	0.5043	91.672	108.396
13	729.369	0.630047	1350.58	-935.361
13	556.486	0.132223	-369.555	-703.157
-13	426.218	0.883278	-825.486	268.9
-13	533.506	0.257269	1398.21	1167.4
-13	452.852	0.0134475	-112.07	-1330.21
-13	573.167	0.808023	1267.03	152.322
-13	530.213	0.69323	1477.25	417.882
-13	1975.07	0.265111	773.311	1165.89
-13	571.154	1.19922	-144.2	-1055.12
-13	403.12	1.13439	1149.56	884.656
-13	408.623	0.163664	290.334	-515.379
-13	2215.82	0.310139	1254.37	-1268.87
-13	494.568	0.865192	-992.848	-871.995
-13	413.09	1.06264	-348.448	229.956
13	448.902	0.969692	-1031.03	-172.264
-13	650.323	0.967189	-163.966	241.294
-13	457.383	0.854624	-910.872	226.595
13	595.08	0.96576	1177.91	-1295.19
13	793.049	0.585823	846.321	22.9551
13	422.058	0.93506	-118.879	210.49
-13	562.281	0.897419	671.796	-1041.85
13	433.761	0.664292	-809.114	-406.316
-13	1138.57	0.874596	-824.129	-720.034
13	434.797	1.15441	-814.142	951.257
-13	847.803	0.0322529	945.292	6.358
13	468.021	1.09694	1255.74	660.522
13	452.279	0.455456	173.422	-86.6996
-13	645.781	0.388055	1411.71	-822.962
13	425.13	0.767122	-55.0987	-764.715
-13	431.12	1.06734	-1207.29	554.966
13	499.339	0.371925	524.036	-332.997
-13	779.392	0.659464	896.301	439.327
-13	407.214	0.3092	1028.08	434.81
-13	460.516	0.694153	-1153.67	452.197
13	480.504	0.834361	507.004	442.459
-13	891.665	0.83415	-477.511	-1201.02
13	1049.62	0.621226	-908.581	356.004
13	631.781	0.180045	-323.041	1195.71
13	1788.69	1.15684	203.208	-928.063
-13	416.172	0.756478	699.297	1246.31
-13	455.63	0.751104	-1397.36	-247.097
-13	531.446	0.4964	1373.64	1038.42
-13	565.358	1.20053	1484.21	-502.429
-13	732.399	0.893965	144.066	-970.036
-13	465.342	0.873924	421.682	-976.338
-13	554.64	0.992457	-1201.68	222.497
13	402.651	1.12123	1371.48	-750.56
-13	507.772	1.09601	138.217	910.947
-13	679.31	0.74947	-443.762	-1161.08
-13	532.512	1.06048	395.473	-236.799
-13	491.872	1.11643	-542.174	-495.403
13	609.94	0.148642	662.179	-67.3102
-13	568.235	0.944984	-443.569	-1148.17
-13	828.97	0.0468049	-404.804	1015.39
-13	430.763	0.935089	297.523	-894.583
-13	1370.52	1.11165	-1031.2	-1157.16
13	412.204	0.567295	-839.145	650.666
13	602.793	1.09711	-455.818	476.768
13	669.419	1.04973	-216.183	21.3596
-13	551.224	0.272618	757.297	-682.86
-13	454.042	0.257261	-1032.07	-333.997
13	425.548	1.20762	863.646	842.978
-13	502.623	0.654623	765.83	-1151.17
13	604.485	0.777978	-1403.23	1325.41
13	407.798	0.9169	1361.05	-672.727
-13	411.968	1.20966	540.537	877.983
13	558.439	1.04937	-656.852	-1173.82
-13	503.263	0.640848	602.472	-1191.34
-13	430.197	1.20866	-215.241	20.5944
13	597.448	0.763423	-849.474	-676.569
13	646.752	0.790147	166.308	-508.864
-13	405.339	0.915343	814.989	203.555
-13	408.074	1.22104	753.665	510.865
-13	1129.23	0.501223	-1485.14	-644.957
13	414.337	0.684549	1036.54	800.683
-13	538.368	0.442371	-804.599	-589.809
13	469.481	0.937864	-9.08376	-1498.76
13	550.961	1.07924	505.078	-564.762
13	1803.08	0.213253	416.624	-390.238
13	418.234	0.459851	121.788	-803.706
13	463.164	1.08986	60.0958	-368.358
-13	502.738	0.593228	-1411.68	314.046
13	852.623	0.639989	121.923	643.474
13	449.43	0.745608	1038.86	500.437
-13	971.525	1.03385	44.4288	560.741
-13	950.466	0.993191	858.765	96.6884
-13	440.365	0.598297	593.424	575.258
13	402.437	0.515152	1400.22	72.4289
-13	743.181	0.80604	-1076.81	809.043
-13	450.377	0.27139	-733.039	-1062.97
-13	443.555	1.13942	599.995	-561.774
-13	475.174	0.542577	-72.7547	-548.795
-13	785.461	0.413433	469.461	-1159.76
-13	1411.37	0.125198	58.7622	916.214
-13	417.06	0.671403	913.418	-1189.54
13	584.54	0.14475	-1265.16	379.891
13	434.769	0.930541	-646.641	902.508
13	447.422	0.403693	-857.087	1293.83
13	517.335	1.12929	347.906	1405.31
13	538.771	0.480554	-43.7405	947.473
13	504.356	0.777594	-1392.13	-815.522
-13	433.854	0.015641	758.963	264.501
13	889.949	1.0207	694.578	54.7464
-13	560.6	0.345772	-860.203	1333.55
-13	519.573	0.955193	-848.235	859.441
-13	472.43	1.17756	-457.261	854.605
-13	450.188	0.197848	472.746	-382.514
13	410.008	0.062092	904.472	-1049.21
13	560.445	0.981632	1066.84	1297.72
-13	702.419	0.446792	442.48	-355.395
-13	413.452	0.00555552	835.51	-1399.78
-13	440.737	0.965096	185.386	-1335.24
13	413.601	1.20573	836.359	113.735
13	752.662	0.946926	-1427.55	-669.854
13	668.021	0.295194	-925.422	1268.27
-13	606.188	0.609674	-356.559	1368.52
-13	498.053	0.393824	454.28	1404.71
-13	1164.82	0.510321	-6.55258	1390.49
-13	462.479	1.0457	344.97	704.433
13	515.007	0.985657	-852.522	669.705
13	931.233	1.16036	1227.85	-604.663
-13	652.421	0.500892	105.048	-898.745
13	459.277	0.655535	149.936	270.957
13	669.023	0.978347	-957.861	-40.7365
-13	633.534	1.1617	-1475.35	822.361
13	490.455	0.936395	-1428.81	-224.976
13	2281.5	1.03085	-1336.04	-59.5097
13	477.988	0.477076	-142.158	-854.495
-13	470.54	0.668108	-1376.56	-715.592
13	400.031	0.0366618	-942.588	1124.93
-13	588.005	0.121964	510.89	-130.344
13	556.251	0.561943	170.582	-1396.43
13	483.451	0.959474	-874.592	343.535
13	550.359	0.675829	-152.477	943.775
-13	418.762	0.22121	930.672	-24.4705
13	562.916	0.271387	964.615	-249.7
13	482.301	0.156041	1475.16	-432.095
-13	514.762	0.899035	-191.375	839.118
13	791.003	0.698602	-392.538	723.847
-13	452.965	1.0294	-72.4781	-1206.78
-13	752.494	0.826503	751.052	-1383.9
-13	594.171	0.594963	1136.42	-640.489
13	488.627	0.453604	363.705	-1449.93
-13	490.187	0.760212	-1209.93	1171.37
13	540.885	0.359546	-500.122	1410.25
-13	800.07	0.704816	556.6	-915.323
13	859.668	0.151002	181.287	-29.898
-13	1329.13	1.18436	1411.92	-1483.4
13	564.5	0.0287313	-1465.41	860.445
13	1228.05	1.07739	1115.18	555.735
-13	427.018	0.998834	187.028	285.852
-13	659.215	0.898664	-1393.25	-1452.58
13	842.458	1.20026	1225.63	-1454.71
-13	625.876	1.02468	545.17	-525.177
-13	551.426	1.07776	-1046.96	863.267
13	425.125	1.15177	-1087.47	-924.161
-13	697.24	0.474204	363.872	15.8335
13	492.992	0.737367	-254.201	156.599
13	507.066	0.204118	-598.445	685.461
13	692.293	0.973494	1102.01	-119.514
13	410.998	0.440441	-553.849	169.544
13	417.151	0.957613	1478.99	-430.098
-13	476.87	0.274468	1461.63	1443.1
13	1991.78	1.09894	-566.819	-1132.8
-13	433.889	0.0926804	-897.242	-730.969
13	900.673	1.12306	998.632	837.896
-13	476.987	0.06185	-670.76	103.202
13	402.825	0.0189005	-419.724	675.599
-13	549.149	1.16067	-470.517	81.7592
13	759.232	0.829082	-640.419	975.168
-13	611.007	1.01023	1171.38	354.959
-13	499.103	1.14161	-1200.42	502.936
-13	402.03	0.407057	454.172	-1150.02
-13	506.065	0.293549	522.327	966.124
-13	436.13	1.02076	-1441.85	-338.489
13	2414.82	0.243966	1060	-1098.77
13	1502	0.501925	-1085.44	-293.308
-13	627.384	0.960954	-676.122	-1204.72
-13	433.53	0.312608	1188.77	970.676
-13	735.096	0.961279	1412.09	1430.2
13	477.747	0.163868	-889.472	1045.32
-13	423.25	0.854453	-1016.75	-1175.09
-13	416.784	0.201891	-292.896	-1394.89
-13	1753.8	0.884923	-111.621	-398.17
13	456.796	0.202551	-1168.89	-1060.98
-13	764.895	0.318556	-316.269	-1191.57
13	591.532	1.00437	-915.903	414.239
-13	609.848	0.985163	351.765	-689.235
-13	421.574	0.541387	-1206.62	-932.108
13	504.342	1.18497	-1198.39	438.863
13	494.711	0.925312	413.503	-295.975
13	553.101	0.352167	-1328.25	329.764
13	444.657	0.534088	-131.61	-642.363
-13	512.885	0.802902	1059.82	-483.173
13	455.16	0.603724	1474.18	1306.92
13	429.714	1.15018	955.157	-179.52
-13	425.376	0.181528	934.81	-856.433
13	690.591	0.372403	1078.45	-587.631
-13	605.674	0.512655	-1065.31	-1388.68
-13	417.351	0.245779	-360.992	-1393.58
13	2396.25	0.371265	172.219	1123.58
-13	549.268	0.871369	-1014.19	-287.986
-13	549.198	1.12855	-297.595	366.914
13	477.315	0.435562	983.501	1200.7
13	449.909	0.209356	526.754	-1000.45
-13	453.848	1.1098	1044.7	-1472.88
-13	715.48	0.642277	-936.08	577.51
13	544.253	0.484613	169.566	364.442
13	431.351	0.761583	-593.769	-1044.08
13	788.019	0.954946	-273.812	-1439.23
13	1096.59	0.818241	1104.04	442.83
13	1733.49	0.470298	996.4	582.34
13	655.076	0.748678	-99.6422	-1289.57
13	713.265	0.0385345	-459.149	-1192.07
-13	434.109	0.850962	-259.768	1421.99
13	444.292	0.462174	-1324.6	382.276
-13	469.296	0.394636	1468.84	-921.078
13	495.86	1.14956	429.526	1330.16
-13	445.323	0.622035	1126.31	837.029
-13	782.225	0.585371	-1339.51	-874.595
13	707.757	0.0822794	825.165	-1360.45
-13	545.987	1.14203	874.475	-1166.11
13	605.672	0.804591	-1120.89	48.8217
-13	886.344	0.325193	577.221	-1381.81
-13	433.318	0.921412	-1336.44	-446.184
-13	402.237	1.18795	-887.068	1367.61
13	464.772	0.107973	-93.69	-428.293
-13	549.602	0.99705	-1366.47	-481.667
13	549.173	0.555175	883.116	672.51
13	497.143	1.06667	-170.282	341.872
-13	519.242	1.04352	-608.999	-1354.36
-13	629.066	0.972493	129.657	101.14
13	411.28	0.362611	-1426.3	616.543
13	515.976	0.794959	-1234.24	827.331
-13	906.246	0.65198	412.255	957.597
-13	574.987	0.574916	1422.38	736.122
-13	872.507	0.57226	-1089.97	-1421.96
-13	524.861	0.679001	243.043	-1477.01
13	923.993	0.415737	-407.041	1189.67
-13	613.032	0.0268834	-299.365	-353.231
-13	414.538	0.0437315	607.531	492.845
-13	444.118	0.282039	1267.15	-667.414
-13	876.583	0.343914	199.884	1256.1
-13	764.101	0.945429	-863.362	-817.735
-13	401.735	0.230096	-920.704	-562.476
13	570.047	0.919353	10.8839	1347.94
13	564.228	0.589239	-969.158	-481.724
-13	485.471	0.805049	-450.033	-238.404
-13	472.797	0.454971	-1392.93	-231.631
-13	800.676	1.081	1264.61	688.444
-13	971.645	0.6736	38.2494	325.27
-13	401.129	0.214833	913.57	-1408.94
-13	581.384	0.609508	14.6038	793.929
13	644.773	0.967036	1338.61	1080.78
13	448.429	0.444953	14.2151	111.379
13	702.8	0.811997	204.35	-417.069
-13	456.667	0.9158	1223.97	550.295
-13	841.619	1.15738	229.164	936.51
-13	426.238	0.834669	-70.0602	-793.079
13	1237.81	0.0913122	1301.08	647.049
-13	513.338	0.154004	919.157	427.754
-13	773.37	0.491394	442.851	-1061.89
-13	547.472	0.447492	-884.052	-1086.53
13	435.341	1.05915	801.993	661.932
-13	408.79	0.331675	-231.431	-1275.23
13	1210.03	0.942881	1343.72	230.585
13	493.469	0.908172	-293.009	1019.77
13	556.819	0.0846234	-214.512	1240.52
-13	401.396	0.807359	1028.32	1289.63
13	412.758	1.09358	984.529	-258.369
-13	797.658	0.627825	-744.54	-201.682
-13	493.802	0.707165	898.592	-484.6
-13	501.329	0.9442	-697.968	131.696
13	541.855	0.959668	-207.624	-430.12
-13	1093.7	1.06259	-384.684	-1356.37
-13	438.523	0.233946	-250.664	-231.838
-13	2457.45	0.57179	121.577	-609.157
-13	432.956	0.682564	494.629	653.94
13	604.68	0.517733	-132.999	-84.15
-13	583.283	0.128301	-1497.02	968.208
-13	463.492	0.110736	-168.938	893.716
-13	540.638	1.20705	933.361	271.753
13	486.137	1.08183	213.304	182.942
-13	994.97	0.791526	1122.49	1169.65
13	529.522	1.16959	470.252	825.25
-13	705.073	0.400639	821.273	921.486
13	425.408	0.430843	1484.77	-237.524
-13	400.085	0.0596746	1246.1	-193.981
-13	417.774	0.293385	-1264.4	323.433
13	726.702	0.731503	1025.93	863.673
-13	452.598	1.04649	-1103.23	1114.85
13	874.845	0.0529074	1398.7	1241.74
-13	543.836	0.96162	-1000.8	-1338.38
-13	499.609	0.237674	-151.7	-1403.99
-13	447.115	1.21963	17.8548	-437.793
13	1074.55	0.84853	936.808	-1176.54
-13	571.483	0.576138	-624.574	775.161
-13	465.019	1.1297	-485.141	-420.119
-13	740.509	0.836019	657.746	-933.435
-13	520.789	0.344652	-599.976	-112.389
-13	510.788	0.790353	-962.607	203.464
-13	748.258	0.548749	-59.0714	128.381
-13	456.282	0.944338	-841.184	543.708
13	741.959	1.06425	1346.15	-777.2
-13	648.974	0.881399	-35.6605	539.644
13	515.055	0.747819	547.207	-1402.81
-13	448.931	0.0653597	1281.55	-627.767
13	653.126	0.112002	512.645	-532.753
13	773.991	1.01847	708.557	444.374
13	420.669	0.143997	-604.617	-1113.39
13	543.554	0.797536	1188.08	1057.57
-13	492.383	0.558746	-1294.74	292.665
-13	428.005	0.185818	1391.96	-702.769
13	428.038	0.654027	-88.3744	-1008.6
13	465.451	1.09355	856.997	926.992
-13	1011.93	1.12703	-1286.23	1241.5
13	768.059	0.893009	-1380.51	1479.14
-13	641.01	0.637015	545.764	105.692
-13	506.248	1.1021	-1243.94	-1040.69
13	515.093	0.931803	-733.141	1078.67
13	1041.04	0.262813	1338.22	-1216.27
13	704.9	0.761116	1376.8	601.746
13	490.138	0.21833	1237	-39.4401
13	955.98	1.01923	929.706	-238.398
-13	432.921	0.537159	-483.582	710.214
13	594.103	0.887401	-1387.02	544.164
-13	446.022	0.744881	291.827	393.721
-13	408.987	1.01693	722.419	729.788
-13	707.649	1.20271	-642.982	-50.9279
-13	405.796	1.09617	687.852	-26.3822
-13	870.994	1.20068	-538.719	227.058
-13	427.611	0.554555	1171.56	716.479
13	424.034	1.20865	952.395	-1125.63
13	1473.84	1.1881	-263.555	41.1277
-13	470.123	0.490037	1324.63	-1324.07
13	473.884	0.465469	763.494	-709.717
-13	409.266	1.17224	-205.311	-602.754
13	1303.06	1.1269	737.954	-462.927
13	609.718	0.0232183	1288.32	-174.577
-13	514.256	0.441943	-728.487	-927.819
13	851.974	0.364526	-399.432	-1098.45
-13	417.979	0.905535	842.165	94.1525
-13	1213.44	0.277148	435.788	81.7181
-13	674.378	0.488814	-782.756	-678.193
13	411.987	0.297529	-637.849	-621.464
13	497.664	0.416908	-625.721	19.3243
-13	1046.01	0.839941	-91.9584	-252.185
-13	541.083	0.192199	-1363.73	518.78
-13	507.351	0.348055	1215.05	-18.4446
-13	458.113	0.794349	493.726	688.477
-13	622.087	0.957775	1321.45	476.486
-13	421.163	0.906002	780.093	-811.793
-13	1566.79	1.19086	-79.5761	614.143
-13	415.362	0.368456	-426.896	787.678
-13	461.064	0.866933	977.225	-536.877
-13	427.702	0.990679	327.945	-1179.74
13	656.533	1.21847	468.891	1116.71
-13	438.836	1.17259	1205.37	1264.31
-13	624.519	1.04203	-999.165	807.239
-13	470.97	1.08038	433.63	-502.923
13	717.236	0.940843	-784.695	-1078.82
13	611.379	0.231113	-324.221	420.187
-13	803.515	0.774034	619.624	-1488.02
13	1686.76	1.18093	-313.101	-90.4003
-13	443.279	0.177845	-205.866	685.924
-13	543.149	0.0657684	630.415	-1427.57
-13	548.964	0.210114	1098.4	-1067.64
-13	464.463	0.514601	175.315	768.38
-13	760.316	1.21691	-1171.7	1418.66
-13	693.699	1.06051	460.215	396.167
13	572.776	0.406183	72.0236	1367.86
-13	575.63	1.19277	-324.615	926.392
-13	648.166	0.996055	-644.61	-848.049
13	413.823	0.670507	-1165.37	1256.56
13	503.635	1.01679	-665.681	-285.601
13	489.061	0.534434	1486.7	629.719
13	1604.69	0.866334	-274.033	-998.097
-13	413.381	0.607019	213.409	-1426.56
13	829.494	1.18456	735.173	296.448
13	448.02	1.04898	1101.8	46.2604
-13	1444.72	0.157883	1226.04	-984.244
13	824.699	0.405404	-911.17	-180.24
-13	404.417	1.20059	44.3807	-1494.87
13	1055.11	0.464361	-67.1033	99.4703
13	791.686	0.167899	-1136.18	-75.6797
-13	761.015	1.12066	768.756	974.425
13	915.329	0.286329	-1128.49	-1005.88
13	631.513	0.318532	248.88	1197.86
13	510.283	0.656683	-932.74	-694.143
13	598.615	0.594861	-104.717	1130.84
13	440.558	0.29486	908.267	-989.97
13	623.825	0.0583158	1327.63	-472.954
-13	457.044	0.836938	-189.279	826.967
13	412.511	0.61219	1122.53	128.475
-13	437.291	0.533583	-990.634	-1189.63
-13	720.864	0.428106	342.941	-371.228
-13	406.781	0.870735	-721.983	-1281.75
-13	406.219	1.04333	-731.762	-601.81
13	459.436	0.757282	-1484.72	-382.214
-13	709.284	1.07533	238.552	798.596
-13	1127.47	0.916216	-210.208	177.104
13	657.63	0.739697	1018.68	-1272.19
13	663.498	0.518343	-1013.73	1383.3
-13	746.259	0.234609	-394.881	-34.2669
-13	412.688	0.665025	634.777	-1157.84
13	621.537	0.128099	-1290.73	-1217.57
-13	836.448	0.827512	-913.415	-180.181
-13	466.789	0.292147	-844.346	165.715
13	585.559	0.60312	-692.633	-189.505
13	597.018	1.21422	-670.932	233.961
-13	472.848	0.313173	-1029.3	-1255.88
13	430.739	1.06667	1033.68	-72.5097
13	534.057	0.979549	464.188	-34.8394
-13	577.321	1.05675	317.639	1150.77
-13	450.612	0.844629	942.731	-1207.04
13	428.66	1.06446	381.598	-1346.83
13	1908.2	0.681444	1182.84	-464.443
-13	530.647	0.304433	-1009.87	-864.47
-13	552.291	0.977956	-805.239	704.134
13	449.425	0.90225	-488.243	-655.143
-13	760.145	0.856726	-615.306	145.529
-13	534.221	0.768417	1042.59	1492.61
13	1520.21	1.0329	-283.179	700.619
13	693.655	0.0168947	131.307	-176.247
-13	797.085	0.357991	78.84	333.29
-13	957.742	1.20863	786.4	-102.387
13	494.931	0.0920457	-544.161	598.946
13	412.422	1.0072	-920.015	-1138.94
13	1832.83	0.741681	-485.037	826.564
13	471.894	1.03977	262.098	-734.192
-13	822.264	0.74585	-329.998	192.559
-13	550.961	0.0773439	1183.53	-841.164
13	528.447	0.985714	-1113.73	-1018.19
13	504.071	1.13519	1460.11	-439.163
13	1231.58	0.861733	-1069.38	-54.7575
13	515.949	0.50772	-235.078	-167.895
13	531.022	0.571585	1383.33	598.417
13	717.098	0.84557	16.5794	-156.572
-13	586.412	0.0328163	1223.39	-1192.16
13	1869.07	0.799025	218.388	217.78
-13	534.379	0.715192	843.931	-1456.13
-13	418.887	0.401851	-421.107	527.382
13	497.778	1.18502	-547.337	-252.545
13	496.292	0.760312	-964.77	1105.78
13	465.136	0.925889	-241.379	-576.029
13	557.62	1.02633	591.099	1475.3
13	444.693	0.0222886	-1071.32	-715.758
13	503.727	0.297937	1495.3	1096.17
-13	1527.6	0.13301	-45.0553	1097.16
-13	449.862	0.285759	877.57	794.759
-13	497.031	0.125807	625.2	1036.23
-13	516.472	0.345727	-712.286	-607.803
13	406.235	0.851628	-78.6152	-56.7333
-13	405.347	0.934659	-595.474	-1347.75
13	1113.69	0.724661	-153.673	-453.382
13	523.17	1.16615	-967.489	-922.393
-13	519.889	1.19936	-618.338	-800.699
-13	403.329	1.13265	154.512	866.536
13	1438.96	1.15887	-635.327	286.585
13	835.923	0.390021	-969.527	251.264
13	444.443	0.464005	1101.17	-530.591
13	451.715	1.21116	-356.939	-632.499
-13	448.125	1.06082	1364.33	986.122
-13	736.238	0.69417	-235.671	357.738
-13	566.518	0.969526	1378.23	111.429
-13	661.003	0.903697	-297.969	663.416
-13	508.672	1.03661	1019.26	577.628
-13	481.293	0.121467	846.17	-516.291
-13	902.429	0.304891	831.782	621.653
13	427.706	1.1267	909.065	271.484
-13	423.095	0.223829	839.441	1159.87
-13	417.119	0.871883	-144.154	-377.134
-13	531.194	0.0801744	539.204	1453.69
-13	555.772	1.11274	222.761	1334.5
13	570.649	0.955245	1052.95	-211.532
-13	400.721	0.00916614	548.979	68.932
-13	580.861	0.887521	489.933	-417.2
-13	571.746	0.950818	1419.24	961.653
13	548.306	0.303095	-1137.44	-892.873
13	570.47	0.294763	-1226.9	209.684
13	400.986	0.741027	-1003.61	969.28
-13	428.125	0.817172	-1120.13	-337.311
-13	1012.91	0.25596	457.129	608.067
-13	523.896	0.438324	458.496	921.957
-13	562.976	0.938838	-674.411	-704.566
13	566.853	1.17226	260.205	-692.162
-13	411.35	0.604358	492.263	996.38
13	483.528	1.12945	-360.251	1345.88
13	635.653	0.141378	-306.116	-1055.4
13	810.628	0.221752	-1326.64	-1019.78
-13	503.908	0.714771	-48.9288	-895.314
13	619.968	0.529345	254.045	1098.76
13	2191.13	1.06284	-643.761	-546.138
-13	434.956	0.511992	943.441	-1394.1
-13	461.635	1.00262	-1485.5	-948.183
-13	414.59	0.21251	1070.99	-564.431
-13	506.832	1.11446	1149.1	-409.762
-13	459.625	1.0838	-1054.68	-605.227
13	782.767	0.244925	1214.63	30.1473
-13	498.238	1.11896	948.622	-644.745
-13	1450.78	1.19242	1180.89	327.738
13	640.174	0.185282	1263.73	-660.78
-13	423.281	0.397647	-663.661	25.0651
-13	474.223	0.737938	-672.853	317.03
13	437.96	0.138756	-136.866	1277.12
13	582.68	0.627754	1299.21	-64.2547
13	837.113	0.74068	272.166	-413.551
-13	1403.1	1.21013	-111.483	985.681
-13	452.077	0.637038	-237.947	908.15
-13	471.215	1.19953	1182.59	1063.62
-13	540.871	0.385293	250.958	1498.59
-13	652.135	0.647825	-437.643	167.216
-13	822.849	0.634284	937.958	811.357
13	420.044	0.436213	-1130.76	-744.368
13	522.962	1.05844	-654.281	-363.858
-13	846.745	1.17248	1296.57	-1295.32
-13	423.066	0.444524	636.791	-857.449
13	917.792	0.279066	868.701	-1331.14
13	601.412	0.438237	-141.779	380.406
13	410.094	0.948298	-1091.79	708.525
-13	416.918	0.0507585	496.017	75.0165
13	539.121	1.06612	-943.6	1152.14
-13	441.87	0.515703	26.2088	199.532
-13	402.753	0.807749	727.924	1096.45
13	562.35	1.17754	380.162	-664.876
13	456.269	1.05257	-648.204	986.422
-13	570.138	1.10351	-995.991	-461.641
-13	403.184	1.03054	1401.17	789.145
13	999.018	0.557515	-1416.96	-1169.81
-13	453.595	0.0239451	-333.41	-87.5845
-13	489.41	1.12419	689.901	1231.15
-13	580.574	1.03539	812.175	-956.713
-13	437.624	1.07409	-1482.67	555.322
-13	499.926	1.04749	-35.1464	1274.39
-13	667.783	0.706567	1068.51	1024.33
-13	557.258	1.10985	387.894	-1274.27
13	586.064	1.11713	266.183	-3.30928
-13	1007.88	1.14703	469.529	-29.496
-13	511.889	0.129441	288.714	79.8658
13	426.14	1.04423	451.485	-1041.55
13	519.49	0.635508	70.9937	-34.2729
-13	1837.18	0.113216	325.432	-1057.55
-13	515.4	0.851041	-1204.53	59.8285
-13	406.298	0.700508	1423.04	-286.083
-13	434.271	1.06335	-1412.24	1101.79
-13	644.676	0.876408	115.416	-833.538
13	589.675	0.230785	-1164.64	796.562
-13	1294.76	0.0741559	9.02645	-1190.84
-13	439.119	1.19506	-1275.74	463.184
13	955.857	1.21298	789.3	-1261.6
13	632.347	0.670501	192.215	-1043.55
13	582.37	1.00025	-0.558391	-9.78297
13	466.052	1.17966	766.762	-1257.81
13	1229.59	0.308368	-1325.72	933.224
-13	483.323	0.382375	-480.29	209.999
13	463.299	0.813391	-570.531	-1347.82
13	452.96	0.961523	1259.95	291.456
-13	2817.68	0.669749	136.761	1378.3
-13	455.996	0.181752	-853.734	-599.009
13	461.896	0.925585	-1417.37	-1435.62
13	2259.86	0.934116	1248.12	787.717
-13	539.612	0.677969	-256.894	-469.479
-13	413.643	0.989955	-247.758	427.235
-13	504.962	0.555806	390.74	13.6012
13	848.368	1.01224	-1117.43	-470.55
-13	404.141	1.19987	171.458	-1006.73
13	765.261	1.08567	788.599	674.27
13	876.092	0.936157	-89.2412	640.989
13	527.91	0.125032	498.696	-53.7039
-13	647.452	0.468571	-512.369	1452.57
-13	1236.82	0.406023	1393.39	-923.798
13	503.636	1.04369	-1401.74	799.557
13	810.702	0.561468	-264.015	-279.573
-13	597.904	0.026046	-109.965	248.315
-13	594.156	0.66156	-1118.26	-1284.47
13	402.883	1.16829	-1321.28	1008.88
-13	442.217	0.724034	548.715	346.958
13	1278.83	0.904347	691.808	1283.54
13	796.067	0.263301	-503.82	-189.442
13	421.456	0.898216	1346.94	840.468
-13	439.926	0.610932	-546.964	211.185
-13	655.629	0.387866	-762.021	346.638
-13	585.455	1.02257	35.4041	1263.82
13	482.181	0.931492	762.258	360.064
-13	412.444	0.962847	-613.838	355.415
13	1186.96	0.194039	-277.553	-1055.61
13	599.517	1.11685	-1323.66	-603.733
13	770.474	0.87332	-1223.71	-943.712
-13	1167	1.18746	-848.415	605.39
-13	547.543	0.0676684	187.094	1207.75
-13	955.445	0.72422	-732.566	-1233.94
13	726.495	0.931911	243.454	4.0801
13	799.184	0.430232	498.688	-275.056
-13	480.704	0.284553	-844.339	170.806
-13	1238.39	1.15757	-185.567	-151.049
13	443.202	0.464736	-329.694	569.971
-13	407.348	0.116968	-1491.74	1224.86
13	644.696	1.21898	709.716	467.339
-13	572.317	0.879816	-1185.45	449.815
-13	411.647	0.535697	-1123.02	467.056
13	474.371	0.989555	-293.975	88.1112
-13	405.291	0.977211	-951.786	-1120.83
-13	571.936	0.789651	-1483.98	1298.79
-13	769.875	0.650854	-1320.57	-1255.71
13	649.988	0.921172	-213.999	526.142
-13	565.763	0.611672	-970.657	1258.17
13	471.074	0.965972	-28.2112	1076.15
-13	1322.76	0.988663	1150.3	936.934
13	750.449	0.92293	-706.165	-222.787
13	4894.55	1.10821	-1311.77	76.9283
-13	423.211	1.14336	1151.7	-950.029
-13	572.142	0.68471	820.015	379.3
13	424.53	0.835484	19.0546	-913.182
-13	615.38	0.717912	1229.68	-1447.03
-13	2240.38	0.0655677	-1315.25	1353.96
-13	463.841	0.324459	-881.208	1401.82
13	657.491	1.18699	1475.88	1070.83
-13	455.379	0.786887	-1411.58	1232.18
13	770.652	1.07358	-1255.4	1133.02
-13	761.232	1.09891	1115.08	-544.884
13	415.166	0.18178	142.837	1458.43
-13	437.001	1.08528	-945.135	-1458.78
13	553.382	0.828439	-422.651	1487.39
-13	774.693	0.99455	394.571	159.402
-13	527.443	0.836871	1319.8	-47.405
13	520.384	0.763311	-130.13	-339.24
13	757.556	1.0177	1161.84	1484.48
13	512.185	0.880016	-1401.98	-1026.77
13	412.465	0.404517	-829.603	-978.195
-13	432.549	0.52575	1119.5	729.365
13	536.529	1.14657	-361.841	-998.408
13	629.121	0.835289	-1236.84	-945.941
-13	540.753	0.619772	-979.462	-80.182
-13	469.182	0.311156	-769.388	-369.778
13	479.888	0.665469	1195.48	-242.407
13	716.643	0.928153	-610.791	-154.687
13	774.825	0.948309	-39.621	-569.18
13	1170.11	0.749171	-582.929	-1009.54
13	570.491	0.314256	383.516	438.195
13	2578.59	0.35227	654.031	529.18
-13	647.269	0.849631	-191.039	1171.96
-13	435.181	0.134788	-967.942	956.627
13	506.053	0.757283	-1042.83	277.667
-13	449.261	0.0663503	470.624	-638.279
13	423.64	0.936513	-1448.11	788.275
-13	509.759	0.855164	343.646	1350.01
13	405.579	0.021535	1115.96	702.267
-13	499.351	0.349878	420.538	1352.14
13	697.532	0.593364	1195.13	949.721
13	1353.86	1.18826	1124.94	-579.46
-13	772.313	0.951243	749.157	-1099.81
13	755.266	0.522736	521.825	-1065.4
-13	446.465	0.580078	-1280.25	752.897
13	437.07	1.14196	1377.47	-404.903
-13	502.334	0.0513665	1290.89	-1332.2
-13	425.837	1.174	-1467.44	-161.088
-13	411.835	0.491518	1491.45	1232.49
13	513.566	0.395987	-1047.46	-1220.27
-13	475.784	0.610403	1355.5	1428.73
-13	585.833	0.162328	891.576	-1078.63
13	405.78	0.257199	-1321.2	-823.014
13	566.922	0.843422	-329.834	216.571
-13	441.026	0.732512	821.997	-702.613
13	444.809	1.04911	699.009	-282.554
13	436.272	0.904463	-275.378	-739.14
13	763.218	0.372041	-1045.29	705.111
13	518.443	0.370257	1379.72	1136.19
13	769.104	0.367278	151.419	894.755
-13	793.719	1.20668	957.723	1070.03
13	421.33	0.101737	1229.03	994.81
13	400.053	0.0796571	-938.545	-1318.87
13	704.617	0.851901	-566.928	450.218
-13	431.998	0.159866	-1184.74	-381.932
-13	683.797	0.879419	-1258.9	1219.19
-13	409.241	0.0906212	-730.612	535.154
13	887.71	0.799171	1021.15	-88.2374
13	408.038	0.201259	-115.703	402.843
-13	686.944	0.781696	-703.73	-1220.69
-13	430.939	0.731404	-122.679	-45.0787
13	450.757	0.899087	-612.252	-631.309
13	667.513	0.0130416	393.541	-1453.56
-13	532.549	0.877712	-11.2111	844.253
-13	594.507	0.170737	-809.543	-456.018
13	455.722	0.664415	626.68	-386.751
-13	452.155	0.665824	-304.231	-929.295
13	583.471	1.04702	1073.06	-14.6274
-13	480.147	0.709185	-1169.62	-1336.11
-13	467.993	0.643459	-741.566	-39.7824
-13	469.35	0.23623	469.454	348.973
-13	585.873	0.777647	-615.487	-1415.47
13	448.307	0.80478	276.073	852.162
-13	588.161	0.99705	844.191	-465.283
13	1887.17	0.824956	-381.25	-1423.07
-13	580.903	0.203427	-1410.46	126.289
13	705.414	0.785614	-655.486	-1090.26
-13	487.794	0.47217	803.518	741.299
-13	484.051	1.0052	-508.653	1346.67
-13	510.892	0.428754	-139.933	281.33
-13	400.55	0.427638	-838.038	622.897
13	789.889	0.858993	359.283	1251.7
-13	726.072	0.572461	-147.369	1344.2
13	724.489	0.901031	-925.931	357.328
13	404.759	0.875819	225.162	-1090.9
-13	661.143	0.811387	-720.846	151.762
13	758.728	0.691534	625.635	748.752
13	1259.23	0.498792	1330.78	1438.22
-13	841.481	0.812206	631.886	-1372.14
-13	564.143	0.405304	745.928	-1091.58
-13	656.411	0.501788	1115.17	912.093
-13	821.367	1.12784	539.125	108.817
13	465.668	0.481398	993.86	421.395
-13	460.368	0.850859	442.737	38.0197
13	502.561	1.10163	595.694	-850.043
13	404.025	0.511891	1392.2	-1156.13
-13	421.776	0.584858	451.888	300.662
13	504.405	0.231515	1260.25	-1050.16
13	437.486	0.272083	-294.634	475.664
-13	644.092	1.21101	1387.09	-540.716
-13	825.135	0.0981389	-1245.61	-1031.55
-13	829.844	0.0237557	-1312.4	759.581
-13	590.18	0.821611	140.125	991.879
13	1042.93	0.933699	-1309.51	-197.988
13	802.404	1.16575	-1056.07	-147.437
-13	654.942	1.20326	-242.409	-704.854
-13	416.199	0.943981	-970.457	317.661
-13	449.792	0.352246	1443.42	698.981
-13	432.94	0.631257	-822.003	462.283
13	647.637	1.05697	389.221	-1123.17
-13	634.373	0.0397052	-142.179	1187.81
-13	514.217	0.288412	-562.672	399.857
-13	404.697	0.101831	519.759	884.433
-13	577.38	0.954846	170.177	698.885
-13	612.29	0.874038	1031.95	-8.79071
-13	879.457	0.777759	288.765	-324.041
-13	601.135	0.768691	828.485	-732.558
-13	1856.94	0.28105	-854.624	349.603
-13	1347.76	0.0783652	222.543	1294.67
13	455.032	0.316447	1172.23	695.685
13	894.796	0.63223	-836.098	240.66
-13	482.436	0.790663	115.672	887.708
-13	744.892	0.271534	1413.44	942.254
-13	633.598	0.82031	310.374	-1311.16
-13	614.634	0.0670989	934.98	-267.01
-13	514.002	0.281419	-1337.86	37.8242
-13	1009.56	1.20935	830.067	939.625
13	418.694	1.12661	-541.701	913.107
-13	433.152	0.527244	-1094.41	-937.844
13	523.4	0.185009	-121.439	-671.239
13	442.737	0.769375	-967.99	-1161.9
13	1450.67	0.375463	1003.97	-754.743
-13	421.748	1.09689	910.02	1104.55
13	439.717	0.658029	1494.99	1406.83
-13	533.108	1.06174	-374.169	-967.362
13	591.562	0.953882	809.672	-920.144
13	685.146	0.760616	-1392.18	352.893
-13	482.594	0.771654	-759.168	-184.152
-13	467.254	1.19752	356.409	-612.81
-13	565.542	0.828076	-1196.04	643.812
13	616.707	0.310779	-909.517	43.4328
-13	801.964	1.00283	-122.475	-967.865
13	449.16	0.787346	1233.79	1179.34
-13	549.405	1.01934	1300.81	-832.747
13	514.973	0.544059	657.958	-860.549
13	425.11	1.17844	-1297.86	-768.733
-13	873.961	1.05387	468.946	-1455.41
-13	509.936	0.93366	-1287.37	-863.224
13	804.292	0.462066	337.527	-1236.81
-13	527.252	0.533716	275.966	-1216.21
-13	409.069	0.462462	461.308	-704.364
13	502.018	0.367008	-1432.88	1340.4
13	883.31	0.673474	-407.522	924.848
-13	446.243	0.545316	-784.823	-77.0352
-13	531.974	0.637874	550.293	-1206.44
-13	573.911	0.982013	913.429	-1249.05
-13	914.268	1.21026	-302.74	-1387.32
-13	697.42	0.61633	-447.87	1367.77
-13	795.094	0.349521	-179.574	494.4
-13	605.083	0.0811365	-1278.68	-357.606
13	493.661	0.835668	264.076	-1037.12
-13	1152.38	0.425625	612.328	913.362
-13	529.54	1.08867	-266.202	-1188.88
-13	492.219	0.885276	-1167.71	367.914
-13	1077.35	1.18455	1345.24	-1405.27
13	431.407	1.04311	1278.37	1133.66
-13	569.864	0.326657	1325.47	1117.03
-13	453.693	0.820585	781.61	-59.2617
13	825.704	0.186908	-1109.99	780.27
-13	1518.47	1.16064	362.868	-424.202
13	455.642	0.0627772	-635.325	534.189
-13	462.067	0.898505	428.209	1206.37
-13	516.993	0.767445	1080.29	142.887
-13	832.034	0.0233314	598.12	1177.7
13	487.931	0.929341	259.607	-1093.19
13	649.162	0.0473124	1259.67	1217.09
-13	664.967	1.21356	974.956	1400.19
13	473.661	0.379257	486.041	-928.637
-13	528.37	0.19426	228.175	-524.111
13	1540.21	0.777493	1391.45	183.438
13	486.793	1.16797	1057.58	-1361.5
13	411.29	0.146567	-466.084	78.4696
-13	504.286	0.55332	-1305.91	-614.257
-13	557.29	0.756742	-959.105	-939.014
13	520.909	0.116549	905.641	456.656
-13	547.694	0.635903	-914.97	402.394
13	622.952	1.18729	-1342.17	401.164
13	625.227	1.00943	1044.4	1437.99
-13	458.462	0.886756	429.284	892.212
-13	728.31	1.08593	320.826	60.2829
13	517.325	0.795287	-640.799	569.026
13	598.42	0.202024	948.804	956.623
13	471.258	0.158078	1230.83	1330.17
-13	407.886	0.828465	293.198	-1410.95
13	497.039	0.136792	401.077	1429.36
-13	515.554	0.887653	700.338	1230.94
13	417.115	1.10273	-979.654	-1456.91
13	409.538	0.264375	893.496	1095.5
13	1130.98	0.262046	-1125.16	-624.438
-13	429.311	0.482734	411.812	-653.862
-13	406.867	0.236887	-660.242	-360.815
-13	543.54	0.986211	-216.761	740.681
13	840.981	0.770984	-625.065	-1010.51
13	769.55	0.665563	-1305.94	-593.362
-13	858.073	0.901432	-743.951	-613.043
-13	428.611	1.02682	30.9946	628.286
-13	576.335	0.430722	734.239	-675.433
-13	410.889	1.07917	-161.901	-170.361
13	481.828	1.13035	6.97079	-457.066
-13	517.985	0.93211	-899.633	-1206.56
13	484.687	0.524275	314.718	1134.96
-13	619.025	0.0857135	1245.36	-1030.95
-13	429.305	0.144495	-407.264	838.686
-13	516.884	0.0930259	-865.214	-477.673
-13	1495.29	1.00771	-436.968	106.985
-13	877.492	0.579022	1356.41	102.692
-13	403.202	0.104281	172.583	1130.23
-13	1571.75	1.06386	443.154	718.715
13	401.416	0.987917	-18.2645	478.729
-13	625.243	0.389601	417.374	-613.395
-13	779.886	1.01793	-1355.56	161.439
13	578.188	0.303274	426.346	-1209.24
-13	582.426	1.00573	921.854	-657.875
13	409.986	0.371738	-1232.31	584.455
13	576.429	1.1537	-883.083	700.064
-13	1941.65	0.897419	694.796	140.581
-13	515.545	0.471497	-521.115	-428.86
-13	479.172	1.12815	-258.831	101.332
-13	449.904	0.307973	878.684	-37.8691
-13	1038.99	0.335366	-1251.81	448.666
-13	649.859	0.0563619	-1390.4	-606.303
13	995.825	1.14761	-663.381	-685.288
-13	826.224	1.05113	-314.473	996.336
-13	548.792	0.332888	1275.76	566.525
-13	549.817	0.579722	177.818	-1210.15
-13	400.205	0.807297	-467.197	150.175
-13	420.271	0.377413	-519.687	-577.025
-13	835.814	0.614155	-1456.86	-1228.21
13	415.642	1.16609	-888.618	-201.132
-13	991.739	1.18582	-13.3542	552.054
13	409.068	1.13646	484.345	-1155.86
-13	406.045	1.19141	1388.03	-634.999
13	597.727	1.12303	1433.66	-96.6145
13	494.655	0.486736	1153.47	-1004.02
-13	427.197	1.14968	808.265	1337.46
13	516.252	1.11365	1039.87	-799.603
-13	452.221	0.501438	1296.64	-500.813
13	1356.9	0.929499	81.7943	1456.57
13	475.816	0.175108	634.855	1130.99
13	471.744	1.00629	124.708	592.764
-13	554.833	1.00798	-700.175	-1360
-13	459.309	0.652096	-1489.95	-949.136
13	578.021	0.181021	-1116.21	-654.878
-13	476.664	1.20207	249.203	871.457
-13	797.429	1.02368	293.379	-419.351
13	488.679	0.918367	-420.576	280.432
13	518.491	0.191627	-472.854	246.478
-13	492.126	0.448299	1084.3	-556.278
-13	432.749	0.383558	769.108	-809.849
13	446.675	0.383087	-250.129	-86.1532
-13	423.973	0.996786	-683.216	-964.025
-13	677.918	0.796136	-984.263	-1019.64
-13	491.537	0.216814	-1328.62	630.511
-13	1013.97	0.50366	167.039	-1120.48
-13	423.414	0.809798	-267.917	1157.9
13	549.502	0.293553	1043.26	-461.937
-13	441.047	1.19671	-1062.1	-939.173
13	412.038	0.246045	-1315.03	-186.568
-13	1116.23	0.401547	-169.114	-435.223
13	553.831	0.820568	673.044	631.76
13	527.309	0.725298	-482.883	305.58
13	610.249	0.870169	-1490.07	106.386
-13	710.017	0.616236	1186.92	136.873
13	1391.73	0.914452	120.304	254.757
-13	1525.22	1.056	1026.37	365.466
-13	509.297	1.17707	2.74178	317.148
-13	532.143	0.279346	787.388	-1337.2
13	871.882	0.879966	-1391.44	473.592
13	438.359	0.0258242	33.5112	-1296.05
13	472.672	0.94465	-377.774	-1020.17
13	1133.3	0.333504	-37.328	-1416.59
13	473.659	0.429428	1044.36	-1198.32
-13	462.135	0.920695	1211.93	1270.55
-13	1149.39	0.994363	-622.255	-1048.43
-13	1027.23	0.0421907	16.2565	-233.641
-13	570.487	0.957697	767.041	870.891
-13	884.25	0.788233	-396.821	595.746
-13	1052.94	0.61712	-350.303	-1028.74
13	447.108	0.762771	-255.262	384.23
13	677.012	1.06378	894.834	1439.71
-13	513.287	0.745126	-414.837	38.4413
-13	2902.99	0.388564	-550.892	-162.62
-13	445.052	0.832867	740.933	671.947
13	610.977	0.108172	-78.3556	1309.68
13	535.333	0.906341	-84.2785	-1390.33
-13	4432.37	1.15032	-323.316	1053.64
13	1801.23	0.652478	666.844	433.728
-13	449.989	0.739152	309.748	-182.455
-13	430.452	1.21887	1325.42	-423.262
13	421.241	0.335772	918.976	537.584
-13	486.316	0.597438	1146.56	-107.382
-13	522.309	0.600717	1438.19	431.089
13	461.657	0.820043	-1346.82	1044.98
-13	442.476	0.930222	673.499	158.212
13	676.243	0.347535	1007.25	404.505
13	475.557	1.13459	-150.521	-936.291
-13	430.603	0.167928	1014.33	814.643
13	967.757	0.2797	416.55	-1459.61
13	1826.29	1.17574	1441.25	-1185.63
-13	407.783	0.334749	1382.51	-1323.19
-13	626.502	0.940256	1467.94	654.338
-13	555.18	0.123016	-240.323	943.125
-13	408.573	0.163853	-1015.39	153.511
13	618.463	0.544178	-616.283	984.99
-13	818.163	0.348972	198.954	53.1479
13	573.409	0.613425	-81.9605	1264.33
-13	738.489	0.223385	-244.762	593.216
-13	558.539	0.0997076	315.231	549.793
-13	642.393	0.531153	1090.39	-350.027
-13	1844.22	1.03945	-152.638	1004.25
-13	494.945	0.722904	258.296	-1079.83
13	565.321	1.1359	924.866	42.5198
-13	597.243	0.674819	-650.381	155.422
-13	1081.52	0.387999	233.421	-664.396
-13	885.786	0.837187	-305.875	557.163
13	406.502	0.5043	91.672	108.396
13	729.369	0.630047	1350.58	-935.361
13	556.486	0.132223	-369.555	-703.157
-13	426.218	0.883278	-825.486	268.9
-13	533.506	0.257269	1398.21	1167.4
-13	452.852	0.0134475	-112.07	-1330.21
-13	573.167	0.808023	1267.03	152.322
-13	530.213	0.69323	1477.25	417.882
-13	1975.07	0.265111	773.311	1165.89
-13	801.277	0.918737	-1328.41	625.358
-13	487.621	0.881851	-532.385	-397.323
13	401.716	0.384217	1101.53	1079.45
-13	470.082	0.310969	-1192.1	511.156
13	443.126	0.839611	-310.127	-1446.37
13	488.885	1.10238	769.136	-812.652
-13	733.508	1.09971	1004.37	-1462.3
-13	468.848	1.18157	70.2536	1358.34
-13	528.813	1.04104	1267.3	-740.876
-13	426.835	1.14483	856.237	585.941
13	723.574	1.04845	-360.375	-121.271
13	907.322	0.601555	-382.712	223.742
-13	484.162	0.728698	-569.317	-752.174
-13	410.189	0.0822134	1162	344.925
13	462.198	0.277179	1387.95	-1101.28
13	577.151	0.245916	565.842	717.495
-13	1152.41	0.395312	-1023.6	-384.175
-13	466.029	0.00424386	84.6305	1079.24
-13	424.775	0.142171	1079.3	565.714
-13	405.868	0.293349	-1319.81	-779.001
-13	452.739	0.521013	297.268	477.424
-13	468.991	0.788707	-1151.92	827.31
13	681.448	1.01662	-527.273	-630.376
13	700.205	0.617548	592.298	1207.14
-13	512.271	0.669917	-520.002	-441.017
-13	603.278	0.982186	1094	407.057
13	474.368	0.165562	-557.932	-950.52
-13	407.944	1.06786	-476.554	-126.203
13	512.763	0.221487	-344.953	900.623
13	617.958	0.925977	-1214.85	-1164.53
13	801.4	1.19116	1375.48	355.153
-13	615.175	0.97855	-1410.51	-221.942
13	477.524	0.296061	649.67	-61.4701
13	786.627	0.557503	1336.78	955.551
-13	564.546	0.906115	544.089	688.192
-13	552.865	0.700983	-1447.45	1170
13	441.421	0.99537	739.229	603.136
-13	1112.16	1.21211	-935.795	874.737
-13	416.957	0.569361	-723.747	-524.076
-13	874.819	0.236952	-922.268	-679.505
13	1367.92	1.21461	-652.11	-1414.33
13	420.512	0.322348	496.912	1115.89
-13	612.987	0.0257204	412.067	968.687
13	585.962	0.261669	930.395	142.376
-13	449.898	1.07431	560.712	-1453.1
-13	490.79	0.498632	1128.13	-978.507
13	612.593	0.693872	301.369	303.988
13	417.317	0.737567	-496.717	1427.06
-13	439.922	0.0180007	-53.1687	888.92
13	426.769	1.13531	-1158.87	531.649
13	430.387	0.629095	1219.22	703.525
-13	554.035	1.07613	1436.49	-1287.56
-13	410.87	0.164301	-376.951	-791.915
-13	1077.63	0.0672898	648.632	-1497.56
-13	480.768	0.488077	400.361	462.362
-13	897.046	1.20025	988.142	-1473.26
-13	482.931	0.455551	-1060.22	-29.1195
13	778.067	0.495313	1172.27	745.013
-13	560.972	0.219531	-561.378	789.227
13	488.307	0.700801	672.548	494.043
13	505.614	0.476978	-436.584	-133.335
-13	515.503	0.343242	115.353	-851.479
13	407.92	0.031511	-1347.64	-1440.15
13	426.14	1.04423	451.485	-1041.55
13	519.49	0.635508	70.9937	-34.2729
-13	1837.18	0.113216	325.432	-1057.55
-13	515.4	0.851041	-1204.53	59.8285
-13	406.298	0.700508	1423.04	-286.083
-13	434.271	1.06335	-1412.24	1101.79
-13	644.676	0.876408	115.416	-833.538
13	589.675	0.230785	-1164.64	796.562
-13	1294.76	0.0741559	9.02645	-1190.84
-13	439.119	1.19506	-1275.74	463.184
13	955.857	1.21298	789.3	-1261.6
13	632.347	0.670501	192.215	-1043.55
13	582.37	1.00025	-0.558391	-9.78297
13	466.052	1.17966	766.762	-1257.81
13	1229.59	0.308368	-1325.72	933.224
-13	483.323	0.382375	-480.29	209.999
13	463.299	0.813391	-570.531	-1347.82
13	452.96	0.961523	1259.95	291.456
-13	2817.68	0.669749	136.761	1378.3
-13	455.996	0.181752	-853.734	-599.009
13	461.896	0.925585	-1417.37	-1435.62
13	2259.86	0.934116	1248.12	787.717
-13	539.612	0.677969	-256.894	-469.479
-13	413.643	0.989955	-247.758	427.235
-13	504.962	0.555806	390.74	13.6012
13	848.368	1.01224	-1117.43	-470.55
-13	404.141	1.19987	171.458	-1006.73
13	765.261	1.08567	788.599	674.27
13	876.092	0.936157	-89.2412	640.989
13	527.91	0.125032	498.696	-53.7039
-13	647.452	0.468571	-512.369	1452.57
-13	1236.82	0.406023	1393.39	-923.798
13	503.636	1.04369	-1401.74	799.557
13	810.702	0.561468	-264.015	-279.573
-13	597.904	0.026046	-109.965	248.315
-13	594.156	0.66156	-1118.26	-1284.47
13	402.883	1.16829	-1321.28	1008.88
-13	442.217	0.724034	548.715	346.958
13	1278.83	0.904347	691.808	1283.54
13	796.067	0.263301	-503.82	-189.442
13	421.456	0.898216	1346.94	840.468
-13	439.926	0.610932	-546.964	211.185
-13	655.629	0.387866	-762.021	346.638
-13	585.455	1.02257	35.4041	1263.82
13	482.181	0.931492	762.258	360.064
-13	412.444	0.962847	-613.838	355.415
13	1186.96	0.194039	-277.553	-1055.61
13	599.517	1.11685	-1323.66	-603.733
13	770.474	0.87332	-1223.71	-943.712
-13	1167	1.18746	-848.415	605.39
-13	547.543	0.0676684	187.094	1207.75
-13	955.445	0.72422	-732.566	-1233.94
13	726.495	0.931911	243.454	4.0801
13	799.184	0.430232	498.688	-275.056
-13	480.704	0.284553	-844.339	170.806
-13	1238.39	1.15757	-185.567	-151.049
-13	809.903	1.11567	-612.564	-585.172
-13	522.805	0.516718	290.515	-1064.19
-13	437.778	0.242216	-1049.25	-1264.43
13	503.374	0.790958	-1323.89	520.245
-13	595.13	1.09699	-206.038	454.889
-13	406.322	0.894891	773.544	900.087
13	1472.62	0.128828	982.715	-1445.9
-13	888.313	1.20346	-1053.67	-1436.74
-13	1063.58	0.820138	160.131	1226.75
-13	433.291	0.638857	200.127	-217.092
-13	486.67	0.591891	335.901	492.996
13	482.094	0.953779	-182.953	-226.823
13	834.654	0.98796	-992.05	-613.004
13	910.905	0.529297	539.173	-14.1428
13	988.918	0.71412	-1336.43	1116.43
13	466.931	0.63048	759.786	1485.04
13	496.68	0.98801	547.216	1050.82
-13	931.512	0.529789	716.277	-1312.34
13	664.122	0.371231	1347.95	-979.321
-13	493.995	0.0136166	1369.12	-231.138
-13	918.326	0.975631	880.932	576.363
13	680.346	0.167759	-756.583	-1376.1
-13	1582.41	0.694865	322	-940.348
-13	1028.29	0.282454	606.471	-608.622
-13	596.302	0.324646	-90.7644	1319.28
13	453.615	0.661336	342.941	-77.4191
-13	922.175	0.446082	-1010.05	-1387.67
-13	407.654	0.720476	-1116.49	885.932
13	437.606	0.393182	219.094	-779.611
-13	611.122	0.666652	-985.449	674.415
13	440.175	0.951204	1004.66	1200.48
13	498.16	0.433255	-762.906	-1401.59
-13	563.532	1.1065	730.645	-89.2151
-13	1751.97	1.15732	947.647	871.602
-13	794.766	0.174713	776.215	-111.121
-13	793.761	1.15096	1349.29	-446.15
-13	550.754	0.0410067	-422.619	959.689
13	660.492	0.446512	-1479.7	-681.262
13	728.776	0.322542	-302.478	347.397
-13	404.15	0.906391	597.886	902.76
-13	592.181	0.882099	-762.375	-287.993
13	453.306	1.0376	682.493	187.899
-13	450.188	0.197848	472.746	-382.514
13	410.008	0.062092	904.472	-1049.21
13	560.445	0.981632	1066.84	1297.72
-13	702.419	0.446792	442.48	-355.395
-13	413.452	0.00555552	835.51	-1399.78
-13	440.737	0.965096	185.386	-1335.24
13	413.601	1.20573	836.359	113.735
13	752.662	0.946926	-1427.55	-669.854
13	668.021	0.295194	-925.422	1268.27
-13	606.188	0.609674	-356.559	1368.52
-13	498.053	0.393824	454.28	1404.71
-13	1164.82	0.510321	-6.55258	1390.49
-13	462.479	1.0457	344.97	704.433
13	515.007	0.985657	-852.522	669.705
13	931.233	1.16036	1227.85	-604.663
-13	652.421	0.500892	105.048	-898.745
13	459.277	0.655535	149.936	270.957
13	669.023	0.978347	-957.861	-40.7365
-13	633.534	1.1617	-1475.35	822.361
13	490.455	0.936395	-1428.81	-224.976
13	2281.5	1.03085	-1336.04	-59.5097
13	477.988	0.477076	-142.158	-854.495
-13	470.54	0.668108	-1376.56	-715.592
13	400.031	0.0366618	-942.588	1124.93
-13	588.005	0.121964	510.89	-130.344
13	556.251	0.561943	170.582	-1396.43
13	483.451	0.959474	-874.592	343.535
13	550.359	0.675829	-152.477	943.775
-13	418.762	0.22121	930.672	-24.4705
13	562.916	0.271387	964.615	-249.7
13	482.301	0.156041	1475.16	-432.095
-13	514.762	0.899035	-191.375	839.118
13	791.003	0.698602	-392.538	723.847
-13	452.965	1.0294	-72.4781	-1206.78
-13	752.494	0.826503	751.052	-1383.9
-13	594.171	0.594963	1136.42	-640.489
13	488.627	0.453604	363.705	-1449.93
-13	490.187	0.760212	-1209.93	1171.37
13	540.885	0.359546	-500.122	1410.25
-13	800.07	0.704816	556.6	-915.323
13	859.668	0.151002	181.287	-29.898
-13	1329.13	1.18436	1411.92	-1483.4
13	564.5	0.0287313	-1465.41	860.445
13	1228.05	1.07739	1115.18	555.735
-13	427.018	0.998834	187.028	285.852
-13	659.215	0.898664	-1393.25	-1452.58
13	842.458	1.20026	1225.63	-1454.71
-13	625.876	1.02468	545.17	-525.177
-13	551.426	1.07776	-1046.96	863.267
13	404.21	1.00312	-1459.99	-1050.86
13	477.554	1.08945	941.186	224.18
-13	1533.57	0.677587	1490.51	613.867
-13	436.356	0.74043	-955.633	893.244
-13	664.139	0.724611	-1257.58	-1104.73
13	457.386	0.601858	770.169	-1058.72
-13	1099.76	0.47213	106.712	492.353
13	717.063	0.297575	348.056	957.577
13	545.693	0.012311	-888.317	509.496
13	473.272	0.449754	1141.51	-892.996
-13	458.21	1.19539	1490.45	374.377
-13	592.983	0.470965	-1132.95	-438.845
13	931.17	0.41978	-232.813	-544.853
-13	405.205	0.90523	679.645	545.856
-13	485.526	0.571522	-872.983	-491.68
13	523.585	0.445626	-60.9672	-614.191
13	1605.85	0.919637	-227.583	429.795
13	460.642	0.737886	1246.5	568.427
13	543.829	0.0435951	-651.261	-1231.43
-13	666.834	0.557434	-916.649	790.986
-13	407.439	0.872251	-661.631	-1370.7
-13	615.48	0.108981	598.824	-1281.63
13	442.336	0.662784	843.565	-964.868
13	451.703	0.349935	-1075.26	830.097
-13	410.397	0.236699	1157.76	780.927
-13	470.372	0.222945	581.519	-1240.9
-13	464.395	0.792532	-485.731	1261.62
-13	513.474	0.352021	672.037	-574.211
13	788.17	0.876777	802.579	414.507
13	465.579	0.556865	-50.8077	-1321.71
13	524.203	0.33278	-989.369	-1194.65
13	463.462	1.09427	-40.6867	547.573
-13	1555.46	1.21908	-1049.26	249.883
-13	1594.93	0.736356	192.803	-1320.67
-13	433.501	0.927078	1354.03	-319.867
13	515.756	0.550304	-853.121	720.43
13	549.744	1.07289	-956.513	-283.373
13	429.472	0.303113	1153.91	-937.405
-13	560.743	0.44262	-475.936	-534.98
13	421.527	1.06928	-968.414	-292.103
-13	440.33	0.271968	-106.095	1051.45
13	658.159	0.511528	1444.88	-364.26
-13	500.674	1.01115	1277.5	-279.392
13	557.843	0.579267	1083.44	586.071
-13	453.879	1.19891	-1080.36	-805.802
-13	417.455	1.20224	-1066.75	1131.08
13	662.01	0.567753	202.026	506.16
-13	412.245	0.292419	-1445.58	1031.94
-13	533.145	0.91815	467.391	-1412.56
13	534.852	0.540887	948.472	-420.597
-13	545.029	0.261997	954.825	-1354.84
-13	1046.3	0.897844	154.825	-349.74
-13	618.255	0.687939	416.211	1351.29
13	431.951	1.2094	-1310.58	591.898
-13	865	1.17022	-1014.37	-994.55
13	586.683	0.521632	79.5653	-157.307
-13	481.059	0.56145	58.4259	1434.97
-13	611.139	0.53171	-466.107	-494.145
13	402.016	0.78225	-400.492	653.146
13	1765.95	0.224525	-1104.89	-1109.72
-13	625.471	1.10042	245.96	-714.811
-13	423.093	1.10047	-1243.05	-24.5639
-13	1042.61	1.14122	1439.94	1077.17
13	425.125	1.15177	-1087.47	-924.161
-13	697.24	0.474204	363.872	15.8335
13	492.992	0.737367	-254.201	156.599
13	507.066	0.204118	-598.445	685.461
13	692.293	0.973494	1102.01	-119.514
13	410.998	0.440441	-553.849	169.544
13	417.151	0.957613	1478.99	-430.098
-13	476.87	0.274468	1461.63	1443.1
13	1991.78	1.09894	-566.819	-1132.8
-13	433.889	0.0926804	-897.242	-730.969
13	900.673	1.12306	998.632	837.896
-13	476.987	0.06185	-670.76	103.202
13	402.825	0.0189005	-419.724	675.599
-13	549.149	1.16067	-470.517	81.7592
13	759.232	0.829082	-640.419	975.168
-13	611.007	1.01023	1171.38	354.959
-13	499.103	1.14161	-1200.42	502.936
-13	402.03	0.407057	454.172	-1150.02
-13	506.065	0.293549	522.327	966.124
-13	436.13	1.02076	-1441.85	-338.489
13	2414.82	0.243966	1060	-1098.77
13	1502	0.501925	-1085.44	-293.308
-13	627.384	0.960954	-676.122	-1204.72
-13	433.53	0.312608	1188.77	970.676
-13	735.096	0.961279	1412.09	1430.2
13	477.747	0.163868	-889.472	1045.32
-13	423.25	0.854453	-1016.75	-1175.09
-13	416.784	0.201891	-292.896	-1394.89
-13	1753.8	0.884923	-111.621	-398.17
13	456.796	0.202551	-1168.89	-1060.98
-13	764.895	0.318556	-316.269	-1191.57
13	591.532	1.00437	-915.903	414.239
-13	609.848	0.985163	351.765	-689.235
-13	421.574	0.541387	-1206.62	-932.108
13	504.342	1.18497	-1198.39	438.863
13	494.711	0.925312	413.503	-295.975
13	553.101	0.352167	-1328.25	329.764
13	444.657	0.534088	-131.61	-642.363
-13	512.885	0.802902	1059.82	-483.173
13	455.16	0.603724	1474.18	1306.92
13	429.714	1.15018	955.157	-179.52
-13	425.376	0.181528	934.81	-856.433
13	690.591	0.372403	1078.45	-587.631
-13	605.674	0.512655	-1065.31	-1388.68
-13	417.351	0.245779	-360.992	-1393.58
13	2396.25	0.371265	172.219	1123.58
-13	549.268	0.871369	-1014.19	-287.986
-13	549.198	1.12855	-297.595	366.914
13	477.315	0.435562	983.501	1200.7
13	449.909	0.209356	526.754	-1000.45
-13	453.848	1.1098	1044.7	-1472.88
-13	715.48	0.642277	-936.08	577.51
13	544.253	0.484613	169.566	364.442
13	431.351	0.761583	-593.769	-1044.08
13	788.019	0.954946	-273.812	-1439.23
13	1096.59	0.818241	1104.04	442.83
13	461.866	1.17049	-1311.6	-440.498
13	676.423	1.09384	-1163.2	-1349.34
-13	476.238	0.666689	-874.504	950.546
-13	412.279	0.565255	1098.64	1140.8
13	1056.51	0.178557	-792.575	120.151
13	1567.32	0.47318	173.874	-594.01
-13	1348.57	0.851358	961.796	37.8005
13	887.523	0.221967	1104.91	558.584
13	475.166	1.14242	123.001	552.58
-13	491.847	1.10627	-179.945	245.961
-13	721.501	0.956885	-206.354	553.112
-13	423.648	0.600378	1492.32	625.271
13	495.708	0.151441	684.331	61.9657
13	482.485	1.11143	-396.809	1331.41
13	431.527	1.11734	-55.8444	1429.13
-13	670.439	1.16226	1069.94	-1084.38
13	467.406	1.07182	1400.87	-134.47
-13	776.376	0.787302	829.627	-527.94
-13	437.953	1.16224	623.881	-1227.65
13	581.191	0.413957	-698.905	-767.518
-13	1008.41	0.199093	8.00512	1119.57
13	452.4	0.343368	-1368.1	-1088.67
-13	420.574	0.00568026	327.483	1174.59
-13	444.702	0.891902	1373.13	-692.213
13	791.346	1.03743	-1233.22	-507.842
-13	479.303	0.53559	1329.16	124.317
13	674.746	0.179032	254.906	-1456.28
-13	1622.51	0.596579	1454.04	191.135
13	420.04	0.277976	706.473	-1395.82
-13	560.691	1.02634	743.963	71.4919
-13	891.925	1.19054	-1315.66	-522.109
13	539.85	0.788585	1234.56	-705.118
13	500.149	1.114	-488.84	250.036
13	1024.78	0.93573	-1140.4	1473.74
-13	451.624	1.11653	1418.15	-67.501
-13	614.634	0.0670989	934.98	-267.01
-13	514.002	0.281419	-1337.86	37.8242
-13	1009.56	1.20935	830.067	939.625
13	418.694	1.12661	-541.701	913.107
-13	433.152	0.527244	-1094.41	-937.844
13	523.4	0.185009	-121.439	-671.239
13	442.737	0.769375	-967.99	-1161.9
13	1450.67	0.375463	1003.97	-754.743
-13	421.748	1.09689	910.02	1104.55
13	439.717	0.658029	1494.99	1406.83
-13	533.108	1.06174	-374.169	-967.362
13	591.562	0.953882	809.672	-920.144
13	685.146	0.760616	-1392.18	352.893
-13	482.594	0.771654	-759.168	-184.152
-13	467.254	1.19752	356.409	-612.81
-13	565.542	0.828076	-1196.04	643.812
13	616.707	0.310779	-909.517	43.4328
-13	801.964	1.00283	-122.475	-967.865
13	449.16	0.787346	1233.79	1179.34
-13	549.405	1.01934	1300.81	-832.747
13	514.973	0.544059	657.958	-860.549
13	425.11	1.17844	-1297.86	-768.733
-13	873.961	1.05387	468.946	-1455.41
-13	509.936	0.93366	-1287.37	-863.224
13	804.292	0.462066	337.527	-1236.81
-13	527.252	0.533716	275.966	-1216.21
-13	409.069	0.462462	461.308	-704.364
13	502.018	0.367008	-1432.88	1340.4
13	883.31	0.673474	-407.522	924.848
-13	446.243	0.545316	-784.823	-77.0352
-13	531.974	0.637874	550.293	-1206.44
-13	573.911	0.982013	913.429	-1249.05
-13	914.268	1.21026	-302.74	-1387.32
-13	697.42	0.61633	-447.87	1367.77
-13	795.094	0.349521	-179.574	494.4
-13	605.083	0.0811365	-1278.68	-357.606
13	493.661	0.835668	264.076	-1037.12
-13	1152.38	0.425625	612.328	913.362
-13	529.54	1.08867	-266.202	-1188.88
-13	492.219	0.885276	-1167.71	367.914
-13	1077.35	1.18455	1345.24	-1405.27
13	431.407	1.04311	1278.37	1133.66
-13	569.864	0.326657	1325.47	1117.03
-13	453.693	0.820585	781.61	-59.2617
13	825.704	0.186908	-1109.99	780.27
-13	1518.47	1.16064	362.868	-424.202
13	455.642	0.0627772	-635.325	534.189
-13	462.067	0.898505	428.209	1206.37
-13	516.993	0.767445	1080.29	142.887
13	539.736	0.162178	174.596	-544.183
13	427.557	1.01187	-241.026	-1364.18
-13	590.401	0.958899	926.464	-1037.03
-13	563.966	0.707838	-125.399	-922.792
-13	527.606	0.190208	965.971	-211.518
-13	857.271	1.10419	1214.32	-92.2721
-13	1090.6	0.398541	902.683	-469.262
13	453.384	0.271589	-457.12	1212.57
-13	2153.82	0.389072	541.925	-1363.37
-13	528.638	0.236297	1171.23	1091.31
13	659.098	0.686675	1188.12	1018.76
-13	3524.28	1.01386	-661.394	-211.386
-13	822.179	1.20317	856.833	343.024
-13	1021.34	0.415687	-150.933	266.544
-13	784.41	0.942205	-996.441	-655.237
-13	430.124	1.16604	1424.62	-20.1843
-13	462.032	0.955489	373.681	380.533
-13	613.33	1.11149	1112.41	1472.58
13	588.544	0.597323	333.386	105.701
-13	623.419	0.976805	-1116.73	-1349.15
13	454.613	0.03928	-1356.65	1325.51
13	411.455	0.00538365	1182.54	-29.6601
-13	621.967	0.700657	-978.541	-568.578
13	482.486	1.02693	-133.418	175.374
13	423.817	0.130839	1393.06	-675.84
-13	424.986	0.105793	254.27	815.053
13	700.901	0.65469	1232.85	-247.337
13	475.785	0.940523	-745.37	400.926
13	449.083	0.50658	486.598	1143.47
-13	528.79	0.9843	774.164	558.063
13	472.745	1.16153	751.029	155.262
13	479.481	0.859076	235.229	-876.657
13	415.696	0.0452731	-787.101	-861.921
-13	652.718	1.17978	66.5325	35.4569
-13	554.323	1.05314	-139.664	792.996
13	845.86	1.12325	-583.119	586.949
-13	405.418	0.972262	-95.3478	-447.455
13	757.903	0.578797	-1435.01	-741.772
-13	420.308	0.288914	-281.551	183.616
13	473.835	0.953187	-817.224	-993.709
13	420.129	0.558562	432.371	426.143
-13	512.689	0.315193	89.7032	-476.986
-13	616.773	1.11022	366.584	-356.807
-13	779.644	0.362042	703.172	-1179.97
-13	731.093	0.76557	-1443.89	982.043
-13	1421.37	0.325005	979.303	645.721
-13	517.943	0.24566	1387.83	1285.8
-13	422.728	0.0459655	1278.16	1416.84
-13	540.881	1.06952	166.051	1220.62
13	505.198	1.20058	983.499	401.03
-13	419.867	1.15573	-1126.48	514.41
-13	474.845	1.03561	584.83	70.2168
-13	651.252	0.429182	-495.086	-1206.78
13	428.078	0.4026	833.862	434.884
-13	426.133	0.525061	-862.389	1159.66
-13	517.901	0.906847	960.211	-49.6003
13	632.019	0.241739	1059.62	-803.71
13	797.745	0.47575	557.899	-422.369
13	413.719	0.367427	-1346.34	1235.27
13	720.863	0.850274	-1014.9	-179.108
-13	474.275	1.111	1042.08	-890.335
-13	407.015	1.11136	-1096.93	141.804
13	607.94	0.0884167	1113.47	795.46
-13	571.154	1.19922	-144.2	-1055.12
-13	403.12	1.13439	1149.56	884.656
-13	408.623	0.163664	290.334	-515.379
-13	2215.82	0.310139	1254.37	-1268.87
-13	494.568	0.865192	-992.848	-871.995
-13	413.09	1.06264	-348.448	229.956
13	448.902	0.969692	-1031.03	-172.264
-13	650.323	0.967189	-163.966	241.294
-13	457.383	0.854624	-910.872	226.595
13	595.08	0.96576	1177.91	-1295.19
13	793.049	0.585823	846.321	22.9551
13	422.058	0.93506	-118.879	210.49
-13	562.281	0.897419	671.796	-1041.85
13	433.761	0.664292	-809.114	-406.316
-13	1138.57	0.874596	-824.129	-720.034
13	434.797	1.15441	-814.142	951.257
-13	847.803	0.0322529	945.292	6.358
13	468.021	1.09694	1255.74	660.522
13	452.279	0.455456	173.422	-86.6996
-13	645.781	0.388055	1411.71	-822.962
13	425.13	0.767122	-55.0987	-764.715
-13	431.12	1.06734	-1207.29	554.966
13	499.339	0.371925	524.036	-332.997
-13	779.392	0.659464	896.301	439.327
-13	407.214	0.3092	1028.08	434.81
-13	460.516	0.694153	-1153.67	452.197
13	480.504	0.834361	507.004	442.459
-13	891.665	0.83415	-477.511	-1201.02
13	1049.62	0.621226	-908.581	356.004
13	631.781	0.180045	-323.041	1195.71
13	1788.69	1.15684	203.208	-928.063
-13	416.172	0.756478	699.297	1246.31
-13	455.63	0.751104	-1397.36	-247.097
-13	531.446	0.4964	1373.64	1038.42
-13	565.358	1.20053	1484.21	-502.429
-13	732.399	0.893965	144.066	-970.036
-13	465.342	0.873924	421.682	-976.338
-13	554.64	0.992457	-1201.68	222.497
13	402.651	1.12123	1371.48	-750.56
-13	507.772	1.09601	138.217	910.947
-13	679.31	0.74947	-443.762	-1161.08
-13	532.512	1.06048	395.473	-236.799
-13	491.872	1.11643	-542.174	-495.403
13	609.94	0.148642	662.179	-67.3102
-13	568.235	0.944984	-443.569	-1148.17
-13	828.97	0.0468049	-404.804	1015.39
-13	430.763	0.935089	297.523	-894.583
-13	1370.52	1.11165	-1031.2	-1157.16
13	412.204	0.567295	-839.145	650.666
13	660.306	1.12198	-233.828	-74.21
-13	984.194	0.492079	-1387.46	-278.524
13	695.044	0.89575	-201.256	-67.0156
-13	479.423	0.535196	418.912	-437.103
-13	508.709	0.205217	-1095.59	378.754
13	868.02	0.548342	-1222.73	-92.5612
13	558.053	0.765709	1267.56	1396.9
13	659.268	1.04466	-1478.71	640.344
13	459.522	0.943065	-1201.76	-126.503
-13	866.439	0.241437	-92.7416	-1053.34
13	469.477	0.104593	-944.118	745.784
-13	431.533	0.12584	69.101	202.462
-13	431.598	1.17966	-1183.82	1198.31
13	461.343	0.5344	-807.854	1218.39
-13	590.651	0.690709	52.5334	-1213.15
-13	658.908	1.06049	-1079.79	920.666
13	591.971	0.764441	-468.741	1191.33
13	436.326	0.647567	174.453	-27.9136
13	507.345	0.286441	-903.856	1064.93
-13	1471.69	0.441991	696.687	-630.873
13	567.077	0.526427	316.953	-1182.77
-13	416.992	0.0391314	582.605	-254.23
13	705.263	1.17096	1136.53	-181.428
-13	428.7	0.921488	1290.09	1355.31
-13	614.007	0.967065	-304.766	212.933
13	960.963	1.17269	103.676	28.5555
-13	463.277	0.990104	216.736	342.789
-13	579.798	0.940216	-1255.55	834.325
13	705.695	0.715768	-1409.05	892.93
13	536.085	1.0192	-532.604	508.86
-13	436.054	0.226922	705.539	-837.286
-13	660.185	1.04812	-764.372	-308.155
13	516.224	0.614829	-598.369	174.719
-13	652.757	0.664465	328.489	-164.032
-13	435.389	0.00329635	-1138.44	1112.37
13	584.948	0.251768	-52.6645	-933.128
13	795.099	0.195144	-1492.02	-995.047
13	481.186	1.13308	990.13	567.094
-13	601.378	0.600443	-1174.81	-1323.72
13	787.313	1.08453	1074.87	-1295.74
-13	1259.03	0.621588	539.877	1349.2
13	491.326	0.472647	1130.92	1107.22
13	449.501	0.0351837	-1476.56	915.239
-13	449.467	0.532657	-510.905	521.289
13	414.331	0.0632974	935.147	-913.808
13	1065.69	0.845432	-1108.89	-723.173
13	591.477	0.911093	-113.112	642.134
13	458.613	0.483578	1448.81	381.835
-13	474.739	0.610929	180.626	1003.42
-13	409.528	0.184786	-624.108	41.7065
13	610.502	0.825475	561.419	1411.66
-13	629.452	1.21664	-1002.17	1050.2
13	475.748	0.825783	-815.115	414.401
13	711.196	0.372654	-1174.71	-475.84
-13	672.237	0.508841	47.6044	810.806
-13	1027.2	1.15059	-1009	224.553
-13	513.338	0.154004	919.157	427.754
-13	773.37	0.491394	442.851	-1061.89
-13	547.472	0.447492	-884.052	-1086.53
13	435.341	1.05915	801.993	661.932
-13	408.79	0.331675	-231.431	-1275.23
13	1210.03	0.942881	1343.72	230.585
13	493.469	0.908172	-293.009	1019.77
13	556.819	0.0846234	-214.512	1240.52
-13	401.396	0.807359	1028.32	1289.63
13	412.758	1.09358	984.529	-258.369
-13	797.658	0.627825	-744.54	-201.682
-13	493.802	0.707165	898.592	-484.6
-13	501.329	0.9442	-697.968	131.696
13	541.855	0.959668	-207.624	-430.12
-13	1093.7	1.06259	-384.684	-1356.37
-13	438.523	0.233946	-250.664	-231.838
-13	2457.45	0.57179	121.577	-609.157
-13	432.956	0.682564	494.629	653.94
13	604.68	0.517733	-132.999	-84.15
-13	583.283	0.128301	-1497.02	968.208
-13	463.492	0.110736	-168.938	893.716
-13	540.638	1.20705	933.361	271.753
13	486.137	1.08183	213.304	182.942
-13	994.97	0.791526	1122.49	1169.65
13	529.522	1.16959	470.252	825.25
-13	705.073	0.400639	821.273	921.486
13	425.408	0.430843	1484.77	-237.524
-13	400.085	0.0596746	1246.1	-193.981
-13	417.774	0.293385	-1264.4	323.433
13	726.702	0.731503	1025.93	863.673
-13	452.598	1.04649	-1103.23	1114.85
13	874.845	0.0529074	1398.7	1241.74
-13	543.836	0.96162	-1000.8	-1338.38
-13	499.609	0.237674	-151.7	-1403.99
-13	447.115	1.21963	17.8548	-437.793
13	1074.55	0.84853	936.808	-1176.54
-13	571.483	0.576138	-624.574	775.161
-13	465.019	1.1297	-485.141	-420.119
-13	740.509	0.836019	657.746	-933.435
-13	520.789	0.344652	-599.976	-112.389
-13	510.788	0.790353	-962.607	203.464
-13	748.258	0.548749	-59.0714	128.381
-13	456.282	0.944338	-841.184	543.708
13	741.959	1.06425	1346.15	-777.2
-13	648.974	0.881399	-35.6605	539.644
13	515.055	0.747819	547.207	-1402.81
-13	448.931	0.0653597	1281.55	-627.767
13	653.126	0.112002	512.645	-532.753
13	773.991	1.01847	708.557	444.374
13	420.669	0.143997	-604.617	-1113.39
13	543.554	0.797536	1188.08	1057.57
-13	492.383	0.558746	-1294.74	292.665
-13	428.005	0.185818	1391.96	-702.769
13	428.038	0.654027	-88.3744	-1008.6
13	465.451	1.09355	856.997	926.992
-13	1011.93	1.12703	-1286.23	1241.5
13	768.059	0.893009	-1380.51	1479.14
-13	641.01	0.637015	545.764	105.692
-13	506.248	1.1021	-1243.94	-1040.69
13	515.093	0.931803	-733.141	1078.67
13	1041.04	0.262813	1338.22	-1216.27
13	704.9	0.761116	1376.8	601.746
13	490.138	0.21833	1237	-39.4401
-13	660.684	0.67333	234.194	422.488
13	580.309	1.0331	1181.11	-1076.02
13	1595.24	0.968459	977.783	688.844
-13	407.863	0.74266	562.949	-437.09
13	472.98	1.19821	-862.45	804.255
-13	690.201	0.659204	-324.566	1094.79
13	460.509	1.08392	331.127	804.608
-13	634.356	0.771266	1475.08	-1108.03
-13	540.344	0.832234	-1376.72	1041.91
-13	741.497	0.880451	-1283.37	267.27
13	401.155	0.19455	-1469.58	598.062
-13	640.359	0.312477	-1361.17	388.381
-13	504.987	0.0305751	-1423.37	-1404.45
13	589.43	1.10604	-458.924	-742.419
-13	2010.44	1.17444	-312.393	927.606
13	602.648	0.921495	-127.345	1400.82
13	442.457	0.721062	1332.35	-1177.98
-13	610.218	0.293189	883.299	-895.517
-13	411.216	0.01051	-1078.75	-1307.55
-13	687.582	1.02441	-893.028	-333.097
13	594.643	0.479946	299.657	784.049
13	1113.64	1.00868	-163.986	-1031.51
13	491.377	0.345169	365.977	9.48253
-13	439.832	1.02039	351.543	856.025
13	817.913	1.07512	-5.17229	-104.984
-13	1337.78	1.18926	140.079	-607.751
-13	574.803	1.15379	110.245	334.222
13	633.83	0.799219	-647.275	-887.574
13	1733.49	0.470298	996.4	582.34
13	655.076	0.748678	-99.6422	-1289.57
13	713.265	0.0385345	-459.149	-1192.07
-13	434.109	0.850962	-259.768	1421.99
13	444.292	0.462174	-1324.6	382.276
-13	469.296	0.394636	1468.84	-921.078
13	495.86	1.14956	429.526	1330.16
-13	445.323	0.622035	1126.31	837.029
-13	782.225	0.585371	-1339.51	-874.595
13	707.757	0.0822794	825.165	-1360.45
-13	545.987	1.14203	874.475	-1166.11
13	605.672	0.804591	-1120.89	48.8217
-13	886.344	0.325193	577.221	-1381.81
-13	433.318	0.921412	-1336.44	-446.184
-13	402.237	1.18795	-887.068	1367.61
13	464.772	0.107973	-93.69	-428.293
-13	549.602	0.99705	-1366.47	-481.667
13	549.173	0.555175	883.116	672.51
13	497.143	1.06667	-170.282	341.872
-13	519.242	1.04352	-608.999	-1354.36
-13	629.066	0.972493	129.657	101.14
13	411.28	0.362611	-1426.3	616.543
13	515.976	0.794959	-1234.24	827.331
-13	906.246	0.65198	412.255	957.597
-13	574.987	0.574916	1422.38	736.122
-13	872.507	0.57226	-1089.97	-1421.96
-13	524.861	0.679001	243.043	-1477.01
13	923.993	0.415737	-407.041	1189.67
-13	613.032	0.0268834	-299.365	-353.231
-13	414.538	0.0437315	607.531	492.845
-13	444.118	0.282039	1267.15	-667.414
-13	876.583	0.343914	199.884	1256.1
-13	764.101	0.945429	-863.362	-817.735
-13	401.735	0.230096	-920.704	-562.476
13	570.047	0.919353	10.8839	1347.94
13	564.228	0.589239	-969.158	-481.724
-13	485.471	0.805049	-450.033	-238.404
-13	472.797	0.454971	-1392.93	-231.631
-13	800.676	1.081	1264.61	688.444
-13	971.645	0.6736	38.2494	325.27
-13	401.129	0.214833	913.57	-1408.94
-13	581.384	0.609508	14.6038	793.929
13	644.773	0.967036	1338.61	1080.78
13	448.429	0.444953	14.2151	111.379
13	702.8	0.811997	204.35	-417.069
-13	456.667	0.9158	1223.97	550.295
-13	841.619	1.15738	229.164	936.51
-13	426.238	0.834669	-70.0602	-793.079
13	1237.81	0.0913122	1301.08	647.049
13	624.509	0.657615	-1221.91	798.815
13	491.238	1.05127	44.2228	-1435.79
-13	416.799	0.582351	530.524	576.334
-13	471.951	0.694413	-688.364	711.302
-13	675.103	0.720728	169.196	206.291
-13	642.711	0.664189	-309.87	375.32
-13	835.244	0.51116	517.213	142.113
-13	501.572	1.15432	-22.7213	-85.8145
-13	672.242	0.632766	-721.732	-70.1491
-13	450.278	0.280478	379.011	911.417
-13	410.825	0.435935	-301.436	1363.54
13	610.549	1.15109	1199.35	1047.03
-13	890.832	0.360183	-379.191	-1194.03
13	750.361	0.566111	-1252.3	131.2
-13	452.049	0.364183	-862.783	-779.646
13	551.579	0.650351	1272.55	885.979
-13	1414.78	1.06959	-354.117	34.4738
13	451.851	0.364681	708.862	187.535
13	1052.22	1.14049	1336.61	-779.993
-13	422.006	0.773273	896.163	-1392.51
13	403.456	0.530342	990.769	1223.33
13	521.508	1.17268	-1061.69	1089.44
13	581.067	0.751144	-566.843	-139.259
13	762.873	0.359583	-1037.17	-705.229
-13	566.7	0.0712598	1427.25	173.358
-13	580.688	0.0567523	1419.78	1314.68
13	570.738	1.18336	-55.2392	1052.23
-13	514.369	0.402815	54.9154	-1174.11
-13	651.39	0.0208173	1499.64	-1425.92
-13	1066.73	1.14933	101.922	-910.512
-13	471.214	0.0922314	-660.372	-887.82
13	505.346	0.856184	1274.06	-1125.99
-13	774.239	0.109233	1357.68	1391.52
-13	1113.37	0.687231	167.582	-243.466
13	411.047	0.688787	946.204	1154.9
13	471.225	0.481171	356.712	-1439.03
13	640.571	0.778647	1274.29	658.365
-13	931.851	0.482063	-38.9957	318.447
-13	490.039	0.811337	230.214	1113.66
13	452.751	1.05382	281.071	1079.48
-13	404.036	0.938774	897.077	-110.324
-13	761.877	1.21502	1170.88	-1455.94
-13	410.485	0.792236	1133.01	719.082
13	560.927	0.246734	-1205.98	-1391.7
-13	1159.06	1.15797	1376.38	-969.718
13	474.448	0.929425	876.921	254.621
13	402.288	0.123969	-1083.54	-1105.93
13	439.53	0.799066	-290.267	790.632
13	549.687	1.10595	-176.998	1027.96
-13	610.381	0.893929	-127.97	-1283.76
13	1027.32	0.391229	-701.773	62.7728
13	1069.7	0.936674	363.316	-771.263
13	839.651	1.15746	-71.8012	1229.8
13	4549.93	0.691096	-93.8567	1023.58
13	1154.94	0.160316	-1424.24	181.804
-13	470.645	0.655742	-372.435	-580.315
13	443.202	0.464736	-329.694	569.971
-13	407.348	0.116968	-1491.74	1224.86
13	644.696	1.21898	709.716	467.339
-13	572.317	0.879816	-1185.45	449.815
-13	411.647	0.535697	-1123.02	467.056
13	474.371	0.989555	-293.975	88.1112
-13	405.291	0.977211	-951.786	-1120.83
-13	571.936	0.789651	-1483.98	1298.79
-13	769.875	0.650854	-1320.57	-1255.71
13	649.988	0.921172	-213.999	526.142
-13	565.763	0.611672	-970.657	1258.17
13	471.074	0.965972	-28.2112	1076.15
-13	1322.76	0.988663	1150.3	936.934
13	750.449	0.92293	-706.165	-222.787
13	4894.55	1.10821	-1311.77	76.9283
-13	423.211	1.14336	1151.7	-950.029
-13	572.142	0.68471	820.015	379.3
13	424.53	0.835484	19.0546	-913.182
-13	615.38	0.717912	1229.68	-1447.03
-13	2240.38	0.0655677	-1315.25	1353.96
-13	463.841	0.324459	-881.208	1401.82
13	657.491	1.18699	1475.88	1070.83
-13	455.379	0.786887	-1411.58	1232.18
13	770.652	1.07358	-1255.4	1133.02
-13	761.232	1.09891	1115.08	-544.884
13	415.166	0.18178	142.837	1458.43
-13	437.001	1.08528	-945.135	-1458.78
13	553.382	0.828439	-422.651	1487.39
-13	774.693	0.99455	394.571	159.402
-13	527.443	0.836871	1319.8	-47.405
13	520.384	0.763311	-130.13	-339.24
13	757.556	1.0177	1161.84	1484.48
13	512.185	0.880016	-1401.98	-1026.77
13	412.465	0.404517	-829.603	-978.195
-13	432.549	0.52575	1119.5	729.365
13	536.529	1.14657	-361.841	-998.408
13	629.121	0.835289	-1236.84	-945.941
-13	540.753	0.619772	-979.462	-80.182
-13	469.182	0.311156	-769.388	-369.778
13	479.888	0.665469	1195.48	-242.407
13	716.643	0.928153	-610.791	-154.687
13	774.825	0.948309	-39.621	-569.18
13	1170.11	0.749171	-582.929	-1009.54
13	570.491	0.314256	383.516	438.195
13	2578.59	0.35227	654.031	529.18
-13	647.269	0.849631	-191.039	1171.96
-13	435.181	0.134788	-967.942	956.627
13	506.053	0.757283	-1042.83	277.667
-13	449.261	0.0663503	470.624	-638.279
-13	686.467	0.953777	-1331.67	693.145
13	671.104	1.11547	-1334.15	-609.121
13	462.209	0.189332	350.768	-1158.82
-13	814.765	0.992182	1350.57	577.043
13	548.849	0.0598136	14.5948	310.938
-13	443.66	0.570445	-1165.68	201.375
13	1230.38	0.403098	-533.287	-183.179
13	416.742	0.0210656	34.3856	-1176.66
-13	469.922	0.230662	-746.139	-833.511
13	705.993	0.228739	91.4107	1180.85
13	825.236	0.00439089	-416.592	-1378.75
-13	541.351	0.813743	-653.093	-549.963
13	843.676	0.253039	742.004	-1340.94
-13	401.795	0.330018	-609.243	-1241
-13	666.722	1.10368	1374.94	-153.713
-13	681.953	0.738049	1076.38	737.026
13	466.816	0.861343	-762.087	-111.647
13	413.428	0.950132	935.936	-709.056
-13	411.201	0.0256316	-507.613	-219.88
-13	521.761	0.669838	-570.372	611.508
-13	488.248	1.1864	-1417.93	1025.37
13	866.08	0.404319	-208.657	-486.796
-13	545.516	0.837538	-144.525	1407.94
-13	511.849	0.758247	877.85	-1104.39
13	512.055	0.0250827	1323.73	827.195
-13	570.486	1.19281	496.553	-259.762
-13	696.767	0.408343	559.684	1405.19
-13	485.218	1.04698	-700.389	-671.49
-13	1138.86	1.06386	339.618	-387.521
13	406.881	0.620989	488.718	1480
-13	408.414	0.605354	1134.93	-1403.94
13	587.761	0.632032	-1235.97	-1439.92
-13	608.817	1.03487	-518.747	-1417.55
13	642.264	0.51573	-1131.33	735.345
-13	890.478	0.532014	303.604	-449.043
13	646.108	0.0630857	-976.101	-1461.28
13	1746.59	0.807612	536.534	972.864
13	454.706	1.16371	629.354	761.258
-13	498.638	1.12771	20.2272	983.186
13	425.341	0.023106	858.743	-1384.97
-13	440.102	1.17793	-382.408	1481.9
13	535.923	1.09621	-360.49	282.583
-13	779.28	0.478229	-939.316	1359.47
-13	535.172	0.751225	-453.666	1199.34
-13	747.668	0.3326	1457.78	919.724
-13	403.48	0.708352	612.745	-703.226
-13	806.129	0.769027	-1347.23	625.669
-13	719.546	0.883033	-1200.54	-1018.44
-13	413.358	0.0278961	-1032.92	-654.08
13	553.35	0.205586	-456.293	-744.958
13	416.263	0.891476	499.187	1442.89
13	419.531	0.474369	489.844	1285.34
-13	440.171	0.693188	867.94	178.401
13	433.534	0.161209	-1217.48	1276.92
13	1652.17	1.14587	216.745	711.522
-13	489.511	0.702645	-1411.91	158.645
-13	831.279	0.603958	776.66	-1155.85
13	613.42	0.0164595	442.314	466.092
-13	598.55	0.134396	-516.165	1396.25
-13	681.083	0.0842527	876.09	-442.877
13	607.324	0.139878	185.779	-656.557
13	442.274	0.280365	1478.17	-268.437
-13	499.147	1.10184	1367.71	-1109.85
13	955.98	1.01923	929.706	-238.398
-13	432.921	0.537159	-483.582	710.214
13	594.103	0.887401	-1387.02	544.164
-13	446.022	0.744881	291.827	393.721
-13	408.987	1.01693	722.419	729.788
-13	707.649	1.20271	-642.982	-50.9279
-13	405.796	1.09617	687.852	-26.3822
-13	870.994	1.20068	-538.719	227.058
-13	427.611	0.554555	1171.56	716.479
13	424.034	1.20865	952.395	-1125.63
13	1473.84	1.1881	-263.555	41.1277
-13	470.123	0.490037	1324.63	-1324.07
13	473.884	0.465469	763.494	-709.717
-13	409.266	1.17224	-205.311	-602.754
13	1303.06	1.1269	737.954	-462.927
13	609.718	0.0232183	1288.32	-174.577
-13	514.256	0.441943	-728.487	-927.819
13	851.974	0.364526	-399.432	-1098.45
-13	417.979	0.905535	842.165	94.1525
-13	1213.44	0.277148	435.788	81.7181
-13	674.378	0.488814	-782.756	-678.193
13	411.987	0.297529	-637.849	-621.464
13	497.664	0.416908	-625.721	19.3243
-13	1046.01	0.839941	-91.9584	-252.185
-13	541.083	0.192199	-1363.73	518.78
-13	507.351	0.348055	1215.05	-18.4446
-13	458.113	0.794349	493.726	688.477
-13	622.087	0.957775	1321.45	476.486
-13	421.163	0.906002	780.093	-811.793
-13	1566.79	1.19086	-79.5761	614.143
-13	415.362	0.368456	-426.896	787.678
-13	461.064	0.866933	977.225	-536.877
-13	427.702	0.990679	327.945	-1179.74
13	656.533	1.21847	468.891	1116.71
-13	438.836	1.17259	1205.37	1264.31
-13	624.519	1.04203	-999.165	807.239
-13	470.97	1.08038	433.63	-502.923
13	717.236	0.940843	-784.695	-1078.82
13	611.379	0.231113	-324.221	420.187
-13	803.515	0.774034	619.624	-1488.02
13	1686.76	1.18093	-313.101	-90.4003
-13	443.279	0.177845	-205.866	685.924
-13	543.149	0.0657684	630.415	-1427.57
-13	548.964	0.210114	1098.4	-1067.64
-13	464.463	0.514601	175.315	768.38
-13	760.316	1.21691	-1171.7	1418.66
-13	693.699	1.06051	460.215	396.167
13	572.776	0.406183	72.0236	1367.86
-13	575.63	1.19277	-324.615	926.392
-13	648.166	0.996055	-644.61	-848.049
13	413.823	0.670507	-1165.37	1256.56
13	503.635	1.01679	-665.681	-285.601
13	489.061	0.534434	1486.7	629.719
13	1604.69	0.866334	-274.033	-998.097
-13	413.381	0.607019	213.409	-1426.56
-13	427.89	1.10855	-1033.62	1488.31
-13	444.742	0.26388	-405.597	1293.61
-13	1119.24	0.352321	651.187	-573.171
-13	604.605	0.31173	1090.66	-1227.57
13	1660.49	0.274233	406.037	-1354.44
13	550.116	0.531206	-59.3968	628.655
-13	402.632	1.09161	-1236.76	-170.976
-13	435.271	1.16827	359.884	-987.007
-13	854.395	0.9171	-798.609	-1028.27
13	401.113	1.0503	-1039.14	1085.51
-13	1619.65	1.1133	-245.565	-1009.01
13	491	1.07772	1461.34	-1478.8
13	936.157	1.18578	-1051.57	-682.03
13	2131.04	0.397468	-1269.18	-449.911
13	1193.7	0.886965	1120.06	1269.47
-13	436.761	0.352469	-1339.85	-93.8146
13	610.2	1.19793	1007.51	454.484
-13	815.846	0.210187	1297.13	-1234.94
-13	813.475	0.0563528	1065.71	365.068
-13	428.932	0.533567	-431.139	733.764
13	499.161	0.252567	-877.435	-382.706
-13	549.571	0.0316263	804.462	248.816
13	503.527	0.556952	-257.804	380.868
-13	601.408	0.439152	-953.935	907.951
-13	469.299	0.392671	745.978	974.218
13	675.32	1.14209	1328.87	-857.782
-13	640.416	0.660042	-450.458	341.214
-13	403.208	0.738565	-1299.92	548.838
13	491.298	0.69741	-154.55	922.229
-13	583.317	1.20036	-440.367	-732.482
-13	603.039	0.880075	-257.267	47.4487
13	888.826	1.1746	-1425.32	1132.08
-13	569.489	0.262448	-729.284	-289.076
-13	571.535	0.801991	855.028	-61.1452
13	425.4	0.997665	-569.885	-1326.59
13	708.815	0.483554	1444.81	1357.63
-13	466.768	0.701249	-780.705	-1073.24
-13	465.31	0.884795	-549.061	-455.699
-13	525.917	0.684435	390.37	-502.982
-13	451.56	0.588538	-1497.53	1330.05
-13	517.772	0.682706	1207.42	958.577
-13	538.619	0.527528	-1315.68	752.984
13	602.793	1.09711	-455.818	476.768
13	669.419	1.04973	-216.183	21.3596
-13	551.224	0.272618	757.297	-682.86
-13	454.042	0.257261	-1032.07	-333.997
13	425.548	1.20762	863.646	842.978
-13	502.623	0.654623	765.83	-1151.17
13	604.485	0.777978	-1403.23	1325.41
13	407.798	0.9169	1361.05	-672.727
-13	411.968	1.20966	540.537	877.983
13	558.439	1.04937	-656.852	-1173.82
-13	503.263	0.640848	602.472	-1191.34
-13	430.197	1.20866	-215.241	20.5944
13	597.448	0.763423	-849.474	-676.569
13	646.752	0.790147	166.308	-508.864
-13	405.339	0.915343	814.989	203.555
-13	408.074	1.22104	753.665	510.865
-13	1129.23	0.501223	-1485.14	-644.957
13	414.337	0.684549	1036.54	800.683
-13	538.368	0.442371	-804.599	-589.809
13	469.481	0.937864	-9.08376	-1498.76
13	550.961	1.07924	505.078	-564.762
13	1803.08	0.213253	416.624	-390.238
13	418.234	0.459851	121.788	-803.706
13	463.164	1.08986	60.0958	-368.358
-13	502.738	0.593228	-1411.68	314.046
13	852.623	0.639989	121.923	643.474
13	449.43	0.745608	1038.86	500.437
-13	971.525	1.03385	44.4288	560.741
-13	950.466	0.993191	858.765	96.6884
-13	440.365	0.598297	593.424	575.258
13	402.437	0.515152	1400.22	72.4289
-13	743.181	0.80604	-1076.81	809.043
-13	450.377	0.27139	-733.039	-1062.97
-13	443.555	1.13942	599.995	-561.774
-13	475.174	0.542577	-72.7547	-548.795
-13	785.461	0.413433	469.461	-1159.76
-13	1411.37	0.125198	58.7622	916.214
-13	417.06	0.671403	913.418	-1189.54
13	584.54	0.14475	-1265.16	379.891
13	434.769	0.930541	-646.641	902.508
13	447.422	0.403693	-857.087	1293.83
13	517.335	1.12929	347.906	1405.31
13	538.771	0.480554	-43.7405	947.473
13	504.356	0.777594	-1392.13	-815.522
-13	433.854	0.015641	758.963	264.501
13	889.949	1.0207	694.578	54.7464
-13	560.6	0.345772	-860.203	1333.55
-13	519.573	0.955193	-848.235	859.441
-13	472.43	1.17756	-457.261	854.605
-13	780.559	0.562831	-722.645	492.547
-13	428.916	1.027	-694.825	1286.83
13	910.879	0.875166	-1070.67	918.545
-13	428.177	0.467188	579.502	-1198.19
-13	451.683	1.09854	75.7547	1304.52
13	450.558	0.354726	1007.1	1155.58
-13	657.392	0.42546	661.816	1133.89
-13	632.592	0.860447	960.208	-735.224
-13	516.891	0.77256	-968.462	557.612
13	547.874	0.476401	-4.82671	-541.34
-13	567.599	0.0510246	-84.3838	-494.801
13	476.189	0.630194	981.32	-1207.01
13	824.929	0.769902	-1184.44	406.328
-13	603.456	0.76746	29.9528	-1050.94
13	421.392	0.948604	33.9763	-1466.59
13	494.029	0.0213893	1429.63	-51.0464
13	536.978	0.15253	-1.32909	585.944
13	410.794	0.070919	-1160.24	51.2121
13	450.709	0.987976	-1476.76	832.562
-13	838.309	0.219156	-1366.27	755.151
-13	600.259	0.451365	-310.23	1118.02
-13	603.538	1.13463	1197.9	195.073
-13	629.354	0.411436	900.825	-450.826
-13	573.662	0.317998	1002.49	1196
-13	422.531	0.650501	159.647	338.595
-13	490.637	0.0290416	749.117	534.313
-13	613.952	0.721721	-230.925	-730.709
13	546.865	1.22166	846.757	-1387.92
-13	1054.26	0.944998	821.926	-870.635
13	503.523	0.0431422	-32.3673	-1338.35
-13	421.132	0.0657871	-1341.78	1371.76
13	472.844	0.0637009	-279.181	1161.72
-13	528.115	0.455769	473.238	-1023.6
-13	466.361	1.05589	880.29	6.09244
13	468.842	0.760503	539.622	-1392.87
13	683.23	0.757663	990.476	-158.731
13	485.853	1.125	1222.47	41.3015
-13	419.717	0.743627	561.705	1210.92
-13	601.203	0.908377	-266.387	912.107
-13	435.65	1.08314	1372.99	1202.43
13	5127.7	0.585209	1383.36	-159.07
13	597.754	0.810861	260.13	-465.856
13	571.556	1.12926	424.804	1264.15
-13	475.792	0.525374	-299.322	-1324.53
-13	770.878	1.20003	-1024.47	83.8365
-13	713.859	0.632861	-923.277	868.314
-13	553.572	0.117388	632.394	1113.29
-13	673.333	0.526597	-986.064	1328.87
-13	677.484	0.980381	-58.8611	911.242
13	579.43	0.881868	-361.914	246.284
13	447.804	0.957644	510.654	995.53
-13	537.398	0.533347	-747.317	-813.133
-13	922.498	0.472247	1481.43	-741.209
-13	1042.78	0.608645	136.661	1073.31
-13	517.735	0.546293	-723.584	-759.694
-13	513.415	0.944719	-1135.49	1228.94
13	829.494	1.18456	735.173	296.448
13	448.02	1.04898	1101.8	46.2604
-13	1444.72	0.157883	1226.04	-984.244
13	824.699	0.405404	-911.17	-180.24
-13	404.417	1.20059	44.3807	-1494.87
13	1055.11	0.464361	-67.1033	99.4703
13	791.686	0.167899	-1136.18	-75.6797
-13	761.015	1.12066	768.756	974.425
13	915.329	0.286329	-1128.49	-1005.88
13	631.513	0.318532	248.88	1197.86
13	510.283	0.656683	-932.74	-694.143
13	598.615	0.594861	-104.717	1130.84
13	440.558	0.29486	908.267	-989.97
13	623.825	0.0583158	1327.63	-472.954
-13	457.044	0.836938	-189.279	826.967
13	412.511	0.61219	1122.53	128.475
-13	437.291	0.533583	-990.634	-1189.63
-13	720.864	0.428106	342.941	-371.228
-13	406.781	0.870735	-721.983	-1281.75
-13	406.219	1.04333	-731.762	-601.81
13	459.436	0.757282	-1484.72	-382.214
-13	709.284	1.07533	238.552	798.596
-13	1127.47	0.916216	-210.208	177.104
13	657.63	0.739697	1018.68	-1272.19
13	663.498	0.518343	-1013.73	1383.3
-13	746.259	0.234609	-394.881	-34.2669
-13	412.688	0.665025	634.777	-1157.84
13	621.537	0.128099	-1290.73	-1217.57
-13	836.448	0.827512	-913.415	-180.181
-13	466.789	0.292147	-844.346	165.715
13	585.559	0.60312	-692.633	-189.505
13	597.018	1.21422	-670.932	233.961
-13	472.848	0.313173	-1029.3	-1255.88
13	430.739	1.06667	1033.68	-72.5097
13	534.057	0.979549	464.188	-34.8394
-13	577.321	1.05675	317.639	1150.77
-13	450.612	0.844629	942.731	-1207.04
13	428.66	1.06446	381.598	-1346.83
13	1908.2	0.681444	1182.84	-464.443
-13	530.647	0.304433	-1009.87	-864.47
-13	552.291	0.977956	-805.239	704.134
13	449.425	0.90225	-488.243	-655.143
-13	760.145	0.856726	-615.306	145.529
-13	534.221	0.768417	1042.59	1492.61
13	1520.21	1.0329	-283.179	700.619
13	693.655	0.0168947	131.307	-176.247
-13	797.085	0.357991	78.84	333.29
-13	957.742	1.20863	786.4	-102.387
13	494.931	0.0920457	-544.161	598.946
13	799.566	0.334155	-314.78	-468.868
13	673.15	0.376173	-219.529	-1454.07
13	711.04	0.165403	-685.414	-663.399
-13	640.105	0.738419	876.136	-1020.33
-13	487.169	1.18721	798.022	-1186.71
-13	410.414	1.01223	-1376.3	1063.98
-13	502.216	1.14197	1386.83	325.623
-13	405.557	0.57952	860.34	-179.007
13	433.668	0.559317	-82.965	924.706
-13	647.788	0.146363	-1155.57	-1246.44
-13	646.09	0.209686	-417.264	86.2807
-13	560.69	0.456306	-880.646	-200.83
13	713.416	0.805972	773.332	1167.92
-13	663.722	0.680739	1228.68	-187.827
-13	566.74	0.166537	-1406.59	-27.4131
-13	403.712	1.05493	-1343.43	873.074
-13	719.813	0.843961	1118.15	-203.75
13	403.23	0.589913	-1458.2	1238.25
-13	461.939	0.621242	381.424	-1369.89
-13	527.67	0.785404	-219.771	-214.143
13	453.959	1.06762	-513.536	-839.733
13	780.269	0.61419	594.191	-1090.84
13	493.539	0.964806	-1320.35	-1406.97
-13	433.969	0.486805	1467.75	-693.007
-13	581.201	0.531104	-670.247	333.021
13	627.122	0.47299	1365.17	-431.118
-13	426.797	0.550934	-365.878	-1332.8
13	509.021	0.122901	-1277.34	-728.4
13	884.103	0.956115	-275.005	192.03
-13	438.565	0.723227	-652.167	-756.559
13	424.224	0.404621	733.25	-105.533
13	510.845	1.05137	-1486.75	1306.14
-13	820.596	0.836807	964.164	216
13	739.562	0.9704	-876.105	845.523
-13	521.938	0.420722	1442.9	666.068
13	769.639	0.939628	1410.47	-401.245
-13	721.85	1.03564	861.954	1350.51
-13	1191.47	0.754216	1007.89	-1090.38
-13	510.551	1.03624	-543.445	580.046
13	618.583	0.861209	1310.82	602.633
13	1012.52	0.814859	-1147	1495.09
-13	548.758	0.923285	-781.932	-1008.5
-13	774.699	0.0187306	-1414.88	-695.667
13	529.112	1.20968	-153.242	442.108
-13	461.583	0.502219	227.658	371.461
13	511.424	0.414446	-981.16	92.1312
13	506.995	0.275978	1209.28	-1134.76
13	418.516	0.0594026	-1080.44	-1446.39
13	506.027	1.15729	1382.88	-312.6
13	412.422	1.0072	-920.015	-1138.94
13	1832.83	0.741681	-485.037	826.564
13	471.894	1.03977	262.098	-734.192
-13	822.264	0.74585	-329.998	192.559
-13	550.961	0.0773439	1183.53	-841.164
13	528.447	0.985714	-1113.73	-1018.19
13	504.071	1.13519	1460.11	-439.163
13	1231.58	0.861733	-1069.38	-54.7575
13	515.949	0.50772	-235.078	-167.895
13	531.022	0.571585	1383.33	598.417
13	717.098	0.84557	16.5794	-156.572
-13	586.412	0.0328163	1223.39	-1192.16
13	1869.07	0.799025	218.388	217.78
-13	534.379	0.715192	843.931	-1456.13
-13	418.887	0.401851	-421.107	527.382
13	497.778	1.18502	-547.337	-252.545
13	496.292	0.760312	-964.77	1105.78
13	465.136	0.925889	-241.379	-576.029
13	557.62	1.02633	591.099	1475.3
13	444.693	0.0222886	-1071.32	-715.758
13	503.727	0.297937	1495.3	1096.17
-13	1527.6	0.13301	-45.0553	1097.16
-13	449.862	0.285759	877.57	794.759
-13	497.031	0.125807	625.2	1036.23
-13	516.472	0.345727	-712.286	-607.803
13	406.235	0.851628	-78.6152	-56.7333
-13	405.347	0.934659	-595.474	-1347.75
13	1113.69	0.724661	-153.673	-453.382
13	523.17	1.16615	-967.489	-922.393
-13	519.889	1.19936	-618.338	-800.699
-13	403.329	1.13265	154.512	866.536
13	1438.96	1.15887	-635.327	286.585
13	835.923	0.390021	-969.527	251.264
13	444.443	0.464005	1101.17	-530.591
13	451.715	1.21116	-356.939	-632.499
-13	448.125	1.06082	1364.33	986.122
-13	736.238	0.69417	-235.671	357.738
-13	566.518	0.969526	1378.23	111.429
-13	661.003	0.903697	-297.969	663.416
-13	508.672	1.03661	1019.26	577.628
-13	481.293	0.121467	846.17	-516.291
-13	902.429	0.304891	831.782	621.653
13	427.706	1.1267	909.065	271.484
-13	423.095	0.223829	839.441	1159.87
-13	417.119	0.871883	-144.154	-377.134
-13	531.194	0.0801744	539.204	1453.69
-13	555.772	1.11274	222.761	1334.5
13	570.649	0.955245	1052.95	-211.532
-13	400.721	0.00916614	548.979	68.932
-13	580.861	0.887521	489.933	-417.2
-13	571.746	0.950818	1419.24	961.653
13	548.306	0.303095	-1137.44	-892.873
13	570.47	0.294763	-1226.9	209.684
13	400.986	0.741027	-1003.61	969.28
-13	428.125	0.817172	-1120.13	-337.311
-13	1012.91	0.25596	457.129	608.067
-13	523.896	0.438324	458.496	921.957
-13	562.976	0.938838	-674.411	-704.566
13	566.853	1.17226	260.205	-692.162
-13	411.35	0.604358	492.263	996.38
13	483.528	1.12945	-360.251	1345.88
13	635.653	0.141378	-306.116	-1055.4
13	810.628	0.221752	-1326.64	-1019.78
13	579.671	0.152748	767.46	933.56
13	614.706	1.13681	-631.02	-278.978
-13	828.225	0.0154472	308.146	-286.068
13	756.71	0.953096	-207.909	-791.653
13	732.294	1.10516	1102.17	506.543
13	406.159	0.124304	-530.319	-795.09
-13	620.23	0.478026	-800.804	-1480.63
13	805.858	1.08945	-368.759	82.5998
-13	403.58	0.305225	-697.751	809.543
-13	2016.89	0.241306	-192.781	58.1248
-13	804.61	0.765861	1349.15	1095.56
-13	549.308	0.664741	-513.705	788.554
13	1920.28	0.474427	13.595	417.556
13	843.024	1.03767	-208.782	-1332.6
13	417.557	0.470509	-1469.57	-658.185
-13	5014.03	0.785562	862.462	-1368.59
-13	470.649	1.16786	-115.033	-717.94
-13	793.507	0.570914	958.504	1002.62
-13	522.317	0.0960448	1032.04	-1395.07
-13	506.059	0.309076	299.773	619.496
-13	457.604	0.882848	-396.847	998.642
13	551.283	0.354615	-432.832	-301.183
-13	494.1	0.315549	-833.865	-1214.93
13	454.001	0.79147	1027.02	-1447.74
13	444.834	0.102622	385.35	-1150.98
13	499.739	0.290691	1003.24	901.504
-13	744.955	0.659954	-600.88	1332.41
-13	497.148	0.873774	499.654	-1440.03
-13	447.044	0.324707	-1435.32	-659.691
13	429.282	0.942131	488.055	1412.88
13	779.124	0.204066	161.414	-792.794
-13	607.108	0.00470158	491.057	91.659
-13	1202.38	0.685439	-798.088	-451.561
-13	840.856	0.425376	-276.529	1429.44
13	413.948	1.13007	-1009.75	-900.916
-13	580.903	0.203427	-1410.46	126.289
13	705.414	0.785614	-655.486	-1090.26
-13	487.794	0.47217	803.518	741.299
-13	484.051	1.0052	-508.653	1346.67
-13	510.892	0.428754	-139.933	281.33
-13	400.55	0.427638	-838.038	622.897
13	789.889	0.858993	359.283	1251.7
-13	726.072	0.572461	-147.369	1344.2
13	724.489	0.901031	-925.931	357.328
13	404.759	0.875819	225.162	-1090.9
-13	661.143	0.811387	-720.846	151.762
13	758.728	0.691534	625.635	748.752
13	1259.23	0.498792	1330.78	1438.22
-13	841.481	0.812206	631.886	-1372.14
-13	564.143	0.405304	745.928	-1091.58
-13	656.411	0.501788	1115.17	912.093
-13	821.367	1.12784	539.125	108.817
13	465.668	0.481398	993.86	421.395
-13	460.368	0.850859	442.737	38.0197
13	502.561	1.10163	595.694	-850.043
13	404.025	0.511891	1392.2	-1156.13
-13	421.776	0.584858	451.888	300.662
13	504.405	0.231515	1260.25	-1050.16
13	437.486	0.272083	-294.634	475.664
-13	644.092	1.21101	1387.09	-540.716
-13	825.135	0.0981389	-1245.61	-1031.55
-13	829.844	0.0237557	-1312.4	759.581
-13	590.18	0.821611	140.125	991.879
13	1042.93	0.933699	-1309.51	-197.988
13	802.404	1.16575	-1056.07	-147.437
-13	654.942	1.20326	-242.409	-704.854
-13	416.199	0.943981	-970.457	317.661
-13	449.792	0.352246	1443.42	698.981
-13	432.94	0.631257	-822.003	462.283
13	647.637	1.05697	389.221	-1123.17
-13	634.373	0.0397052	-142.179	1187.81
-13	514.217	0.288412	-562.672	399.857
-13	404.697	0.101831	519.759	884.433
-13	577.38	0.954846	170.177	698.885
-13	612.29	0.874038	1031.95	-8.79071
-13	879.457	0.777759	288.765	-324.041
-13	601.135	0.768691	828.485	-732.558
-13	1856.94	0.28105	-854.624	349.603
-13	1347.76	0.0783652	222.543	1294.67
13	455.032	0.316447	1172.23	695.685
13	894.796	0.63223	-836.098	240.66
-13	482.436	0.790663	115.672	887.708
-13	744.892	0.271534	1413.44	942.254
-13	633.598	0.82031	310.374	-1311.16
13	444.47	0.711221	-1095.12	-2.02673
-13	456.861	1.15426	-309.167	-742.152
-13	485.769	0.369014	1430.93	-385.958
-13	408.708	0.388163	-640.867	-1076.67
-13	513.8	0.579825	59.0069	-109.404
-13	437.28	0.0336174	-1089.07	113.032
-13	1016.58	0.250664	737.322	1315.66
-13	503.782	1.05144	-705.521	-253.895
-13	408.815	1.0535	-350.289	138.263
13	596.091	0.125966	966.362	-994.916
13	478.823	0.157487	896.285	-549.016
-13	435.285	1.17701	-993.905	-205.725
-13	455.146	0.950189	548.006	480.734
-13	554.471	1.18197	1021.84	-415.072
13	411.69	0.335005	1067.84	-661.117
13	468.574	1.00538	-136.186	1432.77
-13	663.512	0.275448	-376.252	-592.549
13	910.297	0.771245	-929.485	-1052.88
-13	697.66	0.00244874	-814.814	1296.3
-13	698.904	0.230056	-229.623	-14.5939
-13	455.183	0.314094	488.222	-725.626
13	539.867	0.626891	-758.287	-1479.01
-13	614.984	0.599869	-888.14	-455.33
13	430.552	0.857037	-1138.71	-834.405
-13	504.279	0.58769	-1235.48	474.096
-13	447.559	0.482299	-397.277	991.733
13	600.086	0.917509	888.427	-804.882
-13	460.5	1.15147	-1302.15	687.393
13	560.67	1.02995	1057.84	903.172
13	623.921	0.268821	-983.994	-185.526
-13	476.66	0.464508	1030.18	106.885
-13	663.895	0.646298	-1288.99	667.781
-13	1273.84	0.632904	-1430.97	1270.56
-13	435.864	1.02451	707.429	1037
-13	2421.71	0.76226	807.707	-121.052
-13	488.128	1.10888	1281.72	-28.6788
-13	833.032	1.16038	-411.682	964.381
13	1905.83	0.816153	1039.5	-1012.97
-13	441.154	0.299038	1388.79	-1072.47
-13	545.371	0.408338	791.598	-280.068
13	754.67	0.0145278	-203.149	789.38
-13	605.466	0.731955	74.181	1126.27
13	779.584	1.03352	1470.25	-815.607
13	561.04	0.252939	1383.78	284.917
13	573.145	0.460728	-467.953	1490.99
-13	543.719	1.09243	1365.12	-877.971
13	903.599	1.1572	-1037.25	998.841
13	605.203	0.520256	-801.115	-1001.75
-13	683.45	1.07086	-504.526	102.685
-13	688.719	1.20534	-1065.61	-1392.95
-13	3147.37	0.556511	715.544	959.361
13	403.775	0.0512984	-451.078	-275.97
13	441.827	1.10798	1372.24	359.161
-13	632.336	1.18903	-651.504	247.845
-13	449.139	0.488891	1382.43	761.191
-13	416.65	0.923801	-640.164	-107.035
-13	409.682	0.249301	912.487	-647.447
13	863.155	1.07049	-883.853	-616.23
13	632.171	1.15229	-754.12	-25.4542
13	441.793	0.104725	97.2024	71.1059
13	445.946	0.899354	-801.974	-1282.12
-13	619.661	0.853717	426.947	-834.733
-13	544.89	0.0460642	-669.494	367.968
13	716.215	0.80577	-642.666	1429.23
-13	400.35	1.07874	-378.145	583.17
-13	906.284	0.573256	-334.085	-472.042
13	522.92	0.200621	819.035	-851.479
13	613.868	0.606455	-999.217	-1327.38
13	654.734	0.691811	240.688	1458.85
13	670.403	0.930816	1191.97	-1234.76
13	526.043	0.256761	-737.888	-972.304
13	463.317	1.02997	-621.487	-751.847
-13	495.265	0.862162	853.969	454.876
13	470.97	0.960912	-1293.81	814.505
13	779.929	0.0294746	-988.236	-1038.14
-13	510.86	0.70384	-59.4656	-265.771
13	502.181	1.16769	-1293.49	-1452.46
-13	471.904	1.13237	722.211	-1151.12
13	414.454	0.231878	-223.656	1137.03
13	885.133	0.312149	486.028	826.608
-13	547.058	0.69644	-888.544	-1396.1
13	420.259	0.531732	-184.55	1173.31
-13	404.714	1.1426	-152.281	-767.305
13	1649.69	0.357039	-624.033	-723.172
-13	1129.51	0.366218	980.745	-194.85
-13	1121.93	0.560448	-617.627	324.024
-13	629.355	0.13505	-1012.45	-1131.07
-13	693.98	0.743658	394.794	-77.4881
13	428.16	0.720653	208.456	989.247
-13	1017.02	1.12506	-840.597	-832.824
-13	550.066	0.683784	394.153	-1135.93
-13	989.432	0.119498	828.052	697.722
-13	580.819	0.618613	1118.19	-344.08
13	459.36	0.65181	927.072	-361.63
-13	432.156	0.873729	517.802	399.224
13	486.825	0.359861	232.267	1152.71
-13	1113.66	1.18163	546.072	825.482
-13	428.749	0.00596246	-677.047	479.58
13	411.025	1.03716	-880.045	-1404.72
-13	684.7	1.15437	-462.854	-1156.51
13	408.544	1.16305	454.622	-1402.56
-13	478.798	1.20706	-607.038	1478.15
-13	446.204	0.630261	339.561	-1133.1
-13	828.259	0.745626	1478.99	-1305.41
13	455.175	0.877374	-263.611	528.231
13	725.413	0.673909	898.195	-167.527
-13	430.979	0.144001	349.586	-1028.41
13	575.219	0.312848	938.963	-352.344
-13	449.9	0.103109	1191.26	1083.92
13	633.957	0.99113	-916.488	335.68
-13	491.324	0.263551	359.331	621.779
-13	1175.18	0.782875	-1252.96	-602.43
13	441.133	0.766884	169.304	1283.41
-13	699.188	0.478139	-1281.07	-605.31
13	411.877	0.974613	-677.76	703.641
13	403.515	0.427048	693.894	1335.68
13	516.889	0.704481	1337.22	-556.873
13	501.703	0.249845	-718.707	1385.55
13	915.963	1.05126	177.343	137.53
-13	426.35	0.681245	611.671	-98.6625
-13	568.029	0.358618	297.042	-1421.49
-13	544.22	0.155198	-435.26	403.67
13	449.036	0.227214	1280.57	200.214
-13	474.893	0.0240928	779.304	-1433.63
13	501.356	0.816241	-16.5892	-1080.41
-13	1012.15	1.0444	255.37	-1096.65
13	1301.73	0.317739	-769.599	-951.518
-13	426.404	0.33115	-704.478	1491.29
13	687.414	0.105946	1475.22	315.843
-13	740.966	1.14144	-651.64	-403.05
13	2115.2	0.319048	544.502	-753.459
-13	499.432	0.23161	1149.52	1211.55
13	414.321	0.841522	1366.02	-1189.17
13	499.952	1.05141	912.446	785.644
-13	455.998	0.12371	878.031	-181.276
13	427.996	0.189179	1095.51	578.835
13	531.478	1.10363	-1074.77	704.358
-13	593.529	0.848685	1292.62	1325.22
-13	476.135	0.584735	1219.22	-1021.19
-13	594.044	0.178651	-343.451	732.049
13	467.869	1.1858	434.555	-177.98
-13	440.447	0.390013	-321.796	38.5866
13	905.188	0.0343464	1056.53	1239.03
13	497.659	0.124038	-651.159	-920.737
-13	432.785	0.947281	599.567	-1380.41
13	780.291	1.16554	-599.238	-621.655
13	622.425	1.078	1474.26	665.908
13	407.999	0.0774363	1016.41	321.353
13	735.42	0.835161	-954.676	-833.679
13	510.658	1.11663	526.31	-1146.7
-13	907.987	0.0834341	-1245.78	-1436.54
13	770.547	0.531965	-202.002	-448.749
13	565.198	0.541237	-452.422	1344.87
-13	479.502	0.779522	816.383	478.747
-13	561.846	0.678776	-878.059	417.334
-13	754.108	0.290827	943.246	190.423
-13	470.539	0.864511	-584.33	-1402.75
13	554.748	1.1987	97.1576	-640.673
-13	400.561	0.579739	-1170.07	1094.92
-13	503.127	0.721329	-783.743	-564.878
13	449.107	0.861451	232.897	-463.377
-13	430.228	0.970168	-493.546	608.926
13	687.31	0.857807	-846.046	-969.694
-13	452.211	1.07666	-269.413	153.477
-13	422.946	0.27508	1151.13	-1301.69
-13	1088	0.383493	-531.733	-1259.19
13	580.112	0.841247	1145.99	-830.181
-13	570.487	0.957697	767.041	870.891
-13	884.25	0.788233	-396.821	595.746
-13	1052.94	0.61712	-350.303	-1028.74
13	447.108	0.762771	-255.262	384.23
13	677.012	1.06378	894.834	1439.71
-13	513.287	0.745126	-414.837	38.4413
-13	2902.99	0.388564	-550.892	-162.62
-13	445.052	0.832867	740.933	671.947
13	610.977	0.108172	-78.3556	1309.68
13	535.333	0.906341	-84.2785	-1390.33
-13	4432.37	1.15032	-323.316	1053.64
13	1801.23	0.652478	666.844	433.728
-13	449.989	0.739152	309.748	-182.455
-13	430.452	1.21887	1325.42	-423.262
-13	912.588	0.88024	-96.7677	737.766
-13	1051.17	0.625691	-461.22	907.285
13	548.235	0.456073	-29.2943	-279.821
-13	464.405	1.01064	-799.953	-761.998
13	646.349	0.707936	-891.426	1152.24
13	975.475	1.13593	-993.882	639.581
13	756.987	0.123403	-992.084	1424.8
-13	434.533	0.360511	212.737	364.888
-13	436.911	0.316348	834.633	1256.96
13	427.586	1.07737	244.879	211.98
13	591.819	1.077	-73.8502	-1328.29
-13	683.57	0.829116	415.076	215.082
-13	446.914	1.0029	-1029.76	-60.0397
-13	434.108	1.07909	839.511	-308.911
13	544.106	0.620471	1114.41	928.491
-13	959.851	0.218305	-1365.14	336.613
-13	667.816	1.04143	715.91	1004.33
13	427.12	0.678823	-1041.53	171.104
13	841.104	0.951972	-2.81278	358.13
-13	404.079	0.732134	-1326.25	-186.427
13	400.772	0.826171	-1448.83	77.1432
-13	646.829	0.705094	-969.796	534.584
13	655.127	1.16529	807.308	-906.43
13	882.918	0.667175	-716.168	768.02
13	508.762	0.991153	237.249	-79.9047
-13	605.596	1.12744	-768.968	-333.305
13	580.294	0.9345	-441.978	-665.755
-13	444.144	1.08617	-589.666	-1434.9
13	729.401	0.391986	-397.63	-956.693
-13	478.947	0.699344	-1470.88	635.27
13	408.891	0.325174	332.243	-461.593
-13	546.275	0.80417	-445.618	290.544
-13	4097.38	0.43287	683.136	823.244
-13	854.943	0.750815	-1309.37	-1235.2
13	458.236	0.80976	425.491	-259.368
-13	429.881	0.45559	-749.116	-801.494
13	892.265	0.659099	-1021.51	37.6518
-13	618.371	0.9138	-227.492	762.906
-13	630.161	1.06511	-968.625	1097.72
-13	457.245	1.0155	-1270.56	480.364
13	416.956	0.943149	989.355	-158.559
-13	2347.25	0.253915	216.902	654.327
13	423.64	0.936513	-1448.11	788.275
-13	509.759	0.855164	343.646	1350.01
13	405.579	0.021535	1115.96	702.267
-13	499.351	0.349878	420.538	1352.14
13	697.532	0.593364	1195.13	949.721
13	1353.86	1.18826	1124.94	-579.46
-13	772.313	0.951243	749.157	-1099.81
13	755.266	0.522736	521.825	-1065.4
-13	446.465	0.580078	-1280.25	752.897
13	437.07	1.14196	1377.47	-404.903
-13	502.334	0.0513665	1290.89	-1332.2
-13	425.837	1.174	-1467.44	-161.088
-13	411.835	0.491518	1491.45	1232.49
13	513.566	0.395987	-1047.46	-1220.27
-13	475.784	0.610403	1355.5	1428.73
-13	585.833	0.162328	891.576	-1078.63
13	405.78	0.257199	-1321.2	-823.014
13	566.922	0.843422	-329.834	216.571
-13	441.026	0.732512	821.997	-702.613
13	444.809	1.04911	699.009	-282.554
13	436.272	0.904463	-275.378	-739.14
13	763.218	0.372041	-1045.29	705.111
13	518.443	0.370257	1379.72	1136.19
13	769.104	0.367278	151.419	894.755
-13	793.719	1.20668	957.723	1070.03
13	421.33	0.101737	1229.03	994.81
13	400.053	0.0796571	-938.545	-1318.87
13	704.617	0.851901	-566.928	450.218
-13	431.998	0.159866	-1184.74	-381.932
-13	683.797	0.879419	-1258.9	1219.19
-13	409.241	0.0906212	-730.612	535.154
13	887.71	0.799171	1021.15	-88.2374
13	408.038	0.201259	-115.703	402.843
-13	686.944	0.781696	-703.73	-1220.69
-13	430.939	0.731404	-122.679	-45.0787
13	450.757	0.899087	-612.252	-631.309
13	667.513	0.0130416	393.541	-1453.56
-13	532.549	0.877712	-11.2111	844.253
-13	594.507	0.170737	-809.543	-456.018
13	455.722	0.664415	626.68	-386.751
-13	452.155	0.665824	-304.231	-929.295
13	583.471	1.04702	1073.06	-14.6274
-13	480.147	0.709185	-1169.62	-1336.11
-13	467.993	0.643459	-741.566	-39.7824
-13	469.35	0.23623	469.454	348.973
-13	585.873	0.777647	-615.487	-1415.47
13	448.307	0.80478	276.073	852.162
-13	588.161	0.99705	844.191	-465.283
13	1887.17	0.824956	-381.25	-1423.07
13	533.227	0.689731	-1418.12	-511.394
-13	1259.51	0.314556	-1173.82	470.543
13	893.818	0.484607	915.171	859.128
-13	556.398	0.908536	819.921	1134.24
-13	793.395	0.952003	488.386	801.511
13	453.621	1.03234	839.21	198.32
13	420.126	0.663599	45.7113	629.905
-13	1168.95	0.626998	-642.446	-189.255
-13	439.001	0.976247	-1349.44	480.86
-13	716.338	0.620562	-615.446	-875.972
-13	530.216	0.95669	-1265.64	425.062
-13	897.134	0.763523	-1430.32	118.012
13	466.604	0.697066	938.269	227.247
13	426.832	0.108967	1389.35	-1187.27
13	407.955	0.0633057	-299.131	936.506
-13	497.106	1.18661	952.395	-848.54
13	482.844	1.05167	-980.226	-206.48
-13	601.59	0.838637	1137.48	1388.4
-13	467.565	0.565427	-86.9265	-1359.83
-13	865.131	0.282514	542.329	661.057
13	627.582	0.468174	1262.8	1030.97
13	484.148	1.18025	399.481	1275.63
-13	439.781	1.16033	-1069.3	1201.74
13	451.652	0.549373	-718.272	-1444.18
13	516.221	0.111219	-675.042	-359.426
13	889.162	0.944788	-443.633	-99.8651
13	525.149	1.19552	429.693	-908.359
13	632.766	0.488701	829.734	900.283
-13	535.942	0.973681	415.113	-455.815
-13	904.531	0.393287	-1120.24	101.998
-13	525.359	1.19347	-800.065	465.941
-13	409.701	1.0791	986.967	995.798
13	555.254	0.193213	843.905	1089.05
-13	1037.89	0.082428	1031.73	542.396
13	834.083	0.881174	632.342	1052.41
-13	400.004	0.225798	-501.449	-1058.64
13	519.132	0.356593	748.115	673.981
13	478.807	0.319452	1329.95	-68.6854
-13	531.372	0.873652	-1218.82	116.054
13	620.826	0.443834	-534.335	1384.79
-13	412.069	0.875179	-296.952	-1035.25
-13	479.332	0.281211	-835.485	-465.175
-13	432.006	0.0110375	222.688	-176.224
-13	484.155	0.962439	782.792	989.733
13	472.753	0.226083	-276.153	-438.972
-13	545.191	0.89943	1395.67	787.025
13	430.422	0.490261	-1221.47	1055
13	440.422	0.46525	1398.43	256.71
-13	463.092	1.02279	951.829	-118.689
13	418.494	0.539418	1088.01	-539.925
13	602.735	1.21909	1126.01	-1379.06
-13	562.659	0.579904	172.164	-1448.71
13	1998.84	1.16628	-1346.71	74.5953
-13	546.539	0.485237	-1188.73	-996.325
13	504.032	1.16923	-976.469	-743.906
-13	511.212	1.17392	55.037	-84.0692
13	653.078	0.661063	1004.72	220.559
13	1160.46	1.20751	846.339	692.036
13	447.064	0.544445	786.571	37.9101
-13	606.206	0.563542	1254.21	668.887
-13	6190.99	0.187565	-981.185	-1375.33
-13	748.741	0.506037	-1437.6	-129.582
-13	445.049	0.619957	763.199	1209.5
-13	582.426	1.00573	921.854	-657.875
13	409.986	0.371738	-1232.31	584.455
13	576.429	1.1537	-883.083	700.064
-13	1941.65	0.897419	694.796	140.581
-13	515.545	0.471497	-521.115	-428.86
-13	479.172	1.12815	-258.831	101.332
-13	449.904	0.307973	878.684	-37.8691
-13	1038.99	0.335366	-1251.81	448.666
-13	649.859	0.0563619	-1390.4	-606.303
13	995.825	1.14761	-663.381	-685.288
-13	826.224	1.05113	-314.473	996.336
-13	548.792	0.332888	1275.76	566.525
-13	549.817	0.579722	177.818	-1210.15
-13	400.205	0.807297	-467.197	150.175
-13	420.271	0.377413	-519.687	-577.025
-13	835.814	0.614155	-1456.86	-1228.21
13	415.642	1.16609	-888.618	-201.132
-13	991.739	1.18582	-13.3542	552.054
13	409.068	1.13646	484.345	-1155.86
-13	406.045	1.19141	1388.03	-634.999
13	597.727	1.12303	1433.66	-96.6145
13	494.655	0.486736	1153.47	-1004.02
-13	427.197	1.14968	808.265	1337.46
13	516.252	1.11365	1039.87	-799.603
-13	452.221	0.501438	1296.64	-500.813
13	1356.9	0.929499	81.7943	1456.57
13	475.816	0.175108	634.855	1130.99
13	471.744	1.00629	124.708	592.764
-13	554.833	1.00798	-700.175	-1360
-13	459.309	0.652096	-1489.95	-949.136
13	578.021	0.181021	-1116.21	-654.878
-13	476.664	1.20207	249.203	871.457
-13	797.429	1.02368	293.379	-419.351
13	488.679	0.918367	-420.576	280.432
13	518.491	0.191627	-472.854	246.478
-13	492.126	0.448299	1084.3	-556.278
-13	432.749	0.383558	769.108	-809.849
13	446.675	0.383087	-250.129	-86.1532
-13	423.973	0.996786	-683.216	-964.025
-13	677.918	0.796136	-984.263	-1019.64
-13	491.537	0.216814	-1328.62	630.511
-13	1013.97	0.50366	167.039	-1120.48
-13	423.414	0.809798	-267.917	1157.9
13	549.502	0.293553	1043.26	-461.937
-13	441.047	1.19671	-1062.1	-939.173
13	412.038	0.246045	-1315.03	-186.568
-13	1116.23	0.401547	-169.114	-435.223
13	553.831	0.820568	673.044	631.76
13	527.309	0.725298	-482.883	305.58
13	610.249	0.870169	-1490.07	106.386
-13	710.017	0.616236	1186.92	136.873
13	1391.73	0.914452	120.304	254.757
-13	1525.22	1.056	1026.37	365.466
-13	509.297	1.17707	2.74178	317.148
-13	532.143	0.279346	787.388	-1337.2
13	871.882	0.879966	-1391.44	473.592
13	438.359	0.0258242	33.5112	-1296.05
13	472.672	0.94465	-377.774	-1020.17
13	1133.3	0.333504	-37.328	-1416.59
13	473.659	0.429428	1044.36	-1198.32
-13	462.135	0.920695	1211.93	1270.55
-13	1149.39	0.994363	-622.255	-1048.43
-13	1027.23	0.0421907	16.2565	-233.641
-13	656.869	0.763159	-1087.48	701.657
13	462.48	0.804535	-1288.27	675.328
13	400.043	0.409858	-1290.47	-480.396
-13	589.831	0.0170046	-221.626	-646.051
-13	589.118	1.19627	595.574	-278.742
-13	1532.66	0.835497	110.212	467.368
-13	499.505	0.147259	47.6895	-852.153
13	735.358	0.733921	-897.558	1080.45
-13	603.404	0.0391493	220.49	742.053
13	492.897	0.046421	1236.9	-516.538
-13	491.463	0.77119	-1258.14	-536.015
13	938.349	1.00249	1137.25	365.85
-13	668.098	1.18869	-1001.85	-581.902
13	880.311	0.943789	-1387.23	201.539
-13	1055.19	0.843499	-1143.49	-1125.79
-13	1431.31	0.128736	-1122.63	-748.179
13	540.935	0.779351	-97.5419	-1347.44
13	403.343	0.842696	372.802	-221.455
-13	420.615	0.708675	-658.858	1255.44
-13	553.502	0.547861	1381.05	-1364.13
13	440.362	0.624138	499.2	352.518
13	476.614	0.99691	-1195.98	-1335.52
-13	1413.61	0.888511	1138.52	-801.652
13	441.552	0.236316	1115.43	-873.348
-13	401.348	0.411778	-1330.96	-724.667
-13	440.165	1.1674	-886.628	-1180.07
-13	1523.86	0.559646	1053.2	-1459.31
-13	903.241	0.487951	-1127.96	179.843
-13	411.197	0.833449	553.716	-519.943
13	497.091	0.144572	-689.236	643.684
-13	560.642	0.615707	762.812	-1064.48
-13	804.355	1.16769	822.707	-776.791
-13	481.395	0.704321	1239.54	459.619
13	494.91	0.856296	1083.87	153.082
13	605.859	0.530291	-638.375	779.782
-13	792.501	0.903231	1050.2	-946.66
13	2007.95	1.18902	-410.123	1474.63
13	493.129	0.554618	-540.049	-346.573
13	1036.59	0.0162925	-440.758	784.827
-13	613.459	1.12544	9.1369	549.062
13	504.372	0.434383	-88.5146	-141.096
13	483.684	0.479857	1287.14	47.3095
-13	832.034	0.0233314	598.12	1177.7
13	487.931	0.929341	259.607	-1093.19
13	649.162	0.0473124	1259.67	1217.09
-13	664.967	1.21356	974.956	1400.19
13	473.661	0.379257	486.041	-928.637
-13	528.37	0.19426	228.175	-524.111
13	1540.21	0.777493	1391.45	183.438
13	486.793	1.16797	1057.58	-1361.5
13	411.29	0.146567	-466.084	78.4696
-13	504.286	0.55332	-1305.91	-614.257
-13	557.29	0.756742	-959.105	-939.014
13	520.909	0.116549	905.641	456.656
-13	547.694	0.635903	-914.97	402.394
13	622.952	1.18729	-1342.17	401.164
13	625.227	1.00943	1044.4	1437.99
-13	458.462	0.886756	429.284	892.212
-13	728.31	1.08593	320.826	60.2829
13	517.325	0.795287	-640.799	569.026
13	598.42	0.202024	948.804	956.623
13	471.258	0.158078	1230.83	1330.17
-13	407.886	0.828465	293.198	-1410.95
13	497.039	0.136792	401.077	1429.36
-13	515.554	0.887653	700.338	1230.94
13	417.115	1.10273	-979.654	-1456.91
13	409.538	0.264375	893.496	1095.5
13	1130.98	0.262046	-1125.16	-624.438
-13	429.311	0.482734	411.812	-653.862
-13	406.867	0.236887	-660.242	-360.815
-13	543.54	0.986211	-216.761	740.681
13	840.981	0.770984	-625.065	-1010.51
13	769.55	0.665563	-1305.94	-593.362
-13	858.073	0.901432	-743.951	-613.043
-13	428.611	1.02682	30.9946	628.286
-13	576.335	0.430722	734.239	-675.433
-13	410.889	1.07917	-161.901	-170.361
13	481.828	1.13035	6.97079	-457.066
-13	517.985	0.93211	-899.633	-1206.56
13	484.687	0.524275	314.718	1134.96
-13	619.025	0.0857135	1245.36	-1030.95
-13	429.305	0.144495	-407.264	838.686
-13	516.884	0.0930259	-865.214	-477.673
-13	1495.29	1.00771	-436.968	106.985
-13	877.492	0.579022	1356.41	102.692
-13	403.202	0.104281	172.583	1130.23
-13	1571.75	1.06386	443.154	718.715
13	401.416	0.987917	-18.2645	478.729
-13	625.243	0.389601	417.374	-613.395
-13	779.886	1.01793	-1355.56	161.439
13	578.188	0.303274	426.346	-1209.24
-13	603.278	0.167544	-1006.74	1425.79
-13	1130.91	0.106645	-484.86	1400.52
-13	902.835	1.09647	551.235	-97.2518
-13	435.799	0.209448	-1365.18	-1118.85
-13	1935.67	0.835577	-510.757	634.891
13	501.708	0.148014	-1050.86	-1400.47
-13	1075.29	0.0765733	1442.65	1260.09
13	452.038	0.0242534	258.924	-736.806
-13	511.904	0.195153	504.199	-676.332
-13	402.329	0.436589	258.134	1142.15
13	453.999	0.752945	170.761	-1310.03
13	451.464	1.19726	1026.81	6.55846
-13	558.212	1.00984	-879.475	1442.45
-13	417.535	0.943043	182.11	-965.548
13	450.773	0.675941	834.466	-1397.13
13	805.126	0.559833	458.464	-253.818
13	631.64	0.504101	-143.796	808.007
-13	402.276	1.18683	-68.7969	-287.91
13	420.542	0.18645	-349.73	-690.409
13	458.008	0.900111	-131.111	343.597
-13	533.539	0.584696	422.737	-727.07
-13	400.088	0.643171	-1192.49	-502.953
13	621.811	0.269078	-213.534	-1335.05
-13	769.933	0.325752	-281.243	905.282
-13	1783.17	0.299236	1298.67	-1302.52
-13	439.663	0.90449	1353.1	-614.223
-13	528.702	1.0085	-1231.41	1167.27
-13	506.878	1.02454	-1470.19	-1154.23
13	404.574	0.96724	417.969	-28.4577
13	524.276	0.757833	999.156	1106.1
-13	438.738	0.124254	-1233.37	-1279.89
13	728.135	0.0528282	895.769	-65.3599
13	485.015	0.268941	-1487.29	1005.39
-13	439.644	0.57454	706.981	75.02
-13	590.048	1.18853	-1034.06	-604.063
-13	1066.5	0.927179	1451.73	-792.146
13	463.966	0.285723	-895.403	-61.3999
13	1107.78	0.162097	512.326	580.694
13	493.85	0.775624	-1087.17	-227.393
-13	474.968	0.298338	-1075.78	1473.11
13	634.025	0.23975	459.088	89.12
-13	588.093	0.997891	106.605	-1298.59
-13	449.905	0.305373	-1200.93	1285.02
-13	446.572	0.500848	-1022.18	364.689
13	635.846	0.954783	-278.81	1158.32
-13	428.158	1.16182	-112.706	-375.745
-13	815.065	0.763637	535.806	-709.267
-13	472.548	0.506972	404.776	1227.51
-13	1490.81	0.596116	-242.352	241.881
-13	503.908	0.714771	-48.9288	-895.314
13	619.968	0.529345	254.045	1098.76
13	2191.13	1.06284	-643.761	-546.138
-13	434.956	0.511992	943.441	-1394.1
-13	461.635	1.00262	-1485.5	-948.183
-13	414.59	0.21251	1070.99	-564.431
-13	506.832	1.11446	1149.1	-409.762
-13	459.625	1.0838	-1054.68	-605.227
13	782.767	0.244925	1214.63	30.1473
-13	498.238	1.11896	948.622	-644.745
-13	1450.78	1.19242	1180.89	327.738
13	640.174	0.185282	1263.73	-660.78
-13	423.281	0.397647	-663.661	25.0651
-13	474.223	0.737938	-672.853	317.03
13	437.96	0.138756	-136.866	1277.12
13	582.68	0.627754	1299.21	-64.2547
13	837.113	0.74068	272.166	-413.551
-13	1403.1	1.21013	-111.483	985.681
-13	452.077	0.637038	-237.947	908.15
-13	471.215	1.19953	1182.59	1063.62
-13	540.871	0.385293	250.958	1498.59
-13	652.135	0.647825	-437.643	167.216
-13	822.849	0.634284	937.958	811.357
13	420.044	0.436213	-1130.76	-744.368
13	522.962	1.05844	-654.281	-363.858
-13	846.745	1.17248	1296.57	-1295.32
-13	423.066	0.444524	636.791	-857.449
13	917.792	0.279066	868.701	-1331.14
13	601.412	0.438237	-141.779	380.406
13	410.094	0.948298	-1091.79	708.525
-13	416.918	0.0507585	496.017	75.0165
13	539.121	1.06612	-943.6	1152.14
-13	441.87	0.515703	26.2088	199.532
-13	402.753	0.807749	727.924	1096.45
13	562.35	1.17754	380.162	-664.876
13	456.269	1.05257	-648.204	986.422
-13	570.138	1.10351	-995.991	-461.641
-13	403.184	1.03054	1401.17	789.145
13	999.018	0.557515	-1416.96	-1169.81
-13	453.595	0.0239451	-333.41	-87.5845
-13	489.41	1.12419	689.901	1231.15
-13	580.574	1.03539	812.175	-956.713
-13	437.624	1.07409	-1482.67	555.322
-13	499.926	1.04749	-35.1464	1274.39
-13	667.783	0.706567	1068.51	1024.33
-13	557.258	1.10985	387.894	-1274.27
13	586.064	1.11713	266.183	-3.30928
-13	1007.88	1.14703	469.529	-29.496
-13	511.889	0.129441	288.714	79.8658
-13	469.307	0.579077	1181.86	822.536
13	1463.35	0.918305	-1497.29	-1443.39
-13	701.577	0.956702	-544.477	1304.01
-13	1356.8	0.875676	433.154	934.049
13	1742.04	0.698878	-227.782	-1399.6
-13	531.771	0.63965	-1028.07	21.8243
-13	1175.89	1.10388	-298.753	947.677
-13	553.726	1.01347	-123.963	-884.042
-13	630.736	0.892157	-1342.42	-95.1357
13	543.019	0.946062	104.301	-1163.8
-13	549.59	0.293457	-354.593	-783.871
-13	467.555	0.587301	-32.6166	628.297
13	2578.04	0.682947	-843.608	787.599
-13	715.171	0.146581	-865.768	1494.55
13	588.555	1.06982	-1242.08	-353.428
-13	2219.71	0.767723	-1198.14	-821.531
-13	555.568	0.209592	757.979	937.366
-13	623.206	0.0178124	-234.34	1333.8
13	1098.3	0.705982	-727.7	-887.204
13	1059.89	0.114378	-699.639	888.257
13	520.084	0.457562	653.79	222.728
-13	469.224	1.10573	-1068.16	-478.814
13	929.605	0.997276	-1244.49	-146.36
-13	525.557	0.0846938	-1166.71	1474.28
13	561.388	0.575087	1178.93	748.207
13	458.329	0.36346	866.03	934.084
13	514.493	0.588107	-209.233	719.729
-13	433.742	0.804384	-310.338	-446.125
-13	686.536	0.546549	-1374.11	-1260.88
-13	499.678	0.116446	-316.116	-1084.4
-13	572.636	0.191272	-876.561	-113.101
13	467.709	1.1602	370.745	-1288
13	888.82	1.03652	176.957	-1262.07
-13	476.756	1.2096	559.772	-1445.38
-13	430.242	0.204224	1164.98	-223.427
13	527.144	0.950855	431.445	95.2499
-13	584.755	0.917434	1070.45	-195.18
13	4135.29	0.108875	-1278.41	-1027.42
-13	512.507	1.08702	829.91	839.322
-13	4981.46	0.424849	437.087	180.324
13	418.309	0.977059	557.731	953.133
13	1117.36	0.203553	580.379	251.132
