13	409.998	0.869968	921.854	-657.875
13	635.38	0.000534951	-1232.31	584.455
13	629.853	0.825951	-883.083	700.064
-13	461.813	0.681942	694.796	140.581
13	554.544	1.1783	-521.115	-428.86
13	460.447	0.867679	-258.831	101.332
13	796.064	0.953125	878.684	-37.8691
-13	513.993	0.869061	-1251.81	448.666
13	453.122	0.240601	-1390.4	-606.303
-13	473.626	0.939565	-663.381	-685.288
13	607.469	1.0212	-314.473	996.336
-13	504.746	0.1815	1275.76	566.525
-13	429.336	0.167183	177.818	-1210.15
13	524.261	0.56902	-467.197	150.175
-13	410.437	0.494618	-519.687	-577.025
13	439.298	0.887347	-1456.86	-1228.21
-13	812.517	0.568247	-888.618	-201.132
-13	736.485	0.0249572	-13.3542	552.054
-13	1028.75	0.605678	484.345	-1155.86
13	591.433	1.17932	1388.03	-634.999
-13	467.112	0.717317	1433.66	-96.6145
-13	10511.8	0.896541	1153.47	-1004.02
-13	504.384	0.764722	808.265	1337.46
-13	545.711	1.06937	1039.87	-799.603
-13	454.565	0.905808	1296.64	-500.813
-13	419.777	0.585308	81.7943	1456.57
13	1132.5	1.03218	634.855	1130.99
-13	475.23	0.841931	124.708	592.764
-13	672.18	0.416639	-700.175	-1360
-13	419.234	0.351662	-1489.95	-949.136
-13	492.192	0.839424	-1116.21	-654.878
-13	480.408	0.830668	249.203	871.457
13	478.284	1.13576	293.379	-419.351
13	1419.96	0.140831	-420.576	280.432
-13	737.997	1.10311	-472.854	246.478
-13	1271.91	0.817196	-1087.47	-924.161
-13	581.338	0.666519	363.872	15.8335
-13	706.677	0.881606	-254.201	156.599
-13	409.626	0.34101	-598.445	685.461
-13	597.375	1.07307	1102.01	-119.514
13	957.984	0.616323	-553.849	169.544
-13	634.701	0.966495	1478.99	-430.098
-13	439.127	1.15292	1461.63	1443.1
13	778.341	1.07691	-566.819	-1132.8
-13	580.467	1.03544	-897.242	-730.969
13	422.164	0.363666	998.632	837.896
13	441.112	1.15374	-670.76	103.202
-13	943.72	0.27689	-419.724	675.599
-13	441.312	0.71887	-470.517	81.7592
-13	741.853	1.01317	-640.419	975.168
-13	871.544	1.06517	1171.38	354.959
-13	443.209	1.09072	-1200.42	502.936
-13	498.107	1.17962	454.172	-1150.02
-13	584.943	0.235347	522.327	966.124
-13	518.706	0.610813	-1441.85	-338.489
13	1260.74	0.118303	1060	-1098.77
13	552.387	0.159952	-1085.44	-293.308
-13	410.8	0.781281	-676.122	-1204.72
-13	473.223	1.01626	1188.77	970.676
13	591.658	1.1691	1412.09	1430.2
13	1179.35	0.567496	-889.472	1045.32
-13	729.793	0.766376	-1016.75	-1175.09
13	1294.64	0.916004	-292.896	-1394.89
13	418.311	0.773744	-111.621	-398.17
13	563.874	0.993305	-1168.89	-1060.98
-13	639.469	0.356245	-316.269	-1191.57
13	776.572	0.209961	-915.903	414.239
13	491.646	0.884453	351.765	-689.235
-13	728.16	1.16101	-1206.62	-932.108
13	1214.51	1.08203	-1198.39	438.863
-13	476.069	0.10137	413.503	-295.975
-13	487.561	0.217884	-1328.25	329.764
-13	751.706	0.16239	-131.61	-642.363
-13	754.057	1.1682	1059.82	-483.173
-13	516.546	0.977706	1474.18	1306.92
-13	592.245	1.03094	955.157	-179.52
13	595.033	0.612605	934.81	-856.433
13	939.622	0.00221808	1078.45	-587.631
13	445.134	0.19609	-1065.31	-1388.68
13	484.078	0.857287	-360.992	-1393.58
-13	413.042	0.386399	172.219	1123.58
-13	654.598	0.79169	-1014.19	-287.986
13	698.468	1.21236	-297.595	366.914
-13	515.491	0.933636	983.501	1200.7
13	617.228	0.723546	526.754	-1000.45
-13	767.48	0.621689	1044.7	-1472.88
-13	454.897	0.186022	-936.08	577.51
13	415.003	0.151973	169.566	364.442
13	508.194	0.524804	-593.769	-1044.08
-13	902.85	0.866179	-273.812	-1439.23
13	462.063	0.0705029	1104.04	442.83
13	723.603	0.530162	598.12	1177.7
-13	456.432	0.040559	259.607	-1093.19
-13	715.623	0.414189	1259.67	1217.09
13	506.712	0.158148	974.956	1400.19
13	580.141	1.1385	486.041	-928.637
-13	2173.34	0.57649	228.175	-524.111
-13	556.395	0.619015	1391.45	183.438
13	593.16	0.0677577	1057.58	-1361.5
13	578.39	0.825421	-466.084	78.4696
-13	1051.88	0.950848	-1305.91	-614.257
-13	499.448	0.0127703	-959.105	-939.014
13	444.919	0.701774	905.641	456.656
13	433.475	0.634123	-914.97	402.394
-13	617.114	0.695953	-1342.17	401.164
13	542.043	0.835663	1044.4	1437.99
-13	503.68	0.239307	429.284	892.212
-13	571.812	0.597763	320.826	60.2829
-13	484.98	1.01265	-640.799	569.026
-13	407.064	1.06054	948.804	956.623
-13	655.306	0.897494	1230.83	1330.17
-13	400.571	0.581154	293.198	-1410.95
13	422.083	0.171892	401.077	1429.36
-13	1039.14	1.1996	700.338	1230.94
-13	493.897	1.01418	-979.654	-1456.91
13	619.385	1.12257	893.496	1095.5
13	409.104	0.0362394	-1125.16	-624.438
13	618.541	1.03782	411.812	-653.862
13	1849.69	0.642561	-660.242	-360.815
-13	420.852	0.718129	-216.761	740.681
-13	1284.16	1.03464	-625.065	-1010.51
13	4977	0.43215	-1305.94	-593.362
13	583.413	1.00624	-743.951	-613.043
13	406.206	0.961815	30.9946	628.286
13	618.146	0.00728363	734.239	-675.433
13	425.053	0.516418	-161.901	-170.361
-13	1164.87	0.817307	6.97079	-457.066
13	559.972	0.154273	-899.633	-1206.56
13	1124.17	0.393682	314.718	1134.96
13	521.846	1.12356	1245.36	-1030.95
-13	478.84	0.587735	-407.264	838.686
-13	403.796	0.862838	-865.214	-477.673
13	994.405	1.11317	-436.968	106.985
-13	908.372	0.307975	-1448.11	788.275
-13	459.137	0.94122	343.646	1350.01
-13	453.456	1.05161	1115.96	702.267
13	401.079	0.142065	420.538	1352.14
-13	1222	1.18869	1195.13	949.721
13	457.722	1.14406	1124.94	-579.46
13	418.615	0.59633	749.157	-1099.81
-13	515.572	0.273743	521.825	-1065.4
13	798.712	0.425011	-1280.25	752.897
-13	612.465	0.0259065	1377.47	-404.903
-13	3481.86	0.564955	1290.89	-1332.2
-13	485.196	0.807877	-1467.44	-161.088
13	1119.15	0.496213	1491.45	1232.49
-13	469.837	0.794231	-1047.46	-1220.27
-13	496.055	1.22154	1355.5	1428.73
13	566.416	1.11589	891.576	-1078.63
13	419.441	0.0812738	-1321.2	-823.014
-13	422.191	0.425288	-329.834	216.571
-13	464.885	0.500111	821.997	-702.613
13	405.699	0.917708	699.009	-282.554
13	409.086	0.497925	-275.378	-739.14
-13	530.611	0.750245	-1045.29	705.111
13	502.31	1.18943	1379.72	1136.19
13	482.746	0.82396	151.419	894.755
-13	471.647	0.574186	957.723	1070.03
13	1099.83	0.491918	1229.03	994.81
13	625.572	1.11162	-938.545	-1318.87
13	1330.66	0.760902	-566.928	450.218
13	503.82	0.841884	-1184.74	-381.932
-13	850.561	0.276295	-1258.9	1219.19
13	704.117	0.506076	-730.612	535.154
13	484.167	0.366852	1021.15	-88.2374
13	435.824	0.259726	-115.703	402.843
13	439.05	0.735517	-703.73	-1220.69
-13	660.341	1.10561	-122.679	-45.0787
13	453.123	0.491324	-612.252	-631.309
-13	494.788	0.784213	393.541	-1453.56
-13	488.087	0.413414	-11.2111	844.253
13	507.719	0.372304	-809.543	-456.018
-13	1967.07	0.736405	626.68	-386.751
-13	415.872	0.058549	-304.231	-929.295
13	719.158	1.20632	1073.06	-14.6274
-13	471.688	0.69006	767.041	870.891
-13	430.646	0.94042	-396.821	595.746
13	422.405	0.178054	-350.303	-1028.74
-13	488.772	0.55633	-255.262	384.23
-13	593.425	0.960515	894.834	1439.71
-13	478.311	0.100396	-414.837	38.4413
-13	812.02	0.0409225	-550.892	-162.62
-13	611.025	0.766054	740.933	671.947
-13	479.358	0.652801	-78.3556	1309.68
-13	591.971	0.716917	-84.2785	-1390.33
-13	488.022	0.416141	-323.316	1053.64
-13	744.603	0.325153	666.844	433.728
-13	608.536	1.17328	309.748	-182.455
-13	871.419	0.395481	1325.42	-423.262
-13	1729	1.16878	-96.7677	737.766
13	660.781	0.181228	-461.22	907.285
13	407.1	0.220093	-29.2943	-279.821
13	419.489	0.040549	-799.953	-761.998
13	760.251	0.401496	-891.426	1152.24
13	573.724	0.971086	-993.882	639.581
-13	971.915	0.951328	-992.084	1424.8
-13	638.346	0.923593	212.737	364.888
-13	410.672	0.0250125	834.633	1256.96
13	1035.13	1.10302	244.879	211.98
-13	829.691	0.68788	-73.8502	-1328.29
13	708.492	1.13752	415.076	215.082
-13	568.984	0.97151	-1029.76	-60.0397
-13	558.031	0.456583	839.511	-308.911
-13	596.878	0.86256	1114.41	928.491
-13	489.74	0.478415	-1365.14	336.613
-13	467.172	0.985622	715.91	1004.33
13	1028.06	0.046287	-1041.53	171.104
-13	2092.37	1.12822	-2.81278	358.13
-13	889.363	0.915004	-1326.25	-186.427
13	606.801	0.116833	-1448.83	77.1432
13	481.858	1.20629	-969.796	534.584
-13	1289.45	1.18456	807.308	-906.43
13	825.221	0.35225	-716.168	768.02
-13	478.226	0.0407303	237.249	-79.9047
-13	957.587	1.08857	-768.968	-333.305
13	483.123	0.0150656	-441.978	-665.755
-13	1444.87	0.961714	-589.666	-1434.9
-13	803.98	0.0133922	-397.63	-956.693
-13	827.42	0.834983	-1470.88	635.27
-13	723.251	0.270293	332.243	-461.593
-13	1025.46	1.11539	-445.618	290.544
13	633.994	0.519879	683.136	823.244
13	1076.53	1.15696	-1309.37	-1235.2
-13	483.08	0.213457	425.491	-259.368
13	692.684	1.17476	-1410.46	126.289
13	659.18	0.0889918	-655.486	-1090.26
13	417.89	0.425647	803.518	741.299
13	664.375	0.333447	-508.653	1346.67
-13	457.901	0.844986	-139.933	281.33
13	457.808	1.16991	-838.038	622.897
-13	463.023	1.17253	359.283	1251.7
13	556.494	0.780493	-147.369	1344.2
-13	1911.18	1.18607	-925.931	357.328
-13	407.433	0.565915	225.162	-1090.9
13	521.799	0.893389	-720.846	151.762
13	424.749	0.092809	625.635	748.752
-13	618.535	0.0294633	1330.78	1438.22
-13	564.63	0.954368	631.886	-1372.14
13	473.341	0.721996	745.928	-1091.58
13	574.251	0.488014	1115.17	912.093
-13	795.29	0.122885	539.125	108.817
13	533.685	0.0308013	993.86	421.395
-13	471.281	1.14085	442.737	38.0197
-13	654.548	0.277576	595.694	-850.043
13	473.009	0.816272	1392.2	-1156.13
-13	500.913	0.647945	451.888	300.662
-13	489.308	0.972981	1260.25	-1050.16
13	654.198	0.712336	-294.634	475.664
-13	409.174	0.65535	1387.09	-540.716
-13	463.173	0.968617	-1245.61	-1031.55
13	1186.32	0.186648	-1312.4	759.581
-13	459.977	0.724242	140.125	991.879
-13	760.678	1.05259	-1309.51	-197.988
13	613.937	0.873696	-1056.07	-147.437
-13	429.89	0.148527	-242.409	-704.854
-13	420.482	0.00881075	-970.457	317.661
-13	645.783	0.592523	1443.42	698.981
13	826.718	1.16148	-822.003	462.283
-13	536.623	0.139663	389.221	-1123.17
13	627.041	1.04345	-142.179	1187.81
13	442.381	0.354667	-562.672	399.857
-13	485.316	1.17326	519.759	884.433
-13	542.616	0.425286	170.177	698.885
13	511.992	0.373343	1031.95	-8.79071
-13	1653.2	1.13579	288.765	-324.041
-13	1076.77	0.367409	828.485	-732.558
-13	754.392	0.401411	-854.624	349.603
-13	994.244	1.09191	222.543	1294.67
13	408.597	0.0868567	1172.23	695.685
-13	533.905	0.346212	-836.098	240.66
13	430.763	0.744261	115.672	887.708
13	500.106	0.405181	1413.44	942.254
13	427.954	1.1356	310.374	-1311.16
13	657.258	1.2182	-1095.12	-2.02673
13	1125.68	0.957411	-309.167	-742.152
-13	572.751	1.17432	1430.93	-385.958
13	438.882	0.745484	-640.867	-1076.67
-13	467.507	1.18717	59.0069	-109.404
-13	829.429	0.435298	-1089.07	113.032
-13	935.877	0.0551766	737.322	1315.66
13	434.19	0.576552	-144.2	-1055.12
-13	811.709	0.0760814	1149.56	884.656
13	668.506	1.02647	290.334	-515.379
-13	635.369	1.18635	1254.37	-1268.87
13	456.195	0.850495	-992.848	-871.995
13	616.976	0.362369	-348.448	229.956
13	415.193	0.766277	-1031.03	-172.264
-13	444.206	0.27569	-163.966	241.294
-13	548.132	0.900346	-910.872	226.595
13	748.438	0.0329737	1177.91	-1295.19
13	560.179	0.650511	846.321	22.9551
13	677.804	1.06588	-118.879	210.49
13	476.855	0.145936	671.796	-1041.85
-13	659.373	0.0691878	-809.114	-406.316
-13	599.806	1.1699	-824.129	-720.034
13	950.891	0.919425	-814.142	951.257
13	1281.41	0.726879	945.292	6.358
13	413.01	0.177538	1255.74	660.522
-13	473.024	0.42149	173.422	-86.6996
13	405.39	0.598487	1411.71	-822.962
-13	750.281	0.68258	-55.0987	-764.715
13	474.816	0.457559	-1207.29	554.966
13	427.91	0.534719	524.036	-332.997
-13	596.769	0.837507	896.301	439.327
-13	1820.1	0.831164	1028.08	434.81
-13	500.156	0.949701	-1153.67	452.197
-13	959.879	0.869033	507.004	442.459
13	435.365	1.00957	-477.511	-1201.02
-13	1177.01	0.21952	-908.581	356.004
-13	423.879	0.494889	-323.041	1195.71
-13	594.273	1.1477	203.208	-928.063
13	412.884	0.805514	699.297	1246.31
-13	435.234	0.461599	-1397.36	-247.097
-13	680.673	0.267878	1373.64	1038.42
-13	411.682	0.743023	1484.21	-502.429
-13	504.265	0.4254	144.066	-970.036
-13	723.495	0.666643	421.682	-976.338
-13	712.618	0.115385	-1201.68	222.497
-13	507.133	0.128428	1371.48	-750.56
-13	574.7	0.512489	138.217	910.947
13	2845.86	0.71262	-443.762	-1161.08
-13	5023.72	1.14868	395.473	-236.799
13	526.733	0.47185	-329.694	569.971
-13	593.439	1.06674	-1491.74	1224.86
-13	470.049	0.875373	709.716	467.339
-13	585.196	1.12812	-1185.45	449.815
13	528.275	0.645436	-1123.02	467.056
-13	454.385	0.808556	-293.975	88.1112
-13	582.152	0.591239	-951.786	-1120.83
-13	573.836	0.990121	-1483.98	1298.79
13	403.065	0.406272	-1320.57	-1255.71
-13	1750.86	0.454091	-213.999	526.142
-13	466.691	0.522729	-970.657	1258.17
-13	1863.53	0.884606	-28.2112	1076.15
13	423.413	1.0892	1150.3	936.934
13	500.596	0.247195	-706.165	-222.787
13	596.278	0.798935	-1311.77	76.9283
13	467.565	0.909541	1151.7	-950.029
-13	590.659	0.403882	820.015	379.3
-13	455.255	0.674831	19.0546	-913.182
-13	962.325	0.261201	1229.68	-1447.03
13	944.533	0.835434	-1315.25	1353.96
13	675.77	0.751849	-881.208	1401.82
-13	588.052	0.571591	1475.88	1070.83
13	653.631	0.852604	-1411.58	1232.18
-13	546.518	0.050113	-1255.4	1133.02
-13	633.629	1.10404	1115.08	-544.884
-13	819.592	0.259201	142.837	1458.43
13	407.16	0.699918	-945.135	-1458.78
-13	536.98	0.400152	-422.651	1487.39
13	640.431	0.877728	394.571	159.402
-13	424.853	0.38236	1319.8	-47.405
13	829.759	0.531202	-130.13	-339.24
13	524.634	0.950405	1161.84	1484.48
-13	557.851	1.08539	-1401.98	-1026.77
-13	532.323	0.469799	-829.603	-978.195
-13	490.809	0.495622	1119.5	729.365
-13	493.229	0.793674	-361.841	-998.408
-13	418.308	0.770056	-1236.84	-945.941
13	1203.23	1.18243	-979.462	-80.182
13	450.741	1.06271	-769.388	-369.778
-13	583.789	0.930626	1195.48	-242.407
-13	958.999	0.527812	-610.791	-154.687
-13	424.755	0.131224	-39.621	-569.18
-13	400.078	0.126926	-582.929	-1009.54
13	410.529	0.445434	383.516	438.195
-13	538.696	0.794248	654.031	529.18
13	728.728	1.0908	-191.039	1171.96
-13	616.237	0.451907	-967.942	956.627
-13	593.429	0.746321	-1042.83	277.667
-13	416.4	0.00135013	470.624	-638.279
-13	739.417	1.05186	-1331.67	693.145
13	733.725	1.17983	-1334.15	-609.121
13	547.911	0.902436	350.768	-1158.82
-13	705.616	0.83605	1350.57	577.043
-13	587.87	0.77163	14.5948	310.938
-13	429.912	0.321442	-1165.68	201.375
13	582.613	0.00932821	-533.287	-183.179
-13	474.177	0.441205	34.3856	-1176.66
-13	658.142	1.05983	-746.139	-833.511
-13	492.924	1.11409	91.4107	1180.85
-13	400.048	0.365851	-416.592	-1378.75
-13	506.824	0.328723	-653.093	-549.963
-13	483.611	1.04674	742.004	-1340.94
13	414.853	0.393014	-609.243	-1241
-13	684.736	1.16345	735.173	296.448
13	831.594	0.32959	1101.8	46.2604
-13	542.103	0.929783	1226.04	-984.244
-13	486.327	0.658056	-911.17	-180.24
13	458.138	0.884156	44.3807	-1494.87
-13	473.281	0.247445	-67.1033	99.4703
-13	1092.9	1.08113	-1136.18	-75.6797
-13	402.661	0.99098	768.756	974.425
-13	1954.68	0.89778	-1128.49	-1005.88
-13	570.538	0.255902	248.88	1197.86
-13	496.715	1.18616	-932.74	-694.143
13	423.128	1.12109	-104.717	1130.84
-13	605.879	1.0231	908.267	-989.97
-13	480.274	0.773626	1327.63	-472.954
-13	422.051	0.152615	-189.279	826.967
13	1058.74	0.917093	1122.53	128.475
-13	407.751	0.647027	-990.634	-1189.63
13	719.085	1.16752	342.941	-371.228
13	547.309	1.10544	-721.983	-1281.75
-13	423.882	0.15641	-731.762	-601.81
-13	663.486	0.568525	-1484.72	-382.214
-13	687.574	0.492638	238.552	798.596
-13	497.533	0.528391	-210.208	177.104
-13	599.562	1.05397	1018.68	-1272.19
-13	736.468	0.856742	-1013.73	1383.3
13	678.821	1.03465	-394.881	-34.2669
13	458.855	0.043743	634.777	-1157.84
13	496.015	0.20339	-1290.73	-1217.57
13	530.828	0.665503	-913.415	-180.181
-13	405.577	0.521507	-844.346	165.715
13	436.339	1.2181	-692.633	-189.505
13	523.966	0.81143	-670.932	233.961
-13	752.941	0.485577	-1029.3	-1255.88
-13	617.653	0.359173	1033.68	-72.5097
13	1055.56	1.12665	464.188	-34.8394
13	1161.66	0.0708034	317.639	1150.77
-13	442.429	0.625271	942.731	-1207.04
13	1761.85	0.894133	381.598	-1346.83
13	544.141	0.152312	1182.84	-464.443
13	600.34	0.938131	-1009.87	-864.47
13	452.417	0.210191	-805.239	704.134
-13	563.792	1.00701	-488.243	-655.143
-13	512.828	0.828823	-615.306	145.529
13	480.537	0.275203	1042.59	1492.61
-13	542.785	0.470692	-283.179	700.619
13	414.945	0.430797	131.307	-176.247
13	2301.98	1.14426	78.84	333.29
-13	422.277	0.842971	786.4	-102.387
-13	541.552	0.873873	-544.161	598.946
-13	450.026	1.20728	929.706	-238.398
13	569.271	0.570662	-483.582	710.214
-13	475.236	1.03578	-1387.02	544.164
-13	1207.34	1.10562	291.827	393.721
-13	500.718	0.244374	722.419	729.788
13	531.986	1.115	-642.982	-50.9279
-13	639.526	0.227188	687.852	-26.3822
-13	461.69	1.02696	-538.719	227.058
-13	682.175	0.966673	1171.56	716.479
13	552.638	0.610139	952.395	-1125.63
13	457.113	0.895954	-263.555	41.1277
13	429.228	0.981527	1324.63	-1324.07
13	844.138	1.10779	763.494	-709.717
-13	892.561	1.12149	-205.311	-602.754
-13	483.695	0.166274	737.954	-462.927
-13	647.565	0.845756	1288.32	-174.577
-13	718.083	0.823949	-728.487	-927.819
13	533.245	0.0894206	-399.432	-1098.45
-13	516.95	0.0146961	842.165	94.1525
13	1120.61	0.095811	435.788	81.7181
13	412.717	1.14599	-782.756	-678.193
13	794.562	1.20515	-637.849	-621.464
-13	421.557	0.67915	-625.721	19.3243
-13	513.431	0.78288	-91.9584	-252.185
-13	650.49	0.318324	-1363.73	518.78
-13	536.018	0.366552	1215.05	-18.4446
-13	754.64	0.788369	493.726	688.477
13	538.604	1.09305	1321.45	476.486
-13	654.638	0.202531	780.093	-811.793
-13	688.459	1.09828	-79.5761	614.143
13	507.205	1.07704	-426.896	787.678
-13	485.31	0.518453	977.225	-536.877
-13	477.845	0.362027	327.945	-1179.74
-13	423.26	0.352409	468.891	1116.71
-13	1838.99	1.11708	1205.37	1264.31
-13	501.089	0.207499	-999.165	807.239
13	514.725	0.354591	433.63	-502.923
13	431.194	0.896473	-784.695	-1078.82
-13	485.513	1.0361	-324.221	420.187
13	492.09	0.600895	619.624	-1488.02
-13	495.324	0.257046	-313.101	-90.4003
-13	431.637	0.905902	-205.866	685.924
-13	499.407	1.10648	630.415	-1427.57
-13	1989.01	0.583258	1098.4	-1067.64
13	429.91	0.158578	175.315	768.38
13	599.093	1.10416	-1171.7	1418.66
-13	456.741	1.07527	460.215	396.167
13	454.495	0.476926	72.0236	1367.86
13	564.199	0.145361	-324.615	926.392
-13	430.696	0.485555	-644.61	-848.049
13	456.781	0.226657	-1165.37	1256.56
-13	551.047	1.16267	-665.681	-285.601
-13	409.304	0.480662	1486.7	629.719
-13	528.333	0.164424	-274.033	-998.097
13	483.981	0.303415	213.409	-1426.56
13	402.085	1.07505	1470.25	-815.607
-13	479.232	0.511272	1383.78	284.917
-13	509.828	0.903613	-467.953	1490.99
-13	600.36	0.645342	1365.12	-877.971
-13	452.718	0.712203	-1037.25	998.841
-13	426.465	0.874452	-801.115	-1001.75
13	465.81	0.630514	-504.526	102.685
13	1146.69	0.3874	-1065.61	-1392.95
-13	436.23	0.392078	715.544	959.361
-13	622.16	0.7076	-451.078	-275.97
13	651.779	0.387124	1372.24	359.161
13	475.832	0.225165	-651.504	247.845
-13	465.374	0.0725271	1382.43	761.191
-13	439.317	0.350275	-640.164	-107.035
-13	664.054	1.21545	912.487	-647.447
13	739.479	0.52263	-883.853	-616.23
13	665.882	0.966868	-754.12	-25.4542
13	560.005	0.439172	97.2024	71.1059
13	500.906	0.910401	-801.974	-1282.12
-13	784.232	0.437571	426.947	-834.733
13	452.828	0.742533	-669.494	367.968
-13	551.213	0.857058	-642.666	1429.23
-13	442.297	0.72711	-378.145	583.17
-13	602.272	1.14869	-334.085	-472.042
13	440.63	0.890442	819.035	-851.479
13	507.696	0.808114	-999.217	-1327.38
13	402.92	0.787977	240.688	1458.85
-13	628.697	0.521885	1191.97	-1234.76
-13	1043.08	0.993998	-737.888	-972.304
13	408.893	0.0344286	-621.487	-751.847
-13	720.991	0.525238	853.969	454.876
-13	465.132	0.52545	-1293.81	814.505
13	799.433	0.579421	-988.236	-1038.14
-13	419.62	0.450759	-59.4656	-265.771
-13	708.978	0.775899	-1293.49	-1452.46
-13	957.171	0.3391	722.211	-1151.12
-13	636.869	1.14398	-223.656	1137.03
13	1189.43	1.04761	486.028	826.608
-13	827.485	1.21697	-888.544	-1396.1
-13	495.737	0.407956	-184.55	1173.31
13	409.314	0.602917	-152.281	-767.305
13	1775.56	1.15282	-624.033	-723.172
-13	1178.68	1.19783	980.745	-194.85
-13	440.226	0.894718	-617.627	324.024
13	1724.91	1.02791	-1012.45	-1131.07
-13	921.558	0.499188	394.794	-77.4881
-13	440.384	1.05282	208.456	989.247
-13	1411.31	0.37119	-840.597	-832.824
13	488.654	1.10662	394.153	-1135.93
-13	474.427	0.670417	472.746	-382.514
-13	579.717	0.170475	904.472	-1049.21
-13	418.987	0.96782	1066.84	1297.72
13	827.686	1.11666	442.48	-355.395
-13	402.003	0.211295	835.51	-1399.78
-13	581.423	0.912382	185.386	-1335.24
13	584.684	0.227059	836.359	113.735
-13	530.136	1.15057	-1427.55	-669.854
-13	504.862	0.799347	-925.422	1268.27
-13	998.44	1.04316	-356.559	1368.52
-13	577.208	0.891723	454.28	1404.71
13	439.469	0.975234	-6.55258	1390.49
-13	870.696	0.903263	344.97	704.433
13	466.779	0.497403	-852.522	669.705
-13	434.993	0.393037	1227.85	-604.663
13	562.311	0.751123	105.048	-898.745
-13	714.671	1.16125	149.936	270.957
-13	553.176	0.276169	-957.861	-40.7365
13	751.108	0.809768	-1475.35	822.361
13	516.467	0.540777	-1428.81	-224.976
13	808.831	1.17881	-1336.04	-59.5097
-13	1249.29	0.435158	-142.158	-854.495
13	438.446	0.509408	-1376.56	-715.592
13	595.555	0.192234	-942.588	1124.93
-13	468.122	0.256814	510.89	-130.344
13	539.308	0.94266	170.582	-1396.43
-13	743.434	1.14746	-874.592	343.535
13	454.516	0.429335	-152.477	943.775
-13	1073.41	0.733321	930.672	-24.4705
13	864.703	1.09487	964.615	-249.7
13	1380.96	0.208835	1475.16	-432.095
-13	612.517	1.08829	-191.375	839.118
-13	469.873	0.491062	-392.538	723.847
13	777.79	0.943533	-72.4781	-1206.78
-13	617.583	0.33426	751.052	-1383.9
-13	519.222	0.363217	1136.42	-640.489
13	444.26	0.949975	363.705	-1449.93
-13	464.295	1.1402	-1209.93	1171.37
13	544.332	0.288267	-500.122	1410.25
13	805.147	1.01823	556.6	-915.323
13	1755.71	0.720175	181.287	-29.898
-13	730.33	0.0962162	1411.92	-1483.4
13	774.773	1.19883	-1465.41	860.445
13	438.169	0.706336	1115.18	555.735
13	486.512	0.23078	187.028	285.852
-13	416.312	0.314819	-1393.25	-1452.58
13	503.899	0.156674	1225.63	-1454.71
-13	1252.13	1.17582	545.17	-525.177
13	421.576	0.128662	-1046.96	863.267
-13	1416.17	0.882283	-1459.99	-1050.86
13	1361.77	0.0131104	941.186	224.18
13	2344.63	0.928306	1490.51	613.867
-13	622.414	0.34844	-955.633	893.244
-13	442.792	0.766724	-1257.58	-1104.73
13	634.191	0.612019	770.169	-1058.72
13	555.21	0.890751	106.712	492.353
-13	553.199	0.439347	918.976	537.584
-13	638.79	1.11978	1146.56	-107.382
13	414.063	0.766123	1438.19	431.089
13	1307.07	0.980493	-1346.82	1044.98
13	1000.87	0.053792	673.499	158.212
-13	499.382	0.0803074	1007.25	404.505
13	639.144	0.405321	-150.521	-936.291
13	750.136	0.942106	1014.33	814.643
-13	642.515	0.332725	416.55	-1459.61
-13	501.545	1.01187	1441.25	-1185.63
13	438.267	0.450807	1382.51	-1323.19
-13	442.957	0.996708	1467.94	654.338
-13	459.919	0.550783	-240.323	943.125
-13	477.945	0.438774	-1015.39	153.511
-13	521.418	1.02978	-616.283	984.99
13	771.471	0.871466	198.954	53.1479
-13	664.645	0.849316	-81.9605	1264.33
-13	431.655	0.217134	-244.762	593.216
13	755.128	0.649626	315.231	549.793
13	2029.3	0.23084	1090.39	-350.027
13	933.841	0.701522	-152.638	1004.25
13	650.778	1.14729	258.296	-1079.83
-13	624.918	1.05503	924.866	42.5198
13	488.537	0.249891	-650.381	155.422
-13	825.59	0.74623	233.421	-664.396
13	448.911	1.17504	-305.875	557.163
13	597.025	1.21508	91.672	108.396
13	527.307	0.653879	1350.58	-935.361
-13	609.028	1.16403	-369.555	-703.157
13	419.768	0.482555	-825.486	268.9
13	701.645	0.763185	1398.21	1167.4
-13	401.317	0.398016	-112.07	-1330.21
13	516.354	1.01904	1267.03	152.322
-13	783.741	1.16468	1477.25	417.882
13	941.111	1.01615	773.311	1165.89
13	525.65	1.09003	-1328.41	625.358
-13	438.725	0.750949	-532.385	-397.323
-13	512.496	0.783275	1101.53	1079.45
13	1117.88	0.213773	-1192.1	511.156
13	609.392	1.02249	-310.127	-1446.37
13	495.355	0.154184	769.136	-812.652
-13	1563.78	1.15965	1004.37	-1462.3
-13	583.337	0.659013	70.2536	1358.34
-13	2240.75	0.292661	1267.3	-740.876
13	863.949	1.10976	856.237	585.941
-13	443.951	0.244755	-360.375	-121.271
13	712.079	0.973591	-382.712	223.742
13	1056.26	0.242154	-569.317	-752.174
-13	756.635	1.06192	1162	344.925
13	537.31	1.21801	-48.9288	-895.314
-13	888.462	0.861022	254.045	1098.76
13	429.8	0.372609	-643.761	-546.138
-13	417.914	0.889143	943.441	-1394.1
-13	530.583	0.108743	-1485.5	-948.183
-13	478.085	0.941383	1070.99	-564.431
13	492.235	1.18648	1149.1	-409.762
13	549.787	0.262158	-1054.68	-605.227
-13	891.476	0.756621	1214.63	30.1473
-13	437.777	0.306392	948.622	-644.745
-13	401.425	0.367838	1180.89	327.738
13	535.447	0.260499	1263.73	-660.78
-13	492.998	0.419181	-663.661	25.0651
-13	602.915	0.455707	-672.853	317.03
-13	406.705	0.217407	-136.866	1277.12
-13	490.726	0.844851	1299.21	-64.2547
-13	848.344	1.09287	272.166	-413.551
-13	1159.35	1.07887	-111.483	985.681
-13	472.827	1.0916	-237.947	908.15
13	1552.01	0.185445	1182.59	1063.62
13	406.76	0.950154	250.958	1498.59
-13	1081.32	0.158456	-437.643	167.216
-13	446.161	0.452707	937.958	811.357
13	1816.11	0.197137	-1130.76	-744.368
-13	630.583	0.699789	-654.281	-363.858
-13	619.029	0.870915	1296.57	-1295.32
-13	607.093	0.917578	636.791	-857.449
-13	420.219	0.1702	868.701	-1331.14
-13	588.979	0.235799	-141.779	380.406
13	401.999	1.21601	-1091.79	708.525
13	617.867	0.640575	496.017	75.0165
-13	426.983	0.541543	-943.6	1152.14
13	500.549	1.19169	26.2088	199.532
-13	661.005	0.378267	727.924	1096.45
-13	780.542	1.06699	380.162	-664.876
13	438.066	0.254393	-648.204	986.422
13	627.66	0.313846	-995.991	-461.641
13	811.282	0.693714	1401.17	789.145
-13	498.149	0.44564	-1416.96	-1169.81
13	415.725	0.958719	-333.41	-87.5845
13	435.884	0.616561	689.901	1231.15
13	1152.59	0.0465847	812.175	-956.713
13	629.361	0.41001	-1482.67	555.322
13	556.805	0.591775	-35.1464	1274.39
13	599.789	1.05786	1068.51	1024.33
-13	481.519	0.860714	387.894	-1274.27
-13	512.97	0.954123	266.183	-3.30928
-13	563.101	1.13629	469.529	-29.496
-13	569.356	1.04074	288.714	79.8658
13	600.472	1.18666	1181.86	822.536
-13	430.35	0.246154	-1497.29	-1443.39
13	432.196	0.583717	-544.477	1304.01
-13	715.486	0.195067	433.154	934.049
13	616.52	0.872	-227.782	-1399.6
13	408.641	0.531564	-1028.07	21.8243
-13	461.517	1.12405	-298.753	947.677
-13	1123.17	0.0839217	-123.963	-884.042
-13	482.768	0.156512	-1342.42	-95.1357
-13	723.431	0.274114	104.301	-1163.8
-13	449.344	0.987735	-354.593	-783.871
-13	604.454	0.658791	-32.6166	628.297
-13	417.034	0.784821	-843.608	787.599
13	425.996	0.859882	-865.768	1494.55
-13	654.54	0.240061	-455.818	476.768
-13	422.975	0.178707	-216.183	21.3596
-13	452.51	0.085538	757.297	-682.86
-13	416.753	0.298205	-1032.07	-333.997
-13	585.488	0.450602	863.646	842.978
13	567.426	0.334478	765.83	-1151.17
13	434.29	0.575231	-1403.23	1325.41
-13	413.587	0.303847	1361.05	-672.727
-13	833.774	0.673746	540.537	877.983
13	3599.21	0.962746	-656.852	-1173.82
-13	474.016	0.898664	602.472	-1191.34
13	731.95	1.06897	-215.241	20.5944
-13	468.874	1.05513	-849.474	-676.569
13	611.58	0.89297	166.308	-508.864
13	407.751	0.490887	814.989	203.555
13	892.203	0.423908	753.665	510.865
13	426.219	0.724795	-1485.14	-644.957
-13	423.698	0.927536	1036.54	800.683
13	547.622	0.291214	-804.599	-589.809
-13	492.14	0.757368	-9.08376	-1498.76
-13	888.404	0.490209	505.078	-564.762
-13	843.119	0.786118	416.624	-390.238
13	400.004	0.07528	121.788	-803.706
-13	683.187	0.877021	60.0958	-368.358
-13	466.389	0.0530815	-1411.68	314.046
-13	631.586	0.921293	121.923	643.474
13	462.227	0.45983	1038.86	500.437
-13	475.729	1.02865	44.4288	560.741
13	416.832	1.20255	858.765	96.6884
13	448.74	0.463205	593.424	575.258
-13	727.791	0.619463	1400.22	72.4289
13	488.71	0.00661037	-1076.81	809.043
-13	501.985	1.03303	-733.039	-1062.97
-13	1180.07	0.707786	599.995	-561.774
13	490.507	1.09816	-72.7547	-548.795
-13	493.462	0.668699	469.461	-1159.76
13	484.468	0.382347	58.7622	916.214
13	1326.43	0.0357782	913.418	-1189.54
-13	533.207	0.819031	-1265.16	379.891
13	1029.27	1.19028	-646.641	902.508
13	715.855	1.15267	-857.087	1293.83
13	430.823	0.793663	347.906	1405.31
-13	479.585	0.389232	-43.7405	947.473
-13	3989.59	0.150604	-1392.13	-815.522
-13	523.136	0.928203	758.963	264.501
-13	467.344	0.96718	694.578	54.7464
-13	437.538	0.436554	-860.203	1333.55
13	717.787	0.221603	-848.235	859.441
-13	662.168	0.158874	-457.261	854.605
13	717.186	0.554523	451.485	-1041.55
-13	680.853	1.1183	70.9937	-34.2729
13	633.357	0.483474	325.432	-1057.55
-13	660.789	0.520839	-1204.53	59.8285
-13	806.99	1.10976	1423.04	-286.083
13	534.225	1.00098	-1412.24	1101.79
-13	522.568	0.883686	115.416	-833.538
13	475.312	0.901384	-1164.64	796.562
13	884.318	1.0355	9.02645	-1190.84
13	549.534	0.99964	-1275.74	463.184
-13	471.368	1.19284	789.3	-1261.6
-13	573.571	0.869168	192.215	-1043.55
-13	405.959	0.614032	-0.558391	-9.78297
-13	1863.56	0.063381	766.762	-1257.81
13	562.781	1.11033	-1325.72	933.224
13	437.8	1.11707	-480.29	209.999
13	1781.69	0.441977	-570.531	-1347.82
13	485.1	0.488067	1259.95	291.456
-13	1248.44	0.00907387	136.761	1378.3
-13	508.404	1.15833	-853.734	-599.009
-13	443.043	0.861649	-1417.37	-1435.62
13	513.801	0.549677	1248.12	787.717
-13	1114.08	0.130158	-256.894	-469.479
-13	584.312	0.20185	-247.758	427.235
-13	505.828	0.214998	390.74	13.6012
13	520.956	0.469125	-1117.43	-470.55
-13	1432.48	0.607887	171.458	-1006.73
-13	509.431	0.543995	788.599	674.27
-13	571.563	0.981753	919.157	427.754
-13	419.138	0.304684	442.851	-1061.89
-13	499.232	0.743995	-884.052	-1086.53
-13	479.958	0.695253	801.993	661.932
13	929.523	1.05897	-231.431	-1275.23
-13	995.004	0.587609	1343.72	230.585
13	438.911	0.742665	-293.009	1019.77
13	670.267	0.494973	-214.512	1240.52
13	1340.53	0.973328	1028.32	1289.63
13	789.582	0.689016	984.529	-258.369
-13	576.211	0.335951	-744.54	-201.682
13	530.365	0.984548	898.592	-484.6
-13	638.337	0.599349	-697.968	131.696
-13	768.876	0.724803	-207.624	-430.12
-13	428.674	0.664918	-384.684	-1356.37
13	402.842	1.15763	-250.664	-231.838
-13	471.038	0.0930458	121.577	-609.157
13	492.404	0.638242	494.629	653.94
13	421.598	0.349768	-132.999	-84.15
-13	462.617	1.21845	-1497.02	968.208
13	523.737	0.682589	-168.938	893.716
-13	540.722	1.14402	933.361	271.753
13	558.584	0.518747	213.304	182.942
-13	449.309	0.733664	1122.49	1169.65
13	517.129	0.888649	470.252	825.25
-13	410.772	0.896592	821.273	921.486
13	474.565	0.363312	1484.77	-237.524
-13	407.803	0.123805	1246.1	-193.981
-13	839.073	0.556517	-1264.4	323.433
13	525.857	0.857616	1025.93	863.673
-13	442.275	1.21286	-1103.23	1114.85
-13	898.906	0.926402	1398.7	1241.74
-13	407.113	1.11887	-1000.8	-1338.38
-13	530.749	0.564284	-151.7	-1403.99
13	528.421	1.16076	17.8548	-437.793
-13	519.678	0.532317	936.808	-1176.54
-13	491.124	0.870942	-624.574	775.161
-13	611.619	1.02797	-485.141	-420.119
-13	417.56	0.693438	657.746	-933.435
-13	519.816	1.14637	-599.976	-112.389
13	407.2	0.808762	-962.607	203.464
-13	569.65	0.26187	-59.0714	128.381
13	556.536	1.04052	-841.184	543.708
-13	508.354	0.2942	1346.15	-777.2
-13	438.255	0.489414	-35.6605	539.644
13	536.46	1.11132	547.207	-1402.81
13	436.262	0.0930727	1281.55	-627.767
13	769.644	0.730027	512.645	-532.753
13	465.591	1.0625	708.557	444.374
-13	467.289	0.0387478	-604.617	-1113.39
13	744.519	0.519569	1188.08	1057.57
13	1673.73	1.05829	-1294.74	292.665
13	927.445	1.19384	1391.96	-702.769
13	480.922	0.537248	-88.3744	-1008.6
-13	428.132	0.535766	856.997	926.992
-13	514.754	0.466198	-1286.23	1241.5
-13	402.857	0.000199934	934.98	-267.01
-13	508.62	0.524487	-1337.86	37.8242
-13	659.044	0.658199	830.067	939.625
13	491.855	0.792808	-541.701	913.107
-13	402.326	0.283443	-1094.41	-937.844
-13	543.342	0.356544	-121.439	-671.239
-13	748.03	1.07849	-967.99	-1161.9
13	570.671	1.17733	1003.97	-754.743
-13	478.027	0.342373	910.02	1104.55
13	453.355	0.44616	1494.99	1406.83
-13	983.032	0.9195	-374.169	-967.362
-13	752.829	0.778376	809.672	-920.144
-13	1141.11	1.10894	-1392.18	352.893
-13	799.495	0.499288	-759.168	-184.152
13	787.975	0.131233	356.409	-612.81
-13	445.916	0.0926415	-1196.04	643.812
-13	482.862	0.467593	-909.517	43.4328
-13	409.966	0.675947	-122.475	-967.865
-13	525.993	1.06349	1233.79	1179.34
-13	405.812	0.18591	1300.81	-832.747
13	3216.54	0.856484	657.958	-860.549
-13	1508.64	0.674079	-1297.86	-768.733
-13	687.825	1.02119	468.946	-1455.41
13	448.976	0.507494	-1287.37	-863.224
-13	529.494	1.13107	337.527	-1236.81
13	406.2	0.90192	275.966	-1216.21
-13	403.926	0.994867	461.308	-704.364
-13	588.128	0.703307	-1432.88	1340.4
-13	447.297	0.865445	-407.522	924.848
-13	1085.4	0.733399	-784.823	-77.0352
-13	934.212	0.753223	550.293	-1206.44
13	531.045	0.724022	913.429	-1249.05
-13	561.217	1.17101	-302.74	-1387.32
13	1421.32	0.505736	-447.87	1367.77
-13	628.18	1.10308	-179.574	494.4
-13	547.007	0.81404	-1278.68	-357.606
13	549.492	1.09252	264.076	-1037.12
13	435.001	0.313476	612.328	913.362
-13	414.946	0.421283	-266.202	-1188.88
13	699.461	0.786153	-1167.71	367.914
-13	615.897	0.555001	1345.24	-1405.27
13	446.386	0.734311	1278.37	1133.66
-13	461.685	0.757611	1325.47	1117.03
-13	698.812	0.433001	781.61	-59.2617
-13	948.217	0.985021	-1109.99	780.27
-13	404.716	0.67288	362.868	-424.202
-13	434.083	0.0241936	-635.325	534.189
13	1853.88	0.189447	428.209	1206.37
-13	432.832	1.06504	1080.29	142.887
13	924.884	0.935973	174.596	-544.183
-13	542.296	0.347526	-241.026	-1364.18
13	1503.36	1.13334	926.464	-1037.03
13	1025.84	1.16325	-125.399	-922.792
-13	403.561	1.04216	965.971	-211.518
-13	402.4	1.00784	1214.32	-92.2721
13	611.31	0.786836	902.683	-469.262
13	627.252	0.467294	-457.12	1212.57
-13	460.804	0.900392	541.925	-1363.37
13	410.938	0.575175	1171.23	1091.31
-13	549.055	0.261183	1188.12	1018.76
13	797.266	0.492474	-661.394	-211.386
-13	471.764	0.83876	856.833	343.024
13	480.388	0.739695	-150.933	266.544
-13	762.993	0.151377	996.4	582.34
-13	693.163	1.16211	-99.6422	-1289.57
13	1918.52	0.893328	-459.149	-1192.07
13	2180.84	0.391249	-259.768	1421.99
-13	2463.5	1.06229	-1324.6	382.276
-13	830.384	0.216781	1468.84	-921.078
-13	491.065	0.182372	429.526	1330.16
13	749.498	1.16616	1126.31	837.029
13	683.751	0.461599	-1339.51	-874.595
-13	529.902	0.731182	825.165	-1360.45
13	736.509	0.958878	874.475	-1166.11
-13	459.361	1.15622	-1120.89	48.8217
13	670.761	1.0073	577.221	-1381.81
-13	787.373	0.336597	-1336.44	-446.184
-13	465.362	1.17813	-887.068	1367.61
-13	441.643	0.563187	-93.69	-428.293
-13	702.1	1.10938	-1366.47	-481.667
-13	1487.91	0.471396	883.116	672.51
13	869.223	0.940549	-170.282	341.872
-13	497.904	0.496802	-608.999	-1354.36
-13	1128.57	1.18301	129.657	101.14
13	425.261	1.0229	-1426.3	616.543
13	408.86	0.664231	-1234.24	827.331
-13	623.916	0.852702	412.255	957.597
-13	448.483	0.757791	1422.38	736.122
-13	1349.07	0.895334	-1089.97	-1421.96
-13	1301.43	1.15694	243.043	-1477.01
13	689.83	0.332802	-407.041	1189.67
13	475.93	0.156604	-299.365	-353.231
-13	899.908	0.529344	607.531	492.845
-13	556.938	0.0550151	1267.15	-667.414
-13	545.506	1.12526	199.884	1256.1
-13	406.215	0.253258	-863.362	-817.735
13	863.719	1.16965	-920.704	-562.476
-13	628.024	0.373712	10.8839	1347.94
-13	462.479	0.762273	-969.158	-481.724
-13	406.03	0.139615	-450.033	-238.404
13	699.486	0.0835948	-1392.93	-231.631
-13	472.697	1.03402	1264.61	688.444
13	492.521	0.881718	38.2494	325.27
13	1258.78	1.02966	913.57	-1408.94
13	933.874	0.894844	14.6038	793.929
-13	485.883	0.99404	1338.61	1080.78
13	1160.56	0.995013	14.2151	111.379
-13	426.024	0.629245	204.35	-417.069
-13	2500.42	1.02829	1223.97	550.295
-13	444.926	0.696453	229.164	936.51
13	1377.87	1.16471	-70.0602	-793.079
13	417.572	0.81882	1301.08	647.049
-13	626.781	1.12406	-920.015	-1138.94
-13	1280.6	1.04885	-485.037	826.564
13	5461.94	0.367575	262.098	-734.192
-13	693.157	1.16182	-329.998	192.559
13	810.225	1.0826	1183.53	-841.164
-13	508.515	0.424466	-1113.73	-1018.19
13	581.816	0.443379	1460.11	-439.163
-13	503.879	0.459572	-1069.38	-54.7575
-13	470.823	0.926462	-235.078	-167.895
-13	620.426	0.119095	1383.33	598.417
13	708.905	0.65002	16.5794	-156.572
-13	502.983	0.693832	1223.39	-1192.16
-13	442.766	0.363366	218.388	217.78
13	891.749	0.0542178	843.931	-1456.13
-13	442.823	0.465767	-421.107	527.382
13	432.277	0.803597	-547.337	-252.545
-13	698.907	0.0508877	-964.77	1105.78
-13	416.846	0.795795	-241.379	-576.029
-13	891.231	0.855174	591.099	1475.3
-13	896.357	0.0933421	-1071.32	-715.758
-13	869.301	0.0796032	1495.3	1096.17
13	403.252	0.621452	-45.0553	1097.16
-13	412.762	0.95608	877.57	794.759
13	636.323	1.20593	625.2	1036.23
-13	787.348	0.390337	-712.286	-607.803
-13	1184.28	0.11174	-78.6152	-56.7333
-13	640.468	0.901707	-595.474	-1347.75
-13	463.642	0.866309	-153.673	-453.382
13	461.011	0.89791	-967.489	-922.393
13	405.991	0.605058	-618.338	-800.699
-13	703.392	1.12179	154.512	866.536
-13	625.048	1.13422	-635.327	286.585
13	422.058	0.625038	-969.527	251.264
-13	612.974	0.334573	1101.17	-530.591
13	720.994	0.651363	-356.939	-632.499
13	466.196	0.807007	1364.33	986.122
-13	1075.54	0.0778582	-235.671	357.738
-13	446.881	0.245529	1378.23	111.429
-13	536.722	0.142021	-297.969	663.416
-13	405.218	1.11402	1019.26	577.628
-13	442.727	0.79642	846.17	-516.291
-13	444.249	0.66442	831.782	621.653
-13	819.821	0.0199884	909.065	271.484
-13	495.541	0.728923	839.441	1159.87
-13	452.559	0.94087	-144.154	-377.134
13	9686.98	0.492209	539.204	1453.69
-13	616.033	0.872603	222.761	1334.5
-13	500.712	1.05925	1052.95	-211.532
13	555.204	0.132363	548.979	68.932
13	717.186	0.554523	451.485	-1041.55
-13	680.853	1.1183	70.9937	-34.2729
13	633.357	0.483474	325.432	-1057.55
-13	660.789	0.520839	-1204.53	59.8285
-13	806.99	1.10976	1423.04	-286.083
13	534.225	1.00098	-1412.24	1101.79
-13	522.568	0.883686	115.416	-833.538
13	475.312	0.901384	-1164.64	796.562
13	884.318	1.0355	9.02645	-1190.84
13	549.534	0.99964	-1275.74	463.184
-13	471.368	1.19284	789.3	-1261.6
-13	573.571	0.869168	192.215	-1043.55
-13	405.959	0.614032	-0.558391	-9.78297
-13	1863.56	0.063381	766.762	-1257.81
13	562.781	1.11033	-1325.72	933.224
13	437.8	1.11707	-480.29	209.999
13	1781.69	0.441977	-570.531	-1347.82
13	485.1	0.488067	1259.95	291.456
-13	1248.44	0.00907387	136.761	1378.3
-13	508.404	1.15833	-853.734	-599.009
-13	443.043	0.861649	-1417.37	-1435.62
13	513.801	0.549677	1248.12	787.717
-13	1114.08	0.130158	-256.894	-469.479
-13	584.312	0.20185	-247.758	427.235
-13	505.828	0.214998	390.74	13.6012
13	520.956	0.469125	-1117.43	-470.55
-13	1432.48	0.607887	171.458	-1006.73
-13	509.431	0.543995	788.599	674.27
13	408.835	0.456539	-89.2412	640.989
-13	442.389	0.977113	498.696	-53.7039
-13	540.752	1.1359	-512.369	1452.57
13	597.249	0.0559463	1393.39	-923.798
13	412.859	0.316218	-1401.74	799.557
13	654.381	0.240571	-264.015	-279.573
-13	453.317	0.766466	-109.965	248.315
13	557.009	0.00298198	-1118.26	-1284.47
13	3607.84	1.11111	-1321.28	1008.88
-13	496.949	0.0775348	548.715	346.958
13	468.429	0.722781	691.808	1283.54
13	418.449	0.703292	-503.82	-189.442
-13	1148.85	0.775641	1346.94	840.468
-13	1455.7	0.647092	-546.964	211.185
13	525.621	0.683878	-762.021	346.638
-13	479.001	0.941602	35.4041	1263.82
-13	3154.38	0.73868	762.258	360.064
-13	475.105	0.242042	-613.838	355.415
-13	1567.79	0.194782	-277.553	-1055.61
13	409.343	0.508423	-1323.66	-603.733
-13	490.257	0.659944	-1223.71	-943.712
13	652.249	0.850237	-848.415	605.39
13	539.325	0.824417	187.094	1207.75
-13	429.601	0.604415	-732.566	-1233.94
13	470.127	1.19538	243.454	4.0801
-13	447.427	0.759373	498.688	-275.056
13	494.864	0.531265	-844.339	170.806
-13	437.384	0.521989	-185.567	-151.049
13	583.226	1.02471	-612.564	-585.172
13	506.897	0.916833	290.515	-1064.19
13	449.539	0.612317	-1049.25	-1264.43
-13	790.741	1.08343	-1323.89	520.245
13	586.563	0.923143	-206.038	454.889
13	548.082	0.475741	773.544	900.087
13	502.103	1.17583	982.715	-1445.9
-13	2738.5	0.129031	-1053.67	-1436.74
-13	589.352	0.0768961	160.131	1226.75
13	665.957	0.956829	200.127	-217.092
-13	484.473	1.20723	335.901	492.996
13	433.358	1.04895	-182.953	-226.823
-13	719.085	0.576392	-992.05	-613.004
-13	2370.4	0.711013	539.173	-14.1428
-13	402.857	0.000199934	934.98	-267.01
-13	508.62	0.524487	-1337.86	37.8242
-13	659.044	0.658199	830.067	939.625
13	491.855	0.792808	-541.701	913.107
-13	402.326	0.283443	-1094.41	-937.844
-13	543.342	0.356544	-121.439	-671.239
-13	748.03	1.07849	-967.99	-1161.9
13	570.671	1.17733	1003.97	-754.743
-13	478.027	0.342373	910.02	1104.55
13	453.355	0.44616	1494.99	1406.83
-13	983.032	0.9195	-374.169	-967.362
-13	752.829	0.778376	809.672	-920.144
-13	1141.11	1.10894	-1392.18	352.893
-13	799.495	0.499288	-759.168	-184.152
13	787.975	0.131233	356.409	-612.81
-13	445.916	0.0926415	-1196.04	643.812
-13	482.862	0.467593	-909.517	43.4328
-13	409.966	0.675947	-122.475	-967.865
-13	525.993	1.06349	1233.79	1179.34
-13	405.812	0.18591	1300.81	-832.747
13	3216.54	0.856484	657.958	-860.549
-13	1508.64	0.674079	-1297.86	-768.733
-13	687.825	1.02119	468.946	-1455.41
13	448.976	0.507494	-1287.37	-863.224
-13	529.494	1.13107	337.527	-1236.81
13	406.2	0.90192	275.966	-1216.21
-13	403.926	0.994867	461.308	-704.364
-13	588.128	0.703307	-1432.88	1340.4
-13	447.297	0.865445	-407.522	924.848
-13	1085.4	0.733399	-784.823	-77.0352
-13	934.212	0.753223	550.293	-1206.44
13	531.045	0.724022	913.429	-1249.05
-13	561.217	1.17101	-302.74	-1387.32
13	1421.32	0.505736	-447.87	1367.77
-13	628.18	1.10308	-179.574	494.4
-13	547.007	0.81404	-1278.68	-357.606
13	549.492	1.09252	264.076	-1037.12
13	435.001	0.313476	612.328	913.362
-13	414.946	0.421283	-266.202	-1188.88
13	699.461	0.786153	-1167.71	367.914
-13	615.897	0.555001	1345.24	-1405.27
13	446.386	0.734311	1278.37	1133.66
-13	461.685	0.757611	1325.47	1117.03
-13	698.812	0.433001	781.61	-59.2617
-13	948.217	0.985021	-1109.99	780.27
-13	404.716	0.67288	362.868	-424.202
-13	434.083	0.0241936	-635.325	534.189
13	1853.88	0.189447	428.209	1206.37
-13	432.832	1.06504	1080.29	142.887
13	924.884	0.935973	174.596	-544.183
-13	542.296	0.347526	-241.026	-1364.18
13	1503.36	1.13334	926.464	-1037.03
13	1025.84	1.16325	-125.399	-922.792
-13	403.561	1.04216	965.971	-211.518
-13	402.4	1.00784	1214.32	-92.2721
13	611.31	0.786836	902.683	-469.262
13	627.252	0.467294	-457.12	1212.57
-13	460.804	0.900392	541.925	-1363.37
13	410.938	0.575175	1171.23	1091.31
-13	549.055	0.261183	1188.12	1018.76
13	797.266	0.492474	-661.394	-211.386
-13	471.764	0.83876	856.833	343.024
13	480.388	0.739695	-150.933	266.544
13	555.783	1.1217	-996.441	-655.237
-13	919.751	0.447097	1424.62	-20.1843
13	967.692	0.0578934	373.681	380.533
-13	1832.64	0.0886853	1112.41	1472.58
13	713.038	0.995275	333.386	105.701
-13	561.007	0.102592	-1116.73	-1349.15
-13	526.593	0.891572	-1356.65	1325.51
-13	572.13	0.363584	1182.54	-29.6601
13	677.638	0.270536	-978.541	-568.578
-13	491.267	1.05605	-133.418	175.374
-13	414.956	0.957525	1393.06	-675.84
-13	564.174	0.962332	254.27	815.053
13	464.126	0.77829	1232.85	-247.337
-13	543.161	0.831323	-745.37	400.926
-13	1749.16	1.03146	486.598	1143.47
-13	696.511	1.13316	774.164	558.063
13	631.052	0.964184	751.029	155.262
-13	689.203	0.802584	235.229	-876.657
-13	410.335	0.275493	-787.101	-861.921
-13	518.356	0.370835	66.5325	35.4569
13	1255.88	1.09111	-139.664	792.996
13	538.301	1.04326	-583.119	586.949
13	521.974	0.185428	-95.3478	-447.455
-13	612.03	0.252226	-1435.01	-741.772
-13	699.228	1.20222	-281.551	183.616
13	659.442	1.21345	-817.224	-993.709
-13	778.021	0.867916	432.371	426.143
-13	466.261	0.738751	89.7032	-476.986
-13	684.917	1.09027	366.584	-356.807
-13	1250.23	0.179126	703.172	-1179.97
-13	772.025	0.101719	-1443.89	982.043
-13	495.218	0.164589	979.303	645.721
-13	583.674	0.536705	1387.83	1285.8
-13	515.367	0.288438	1278.16	1416.84
13	708.582	0.376565	166.051	1220.62
-13	743.277	1.21348	983.499	401.03
-13	828.569	0.352991	-1126.48	514.41
13	400.203	0.263502	584.83	70.2168
13	454.729	0.663267	-495.086	-1206.78
13	867.243	0.142594	833.862	434.884
-13	593.98	1.1791	-862.389	1159.66
13	406.208	0.766402	960.211	-49.6003
-13	495.977	0.711362	1059.62	-803.71
13	475.082	0.373779	557.899	-422.369
13	453.473	0.449724	-1346.34	1235.27
13	589.985	0.698123	-1014.9	-179.108
-13	601.207	0.854105	1042.08	-890.335
-13	951.971	0.779578	-1096.93	141.804
13	471.765	0.668541	1113.47	795.46
-13	441.67	0.254341	1196.84	1483.1
-13	575.943	0.560291	-1321.17	1108.98
-13	475.179	0.00484646	-742.936	629.142
13	406.082	0.0186222	-510.898	-1295.85
-13	481.365	0.471786	34.5506	761.855
-13	411.559	0.23142	-1494.12	331.282
13	665.424	1.1868	-1334.36	-185.644
-13	474.427	0.670417	472.746	-382.514
-13	579.717	0.170475	904.472	-1049.21
-13	418.987	0.96782	1066.84	1297.72
13	827.686	1.11666	442.48	-355.395
-13	402.003	0.211295	835.51	-1399.78
-13	581.423	0.912382	185.386	-1335.24
13	584.684	0.227059	836.359	113.735
-13	530.136	1.15057	-1427.55	-669.854
-13	504.862	0.799347	-925.422	1268.27
-13	998.44	1.04316	-356.559	1368.52
-13	577.208	0.891723	454.28	1404.71
13	439.469	0.975234	-6.55258	1390.49
-13	870.696	0.903263	344.97	704.433
13	466.779	0.497403	-852.522	669.705
-13	434.993	0.393037	1227.85	-604.663
13	562.311	0.751123	105.048	-898.745
-13	714.671	1.16125	149.936	270.957
-13	553.176	0.276169	-957.861	-40.7365
13	751.108	0.809768	-1475.35	822.361
13	516.467	0.540777	-1428.81	-224.976
13	808.831	1.17881	-1336.04	-59.5097
-13	1249.29	0.435158	-142.158	-854.495
13	438.446	0.509408	-1376.56	-715.592
13	595.555	0.192234	-942.588	1124.93
-13	468.122	0.256814	510.89	-130.344
13	539.308	0.94266	170.582	-1396.43
-13	743.434	1.14746	-874.592	343.535
13	454.516	0.429335	-152.477	943.775
-13	1073.41	0.733321	930.672	-24.4705
13	864.703	1.09487	964.615	-249.7
13	1380.96	0.208835	1475.16	-432.095
-13	612.517	1.08829	-191.375	839.118
-13	469.873	0.491062	-392.538	723.847
13	777.79	0.943533	-72.4781	-1206.78
-13	617.583	0.33426	751.052	-1383.9
-13	519.222	0.363217	1136.42	-640.489
13	444.26	0.949975	363.705	-1449.93
-13	464.295	1.1402	-1209.93	1171.37
13	544.332	0.288267	-500.122	1410.25
13	805.147	1.01823	556.6	-915.323
13	1755.71	0.720175	181.287	-29.898
-13	730.33	0.0962162	1411.92	-1483.4
13	774.773	1.19883	-1465.41	860.445
13	438.169	0.706336	1115.18	555.735
13	486.512	0.23078	187.028	285.852
-13	416.312	0.314819	-1393.25	-1452.58
13	503.899	0.156674	1225.63	-1454.71
-13	1252.13	1.17582	545.17	-525.177
13	421.576	0.128662	-1046.96	863.267
-13	1416.17	0.882283	-1459.99	-1050.86
13	1361.77	0.0131104	941.186	224.18
13	2344.63	0.928306	1490.51	613.867
-13	622.414	0.34844	-955.633	893.244
-13	442.792	0.766724	-1257.58	-1104.73
13	634.191	0.612019	770.169	-1058.72
13	555.21	0.890751	106.712	492.353
13	481.158	1.21535	348.056	957.577
-13	602.021	0.244417	-888.317	509.496
13	480.343	0.792284	1141.51	-892.996
13	467.324	1.18145	1490.45	374.377
-13	402.23	0.493793	-1132.95	-438.845
13	497.429	0.895309	-232.813	-544.853
13	1265.35	0.616086	679.645	545.856
-13	462.54	0.92024	-872.983	-491.68
-13	575.447	0.77395	-60.9672	-614.191
-13	2183.19	1.10825	-227.583	429.795
-13	426.73	0.542302	1246.5	568.427
13	464.001	0.882075	-651.261	-1231.43
-13	555.108	0.358132	-916.649	790.986
13	532.256	0.784299	-661.631	-1370.7
-13	403.607	0.779689	598.824	-1281.63
13	461.997	1.02642	843.565	-964.868
13	476.049	1.11378	-1075.26	830.097
-13	529.006	1.1342	1157.76	780.927
13	598.324	0.804713	581.519	-1240.9
13	608.934	1.16733	-485.731	1261.62
13	765.79	0.598454	672.037	-574.211
-13	601.327	0.655181	802.579	414.507
-13	777.429	0.917302	-50.8077	-1321.71
13	505.06	1.13078	-989.369	-1194.65
13	426.018	1.15429	-40.6867	547.573
-13	1026.27	0.847464	-1049.26	249.883
13	816.072	1.17317	192.803	-1320.67
-13	459.511	0.57984	1354.03	-319.867
-13	499.132	0.463336	-853.121	720.43
-13	668.673	0.0394271	-956.513	-283.373
-13	525.717	0.974247	1153.91	-937.405
-13	437.719	0.981868	-475.936	-534.98
-13	620.005	1.10236	-968.414	-292.103
-13	620.165	0.502767	-106.095	1051.45
13	1168.33	0.638125	1444.88	-364.26
-13	908.372	0.307975	-1448.11	788.275
-13	459.137	0.94122	343.646	1350.01
-13	453.456	1.05161	1115.96	702.267
13	401.079	0.142065	420.538	1352.14
-13	1222	1.18869	1195.13	949.721
13	457.722	1.14406	1124.94	-579.46
13	418.615	0.59633	749.157	-1099.81
-13	515.572	0.273743	521.825	-1065.4
13	798.712	0.425011	-1280.25	752.897
-13	612.465	0.0259065	1377.47	-404.903
-13	3481.86	0.564955	1290.89	-1332.2
-13	485.196	0.807877	-1467.44	-161.088
13	1119.15	0.496213	1491.45	1232.49
-13	469.837	0.794231	-1047.46	-1220.27
-13	496.055	1.22154	1355.5	1428.73
13	566.416	1.11589	891.576	-1078.63
13	419.441	0.0812738	-1321.2	-823.014
-13	422.191	0.425288	-329.834	216.571
-13	464.885	0.500111	821.997	-702.613
13	405.699	0.917708	699.009	-282.554
13	409.086	0.497925	-275.378	-739.14
-13	530.611	0.750245	-1045.29	705.111
13	502.31	1.18943	1379.72	1136.19
13	482.746	0.82396	151.419	894.755
-13	471.647	0.574186	957.723	1070.03
13	1099.83	0.491918	1229.03	994.81
13	625.572	1.11162	-938.545	-1318.87
13	1330.66	0.760902	-566.928	450.218
13	503.82	0.841884	-1184.74	-381.932
-13	850.561	0.276295	-1258.9	1219.19
13	704.117	0.506076	-730.612	535.154
13	484.167	0.366852	1021.15	-88.2374
13	435.824	0.259726	-115.703	402.843
13	439.05	0.735517	-703.73	-1220.69
-13	660.341	1.10561	-122.679	-45.0787
13	453.123	0.491324	-612.252	-631.309
-13	494.788	0.784213	393.541	-1453.56
-13	488.087	0.413414	-11.2111	844.253
13	507.719	0.372304	-809.543	-456.018
-13	1967.07	0.736405	626.68	-386.751
-13	415.872	0.058549	-304.231	-929.295
13	719.158	1.20632	1073.06	-14.6274
-13	603.306	1.03371	-1169.62	-1336.11
-13	435.268	0.145898	-741.566	-39.7824
-13	514.966	0.523845	469.454	348.973
13	692.522	0.835306	-615.487	-1415.47
-13	504.943	0.600628	276.073	852.162
-13	460.245	0.733664	844.191	-465.283
-13	480.093	0.942032	-381.25	-1423.07
13	439.811	0.454061	-1418.12	-511.394
-13	406.547	1.11312	-1173.82	470.543
-13	497.833	0.849365	915.171	859.128
-13	1149.15	1.17197	819.921	1134.24
-13	584.553	0.565387	488.386	801.511
-13	442.677	0.324937	839.21	198.32
13	541.123	0.940642	45.7113	629.905
13	1044.95	0.95715	-642.446	-189.255
-13	439.707	0.116809	-1349.44	480.86
13	403.785	0.967046	-615.446	-875.972
-13	720.064	1.11846	-1265.64	425.062
-13	474.599	0.970149	-1430.32	118.012
-13	808.018	1.09198	938.269	227.247
-13	649.759	0.0448953	1389.35	-1187.27
13	500.573	0.997218	-299.131	936.506
-13	540.403	1.05174	952.395	-848.54
-13	405.398	0.424412	-980.226	-206.48
13	538.027	0.978934	1137.48	1388.4
-13	1355.18	0.36919	-86.9265	-1359.83
-13	567.821	1.05214	542.329	661.057
-13	574.682	1.14966	1262.8	1030.97
-13	486.91	0.890197	399.481	1275.63
-13	496.483	0.894177	-1069.3	1201.74
-13	483.634	1.1678	-718.272	-1444.18
13	663.124	0.851865	-675.042	-359.426
13	976.502	0.569052	-443.633	-99.8651
-13	414.922	0.407596	429.693	-908.359
13	501.87	0.936757	829.734	900.283
-13	514.28	1.03561	415.113	-455.815
13	408.612	0.2628	-1120.24	101.998
-13	466.386	0.370715	-800.065	465.941
-13	406.701	0.00753829	986.967	995.798
-13	771.96	1.18166	843.905	1089.05
13	464.566	0.229187	1031.73	542.396
13	2045.62	0.659921	632.342	1052.41
13	405.498	0.58089	-501.449	-1058.64
-13	1052.46	0.570918	748.115	673.981
13	416.678	1.1081	1329.95	-68.6854
-13	434.238	1.01817	-1218.82	116.054
13	438.161	0.119669	-534.335	1384.79
-13	947.532	0.420133	-296.952	-1035.25
-13	411.898	1.13513	-835.485	-465.175
13	818.856	0.797364	222.688	-176.224
-13	456.412	1.02583	782.792	989.733
13	547.49	0.26453	-276.153	-438.972
13	822.206	0.109411	1395.67	787.025
13	538.448	0.051345	-1221.47	1055
-13	536.957	0.486482	1398.43	256.71
-13	504.691	0.460044	951.829	-118.689
-13	553.199	0.439347	918.976	537.584
-13	638.79	1.11978	1146.56	-107.382
13	414.063	0.766123	1438.19	431.089
13	1307.07	0.980493	-1346.82	1044.98
13	1000.87	0.053792	673.499	158.212
-13	499.382	0.0803074	1007.25	404.505
13	639.144	0.405321	-150.521	-936.291
13	750.136	0.942106	1014.33	814.643
-13	642.515	0.332725	416.55	-1459.61
-13	501.545	1.01187	1441.25	-1185.63
13	438.267	0.450807	1382.51	-1323.19
-13	442.957	0.996708	1467.94	654.338
-13	459.919	0.550783	-240.323	943.125
-13	477.945	0.438774	-1015.39	153.511
-13	521.418	1.02978	-616.283	984.99
13	771.471	0.871466	198.954	53.1479
-13	664.645	0.849316	-81.9605	1264.33
-13	431.655	0.217134	-244.762	593.216
13	755.128	0.649626	315.231	549.793
13	2029.3	0.23084	1090.39	-350.027
13	933.841	0.701522	-152.638	1004.25
13	650.778	1.14729	258.296	-1079.83
-13	624.918	1.05503	924.866	42.5198
13	488.537	0.249891	-650.381	155.422
-13	825.59	0.74623	233.421	-664.396
13	448.911	1.17504	-305.875	557.163
13	597.025	1.21508	91.672	108.396
13	527.307	0.653879	1350.58	-935.361
-13	609.028	1.16403	-369.555	-703.157
13	419.768	0.482555	-825.486	268.9
13	701.645	0.763185	1398.21	1167.4
-13	401.317	0.398016	-112.07	-1330.21
13	516.354	1.01904	1267.03	152.322
-13	783.741	1.16468	1477.25	417.882
13	941.111	1.01615	773.311	1165.89
13	525.65	1.09003	-1328.41	625.358
-13	438.725	0.750949	-532.385	-397.323
-13	512.496	0.783275	1101.53	1079.45
13	1117.88	0.213773	-1192.1	511.156
13	609.392	1.02249	-310.127	-1446.37
13	495.355	0.154184	769.136	-812.652
-13	1563.78	1.15965	1004.37	-1462.3
-13	583.337	0.659013	70.2536	1358.34
-13	2240.75	0.292661	1267.3	-740.876
13	863.949	1.10976	856.237	585.941
-13	443.951	0.244755	-360.375	-121.271
13	712.079	0.973591	-382.712	223.742
13	1056.26	0.242154	-569.317	-752.174
-13	756.635	1.06192	1162	344.925
-13	769.394	1.16883	1387.95	-1101.28
-13	1135.14	0.399289	565.842	717.495
13	840.431	0.46493	-1023.6	-384.175
13	647.592	0.89355	84.6305	1079.24
-13	484.717	1.22079	1079.3	565.714
-13	557.393	0.192032	-1319.81	-779.001
-13	1045.75	1.10271	297.268	477.424
-13	551.107	0.897076	-1151.92	827.31
13	858.943	1.22101	-527.273	-630.376
13	519.032	0.31067	592.298	1207.14
-13	479.31	0.0851728	-520.002	-441.017
13	425.307	0.357616	1094	407.057
13	954.119	1.05836	-557.932	-950.52
-13	443.565	0.375126	-476.554	-126.203
-13	2112.81	1.0399	-344.953	900.623
-13	502.744	1.18555	-1214.85	-1164.53
-13	418.171	0.7494	1375.48	355.153
13	998.596	1.16488	-1410.51	-221.942
-13	896.194	0.546202	649.67	-61.4701
13	422.498	0.165435	1336.78	955.551
13	543.436	0.727946	544.089	688.192
13	418.492	0.282219	-1447.45	1170
-13	821.593	1.14571	739.229	603.136
-13	427.324	0.525064	-935.795	874.737
-13	404.185	0.0264616	-723.747	-524.076
-13	508.381	0.674431	-922.268	-679.505
-13	418.649	0.421441	-652.11	-1414.33
-13	428.363	0.802897	496.912	1115.89
13	504.705	0.532987	412.067	968.687
-13	491.982	0.70287	930.395	142.376
13	443.417	0.898924	560.712	-1453.1
-13	563.271	0.175292	1128.13	-978.507
-13	462.112	1.01517	301.369	303.988
-13	461.735	1.13615	-496.717	1427.06
-13	776.108	0.570059	-53.1687	888.92
13	1065.48	0.269016	-1158.87	531.649
-13	419.645	0.171924	1219.22	703.525
-13	402.559	0.586729	1436.49	-1287.56
-13	521.671	0.726667	-376.951	-791.915
-13	807.305	1.1434	648.632	-1497.56
13	748.336	0.606245	400.361	462.362
-13	1360.67	0.492449	988.142	-1473.26
13	774.221	0.38248	-1060.22	-29.1195
13	497.951	0.453548	1172.27	745.013
-13	467.857	0.667445	-561.378	789.227
13	655.506	0.144917	672.548	494.043
-13	450.978	1.03485	-436.584	-133.335
13	477.407	0.662661	115.353	-851.479
-13	1280.9	0.118611	-1347.64	-1440.15
-13	436.332	0.460074	1035.43	-318.156
-13	1583.49	1.02803	605.351	441.454
13	681.249	0.229759	-537.887	-903.378
13	680.142	1.18994	40.6037	-295.405
13	1070.77	0.493836	92.4195	476.217
13	775.11	0.0742395	-1377.42	-13.6064
-13	465.681	0.826742	212.955	-1316.12
-13	462.479	1.1392	131.696	232.965
13	1291.02	1.14658	1297.03	156.533
-13	512.527	0.111071	122.167	1120.9
-13	692.802	0.451691	608.521	-434.496
-13	881.47	0.911843	-281.645	-232.444
-13	553.873	1.1225	-319.447	-392.97
-13	511.792	1.16771	1316.22	-310.921
13	723.603	0.530162	598.12	1177.7
-13	456.432	0.040559	259.607	-1093.19
-13	715.623	0.414189	1259.67	1217.09
13	506.712	0.158148	974.956	1400.19
13	580.141	1.1385	486.041	-928.637
-13	2173.34	0.57649	228.175	-524.111
-13	556.395	0.619015	1391.45	183.438
13	593.16	0.0677577	1057.58	-1361.5
13	578.39	0.825421	-466.084	78.4696
-13	1051.88	0.950848	-1305.91	-614.257
-13	499.448	0.0127703	-959.105	-939.014
13	444.919	0.701774	905.641	456.656
13	433.475	0.634123	-914.97	402.394
-13	617.114	0.695953	-1342.17	401.164
13	542.043	0.835663	1044.4	1437.99
-13	503.68	0.239307	429.284	892.212
-13	571.812	0.597763	320.826	60.2829
-13	484.98	1.01265	-640.799	569.026
-13	407.064	1.06054	948.804	956.623
-13	655.306	0.897494	1230.83	1330.17
-13	400.571	0.581154	293.198	-1410.95
13	422.083	0.171892	401.077	1429.36
-13	1039.14	1.1996	700.338	1230.94
-13	493.897	1.01418	-979.654	-1456.91
13	619.385	1.12257	893.496	1095.5
13	409.104	0.0362394	-1125.16	-624.438
13	618.541	1.03782	411.812	-653.862
13	1849.69	0.642561	-660.242	-360.815
-13	420.852	0.718129	-216.761	740.681
-13	1284.16	1.03464	-625.065	-1010.51
13	4977	0.43215	-1305.94	-593.362
13	583.413	1.00624	-743.951	-613.043
13	406.206	0.961815	30.9946	628.286
13	618.146	0.00728363	734.239	-675.433
13	425.053	0.516418	-161.901	-170.361
-13	1164.87	0.817307	6.97079	-457.066
13	559.972	0.154273	-899.633	-1206.56
13	1124.17	0.393682	314.718	1134.96
13	521.846	1.12356	1245.36	-1030.95
-13	478.84	0.587735	-407.264	838.686
-13	403.796	0.862838	-865.214	-477.673
13	994.405	1.11317	-436.968	106.985
-13	606.879	1.18756	1356.41	102.692
-13	596.898	1.14032	172.583	1130.23
-13	495.56	0.896333	443.154	718.715
13	448.286	0.972091	-18.2645	478.729
-13	580.53	0.821772	417.374	-613.395
13	430.623	0.276134	-1355.56	161.439
-13	602.97	0.210353	426.346	-1209.24
-13	530.446	0.524774	-1006.74	1425.79
-13	468.939	0.0253789	-484.86	1400.52
-13	415.879	0.523716	551.235	-97.2518
-13	429.493	0.730974	-1365.18	-1118.85
13	1376.53	0.805017	-510.757	634.891
13	887.916	1.15666	-1050.86	-1400.47
13	613.116	0.000681244	1442.65	1260.09
-13	2020.7	0.0953488	258.924	-736.806
-13	482.449	0.911764	504.199	-676.332
13	937.275	0.718224	258.134	1142.15
-13	426.139	0.132029	170.761	-1310.03
-13	1230.85	0.523454	1026.81	6.55846
-13	403.06	0.00898636	-879.475	1442.45
13	420.45	1.09874	182.11	-965.548
13	440.298	0.437103	834.466	-1397.13
13	685.164	0.329008	458.464	-253.818
-13	582.953	0.254094	-143.796	808.007
-13	564.505	0.994251	-68.7969	-287.91
13	401.613	0.859826	-349.73	-690.409
-13	877.246	1.17605	-131.111	343.597
13	568.37	0.715612	422.737	-727.07
-13	419.647	0.471158	-1192.49	-502.953
-13	766.651	1.07181	-213.534	-1335.05
-13	400.58	0.0632134	-281.243	905.282
13	483.965	0.360665	1298.67	-1302.52
-13	1305.57	0.710656	1353.1	-614.223
13	541.385	0.93543	-1231.41	1167.27
-13	458.734	0.34203	-1470.19	-1154.23
-13	738.827	0.369461	417.969	-28.4577
-13	488.11	0.538784	999.156	1106.1
13	694.892	0.80365	-1233.37	-1279.89
-13	478.243	0.379755	895.769	-65.3599
-13	468.35	0.933992	-1487.29	1005.39
-13	551.95	0.246174	706.981	75.02
-13	619.133	0.23896	-1034.06	-604.063
-13	597.72	0.233135	1451.73	-792.146
13	518.103	0.734515	-895.403	-61.3999
13	435.58	0.54303	512.326	580.694
-13	535.281	1.0002	-1087.17	-227.393
-13	2599.89	0.658292	-1075.78	1473.11
-13	527.793	1.12922	459.088	89.12
13	408.251	0.819929	106.605	-1298.59
13	537.31	1.21801	-48.9288	-895.314
-13	888.462	0.861022	254.045	1098.76
13	429.8	0.372609	-643.761	-546.138
-13	417.914	0.889143	943.441	-1394.1
-13	530.583	0.108743	-1485.5	-948.183
-13	478.085	0.941383	1070.99	-564.431
13	492.235	1.18648	1149.1	-409.762
13	549.787	0.262158	-1054.68	-605.227
-13	891.476	0.756621	1214.63	30.1473
-13	437.777	0.306392	948.622	-644.745
-13	401.425	0.367838	1180.89	327.738
13	535.447	0.260499	1263.73	-660.78
-13	492.998	0.419181	-663.661	25.0651
-13	602.915	0.455707	-672.853	317.03
-13	406.705	0.217407	-136.866	1277.12
-13	490.726	0.844851	1299.21	-64.2547
-13	848.344	1.09287	272.166	-413.551
-13	1159.35	1.07887	-111.483	985.681
-13	472.827	1.0916	-237.947	908.15
13	1552.01	0.185445	1182.59	1063.62
13	406.76	0.950154	250.958	1498.59
-13	1081.32	0.158456	-437.643	167.216
-13	446.161	0.452707	937.958	811.357
13	1816.11	0.197137	-1130.76	-744.368
-13	630.583	0.699789	-654.281	-363.858
-13	619.029	0.870915	1296.57	-1295.32
-13	607.093	0.917578	636.791	-857.449
-13	420.219	0.1702	868.701	-1331.14
-13	588.979	0.235799	-141.779	380.406
13	401.999	1.21601	-1091.79	708.525
13	617.867	0.640575	496.017	75.0165
-13	426.983	0.541543	-943.6	1152.14
13	500.549	1.19169	26.2088	199.532
-13	661.005	0.378267	727.924	1096.45
-13	780.542	1.06699	380.162	-664.876
13	438.066	0.254393	-648.204	986.422
13	627.66	0.313846	-995.991	-461.641
13	811.282	0.693714	1401.17	789.145
-13	498.149	0.44564	-1416.96	-1169.81
13	415.725	0.958719	-333.41	-87.5845
13	435.884	0.616561	689.901	1231.15
13	1152.59	0.0465847	812.175	-956.713
13	629.361	0.41001	-1482.67	555.322
13	556.805	0.591775	-35.1464	1274.39
13	599.789	1.05786	1068.51	1024.33
-13	481.519	0.860714	387.894	-1274.27
-13	512.97	0.954123	266.183	-3.30928
-13	563.101	1.13629	469.529	-29.496
-13	569.356	1.04074	288.714	79.8658
13	600.472	1.18666	1181.86	822.536
-13	430.35	0.246154	-1497.29	-1443.39
13	432.196	0.583717	-544.477	1304.01
-13	715.486	0.195067	433.154	934.049
13	616.52	0.872	-227.782	-1399.6
13	408.641	0.531564	-1028.07	21.8243
-13	461.517	1.12405	-298.753	947.677
-13	1123.17	0.0839217	-123.963	-884.042
-13	482.768	0.156512	-1342.42	-95.1357
-13	723.431	0.274114	104.301	-1163.8
-13	449.344	0.987735	-354.593	-783.871
-13	604.454	0.658791	-32.6166	628.297
-13	417.034	0.784821	-843.608	787.599
13	425.996	0.859882	-865.768	1494.55
-13	707.726	0.452546	-1242.08	-353.428
-13	414.912	0.490178	-1198.14	-821.531
13	787.218	0.676465	757.979	937.366
13	654.439	1.01296	-234.34	1333.8
-13	606.08	1.13402	-727.7	-887.204
13	411.909	0.43833	-699.639	888.257
-13	472.848	0.372378	653.79	222.728
-13	505.235	0.00967829	-1068.16	-478.814
13	703.128	1.04269	-1244.49	-146.36
-13	569.108	0.938253	-1166.71	1474.28
-13	1169.16	0.844549	1178.93	748.207
13	437.002	0.883116	866.03	934.084
13	476.47	0.0970209	-209.233	719.729
13	412.477	0.863912	-310.338	-446.125
-13	535.057	1.18724	-1374.11	-1260.88
13	706.069	0.303169	-316.116	-1084.4
13	599.742	0.573143	-876.561	-113.101
-13	597.134	1.09968	370.745	-1288
-13	749.556	0.865233	176.957	-1262.07
13	423.882	0.244616	559.772	-1445.38
13	2021.93	0.80953	1164.98	-223.427
13	1438.02	0.147102	431.445	95.2499
13	517.457	0.486535	1070.45	-195.18
13	416.118	0.143626	-1278.41	-1027.42
-13	737.384	1.03467	829.91	839.322
-13	459.94	0.758222	437.087	180.324
13	464.988	0.199375	557.731	953.133
13	1150.26	0.602586	580.379	251.132
-13	1230.34	0.707903	-205.582	-1361.59
13	699.107	0.605598	-1297.97	-313.574
-13	441.766	0.993143	-560.025	200.31
13	609.34	1.0645	685.385	-1292.81
13	1070.73	0.617106	6.02492	-685.085
-13	900.412	0.357464	-569.078	1204.16
-13	422.315	0.882173	327.619	1477.68
-13	782.241	0.685413	-874.532	-524.74
13	623.505	0.985459	-136.019	1103.96
-13	411.747	0.623597	-903.832	839.191
-13	460	1.20067	1492.23	5.12074
13	656.441	0.127946	-179.819	801.583
13	445.536	0.925821	-541.468	-798.715
-13	1184.93	0.774487	-1484.4	997.833
13	425.358	0.860222	-680.282	163.439
-13	471.458	0.613404	-1150.73	1220.81
-13	515.437	0.880304	890.456	44.8558
-13	472.51	0.291287	1323.85	-38.3262
13	438.994	0.0710887	633.031	-427.084
13	553.582	0.449503	1073.22	-362.432
-13	654.54	0.240061	-455.818	476.768
-13	422.975	0.178707	-216.183	21.3596
-13	452.51	0.085538	757.297	-682.86
-13	416.753	0.298205	-1032.07	-333.997
-13	585.488	0.450602	863.646	842.978
13	567.426	0.334478	765.83	-1151.17
13	434.29	0.575231	-1403.23	1325.41
-13	413.587	0.303847	1361.05	-672.727
-13	833.774	0.673746	540.537	877.983
13	3599.21	0.962746	-656.852	-1173.82
-13	474.016	0.898664	602.472	-1191.34
13	731.95	1.06897	-215.241	20.5944
-13	468.874	1.05513	-849.474	-676.569
13	611.58	0.89297	166.308	-508.864
13	407.751	0.490887	814.989	203.555
13	892.203	0.423908	753.665	510.865
13	426.219	0.724795	-1485.14	-644.957
-13	423.698	0.927536	1036.54	800.683
13	547.622	0.291214	-804.599	-589.809
-13	492.14	0.757368	-9.08376	-1498.76
-13	888.404	0.490209	505.078	-564.762
-13	843.119	0.786118	416.624	-390.238
13	400.004	0.07528	121.788	-803.706
-13	683.187	0.877021	60.0958	-368.358
-13	466.389	0.0530815	-1411.68	314.046
-13	631.586	0.921293	121.923	643.474
13	462.227	0.45983	1038.86	500.437
-13	475.729	1.02865	44.4288	560.741
13	416.832	1.20255	858.765	96.6884
13	448.74	0.463205	593.424	575.258
-13	727.791	0.619463	1400.22	72.4289
13	488.71	0.00661037	-1076.81	809.043
-13	501.985	1.03303	-733.039	-1062.97
-13	1180.07	0.707786	599.995	-561.774
13	490.507	1.09816	-72.7547	-548.795
-13	493.462	0.668699	469.461	-1159.76
13	484.468	0.382347	58.7622	916.214
13	1326.43	0.0357782	913.418	-1189.54
-13	533.207	0.819031	-1265.16	379.891
13	1029.27	1.19028	-646.641	902.508
13	715.855	1.15267	-857.087	1293.83
13	430.823	0.793663	347.906	1405.31
-13	479.585	0.389232	-43.7405	947.473
-13	3989.59	0.150604	-1392.13	-815.522
-13	523.136	0.928203	758.963	264.501
-13	467.344	0.96718	694.578	54.7464
-13	437.538	0.436554	-860.203	1333.55
13	717.787	0.221603	-848.235	859.441
-13	662.168	0.158874	-457.261	854.605
-13	433.993	0.659659	-722.645	492.547
13	512.919	0.212433	-694.825	1286.83
-13	568.015	0.964844	-1070.67	918.545
-13	742.229	1.08311	579.502	-1198.19
13	514.87	0.893977	75.7547	1304.52
13	436.751	1.11428	1007.1	1155.58
13	522.727	0.326187	661.816	1133.89
-13	439.805	0.605491	960.208	-735.224
13	425.861	0.671228	-968.462	557.612
-13	413.512	1.15291	-4.82671	-541.34
-13	603.697	0.326204	-84.3838	-494.801
13	1059.48	0.0758679	981.32	-1207.01
13	599.404	1.0345	-1184.44	406.328
-13	459.022	0.0953717	29.9528	-1050.94
13	1074.66	0.822791	33.9763	-1466.59
13	1358.21	0.0684671	1429.63	-51.0464
13	417.768	0.174681	-1.32909	585.944
-13	407.802	0.531061	-1160.24	51.2121
13	468.688	0.381728	-1476.76	832.562
13	423.749	0.937783	-1366.27	755.151
-13	409.822	0.575757	-310.23	1118.02
-13	449.003	1.04571	1197.9	195.073
-13	482.971	0.469387	900.825	-450.826
13	668.616	0.332405	1002.49	1196
-13	436.947	0.463872	159.647	338.595
-13	1153.92	0.515927	749.117	534.313
-13	661.319	0.359435	-230.925	-730.709
13	525.248	0.876853	846.757	-1387.92
13	453.819	0.479268	821.926	-870.635
-13	1672.78	0.123913	-32.3673	-1338.35
13	738.573	0.433881	-1341.78	1371.76
-13	516.206	0.0805732	-279.181	1161.72
-13	461.405	0.247205	473.238	-1023.6
-13	428.69	0.340231	880.29	6.09244
-13	461.498	0.794279	539.622	-1392.87
13	470.879	0.885598	990.476	-158.731
13	447.684	0.393298	1222.47	41.3015
13	521.788	0.727895	561.705	1210.92
13	482.786	1.06736	-266.387	912.107
13	893.566	0.120647	1372.99	1202.43
-13	602.678	0.047825	1383.36	-159.07
-13	411.46	0.830227	260.13	-465.856
13	409.998	0.869968	921.854	-657.875
13	635.38	0.000534951	-1232.31	584.455
13	629.853	0.825951	-883.083	700.064
-13	461.813	0.681942	694.796	140.581
13	554.544	1.1783	-521.115	-428.86
13	460.447	0.867679	-258.831	101.332
13	796.064	0.953125	878.684	-37.8691
-13	513.993	0.869061	-1251.81	448.666
13	453.122	0.240601	-1390.4	-606.303
-13	473.626	0.939565	-663.381	-685.288
13	607.469	1.0212	-314.473	996.336
-13	504.746	0.1815	1275.76	566.525
-13	429.336	0.167183	177.818	-1210.15
13	524.261	0.56902	-467.197	150.175
-13	410.437	0.494618	-519.687	-577.025
13	439.298	0.887347	-1456.86	-1228.21
-13	812.517	0.568247	-888.618	-201.132
-13	736.485	0.0249572	-13.3542	552.054
-13	1028.75	0.605678	484.345	-1155.86
13	591.433	1.17932	1388.03	-634.999
-13	467.112	0.717317	1433.66	-96.6145
-13	10511.8	0.896541	1153.47	-1004.02
-13	504.384	0.764722	808.265	1337.46
-13	545.711	1.06937	1039.87	-799.603
-13	454.565	0.905808	1296.64	-500.813
-13	419.777	0.585308	81.7943	1456.57
13	1132.5	1.03218	634.855	1130.99
-13	475.23	0.841931	124.708	592.764
-13	672.18	0.416639	-700.175	-1360
-13	419.234	0.351662	-1489.95	-949.136
-13	492.192	0.839424	-1116.21	-654.878
-13	480.408	0.830668	249.203	871.457
13	478.284	1.13576	293.379	-419.351
13	1419.96	0.140831	-420.576	280.432
-13	737.997	1.10311	-472.854	246.478
13	462.485	0.894235	1084.3	-556.278
-13	783.459	0.0525502	769.108	-809.849
-13	455.77	0.703323	-250.129	-86.1532
13	614.47	1.08234	-683.216	-964.025
13	470.655	0.789208	-984.263	-1019.64
-13	422.277	0.214667	-1328.62	630.511
-13	1009.77	1.00795	167.039	-1120.48
-13	1170.67	1.19947	-267.917	1157.9
13	937.116	0.222809	1043.26	-461.937
-13	559.998	1.12184	-1062.1	-939.173
-13	434.922	0.761005	-1315.03	-186.568
-13	1238.03	0.39941	-169.114	-435.223
13	563.854	0.725101	673.044	631.76
-13	510.502	0.872243	-482.883	305.58
-13	575.19	0.804871	-1490.07	106.386
-13	600.306	1.0077	1186.92	136.873
-13	646.739	0.580636	120.304	254.757
-13	630.156	0.726494	1026.37	365.466
-13	494.142	0.67936	2.74178	317.148
13	409.592	0.156443	787.388	-1337.2
-13	460.263	1.19019	-1391.44	473.592
-13	977.23	1.02788	33.5112	-1296.05
-13	425.527	0.956489	-377.774	-1020.17
13	440.623	0.336512	-37.328	-1416.59
-13	726.586	0.225761	1044.36	-1198.32
-13	479.5	0.0415052	1211.93	1270.55
-13	881.857	0.771556	-622.255	-1048.43
-13	836.298	0.510147	16.2565	-233.641
13	547.383	0.05346	-1087.48	701.657
-13	597.977	1.08685	-1288.27	675.328
-13	443.359	0.615886	-1290.47	-480.396
-13	456.483	0.144542	-221.626	-646.051
-13	528.893	0.816767	595.574	-278.742
13	460.306	0.992857	110.212	467.368
-13	446.308	1.1976	47.6895	-852.153
-13	723.466	1.08171	-897.558	1080.45
-13	626.701	1.15138	220.49	742.053
-13	465.544	0.679935	1236.9	-516.538
13	744.746	0.196564	-1258.14	-536.015
13	644.363	0.449666	1137.25	365.85
-13	702.179	0.805439	-1001.85	-581.902
-13	799.248	0.216014	-1387.23	201.539
13	413.341	0.627464	-1143.49	-1125.79
-13	416.763	0.0658447	-1122.63	-748.179
-13	409.237	0.444826	-97.5419	-1347.44
-13	576.279	0.372929	372.802	-221.455
13	423.989	1.06442	-658.858	1255.44
13	1310.74	0.801898	1381.05	-1364.13
-13	594.266	0.557418	499.2	352.518
13	552.77	1.18364	-1195.98	-1335.52
-13	682.448	0.11666	1138.52	-801.652
13	775.084	0.719012	1115.43	-873.348
-13	442.557	1.10888	-1330.96	-724.667
13	512.954	1.03536	-886.628	-1180.07
-13	490.817	1.13108	1053.2	-1459.31
13	610.371	0.300884	-1127.96	179.843
13	692.684	1.17476	-1410.46	126.289
13	659.18	0.0889918	-655.486	-1090.26
13	417.89	0.425647	803.518	741.299
13	664.375	0.333447	-508.653	1346.67
-13	457.901	0.844986	-139.933	281.33
13	457.808	1.16991	-838.038	622.897
-13	463.023	1.17253	359.283	1251.7
13	556.494	0.780493	-147.369	1344.2
-13	1911.18	1.18607	-925.931	357.328
-13	407.433	0.565915	225.162	-1090.9
13	521.799	0.893389	-720.846	151.762
13	424.749	0.092809	625.635	748.752
-13	618.535	0.0294633	1330.78	1438.22
-13	564.63	0.954368	631.886	-1372.14
13	473.341	0.721996	745.928	-1091.58
13	574.251	0.488014	1115.17	912.093
-13	795.29	0.122885	539.125	108.817
13	533.685	0.0308013	993.86	421.395
-13	471.281	1.14085	442.737	38.0197
-13	654.548	0.277576	595.694	-850.043
13	473.009	0.816272	1392.2	-1156.13
-13	500.913	0.647945	451.888	300.662
-13	489.308	0.972981	1260.25	-1050.16
13	654.198	0.712336	-294.634	475.664
-13	409.174	0.65535	1387.09	-540.716
-13	463.173	0.968617	-1245.61	-1031.55
13	1186.32	0.186648	-1312.4	759.581
-13	459.977	0.724242	140.125	991.879
-13	760.678	1.05259	-1309.51	-197.988
13	613.937	0.873696	-1056.07	-147.437
-13	429.89	0.148527	-242.409	-704.854
-13	420.482	0.00881075	-970.457	317.661
-13	645.783	0.592523	1443.42	698.981
13	826.718	1.16148	-822.003	462.283
-13	536.623	0.139663	389.221	-1123.17
13	627.041	1.04345	-142.179	1187.81
13	442.381	0.354667	-562.672	399.857
-13	485.316	1.17326	519.759	884.433
-13	542.616	0.425286	170.177	698.885
13	511.992	0.373343	1031.95	-8.79071
-13	1653.2	1.13579	288.765	-324.041
-13	1076.77	0.367409	828.485	-732.558
-13	754.392	0.401411	-854.624	349.603
-13	994.244	1.09191	222.543	1294.67
13	408.597	0.0868567	1172.23	695.685
-13	533.905	0.346212	-836.098	240.66
13	430.763	0.744261	115.672	887.708
13	500.106	0.405181	1413.44	942.254
13	427.954	1.1356	310.374	-1311.16
13	657.258	1.2182	-1095.12	-2.02673
13	1125.68	0.957411	-309.167	-742.152
-13	572.751	1.17432	1430.93	-385.958
13	438.882	0.745484	-640.867	-1076.67
-13	467.507	1.18717	59.0069	-109.404
-13	829.429	0.435298	-1089.07	113.032
-13	935.877	0.0551766	737.322	1315.66
-13	428.453	0.0568581	-705.521	-253.895
-13	418.128	0.404718	-350.289	138.263
13	2161.91	0.794958	966.362	-994.916
-13	607.836	1.13654	896.285	-549.016
-13	923.598	0.898105	-993.905	-205.725
-13	538.696	0.147602	548.006	480.734
13	632.985	1.18689	1021.84	-415.072
-13	681.159	0.166161	1067.84	-661.117
-13	448.087	1.1789	-136.186	1432.77
13	403.055	0.340475	-376.252	-592.549
13	495.799	0.794562	-929.485	-1052.88
-13	1980.8	0.0969584	-814.814	1296.3
-13	402.406	0.0605808	-229.623	-14.5939
-13	439.93	0.513564	488.222	-725.626
-13	2931.69	0.726702	-758.287	-1479.01
-13	534.374	1.19332	-888.14	-455.33
-13	480.333	0.905448	-1138.71	-834.405
-13	589.678	1.02878	-1235.48	474.096
-13	439.482	1.1606	-397.277	991.733
-13	485.26	1.18252	888.427	-804.882
-13	436.198	0.93886	-1302.15	687.393
-13	1313.29	0.562615	1057.84	903.172
13	782.364	0.531374	-983.994	-185.526
-13	712.191	0.609429	1030.18	106.885
13	739.874	0.53011	-1288.99	667.781
-13	5508.13	0.907334	-1430.97	1270.56
13	410.888	0.66086	707.429	1037
-13	728.416	0.412057	807.707	-121.052
-13	450.026	1.20728	929.706	-238.398
13	569.271	0.570662	-483.582	710.214
-13	475.236	1.03578	-1387.02	544.164
-13	1207.34	1.10562	291.827	393.721
-13	500.718	0.244374	722.419	729.788
13	531.986	1.115	-642.982	-50.9279
-13	639.526	0.227188	687.852	-26.3822
-13	461.69	1.02696	-538.719	227.058
-13	682.175	0.966673	1171.56	716.479
13	552.638	0.610139	952.395	-1125.63
13	457.113	0.895954	-263.555	41.1277
13	429.228	0.981527	1324.63	-1324.07
13	844.138	1.10779	763.494	-709.717
-13	892.561	1.12149	-205.311	-602.754
-13	483.695	0.166274	737.954	-462.927
-13	647.565	0.845756	1288.32	-174.577
-13	718.083	0.823949	-728.487	-927.819
13	533.245	0.0894206	-399.432	-1098.45
-13	516.95	0.0146961	842.165	94.1525
13	1120.61	0.095811	435.788	81.7181
13	412.717	1.14599	-782.756	-678.193
13	794.562	1.20515	-637.849	-621.464
-13	421.557	0.67915	-625.721	19.3243
-13	513.431	0.78288	-91.9584	-252.185
-13	650.49	0.318324	-1363.73	518.78
-13	536.018	0.366552	1215.05	-18.4446
-13	754.64	0.788369	493.726	688.477
13	538.604	1.09305	1321.45	476.486
-13	654.638	0.202531	780.093	-811.793
-13	688.459	1.09828	-79.5761	614.143
13	507.205	1.07704	-426.896	787.678
-13	485.31	0.518453	977.225	-536.877
-13	477.845	0.362027	327.945	-1179.74
-13	423.26	0.352409	468.891	1116.71
-13	1838.99	1.11708	1205.37	1264.31
-13	501.089	0.207499	-999.165	807.239
13	514.725	0.354591	433.63	-502.923
13	431.194	0.896473	-784.695	-1078.82
-13	485.513	1.0361	-324.221	420.187
13	492.09	0.600895	619.624	-1488.02
-13	495.324	0.257046	-313.101	-90.4003
-13	431.637	0.905902	-205.866	685.924
-13	499.407	1.10648	630.415	-1427.57
-13	1989.01	0.583258	1098.4	-1067.64
13	429.91	0.158578	175.315	768.38
13	599.093	1.10416	-1171.7	1418.66
-13	456.741	1.07527	460.215	396.167
13	454.495	0.476926	72.0236	1367.86
13	564.199	0.145361	-324.615	926.392
-13	430.696	0.485555	-644.61	-848.049
13	456.781	0.226657	-1165.37	1256.56
-13	551.047	1.16267	-665.681	-285.601
-13	409.304	0.480662	1486.7	629.719
-13	528.333	0.164424	-274.033	-998.097
13	483.981	0.303415	213.409	-1426.56
-13	466.43	1.1986	-1033.62	1488.31
-13	903.726	0.985438	-405.597	1293.61
13	424.966	0.113052	651.187	-573.171
13	449.746	0.109281	1090.66	-1227.57
13	483.156	0.86373	406.037	-1354.44
13	788.082	1.08977	-59.3968	628.655
13	630.983	0.507493	-1236.76	-170.976
13	451.311	0.864076	359.884	-987.007
13	418.653	0.0590112	-798.609	-1028.27
13	858.886	0.450989	-1039.14	1085.51
-13	919.783	0.657171	-245.565	-1009.01
13	832.437	0.72901	1461.34	-1478.8
-13	462.145	0.230341	-1051.57	-682.03
-13	481.727	0.894377	-1269.18	-449.911
-13	478.173	0.345452	1120.06	1269.47
13	1183.42	1.08305	-1339.85	-93.8146
13	513.121	0.176785	1007.51	454.484
-13	1131.52	0.0724591	1297.13	-1234.94
13	1013.16	0.254829	1065.71	365.068
13	433.22	0.869102	-431.139	733.764
13	538.66	0.730741	-877.435	-382.706
13	436.037	0.7865	804.462	248.816
-13	1140.06	0.0887937	-257.804	380.868
13	447.459	0.794955	-953.935	907.951
13	954.882	0.249975	745.978	974.218
-13	519.195	0.448518	1328.87	-857.782
13	414.137	0.58341	-450.458	341.214
-13	470.105	0.328498	-1299.92	548.838
-13	612.164	0.224217	-154.55	922.229
13	641.092	0.718189	-440.367	-732.482
-13	404.81	0.829292	-257.267	47.4487
13	861.552	1.04701	-1425.32	1132.08
-13	992.952	0.138098	-729.284	-289.076
13	509.469	0.68109	855.028	-61.1452
-13	637.456	0.962621	-569.885	-1326.59
13	837.306	0.0998173	1444.81	1357.63
-13	488.644	0.462319	-780.705	-1073.24
-13	448.663	0.833242	-549.061	-455.699
13	632.114	1.1605	390.37	-502.982
13	1522.21	0.733855	-1497.53	1330.05
13	419.822	0.0765877	1207.42	958.577
13	843.25	0.633646	-1315.68	752.984
-13	406.079	0.848381	1263.19	170.457
-13	408.273	0.725597	772.472	-1224.05
13	516.449	0.655417	1192.84	1322.08
13	1115.81	0.899183	391.76	801.898
-13	619.621	0.25702	1281.64	564.504
-13	573.287	0.141283	-867.974	1036.23
13	632.75	0.886121	-1133.17	-586.429
-13	617.839	0.927351	-929.583	1160.49
13	532.447	0.933994	-1019.6	-1288.7
-13	2604.34	0.0369242	-352.472	-608.976
13	620.57	0.812144	-52.5984	-194.895
13	429.773	0.250894	-39.7428	-1380.74
-13	639.823	1.04554	707.828	-1109.78
13	576.182	0.901628	-1337.31	1024.65
-13	1271.91	0.817196	-1087.47	-924.161
-13	581.338	0.666519	363.872	15.8335
-13	706.677	0.881606	-254.201	156.599
-13	409.626	0.34101	-598.445	685.461
-13	597.375	1.07307	1102.01	-119.514
13	957.984	0.616323	-553.849	169.544
-13	634.701	0.966495	1478.99	-430.098
-13	439.127	1.15292	1461.63	1443.1
13	778.341	1.07691	-566.819	-1132.8
-13	580.467	1.03544	-897.242	-730.969
13	422.164	0.363666	998.632	837.896
13	441.112	1.15374	-670.76	103.202
-13	943.72	0.27689	-419.724	675.599
-13	441.312	0.71887	-470.517	81.7592
-13	741.853	1.01317	-640.419	975.168
-13	871.544	1.06517	1171.38	354.959
-13	443.209	1.09072	-1200.42	502.936
-13	498.107	1.17962	454.172	-1150.02
-13	584.943	0.235347	522.327	966.124
-13	518.706	0.610813	-1441.85	-338.489
13	1260.74	0.118303	1060	-1098.77
13	552.387	0.159952	-1085.44	-293.308
-13	410.8	0.781281	-676.122	-1204.72
-13	473.223	1.01626	1188.77	970.676
13	591.658	1.1691	1412.09	1430.2
13	1179.35	0.567496	-889.472	1045.32
-13	729.793	0.766376	-1016.75	-1175.09
13	1294.64	0.916004	-292.896	-1394.89
13	418.311	0.773744	-111.621	-398.17
13	563.874	0.993305	-1168.89	-1060.98
-13	639.469	0.356245	-316.269	-1191.57
13	776.572	0.209961	-915.903	414.239
13	491.646	0.884453	351.765	-689.235
-13	728.16	1.16101	-1206.62	-932.108
13	1214.51	1.08203	-1198.39	438.863
-13	476.069	0.10137	413.503	-295.975
-13	487.561	0.217884	-1328.25	329.764
-13	751.706	0.16239	-131.61	-642.363
-13	754.057	1.1682	1059.82	-483.173
-13	516.546	0.977706	1474.18	1306.92
-13	592.245	1.03094	955.157	-179.52
13	595.033	0.612605	934.81	-856.433
13	939.622	0.00221808	1078.45	-587.631
13	445.134	0.19609	-1065.31	-1388.68
13	484.078	0.857287	-360.992	-1393.58
-13	413.042	0.386399	172.219	1123.58
-13	654.598	0.79169	-1014.19	-287.986
13	698.468	1.21236	-297.595	366.914
-13	515.491	0.933636	983.501	1200.7
13	617.228	0.723546	526.754	-1000.45
-13	767.48	0.621689	1044.7	-1472.88
-13	454.897	0.186022	-936.08	577.51
13	415.003	0.151973	169.566	364.442
13	508.194	0.524804	-593.769	-1044.08
-13	902.85	0.866179	-273.812	-1439.23
13	462.063	0.0705029	1104.04	442.83
-13	416.004	0.438969	-1311.6	-440.498
13	1367.33	0.27045	-1163.2	-1349.34
13	590.91	0.0378696	-874.504	950.546
-13	3747.87	0.859409	1098.64	1140.8
13	500.911	0.922546	-792.575	120.151
13	603.674	0.908667	173.874	-594.01
-13	621.765	0.0116138	961.796	37.8005
-13	651.293	0.465121	1104.91	558.584
13	469.923	0.996367	123.001	552.58
-13	1328.94	0.923643	-179.945	245.961
-13	527.612	1.18977	-206.354	553.112
-13	425.918	0.417839	1492.32	625.271
13	423.438	0.112283	684.331	61.9657
13	420.666	0.313773	-396.809	1331.41
-13	1494.81	0.41035	-55.8444	1429.13
-13	457.884	0.47821	1069.94	-1084.38
-13	1464.86	0.967288	1400.87	-134.47
-13	810.771	0.909656	829.627	-527.94
-13	436.906	0.537461	623.881	-1227.65
13	926.182	0.705449	-698.905	-767.518
-13	624.232	0.934323	8.00512	1119.57
13	541.759	0.0745635	-1368.1	-1088.67
-13	513.145	0.901143	327.483	1174.59
-13	575.338	0.289019	1373.13	-692.213
-13	553.233	0.0839402	-1233.22	-507.842
13	423.942	0.867277	1329.16	124.317
13	458.882	0.219489	254.906	-1456.28
13	706.082	0.131122	1454.04	191.135
-13	871.308	0.145924	706.473	-1395.82
-13	762.872	0.833809	743.963	71.4919
-13	445.382	0.205868	-1315.66	-522.109
-13	667.113	0.285586	1234.56	-705.118
-13	477.949	0.659198	-488.84	250.036
13	439.747	0.566556	-1140.4	1473.74
13	2005.87	1.0102	1418.15	-67.501
-13	642.287	0.138599	423.92	-1009.62
-13	409	0.683219	7.15497	1476.11
13	414.861	0.913326	654.899	-1227.96
-13	416.318	0.798584	-818.973	-751.671
13	707.852	0.430047	-210.029	683.432
13	840.556	0.640242	726.27	-1120.6
-13	471.98	1.08074	-445.59	545.989
13	697.577	0.35418	-749.953	527.68
-13	903.846	0.820028	11.0123	633.761
13	495.65	0.522528	35.9108	240.863
13	564.596	0.730593	-559.999	-189.561
-13	473.532	0.295395	603.81	628.886
13	432.041	0.0528737	-1199.98	-820.02
-13	535.409	1.02773	-1259.49	-614.679
-13	684.736	1.16345	735.173	296.448
13	831.594	0.32959	1101.8	46.2604
-13	542.103	0.929783	1226.04	-984.244
-13	486.327	0.658056	-911.17	-180.24
13	458.138	0.884156	44.3807	-1494.87
-13	473.281	0.247445	-67.1033	99.4703
-13	1092.9	1.08113	-1136.18	-75.6797
-13	402.661	0.99098	768.756	974.425
-13	1954.68	0.89778	-1128.49	-1005.88
-13	570.538	0.255902	248.88	1197.86
-13	496.715	1.18616	-932.74	-694.143
13	423.128	1.12109	-104.717	1130.84
-13	605.879	1.0231	908.267	-989.97
-13	480.274	0.773626	1327.63	-472.954
-13	422.051	0.152615	-189.279	826.967
13	1058.74	0.917093	1122.53	128.475
-13	407.751	0.647027	-990.634	-1189.63
13	719.085	1.16752	342.941	-371.228
13	547.309	1.10544	-721.983	-1281.75
-13	423.882	0.15641	-731.762	-601.81
-13	663.486	0.568525	-1484.72	-382.214
-13	687.574	0.492638	238.552	798.596
-13	497.533	0.528391	-210.208	177.104
-13	599.562	1.05397	1018.68	-1272.19
-13	736.468	0.856742	-1013.73	1383.3
13	678.821	1.03465	-394.881	-34.2669
13	458.855	0.043743	634.777	-1157.84
13	496.015	0.20339	-1290.73	-1217.57
13	530.828	0.665503	-913.415	-180.181
-13	405.577	0.521507	-844.346	165.715
13	436.339	1.2181	-692.633	-189.505
13	523.966	0.81143	-670.932	233.961
-13	752.941	0.485577	-1029.3	-1255.88
-13	617.653	0.359173	1033.68	-72.5097
13	1055.56	1.12665	464.188	-34.8394
13	1161.66	0.0708034	317.639	1150.77
-13	442.429	0.625271	942.731	-1207.04
13	1761.85	0.894133	381.598	-1346.83
13	544.141	0.152312	1182.84	-464.443
13	600.34	0.938131	-1009.87	-864.47
13	452.417	0.210191	-805.239	704.134
-13	563.792	1.00701	-488.243	-655.143
-13	512.828	0.828823	-615.306	145.529
13	480.537	0.275203	1042.59	1492.61
-13	542.785	0.470692	-283.179	700.619
13	414.945	0.430797	131.307	-176.247
13	2301.98	1.14426	78.84	333.29
-13	422.277	0.842971	786.4	-102.387
-13	541.552	0.873873	-544.161	598.946
13	662.84	1.15054	-314.78	-468.868
-13	1204.83	1.03419	-219.529	-1454.07
13	406.806	0.478876	-685.414	-663.399
13	404.833	0.110838	876.136	-1020.33
-13	694.705	0.698052	798.022	-1186.71
-13	844.249	0.748152	-1376.3	1063.98
13	430.302	0.377583	1386.83	325.623
13	531.168	1.16478	860.34	-179.007
-13	1331.41	0.99936	-82.965	924.706
13	631.819	0.17551	-1155.57	-1246.44
13	744.699	0.800557	-417.264	86.2807
13	400.847	0.925215	-880.646	-200.83
-13	420.931	0.160918	773.332	1167.92
-13	971.905	1.1727	1228.68	-187.827
-13	527.349	0.0215619	-1406.59	-27.4131
-13	531.899	0.149477	-1343.43	873.074
13	521.707	0.995885	1118.15	-203.75
13	475.789	1.13574	-1458.2	1238.25
-13	624.378	0.391481	381.424	-1369.89
-13	612.034	0.00285272	-219.771	-214.143
13	418.1	0.654869	-513.536	-839.733
-13	1590.88	0.848286	594.191	-1090.84
-13	674.125	0.0217026	-1320.35	-1406.97
13	458.006	0.718145	1467.75	-693.007
13	405.505	0.421097	-670.247	333.021
13	406.174	0.839898	1365.17	-431.118
-13	474.505	0.374913	-365.878	-1332.8
13	476.168	0.0237007	-1277.34	-728.4
13	458.057	0.614923	-275.005	192.03
13	546.075	1.0636	-652.167	-756.559
13	448.705	1.18874	733.25	-105.533
13	666.672	0.430458	-1486.75	1306.14
13	439.131	1.18941	964.164	216
-13	525.519	0.545059	-876.105	845.523
13	953.09	0.879136	1442.9	666.068
-13	961.659	0.684393	1410.47	-401.245
-13	506.361	1.21117	861.954	1350.51
13	612.181	1.20301	1007.89	-1090.38
13	407.887	0.621145	-543.445	580.046
-13	1124.73	0.772793	1310.82	602.633
-13	477.503	0.24503	-1147	1495.09
13	469.527	1.05104	-781.932	-1008.5
-13	492.707	0.829075	-1414.88	-695.667
-13	607.709	0.447851	-153.242	442.108
13	507.669	0.980383	227.658	371.461
13	695.005	0.5141	-981.16	92.1312
13	529.522	0.549919	1209.28	-1134.76
-13	1288.61	0.992573	-1080.44	-1446.39
13	1181.7	0.380252	1382.88	-312.6
13	425.735	0.355934	1395.11	-1206.67
13	476.3	0.225522	-161.705	968.884
13	597.71	1.05344	626.05	-861.148
13	496.478	1.17233	836.228	-298.777
13	406.538	0.0965572	-408.425	-620.221
13	447.261	0.666115	-996.056	-1046.91
-13	442.086	0.471134	1005.15	-1139.46
-13	639.147	0.685033	541.828	-1007.45
13	4081.56	1.02838	402.962	-1196.85
13	1069.5	0.276603	-650.725	-941.453
-13	754.798	0.773021	-269.68	192.879
-13	1743.02	0.839381	318.309	1320.26
13	489.414	0.797676	307.141	-421.583
-13	443.861	0.693703	-155.852	-598.947
-13	762.993	0.151377	996.4	582.34
-13	693.163	1.16211	-99.6422	-1289.57
13	1918.52	0.893328	-459.149	-1192.07
13	2180.84	0.391249	-259.768	1421.99
-13	2463.5	1.06229	-1324.6	382.276
-13	830.384	0.216781	1468.84	-921.078
-13	491.065	0.182372	429.526	1330.16
13	749.498	1.16616	1126.31	837.029
13	683.751	0.461599	-1339.51	-874.595
-13	529.902	0.731182	825.165	-1360.45
13	736.509	0.958878	874.475	-1166.11
-13	459.361	1.15622	-1120.89	48.8217
13	670.761	1.0073	577.221	-1381.81
-13	787.373	0.336597	-1336.44	-446.184
-13	465.362	1.17813	-887.068	1367.61
-13	441.643	0.563187	-93.69	-428.293
-13	702.1	1.10938	-1366.47	-481.667
-13	1487.91	0.471396	883.116	672.51
13	869.223	0.940549	-170.282	341.872
-13	497.904	0.496802	-608.999	-1354.36
-13	1128.57	1.18301	129.657	101.14
13	425.261	1.0229	-1426.3	616.543
13	408.86	0.664231	-1234.24	827.331
-13	623.916	0.852702	412.255	957.597
-13	448.483	0.757791	1422.38	736.122
-13	1349.07	0.895334	-1089.97	-1421.96
-13	1301.43	1.15694	243.043	-1477.01
13	689.83	0.332802	-407.041	1189.67
13	475.93	0.156604	-299.365	-353.231
-13	899.908	0.529344	607.531	492.845
-13	556.938	0.0550151	1267.15	-667.414
-13	545.506	1.12526	199.884	1256.1
-13	406.215	0.253258	-863.362	-817.735
13	863.719	1.16965	-920.704	-562.476
-13	628.024	0.373712	10.8839	1347.94
-13	462.479	0.762273	-969.158	-481.724
-13	406.03	0.139615	-450.033	-238.404
13	699.486	0.0835948	-1392.93	-231.631
-13	472.697	1.03402	1264.61	688.444
13	492.521	0.881718	38.2494	325.27
13	1258.78	1.02966	913.57	-1408.94
13	933.874	0.894844	14.6038	793.929
-13	485.883	0.99404	1338.61	1080.78
13	1160.56	0.995013	14.2151	111.379
-13	426.024	0.629245	204.35	-417.069
-13	2500.42	1.02829	1223.97	550.295
-13	444.926	0.696453	229.164	936.51
13	1377.87	1.16471	-70.0602	-793.079
13	417.572	0.81882	1301.08	647.049
13	611.911	0.936873	-1221.91	798.815
-13	566.322	1.0127	44.2228	-1435.79
-13	628.25	1.18618	530.524	576.334
13	746.342	0.967891	-688.364	711.302
-13	508.373	0.0110606	169.196	206.291
-13	721.569	1.21362	-309.87	375.32
13	1093.75	0.986719	517.213	142.113
-13	1615.46	1.06553	-22.7213	-85.8145
-13	502.315	0.761399	-721.732	-70.1491
13	872.849	1.05454	379.011	911.417
-13	633.394	0.00550505	-301.436	1363.54
13	403.518	0.146929	1199.35	1047.03
-13	974.907	0.929076	-379.191	-1194.03
13	491.122	1.14274	-1252.3	131.2
-13	508.888	1.16984	-862.783	-779.646
-13	550.104	1.1012	1272.55	885.979
13	422.275	0.724661	-354.117	34.4738
13	412.816	0.89955	708.862	187.535
-13	819.125	0.187533	1336.61	-779.993
-13	819.509	0.464733	896.163	-1392.51
-13	501.32	1.04772	990.769	1223.33
-13	418.382	0.0133412	-1061.69	1089.44
13	516.738	1.01573	-566.843	-139.259
-13	408.009	0.815543	-1037.17	-705.229
13	420.429	0.812904	1427.25	173.358
-13	456.731	1.02683	1419.78	1314.68
13	658.153	0.183285	-55.2392	1052.23
-13	453.125	1.18714	54.9154	-1174.11
-13	789.177	0.553405	1499.64	-1425.92
-13	555.859	0.993625	101.922	-910.512
-13	569.862	0.27055	-660.372	-887.82
-13	444.928	0.0300618	1274.06	-1125.99
13	421.887	0.97682	1357.68	1391.52
-13	5133.42	0.947016	167.582	-243.466
-13	673.444	0.156718	946.204	1154.9
13	493.792	0.748929	356.712	-1439.03
-13	424.679	0.622244	1274.29	658.365
13	424.034	1.18935	-38.9957	318.447
13	837.455	1.13286	230.214	1113.66
-13	836.657	1.01784	281.071	1079.48
13	486.772	0.456859	897.077	-110.324
-13	779.467	1.05377	1170.88	-1455.94
-13	471.688	0.69006	767.041	870.891
-13	430.646	0.94042	-396.821	595.746
13	422.405	0.178054	-350.303	-1028.74
-13	488.772	0.55633	-255.262	384.23
-13	593.425	0.960515	894.834	1439.71
-13	478.311	0.100396	-414.837	38.4413
-13	812.02	0.0409225	-550.892	-162.62
-13	611.025	0.766054	740.933	671.947
-13	479.358	0.652801	-78.3556	1309.68
-13	591.971	0.716917	-84.2785	-1390.33
-13	488.022	0.416141	-323.316	1053.64
-13	744.603	0.325153	666.844	433.728
-13	608.536	1.17328	309.748	-182.455
-13	871.419	0.395481	1325.42	-423.262
-13	1729	1.16878	-96.7677	737.766
13	660.781	0.181228	-461.22	907.285
13	407.1	0.220093	-29.2943	-279.821
13	419.489	0.040549	-799.953	-761.998
13	760.251	0.401496	-891.426	1152.24
13	573.724	0.971086	-993.882	639.581
-13	971.915	0.951328	-992.084	1424.8
-13	638.346	0.923593	212.737	364.888
-13	410.672	0.0250125	834.633	1256.96
13	1035.13	1.10302	244.879	211.98
-13	829.691	0.68788	-73.8502	-1328.29
13	708.492	1.13752	415.076	215.082
-13	568.984	0.97151	-1029.76	-60.0397
-13	558.031	0.456583	839.511	-308.911
-13	596.878	0.86256	1114.41	928.491
-13	489.74	0.478415	-1365.14	336.613
-13	467.172	0.985622	715.91	1004.33
13	1028.06	0.046287	-1041.53	171.104
-13	2092.37	1.12822	-2.81278	358.13
-13	889.363	0.915004	-1326.25	-186.427
13	606.801	0.116833	-1448.83	77.1432
13	481.858	1.20629	-969.796	534.584
-13	1289.45	1.18456	807.308	-906.43
13	825.221	0.35225	-716.168	768.02
-13	478.226	0.0407303	237.249	-79.9047
-13	957.587	1.08857	-768.968	-333.305
13	483.123	0.0150656	-441.978	-665.755
-13	1444.87	0.961714	-589.666	-1434.9
-13	803.98	0.0133922	-397.63	-956.693
-13	827.42	0.834983	-1470.88	635.27
-13	723.251	0.270293	332.243	-461.593
-13	1025.46	1.11539	-445.618	290.544
13	633.994	0.519879	683.136	823.244
13	1076.53	1.15696	-1309.37	-1235.2
-13	483.08	0.213457	425.491	-259.368
-13	491.022	0.442154	-749.116	-801.494
13	476.481	1.1046	-1021.51	37.6518
-13	419.011	1.13512	-227.492	762.906
13	558.013	0.100184	-968.625	1097.72
13	679.86	1.16651	-1270.56	480.364
-13	541.873	0.859369	989.355	-158.559
-13	829.495	0.370449	216.902	654.327
-13	512.809	0.0125689	-1124.68	-435.33
13	540.997	1.02401	-1064.6	641.853
-13	474.767	1.0659	-26.6196	1044.75
-13	478.29	0.959511	799.915	398.98
-13	404.427	0.763794	-799.5	-661.529
13	501.465	0.875218	375.085	1264.39
13	712.554	1.1114	-282.439	1481.86
13	767.033	0.558768	-1217.91	674.374
-13	2337.77	1.05408	925.827	-1405.02
-13	541.578	0.856553	868.841	1497.57
-13	509.985	1.00352	-224.667	1294.77
-13	503.407	0.465119	-816.056	-1293.93
-13	420.224	0.300024	270.121	-151.096
-13	1221.13	0.563395	850.472	-802.022
-13	1006.52	0.470068	-514.708	965.757
-13	852.318	0.30762	-917.411	1011.39
13	556.164	0.716771	-1007.66	-656.237
-13	892.73	0.957238	181.362	-124.677
-13	766.638	0.315425	1021.61	-252.394
13	485.914	0.385494	456.316	-449.827
-13	554.651	0.873555	-1427.05	-224.631
-13	484.82	1.17668	-414.647	-125.487
13	728.78	0.938795	741.667	-1425.57
-13	729.383	1.16565	433.727	-258.555
13	1014.8	0.660757	181.442	-1338.96
13	1273.76	1.20086	483.866	1381.18
-13	404.251	0.973103	-1065.29	212.101
13	423.868	0.420108	-1392.88	-1196.21
13	505.479	0.54154	879.846	-411.192
13	872.189	0.577815	-512.34	44.6864
13	1301.2	0.0622557	-364.267	-566.254
13	460.89	0.977198	480.284	-891.746
-13	1002.59	0.202933	683.828	871.675
13	404.989	0.160032	-1064.93	-800.39
-13	473.447	0.891844	767.154	-1440.98
13	804.583	0.973718	-1353.17	265.359
13	850.279	0.395932	1217.69	553.574
-13	505.787	0.895879	-470.523	-1406.74
13	435.062	0.389872	96.081	697.728
-13	437.584	0.817266	1017.19	695.425
-13	520.214	0.107492	991.811	-29.0918
13	414.017	1.10437	470.215	-983.413
13	402.085	1.07505	1470.25	-815.607
-13	479.232	0.511272	1383.78	284.917
-13	509.828	0.903613	-467.953	1490.99
-13	600.36	0.645342	1365.12	-877.971
-13	452.718	0.712203	-1037.25	998.841
-13	426.465	0.874452	-801.115	-1001.75
13	465.81	0.630514	-504.526	102.685
13	1146.69	0.3874	-1065.61	-1392.95
-13	436.23	0.392078	715.544	959.361
-13	622.16	0.7076	-451.078	-275.97
13	651.779	0.387124	1372.24	359.161
13	475.832	0.225165	-651.504	247.845
-13	465.374	0.0725271	1382.43	761.191
-13	439.317	0.350275	-640.164	-107.035
-13	664.054	1.21545	912.487	-647.447
13	739.479	0.52263	-883.853	-616.23
13	665.882	0.966868	-754.12	-25.4542
13	560.005	0.439172	97.2024	71.1059
13	500.906	0.910401	-801.974	-1282.12
-13	784.232	0.437571	426.947	-834.733
13	452.828	0.742533	-669.494	367.968
-13	551.213	0.857058	-642.666	1429.23
-13	442.297	0.72711	-378.145	583.17
-13	602.272	1.14869	-334.085	-472.042
13	440.63	0.890442	819.035	-851.479
13	507.696	0.808114	-999.217	-1327.38
13	402.92	0.787977	240.688	1458.85
-13	628.697	0.521885	1191.97	-1234.76
-13	1043.08	0.993998	-737.888	-972.304
13	408.893	0.0344286	-621.487	-751.847
-13	720.991	0.525238	853.969	454.876
-13	465.132	0.52545	-1293.81	814.505
13	799.433	0.579421	-988.236	-1038.14
-13	419.62	0.450759	-59.4656	-265.771
-13	708.978	0.775899	-1293.49	-1452.46
-13	957.171	0.3391	722.211	-1151.12
-13	636.869	1.14398	-223.656	1137.03
13	1189.43	1.04761	486.028	826.608
-13	827.485	1.21697	-888.544	-1396.1
-13	495.737	0.407956	-184.55	1173.31
13	409.314	0.602917	-152.281	-767.305
13	1775.56	1.15282	-624.033	-723.172
-13	1178.68	1.19783	980.745	-194.85
-13	440.226	0.894718	-617.627	324.024
13	1724.91	1.02791	-1012.45	-1131.07
-13	921.558	0.499188	394.794	-77.4881
-13	440.384	1.05282	208.456	989.247
-13	1411.31	0.37119	-840.597	-832.824
13	488.654	1.10662	394.153	-1135.93
13	431.81	0.830229	828.052	697.722
13	486.085	0.465382	1118.19	-344.08
-13	849.545	0.711095	927.072	-361.63
-13	400.418	0.538035	517.802	399.224
-13	1058.83	1.13538	232.267	1152.71
13	457.625	0.89649	546.072	825.482
13	470.384	0.597426	-677.047	479.58
13	416.284	0.461568	-880.045	-1404.72
-13	525.556	1.20208	-462.854	-1156.51
-13	1800.1	0.150753	454.622	-1402.56
-13	1039.48	0.1269	-607.038	1478.15
-13	1324.62	0.21124	339.561	-1133.1
-13	1736.3	0.632107	1478.99	-1305.41
13	434.316	0.0725666	-263.611	528.231
13	649.841	0.606936	898.195	-167.527
-13	542.88	0.219366	349.586	-1028.41
13	485.556	1.20731	938.963	-352.344
-13	476.042	1.04421	1191.26	1083.92
-13	466.334	0.371135	-916.488	335.68
13	612.374	0.198339	359.331	621.779
-13	506.617	0.600053	-1252.96	-602.43
-13	967.104	1.1311	169.304	1283.41
-13	1250.19	0.283872	-1281.07	-605.31
13	426.085	1.13599	-677.76	703.641
-13	427.706	0.324876	693.894	1335.68
-13	422.154	0.34642	1337.22	-556.873
-13	810.929	1.15495	-718.707	1385.55
-13	928.644	0.902981	177.343	137.53
13	654.074	0.488138	611.671	-98.6625
13	406.542	0.177278	297.042	-1421.49
-13	508.172	1.12416	-435.26	403.67
-13	552.016	0.859337	1280.57	200.214
13	719.319	0.519183	779.304	-1433.63
13	553.688	0.132683	-16.5892	-1080.41
13	573.096	0.0184175	255.37	-1096.65
13	709.042	1.21484	-769.599	-951.518
13	762.931	0.954681	-704.478	1491.29
13	569.547	0.773348	1475.22	315.843
-13	527.77	1.14734	-651.64	-403.05
-13	476.68	0.300388	544.502	-753.459
-13	653.452	0.0336737	1149.52	1211.55
13	451.026	1.2142	1366.02	-1189.17
13	471.347	0.0704208	912.446	785.644
-13	444.128	1.14277	878.031	-181.276
-13	532.103	0.00914474	1095.51	578.835
-13	624.282	0.234242	-1074.77	704.358
-13	604.829	0.110483	1292.62	1325.22
13	893.138	0.850966	1219.22	-1021.19
13	837.912	0.988446	-343.451	732.049
13	451.35	1.17407	434.555	-177.98
-13	667.506	0.99066	-321.796	38.5866
-13	413.685	0.588219	1056.53	1239.03
-13	449.172	0.245291	-651.159	-920.737
13	551.988	0.0212808	599.567	-1380.41
-13	469.603	0.00565248	-599.238	-621.655
-13	443.321	0.715431	1474.26	665.908
-13	413.609	0.804385	1016.41	321.353
-13	754.962	1.05123	-954.676	-833.679
13	403.835	0.938851	526.31	-1146.7
-13	402.227	0.799697	-1245.78	-1436.54
13	428.252	0.0619701	-202.002	-448.749
-13	1335.83	0.502181	-452.422	1344.87
-13	625.036	0.950666	816.383	478.747
13	434.19	0.576552	-144.2	-1055.12
-13	811.709	0.0760814	1149.56	884.656
13	668.506	1.02647	290.334	-515.379
-13	635.369	1.18635	1254.37	-1268.87
13	456.195	0.850495	-992.848	-871.995
13	616.976	0.362369	-348.448	229.956
13	415.193	0.766277	-1031.03	-172.264
-13	444.206	0.27569	-163.966	241.294
-13	548.132	0.900346	-910.872	226.595
13	748.438	0.0329737	1177.91	-1295.19
13	560.179	0.650511	846.321	22.9551
13	677.804	1.06588	-118.879	210.49
13	476.855	0.145936	671.796	-1041.85
-13	659.373	0.0691878	-809.114	-406.316
-13	599.806	1.1699	-824.129	-720.034
13	950.891	0.919425	-814.142	951.257
13	1281.41	0.726879	945.292	6.358
13	413.01	0.177538	1255.74	660.522
-13	473.024	0.42149	173.422	-86.6996
13	405.39	0.598487	1411.71	-822.962
-13	750.281	0.68258	-55.0987	-764.715
13	474.816	0.457559	-1207.29	554.966
13	427.91	0.534719	524.036	-332.997
-13	596.769	0.837507	896.301	439.327
-13	1820.1	0.831164	1028.08	434.81
-13	500.156	0.949701	-1153.67	452.197
-13	959.879	0.869033	507.004	442.459
13	435.365	1.00957	-477.511	-1201.02
-13	1177.01	0.21952	-908.581	356.004
-13	423.879	0.494889	-323.041	1195.71
-13	594.273	1.1477	203.208	-928.063
13	412.884	0.805514	699.297	1246.31
-13	435.234	0.461599	-1397.36	-247.097
-13	680.673	0.267878	1373.64	1038.42
-13	411.682	0.743023	1484.21	-502.429
-13	504.265	0.4254	144.066	-970.036
-13	723.495	0.666643	421.682	-976.338
-13	712.618	0.115385	-1201.68	222.497
-13	507.133	0.128428	1371.48	-750.56
-13	574.7	0.512489	138.217	910.947
13	2845.86	0.71262	-443.762	-1161.08
-13	5023.72	1.14868	395.473	-236.799
13	843.503	1.08136	-542.174	-495.403
13	419.073	1.15661	662.179	-67.3102
-13	654.123	0.220199	-443.569	-1148.17
-13	445.167	0.226174	-404.804	1015.39
-13	915.28	0.304738	297.523	-894.583
13	442.427	1.04883	-1031.2	-1157.16
-13	656.613	0.00248319	-839.145	650.666
-13	483.413	0.772861	-233.828	-74.21
13	658.522	0.338617	-1387.46	-278.524
-13	457.972	0.716394	-201.256	-67.0156
13	442.049	0.570058	418.912	-437.103
-13	597.151	0.281144	-1095.59	378.754
13	903.582	1.0226	-1222.73	-92.5612
13	838.229	0.117276	1267.56	1396.9
-13	881.731	0.939718	-1478.71	640.344
-13	470.976	0.896188	-1201.76	-126.503
13	637.764	0.947047	-92.7416	-1053.34
13	769.415	0.861194	-944.118	745.784
13	513.888	1.1135	69.101	202.462
13	562.481	1.14529	-1183.82	1198.31
-13	486.514	1.06343	-807.854	1218.39
-13	806.328	1.16316	52.5334	-1213.15
13	752.134	0.243905	-1079.79	920.666
-13	544.805	1.18751	-468.741	1191.33
-13	620.928	0.790572	174.453	-27.9136
-13	623.309	1.18143	-903.856	1064.93
-13	514.682	1.07176	696.687	-630.873
13	510.362	0.359504	316.953	-1182.77
-13	631.691	0.130752	582.605	-254.23
13	492.257	0.623353	1136.53	-181.428
-13	468.697	1.07232	1290.09	1355.31
-13	433.869	0.28409	-304.766	212.933
-13	448.239	0.707499	103.676	28.5555
-13	552.816	1.07465	216.736	342.789
13	805.844	0.471183	-1255.55	834.325
13	603.508	1.04979	-1409.05	892.93
-13	561.764	0.890257	-532.604	508.86
13	470.328	0.153589	705.539	-837.286
13	419.399	0.6977	-764.372	-308.155
-13	440.875	0.232004	-598.369	174.719
-13	421.674	0.130775	328.489	-164.032
-13	400	1.14641	-1138.44	1112.37
-13	577.95	0.524251	-52.6645	-933.128
13	509.464	0.0469737	-1492.02	-995.047
13	404.423	1.10527	990.13	567.094
-13	1495.74	0.890572	-1174.81	-1323.72
-13	1007.3	0.128323	1074.87	-1295.74
-13	591.971	0.872683	539.877	1349.2
-13	608.086	1.17332	1130.92	1107.22
-13	1132.57	0.149983	-1476.56	915.239
-13	536.757	0.789544	-510.905	521.289
13	2907.98	1.03333	935.147	-913.808
-13	539.346	1.15992	-1108.89	-723.173
13	481.666	0.212809	-113.112	642.134
13	554.234	0.713921	1448.81	381.835
-13	613.617	0.413126	180.626	1003.42
13	526.733	0.47185	-329.694	569.971
-13	593.439	1.06674	-1491.74	1224.86
-13	470.049	0.875373	709.716	467.339
-13	585.196	1.12812	-1185.45	449.815
13	528.275	0.645436	-1123.02	467.056
-13	454.385	0.808556	-293.975	88.1112
-13	582.152	0.591239	-951.786	-1120.83
-13	573.836	0.990121	-1483.98	1298.79
13	403.065	0.406272	-1320.57	-1255.71
-13	1750.86	0.454091	-213.999	526.142
-13	466.691	0.522729	-970.657	1258.17
-13	1863.53	0.884606	-28.2112	1076.15
13	423.413	1.0892	1150.3	936.934
13	500.596	0.247195	-706.165	-222.787
13	596.278	0.798935	-1311.77	76.9283
13	467.565	0.909541	1151.7	-950.029
-13	590.659	0.403882	820.015	379.3
-13	455.255	0.674831	19.0546	-913.182
-13	962.325	0.261201	1229.68	-1447.03
13	944.533	0.835434	-1315.25	1353.96
13	675.77	0.751849	-881.208	1401.82
-13	588.052	0.571591	1475.88	1070.83
13	653.631	0.852604	-1411.58	1232.18
-13	546.518	0.050113	-1255.4	1133.02
-13	633.629	1.10404	1115.08	-544.884
-13	819.592	0.259201	142.837	1458.43
13	407.16	0.699918	-945.135	-1458.78
-13	536.98	0.400152	-422.651	1487.39
13	640.431	0.877728	394.571	159.402
-13	424.853	0.38236	1319.8	-47.405
13	829.759	0.531202	-130.13	-339.24
13	524.634	0.950405	1161.84	1484.48
-13	557.851	1.08539	-1401.98	-1026.77
-13	532.323	0.469799	-829.603	-978.195
-13	490.809	0.495622	1119.5	729.365
-13	493.229	0.793674	-361.841	-998.408
-13	418.308	0.770056	-1236.84	-945.941
13	1203.23	1.18243	-979.462	-80.182
13	450.741	1.06271	-769.388	-369.778
-13	583.789	0.930626	1195.48	-242.407
-13	958.999	0.527812	-610.791	-154.687
-13	424.755	0.131224	-39.621	-569.18
-13	400.078	0.126926	-582.929	-1009.54
13	410.529	0.445434	383.516	438.195
-13	538.696	0.794248	654.031	529.18
13	728.728	1.0908	-191.039	1171.96
-13	616.237	0.451907	-967.942	956.627
-13	593.429	0.746321	-1042.83	277.667
-13	416.4	0.00135013	470.624	-638.279
-13	739.417	1.05186	-1331.67	693.145
13	733.725	1.17983	-1334.15	-609.121
13	547.911	0.902436	350.768	-1158.82
-13	705.616	0.83605	1350.57	577.043
-13	587.87	0.77163	14.5948	310.938
-13	429.912	0.321442	-1165.68	201.375
13	582.613	0.00932821	-533.287	-183.179
-13	474.177	0.441205	34.3856	-1176.66
-13	658.142	1.05983	-746.139	-833.511
-13	492.924	1.11409	91.4107	1180.85
-13	400.048	0.365851	-416.592	-1378.75
-13	506.824	0.328723	-653.093	-549.963
-13	483.611	1.04674	742.004	-1340.94
13	414.853	0.393014	-609.243	-1241
-13	593.255	0.717898	1374.94	-153.713
13	579.428	0.915183	1076.38	737.026
13	405.3	0.0359183	-762.087	-111.647
-13	681.83	0.197148	935.936	-709.056
13	563.992	1.17118	-507.613	-219.88
-13	607.763	1.14021	-570.372	611.508
-13	625.369	0.121949	-1417.93	1025.37
13	423.335	0.862465	-208.657	-486.796
13	414.935	0.798996	-144.525	1407.94
-13	556.084	0.796053	877.85	-1104.39
13	436.651	1.05154	1323.73	827.195
-13	438.919	0.0213553	496.553	-259.762
13	576.261	1.13776	559.684	1405.19
-13	404.751	0.674836	-700.389	-671.49
13	423.809	1.14133	339.618	-387.521
13	670.528	0.168032	488.718	1480
13	1360.43	0.836551	1134.93	-1403.94
13	495.259	0.594752	-1235.97	-1439.92
-13	632.183	1.13211	-518.747	-1417.55
-13	829.479	0.755646	-1131.33	735.345
-13	639.536	0.41342	303.604	-449.043
-13	531.305	0.860725	-976.101	-1461.28
13	661.684	1.10799	536.534	972.864
13	633.264	0.943305	629.354	761.258
-13	909.286	0.108531	20.2272	983.186
13	461.466	0.330726	858.743	-1384.97
13	435.289	0.158779	-382.408	1481.9
13	536.218	0.817859	-360.49	282.583
13	1003.17	0.828856	-939.316	1359.47
13	457.437	0.485421	-453.666	1199.34
13	534.85	0.799973	1457.78	919.724
13	484.456	0.831839	612.745	-703.226
13	419.519	1.19319	-1347.23	625.669
-13	688.235	0.440858	-1200.54	-1018.44
-13	580.248	1.06933	-1032.92	-654.08
13	494.231	1.08025	-456.293	-744.958
13	866.183	0.745832	499.187	1442.89
13	551.139	1.14938	489.844	1285.34
13	1307.38	1.14675	867.94	178.401
13	521.608	0.742912	-1217.48	1276.92
-13	854.044	1.03993	216.745	711.522
-13	982.504	0.384613	-1411.91	158.645
-13	1012.59	0.234377	776.66	-1155.85
-13	503.014	1.0758	442.314	466.092
13	2633.93	0.44216	-516.165	1396.25
-13	439.697	0.028417	876.09	-442.877
13	498.278	1.18772	185.779	-656.557
13	651.343	0.998617	1478.17	-268.437
13	1028.09	0.547729	1367.71	-1109.85
-13	626.781	1.12406	-920.015	-1138.94
-13	1280.6	1.04885	-485.037	826.564
13	5461.94	0.367575	262.098	-734.192
-13	693.157	1.16182	-329.998	192.559
13	810.225	1.0826	1183.53	-841.164
-13	508.515	0.424466	-1113.73	-1018.19
13	581.816	0.443379	1460.11	-439.163
-13	503.879	0.459572	-1069.38	-54.7575
-13	470.823	0.926462	-235.078	-167.895
-13	620.426	0.119095	1383.33	598.417
13	708.905	0.65002	16.5794	-156.572
-13	502.983	0.693832	1223.39	-1192.16
-13	442.766	0.363366	218.388	217.78
13	891.749	0.0542178	843.931	-1456.13
-13	442.823	0.465767	-421.107	527.382
13	432.277	0.803597	-547.337	-252.545
-13	698.907	0.0508877	-964.77	1105.78
-13	416.846	0.795795	-241.379	-576.029
-13	891.231	0.855174	591.099	1475.3
-13	896.357	0.0933421	-1071.32	-715.758
-13	869.301	0.0796032	1495.3	1096.17
13	403.252	0.621452	-45.0553	1097.16
-13	412.762	0.95608	877.57	794.759
13	636.323	1.20593	625.2	1036.23
-13	787.348	0.390337	-712.286	-607.803
-13	1184.28	0.11174	-78.6152	-56.7333
-13	640.468	0.901707	-595.474	-1347.75
-13	463.642	0.866309	-153.673	-453.382
13	461.011	0.89791	-967.489	-922.393
13	405.991	0.605058	-618.338	-800.699
-13	703.392	1.12179	154.512	866.536
-13	625.048	1.13422	-635.327	286.585
13	422.058	0.625038	-969.527	251.264
-13	612.974	0.334573	1101.17	-530.591
13	720.994	0.651363	-356.939	-632.499
13	466.196	0.807007	1364.33	986.122
-13	1075.54	0.0778582	-235.671	357.738
-13	446.881	0.245529	1378.23	111.429
-13	536.722	0.142021	-297.969	663.416
-13	405.218	1.11402	1019.26	577.628
-13	442.727	0.79642	846.17	-516.291
-13	444.249	0.66442	831.782	621.653
-13	819.821	0.0199884	909.065	271.484
-13	495.541	0.728923	839.441	1159.87
-13	452.559	0.94087	-144.154	-377.134
13	9686.98	0.492209	539.204	1453.69
-13	616.033	0.872603	222.761	1334.5
-13	500.712	1.05925	1052.95	-211.532
13	555.204	0.132363	548.979	68.932
13	450.304	0.552185	489.933	-417.2
-13	524.748	0.188	1419.24	961.653
13	516.205	1.13618	-1137.44	-892.873
13	720.59	1.11333	-1226.9	209.684
-13	858.601	0.510927	-1003.61	969.28
-13	455.006	0.854233	-1120.13	-337.311
-13	577.149	0.964263	457.129	608.067
-13	510.394	0.698231	458.496	921.957
13	835.468	0.69284	-674.411	-704.566
-13	666.895	0.0220555	260.205	-692.162
-13	583.107	0.383653	492.263	996.38
13	402.625	1.04712	-360.251	1345.88
-13	802.728	0.659447	-306.116	-1055.4
-13	545.155	0.590176	-1326.64	-1019.78
13	651.175	0.267823	767.46	933.56
-13	618.123	0.340362	-631.02	-278.978
-13	805.619	1.05379	308.146	-286.068
-13	1027.64	0.629633	-207.909	-791.653
-13	494.849	0.128316	1102.17	506.543
-13	563.92	0.629012	-530.319	-795.09
13	822.77	0.466934	-800.804	-1480.63
13	530.415	1.17295	-368.759	82.5998
13	510.095	0.863022	-697.751	809.543
13	408.405	1.06075	-192.781	58.1248
13	1156.93	0.405823	1349.15	1095.56
-13	413.236	0.678217	-513.705	788.554
-13	2703.29	0.648387	13.595	417.556
-13	472.703	0.807644	-208.782	-1332.6
-13	601.939	0.16283	-1469.57	-658.185
-13	744.758	1.01596	862.462	-1368.59
13	587.365	1.13091	-115.033	-717.94
-13	645.47	0.347339	958.504	1002.62
13	459.675	0.386914	1032.04	-1395.07
-13	426.912	0.119487	299.773	619.496
-13	793.772	1.0631	-396.847	998.642
-13	410.674	0.0573591	-432.832	-301.183
-13	423.475	1.00201	-833.865	-1214.93
-13	1076.93	0.014073	1027.02	-1447.74
-13	425.313	0.663218	385.35	-1150.98
13	405.043	0.572264	1003.24	901.504
13	439.592	0.163297	-600.88	1332.41
-13	414.866	0.02966	499.654	-1440.03
-13	438.295	0.772381	-1435.32	-659.691
-13	620.215	0.480769	488.055	1412.88
-13	685.844	0.150752	161.414	-792.794
13	507.79	0.287353	491.057	91.659
13	503.339	0.542825	-798.088	-451.561
-13	2729.78	0.476437	-276.529	1429.44
-13	413.939	0.764147	-1009.75	-900.916
-13	571.563	0.981753	919.157	427.754
-13	419.138	0.304684	442.851	-1061.89
-13	499.232	0.743995	-884.052	-1086.53
-13	479.958	0.695253	801.993	661.932
13	929.523	1.05897	-231.431	-1275.23
-13	995.004	0.587609	1343.72	230.585
13	438.911	0.742665	-293.009	1019.77
13	670.267	0.494973	-214.512	1240.52
13	1340.53	0.973328	1028.32	1289.63
13	789.582	0.689016	984.529	-258.369
-13	576.211	0.335951	-744.54	-201.682
13	530.365	0.984548	898.592	-484.6
-13	638.337	0.599349	-697.968	131.696
-13	768.876	0.724803	-207.624	-430.12
-13	428.674	0.664918	-384.684	-1356.37
13	402.842	1.15763	-250.664	-231.838
-13	471.038	0.0930458	121.577	-609.157
13	492.404	0.638242	494.629	653.94
13	421.598	0.349768	-132.999	-84.15
-13	462.617	1.21845	-1497.02	968.208
13	523.737	0.682589	-168.938	893.716
-13	540.722	1.14402	933.361	271.753
13	558.584	0.518747	213.304	182.942
-13	449.309	0.733664	1122.49	1169.65
13	517.129	0.888649	470.252	825.25
-13	410.772	0.896592	821.273	921.486
13	474.565	0.363312	1484.77	-237.524
-13	407.803	0.123805	1246.1	-193.981
-13	839.073	0.556517	-1264.4	323.433
13	525.857	0.857616	1025.93	863.673
-13	442.275	1.21286	-1103.23	1114.85
-13	898.906	0.926402	1398.7	1241.74
-13	407.113	1.11887	-1000.8	-1338.38
-13	530.749	0.564284	-151.7	-1403.99
13	528.421	1.16076	17.8548	-437.793
-13	519.678	0.532317	936.808	-1176.54
-13	491.124	0.870942	-624.574	775.161
-13	611.619	1.02797	-485.141	-420.119
-13	417.56	0.693438	657.746	-933.435
-13	519.816	1.14637	-599.976	-112.389
13	407.2	0.808762	-962.607	203.464
-13	569.65	0.26187	-59.0714	128.381
13	556.536	1.04052	-841.184	543.708
-13	508.354	0.2942	1346.15	-777.2
-13	438.255	0.489414	-35.6605	539.644
13	536.46	1.11132	547.207	-1402.81
13	436.262	0.0930727	1281.55	-627.767
13	769.644	0.730027	512.645	-532.753
13	465.591	1.0625	708.557	444.374
-13	467.289	0.0387478	-604.617	-1113.39
13	744.519	0.519569	1188.08	1057.57
13	1673.73	1.05829	-1294.74	292.665
13	927.445	1.19384	1391.96	-702.769
13	480.922	0.537248	-88.3744	-1008.6
-13	428.132	0.535766	856.997	926.992
-13	514.754	0.466198	-1286.23	1241.5
-13	456.413	0.582451	-1380.51	1479.14
-13	458.408	0.569842	545.764	105.692
13	2281.79	0.991678	-1243.94	-1040.69
-13	678.424	0.79398	-733.141	1078.67
-13	609.191	0.815907	1338.22	-1216.27
-13	488.752	0.404618	1376.8	601.746
-13	468.726	1.0393	1237	-39.4401
13	422.221	0.236429	234.194	422.488
-13	1370.67	0.708964	1181.11	-1076.02
13	407.479	0.758518	977.783	688.844
13	1634.17	0.571524	562.949	-437.09
-13	499.905	0.963538	-862.45	804.255
-13	807.408	1.16975	-324.566	1094.79
-13	794.184	1.13827	331.127	804.608
-13	421.543	0.761721	1475.08	-1108.03
-13	723.312	0.508466	-1376.72	1041.91
13	405.281	0.587774	-1283.37	267.27
-13	437.767	0.065218	-1469.58	598.062
-13	444.591	0.57962	-1361.17	388.381
-13	455.834	0.777042	-1423.37	-1404.45
-13	485.131	0.381835	-458.924	-742.419
-13	1523.01	1.02094	-312.393	927.606
13	638.371	0.658353	-127.345	1400.82
-13	438.107	1.21781	1332.35	-1177.98
13	620.01	1.00329	883.299	-895.517
13	1189.76	0.928004	-1078.75	-1307.55
-13	452.794	0.903767	-893.028	-333.097
-13	900.325	0.491839	299.657	784.049
-13	414.052	1.17555	-163.986	-1031.51
-13	589.314	0.160088	365.977	9.48253
13	859.822	1.11199	351.543	856.025
13	982.879	0.836979	-5.17229	-104.984
13	546.985	0.568696	140.079	-607.751
13	615.894	1.09647	110.245	334.222
13	513.117	0.585921	-647.275	-887.574
13	675.097	0.357201	821.68	1168.03
-13	413.172	0.153428	-4.85206	656.099
13	557.64	0.363673	375.08	-1343.6
13	596.981	1.08973	1333.55	930.149
-13	726.031	0.789872	-215.968	-124.989
-13	1308.41	0.328406	811.594	212.834
-13	519.772	0.0961814	68.6026	260.364
13	625.69	0.255002	-925.643	893.611
13	700.958	0.918863	353.447	176.532
13	451.825	0.978346	-576.667	-321.93
13	481.431	0.532302	351.645	1391.11
13	478.163	0.620234	-918.762	-66.837
-13	495.443	0.234381	1101.06	-303.216
-13	953.214	0.332006	876.933	-1443.38
