13	450.462	0.838234	767.041	870.891
13	453.774	0.896895	-396.821	595.746
13	419.888	0.470489	-350.303	-1028.74
13	1572.42	0.305688	-255.262	384.23
-13	513.012	1.12255	894.834	1439.71
-13	499.094	1.14452	-414.837	38.4413
13	405.533	0.714136	-550.892	-162.62
-13	1297.7	0.0832825	740.933	671.947
-13	568.396	0.921935	-78.3556	1309.68
-13	463.575	0.8172	-84.2785	-1390.33
13	516.878	0.0792895	-323.316	1053.64
-13	413.35	0.0129339	666.844	433.728
13	704.225	1.08392	309.748	-182.455
13	462.639	0.551372	1325.42	-423.262
-13	432.537	0.769598	-96.7677	737.766
-13	551.666	0.93266	-461.22	907.285
-13	508.863	0.572282	-29.2943	-279.821
13	1035.6	0.213511	-799.953	-761.998
-13	694.357	0.747989	-891.426	1152.24
-13	902.409	1.21486	-993.882	639.581
-13	1085.81	0.77603	-992.084	1424.8
13	479.142	1.18934	212.737	364.888
13	513.537	0.478204	834.633	1256.96
-13	405.154	0.183277	244.879	211.98
-13	429.375	0.98345	-73.8502	-1328.29
-13	1199.82	1.0635	415.076	215.082
13	429.493	0.678131	-1029.76	-60.0397
13	438.954	0.959009	839.511	-308.911
-13	501.35	0.96733	1114.41	928.491
-13	994.492	0.729662	-1365.14	336.613
-13	654.939	0.0690562	715.91	1004.33
-13	530.228	0.648648	-1041.53	171.104
-13	428.507	0.579825	-2.81278	358.13
-13	577.942	0.586324	-1326.25	-186.427
-13	905.594	0.740942	-1448.83	77.1432
-13	637.866	1.18817	-969.796	534.584
-13	886.01	0.603218	807.308	-906.43
13	517.347	0.253404	-716.168	768.02
-13	421.053	0.614811	237.249	-79.9047
13	421.664	0.917981	-768.968	-333.305
-13	831.151	0.695006	-441.978	-665.755
13	1221.25	1.15881	-589.666	-1434.9
-13	473.56	0.993964	-397.63	-956.693
-13	472.054	0.419196	-1470.88	635.27
13	674.49	0.661985	332.243	-461.593
-13	1504.98	0.902009	-445.618	290.544
13	3238.79	1.04198	683.136	823.244
-13	460.478	0.789971	-1309.37	-1235.2
-13	559.845	0.870035	425.491	-259.368
13	524.122	0.16638	-749.116	-801.494
-13	858.935	0.00182623	-1021.51	37.6518
-13	502.318	0.748023	-227.492	762.906
13	449.194	0.796378	-968.625	1097.72
-13	406.148	0.476319	-1270.56	480.364
-13	511.744	0.585453	989.355	-158.559
-13	464.426	0.178004	216.902	654.327
13	452.738	1.11202	-1124.68	-435.33
13	494.651	1.00245	-1064.6	641.853
13	598.864	1.16515	-26.6196	1044.75
-13	1104.86	0.168101	799.915	398.98
13	459.727	1.04297	-799.5	-661.529
-13	583.919	0.89637	375.085	1264.39
13	444.938	0.187655	-282.439	1481.86
13	423.429	0.509872	-455.818	476.768
13	702.871	1.09982	-216.183	21.3596
13	726.205	1.06835	757.297	-682.86
13	538	0.74514	-1032.07	-333.997
-13	951.941	0.251336	863.646	842.978
-13	410.523	0.810771	765.83	-1151.17
13	834.54	1.05645	-1403.23	1325.41
13	459.544	0.691812	1361.05	-672.727
13	1086.99	0.808741	540.537	877.983
13	744.056	1.03734	-656.852	-1173.82
-13	432.703	0.902151	602.472	-1191.34
-13	499.503	0.503658	-215.241	20.5944
-13	432.816	0.0653629	-849.474	-676.569
13	690.361	0.769192	166.308	-508.864
-13	437.484	0.232416	814.989	203.555
-13	479.129	0.0633193	753.665	510.865
-13	595.01	1.16639	-1485.14	-644.957
-13	1029.87	0.702651	1036.54	800.683
13	784.286	0.900079	-804.599	-589.809
13	438.471	0.633084	-9.08376	-1498.76
-13	1048.24	0.709742	505.078	-564.762
13	699.363	1.21375	416.624	-390.238
-13	490.922	0.387112	121.788	-803.706
-13	622.195	1.10247	60.0958	-368.358
-13	445.622	0.728963	-1411.68	314.046
13	1180	0.892644	121.923	643.474
-13	650.051	0.0396039	1038.86	500.437
13	993.655	0.872872	44.4288	560.741
13	528.173	0.72604	858.765	96.6884
-13	539.292	0.429422	593.424	575.258
13	1646.02	1.15228	1400.22	72.4289
-13	462.377	0.554064	-1076.81	809.043
-13	1164.12	0.834428	-733.039	-1062.97
13	517.724	0.34846	599.995	-561.774
-13	1230.68	0.99599	-72.7547	-548.795
-13	458.878	1.21401	469.461	-1159.76
-13	421.896	0.15473	58.7622	916.214
-13	1702.87	0.158431	913.418	-1189.54
-13	810.63	0.429843	-1265.16	379.891
-13	811.279	1.09876	-646.641	902.508
-13	507.336	0.492613	-857.087	1293.83
-13	899.95	0.586038	347.906	1405.31
-13	851.564	0.621877	735.173	296.448
13	664.411	0.859149	1101.8	46.2604
-13	1067.65	0.502273	1226.04	-984.244
-13	787.27	0.815795	-911.17	-180.24
13	464.191	0.763636	44.3807	-1494.87
-13	413.273	0.629798	-67.1033	99.4703
-13	524.837	1.11716	-1136.18	-75.6797
-13	475.552	0.517218	768.756	974.425
-13	423.132	0.0264323	-1128.49	-1005.88
13	494.387	0.237838	248.88	1197.86
-13	458.847	1.06299	-932.74	-694.143
13	459.348	1.06118	-104.717	1130.84
13	594.312	0.569711	908.267	-989.97
-13	1072.99	0.252127	1327.63	-472.954
13	643.625	0.575144	-189.279	826.967
-13	651.798	0.756994	1122.53	128.475
-13	726.199	0.575643	-990.634	-1189.63
-13	545.862	1.21536	342.941	-371.228
13	446.826	0.0523684	-721.983	-1281.75
-13	495.826	0.463449	-731.762	-601.81
13	547.422	1.03708	-1484.72	-382.214
-13	455.979	0.928723	238.552	798.596
13	507.356	0.965739	-210.208	177.104
13	554.091	0.288404	1018.68	-1272.19
-13	649.453	0.834514	-1013.73	1383.3
13	599.377	0.96032	-394.881	-34.2669
13	425.924	1.03927	634.777	-1157.84
13	715.599	0.28112	-1290.73	-1217.57
13	735.116	1.06397	-913.415	-180.181
-13	590.117	0.0674303	-844.346	165.715
13	805.798	0.537898	-692.633	-189.505
13	552.43	0.614866	-670.932	233.961
13	546.233	0.104551	-1029.3	-1255.88
13	1311.05	0.714378	1033.68	-72.5097
-13	562.8	0.837036	464.188	-34.8394
-13	879.977	0.896651	-329.694	569.971
13	515.529	0.636461	-1491.74	1224.86
13	729.296	0.88111	709.716	467.339
-13	587.18	1.06388	-1185.45	449.815
-13	469.024	0.604248	-1123.02	467.056
-13	516.753	0.191131	-293.975	88.1112
-13	426.586	0.853037	-951.786	-1120.83
-13	907.953	0.793256	-1483.98	1298.79
-13	780.273	0.9057	-1320.57	-1255.71
-13	470.065	0.686445	-213.999	526.142
-13	645.115	1.06403	-970.657	1258.17
-13	450.934	0.482924	-28.2112	1076.15
-13	925.497	0.363307	1150.3	936.934
13	744.808	0.890967	-706.165	-222.787
-13	520.455	0.0677451	-1311.77	76.9283
13	400.243	0.67061	1151.7	-950.029
-13	695.509	0.542092	820.015	379.3
13	416.236	0.543034	19.0546	-913.182
-13	475.688	1.12453	1229.68	-1447.03
-13	447.477	0.837528	-1315.25	1353.96
-13	1317.33	0.563998	-881.208	1401.82
-13	1395.42	1.08717	1475.88	1070.83
-13	439.919	1.12719	-1411.58	1232.18
-13	420.893	0.987386	-1255.4	1133.02
13	489.561	0.179955	1115.08	-544.884
13	3004.68	1.12471	142.837	1458.43
13	514.607	0.205576	-945.135	-1458.78
-13	3121.75	0.285587	-422.651	1487.39
-13	694.886	1.01374	394.571	159.402
13	449.004	1.12796	1319.8	-47.405
-13	609.49	0.697009	-130.13	-339.24
-13	499.573	0.459863	1161.84	1484.48
-13	613.13	0.732782	-1401.98	-1026.77
-13	621.482	1.06056	-829.603	-978.195
13	543.33	0.243049	1119.5	729.365
-13	407.612	0.942914	-361.841	-998.408
13	745.396	0.728043	-1236.84	-945.941
-13	414.174	0.151742	-979.462	-80.182
-13	1000.64	0.193982	-769.388	-369.778
-13	541.009	1.06467	1195.48	-242.407
-13	424.19	1.1399	-610.791	-154.687
-13	1062.09	1.18174	-39.621	-569.18
-13	647.196	0.592699	-1087.47	-924.161
-13	484.909	0.701498	363.872	15.8335
13	408.995	0.52544	-254.201	156.599
-13	1111.9	0.937336	-598.445	685.461
-13	615.98	0.33563	1102.01	-119.514
-13	579.278	0.378658	-553.849	169.544
13	499.08	0.882193	1478.99	-430.098
13	597.237	1.1772	1461.63	1443.1
13	798.104	0.623167	-566.819	-1132.8
-13	423.831	0.0687541	-897.242	-730.969
13	837.157	1.13776	998.632	837.896
-13	451.866	0.991791	-670.76	103.202
13	539.131	0.138346	-419.724	675.599
-13	1264.38	0.687825	-470.517	81.7592
-13	523.051	0.154606	-640.419	975.168
-13	402.073	0.193376	1171.38	354.959
-13	561.319	0.233344	-1200.42	502.936
-13	403.826	0.871947	454.172	-1150.02
-13	1570.66	0.528105	522.327	966.124
-13	634.043	0.801914	-1441.85	-338.489
13	552.402	0.284892	1060	-1098.77
13	421.893	0.896278	-1085.44	-293.308
-13	429.611	0.889857	-676.122	-1204.72
-13	2535.85	0.0676051	1188.77	970.676
-13	627.193	1.08301	1412.09	1430.2
-13	583.814	0.960164	-889.472	1045.32
-13	483.304	0.99233	-1016.75	-1175.09
-13	573.474	0.559397	-292.896	-1394.89
13	581.02	0.273217	-111.621	-398.17
13	869.206	1.19199	-1168.89	-1060.98
-13	451.219	0.272354	-316.269	-1191.57
13	618.97	1.06984	-915.903	414.239
-13	713.47	0.120906	351.765	-689.235
-13	884.435	0.92173	-1206.62	-932.108
13	579.75	0.340971	-1198.39	438.863
-13	909.468	0.546939	472.746	-382.514
-13	492.016	1.07636	904.472	-1049.21
-13	502.989	1.20659	1066.84	1297.72
-13	485.899	1.21319	442.48	-355.395
13	3204.1	0.480542	835.51	-1399.78
13	740.13	1.06271	185.386	-1335.24
-13	494.746	0.835423	836.359	113.735
13	621.121	0.686947	-1427.55	-669.854
13	643.276	0.179705	-925.422	1268.27
13	1571.76	0.693394	-356.559	1368.52
13	475.817	0.514972	454.28	1404.71
13	439.979	0.212357	-6.55258	1390.49
-13	437.263	0.859169	344.97	704.433
-13	535.898	0.695951	-852.522	669.705
13	405.636	0.438181	1227.85	-604.663
-13	547.321	0.307133	105.048	-898.745
-13	827.071	1.00661	149.936	270.957
-13	612.007	0.24207	-957.861	-40.7365
13	459.256	0.0560523	-1475.35	822.361
13	451.842	0.171291	-1428.81	-224.976
-13	623.009	0.724254	-1336.04	-59.5097
-13	636.076	0.890506	-142.158	-854.495
-13	438.655	0.570276	-1376.56	-715.592
-13	508.319	0.470402	-942.588	1124.93
-13	449.557	0.347342	510.89	-130.344
-13	509.113	1.15083	170.582	-1396.43
-13	465.981	0.158597	-874.592	343.535
13	474.277	0.816714	-152.477	943.775
13	659.632	1.00037	930.672	-24.4705
-13	1230.35	0.926895	964.615	-249.7
13	1639.62	1.20362	1475.16	-432.095
13	649.593	0.957276	-191.375	839.118
-13	579.269	1.10832	-392.538	723.847
-13	411.364	1.05651	-72.4781	-1206.78
13	492.813	0.831756	751.052	-1383.9
-13	920.235	0.503064	1136.42	-640.489
-13	805.192	0.0363344	363.705	-1449.93
13	517.488	0.950689	-1209.93	1171.37
-13	554.1	0.14964	-500.122	1410.25
-13	766.773	1.21814	556.6	-915.323
13	931.478	0.538404	181.287	-29.898
13	617.511	1.20504	1411.92	-1483.4
-13	503.506	0.956068	-1448.11	788.275
13	470.83	0.762153	343.646	1350.01
-13	598.758	1.07021	1115.96	702.267
13	554.492	1.17072	420.538	1352.14
13	646.991	0.434217	1195.13	949.721
13	565.867	1.04692	1124.94	-579.46
13	1874.94	0.970595	749.157	-1099.81
-13	721.057	0.992879	521.825	-1065.4
-13	550.134	0.89422	-1280.25	752.897
-13	422.436	0.546127	1377.47	-404.903
13	402.074	0.313085	1290.89	-1332.2
13	457.771	0.548024	-1467.44	-161.088
-13	419.769	0.0192703	1491.45	1232.49
13	668.745	1.21536	-1047.46	-1220.27
-13	1731.84	0.326285	1355.5	1428.73
-13	526.24	0.922694	891.576	-1078.63
-13	645.914	0.396502	-1321.2	-823.014
-13	512.457	0.179691	-329.834	216.571
13	642.417	0.0638815	821.997	-702.613
-13	561.625	0.422925	699.009	-282.554
-13	481.111	1.14674	-275.378	-739.14
-13	857.057	1.20042	-1045.29	705.111
-13	408.738	0.845446	1379.72	1136.19
13	420.998	0.996712	151.419	894.755
-13	508.685	0.764633	957.723	1070.03
-13	1429.8	0.053392	1229.03	994.81
13	479.715	1.20262	-938.545	-1318.87
13	464.567	0.343149	-566.928	450.218
-13	551.197	0.0161716	-1184.74	-381.932
13	639.669	0.929833	-1258.9	1219.19
-13	445.504	0.75391	-730.612	535.154
-13	724.665	0.670338	1021.15	-88.2374
13	786.431	1.03583	-115.703	402.843
13	605.512	0.483575	-703.73	-1220.69
-13	863.372	1.05732	-122.679	-45.0787
-13	422.364	0.754696	-612.252	-631.309
-13	423.103	0.280144	393.541	-1453.56
13	476.544	1.18091	-11.2111	844.253
-13	429.782	0.175344	-809.543	-456.018
13	872.431	0.461955	626.68	-386.751
13	456.661	1.18088	-304.231	-929.295
-13	554.794	0.800061	1073.06	-14.6274
-13	439.2	0.466092	-1169.62	-1336.11
-13	560.987	0.0600732	-741.566	-39.7824
-13	898.319	0.344949	469.454	348.973
-13	588.62	0.383948	-615.487	-1415.47
-13	601.898	0.27653	276.073	852.162
-13	491.878	0.507388	844.191	-465.283
-13	644.965	0.925366	-381.25	-1423.07
13	556.725	1.10619	-1418.12	-511.394
-13	667.502	0.70991	-1173.82	470.543
13	1545.71	0.201134	915.171	859.128
-13	407.838	1.06375	819.921	1134.24
-13	411.669	0.448448	488.386	801.511
13	669.12	1.13756	839.21	198.32
-13	590.842	0.844582	45.7113	629.905
-13	632.616	0.842473	-642.446	-189.255
13	583.385	1.0296	-1349.44	480.86
13	625.951	1.10449	-615.446	-875.972
13	421.252	0.997336	-1265.64	425.062
13	520.793	0.781901	-1430.32	118.012
13	452.664	0.967357	938.269	227.247
13	429.065	0.793058	1389.35	-1187.27
13	776.642	1.10506	929.706	-238.398
-13	3421.8	0.333068	-483.582	710.214
-13	442.694	0.91208	-1387.02	544.164
-13	510.838	0.925717	291.827	393.721
-13	743.192	0.366402	722.419	729.788
-13	411.261	0.261917	-642.982	-50.9279
-13	627.209	0.921881	687.852	-26.3822
-13	452.04	0.903356	-538.719	227.058
13	432.475	1.16221	1171.56	716.479
13	620.895	0.557616	952.395	-1125.63
13	1010.12	1.09835	-263.555	41.1277
-13	892.978	1.03611	1324.63	-1324.07
13	1109.29	0.798852	763.494	-709.717
13	604.53	0.427276	-205.311	-602.754
13	529.071	0.753499	737.954	-462.927
-13	423.757	0.611654	1288.32	-174.577
-13	451.75	1.01753	-728.487	-927.819
-13	494.672	0.70317	-399.432	-1098.45
-13	547.596	1.18396	842.165	94.1525
13	402.947	0.583405	435.788	81.7181
-13	785.635	0.353061	-782.756	-678.193
13	641.221	0.97409	-637.849	-621.464
-13	436.122	0.100359	-625.721	19.3243
13	1423.62	0.402177	-91.9584	-252.185
-13	513.985	0.412108	-1363.73	518.78
-13	651.348	1.19036	1215.05	-18.4446
-13	1430.17	0.691766	493.726	688.477
-13	1543.26	0.734503	1321.45	476.486
-13	826.63	0.87994	780.093	-811.793
-13	701.126	0.705469	-79.5761	614.143
13	413.969	0.0453982	-426.896	787.678
13	2215.9	0.625814	977.225	-536.877
-13	431.845	1.07345	327.945	-1179.74
13	585.1	0.234851	468.891	1116.71
13	400.919	0.677439	1205.37	1264.31
-13	488.361	0.870434	-999.165	807.239
13	405.746	0.885954	433.63	-502.923
-13	463.27	1.08036	-784.695	-1078.82
13	606.631	0.423227	-324.221	420.187
-13	539.271	0.269193	619.624	-1488.02
-13	760.918	0.638687	-313.101	-90.4003
-13	1175.97	0.608879	-205.866	685.924
13	777.117	1.1826	630.415	-1427.57
-13	482.409	1.03856	1098.4	-1067.64
13	2277.65	0.399875	175.315	768.38
13	987.407	1.04641	-1171.7	1418.66
-13	435.828	0.759604	460.215	396.167
-13	561.488	1.0453	72.0236	1367.86
13	462.272	0.81674	-324.615	926.392
13	1018.61	1.01154	-644.61	-848.049
13	489.835	1.14785	-1165.37	1256.56
-13	623.438	0.180329	-665.681	-285.601
-13	459.778	1.21565	1486.7	629.719
13	448.295	1.07008	-274.033	-998.097
-13	723.27	0.219295	213.409	-1426.56
-13	478.272	0.981528	-1033.62	1488.31
13	507.607	0.669987	934.98	-267.01
13	492.298	0.574827	-1337.86	37.8242
13	861.416	0.789401	830.067	939.625
-13	645.737	0.815749	-541.701	913.107
13	464.026	1.02485	-1094.41	-937.844
-13	449.119	0.63225	-121.439	-671.239
-13	962.917	0.971504	-967.99	-1161.9
-13	457.803	0.736193	1003.97	-754.743
-13	417.666	0.39164	910.02	1104.55
-13	434.895	1.15314	1494.99	1406.83
13	536.847	0.148495	-374.169	-967.362
13	598.902	1.05603	809.672	-920.144
13	833.958	0.164597	-1392.18	352.893
13	469.093	0.491603	-759.168	-184.152
13	590.703	0.238447	356.409	-612.81
-13	628.863	0.949075	-1196.04	643.812
13	615.083	0.535073	-909.517	43.4328
-13	1088.76	0.528893	-122.475	-967.865
13	475.196	0.545239	1233.79	1179.34
-13	415.028	0.683478	1300.81	-832.747
13	461.731	0.25438	657.958	-860.549
13	405.686	0.887171	-1297.86	-768.733
13	554.425	0.710346	468.946	-1455.41
-13	747.115	0.271554	-1287.37	-863.224
-13	580.492	0.922436	337.527	-1236.81
-13	519.714	0.603009	275.966	-1216.21
-13	857.393	1.10746	461.308	-704.364
-13	418.773	0.800517	-1432.88	1340.4
13	491.825	0.808916	-407.522	924.848
-13	697.617	0.218647	-784.823	-77.0352
13	516.76	0.242224	550.293	-1206.44
13	2011.26	0.370429	913.429	-1249.05
13	586.635	1.01007	-302.74	-1387.32
13	415.706	1.1296	-447.87	1367.77
13	443.492	0.459228	-179.574	494.4
-13	1078.65	0.473783	-1278.68	-357.606
-13	459.268	0.690494	264.076	-1037.12
13	424.885	0.118317	612.328	913.362
13	1684.84	0.140997	-266.202	-1188.88
-13	836.18	0.765978	-1167.71	367.914
-13	717.174	0.713083	1345.24	-1405.27
13	467.443	0.774741	1278.37	1133.66
-13	408.081	1.0146	1325.47	1117.03
13	612.192	1.12607	781.61	-59.2617
-13	919.983	0.36412	-1109.99	780.27
13	947.939	1.08591	362.868	-424.202
-13	551.023	0.391394	-635.325	534.189
-13	955.726	0.740079	428.209	1206.37
13	585.055	0.812653	1080.29	142.887
-13	448.427	1.05919	174.596	-544.183
-13	484.102	0.110539	-241.026	-1364.18
13	412.586	1.05951	926.464	-1037.03
13	441.866	0.736171	-125.399	-922.792
-13	442.911	0.200999	965.971	-211.518
13	570.433	0.488367	1214.32	-92.2721
13	503.211	1.12629	902.683	-469.262
-13	435.736	0.802664	921.854	-657.875
-13	1587.02	0.423175	-1232.31	584.455
13	408.068	0.256294	-883.083	700.064
-13	603.003	0.267042	694.796	140.581
-13	412.987	0.360719	-521.115	-428.86
13	466.945	0.734594	-258.831	101.332
-13	685.427	0.645434	878.684	-37.8691
13	403.3	0.816316	-1251.81	448.666
-13	738.616	0.544953	-1390.4	-606.303
-13	452.756	0.909904	-663.381	-685.288
-13	480.504	0.419928	-314.473	996.336
-13	591.856	0.398047	1275.76	566.525
-13	1567.22	0.735048	177.818	-1210.15
13	547.915	0.166516	-467.197	150.175
-13	451.696	0.526984	-519.687	-577.025
-13	483.484	0.526421	-1456.86	-1228.21
13	525.094	0.162651	-888.618	-201.132
13	536.506	0.224445	-13.3542	552.054
13	450.752	0.478989	484.345	-1155.86
-13	634.909	1.08264	1388.03	-634.999
13	487.601	1.16421	1433.66	-96.6145
-13	577.999	0.631187	1153.47	-1004.02
13	662.774	1.04162	808.265	1337.46
-13	553.018	0.721907	1039.87	-799.603
13	461.563	0.943561	1296.64	-500.813
13	427.198	1.07712	81.7943	1456.57
-13	628.934	1.15343	634.855	1130.99
13	989.113	1.14823	124.708	592.764
13	626.878	0.524837	-700.175	-1360
-13	614.748	0.469512	-1489.95	-949.136
13	412.341	0.805576	-1116.21	-654.878
13	493.5	0.563319	249.203	871.457
13	463.039	0.0864054	293.379	-419.351
-13	1088.63	0.859613	-420.576	280.432
-13	1007.26	1.13532	-472.854	246.478
13	577.531	0.62142	1084.3	-556.278
-13	458.246	0.608916	769.108	-809.849
13	472.707	0.423957	-250.129	-86.1532
13	513.169	0.37785	-683.216	-964.025
-13	493.147	0.152537	-984.263	-1019.64
13	1247.12	0.429249	-1328.62	630.511
-13	472.752	0.32349	167.039	-1120.48
13	403.924	0.924	598.12	1177.7
13	498.167	0.613568	259.607	-1093.19
13	423.03	0.277845	1259.67	1217.09
13	511.346	1.15878	974.956	1400.19
-13	445.007	0.388836	486.041	-928.637
13	445.676	1.17933	228.175	-524.111
-13	487.488	0.0487902	1391.45	183.438
13	509.537	1.07309	1057.58	-1361.5
13	988.112	1.15812	-466.084	78.4696
-13	508.41	0.0527503	-1305.91	-614.257
-13	760.178	0.535908	-959.105	-939.014
13	2940.1	0.219199	905.641	456.656
-13	450.967	1.00385	-914.97	402.394
-13	594.317	0.485796	-1342.17	401.164
-13	744.667	0.954647	1044.4	1437.99
13	551.091	0.790799	429.284	892.212
13	1459.12	0.625149	320.826	60.2829
13	592.896	0.720423	-640.799	569.026
13	495.536	0.443287	948.804	956.623
13	527.254	0.540389	1230.83	1330.17
13	557.321	1.00995	293.198	-1410.95
-13	438.887	0.677594	401.077	1429.36
-13	431.889	0.915188	700.338	1230.94
13	588.964	0.888375	-979.654	-1456.91
-13	466.78	0.141265	893.496	1095.5
-13	471.112	0.360892	-1125.16	-624.438
13	704.366	0.443893	411.812	-653.862
-13	552.399	0.378341	-660.242	-360.815
-13	520.803	1.17483	-216.761	740.681
13	1638.2	0.553661	-625.065	-1010.51
-13	581.644	0.507305	-1305.94	-593.362
13	548.052	0.87472	-743.951	-613.043
13	406.599	0.358988	30.9946	628.286
-13	445.173	0.11802	734.239	-675.433
-13	875.203	0.496153	-161.901	-170.361
13	672.713	0.484936	6.97079	-457.066
-13	770.479	0.455973	-899.633	-1206.56
-13	565.234	0.941218	314.718	1134.96
-13	565.751	0.942801	1245.36	-1030.95
-13	518.964	0.359849	-407.264	838.686
-13	672.183	0.690758	-865.214	-477.673
-13	1038.26	1.18124	-436.968	106.985
-13	406.656	0.4658	1356.41	102.692
-13	422.714	0.72793	172.583	1130.23
13	792.737	1.16217	443.154	718.715
13	517.049	0.930407	-18.2645	478.729
-13	1191.95	0.695625	417.374	-613.395
-13	756.028	0.855271	-1355.56	161.439
-13	762.538	0.961771	426.346	-1209.24
-13	654.217	0.345145	1470.25	-815.607
13	605.211	1.20025	1383.78	284.917
13	746.259	0.218131	-467.953	1490.99
-13	565.297	0.812346	1365.12	-877.971
-13	566.35	0.0854668	-1037.25	998.841
13	470.431	0.535585	-801.115	-1001.75
-13	537.453	1.11753	-504.526	102.685
-13	498.856	0.760093	-1065.61	-1392.95
-13	541.714	0.745989	715.544	959.361
-13	601.125	1.18262	-451.078	-275.97
-13	676.828	0.928578	1372.24	359.161
-13	440.142	0.499528	-651.504	247.845
-13	951.572	0.993878	1382.43	761.191
13	1561.19	1.11255	-640.164	-107.035
13	629.205	0.334793	912.487	-647.447
-13	401.953	1.09159	-883.853	-616.23
-13	441.875	0.587237	-754.12	-25.4542
-13	519.555	0.862318	97.2024	71.1059
13	667.223	0.133702	-801.974	-1282.12
-13	548.415	0.138353	426.947	-834.733
-13	726.234	0.813172	-669.494	367.968
-13	780.373	0.586797	-642.666	1429.23
-13	426.331	0.91744	-378.145	583.17
13	410.726	0.863732	-334.085	-472.042
13	430.889	0.278154	819.035	-851.479
13	428.629	0.790635	-999.217	-1327.38
-13	441.109	0.443849	240.688	1458.85
-13	902.563	0.936243	1191.97	-1234.76
-13	599.224	0.788219	-737.888	-972.304
-13	1067.34	0.65863	-621.487	-751.847
-13	1005.78	0.110921	853.969	454.876
-13	479.603	0.907626	-1293.81	814.505
13	831.558	0.400748	-988.236	-1038.14
13	464.514	0.746749	-59.4656	-265.771
-13	1022.71	0.912618	-1293.49	-1452.46
-13	408.603	0.219381	722.211	-1151.12
-13	666.113	0.783713	-223.656	1137.03
13	529.023	0.196475	486.028	826.608
-13	432.735	1.03269	-888.544	-1396.1
-13	1043.18	1.05667	-184.55	1173.31
13	452.585	0.0471041	-152.281	-767.305
13	434.279	1.10302	-624.033	-723.172
13	425.361	0.54985	980.745	-194.85
13	530.45	1.09692	-617.627	324.024
-13	440.827	0.931616	-1012.45	-1131.07
-13	430.983	0.723986	394.794	-77.4881
-13	498.218	0.840176	208.456	989.247
-13	944.709	0.0581919	-840.597	-832.824
13	682.458	0.620117	394.153	-1135.93
13	491.216	1.20618	-144.2	-1055.12
-13	444.829	1.05782	1149.56	884.656
13	499.836	0.097631	290.334	-515.379
-13	711.729	0.318835	1254.37	-1268.87
-13	566.624	1.11361	-992.848	-871.995
-13	408.943	0.679316	-348.448	229.956
13	509.859	0.11711	-1031.03	-172.264
-13	698.276	0.609388	-163.966	241.294
13	838.535	0.767184	-910.872	226.595
-13	425.092	1.04723	1177.91	-1295.19
-13	622.026	0.979122	846.321	22.9551
13	545.618	1.21098	-118.879	210.49
-13	451.806	0.929621	671.796	-1041.85
-13	944.587	1.21204	-809.114	-406.316
13	463.791	0.444388	-824.129	-720.034
-13	533.786	0.383778	-814.142	951.257
-13	584.794	0.796459	945.292	6.358
-13	575.741	0.940115	1255.74	660.522
13	445.813	0.851456	173.422	-86.6996
13	649.442	1.20503	1411.71	-822.962
13	404.76	1.08962	-55.0987	-764.715
13	4561.95	0.0714915	-1207.29	554.966
-13	449.719	0.408911	524.036	-332.997
-13	432.793	0.868359	896.301	439.327
-13	462.727	0.949337	1028.08	434.81
-13	527.401	1.19007	-1153.67	452.197
-13	467.124	0.160863	507.004	442.459
13	617.754	1.12045	-477.511	-1201.02
-13	505.049	0.37293	-908.581	356.004
-13	433.348	0.827374	-323.041	1195.71
13	426.828	0.489874	203.208	-928.063
13	455.195	0.562867	699.297	1246.31
13	412.588	0.750507	-1397.36	-247.097
13	518.931	0.271132	1373.64	1038.42
13	437.621	0.614203	1484.21	-502.429
13	662.625	1.11516	144.066	-970.036
-13	407.502	0.585299	421.682	-976.338
-13	409.087	0.831702	-1201.68	222.497
-13	421.219	0.497087	1371.48	-750.56
13	404.314	0.262149	138.217	910.947
-13	405.089	0.506988	-443.762	-1161.08
13	1113.06	0.878406	395.473	-236.799
-13	762.764	1.07556	-542.174	-495.403
-13	505.647	1.12529	662.179	-67.3102
-13	555.222	0.841322	-443.569	-1148.17
-13	413.983	0.474606	-404.804	1015.39
-13	672.337	0.719976	297.523	-894.583
-13	809.502	1.16789	-1031.2	-1157.16
-13	436.628	1.02163	-839.145	650.666
-13	990.383	0.811693	-233.828	-74.21
-13	414.398	0.596138	-1387.46	-278.524
-13	577.15	1.12026	-201.256	-67.0156
13	1808.72	0.2108	418.912	-437.103
13	1725.3	0.89358	-1095.59	378.754
-13	408.374	0.961235	-1222.73	-92.5612
13	455.393	1.04555	1267.56	1396.9
13	493.384	0.545653	-48.9288	-895.314
13	411.655	1.10629	254.045	1098.76
13	659.991	0.198202	-643.761	-546.138
13	958.903	0.21003	943.441	-1394.1
-13	1282.21	0.498031	-1485.5	-948.183
13	456.851	0.546436	1070.99	-564.431
-13	415.092	0.968804	1149.1	-409.762
-13	474.036	0.908214	-1054.68	-605.227
-13	505.476	1.049	1214.63	30.1473
13	480.534	0.517219	948.622	-644.745
-13	578.329	1.0296	1180.89	327.738
-13	1175.67	0.0585221	1263.73	-660.78
13	493.128	0.888241	-663.661	25.0651
13	556.216	0.127903	-672.853	317.03
13	407.094	0.310291	-136.866	1277.12
-13	655.973	0.634793	1299.21	-64.2547
13	487.622	0.665994	272.166	-413.551
13	458.523	0.640389	-111.483	985.681
13	422.166	0.179915	-237.947	908.15
-13	440.185	1.10157	1182.59	1063.62
-13	598.17	1.06226	250.958	1498.59
13	409.135	0.789597	-437.643	167.216
-13	656.794	0.191007	937.958	811.357
-13	527.232	1.1273	-1130.76	-744.368
-13	508.851	0.938539	-654.281	-363.858
13	454.167	1.13738	1296.57	-1295.32
-13	566.788	0.290252	636.791	-857.449
13	731.106	0.388773	868.701	-1331.14
-13	1044.31	1.21565	-141.779	380.406
-13	1515	1.13636	-1091.79	708.525
13	515.03	0.470246	496.017	75.0165
-13	410.426	0.387152	-943.6	1152.14
13	534.582	0.601497	26.2088	199.532
-13	721.314	0.550002	727.924	1096.45
13	499.946	0.743691	380.162	-664.876
-13	824.725	1.01635	-648.204	986.422
-13	407.843	1.05351	-995.991	-461.641
13	657.84	0.270678	1401.17	789.145
-13	558.007	0.0288445	-1416.96	-1169.81
13	434.263	0.476167	-333.41	-87.5845
13	667.787	0.899375	689.901	1231.15
-13	456.348	0.180864	812.175	-956.713
13	402.897	0.662599	-1482.67	555.322
-13	423.592	0.344584	-35.1464	1274.39
-13	462.5	0.00806975	1068.51	1024.33
-13	472.019	0.792433	387.894	-1274.27
13	411.887	0.627812	266.183	-3.30928
-13	1222.89	0.0691273	469.529	-29.496
13	510.728	0.515258	288.714	79.8658
-13	489.214	0.000693661	1181.86	822.536
-13	475.583	0.652385	-1497.29	-1443.39
-13	782.31	0.737598	-544.477	1304.01
-13	445.428	0.483148	433.154	934.049
13	571.108	1.11071	-227.782	-1399.6
13	566.395	0.699571	-1028.07	21.8243
-13	526.285	0.989417	-298.753	947.677
-13	421.998	1.1968	996.4	582.34
13	1319.06	0.18559	-99.6422	-1289.57
-13	1352.94	0.442376	-459.149	-1192.07
13	423.146	0.0278116	-259.768	1421.99
-13	1186.74	0.0758011	-1324.6	382.276
-13	404.778	1.21409	1468.84	-921.078
-13	1414.4	1.12193	429.526	1330.16
-13	468.263	0.34162	1126.31	837.029
13	407.432	0.395896	-1339.51	-874.595
-13	575.849	0.888511	825.165	-1360.45
-13	548.639	0.477478	874.475	-1166.11
-13	430.725	0.617392	-1120.89	48.8217
-13	639.056	0.875674	577.221	-1381.81
-13	1034.98	0.892444	-1336.44	-446.184
-13	1045.93	1.04748	-887.068	1367.61
-13	411.692	0.205006	-93.69	-428.293
-13	406.237	0.507276	-1366.47	-481.667
13	672.254	0.591489	883.116	672.51
13	479.474	1.11378	-170.282	341.872
-13	450.533	0.156811	-608.999	-1354.36
-13	452.559	0.0370417	129.657	101.14
-13	495.085	1.04936	-1426.3	616.543
-13	416.087	0.194613	-1234.24	827.331
-13	409.029	0.775368	412.255	957.597
-13	566.135	1.08667	1422.38	736.122
-13	410.076	0.455717	-1089.97	-1421.96
13	462.938	0.682544	243.043	-1477.01
13	621.043	0.948899	-407.041	1189.67
-13	1051.18	1.16986	-299.365	-353.231
-13	1223.3	0.875263	607.531	492.845
-13	1312.57	0.199957	1267.15	-667.414
-13	445.27	0.445647	199.884	1256.1
-13	542.385	0.651824	-863.362	-817.735
-13	544.142	1.13884	-920.704	-562.476
-13	615.181	1.08966	10.8839	1347.94
-13	749.332	0.705656	-969.158	-481.724
13	731.193	1.05486	-450.033	-238.404
13	514.909	1.19271	-1392.93	-231.631
-13	600.229	0.628968	1264.61	688.444
-13	479.946	0.00962766	38.2494	325.27
-13	623.894	1.08941	913.57	-1408.94
-13	732.025	1.1667	14.6038	793.929
13	534.751	0.436955	1338.61	1080.78
-13	449.798	0.534063	14.2151	111.379
13	506.494	1.19313	204.35	-417.069
13	534.375	1.11661	1223.97	550.295
-13	1073.21	0.0340745	229.164	936.51
-13	765.939	1.08004	-70.0602	-793.079
-13	410.04	0.856743	1301.08	647.049
-13	514.66	0.199552	919.157	427.754
-13	603.662	1.04364	442.851	-1061.89
13	565.408	0.388766	-884.052	-1086.53
-13	654.385	0.291881	801.993	661.932
13	967.957	0.90288	-231.431	-1275.23
13	459.007	1.01587	1343.72	230.585
13	1192.72	0.721878	-293.009	1019.77
13	563.532	0.973534	-214.512	1240.52
13	443.699	1.11014	1028.32	1289.63
-13	808.601	0.647056	984.529	-258.369
13	430.353	0.0101032	-744.54	-201.682
-13	556.157	0.973054	898.592	-484.6
-13	468.979	0.224639	-697.968	131.696
-13	564.672	0.0307835	-207.624	-430.12
-13	1597.6	1.07723	-384.684	-1356.37
-13	1972.27	1.01908	-250.664	-231.838
-13	642.534	0.795413	121.577	-609.157
-13	802.593	0.636644	494.629	653.94
13	544.779	1.01527	-132.999	-84.15
13	423.568	1.14753	-1497.02	968.208
-13	417.953	0.55387	-168.938	893.716
-13	551.968	1.01319	933.361	271.753
-13	445.721	1.15587	213.304	182.942
13	498.456	0.731534	1122.49	1169.65
-13	466.788	1.18154	470.252	825.25
-13	586.721	0.0969095	821.273	921.486
-13	681.092	1.05904	1484.77	-237.524
-13	467.782	1.08754	1246.1	-193.981
-13	462.356	0.912681	-1264.4	323.433
-13	697.229	0.539563	1025.93	863.673
-13	426.024	0.907873	-1103.23	1114.85
-13	522.178	0.262183	1398.7	1241.74
-13	520.271	0.0615716	-1000.8	-1338.38
-13	491.378	0.923356	-151.7	-1403.99
13	658.356	0.927425	17.8548	-437.793
-13	557.204	0.593094	936.808	-1176.54
-13	475.825	1.16481	-624.574	775.161
-13	424.1	0.103497	-485.141	-420.119
-13	452.349	0.375606	657.746	-933.435
-13	1110.29	0.622153	-599.976	-112.389
13	478.434	0.667745	-962.607	203.464
13	630.397	1.0416	-59.0714	128.381
13	592.96	1.20378	-841.184	543.708
-13	638.371	0.103094	1346.15	-777.2
13	444.44	0.171295	-35.6605	539.644
-13	606.793	0.878868	547.207	-1402.81
13	612.042	0.201116	1281.55	-627.767
-13	435.06	0.367471	512.645	-532.753
-13	2974.93	0.871214	708.557	444.374
-13	450.23	0.547905	918.976	537.584
13	918.013	0.335012	1146.56	-107.382
-13	676.754	0.778837	1438.19	431.089
-13	535.046	1.12258	-1346.82	1044.98
-13	449.942	0.9716	673.499	158.212
-13	461.807	1.01671	1007.25	404.505
13	435.744	1.05837	-150.521	-936.291
-13	522.723	0.353664	1014.33	814.643
13	423.129	1.21719	416.55	-1459.61
13	418.48	0.0869924	1441.25	-1185.63
-13	1465.23	0.898564	1382.51	-1323.19
-13	571.212	1.21945	1467.94	654.338
13	448.142	0.663339	-240.323	943.125
-13	480.148	0.834464	-1015.39	153.511
-13	449.241	0.30623	-616.283	984.99
-13	400.978	0.193723	198.954	53.1479
-13	548.835	0.298106	-81.9605	1264.33
-13	487.837	1.15135	-244.762	593.216
-13	510.778	1.00669	315.231	549.793
-13	571.595	0.408727	1090.39	-350.027
-13	489.824	1.07842	-152.638	1004.25
-13	533.252	1.21725	258.296	-1079.83
-13	529.079	0.440712	924.866	42.5198
-13	982.641	0.162875	-650.381	155.422
-13	683.636	0.0179023	233.421	-664.396
-13	759.27	1.17291	-305.875	557.163
-13	436.275	1.1274	91.672	108.396
13	477.909	0.152286	1350.58	-935.361
13	842.222	0.691768	-369.555	-703.157
13	496.623	0.0997696	-825.486	268.9
-13	604.34	0.730411	1398.21	1167.4
13	460.229	0.787961	-112.07	-1330.21
-13	440.48	0.0299021	1267.03	152.322
-13	573.106	0.0427957	1477.25	417.882
-13	428.033	1.0531	773.311	1165.89
13	486.999	0.903718	-1328.41	625.358
-13	493.55	0.532853	-532.385	-397.323
-13	413.228	1.03036	1101.53	1079.45
13	434.477	0.0636174	-1192.1	511.156
-13	693.148	1.10565	-310.127	-1446.37
-13	417.113	0.225559	769.136	-812.652
13	465.95	1.18248	1004.37	-1462.3
-13	843.083	0.356681	70.2536	1358.34
13	3379.33	0.86898	1267.3	-740.876
13	517.555	0.830574	856.237	585.941
13	456.152	0.0658026	-360.375	-121.271
13	1242.3	1.09179	-382.712	223.742
13	894.691	0.999736	-569.317	-752.174
13	514.075	1.19397	1162	344.925
13	478.491	1.00035	1387.95	-1101.28
13	435.4	1.06077	565.842	717.495
-13	1007.55	0.948555	-1023.6	-384.175
13	752.198	0.924212	84.6305	1079.24
13	575.237	0.795955	1079.3	565.714
-13	466.513	0.679115	-1319.81	-779.001
13	420.034	0.854727	297.268	477.424
-13	461.623	1.21948	-1151.92	827.31
-13	512.412	0.62796	-527.273	-630.376
13	550.377	0.550836	592.298	1207.14
-13	443.716	0.732742	-520.002	-441.017
-13	1545.16	0.0887088	1094	407.057
-13	656.788	0.993356	-557.932	-950.52
13	547.474	0.616256	-476.554	-126.203
-13	472.817	0.986396	-920.015	-1138.94
-13	526.633	0.195676	-485.037	826.564
13	1007.13	0.206749	262.098	-734.192
-13	1716.18	0.774191	-329.998	192.559
-13	2952.31	1.22033	1183.53	-841.164
13	497.668	0.526726	-1113.73	-1018.19
13	775.332	0.59953	1460.11	-439.163
13	973.735	1.19848	-1069.38	-54.7575
-13	594.141	0.54674	-235.078	-167.895
-13	634.35	0.710198	1383.33	598.417
-13	418.4	0.333758	16.5794	-156.572
13	586.53	0.911159	1223.39	-1192.16
-13	1063.87	0.593197	218.388	217.78
13	437.217	0.143533	843.931	-1456.13
-13	436.174	0.390304	-421.107	527.382
-13	1259.39	1.2159	-547.337	-252.545
13	762.869	0.979825	-964.77	1105.78
13	1529.1	0.400092	-241.379	-576.029
13	446.355	1.13572	591.099	1475.3
-13	421.247	0.677995	-1071.32	-715.758
-13	1404.29	0.936977	1495.3	1096.17
-13	408.992	0.33086	-45.0553	1097.16
13	1524.83	0.462866	877.57	794.759
13	1190.38	1.18105	625.2	1036.23
-13	507.251	0.475931	-712.286	-607.803
-13	431.999	0.789027	-78.6152	-56.7333
-13	434.945	0.958189	-595.474	-1347.75
13	447.702	0.952667	-153.673	-453.382
13	1062.49	1.16233	-967.489	-922.393
-13	416.968	0.441983	-618.338	-800.699
13	589.479	0.627873	154.512	866.536
-13	1742.71	1.11757	-635.327	286.585
-13	441.26	0.56349	-969.527	251.264
-13	438.103	0.315711	1101.17	-530.591
13	646.517	1.03154	-356.939	-632.499
13	530.755	0.0151624	1364.33	986.122
-13	975.354	1.17352	-235.671	357.738
13	951.959	0.556924	1378.23	111.429
-13	423.005	0.311965	-297.969	663.416
13	523.805	0.47221	1019.26	577.628
-13	436.77	1.20786	846.17	-516.291
-13	467.729	0.0638157	831.782	621.653
-13	692.424	1.15064	909.065	271.484
-13	653.79	0.433823	839.441	1159.87
-13	960.276	0.21156	-144.154	-377.134
13	752.99	1.12143	539.204	1453.69
-13	486.993	0.593067	222.761	1334.5
-13	468.632	0.58312	1052.95	-211.532
-13	517.448	1.16282	451.485	-1041.55
-13	1152.21	0.853471	70.9937	-34.2729
13	453.633	0.721134	325.432	-1057.55
13	432.874	0.438735	-1204.53	59.8285
-13	605.662	0.403195	1423.04	-286.083
-13	765.678	1.10972	-1412.24	1101.79
13	671.5	1.21567	115.416	-833.538
-13	1735.95	0.625673	-1164.64	796.562
-13	1230.52	1.14516	9.02645	-1190.84
13	813.378	0.151558	-1275.74	463.184
-13	630.15	1.15819	789.3	-1261.6
13	1371.65	0.721878	192.215	-1043.55
-13	514.293	0.272166	-0.558391	-9.78297
-13	655.167	0.306488	766.762	-1257.81
13	727.385	0.778717	-1325.72	933.224
-13	438.134	0.502803	-480.29	209.999
13	686.575	1.09646	-570.531	-1347.82
-13	1167.21	0.283294	1259.95	291.456
13	1834.85	1.05008	136.761	1378.3
-13	695.772	0.833255	-853.734	-599.009
-13	475.545	0.0777454	-1417.37	-1435.62
-13	668.252	1.13254	1248.12	787.717
-13	439.999	1.04056	-256.894	-469.479
13	663.241	0.0912365	-247.758	427.235
-13	597.527	0.413535	390.74	13.6012
-13	563.805	0.188177	-1117.43	-470.55
13	552.351	0.426994	171.458	-1006.73
-13	545.068	0.022306	788.599	674.27
13	633.008	1.10388	-89.2412	640.989
-13	3480.77	1.20822	498.696	-53.7039
13	401.281	1.18121	-512.369	1452.57
-13	455.13	1.03484	1393.39	-923.798
-13	434.586	0.724161	-1401.74	799.557
13	553.18	0.993351	-264.015	-279.573
13	434.53	0.83834	-109.965	248.315
13	516.724	1.19081	-1118.26	-1284.47
-13	570.152	1.2158	-1321.28	1008.88
13	501.878	0.0111211	548.715	346.958
-13	4889.02	0.711072	691.808	1283.54
13	417.774	0.694972	-503.82	-189.442
-13	570.813	0.557849	1346.94	840.468
13	496.953	0.280427	-546.964	211.185
-13	1132.51	0.829917	-762.021	346.638
-13	500.718	0.157477	35.4041	1263.82
13	620.469	0.475164	762.258	360.064
-13	452.691	0.185504	-613.838	355.415
13	462.756	0.834147	-277.553	-1055.61
13	432.653	0.594607	-1323.66	-603.733
-13	693.607	0.250367	-1223.71	-943.712
-13	524.966	0.639347	-1410.46	126.289
13	518.232	1.13538	-655.486	-1090.26
-13	780.389	1.12434	803.518	741.299
-13	733.008	0.548056	-508.653	1346.67
-13	445.922	0.140679	-139.933	281.33
-13	905.797	0.855822	-838.038	622.897
13	886.855	0.84263	359.283	1251.7
13	414.638	0.00481259	-147.369	1344.2
-13	419.503	1.11594	-925.931	357.328
-13	560.546	1.21993	225.162	-1090.9
13	546.759	1.05609	-720.846	151.762
13	453.264	0.0667866	625.635	748.752
13	416.044	0.167018	1330.78	1438.22
13	482.036	0.512689	631.886	-1372.14
-13	450.694	1.07833	745.928	-1091.58
13	826.721	0.392346	1115.17	912.093
13	452.135	1.16246	539.125	108.817
13	465.2	1.16487	993.86	421.395
13	409.685	1.10171	442.737	38.0197
13	609.066	1.06167	595.694	-850.043
-13	413.757	0.818089	1392.2	-1156.13
-13	427.183	0.487748	451.888	300.662
-13	1623.46	1.01709	1260.25	-1050.16
13	1452.38	0.952884	-294.634	475.664
-13	413.987	0.648954	1387.09	-540.716
-13	590.431	0.528342	-1245.61	-1031.55
-13	561.865	0.811829	-1312.4	759.581
-13	401.663	0.693858	140.125	991.879
13	440.653	0.846935	-1309.51	-197.988
-13	675.112	1.027	-1056.07	-147.437
-13	425.548	0.658997	-242.409	-704.854
13	420.58	0.749903	-970.457	317.661
-13	508.584	0.110944	1443.42	698.981
13	407.112	0.466935	-822.003	462.283
-13	437.695	0.388687	389.221	-1123.17
13	632.231	1.06711	-142.179	1187.81
-13	406.643	0.289802	-562.672	399.857
13	678.712	0.441155	519.759	884.433
-13	547.905	0.645322	170.177	698.885
-13	411.715	0.268418	1031.95	-8.79071
13	553.061	0.34467	288.765	-324.041
-13	446.34	0.411554	828.485	-732.558
-13	819.313	1.20319	-854.624	349.603
13	427.763	0.486228	222.543	1294.67
13	567.276	0.143833	1172.23	695.685
13	642.449	0.660536	-836.098	240.66
13	451.953	0.355973	115.672	887.708
-13	484.307	0.484033	1413.44	942.254
-13	404.956	0.508837	310.374	-1311.16
13	614.815	1.17831	-1095.12	-2.02673
13	636.729	0.9349	-309.167	-742.152
13	794.365	0.51333	1430.93	-385.958
13	529.292	1.15455	-640.867	-1076.67
13	738.345	1.08399	59.0069	-109.404
-13	780.726	0.464894	-1089.07	113.032
13	507.745	0.615172	737.322	1315.66
13	493.384	0.545653	-48.9288	-895.314
13	411.655	1.10629	254.045	1098.76
13	659.991	0.198202	-643.761	-546.138
13	958.903	0.21003	943.441	-1394.1
-13	1282.21	0.498031	-1485.5	-948.183
13	456.851	0.546436	1070.99	-564.431
-13	415.092	0.968804	1149.1	-409.762
-13	474.036	0.908214	-1054.68	-605.227
-13	505.476	1.049	1214.63	30.1473
13	480.534	0.517219	948.622	-644.745
-13	578.329	1.0296	1180.89	327.738
-13	1175.67	0.0585221	1263.73	-660.78
13	493.128	0.888241	-663.661	25.0651
13	556.216	0.127903	-672.853	317.03
13	407.094	0.310291	-136.866	1277.12
-13	655.973	0.634793	1299.21	-64.2547
13	487.622	0.665994	272.166	-413.551
13	458.523	0.640389	-111.483	985.681
13	422.166	0.179915	-237.947	908.15
-13	440.185	1.10157	1182.59	1063.62
-13	598.17	1.06226	250.958	1498.59
13	409.135	0.789597	-437.643	167.216
-13	656.794	0.191007	937.958	811.357
-13	527.232	1.1273	-1130.76	-744.368
-13	508.851	0.938539	-654.281	-363.858
13	454.167	1.13738	1296.57	-1295.32
-13	566.788	0.290252	636.791	-857.449
13	731.106	0.388773	868.701	-1331.14
-13	1044.31	1.21565	-141.779	380.406
-13	1515	1.13636	-1091.79	708.525
13	515.03	0.470246	496.017	75.0165
-13	410.426	0.387152	-943.6	1152.14
13	534.582	0.601497	26.2088	199.532
-13	721.314	0.550002	727.924	1096.45
13	499.946	0.743691	380.162	-664.876
-13	824.725	1.01635	-648.204	986.422
-13	407.843	1.05351	-995.991	-461.641
13	657.84	0.270678	1401.17	789.145
-13	558.007	0.0288445	-1416.96	-1169.81
13	434.263	0.476167	-333.41	-87.5845
13	667.787	0.899375	689.901	1231.15
-13	456.348	0.180864	812.175	-956.713
13	402.897	0.662599	-1482.67	555.322
-13	423.592	0.344584	-35.1464	1274.39
-13	462.5	0.00806975	1068.51	1024.33
-13	472.019	0.792433	387.894	-1274.27
13	411.887	0.627812	266.183	-3.30928
-13	1222.89	0.0691273	469.529	-29.496
13	510.728	0.515258	288.714	79.8658
-13	489.214	0.000693661	1181.86	822.536
-13	475.583	0.652385	-1497.29	-1443.39
-13	782.31	0.737598	-544.477	1304.01
-13	445.428	0.483148	433.154	934.049
13	571.108	1.11071	-227.782	-1399.6
13	566.395	0.699571	-1028.07	21.8243
-13	526.285	0.989417	-298.753	947.677
13	445.052	0.389379	-123.963	-884.042
13	475.021	0.24092	-1342.42	-95.1357
13	429.839	0.508139	104.301	-1163.8
13	433.611	0.273223	-354.593	-783.871
-13	508.011	0.162035	-32.6166	628.297
13	535.704	0.141474	-843.608	787.599
-13	416.078	0.217949	-865.768	1494.55
13	494.368	0.0261026	-1242.08	-353.428
-13	435.021	0.704232	-1198.14	-821.531
-13	507.308	0.190649	757.979	937.366
-13	779.133	1.21363	-234.34	1333.8
-13	3761.45	1.18834	-727.7	-887.204
-13	447.896	0.646482	-699.639	888.257
-13	602.739	0.749402	653.79	222.728
13	698.023	1.1947	-1068.16	-478.814
-13	526.232	0.867755	-1244.49	-146.36
-13	504.891	1.02612	-1166.71	1474.28
13	432.866	0.35392	1178.93	748.207
-13	414.215	0.469565	866.03	934.084
-13	429.218	0.296478	-209.233	719.729
-13	746.023	0.058906	-310.338	-446.125
-13	400.401	0.764917	-1374.11	-1260.88
-13	588.975	0.526093	-316.116	-1084.4
13	448.021	0.646614	-876.561	-113.101
-13	780.455	0.546539	370.745	-1288
-13	626.284	0.393201	176.957	-1262.07
13	997.424	0.514637	559.772	-1445.38
-13	771.044	1.19361	1164.98	-223.427
13	460.745	1.07864	431.445	95.2499
-13	442.476	0.725165	1070.45	-195.18
13	444.286	0.627144	-1278.41	-1027.42
-13	675.612	0.0820483	829.91	839.322
-13	820.493	0.593519	437.087	180.324
-13	920.983	1.01788	557.731	953.133
13	488.311	0.390408	580.379	251.132
13	663.678	0.740398	-205.582	-1361.59
-13	567.899	0.433908	-1297.97	-313.574
13	466.523	0.925159	-560.025	200.31
-13	529.147	1.05856	685.385	-1292.81
13	583.594	0.236844	6.02492	-685.085
-13	735.377	0.895536	-569.078	1204.16
-13	424.826	0.759755	327.619	1477.68
-13	472.817	0.986396	-920.015	-1138.94
-13	526.633	0.195676	-485.037	826.564
13	1007.13	0.206749	262.098	-734.192
-13	1716.18	0.774191	-329.998	192.559
-13	2952.31	1.22033	1183.53	-841.164
13	497.668	0.526726	-1113.73	-1018.19
13	775.332	0.59953	1460.11	-439.163
13	973.735	1.19848	-1069.38	-54.7575
-13	594.141	0.54674	-235.078	-167.895
-13	634.35	0.710198	1383.33	598.417
-13	418.4	0.333758	16.5794	-156.572
13	586.53	0.911159	1223.39	-1192.16
-13	1063.87	0.593197	218.388	217.78
13	437.217	0.143533	843.931	-1456.13
-13	436.174	0.390304	-421.107	527.382
-13	1259.39	1.2159	-547.337	-252.545
13	762.869	0.979825	-964.77	1105.78
13	1529.1	0.400092	-241.379	-576.029
13	446.355	1.13572	591.099	1475.3
-13	421.247	0.677995	-1071.32	-715.758
-13	1404.29	0.936977	1495.3	1096.17
-13	408.992	0.33086	-45.0553	1097.16
13	1524.83	0.462866	877.57	794.759
13	1190.38	1.18105	625.2	1036.23
-13	507.251	0.475931	-712.286	-607.803
-13	431.999	0.789027	-78.6152	-56.7333
-13	434.945	0.958189	-595.474	-1347.75
13	447.702	0.952667	-153.673	-453.382
13	1062.49	1.16233	-967.489	-922.393
-13	416.968	0.441983	-618.338	-800.699
13	589.479	0.627873	154.512	866.536
-13	1742.71	1.11757	-635.327	286.585
-13	441.26	0.56349	-969.527	251.264
-13	438.103	0.315711	1101.17	-530.591
13	646.517	1.03154	-356.939	-632.499
13	530.755	0.0151624	1364.33	986.122
-13	975.354	1.17352	-235.671	357.738
13	951.959	0.556924	1378.23	111.429
-13	423.005	0.311965	-297.969	663.416
13	523.805	0.47221	1019.26	577.628
-13	436.77	1.20786	846.17	-516.291
-13	467.729	0.0638157	831.782	621.653
-13	692.424	1.15064	909.065	271.484
-13	653.79	0.433823	839.441	1159.87
-13	960.276	0.21156	-144.154	-377.134
13	752.99	1.12143	539.204	1453.69
-13	486.993	0.593067	222.761	1334.5
-13	468.632	0.58312	1052.95	-211.532
13	719.162	0.992359	548.979	68.932
-13	539.735	0.838885	489.933	-417.2
-13	429.384	0.394167	1419.24	961.653
-13	541.471	0.296627	-1137.44	-892.873
-13	716.853	0.872176	-1226.9	209.684
-13	1274	1.15637	-1003.61	969.28
-13	484.746	0.175667	-1120.13	-337.311
-13	476.794	1.09227	457.129	608.067
13	431.36	0.887134	458.496	921.957
-13	556.484	0.146148	-674.411	-704.566
13	732.495	0.0390575	260.205	-692.162
-13	443.438	0.365833	492.263	996.38
-13	653.435	0.778788	-360.251	1345.88
13	428.657	0.532665	-306.116	-1055.4
-13	412.608	0.91322	-1326.64	-1019.78
-13	573.293	1.10278	767.46	933.56
13	475.24	0.943196	-631.02	-278.978
-13	727.944	0.787539	308.146	-286.068
-13	727.804	0.645207	-207.909	-791.653
-13	410.245	0.370417	1102.17	506.543
-13	426.722	0.430996	-530.319	-795.09
-13	501.277	0.087355	-800.804	-1480.63
-13	771.475	1.07908	-368.759	82.5998
13	435.039	0.887873	-697.751	809.543
-13	430.852	0.798613	-192.781	58.1248
-13	430.351	0.853103	1349.15	1095.56
-13	840.357	1.17574	-513.705	788.554
-13	989.928	0.52787	13.595	417.556
-13	476.107	1.18349	-208.782	-1332.6
13	532.552	1.02201	-1469.57	-658.185
-13	854.451	0.5381	862.462	-1368.59
13	404.783	1.14703	-115.033	-717.94
-13	1153.9	0.413833	958.504	1002.62
13	1128.51	1.16127	1032.04	-1395.07
13	1010.35	0.798503	299.773	619.496
13	703.583	0.545398	-396.847	998.642
-13	430.891	0.708367	-432.832	-301.183
13	416.051	1.0331	-833.865	-1214.93
-13	537.727	1.03168	1027.02	-1447.74
13	484.711	0.282841	385.35	-1150.98
-13	569.454	1.09797	1003.24	901.504
13	458.118	0.0836234	-600.88	1332.41
-13	615.808	0.0054757	499.654	-1440.03
13	592.952	0.785385	-1435.32	-659.691
13	579.416	0.595083	488.055	1412.88
13	715.669	0.11206	161.414	-792.794
-13	404.895	0.322575	491.057	91.659
13	1317.86	1.16234	-798.088	-451.561
-13	763.429	0.556039	-276.529	1429.44
-13	524.966	0.639347	-1410.46	126.289
13	518.232	1.13538	-655.486	-1090.26
-13	780.389	1.12434	803.518	741.299
-13	733.008	0.548056	-508.653	1346.67
-13	445.922	0.140679	-139.933	281.33
-13	905.797	0.855822	-838.038	622.897
13	886.855	0.84263	359.283	1251.7
13	414.638	0.00481259	-147.369	1344.2
-13	419.503	1.11594	-925.931	357.328
-13	560.546	1.21993	225.162	-1090.9
13	546.759	1.05609	-720.846	151.762
13	453.264	0.0667866	625.635	748.752
13	416.044	0.167018	1330.78	1438.22
13	482.036	0.512689	631.886	-1372.14
-13	450.694	1.07833	745.928	-1091.58
13	826.721	0.392346	1115.17	912.093
13	452.135	1.16246	539.125	108.817
13	465.2	1.16487	993.86	421.395
13	409.685	1.10171	442.737	38.0197
13	609.066	1.06167	595.694	-850.043
-13	413.757	0.818089	1392.2	-1156.13
-13	427.183	0.487748	451.888	300.662
-13	1623.46	1.01709	1260.25	-1050.16
13	1452.38	0.952884	-294.634	475.664
-13	413.987	0.648954	1387.09	-540.716
-13	590.431	0.528342	-1245.61	-1031.55
-13	561.865	0.811829	-1312.4	759.581
-13	401.663	0.693858	140.125	991.879
13	440.653	0.846935	-1309.51	-197.988
-13	675.112	1.027	-1056.07	-147.437
-13	425.548	0.658997	-242.409	-704.854
13	420.58	0.749903	-970.457	317.661
-13	508.584	0.110944	1443.42	698.981
13	407.112	0.466935	-822.003	462.283
-13	437.695	0.388687	389.221	-1123.17
13	632.231	1.06711	-142.179	1187.81
-13	406.643	0.289802	-562.672	399.857
13	678.712	0.441155	519.759	884.433
-13	547.905	0.645322	170.177	698.885
-13	411.715	0.268418	1031.95	-8.79071
13	553.061	0.34467	288.765	-324.041
-13	446.34	0.411554	828.485	-732.558
-13	819.313	1.20319	-854.624	349.603
13	427.763	0.486228	222.543	1294.67
13	567.276	0.143833	1172.23	695.685
13	642.449	0.660536	-836.098	240.66
13	451.953	0.355973	115.672	887.708
-13	484.307	0.484033	1413.44	942.254
-13	404.956	0.508837	310.374	-1311.16
13	614.815	1.17831	-1095.12	-2.02673
13	636.729	0.9349	-309.167	-742.152
13	794.365	0.51333	1430.93	-385.958
13	529.292	1.15455	-640.867	-1076.67
13	738.345	1.08399	59.0069	-109.404
-13	780.726	0.464894	-1089.07	113.032
13	507.745	0.615172	737.322	1315.66
-13	592.542	0.294516	-705.521	-253.895
-13	519.431	0.568933	-350.289	138.263
-13	459.843	0.254904	966.362	-994.916
13	402.996	0.104913	896.285	-549.016
13	402.527	0.588038	-993.905	-205.725
-13	725.361	0.535336	548.006	480.734
13	1069.25	1.00695	1021.84	-415.072
-13	572.481	0.996356	1067.84	-661.117
-13	400.049	1.01678	-136.186	1432.77
-13	1577.04	0.667809	-376.252	-592.549
13	454.696	0.0378944	-929.485	-1052.88
13	920.53	0.255415	-814.814	1296.3
13	1047.43	0.873242	-229.623	-14.5939
-13	468.263	0.586263	488.222	-725.626
-13	614.584	0.518486	-758.287	-1479.01
-13	637.468	0.0231596	-888.14	-455.33
-13	458.064	0.737604	-1138.71	-834.405
13	618.557	1.1815	-1235.48	474.096
-13	522.527	0.731139	-397.277	991.733
13	612.603	0.475028	888.427	-804.882
13	674.361	0.992545	-1302.15	687.393
-13	431.76	1.10181	1057.84	903.172
13	488.675	0.11511	-983.994	-185.526
-13	420.952	0.710988	1030.18	106.885
-13	412.469	0.137745	-1288.99	667.781
-13	431.168	0.870416	-1430.97	1270.56
-13	600.261	0.365872	707.429	1037
-13	483.388	0.450743	807.707	-121.052
-13	461.07	0.310179	1281.72	-28.6788
13	470.198	0.102366	-411.682	964.381
-13	565.854	1.219	1039.5	-1012.97
13	437.915	0.440258	1388.79	-1072.47
-13	676.439	1.16142	791.598	-280.068
13	427.479	0.286578	-203.149	789.38
-13	641.085	0.0644064	74.181	1126.27
13	2874.42	0.652357	396.974	1263.61
13	522.773	0.211447	-1431.37	-95.3881
-13	698.757	1.11961	-720.661	1138.81
-13	491.501	0.603344	-251.784	623.177
13	529.87	0.513162	-385.324	-595.267
-13	424.452	0.0585797	-126.16	-66.0089
13	882.559	0.980976	-569.537	-452.499
-13	430.234	0.0951012	740.408	-1000.17
-13	501.776	0.963036	-81.6263	1467.78
-13	534.887	1.01804	611.06	525.535
-13	779.733	0.9381	-219.718	246.791
-13	530.617	0.828446	-923.037	-1335.8
13	512.741	0.731503	449.249	251.336
13	715.944	1.11608	-1299.65	90.302
13	491.216	1.20618	-144.2	-1055.12
-13	444.829	1.05782	1149.56	884.656
13	499.836	0.097631	290.334	-515.379
-13	711.729	0.318835	1254.37	-1268.87
-13	566.624	1.11361	-992.848	-871.995
-13	408.943	0.679316	-348.448	229.956
13	509.859	0.11711	-1031.03	-172.264
-13	698.276	0.609388	-163.966	241.294
13	838.535	0.767184	-910.872	226.595
-13	425.092	1.04723	1177.91	-1295.19
-13	622.026	0.979122	846.321	22.9551
13	545.618	1.21098	-118.879	210.49
-13	451.806	0.929621	671.796	-1041.85
-13	944.587	1.21204	-809.114	-406.316
13	463.791	0.444388	-824.129	-720.034
-13	533.786	0.383778	-814.142	951.257
-13	584.794	0.796459	945.292	6.358
-13	575.741	0.940115	1255.74	660.522
13	445.813	0.851456	173.422	-86.6996
13	649.442	1.20503	1411.71	-822.962
13	404.76	1.08962	-55.0987	-764.715
13	4561.95	0.0714915	-1207.29	554.966
-13	449.719	0.408911	524.036	-332.997
-13	432.793	0.868359	896.301	439.327
-13	462.727	0.949337	1028.08	434.81
-13	527.401	1.19007	-1153.67	452.197
-13	467.124	0.160863	507.004	442.459
13	617.754	1.12045	-477.511	-1201.02
-13	505.049	0.37293	-908.581	356.004
-13	433.348	0.827374	-323.041	1195.71
13	426.828	0.489874	203.208	-928.063
13	455.195	0.562867	699.297	1246.31
13	412.588	0.750507	-1397.36	-247.097
13	518.931	0.271132	1373.64	1038.42
13	437.621	0.614203	1484.21	-502.429
13	662.625	1.11516	144.066	-970.036
-13	407.502	0.585299	421.682	-976.338
-13	409.087	0.831702	-1201.68	222.497
-13	421.219	0.497087	1371.48	-750.56
13	404.314	0.262149	138.217	910.947
-13	405.089	0.506988	-443.762	-1161.08
13	1113.06	0.878406	395.473	-236.799
-13	762.764	1.07556	-542.174	-495.403
-13	505.647	1.12529	662.179	-67.3102
-13	555.222	0.841322	-443.569	-1148.17
-13	413.983	0.474606	-404.804	1015.39
-13	672.337	0.719976	297.523	-894.583
-13	809.502	1.16789	-1031.2	-1157.16
-13	436.628	1.02163	-839.145	650.666
-13	990.383	0.811693	-233.828	-74.21
-13	414.398	0.596138	-1387.46	-278.524
-13	577.15	1.12026	-201.256	-67.0156
13	1808.72	0.2108	418.912	-437.103
13	1725.3	0.89358	-1095.59	378.754
-13	408.374	0.961235	-1222.73	-92.5612
13	455.393	1.04555	1267.56	1396.9
-13	626.73	0.881421	-1478.71	640.344
13	576.221	0.256756	-1201.76	-126.503
-13	508.554	0.815545	-92.7416	-1053.34
13	540.254	0.658465	-944.118	745.784
-13	496.587	0.446565	69.101	202.462
13	492.451	0.85439	-1183.82	1198.31
13	403.043	0.625091	-807.854	1218.39
13	420.107	0.0715043	52.5334	-1213.15
-13	671.772	0.757038	-1079.79	920.666
-13	551.492	0.81123	-468.741	1191.33
-13	625.143	0.712994	174.453	-27.9136
13	2386.5	0.242811	-903.856	1064.93
-13	457.402	0.325584	696.687	-630.873
-13	575.394	0.873331	316.953	-1182.77
13	402.116	0.279785	582.605	-254.23
-13	583.617	0.410266	1136.53	-181.428
13	446.752	0.761132	1290.09	1355.31
-13	438.086	1.00308	-304.766	212.933
13	438.124	1.04111	103.676	28.5555
13	507.333	0.709471	216.736	342.789
-13	583.153	0.736189	-1255.55	834.325
13	1054.13	0.762265	-1409.05	892.93
-13	1610.93	0.0333052	-532.604	508.86
13	914.578	0.948835	705.539	-837.286
13	481.658	0.953151	-764.372	-308.155
13	833.245	1.02878	-598.369	174.719
-13	617.388	0.804422	328.489	-164.032
13	543.396	1.17503	-1138.44	1112.37
-13	468.874	0.434886	-52.6645	-933.128
-13	1643.43	0.377569	-1492.02	-995.047
-13	448.381	0.966495	990.13	567.094
-13	407.702	0.558796	-1174.81	-1323.72
-13	495.102	0.633702	1074.87	-1295.74
-13	507.825	0.948546	539.877	1349.2
-13	488.999	0.214932	1130.92	1107.22
-13	417.341	1.06871	-1476.56	915.239
13	779.883	0.15703	-510.905	521.289
-13	425.487	0.763387	935.147	-913.808
-13	414.108	0.41616	-1108.89	-723.173
-13	565.166	1.14944	-113.112	642.134
-13	400.712	0.756225	1448.81	381.835
-13	652.504	0.243304	180.626	1003.42
-13	879.977	0.896651	-329.694	569.971
13	515.529	0.636461	-1491.74	1224.86
13	729.296	0.88111	709.716	467.339
-13	587.18	1.06388	-1185.45	449.815
-13	469.024	0.604248	-1123.02	467.056
-13	516.753	0.191131	-293.975	88.1112
-13	426.586	0.853037	-951.786	-1120.83
-13	907.953	0.793256	-1483.98	1298.79
-13	780.273	0.9057	-1320.57	-1255.71
-13	470.065	0.686445	-213.999	526.142
-13	645.115	1.06403	-970.657	1258.17
-13	450.934	0.482924	-28.2112	1076.15
-13	925.497	0.363307	1150.3	936.934
13	744.808	0.890967	-706.165	-222.787
-13	520.455	0.0677451	-1311.77	76.9283
13	400.243	0.67061	1151.7	-950.029
-13	695.509	0.542092	820.015	379.3
13	416.236	0.543034	19.0546	-913.182
-13	475.688	1.12453	1229.68	-1447.03
-13	447.477	0.837528	-1315.25	1353.96
-13	1317.33	0.563998	-881.208	1401.82
-13	1395.42	1.08717	1475.88	1070.83
-13	439.919	1.12719	-1411.58	1232.18
-13	420.893	0.987386	-1255.4	1133.02
13	489.561	0.179955	1115.08	-544.884
13	3004.68	1.12471	142.837	1458.43
13	514.607	0.205576	-945.135	-1458.78
-13	3121.75	0.285587	-422.651	1487.39
-13	694.886	1.01374	394.571	159.402
13	449.004	1.12796	1319.8	-47.405
-13	609.49	0.697009	-130.13	-339.24
-13	499.573	0.459863	1161.84	1484.48
-13	613.13	0.732782	-1401.98	-1026.77
-13	621.482	1.06056	-829.603	-978.195
13	543.33	0.243049	1119.5	729.365
-13	407.612	0.942914	-361.841	-998.408
13	745.396	0.728043	-1236.84	-945.941
-13	414.174	0.151742	-979.462	-80.182
-13	1000.64	0.193982	-769.388	-369.778
-13	541.009	1.06467	1195.48	-242.407
-13	424.19	1.1399	-610.791	-154.687
-13	1062.09	1.18174	-39.621	-569.18
-13	623.292	0.889469	-582.929	-1009.54
-13	761.88	0.623176	383.516	438.195
13	402.64	0.240875	654.031	529.18
-13	779.956	1.20713	-191.039	1171.96
-13	653.145	0.559617	-967.942	956.627
13	1540.59	0.738307	-1042.83	277.667
-13	443.836	1.17022	470.624	-638.279
-13	1085.29	0.0904392	-1331.67	693.145
13	518.928	1.07271	-1334.15	-609.121
-13	449.556	0.931574	350.768	-1158.82
13	470.666	0.270884	1350.57	577.043
-13	643.93	0.0076078	14.5948	310.938
13	1855.7	0.427915	-1165.68	201.375
-13	700.265	0.182113	-533.287	-183.179
13	756.006	0.273954	34.3856	-1176.66
13	747.852	0.871322	-746.139	-833.511
13	528.062	1.17031	91.4107	1180.85
-13	546.556	0.417172	-416.592	-1378.75
13	408.461	1.20128	-653.093	-549.963
13	953.55	0.291504	742.004	-1340.94
13	400.072	0.399349	-609.243	-1241
13	461.754	0.11988	1374.94	-153.713
-13	678.967	0.2351	1076.38	737.026
13	464.071	0.133788	-762.087	-111.647
-13	621.074	0.438763	935.936	-709.056
13	582.287	0.702713	-507.613	-219.88
13	476.214	0.716197	-570.372	611.508
-13	563.187	1.16408	-1417.93	1025.37
-13	775.933	1.11234	-208.657	-486.796
-13	846.697	0.730151	-144.525	1407.94
-13	506.664	0.441161	877.85	-1104.39
13	483.404	1.06913	1323.73	827.195
13	402.504	0.613619	496.553	-259.762
13	533.472	0.801635	559.684	1405.19
13	401.08	0.540749	-700.389	-671.49
-13	1797.2	0.65912	339.618	-387.521
13	874.805	0.765359	488.718	1480
-13	467.31	0.732686	1134.93	-1403.94
-13	728.481	0.75855	-1235.97	-1439.92
-13	949.746	1.1855	-518.747	-1417.55
-13	442.449	0.349796	-1131.33	735.345
13	401.643	1.21245	303.604	-449.043
13	776.642	1.10506	929.706	-238.398
-13	3421.8	0.333068	-483.582	710.214
-13	442.694	0.91208	-1387.02	544.164
-13	510.838	0.925717	291.827	393.721
-13	743.192	0.366402	722.419	729.788
-13	411.261	0.261917	-642.982	-50.9279
-13	627.209	0.921881	687.852	-26.3822
-13	452.04	0.903356	-538.719	227.058
13	432.475	1.16221	1171.56	716.479
13	620.895	0.557616	952.395	-1125.63
13	1010.12	1.09835	-263.555	41.1277
-13	892.978	1.03611	1324.63	-1324.07
13	1109.29	0.798852	763.494	-709.717
13	604.53	0.427276	-205.311	-602.754
13	529.071	0.753499	737.954	-462.927
-13	423.757	0.611654	1288.32	-174.577
-13	451.75	1.01753	-728.487	-927.819
-13	494.672	0.70317	-399.432	-1098.45
-13	547.596	1.18396	842.165	94.1525
13	402.947	0.583405	435.788	81.7181
-13	785.635	0.353061	-782.756	-678.193
13	641.221	0.97409	-637.849	-621.464
-13	436.122	0.100359	-625.721	19.3243
13	1423.62	0.402177	-91.9584	-252.185
-13	513.985	0.412108	-1363.73	518.78
-13	651.348	1.19036	1215.05	-18.4446
-13	1430.17	0.691766	493.726	688.477
-13	1543.26	0.734503	1321.45	476.486
-13	826.63	0.87994	780.093	-811.793
-13	701.126	0.705469	-79.5761	614.143
13	413.969	0.0453982	-426.896	787.678
13	2215.9	0.625814	977.225	-536.877
-13	431.845	1.07345	327.945	-1179.74
13	585.1	0.234851	468.891	1116.71
13	400.919	0.677439	1205.37	1264.31
-13	488.361	0.870434	-999.165	807.239
13	405.746	0.885954	433.63	-502.923
-13	463.27	1.08036	-784.695	-1078.82
13	606.631	0.423227	-324.221	420.187
-13	539.271	0.269193	619.624	-1488.02
-13	760.918	0.638687	-313.101	-90.4003
-13	1175.97	0.608879	-205.866	685.924
13	777.117	1.1826	630.415	-1427.57
-13	482.409	1.03856	1098.4	-1067.64
13	2277.65	0.399875	175.315	768.38
13	987.407	1.04641	-1171.7	1418.66
-13	435.828	0.759604	460.215	396.167
-13	561.488	1.0453	72.0236	1367.86
13	462.272	0.81674	-324.615	926.392
13	1018.61	1.01154	-644.61	-848.049
13	489.835	1.14785	-1165.37	1256.56
-13	623.438	0.180329	-665.681	-285.601
-13	459.778	1.21565	1486.7	629.719
13	448.295	1.07008	-274.033	-998.097
-13	723.27	0.219295	213.409	-1426.56
-13	478.272	0.981528	-1033.62	1488.31
-13	599.55	1.142	-405.597	1293.61
-13	421.903	0.312511	651.187	-573.171
-13	431.183	1.13339	1090.66	-1227.57
13	543.071	0.686929	406.037	-1354.44
-13	443.263	0.520109	-59.3968	628.655
13	691.212	0.367455	-1236.76	-170.976
-13	484.055	1.14383	359.884	-987.007
13	584.389	0.82174	-798.609	-1028.27
-13	471.841	1.05772	-1039.14	1085.51
-13	737.858	0.250325	-245.565	-1009.01
-13	419.015	0.286146	1461.34	-1478.8
13	426.985	0.999059	-1051.57	-682.03
-13	521.181	0.687884	-1269.18	-449.911
-13	540.459	1.13934	1120.06	1269.47
13	427.37	0.372448	-1339.85	-93.8146
13	493.618	1.11758	1007.51	454.484
-13	480.846	0.646984	1297.13	-1234.94
-13	420.873	1.09435	1065.71	365.068
-13	557.262	0.164759	-431.139	733.764
-13	712.448	0.0161938	-877.435	-382.706
-13	769.275	0.830072	804.462	248.816
-13	747.604	1.21181	-257.804	380.868
-13	566.581	0.496264	-953.935	907.951
13	458.123	0.191942	745.978	974.218
-13	856.805	0.967626	1328.87	-857.782
-13	412.175	0.887707	-450.458	341.214
13	411.089	0.664729	-1299.92	548.838
13	1932.64	0.778482	-154.55	922.229
-13	473.41	0.974164	-440.367	-732.482
-13	601.299	1.2098	-257.267	47.4487
13	645.57	0.298643	-1425.32	1132.08
13	456.571	0.545865	-729.284	-289.076
-13	434.659	0.135893	855.028	-61.1452
13	1126.54	0.404699	-569.885	-1326.59
-13	546.065	1.13117	1444.81	1357.63
13	879.614	1.16556	-780.705	-1073.24
-13	817.524	0.623358	-549.061	-455.699
13	401.858	0.86233	390.37	-502.982
-13	489.847	0.684869	-1497.53	1330.05
-13	489.221	1.03125	1207.42	958.577
13	433.352	0.778672	-1315.68	752.984
-13	446.379	1.00425	1263.19	170.457
-13	632.034	0.824021	772.472	-1224.05
-13	872.025	1.21049	1192.84	1322.08
-13	534.96	1.18887	391.76	801.898
-13	931.151	0.79281	1281.64	564.504
-13	431.7	0.646631	-867.974	1036.23
-13	530.114	0.459903	-1133.17	-586.429
-13	581.6	1.06946	-929.583	1160.49
-13	909.468	0.546939	472.746	-382.514
-13	492.016	1.07636	904.472	-1049.21
-13	502.989	1.20659	1066.84	1297.72
-13	485.899	1.21319	442.48	-355.395
13	3204.1	0.480542	835.51	-1399.78
13	740.13	1.06271	185.386	-1335.24
-13	494.746	0.835423	836.359	113.735
13	621.121	0.686947	-1427.55	-669.854
13	643.276	0.179705	-925.422	1268.27
13	1571.76	0.693394	-356.559	1368.52
13	475.817	0.514972	454.28	1404.71
13	439.979	0.212357	-6.55258	1390.49
-13	437.263	0.859169	344.97	704.433
-13	535.898	0.695951	-852.522	669.705
13	405.636	0.438181	1227.85	-604.663
-13	547.321	0.307133	105.048	-898.745
-13	827.071	1.00661	149.936	270.957
-13	612.007	0.24207	-957.861	-40.7365
13	459.256	0.0560523	-1475.35	822.361
13	451.842	0.171291	-1428.81	-224.976
-13	623.009	0.724254	-1336.04	-59.5097
-13	636.076	0.890506	-142.158	-854.495
-13	438.655	0.570276	-1376.56	-715.592
-13	508.319	0.470402	-942.588	1124.93
-13	449.557	0.347342	510.89	-130.344
-13	509.113	1.15083	170.582	-1396.43
-13	465.981	0.158597	-874.592	343.535
13	474.277	0.816714	-152.477	943.775
13	659.632	1.00037	930.672	-24.4705
-13	1230.35	0.926895	964.615	-249.7
13	1639.62	1.20362	1475.16	-432.095
13	649.593	0.957276	-191.375	839.118
-13	579.269	1.10832	-392.538	723.847
-13	411.364	1.05651	-72.4781	-1206.78
13	492.813	0.831756	751.052	-1383.9
-13	920.235	0.503064	1136.42	-640.489
-13	805.192	0.0363344	363.705	-1449.93
13	517.488	0.950689	-1209.93	1171.37
-13	554.1	0.14964	-500.122	1410.25
-13	766.773	1.21814	556.6	-915.323
13	931.478	0.538404	181.287	-29.898
13	617.511	1.20504	1411.92	-1483.4
-13	421.744	0.582533	-1465.41	860.445
-13	518.107	0.27597	1115.18	555.735
13	442.133	0.211775	187.028	285.852
-13	683.345	0.611672	-1393.25	-1452.58
13	669.891	0.881839	1225.63	-1454.71
13	476.499	0.55128	545.17	-525.177
-13	587.283	1.06695	-1046.96	863.267
13	401.169	0.29491	-1459.99	-1050.86
13	400.468	1.05121	941.186	224.18
-13	650.367	0.0662309	1490.51	613.867
13	788.251	0.836821	-955.633	893.244
-13	676.429	0.76861	-1257.58	-1104.73
13	459.365	0.0688848	770.169	-1058.72
-13	590.849	0.470957	106.712	492.353
13	1535.25	0.727089	348.056	957.577
13	3286.71	1.13629	-888.317	509.496
-13	1015.91	0.240562	1141.51	-892.996
-13	536.866	0.946629	1490.45	374.377
-13	433.628	1.0859	-1132.95	-438.845
-13	532.193	0.722468	-232.813	-544.853
-13	1559.81	0.302855	679.645	545.856
-13	664.401	0.180838	-872.983	-491.68
13	918.869	0.218967	-60.9672	-614.191
-13	666.708	1.05647	-227.583	429.795
-13	636.181	0.842945	1246.5	568.427
13	405.298	0.150411	-651.261	-1231.43
-13	417.415	0.592773	-916.649	790.986
-13	477.105	0.976524	-661.631	-1370.7
-13	1022.76	0.390358	598.824	-1281.63
-13	450.339	1.04935	843.565	-964.868
13	573.994	0.889954	-1075.26	830.097
-13	415.088	0.372298	1157.76	780.927
-13	437.151	0.00433121	581.519	-1240.9
-13	522.05	1.11024	-485.731	1261.62
-13	517.113	0.770532	672.037	-574.211
13	413.687	0.658493	802.579	414.507
13	587.018	0.993587	-50.8077	-1321.71
-13	404.678	0.649631	-989.369	-1194.65
-13	458.222	0.746005	-40.6867	547.573
-13	442.546	0.72909	-1049.26	249.883
13	780.755	0.475091	192.803	-1320.67
-13	405.218	0.754485	1354.03	-319.867
-13	851.564	0.621877	735.173	296.448
13	664.411	0.859149	1101.8	46.2604
-13	1067.65	0.502273	1226.04	-984.244
-13	787.27	0.815795	-911.17	-180.24
13	464.191	0.763636	44.3807	-1494.87
-13	413.273	0.629798	-67.1033	99.4703
-13	524.837	1.11716	-1136.18	-75.6797
-13	475.552	0.517218	768.756	974.425
-13	423.132	0.0264323	-1128.49	-1005.88
13	494.387	0.237838	248.88	1197.86
-13	458.847	1.06299	-932.74	-694.143
13	459.348	1.06118	-104.717	1130.84
13	594.312	0.569711	908.267	-989.97
-13	1072.99	0.252127	1327.63	-472.954
13	643.625	0.575144	-189.279	826.967
-13	651.798	0.756994	1122.53	128.475
-13	726.199	0.575643	-990.634	-1189.63
-13	545.862	1.21536	342.941	-371.228
13	446.826	0.0523684	-721.983	-1281.75
-13	495.826	0.463449	-731.762	-601.81
13	547.422	1.03708	-1484.72	-382.214
-13	455.979	0.928723	238.552	798.596
13	507.356	0.965739	-210.208	177.104
13	554.091	0.288404	1018.68	-1272.19
-13	649.453	0.834514	-1013.73	1383.3
13	599.377	0.96032	-394.881	-34.2669
13	425.924	1.03927	634.777	-1157.84
13	715.599	0.28112	-1290.73	-1217.57
13	735.116	1.06397	-913.415	-180.181
-13	590.117	0.0674303	-844.346	165.715
13	805.798	0.537898	-692.633	-189.505
13	552.43	0.614866	-670.932	233.961
13	546.233	0.104551	-1029.3	-1255.88
13	1311.05	0.714378	1033.68	-72.5097
-13	562.8	0.837036	464.188	-34.8394
-13	472.416	0.763264	317.639	1150.77
13	505.464	0.94692	942.731	-1207.04
-13	856.993	0.838692	381.598	-1346.83
13	748.201	0.139243	1182.84	-464.443
-13	616.74	0.403121	-1009.87	-864.47
-13	569.303	0.838188	-805.239	704.134
-13	482.782	0.316009	-488.243	-655.143
-13	457.709	0.706092	-615.306	145.529
-13	621.236	0.813585	1042.59	1492.61
-13	1658.31	0.794048	-283.179	700.619
-13	811.665	1.19117	131.307	-176.247
13	605.988	0.706713	78.84	333.29
-13	480.218	0.332634	786.4	-102.387
-13	430.656	0.829101	-544.161	598.946
-13	407.898	0.807568	-314.78	-468.868
13	685.564	0.726764	-219.529	-1454.07
13	485.765	1.10725	-685.414	-663.399
13	426.658	0.101302	876.136	-1020.33
13	479.215	0.738772	798.022	-1186.71
-13	704.68	1.10283	-1376.3	1063.98
13	709.778	0.861088	1386.83	325.623
13	513.219	1.12777	860.34	-179.007
13	516.206	1.17469	-82.965	924.706
-13	420.116	1.02855	-1155.57	-1246.44
-13	424.322	0.927797	-417.264	86.2807
13	627.573	0.647371	-880.646	-200.83
13	2628.99	0.472294	773.332	1167.92
13	1014.91	0.734112	1228.68	-187.827
-13	403.582	0.367445	-1406.59	-27.4131
13	535.177	0.663958	-1343.43	873.074
-13	607.692	0.882808	1118.15	-203.75
-13	400.645	1.1543	-1458.2	1238.25
-13	549.181	0.354668	381.424	-1369.89
-13	410.277	0.192079	-219.771	-214.143
-13	493.996	1.11465	-513.536	-839.733
-13	501.161	0.663136	594.191	-1090.84
13	442.427	0.811545	-1320.35	-1406.97
-13	505.123	0.784674	1467.75	-693.007
-13	640.005	0.803533	-670.247	333.021
13	452.349	1.19117	1365.17	-431.118
-13	606.06	0.133953	-365.878	-1332.8
-13	413.242	0.481768	-1277.34	-728.4
-13	585.065	0.637195	-275.005	192.03
-13	411.12	0.96807	-652.167	-756.559
13	439.08	0.775506	733.25	-105.533
13	583.287	0.277671	-1486.75	1306.14
13	508.803	0.553576	964.164	216
13	453.261	0.655823	-876.105	845.523
-13	1156.26	0.90253	1442.9	666.068
-13	466.366	0.929602	1410.47	-401.245
-13	516.61	0.775625	861.954	1350.51
13	457.869	0.239435	1007.89	-1090.38
-13	442.723	0.467605	-543.445	580.046
13	1906.98	0.8053	1310.82	602.633
-13	485.426	0.281329	-1147	1495.09
13	708.796	0.347067	-781.932	-1008.5
-13	459.156	0.666544	-1414.88	-695.667
13	532.263	0.405756	-153.242	442.108
-13	436.966	1.11788	227.658	371.461
13	523.595	1.18305	-981.16	92.1312
-13	1509.99	0.930737	1209.28	-1134.76
-13	843.896	0.542199	-1080.44	-1446.39
-13	662.823	1.16977	1382.88	-312.6
13	450.462	0.838234	767.041	870.891
13	453.774	0.896895	-396.821	595.746
13	419.888	0.470489	-350.303	-1028.74
13	1572.42	0.305688	-255.262	384.23
-13	513.012	1.12255	894.834	1439.71
-13	499.094	1.14452	-414.837	38.4413
13	405.533	0.714136	-550.892	-162.62
-13	1297.7	0.0832825	740.933	671.947
-13	568.396	0.921935	-78.3556	1309.68
-13	463.575	0.8172	-84.2785	-1390.33
13	516.878	0.0792895	-323.316	1053.64
-13	413.35	0.0129339	666.844	433.728
13	704.225	1.08392	309.748	-182.455
13	462.639	0.551372	1325.42	-423.262
-13	432.537	0.769598	-96.7677	737.766
-13	551.666	0.93266	-461.22	907.285
-13	508.863	0.572282	-29.2943	-279.821
13	1035.6	0.213511	-799.953	-761.998
-13	694.357	0.747989	-891.426	1152.24
-13	902.409	1.21486	-993.882	639.581
-13	1085.81	0.77603	-992.084	1424.8
13	479.142	1.18934	212.737	364.888
13	513.537	0.478204	834.633	1256.96
-13	405.154	0.183277	244.879	211.98
-13	429.375	0.98345	-73.8502	-1328.29
-13	1199.82	1.0635	415.076	215.082
13	429.493	0.678131	-1029.76	-60.0397
13	438.954	0.959009	839.511	-308.911
-13	501.35	0.96733	1114.41	928.491
-13	994.492	0.729662	-1365.14	336.613
-13	654.939	0.0690562	715.91	1004.33
-13	530.228	0.648648	-1041.53	171.104
-13	428.507	0.579825	-2.81278	358.13
-13	577.942	0.586324	-1326.25	-186.427
-13	905.594	0.740942	-1448.83	77.1432
-13	637.866	1.18817	-969.796	534.584
-13	886.01	0.603218	807.308	-906.43
13	517.347	0.253404	-716.168	768.02
-13	421.053	0.614811	237.249	-79.9047
13	421.664	0.917981	-768.968	-333.305
-13	831.151	0.695006	-441.978	-665.755
13	1221.25	1.15881	-589.666	-1434.9
-13	473.56	0.993964	-397.63	-956.693
-13	472.054	0.419196	-1470.88	635.27
13	674.49	0.661985	332.243	-461.593
-13	1504.98	0.902009	-445.618	290.544
13	3238.79	1.04198	683.136	823.244
-13	460.478	0.789971	-1309.37	-1235.2
-13	559.845	0.870035	425.491	-259.368
13	524.122	0.16638	-749.116	-801.494
-13	858.935	0.00182623	-1021.51	37.6518
-13	502.318	0.748023	-227.492	762.906
13	449.194	0.796378	-968.625	1097.72
-13	406.148	0.476319	-1270.56	480.364
-13	511.744	0.585453	989.355	-158.559
-13	464.426	0.178004	216.902	654.327
13	452.738	1.11202	-1124.68	-435.33
13	494.651	1.00245	-1064.6	641.853
13	598.864	1.16515	-26.6196	1044.75
-13	1104.86	0.168101	799.915	398.98
13	459.727	1.04297	-799.5	-661.529
-13	583.919	0.89637	375.085	1264.39
13	444.938	0.187655	-282.439	1481.86
13	407.169	0.16451	-1217.91	674.374
13	437.039	0.266295	925.827	-1405.02
-13	644.101	1.18437	868.841	1497.57
-13	983.507	0.297422	-224.667	1294.77
13	838.884	0.508856	-816.056	-1293.93
13	484.648	0.0961901	270.121	-151.096
13	4303.43	0.891193	850.472	-802.022
13	706.705	0.129143	-514.708	965.757
-13	653.081	0.977096	-917.411	1011.39
-13	437.735	0.951056	-1007.66	-656.237
-13	1132.71	0.0985837	181.362	-124.677
13	586.137	1.1968	1021.61	-252.394
13	524.705	0.496299	456.316	-449.827
13	816.026	0.96243	-1427.05	-224.631
-13	413.642	0.288446	-414.647	-125.487
13	1845.23	1.21987	741.667	-1425.57
-13	645.238	0.375056	433.727	-258.555
-13	721.697	1.21748	181.442	-1338.96
13	686.02	0.137459	483.866	1381.18
-13	566.878	0.727601	-1065.29	212.101
-13	1715.45	0.90039	-1392.88	-1196.21
13	469.701	0.296493	879.846	-411.192
-13	939.925	0.392326	-512.34	44.6864
-13	430.562	0.300558	-364.267	-566.254
13	462.139	0.439054	480.284	-891.746
13	535.98	0.660959	683.828	871.675
13	413.065	1.09396	-1064.93	-800.39
-13	458.367	0.176218	767.154	-1440.98
13	494.275	0.0646473	-1353.17	265.359
13	798.487	0.18375	1217.69	553.574
13	408.381	0.967849	-470.523	-1406.74
13	500.207	0.368899	96.081	697.728
13	554.915	0.945003	1017.19	695.425
-13	2567.87	1.20639	991.811	-29.0918
-13	1054.63	0.93766	470.215	-983.413
-13	545.505	1.2052	283.596	849.239
-13	497.345	0.174533	-1473.96	1393.86
-13	462.29	1.13662	-707.108	-164.785
-13	468.779	1.08125	283.625	338.538
13	641.287	0.592913	-978.867	-1329.98
-13	823.352	1.20835	-663.032	217.076
13	483.113	1.13996	327.599	298.738
-13	415.886	0.51407	-214.576	966.411
-13	412.971	0.368853	-161.083	1146.49
13	572.39	0.106436	-1089.9	-815.212
13	547.741	0.792423	-1473.02	-1360.56
13	486.41	0.917337	-985.514	484.805
-13	463.644	0.0973241	802.393	-823.483
13	479.518	0.190852	-661.944	107.107
13	507.607	0.669987	934.98	-267.01
13	492.298	0.574827	-1337.86	37.8242
13	861.416	0.789401	830.067	939.625
-13	645.737	0.815749	-541.701	913.107
13	464.026	1.02485	-1094.41	-937.844
-13	449.119	0.63225	-121.439	-671.239
-13	962.917	0.971504	-967.99	-1161.9
-13	457.803	0.736193	1003.97	-754.743
-13	417.666	0.39164	910.02	1104.55
-13	434.895	1.15314	1494.99	1406.83
13	536.847	0.148495	-374.169	-967.362
13	598.902	1.05603	809.672	-920.144
13	833.958	0.164597	-1392.18	352.893
13	469.093	0.491603	-759.168	-184.152
13	590.703	0.238447	356.409	-612.81
-13	628.863	0.949075	-1196.04	643.812
13	615.083	0.535073	-909.517	43.4328
-13	1088.76	0.528893	-122.475	-967.865
13	475.196	0.545239	1233.79	1179.34
-13	415.028	0.683478	1300.81	-832.747
13	461.731	0.25438	657.958	-860.549
13	405.686	0.887171	-1297.86	-768.733
13	554.425	0.710346	468.946	-1455.41
-13	747.115	0.271554	-1287.37	-863.224
-13	580.492	0.922436	337.527	-1236.81
-13	519.714	0.603009	275.966	-1216.21
-13	857.393	1.10746	461.308	-704.364
-13	418.773	0.800517	-1432.88	1340.4
13	491.825	0.808916	-407.522	924.848
-13	697.617	0.218647	-784.823	-77.0352
13	516.76	0.242224	550.293	-1206.44
13	2011.26	0.370429	913.429	-1249.05
13	586.635	1.01007	-302.74	-1387.32
13	415.706	1.1296	-447.87	1367.77
13	443.492	0.459228	-179.574	494.4
-13	1078.65	0.473783	-1278.68	-357.606
-13	459.268	0.690494	264.076	-1037.12
13	424.885	0.118317	612.328	913.362
13	1684.84	0.140997	-266.202	-1188.88
-13	836.18	0.765978	-1167.71	367.914
-13	717.174	0.713083	1345.24	-1405.27
13	467.443	0.774741	1278.37	1133.66
-13	408.081	1.0146	1325.47	1117.03
13	612.192	1.12607	781.61	-59.2617
-13	919.983	0.36412	-1109.99	780.27
13	947.939	1.08591	362.868	-424.202
-13	551.023	0.391394	-635.325	534.189
-13	955.726	0.740079	428.209	1206.37
13	585.055	0.812653	1080.29	142.887
-13	448.427	1.05919	174.596	-544.183
-13	484.102	0.110539	-241.026	-1364.18
13	412.586	1.05951	926.464	-1037.03
13	441.866	0.736171	-125.399	-922.792
-13	442.911	0.200999	965.971	-211.518
13	570.433	0.488367	1214.32	-92.2721
13	503.211	1.12629	902.683	-469.262
-13	569.835	0.0841014	-457.12	1212.57
-13	485.725	0.844943	541.925	-1363.37
13	563.243	0.778718	1171.23	1091.31
-13	664.878	1.16884	1188.12	1018.76
-13	582.04	0.665642	-661.394	-211.386
-13	569.103	1.12401	856.833	343.024
-13	487.468	0.478239	-150.933	266.544
13	408.506	0.596067	-996.441	-655.237
-13	433.008	0.281187	1424.62	-20.1843
-13	766.29	0.855502	373.681	380.533
-13	461.279	0.913556	1112.41	1472.58
13	1595.42	1.08948	333.386	105.701
13	453.536	0.398044	-1116.73	-1349.15
-13	417.513	1.03847	-1356.65	1325.51
-13	506.101	1.06535	1182.54	-29.6601
-13	576.221	0.850562	-978.541	-568.578
13	992.684	0.274719	-133.418	175.374
-13	789.451	0.793206	1393.06	-675.84
13	464.942	0.923727	254.27	815.053
13	425.518	0.267513	1232.85	-247.337
13	1169.85	0.95693	-745.37	400.926
-13	456.026	0.17134	486.598	1143.47
13	1286.22	0.898309	774.164	558.063
-13	624.51	0.785196	751.029	155.262
-13	424.546	0.236986	235.229	-876.657
13	569.868	0.241629	-787.101	-861.921
-13	507.861	1.17119	66.5325	35.4569
-13	577.527	0.96684	-139.664	792.996
13	524.583	0.890567	-583.119	586.949
-13	528.539	0.856883	-95.3478	-447.455
13	1280.11	0.631034	-1435.01	-741.772
-13	433.848	0.729469	-281.551	183.616
-13	479.113	0.954081	-817.224	-993.709
-13	498.398	0.507613	432.371	426.143
-13	629.339	0.610169	89.7032	-476.986
-13	1293.04	0.590613	366.584	-356.807
-13	465.355	0.582254	703.172	-1179.97
-13	452.76	0.117348	-1443.89	982.043
13	616.511	0.0478372	979.303	645.721
-13	618.31	0.798858	1387.83	1285.8
13	666.527	1.1115	1278.16	1416.84
13	529.916	1.13965	166.051	1220.62
13	792.713	0.636551	983.499	401.03
13	541.346	1.01792	-1126.48	514.41
-13	447.482	0.242739	584.83	70.2168
-13	630.559	0.0149061	-495.086	-1206.78
-13	452.484	1.15187	833.862	434.884
13	447.049	0.592976	-862.389	1159.66
13	455.543	1.08076	960.211	-49.6003
13	570.051	1.08165	1059.62	-803.71
13	495.998	1.03773	557.899	-422.369
-13	480.597	1.07991	-1346.34	1235.27
-13	1063.94	0.587561	-1014.9	-179.108
13	529.206	1.15177	1042.08	-890.335
-13	454.142	0.361676	-1096.93	141.804
-13	755.476	0.171821	1113.47	795.46
-13	514.66	0.199552	919.157	427.754
-13	603.662	1.04364	442.851	-1061.89
13	565.408	0.388766	-884.052	-1086.53
-13	654.385	0.291881	801.993	661.932
13	967.957	0.90288	-231.431	-1275.23
13	459.007	1.01587	1343.72	230.585
13	1192.72	0.721878	-293.009	1019.77
13	563.532	0.973534	-214.512	1240.52
13	443.699	1.11014	1028.32	1289.63
-13	808.601	0.647056	984.529	-258.369
13	430.353	0.0101032	-744.54	-201.682
-13	556.157	0.973054	898.592	-484.6
-13	468.979	0.224639	-697.968	131.696
-13	564.672	0.0307835	-207.624	-430.12
-13	1597.6	1.07723	-384.684	-1356.37
-13	1972.27	1.01908	-250.664	-231.838
-13	642.534	0.795413	121.577	-609.157
-13	802.593	0.636644	494.629	653.94
13	544.779	1.01527	-132.999	-84.15
13	423.568	1.14753	-1497.02	968.208
-13	417.953	0.55387	-168.938	893.716
-13	551.968	1.01319	933.361	271.753
-13	445.721	1.15587	213.304	182.942
13	498.456	0.731534	1122.49	1169.65
-13	466.788	1.18154	470.252	825.25
-13	586.721	0.0969095	821.273	921.486
-13	681.092	1.05904	1484.77	-237.524
-13	467.782	1.08754	1246.1	-193.981
-13	462.356	0.912681	-1264.4	323.433
-13	697.229	0.539563	1025.93	863.673
-13	426.024	0.907873	-1103.23	1114.85
-13	522.178	0.262183	1398.7	1241.74
-13	520.271	0.0615716	-1000.8	-1338.38
-13	491.378	0.923356	-151.7	-1403.99
13	658.356	0.927425	17.8548	-437.793
-13	557.204	0.593094	936.808	-1176.54
-13	475.825	1.16481	-624.574	775.161
-13	424.1	0.103497	-485.141	-420.119
-13	452.349	0.375606	657.746	-933.435
-13	1110.29	0.622153	-599.976	-112.389
13	478.434	0.667745	-962.607	203.464
13	630.397	1.0416	-59.0714	128.381
13	592.96	1.20378	-841.184	543.708
-13	638.371	0.103094	1346.15	-777.2
13	444.44	0.171295	-35.6605	539.644
-13	606.793	0.878868	547.207	-1402.81
13	612.042	0.201116	1281.55	-627.767
-13	435.06	0.367471	512.645	-532.753
-13	2974.93	0.871214	708.557	444.374
-13	506.442	0.980074	-604.617	-1113.39
-13	645.542	1.17785	1188.08	1057.57
-13	421.746	0.767186	-1294.74	292.665
-13	1122.37	0.8938	1391.96	-702.769
13	676.88	0.892176	-88.3744	-1008.6
13	423.59	0.970942	856.997	926.992
-13	421.066	0.85858	-1286.23	1241.5
13	453.239	0.0866714	-1380.51	1479.14
13	486.712	0.219569	545.764	105.692
13	638.538	1.03998	-1243.94	-1040.69
13	503.759	0.565525	-733.141	1078.67
-13	590.362	1.10841	1338.22	-1216.27
13	417.073	0.552953	1376.8	601.746
-13	741.09	1.05613	1237	-39.4401
13	786.362	0.546183	234.194	422.488
-13	656.234	1.1763	1181.11	-1076.02
13	483.383	0.711692	977.783	688.844
13	874.541	1.16948	562.949	-437.09
-13	402.782	0.881687	-862.45	804.255
-13	614.085	1.06306	-324.566	1094.79
-13	425.915	0.856853	331.127	804.608
13	424.984	0.499112	1475.08	-1108.03
13	548.626	1.13603	-1376.72	1041.91
-13	440.926	0.132948	-1283.37	267.27
13	512.932	0.144899	-1469.58	598.062
13	601.512	0.1904	-1361.17	388.381
-13	465.249	1.13853	-1423.37	-1404.45
13	423.956	0.734978	-458.924	-742.419
-13	596.9	0.580942	-312.393	927.606
13	519.211	0.927025	-127.345	1400.82
-13	504.224	0.457624	1332.35	-1177.98
-13	400.664	0.786646	883.299	-895.517
-13	505.433	1.15261	-1078.75	-1307.55
-13	1054.22	0.82746	-893.028	-333.097
13	1007.63	0.799122	299.657	784.049
13	483.703	0.620304	-163.986	-1031.51
-13	605.674	1.12926	365.977	9.48253
-13	408.399	0.989238	351.543	856.025
13	762.075	1.16032	-5.17229	-104.984
-13	466.957	0.396435	140.079	-607.751
-13	444.916	0.965365	110.245	334.222
13	412.694	0.634815	-647.275	-887.574
-13	519.283	1.09846	821.68	1168.03
-13	560.684	0.792905	-4.85206	656.099
-13	1088.8	0.0484675	375.08	-1343.6
-13	456.332	0.813381	1333.55	930.149
-13	1594.47	1.07748	-215.968	-124.989
-13	476.166	1.20826	811.594	212.834
-13	436.988	0.946506	68.6026	260.364
13	703.875	0.394531	-925.643	893.611
-13	2241.3	1.13041	353.447	176.532
-13	404.515	0.516668	-576.667	-321.93
13	435.521	0.565455	351.645	1391.11
13	738.803	1.03934	-918.762	-66.837
13	406.14	0.0334155	1101.06	-303.216
-13	411.168	0.605912	876.933	-1443.38
13	403.924	0.924	598.12	1177.7
13	498.167	0.613568	259.607	-1093.19
13	423.03	0.277845	1259.67	1217.09
13	511.346	1.15878	974.956	1400.19
-13	445.007	0.388836	486.041	-928.637
13	445.676	1.17933	228.175	-524.111
-13	487.488	0.0487902	1391.45	183.438
13	509.537	1.07309	1057.58	-1361.5
13	988.112	1.15812	-466.084	78.4696
-13	508.41	0.0527503	-1305.91	-614.257
-13	760.178	0.535908	-959.105	-939.014
13	2940.1	0.219199	905.641	456.656
-13	450.967	1.00385	-914.97	402.394
-13	594.317	0.485796	-1342.17	401.164
-13	744.667	0.954647	1044.4	1437.99
13	551.091	0.790799	429.284	892.212
13	1459.12	0.625149	320.826	60.2829
13	592.896	0.720423	-640.799	569.026
13	495.536	0.443287	948.804	956.623
13	527.254	0.540389	1230.83	1330.17
13	557.321	1.00995	293.198	-1410.95
-13	438.887	0.677594	401.077	1429.36
-13	431.889	0.915188	700.338	1230.94
13	588.964	0.888375	-979.654	-1456.91
-13	466.78	0.141265	893.496	1095.5
-13	471.112	0.360892	-1125.16	-624.438
13	704.366	0.443893	411.812	-653.862
-13	552.399	0.378341	-660.242	-360.815
-13	520.803	1.17483	-216.761	740.681
13	1638.2	0.553661	-625.065	-1010.51
-13	581.644	0.507305	-1305.94	-593.362
13	548.052	0.87472	-743.951	-613.043
13	406.599	0.358988	30.9946	628.286
-13	445.173	0.11802	734.239	-675.433
-13	875.203	0.496153	-161.901	-170.361
13	672.713	0.484936	6.97079	-457.066
-13	770.479	0.455973	-899.633	-1206.56
-13	565.234	0.941218	314.718	1134.96
-13	565.751	0.942801	1245.36	-1030.95
-13	518.964	0.359849	-407.264	838.686
-13	672.183	0.690758	-865.214	-477.673
-13	1038.26	1.18124	-436.968	106.985
-13	406.656	0.4658	1356.41	102.692
-13	422.714	0.72793	172.583	1130.23
13	792.737	1.16217	443.154	718.715
13	517.049	0.930407	-18.2645	478.729
-13	1191.95	0.695625	417.374	-613.395
-13	756.028	0.855271	-1355.56	161.439
-13	762.538	0.961771	426.346	-1209.24
-13	437.37	0.456069	-1006.74	1425.79
13	858.459	0.0321467	-484.86	1400.52
13	502.135	0.638914	551.235	-97.2518
13	426.461	0.005535	-1365.18	-1118.85
-13	631.961	0.389545	-510.757	634.891
13	648.43	0.026063	-1050.86	-1400.47
-13	520.688	0.0687723	1442.65	1260.09
-13	483.293	1.0427	258.924	-736.806
13	1286.26	0.0476896	504.199	-676.332
13	562.495	0.714613	258.134	1142.15
-13	454.958	0.948477	170.761	-1310.03
-13	503.116	0.0517881	1026.81	6.55846
-13	522.974	0.46427	-879.475	1442.45
13	836.45	1.06285	182.11	-965.548
-13	498.169	0.481755	834.466	-1397.13
13	568.307	0.904668	458.464	-253.818
13	574.664	0.28117	-143.796	808.007
-13	430.855	0.594679	-68.7969	-287.91
13	509.009	1.16827	-349.73	-690.409
-13	566.628	0.0105704	-131.111	343.597
-13	517.373	0.198107	422.737	-727.07
13	424.015	1.20721	-1192.49	-502.953
13	546.057	0.0757892	-213.534	-1335.05
13	810.347	1.19512	-281.243	905.282
-13	1128.43	0.761703	1298.67	-1302.52
13	406.404	0.889655	1353.1	-614.223
13	594.111	1.16146	-1231.41	1167.27
13	919.643	0.900842	-1470.19	-1154.23
13	502.684	0.809485	417.969	-28.4577
-13	422.123	0.411229	999.156	1106.1
13	648.869	0.311304	-1233.37	-1279.89
13	409.724	0.488316	895.769	-65.3599
-13	549.648	1.11683	-1487.29	1005.39
-13	411.709	0.387015	706.981	75.02
13	402.616	0.664919	-1034.06	-604.063
13	416.119	0.684211	1451.73	-792.146
13	556.161	0.699811	-895.403	-61.3999
-13	565.08	1.17795	512.326	580.694
-13	749.19	1.16147	-1087.17	-227.393
13	419.72	1.10807	-1075.78	1473.11
13	1140.13	0.737576	459.088	89.12
-13	958.177	0.835055	106.605	-1298.59
-13	464.417	0.439729	-1200.93	1285.02
13	648.333	0.873498	-1022.18	364.689
-13	486.283	0.399001	-278.81	1158.32
-13	453.77	0.56799	-112.706	-375.745
-13	559.52	0.841169	535.806	-709.267
-13	632.891	1.15487	404.776	1227.51
13	425.404	0.821484	-242.352	241.881
-13	520.448	0.811622	-1449.16	-801.892
-13	728.969	0.866739	153.159	146.012
-13	943.414	1.15737	-1419.21	-251.377
-13	970.662	0.858581	-478.535	-68.5803
-13	403.697	0.597911	124.399	-166.594
13	605.121	0.757248	319.676	1006.17
-13	594.87	0.988526	427.01	-1134.03
-13	435.736	0.802664	921.854	-657.875
-13	1587.02	0.423175	-1232.31	584.455
13	408.068	0.256294	-883.083	700.064
-13	603.003	0.267042	694.796	140.581
-13	412.987	0.360719	-521.115	-428.86
13	466.945	0.734594	-258.831	101.332
-13	685.427	0.645434	878.684	-37.8691
13	403.3	0.816316	-1251.81	448.666
-13	738.616	0.544953	-1390.4	-606.303
-13	452.756	0.909904	-663.381	-685.288
-13	480.504	0.419928	-314.473	996.336
-13	591.856	0.398047	1275.76	566.525
-13	1567.22	0.735048	177.818	-1210.15
13	547.915	0.166516	-467.197	150.175
-13	451.696	0.526984	-519.687	-577.025
-13	483.484	0.526421	-1456.86	-1228.21
13	525.094	0.162651	-888.618	-201.132
13	536.506	0.224445	-13.3542	552.054
13	450.752	0.478989	484.345	-1155.86
-13	634.909	1.08264	1388.03	-634.999
13	487.601	1.16421	1433.66	-96.6145
-13	577.999	0.631187	1153.47	-1004.02
13	662.774	1.04162	808.265	1337.46
-13	553.018	0.721907	1039.87	-799.603
13	461.563	0.943561	1296.64	-500.813
13	427.198	1.07712	81.7943	1456.57
-13	628.934	1.15343	634.855	1130.99
13	989.113	1.14823	124.708	592.764
13	626.878	0.524837	-700.175	-1360
-13	614.748	0.469512	-1489.95	-949.136
13	412.341	0.805576	-1116.21	-654.878
13	493.5	0.563319	249.203	871.457
13	463.039	0.0864054	293.379	-419.351
-13	1088.63	0.859613	-420.576	280.432
-13	1007.26	1.13532	-472.854	246.478
13	577.531	0.62142	1084.3	-556.278
-13	458.246	0.608916	769.108	-809.849
13	472.707	0.423957	-250.129	-86.1532
13	513.169	0.37785	-683.216	-964.025
-13	493.147	0.152537	-984.263	-1019.64
13	1247.12	0.429249	-1328.62	630.511
-13	472.752	0.32349	167.039	-1120.48
-13	534.503	0.598831	-267.917	1157.9
13	685.966	0.588319	1043.26	-461.937
13	1091.12	1.01807	-1062.1	-939.173
13	720.896	0.999597	-1315.03	-186.568
-13	539.966	0.514391	-169.114	-435.223
13	954.961	0.438154	673.044	631.76
-13	457.118	1.20609	-482.883	305.58
13	506.351	0.255893	-1490.07	106.386
13	4053.62	0.747896	1186.92	136.873
-13	742.558	0.322434	120.304	254.757
13	536.511	0.108784	1026.37	365.466
-13	593.035	0.439914	2.74178	317.148
-13	588.046	1.09568	787.388	-1337.2
13	503.578	0.947871	-1391.44	473.592
-13	503.968	0.551085	33.5112	-1296.05
13	472.762	0.711001	-377.774	-1020.17
13	620.016	0.680081	-37.328	-1416.59
13	757.338	0.664281	1044.36	-1198.32
-13	566.181	0.677803	1211.93	1270.55
-13	553.995	0.99731	-622.255	-1048.43
-13	449.461	1.11912	16.2565	-233.641
-13	427.62	0.522408	-1087.48	701.657
-13	418.035	0.501797	-1288.27	675.328
-13	586.933	0.055489	-1290.47	-480.396
-13	471.309	0.0870812	-221.626	-646.051
-13	468.944	0.765224	595.574	-278.742
13	1620.67	0.664096	110.212	467.368
13	774.859	0.550906	47.6895	-852.153
-13	555.768	0.0772783	-897.558	1080.45
-13	594.661	0.294677	220.49	742.053
13	732.73	0.473315	1236.9	-516.538
-13	558.402	0.655405	-1258.14	-536.015
13	478.379	0.711375	1137.25	365.85
13	569.261	0.831455	-1001.85	-581.902
-13	573.689	0.509644	-1387.23	201.539
-13	427.391	0.0170626	-1143.49	-1125.79
-13	483.933	0.460616	-1122.63	-748.179
13	504.733	0.731292	-97.5419	-1347.44
-13	532.102	0.452777	372.802	-221.455
-13	463.407	0.687452	-658.858	1255.44
13	420.876	0.124463	1381.05	-1364.13
13	526.368	1.13965	499.2	352.518
-13	645.467	0.542299	-1195.98	-1335.52
-13	459.564	0.361116	1138.52	-801.652
-13	882.836	1.0209	1115.43	-873.348
13	537.824	1.0779	-1330.96	-724.667
13	408.964	0.199589	-886.628	-1180.07
-13	665.578	0.940958	1053.2	-1459.31
-13	450.23	0.547905	918.976	537.584
13	918.013	0.335012	1146.56	-107.382
-13	676.754	0.778837	1438.19	431.089
-13	535.046	1.12258	-1346.82	1044.98
-13	449.942	0.9716	673.499	158.212
-13	461.807	1.01671	1007.25	404.505
13	435.744	1.05837	-150.521	-936.291
-13	522.723	0.353664	1014.33	814.643
13	423.129	1.21719	416.55	-1459.61
13	418.48	0.0869924	1441.25	-1185.63
-13	1465.23	0.898564	1382.51	-1323.19
-13	571.212	1.21945	1467.94	654.338
13	448.142	0.663339	-240.323	943.125
-13	480.148	0.834464	-1015.39	153.511
-13	449.241	0.30623	-616.283	984.99
-13	400.978	0.193723	198.954	53.1479
-13	548.835	0.298106	-81.9605	1264.33
-13	487.837	1.15135	-244.762	593.216
-13	510.778	1.00669	315.231	549.793
-13	571.595	0.408727	1090.39	-350.027
-13	489.824	1.07842	-152.638	1004.25
-13	533.252	1.21725	258.296	-1079.83
-13	529.079	0.440712	924.866	42.5198
-13	982.641	0.162875	-650.381	155.422
-13	683.636	0.0179023	233.421	-664.396
-13	759.27	1.17291	-305.875	557.163
-13	436.275	1.1274	91.672	108.396
13	477.909	0.152286	1350.58	-935.361
13	842.222	0.691768	-369.555	-703.157
13	496.623	0.0997696	-825.486	268.9
-13	604.34	0.730411	1398.21	1167.4
13	460.229	0.787961	-112.07	-1330.21
-13	440.48	0.0299021	1267.03	152.322
-13	573.106	0.0427957	1477.25	417.882
-13	428.033	1.0531	773.311	1165.89
13	486.999	0.903718	-1328.41	625.358
-13	493.55	0.532853	-532.385	-397.323
-13	413.228	1.03036	1101.53	1079.45
13	434.477	0.0636174	-1192.1	511.156
-13	693.148	1.10565	-310.127	-1446.37
-13	417.113	0.225559	769.136	-812.652
13	465.95	1.18248	1004.37	-1462.3
-13	843.083	0.356681	70.2536	1358.34
13	3379.33	0.86898	1267.3	-740.876
13	517.555	0.830574	856.237	585.941
13	456.152	0.0658026	-360.375	-121.271
13	1242.3	1.09179	-382.712	223.742
13	894.691	0.999736	-569.317	-752.174
13	514.075	1.19397	1162	344.925
13	478.491	1.00035	1387.95	-1101.28
13	435.4	1.06077	565.842	717.495
-13	1007.55	0.948555	-1023.6	-384.175
13	752.198	0.924212	84.6305	1079.24
13	575.237	0.795955	1079.3	565.714
-13	466.513	0.679115	-1319.81	-779.001
13	420.034	0.854727	297.268	477.424
-13	461.623	1.21948	-1151.92	827.31
-13	512.412	0.62796	-527.273	-630.376
13	550.377	0.550836	592.298	1207.14
-13	443.716	0.732742	-520.002	-441.017
-13	1545.16	0.0887088	1094	407.057
-13	656.788	0.993356	-557.932	-950.52
13	547.474	0.616256	-476.554	-126.203
-13	471.452	0.433759	-344.953	900.623
13	1241.85	1.10433	-1214.85	-1164.53
-13	505.792	0.498533	1375.48	355.153
-13	436.013	0.389148	-1410.51	-221.942
13	822.679	0.950603	649.67	-61.4701
13	630.627	0.920963	1336.78	955.551
13	442.815	0.619994	544.089	688.192
13	1064.58	0.790981	-1447.45	1170
-13	402.563	0.681965	739.229	603.136
-13	448.282	1.14407	-935.795	874.737
-13	496.963	0.353447	-723.747	-524.076
-13	470.48	0.0378079	-922.268	-679.505
-13	412.006	0.0396166	-652.11	-1414.33
-13	444.822	0.544685	496.912	1115.89
13	452.58	0.41806	412.067	968.687
13	509.175	0.068875	930.395	142.376
13	413.693	0.368282	560.712	-1453.1
13	411.429	0.608072	1128.13	-978.507
-13	412.305	0.220989	301.369	303.988
-13	476.067	1.08431	-496.717	1427.06
13	615.769	1.017	-53.1687	888.92
13	501.221	1.16401	-1158.87	531.649
-13	440.246	0.859335	1219.22	703.525
-13	468.9	0.283747	1436.49	-1287.56
-13	581.492	0.134428	-376.951	-791.915
-13	664.429	0.162733	648.632	-1497.56
13	1473.59	0.282788	400.361	462.362
-13	456.453	1.20086	988.142	-1473.26
13	493.372	0.46833	-1060.22	-29.1195
-13	495.506	0.313128	1172.27	745.013
13	420.928	1.09844	-561.378	789.227
-13	647.834	0.910549	672.548	494.043
-13	420.121	0.735484	-436.584	-133.335
-13	953.502	0.662452	115.353	-851.479
13	450.901	1.17204	-1347.64	-1440.15
-13	486.508	1.18423	1035.43	-318.156
-13	897.633	0.0623606	605.351	441.454
13	702.344	0.606249	-537.887	-903.378
13	445.329	0.783796	40.6037	-295.405
-13	622.135	0.418897	92.4195	476.217
13	816.356	1.16615	-1377.42	-13.6064
-13	648.584	0.717383	212.955	-1316.12
-13	460.542	1.18698	131.696	232.965
13	852.974	1.09057	1297.03	156.533
13	556.494	0.0765788	122.167	1120.9
-13	435.469	0.214347	608.521	-434.496
13	427.489	0.675623	-281.645	-232.444
-13	686.225	0.590378	-319.447	-392.97
13	691.362	0.549261	1316.22	-310.921
-13	555.38	0.837055	-718.998	-181.442
13	469.388	0.749154	-307.856	-1364.12
13	409.293	0.412314	67.1649	-595.115
-13	631.055	0.367232	-285.926	427.7
-13	651.088	0.763172	-891.798	535.237
-13	439.73	0.690161	359.295	1251.21
13	754.9	0.76877	-891.287	587.785
-13	886.235	0.471193	906.831	-475.509
13	846.167	0.312207	347.305	-1079.5
-13	435.179	1.19157	1415.31	-868.192
-13	410.632	1.16305	-1413.05	212.979
-13	641.668	0.920685	60.7378	-944.898
-13	610.266	0.392081	984.754	-363.533
-13	455.572	1.01499	268.615	-50.2857
-13	654.217	0.345145	1470.25	-815.607
13	605.211	1.20025	1383.78	284.917
13	746.259	0.218131	-467.953	1490.99
-13	565.297	0.812346	1365.12	-877.971
-13	566.35	0.0854668	-1037.25	998.841
13	470.431	0.535585	-801.115	-1001.75
-13	537.453	1.11753	-504.526	102.685
-13	498.856	0.760093	-1065.61	-1392.95
-13	541.714	0.745989	715.544	959.361
-13	601.125	1.18262	-451.078	-275.97
-13	676.828	0.928578	1372.24	359.161
-13	440.142	0.499528	-651.504	247.845
-13	951.572	0.993878	1382.43	761.191
13	1561.19	1.11255	-640.164	-107.035
13	629.205	0.334793	912.487	-647.447
-13	401.953	1.09159	-883.853	-616.23
-13	441.875	0.587237	-754.12	-25.4542
-13	519.555	0.862318	97.2024	71.1059
13	667.223	0.133702	-801.974	-1282.12
-13	548.415	0.138353	426.947	-834.733
-13	726.234	0.813172	-669.494	367.968
-13	780.373	0.586797	-642.666	1429.23
-13	426.331	0.91744	-378.145	583.17
13	410.726	0.863732	-334.085	-472.042
13	430.889	0.278154	819.035	-851.479
13	428.629	0.790635	-999.217	-1327.38
-13	441.109	0.443849	240.688	1458.85
-13	902.563	0.936243	1191.97	-1234.76
-13	599.224	0.788219	-737.888	-972.304
-13	1067.34	0.65863	-621.487	-751.847
-13	1005.78	0.110921	853.969	454.876
-13	479.603	0.907626	-1293.81	814.505
13	831.558	0.400748	-988.236	-1038.14
13	464.514	0.746749	-59.4656	-265.771
-13	1022.71	0.912618	-1293.49	-1452.46
-13	408.603	0.219381	722.211	-1151.12
-13	666.113	0.783713	-223.656	1137.03
13	529.023	0.196475	486.028	826.608
-13	432.735	1.03269	-888.544	-1396.1
-13	1043.18	1.05667	-184.55	1173.31
13	452.585	0.0471041	-152.281	-767.305
13	434.279	1.10302	-624.033	-723.172
13	425.361	0.54985	980.745	-194.85
13	530.45	1.09692	-617.627	324.024
-13	440.827	0.931616	-1012.45	-1131.07
-13	430.983	0.723986	394.794	-77.4881
-13	498.218	0.840176	208.456	989.247
-13	944.709	0.0581919	-840.597	-832.824
13	682.458	0.620117	394.153	-1135.93
-13	882.134	0.789134	828.052	697.722
-13	439.075	0.1584	1118.19	-344.08
13	525.822	0.8273	927.072	-361.63
13	401.038	1.01501	517.802	399.224
-13	578.097	0.419321	232.267	1152.71
-13	852.946	0.471919	546.072	825.482
13	413.688	0.485002	-677.047	479.58
-13	582.227	0.0723016	-880.045	-1404.72
13	407.628	0.242627	-462.854	-1156.51
-13	537.932	0.9521	454.622	-1402.56
-13	442.619	1.0424	-607.038	1478.15
13	915.181	1.10444	339.561	-1133.1
13	1234.17	0.833649	1478.99	-1305.41
-13	439.524	0.528899	-263.611	528.231
-13	746.304	0.823452	898.195	-167.527
13	1066.1	0.420901	349.586	-1028.41
-13	564.587	0.678536	938.963	-352.344
13	430.479	1.08274	1191.26	1083.92
13	508.848	0.798004	-916.488	335.68
13	1157.95	1.1263	359.331	621.779
-13	403.595	1.17574	-1252.96	-602.43
-13	501.486	0.158788	169.304	1283.41
13	462.997	0.875857	-1281.07	-605.31
13	686.186	1.21692	-677.76	703.641
13	537.255	0.933895	693.894	1335.68
-13	463.508	0.813267	1337.22	-556.873
13	912.758	0.990594	-718.707	1385.55
13	401.854	0.716979	177.343	137.53
-13	1597.81	0.322101	611.671	-98.6625
-13	563.794	0.103816	297.042	-1421.49
-13	437.315	0.757847	-435.26	403.67
-13	1454.52	0.148826	1280.57	200.214
-13	420.177	0.854531	779.304	-1433.63
13	868.008	0.441756	-16.5892	-1080.41
-13	426.95	0.393489	255.37	-1096.65
13	614.514	0.841694	-769.599	-951.518
-13	938.228	1.17085	-704.478	1491.29
-13	426.75	0.409358	1475.22	315.843
13	428.873	0.873832	-651.64	-403.05
13	422.966	0.501721	544.502	-753.459
13	454.321	1.08201	1149.52	1211.55
-13	500.208	1.22051	1366.02	-1189.17
-13	589.606	0.395404	912.446	785.644
13	484.178	0.552727	878.031	-181.276
13	609.902	0.0352238	1095.51	578.835
-13	454.907	0.993841	-1074.77	704.358
13	793.837	0.578886	1292.62	1325.22
-13	477.21	0.948876	1219.22	-1021.19
-13	548.359	1.1893	-343.451	732.049
13	586.679	0.858315	434.555	-177.98
-13	759.506	1.2001	-321.796	38.5866
-13	711.223	1.02949	1056.53	1239.03
13	651.19	0.257882	-651.159	-920.737
13	521.97	0.0587819	599.567	-1380.41
-13	477.074	0.520789	-599.238	-621.655
13	522.673	0.729347	1474.26	665.908
-13	503.506	0.956068	-1448.11	788.275
13	470.83	0.762153	343.646	1350.01
-13	598.758	1.07021	1115.96	702.267
13	554.492	1.17072	420.538	1352.14
13	646.991	0.434217	1195.13	949.721
13	565.867	1.04692	1124.94	-579.46
13	1874.94	0.970595	749.157	-1099.81
-13	721.057	0.992879	521.825	-1065.4
-13	550.134	0.89422	-1280.25	752.897
-13	422.436	0.546127	1377.47	-404.903
13	402.074	0.313085	1290.89	-1332.2
13	457.771	0.548024	-1467.44	-161.088
-13	419.769	0.0192703	1491.45	1232.49
13	668.745	1.21536	-1047.46	-1220.27
-13	1731.84	0.326285	1355.5	1428.73
-13	526.24	0.922694	891.576	-1078.63
-13	645.914	0.396502	-1321.2	-823.014
-13	512.457	0.179691	-329.834	216.571
13	642.417	0.0638815	821.997	-702.613
-13	561.625	0.422925	699.009	-282.554
-13	481.111	1.14674	-275.378	-739.14
-13	857.057	1.20042	-1045.29	705.111
-13	408.738	0.845446	1379.72	1136.19
13	420.998	0.996712	151.419	894.755
-13	508.685	0.764633	957.723	1070.03
-13	1429.8	0.053392	1229.03	994.81
13	479.715	1.20262	-938.545	-1318.87
13	464.567	0.343149	-566.928	450.218
-13	551.197	0.0161716	-1184.74	-381.932
13	639.669	0.929833	-1258.9	1219.19
-13	445.504	0.75391	-730.612	535.154
-13	724.665	0.670338	1021.15	-88.2374
13	786.431	1.03583	-115.703	402.843
13	605.512	0.483575	-703.73	-1220.69
-13	863.372	1.05732	-122.679	-45.0787
-13	422.364	0.754696	-612.252	-631.309
-13	423.103	0.280144	393.541	-1453.56
13	476.544	1.18091	-11.2111	844.253
-13	429.782	0.175344	-809.543	-456.018
13	872.431	0.461955	626.68	-386.751
13	456.661	1.18088	-304.231	-929.295
-13	554.794	0.800061	1073.06	-14.6274
-13	439.2	0.466092	-1169.62	-1336.11
-13	560.987	0.0600732	-741.566	-39.7824
-13	898.319	0.344949	469.454	348.973
-13	588.62	0.383948	-615.487	-1415.47
-13	601.898	0.27653	276.073	852.162
-13	491.878	0.507388	844.191	-465.283
-13	644.965	0.925366	-381.25	-1423.07
13	556.725	1.10619	-1418.12	-511.394
-13	667.502	0.70991	-1173.82	470.543
13	1545.71	0.201134	915.171	859.128
-13	407.838	1.06375	819.921	1134.24
-13	411.669	0.448448	488.386	801.511
13	669.12	1.13756	839.21	198.32
-13	590.842	0.844582	45.7113	629.905
-13	632.616	0.842473	-642.446	-189.255
13	583.385	1.0296	-1349.44	480.86
13	625.951	1.10449	-615.446	-875.972
13	421.252	0.997336	-1265.64	425.062
13	520.793	0.781901	-1430.32	118.012
13	452.664	0.967357	938.269	227.247
13	429.065	0.793058	1389.35	-1187.27
-13	632.62	0.577144	-299.131	936.506
-13	418.148	0.818534	952.395	-848.54
-13	454.844	0.862286	-980.226	-206.48
13	562.076	1.00799	1137.48	1388.4
13	1215.71	0.788803	-86.9265	-1359.83
13	485.493	0.250911	542.329	661.057
-13	2062.31	0.82111	1262.8	1030.97
-13	483.07	0.125344	399.481	1275.63
-13	485.542	0.794445	-1069.3	1201.74
-13	747.061	0.428826	-718.272	-1444.18
-13	502.374	0.164709	-675.042	-359.426
-13	475.802	0.258746	-443.633	-99.8651
13	620.608	0.990879	429.693	-908.359
13	478.442	0.628111	829.734	900.283
13	612.105	1.05622	415.113	-455.815
-13	415.26	0.640434	-1120.24	101.998
-13	401.181	0.321304	-800.065	465.941
-13	575.4	1.13988	986.967	995.798
13	909.762	0.97564	843.905	1089.05
-13	558.786	0.161164	1031.73	542.396
13	433.749	1.05678	632.342	1052.41
13	418.051	0.536043	-501.449	-1058.64
-13	728.877	0.72938	748.115	673.981
-13	977.71	0.420447	1329.95	-68.6854
13	622.637	0.0554809	-1218.82	116.054
13	560.253	0.687905	-534.335	1384.79
13	570.698	0.146465	-296.952	-1035.25
13	420.206	0.968241	-835.485	-465.175
13	760.82	0.586243	222.688	-176.224
-13	628.324	0.27789	782.792	989.733
-13	567.018	0.863429	-276.153	-438.972
13	423.912	0.419446	1395.67	787.025
13	6137.27	0.812128	-1221.47	1055
-13	726.187	0.1103	1398.43	256.71
-13	975.979	1.14441	951.829	-118.689
-13	806.846	0.0846973	1088.01	-539.925
-13	477.462	0.175701	1126.01	-1379.06
13	410.415	0.619537	172.164	-1448.71
-13	723.418	1.05882	-1346.71	74.5953
-13	592.145	1.17755	-1188.73	-996.325
-13	643.966	0.628306	-976.469	-743.906
13	438.61	1.00792	55.037	-84.0692
-13	1722.62	0.152461	1004.72	220.559
-13	544.614	0.285105	846.339	692.036
-13	429.225	0.509441	786.571	37.9101
13	738.032	0.493208	1254.21	668.887
13	700.02	1.17002	-981.185	-1375.33
-13	634.394	0.465341	-1437.6	-129.582
13	426.4	1.21636	763.199	1209.5
-13	647.196	0.592699	-1087.47	-924.161
-13	484.909	0.701498	363.872	15.8335
13	408.995	0.52544	-254.201	156.599
-13	1111.9	0.937336	-598.445	685.461
-13	615.98	0.33563	1102.01	-119.514
-13	579.278	0.378658	-553.849	169.544
13	499.08	0.882193	1478.99	-430.098
13	597.237	1.1772	1461.63	1443.1
13	798.104	0.623167	-566.819	-1132.8
-13	423.831	0.0687541	-897.242	-730.969
13	837.157	1.13776	998.632	837.896
-13	451.866	0.991791	-670.76	103.202
13	539.131	0.138346	-419.724	675.599
-13	1264.38	0.687825	-470.517	81.7592
-13	523.051	0.154606	-640.419	975.168
-13	402.073	0.193376	1171.38	354.959
-13	561.319	0.233344	-1200.42	502.936
-13	403.826	0.871947	454.172	-1150.02
-13	1570.66	0.528105	522.327	966.124
-13	634.043	0.801914	-1441.85	-338.489
13	552.402	0.284892	1060	-1098.77
13	421.893	0.896278	-1085.44	-293.308
-13	429.611	0.889857	-676.122	-1204.72
-13	2535.85	0.0676051	1188.77	970.676
-13	627.193	1.08301	1412.09	1430.2
-13	583.814	0.960164	-889.472	1045.32
-13	483.304	0.99233	-1016.75	-1175.09
-13	573.474	0.559397	-292.896	-1394.89
13	581.02	0.273217	-111.621	-398.17
13	869.206	1.19199	-1168.89	-1060.98
-13	451.219	0.272354	-316.269	-1191.57
13	618.97	1.06984	-915.903	414.239
-13	713.47	0.120906	351.765	-689.235
-13	884.435	0.92173	-1206.62	-932.108
13	579.75	0.340971	-1198.39	438.863
-13	1334.97	0.444086	413.503	-295.975
13	400.928	0.791867	-1328.25	329.764
13	526.596	1.15521	-131.61	-642.363
13	883.198	0.86951	1059.82	-483.173
-13	458.402	0.636263	1474.18	1306.92
13	594.679	0.990032	955.157	-179.52
13	1199.23	1.15987	934.81	-856.433
-13	839.636	1.05595	1078.45	-587.631
-13	455.46	0.497533	-1065.31	-1388.68
-13	817.319	0.369017	-360.992	-1393.58
13	480.518	0.587695	172.219	1123.58
-13	402.717	1.03894	-1014.19	-287.986
-13	502	1.20238	-297.595	366.914
13	1143.74	0.861037	983.501	1200.7
-13	1011.54	0.892815	526.754	-1000.45
-13	1082.44	0.501427	1044.7	-1472.88
-13	655.856	0.652846	-936.08	577.51
-13	516.243	1.19	169.566	364.442
-13	1041.32	0.993121	-593.769	-1044.08
13	463.135	1.12748	-273.812	-1439.23
13	773.304	0.616986	1104.04	442.83
-13	1701.95	0.3855	-1311.6	-440.498
13	576.393	0.604522	-1163.2	-1349.34
-13	611.437	1.08171	-874.504	950.546
13	514.602	1.129	1098.64	1140.8
13	831.168	0.452679	-792.575	120.151
-13	525.357	0.845869	173.874	-594.01
-13	428.752	0.265775	961.796	37.8005
13	454.615	0.710273	1104.91	558.584
-13	535.732	0.349353	123.001	552.58
13	786.321	1.21702	-179.945	245.961
13	570.405	0.782609	-206.354	553.112
-13	575.546	0.419076	1492.32	625.271
-13	489.995	0.535685	684.331	61.9657
13	641.855	1.20749	-396.809	1331.41
13	575.83	0.727368	-55.8444	1429.13
13	447.217	0.146657	1069.94	-1084.38
-13	423.041	0.625556	1400.87	-134.47
-13	469.779	0.124113	829.627	-527.94
-13	953.2	0.566539	623.881	-1227.65
13	898.333	0.452264	-698.905	-767.518
13	476.377	0.346951	8.00512	1119.57
13	576.063	0.642553	-1368.1	-1088.67
-13	807.617	0.964262	327.483	1174.59
-13	440.347	0.358633	1373.13	-692.213
-13	412.737	0.830498	-1233.22	-507.842
-13	1249.04	0.906878	1329.16	124.317
-13	886.149	0.727163	254.906	-1456.28
13	460.308	0.472776	1454.04	191.135
13	468.512	0.893603	706.473	-1395.82
13	464.874	0.81072	743.963	71.4919
-13	571.277	0.892597	-1315.66	-522.109
-13	464.083	0.0733145	1234.56	-705.118
-13	424.481	0.845796	-488.84	250.036
13	1317.24	0.585502	-1140.4	1473.74
-13	485.083	1.01574	1418.15	-67.501
13	493.977	0.992812	423.92	-1009.62
-13	590.441	0.00836282	7.15497	1476.11
13	797.567	0.940636	654.899	-1227.96
-13	420.49	1.00241	-818.973	-751.671
13	858.152	0.533933	-210.029	683.432
-13	420.439	0.11229	726.27	-1120.6
-13	698.203	0.927226	-445.59	545.989
-13	517.448	1.16282	451.485	-1041.55
-13	1152.21	0.853471	70.9937	-34.2729
13	453.633	0.721134	325.432	-1057.55
13	432.874	0.438735	-1204.53	59.8285
-13	605.662	0.403195	1423.04	-286.083
-13	765.678	1.10972	-1412.24	1101.79
13	671.5	1.21567	115.416	-833.538
-13	1735.95	0.625673	-1164.64	796.562
-13	1230.52	1.14516	9.02645	-1190.84
13	813.378	0.151558	-1275.74	463.184
-13	630.15	1.15819	789.3	-1261.6
13	1371.65	0.721878	192.215	-1043.55
-13	514.293	0.272166	-0.558391	-9.78297
-13	655.167	0.306488	766.762	-1257.81
13	727.385	0.778717	-1325.72	933.224
-13	438.134	0.502803	-480.29	209.999
13	686.575	1.09646	-570.531	-1347.82
-13	1167.21	0.283294	1259.95	291.456
13	1834.85	1.05008	136.761	1378.3
-13	695.772	0.833255	-853.734	-599.009
-13	475.545	0.0777454	-1417.37	-1435.62
-13	668.252	1.13254	1248.12	787.717
-13	439.999	1.04056	-256.894	-469.479
13	663.241	0.0912365	-247.758	427.235
-13	597.527	0.413535	390.74	13.6012
-13	563.805	0.188177	-1117.43	-470.55
13	552.351	0.426994	171.458	-1006.73
-13	545.068	0.022306	788.599	674.27
13	633.008	1.10388	-89.2412	640.989
-13	3480.77	1.20822	498.696	-53.7039
13	401.281	1.18121	-512.369	1452.57
-13	455.13	1.03484	1393.39	-923.798
-13	434.586	0.724161	-1401.74	799.557
13	553.18	0.993351	-264.015	-279.573
13	434.53	0.83834	-109.965	248.315
13	516.724	1.19081	-1118.26	-1284.47
-13	570.152	1.2158	-1321.28	1008.88
13	501.878	0.0111211	548.715	346.958
-13	4889.02	0.711072	691.808	1283.54
13	417.774	0.694972	-503.82	-189.442
-13	570.813	0.557849	1346.94	840.468
13	496.953	0.280427	-546.964	211.185
-13	1132.51	0.829917	-762.021	346.638
-13	500.718	0.157477	35.4041	1263.82
13	620.469	0.475164	762.258	360.064
-13	452.691	0.185504	-613.838	355.415
13	462.756	0.834147	-277.553	-1055.61
13	432.653	0.594607	-1323.66	-603.733
-13	693.607	0.250367	-1223.71	-943.712
-13	425	0.794709	-848.415	605.39
-13	418.581	0.431506	187.094	1207.75
-13	434.635	0.342047	-732.566	-1233.94
-13	1315.95	1.20456	243.454	4.0801
13	962.544	0.697086	498.688	-275.056
-13	492.376	0.798565	-844.339	170.806
13	823.849	1.03912	-185.567	-151.049
-13	449.682	0.923333	-612.564	-585.172
-13	661.664	1.16697	290.515	-1064.19
-13	856.124	0.210171	-1049.25	-1264.43
13	811.936	0.080577	-1323.89	520.245
-13	1582.99	1.02473	-206.038	454.889
13	1142.39	0.834838	773.544	900.087
-13	458.328	1.10653	982.715	-1445.9
-13	1064.61	0.117273	-1053.67	-1436.74
-13	545.549	0.206188	160.131	1226.75
-13	555.809	0.45873	200.127	-217.092
-13	647.944	0.883183	335.901	492.996
-13	521.749	0.850862	-182.953	-226.823
-13	426.964	0.225324	-992.05	-613.004
13	1598.38	0.927063	539.173	-14.1428
13	777.193	0.284363	-1336.43	1116.43
-13	856.212	1.20968	759.786	1485.04
13	426.924	0.916458	547.216	1050.82
-13	667.985	1.14052	716.277	-1312.34
13	468.383	0.793839	1347.95	-979.321
13	547.546	0.644505	1369.12	-231.138
13	437.604	1.11657	880.932	576.363
13	747.825	0.522339	-756.583	-1376.1
-13	433.13	0.36456	322	-940.348
-13	1837.04	0.0445987	606.471	-608.622
-13	808.914	0.93613	-90.7644	1319.28
13	514.045	0.319911	342.941	-77.4191
13	783.823	0.951304	-1010.05	-1387.67
13	447.431	1.11917	-1116.49	885.932
13	552.559	1.08896	219.094	-779.611
-13	1175.59	0.327854	-985.449	674.415
13	444.767	1.11562	1004.66	1200.48
-13	446.78	0.531364	-762.906	-1401.59
13	4061.5	0.94299	730.645	-89.2151
-13	511.669	1.03894	947.647	871.602
-13	412.391	0.12658	776.215	-111.121
-13	421.998	1.1968	996.4	582.34
13	1319.06	0.18559	-99.6422	-1289.57
-13	1352.94	0.442376	-459.149	-1192.07
13	423.146	0.0278116	-259.768	1421.99
-13	1186.74	0.0758011	-1324.6	382.276
-13	404.778	1.21409	1468.84	-921.078
-13	1414.4	1.12193	429.526	1330.16
-13	468.263	0.34162	1126.31	837.029
13	407.432	0.395896	-1339.51	-874.595
-13	575.849	0.888511	825.165	-1360.45
-13	548.639	0.477478	874.475	-1166.11
-13	430.725	0.617392	-1120.89	48.8217
-13	639.056	0.875674	577.221	-1381.81
-13	1034.98	0.892444	-1336.44	-446.184
-13	1045.93	1.04748	-887.068	1367.61
-13	411.692	0.205006	-93.69	-428.293
-13	406.237	0.507276	-1366.47	-481.667
13	672.254	0.591489	883.116	672.51
13	479.474	1.11378	-170.282	341.872
-13	450.533	0.156811	-608.999	-1354.36
-13	452.559	0.0370417	129.657	101.14
-13	495.085	1.04936	-1426.3	616.543
-13	416.087	0.194613	-1234.24	827.331
-13	409.029	0.775368	412.255	957.597
-13	566.135	1.08667	1422.38	736.122
-13	410.076	0.455717	-1089.97	-1421.96
13	462.938	0.682544	243.043	-1477.01
13	621.043	0.948899	-407.041	1189.67
-13	1051.18	1.16986	-299.365	-353.231
-13	1223.3	0.875263	607.531	492.845
-13	1312.57	0.199957	1267.15	-667.414
-13	445.27	0.445647	199.884	1256.1
-13	542.385	0.651824	-863.362	-817.735
-13	544.142	1.13884	-920.704	-562.476
-13	615.181	1.08966	10.8839	1347.94
-13	749.332	0.705656	-969.158	-481.724
13	731.193	1.05486	-450.033	-238.404
13	514.909	1.19271	-1392.93	-231.631
-13	600.229	0.628968	1264.61	688.444
-13	479.946	0.00962766	38.2494	325.27
-13	623.894	1.08941	913.57	-1408.94
-13	732.025	1.1667	14.6038	793.929
13	534.751	0.436955	1338.61	1080.78
-13	449.798	0.534063	14.2151	111.379
13	506.494	1.19313	204.35	-417.069
13	534.375	1.11661	1223.97	550.295
-13	1073.21	0.0340745	229.164	936.51
-13	765.939	1.08004	-70.0602	-793.079
-13	410.04	0.856743	1301.08	647.049
13	525.854	0.394156	-1221.91	798.815
-13	439.048	0.176214	44.2228	-1435.79
13	477.179	1.13728	530.524	576.334
-13	1028.51	1.06976	-688.364	711.302
13	441.824	0.380848	169.196	206.291
-13	2587.15	0.262462	-309.87	375.32
-13	458.827	0.42494	517.213	142.113
-13	845.75	0.0325423	-22.7213	-85.8145
-13	839.681	0.887034	-721.732	-70.1491
-13	705.766	0.962549	379.011	911.417
13	508.303	1.20542	-301.436	1363.54
-13	953.302	0.852984	1199.35	1047.03
-13	604.692	1.11102	-379.191	-1194.03
-13	417.628	0.878118	-1252.3	131.2
13	910.226	0.180164	-862.783	-779.646
-13	2543.31	1.21438	1272.55	885.979
13	2139.39	0.266895	-354.117	34.4738
13	609.735	0.88171	708.862	187.535
13	486.961	0.601239	1336.61	-779.993
13	870.116	1.14725	896.163	-1392.51
-13	494.588	0.908305	990.769	1223.33
-13	411.252	0.760224	-1061.69	1089.44
-13	801.01	0.163293	-566.843	-139.259
-13	684.285	0.822707	-1037.17	-705.229
-13	498.103	0.954032	1427.25	173.358
13	570.976	1.16992	1419.78	1314.68
13	455.006	1.0649	-55.2392	1052.23
13	534.261	0.312777	54.9154	-1174.11
-13	1503.91	0.111764	1499.64	-1425.92
-13	704.702	0.224551	101.922	-910.512
13	3793.69	0.989025	-660.372	-887.82
13	503.256	0.784355	1274.06	-1125.99
-13	428.521	1.05398	1357.68	1391.52
-13	426.108	0.0713783	167.582	-243.466
-13	538.986	0.855736	946.204	1154.9
13	423.429	0.509872	-455.818	476.768
13	702.871	1.09982	-216.183	21.3596
13	726.205	1.06835	757.297	-682.86
13	538	0.74514	-1032.07	-333.997
-13	951.941	0.251336	863.646	842.978
-13	410.523	0.810771	765.83	-1151.17
13	834.54	1.05645	-1403.23	1325.41
13	459.544	0.691812	1361.05	-672.727
13	1086.99	0.808741	540.537	877.983
13	744.056	1.03734	-656.852	-1173.82
-13	432.703	0.902151	602.472	-1191.34
-13	499.503	0.503658	-215.241	20.5944
-13	432.816	0.0653629	-849.474	-676.569
13	690.361	0.769192	166.308	-508.864
-13	437.484	0.232416	814.989	203.555
-13	479.129	0.0633193	753.665	510.865
-13	595.01	1.16639	-1485.14	-644.957
-13	1029.87	0.702651	1036.54	800.683
13	784.286	0.900079	-804.599	-589.809
13	438.471	0.633084	-9.08376	-1498.76
-13	1048.24	0.709742	505.078	-564.762
13	699.363	1.21375	416.624	-390.238
-13	490.922	0.387112	121.788	-803.706
-13	622.195	1.10247	60.0958	-368.358
-13	445.622	0.728963	-1411.68	314.046
13	1180	0.892644	121.923	643.474
-13	650.051	0.0396039	1038.86	500.437
13	993.655	0.872872	44.4288	560.741
13	528.173	0.72604	858.765	96.6884
-13	539.292	0.429422	593.424	575.258
13	1646.02	1.15228	1400.22	72.4289
-13	462.377	0.554064	-1076.81	809.043
-13	1164.12	0.834428	-733.039	-1062.97
13	517.724	0.34846	599.995	-561.774
-13	1230.68	0.99599	-72.7547	-548.795
-13	458.878	1.21401	469.461	-1159.76
-13	421.896	0.15473	58.7622	916.214
-13	1702.87	0.158431	913.418	-1189.54
-13	810.63	0.429843	-1265.16	379.891
-13	811.279	1.09876	-646.641	902.508
-13	507.336	0.492613	-857.087	1293.83
-13	899.95	0.586038	347.906	1405.31
-13	523.776	0.413231	-43.7405	947.473
-13	469.434	0.405645	-1392.13	-815.522
13	413.314	0.147833	758.963	264.501
13	690.845	0.832978	694.578	54.7464
13	424.211	1.14079	-860.203	1333.55
-13	3943.21	0.827786	-848.235	859.441
-13	776.928	0.158166	-457.261	854.605
-13	479.095	1.02015	-722.645	492.547
13	436.614	0.680211	-694.825	1286.83
-13	601.132	0.307414	-1070.67	918.545
13	2341.79	0.886338	579.502	-1198.19
13	1679.23	0.932725	75.7547	1304.52
-13	569.213	0.738961	1007.1	1155.58
-13	589.032	0.791702	661.816	1133.89
-13	429.337	1.21715	960.208	-735.224
13	553.242	0.151293	-968.462	557.612
13	424.235	0.223449	-4.82671	-541.34
13	438.211	1.14468	-84.3838	-494.801
13	760.535	0.600994	981.32	-1207.01
13	405.943	0.0732632	-1184.44	406.328
-13	406.547	1.20574	29.9528	-1050.94
-13	1893.76	0.529152	33.9763	-1466.59
13	444.486	0.444616	1429.63	-51.0464
-13	433.909	1.10782	-1.32909	585.944
13	460.352	0.769062	-1160.24	51.2121
-13	968.988	0.560398	-1476.76	832.562
-13	942.257	0.46059	-1366.27	755.151
-13	457.779	0.0232367	-310.23	1118.02
-13	830.789	1.00186	1197.9	195.073
-13	676.283	0.57032	900.825	-450.826
-13	739.619	0.78789	1002.49	1196
-13	503.728	0.0904938	159.647	338.595
13	568.734	0.711626	749.117	534.313
-13	894.929	1.13307	-230.925	-730.709
13	463.428	0.0856173	846.757	-1387.92
-13	1041.05	1.09271	821.926	-870.635
-13	702.45	0.410434	-32.3673	-1338.35
13	1619.49	0.729181	-1341.78	1371.76
-13	1915.36	0.303737	-279.181	1161.72
13	442.278	0.827134	473.238	-1023.6
-13	3829.86	0.126713	880.29	6.09244
13	806.572	0.437373	539.622	-1392.87
-13	534.299	0.484087	990.476	-158.731
13	625.02	1.19524	1222.47	41.3015
-13	496.63	1.19781	561.705	1210.92
-13	439.185	0.726497	-266.387	912.107
13	643.436	1.06939	1372.99	1202.43
-13	999.205	1.11518	1383.36	-159.07
-13	403.059	0.539767	260.13	-465.856
