-13	456.681	0.889546	-144.2	-1055.12
-13	1342.35	0.929646	1149.56	884.656
-13	799.537	0.948314	290.334	-515.379
-13	773.602	0.221341	1254.37	-1268.87
13	710.736	1.04467	-992.848	-871.995
13	437.924	0.766696	-348.448	229.956
-13	1148.77	1.03106	-1031.03	-172.264
13	647.934	0.322937	-163.966	241.294
-13	693.622	0.786484	-910.872	226.595
13	421.917	0.634669	1177.91	-1295.19
13	413.188	0.772791	846.321	22.9551
-13	471.255	0.243866	-118.879	210.49
-13	404.824	1.1192	671.796	-1041.85
-13	471.386	1.13521	-809.114	-406.316
13	443.666	0.758884	-824.129	-720.034
-13	531.841	0.0304382	-814.142	951.257
-13	436.679	0.601539	945.292	6.358
-13	886.923	1.15512	1255.74	660.522
13	580.5	1.14913	173.422	-86.6996
-13	539.764	1.16468	1411.71	-822.962
13	1193.28	0.00996707	-55.0987	-764.715
13	437.469	0.286187	-1207.29	554.966
13	667.098	0.988037	524.036	-332.997
13	523.989	1.18925	896.301	439.327
-13	409.23	0.535389	1028.08	434.81
-13	680.225	0.567806	-1153.67	452.197
-13	616.078	0.456115	507.004	442.459
-13	853.295	1.14575	-477.511	-1201.02
-13	456.716	0.663112	-908.581	356.004
13	485.109	0.648635	-323.041	1195.71
-13	757.882	0.00583466	203.208	-928.063
-13	503.586	0.0294308	699.297	1246.31
13	446.509	1.01599	-1397.36	-247.097
-13	501.242	0.228231	1373.64	1038.42
13	430.24	0.533271	1484.21	-502.429
-13	503.989	0.637173	144.066	-970.036
-13	651.474	0.315459	421.682	-976.338
-13	523.561	0.148509	-1201.68	222.497
-13	412.002	0.907216	1371.48	-750.56
-13	875.964	0.624901	138.217	910.947
13	522.864	0.328866	-443.762	-1161.08
-13	463.508	0.418165	395.473	-236.799
13	434.535	0.0599314	767.041	870.891
-13	400.584	0.386625	-396.821	595.746
-13	422.327	0.0473084	-350.303	-1028.74
13	542.428	0.99707	-255.262	384.23
13	1072.21	0.887288	894.834	1439.71
13	484.564	0.7654	-414.837	38.4413
13	870.263	0.271521	-550.892	-162.62
13	457.255	0.870977	740.933	671.947
13	714.601	0.599426	-78.3556	1309.68
-13	436.824	0.349678	-84.2785	-1390.33
-13	1438.77	1.14643	-323.316	1053.64
13	448.406	0.250622	666.844	433.728
-13	505.832	0.0846549	309.748	-182.455
-13	452.55	0.0147853	1325.42	-423.262
13	807.554	0.466621	-96.7677	737.766
-13	491.082	0.490952	-461.22	907.285
-13	618.261	0.433691	-29.2943	-279.821
-13	5107.24	0.900304	-799.953	-761.998
13	549.737	0.0182217	-891.426	1152.24
13	504.48	0.852443	-993.882	639.581
-13	522.784	1.05702	-992.084	1424.8
-13	465.143	1.16603	212.737	364.888
13	484.592	0.561123	834.633	1256.96
-13	438.842	0.804091	244.879	211.98
-13	881.074	1.07662	-73.8502	-1328.29
-13	460.44	0.967835	415.076	215.082
13	1145.12	0.713999	-1029.76	-60.0397
-13	560.299	0.369088	839.511	-308.911
13	772.147	0.727178	1114.41	928.491
-13	408.331	0.686298	-1365.14	336.613
-13	406.786	0.696871	715.91	1004.33
13	528.663	1.01693	-1041.53	171.104
13	649.013	0.0829621	-2.81278	358.13
13	485.551	0.832188	-1326.25	-186.427
13	437.823	0.654191	-1448.83	77.1432
13	523.657	1.06115	-969.796	534.584
13	1139.57	1.2156	807.308	-906.43
-13	518.65	1.14214	-716.168	768.02
13	596.673	0.00627163	237.249	-79.9047
-13	673.025	1.06436	-768.968	-333.305
-13	576.053	0.925134	-441.978	-665.755
13	428.991	1.09955	-589.666	-1434.9
-13	1013.37	0.75161	919.157	427.754
13	534.572	1.03007	442.851	-1061.89
13	508.771	0.992745	-884.052	-1086.53
13	438.114	0.833539	801.993	661.932
13	2203.84	1.03818	-231.431	-1275.23
-13	437.15	0.110578	1343.72	230.585
13	429.234	0.259896	-293.009	1019.77
13	450.35	0.745142	-214.512	1240.52
13	486.739	0.892019	1028.32	1289.63
-13	597.071	1.1191	984.529	-258.369
-13	761.261	0.89717	-744.54	-201.682
13	832.596	0.963381	898.592	-484.6
-13	740.177	0.389595	-697.968	131.696
13	654.432	0.25342	-207.624	-430.12
-13	411.345	0.193463	-384.684	-1356.37
-13	987.834	0.857397	-250.664	-231.838
13	629.071	0.867285	121.577	-609.157
13	534.281	0.5999	494.629	653.94
-13	558.811	0.77531	-132.999	-84.15
13	553.228	0.838244	-1497.02	968.208
-13	879.39	0.779455	-168.938	893.716
13	454.067	0.985855	933.361	271.753
-13	1486.44	1.14666	213.304	182.942
13	2771.13	1.12497	1122.49	1169.65
-13	1758.04	1.19608	470.252	825.25
-13	493.539	0.613198	821.273	921.486
13	573.414	1.07161	1484.77	-237.524
-13	458.203	0.660355	1246.1	-193.981
13	437.656	0.351163	-1264.4	323.433
-13	523.243	1.20623	1025.93	863.673
13	417.577	0.284032	-1103.23	1114.85
13	498.471	0.981523	1398.7	1241.74
-13	1024.14	0.225896	-1000.8	-1338.38
13	1167.06	1.09221	-151.7	-1403.99
13	868.685	0.894692	17.8548	-437.793
13	971.384	1.18116	936.808	-1176.54
13	482.412	0.625878	-624.574	775.161
13	1053.88	0.295522	-485.141	-420.119
-13	620.2	1.08143	657.746	-933.435
13	1377.95	0.97895	-599.976	-112.389
-13	1293.57	0.425299	-962.607	203.464
-13	423.536	0.475917	-59.0714	128.381
-13	677.499	0.960442	-455.818	476.768
-13	824.401	1.11425	-216.183	21.3596
-13	482.358	0.270693	757.297	-682.86
-13	626.349	0.867648	-1032.07	-333.997
-13	1088.89	0.129194	863.646	842.978
-13	778.107	0.484147	765.83	-1151.17
13	487.727	0.294334	-1403.23	1325.41
13	941.986	1.1779	1361.05	-672.727
-13	401.752	0.517413	540.537	877.983
-13	488.028	0.386555	-656.852	-1173.82
-13	677.005	0.282883	602.472	-1191.34
-13	491.537	0.922325	-215.241	20.5944
-13	1072.04	0.630385	-849.474	-676.569
13	503.367	0.0495826	166.308	-508.864
13	473.169	0.598512	814.989	203.555
-13	644.896	0.0700137	753.665	510.865
13	486.238	0.0763102	-1485.14	-644.957
-13	674.171	0.246365	1036.54	800.683
13	554.87	1.21365	-804.599	-589.809
-13	437.935	0.199724	-9.08376	-1498.76
-13	1144.76	0.5751	505.078	-564.762
-13	695.01	0.948614	416.624	-390.238
13	438.86	0.541554	121.788	-803.706
-13	400.465	0.400939	60.0958	-368.358
-13	405.259	0.445386	-1411.68	314.046
13	675.296	0.84521	121.923	643.474
-13	519.118	0.438914	1038.86	500.437
13	790.668	0.90606	44.4288	560.741
-13	462.535	0.185245	858.765	96.6884
-13	477.733	0.949067	593.424	575.258
-13	3144.73	0.992497	1400.22	72.4289
13	508.636	0.20461	-1076.81	809.043
-13	511.266	0.334064	-733.039	-1062.97
13	510.391	1.11804	599.995	-561.774
-13	450.519	0.145236	-72.7547	-548.795
-13	662.25	1.17315	469.461	-1159.76
-13	452.96	0.106175	58.7622	916.214
13	413.854	0.417692	913.418	-1189.54
-13	563.721	0.154656	-1265.16	379.891
-13	502.648	0.109033	-646.641	902.508
13	411.7	1.0534	-857.087	1293.83
-13	2471.75	1.10485	347.906	1405.31
-13	455.505	0.547874	-43.7405	947.473
-13	441.028	0.956857	-1392.13	-815.522
13	992.614	1.04219	758.963	264.501
13	446.102	0.476769	694.578	54.7464
13	456.112	0.245625	-860.203	1333.55
-13	579.84	0.370453	-848.235	859.441
-13	898.067	0.380855	-457.261	854.605
-13	956.897	0.98203	-722.645	492.547
13	401.01	0.140224	-694.825	1286.83
13	417.182	0.243171	-1070.67	918.545
13	1148.53	0.512805	579.502	-1198.19
13	699.804	0.240273	75.7547	1304.52
-13	3034.42	0.194473	1007.1	1155.58
-13	497.876	0.238168	661.816	1133.89
13	455.245	0.394324	-48.9288	-895.314
13	454.025	0.953256	254.045	1098.76
13	703.098	0.853225	-643.761	-546.138
-13	441.954	0.424227	943.441	-1394.1
-13	1200.69	0.220282	-1485.5	-948.183
-13	1249.23	0.67955	1070.99	-564.431
-13	642.194	0.185201	1149.1	-409.762
-13	696.678	0.802369	-1054.68	-605.227
-13	692.029	0.810847	1214.63	30.1473
13	701.602	1.21691	948.622	-644.745
-13	604.098	1.10119	1180.89	327.738
13	511.166	0.732877	1263.73	-660.78
-13	1682.43	0.943965	-663.661	25.0651
13	730.563	0.590943	-672.853	317.03
-13	471.805	0.272015	-136.866	1277.12
-13	586.462	0.793777	1299.21	-64.2547
13	521.379	0.229871	272.166	-413.551
13	840.009	0.31136	-111.483	985.681
-13	1002.6	1.04853	-237.947	908.15
-13	448.826	0.430736	1182.59	1063.62
-13	443.251	0.844905	250.958	1498.59
-13	492.923	0.756588	-437.643	167.216
-13	513.555	0.57562	937.958	811.357
-13	897.593	1.01293	-1130.76	-744.368
13	463.295	0.846919	-654.281	-363.858
13	522.585	1.06114	1296.57	-1295.32
-13	482.759	0.210464	636.791	-857.449
13	767.115	0.374375	868.701	-1331.14
-13	689.243	0.373182	-141.779	380.406
13	537.413	1.14307	-1091.79	708.525
-13	437.529	1.17439	496.017	75.0165
13	954.996	0.364546	-943.6	1152.14
13	641.943	1.00828	26.2088	199.532
-13	704.959	1.20191	727.924	1096.45
13	1343.42	0.566828	380.162	-664.876
-13	716.607	1.17701	-648.204	986.422
-13	653.243	0.876685	-995.991	-461.641
-13	531.954	1.06874	1401.17	789.145
13	980.713	0.174699	-1416.96	-1169.81
-13	493.349	1.09624	-333.41	-87.5845
13	458.014	0.258923	689.901	1231.15
13	571.321	0.899648	812.175	-956.713
-13	454.798	1.17371	-1482.67	555.322
13	991.285	1.18252	-35.1464	1274.39
13	441.851	0.444032	1068.51	1024.33
13	486.712	0.140374	387.894	-1274.27
-13	657.977	0.965172	266.183	-3.30928
-13	487.317	0.653504	469.529	-29.496
-13	403.319	0.155801	288.714	79.8658
13	552.517	1.03931	1181.86	822.536
-13	878.794	0.398761	-1497.29	-1443.39
-13	545.745	0.340487	-544.477	1304.01
-13	574.416	0.850163	433.154	934.049
13	685.29	0.466285	-227.782	-1399.6
13	625.604	1.19116	-1028.07	21.8243
-13	518.08	0.772142	-298.753	947.677
13	501.207	0.811152	-123.963	-884.042
13	421.871	0.830722	-1342.42	-95.1357
-13	531.119	1.16178	104.301	-1163.8
13	410.411	0.255966	-354.593	-783.871
-13	958.787	0.389966	-32.6166	628.297
-13	910.489	0.726815	-843.608	787.599
-13	499.946	1.14057	-865.768	1494.55
-13	675.363	0.276686	-329.694	569.971
-13	764.677	0.984527	-1491.74	1224.86
13	709.17	0.389747	709.716	467.339
13	444.099	0.980481	-1185.45	449.815
-13	448.634	0.231547	-1123.02	467.056
-13	433.739	0.204604	-293.975	88.1112
13	597.255	0.993909	-951.786	-1120.83
13	579.444	0.989667	-1483.98	1298.79
13	463.761	0.889656	-1320.57	-1255.71
-13	630.046	0.373517	-213.999	526.142
-13	444.675	1.19661	-970.657	1258.17
-13	445.558	1.14333	-28.2112	1076.15
13	498.411	0.15871	1150.3	936.934
13	485.996	0.551101	-706.165	-222.787
13	1325.86	0.682435	-1311.77	76.9283
13	435.737	0.356078	1151.7	-950.029
13	404.713	0.13519	820.015	379.3
13	1925.88	0.286128	19.0546	-913.182
13	627.269	0.039032	1229.68	-1447.03
13	565.495	0.270246	-1315.25	1353.96
-13	476.752	0.140834	-881.208	1401.82
13	464.744	0.0435014	1475.88	1070.83
-13	413.107	0.176395	-1411.58	1232.18
13	596.986	0.528563	-1255.4	1133.02
13	431.157	0.618322	1115.08	-544.884
13	532.421	1.21977	142.837	1458.43
-13	473.154	0.929249	-945.135	-1458.78
-13	794.653	0.947004	-422.651	1487.39
-13	1077.75	0.9416	394.571	159.402
-13	486.283	0.445023	1319.8	-47.405
-13	643.675	0.0279371	-130.13	-339.24
13	408.142	1.07046	1161.84	1484.48
13	503.143	0.966102	-1401.98	-1026.77
-13	820.527	0.953751	-829.603	-978.195
-13	1048.14	0.235601	1119.5	729.365
-13	432.275	0.798507	-361.841	-998.408
13	586.956	1.09115	-1236.84	-945.941
-13	836.936	0.230566	-979.462	-80.182
13	589.233	0.280715	-769.388	-369.778
-13	504.554	0.860471	1195.48	-242.407
-13	526.639	0.26947	-610.791	-154.687
13	526.142	0.957609	-39.621	-569.18
13	707.891	1.10986	-582.929	-1009.54
-13	763.89	0.563075	383.516	438.195
13	416.658	0.547191	654.031	529.18
13	413.093	1.21955	-191.039	1171.96
-13	474.503	1.19426	-967.942	956.627
-13	494.559	0.246904	-1042.83	277.667
13	532.905	0.706021	470.624	-638.279
-13	781.612	0.911191	-1331.67	693.145
13	533.512	0.556786	-1334.15	-609.121
-13	2573.59	0.0396821	350.768	-1158.82
-13	494.47	0.452412	1350.57	577.043
13	458.494	1.07743	14.5948	310.938
-13	872.992	0.876321	-1165.68	201.375
-13	405.249	0.0503068	-533.287	-183.179
13	461.705	1.19597	451.485	-1041.55
-13	420.389	0.610182	70.9937	-34.2729
13	637.678	0.849348	325.432	-1057.55
-13	405.397	0.0651785	-1204.53	59.8285
-13	862.325	0.302578	1423.04	-286.083
13	558.173	0.163902	-1412.24	1101.79
-13	764.46	0.0226493	115.416	-833.538
-13	580.998	1.05199	-1164.64	796.562
13	1142.25	0.676922	9.02645	-1190.84
13	725.481	0.901192	-1275.74	463.184
-13	948.544	0.469753	789.3	-1261.6
13	1055.41	1.04358	192.215	-1043.55
-13	403.057	1.13007	-0.558391	-9.78297
-13	536.854	1.03199	766.762	-1257.81
13	4109.45	0.252406	-1325.72	933.224
13	469.464	1.22119	-480.29	209.999
13	569.771	0.492097	-570.531	-1347.82
-13	539.985	1.01623	1259.95	291.456
13	612.551	0.925193	136.761	1378.3
-13	522.977	0.435149	-853.734	-599.009
-13	797.215	0.267346	-1417.37	-1435.62
13	511.337	0.924602	1248.12	787.717
-13	440.378	0.47705	-256.894	-469.479
13	562.104	1.0778	-247.758	427.235
-13	1377.48	0.143735	390.74	13.6012
-13	686.122	1.05185	-1117.43	-470.55
-13	736.22	0.361522	171.458	-1006.73
-13	693.487	0.974047	788.599	674.27
13	780.024	0.614434	-89.2412	640.989
-13	1098.12	0.917891	498.696	-53.7039
13	460.148	0.587099	-512.369	1452.57
-13	593.034	1.01993	1393.39	-923.798
13	575.076	1.11227	-1401.74	799.557
-13	646.784	0.00481184	-264.015	-279.573
13	527.395	0.880416	-109.965	248.315
-13	583.232	0.77714	-1118.26	-1284.47
13	477.572	1.15426	-1321.28	1008.88
-13	481.226	1.02249	548.715	346.958
-13	968.575	0.736684	691.808	1283.54
13	454.312	0.984202	-503.82	-189.442
13	522.578	0.360623	1346.94	840.468
13	499.094	0.884648	-546.964	211.185
13	518.293	0.879405	-762.021	346.638
13	625.398	0.614092	35.4041	1263.82
-13	459.694	0.854403	762.258	360.064
13	536.305	0.725672	-613.838	355.415
13	531.354	0.839205	-277.553	-1055.61
-13	862.095	0.459756	-1323.66	-603.733
13	726.523	1.18463	-1223.71	-943.712
-13	1150.29	0.179458	-848.415	605.39
13	2146.07	0.60338	187.094	1207.75
-13	480.434	0.0916455	-732.566	-1233.94
13	605.795	0.139739	243.454	4.0801
13	608.955	0.927198	498.688	-275.056
13	552.735	0.822086	-844.339	170.806
13	480.174	0.270229	-185.567	-151.049
-13	470.055	1.09084	934.98	-267.01
-13	485.776	0.0690345	-1337.86	37.8242
-13	2309.7	0.209843	830.067	939.625
13	471.891	0.398967	-541.701	913.107
-13	520.873	0.154841	-1094.41	-937.844
13	440.244	0.640035	-121.439	-671.239
-13	489.585	0.306308	-967.99	-1161.9
13	820.433	0.913418	1003.97	-754.743
-13	478.484	0.00321717	910.02	1104.55
13	430.45	0.0781378	1494.99	1406.83
-13	543.513	1.07665	-374.169	-967.362
13	601.097	0.535181	809.672	-920.144
13	780.215	1.07128	-1392.18	352.893
-13	507.572	0.223717	-759.168	-184.152
-13	961.384	1.01767	356.409	-612.81
13	543.781	0.0718573	-1196.04	643.812
-13	468.911	0.223304	-909.517	43.4328
13	514.943	0.0770245	-122.475	-967.865
-13	456.435	0.904075	1233.79	1179.34
-13	473.864	0.512359	1300.81	-832.747
-13	999.805	0.931728	657.958	-860.549
-13	452.133	0.727705	-1297.86	-768.733
13	466.683	0.633308	468.946	-1455.41
13	429.818	0.436747	-1287.37	-863.224
-13	755.091	0.73122	337.527	-1236.81
-13	530.191	0.782199	275.966	-1216.21
-13	770.476	1.02388	461.308	-704.364
-13	539.666	0.662691	-1432.88	1340.4
-13	609.056	0.0222978	-407.522	924.848
-13	632.627	0.852928	-784.823	-77.0352
13	875.275	1.15871	550.293	-1206.44
13	422.697	1.17653	913.429	-1249.05
-13	665.04	0.531749	-302.74	-1387.32
-13	991.89	0.861974	-447.87	1367.77
-13	699.782	0.662252	-179.574	494.4
13	776.552	1.09163	-1278.68	-357.606
13	447.908	1.14413	264.076	-1037.12
-13	575.502	0.286351	612.328	913.362
13	966.552	0.531864	-266.202	-1188.88
-13	603.056	0.356534	-1167.71	367.914
13	476.95	0.563876	1345.24	-1405.27
-13	1075.93	0.00243584	1278.37	1133.66
13	443.785	1.15087	1325.47	1117.03
-13	408.434	0.0420368	781.61	-59.2617
13	405.312	0.772514	-1109.99	780.27
-13	461.398	0.582417	362.868	-424.202
-13	473.707	0.0424852	-635.325	534.189
13	530.92	0.814591	428.209	1206.37
-13	469.597	0.666683	1080.29	142.887
-13	437.579	0.906	598.12	1177.7
13	400.894	0.736879	259.607	-1093.19
13	458.565	0.579616	1259.67	1217.09
13	514.338	0.846	974.956	1400.19
13	855.175	0.608155	486.041	-928.637
13	563.409	1.08935	228.175	-524.111
13	431.409	0.174923	1391.45	183.438
-13	451.892	0.553742	1057.58	-1361.5
13	926.95	0.587984	-466.084	78.4696
-13	469.764	0.302317	-1305.91	-614.257
-13	407.744	0.116484	-959.105	-939.014
-13	410.476	0.706211	905.641	456.656
13	640.938	0.910344	-914.97	402.394
13	637.849	1.2172	-1342.17	401.164
-13	546.477	0.664329	1044.4	1437.99
-13	977.972	0.0351522	429.284	892.212
-13	852.546	1.1713	320.826	60.2829
13	754.973	0.463441	-640.799	569.026
-13	753.223	1.18265	948.804	956.623
-13	453.293	1.2176	1230.83	1330.17
-13	838.1	0.873455	293.198	-1410.95
-13	492.596	0.951827	401.077	1429.36
13	528.834	0.333262	700.338	1230.94
13	770.748	1.12641	-979.654	-1456.91
13	802.068	0.572517	893.496	1095.5
13	660.098	0.848362	-1125.16	-624.438
13	498.694	1.20092	411.812	-653.862
-13	465.176	0.435561	-660.242	-360.815
13	802.152	0.108585	-216.761	740.681
13	474.513	0.967139	-625.065	-1010.51
-13	696.853	0.795961	-1305.94	-593.362
-13	566.662	1.03284	-743.951	-613.043
-13	564.822	1.15576	30.9946	628.286
-13	691.606	0.748348	734.239	-675.433
-13	693.181	0.857514	-161.901	-170.361
13	557.133	0.808678	6.97079	-457.066
-13	668.632	0.406927	-899.633	-1206.56
13	1126.22	0.988232	314.718	1134.96
13	1124.59	1.05641	1245.36	-1030.95
-13	450.377	0.93287	-407.264	838.686
-13	408.92	0.255251	-865.214	-477.673
13	796.843	0.858277	-436.968	106.985
-13	568.811	0.658623	1356.41	102.692
-13	542.575	0.399826	172.583	1130.23
13	559.706	1.18774	443.154	718.715
13	460.962	0.795472	-18.2645	478.729
-13	613.441	0.277273	417.374	-613.395
-13	557.364	1.08712	-1355.56	161.439
-13	442.048	1.20933	426.346	-1209.24
13	495.717	0.74516	472.746	-382.514
-13	408.574	0.221038	904.472	-1049.21
-13	516.14	0.789307	1066.84	1297.72
13	573.784	0.86512	442.48	-355.395
-13	598.743	0.491218	835.51	-1399.78
13	481.922	0.821833	185.386	-1335.24
-13	601.005	0.884336	836.359	113.735
-13	676.519	0.242969	-1427.55	-669.854
-13	966.004	0.186353	-925.422	1268.27
-13	476.59	0.787002	-356.559	1368.52
13	560.394	0.452708	454.28	1404.71
-13	407.552	0.489829	-6.55258	1390.49
13	502.578	0.318386	344.97	704.433
-13	431.271	0.687282	-852.522	669.705
-13	434.97	0.624559	1227.85	-604.663
13	629.086	0.884634	105.048	-898.745
-13	1031.85	0.519753	149.936	270.957
-13	678.583	0.233065	-957.861	-40.7365
-13	479.728	1.18086	-1475.35	822.361
-13	568.299	0.610233	-1428.81	-224.976
-13	633.608	0.0854269	-1336.04	-59.5097
13	727.902	1.21299	-142.158	-854.495
-13	835.509	0.0201514	-1376.56	-715.592
-13	502.954	0.0735082	-942.588	1124.93
13	667.96	0.964495	510.89	-130.344
-13	1182.4	1.09144	170.582	-1396.43
13	447.272	0.783967	-874.592	343.535
13	815.923	0.88533	-152.477	943.775
13	639.909	0.7428	930.672	-24.4705
-13	413.618	0.398424	964.615	-249.7
-13	552.53	1.14651	1475.16	-432.095
13	980.438	0.529235	-191.375	839.118
13	605.741	0.808675	-392.538	723.847
13	493.581	1.01504	-72.4781	-1206.78
-13	644.091	1.00111	751.052	-1383.9
13	1018.7	0.985565	1136.42	-640.489
13	739.622	0.479907	363.705	-1449.93
-13	503.621	0.820564	-1209.93	1171.37
-13	984.794	0.818099	-500.122	1410.25
13	487.479	1.21749	556.6	-915.323
-13	584.017	1.00729	181.287	-29.898
-13	400.12	1.15737	1411.92	-1483.4
13	447.707	0.335824	-1465.41	860.445
-13	822.58	1.07524	1115.18	555.735
-13	511.676	0.609301	187.028	285.852
-13	491.029	0.903127	-1393.25	-1452.58
-13	423.974	0.936797	1225.63	-1454.71
13	1007.12	0.695228	545.17	-525.177
13	492.088	0.828074	-1046.96	863.267
13	793.099	0.891258	-1459.99	-1050.86
-13	474.281	1.07816	941.186	224.18
-13	505.333	0.360629	1490.51	613.867
-13	478.089	0.453765	-955.633	893.244
13	407.11	0.200075	-1257.58	-1104.73
13	446.029	1.12668	770.169	-1058.72
13	522.649	0.742429	106.712	492.353
-13	1253.43	0.198273	348.056	957.577
-13	431.555	0.327359	-888.317	509.496
-13	572.785	0.758733	1141.51	-892.996
-13	513.031	0.987012	1490.45	374.377
-13	478.915	0.216809	-1132.95	-438.845
13	464.409	0.352418	-232.813	-544.853
13	648.051	0.419886	679.645	545.856
13	526.902	0.581737	-920.015	-1138.94
-13	855.922	0.415982	-485.037	826.564
-13	418.673	0.874774	262.098	-734.192
-13	508.287	0.605336	-329.998	192.559
-13	406.151	0.0919095	1183.53	-841.164
-13	1873.72	0.295047	-1113.73	-1018.19
13	551.558	0.274349	1460.11	-439.163
-13	1109.65	0.668862	-1069.38	-54.7575
13	481.465	1.20217	-235.078	-167.895
-13	410.052	0.773649	1383.33	598.417
13	951.681	0.951565	16.5794	-156.572
-13	1152.65	1.00197	1223.39	-1192.16
-13	438.139	0.468995	218.388	217.78
13	588.034	0.639222	843.931	-1456.13
-13	850.112	0.855471	-421.107	527.382
-13	422.739	0.982955	-547.337	-252.545
-13	413.048	1.06228	-964.77	1105.78
13	440.112	0.179073	-241.379	-576.029
-13	1510.61	0.281557	591.099	1475.3
-13	417.066	0.162781	-1071.32	-715.758
-13	1031.59	0.561145	1495.3	1096.17
-13	426.045	0.580735	-45.0553	1097.16
13	871.489	1.12612	877.57	794.759
-13	516.759	0.580848	625.2	1036.23
13	800.445	0.817834	-712.286	-607.803
13	445.246	0.450791	-78.6152	-56.7333
-13	538.834	0.803101	-595.474	-1347.75
13	663.131	0.966751	-153.673	-453.382
-13	1242.59	0.255706	-967.489	-922.393
-13	1275.88	0.593473	-618.338	-800.699
13	486.411	0.56721	154.512	866.536
13	597.323	1.03611	-635.327	286.585
13	407.006	1.1548	-969.527	251.264
-13	437.878	1.17174	1101.17	-530.591
-13	638.013	0.212118	-356.939	-632.499
-13	449.326	0.0157254	1364.33	986.122
-13	510.062	0.951223	-235.671	357.738
-13	737.753	0.0910679	1378.23	111.429
-13	416.464	0.922037	-297.969	663.416
13	483.93	0.620305	1019.26	577.628
13	505.931	0.758535	846.17	-516.291
-13	433.122	1.21294	831.782	621.653
13	415.273	0.543647	909.065	271.484
13	825.871	0.960972	839.441	1159.87
13	437.655	0.854116	-144.154	-377.134
13	1217.26	0.837448	539.204	1453.69
13	713.478	0.611371	222.761	1334.5
13	686.078	0.284805	1052.95	-211.532
-13	529.051	0.157678	548.979	68.932
13	1363.57	1.06611	489.933	-417.2
13	957.393	0.507857	1419.24	961.653
13	554.284	0.44635	-1137.44	-892.873
-13	514.3	1.04262	-1226.9	209.684
-13	431.287	0.320786	-1003.61	969.28
13	878.597	0.86833	-1120.13	-337.311
13	717.058	0.0368146	457.129	608.067
13	607.052	1.15504	458.496	921.957
-13	438.439	1.18016	-674.411	-704.566
13	453.63	1.11276	260.205	-692.162
13	423.858	0.269308	492.263	996.38
13	532.172	1.09905	-360.251	1345.88
13	2497.64	0.967021	-306.116	-1055.4
13	988.221	1.14	-1326.64	-1019.78
13	457.828	0.893208	918.976	537.584
13	711.452	0.933196	1146.56	-107.382
-13	654.532	0.195291	1438.19	431.089
13	539.209	0.610621	-1346.82	1044.98
13	483.527	0.376279	673.499	158.212
-13	434.122	0.886403	1007.25	404.505
-13	523.945	0.993163	-150.521	-936.291
-13	430.78	1.08151	1014.33	814.643
-13	423.746	0.743524	416.55	-1459.61
13	444.667	0.427572	1441.25	-1185.63
-13	401.905	0.21521	1382.51	-1323.19
-13	578.355	0.41452	1467.94	654.338
-13	848.732	0.894738	-240.323	943.125
13	1420.05	0.970998	-1015.39	153.511
-13	432.436	1.17274	-616.283	984.99
13	625.597	1.06557	198.954	53.1479
-13	812.619	0.640671	-81.9605	1264.33
13	809.095	1.16788	-244.762	593.216
13	410.18	0.786159	315.231	549.793
13	611.667	1.12982	1090.39	-350.027
13	704.126	1.07918	-152.638	1004.25
-13	1198.14	1.14936	258.296	-1079.83
13	2741.23	0.906112	924.866	42.5198
13	2680.88	0.319756	-650.381	155.422
13	507.932	0.51925	233.421	-664.396
13	587.026	0.910421	-305.875	557.163
-13	685.057	0.93659	91.672	108.396
13	400.88	0.549726	1350.58	-935.361
-13	525.27	0.812584	-369.555	-703.157
13	600.545	1.07298	-825.486	268.9
13	549.052	0.987489	1398.21	1167.4
-13	1237.38	0.245231	-112.07	-1330.21
-13	447.544	0.30202	1267.03	152.322
-13	451.137	0.29047	1477.25	417.882
13	721.84	0.32077	773.311	1165.89
13	799.561	1.12345	-1328.41	625.358
-13	1404.07	0.374103	-532.385	-397.323
13	569.136	0.804693	1101.53	1079.45
-13	546.63	1.19349	-1192.1	511.156
-13	758.287	0.367284	-310.127	-1446.37
13	417.772	0.483381	769.136	-812.652
-13	480.542	0.345866	1004.37	-1462.3
-13	596.251	0.321383	70.2536	1358.34
13	1081.99	0.396411	1267.3	-740.876
13	1112.01	0.965625	856.237	585.941
-13	878.186	1.1691	-360.375	-121.271
-13	998.807	0.0184038	-382.712	223.742
13	459.219	0.875307	-569.317	-752.174
-13	480.324	0.0369392	1162	344.925
13	614.081	0.080465	921.854	-657.875
13	401.455	0.0481228	-1232.31	584.455
-13	755.313	0.311251	-883.083	700.064
13	820.841	0.419046	694.796	140.581
-13	411.555	0.83033	-521.115	-428.86
-13	692.726	0.343748	-258.831	101.332
13	1006.56	0.943498	878.684	-37.8691
13	601.509	1.17816	-1251.81	448.666
13	788.52	1.18156	-1390.4	-606.303
-13	502.375	0.0980608	-663.381	-685.288
-13	411.689	0.971304	-314.473	996.336
13	404.317	1.16343	1275.76	566.525
13	407.852	0.45124	177.818	-1210.15
-13	454.254	0.356713	-467.197	150.175
-13	437.152	1.11032	-519.687	-577.025
-13	496.985	1.16912	-1456.86	-1228.21
-13	800.742	0.331183	-888.618	-201.132
-13	461.778	0.868646	-13.3542	552.054
13	1485.72	0.833333	484.345	-1155.86
-13	541.627	0.011213	1388.03	-634.999
-13	411.444	1.21987	1433.66	-96.6145
13	624.764	1.20054	1153.47	-1004.02
13	508.004	0.831729	808.265	1337.46
-13	412.296	0.0606855	1039.87	-799.603
-13	1902.27	0.372332	1296.64	-500.813
13	415.922	0.103571	81.7943	1456.57
13	433.153	1.18174	634.855	1130.99
-13	2161.96	0.482649	124.708	592.764
-13	3984.27	0.483592	-700.175	-1360
13	789.069	0.465013	-1489.95	-949.136
13	946.468	0.238334	-1116.21	-654.878
13	4343.78	1.04817	249.203	871.457
-13	1545.69	0.104958	293.379	-419.351
13	1087.89	0.911792	-420.576	280.432
-13	411.849	0.986074	-472.854	246.478
13	423.537	0.757722	735.173	296.448
-13	570.182	0.65081	1101.8	46.2604
-13	409.28	0.708661	1226.04	-984.244
13	950.995	1.01301	-911.17	-180.24
-13	464.432	0.404033	44.3807	-1494.87
13	665.449	0.225632	-67.1033	99.4703
-13	1262.78	1.08423	-1136.18	-75.6797
13	776.34	1.21271	768.756	974.425
13	929.073	0.807204	-1128.49	-1005.88
13	2045.95	0.918393	248.88	1197.86
13	798.155	1.11359	-932.74	-694.143
-13	1057.43	0.33795	-104.717	1130.84
-13	564.27	1.05846	908.267	-989.97
13	444.588	0.846396	1327.63	-472.954
13	487.934	1.08186	-189.279	826.967
-13	426.151	0.519412	1122.53	128.475
13	685.48	0.844614	-990.634	-1189.63
-13	755.012	0.104118	342.941	-371.228
-13	648.979	0.546912	-721.983	-1281.75
13	475.212	0.502685	-731.762	-601.81
-13	981.529	0.838399	-1484.72	-382.214
13	879.224	0.528648	238.552	798.596
13	582.565	0.456993	-210.208	177.104
-13	1717.38	0.662145	1018.68	-1272.19
-13	502.694	0.329684	-1013.73	1383.3
-13	508.484	0.478215	-394.881	-34.2669
13	2049.74	0.894113	634.777	-1157.84
-13	425.263	0.0904674	-1290.73	-1217.57
-13	763.428	1.17385	-913.415	-180.181
13	547.998	0.923139	-844.346	165.715
-13	523.725	0.517681	-692.633	-189.505
-13	633.31	0.693738	-670.932	233.961
-13	548.038	1.16025	-1029.3	-1255.88
13	480.96	1.02325	1033.68	-72.5097
13	499.082	1.09391	464.188	-34.8394
-13	977.587	0.190645	317.639	1150.77
13	551.867	0.601262	942.731	-1207.04
13	507.674	0.361658	381.598	-1346.83
-13	2332	1.02213	1182.84	-464.443
-13	492.073	0.945976	-1009.87	-864.47
-13	556.502	0.826781	-805.239	704.134
13	745.153	0.506399	-488.243	-655.143
13	741.589	0.624309	-615.306	145.529
13	466.434	0.856548	1042.59	1492.61
-13	406.388	0.396703	-283.179	700.619
13	688.387	0.724614	131.307	-176.247
13	870.025	0.92698	78.84	333.29
-13	698.49	0.479507	786.4	-102.387
13	554.659	1.18791	-544.161	598.946
-13	578.424	0.564275	996.4	582.34
13	582.958	0.351337	-99.6422	-1289.57
-13	786.296	0.628734	-459.149	-1192.07
13	842.419	0.53672	-259.768	1421.99
-13	875.588	1.15455	-1324.6	382.276
-13	779.463	1.13761	1468.84	-921.078
-13	417.164	0.483663	429.526	1330.16
-13	718.204	0.933696	1126.31	837.029
13	556.486	0.143369	-1339.51	-874.595
13	609.614	0.096085	825.165	-1360.45
-13	602.039	0.799802	874.475	-1166.11
13	521.153	0.671508	-1120.89	48.8217
13	839.14	0.0434486	577.221	-1381.81
-13	890.828	0.48585	-1336.44	-446.184
-13	729.852	1.09904	-887.068	1367.61
13	511.528	0.307991	-93.69	-428.293
-13	808.619	0.644974	-1366.47	-481.667
-13	483.747	0.24559	883.116	672.51
13	528.833	1.06837	-170.282	341.872
13	468.479	0.621131	-608.999	-1354.36
13	473.976	0.0598023	129.657	101.14
-13	602.443	0.966235	-1426.3	616.543
-13	629.535	0.980794	-1234.24	827.331
-13	1156	0.0109116	412.255	957.597
13	447.659	0.478679	1422.38	736.122
-13	623.933	0.791907	-1089.97	-1421.96
-13	452.079	1.06368	243.043	-1477.01
13	1025.63	1.06046	-407.041	1189.67
13	405.185	0.986652	-299.365	-353.231
13	459.536	1.10108	607.531	492.845
13	401.153	0.516765	1267.15	-667.414
13	725.184	0.28492	199.884	1256.1
13	1009.42	0.765714	-863.362	-817.735
13	452.513	1.04056	-920.704	-562.476
13	566.278	0.981787	10.8839	1347.94
-13	832.895	0.649265	-969.158	-481.724
13	436.843	0.611656	-450.033	-238.404
-13	405.422	1.05022	-1392.93	-231.631
-13	723.303	0.317792	1264.61	688.444
13	557.45	0.557708	38.2494	325.27
13	653.207	0.815258	913.57	-1408.94
13	799.787	0.276332	14.6038	793.929
-13	773.483	0.793765	1338.61	1080.78
13	401.604	0.54975	14.2151	111.379
13	675.018	0.118015	204.35	-417.069
-13	1577.04	1.04272	1223.97	550.295
13	421.88	0.558561	229.164	936.51
-13	599.923	0.0899671	-70.0602	-793.079
13	436.201	1.0606	1301.08	647.049
-13	834.656	0.768231	-1087.47	-924.161
-13	403.841	0.79169	363.872	15.8335
-13	462.411	0.366283	-254.201	156.599
13	454.667	0.389826	-598.445	685.461
13	939.071	0.849732	1102.01	-119.514
-13	556.039	0.74058	-553.849	169.544
-13	578.733	1.14055	1478.99	-430.098
-13	949.618	0.843328	1461.63	1443.1
13	439.611	0.981063	-566.819	-1132.8
-13	538.65	0.551605	-897.242	-730.969
-13	541.085	0.790428	998.632	837.896
-13	513.313	0.917462	-670.76	103.202
-13	405.469	0.90623	-419.724	675.599
13	1116.34	1.1123	-470.517	81.7592
13	558.662	0.554058	-640.419	975.168
13	405.041	0.718004	1171.38	354.959
13	479.795	0.80568	-1200.42	502.936
13	723.963	0.426457	454.172	-1150.02
13	532.205	1.18771	522.327	966.124
13	691.526	0.916923	-1441.85	-338.489
-13	412.636	0.062292	1060	-1098.77
-13	849.546	0.546741	-1085.44	-293.308
-13	947.545	1.08085	-676.122	-1204.72
-13	1298.4	0.583939	1188.77	970.676
13	540.069	0.576575	1412.09	1430.2
-13	585.497	0.53326	-889.472	1045.32
13	692.662	0.680224	-1016.75	-1175.09
-13	497.9	0.9824	-292.896	-1394.89
-13	588.306	0.595577	-111.621	-398.17
-13	920.941	0.745738	-1168.89	-1060.98
-13	774.455	0.818826	-316.269	-1191.57
-13	953.878	0.449217	-915.903	414.239
-13	547.49	1.10119	351.765	-689.235
13	429.875	0.606335	-1206.62	-932.108
-13	762.903	1.15019	-1198.39	438.863
-13	596.664	0.846006	413.503	-295.975
13	720.779	0.234862	-1328.25	329.764
-13	3812.26	0.253149	-131.61	-642.363
-13	839.646	0.678084	1059.82	-483.173
-13	563.899	1.21248	1474.18	1306.92
-13	649.646	0.771814	955.157	-179.52
-13	435.1	0.80133	934.81	-856.433
-13	697.116	0.561003	1470.25	-815.607
13	784.652	0.680101	1383.78	284.917
-13	401.667	0.154243	-467.953	1490.99
13	760.642	0.481888	1365.12	-877.971
-13	569.232	0.126945	-1037.25	998.841
13	1483.59	0.262976	-801.115	-1001.75
13	464.806	0.708042	-504.526	102.685
-13	744.137	0.502902	-1065.61	-1392.95
-13	605.887	0.159575	715.544	959.361
13	574.538	0.118027	-451.078	-275.97
13	449.707	0.944225	1372.24	359.161
-13	483.136	1.02199	-651.504	247.845
13	729.361	0.627989	1382.43	761.191
-13	606.943	1.12209	-640.164	-107.035
-13	403.52	0.782834	912.487	-647.447
13	549.688	0.756857	-883.853	-616.23
-13	744.333	1.18151	-754.12	-25.4542
-13	509.644	0.932782	97.2024	71.1059
13	539.312	0.959207	-801.974	-1282.12
-13	525.554	1.08267	426.947	-834.733
13	484.346	0.150261	-669.494	367.968
13	1206.52	0.421002	-642.666	1429.23
-13	2230.04	0.107707	-378.145	583.17
-13	1368.36	1.04147	-334.085	-472.042
-13	2639.37	0.414449	819.035	-851.479
13	402.882	0.622441	-999.217	-1327.38
-13	491.454	0.201909	240.688	1458.85
13	582.86	0.433482	1191.97	-1234.76
13	781.001	0.729324	-737.888	-972.304
13	441.192	0.134722	-621.487	-751.847
-13	408.365	0.0614363	853.969	454.876
13	449.285	0.783004	-1293.81	814.505
13	529.644	1.00065	-988.236	-1038.14
-13	476.308	1.08162	-59.4656	-265.771
-13	592.296	0.370992	-1293.49	-1452.46
-13	707.366	1.14286	722.211	-1151.12
-13	606.912	0.684028	-223.656	1137.03
13	790.129	0.415962	486.028	826.608
13	1100.63	0.11026	-888.544	-1396.1
13	453.951	1.14044	-184.55	1173.31
-13	1670.16	0.218535	-152.281	-767.305
13	624.119	0.954961	-624.033	-723.172
-13	951.215	0.0390537	-1448.11	788.275
13	553.914	0.923828	343.646	1350.01
-13	477.761	0.432383	1115.96	702.267
13	692.314	0.134446	420.538	1352.14
-13	1338.67	0.567734	1195.13	949.721
-13	838.519	0.574281	1124.94	-579.46
-13	471.388	1.09844	749.157	-1099.81
13	808.118	0.267474	521.825	-1065.4
-13	502.942	0.204847	-1280.25	752.897
13	408.508	0.615136	1377.47	-404.903
13	745.361	0.679565	1290.89	-1332.2
13	567.433	0.112543	-1467.44	-161.088
13	450.307	0.0730084	1491.45	1232.49
-13	656.053	1.13133	-1047.46	-1220.27
-13	424.312	0.528487	1355.5	1428.73
-13	457.039	0.708087	891.576	-1078.63
13	1061.87	0.677528	-1321.2	-823.014
-13	405.684	0.100021	-329.834	216.571
-13	406.81	0.235078	821.997	-702.613
13	470.582	0.0123758	699.009	-282.554
-13	531.182	0.0189244	-275.378	-739.14
13	404.448	0.4312	-1045.29	705.111
-13	461.971	0.677	1379.72	1136.19
-13	647.614	1.03673	151.419	894.755
-13	482.176	0.507793	957.723	1070.03
13	532.418	0.807799	1229.03	994.81
-13	611.595	0.232743	-938.545	-1318.87
-13	926.189	0.60922	-566.928	450.218
-13	561.515	0.0705314	-1184.74	-381.932
13	467.698	0.450578	-1258.9	1219.19
-13	422.174	0.948537	-730.612	535.154
-13	440.458	0.453316	1021.15	-88.2374
13	434.386	0.869253	-115.703	402.843
-13	568.249	0.178047	-703.73	-1220.69
13	600.595	0.662457	-122.679	-45.0787
-13	656.941	1.12793	-612.252	-631.309
-13	1057.05	0.318576	393.541	-1453.56
-13	434.143	1.03514	-11.2111	844.253
-13	655.189	0.938252	-809.543	-456.018
-13	1401.43	0.841827	626.68	-386.751
13	417.244	0.902327	-304.231	-929.295
-13	677.454	1.08844	1073.06	-14.6274
13	464.233	1.08826	-1169.62	-1336.11
-13	613.507	0.866457	-741.566	-39.7824
-13	797.734	0.949301	469.454	348.973
13	500.455	0.648736	-615.487	-1415.47
-13	1589.96	0.513534	276.073	852.162
13	596.771	0.365065	844.191	-465.283
13	1973.31	0.440515	-381.25	-1423.07
-13	414.512	0.682751	-1410.46	126.289
-13	1134.81	0.477414	-655.486	-1090.26
-13	1014.8	0.663794	803.518	741.299
13	451.799	0.769504	-508.653	1346.67
-13	422.728	0.508506	-139.933	281.33
13	566.301	0.782143	-838.038	622.897
13	432.755	0.861075	359.283	1251.7
13	812.984	1.18967	-147.369	1344.2
-13	703.594	1.17738	-925.931	357.328
-13	666.921	0.061725	225.162	-1090.9
13	1220.3	0.455431	-720.846	151.762
13	466.542	1.14154	625.635	748.752
13	507.608	0.485919	1330.78	1438.22
-13	573.298	1.1574	631.886	-1372.14
13	498.849	0.491874	745.928	-1091.58
-13	459.187	1.15057	1115.17	912.093
-13	731.757	0.250822	539.125	108.817
-13	544.62	0.00404257	993.86	421.395
-13	490.877	0.835841	442.737	38.0197
13	1268.88	1.1305	595.694	-850.043
13	523.723	0.194161	1392.2	-1156.13
-13	569.645	0.162259	451.888	300.662
13	560.475	1.07494	1260.25	-1050.16
13	896.574	0.19737	-294.634	475.664
13	448.162	1.04061	1387.09	-540.716
-13	976.188	0.501585	-1245.61	-1031.55
13	444.77	0.508784	-1312.4	759.581
-13	486.838	0.670319	140.125	991.879
-13	400.441	0.318225	-1309.51	-197.988
13	597.621	0.715603	-1056.07	-147.437
13	654.512	1.14305	-242.409	-704.854
13	432.44	0.686826	-970.457	317.661
-13	401.193	1.01461	1443.42	698.981
-13	504.505	1.10963	-822.003	462.283
-13	1903.04	0.101169	389.221	-1123.17
13	408.931	1.0556	-142.179	1187.81
-13	638.499	0.00252271	-562.672	399.857
-13	538.383	1.17083	519.759	884.433
-13	461.75	0.20434	170.177	698.885
13	407.323	1.00573	1031.95	-8.79071
-13	951.022	0.140339	288.765	-324.041
-13	473.968	0.679197	828.485	-732.558
-13	542.685	1.11288	-854.624	349.603
13	1502.68	1.00972	222.543	1294.67
-13	500.185	0.815664	1172.23	695.685
-13	731.278	1.05872	-836.098	240.66
-13	738.549	0.186132	115.672	887.708
13	733.735	0.958696	1413.44	942.254
13	408.106	0.645056	310.374	-1311.16
13	453.673	0.0630105	-1095.12	-2.02673
13	405.111	0.299541	-309.167	-742.152
13	565.151	0.731475	1430.93	-385.958
-13	701.63	0.27683	-640.867	-1076.67
-13	419.074	0.985117	59.0069	-109.404
-13	433.327	0.595125	-1089.07	113.032
13	760.21	0.686007	737.322	1315.66
13	553.81	0.581632	929.706	-238.398
-13	401.36	1.03708	-483.582	710.214
13	893.232	0.697445	-1387.02	544.164
13	595.639	0.77545	291.827	393.721
13	418.37	0.691006	722.419	729.788
-13	420.609	0.74735	-642.982	-50.9279
-13	432.49	0.633427	687.852	-26.3822
-13	831.586	1.00284	-538.719	227.058
13	446.556	1.02664	1171.56	716.479
-13	461.523	0.833516	952.395	-1125.63
-13	426.129	1.02687	-263.555	41.1277
-13	607.216	0.280346	1324.63	-1324.07
-13	527.732	0.839354	763.494	-709.717
-13	400.712	0.429055	-205.311	-602.754
-13	477.738	0.962686	737.954	-462.927
13	408.608	0.672527	1288.32	-174.577
13	458.81	0.821797	-728.487	-927.819
-13	708.755	1.06885	-399.432	-1098.45
13	456.802	1.13311	842.165	94.1525
-13	1495.94	0.810907	435.788	81.7181
-13	518.12	0.815524	-782.756	-678.193
-13	551.112	0.711996	-637.849	-621.464
-13	563.301	0.289979	-625.721	19.3243
-13	550.307	0.282687	-91.9584	-252.185
-13	443.492	0.27576	-1363.73	518.78
-13	641.468	1.13387	1215.05	-18.4446
-13	738.251	1.09749	493.726	688.477
13	493.277	0.727396	1321.45	476.486
13	571.028	0.111354	780.093	-811.793
-13	474.867	0.518239	-79.5761	614.143
13	662.231	0.0946146	-426.896	787.678
-13	527.541	1.14004	977.225	-536.877
13	479.564	1.13912	327.945	-1179.74
-13	749.168	0.915012	468.891	1116.71
13	517.018	0.372713	1205.37	1264.31
-13	572.629	0.0658079	-999.165	807.239
13	531.73	0.567582	433.63	-502.923
-13	403.743	0.079613	-784.695	-1078.82
-13	583.723	0.441682	-324.221	420.187
-13	430.474	0.0858124	619.624	-1488.02
13	1302.38	1.15923	-313.101	-90.4003
-13	1374.28	1.07348	-205.866	685.924
-13	547.294	0.283352	630.415	-1427.57
13	1093.15	0.364568	1098.4	-1067.64
-13	484.076	0.942763	175.315	768.38
-13	522.222	0.0802374	-1171.7	1418.66
13	483.174	0.853524	460.215	396.167
-13	1458.6	0.793982	72.0236	1367.86
-13	437.579	0.906	598.12	1177.7
13	400.894	0.736879	259.607	-1093.19
13	458.565	0.579616	1259.67	1217.09
13	514.338	0.846	974.956	1400.19
13	855.175	0.608155	486.041	-928.637
13	563.409	1.08935	228.175	-524.111
13	431.409	0.174923	1391.45	183.438
-13	451.892	0.553742	1057.58	-1361.5
13	926.95	0.587984	-466.084	78.4696
-13	469.764	0.302317	-1305.91	-614.257
-13	407.744	0.116484	-959.105	-939.014
-13	410.476	0.706211	905.641	456.656
13	640.938	0.910344	-914.97	402.394
13	637.849	1.2172	-1342.17	401.164
-13	546.477	0.664329	1044.4	1437.99
-13	977.972	0.0351522	429.284	892.212
-13	852.546	1.1713	320.826	60.2829
13	754.973	0.463441	-640.799	569.026
-13	753.223	1.18265	948.804	956.623
-13	453.293	1.2176	1230.83	1330.17
-13	838.1	0.873455	293.198	-1410.95
-13	492.596	0.951827	401.077	1429.36
13	528.834	0.333262	700.338	1230.94
13	770.748	1.12641	-979.654	-1456.91
13	802.068	0.572517	893.496	1095.5
13	660.098	0.848362	-1125.16	-624.438
13	498.694	1.20092	411.812	-653.862
-13	465.176	0.435561	-660.242	-360.815
13	802.152	0.108585	-216.761	740.681
13	474.513	0.967139	-625.065	-1010.51
-13	696.853	0.795961	-1305.94	-593.362
-13	566.662	1.03284	-743.951	-613.043
-13	564.822	1.15576	30.9946	628.286
-13	691.606	0.748348	734.239	-675.433
-13	693.181	0.857514	-161.901	-170.361
13	557.133	0.808678	6.97079	-457.066
-13	668.632	0.406927	-899.633	-1206.56
13	1126.22	0.988232	314.718	1134.96
13	1124.59	1.05641	1245.36	-1030.95
-13	450.377	0.93287	-407.264	838.686
-13	408.92	0.255251	-865.214	-477.673
13	796.843	0.858277	-436.968	106.985
-13	568.811	0.658623	1356.41	102.692
-13	542.575	0.399826	172.583	1130.23
13	559.706	1.18774	443.154	718.715
13	460.962	0.795472	-18.2645	478.729
-13	613.441	0.277273	417.374	-613.395
-13	557.364	1.08712	-1355.56	161.439
-13	442.048	1.20933	426.346	-1209.24
-13	426.894	0.234622	-1006.74	1425.79
-13	496.868	0.633427	-484.86	1400.52
-13	427.42	0.0417936	551.235	-97.2518
13	996.72	0.522489	-1365.18	-1118.85
-13	805.282	1.02774	-510.757	634.891
-13	448.591	0.280237	-1050.86	-1400.47
-13	850.406	0.445638	1442.65	1260.09
-13	678.841	0.512521	258.924	-736.806
13	1121.51	0.61068	504.199	-676.332
13	852.669	1.20975	258.134	1142.15
13	419.192	0.955345	170.761	-1310.03
-13	469.912	1.16031	1026.81	6.55846
-13	650.749	1.11502	-879.475	1442.45
13	1666.45	0.595057	182.11	-965.548
-13	486.715	0.822656	834.466	-1397.13
-13	758.165	0.880529	458.464	-253.818
13	531.619	1.15425	-143.796	808.007
-13	534.702	0.354897	-68.7969	-287.91
13	2675.25	1.18206	-349.73	-690.409
-13	602.108	0.429851	-131.111	343.597
13	552.597	0.871382	422.737	-727.07
-13	1181.7	0.871197	-1192.49	-502.953
13	680.869	1.21571	-213.534	-1335.05
-13	409.701	1.22059	-281.243	905.282
-13	455.294	0.843486	1298.67	-1302.52
-13	549.514	1.10923	1353.1	-614.223
13	790.768	1.19908	-1231.41	1167.27
13	543.989	0.774354	-1470.19	-1154.23
-13	970.984	0.0666646	417.969	-28.4577
13	521.794	1.22015	999.156	1106.1
-13	3911.93	0.696968	-1233.37	-1279.89
13	459.189	0.0460811	895.769	-65.3599
13	489.891	0.819608	-1487.29	1005.39
13	431.952	1.0117	706.981	75.02
13	636.401	0.0495373	-1034.06	-604.063
-13	650.684	1.10145	1451.73	-792.146
13	470.396	1.20492	-895.403	-61.3999
-13	518.724	0.621133	512.326	580.694
-13	506.617	0.801369	-1087.17	-227.393
-13	705.653	0.770592	-1075.78	1473.11
13	597.618	0.109111	459.088	89.12
-13	832.78	0.159088	106.605	-1298.59
13	553.81	0.581632	929.706	-238.398
-13	401.36	1.03708	-483.582	710.214
13	893.232	0.697445	-1387.02	544.164
13	595.639	0.77545	291.827	393.721
13	418.37	0.691006	722.419	729.788
-13	420.609	0.74735	-642.982	-50.9279
-13	432.49	0.633427	687.852	-26.3822
-13	831.586	1.00284	-538.719	227.058
13	446.556	1.02664	1171.56	716.479
-13	461.523	0.833516	952.395	-1125.63
-13	426.129	1.02687	-263.555	41.1277
-13	607.216	0.280346	1324.63	-1324.07
-13	527.732	0.839354	763.494	-709.717
-13	400.712	0.429055	-205.311	-602.754
-13	477.738	0.962686	737.954	-462.927
13	408.608	0.672527	1288.32	-174.577
13	458.81	0.821797	-728.487	-927.819
-13	708.755	1.06885	-399.432	-1098.45
13	456.802	1.13311	842.165	94.1525
-13	1495.94	0.810907	435.788	81.7181
-13	518.12	0.815524	-782.756	-678.193
-13	551.112	0.711996	-637.849	-621.464
-13	563.301	0.289979	-625.721	19.3243
-13	550.307	0.282687	-91.9584	-252.185
-13	443.492	0.27576	-1363.73	518.78
-13	641.468	1.13387	1215.05	-18.4446
-13	738.251	1.09749	493.726	688.477
13	493.277	0.727396	1321.45	476.486
13	571.028	0.111354	780.093	-811.793
-13	474.867	0.518239	-79.5761	614.143
13	662.231	0.0946146	-426.896	787.678
-13	527.541	1.14004	977.225	-536.877
13	479.564	1.13912	327.945	-1179.74
-13	749.168	0.915012	468.891	1116.71
13	517.018	0.372713	1205.37	1264.31
-13	572.629	0.0658079	-999.165	807.239
13	531.73	0.567582	433.63	-502.923
-13	403.743	0.079613	-784.695	-1078.82
-13	583.723	0.441682	-324.221	420.187
-13	430.474	0.0858124	619.624	-1488.02
13	1302.38	1.15923	-313.101	-90.4003
-13	1374.28	1.07348	-205.866	685.924
-13	547.294	0.283352	630.415	-1427.57
13	1093.15	0.364568	1098.4	-1067.64
-13	484.076	0.942763	175.315	768.38
-13	522.222	0.0802374	-1171.7	1418.66
13	483.174	0.853524	460.215	396.167
-13	1458.6	0.793982	72.0236	1367.86
-13	1177.71	0.483032	-324.615	926.392
-13	438.983	1.11105	-644.61	-848.049
13	468.826	0.0506778	-1165.37	1256.56
-13	404.654	0.357623	-665.681	-285.601
-13	520.28	1.14306	1486.7	629.719
-13	517.204	0.0296979	-274.033	-998.097
-13	567.675	1.12021	213.409	-1426.56
13	513.91	1.0869	-1033.62	1488.31
-13	714.959	1.20544	-405.597	1293.61
-13	408.576	1.16875	651.187	-573.171
-13	425.145	0.960145	1090.66	-1227.57
-13	476.722	0.935781	406.037	-1354.44
-13	404.096	0.27807	-59.3968	628.655
13	457.939	0.696364	-1236.76	-170.976
13	794.911	0.305199	359.884	-987.007
13	402.084	0.48555	-798.609	-1028.27
-13	483.774	0.986956	-1039.14	1085.51
-13	636.356	0.768544	-245.565	-1009.01
-13	1079.27	0.65458	1461.34	-1478.8
13	488.601	1.2125	-1051.57	-682.03
-13	1500.54	0.235154	-1269.18	-449.911
13	734.91	1.08885	1120.06	1269.47
-13	404.237	0.528297	-1339.85	-93.8146
13	416.23	0.944752	1007.51	454.484
-13	442.036	0.350706	1297.13	-1234.94
-13	501.764	0.142781	1065.71	365.068
-13	436.61	1.2001	-431.139	733.764
13	588.666	0.784328	-877.435	-382.706
13	560.343	0.353978	804.462	248.816
13	581.757	0.608991	-257.804	380.868
-13	997.11	1.1186	-953.935	907.951
-13	469.087	0.573132	745.978	974.218
-13	564.856	0.67645	1328.87	-857.782
13	1432.37	0.454179	-450.458	341.214
13	1157.14	0.0132067	-1299.92	548.838
-13	400.29	0.126732	-154.55	922.229
-13	425.181	0.861553	-440.367	-732.482
13	669.264	0.841185	-257.267	47.4487
-13	425.102	1.15951	-1425.32	1132.08
-13	437.315	0.958099	-729.284	-289.076
13	842.574	0.413738	855.028	-61.1452
-13	794.03	1.10201	-569.885	-1326.59
13	473.694	0.466919	1444.81	1357.63
13	487.874	1.13187	-780.705	-1073.24
-13	781.991	0.96859	-549.061	-455.699
-13	426.456	1.20639	390.37	-502.982
13	1178.75	0.961529	-1497.53	1330.05
-13	540.654	0.373526	1207.42	958.577
-13	861.946	0.140247	-1315.68	752.984
13	461.705	1.19597	451.485	-1041.55
-13	420.389	0.610182	70.9937	-34.2729
13	637.678	0.849348	325.432	-1057.55
-13	405.397	0.0651785	-1204.53	59.8285
-13	862.325	0.302578	1423.04	-286.083
13	558.173	0.163902	-1412.24	1101.79
-13	764.46	0.0226493	115.416	-833.538
-13	580.998	1.05199	-1164.64	796.562
13	1142.25	0.676922	9.02645	-1190.84
13	725.481	0.901192	-1275.74	463.184
-13	948.544	0.469753	789.3	-1261.6
13	1055.41	1.04358	192.215	-1043.55
-13	403.057	1.13007	-0.558391	-9.78297
-13	536.854	1.03199	766.762	-1257.81
13	4109.45	0.252406	-1325.72	933.224
13	469.464	1.22119	-480.29	209.999
13	569.771	0.492097	-570.531	-1347.82
-13	539.985	1.01623	1259.95	291.456
13	612.551	0.925193	136.761	1378.3
-13	522.977	0.435149	-853.734	-599.009
-13	797.215	0.267346	-1417.37	-1435.62
13	511.337	0.924602	1248.12	787.717
-13	440.378	0.47705	-256.894	-469.479
13	562.104	1.0778	-247.758	427.235
-13	1377.48	0.143735	390.74	13.6012
-13	686.122	1.05185	-1117.43	-470.55
-13	736.22	0.361522	171.458	-1006.73
-13	693.487	0.974047	788.599	674.27
13	780.024	0.614434	-89.2412	640.989
-13	1098.12	0.917891	498.696	-53.7039
13	460.148	0.587099	-512.369	1452.57
-13	593.034	1.01993	1393.39	-923.798
13	575.076	1.11227	-1401.74	799.557
-13	646.784	0.00481184	-264.015	-279.573
13	527.395	0.880416	-109.965	248.315
-13	583.232	0.77714	-1118.26	-1284.47
13	477.572	1.15426	-1321.28	1008.88
-13	481.226	1.02249	548.715	346.958
-13	968.575	0.736684	691.808	1283.54
13	454.312	0.984202	-503.82	-189.442
13	522.578	0.360623	1346.94	840.468
13	499.094	0.884648	-546.964	211.185
13	518.293	0.879405	-762.021	346.638
13	625.398	0.614092	35.4041	1263.82
-13	459.694	0.854403	762.258	360.064
13	536.305	0.725672	-613.838	355.415
13	531.354	0.839205	-277.553	-1055.61
-13	862.095	0.459756	-1323.66	-603.733
13	726.523	1.18463	-1223.71	-943.712
-13	1150.29	0.179458	-848.415	605.39
13	2146.07	0.60338	187.094	1207.75
-13	480.434	0.0916455	-732.566	-1233.94
13	605.795	0.139739	243.454	4.0801
13	608.955	0.927198	498.688	-275.056
13	552.735	0.822086	-844.339	170.806
13	480.174	0.270229	-185.567	-151.049
-13	2070.04	1.07428	-612.564	-585.172
-13	942.929	1.06042	290.515	-1064.19
-13	1456.99	0.702178	-1049.25	-1264.43
-13	719.041	0.570928	-1323.89	520.245
13	470.598	0.546803	-206.038	454.889
-13	409.513	0.781246	773.544	900.087
-13	430.903	0.11204	982.715	-1445.9
-13	725.758	0.424945	-1053.67	-1436.74
13	699.076	0.359217	160.131	1226.75
13	1971.79	0.410346	200.127	-217.092
13	426.436	0.229557	335.901	492.996
13	564.648	1.20001	-182.953	-226.823
13	451.966	0.245915	-992.05	-613.004
-13	639.89	0.391441	539.173	-14.1428
-13	828.098	0.450152	-1336.43	1116.43
13	422.625	0.358452	759.786	1485.04
-13	637.363	0.906965	547.216	1050.82
-13	470.186	0.85086	716.277	-1312.34
-13	455.042	1.06824	1347.95	-979.321
-13	575.454	0.179023	1369.12	-231.138
-13	900.029	0.911219	880.932	576.363
-13	504.254	0.370869	-756.583	-1376.1
13	406.932	0.320467	322	-940.348
-13	1507.2	0.243925	606.471	-608.622
13	1130.42	0.878508	-90.7644	1319.28
-13	597.651	0.435913	342.941	-77.4191
-13	500.848	0.806603	-1010.05	-1387.67
-13	525.353	1.19163	-1116.49	885.932
13	415.284	1.11382	219.094	-779.611
13	638.995	0.766142	-985.449	674.415
-13	700.903	0.428534	1004.66	1200.48
13	541.683	0.370722	-762.906	-1401.59
13	822.05	1.0727	730.645	-89.2151
-13	866.564	0.121645	947.647	871.602
-13	593.697	0.760854	776.215	-111.121
13	614.081	0.080465	921.854	-657.875
13	401.455	0.0481228	-1232.31	584.455
-13	755.313	0.311251	-883.083	700.064
13	820.841	0.419046	694.796	140.581
-13	411.555	0.83033	-521.115	-428.86
-13	692.726	0.343748	-258.831	101.332
13	1006.56	0.943498	878.684	-37.8691
13	601.509	1.17816	-1251.81	448.666
13	788.52	1.18156	-1390.4	-606.303
-13	502.375	0.0980608	-663.381	-685.288
-13	411.689	0.971304	-314.473	996.336
13	404.317	1.16343	1275.76	566.525
13	407.852	0.45124	177.818	-1210.15
-13	454.254	0.356713	-467.197	150.175
-13	437.152	1.11032	-519.687	-577.025
-13	496.985	1.16912	-1456.86	-1228.21
-13	800.742	0.331183	-888.618	-201.132
-13	461.778	0.868646	-13.3542	552.054
13	1485.72	0.833333	484.345	-1155.86
-13	541.627	0.011213	1388.03	-634.999
-13	411.444	1.21987	1433.66	-96.6145
13	624.764	1.20054	1153.47	-1004.02
13	508.004	0.831729	808.265	1337.46
-13	412.296	0.0606855	1039.87	-799.603
-13	1902.27	0.372332	1296.64	-500.813
13	415.922	0.103571	81.7943	1456.57
13	433.153	1.18174	634.855	1130.99
-13	2161.96	0.482649	124.708	592.764
-13	3984.27	0.483592	-700.175	-1360
13	789.069	0.465013	-1489.95	-949.136
13	946.468	0.238334	-1116.21	-654.878
13	4343.78	1.04817	249.203	871.457
-13	1545.69	0.104958	293.379	-419.351
13	1087.89	0.911792	-420.576	280.432
-13	411.849	0.986074	-472.854	246.478
13	436.18	0.684085	1084.3	-556.278
-13	554.851	1.03536	769.108	-809.849
13	1027.29	0.811642	-250.129	-86.1532
-13	465.418	1.15742	-683.216	-964.025
-13	1291.89	0.405028	-984.263	-1019.64
-13	552.295	0.525887	-1328.62	630.511
13	571.11	1.01965	167.039	-1120.48
-13	561.91	1.02337	-267.917	1157.9
13	764.7	0.783863	1043.26	-461.937
-13	624.123	0.759925	-1062.1	-939.173
13	717.016	0.99292	-1315.03	-186.568
-13	500.892	1.16619	-169.114	-435.223
-13	424.96	0.982892	673.044	631.76
-13	1037.48	1.1985	-482.883	305.58
-13	485.892	0.710056	-1490.07	106.386
13	404.355	1.1734	1186.92	136.873
-13	947.235	0.823783	120.304	254.757
-13	450.594	0.790413	1026.37	365.466
-13	981.957	1.22141	2.74178	317.148
13	439.518	0.548811	787.388	-1337.2
13	882.266	1.08815	-1391.44	473.592
-13	828.246	0.567645	33.5112	-1296.05
13	939.782	0.704633	-377.774	-1020.17
-13	1598.94	0.195032	-37.328	-1416.59
13	470.663	0.693387	1044.36	-1198.32
-13	498.634	1.07891	1211.93	1270.55
-13	989.94	0.892505	-622.255	-1048.43
-13	696.474	0.931192	16.2565	-233.641
13	439.548	0.415431	-1087.48	701.657
13	521.937	0.816702	-1288.27	675.328
-13	620.582	0.444176	-1290.47	-480.396
-13	435.056	0.631485	-221.626	-646.051
-13	571.599	1.1367	595.574	-278.742
13	463.463	0.286143	110.212	467.368
13	643.928	0.650678	47.6895	-852.153
13	469.284	0.467432	-897.558	1080.45
-13	463.468	1.20126	220.49	742.053
-13	612.88	1.10075	1236.9	-516.538
-13	424.446	1.13747	-1258.14	-536.015
13	520.709	1.05052	1137.25	365.85
13	735.53	1.12848	-1001.85	-581.902
13	566.782	0.554033	-1387.23	201.539
-13	432.121	0.153417	-1143.49	-1125.79
-13	1036.35	0.633564	-1122.63	-748.179
13	1314.37	0.423882	-97.5419	-1347.44
-13	504.968	0.729664	372.802	-221.455
-13	550.33	0.988724	-658.858	1255.44
-13	484.802	0.946639	1381.05	-1364.13
-13	1599.65	1.11449	499.2	352.518
13	811.485	0.0667612	-1195.98	-1335.52
-13	445.761	0.984	1138.52	-801.652
-13	645.357	0.498353	1115.43	-873.348
13	1247.28	0.476372	-1330.96	-724.667
-13	610.461	0.400077	-886.628	-1180.07
13	441.259	0.0357445	1053.2	-1459.31
13	451.892	0.175463	-1127.96	179.843
-13	456.681	0.889546	-144.2	-1055.12
-13	1342.35	0.929646	1149.56	884.656
-13	799.537	0.948314	290.334	-515.379
-13	773.602	0.221341	1254.37	-1268.87
13	710.736	1.04467	-992.848	-871.995
13	437.924	0.766696	-348.448	229.956
-13	1148.77	1.03106	-1031.03	-172.264
13	647.934	0.322937	-163.966	241.294
-13	693.622	0.786484	-910.872	226.595
13	421.917	0.634669	1177.91	-1295.19
13	413.188	0.772791	846.321	22.9551
-13	471.255	0.243866	-118.879	210.49
-13	404.824	1.1192	671.796	-1041.85
-13	471.386	1.13521	-809.114	-406.316
13	443.666	0.758884	-824.129	-720.034
-13	531.841	0.0304382	-814.142	951.257
-13	436.679	0.601539	945.292	6.358
-13	886.923	1.15512	1255.74	660.522
13	580.5	1.14913	173.422	-86.6996
-13	539.764	1.16468	1411.71	-822.962
13	1193.28	0.00996707	-55.0987	-764.715
13	437.469	0.286187	-1207.29	554.966
13	667.098	0.988037	524.036	-332.997
13	523.989	1.18925	896.301	439.327
-13	409.23	0.535389	1028.08	434.81
-13	680.225	0.567806	-1153.67	452.197
-13	616.078	0.456115	507.004	442.459
-13	853.295	1.14575	-477.511	-1201.02
-13	456.716	0.663112	-908.581	356.004
13	485.109	0.648635	-323.041	1195.71
-13	757.882	0.00583466	203.208	-928.063
-13	503.586	0.0294308	699.297	1246.31
13	446.509	1.01599	-1397.36	-247.097
-13	501.242	0.228231	1373.64	1038.42
13	430.24	0.533271	1484.21	-502.429
-13	503.989	0.637173	144.066	-970.036
-13	651.474	0.315459	421.682	-976.338
-13	523.561	0.148509	-1201.68	222.497
-13	412.002	0.907216	1371.48	-750.56
-13	875.964	0.624901	138.217	910.947
13	522.864	0.328866	-443.762	-1161.08
-13	463.508	0.418165	395.473	-236.799
13	724.071	0.855813	-542.174	-495.403
13	469.085	1.16638	662.179	-67.3102
-13	410.255	0.827432	-443.569	-1148.17
-13	433.317	0.105742	-404.804	1015.39
13	624.69	0.17933	297.523	-894.583
13	594.169	0.054481	-1031.2	-1157.16
13	1474.34	0.556058	-839.145	650.666
-13	413.977	0.60166	-233.828	-74.21
13	467.182	1.11293	-1387.46	-278.524
-13	929.149	0.386007	-201.256	-67.0156
-13	429.034	0.0185831	418.912	-437.103
13	602.522	1.0431	-1095.59	378.754
-13	617.735	0.593273	-1222.73	-92.5612
13	736.862	0.896725	1267.56	1396.9
13	540.573	0.497201	-1478.71	640.344
13	604.217	1.04345	-1201.76	-126.503
13	410.211	0.580938	-92.7416	-1053.34
-13	442.428	1.12206	-944.118	745.784
-13	559.74	1.218	69.101	202.462
-13	454.971	0.600597	-1183.82	1198.31
-13	598.354	0.656075	-807.854	1218.39
-13	4341.89	0.80581	52.5334	-1213.15
-13	510.3	0.930357	-1079.79	920.666
-13	527.959	0.673261	-468.741	1191.33
-13	790.155	0.248971	174.453	-27.9136
-13	643.643	0.150408	-903.856	1064.93
-13	648.746	0.932997	696.687	-630.873
-13	433.252	1.14197	316.953	-1182.77
13	1194.59	0.524645	582.605	-254.23
-13	735.869	0.974441	1136.53	-181.428
13	597.586	0.057822	1290.09	1355.31
13	455.932	1.06803	-304.766	212.933
13	429.944	0.896479	103.676	28.5555
13	2075.17	1.0017	216.736	342.789
-13	423.739	0.204905	-1255.55	834.325
-13	423.566	1.16234	-1409.05	892.93
13	599.146	0.967578	-532.604	508.86
-13	567.356	1.19697	705.539	-837.286
13	901.109	1.16315	-764.372	-308.155
-13	486.345	0.936595	-598.369	174.719
-13	470.135	0.586523	328.489	-164.032
-13	557.919	1.06475	-1138.44	1112.37
13	692.072	0.642553	-52.6645	-933.128
-13	417.52	1.21044	-1492.02	-995.047
13	796.227	0.237514	990.13	567.094
-13	427.021	0.311386	-1174.81	-1323.72
-13	484.412	0.0186248	1074.87	-1295.74
-13	434.475	0.0648143	539.877	1349.2
13	1476.02	1.05561	1130.92	1107.22
-13	470.055	1.09084	934.98	-267.01
-13	485.776	0.0690345	-1337.86	37.8242
-13	2309.7	0.209843	830.067	939.625
13	471.891	0.398967	-541.701	913.107
-13	520.873	0.154841	-1094.41	-937.844
13	440.244	0.640035	-121.439	-671.239
-13	489.585	0.306308	-967.99	-1161.9
13	820.433	0.913418	1003.97	-754.743
-13	478.484	0.00321717	910.02	1104.55
13	430.45	0.0781378	1494.99	1406.83
-13	543.513	1.07665	-374.169	-967.362
13	601.097	0.535181	809.672	-920.144
13	780.215	1.07128	-1392.18	352.893
-13	507.572	0.223717	-759.168	-184.152
-13	961.384	1.01767	356.409	-612.81
13	543.781	0.0718573	-1196.04	643.812
-13	468.911	0.223304	-909.517	43.4328
13	514.943	0.0770245	-122.475	-967.865
-13	456.435	0.904075	1233.79	1179.34
-13	473.864	0.512359	1300.81	-832.747
-13	999.805	0.931728	657.958	-860.549
-13	452.133	0.727705	-1297.86	-768.733
13	466.683	0.633308	468.946	-1455.41
13	429.818	0.436747	-1287.37	-863.224
-13	755.091	0.73122	337.527	-1236.81
-13	530.191	0.782199	275.966	-1216.21
-13	770.476	1.02388	461.308	-704.364
-13	539.666	0.662691	-1432.88	1340.4
-13	609.056	0.0222978	-407.522	924.848
-13	632.627	0.852928	-784.823	-77.0352
13	875.275	1.15871	550.293	-1206.44
13	422.697	1.17653	913.429	-1249.05
-13	665.04	0.531749	-302.74	-1387.32
-13	991.89	0.861974	-447.87	1367.77
-13	699.782	0.662252	-179.574	494.4
13	776.552	1.09163	-1278.68	-357.606
13	447.908	1.14413	264.076	-1037.12
-13	575.502	0.286351	612.328	913.362
13	966.552	0.531864	-266.202	-1188.88
-13	603.056	0.356534	-1167.71	367.914
13	476.95	0.563876	1345.24	-1405.27
-13	1075.93	0.00243584	1278.37	1133.66
13	443.785	1.15087	1325.47	1117.03
-13	408.434	0.0420368	781.61	-59.2617
13	405.312	0.772514	-1109.99	780.27
-13	461.398	0.582417	362.868	-424.202
-13	473.707	0.0424852	-635.325	534.189
13	530.92	0.814591	428.209	1206.37
-13	469.597	0.666683	1080.29	142.887
13	454.641	1.0106	174.596	-544.183
-13	564.375	1.11455	-241.026	-1364.18
-13	464.31	0.0801136	926.464	-1037.03
13	1158.15	0.718268	-125.399	-922.792
-13	402.172	0.815783	965.971	-211.518
13	450.347	1.14989	1214.32	-92.2721
-13	634.766	1.00418	902.683	-469.262
-13	728.632	1.05567	-457.12	1212.57
-13	613.272	0.554308	541.925	-1363.37
-13	401.807	0.791138	1171.23	1091.31
-13	437.342	0.770294	1188.12	1018.76
13	676.124	0.737863	-661.394	-211.386
-13	411.482	1.05481	856.833	343.024
-13	974.305	0.842665	-150.933	266.544
-13	655.136	0.555802	-996.441	-655.237
13	655.753	0.929145	1424.62	-20.1843
13	559.695	0.858502	373.681	380.533
-13	478.074	0.920362	1112.41	1472.58
-13	440.43	0.883626	333.386	105.701
-13	638.965	0.189577	-1116.73	-1349.15
-13	437.446	0.0268934	-1356.65	1325.51
-13	596.019	0.0391588	1182.54	-29.6601
-13	422.748	0.35266	-978.541	-568.578
-13	731.792	0.984287	-133.418	175.374
13	655.523	1.07956	1393.06	-675.84
-13	604.075	1.12783	254.27	815.053
-13	878.817	1.14884	1232.85	-247.337
13	2598.53	1.1944	-745.37	400.926
13	636.488	0.253677	486.598	1143.47
13	424.371	0.913579	774.164	558.063
-13	474.174	0.243212	751.029	155.262
-13	495.741	0.623271	235.229	-876.657
-13	646.149	1.02988	-787.101	-861.921
13	982.079	0.939964	66.5325	35.4569
-13	409.058	0.476846	-139.664	792.996
-13	717.801	1.21122	-583.119	586.949
13	436.139	0.225726	-95.3478	-447.455
-13	459.901	0.724852	-1435.01	-741.772
-13	598.029	0.0560909	-281.551	183.616
13	453.262	0.456589	-817.224	-993.709
-13	446.431	0.273669	432.371	426.143
-13	441.11	0.569294	89.7032	-476.986
-13	476.06	0.994146	366.584	-356.807
-13	540.499	1.07373	703.172	-1179.97
-13	725.307	0.844657	-1443.89	982.043
13	522.13	0.643401	979.303	645.721
-13	521.824	1.09594	1387.83	1285.8
13	1547.3	0.118647	1278.16	1416.84
-13	503.554	0.134177	166.051	1220.62
-13	757.712	0.477785	983.499	401.03
-13	757.843	0.95136	-1126.48	514.41
-13	516.379	0.434044	584.83	70.2168
-13	624.926	1.12036	-495.086	-1206.78
13	576.291	0.0920139	833.862	434.884
-13	830.385	0.5347	-862.389	1159.66
13	423.537	0.757722	735.173	296.448
-13	570.182	0.65081	1101.8	46.2604
-13	409.28	0.708661	1226.04	-984.244
13	950.995	1.01301	-911.17	-180.24
-13	464.432	0.404033	44.3807	-1494.87
13	665.449	0.225632	-67.1033	99.4703
-13	1262.78	1.08423	-1136.18	-75.6797
13	776.34	1.21271	768.756	974.425
13	929.073	0.807204	-1128.49	-1005.88
13	2045.95	0.918393	248.88	1197.86
13	798.155	1.11359	-932.74	-694.143
-13	1057.43	0.33795	-104.717	1130.84
-13	564.27	1.05846	908.267	-989.97
13	444.588	0.846396	1327.63	-472.954
13	487.934	1.08186	-189.279	826.967
-13	426.151	0.519412	1122.53	128.475
13	685.48	0.844614	-990.634	-1189.63
-13	755.012	0.104118	342.941	-371.228
-13	648.979	0.546912	-721.983	-1281.75
13	475.212	0.502685	-731.762	-601.81
-13	981.529	0.838399	-1484.72	-382.214
13	879.224	0.528648	238.552	798.596
13	582.565	0.456993	-210.208	177.104
-13	1717.38	0.662145	1018.68	-1272.19
-13	502.694	0.329684	-1013.73	1383.3
-13	508.484	0.478215	-394.881	-34.2669
13	2049.74	0.894113	634.777	-1157.84
-13	425.263	0.0904674	-1290.73	-1217.57
-13	763.428	1.17385	-913.415	-180.181
13	547.998	0.923139	-844.346	165.715
-13	523.725	0.517681	-692.633	-189.505
-13	633.31	0.693738	-670.932	233.961
-13	548.038	1.16025	-1029.3	-1255.88
13	480.96	1.02325	1033.68	-72.5097
13	499.082	1.09391	464.188	-34.8394
-13	977.587	0.190645	317.639	1150.77
13	551.867	0.601262	942.731	-1207.04
13	507.674	0.361658	381.598	-1346.83
-13	2332	1.02213	1182.84	-464.443
-13	492.073	0.945976	-1009.87	-864.47
-13	556.502	0.826781	-805.239	704.134
13	745.153	0.506399	-488.243	-655.143
13	741.589	0.624309	-615.306	145.529
13	466.434	0.856548	1042.59	1492.61
-13	406.388	0.396703	-283.179	700.619
13	688.387	0.724614	131.307	-176.247
13	870.025	0.92698	78.84	333.29
-13	698.49	0.479507	786.4	-102.387
13	554.659	1.18791	-544.161	598.946
-13	506.817	1.1788	-314.78	-468.868
13	1287.84	0.668949	-219.529	-1454.07
-13	431.964	0.890834	-685.414	-663.399
13	425.852	0.591021	876.136	-1020.33
13	653.725	1.08003	798.022	-1186.71
-13	483.557	0.741304	-1376.3	1063.98
-13	427.043	0.764026	1386.83	325.623
-13	489.77	0.886529	860.34	-179.007
13	973.8	0.472383	-82.965	924.706
-13	412.028	0.355514	-1155.57	-1246.44
-13	643.106	0.629597	-417.264	86.2807
13	1032.67	1.16665	-880.646	-200.83
-13	2991.16	0.97893	773.332	1167.92
-13	1423.58	1.21896	1228.68	-187.827
-13	618.325	1.08152	-1406.59	-27.4131
-13	452.522	0.431023	-1343.43	873.074
13	414.682	0.206877	1118.15	-203.75
-13	712.888	0.92717	-1458.2	1238.25
13	458.929	0.942324	381.424	-1369.89
13	431.091	0.620823	-219.771	-214.143
-13	410.462	0.942419	-513.536	-839.733
13	825.718	1.10831	594.191	-1090.84
13	402.632	1.19576	-1320.35	-1406.97
13	445.564	0.565935	1467.75	-693.007
13	410.02	0.728538	-670.247	333.021
13	576.64	0.745551	1365.17	-431.118
13	449.027	0.622323	-365.878	-1332.8
13	1420.84	0.11738	-1277.34	-728.4
13	422.037	1.09543	-275.005	192.03
-13	519.204	0.51016	-652.167	-756.559
13	442.408	1.15404	733.25	-105.533
13	436.292	0.755942	-1486.75	1306.14
-13	724.206	0.676428	964.164	216
-13	689.784	1.19028	-876.105	845.523
13	689.018	0.741156	1442.9	666.068
13	472.837	1.18547	1410.47	-401.245
13	1305.16	0.755027	861.954	1350.51
-13	1660.73	1.06354	1007.89	-1090.38
-13	653.253	0.938249	-543.445	580.046
-13	482.11	0.909498	1310.82	602.633
13	761.923	0.347337	-1147	1495.09
-13	743.134	0.51459	-781.932	-1008.5
13	457.828	0.893208	918.976	537.584
13	711.452	0.933196	1146.56	-107.382
-13	654.532	0.195291	1438.19	431.089
13	539.209	0.610621	-1346.82	1044.98
13	483.527	0.376279	673.499	158.212
-13	434.122	0.886403	1007.25	404.505
-13	523.945	0.993163	-150.521	-936.291
-13	430.78	1.08151	1014.33	814.643
-13	423.746	0.743524	416.55	-1459.61
13	444.667	0.427572	1441.25	-1185.63
-13	401.905	0.21521	1382.51	-1323.19
-13	578.355	0.41452	1467.94	654.338
-13	848.732	0.894738	-240.323	943.125
13	1420.05	0.970998	-1015.39	153.511
-13	432.436	1.17274	-616.283	984.99
13	625.597	1.06557	198.954	53.1479
-13	812.619	0.640671	-81.9605	1264.33
13	809.095	1.16788	-244.762	593.216
13	410.18	0.786159	315.231	549.793
13	611.667	1.12982	1090.39	-350.027
13	704.126	1.07918	-152.638	1004.25
-13	1198.14	1.14936	258.296	-1079.83
13	2741.23	0.906112	924.866	42.5198
13	2680.88	0.319756	-650.381	155.422
13	507.932	0.51925	233.421	-664.396
13	587.026	0.910421	-305.875	557.163
-13	685.057	0.93659	91.672	108.396
13	400.88	0.549726	1350.58	-935.361
-13	525.27	0.812584	-369.555	-703.157
13	600.545	1.07298	-825.486	268.9
13	549.052	0.987489	1398.21	1167.4
-13	1237.38	0.245231	-112.07	-1330.21
-13	447.544	0.30202	1267.03	152.322
-13	451.137	0.29047	1477.25	417.882
13	721.84	0.32077	773.311	1165.89
13	799.561	1.12345	-1328.41	625.358
-13	1404.07	0.374103	-532.385	-397.323
13	569.136	0.804693	1101.53	1079.45
-13	546.63	1.19349	-1192.1	511.156
-13	758.287	0.367284	-310.127	-1446.37
13	417.772	0.483381	769.136	-812.652
-13	480.542	0.345866	1004.37	-1462.3
-13	596.251	0.321383	70.2536	1358.34
13	1081.99	0.396411	1267.3	-740.876
13	1112.01	0.965625	856.237	585.941
-13	878.186	1.1691	-360.375	-121.271
-13	998.807	0.0184038	-382.712	223.742
13	459.219	0.875307	-569.317	-752.174
-13	480.324	0.0369392	1162	344.925
-13	530.495	0.526467	1387.95	-1101.28
-13	746.298	0.437565	565.842	717.495
-13	427.195	0.0781802	-1023.6	-384.175
-13	567.311	1.21052	84.6305	1079.24
13	489.983	0.490575	1079.3	565.714
-13	518.566	0.402944	-1319.81	-779.001
13	467.432	0.349279	297.268	477.424
-13	428.456	1.07786	-1151.92	827.31
-13	509.829	0.597325	-527.273	-630.376
13	555.245	0.953806	592.298	1207.14
13	515.2	1.13928	-520.002	-441.017
-13	551.581	0.401493	1094	407.057
-13	424.189	0.287313	-557.932	-950.52
-13	431.055	0.842854	-476.554	-126.203
13	476.543	1.02081	-344.953	900.623
13	574.048	0.630496	-1214.85	-1164.53
13	425.358	0.304699	1375.48	355.153
-13	421.629	0.691591	-1410.51	-221.942
13	896.653	0.0608422	649.67	-61.4701
13	482.21	0.450349	1336.78	955.551
-13	893.259	0.333132	544.089	688.192
-13	401.932	0.0661408	-1447.45	1170
-13	496.159	0.303378	739.229	603.136
13	862.547	0.952979	-935.795	874.737
-13	588.985	0.943548	-723.747	-524.076
13	532.688	0.51066	-922.268	-679.505
-13	756.185	1.13992	-652.11	-1414.33
13	786.685	1.15081	496.912	1115.89
-13	479.259	0.863003	412.067	968.687
13	570.732	0.520385	930.395	142.376
-13	612.911	1.07801	560.712	-1453.1
13	930.212	0.98876	1128.13	-978.507
13	534.165	0.512513	301.369	303.988
-13	438.794	0.21848	-496.717	1427.06
-13	959.617	1.16177	-53.1687	888.92
-13	468.827	0.5456	-1158.87	531.649
13	435.829	0.137327	1219.22	703.525
-13	497.869	1.03943	1436.49	-1287.56
-13	473.917	1.08264	-376.951	-791.915
-13	435.557	0.591863	648.632	-1497.56
-13	467.895	0.725705	400.361	462.362
-13	514.997	0.582257	988.142	-1473.26
-13	713.383	0.890592	-1060.22	-29.1195
-13	556.906	0.430947	1172.27	745.013
13	447.868	0.32784	-561.378	789.227
13	1456.04	1.12424	672.548	494.043
-13	856.535	0.65229	-436.584	-133.335
13	479.06	0.0698133	115.353	-851.479
-13	596.408	0.661884	-1347.64	-1440.15
-13	577.812	0.592292	1035.43	-318.156
13	581.021	0.156164	605.351	441.454
13	417.71	1.06483	-537.887	-903.378
13	812.39	0.39728	40.6037	-295.405
-13	559.39	0.40211	92.4195	476.217
13	420.765	0.337289	-1377.42	-13.6064
-13	580.732	0.986109	212.955	-1316.12
-13	479.107	0.0739652	131.696	232.965
13	416.176	1.20066	1297.03	156.533
-13	554.842	0.945251	122.167	1120.9
-13	553.62	0.290749	608.521	-434.496
13	439.612	0.470569	-281.645	-232.444
-13	813.857	0.381548	-319.447	-392.97
-13	418.221	1.19566	1316.22	-310.921
-13	1013.37	0.75161	919.157	427.754
13	534.572	1.03007	442.851	-1061.89
13	508.771	0.992745	-884.052	-1086.53
13	438.114	0.833539	801.993	661.932
13	2203.84	1.03818	-231.431	-1275.23
-13	437.15	0.110578	1343.72	230.585
13	429.234	0.259896	-293.009	1019.77
13	450.35	0.745142	-214.512	1240.52
13	486.739	0.892019	1028.32	1289.63
-13	597.071	1.1191	984.529	-258.369
-13	761.261	0.89717	-744.54	-201.682
13	832.596	0.963381	898.592	-484.6
-13	740.177	0.389595	-697.968	131.696
13	654.432	0.25342	-207.624	-430.12
-13	411.345	0.193463	-384.684	-1356.37
-13	987.834	0.857397	-250.664	-231.838
13	629.071	0.867285	121.577	-609.157
13	534.281	0.5999	494.629	653.94
-13	558.811	0.77531	-132.999	-84.15
13	553.228	0.838244	-1497.02	968.208
-13	879.39	0.779455	-168.938	893.716
13	454.067	0.985855	933.361	271.753
-13	1486.44	1.14666	213.304	182.942
13	2771.13	1.12497	1122.49	1169.65
-13	1758.04	1.19608	470.252	825.25
-13	493.539	0.613198	821.273	921.486
13	573.414	1.07161	1484.77	-237.524
-13	458.203	0.660355	1246.1	-193.981
13	437.656	0.351163	-1264.4	323.433
-13	523.243	1.20623	1025.93	863.673
13	417.577	0.284032	-1103.23	1114.85
13	498.471	0.981523	1398.7	1241.74
-13	1024.14	0.225896	-1000.8	-1338.38
13	1167.06	1.09221	-151.7	-1403.99
13	868.685	0.894692	17.8548	-437.793
13	971.384	1.18116	936.808	-1176.54
13	482.412	0.625878	-624.574	775.161
13	1053.88	0.295522	-485.141	-420.119
-13	620.2	1.08143	657.746	-933.435
13	1377.95	0.97895	-599.976	-112.389
-13	1293.57	0.425299	-962.607	203.464
-13	423.536	0.475917	-59.0714	128.381
13	1369.23	0.574978	-841.184	543.708
13	524.484	0.484258	1346.15	-777.2
-13	459.423	0.920293	-35.6605	539.644
13	565.306	0.772872	547.207	-1402.81
-13	409.047	0.983282	1281.55	-627.767
-13	984.211	0.927932	512.645	-532.753
13	439.606	0.351169	708.557	444.374
-13	515.56	0.0190986	-604.617	-1113.39
13	1252.82	1.20886	1188.08	1057.57
-13	401.321	0.366661	-1294.74	292.665
-13	423.809	0.0988386	1391.96	-702.769
13	522.396	0.00619503	-88.3744	-1008.6
13	498.216	0.805967	856.997	926.992
13	401.16	0.322512	-1286.23	1241.5
-13	489.206	0.656259	-1380.51	1479.14
-13	1139.93	0.630287	545.764	105.692
13	481.094	0.892504	-1243.94	-1040.69
13	477.372	0.81751	-733.141	1078.67
13	906.067	1.04636	1338.22	-1216.27
-13	401.812	0.348775	1376.8	601.746
13	424.943	1.1767	1237	-39.4401
13	450.207	0.393757	234.194	422.488
-13	430.142	0.740511	1181.11	-1076.02
-13	451.201	0.880708	977.783	688.844
13	474.954	0.97439	562.949	-437.09
13	834.479	0.526983	-862.45	804.255
13	409.16	0.212736	-324.566	1094.79
-13	692.375	1.13952	331.127	804.608
-13	478.649	0.686141	1475.08	-1108.03
-13	451.986	0.586297	-1376.72	1041.91
-13	765.928	0.562601	-1283.37	267.27
13	698.174	0.713792	-1469.58	598.062
13	514.638	0.992043	-1361.17	388.381
13	461.49	0.991895	-1423.37	-1404.45
-13	541.135	1.03898	-458.924	-742.419
-13	730.768	0.479559	-312.393	927.606
13	976.244	0.443719	-127.345	1400.82
13	533.982	1.00279	1332.35	-1177.98
13	476.476	0.591218	883.299	-895.517
-13	507.319	0.536641	-1078.75	-1307.55
-13	1220.5	0.138356	-893.028	-333.097
13	405.821	0.1142	299.657	784.049
-13	1276.82	0.0544972	-163.986	-1031.51
13	833.297	0.783906	365.977	9.48253
13	542.279	0.518618	351.543	856.025
13	1428.78	0.665991	-5.17229	-104.984
13	546.464	0.830212	140.079	-607.751
-13	633.946	0.0994145	110.245	334.222
-13	471.004	0.174155	-647.275	-887.574
-13	441.968	0.112584	821.68	1168.03
13	603.222	1.14556	-4.85206	656.099
-13	1053.2	1.11817	375.08	-1343.6
-13	433.544	0.308595	1333.55	930.149
-13	463.825	0.0251619	-215.968	-124.989
-13	804.477	0.124622	811.594	212.834
13	616.75	0.557767	68.6026	260.364
-13	697.116	0.561003	1470.25	-815.607
13	784.652	0.680101	1383.78	284.917
-13	401.667	0.154243	-467.953	1490.99
13	760.642	0.481888	1365.12	-877.971
-13	569.232	0.126945	-1037.25	998.841
13	1483.59	0.262976	-801.115	-1001.75
13	464.806	0.708042	-504.526	102.685
-13	744.137	0.502902	-1065.61	-1392.95
-13	605.887	0.159575	715.544	959.361
13	574.538	0.118027	-451.078	-275.97
13	449.707	0.944225	1372.24	359.161
-13	483.136	1.02199	-651.504	247.845
13	729.361	0.627989	1382.43	761.191
-13	606.943	1.12209	-640.164	-107.035
-13	403.52	0.782834	912.487	-647.447
13	549.688	0.756857	-883.853	-616.23
-13	744.333	1.18151	-754.12	-25.4542
-13	509.644	0.932782	97.2024	71.1059
13	539.312	0.959207	-801.974	-1282.12
-13	525.554	1.08267	426.947	-834.733
13	484.346	0.150261	-669.494	367.968
13	1206.52	0.421002	-642.666	1429.23
-13	2230.04	0.107707	-378.145	583.17
-13	1368.36	1.04147	-334.085	-472.042
-13	2639.37	0.414449	819.035	-851.479
13	402.882	0.622441	-999.217	-1327.38
-13	491.454	0.201909	240.688	1458.85
13	582.86	0.433482	1191.97	-1234.76
13	781.001	0.729324	-737.888	-972.304
13	441.192	0.134722	-621.487	-751.847
-13	408.365	0.0614363	853.969	454.876
13	449.285	0.783004	-1293.81	814.505
13	529.644	1.00065	-988.236	-1038.14
-13	476.308	1.08162	-59.4656	-265.771
-13	592.296	0.370992	-1293.49	-1452.46
-13	707.366	1.14286	722.211	-1151.12
-13	606.912	0.684028	-223.656	1137.03
13	790.129	0.415962	486.028	826.608
13	1100.63	0.11026	-888.544	-1396.1
13	453.951	1.14044	-184.55	1173.31
-13	1670.16	0.218535	-152.281	-767.305
13	624.119	0.954961	-624.033	-723.172
13	1547.69	1.0724	980.745	-194.85
-13	512.015	0.548693	-617.627	324.024
13	485.226	0.433171	-1012.45	-1131.07
-13	1061.5	0.175762	394.794	-77.4881
-13	439.812	0.791059	208.456	989.247
-13	579.489	0.995172	-840.597	-832.824
-13	502.258	0.527133	394.153	-1135.93
-13	496.506	0.915994	828.052	697.722
-13	520.954	0.400489	1118.19	-344.08
13	648.582	0.466049	927.072	-361.63
-13	439.015	0.0193119	517.802	399.224
-13	575.727	0.275971	232.267	1152.71
13	410.049	1.09328	546.072	825.482
-13	401.9	0.253404	-677.047	479.58
-13	408.88	0.204583	-880.045	-1404.72
13	1033.39	0.658913	-462.854	-1156.51
-13	614.402	1.13113	454.622	-1402.56
13	3841.03	0.979065	-607.038	1478.15
-13	686.776	0.377718	339.561	-1133.1
13	546.485	1.19731	1478.99	-1305.41
-13	615.208	0.743857	-263.611	528.231
-13	473.915	1.0699	898.195	-167.527
-13	511.255	0.324399	349.586	-1028.41
-13	438.879	0.472322	938.963	-352.344
13	677.542	0.333215	1191.26	1083.92
13	723.935	1.16781	-916.488	335.68
-13	658.553	1.03275	359.331	621.779
-13	1042.42	0.270656	-1252.96	-602.43
-13	408.18	0.27019	169.304	1283.41
-13	1792.37	0.885209	-1281.07	-605.31
13	1738.51	1.19087	-677.76	703.641
-13	1015.76	1.10826	693.894	1335.68
-13	501.491	1.04631	1337.22	-556.873
-13	570.839	0.917633	-718.707	1385.55
-13	412.795	0.0164442	177.343	137.53
-13	834.656	0.768231	-1087.47	-924.161
-13	403.841	0.79169	363.872	15.8335
-13	462.411	0.366283	-254.201	156.599
13	454.667	0.389826	-598.445	685.461
13	939.071	0.849732	1102.01	-119.514
-13	556.039	0.74058	-553.849	169.544
-13	578.733	1.14055	1478.99	-430.098
-13	949.618	0.843328	1461.63	1443.1
13	439.611	0.981063	-566.819	-1132.8
-13	538.65	0.551605	-897.242	-730.969
-13	541.085	0.790428	998.632	837.896
-13	513.313	0.917462	-670.76	103.202
-13	405.469	0.90623	-419.724	675.599
13	1116.34	1.1123	-470.517	81.7592
13	558.662	0.554058	-640.419	975.168
13	405.041	0.718004	1171.38	354.959
13	479.795	0.80568	-1200.42	502.936
13	723.963	0.426457	454.172	-1150.02
13	532.205	1.18771	522.327	966.124
13	691.526	0.916923	-1441.85	-338.489
-13	412.636	0.062292	1060	-1098.77
-13	849.546	0.546741	-1085.44	-293.308
-13	947.545	1.08085	-676.122	-1204.72
-13	1298.4	0.583939	1188.77	970.676
13	540.069	0.576575	1412.09	1430.2
-13	585.497	0.53326	-889.472	1045.32
13	692.662	0.680224	-1016.75	-1175.09
-13	497.9	0.9824	-292.896	-1394.89
-13	588.306	0.595577	-111.621	-398.17
-13	920.941	0.745738	-1168.89	-1060.98
-13	774.455	0.818826	-316.269	-1191.57
-13	953.878	0.449217	-915.903	414.239
-13	547.49	1.10119	351.765	-689.235
13	429.875	0.606335	-1206.62	-932.108
-13	762.903	1.15019	-1198.39	438.863
-13	596.664	0.846006	413.503	-295.975
13	720.779	0.234862	-1328.25	329.764
-13	3812.26	0.253149	-131.61	-642.363
-13	839.646	0.678084	1059.82	-483.173
-13	563.899	1.21248	1474.18	1306.92
-13	649.646	0.771814	955.157	-179.52
-13	435.1	0.80133	934.81	-856.433
13	451.311	0.837375	1078.45	-587.631
-13	442.622	1.13665	-1065.31	-1388.68
-13	433.818	0.538	-360.992	-1393.58
-13	431.866	0.72079	172.219	1123.58
13	527.441	1.16867	-1014.19	-287.986
13	489.951	0.634064	-297.595	366.914
13	565.951	0.606239	983.501	1200.7
-13	449.231	0.855282	526.754	-1000.45
-13	593.948	1.14745	1044.7	-1472.88
-13	637.559	1.11355	-936.08	577.51
13	400.036	1.20881	169.566	364.442
-13	483.272	0.35596	-593.769	-1044.08
13	449.026	1.20378	-273.812	-1439.23
13	769.677	0.614687	1104.04	442.83
-13	730.752	0.506528	-1311.6	-440.498
13	1551.8	0.259917	-1163.2	-1349.34
13	566.744	0.981905	-874.504	950.546
13	1345.02	0.389104	1098.64	1140.8
-13	451.218	0.587551	-792.575	120.151
-13	483.219	0.307953	173.874	-594.01
13	456.894	0.768385	961.796	37.8005
-13	542.711	0.68327	1104.91	558.584
13	512.792	0.447178	123.001	552.58
-13	575.62	1.12501	-179.945	245.961
13	747.879	0.225728	-206.354	553.112
-13	883.821	0.938946	1492.32	625.271
13	859.276	1.15263	684.331	61.9657
-13	614.31	0.178497	-396.809	1331.41
13	519.683	1.19686	-55.8444	1429.13
-13	448.379	0.0964233	1069.94	-1084.38
-13	518.622	0.521787	1400.87	-134.47
-13	442.524	0.591386	829.627	-527.94
13	1031.74	0.950998	623.881	-1227.65
13	697.748	0.851472	-698.905	-767.518
-13	771.672	0.50348	8.00512	1119.57
-13	572.158	0.917728	-1368.1	-1088.67
13	451.31	1.09094	327.483	1174.59
13	1280.19	0.421412	1373.13	-692.213
13	793.051	0.409533	-1233.22	-507.842
-13	556.602	1.20186	1329.16	124.317
-13	456.409	0.201087	254.906	-1456.28
-13	711.876	0.684708	1454.04	191.135
13	480.356	0.200203	706.473	-1395.82
-13	595.593	0.0606048	743.963	71.4919
13	462.668	0.912984	-1315.66	-522.109
-13	427.681	1.19163	1234.56	-705.118
13	726.824	0.199282	-488.84	250.036
-13	440.82	0.455139	-1140.4	1473.74
-13	451.915	1.11694	1418.15	-67.501
13	790.004	0.887711	423.92	-1009.62
13	803.207	0.963566	7.15497	1476.11
-13	481.162	1.15303	654.899	-1227.96
13	631.048	1.07221	-818.973	-751.671
-13	455.957	0.989334	-210.029	683.432
-13	547.863	0.995501	726.27	-1120.6
-13	864.782	0.716153	-445.59	545.989
-13	497.089	1.18153	-749.953	527.68
-13	851.428	0.0840588	11.0123	633.761
-13	470.796	0.132439	35.9108	240.863
-13	798.682	1.00635	-559.999	-189.561
-13	555.589	0.78473	603.81	628.886
13	466.666	0.795723	-1199.98	-820.02
-13	1107.78	1.11187	-1259.49	-614.679
-13	414.512	0.682751	-1410.46	126.289
-13	1134.81	0.477414	-655.486	-1090.26
-13	1014.8	0.663794	803.518	741.299
13	451.799	0.769504	-508.653	1346.67
-13	422.728	0.508506	-139.933	281.33
13	566.301	0.782143	-838.038	622.897
13	432.755	0.861075	359.283	1251.7
13	812.984	1.18967	-147.369	1344.2
-13	703.594	1.17738	-925.931	357.328
-13	666.921	0.061725	225.162	-1090.9
13	1220.3	0.455431	-720.846	151.762
13	466.542	1.14154	625.635	748.752
13	507.608	0.485919	1330.78	1438.22
-13	573.298	1.1574	631.886	-1372.14
13	498.849	0.491874	745.928	-1091.58
-13	459.187	1.15057	1115.17	912.093
-13	731.757	0.250822	539.125	108.817
-13	544.62	0.00404257	993.86	421.395
-13	490.877	0.835841	442.737	38.0197
13	1268.88	1.1305	595.694	-850.043
13	523.723	0.194161	1392.2	-1156.13
-13	569.645	0.162259	451.888	300.662
13	560.475	1.07494	1260.25	-1050.16
13	896.574	0.19737	-294.634	475.664
13	448.162	1.04061	1387.09	-540.716
-13	976.188	0.501585	-1245.61	-1031.55
13	444.77	0.508784	-1312.4	759.581
-13	486.838	0.670319	140.125	991.879
-13	400.441	0.318225	-1309.51	-197.988
13	597.621	0.715603	-1056.07	-147.437
13	654.512	1.14305	-242.409	-704.854
13	432.44	0.686826	-970.457	317.661
-13	401.193	1.01461	1443.42	698.981
-13	504.505	1.10963	-822.003	462.283
-13	1903.04	0.101169	389.221	-1123.17
13	408.931	1.0556	-142.179	1187.81
-13	638.499	0.00252271	-562.672	399.857
-13	538.383	1.17083	519.759	884.433
-13	461.75	0.20434	170.177	698.885
13	407.323	1.00573	1031.95	-8.79071
-13	951.022	0.140339	288.765	-324.041
-13	473.968	0.679197	828.485	-732.558
-13	542.685	1.11288	-854.624	349.603
13	1502.68	1.00972	222.543	1294.67
-13	500.185	0.815664	1172.23	695.685
-13	731.278	1.05872	-836.098	240.66
-13	738.549	0.186132	115.672	887.708
13	733.735	0.958696	1413.44	942.254
13	408.106	0.645056	310.374	-1311.16
13	453.673	0.0630105	-1095.12	-2.02673
13	405.111	0.299541	-309.167	-742.152
13	565.151	0.731475	1430.93	-385.958
-13	701.63	0.27683	-640.867	-1076.67
-13	419.074	0.985117	59.0069	-109.404
-13	433.327	0.595125	-1089.07	113.032
13	760.21	0.686007	737.322	1315.66
-13	1210.37	0.210171	-705.521	-253.895
13	495.232	0.717352	-350.289	138.263
13	513.766	0.464713	966.362	-994.916
13	858.71	0.902108	896.285	-549.016
-13	600.089	1.18745	-993.905	-205.725
-13	515.718	0.447337	548.006	480.734
-13	473.372	1.04974	1021.84	-415.072
-13	413.42	0.141804	1067.84	-661.117
-13	622.523	0.599982	-136.186	1432.77
13	671.378	1.06448	-376.252	-592.549
-13	421.998	0.905856	-929.485	-1052.88
-13	487.149	0.932696	-814.814	1296.3
13	2299.53	0.890721	-229.623	-14.5939
-13	427.025	1.20919	488.222	-725.626
-13	408.64	1.21327	-758.287	-1479.01
-13	669.951	0.52042	-888.14	-455.33
-13	504.717	1.15085	-1138.71	-834.405
-13	525.081	1.06405	-1235.48	474.096
-13	444.142	0.398701	-397.277	991.733
13	1244.76	1.01923	888.427	-804.882
-13	534.93	0.962434	-1302.15	687.393
-13	2006.88	0.709609	1057.84	903.172
-13	454.06	0.406829	-983.994	-185.526
13	599.664	0.988863	1030.18	106.885
-13	533.435	1.05255	-1288.99	667.781
-13	465.801	0.799292	-1430.97	1270.56
13	569.327	0.12204	707.429	1037
-13	434.072	1.07976	807.707	-121.052
13	453.309	0.727605	1281.72	-28.6788
-13	945.55	0.879727	-411.682	964.381
-13	470.384	1.12894	1039.5	-1012.97
13	429.193	0.838878	1388.79	-1072.47
-13	601.472	0.20655	791.598	-280.068
13	433.088	1.21238	-203.149	789.38
13	689.899	1.06101	74.181	1126.27
13	664.427	1.16708	396.974	1263.61
13	538.501	0.937445	-1431.37	-95.3881
13	405.052	0.898212	-720.661	1138.81
13	556.188	0.440441	-251.784	623.177
-13	400.642	0.545746	-385.324	-595.267
-13	462.221	0.719826	-126.16	-66.0089
-13	514.434	1.07804	-569.537	-452.499
13	1091.33	1.08246	740.408	-1000.17
13	410.588	0.688795	-81.6263	1467.78
-13	403.487	0.0793103	611.06	525.535
-13	499.83	1.12017	-219.718	246.791
-13	595.773	0.948681	-923.037	-1335.8
-13	762.747	1.21391	449.249	251.336
13	572.446	0.924934	-1299.65	90.302
-13	578.424	0.564275	996.4	582.34
13	582.958	0.351337	-99.6422	-1289.57
-13	786.296	0.628734	-459.149	-1192.07
13	842.419	0.53672	-259.768	1421.99
-13	875.588	1.15455	-1324.6	382.276
-13	779.463	1.13761	1468.84	-921.078
-13	417.164	0.483663	429.526	1330.16
-13	718.204	0.933696	1126.31	837.029
13	556.486	0.143369	-1339.51	-874.595
13	609.614	0.096085	825.165	-1360.45
-13	602.039	0.799802	874.475	-1166.11
13	521.153	0.671508	-1120.89	48.8217
13	839.14	0.0434486	577.221	-1381.81
-13	890.828	0.48585	-1336.44	-446.184
-13	729.852	1.09904	-887.068	1367.61
13	511.528	0.307991	-93.69	-428.293
-13	808.619	0.644974	-1366.47	-481.667
-13	483.747	0.24559	883.116	672.51
13	528.833	1.06837	-170.282	341.872
13	468.479	0.621131	-608.999	-1354.36
13	473.976	0.0598023	129.657	101.14
-13	602.443	0.966235	-1426.3	616.543
-13	629.535	0.980794	-1234.24	827.331
-13	1156	0.0109116	412.255	957.597
13	447.659	0.478679	1422.38	736.122
-13	623.933	0.791907	-1089.97	-1421.96
-13	452.079	1.06368	243.043	-1477.01
13	1025.63	1.06046	-407.041	1189.67
13	405.185	0.986652	-299.365	-353.231
13	459.536	1.10108	607.531	492.845
13	401.153	0.516765	1267.15	-667.414
13	725.184	0.28492	199.884	1256.1
13	1009.42	0.765714	-863.362	-817.735
13	452.513	1.04056	-920.704	-562.476
13	566.278	0.981787	10.8839	1347.94
-13	832.895	0.649265	-969.158	-481.724
13	436.843	0.611656	-450.033	-238.404
-13	405.422	1.05022	-1392.93	-231.631
-13	723.303	0.317792	1264.61	688.444
13	557.45	0.557708	38.2494	325.27
13	653.207	0.815258	913.57	-1408.94
13	799.787	0.276332	14.6038	793.929
-13	773.483	0.793765	1338.61	1080.78
13	401.604	0.54975	14.2151	111.379
13	675.018	0.118015	204.35	-417.069
-13	1577.04	1.04272	1223.97	550.295
13	421.88	0.558561	229.164	936.51
-13	599.923	0.0899671	-70.0602	-793.079
13	436.201	1.0606	1301.08	647.049
-13	427.191	0.508161	-1221.91	798.815
-13	486.477	1.18901	44.2228	-1435.79
13	497.273	1.21204	530.524	576.334
13	478.735	0.755008	-688.364	711.302
-13	866.803	0.49109	169.196	206.291
-13	886.574	1.10297	-309.87	375.32
-13	546.137	0.924111	517.213	142.113
13	545.487	0.963546	-22.7213	-85.8145
-13	1049	0.732829	-721.732	-70.1491
-13	405.446	0.52889	379.011	911.417
-13	492.354	0.353871	-301.436	1363.54
13	684.25	0.796243	1199.35	1047.03
-13	407.974	0.381777	-379.191	-1194.03
13	591.211	0.616446	-1252.3	131.2
13	768.68	0.768447	-862.783	-779.646
13	432.43	0.44422	1272.55	885.979
-13	623.042	0.863004	-354.117	34.4738
13	657.213	0.693704	708.862	187.535
13	518.736	0.617396	1336.61	-779.993
13	1168.37	0.475865	896.163	-1392.51
-13	561.136	0.81791	990.769	1223.33
13	626.384	0.737028	-1061.69	1089.44
-13	481.891	0.6604	-566.843	-139.259
-13	724.17	0.0793363	-1037.17	-705.229
13	633.021	0.425918	1427.25	173.358
13	837.766	0.568466	1419.78	1314.68
-13	609.942	1.21046	-55.2392	1052.23
-13	465.517	0.104064	54.9154	-1174.11
13	861.808	0.290869	1499.64	-1425.92
13	586.388	1.04155	101.922	-910.512
-13	601.116	0.02121	-660.372	-887.82
-13	441.255	0.595032	1274.06	-1125.99
13	430.66	0.785747	1357.68	1391.52
-13	780.328	0.683107	167.582	-243.466
-13	625.354	0.456902	946.204	1154.9
-13	424.67	0.00914172	356.712	-1439.03
13	562.528	0.451015	1274.29	658.365
13	430.819	0.560064	-38.9957	318.447
-13	790.722	1.01991	230.214	1113.66
-13	591.564	0.594066	281.071	1079.48
-13	570.423	1.07134	897.077	-110.324
-13	1199.47	0.728474	1170.88	-1455.94
13	455.245	0.394324	-48.9288	-895.314
13	454.025	0.953256	254.045	1098.76
13	703.098	0.853225	-643.761	-546.138
-13	441.954	0.424227	943.441	-1394.1
-13	1200.69	0.220282	-1485.5	-948.183
-13	1249.23	0.67955	1070.99	-564.431
-13	642.194	0.185201	1149.1	-409.762
-13	696.678	0.802369	-1054.68	-605.227
-13	692.029	0.810847	1214.63	30.1473
13	701.602	1.21691	948.622	-644.745
-13	604.098	1.10119	1180.89	327.738
13	511.166	0.732877	1263.73	-660.78
-13	1682.43	0.943965	-663.661	25.0651
13	730.563	0.590943	-672.853	317.03
-13	471.805	0.272015	-136.866	1277.12
-13	586.462	0.793777	1299.21	-64.2547
13	521.379	0.229871	272.166	-413.551
13	840.009	0.31136	-111.483	985.681
-13	1002.6	1.04853	-237.947	908.15
-13	448.826	0.430736	1182.59	1063.62
-13	443.251	0.844905	250.958	1498.59
-13	492.923	0.756588	-437.643	167.216
-13	513.555	0.57562	937.958	811.357
-13	897.593	1.01293	-1130.76	-744.368
13	463.295	0.846919	-654.281	-363.858
13	522.585	1.06114	1296.57	-1295.32
-13	482.759	0.210464	636.791	-857.449
13	767.115	0.374375	868.701	-1331.14
-13	689.243	0.373182	-141.779	380.406
13	537.413	1.14307	-1091.79	708.525
-13	437.529	1.17439	496.017	75.0165
13	954.996	0.364546	-943.6	1152.14
13	641.943	1.00828	26.2088	199.532
-13	704.959	1.20191	727.924	1096.45
13	1343.42	0.566828	380.162	-664.876
-13	716.607	1.17701	-648.204	986.422
-13	653.243	0.876685	-995.991	-461.641
-13	531.954	1.06874	1401.17	789.145
13	980.713	0.174699	-1416.96	-1169.81
-13	493.349	1.09624	-333.41	-87.5845
13	458.014	0.258923	689.901	1231.15
13	571.321	0.899648	812.175	-956.713
-13	454.798	1.17371	-1482.67	555.322
13	991.285	1.18252	-35.1464	1274.39
13	441.851	0.444032	1068.51	1024.33
13	486.712	0.140374	387.894	-1274.27
-13	657.977	0.965172	266.183	-3.30928
-13	487.317	0.653504	469.529	-29.496
-13	403.319	0.155801	288.714	79.8658
13	552.517	1.03931	1181.86	822.536
-13	878.794	0.398761	-1497.29	-1443.39
-13	545.745	0.340487	-544.477	1304.01
-13	574.416	0.850163	433.154	934.049
13	685.29	0.466285	-227.782	-1399.6
13	625.604	1.19116	-1028.07	21.8243
-13	518.08	0.772142	-298.753	947.677
13	501.207	0.811152	-123.963	-884.042
13	421.871	0.830722	-1342.42	-95.1357
-13	531.119	1.16178	104.301	-1163.8
13	410.411	0.255966	-354.593	-783.871
-13	958.787	0.389966	-32.6166	628.297
-13	910.489	0.726815	-843.608	787.599
-13	499.946	1.14057	-865.768	1494.55
-13	413.694	0.894089	-1242.08	-353.428
-13	654.226	0.50526	-1198.14	-821.531
13	724.607	0.320276	757.979	937.366
-13	589.66	1.19376	-234.34	1333.8
-13	454.124	0.197776	-727.7	-887.204
-13	811.455	0.0873577	-699.639	888.257
13	736.699	0.846582	653.79	222.728
13	513.606	1.09867	-1068.16	-478.814
-13	471.659	0.914773	-1244.49	-146.36
13	1009.44	1.14294	-1166.71	1474.28
-13	546.113	0.12958	1178.93	748.207
13	1008.5	0.228107	866.03	934.084
-13	788.058	0.719047	-209.233	719.729
13	427.602	0.189109	-310.338	-446.125
13	424.91	1.1211	-1374.11	-1260.88
13	747.956	0.696964	-316.116	-1084.4
13	803.328	0.813342	-876.561	-113.101
-13	2320.8	0.401864	370.745	-1288
-13	949.306	0.368954	176.957	-1262.07
13	760.352	0.67923	559.772	-1445.38
-13	500.082	0.037396	1164.98	-223.427
-13	1255.97	0.190788	431.445	95.2499
13	437.144	0.808495	1070.45	-195.18
-13	443.115	0.981582	-1278.41	-1027.42
13	1262.5	0.618796	829.91	839.322
-13	609.052	0.74994	437.087	180.324
-13	576.097	0.29279	557.731	953.133
-13	763.986	0.160728	580.379	251.132
-13	1216.84	0.368194	-205.582	-1361.59
-13	458.682	0.433041	-1297.97	-313.574
-13	496.082	0.428961	-560.025	200.31
13	857.933	0.417883	685.385	-1292.81
13	766.866	1.04267	6.02492	-685.085
-13	547.142	0.867331	-569.078	1204.16
-13	427.95	0.464641	327.619	1477.68
13	526.902	0.581737	-920.015	-1138.94
-13	855.922	0.415982	-485.037	826.564
-13	418.673	0.874774	262.098	-734.192
-13	508.287	0.605336	-329.998	192.559
-13	406.151	0.0919095	1183.53	-841.164
-13	1873.72	0.295047	-1113.73	-1018.19
13	551.558	0.274349	1460.11	-439.163
-13	1109.65	0.668862	-1069.38	-54.7575
13	481.465	1.20217	-235.078	-167.895
-13	410.052	0.773649	1383.33	598.417
13	951.681	0.951565	16.5794	-156.572
-13	1152.65	1.00197	1223.39	-1192.16
-13	438.139	0.468995	218.388	217.78
13	588.034	0.639222	843.931	-1456.13
-13	850.112	0.855471	-421.107	527.382
-13	422.739	0.982955	-547.337	-252.545
-13	413.048	1.06228	-964.77	1105.78
13	440.112	0.179073	-241.379	-576.029
-13	1510.61	0.281557	591.099	1475.3
-13	417.066	0.162781	-1071.32	-715.758
-13	1031.59	0.561145	1495.3	1096.17
-13	426.045	0.580735	-45.0553	1097.16
13	871.489	1.12612	877.57	794.759
-13	516.759	0.580848	625.2	1036.23
13	800.445	0.817834	-712.286	-607.803
13	445.246	0.450791	-78.6152	-56.7333
-13	538.834	0.803101	-595.474	-1347.75
13	663.131	0.966751	-153.673	-453.382
-13	1242.59	0.255706	-967.489	-922.393
-13	1275.88	0.593473	-618.338	-800.699
13	486.411	0.56721	154.512	866.536
13	597.323	1.03611	-635.327	286.585
13	407.006	1.1548	-969.527	251.264
-13	437.878	1.17174	1101.17	-530.591
-13	638.013	0.212118	-356.939	-632.499
-13	449.326	0.0157254	1364.33	986.122
-13	510.062	0.951223	-235.671	357.738
-13	737.753	0.0910679	1378.23	111.429
-13	416.464	0.922037	-297.969	663.416
13	483.93	0.620305	1019.26	577.628
13	505.931	0.758535	846.17	-516.291
-13	433.122	1.21294	831.782	621.653
13	415.273	0.543647	909.065	271.484
13	825.871	0.960972	839.441	1159.87
13	437.655	0.854116	-144.154	-377.134
13	1217.26	0.837448	539.204	1453.69
13	713.478	0.611371	222.761	1334.5
13	686.078	0.284805	1052.95	-211.532
-13	529.051	0.157678	548.979	68.932
13	1363.57	1.06611	489.933	-417.2
13	957.393	0.507857	1419.24	961.653
13	554.284	0.44635	-1137.44	-892.873
-13	514.3	1.04262	-1226.9	209.684
-13	431.287	0.320786	-1003.61	969.28
13	878.597	0.86833	-1120.13	-337.311
13	717.058	0.0368146	457.129	608.067
13	607.052	1.15504	458.496	921.957
-13	438.439	1.18016	-674.411	-704.566
13	453.63	1.11276	260.205	-692.162
13	423.858	0.269308	492.263	996.38
13	532.172	1.09905	-360.251	1345.88
13	2497.64	0.967021	-306.116	-1055.4
13	988.221	1.14	-1326.64	-1019.78
-13	458.661	0.0329264	767.46	933.56
-13	678.188	1.05872	-631.02	-278.978
13	492.706	0.744528	308.146	-286.068
13	416.307	1.03109	-207.909	-791.653
-13	686.673	0.13068	1102.17	506.543
13	663.937	0.244016	-530.319	-795.09
-13	951.687	1.10348	-800.804	-1480.63
13	514.985	0.136408	-368.759	82.5998
-13	412.007	0.703343	-697.751	809.543
-13	420.595	0.896328	-192.781	58.1248
13	448.608	0.648747	1349.15	1095.56
13	546.407	1.12959	-513.705	788.554
13	464.288	0.377076	13.595	417.556
-13	680.435	0.739276	-208.782	-1332.6
-13	1002.05	0.521038	-1469.57	-658.185
-13	575.534	0.302885	862.462	-1368.59
13	458.213	0.875775	-115.033	-717.94
-13	410.96	0.560229	958.504	1002.62
-13	415.529	0.286203	1032.04	-1395.07
13	908.616	0.28049	299.773	619.496
13	921.876	0.29834	-396.847	998.642
-13	650.154	0.331307	-432.832	-301.183
13	1019.9	1.21406	-833.865	-1214.93
-13	472.656	1.17739	1027.02	-1447.74
13	488.988	1.07208	385.35	-1150.98
-13	629.624	0.371994	1003.24	901.504
-13	776.983	0.595957	-600.88	1332.41
-13	473.116	0.453774	499.654	-1440.03
-13	573.013	0.855827	-1435.32	-659.691
-13	436.346	0.951374	488.055	1412.88
-13	519.818	0.686847	161.414	-792.794
-13	443.913	1.06576	491.057	91.659
-13	460.133	1.06596	-798.088	-451.561
-13	452.766	0.104747	-276.529	1429.44
-13	485.069	0.570633	-1009.75	-900.916
13	912.916	1.0673	896.897	151.075
-13	454.359	0.0779924	-1294.65	1450.93
-13	592.996	1.16699	-1120	1382.85
13	512.374	0.939646	-1317.44	959.749
-13	954.98	0.290607	-820.752	-551.349
-13	425.893	0.81871	1412.79	1391.44
13	492.188	0.746906	450.998	962.263
13	454.291	1.13781	-611.833	-1024.22
-13	727.153	1.20979	553.179	510.229
13	506.366	0.911959	805.846	-550.553
-13	892.756	1.03736	790.399	1247.75
-13	532.248	0.219797	1022.38	1295.1
-13	511.932	0.516383	1403.11	1490.52
-13	456.932	0.94646	976.275	60.9534
13	418.08	1.17056	-1169.84	496.172
-13	627.861	0.428753	-22.1066	-826.886
13	463.855	0.413597	79.6014	-703.062
13	3401.37	0.438381	32.9483	160.585
13	474.287	0.459459	1287.3	-1136.64
13	786.796	1.2059	-86.2862	893.892
13	403.254	0.232953	489.924	-1492.66
-13	677.499	0.960442	-455.818	476.768
-13	824.401	1.11425	-216.183	21.3596
-13	482.358	0.270693	757.297	-682.86
-13	626.349	0.867648	-1032.07	-333.997
-13	1088.89	0.129194	863.646	842.978
-13	778.107	0.484147	765.83	-1151.17
13	487.727	0.294334	-1403.23	1325.41
13	941.986	1.1779	1361.05	-672.727
-13	401.752	0.517413	540.537	877.983
-13	488.028	0.386555	-656.852	-1173.82
-13	677.005	0.282883	602.472	-1191.34
-13	491.537	0.922325	-215.241	20.5944
-13	1072.04	0.630385	-849.474	-676.569
13	503.367	0.0495826	166.308	-508.864
13	473.169	0.598512	814.989	203.555
-13	644.896	0.0700137	753.665	510.865
13	486.238	0.0763102	-1485.14	-644.957
-13	674.171	0.246365	1036.54	800.683
13	554.87	1.21365	-804.599	-589.809
-13	437.935	0.199724	-9.08376	-1498.76
-13	1144.76	0.5751	505.078	-564.762
-13	695.01	0.948614	416.624	-390.238
13	438.86	0.541554	121.788	-803.706
-13	400.465	0.400939	60.0958	-368.358
-13	405.259	0.445386	-1411.68	314.046
13	675.296	0.84521	121.923	643.474
-13	519.118	0.438914	1038.86	500.437
13	790.668	0.90606	44.4288	560.741
-13	462.535	0.185245	858.765	96.6884
-13	477.733	0.949067	593.424	575.258
-13	3144.73	0.992497	1400.22	72.4289
13	508.636	0.20461	-1076.81	809.043
-13	511.266	0.334064	-733.039	-1062.97
13	510.391	1.11804	599.995	-561.774
-13	450.519	0.145236	-72.7547	-548.795
-13	662.25	1.17315	469.461	-1159.76
-13	452.96	0.106175	58.7622	916.214
13	413.854	0.417692	913.418	-1189.54
-13	563.721	0.154656	-1265.16	379.891
-13	502.648	0.109033	-646.641	902.508
13	411.7	1.0534	-857.087	1293.83
-13	2471.75	1.10485	347.906	1405.31
-13	455.505	0.547874	-43.7405	947.473
-13	441.028	0.956857	-1392.13	-815.522
13	992.614	1.04219	758.963	264.501
13	446.102	0.476769	694.578	54.7464
13	456.112	0.245625	-860.203	1333.55
-13	579.84	0.370453	-848.235	859.441
-13	898.067	0.380855	-457.261	854.605
-13	956.897	0.98203	-722.645	492.547
13	401.01	0.140224	-694.825	1286.83
13	417.182	0.243171	-1070.67	918.545
13	1148.53	0.512805	579.502	-1198.19
13	699.804	0.240273	75.7547	1304.52
-13	3034.42	0.194473	1007.1	1155.58
-13	497.876	0.238168	661.816	1133.89
-13	439.376	0.218237	960.208	-735.224
13	410.06	0.0536224	-968.462	557.612
-13	422.778	0.264211	-4.82671	-541.34
-13	455.773	0.50049	-84.3838	-494.801
13	494.627	0.763198	981.32	-1207.01
13	475.755	0.195793	-1184.44	406.328
13	543.298	0.562791	29.9528	-1050.94
13	453.312	0.540012	33.9763	-1466.59
-13	590.742	0.518907	1429.63	-51.0464
-13	794.12	0.163912	-1.32909	585.944
-13	404.583	1.07492	-1160.24	51.2121
13	574.507	0.926842	-1476.76	832.562
-13	419.99	1.14008	-1366.27	755.151
-13	688.257	0.857183	-310.23	1118.02
-13	654.449	0.941651	1197.9	195.073
-13	670.421	0.905779	900.825	-450.826
-13	450.985	0.420339	1002.49	1196
13	417.625	0.967831	159.647	338.595
-13	428.71	1.1236	749.117	534.313
-13	452.495	0.516522	-230.925	-730.709
-13	467.383	0.554512	846.757	-1387.92
-13	548.228	1.00083	821.926	-870.635
13	521.942	0.581369	-32.3673	-1338.35
-13	939.165	1.19357	-1341.78	1371.76
13	601.93	0.541244	-279.181	1161.72
-13	567.089	0.980895	473.238	-1023.6
-13	410.331	0.0788653	880.29	6.09244
-13	2057.34	0.18586	539.622	-1392.87
-13	426.822	1.19107	990.476	-158.731
-13	447.056	0.945849	1222.47	41.3015
-13	470.364	1.08227	561.705	1210.92
-13	706.645	0.620539	-266.387	912.107
-13	403.77	0.210833	1372.99	1202.43
-13	433.899	0.326228	1383.36	-159.07
-13	796.677	0.955919	260.13	-465.856
-13	479.248	0.440358	424.804	1264.15
-13	492.84	0.857951	-299.322	-1324.53
-13	2860.1	1.133	-1024.47	83.8365
13	430.996	0.685145	-923.277	868.314
-13	434.867	0.333625	632.394	1113.29
-13	466.702	0.139605	-986.064	1328.87
13	477.743	0.0590723	-58.8611	911.242
-13	557.853	1.12302	-361.914	246.284
13	541.357	0.679174	510.654	995.53
-13	458.145	0.518893	-747.317	-813.133
-13	493.048	1.09086	1481.43	-741.209
-13	480.306	0.831691	136.661	1073.31
-13	432.603	1.10605	-723.584	-759.694
13	417.536	1.10789	-1135.49	1228.94
-13	460.068	0.73318	-170.42	212.406
13	896.678	0.944746	-85.5101	-406.602
13	410.68	1.15326	1433.72	-1145.45
-13	414.753	0.447249	1265.34	1461.58
-13	508.032	1.19775	-255.068	85.5051
-13	444.528	0.325137	-903.427	1045.67
13	696.459	0.457363	-378.05	-1255.62
-13	1030.54	0.360516	-537.738	-131.306
-13	529.088	0.334216	-98.3671	-1216.3
13	517.781	0.556005	-384.585	38.3228
13	630.662	0.867451	1115.17	-612.779
13	473.179	1.18611	-698.684	702.874
-13	612.329	0.003176	-784.426	-838.925
-13	517.048	0.190247	-135.343	1349.9
13	495.717	0.74516	472.746	-382.514
-13	408.574	0.221038	904.472	-1049.21
-13	516.14	0.789307	1066.84	1297.72
13	573.784	0.86512	442.48	-355.395
-13	598.743	0.491218	835.51	-1399.78
13	481.922	0.821833	185.386	-1335.24
-13	601.005	0.884336	836.359	113.735
-13	676.519	0.242969	-1427.55	-669.854
-13	966.004	0.186353	-925.422	1268.27
-13	476.59	0.787002	-356.559	1368.52
13	560.394	0.452708	454.28	1404.71
-13	407.552	0.489829	-6.55258	1390.49
13	502.578	0.318386	344.97	704.433
-13	431.271	0.687282	-852.522	669.705
-13	434.97	0.624559	1227.85	-604.663
13	629.086	0.884634	105.048	-898.745
-13	1031.85	0.519753	149.936	270.957
-13	678.583	0.233065	-957.861	-40.7365
-13	479.728	1.18086	-1475.35	822.361
-13	568.299	0.610233	-1428.81	-224.976
-13	633.608	0.0854269	-1336.04	-59.5097
13	727.902	1.21299	-142.158	-854.495
-13	835.509	0.0201514	-1376.56	-715.592
-13	502.954	0.0735082	-942.588	1124.93
13	667.96	0.964495	510.89	-130.344
-13	1182.4	1.09144	170.582	-1396.43
13	447.272	0.783967	-874.592	343.535
13	815.923	0.88533	-152.477	943.775
13	639.909	0.7428	930.672	-24.4705
-13	413.618	0.398424	964.615	-249.7
-13	552.53	1.14651	1475.16	-432.095
13	980.438	0.529235	-191.375	839.118
13	605.741	0.808675	-392.538	723.847
13	493.581	1.01504	-72.4781	-1206.78
-13	644.091	1.00111	751.052	-1383.9
13	1018.7	0.985565	1136.42	-640.489
13	739.622	0.479907	363.705	-1449.93
-13	503.621	0.820564	-1209.93	1171.37
-13	984.794	0.818099	-500.122	1410.25
13	487.479	1.21749	556.6	-915.323
-13	584.017	1.00729	181.287	-29.898
-13	400.12	1.15737	1411.92	-1483.4
13	447.707	0.335824	-1465.41	860.445
-13	822.58	1.07524	1115.18	555.735
-13	511.676	0.609301	187.028	285.852
-13	491.029	0.903127	-1393.25	-1452.58
-13	423.974	0.936797	1225.63	-1454.71
13	1007.12	0.695228	545.17	-525.177
13	492.088	0.828074	-1046.96	863.267
13	793.099	0.891258	-1459.99	-1050.86
-13	474.281	1.07816	941.186	224.18
-13	505.333	0.360629	1490.51	613.867
-13	478.089	0.453765	-955.633	893.244
13	407.11	0.200075	-1257.58	-1104.73
13	446.029	1.12668	770.169	-1058.72
13	522.649	0.742429	106.712	492.353
-13	1253.43	0.198273	348.056	957.577
-13	431.555	0.327359	-888.317	509.496
-13	572.785	0.758733	1141.51	-892.996
-13	513.031	0.987012	1490.45	374.377
-13	478.915	0.216809	-1132.95	-438.845
13	464.409	0.352418	-232.813	-544.853
13	648.051	0.419886	679.645	545.856
-13	418.787	1.09054	-872.983	-491.68
-13	635.769	0.890452	-60.9672	-614.191
-13	511.119	1.00821	-227.583	429.795
13	523.287	0.789842	1246.5	568.427
13	559.915	1.10757	-651.261	-1231.43
13	1021.6	0.290224	-916.649	790.986
13	521.7	0.969328	-661.631	-1370.7
-13	673.325	0.833371	598.824	-1281.63
13	400.377	0.382911	843.565	-964.868
-13	408.942	0.820467	-1075.26	830.097
-13	580.623	0.827096	1157.76	780.927
-13	724.335	0.00891456	581.519	-1240.9
-13	459.74	0.998218	-485.731	1261.62
13	523.52	0.559034	672.037	-574.211
-13	441.046	0.955938	802.579	414.507
-13	542.283	1.16865	-50.8077	-1321.71
13	419.614	1.21603	-989.369	-1194.65
-13	540.178	0.714781	-40.6867	547.573
13	467.911	0.172719	-1049.26	249.883
-13	658.831	0.827823	192.803	-1320.67
-13	574.85	0.485639	1354.03	-319.867
-13	407.389	0.78288	-853.121	720.43
13	423.58	1.177	-956.513	-283.373
-13	496.774	0.925205	1153.91	-937.405
-13	600.29	1.13935	-475.936	-534.98
13	451.654	0.82371	-968.414	-292.103
-13	828.322	0.40239	-106.095	1051.45
13	441.836	0.914695	1444.88	-364.26
-13	714.168	0.518778	1277.5	-279.392
-13	518.099	0.151196	1083.44	586.071
13	449.678	0.225666	-1080.36	-805.802
-13	479.559	1.04505	-1066.75	1131.08
-13	594.38	0.604556	202.026	506.16
-13	801.077	0.796144	-1445.58	1031.94
-13	850.163	0.535354	467.391	-1412.56
-13	1780.06	0.852822	948.472	-420.597
-13	530.26	0.277793	954.825	-1354.84
13	483.593	1.18812	154.825	-349.74
-13	885.174	0.904559	416.211	1351.29
-13	512.284	0.969938	-1310.58	591.898
13	508.228	0.719371	-1014.37	-994.55
-13	712.631	1.18956	79.5653	-157.307
13	434.535	0.0599314	767.041	870.891
-13	400.584	0.386625	-396.821	595.746
-13	422.327	0.0473084	-350.303	-1028.74
13	542.428	0.99707	-255.262	384.23
13	1072.21	0.887288	894.834	1439.71
13	484.564	0.7654	-414.837	38.4413
13	870.263	0.271521	-550.892	-162.62
13	457.255	0.870977	740.933	671.947
13	714.601	0.599426	-78.3556	1309.68
-13	436.824	0.349678	-84.2785	-1390.33
-13	1438.77	1.14643	-323.316	1053.64
13	448.406	0.250622	666.844	433.728
-13	505.832	0.0846549	309.748	-182.455
-13	452.55	0.0147853	1325.42	-423.262
13	807.554	0.466621	-96.7677	737.766
-13	491.082	0.490952	-461.22	907.285
-13	618.261	0.433691	-29.2943	-279.821
-13	5107.24	0.900304	-799.953	-761.998
13	549.737	0.0182217	-891.426	1152.24
13	504.48	0.852443	-993.882	639.581
-13	522.784	1.05702	-992.084	1424.8
-13	465.143	1.16603	212.737	364.888
13	484.592	0.561123	834.633	1256.96
-13	438.842	0.804091	244.879	211.98
-13	881.074	1.07662	-73.8502	-1328.29
-13	460.44	0.967835	415.076	215.082
13	1145.12	0.713999	-1029.76	-60.0397
-13	560.299	0.369088	839.511	-308.911
13	772.147	0.727178	1114.41	928.491
-13	408.331	0.686298	-1365.14	336.613
-13	406.786	0.696871	715.91	1004.33
13	528.663	1.01693	-1041.53	171.104
13	649.013	0.0829621	-2.81278	358.13
13	485.551	0.832188	-1326.25	-186.427
13	437.823	0.654191	-1448.83	77.1432
13	523.657	1.06115	-969.796	534.584
13	1139.57	1.2156	807.308	-906.43
-13	518.65	1.14214	-716.168	768.02
13	596.673	0.00627163	237.249	-79.9047
-13	673.025	1.06436	-768.968	-333.305
-13	576.053	0.925134	-441.978	-665.755
13	428.991	1.09955	-589.666	-1434.9
-13	628.041	0.164186	-397.63	-956.693
-13	909.644	0.180649	-1470.88	635.27
13	424.817	0.99055	332.243	-461.593
-13	919.411	1.01512	-445.618	290.544
13	502.067	0.848155	683.136	823.244
13	494.169	0.205446	-1309.37	-1235.2
13	479.476	1.11164	425.491	-259.368
13	404.358	0.890714	-749.116	-801.494
-13	424.702	0.547328	-1021.51	37.6518
13	465.526	1.0723	-227.492	762.906
-13	595.581	1.19729	-968.625	1097.72
-13	450.037	0.641266	-1270.56	480.364
-13	416.059	1.07861	989.355	-158.559
-13	1145.27	0.732467	216.902	654.327
-13	421.781	1.01077	-1124.68	-435.33
13	429.868	1.18429	-1064.6	641.853
13	417.35	0.554437	-26.6196	1044.75
13	425.242	1.18712	799.915	398.98
-13	559.128	1.17179	-799.5	-661.529
-13	487.162	0.826881	375.085	1264.39
-13	663.496	0.632633	-282.439	1481.86
13	473.309	0.505117	-1217.91	674.374
-13	997.447	0.940886	925.827	-1405.02
13	706.014	1.06446	868.841	1497.57
13	533.056	0.782896	-224.667	1294.77
13	2185.78	0.598181	-816.056	-1293.93
-13	474.815	0.34398	270.121	-151.096
-13	663.03	0.82697	850.472	-802.022
-13	532.136	0.358878	-514.708	965.757
-13	447.114	0.752412	-917.411	1011.39
-13	471.223	0.288272	-1007.66	-656.237
-13	496.428	0.593416	181.362	-124.677
-13	417.787	0.364477	1021.61	-252.394
13	1023.16	0.891381	456.316	-449.827
13	493.09	1.20147	-1427.05	-224.631
-13	524.211	0.618385	-414.647	-125.487
-13	667.137	0.0610366	741.667	-1425.57
-13	459.757	0.0128539	433.727	-258.555
-13	518.432	0.696987	181.442	-1338.96
13	434.683	0.449808	483.866	1381.18
-13	413.133	0.0252017	-1065.29	212.101
-13	1025.45	0.588915	-1392.88	-1196.21
-13	606.618	1.08958	879.846	-411.192
-13	413.363	0.396642	-512.34	44.6864
-13	553.475	0.995039	-364.267	-566.254
13	726.601	0.449195	480.284	-891.746
-13	419.314	0.569394	683.828	871.675
13	403.592	0.92442	-1064.93	-800.39
13	466.304	0.163812	767.154	-1440.98
-13	947.954	1.17849	-1353.17	265.359
13	499.633	1.13133	1217.69	553.574
13	573.433	1.17611	-470.523	-1406.74
-13	455.268	0.0249497	96.081	697.728
13	553.146	0.735996	1017.19	695.425
-13	576.675	0.815438	991.811	-29.0918
13	834.854	0.667629	470.215	-983.413
13	455.96	0.178665	283.596	849.239
-13	553.089	1.126	-1473.96	1393.86
13	503.205	0.418288	-707.108	-164.785
13	449.565	1.15876	283.625	338.538
13	854.545	0.229743	-978.867	-1329.98
-13	505.775	0.80205	-663.032	217.076
13	491.369	0.332949	327.599	298.738
-13	675.363	0.276686	-329.694	569.971
-13	764.677	0.984527	-1491.74	1224.86
13	709.17	0.389747	709.716	467.339
13	444.099	0.980481	-1185.45	449.815
-13	448.634	0.231547	-1123.02	467.056
-13	433.739	0.204604	-293.975	88.1112
13	597.255	0.993909	-951.786	-1120.83
13	579.444	0.989667	-1483.98	1298.79
13	463.761	0.889656	-1320.57	-1255.71
-13	630.046	0.373517	-213.999	526.142
-13	444.675	1.19661	-970.657	1258.17
-13	445.558	1.14333	-28.2112	1076.15
13	498.411	0.15871	1150.3	936.934
13	485.996	0.551101	-706.165	-222.787
13	1325.86	0.682435	-1311.77	76.9283
13	435.737	0.356078	1151.7	-950.029
13	404.713	0.13519	820.015	379.3
13	1925.88	0.286128	19.0546	-913.182
13	627.269	0.039032	1229.68	-1447.03
13	565.495	0.270246	-1315.25	1353.96
-13	476.752	0.140834	-881.208	1401.82
13	464.744	0.0435014	1475.88	1070.83
-13	413.107	0.176395	-1411.58	1232.18
13	596.986	0.528563	-1255.4	1133.02
13	431.157	0.618322	1115.08	-544.884
13	532.421	1.21977	142.837	1458.43
-13	473.154	0.929249	-945.135	-1458.78
-13	794.653	0.947004	-422.651	1487.39
-13	1077.75	0.9416	394.571	159.402
-13	486.283	0.445023	1319.8	-47.405
-13	643.675	0.0279371	-130.13	-339.24
13	408.142	1.07046	1161.84	1484.48
13	503.143	0.966102	-1401.98	-1026.77
-13	820.527	0.953751	-829.603	-978.195
-13	1048.14	0.235601	1119.5	729.365
-13	432.275	0.798507	-361.841	-998.408
13	586.956	1.09115	-1236.84	-945.941
-13	836.936	0.230566	-979.462	-80.182
13	589.233	0.280715	-769.388	-369.778
-13	504.554	0.860471	1195.48	-242.407
-13	526.639	0.26947	-610.791	-154.687
13	526.142	0.957609	-39.621	-569.18
13	707.891	1.10986	-582.929	-1009.54
-13	763.89	0.563075	383.516	438.195
13	416.658	0.547191	654.031	529.18
13	413.093	1.21955	-191.039	1171.96
-13	474.503	1.19426	-967.942	956.627
-13	494.559	0.246904	-1042.83	277.667
13	532.905	0.706021	470.624	-638.279
-13	781.612	0.911191	-1331.67	693.145
13	533.512	0.556786	-1334.15	-609.121
-13	2573.59	0.0396821	350.768	-1158.82
-13	494.47	0.452412	1350.57	577.043
13	458.494	1.07743	14.5948	310.938
-13	872.992	0.876321	-1165.68	201.375
-13	405.249	0.0503068	-533.287	-183.179
13	818.099	0.435938	34.3856	-1176.66
-13	501.562	0.144858	-746.139	-833.511
-13	729.171	0.730087	91.4107	1180.85
-13	413.645	0.0248888	-416.592	-1378.75
-13	463.422	0.969165	-653.093	-549.963
-13	536.438	0.135892	742.004	-1340.94
-13	580.654	0.812737	-609.243	-1241
-13	409.132	0.662474	1374.94	-153.713
-13	410.6	0.812834	1076.38	737.026
-13	552.29	1.19663	-762.087	-111.647
-13	646.886	0.797652	935.936	-709.056
13	402.642	0.70061	-507.613	-219.88
13	477.744	0.0940747	-570.372	611.508
-13	485.339	1.085	-1417.93	1025.37
-13	412.331	1.1135	-208.657	-486.796
13	1678.75	1.14437	-144.525	1407.94
-13	428.11	0.290119	877.85	-1104.39
-13	457.115	0.0428193	1323.73	827.195
-13	429.429	1.15017	496.553	-259.762
13	425.597	0.895656	559.684	1405.19
13	1062.7	0.962937	-700.389	-671.49
-13	537.154	0.301319	339.618	-387.521
13	485.389	0.271683	488.718	1480
-13	1238.65	0.572574	1134.93	-1403.94
-13	561.148	1.03578	-1235.97	-1439.92
13	403.406	0.174828	-518.747	-1417.55
13	423.771	1.17195	-1131.33	735.345
-13	667.888	0.0345099	303.604	-449.043
-13	662.953	0.842316	-976.101	-1461.28
13	537.423	0.431063	536.534	972.864
13	492.249	1.04689	629.354	761.258
-13	565.709	0.843542	20.2272	983.186
13	1666.51	0.380793	858.743	-1384.97
-13	765.035	0.677472	-382.408	1481.9
-13	427.194	0.459822	-360.49	282.583
13	1556.17	0.998928	-939.316	1359.47
13	439.271	0.330904	-453.666	1199.34
-13	613.295	0.557926	1457.78	919.724
-13	432.374	0.945354	612.745	-703.226
-13	1075.02	1.05113	-1347.23	625.669
13	692.078	0.290004	-1200.54	-1018.44
-13	794.572	0.61498	-1032.92	-654.08
13	437.477	0.187913	-456.293	-744.958
-13	531.24	0.665268	499.187	1442.89
13	636.723	0.419745	489.844	1285.34
13	480.83	0.377695	867.94	178.401
13	420.647	0.315573	-1217.48	1276.92
-13	2074.35	0.295899	216.745	711.522
-13	435.277	0.30703	-1411.91	158.645
-13	690.742	0.546863	776.66	-1155.85
-13	1115.62	0.796508	442.314	466.092
13	504.888	1.20114	-516.165	1396.25
-13	485.603	0.287546	876.09	-442.877
13	407.638	1.19271	185.779	-656.557
-13	789.036	0.577578	1478.17	-268.437
-13	847.906	0.49619	1367.71	-1109.85
-13	951.215	0.0390537	-1448.11	788.275
13	553.914	0.923828	343.646	1350.01
-13	477.761	0.432383	1115.96	702.267
13	692.314	0.134446	420.538	1352.14
-13	1338.67	0.567734	1195.13	949.721
-13	838.519	0.574281	1124.94	-579.46
-13	471.388	1.09844	749.157	-1099.81
13	808.118	0.267474	521.825	-1065.4
-13	502.942	0.204847	-1280.25	752.897
13	408.508	0.615136	1377.47	-404.903
13	745.361	0.679565	1290.89	-1332.2
13	567.433	0.112543	-1467.44	-161.088
13	450.307	0.0730084	1491.45	1232.49
-13	656.053	1.13133	-1047.46	-1220.27
-13	424.312	0.528487	1355.5	1428.73
-13	457.039	0.708087	891.576	-1078.63
13	1061.87	0.677528	-1321.2	-823.014
-13	405.684	0.100021	-329.834	216.571
-13	406.81	0.235078	821.997	-702.613
13	470.582	0.0123758	699.009	-282.554
-13	531.182	0.0189244	-275.378	-739.14
13	404.448	0.4312	-1045.29	705.111
-13	461.971	0.677	1379.72	1136.19
-13	647.614	1.03673	151.419	894.755
-13	482.176	0.507793	957.723	1070.03
13	532.418	0.807799	1229.03	994.81
-13	611.595	0.232743	-938.545	-1318.87
-13	926.189	0.60922	-566.928	450.218
-13	561.515	0.0705314	-1184.74	-381.932
13	467.698	0.450578	-1258.9	1219.19
-13	422.174	0.948537	-730.612	535.154
-13	440.458	0.453316	1021.15	-88.2374
13	434.386	0.869253	-115.703	402.843
-13	568.249	0.178047	-703.73	-1220.69
13	600.595	0.662457	-122.679	-45.0787
-13	656.941	1.12793	-612.252	-631.309
-13	1057.05	0.318576	393.541	-1453.56
-13	434.143	1.03514	-11.2111	844.253
-13	655.189	0.938252	-809.543	-456.018
-13	1401.43	0.841827	626.68	-386.751
13	417.244	0.902327	-304.231	-929.295
-13	677.454	1.08844	1073.06	-14.6274
13	464.233	1.08826	-1169.62	-1336.11
-13	613.507	0.866457	-741.566	-39.7824
-13	797.734	0.949301	469.454	348.973
13	500.455	0.648736	-615.487	-1415.47
-13	1589.96	0.513534	276.073	852.162
13	596.771	0.365065	844.191	-465.283
13	1973.31	0.440515	-381.25	-1423.07
-13	455.806	0.934107	-1418.12	-511.394
13	475.029	1.03161	-1173.82	470.543
-13	851.543	0.0659934	915.171	859.128
13	638.543	0.568555	819.921	1134.24
-13	668.843	0.195391	488.386	801.511
-13	620.499	1.16125	839.21	198.32
-13	1028.75	1.2206	45.7113	629.905
-13	473.629	0.135388	-642.446	-189.255
-13	509.407	0.466555	-1349.44	480.86
13	475.366	0.577873	-615.446	-875.972
13	510.666	0.532876	-1265.64	425.062
13	448.718	0.390163	-1430.32	118.012
13	400.852	0.58502	938.269	227.247
-13	421.051	0.174421	1389.35	-1187.27
13	525.197	0.489352	-299.131	936.506
13	642.996	0.444309	952.395	-848.54
13	848.071	1.1306	-980.226	-206.48
-13	464.535	1.10046	1137.48	1388.4
13	424.453	1.04177	-86.9265	-1359.83
-13	433.414	1.11617	542.329	661.057
13	470.115	0.523357	1262.8	1030.97
-13	422.481	1.11063	399.481	1275.63
13	929.59	0.541701	-1069.3	1201.74
-13	444.674	0.547104	-718.272	-1444.18
-13	622.068	1.04727	-675.042	-359.426
13	432.206	1.0376	-443.633	-99.8651
13	968.808	1.19651	429.693	-908.359
13	608.838	0.645274	829.734	900.283
-13	1421.45	1.01838	415.113	-455.815
13	452.355	0.475455	-1120.24	101.998
13	2804.87	0.194422	-800.065	465.941
-13	489.14	0.235993	986.967	995.798
-13	1031.42	1.03536	843.905	1089.05
-13	522.578	1.17282	1031.73	542.396
13	1508.6	0.125542	632.342	1052.41
-13	525.389	1.16681	-501.449	-1058.64
-13	508.837	1.11711	748.115	673.981
13	734.089	0.969472	1329.95	-68.6854
-13	1156.89	1.03819	-1218.82	116.054
-13	663.391	0.481034	-534.335	1384.79
-13	446.481	0.994224	-296.952	-1035.25
-13	497.583	0.786762	-835.485	-465.175
-13	505.134	0.0121682	222.688	-176.224
13	584.234	0.737915	782.792	989.733
-13	409.572	0.972731	-276.153	-438.972
-13	495.821	0.921079	1395.67	787.025
13	1012.77	0.606421	-1221.47	1055
-13	409.765	0.278345	1398.43	256.71
-13	468.793	0.559371	951.829	-118.689
