13	412.089	1.18796	735.173	296.448
13	482.672	0.986798	1101.8	46.2604
-13	446.197	1.02437	1226.04	-984.244
13	543.642	0.82231	-911.17	-180.24
13	460.815	0.659864	44.3807	-1494.87
13	651.846	0.942064	-67.1033	99.4703
13	713.435	1.12556	-1136.18	-75.6797
-13	525.082	0.815354	768.756	974.425
-13	725.319	0.306916	-1128.49	-1005.88
13	1554.37	0.731161	248.88	1197.86
-13	468.407	0.693784	-932.74	-694.143
-13	471.687	0.00749445	-104.717	1130.84
-13	1324.98	0.606398	908.267	-989.97
-13	577.159	0.096398	1327.63	-472.954
-13	403.476	0.0577547	-189.279	826.967
-13	846.757	0.912254	1122.53	128.475
-13	671.655	0.730696	-990.634	-1189.63
-13	559.048	0.165169	342.941	-371.228
-13	641.196	0.210132	-721.983	-1281.75
-13	1660.74	0.227965	-731.762	-601.81
-13	1363.55	0.693329	-1484.72	-382.214
13	627.543	0.590928	238.552	798.596
13	468.961	0.425037	-210.208	177.104
13	403.77	0.405561	1018.68	-1272.19
-13	407.382	0.720549	-1013.73	1383.3
-13	787.613	0.0471949	-394.881	-34.2669
13	569.333	0.472438	634.777	-1157.84
-13	510.193	0.146615	-1290.73	-1217.57
-13	457.004	0.651392	-913.415	-180.181
-13	455.767	0.701277	-844.346	165.715
13	487.034	1.09284	-692.633	-189.505
-13	449.564	0.141963	-670.932	233.961
13	561.181	0.220256	-1029.3	-1255.88
-13	454.614	0.144045	1033.68	-72.5097
13	464.422	0.0114037	464.188	-34.8394
-13	416.53	0.00293356	317.639	1150.77
13	537.633	1.20145	942.731	-1207.04
-13	786.01	0.878457	381.598	-1346.83
13	614.514	1.0311	1182.84	-464.443
-13	446.026	0.534129	-1009.87	-864.47
-13	1357.91	1.00966	-805.239	704.134
13	673.025	0.755464	-488.243	-655.143
13	845.713	0.592903	-615.306	145.529
13	848.494	1.07682	1042.59	1492.61
13	468.187	0.957635	-283.179	700.619
13	750.278	1.02557	131.307	-176.247
-13	494.966	0.40972	78.84	333.29
-13	483.578	0.650299	786.4	-102.387
13	473.177	0.773108	-544.161	598.946
-13	499.554	1.02145	-314.78	-468.868
13	437.307	0.92048	-219.529	-1454.07
-13	588.916	1.08631	-685.414	-663.399
13	402.858	1.04944	876.136	-1020.33
-13	472.755	0.201464	798.022	-1186.71
-13	454.234	1.10031	-1376.3	1063.98
-13	455.36	0.931528	1386.83	325.623
-13	557.668	1.05004	934.98	-267.01
13	519.02	1.13319	-1337.86	37.8242
-13	542.674	0.644469	830.067	939.625
13	408.397	1.05987	-541.701	913.107
-13	656.997	0.41984	-1094.41	-937.844
13	617.836	0.420667	-121.439	-671.239
-13	588.571	1.15767	-967.99	-1161.9
13	585.885	0.2023	1003.97	-754.743
-13	420.692	0.346657	910.02	1104.55
-13	654.476	1.09912	1494.99	1406.83
-13	894.146	1.1353	-374.169	-967.362
-13	1370.76	0.595387	809.672	-920.144
-13	701.177	0.653975	-1392.18	352.893
-13	588.362	0.423435	-759.168	-184.152
-13	704.435	0.949694	356.409	-612.81
13	431.191	0.605507	-1196.04	643.812
-13	406.969	1.08631	-909.517	43.4328
13	430.965	0.853484	-122.475	-967.865
-13	668.578	1.17076	1233.79	1179.34
13	812.255	1.00019	1300.81	-832.747
-13	856.749	0.572537	657.958	-860.549
-13	407.578	0.763176	-1297.86	-768.733
13	429.548	1.09788	468.946	-1455.41
-13	500.312	0.0605659	-1287.37	-863.224
13	586.247	0.378056	337.527	-1236.81
-13	447.703	0.377175	275.966	-1216.21
-13	471.493	0.542056	461.308	-704.364
13	468.932	0.867111	-1432.88	1340.4
13	444.573	0.784647	-407.522	924.848
-13	623.492	0.399178	-784.823	-77.0352
13	400.112	0.27365	550.293	-1206.44
-13	434.789	0.715472	913.429	-1249.05
-13	426.066	0.596131	-302.74	-1387.32
13	480.436	1.18439	-447.87	1367.77
13	497.596	1.19876	-179.574	494.4
-13	572.057	0.799283	-1278.68	-357.606
-13	427.578	0.566583	264.076	-1037.12
13	490.427	0.489058	612.328	913.362
-13	675.868	0.701408	-266.202	-1188.88
-13	420.094	0.662004	-1167.71	367.914
-13	506.345	0.856926	1345.24	-1405.27
13	653.067	0.61414	1278.37	1133.66
-13	793.378	0.83817	1325.47	1117.03
13	645.002	0.558161	781.61	-59.2617
13	993.695	0.109885	-1109.99	780.27
-13	558.386	0.252459	362.868	-424.202
-13	419.304	0.883516	-635.325	534.189
-13	435.074	0.873284	428.209	1206.37
-13	578.407	0.619623	1080.29	142.887
-13	414.518	0.880156	174.596	-544.183
-13	1207.87	0.388396	-241.026	-1364.18
13	633.728	0.730119	926.464	-1037.03
-13	528.724	0.352401	-125.399	-922.792
-13	489.43	0.536201	965.971	-211.518
-13	604.502	0.959606	1214.32	-92.2721
-13	571.234	1.07076	902.683	-469.262
13	702.137	0.4609	918.976	537.584
-13	488.78	0.87296	1146.56	-107.382
13	822.926	1.12621	1438.19	431.089
-13	694.083	0.924223	-1346.82	1044.98
-13	416.091	1.18892	673.499	158.212
13	558.853	0.799823	1007.25	404.505
-13	460.255	0.650153	-150.521	-936.291
13	422.382	0.941611	1014.33	814.643
-13	500.548	0.493994	416.55	-1459.61
13	946.973	0.0394814	1441.25	-1185.63
13	594.897	1.22162	1382.51	-1323.19
-13	748.918	0.832765	1467.94	654.338
13	449.076	0.57007	-240.323	943.125
-13	572.892	0.562056	-1015.39	153.511
-13	805.015	1.02054	-616.283	984.99
-13	632.683	0.646668	198.954	53.1479
13	431.632	1.04718	-81.9605	1264.33
-13	1517.53	1.15505	-244.762	593.216
-13	474.378	0.596187	315.231	549.793
13	963.67	1.10847	1090.39	-350.027
13	1037.82	0.105534	-152.638	1004.25
-13	489.159	0.625993	258.296	-1079.83
13	490.232	0.73636	924.866	42.5198
-13	570.639	1.03323	-650.381	155.422
-13	577.828	1.16698	233.421	-664.396
13	417.29	0.146876	-305.875	557.163
13	812.922	0.971232	91.672	108.396
-13	585.558	1.07231	1350.58	-935.361
-13	474.412	0.985659	-369.555	-703.157
13	655.659	0.324747	-825.486	268.9
-13	644.289	0.60805	1398.21	1167.4
-13	1020.24	0.993392	-112.07	-1330.21
-13	508.262	1.11392	1267.03	152.322
13	406.46	0.402144	1477.25	417.882
-13	738.36	0.190665	773.311	1165.89
-13	507.572	1.08745	-1328.41	625.358
13	472.09	0.139593	-532.385	-397.323
-13	726.38	0.132365	1101.53	1079.45
13	542.478	0.638494	-1192.1	511.156
-13	483.39	0.310837	-310.127	-1446.37
-13	806.217	0.887211	769.136	-812.652
-13	469.584	0.0596443	1004.37	-1462.3
13	692.559	0.271287	70.2536	1358.34
-13	709.676	0.41417	1267.3	-740.876
13	803.488	0.951146	856.237	585.941
-13	481.542	1.05474	-360.375	-121.271
13	928.657	0.965137	-382.712	223.742
13	593.459	0.152552	-569.317	-752.174
13	658.918	0.37463	1162	344.925
-13	587.042	1.16851	929.706	-238.398
-13	862.585	1.12166	-483.582	710.214
-13	1154.64	0.436601	-1387.02	544.164
13	551.274	1.04109	291.827	393.721
-13	587.144	0.206957	722.419	729.788
-13	1070.68	0.283195	-642.982	-50.9279
13	462.45	0.539736	687.852	-26.3822
13	476.737	1.14103	-538.719	227.058
-13	541.101	1.10842	1171.56	716.479
13	437.748	0.0579718	952.395	-1125.63
13	412.966	0.718168	-263.555	41.1277
-13	548.795	1.06562	1324.63	-1324.07
13	421.331	0.875719	763.494	-709.717
13	984.796	0.934089	-205.311	-602.754
-13	439.017	0.249003	737.954	-462.927
13	511.427	0.226783	1288.32	-174.577
-13	1136.92	1.18962	-728.487	-927.819
-13	898.571	0.0801962	-399.432	-1098.45
-13	405.254	0.888357	842.165	94.1525
-13	456.242	0.0206754	435.788	81.7181
-13	615.392	0.960682	-782.756	-678.193
13	553.587	0.312959	-637.849	-621.464
13	517.431	0.837467	-625.721	19.3243
-13	434.785	0.0467176	-91.9584	-252.185
13	509.911	0.114106	-1363.73	518.78
13	2377.72	0.520738	1215.05	-18.4446
-13	431.572	0.709665	493.726	688.477
13	580.726	1.20136	1321.45	476.486
-13	437.413	0.121475	780.093	-811.793
-13	630.994	1.052	-79.5761	614.143
13	466.097	0.696514	-426.896	787.678
-13	541.914	0.231742	977.225	-536.877
-13	425.321	1.21302	327.945	-1179.74
-13	1017.97	1.21806	468.891	1116.71
13	437.693	0.276515	1205.37	1264.31
-13	646.78	0.854726	-999.165	807.239
13	400.008	0.213635	433.63	-502.923
-13	817.868	0.658005	-784.695	-1078.82
-13	468.353	0.464968	-324.221	420.187
13	1329.18	0.291424	619.624	-1488.02
-13	868.508	0.185426	-313.101	-90.4003
-13	578.028	0.137442	-205.866	685.924
13	420.074	0.531673	630.415	-1427.57
-13	549.984	0.130774	1098.4	-1067.64
13	473.37	1.22103	175.315	768.38
-13	450.956	0.659707	-1171.7	1418.66
13	597.864	0.8632	460.215	396.167
-13	522.192	0.984455	72.0236	1367.86
-13	631.72	0.774826	-324.615	926.392
13	739.108	0.477551	598.12	1177.7
13	824.753	1.13734	259.607	-1093.19
13	4739.14	1.0275	1259.67	1217.09
-13	4937.68	0.783778	974.956	1400.19
13	541.35	0.0672748	486.041	-928.637
13	529.602	0.491531	228.175	-524.111
13	914.843	0.183867	1391.45	183.438
13	1253.88	0.269831	1057.58	-1361.5
13	713.885	1.0233	-466.084	78.4696
13	463.447	0.196655	-1305.91	-614.257
-13	457.472	0.719236	-959.105	-939.014
13	513.638	1.01389	905.641	456.656
13	402.448	1.15062	-914.97	402.394
13	436.131	0.0805572	-1342.17	401.164
-13	408.243	0.488561	1044.4	1437.99
13	507.664	0.0997804	429.284	892.212
13	529.44	0.81698	320.826	60.2829
-13	404.908	0.114764	-640.799	569.026
13	728.147	1.13264	948.804	956.623
13	601.769	0.570777	1230.83	1330.17
13	835.592	0.0506731	293.198	-1410.95
13	403.5	0.31193	401.077	1429.36
-13	450.703	0.843	700.338	1230.94
13	477.228	0.871294	-979.654	-1456.91
13	508.538	0.473464	893.496	1095.5
-13	428.933	0.747702	-1125.16	-624.438
13	402.335	1.19155	411.812	-653.862
-13	461.531	0.98658	-660.242	-360.815
-13	444.509	0.773478	-216.761	740.681
13	430.107	0.68849	-625.065	-1010.51
13	519.057	0.47794	-1305.94	-593.362
-13	489.065	0.901443	-743.951	-613.043
13	457.457	1.03099	30.9946	628.286
-13	1232.71	0.163934	734.239	-675.433
-13	624.546	0.834095	-161.901	-170.361
13	431.4	0.317005	6.97079	-457.066
-13	537.766	0.129292	-899.633	-1206.56
-13	488.823	0.910138	314.718	1134.96
-13	490.448	1.13178	1245.36	-1030.95
-13	516.979	0.519137	-407.264	838.686
13	433.071	0.112033	-865.214	-477.673
13	1591.57	1.15872	-436.968	106.985
-13	409.244	0.835071	1356.41	102.692
-13	1133.28	0.326192	172.583	1130.23
13	578.193	0.981779	443.154	718.715
-13	436.487	0.898155	-18.2645	478.729
13	434.904	0.543784	417.374	-613.395
-13	1673.4	1.16562	-1355.56	161.439
-13	646.256	0.495677	426.346	-1209.24
-13	427.271	0.724271	-1087.47	-924.161
-13	563.028	1.17778	363.872	15.8335
13	949.295	0.642697	-254.201	156.599
-13	657.055	0.568113	-598.445	685.461
13	816.494	0.347498	1102.01	-119.514
13	490.092	0.170635	-553.849	169.544
13	1332.37	1.09704	1478.99	-430.098
13	417.61	0.428908	1461.63	1443.1
-13	417.917	0.968874	-566.819	-1132.8
13	427.749	0.99336	-897.242	-730.969
-13	705.79	0.543004	998.632	837.896
-13	843.592	0.826967	-670.76	103.202
13	526.83	0.448024	-419.724	675.599
-13	474.434	0.823204	-470.517	81.7592
-13	733.909	0.453554	-640.419	975.168
13	450.709	0.850073	1171.38	354.959
-13	410.409	1.12533	-1200.42	502.936
-13	593.461	0.676952	454.172	-1150.02
13	424.591	0.703958	522.327	966.124
13	414.149	1.02921	-1441.85	-338.489
13	1417.43	0.561642	1060	-1098.77
13	911.627	0.780809	-1085.44	-293.308
-13	511.97	1.21314	-676.122	-1204.72
13	531.535	0.194205	1188.77	970.676
-13	463.264	0.262712	1412.09	1430.2
-13	441.197	0.21963	-889.472	1045.32
-13	1054.24	0.544985	-1016.75	-1175.09
13	592.477	0.757281	-292.896	-1394.89
-13	545.67	0.0965895	-111.621	-398.17
13	435.301	0.0269723	-1168.89	-1060.98
-13	545.846	0.766854	-316.269	-1191.57
-13	402.265	0.0014627	-915.903	414.239
-13	538.964	0.0196944	351.765	-689.235
13	670.883	0.584826	-1206.62	-932.108
13	431.3	0.585769	-1198.39	438.863
-13	592.291	0.623316	413.503	-295.975
13	578.569	1.02402	-1328.25	329.764
-13	941.595	1.20335	-131.61	-642.363
-13	502.109	0.589267	1059.82	-483.173
13	727.926	0.84252	1474.18	1306.92
13	692.333	1.05653	955.157	-179.52
-13	420.151	1.14054	934.81	-856.433
13	400.295	0.40993	-48.9288	-895.314
-13	422.992	0.903272	254.045	1098.76
-13	550.292	0.48731	-643.761	-546.138
13	522.976	1.17872	943.441	-1394.1
13	524.913	0.00175281	-1485.5	-948.183
13	438.485	1.08812	1070.99	-564.431
-13	406.441	0.927921	1149.1	-409.762
-13	570.25	1.12356	-1054.68	-605.227
-13	935.329	1.15898	1214.63	30.1473
13	440.918	0.134397	948.622	-644.745
-13	436.238	0.846372	1180.89	327.738
-13	430.21	0.640182	1263.73	-660.78
-13	461.723	0.798838	-663.661	25.0651
13	432.718	0.0937557	-672.853	317.03
-13	602.93	0.649707	-136.866	1277.12
13	1096.65	0.0116257	1299.21	-64.2547
-13	424.139	1.00461	272.166	-413.551
-13	565.784	0.853008	-111.483	985.681
-13	535.603	0.539153	-237.947	908.15
-13	726.842	1.07375	1182.59	1063.62
-13	461.004	1.13986	250.958	1498.59
-13	501.573	0.422107	-437.643	167.216
-13	1462.41	0.822454	937.958	811.357
-13	586.011	1.14837	-1130.76	-744.368
-13	444.823	0.786042	-654.281	-363.858
-13	405.816	0.214104	1296.57	-1295.32
13	702.635	0.661685	636.791	-857.449
-13	589.936	0.847141	868.701	-1331.14
13	597.404	0.755656	-141.779	380.406
-13	455.026	0.127513	-1091.79	708.525
-13	456.593	1.05564	496.017	75.0165
-13	3021.92	0.470108	-943.6	1152.14
-13	486.201	0.672187	26.2088	199.532
-13	411.168	1.09822	727.924	1096.45
-13	504.38	0.967289	380.162	-664.876
13	646.529	0.545811	-648.204	986.422
13	644.021	1.05014	-995.991	-461.641
-13	742.554	1.01341	1401.17	789.145
-13	451.641	0.982634	-1416.96	-1169.81
-13	719.057	0.930991	-333.41	-87.5845
-13	469.541	0.348474	689.901	1231.15
-13	474.923	0.0372894	812.175	-956.713
-13	670.385	0.498447	-1482.67	555.322
-13	451.776	0.889733	-35.1464	1274.39
-13	1512.65	0.478301	1068.51	1024.33
13	521.819	0.994793	387.894	-1274.27
-13	558.195	1.01209	266.183	-3.30928
-13	462.422	0.677549	469.529	-29.496
13	435.781	0.608032	288.714	79.8658
13	1212.03	1.11494	1181.86	822.536
-13	539.833	0.212998	-1497.29	-1443.39
13	631.836	0.652929	-544.477	1304.01
-13	522.927	0.64604	433.154	934.049
-13	446.694	0.31075	-227.782	-1399.6
13	1047.74	0.994249	-1028.07	21.8243
-13	846.453	0.670778	-298.753	947.677
13	640.401	1.06234	-123.963	-884.042
-13	450.186	1.11556	-1342.42	-95.1357
13	434.353	1.04683	104.301	-1163.8
-13	505.067	1.18556	-354.593	-783.871
-13	479.923	1.16969	-32.6166	628.297
-13	550.053	0.726664	-843.608	787.599
13	534.543	0.569065	1470.25	-815.607
13	406.727	0.860608	1383.78	284.917
-13	435.222	0.63893	-467.953	1490.99
13	760.025	0.835119	1365.12	-877.971
13	425.896	0.578306	-1037.25	998.841
13	467.938	0.781023	-801.115	-1001.75
-13	443.594	0.25349	-504.526	102.685
-13	534.496	0.523213	-1065.61	-1392.95
13	439.927	1.00669	715.544	959.361
-13	407.893	1.08491	-451.078	-275.97
13	1414.12	0.0834368	1372.24	359.161
-13	509.048	0.0112351	-651.504	247.845
-13	445.203	0.422938	1382.43	761.191
-13	537.094	0.998305	-640.164	-107.035
13	891.75	1.12367	912.487	-647.447
-13	432.092	0.362867	-883.853	-616.23
-13	636.808	0.606705	-754.12	-25.4542
-13	497.554	0.809413	97.2024	71.1059
-13	576.789	0.44727	-801.974	-1282.12
13	520.827	0.519599	426.947	-834.733
13	980.497	0.669824	-669.494	367.968
-13	584.751	0.965494	-642.666	1429.23
13	520.359	0.634056	-378.145	583.17
-13	502.915	0.867946	-334.085	-472.042
13	803.321	0.00551123	819.035	-851.479
-13	1269.93	1.1597	-999.217	-1327.38
-13	421.743	1.10743	240.688	1458.85
-13	601.323	0.93985	1191.97	-1234.76
13	412.433	0.727273	-737.888	-972.304
-13	473.389	0.54405	-621.487	-751.847
-13	591.985	0.998673	853.969	454.876
-13	608.26	0.990059	-1293.81	814.505
-13	402.347	1.19109	-988.236	-1038.14
13	441.111	0.304847	-59.4656	-265.771
-13	766.622	0.437422	-1293.49	-1452.46
13	451.056	0.333418	722.211	-1151.12
-13	2624.45	0.672235	-223.656	1137.03
-13	485.461	0.419626	486.028	826.608
-13	449.316	0.422135	-888.544	-1396.1
-13	501.267	0.579288	-184.55	1173.31
13	638.15	0.571856	-152.281	-767.305
-13	463.708	0.684778	-624.033	-723.172
13	836.279	0.665444	980.745	-194.85
-13	840.881	0.89825	-617.627	324.024
13	532.634	0.0430715	-1012.45	-1131.07
13	537.106	0.371861	394.794	-77.4881
-13	786.643	0.409407	208.456	989.247
-13	1060.79	0.785422	-840.597	-832.824
-13	408.054	1.10155	394.153	-1135.93
13	642.885	0.660746	828.052	697.722
-13	673.735	0.683735	1118.19	-344.08
13	828.003	0.0761321	927.072	-361.63
-13	604.005	0.976191	517.802	399.224
-13	451.24	0.327539	232.267	1152.71
13	588.799	1.1439	546.072	825.482
-13	519.23	1.19069	-677.047	479.58
-13	798.705	1.21504	-455.818	476.768
-13	411.824	0.117235	-216.183	21.3596
-13	1474.86	0.622626	757.297	-682.86
-13	494.302	0.406826	-1032.07	-333.997
13	788.947	1.18662	863.646	842.978
13	3509.27	0.524742	765.83	-1151.17
-13	854.701	0.443462	-1403.23	1325.41
13	1621.35	0.838569	1361.05	-672.727
13	465.912	0.454378	540.537	877.983
-13	768.116	0.098765	-656.852	-1173.82
13	438.556	0.702581	602.472	-1191.34
13	576.938	0.923511	-215.241	20.5944
-13	411.192	0.309586	-849.474	-676.569
-13	430.751	0.608886	166.308	-508.864
-13	407.917	1.12293	814.989	203.555
-13	479.835	0.852997	753.665	510.865
13	526.714	1.17536	-1485.14	-644.957
-13	540.803	1.07541	1036.54	800.683
-13	3706.17	1.07096	-804.599	-589.809
13	678.31	0.490551	-9.08376	-1498.76
-13	627.055	0.0409499	505.078	-564.762
13	474.929	0.739332	416.624	-390.238
13	400.932	0.784547	121.788	-803.706
-13	402.642	0.466618	60.0958	-368.358
13	457.42	1.00211	-1411.68	314.046
-13	417.665	1.08135	121.923	643.474
-13	421.481	0.661736	1038.86	500.437
-13	679.99	0.796082	44.4288	560.741
13	554.113	0.260961	858.765	96.6884
-13	422.569	0.88766	593.424	575.258
-13	481.649	0.536542	1400.22	72.4289
-13	468.087	0.832051	-1076.81	809.043
13	468.014	0.802857	-733.039	-1062.97
-13	770.326	0.982821	599.995	-561.774
-13	470.149	0.877045	-72.7547	-548.795
-13	724.504	0.795556	-1448.11	788.275
-13	452.876	0.86151	343.646	1350.01
13	727.892	0.130579	1115.96	702.267
-13	975.62	0.395396	420.538	1352.14
-13	1023.54	0.417465	1195.13	949.721
-13	496.521	0.227052	1124.94	-579.46
-13	966.864	0.313546	749.157	-1099.81
13	5461.31	0.834841	521.825	-1065.4
13	1124.97	0.721521	-1280.25	752.897
13	478.692	0.993863	1377.47	-404.903
-13	565.294	0.921806	1290.89	-1332.2
13	501.274	0.18892	-1467.44	-161.088
-13	516.106	0.624568	1491.45	1232.49
-13	493.862	0.222896	-1047.46	-1220.27
13	906.983	0.650245	1355.5	1428.73
-13	502.5	0.425032	891.576	-1078.63
-13	507.632	0.531205	-1321.2	-823.014
13	1177.05	1.00864	-329.834	216.571
-13	444.591	0.232415	821.997	-702.613
13	654.544	0.780454	699.009	-282.554
13	698.912	0.956057	-275.378	-739.14
-13	1053.26	0.671399	-1045.29	705.111
13	407.018	0.151837	1379.72	1136.19
-13	557.904	0.238074	151.419	894.755
-13	550.729	0.984032	957.723	1070.03
-13	439.873	1.08045	1229.03	994.81
13	525.975	0.697199	-938.545	-1318.87
-13	564.957	0.499902	-566.928	450.218
-13	457.516	1.04214	-1184.74	-381.932
13	692.743	0.523469	-1258.9	1219.19
-13	485.652	1.00845	-730.612	535.154
-13	506.726	1.01686	1021.15	-88.2374
13	496.269	0.358927	-115.703	402.843
13	427.108	0.853252	-703.73	-1220.69
13	664.693	0.780349	-122.679	-45.0787
13	511.359	0.55201	-612.252	-631.309
-13	639.59	1.04821	393.541	-1453.56
13	435.223	0.454147	-11.2111	844.253
-13	762.042	0.654805	-809.543	-456.018
-13	422.479	0.495291	626.68	-386.751
-13	518.885	0.641258	-304.231	-929.295
-13	606.865	1.01536	1073.06	-14.6274
13	553.973	0.704389	-1169.62	-1336.11
13	576.65	1.11409	-741.566	-39.7824
13	995.218	0.421479	469.454	348.973
13	685.908	0.849314	-615.487	-1415.47
13	421.471	0.94387	276.073	852.162
-13	1392.69	1.1392	844.191	-465.283
13	433.661	0.372448	-381.25	-1423.07
13	499.569	1.1053	-329.694	569.971
13	460.119	0.659435	-1491.74	1224.86
-13	426.985	1.03156	709.716	467.339
13	427.464	0.160057	-1185.45	449.815
13	404.609	1.01512	-1123.02	467.056
-13	712.825	0.814408	-293.975	88.1112
-13	425.745	0.0288054	-951.786	-1120.83
13	745.162	1.14848	-1483.98	1298.79
-13	638.503	0.511628	-1320.57	-1255.71
-13	415.176	0.603258	-213.999	526.142
-13	476.091	1.01998	-970.657	1258.17
13	527.017	0.286539	-28.2112	1076.15
-13	414.416	0.399904	1150.3	936.934
-13	665.724	0.109877	-706.165	-222.787
-13	488.228	0.498878	-1311.77	76.9283
13	439.536	0.59012	1151.7	-950.029
-13	650.369	1.18979	820.015	379.3
13	872.47	1.04187	19.0546	-913.182
-13	1318.08	0.208436	1229.68	-1447.03
-13	455.438	0.558903	-1315.25	1353.96
13	568.767	0.37695	-881.208	1401.82
13	421.577	0.814138	1475.88	1070.83
13	501.228	0.259097	-1411.58	1232.18
-13	576.516	0.109245	-1255.4	1133.02
13	557.55	0.469566	1115.08	-544.884
-13	685.87	0.670641	142.837	1458.43
-13	464.214	0.693777	-945.135	-1458.78
-13	451.569	0.254067	-422.651	1487.39
13	589.162	0.827192	394.571	159.402
13	1503.51	0.376073	1319.8	-47.405
-13	452.362	1.19994	-130.13	-339.24
13	414.171	0.756823	1161.84	1484.48
-13	402.481	0.647453	-1401.98	-1026.77
-13	635.721	1.14137	-829.603	-978.195
13	734.321	0.235857	1119.5	729.365
13	540.012	0.6161	-361.841	-998.408
-13	927.841	1.12772	-1236.84	-945.941
13	694.422	0.864841	-979.462	-80.182
-13	630.433	0.91273	-769.388	-369.778
-13	587.034	0.791421	1195.48	-242.407
-13	407.136	0.182902	-610.791	-154.687
13	607.403	0.694193	-39.621	-569.18
-13	535.918	0.647949	-582.929	-1009.54
-13	544.511	0.966355	383.516	438.195
-13	410.582	1.07697	654.031	529.18
13	974.941	1.21992	-191.039	1171.96
-13	783.607	0.000431424	-967.942	956.627
-13	728.071	1.00497	-1042.83	277.667
-13	421.26	0.17888	470.624	-638.279
13	468.418	1.00891	-1331.67	693.145
13	835.746	0.957683	-1334.15	-609.121
-13	613.092	0.795787	350.768	-1158.82
-13	1219.99	0.109138	1350.57	577.043
-13	495.213	0.826662	14.5948	310.938
13	423.4	0.0826447	-1165.68	201.375
13	620.306	1.17583	-533.287	-183.179
-13	1028.09	1.15874	919.157	427.754
13	517.709	1.02951	442.851	-1061.89
-13	715.88	0.689957	-884.052	-1086.53
13	452.585	0.888267	801.993	661.932
13	467.093	0.850931	-231.431	-1275.23
13	607.866	0.451439	1343.72	230.585
13	512.999	1.18534	-293.009	1019.77
13	480.065	1.04597	-214.512	1240.52
13	416.288	0.499868	1028.32	1289.63
-13	468.202	1.12059	984.529	-258.369
-13	457.842	0.199956	-744.54	-201.682
-13	433.042	0.847252	898.592	-484.6
-13	525.949	0.606885	-697.968	131.696
13	493.772	0.561333	-207.624	-430.12
13	846.401	0.232045	-384.684	-1356.37
-13	403.978	0.127579	-250.664	-231.838
-13	565.378	0.378278	121.577	-609.157
-13	418.149	0.280935	494.629	653.94
-13	1109.43	0.642525	-132.999	-84.15
-13	689.157	0.307738	-1497.02	968.208
-13	602.809	1.02469	-168.938	893.716
13	412.697	0.468991	933.361	271.753
13	481.75	0.567932	213.304	182.942
-13	461.015	0.350892	1122.49	1169.65
13	508.685	0.331309	470.252	825.25
13	1431.52	0.130374	821.273	921.486
-13	421.588	0.421488	1484.77	-237.524
-13	761.68	0.0575132	1246.1	-193.981
-13	688.52	0.0474792	-1264.4	323.433
13	406.263	0.232967	1025.93	863.673
-13	472.232	0.885205	-1103.23	1114.85
13	551.036	1.12099	1398.7	1241.74
-13	1033.46	0.0675176	-1000.8	-1338.38
-13	675.287	1.18314	-151.7	-1403.99
13	530.514	0.729865	17.8548	-437.793
-13	1080.96	0.929407	936.808	-1176.54
-13	1742.95	1.14872	-624.574	775.161
13	406.279	0.754366	-485.141	-420.119
-13	1865.53	0.612252	657.746	-933.435
-13	586.139	1.11433	-599.976	-112.389
-13	821.997	0.615211	-962.607	203.464
-13	446.967	0.311822	-59.0714	128.381
-13	650.178	1.02675	-841.184	543.708
13	1503.02	0.57547	1346.15	-777.2
-13	605.378	0.374757	-35.6605	539.644
-13	716.071	0.433104	547.207	-1402.81
13	448.51	0.958781	1281.55	-627.767
-13	443.543	1.03446	512.645	-532.753
-13	549.061	0.953339	708.557	444.374
13	489.637	1.14076	-1410.46	126.289
-13	702.87	1.02538	-655.486	-1090.26
13	571.817	1.09291	803.518	741.299
13	4074.55	0.79585	-508.653	1346.67
-13	827.782	0.729817	-139.933	281.33
-13	533.697	0.407014	-838.038	622.897
-13	409.681	1.18853	359.283	1251.7
13	786.5	0.786166	-147.369	1344.2
13	551.642	0.442887	-925.931	357.328
-13	857.231	1.01087	225.162	-1090.9
-13	652.815	0.575593	-720.846	151.762
-13	479.907	1.18304	625.635	748.752
13	553.801	0.422243	1330.78	1438.22
13	561.997	0.358437	631.886	-1372.14
13	479.506	1.02809	745.928	-1091.58
-13	465.381	1.08644	1115.17	912.093
13	1161.5	0.554487	539.125	108.817
13	929.08	1.15982	993.86	421.395
-13	520.03	0.958987	442.737	38.0197
-13	503.348	0.0319098	595.694	-850.043
-13	488.99	0.563364	1392.2	-1156.13
13	423.741	0.566749	451.888	300.662
13	586.355	0.934981	1260.25	-1050.16
13	900.389	0.746853	-294.634	475.664
13	967.393	0.724038	1387.09	-540.716
13	497.938	0.314544	-1245.61	-1031.55
-13	604.05	0.204923	-1312.4	759.581
-13	586.343	1.0296	140.125	991.879
-13	554.766	0.457973	-1309.51	-197.988
-13	830.476	1.0335	-1056.07	-147.437
13	552.549	0.913161	-242.409	-704.854
-13	432.62	0.227056	-970.457	317.661
-13	654.248	0.0171445	1443.42	698.981
-13	459.138	0.948513	-822.003	462.283
-13	865.718	0.497599	389.221	-1123.17
-13	825.207	0.198198	-142.179	1187.81
13	619.53	1.03431	-562.672	399.857
13	444.673	0.0648856	519.759	884.433
13	530.26	0.299136	170.177	698.885
-13	435.266	1.0739	1031.95	-8.79071
-13	696.657	0.429897	288.765	-324.041
-13	641.024	1.09407	828.485	-732.558
-13	529.14	0.255524	-854.624	349.603
13	449.896	0.287207	222.543	1294.67
13	448.999	1.09615	1172.23	695.685
-13	943.866	0.652364	-836.098	240.66
-13	417.78	0.669969	115.672	887.708
-13	465.812	0.647806	1413.44	942.254
-13	1417.57	1.12974	310.374	-1311.16
-13	907.735	1.04225	-1095.12	-2.02673
-13	490.296	0.405833	-309.167	-742.152
13	469.837	0.997404	1430.93	-385.958
-13	574.333	0.984425	-640.867	-1076.67
-13	413.723	0.807192	59.0069	-109.404
-13	505.536	1.19395	-1089.07	113.032
-13	1346.06	0.529169	737.322	1315.66
-13	842.804	1.11279	921.854	-657.875
-13	432.794	0.33512	-1232.31	584.455
13	416.663	0.384226	-883.083	700.064
13	521.199	0.404966	694.796	140.581
-13	483.775	0.797562	-521.115	-428.86
-13	732.828	1.14864	-258.831	101.332
13	462.994	0.183682	878.684	-37.8691
13	698.388	0.492643	-1251.81	448.666
-13	432.64	0.661999	-1390.4	-606.303
-13	607.493	0.682286	-663.381	-685.288
-13	543.6	0.805296	-314.473	996.336
13	451.946	0.779555	1275.76	566.525
-13	1200.8	0.334852	177.818	-1210.15
-13	599.606	1.17753	-467.197	150.175
-13	457.076	0.961424	-519.687	-577.025
13	892.228	0.370484	-1456.86	-1228.21
13	593.201	0.869767	-888.618	-201.132
-13	583.609	0.519691	-13.3542	552.054
13	1996.79	0.409789	484.345	-1155.86
-13	502.309	0.908744	1388.03	-634.999
-13	682.866	0.950808	1433.66	-96.6145
13	565.671	0.681448	1153.47	-1004.02
-13	482.388	0.474789	808.265	1337.46
-13	558.192	1.01575	1039.87	-799.603
-13	1392.6	0.619915	1296.64	-500.813
-13	713.878	0.0699455	81.7943	1456.57
13	861.447	0.121761	634.855	1130.99
-13	641.76	0.209455	124.708	592.764
13	924.698	1.18754	-700.175	-1360
-13	1272.6	1.14439	-1489.95	-949.136
13	419.13	0.518022	-1116.21	-654.878
-13	437.543	0.250646	249.203	871.457
13	435.554	0.0692959	293.379	-419.351
-13	1571.75	0.33872	-420.576	280.432
13	2049.28	0.737412	-472.854	246.478
13	891.288	0.528085	1084.3	-556.278
-13	432.758	0.313953	769.108	-809.849
13	423.856	0.980679	-250.129	-86.1532
-13	430.802	0.660548	-683.216	-964.025
-13	563.974	0.203789	-984.263	-1019.64
-13	407.494	0.126516	-1328.62	630.511
13	596.657	0.172424	167.039	-1120.48
13	564.221	0.362567	-267.917	1157.9
-13	679.044	0.538549	1043.26	-461.937
-13	635.847	0.824864	-1062.1	-939.173
13	448.176	0.312028	-1315.03	-186.568
13	433.451	1.08285	-169.114	-435.223
-13	738.722	1.15688	673.044	631.76
13	448.158	0.652914	-482.883	305.58
-13	529.533	0.531952	996.4	582.34
13	444.814	0.878231	-99.6422	-1289.57
13	471.064	0.0806098	-459.149	-1192.07
-13	594.268	0.902587	-259.768	1421.99
13	424.181	1.04654	-1324.6	382.276
13	472.393	0.127346	1468.84	-921.078
13	444.695	0.488713	429.526	1330.16
13	967.135	0.0450855	1126.31	837.029
13	1017.68	0.933557	-1339.51	-874.595
-13	561.579	1.21794	825.165	-1360.45
-13	1022.74	0.0929266	874.475	-1166.11
-13	515.786	1.20807	-1120.89	48.8217
-13	476.467	1.06696	577.221	-1381.81
-13	513.133	1.14058	-1336.44	-446.184
13	414.575	0.809146	-887.068	1367.61
13	1081.57	0.233801	-93.69	-428.293
13	420.146	0.814578	-1366.47	-481.667
-13	483.605	0.369187	883.116	672.51
-13	549.329	0.0150377	-170.282	341.872
-13	569.99	1.08462	-608.999	-1354.36
13	550.647	0.684295	129.657	101.14
-13	1339.22	1.20276	-1426.3	616.543
13	617.974	0.878788	-1234.24	827.331
-13	682.621	0.671543	412.255	957.597
13	535.724	0.56009	1422.38	736.122
-13	455.455	0.711123	-1089.97	-1421.96
13	1405.7	1.09636	243.043	-1477.01
-13	600.018	0.930646	-407.041	1189.67
13	427.666	0.922658	-299.365	-353.231
-13	504.64	0.710346	607.531	492.845
-13	573.258	0.758799	1267.15	-667.414
-13	658.497	0.770504	199.884	1256.1
-13	535.549	0.632245	-863.362	-817.735
-13	432.336	0.84365	-920.704	-562.476
13	446.132	1.13967	10.8839	1347.94
13	513.128	1.04776	-969.158	-481.724
-13	517.685	0.00917982	-450.033	-238.404
13	670.292	0.312757	-1392.93	-231.631
-13	478.257	0.0643662	1264.61	688.444
-13	479.617	1.13183	38.2494	325.27
13	572.491	0.727099	913.57	-1408.94
13	1080.54	0.0700039	14.6038	793.929
13	493.411	1.2117	1338.61	1080.78
13	940.471	1.21927	14.2151	111.379
13	441.783	1.10324	204.35	-417.069
-13	793.798	1.07854	1223.97	550.295
13	984.162	0.797927	229.164	936.51
-13	489.06	1.20576	-70.0602	-793.079
-13	1452.34	1.06376	1301.08	647.049
-13	450.491	0.939945	-1221.91	798.815
-13	601.486	0.849536	44.2228	-1435.79
13	1797.9	0.0857994	530.524	576.334
13	1244.64	0.682076	-688.364	711.302
-13	1304.6	0.606371	169.196	206.291
-13	546.151	1.09562	-309.87	375.32
13	598.371	0.625788	517.213	142.113
-13	405.024	0.308144	-920.015	-1138.94
-13	547.665	0.19442	-485.037	826.564
-13	451.171	1.10185	262.098	-734.192
13	559.278	1.18969	-329.998	192.559
-13	488.809	1.07208	1183.53	-841.164
-13	615.411	0.275454	-1113.73	-1018.19
-13	808.255	1.14838	1460.11	-439.163
-13	406.718	0.0552603	-1069.38	-54.7575
13	647.556	0.523294	-235.078	-167.895
-13	491.075	0.629242	1383.33	598.417
13	442.084	0.345768	16.5794	-156.572
13	456.197	0.926885	1223.39	-1192.16
-13	451.402	0.39576	218.388	217.78
13	503.201	0.883617	843.931	-1456.13
-13	659.641	1.16508	-421.107	527.382
13	552.619	0.0253866	-547.337	-252.545
-13	586.396	0.936811	-964.77	1105.78
-13	772.757	0.330072	-241.379	-576.029
-13	599.164	0.61629	591.099	1475.3
13	3009.84	1.12333	-1071.32	-715.758
13	548.779	0.0352105	1495.3	1096.17
-13	514.071	1.1814	-45.0553	1097.16
-13	474.114	0.000598432	877.57	794.759
-13	475.012	0.923211	625.2	1036.23
-13	601.017	0.99836	-712.286	-607.803
13	520.711	0.472843	-78.6152	-56.7333
-13	559.434	0.938893	-595.474	-1347.75
-13	643.145	0.964778	-153.673	-453.382
-13	446.097	0.309338	-967.489	-922.393
13	640.823	1.05006	-618.338	-800.699
-13	744.632	1.19802	154.512	866.536
-13	542.118	0.225641	-635.327	286.585
13	528.863	0.12766	-969.527	251.264
-13	411.106	0.901326	1101.17	-530.591
-13	437.647	1.13684	-356.939	-632.499
13	462.719	0.378913	1364.33	986.122
-13	468.398	1.19828	-235.671	357.738
13	510.67	1.19687	1378.23	111.429
-13	549.732	0.622446	-297.969	663.416
13	451.388	0.250923	1019.26	577.628
-13	408.995	0.65893	846.17	-516.291
-13	1900.85	0.0554677	831.782	621.653
-13	657.886	1.00862	909.065	271.484
-13	484.63	0.839525	839.441	1159.87
-13	475.684	0.740473	-144.154	-377.134
-13	1716.64	0.756199	539.204	1453.69
-13	740.44	1.12976	222.761	1334.5
13	660.5	1.177	1052.95	-211.532
-13	1174.12	0.404937	548.979	68.932
-13	425.895	0.0766671	489.933	-417.2
-13	647.166	0.412882	1419.24	961.653
-13	510.31	0.686958	-1137.44	-892.873
-13	480.673	0.281844	-1226.9	209.684
13	519.094	0.255945	-1003.61	969.28
13	498.547	0.896442	-1120.13	-337.311
13	504.539	0.775809	457.129	608.067
-13	1115.27	0.534669	458.496	921.957
13	410.084	0.785239	-674.411	-704.566
-13	1582.36	0.0308113	260.205	-692.162
-13	545.376	1.21549	492.263	996.38
-13	463.324	0.0858155	-360.251	1345.88
-13	905.487	0.0531412	-306.116	-1055.4
-13	1046.44	1.11937	-1326.64	-1019.78
-13	1821.87	0.420548	472.746	-382.514
13	469.84	0.359701	904.472	-1049.21
13	526.951	0.22155	1066.84	1297.72
-13	568.332	1.01934	442.48	-355.395
-13	1643.26	0.944283	835.51	-1399.78
-13	793.683	0.148626	185.386	-1335.24
13	690.526	0.943563	836.359	113.735
13	824.019	0.544381	-1427.55	-669.854
13	554.507	0.485668	-925.422	1268.27
13	458.592	1.10162	-356.559	1368.52
-13	422.961	1.11899	454.28	1404.71
-13	451.776	1.04104	-6.55258	1390.49
13	560.607	1.1807	344.97	704.433
-13	896.733	0.650089	-852.522	669.705
13	541.397	0.507556	1227.85	-604.663
-13	404.899	0.460002	105.048	-898.745
13	444.99	0.41881	149.936	270.957
-13	437.015	0.182422	-957.861	-40.7365
-13	403.757	1.03014	-1475.35	822.361
13	1232.17	0.848813	-1428.81	-224.976
-13	577.429	1.18299	-1336.04	-59.5097
-13	828.174	1.03399	-142.158	-854.495
13	403.218	0.056913	-1376.56	-715.592
-13	742.435	0.665649	-942.588	1124.93
-13	529.364	1.06477	510.89	-130.344
13	404.676	0.33246	170.582	-1396.43
-13	513.153	0.763981	-874.592	343.535
-13	500.21	0.0928477	-152.477	943.775
13	550.494	0.734904	930.672	-24.4705
13	997.974	0.526239	964.615	-249.7
-13	426.243	0.552964	1475.16	-432.095
-13	405.616	1.18978	-191.375	839.118
13	477.328	0.281471	-392.538	723.847
-13	1210.96	0.460283	-72.4781	-1206.78
-13	542.991	0.421095	751.052	-1383.9
13	515.234	0.543311	1136.42	-640.489
-13	4931.31	1.09611	363.705	-1449.93
13	549.688	1.19709	-1209.93	1171.37
13	639.776	0.0955479	-500.122	1410.25
13	458.768	0.949004	556.6	-915.323
-13	474.298	0.0889545	181.287	-29.898
-13	420.333	1.04609	1411.92	-1483.4
13	491.15	0.263331	767.041	870.891
-13	2061.37	0.604312	-396.821	595.746
-13	990.349	0.3721	-350.303	-1028.74
13	446.059	0.475683	-255.262	384.23
-13	793.671	0.657229	894.834	1439.71
-13	462.24	0.450724	-414.837	38.4413
-13	636.452	0.258341	-550.892	-162.62
-13	477.265	0.651225	740.933	671.947
-13	472.854	1.14895	-78.3556	1309.68
-13	517.47	0.880724	-84.2785	-1390.33
-13	458.803	0.265855	-323.316	1053.64
-13	744.911	0.724437	666.844	433.728
13	492.255	0.554034	309.748	-182.455
13	929.711	1.01752	1325.42	-423.262
-13	495.046	0.552498	-96.7677	737.766
-13	730.762	1.00258	-461.22	907.285
-13	411.613	0.963193	-29.2943	-279.821
13	481.411	1.12575	-799.953	-761.998
13	661.567	1.18824	-891.426	1152.24
-13	535.758	1.13149	-993.882	639.581
13	624.297	0.458149	-992.084	1424.8
13	1196.76	1.18503	212.737	364.888
-13	570.995	1.1023	834.633	1256.96
13	795.461	1.18469	244.879	211.98
13	710.815	1.08343	-73.8502	-1328.29
-13	428.69	0.848951	415.076	215.082
13	502.503	0.933595	-1029.76	-60.0397
-13	554.723	0.380877	839.511	-308.911
13	425.451	0.616405	1114.41	928.491
13	405.51	0.164668	-1365.14	336.613
13	661.786	0.521754	715.91	1004.33
-13	531.874	0.255952	-1041.53	171.104
-13	776.241	0.293316	-2.81278	358.13
-13	525.851	0.142588	-1326.25	-186.427
13	471.256	0.393628	-1448.83	77.1432
13	488.05	0.992147	-969.796	534.584
-13	783.813	1.04629	807.308	-906.43
13	572.177	0.652571	-716.168	768.02
13	513.829	0.126958	237.249	-79.9047
-13	967.168	1.19102	-768.968	-333.305
13	840.261	0.838873	-441.978	-665.755
-13	413.409	1.08295	-589.666	-1434.9
13	447.111	0.710742	-397.63	-956.693
13	535.324	0.127542	-1470.88	635.27
-13	562.054	0.0788954	332.243	-461.593
13	432.095	0.0594949	-445.618	290.544
-13	472.392	0.41942	683.136	823.244
-13	485.863	0.870552	-1309.37	-1235.2
13	440.976	0.721393	425.491	-259.368
-13	4632.08	0.925772	-749.116	-801.494
-13	455.752	0.870665	-1021.51	37.6518
13	444.482	1.00174	-227.492	762.906
13	485.62	0.493364	-968.625	1097.72
13	884.635	0.434058	-1270.56	480.364
13	539.107	0.832015	989.355	-158.559
13	415.019	0.157308	216.902	654.327
-13	1079.73	0.96637	451.485	-1041.55
13	436.64	1.15757	70.9937	-34.2729
-13	704.167	0.524944	325.432	-1057.55
-13	414.697	0.746815	-1204.53	59.8285
13	460.565	0.543532	1423.04	-286.083
13	512.297	0.102725	-1412.24	1101.79
13	820.427	1.20179	115.416	-833.538
13	567.239	0.896687	-1164.64	796.562
-13	765.177	0.929274	9.02645	-1190.84
13	464.285	0.387308	-1275.74	463.184
13	471.899	0.434217	789.3	-1261.6
-13	1102.03	0.738728	192.215	-1043.55
13	516.125	0.834941	-0.558391	-9.78297
13	405.538	0.50671	766.762	-1257.81
-13	602.798	0.718519	-1325.72	933.224
13	660.059	0.396456	-480.29	209.999
13	411.186	0.999004	-570.531	-1347.82
-13	440.457	1.08745	1259.95	291.456
13	1121.35	0.127774	136.761	1378.3
13	543.622	0.520469	-853.734	-599.009
-13	547.533	0.168283	-1417.37	-1435.62
13	1916.93	1.04955	1248.12	787.717
13	499.717	0.896957	-256.894	-469.479
-13	456.022	0.360627	-247.758	427.235
13	456.334	0.223654	390.74	13.6012
-13	574.946	0.748888	-1117.43	-470.55
13	466.066	0.989517	171.458	-1006.73
-13	481.218	0.669157	788.599	674.27
-13	681.296	0.604771	-89.2412	640.989
13	598.252	0.158088	498.696	-53.7039
13	404.111	0.764054	-512.369	1452.57
-13	1615.3	0.754295	1393.39	-923.798
13	462.616	1.09063	-1401.74	799.557
-13	634.176	1.22016	-264.015	-279.573
-13	9514.51	0.631091	-109.965	248.315
13	693.709	1.06265	-144.2	-1055.12
-13	492.861	1.05465	1149.56	884.656
13	555.736	0.780073	290.334	-515.379
13	404.51	0.495314	1254.37	-1268.87
13	746.682	0.724542	-992.848	-871.995
13	403.434	0.59254	-348.448	229.956
-13	856.425	0.945118	-1031.03	-172.264
-13	451.946	1.03071	-163.966	241.294
-13	471.956	0.541112	-910.872	226.595
13	711.074	0.0790474	1177.91	-1295.19
13	484.578	0.0577561	846.321	22.9551
-13	531.698	0.340312	-118.879	210.49
-13	749.756	0.691095	671.796	-1041.85
13	695.918	0.594007	-809.114	-406.316
13	432.692	0.332732	-824.129	-720.034
13	433.325	0.953065	-814.142	951.257
-13	432.66	0.542907	945.292	6.358
13	466.115	1.21383	1255.74	660.522
-13	1509.99	1.1684	173.422	-86.6996
-13	414.113	0.88908	1411.71	-822.962
-13	693.806	1.10566	-55.0987	-764.715
-13	1047.05	0.0097314	-1207.29	554.966
-13	484.856	0.149271	524.036	-332.997
-13	1925.49	1.20594	896.301	439.327
-13	484.217	0.693279	1028.08	434.81
13	717.749	1.0211	-1153.67	452.197
-13	604.92	0.697551	507.004	442.459
13	558.407	0.560363	-477.511	-1201.02
-13	496.346	0.616774	-908.581	356.004
-13	2939.46	0.571651	-323.041	1195.71
13	451.718	1.12652	203.208	-928.063
-13	1453.76	0.937829	699.297	1246.31
-13	683.278	1.22003	-1397.36	-247.097
-13	3489.11	0.0926286	1373.64	1038.42
-13	748.826	0.857136	1484.21	-502.429
-13	842.804	1.11279	921.854	-657.875
-13	432.794	0.33512	-1232.31	584.455
13	416.663	0.384226	-883.083	700.064
13	521.199	0.404966	694.796	140.581
-13	483.775	0.797562	-521.115	-428.86
-13	732.828	1.14864	-258.831	101.332
13	462.994	0.183682	878.684	-37.8691
13	698.388	0.492643	-1251.81	448.666
-13	432.64	0.661999	-1390.4	-606.303
-13	607.493	0.682286	-663.381	-685.288
-13	543.6	0.805296	-314.473	996.336
13	451.946	0.779555	1275.76	566.525
-13	1200.8	0.334852	177.818	-1210.15
-13	599.606	1.17753	-467.197	150.175
-13	457.076	0.961424	-519.687	-577.025
13	892.228	0.370484	-1456.86	-1228.21
13	593.201	0.869767	-888.618	-201.132
-13	583.609	0.519691	-13.3542	552.054
13	1996.79	0.409789	484.345	-1155.86
-13	502.309	0.908744	1388.03	-634.999
-13	682.866	0.950808	1433.66	-96.6145
13	565.671	0.681448	1153.47	-1004.02
-13	482.388	0.474789	808.265	1337.46
-13	558.192	1.01575	1039.87	-799.603
-13	1392.6	0.619915	1296.64	-500.813
-13	713.878	0.0699455	81.7943	1456.57
13	861.447	0.121761	634.855	1130.99
-13	641.76	0.209455	124.708	592.764
13	924.698	1.18754	-700.175	-1360
-13	1272.6	1.14439	-1489.95	-949.136
13	419.13	0.518022	-1116.21	-654.878
-13	437.543	0.250646	249.203	871.457
13	435.554	0.0692959	293.379	-419.351
-13	1571.75	0.33872	-420.576	280.432
13	2049.28	0.737412	-472.854	246.478
13	891.288	0.528085	1084.3	-556.278
-13	432.758	0.313953	769.108	-809.849
13	423.856	0.980679	-250.129	-86.1532
-13	430.802	0.660548	-683.216	-964.025
-13	563.974	0.203789	-984.263	-1019.64
-13	407.494	0.126516	-1328.62	630.511
13	596.657	0.172424	167.039	-1120.48
13	564.221	0.362567	-267.917	1157.9
-13	679.044	0.538549	1043.26	-461.937
-13	635.847	0.824864	-1062.1	-939.173
13	448.176	0.312028	-1315.03	-186.568
13	433.451	1.08285	-169.114	-435.223
-13	738.722	1.15688	673.044	631.76
13	448.158	0.652914	-482.883	305.58
13	411.527	0.0497066	-1490.07	106.386
-13	641.144	0.956622	1186.92	136.873
13	459.451	0.705698	120.304	254.757
-13	495.164	0.714996	1026.37	365.466
13	2030.97	0.151612	2.74178	317.148
-13	423.897	0.775399	787.388	-1337.2
13	472.485	0.285859	-1391.44	473.592
-13	485.86	0.684891	33.5112	-1296.05
-13	752.928	0.926711	-377.774	-1020.17
13	969.388	1.12691	-37.328	-1416.59
-13	426.978	0.550409	1044.36	-1198.32
13	619.159	0.51531	1211.93	1270.55
13	460.118	0.101961	-622.255	-1048.43
13	610.716	1.09236	16.2565	-233.641
13	444.563	0.68004	-1087.48	701.657
13	788.557	1.22122	-1288.27	675.328
-13	464.128	0.441977	-1290.47	-480.396
13	582.482	1.199	-221.626	-646.051
-13	450.51	0.0408501	595.574	-278.742
13	803.82	0.118505	110.212	467.368
13	835.365	0.44506	47.6895	-852.153
13	452.028	0.22034	-897.558	1080.45
13	513.779	0.575807	220.49	742.053
-13	427.679	0.739183	1236.9	-516.538
-13	527.941	0.796386	-1258.14	-536.015
-13	517.055	0.297322	1137.25	365.85
-13	634.528	0.832056	-1001.85	-581.902
-13	417.86	0.509894	-1387.23	201.539
13	613.465	0.96926	-1143.49	-1125.79
-13	408.825	0.74022	-1122.63	-748.179
13	544.093	0.954606	-97.5419	-1347.44
13	510.027	0.495347	372.802	-221.455
13	1129.88	1.13588	-658.858	1255.44
-13	537.878	0.968806	1381.05	-1364.13
-13	417.763	0.770325	499.2	352.518
-13	585.978	0.0923157	-1195.98	-1335.52
-13	502.776	0.172477	1138.52	-801.652
-13	433.762	0.370876	1115.43	-873.348
-13	1087.14	1.01431	-1330.96	-724.667
-13	427.293	1.09329	-886.628	-1180.07
-13	705.669	0.693366	1053.2	-1459.31
13	1027.42	0.335787	-1127.96	179.843
-13	557.668	1.05004	934.98	-267.01
13	519.02	1.13319	-1337.86	37.8242
-13	542.674	0.644469	830.067	939.625
13	408.397	1.05987	-541.701	913.107
-13	656.997	0.41984	-1094.41	-937.844
13	617.836	0.420667	-121.439	-671.239
-13	588.571	1.15767	-967.99	-1161.9
13	585.885	0.2023	1003.97	-754.743
-13	420.692	0.346657	910.02	1104.55
-13	654.476	1.09912	1494.99	1406.83
-13	894.146	1.1353	-374.169	-967.362
-13	1370.76	0.595387	809.672	-920.144
-13	701.177	0.653975	-1392.18	352.893
-13	588.362	0.423435	-759.168	-184.152
-13	704.435	0.949694	356.409	-612.81
13	431.191	0.605507	-1196.04	643.812
-13	406.969	1.08631	-909.517	43.4328
13	430.965	0.853484	-122.475	-967.865
-13	668.578	1.17076	1233.79	1179.34
13	812.255	1.00019	1300.81	-832.747
-13	856.749	0.572537	657.958	-860.549
-13	407.578	0.763176	-1297.86	-768.733
13	429.548	1.09788	468.946	-1455.41
-13	500.312	0.0605659	-1287.37	-863.224
13	586.247	0.378056	337.527	-1236.81
-13	447.703	0.377175	275.966	-1216.21
-13	471.493	0.542056	461.308	-704.364
13	468.932	0.867111	-1432.88	1340.4
13	444.573	0.784647	-407.522	924.848
-13	623.492	0.399178	-784.823	-77.0352
13	400.112	0.27365	550.293	-1206.44
-13	434.789	0.715472	913.429	-1249.05
-13	426.066	0.596131	-302.74	-1387.32
13	480.436	1.18439	-447.87	1367.77
13	497.596	1.19876	-179.574	494.4
-13	572.057	0.799283	-1278.68	-357.606
-13	427.578	0.566583	264.076	-1037.12
13	490.427	0.489058	612.328	913.362
-13	675.868	0.701408	-266.202	-1188.88
-13	420.094	0.662004	-1167.71	367.914
-13	506.345	0.856926	1345.24	-1405.27
13	653.067	0.61414	1278.37	1133.66
-13	793.378	0.83817	1325.47	1117.03
13	645.002	0.558161	781.61	-59.2617
13	993.695	0.109885	-1109.99	780.27
-13	558.386	0.252459	362.868	-424.202
-13	419.304	0.883516	-635.325	534.189
-13	435.074	0.873284	428.209	1206.37
-13	578.407	0.619623	1080.29	142.887
-13	414.518	0.880156	174.596	-544.183
-13	1207.87	0.388396	-241.026	-1364.18
13	633.728	0.730119	926.464	-1037.03
-13	528.724	0.352401	-125.399	-922.792
-13	489.43	0.536201	965.971	-211.518
-13	604.502	0.959606	1214.32	-92.2721
-13	571.234	1.07076	902.683	-469.262
13	534.032	0.45707	-457.12	1212.57
-13	658.157	0.846503	541.925	-1363.37
-13	532.382	0.494637	1171.23	1091.31
-13	592.543	0.880153	1188.12	1018.76
13	589.457	1.16301	-661.394	-211.386
-13	943.95	1.20203	856.833	343.024
-13	873.031	0.508514	-150.933	266.544
13	414.779	0.634054	-996.441	-655.237
13	821.931	0.40043	1424.62	-20.1843
-13	1625.48	0.117482	373.681	380.533
13	691.427	0.722897	1112.41	1472.58
-13	439.93	0.863146	333.386	105.701
-13	1177.3	0.439401	-1116.73	-1349.15
-13	707.893	0.239843	-1356.65	1325.51
-13	906.321	0.38769	1182.54	-29.6601
-13	623.826	0.142348	-978.541	-568.578
13	494.21	0.567363	-133.418	175.374
-13	431.74	0.0269244	1393.06	-675.84
-13	510.631	1.18182	254.27	815.053
13	608.838	0.949926	1232.85	-247.337
-13	515.236	1.16543	-745.37	400.926
-13	800.755	0.620543	486.598	1143.47
13	528.042	0.956089	774.164	558.063
13	407.217	0.29739	751.029	155.262
13	523.728	0.282154	235.229	-876.657
13	539.949	1.129	-787.101	-861.921
13	849.836	0.816925	66.5325	35.4569
-13	1296.57	0.901221	-139.664	792.996
13	409.111	0.419835	-583.119	586.949
-13	474.844	0.946975	-95.3478	-447.455
-13	444.868	0.460867	-1435.01	-741.772
-13	818.295	0.702353	-281.551	183.616
13	471.186	0.0700222	-817.224	-993.709
-13	445.527	0.927446	432.371	426.143
-13	1943.17	0.729418	89.7032	-476.986
13	472.831	1.0713	366.584	-356.807
-13	545.043	0.0171449	703.172	-1179.97
13	541.815	0.40617	-1443.89	982.043
13	404.185	0.237594	979.303	645.721
-13	494.224	0.734731	1387.83	1285.8
-13	533.692	1.15919	1278.16	1416.84
13	621.347	0.785303	166.051	1220.62
-13	1821.87	0.420548	472.746	-382.514
13	469.84	0.359701	904.472	-1049.21
13	526.951	0.22155	1066.84	1297.72
-13	568.332	1.01934	442.48	-355.395
-13	1643.26	0.944283	835.51	-1399.78
-13	793.683	0.148626	185.386	-1335.24
13	690.526	0.943563	836.359	113.735
13	824.019	0.544381	-1427.55	-669.854
13	554.507	0.485668	-925.422	1268.27
13	458.592	1.10162	-356.559	1368.52
-13	422.961	1.11899	454.28	1404.71
-13	451.776	1.04104	-6.55258	1390.49
13	560.607	1.1807	344.97	704.433
-13	896.733	0.650089	-852.522	669.705
13	541.397	0.507556	1227.85	-604.663
-13	404.899	0.460002	105.048	-898.745
13	444.99	0.41881	149.936	270.957
-13	437.015	0.182422	-957.861	-40.7365
-13	403.757	1.03014	-1475.35	822.361
13	1232.17	0.848813	-1428.81	-224.976
-13	577.429	1.18299	-1336.04	-59.5097
-13	828.174	1.03399	-142.158	-854.495
13	403.218	0.056913	-1376.56	-715.592
-13	742.435	0.665649	-942.588	1124.93
-13	529.364	1.06477	510.89	-130.344
13	404.676	0.33246	170.582	-1396.43
-13	513.153	0.763981	-874.592	343.535
-13	500.21	0.0928477	-152.477	943.775
13	550.494	0.734904	930.672	-24.4705
13	997.974	0.526239	964.615	-249.7
-13	426.243	0.552964	1475.16	-432.095
-13	405.616	1.18978	-191.375	839.118
13	477.328	0.281471	-392.538	723.847
-13	1210.96	0.460283	-72.4781	-1206.78
-13	542.991	0.421095	751.052	-1383.9
13	515.234	0.543311	1136.42	-640.489
-13	4931.31	1.09611	363.705	-1449.93
13	549.688	1.19709	-1209.93	1171.37
13	639.776	0.0955479	-500.122	1410.25
13	458.768	0.949004	556.6	-915.323
-13	474.298	0.0889545	181.287	-29.898
-13	420.333	1.04609	1411.92	-1483.4
13	567.782	0.355454	-1465.41	860.445
13	416.091	0.32388	1115.18	555.735
-13	420.403	1.19947	187.028	285.852
-13	554.114	0.262062	-1393.25	-1452.58
-13	604.704	0.270048	1225.63	-1454.71
13	459.209	0.108972	545.17	-525.177
-13	499.59	0.192347	-1046.96	863.267
-13	1302.57	0.774361	-1459.99	-1050.86
13	595.777	0.422301	941.186	224.18
-13	640.216	0.460358	1490.51	613.867
-13	1427.73	0.159116	-955.633	893.244
13	554.275	1.21737	-1257.58	-1104.73
13	851.537	1.13111	770.169	-1058.72
13	500.505	1.18124	106.712	492.353
13	516.407	0.755093	348.056	957.577
-13	498.005	1.0972	-888.317	509.496
13	619.59	0.955114	1141.51	-892.996
-13	607.359	0.40366	1490.45	374.377
13	553.89	0.290431	-1132.95	-438.845
13	468.324	1.0117	-232.813	-544.853
-13	750.951	0.00178487	679.645	545.856
13	593.721	0.22813	-872.983	-491.68
13	651.447	0.0325748	-60.9672	-614.191
-13	780.376	0.579045	-227.583	429.795
-13	1144.07	1.08637	1246.5	568.427
13	543.166	1.14265	-651.261	-1231.43
-13	404.944	0.0719609	-916.649	790.986
-13	539.418	0.0283481	-661.631	-1370.7
-13	456.06	0.804826	598.824	-1281.63
13	499.201	0.989206	843.565	-964.868
-13	617.084	0.12971	-1075.26	830.097
-13	689.46	0.51441	1157.76	780.927
-13	412.056	0.391383	581.519	-1240.9
-13	620.274	0.837689	-485.731	1261.62
-13	861.63	0.231796	672.037	-574.211
-13	464.349	0.35954	802.579	414.507
13	659.398	0.511848	-50.8077	-1321.71
13	837.196	0.438299	-989.369	-1194.65
13	621.431	0.344557	-40.6867	547.573
-13	524.604	0.175292	-1049.26	249.883
-13	509.895	0.961212	192.803	-1320.67
-13	700.429	1.12642	1354.03	-319.867
13	400.295	0.40993	-48.9288	-895.314
-13	422.992	0.903272	254.045	1098.76
-13	550.292	0.48731	-643.761	-546.138
13	522.976	1.17872	943.441	-1394.1
13	524.913	0.00175281	-1485.5	-948.183
13	438.485	1.08812	1070.99	-564.431
-13	406.441	0.927921	1149.1	-409.762
-13	570.25	1.12356	-1054.68	-605.227
-13	935.329	1.15898	1214.63	30.1473
13	440.918	0.134397	948.622	-644.745
-13	436.238	0.846372	1180.89	327.738
-13	430.21	0.640182	1263.73	-660.78
-13	461.723	0.798838	-663.661	25.0651
13	432.718	0.0937557	-672.853	317.03
-13	602.93	0.649707	-136.866	1277.12
13	1096.65	0.0116257	1299.21	-64.2547
-13	424.139	1.00461	272.166	-413.551
-13	565.784	0.853008	-111.483	985.681
-13	535.603	0.539153	-237.947	908.15
-13	726.842	1.07375	1182.59	1063.62
-13	461.004	1.13986	250.958	1498.59
-13	501.573	0.422107	-437.643	167.216
-13	1462.41	0.822454	937.958	811.357
-13	586.011	1.14837	-1130.76	-744.368
-13	444.823	0.786042	-654.281	-363.858
-13	405.816	0.214104	1296.57	-1295.32
13	702.635	0.661685	636.791	-857.449
-13	589.936	0.847141	868.701	-1331.14
13	597.404	0.755656	-141.779	380.406
-13	455.026	0.127513	-1091.79	708.525
-13	456.593	1.05564	496.017	75.0165
-13	3021.92	0.470108	-943.6	1152.14
-13	486.201	0.672187	26.2088	199.532
-13	411.168	1.09822	727.924	1096.45
-13	504.38	0.967289	380.162	-664.876
13	646.529	0.545811	-648.204	986.422
13	644.021	1.05014	-995.991	-461.641
-13	742.554	1.01341	1401.17	789.145
-13	451.641	0.982634	-1416.96	-1169.81
-13	719.057	0.930991	-333.41	-87.5845
-13	469.541	0.348474	689.901	1231.15
-13	474.923	0.0372894	812.175	-956.713
-13	670.385	0.498447	-1482.67	555.322
-13	451.776	0.889733	-35.1464	1274.39
-13	1512.65	0.478301	1068.51	1024.33
13	521.819	0.994793	387.894	-1274.27
-13	558.195	1.01209	266.183	-3.30928
-13	462.422	0.677549	469.529	-29.496
13	435.781	0.608032	288.714	79.8658
13	1212.03	1.11494	1181.86	822.536
-13	539.833	0.212998	-1497.29	-1443.39
13	631.836	0.652929	-544.477	1304.01
-13	522.927	0.64604	433.154	934.049
-13	446.694	0.31075	-227.782	-1399.6
13	1047.74	0.994249	-1028.07	21.8243
-13	846.453	0.670778	-298.753	947.677
13	640.401	1.06234	-123.963	-884.042
-13	450.186	1.11556	-1342.42	-95.1357
13	434.353	1.04683	104.301	-1163.8
-13	505.067	1.18556	-354.593	-783.871
-13	479.923	1.16969	-32.6166	628.297
-13	550.053	0.726664	-843.608	787.599
-13	910.421	0.0536244	-865.768	1494.55
13	1613.24	0.724293	-1242.08	-353.428
13	419.156	0.89525	-1198.14	-821.531
13	790.559	0.267953	757.979	937.366
13	631.569	0.0610383	-234.34	1333.8
-13	410.77	1.02558	-727.7	-887.204
-13	717.023	0.706195	-699.639	888.257
-13	435.634	0.840626	653.79	222.728
13	915.432	0.321593	-1068.16	-478.814
13	594.407	0.165813	-1244.49	-146.36
13	434.866	1.1441	-1166.71	1474.28
13	2544.24	1.1597	1178.93	748.207
-13	451.507	0.881155	866.03	934.084
-13	602.83	0.37093	-209.233	719.729
13	836.376	0.697155	-310.338	-446.125
13	1745.16	1.08345	-1374.11	-1260.88
-13	409.512	0.653601	-316.116	-1084.4
-13	400.757	1.12349	-876.561	-113.101
-13	502.872	0.879103	370.745	-1288
-13	476.291	1.07618	176.957	-1262.07
13	1369.41	0.830807	559.772	-1445.38
-13	498.346	1.05779	1164.98	-223.427
-13	664.493	1.11917	431.445	95.2499
13	741.513	0.109454	1070.45	-195.18
-13	794.213	0.483036	-1278.41	-1027.42
13	941.08	1.21469	829.91	839.322
-13	816.335	1.02447	437.087	180.324
-13	489.103	0.301538	557.731	953.133
13	1343.71	0.567707	580.379	251.132
13	405.643	0.413329	-205.582	-1361.59
13	857.744	0.22321	-1297.97	-313.574
-13	544.474	0.942486	-560.025	200.31
13	696.026	1.17196	685.385	-1292.81
-13	790.83	0.499769	6.02492	-685.085
-13	432.396	0.532624	-569.078	1204.16
-13	508.578	0.86786	327.619	1477.68
13	931.958	1.13602	-874.532	-524.74
-13	885.761	0.128809	-136.019	1103.96
13	1301.38	1.04948	-903.832	839.191
-13	2109.1	0.0700846	1492.23	5.12074
-13	533.599	0.017261	-179.819	801.583
13	590.036	1.02955	-541.468	-798.715
13	489.637	1.14076	-1410.46	126.289
-13	702.87	1.02538	-655.486	-1090.26
13	571.817	1.09291	803.518	741.299
13	4074.55	0.79585	-508.653	1346.67
-13	827.782	0.729817	-139.933	281.33
-13	533.697	0.407014	-838.038	622.897
-13	409.681	1.18853	359.283	1251.7
13	786.5	0.786166	-147.369	1344.2
13	551.642	0.442887	-925.931	357.328
-13	857.231	1.01087	225.162	-1090.9
-13	652.815	0.575593	-720.846	151.762
-13	479.907	1.18304	625.635	748.752
13	553.801	0.422243	1330.78	1438.22
13	561.997	0.358437	631.886	-1372.14
13	479.506	1.02809	745.928	-1091.58
-13	465.381	1.08644	1115.17	912.093
13	1161.5	0.554487	539.125	108.817
13	929.08	1.15982	993.86	421.395
-13	520.03	0.958987	442.737	38.0197
-13	503.348	0.0319098	595.694	-850.043
-13	488.99	0.563364	1392.2	-1156.13
13	423.741	0.566749	451.888	300.662
13	586.355	0.934981	1260.25	-1050.16
13	900.389	0.746853	-294.634	475.664
13	967.393	0.724038	1387.09	-540.716
13	497.938	0.314544	-1245.61	-1031.55
-13	604.05	0.204923	-1312.4	759.581
-13	586.343	1.0296	140.125	991.879
-13	554.766	0.457973	-1309.51	-197.988
-13	830.476	1.0335	-1056.07	-147.437
13	552.549	0.913161	-242.409	-704.854
-13	432.62	0.227056	-970.457	317.661
-13	654.248	0.0171445	1443.42	698.981
-13	459.138	0.948513	-822.003	462.283
-13	865.718	0.497599	389.221	-1123.17
-13	825.207	0.198198	-142.179	1187.81
13	619.53	1.03431	-562.672	399.857
13	444.673	0.0648856	519.759	884.433
13	530.26	0.299136	170.177	698.885
-13	435.266	1.0739	1031.95	-8.79071
-13	696.657	0.429897	288.765	-324.041
-13	641.024	1.09407	828.485	-732.558
-13	529.14	0.255524	-854.624	349.603
13	449.896	0.287207	222.543	1294.67
13	448.999	1.09615	1172.23	695.685
-13	943.866	0.652364	-836.098	240.66
-13	417.78	0.669969	115.672	887.708
-13	465.812	0.647806	1413.44	942.254
-13	1417.57	1.12974	310.374	-1311.16
-13	907.735	1.04225	-1095.12	-2.02673
-13	490.296	0.405833	-309.167	-742.152
13	469.837	0.997404	1430.93	-385.958
-13	574.333	0.984425	-640.867	-1076.67
-13	413.723	0.807192	59.0069	-109.404
-13	505.536	1.19395	-1089.07	113.032
-13	1346.06	0.529169	737.322	1315.66
-13	646.556	0.416618	-705.521	-253.895
13	651.436	0.331254	-350.289	138.263
-13	650.846	0.614444	966.362	-994.916
13	551.559	0.588246	896.285	-549.016
-13	643.323	1.02264	-993.905	-205.725
-13	756.956	0.64599	548.006	480.734
-13	417.975	1.1306	1021.84	-415.072
-13	606.622	0.366346	1067.84	-661.117
-13	546.825	0.36263	-136.186	1432.77
13	1247.9	0.83524	-376.252	-592.549
13	465.269	0.799577	-929.485	-1052.88
13	425.886	0.769086	-814.814	1296.3
-13	436.031	0.520069	-229.623	-14.5939
13	409.606	0.115789	488.222	-725.626
13	763.254	0.780348	-758.287	-1479.01
-13	692.28	1.01091	-888.14	-455.33
13	1541.42	0.0366694	-1138.71	-834.405
13	488.584	0.462614	-1235.48	474.096
-13	538.058	0.444661	-397.277	991.733
13	608.634	1.13374	888.427	-804.882
-13	452.035	0.485898	-1302.15	687.393
-13	492.038	0.898107	1057.84	903.172
-13	699.344	0.462508	-983.994	-185.526
-13	589.607	0.395021	1030.18	106.885
13	431.458	0.374738	-1288.99	667.781
-13	463.213	0.878098	-1430.97	1270.56
13	717.418	0.220589	707.429	1037
13	656.864	0.254353	807.707	-121.052
-13	795.823	1.06568	1281.72	-28.6788
-13	772.736	0.746942	-411.682	964.381
13	550.753	0.88308	1039.5	-1012.97
-13	634.9	0.287824	1388.79	-1072.47
-13	436.401	0.3869	791.598	-280.068
13	408.803	0.561611	-203.149	789.38
13	530.355	0.946005	74.181	1126.27
-13	697.581	0.0549963	396.974	1263.61
13	511.12	0.499123	-1431.37	-95.3881
-13	520.212	0.608741	-720.661	1138.81
-13	427.375	0.227591	-251.784	623.177
-13	455.038	0.797343	-385.324	-595.267
-13	564.024	0.416703	-126.16	-66.0089
-13	517.422	0.723789	-569.537	-452.499
13	705.039	0.0884381	740.408	-1000.17
13	1052.9	0.137879	-81.6263	1467.78
13	807.255	0.645426	611.06	525.535
-13	465.76	0.481073	-219.718	246.791
13	465.675	0.887286	-923.037	-1335.8
13	437.029	0.419995	449.249	251.336
-13	462.217	0.768504	-1299.65	90.302
13	441.486	1.14836	-1163.06	1052.59
13	547.861	0.901081	-190.8	-285.05
-13	602.666	0.902179	115.456	1235.56
13	763.392	0.811244	-1497.87	1158.18
13	1475	0.710932	315.323	1131.03
-13	551.108	0.569539	552.86	-898.916
-13	404.538	0.899052	295.173	801.981
-13	431.463	0.68309	-1033.92	-769.129
-13	476.014	1.02309	1258.48	1040.1
-13	426.139	0.554605	-613.963	677.126
-13	645.143	0.487511	-776.686	353.841
13	433.306	0.98924	-1182.05	1438.88
-13	854.172	1.12391	-537.68	571.818
-13	490.089	0.573286	-217.385	898.7
-13	621.322	0.86898	-1157.81	590.918
-13	802.294	0.600182	1436.35	-481.316
13	753.675	0.30097	-1403.55	1106.6
-13	529.175	1.09093	-413.77	233.779
-13	553.977	0.396547	-530.592	-14.9954
13	433.235	0.803152	419.82	-253.06
-13	440.232	0.812571	-789.789	-314.888
-13	427.271	0.724271	-1087.47	-924.161
-13	563.028	1.17778	363.872	15.8335
13	949.295	0.642697	-254.201	156.599
-13	657.055	0.568113	-598.445	685.461
13	816.494	0.347498	1102.01	-119.514
13	490.092	0.170635	-553.849	169.544
13	1332.37	1.09704	1478.99	-430.098
13	417.61	0.428908	1461.63	1443.1
-13	417.917	0.968874	-566.819	-1132.8
13	427.749	0.99336	-897.242	-730.969
-13	705.79	0.543004	998.632	837.896
-13	843.592	0.826967	-670.76	103.202
13	526.83	0.448024	-419.724	675.599
-13	474.434	0.823204	-470.517	81.7592
-13	733.909	0.453554	-640.419	975.168
13	450.709	0.850073	1171.38	354.959
-13	410.409	1.12533	-1200.42	502.936
-13	593.461	0.676952	454.172	-1150.02
13	424.591	0.703958	522.327	966.124
13	414.149	1.02921	-1441.85	-338.489
13	1417.43	0.561642	1060	-1098.77
13	911.627	0.780809	-1085.44	-293.308
-13	511.97	1.21314	-676.122	-1204.72
13	531.535	0.194205	1188.77	970.676
-13	463.264	0.262712	1412.09	1430.2
-13	441.197	0.21963	-889.472	1045.32
-13	1054.24	0.544985	-1016.75	-1175.09
13	592.477	0.757281	-292.896	-1394.89
-13	545.67	0.0965895	-111.621	-398.17
13	435.301	0.0269723	-1168.89	-1060.98
-13	545.846	0.766854	-316.269	-1191.57
-13	402.265	0.0014627	-915.903	414.239
-13	538.964	0.0196944	351.765	-689.235
13	670.883	0.584826	-1206.62	-932.108
13	431.3	0.585769	-1198.39	438.863
-13	592.291	0.623316	413.503	-295.975
13	578.569	1.02402	-1328.25	329.764
-13	941.595	1.20335	-131.61	-642.363
-13	502.109	0.589267	1059.82	-483.173
13	727.926	0.84252	1474.18	1306.92
13	692.333	1.05653	955.157	-179.52
-13	420.151	1.14054	934.81	-856.433
-13	401.931	1.18979	1078.45	-587.631
-13	540.459	0.796717	-1065.31	-1388.68
13	681.027	0.945896	-360.992	-1393.58
-13	422.993	0.213066	172.219	1123.58
13	912.908	1.03212	-1014.19	-287.986
13	453.384	0.0922823	-297.595	366.914
-13	625.577	0.778473	983.501	1200.7
13	588.964	0.434485	526.754	-1000.45
13	661.435	0.586162	1044.7	-1472.88
-13	418.709	1.03648	-936.08	577.51
13	518.533	0.990636	169.566	364.442
-13	973.037	0.667029	-593.769	-1044.08
-13	557.929	1.07369	-273.812	-1439.23
13	550.148	0.964971	1104.04	442.83
-13	1788.33	1.21212	-1311.6	-440.498
13	429.622	0.687859	-1163.2	-1349.34
-13	596.454	0.67657	-874.504	950.546
-13	559.746	0.489971	1098.64	1140.8
-13	555.526	1.02378	-792.575	120.151
13	512.321	1.08412	173.874	-594.01
13	508.822	0.414505	961.796	37.8005
13	697.489	1.16016	1104.91	558.584
13	518.221	0.200188	123.001	552.58
-13	457.58	0.739466	-179.945	245.961
13	525.646	0.20668	-206.354	553.112
-13	417.097	0.832807	1492.32	625.271
-13	429.191	0.236941	684.331	61.9657
-13	1094.02	1.06507	-396.809	1331.41
-13	435.001	0.562882	-55.8444	1429.13
13	469.67	0.00667728	1069.94	-1084.38
13	418.817	0.694464	1400.87	-134.47
-13	482.017	0.944002	829.627	-527.94
-13	413.064	0.174285	623.881	-1227.65
-13	1622.85	0.734718	-698.905	-767.518
-13	457.891	0.738304	8.00512	1119.57
-13	816.259	0.0383227	-1368.1	-1088.67
13	507.556	1.18618	327.483	1174.59
-13	621.479	1.05283	1373.13	-692.213
-13	429.461	0.641328	-1233.22	-507.842
-13	401.13	0.982402	1329.16	124.317
-13	485.796	0.199925	254.906	-1456.28
-13	1193.92	0.913796	1454.04	191.135
13	434.193	0.87453	706.473	-1395.82
13	505.689	0.165478	743.963	71.4919
-13	496.268	0.337131	-1315.66	-522.109
-13	699.264	0.891027	1234.56	-705.118
13	596.406	1.1152	-488.84	250.036
-13	1242.82	0.660242	-1140.4	1473.74
13	1306.95	0.48059	1418.15	-67.501
13	739.108	0.477551	598.12	1177.7
13	824.753	1.13734	259.607	-1093.19
13	4739.14	1.0275	1259.67	1217.09
-13	4937.68	0.783778	974.956	1400.19
13	541.35	0.0672748	486.041	-928.637
13	529.602	0.491531	228.175	-524.111
13	914.843	0.183867	1391.45	183.438
13	1253.88	0.269831	1057.58	-1361.5
13	713.885	1.0233	-466.084	78.4696
13	463.447	0.196655	-1305.91	-614.257
-13	457.472	0.719236	-959.105	-939.014
13	513.638	1.01389	905.641	456.656
13	402.448	1.15062	-914.97	402.394
13	436.131	0.0805572	-1342.17	401.164
-13	408.243	0.488561	1044.4	1437.99
13	507.664	0.0997804	429.284	892.212
13	529.44	0.81698	320.826	60.2829
-13	404.908	0.114764	-640.799	569.026
13	728.147	1.13264	948.804	956.623
13	601.769	0.570777	1230.83	1330.17
13	835.592	0.0506731	293.198	-1410.95
13	403.5	0.31193	401.077	1429.36
-13	450.703	0.843	700.338	1230.94
13	477.228	0.871294	-979.654	-1456.91
13	508.538	0.473464	893.496	1095.5
-13	428.933	0.747702	-1125.16	-624.438
13	402.335	1.19155	411.812	-653.862
-13	461.531	0.98658	-660.242	-360.815
-13	444.509	0.773478	-216.761	740.681
13	430.107	0.68849	-625.065	-1010.51
13	519.057	0.47794	-1305.94	-593.362
-13	489.065	0.901443	-743.951	-613.043
13	457.457	1.03099	30.9946	628.286
-13	1232.71	0.163934	734.239	-675.433
-13	624.546	0.834095	-161.901	-170.361
13	431.4	0.317005	6.97079	-457.066
-13	537.766	0.129292	-899.633	-1206.56
-13	488.823	0.910138	314.718	1134.96
-13	490.448	1.13178	1245.36	-1030.95
-13	516.979	0.519137	-407.264	838.686
13	433.071	0.112033	-865.214	-477.673
13	1591.57	1.15872	-436.968	106.985
-13	409.244	0.835071	1356.41	102.692
-13	1133.28	0.326192	172.583	1130.23
13	578.193	0.981779	443.154	718.715
-13	436.487	0.898155	-18.2645	478.729
13	434.904	0.543784	417.374	-613.395
-13	1673.4	1.16562	-1355.56	161.439
-13	646.256	0.495677	426.346	-1209.24
-13	586.199	0.368018	-1006.74	1425.79
13	486.505	0.8318	-484.86	1400.52
-13	437.377	1.07071	551.235	-97.2518
-13	693.95	0.098509	-1365.18	-1118.85
-13	703.473	0.541505	-510.757	634.891
-13	422.055	1.14524	-1050.86	-1400.47
-13	663.311	0.193637	1442.65	1260.09
-13	444.984	0.763684	258.924	-736.806
13	428.399	0.841743	504.199	-676.332
-13	532.509	0.323228	258.134	1142.15
-13	547.38	1.16771	170.761	-1310.03
13	824.828	0.969961	1026.81	6.55846
13	445.357	0.416621	-879.475	1442.45
13	549.045	0.839029	182.11	-965.548
13	568.812	0.531836	834.466	-1397.13
-13	457.436	1.02833	458.464	-253.818
-13	555.486	0.602987	-143.796	808.007
-13	427.758	0.354076	-68.7969	-287.91
-13	460.022	1.01941	-349.73	-690.409
13	459.744	0.540493	-131.111	343.597
-13	477.6	0.147464	422.737	-727.07
13	402.509	1.09363	-1192.49	-502.953
13	435.936	1.15508	-213.534	-1335.05
13	554.39	0.308445	-281.243	905.282
-13	438.826	0.719668	1298.67	-1302.52
-13	592.332	0.848395	1353.1	-614.223
-13	415.779	0.86003	-1231.41	1167.27
-13	691.342	1.03893	-1470.19	-1154.23
-13	469.232	0.873633	417.969	-28.4577
-13	633.752	0.142408	999.156	1106.1
-13	454.705	0.729723	-1233.37	-1279.89
-13	568.228	1.04	895.769	-65.3599
13	421.944	0.777949	-1487.29	1005.39
13	408.945	0.411539	706.981	75.02
-13	511.31	0.515216	-1034.06	-604.063
13	1028.55	1.14908	1451.73	-792.146
-13	584.505	0.98459	-895.403	-61.3999
-13	618.117	0.199513	512.326	580.694
-13	496.041	0.848705	-1087.17	-227.393
-13	540.526	1.11977	-1075.78	1473.11
-13	534.92	0.594057	459.088	89.12
-13	408.969	0.255531	106.605	-1298.59
-13	766.273	0.831355	-1200.93	1285.02
-13	503.599	0.750568	-1022.18	364.689
-13	798.072	1.16166	-278.81	1158.32
13	1566.58	0.211998	-112.706	-375.745
-13	515.29	1.08465	535.806	-709.267
13	508.239	0.311985	404.776	1227.51
-13	578.799	1.14211	-242.352	241.881
13	1674.7	1.04927	-1449.16	-801.892
-13	538.686	0.0779326	153.159	146.012
13	427.709	0.394175	-1419.21	-251.377
13	1547.81	0.694617	-478.535	-68.5803
13	667.833	0.0247413	124.399	-166.594
13	1495.21	0.392584	319.676	1006.17
-13	457.536	1.16674	427.01	-1134.03
13	491.15	0.263331	767.041	870.891
-13	2061.37	0.604312	-396.821	595.746
-13	990.349	0.3721	-350.303	-1028.74
13	446.059	0.475683	-255.262	384.23
-13	793.671	0.657229	894.834	1439.71
-13	462.24	0.450724	-414.837	38.4413
-13	636.452	0.258341	-550.892	-162.62
-13	477.265	0.651225	740.933	671.947
-13	472.854	1.14895	-78.3556	1309.68
-13	517.47	0.880724	-84.2785	-1390.33
-13	458.803	0.265855	-323.316	1053.64
-13	744.911	0.724437	666.844	433.728
13	492.255	0.554034	309.748	-182.455
13	929.711	1.01752	1325.42	-423.262
-13	495.046	0.552498	-96.7677	737.766
-13	730.762	1.00258	-461.22	907.285
-13	411.613	0.963193	-29.2943	-279.821
13	481.411	1.12575	-799.953	-761.998
13	661.567	1.18824	-891.426	1152.24
-13	535.758	1.13149	-993.882	639.581
13	624.297	0.458149	-992.084	1424.8
13	1196.76	1.18503	212.737	364.888
-13	570.995	1.1023	834.633	1256.96
13	795.461	1.18469	244.879	211.98
13	710.815	1.08343	-73.8502	-1328.29
-13	428.69	0.848951	415.076	215.082
13	502.503	0.933595	-1029.76	-60.0397
-13	554.723	0.380877	839.511	-308.911
13	425.451	0.616405	1114.41	928.491
13	405.51	0.164668	-1365.14	336.613
13	661.786	0.521754	715.91	1004.33
-13	531.874	0.255952	-1041.53	171.104
-13	776.241	0.293316	-2.81278	358.13
-13	525.851	0.142588	-1326.25	-186.427
13	471.256	0.393628	-1448.83	77.1432
13	488.05	0.992147	-969.796	534.584
-13	783.813	1.04629	807.308	-906.43
13	572.177	0.652571	-716.168	768.02
13	513.829	0.126958	237.249	-79.9047
-13	967.168	1.19102	-768.968	-333.305
13	840.261	0.838873	-441.978	-665.755
-13	413.409	1.08295	-589.666	-1434.9
13	447.111	0.710742	-397.63	-956.693
13	535.324	0.127542	-1470.88	635.27
-13	562.054	0.0788954	332.243	-461.593
13	432.095	0.0594949	-445.618	290.544
-13	472.392	0.41942	683.136	823.244
-13	485.863	0.870552	-1309.37	-1235.2
13	440.976	0.721393	425.491	-259.368
-13	4632.08	0.925772	-749.116	-801.494
-13	455.752	0.870665	-1021.51	37.6518
13	444.482	1.00174	-227.492	762.906
13	485.62	0.493364	-968.625	1097.72
13	884.635	0.434058	-1270.56	480.364
13	539.107	0.832015	989.355	-158.559
13	415.019	0.157308	216.902	654.327
-13	592.831	1.00217	-1124.68	-435.33
-13	515.021	0.780365	-1064.6	641.853
13	534.592	1.21382	-26.6196	1044.75
-13	814.592	1.09263	799.915	398.98
-13	507.875	0.835072	-799.5	-661.529
-13	781.593	0.76706	375.085	1264.39
-13	761.802	0.230078	-282.439	1481.86
13	494.123	0.285051	-1217.91	674.374
13	543.577	0.909981	925.827	-1405.02
13	536.008	0.0359454	868.841	1497.57
-13	575.614	1.17972	-224.667	1294.77
13	1008.44	0.97086	-816.056	-1293.93
13	2537.53	1.00985	270.121	-151.096
-13	650.793	0.154415	850.472	-802.022
-13	583.476	1.09661	-514.708	965.757
13	493.056	0.54196	-917.411	1011.39
-13	480.501	1.16747	-1007.66	-656.237
13	462.826	1.12136	181.362	-124.677
13	566.16	1.20488	1021.61	-252.394
13	430.203	0.183415	456.316	-449.827
-13	618.582	0.973608	-1427.05	-224.631
13	418.909	0.221879	-414.647	-125.487
13	440.141	1.1329	741.667	-1425.57
-13	456.059	0.978554	433.727	-258.555
-13	881.678	0.151713	181.442	-1338.96
-13	456.57	1.11263	483.866	1381.18
13	526.219	0.0719841	-1065.29	212.101
13	601.469	0.872156	-1392.88	-1196.21
-13	619.513	0.657495	879.846	-411.192
-13	1372.9	1.15663	-512.34	44.6864
-13	674.971	1.03755	-364.267	-566.254
-13	447.043	0.0642252	480.284	-891.746
-13	506.507	0.19101	683.828	871.675
13	611.406	0.398281	-1064.93	-800.39
13	8905.9	0.332048	767.154	-1440.98
13	430.275	0.933263	-1353.17	265.359
13	1093.56	0.258609	1217.69	553.574
-13	539.027	1.00999	-470.523	-1406.74
13	475.075	0.649387	96.081	697.728
-13	418.482	1.13002	1017.19	695.425
13	417.684	0.348229	991.811	-29.0918
-13	748.034	0.176778	470.215	-983.413
-13	405.024	0.308144	-920.015	-1138.94
-13	547.665	0.19442	-485.037	826.564
-13	451.171	1.10185	262.098	-734.192
13	559.278	1.18969	-329.998	192.559
-13	488.809	1.07208	1183.53	-841.164
-13	615.411	0.275454	-1113.73	-1018.19
-13	808.255	1.14838	1460.11	-439.163
-13	406.718	0.0552603	-1069.38	-54.7575
13	647.556	0.523294	-235.078	-167.895
-13	491.075	0.629242	1383.33	598.417
13	442.084	0.345768	16.5794	-156.572
13	456.197	0.926885	1223.39	-1192.16
-13	451.402	0.39576	218.388	217.78
13	503.201	0.883617	843.931	-1456.13
-13	659.641	1.16508	-421.107	527.382
13	552.619	0.0253866	-547.337	-252.545
-13	586.396	0.936811	-964.77	1105.78
-13	772.757	0.330072	-241.379	-576.029
-13	599.164	0.61629	591.099	1475.3
13	3009.84	1.12333	-1071.32	-715.758
13	548.779	0.0352105	1495.3	1096.17
-13	514.071	1.1814	-45.0553	1097.16
-13	474.114	0.000598432	877.57	794.759
-13	475.012	0.923211	625.2	1036.23
-13	601.017	0.99836	-712.286	-607.803
13	520.711	0.472843	-78.6152	-56.7333
-13	559.434	0.938893	-595.474	-1347.75
-13	643.145	0.964778	-153.673	-453.382
-13	446.097	0.309338	-967.489	-922.393
13	640.823	1.05006	-618.338	-800.699
-13	744.632	1.19802	154.512	866.536
-13	542.118	0.225641	-635.327	286.585
13	528.863	0.12766	-969.527	251.264
-13	411.106	0.901326	1101.17	-530.591
-13	437.647	1.13684	-356.939	-632.499
13	462.719	0.378913	1364.33	986.122
-13	468.398	1.19828	-235.671	357.738
13	510.67	1.19687	1378.23	111.429
-13	549.732	0.622446	-297.969	663.416
13	451.388	0.250923	1019.26	577.628
-13	408.995	0.65893	846.17	-516.291
-13	1900.85	0.0554677	831.782	621.653
-13	657.886	1.00862	909.065	271.484
-13	484.63	0.839525	839.441	1159.87
-13	475.684	0.740473	-144.154	-377.134
-13	1716.64	0.756199	539.204	1453.69
-13	740.44	1.12976	222.761	1334.5
13	660.5	1.177	1052.95	-211.532
-13	1174.12	0.404937	548.979	68.932
-13	425.895	0.0766671	489.933	-417.2
-13	647.166	0.412882	1419.24	961.653
-13	510.31	0.686958	-1137.44	-892.873
-13	480.673	0.281844	-1226.9	209.684
13	519.094	0.255945	-1003.61	969.28
13	498.547	0.896442	-1120.13	-337.311
13	504.539	0.775809	457.129	608.067
-13	1115.27	0.534669	458.496	921.957
13	410.084	0.785239	-674.411	-704.566
-13	1582.36	0.0308113	260.205	-692.162
-13	545.376	1.21549	492.263	996.38
-13	463.324	0.0858155	-360.251	1345.88
-13	905.487	0.0531412	-306.116	-1055.4
-13	1046.44	1.11937	-1326.64	-1019.78
-13	607.877	1.16886	767.46	933.56
-13	420.104	0.210105	-631.02	-278.978
13	414.728	0.199236	308.146	-286.068
-13	474.898	0.739307	-207.909	-791.653
-13	762.327	1.03459	1102.17	506.543
-13	499.865	1.07454	-530.319	-795.09
13	443.403	0.0975967	-800.804	-1480.63
-13	414.037	1.19574	-368.759	82.5998
-13	447.687	0.0496213	-697.751	809.543
-13	802.81	0.475852	-192.781	58.1248
-13	2751.03	1.06629	1349.15	1095.56
-13	418.008	0.848571	-513.705	788.554
-13	454.402	1.06832	13.595	417.556
-13	432.737	0.641413	-208.782	-1332.6
13	2745.41	0.578393	-1469.57	-658.185
13	595.482	0.630201	862.462	-1368.59
-13	597.279	0.639315	-115.033	-717.94
13	592.241	0.299571	958.504	1002.62
-13	412.799	0.218171	1032.04	-1395.07
13	956.03	0.421035	299.773	619.496
-13	423.323	1.05001	-396.847	998.642
13	907.969	0.722138	-432.832	-301.183
13	666.174	0.91122	-833.865	-1214.93
13	419.564	1.08224	1027.02	-1447.74
-13	418.511	0.724502	385.35	-1150.98
13	699.419	0.613859	1003.24	901.504
-13	667.262	0.67745	-600.88	1332.41
13	639.648	0.649888	499.654	-1440.03
13	485.539	0.867078	-1435.32	-659.691
13	509.798	1.00452	488.055	1412.88
13	991.01	0.73852	161.414	-792.794
-13	459.817	0.619278	491.057	91.659
13	663.803	0.743716	-798.088	-451.561
-13	475.01	0.921777	-276.529	1429.44
-13	425.876	0.508944	-1009.75	-900.916
-13	443.508	0.816271	896.897	151.075
-13	1069.54	0.32641	-1294.65	1450.93
-13	573.574	1.2028	-1120	1382.85
-13	455.164	0.540578	-1317.44	959.749
-13	481.393	0.787429	-820.752	-551.349
-13	1104.78	0.698075	1412.79	1391.44
-13	461.371	0.253185	450.998	962.263
-13	485.463	1.0649	-611.833	-1024.22
13	516.893	0.763796	553.179	510.229
13	1049	1.14136	805.846	-550.553
-13	729.371	0.365261	790.399	1247.75
-13	519.689	0.640564	1022.38	1295.1
-13	513.443	0.582032	1403.11	1490.52
13	540.335	1.12234	976.275	60.9534
13	692.158	1.09256	-1169.84	496.172
13	734.107	0.401593	-22.1066	-826.886
13	928.029	0.720271	79.6014	-703.062
13	517.194	0.688419	32.9483	160.585
13	446.362	0.410024	1287.3	-1136.64
13	565.189	0.494799	-86.2862	893.892
13	600.586	1.13447	489.924	-1492.66
-13	1028.09	1.15874	919.157	427.754
13	517.709	1.02951	442.851	-1061.89
-13	715.88	0.689957	-884.052	-1086.53
13	452.585	0.888267	801.993	661.932
13	467.093	0.850931	-231.431	-1275.23
13	607.866	0.451439	1343.72	230.585
13	512.999	1.18534	-293.009	1019.77
13	480.065	1.04597	-214.512	1240.52
13	416.288	0.499868	1028.32	1289.63
-13	468.202	1.12059	984.529	-258.369
-13	457.842	0.199956	-744.54	-201.682
-13	433.042	0.847252	898.592	-484.6
-13	525.949	0.606885	-697.968	131.696
13	493.772	0.561333	-207.624	-430.12
13	846.401	0.232045	-384.684	-1356.37
-13	403.978	0.127579	-250.664	-231.838
-13	565.378	0.378278	121.577	-609.157
-13	418.149	0.280935	494.629	653.94
-13	1109.43	0.642525	-132.999	-84.15
-13	689.157	0.307738	-1497.02	968.208
-13	602.809	1.02469	-168.938	893.716
13	412.697	0.468991	933.361	271.753
13	481.75	0.567932	213.304	182.942
-13	461.015	0.350892	1122.49	1169.65
13	508.685	0.331309	470.252	825.25
13	1431.52	0.130374	821.273	921.486
-13	421.588	0.421488	1484.77	-237.524
-13	761.68	0.0575132	1246.1	-193.981
-13	688.52	0.0474792	-1264.4	323.433
13	406.263	0.232967	1025.93	863.673
-13	472.232	0.885205	-1103.23	1114.85
13	551.036	1.12099	1398.7	1241.74
-13	1033.46	0.0675176	-1000.8	-1338.38
-13	675.287	1.18314	-151.7	-1403.99
13	530.514	0.729865	17.8548	-437.793
-13	1080.96	0.929407	936.808	-1176.54
-13	1742.95	1.14872	-624.574	775.161
13	406.279	0.754366	-485.141	-420.119
-13	1865.53	0.612252	657.746	-933.435
-13	586.139	1.11433	-599.976	-112.389
-13	821.997	0.615211	-962.607	203.464
-13	446.967	0.311822	-59.0714	128.381
-13	650.178	1.02675	-841.184	543.708
13	1503.02	0.57547	1346.15	-777.2
-13	605.378	0.374757	-35.6605	539.644
-13	716.071	0.433104	547.207	-1402.81
13	448.51	0.958781	1281.55	-627.767
-13	443.543	1.03446	512.645	-532.753
-13	549.061	0.953339	708.557	444.374
13	575.572	1.1307	-604.617	-1113.39
13	667.564	0.960387	1188.08	1057.57
-13	400.982	0.36567	-1294.74	292.665
-13	498.936	0.199821	1391.96	-702.769
13	597.548	0.367879	-88.3744	-1008.6
13	652.273	0.1793	856.997	926.992
13	400.573	0.672297	-1286.23	1241.5
13	405.463	0.110168	-1380.51	1479.14
-13	905.414	0.615441	545.764	105.692
13	438.132	0.190428	-1243.94	-1040.69
-13	661.551	0.00629989	-733.141	1078.67
-13	864.13	0.318674	1338.22	-1216.27
13	473.324	0.196609	1376.8	601.746
13	539.179	1.11291	1237	-39.4401
-13	635.737	0.121761	234.194	422.488
-13	408.067	0.95826	1181.11	-1076.02
13	408.338	0.809812	977.783	688.844
-13	716.543	0.207685	562.949	-437.09
-13	953.604	0.933958	-862.45	804.255
-13	448.787	0.810342	-324.566	1094.79
13	455.785	0.176248	331.127	804.608
-13	453.668	0.369714	1475.08	-1108.03
-13	2067.94	1.19154	-1376.72	1041.91
13	513.29	0.84377	-1283.37	267.27
-13	489.092	0.363956	-1469.58	598.062
-13	1208.57	0.387771	-1361.17	388.381
-13	405.437	0.135302	-1423.37	-1404.45
-13	403.304	0.782109	-458.924	-742.419
13	518.39	0.408563	-312.393	927.606
13	491.119	1.07527	-127.345	1400.82
-13	452.588	1.1674	1332.35	-1177.98
-13	486.006	0.106535	883.299	-895.517
13	411.212	1.07737	-1078.75	-1307.55
-13	642.068	0.306135	-893.028	-333.097
13	586.697	0.607048	299.657	784.049
13	411.232	0.727014	-163.986	-1031.51
-13	553.59	0.214646	365.977	9.48253
-13	1214.1	0.888034	351.543	856.025
13	411.25	0.822244	-5.17229	-104.984
13	498.675	0.570697	140.079	-607.751
13	432.808	0.160847	110.245	334.222
-13	525.35	0.981456	-647.275	-887.574
-13	1079.73	0.96637	451.485	-1041.55
13	436.64	1.15757	70.9937	-34.2729
-13	704.167	0.524944	325.432	-1057.55
-13	414.697	0.746815	-1204.53	59.8285
13	460.565	0.543532	1423.04	-286.083
13	512.297	0.102725	-1412.24	1101.79
13	820.427	1.20179	115.416	-833.538
13	567.239	0.896687	-1164.64	796.562
-13	765.177	0.929274	9.02645	-1190.84
13	464.285	0.387308	-1275.74	463.184
13	471.899	0.434217	789.3	-1261.6
-13	1102.03	0.738728	192.215	-1043.55
13	516.125	0.834941	-0.558391	-9.78297
13	405.538	0.50671	766.762	-1257.81
-13	602.798	0.718519	-1325.72	933.224
13	660.059	0.396456	-480.29	209.999
13	411.186	0.999004	-570.531	-1347.82
-13	440.457	1.08745	1259.95	291.456
13	1121.35	0.127774	136.761	1378.3
13	543.622	0.520469	-853.734	-599.009
-13	547.533	0.168283	-1417.37	-1435.62
13	1916.93	1.04955	1248.12	787.717
13	499.717	0.896957	-256.894	-469.479
-13	456.022	0.360627	-247.758	427.235
13	456.334	0.223654	390.74	13.6012
-13	574.946	0.748888	-1117.43	-470.55
13	466.066	0.989517	171.458	-1006.73
-13	481.218	0.669157	788.599	674.27
-13	681.296	0.604771	-89.2412	640.989
13	598.252	0.158088	498.696	-53.7039
13	404.111	0.764054	-512.369	1452.57
-13	1615.3	0.754295	1393.39	-923.798
13	462.616	1.09063	-1401.74	799.557
-13	634.176	1.22016	-264.015	-279.573
-13	9514.51	0.631091	-109.965	248.315
13	541.619	0.378797	-1118.26	-1284.47
-13	773.433	1.08343	-1321.28	1008.88
13	630.686	0.869616	548.715	346.958
13	621.474	0.519294	691.808	1283.54
13	423.827	0.663012	-503.82	-189.442
-13	600.851	0.880492	1346.94	840.468
13	973.002	0.0529113	-546.964	211.185
13	471.202	0.955553	-762.021	346.638
-13	1782.35	0.863512	35.4041	1263.82
-13	408.904	1.13172	762.258	360.064
13	843.253	0.750475	-613.838	355.415
-13	545.413	0.14988	-277.553	-1055.61
-13	1021.33	0.286304	-1323.66	-603.733
13	436.577	1.01511	-1223.71	-943.712
-13	456.107	0.386115	-848.415	605.39
-13	678.165	1.02827	187.094	1207.75
-13	878.817	0.752295	-732.566	-1233.94
13	562.388	0.190238	243.454	4.0801
-13	489.094	0.497329	498.688	-275.056
-13	558.133	1.22021	-844.339	170.806
-13	1093.65	0.0190203	-185.567	-151.049
-13	477.413	0.539603	-612.564	-585.172
-13	414.683	0.395342	290.515	-1064.19
13	400.911	0.249147	-1049.25	-1264.43
-13	681.597	0.0611123	-1323.89	520.245
13	416.019	0.57766	-206.038	454.889
-13	1498.64	0.534349	773.544	900.087
-13	512.384	0.627219	982.715	-1445.9
13	418.97	1.00227	-1053.67	-1436.74
-13	561.919	0.444726	160.131	1226.75
-13	728.877	1.10195	200.127	-217.092
-13	755.035	1.19725	335.901	492.996
13	808.587	0.485279	-182.953	-226.823
-13	503.616	0.774939	-992.05	-613.004
13	571.371	1.0039	539.173	-14.1428
-13	615.945	0.232884	-1336.43	1116.43
-13	544.59	1.15537	759.786	1485.04
-13	445.586	0.798054	547.216	1050.82
13	1072.69	1.21113	716.277	-1312.34
13	513.484	1.19654	1347.95	-979.321
-13	1113.04	1.0461	1369.12	-231.138
-13	402.931	1.01826	880.932	576.363
-13	415.537	0.216307	-756.583	-1376.1
-13	681.237	0.242781	322	-940.348
-13	404.871	0.181732	606.471	-608.622
13	646.154	1.12727	-90.7644	1319.28
-13	471.695	1.05491	342.941	-77.4191
-13	469.635	0.950299	-1010.05	-1387.67
-13	427.375	0.952716	-1116.49	885.932
-13	621.697	0.634597	219.094	-779.611
-13	424.786	1.17749	-985.449	674.415
-13	966.79	0.35351	1004.66	1200.48
-13	559.157	0.81628	-762.906	-1401.59
-13	596.453	0.694877	730.645	-89.2151
13	664.161	0.0440571	947.647	871.602
13	412.089	1.18796	735.173	296.448
13	482.672	0.986798	1101.8	46.2604
-13	446.197	1.02437	1226.04	-984.244
13	543.642	0.82231	-911.17	-180.24
13	460.815	0.659864	44.3807	-1494.87
13	651.846	0.942064	-67.1033	99.4703
13	713.435	1.12556	-1136.18	-75.6797
-13	525.082	0.815354	768.756	974.425
-13	725.319	0.306916	-1128.49	-1005.88
13	1554.37	0.731161	248.88	1197.86
-13	468.407	0.693784	-932.74	-694.143
-13	471.687	0.00749445	-104.717	1130.84
-13	1324.98	0.606398	908.267	-989.97
-13	577.159	0.096398	1327.63	-472.954
-13	403.476	0.0577547	-189.279	826.967
-13	846.757	0.912254	1122.53	128.475
-13	671.655	0.730696	-990.634	-1189.63
-13	559.048	0.165169	342.941	-371.228
-13	641.196	0.210132	-721.983	-1281.75
-13	1660.74	0.227965	-731.762	-601.81
-13	1363.55	0.693329	-1484.72	-382.214
13	627.543	0.590928	238.552	798.596
13	468.961	0.425037	-210.208	177.104
13	403.77	0.405561	1018.68	-1272.19
-13	407.382	0.720549	-1013.73	1383.3
-13	787.613	0.0471949	-394.881	-34.2669
13	569.333	0.472438	634.777	-1157.84
-13	510.193	0.146615	-1290.73	-1217.57
-13	457.004	0.651392	-913.415	-180.181
-13	455.767	0.701277	-844.346	165.715
13	487.034	1.09284	-692.633	-189.505
-13	449.564	0.141963	-670.932	233.961
13	561.181	0.220256	-1029.3	-1255.88
-13	454.614	0.144045	1033.68	-72.5097
13	464.422	0.0114037	464.188	-34.8394
-13	416.53	0.00293356	317.639	1150.77
13	537.633	1.20145	942.731	-1207.04
-13	786.01	0.878457	381.598	-1346.83
13	614.514	1.0311	1182.84	-464.443
-13	446.026	0.534129	-1009.87	-864.47
-13	1357.91	1.00966	-805.239	704.134
13	673.025	0.755464	-488.243	-655.143
13	845.713	0.592903	-615.306	145.529
13	848.494	1.07682	1042.59	1492.61
13	468.187	0.957635	-283.179	700.619
13	750.278	1.02557	131.307	-176.247
-13	494.966	0.40972	78.84	333.29
-13	483.578	0.650299	786.4	-102.387
13	473.177	0.773108	-544.161	598.946
-13	499.554	1.02145	-314.78	-468.868
13	437.307	0.92048	-219.529	-1454.07
-13	588.916	1.08631	-685.414	-663.399
13	402.858	1.04944	876.136	-1020.33
-13	472.755	0.201464	798.022	-1186.71
-13	454.234	1.10031	-1376.3	1063.98
-13	455.36	0.931528	1386.83	325.623
-13	514.977	0.543347	860.34	-179.007
-13	767.908	1.00514	-82.965	924.706
-13	426.853	1.0663	-1155.57	-1246.44
-13	1507.72	0.833727	-417.264	86.2807
-13	491.599	0.631467	-880.646	-200.83
-13	3956.82	0.942551	773.332	1167.92
13	487.121	1.16754	1228.68	-187.827
-13	495.67	0.911303	-1406.59	-27.4131
-13	4579.41	1.18076	-1343.43	873.074
-13	559.125	1.07687	1118.15	-203.75
-13	480.08	0.331574	-1458.2	1238.25
13	500.922	0.728296	381.424	-1369.89
-13	829.226	1.06164	-219.771	-214.143
13	919.157	0.882282	-513.536	-839.733
-13	460.052	1.15553	594.191	-1090.84
-13	902.096	1.088	-1320.35	-1406.97
-13	1296.39	0.0603219	1467.75	-693.007
-13	424.923	0.197869	-670.247	333.021
-13	458.904	0.652714	1365.17	-431.118
13	410.283	0.381218	-365.878	-1332.8
13	462.61	0.734747	-1277.34	-728.4
-13	590.836	0.887526	-275.005	192.03
-13	409.636	0.964926	-652.167	-756.559
-13	1566.94	0.76312	733.25	-105.533
-13	512.403	0.0202453	-1486.75	1306.14
-13	544.389	1.03187	964.164	216
-13	1085.17	0.0903858	-876.105	845.523
13	407.794	0.127579	1442.9	666.068
-13	709.271	1.14611	1410.47	-401.245
-13	810.789	0.294874	861.954	1350.51
13	628.03	1.08706	1007.89	-1090.38
13	1164.73	0.960207	-543.445	580.046
-13	474.46	0.742638	1310.82	602.633
-13	451.918	0.922686	-1147	1495.09
-13	712.829	0.4353	-781.932	-1008.5
13	447.144	0.603707	-1414.88	-695.667
-13	584.904	0.183008	-153.242	442.108
13	448.612	0.500193	227.658	371.461
13	429.092	1.20195	-981.16	92.1312
-13	412.777	1.16902	1209.28	-1134.76
-13	749.005	0.262713	-1080.44	-1446.39
-13	1016.18	0.537695	1382.88	-312.6
-13	453.897	0.484704	1395.11	-1206.67
13	424.645	0.945288	-161.705	968.884
13	483.846	1.20963	626.05	-861.148
13	771.969	0.120282	836.228	-298.777
13	424.437	0.080543	-408.425	-620.221
-13	4911.21	0.904285	-996.056	-1046.91
-13	555.206	0.860061	1005.15	-1139.46
13	466.125	0.658775	541.828	-1007.45
-13	432.357	0.712821	402.962	-1196.85
13	1425.62	0.927264	-650.725	-941.453
-13	791.762	0.87905	-269.68	192.879
-13	412.174	0.879046	318.309	1320.26
13	410.246	0.817737	307.141	-421.583
-13	470.626	0.639677	-155.852	-598.947
13	693.709	1.06265	-144.2	-1055.12
-13	492.861	1.05465	1149.56	884.656
13	555.736	0.780073	290.334	-515.379
13	404.51	0.495314	1254.37	-1268.87
13	746.682	0.724542	-992.848	-871.995
13	403.434	0.59254	-348.448	229.956
-13	856.425	0.945118	-1031.03	-172.264
-13	451.946	1.03071	-163.966	241.294
-13	471.956	0.541112	-910.872	226.595
13	711.074	0.0790474	1177.91	-1295.19
13	484.578	0.0577561	846.321	22.9551
-13	531.698	0.340312	-118.879	210.49
-13	749.756	0.691095	671.796	-1041.85
13	695.918	0.594007	-809.114	-406.316
13	432.692	0.332732	-824.129	-720.034
13	433.325	0.953065	-814.142	951.257
-13	432.66	0.542907	945.292	6.358
13	466.115	1.21383	1255.74	660.522
-13	1509.99	1.1684	173.422	-86.6996
-13	414.113	0.88908	1411.71	-822.962
-13	693.806	1.10566	-55.0987	-764.715
-13	1047.05	0.0097314	-1207.29	554.966
-13	484.856	0.149271	524.036	-332.997
-13	1925.49	1.20594	896.301	439.327
-13	484.217	0.693279	1028.08	434.81
13	717.749	1.0211	-1153.67	452.197
-13	604.92	0.697551	507.004	442.459
13	558.407	0.560363	-477.511	-1201.02
-13	496.346	0.616774	-908.581	356.004
-13	2939.46	0.571651	-323.041	1195.71
13	451.718	1.12652	203.208	-928.063
-13	1453.76	0.937829	699.297	1246.31
-13	683.278	1.22003	-1397.36	-247.097
-13	3489.11	0.0926286	1373.64	1038.42
-13	748.826	0.857136	1484.21	-502.429
-13	414.939	0.237316	144.066	-970.036
13	739.718	0.697852	421.682	-976.338
13	427.456	1.18012	-1201.68	222.497
-13	479.47	0.217571	1371.48	-750.56
13	495.593	0.655963	138.217	910.947
13	411.934	0.725906	-443.762	-1161.08
13	666.505	0.0484321	395.473	-236.799
13	604.509	1.04865	-542.174	-495.403
13	1016.65	0.303442	662.179	-67.3102
-13	610.195	1.0365	-443.569	-1148.17
-13	440.84	1.1761	-404.804	1015.39
13	981.583	0.737249	297.523	-894.583
-13	600.784	0.821536	-1031.2	-1157.16
13	809.051	0.390595	-839.145	650.666
-13	465.548	0.545773	-233.828	-74.21
-13	1091.94	0.0320327	-1387.46	-278.524
13	458.726	1.01581	-201.256	-67.0156
-13	1074.26	0.809918	418.912	-437.103
13	499.41	0.191969	-1095.59	378.754
13	511.751	0.146887	-1222.73	-92.5612
13	12890.4	1.14385	1267.56	1396.9
13	437.43	0.125174	-1478.71	640.344
-13	493.774	1.13448	-1201.76	-126.503
-13	849.735	0.873111	-92.7416	-1053.34
-13	598.657	0.469521	-944.118	745.784
13	690.516	0.924027	69.101	202.462
-13	427.081	0.259789	-1183.82	1198.31
-13	462.706	0.148401	-807.854	1218.39
-13	417.51	0.0747034	52.5334	-1213.15
-13	1062.07	0.33033	-1079.79	920.666
-13	455.04	1.07699	-468.741	1191.33
13	490.043	0.406253	174.453	-27.9136
-13	1368.21	0.33969	-903.856	1064.93
13	744.469	0.858331	696.687	-630.873
13	415.57	0.406367	316.953	-1182.77
13	534.543	0.569065	1470.25	-815.607
13	406.727	0.860608	1383.78	284.917
-13	435.222	0.63893	-467.953	1490.99
13	760.025	0.835119	1365.12	-877.971
13	425.896	0.578306	-1037.25	998.841
13	467.938	0.781023	-801.115	-1001.75
-13	443.594	0.25349	-504.526	102.685
-13	534.496	0.523213	-1065.61	-1392.95
13	439.927	1.00669	715.544	959.361
-13	407.893	1.08491	-451.078	-275.97
13	1414.12	0.0834368	1372.24	359.161
-13	509.048	0.0112351	-651.504	247.845
-13	445.203	0.422938	1382.43	761.191
-13	537.094	0.998305	-640.164	-107.035
13	891.75	1.12367	912.487	-647.447
-13	432.092	0.362867	-883.853	-616.23
-13	636.808	0.606705	-754.12	-25.4542
-13	497.554	0.809413	97.2024	71.1059
-13	576.789	0.44727	-801.974	-1282.12
13	520.827	0.519599	426.947	-834.733
13	980.497	0.669824	-669.494	367.968
-13	584.751	0.965494	-642.666	1429.23
13	520.359	0.634056	-378.145	583.17
-13	502.915	0.867946	-334.085	-472.042
13	803.321	0.00551123	819.035	-851.479
-13	1269.93	1.1597	-999.217	-1327.38
-13	421.743	1.10743	240.688	1458.85
-13	601.323	0.93985	1191.97	-1234.76
13	412.433	0.727273	-737.888	-972.304
-13	473.389	0.54405	-621.487	-751.847
-13	591.985	0.998673	853.969	454.876
-13	608.26	0.990059	-1293.81	814.505
-13	402.347	1.19109	-988.236	-1038.14
13	441.111	0.304847	-59.4656	-265.771
-13	766.622	0.437422	-1293.49	-1452.46
13	451.056	0.333418	722.211	-1151.12
-13	2624.45	0.672235	-223.656	1137.03
-13	485.461	0.419626	486.028	826.608
-13	449.316	0.422135	-888.544	-1396.1
-13	501.267	0.579288	-184.55	1173.31
13	638.15	0.571856	-152.281	-767.305
-13	463.708	0.684778	-624.033	-723.172
13	836.279	0.665444	980.745	-194.85
-13	840.881	0.89825	-617.627	324.024
13	532.634	0.0430715	-1012.45	-1131.07
13	537.106	0.371861	394.794	-77.4881
-13	786.643	0.409407	208.456	989.247
-13	1060.79	0.785422	-840.597	-832.824
-13	408.054	1.10155	394.153	-1135.93
13	642.885	0.660746	828.052	697.722
-13	673.735	0.683735	1118.19	-344.08
13	828.003	0.0761321	927.072	-361.63
-13	604.005	0.976191	517.802	399.224
-13	451.24	0.327539	232.267	1152.71
13	588.799	1.1439	546.072	825.482
-13	519.23	1.19069	-677.047	479.58
-13	720.956	0.821688	-880.045	-1404.72
-13	565.9	0.770641	-462.854	-1156.51
13	420.129	0.375274	454.622	-1402.56
13	665.963	0.0621298	-607.038	1478.15
-13	651.695	1.03558	339.561	-1133.1
-13	439.389	0.574459	1478.99	-1305.41
13	433.519	0.20789	-263.611	528.231
13	485.213	0.730674	898.195	-167.527
13	585.356	0.997466	349.586	-1028.41
-13	1176.58	0.9586	938.963	-352.344
-13	402.628	0.762856	1191.26	1083.92
-13	495.098	0.491443	-916.488	335.68
13	556.609	1.21806	359.331	621.779
-13	467.587	0.717839	-1252.96	-602.43
-13	428.889	1.01401	169.304	1283.41
13	1054.28	0.754318	-1281.07	-605.31
-13	473.692	1.11993	-677.76	703.641
-13	473.839	1.00067	693.894	1335.68
-13	1143.49	1.07946	1337.22	-556.873
13	475.186	0.618567	-718.707	1385.55
13	1147.17	0.498987	177.343	137.53
-13	856.219	1.10055	611.671	-98.6625
13	435.798	1.21936	297.042	-1421.49
-13	424.977	0.859514	-435.26	403.67
13	499.616	0.200023	1280.57	200.214
-13	419.218	0.380325	779.304	-1433.63
-13	480.237	0.947596	-16.5892	-1080.41
13	528.617	0.626909	255.37	-1096.65
13	698.045	0.579515	-769.599	-951.518
-13	526.847	1.16722	-704.478	1491.29
13	721.625	0.260414	1475.22	315.843
-13	1641.69	0.448951	-651.64	-403.05
-13	437.822	0.670363	544.502	-753.459
-13	413.121	0.797144	1149.52	1211.55
-13	417.434	0.469565	1366.02	-1189.17
13	917.559	0.629873	912.446	785.644
-13	518.662	0.95035	878.031	-181.276
-13	637.965	1.1148	1095.51	578.835
-13	414.832	0.168809	-1074.77	704.358
-13	679.835	1.13827	1292.62	1325.22
13	409.357	0.636571	1219.22	-1021.19
-13	1114.86	0.950101	-343.451	732.049
-13	1760.5	0.67946	434.555	-177.98
-13	880.32	0.0396015	-321.796	38.5866
13	432.632	0.570253	1056.53	1239.03
13	490.013	0.618424	-651.159	-920.737
-13	540.524	0.864978	599.567	-1380.41
-13	440.696	0.759303	-599.238	-621.655
-13	521.413	0.346737	1474.26	665.908
-13	527.68	1.12421	1016.41	321.353
-13	424.181	0.915869	-954.676	-833.679
-13	449.541	1.0268	526.31	-1146.7
-13	417.444	0.014428	-1245.78	-1436.54
-13	495.099	0.654033	-202.002	-448.749
-13	811.187	0.68803	-452.422	1344.87
-13	684.794	0.656718	816.383	478.747
-13	798.705	1.21504	-455.818	476.768
-13	411.824	0.117235	-216.183	21.3596
-13	1474.86	0.622626	757.297	-682.86
-13	494.302	0.406826	-1032.07	-333.997
13	788.947	1.18662	863.646	842.978
13	3509.27	0.524742	765.83	-1151.17
-13	854.701	0.443462	-1403.23	1325.41
13	1621.35	0.838569	1361.05	-672.727
13	465.912	0.454378	540.537	877.983
-13	768.116	0.098765	-656.852	-1173.82
13	438.556	0.702581	602.472	-1191.34
13	576.938	0.923511	-215.241	20.5944
-13	411.192	0.309586	-849.474	-676.569
-13	430.751	0.608886	166.308	-508.864
-13	407.917	1.12293	814.989	203.555
-13	479.835	0.852997	753.665	510.865
13	526.714	1.17536	-1485.14	-644.957
-13	540.803	1.07541	1036.54	800.683
-13	3706.17	1.07096	-804.599	-589.809
13	678.31	0.490551	-9.08376	-1498.76
-13	627.055	0.0409499	505.078	-564.762
13	474.929	0.739332	416.624	-390.238
13	400.932	0.784547	121.788	-803.706
-13	402.642	0.466618	60.0958	-368.358
13	457.42	1.00211	-1411.68	314.046
-13	417.665	1.08135	121.923	643.474
-13	421.481	0.661736	1038.86	500.437
-13	679.99	0.796082	44.4288	560.741
13	554.113	0.260961	858.765	96.6884
-13	422.569	0.88766	593.424	575.258
-13	481.649	0.536542	1400.22	72.4289
-13	468.087	0.832051	-1076.81	809.043
13	468.014	0.802857	-733.039	-1062.97
-13	770.326	0.982821	599.995	-561.774
-13	470.149	0.877045	-72.7547	-548.795
-13	438.302	0.371524	469.461	-1159.76
-13	810.132	0.244126	58.7622	916.214
-13	588.611	0.312987	913.418	-1189.54
-13	790.58	0.154298	-1265.16	379.891
-13	430.446	0.751609	-646.641	902.508
-13	496.445	0.917579	-857.087	1293.83
-13	746.275	0.0930996	347.906	1405.31
-13	934.778	0.922452	-43.7405	947.473
13	498.072	1.15214	-1392.13	-815.522
13	466.728	1.00633	758.963	264.501
13	472.946	0.668411	694.578	54.7464
-13	577.509	0.277034	-860.203	1333.55
-13	879.731	1.05751	-848.235	859.441
13	1102.24	0.739815	-457.261	854.605
-13	402.413	0.320576	-722.645	492.547
-13	419.668	0.887195	-694.825	1286.83
-13	754.397	0.507833	-1070.67	918.545
13	437.946	1.00901	579.502	-1198.19
-13	453.547	0.216611	75.7547	1304.52
-13	942.036	0.878888	1007.1	1155.58
13	499.219	0.988692	661.816	1133.89
-13	600.021	0.209085	960.208	-735.224
13	786.43	0.843534	-968.462	557.612
-13	646.116	0.60875	-4.82671	-541.34
-13	625.048	0.383737	-84.3838	-494.801
13	480.607	0.641375	981.32	-1207.01
-13	637.424	1.04452	-1184.44	406.328
13	781.284	1.03174	29.9528	-1050.94
13	528.027	0.540311	33.9763	-1466.59
-13	576.881	0.841178	1429.63	-51.0464
13	800.663	0.0513679	-1.32909	585.944
-13	433.805	1.09517	-1160.24	51.2121
-13	797.474	0.00481428	-1476.76	832.562
-13	504.259	1.01041	-1366.27	755.151
13	484.192	0.281576	-310.23	1118.02
13	428.973	0.878018	1197.9	195.073
13	438.889	0.789018	900.825	-450.826
13	631.122	1.07227	1002.49	1196
13	451.285	1.09691	159.647	338.595
13	951.124	0.800564	749.117	534.313
-13	1030.86	0.529474	-230.925	-730.709
13	697.84	0.52127	846.757	-1387.92
-13	460.123	0.383579	821.926	-870.635
13	403.982	0.00320078	-32.3673	-1338.35
13	533.453	0.785164	-1341.78	1371.76
-13	708.692	0.227867	-279.181	1161.72
13	1255.27	0.548913	473.238	-1023.6
13	586.923	0.211197	880.29	6.09244
-13	584.937	1.01483	539.622	-1392.87
13	499.569	1.1053	-329.694	569.971
13	460.119	0.659435	-1491.74	1224.86
-13	426.985	1.03156	709.716	467.339
13	427.464	0.160057	-1185.45	449.815
13	404.609	1.01512	-1123.02	467.056
-13	712.825	0.814408	-293.975	88.1112
-13	425.745	0.0288054	-951.786	-1120.83
13	745.162	1.14848	-1483.98	1298.79
-13	638.503	0.511628	-1320.57	-1255.71
-13	415.176	0.603258	-213.999	526.142
-13	476.091	1.01998	-970.657	1258.17
13	527.017	0.286539	-28.2112	1076.15
-13	414.416	0.399904	1150.3	936.934
-13	665.724	0.109877	-706.165	-222.787
-13	488.228	0.498878	-1311.77	76.9283
13	439.536	0.59012	1151.7	-950.029
-13	650.369	1.18979	820.015	379.3
13	872.47	1.04187	19.0546	-913.182
-13	1318.08	0.208436	1229.68	-1447.03
-13	455.438	0.558903	-1315.25	1353.96
13	568.767	0.37695	-881.208	1401.82
13	421.577	0.814138	1475.88	1070.83
13	501.228	0.259097	-1411.58	1232.18
-13	576.516	0.109245	-1255.4	1133.02
13	557.55	0.469566	1115.08	-544.884
-13	685.87	0.670641	142.837	1458.43
-13	464.214	0.693777	-945.135	-1458.78
-13	451.569	0.254067	-422.651	1487.39
13	589.162	0.827192	394.571	159.402
13	1503.51	0.376073	1319.8	-47.405
-13	452.362	1.19994	-130.13	-339.24
13	414.171	0.756823	1161.84	1484.48
-13	402.481	0.647453	-1401.98	-1026.77
-13	635.721	1.14137	-829.603	-978.195
13	734.321	0.235857	1119.5	729.365
13	540.012	0.6161	-361.841	-998.408
-13	927.841	1.12772	-1236.84	-945.941
13	694.422	0.864841	-979.462	-80.182
-13	630.433	0.91273	-769.388	-369.778
-13	587.034	0.791421	1195.48	-242.407
-13	407.136	0.182902	-610.791	-154.687
13	607.403	0.694193	-39.621	-569.18
-13	535.918	0.647949	-582.929	-1009.54
-13	544.511	0.966355	383.516	438.195
-13	410.582	1.07697	654.031	529.18
13	974.941	1.21992	-191.039	1171.96
-13	783.607	0.000431424	-967.942	956.627
-13	728.071	1.00497	-1042.83	277.667
-13	421.26	0.17888	470.624	-638.279
13	468.418	1.00891	-1331.67	693.145
13	835.746	0.957683	-1334.15	-609.121
-13	613.092	0.795787	350.768	-1158.82
-13	1219.99	0.109138	1350.57	577.043
-13	495.213	0.826662	14.5948	310.938
13	423.4	0.0826447	-1165.68	201.375
13	620.306	1.17583	-533.287	-183.179
-13	441.453	0.350459	34.3856	-1176.66
13	468.624	0.89045	-746.139	-833.511
-13	556.363	0.457791	91.4107	1180.85
-13	557.536	0.36863	-416.592	-1378.75
-13	569.581	0.101019	-653.093	-549.963
13	486.064	1.19263	742.004	-1340.94
13	652.941	1.09704	-609.243	-1241
-13	611.739	0.525731	1374.94	-153.713
-13	1346.49	0.966376	1076.38	737.026
13	660.357	0.219149	-762.087	-111.647
-13	437.745	0.485114	935.936	-709.056
-13	597.848	0.560887	-507.613	-219.88
13	415.036	0.634849	-570.372	611.508
13	770.138	1.11541	-1417.93	1025.37
-13	450.992	0.832554	-208.657	-486.796
-13	436.927	0.561657	-144.525	1407.94
-13	517.216	0.804142	877.85	-1104.39
-13	526.769	0.185777	1323.73	827.195
13	559.578	0.0263207	496.553	-259.762
13	424.2	0.612127	559.684	1405.19
13	843.781	0.746931	-700.389	-671.49
-13	1043.15	1.22118	339.618	-387.521
-13	972.782	1.08493	488.718	1480
13	480.188	0.0794958	1134.93	-1403.94
-13	608.767	0.526431	-1235.97	-1439.92
-13	438.177	0.232468	-518.747	-1417.55
13	877.829	0.229047	-1131.33	735.345
13	630.142	0.416374	303.604	-449.043
-13	1110.23	1.06331	-976.101	-1461.28
-13	431.426	0.111552	536.534	972.864
13	624.043	1.03256	629.354	761.258
-13	1774.07	0.543084	20.2272	983.186
-13	405.591	0.9463	858.743	-1384.97
13	1050.89	0.421676	-382.408	1481.9
-13	1647.58	1.21406	-360.49	282.583
-13	529.533	0.531952	996.4	582.34
13	444.814	0.878231	-99.6422	-1289.57
13	471.064	0.0806098	-459.149	-1192.07
-13	594.268	0.902587	-259.768	1421.99
13	424.181	1.04654	-1324.6	382.276
13	472.393	0.127346	1468.84	-921.078
13	444.695	0.488713	429.526	1330.16
13	967.135	0.0450855	1126.31	837.029
13	1017.68	0.933557	-1339.51	-874.595
-13	561.579	1.21794	825.165	-1360.45
-13	1022.74	0.0929266	874.475	-1166.11
-13	515.786	1.20807	-1120.89	48.8217
-13	476.467	1.06696	577.221	-1381.81
-13	513.133	1.14058	-1336.44	-446.184
13	414.575	0.809146	-887.068	1367.61
13	1081.57	0.233801	-93.69	-428.293
13	420.146	0.814578	-1366.47	-481.667
-13	483.605	0.369187	883.116	672.51
-13	549.329	0.0150377	-170.282	341.872
-13	569.99	1.08462	-608.999	-1354.36
13	550.647	0.684295	129.657	101.14
-13	1339.22	1.20276	-1426.3	616.543
13	617.974	0.878788	-1234.24	827.331
-13	682.621	0.671543	412.255	957.597
13	535.724	0.56009	1422.38	736.122
-13	455.455	0.711123	-1089.97	-1421.96
13	1405.7	1.09636	243.043	-1477.01
-13	600.018	0.930646	-407.041	1189.67
13	427.666	0.922658	-299.365	-353.231
-13	504.64	0.710346	607.531	492.845
-13	573.258	0.758799	1267.15	-667.414
-13	658.497	0.770504	199.884	1256.1
-13	535.549	0.632245	-863.362	-817.735
-13	432.336	0.84365	-920.704	-562.476
13	446.132	1.13967	10.8839	1347.94
13	513.128	1.04776	-969.158	-481.724
-13	517.685	0.00917982	-450.033	-238.404
13	670.292	0.312757	-1392.93	-231.631
-13	478.257	0.0643662	1264.61	688.444
-13	479.617	1.13183	38.2494	325.27
13	572.491	0.727099	913.57	-1408.94
13	1080.54	0.0700039	14.6038	793.929
13	493.411	1.2117	1338.61	1080.78
13	940.471	1.21927	14.2151	111.379
13	441.783	1.10324	204.35	-417.069
-13	793.798	1.07854	1223.97	550.295
13	984.162	0.797927	229.164	936.51
-13	489.06	1.20576	-70.0602	-793.079
-13	1452.34	1.06376	1301.08	647.049
-13	450.491	0.939945	-1221.91	798.815
-13	601.486	0.849536	44.2228	-1435.79
13	1797.9	0.0857994	530.524	576.334
13	1244.64	0.682076	-688.364	711.302
-13	1304.6	0.606371	169.196	206.291
-13	546.151	1.09562	-309.87	375.32
13	598.371	0.625788	517.213	142.113
13	708.655	0.038987	-22.7213	-85.8145
-13	840.854	0.768476	-721.732	-70.1491
-13	437.682	0.922503	379.011	911.417
-13	632.133	0.0411415	-301.436	1363.54
-13	455.516	1.22084	1199.35	1047.03
-13	821.283	1.03689	-379.191	-1194.03
13	441.413	0.68777	-1252.3	131.2
13	400.892	0.677124	-862.783	-779.646
-13	649.167	1.13412	1272.55	885.979
13	455.433	0.392938	-354.117	34.4738
-13	637.136	0.491906	708.862	187.535
-13	714.308	0.742691	1336.61	-779.993
-13	461.197	1.14772	896.163	-1392.51
13	501.036	0.646213	990.769	1223.33
-13	527.235	1.0477	-1061.69	1089.44
-13	462.261	1.07872	-566.843	-139.259
-13	818.102	0.628783	-1037.17	-705.229
13	1356.95	0.980161	1427.25	173.358
13	689.374	0.257383	1419.78	1314.68
-13	511.107	0.846127	-55.2392	1052.23
-13	699.007	0.345294	54.9154	-1174.11
-13	530.782	1.0286	1499.64	-1425.92
-13	618.271	0.935774	101.922	-910.512
13	512.07	0.215075	-660.372	-887.82
13	805.463	0.462896	1274.06	-1125.99
-13	405.646	1.18353	1357.68	1391.52
-13	512.03	0.492878	167.582	-243.466
13	493.593	0.209752	946.204	1154.9
13	462.51	0.542224	356.712	-1439.03
13	688.677	1.10705	1274.29	658.365
-13	536.693	0.744707	-38.9957	318.447
-13	450.068	1.09596	230.214	1113.66
-13	980.656	0.249078	281.071	1079.48
-13	476.311	0.0339555	897.077	-110.324
-13	764.377	1.17712	1170.88	-1455.94
-13	820.425	0.643943	1133.01	719.082
-13	529.197	1.20652	-1205.98	-1391.7
13	450.468	0.436926	1376.38	-969.718
13	430.039	0.941215	876.921	254.621
-13	500.014	0.515003	-1083.54	-1105.93
-13	5913.89	0.69567	-290.267	790.632
13	750.971	0.748738	-176.998	1027.96
-13	724.504	0.795556	-1448.11	788.275
-13	452.876	0.86151	343.646	1350.01
13	727.892	0.130579	1115.96	702.267
-13	975.62	0.395396	420.538	1352.14
-13	1023.54	0.417465	1195.13	949.721
-13	496.521	0.227052	1124.94	-579.46
-13	966.864	0.313546	749.157	-1099.81
13	5461.31	0.834841	521.825	-1065.4
13	1124.97	0.721521	-1280.25	752.897
13	478.692	0.993863	1377.47	-404.903
-13	565.294	0.921806	1290.89	-1332.2
13	501.274	0.18892	-1467.44	-161.088
-13	516.106	0.624568	1491.45	1232.49
-13	493.862	0.222896	-1047.46	-1220.27
13	906.983	0.650245	1355.5	1428.73
-13	502.5	0.425032	891.576	-1078.63
-13	507.632	0.531205	-1321.2	-823.014
13	1177.05	1.00864	-329.834	216.571
-13	444.591	0.232415	821.997	-702.613
13	654.544	0.780454	699.009	-282.554
13	698.912	0.956057	-275.378	-739.14
-13	1053.26	0.671399	-1045.29	705.111
13	407.018	0.151837	1379.72	1136.19
-13	557.904	0.238074	151.419	894.755
-13	550.729	0.984032	957.723	1070.03
-13	439.873	1.08045	1229.03	994.81
13	525.975	0.697199	-938.545	-1318.87
-13	564.957	0.499902	-566.928	450.218
-13	457.516	1.04214	-1184.74	-381.932
13	692.743	0.523469	-1258.9	1219.19
-13	485.652	1.00845	-730.612	535.154
-13	506.726	1.01686	1021.15	-88.2374
13	496.269	0.358927	-115.703	402.843
13	427.108	0.853252	-703.73	-1220.69
13	664.693	0.780349	-122.679	-45.0787
13	511.359	0.55201	-612.252	-631.309
-13	639.59	1.04821	393.541	-1453.56
13	435.223	0.454147	-11.2111	844.253
-13	762.042	0.654805	-809.543	-456.018
-13	422.479	0.495291	626.68	-386.751
-13	518.885	0.641258	-304.231	-929.295
-13	606.865	1.01536	1073.06	-14.6274
13	553.973	0.704389	-1169.62	-1336.11
13	576.65	1.11409	-741.566	-39.7824
13	995.218	0.421479	469.454	348.973
13	685.908	0.849314	-615.487	-1415.47
13	421.471	0.94387	276.073	852.162
-13	1392.69	1.1392	844.191	-465.283
13	433.661	0.372448	-381.25	-1423.07
13	520.838	0.804638	-1418.12	-511.394
-13	609.367	1.19517	-1173.82	470.543
13	1326.12	0.0412782	915.171	859.128
13	522.026	0.0377261	819.921	1134.24
-13	599.1	0.70991	488.386	801.511
13	406.217	0.531933	839.21	198.32
13	1051.43	1.03234	45.7113	629.905
13	579.262	0.0713081	-642.446	-189.255
13	730.065	0.974137	-1349.44	480.86
-13	466.106	0.301834	-615.446	-875.972
-13	500.703	0.331161	-1265.64	425.062
-13	459.516	0.37002	-1430.32	118.012
-13	461.654	0.235057	938.269	227.247
13	2264.63	1.1529	1389.35	-1187.27
13	962.755	1.21696	-299.131	936.506
-13	402.216	0.0386753	952.395	-848.54
-13	413.918	1.01244	-980.226	-206.48
-13	450.653	0.960525	1137.48	1388.4
13	518.171	0.367996	-86.9265	-1359.83
-13	488.352	1.18028	542.329	661.057
-13	572.952	0.630141	1262.8	1030.97
-13	464.925	0.123349	399.481	1275.63
-13	533.93	0.916149	-1069.3	1201.74
13	419.574	1.2197	-718.272	-1444.18
13	534.246	1.10383	-675.042	-359.426
13	2125.83	1.07886	-443.633	-99.8651
-13	785.611	0.183007	429.693	-908.359
-13	400.553	1.04909	829.734	900.283
-13	666.213	0.97617	415.113	-455.815
-13	638.548	1.12591	-1120.24	101.998
-13	551.668	1.17171	-800.065	465.941
-13	529.846	0.159958	986.967	995.798
13	879.44	0.631948	843.905	1089.05
-13	435.954	0.773571	1031.73	542.396
-13	412.975	0.0798391	632.342	1052.41
13	523.663	1.14853	-501.449	-1058.64
13	526.431	0.570801	748.115	673.981
13	477.284	0.989551	1329.95	-68.6854
13	871.603	0.914751	-1218.82	116.054
-13	434.178	0.332944	-534.335	1384.79
-13	452.803	0.178966	-296.952	-1035.25
-13	532.608	0.58855	-835.485	-465.175
13	451.737	0.144636	222.688	-176.224
13	688.845	0.502193	782.792	989.733
13	581.696	1.17103	-276.153	-438.972
13	410.861	0.374674	1395.67	787.025
-13	539.113	0.897348	-1221.47	1055
-13	420.144	0.9406	1398.43	256.71
-13	433.367	0.559472	951.829	-118.689
-13	421.254	0.92952	1088.01	-539.925
13	459.525	0.357966	1126.01	-1379.06
-13	2559.06	0.432121	172.164	-1448.71
-13	601.141	0.305656	-1346.71	74.5953
-13	451.505	0.33403	-1188.73	-996.325
13	487.377	0.820473	-976.469	-743.906
-13	457.913	0.256367	55.037	-84.0692
-13	532.743	0.82408	1004.72	220.559
-13	473.828	0.110169	846.339	692.036
-13	500.193	0.592874	786.571	37.9101
-13	1105.95	0.811489	1254.21	668.887
-13	932.217	0.149025	-981.185	-1375.33
-13	409.56	0.27337	-1437.6	-129.582
-13	617.563	0.0437587	763.199	1209.5
-13	587.042	1.16851	929.706	-238.398
-13	862.585	1.12166	-483.582	710.214
-13	1154.64	0.436601	-1387.02	544.164
13	551.274	1.04109	291.827	393.721
-13	587.144	0.206957	722.419	729.788
-13	1070.68	0.283195	-642.982	-50.9279
13	462.45	0.539736	687.852	-26.3822
13	476.737	1.14103	-538.719	227.058
-13	541.101	1.10842	1171.56	716.479
13	437.748	0.0579718	952.395	-1125.63
13	412.966	0.718168	-263.555	41.1277
-13	548.795	1.06562	1324.63	-1324.07
13	421.331	0.875719	763.494	-709.717
13	984.796	0.934089	-205.311	-602.754
-13	439.017	0.249003	737.954	-462.927
13	511.427	0.226783	1288.32	-174.577
-13	1136.92	1.18962	-728.487	-927.819
-13	898.571	0.0801962	-399.432	-1098.45
-13	405.254	0.888357	842.165	94.1525
-13	456.242	0.0206754	435.788	81.7181
-13	615.392	0.960682	-782.756	-678.193
13	553.587	0.312959	-637.849	-621.464
13	517.431	0.837467	-625.721	19.3243
-13	434.785	0.0467176	-91.9584	-252.185
13	509.911	0.114106	-1363.73	518.78
13	2377.72	0.520738	1215.05	-18.4446
-13	431.572	0.709665	493.726	688.477
13	580.726	1.20136	1321.45	476.486
-13	437.413	0.121475	780.093	-811.793
-13	630.994	1.052	-79.5761	614.143
13	466.097	0.696514	-426.896	787.678
-13	541.914	0.231742	977.225	-536.877
-13	425.321	1.21302	327.945	-1179.74
-13	1017.97	1.21806	468.891	1116.71
13	437.693	0.276515	1205.37	1264.31
-13	646.78	0.854726	-999.165	807.239
13	400.008	0.213635	433.63	-502.923
-13	817.868	0.658005	-784.695	-1078.82
-13	468.353	0.464968	-324.221	420.187
13	1329.18	0.291424	619.624	-1488.02
-13	868.508	0.185426	-313.101	-90.4003
-13	578.028	0.137442	-205.866	685.924
13	420.074	0.531673	630.415	-1427.57
-13	549.984	0.130774	1098.4	-1067.64
13	473.37	1.22103	175.315	768.38
-13	450.956	0.659707	-1171.7	1418.66
13	597.864	0.8632	460.215	396.167
-13	522.192	0.984455	72.0236	1367.86
-13	631.72	0.774826	-324.615	926.392
-13	977.602	0.745786	-644.61	-848.049
13	582.005	0.413397	-1165.37	1256.56
13	539.038	0.250522	-665.681	-285.601
-13	1062.6	0.937916	1486.7	629.719
13	621.33	0.748693	-274.033	-998.097
-13	2147.96	1.16021	213.409	-1426.56
-13	467.448	0.447788	-1033.62	1488.31
-13	718.615	0.112772	-405.597	1293.61
-13	515.799	1.16641	651.187	-573.171
-13	679.537	0.0541362	1090.66	-1227.57
13	448.078	0.76529	406.037	-1354.44
-13	792.12	0.596352	-59.3968	628.655
-13	1278.74	1.02453	-1236.76	-170.976
-13	531.156	0.30823	359.884	-987.007
13	496.074	1.1535	-798.609	-1028.27
13	464.957	0.408866	-1039.14	1085.51
-13	685.614	1.0357	-245.565	-1009.01
-13	424.436	1.20538	1461.34	-1478.8
13	602.984	0.0325989	-1051.57	-682.03
13	523.652	0.522719	-1269.18	-449.911
13	554.339	0.644699	1120.06	1269.47
-13	447.113	0.498751	-1339.85	-93.8146
-13	438.754	0.00375494	1007.51	454.484
-13	423.058	1.14175	1297.13	-1234.94
-13	459.453	0.960724	1065.71	365.068
13	684.283	0.422809	-431.139	733.764
-13	575.909	0.392599	-877.435	-382.706
-13	755.624	0.767711	804.462	248.816
13	424.69	0.308643	-257.804	380.868
-13	609.927	0.995778	-953.935	907.951
-13	457.383	1.20748	745.978	974.218
13	683.181	0.987588	1328.87	-857.782
-13	769.235	0.125185	-450.458	341.214
13	643.939	0.72073	-1299.92	548.838
13	414.178	0.94019	-154.55	922.229
13	479.725	0.163952	-440.367	-732.482
-13	521.122	0.730534	-257.267	47.4487
-13	503.107	0.399455	-1425.32	1132.08
-13	614.771	0.948734	-729.284	-289.076
-13	421.054	0.704594	855.028	-61.1452
13	629.943	0.20425	-569.885	-1326.59
-13	437.578	0.792696	1444.81	1357.63
-13	445.189	1.0768	-780.705	-1073.24
13	1301.9	0.96813	-549.061	-455.699
13	439.1	0.878229	390.37	-502.982
-13	541.637	1.12673	-1497.53	1330.05
13	645.92	1.14466	1207.42	958.577
-13	683.477	0.859859	-1315.68	752.984
13	476.624	1.21859	1263.19	170.457
-13	2205.64	0.921251	772.472	-1224.05
13	675.252	1.00853	1192.84	1322.08
-13	485.328	0.0929463	391.76	801.898
-13	455.775	0.757739	1281.64	564.504
-13	798.877	1.09699	-867.974	1036.23
13	455.334	0.241669	-1133.17	-586.429
-13	692.378	0.998794	-929.583	1160.49
13	452.875	0.446738	-1019.6	-1288.7
-13	659.084	1.06986	-352.472	-608.976
-13	564.928	1.15476	-52.5984	-194.895
13	1323.73	0.242845	-39.7428	-1380.74
-13	481.151	0.856236	707.828	-1109.78
13	477.731	0.0519546	-1337.31	1024.65
-13	819.097	0.894451	991.178	-1197.97
13	702.137	0.4609	918.976	537.584
-13	488.78	0.87296	1146.56	-107.382
13	822.926	1.12621	1438.19	431.089
-13	694.083	0.924223	-1346.82	1044.98
-13	416.091	1.18892	673.499	158.212
13	558.853	0.799823	1007.25	404.505
-13	460.255	0.650153	-150.521	-936.291
13	422.382	0.941611	1014.33	814.643
-13	500.548	0.493994	416.55	-1459.61
13	946.973	0.0394814	1441.25	-1185.63
13	594.897	1.22162	1382.51	-1323.19
-13	748.918	0.832765	1467.94	654.338
13	449.076	0.57007	-240.323	943.125
-13	572.892	0.562056	-1015.39	153.511
-13	805.015	1.02054	-616.283	984.99
-13	632.683	0.646668	198.954	53.1479
13	431.632	1.04718	-81.9605	1264.33
-13	1517.53	1.15505	-244.762	593.216
-13	474.378	0.596187	315.231	549.793
13	963.67	1.10847	1090.39	-350.027
13	1037.82	0.105534	-152.638	1004.25
-13	489.159	0.625993	258.296	-1079.83
13	490.232	0.73636	924.866	42.5198
-13	570.639	1.03323	-650.381	155.422
-13	577.828	1.16698	233.421	-664.396
13	417.29	0.146876	-305.875	557.163
13	812.922	0.971232	91.672	108.396
-13	585.558	1.07231	1350.58	-935.361
-13	474.412	0.985659	-369.555	-703.157
13	655.659	0.324747	-825.486	268.9
-13	644.289	0.60805	1398.21	1167.4
-13	1020.24	0.993392	-112.07	-1330.21
-13	508.262	1.11392	1267.03	152.322
13	406.46	0.402144	1477.25	417.882
-13	738.36	0.190665	773.311	1165.89
-13	507.572	1.08745	-1328.41	625.358
13	472.09	0.139593	-532.385	-397.323
-13	726.38	0.132365	1101.53	1079.45
13	542.478	0.638494	-1192.1	511.156
-13	483.39	0.310837	-310.127	-1446.37
-13	806.217	0.887211	769.136	-812.652
-13	469.584	0.0596443	1004.37	-1462.3
13	692.559	0.271287	70.2536	1358.34
-13	709.676	0.41417	1267.3	-740.876
13	803.488	0.951146	856.237	585.941
-13	481.542	1.05474	-360.375	-121.271
13	928.657	0.965137	-382.712	223.742
13	593.459	0.152552	-569.317	-752.174
13	658.918	0.37463	1162	344.925
-13	576.682	0.34527	1387.95	-1101.28
-13	2089.44	1.07628	565.842	717.495
-13	622.133	0.0493079	-1023.6	-384.175
-13	583.683	0.732347	84.6305	1079.24
-13	653.551	1.01684	1079.3	565.714
-13	638.077	0.629901	-1319.81	-779.001
13	715.262	0.539727	297.268	477.424
13	441.826	0.777975	-1151.92	827.31
-13	597.256	1.04037	-527.273	-630.376
13	832.856	0.0973891	592.298	1207.14
13	426.458	0.216649	-520.002	-441.017
-13	644.814	1.17311	1094	407.057
13	568.811	0.356711	-557.932	-950.52
13	495.554	0.88695	-476.554	-126.203
-13	1121.74	1.10843	-344.953	900.623
13	726.488	1.21282	-1214.85	-1164.53
13	458.088	0.651143	1375.48	355.153
-13	723.375	1.15009	-1410.51	-221.942
13	491.3	1.16738	649.67	-61.4701
-13	703.936	0.920567	1336.78	955.551
-13	536.803	0.137648	544.089	688.192
-13	1566.27	0.992757	-1447.45	1170
-13	1155.8	0.584289	739.229	603.136
-13	443.889	0.58487	-935.795	874.737
13	823.073	1.02621	-723.747	-524.076
-13	721.699	0.590089	-922.268	-679.505
13	543.212	1.17008	-652.11	-1414.33
-13	677.582	0.912927	496.912	1115.89
13	901.029	0.893919	412.067	968.687
-13	555.204	1.20851	930.395	142.376
-13	561.114	1.106	560.712	-1453.1
-13	465.066	0.815799	1128.13	-978.507
-13	480.103	0.961624	301.369	303.988
13	702.618	0.711246	-496.717	1427.06
-13	421.757	0.830968	-53.1687	888.92
13	409.913	1.22065	-1158.87	531.649
13	1071.17	1.16313	1219.22	703.525
13	923.256	0.607702	1436.49	-1287.56
-13	467.779	0.500172	-376.951	-791.915
13	1219.86	0.875227	648.632	-1497.56
-13	486.343	0.86557	400.361	462.362
13	475.038	0.602273	988.142	-1473.26
-13	405.686	1.19002	-1060.22	-29.1195
-13	2405.33	0.924816	1172.27	745.013
13	437.098	0.505788	-561.378	789.227
-13	422.631	0.279349	672.548	494.043
-13	431.116	0.0429921	-436.584	-133.335
-13	594.881	1.11416	115.353	-851.479
-13	427.147	0.219424	-1347.64	-1440.15
-13	432.44	1.13636	1035.43	-318.156
13	411.474	0.592799	605.351	441.454
-13	411.462	1.01816	-537.887	-903.378
13	510.054	1.21734	40.6037	-295.405
13	617.191	0.315544	92.4195	476.217
-13	1216.2	1.0431	-1377.42	-13.6064
13	1406.15	0.435702	212.955	-1316.12
-13	434.145	0.558801	131.696	232.965
-13	834.907	0.33134	1297.03	156.533
-13	810.644	1.01631	122.167	1120.9
13	791.038	1.20126	608.521	-434.496
13	480.92	1.0615	-281.645	-232.444
-13	1943.02	0.68574	-319.447	-392.97
-13	572.426	1.1994	1316.22	-310.921
