13	650.226	1.13228	1470.25	-815.607
-13	1179.77	0.870727	1383.78	284.917
-13	450.356	1.15234	-467.953	1490.99
-13	416.537	0.242168	1365.12	-877.971
13	400.71	0.51269	-1037.25	998.841
13	518.828	0.820625	-801.115	-1001.75
13	707.012	0.278706	-504.526	102.685
13	768.299	0.8935	-1065.61	-1392.95
-13	439.445	1.07608	715.544	959.361
13	416.473	0.932186	-451.078	-275.97
-13	672.247	0.767177	1372.24	359.161
-13	414.074	0.0598455	-651.504	247.845
13	502.176	0.613108	1382.43	761.191
13	499.659	1.08502	-640.164	-107.035
-13	608.535	0.111386	912.487	-647.447
-13	1164.52	1.08067	-883.853	-616.23
13	551.168	1.09138	-754.12	-25.4542
-13	1037.73	0.489887	97.2024	71.1059
13	424.144	0.0434075	-801.974	-1282.12
13	795.628	0.253745	426.947	-834.733
-13	622.008	0.846498	-669.494	367.968
-13	434.526	0.268331	-642.666	1429.23
-13	499.418	1.20931	-378.145	583.17
13	462.594	0.707349	-334.085	-472.042
-13	400.818	0.797935	819.035	-851.479
13	526.7	0.117049	-999.217	-1327.38
13	619.177	0.419746	240.688	1458.85
-13	837.595	0.983403	1191.97	-1234.76
13	480.262	1.05285	-737.888	-972.304
-13	1133.51	0.666701	-621.487	-751.847
-13	620.999	0.0339874	853.969	454.876
-13	431.21	0.427406	-1293.81	814.505
13	487.551	0.470364	-988.236	-1038.14
13	763.785	0.594631	-59.4656	-265.771
13	593.498	0.131328	-1293.49	-1452.46
-13	406.068	0.459761	-1410.46	126.289
13	638.101	0.00623535	-655.486	-1090.26
13	596.918	0.937601	803.518	741.299
13	441.108	0.449938	-508.653	1346.67
-13	622.851	0.962443	-139.933	281.33
13	788.342	0.166643	-838.038	622.897
13	437.616	1.22103	359.283	1251.7
13	432.894	0.333878	-147.369	1344.2
13	1910.64	0.820021	-925.931	357.328
13	588.745	0.831115	225.162	-1090.9
13	834.099	0.391843	-720.846	151.762
-13	881.498	0.0144258	625.635	748.752
-13	537.724	0.655992	1330.78	1438.22
-13	632.356	0.120032	631.886	-1372.14
-13	715.41	0.118307	745.928	-1091.58
-13	623.59	0.0616036	1115.17	912.093
-13	614.554	0.0364721	539.125	108.817
-13	556.447	0.791015	993.86	421.395
-13	474.034	1.19992	442.737	38.0197
13	437.772	0.071661	595.694	-850.043
13	574.463	0.407718	1392.2	-1156.13
13	443.815	1.17042	451.888	300.662
13	694.948	0.00357437	1260.25	-1050.16
-13	803.992	0.120257	-294.634	475.664
13	401.686	0.75366	1387.09	-540.716
13	495.895	0.0168145	-1245.61	-1031.55
13	798.183	0.262278	-1312.4	759.581
-13	472.848	0.81557	140.125	991.879
13	843.304	0.896037	-1309.51	-197.988
-13	620.57	0.705763	-1056.07	-147.437
13	569.457	0.028202	-242.409	-704.854
13	650.351	1.08534	-970.457	317.661
-13	583.709	0.976566	1443.42	698.981
13	697.226	0.183452	-822.003	462.283
-13	833.811	0.359077	389.221	-1123.17
13	419.325	1.13874	-142.179	1187.81
13	662.993	0.812903	-562.672	399.857
-13	456.37	0.596486	519.759	884.433
-13	407.381	0.362536	170.177	698.885
-13	430.295	1.06508	1031.95	-8.79071
-13	838.571	0.299334	288.765	-324.041
13	820.873	0.704137	828.485	-732.558
-13	646.961	0.56981	-854.624	349.603
-13	401.104	0.109068	222.543	1294.67
-13	613.169	0.0349996	1172.23	695.685
-13	417.949	0.927567	-836.098	240.66
13	4854.46	1.20798	115.672	887.708
13	502.038	0.860899	1413.44	942.254
13	435.291	0.627634	310.374	-1311.16
-13	1452.37	0.672685	929.706	-238.398
-13	935.051	1.19468	-483.582	710.214
-13	2380.76	0.409966	-1387.02	544.164
-13	456.589	1.06867	291.827	393.721
-13	757.486	0.644052	722.419	729.788
13	949.243	1.07597	-642.982	-50.9279
13	948.54	0.717519	687.852	-26.3822
13	489.564	0.526098	-538.719	227.058
-13	433.352	0.220594	1171.56	716.479
13	483.721	0.793797	952.395	-1125.63
13	554.01	0.827938	-263.555	41.1277
13	455.383	0.650843	1324.63	-1324.07
-13	451.62	0.331325	763.494	-709.717
-13	473.726	1.2215	-205.311	-602.754
-13	690.291	0.657768	737.954	-462.927
-13	1598.91	0.934861	1288.32	-174.577
13	422.66	0.711763	-728.487	-927.819
-13	576.502	0.836146	-399.432	-1098.45
13	413.5	0.594948	842.165	94.1525
13	964.53	0.1068	435.788	81.7181
13	576.225	1.14486	-782.756	-678.193
13	755.674	0.6241	-637.849	-621.464
13	607.757	0.652843	-625.721	19.3243
-13	444.482	0.320533	-91.9584	-252.185
-13	533.333	1.02018	-1363.73	518.78
13	502.358	0.311518	1215.05	-18.4446
-13	696.986	0.146683	493.726	688.477
-13	542.498	0.194872	1321.45	476.486
-13	440.279	0.0217912	780.093	-811.793
-13	1170.92	0.873208	-79.5761	614.143
13	439.974	0.811708	-426.896	787.678
13	432.537	0.919986	977.225	-536.877
13	685.71	1.06399	327.945	-1179.74
-13	476.533	1.21921	468.891	1116.71
13	433.92	1.20381	1205.37	1264.31
-13	418.135	0.578799	735.173	296.448
-13	449.742	0.0701201	1101.8	46.2604
-13	403.778	0.733351	1226.04	-984.244
-13	497.188	0.0844869	-911.17	-180.24
-13	680.608	0.605916	44.3807	-1494.87
-13	521.294	0.52202	-67.1033	99.4703
13	471.942	0.998876	-1136.18	-75.6797
13	673.831	0.94127	768.756	974.425
-13	637.539	0.892275	-1128.49	-1005.88
13	704.877	0.796488	248.88	1197.86
-13	447.464	1.09259	-932.74	-694.143
-13	415.983	0.322642	-104.717	1130.84
13	835.04	0.368184	908.267	-989.97
-13	492.737	0.337786	1327.63	-472.954
-13	409.527	0.337922	-189.279	826.967
13	457.447	0.557158	1122.53	128.475
-13	491.217	0.145931	-990.634	-1189.63
13	2324.92	1.05719	342.941	-371.228
13	423.68	0.977537	-721.983	-1281.75
13	554.939	0.368524	-731.762	-601.81
-13	427.348	1.08147	-1484.72	-382.214
-13	534.37	0.206048	238.552	798.596
13	614.827	0.975978	-210.208	177.104
-13	617.435	0.19077	1018.68	-1272.19
13	442.814	1.21571	-1013.73	1383.3
13	488.832	0.914149	-394.881	-34.2669
13	1252.95	1.15308	634.777	-1157.84
13	459.332	0.572929	-1290.73	-1217.57
-13	426.441	1.07648	-913.415	-180.181
-13	521.511	0.812458	-844.346	165.715
-13	512.65	0.914483	-692.633	-189.505
13	411.9	1.0492	-670.932	233.961
13	572.376	0.334093	-1029.3	-1255.88
13	776.292	0.101977	1033.68	-72.5097
-13	505.74	0.0420412	464.188	-34.8394
13	660.899	1.19663	317.639	1150.77
-13	1420.85	0.217386	942.731	-1207.04
13	476.186	1.12651	381.598	-1346.83
13	469.15	1.18795	1182.84	-464.443
-13	995.494	0.9662	-1009.87	-864.47
13	517.948	0.962978	-805.239	704.134
-13	520.05	1.00651	-488.243	-655.143
13	647.692	0.0966223	-615.306	145.529
13	409.71	0.832615	1042.59	1492.61
-13	1016.2	0.853247	-283.179	700.619
13	877.527	1.14689	131.307	-176.247
-13	562.494	0.859643	78.84	333.29
13	462.389	0.210495	786.4	-102.387
-13	467.408	0.730189	-544.161	598.946
13	664.301	0.966109	-314.78	-468.868
-13	557.945	1.01216	-219.529	-1454.07
13	726.704	0.0228229	-685.414	-663.399
-13	457.874	1.13681	876.136	-1020.33
-13	416.312	0.438596	798.022	-1186.71
-13	775.625	0.467831	-1376.3	1063.98
-13	527.937	1.08548	-48.9288	-895.314
-13	718.243	0.987692	254.045	1098.76
-13	620.688	0.438663	-643.761	-546.138
-13	591.318	0.832168	943.441	-1394.1
-13	408.614	0.451807	-1485.5	-948.183
-13	502.499	0.901983	1070.99	-564.431
13	1250.72	0.598362	1149.1	-409.762
-13	404.955	0.991607	-1054.68	-605.227
13	573.006	0.135874	1214.63	30.1473
-13	414.325	0.764681	948.622	-644.745
13	434.828	0.992785	1180.89	327.738
-13	407.58	0.823825	1263.73	-660.78
13	699.202	0.531589	-663.661	25.0651
-13	466.773	0.471892	-672.853	317.03
13	407.105	0.200279	-136.866	1277.12
13	497.541	0.545305	1299.21	-64.2547
-13	553.813	1.15808	272.166	-413.551
13	558.943	0.171362	-111.483	985.681
-13	443.654	1.08073	-237.947	908.15
-13	406.3	0.433199	1182.59	1063.62
13	479.712	1.1666	250.958	1498.59
13	773.338	0.00818259	-437.643	167.216
-13	436.052	0.497634	937.958	811.357
-13	746.962	0.957427	-1130.76	-744.368
13	665.05	0.982694	-654.281	-363.858
13	1378.83	1.16369	1296.57	-1295.32
-13	422.612	1.19806	636.791	-857.449
-13	1008.32	0.869227	868.701	-1331.14
13	503.694	0.979982	-141.779	380.406
13	452.291	0.317988	-1091.79	708.525
-13	519.816	1.1402	496.017	75.0165
-13	410.439	1.17538	-943.6	1152.14
-13	768.92	0.127262	26.2088	199.532
13	615.521	0.984498	727.924	1096.45
-13	1155.34	0.732433	380.162	-664.876
13	747.902	1.01864	-648.204	986.422
-13	2547.47	0.792231	-995.991	-461.641
-13	408.11	0.0842646	1401.17	789.145
-13	668.86	0.765169	-1416.96	-1169.81
-13	784.533	0.562661	-333.41	-87.5845
-13	491.943	0.130472	689.901	1231.15
-13	605.958	1.21256	812.175	-956.713
13	443.982	1.02162	-1482.67	555.322
-13	502.741	0.0942749	-35.1464	1274.39
-13	609.718	0.370561	1068.51	1024.33
-13	1270.61	0.427682	387.894	-1274.27
-13	584.238	0.193717	266.183	-3.30928
-13	729.876	0.463934	469.529	-29.496
-13	440.252	0.565702	288.714	79.8658
13	835.071	0.055847	598.12	1177.7
13	582.937	0.44734	259.607	-1093.19
-13	658.976	0.906582	1259.67	1217.09
-13	1763.75	0.683438	974.956	1400.19
-13	1055.58	0.174303	486.041	-928.637
13	587.109	1.00332	228.175	-524.111
13	1319.53	0.284943	1391.45	183.438
13	439.511	0.974587	1057.58	-1361.5
13	1040.57	0.693361	-466.084	78.4696
-13	420.729	1.21205	-1305.91	-614.257
-13	514.029	0.0394115	-959.105	-939.014
13	598.828	0.903734	905.641	456.656
13	6521.99	1.16519	-914.97	402.394
-13	908.561	0.583399	-1342.17	401.164
-13	540.972	0.795343	1044.4	1437.99
-13	491.138	1.20936	429.284	892.212
-13	531.168	0.32892	320.826	60.2829
13	1045.42	1.00834	-640.799	569.026
13	475.121	0.272628	948.804	956.623
13	430.894	0.720911	1230.83	1330.17
-13	1278.26	0.0745181	293.198	-1410.95
13	507.447	0.596182	401.077	1429.36
-13	486.077	1.04798	700.338	1230.94
-13	517.59	0.0914247	-979.654	-1456.91
-13	522.861	0.422956	893.496	1095.5
-13	506.049	1.19072	-1125.16	-624.438
13	480.61	0.891927	411.812	-653.862
13	561.873	1.03137	-660.242	-360.815
-13	556.167	0.191117	996.4	582.34
-13	403.835	0.934592	-99.6422	-1289.57
-13	796.467	1.06156	-459.149	-1192.07
13	566.13	0.955126	-259.768	1421.99
-13	419.865	1.16743	-1324.6	382.276
13	412.873	0.965179	1468.84	-921.078
13	1088.76	0.663972	429.526	1330.16
13	403.991	0.313134	1126.31	837.029
-13	534.287	0.172794	-1339.51	-874.595
-13	788.283	0.753892	825.165	-1360.45
-13	1480.59	1.02239	874.475	-1166.11
-13	403.675	0.894242	-1120.89	48.8217
13	472.796	0.903883	577.221	-1381.81
13	464.414	1.02981	-1336.44	-446.184
-13	434.527	0.914096	-887.068	1367.61
-13	460.135	1.11726	-93.69	-428.293
13	420.327	0.696365	-1366.47	-481.667
13	1045.1	0.776979	883.116	672.51
13	478.599	0.58925	-170.282	341.872
13	491.363	0.471396	-608.999	-1354.36
13	1233.02	1.14826	129.657	101.14
-13	475.303	1.02689	-1426.3	616.543
-13	409.446	1.1752	-1234.24	827.331
13	410.946	0.977059	412.255	957.597
-13	424.844	0.736857	1422.38	736.122
-13	576.965	0.38356	-1089.97	-1421.96
-13	494.892	0.810033	243.043	-1477.01
-13	626.519	0.365936	-407.041	1189.67
-13	412.85	1.01225	-299.365	-353.231
13	439.586	0.728653	607.531	492.845
13	905.846	0.502257	1267.15	-667.414
-13	884.858	1.15681	199.884	1256.1
-13	600.315	0.660913	-863.362	-817.735
13	581.661	0.420233	-920.704	-562.476
-13	449.814	0.300258	10.8839	1347.94
-13	1157.85	0.950611	-969.158	-481.724
-13	627.19	0.122374	-450.033	-238.404
-13	474.108	0.798135	-1392.93	-231.631
-13	954.184	0.835207	1264.61	688.444
13	470.707	1.06548	38.2494	325.27
-13	565.252	1.20648	913.57	-1408.94
13	519.018	0.653668	14.6038	793.929
13	414.108	0.128209	1338.61	1080.78
-13	569.727	0.941123	14.2151	111.379
13	588.519	1.14654	204.35	-417.069
13	421.435	0.149099	1223.97	550.295
-13	482.695	0.815725	229.164	936.51
-13	408.773	0.540485	-70.0602	-793.079
-13	405.029	0.232177	1301.08	647.049
-13	521.53	0.276801	-1221.91	798.815
13	839.298	0.964275	44.2228	-1435.79
-13	406.94	0.963982	530.524	576.334
-13	566.435	1.02602	-688.364	711.302
-13	611.351	1.20329	169.196	206.291
-13	525.977	0.17666	-309.87	375.32
-13	1053.28	1.04231	517.213	142.113
-13	416.921	0.971421	472.746	-382.514
-13	550.598	1.09701	904.472	-1049.21
13	465.324	0.73362	1066.84	1297.72
13	438.739	1.02024	442.48	-355.395
-13	415.315	0.375059	835.51	-1399.78
13	716.764	0.254179	185.386	-1335.24
-13	735.245	0.762154	836.359	113.735
-13	513.734	0.774396	-1427.55	-669.854
13	444.23	1.15373	-925.422	1268.27
-13	473.171	1.1903	-356.559	1368.52
13	718.093	0.563741	454.28	1404.71
13	506.625	0.407842	-6.55258	1390.49
-13	491.19	1.0115	344.97	704.433
13	578.899	1.05491	-852.522	669.705
-13	414.132	0.41926	1227.85	-604.663
-13	1847.3	0.310293	105.048	-898.745
13	827.401	1.16119	149.936	270.957
-13	403.331	0.35339	-957.861	-40.7365
13	511.567	0.689243	-1475.35	822.361
-13	460.825	0.564685	-1428.81	-224.976
-13	738.132	0.474332	-1336.04	-59.5097
-13	453.73	0.254222	-142.158	-854.495
13	700.413	1.14468	-1376.56	-715.592
-13	562.773	0.0692099	-942.588	1124.93
13	461.948	0.68721	510.89	-130.344
-13	872.722	0.994918	170.582	-1396.43
-13	648.257	0.697614	-874.592	343.535
-13	450.053	0.319097	-152.477	943.775
13	402.687	0.975739	930.672	-24.4705
-13	730.432	0.409268	964.615	-249.7
-13	532.209	1.05961	1475.16	-432.095
-13	478.633	0.510757	-191.375	839.118
-13	477.3	1.12637	-392.538	723.847
-13	883.682	0.983727	-72.4781	-1206.78
-13	494.083	0.0738001	751.052	-1383.9
-13	404.839	0.702678	1136.42	-640.489
-13	471.397	1.21822	363.705	-1449.93
13	627.787	0.177817	-1209.93	1171.37
-13	477.431	0.180702	-500.122	1410.25
13	677.282	1.02366	556.6	-915.323
13	416.854	0.353047	181.287	-29.898
13	651.121	0.534907	1411.92	-1483.4
-13	483.938	1.08177	-1465.41	860.445
-13	1526.93	0.635143	1115.18	555.735
-13	726.989	0.80204	187.028	285.852
13	665.647	1.19397	-1393.25	-1452.58
-13	505.316	0.276286	1225.63	-1454.71
13	550.282	0.93904	545.17	-525.177
-13	599.521	1.05057	-1046.96	863.267
13	768.305	1.00734	-1459.99	-1050.86
-13	636.692	0.946194	941.186	224.18
-13	560.015	1.00648	1490.51	613.867
13	590.421	0.50304	-955.633	893.244
-13	574.683	0.562757	-1257.58	-1104.73
13	438.57	0.352725	770.169	-1058.72
13	432.036	0.315866	106.712	492.353
-13	659.101	1.16178	-144.2	-1055.12
-13	827.298	0.370438	1149.56	884.656
13	452.182	0.69951	290.334	-515.379
-13	545.435	1.01721	1254.37	-1268.87
-13	969.833	1.14466	-992.848	-871.995
-13	749.636	0.241158	-348.448	229.956
-13	480.661	0.466361	-1031.03	-172.264
-13	560.296	1.13039	-163.966	241.294
13	582.21	1.10973	-910.872	226.595
-13	401.28	0.631661	1177.91	-1295.19
-13	927.125	1.02975	846.321	22.9551
13	440.325	0.326852	-118.879	210.49
13	887.346	0.976273	671.796	-1041.85
13	588.775	1.17966	-809.114	-406.316
13	730.906	0.394073	-824.129	-720.034
13	702.205	1.1947	-814.142	951.257
13	977.166	1.1451	945.292	6.358
-13	624.552	0.752533	1255.74	660.522
13	629.906	0.952611	173.422	-86.6996
13	1965.29	0.174741	1411.71	-822.962
13	697.502	0.757903	-55.0987	-764.715
13	607.504	0.243289	-1207.29	554.966
-13	522.489	1.09926	524.036	-332.997
-13	465.401	0.23486	896.301	439.327
-13	418.888	0.749374	1028.08	434.81
-13	476.509	1.11542	-1153.67	452.197
-13	512.037	0.138066	507.004	442.459
-13	431.111	1.06274	-477.511	-1201.02
-13	544.876	0.54876	-908.581	356.004
13	612.499	0.494106	-323.041	1195.71
-13	1147.94	0.888021	203.208	-928.063
13	422.488	1.01384	699.297	1246.31
-13	1058.09	1.06984	-1397.36	-247.097
13	402.431	0.983631	1373.64	1038.42
-13	725.624	0.401692	1484.21	-502.429
13	823.659	0.725912	144.066	-970.036
-13	1882.82	0.807116	421.682	-976.338
-13	1488.2	0.893697	-1201.68	222.497
-13	520.826	0.184722	1371.48	-750.56
13	482.436	0.149657	138.217	910.947
13	431.861	0.157946	-443.762	-1161.08
-13	402.395	0.798482	395.473	-236.799
13	677.52	0.310449	-542.174	-495.403
13	627.783	1.20767	662.179	-67.3102
13	530.792	0.807484	-443.569	-1148.17
13	570.653	0.0875584	-404.804	1015.39
13	571.416	0.362903	297.523	-894.583
-13	431.547	0.392871	-1031.2	-1157.16
-13	549.859	0.756212	-839.145	650.666
-13	407.452	0.0812491	921.854	-657.875
-13	547.708	0.922131	-1232.31	584.455
13	483.325	1.10213	-883.083	700.064
13	452.03	0.0762214	694.796	140.581
-13	620.812	0.942105	-521.115	-428.86
13	512.216	1.11971	-258.831	101.332
13	835.458	0.182937	878.684	-37.8691
-13	476.71	0.924547	-1251.81	448.666
-13	590.956	0.18846	-1390.4	-606.303
13	612.371	0.925931	-663.381	-685.288
13	592.204	1.18738	-314.473	996.336
-13	558.501	0.718592	1275.76	566.525
-13	913.076	0.113273	177.818	-1210.15
-13	525.441	1.13769	-467.197	150.175
-13	448.596	0.629224	-519.687	-577.025
13	502.366	0.291926	-1456.86	-1228.21
-13	436.791	1.0601	-888.618	-201.132
13	553.97	0.578344	-13.3542	552.054
-13	1404.51	1.01743	484.345	-1155.86
13	707.726	0.957566	1388.03	-634.999
13	1645.43	0.0731329	1433.66	-96.6145
-13	667.207	0.582068	1153.47	-1004.02
13	2166.88	1.18967	808.265	1337.46
-13	439.968	0.36738	1039.87	-799.603
-13	412.839	1.03772	1296.64	-500.813
-13	592.211	0.110888	81.7943	1456.57
13	1043.02	1.08086	634.855	1130.99
-13	418.436	0.753021	124.708	592.764
-13	718.173	0.10409	-700.175	-1360
13	415.166	0.913368	-1489.95	-949.136
13	437.883	0.372304	-1116.21	-654.878
-13	417.861	0.321406	249.203	871.457
13	554.954	0.645966	293.379	-419.351
-13	633.845	0.968981	-420.576	280.432
13	481.605	0.0477615	-472.854	246.478
13	547.459	0.836352	1084.3	-556.278
-13	462.982	0.88403	769.108	-809.849
-13	433.535	0.0181102	-250.129	-86.1532
-13	649.471	1.10134	-683.216	-964.025
13	497.676	1.12303	-984.263	-1019.64
13	489.24	0.153711	-1328.62	630.511
13	408.703	0.363051	167.039	-1120.48
-13	439.856	0.640065	-267.917	1157.9
-13	465.002	1.06193	1043.26	-461.937
-13	920.699	0.046887	-1062.1	-939.173
13	888.17	0.89664	-1315.03	-186.568
-13	528.33	1.02039	-169.114	-435.223
-13	462.964	1.06312	673.044	631.76
-13	624.752	0.846186	-482.883	305.58
13	763.783	0.897163	934.98	-267.01
-13	475.427	0.207168	-1337.86	37.8242
-13	436.354	0.645813	830.067	939.625
13	657.33	0.881295	-541.701	913.107
13	860.922	0.150011	-1094.41	-937.844
-13	1236.03	0.24795	-121.439	-671.239
-13	609.252	0.726286	-967.99	-1161.9
13	546.106	1.08791	1003.97	-754.743
-13	422.552	0.350557	910.02	1104.55
-13	526.684	0.446991	1494.99	1406.83
-13	1456.88	0.491024	-374.169	-967.362
-13	512.317	0.59368	809.672	-920.144
-13	412.904	0.9016	-1392.18	352.893
-13	615.903	0.841078	-759.168	-184.152
-13	773.475	1.11241	356.409	-612.81
13	584.986	0.598174	-1196.04	643.812
13	478.08	0.95158	-909.517	43.4328
13	551.678	1.06092	-122.475	-967.865
-13	552.236	1.14392	1233.79	1179.34
-13	452.214	0.703196	1300.81	-832.747
-13	554.949	0.585028	657.958	-860.549
-13	739.609	0.0192343	-1297.86	-768.733
13	421.74	0.417894	468.946	-1455.41
13	485.196	0.625557	-1287.37	-863.224
-13	548.097	0.733903	337.527	-1236.81
-13	2948.36	0.574415	275.966	-1216.21
-13	531.663	0.140403	461.308	-704.364
-13	493.003	0.0225488	-1432.88	1340.4
13	422.662	0.885278	-407.522	924.848
-13	480.209	0.0841583	-784.823	-77.0352
13	474.369	0.415536	550.293	-1206.44
13	465.609	0.299889	913.429	-1249.05
13	555.941	0.957856	-302.74	-1387.32
-13	711.802	0.390264	-447.87	1367.77
-13	478.559	0.337295	-179.574	494.4
13	450.704	0.565971	-1278.68	-357.606
-13	452.482	0.933337	264.076	-1037.12
-13	573.615	0.96848	612.328	913.362
-13	667.579	0.573353	-266.202	-1188.88
-13	463.153	0.696063	-1167.71	367.914
13	847.177	0.586346	1345.24	-1405.27
-13	758.389	0.460057	1278.37	1133.66
-13	598.998	1.10747	1325.47	1117.03
-13	593.361	1.1332	781.61	-59.2617
13	487.751	0.401464	-1109.99	780.27
13	743.464	0.189992	362.868	-424.202
-13	681.186	0.759954	-635.325	534.189
-13	668.834	0.160372	428.209	1206.37
-13	531.917	0.591521	1080.29	142.887
13	418.541	1.13156	174.596	-544.183
13	1615.17	0.865989	-241.026	-1364.18
13	454.079	0.926924	926.464	-1037.03
13	400.474	0.964785	-125.399	-922.792
-13	863.166	0.419001	965.971	-211.518
-13	478.683	0.600755	1214.32	-92.2721
13	602.997	0.293691	902.683	-469.262
-13	1135.11	1.06861	-1087.47	-924.161
-13	588.469	0.498767	363.872	15.8335
-13	425.674	0.256607	-254.201	156.599
-13	471.594	0.747624	-598.445	685.461
-13	1186.8	0.384776	1102.01	-119.514
13	786.224	0.709274	-553.849	169.544
13	529.204	0.541566	1478.99	-430.098
-13	865.599	0.886173	1461.63	1443.1
-13	563.33	0.768215	-566.819	-1132.8
-13	603.316	0.571498	-897.242	-730.969
-13	546.309	0.501619	998.632	837.896
-13	916.866	0.066241	-670.76	103.202
-13	763.139	1.18587	-419.724	675.599
-13	1042.42	0.28897	-470.517	81.7592
13	2961.01	0.00383956	-640.419	975.168
-13	551.574	1.19626	1171.38	354.959
-13	1618.85	0.518497	-1200.42	502.936
-13	521.078	1.05289	454.172	-1150.02
-13	1223.56	0.279362	522.327	966.124
13	421.82	0.626164	-1441.85	-338.489
13	407.653	0.40544	1060	-1098.77
-13	533.02	1.07263	-1085.44	-293.308
-13	470.73	1.10983	-676.122	-1204.72
-13	862.636	0.752681	1188.77	970.676
-13	931.034	0.967177	1412.09	1430.2
13	410.393	0.475349	-889.472	1045.32
-13	575.228	0.562372	-1016.75	-1175.09
13	2425.53	1.21972	-292.896	-1394.89
13	686.187	0.51856	-111.621	-398.17
13	945.566	1.08854	-1168.89	-1060.98
-13	906.085	0.554347	-316.269	-1191.57
13	709.804	1.07161	-915.903	414.239
13	688.155	0.435895	351.765	-689.235
-13	1057.09	0.209422	-1206.62	-932.108
-13	542.375	0.12426	-1198.39	438.863
-13	905.585	0.836782	413.503	-295.975
13	462.303	0.822737	-1328.25	329.764
-13	747.032	1.13769	-131.61	-642.363
-13	614.756	1.12865	1059.82	-483.173
13	521.934	0.265211	1474.18	1306.92
-13	477.763	0.959954	955.157	-179.52
-13	400.793	1.11683	934.81	-856.433
-13	843.719	0.175532	1078.45	-587.631
13	516.859	0.215946	-1065.31	-1388.68
-13	487.527	0.973499	-360.992	-1393.58
13	1037.28	0.553481	172.219	1123.58
-13	528.993	0.401982	-1014.19	-287.986
-13	436.202	0.0354174	-297.595	366.914
13	495.637	0.212014	983.501	1200.7
-13	401.409	0.735721	-455.818	476.768
13	664.375	1.11236	-216.183	21.3596
-13	527.809	0.5073	757.297	-682.86
13	456.177	0.377656	-1032.07	-333.997
13	500.945	0.03191	863.646	842.978
13	443.941	0.97504	765.83	-1151.17
-13	1340.02	0.527525	-1403.23	1325.41
-13	505.675	1.08044	1361.05	-672.727
-13	462.093	0.882956	540.537	877.983
-13	479.483	1.00184	-656.852	-1173.82
-13	405.674	1.00752	602.472	-1191.34
-13	491.081	1.12945	-215.241	20.5944
13	588.112	1.17216	-849.474	-676.569
-13	460.637	1.04704	166.308	-508.864
-13	538.635	0.62924	814.989	203.555
-13	429.771	0.734492	753.665	510.865
13	805.995	0.327444	-1485.14	-644.957
-13	1382.28	1.00941	1036.54	800.683
13	1192.87	0.404469	-804.599	-589.809
-13	585.953	1.05999	-9.08376	-1498.76
13	524.254	0.546505	505.078	-564.762
13	409.826	1.2013	416.624	-390.238
13	429.592	0.420516	121.788	-803.706
13	454.6	0.571645	60.0958	-368.358
-13	666.864	0.205206	-1411.68	314.046
13	405.752	0.818646	121.923	643.474
-13	780.959	0.758956	1038.86	500.437
-13	702.218	1.05788	44.4288	560.741
13	611.739	0.801239	858.765	96.6884
-13	643.92	0.353252	593.424	575.258
-13	510.966	1.02534	1400.22	72.4289
-13	985.95	0.151122	-1076.81	809.043
-13	570.408	0.444255	-733.039	-1062.97
13	882.178	0.331811	599.995	-561.774
-13	641.807	0.661446	-72.7547	-548.795
13	893.99	0.612038	469.461	-1159.76
-13	569.17	0.482652	58.7622	916.214
-13	1547.91	0.92924	913.418	-1189.54
-13	437.288	0.867934	-1265.16	379.891
-13	438.701	1.14996	-646.641	902.508
-13	447.752	1.06654	-857.087	1293.83
-13	693.237	0.577883	347.906	1405.31
-13	875.672	0.116874	-43.7405	947.473
-13	401.349	0.123584	-1392.13	-815.522
13	2933.94	0.0314829	758.963	264.501
-13	732.34	0.475125	694.578	54.7464
13	747.858	0.868118	-860.203	1333.55
13	834.788	0.847205	-848.235	859.441
-13	405.739	0.615318	-457.261	854.605
-13	665.948	0.816946	-722.645	492.547
13	572.385	0.129957	-694.825	1286.83
13	491.105	1.00415	-1070.67	918.545
-13	1051.76	0.495586	579.502	-1198.19
13	565.433	1.16316	75.7547	1304.52
13	857.945	0.127812	1007.1	1155.58
-13	1252.23	1.12635	661.816	1133.89
-13	523.92	0.193578	919.157	427.754
-13	514.892	1.02812	442.851	-1061.89
-13	1495.57	0.699386	-884.052	-1086.53
-13	462.13	0.611879	801.993	661.932
13	695.565	0.303011	-231.431	-1275.23
13	623.245	0.956165	1343.72	230.585
-13	553.918	0.873466	-293.009	1019.77
-13	450.826	0.796057	-214.512	1240.52
13	598.469	1.19054	1028.32	1289.63
13	1101.88	0.716164	984.529	-258.369
13	1053.59	0.581091	-744.54	-201.682
13	536.157	0.743374	898.592	-484.6
-13	638.929	0.34831	-697.968	131.696
-13	503.093	0.0105966	-207.624	-430.12
13	462.249	0.758021	-384.684	-1356.37
13	608.384	1.06162	-250.664	-231.838
13	628.281	0.0446796	121.577	-609.157
-13	714.264	0.901569	494.629	653.94
13	408.435	0.268984	-132.999	-84.15
13	408.696	0.725823	-1497.02	968.208
13	486.584	0.873183	-168.938	893.716
-13	494.154	0.0471458	933.361	271.753
13	611.427	0.0749142	213.304	182.942
-13	446.992	0.766913	1122.49	1169.65
-13	1230.62	0.533764	470.252	825.25
-13	496.176	0.789953	821.273	921.486
-13	781.426	0.436092	1484.77	-237.524
13	467.819	0.218475	1246.1	-193.981
-13	458.987	1.02968	-1264.4	323.433
13	576.427	0.912556	1025.93	863.673
-13	1608.02	1.00402	-1103.23	1114.85
13	446.865	0.806884	1398.7	1241.74
13	983.026	0.794267	-1000.8	-1338.38
13	645.918	1.08317	-151.7	-1403.99
-13	645.823	0.873916	17.8548	-437.793
-13	1711.55	1.13129	936.808	-1176.54
-13	448.765	0.823066	-624.574	775.161
13	506.915	1.16804	-485.141	-420.119
13	489.16	0.886251	657.746	-933.435
-13	440.372	1.17697	-599.976	-112.389
13	766.042	0.569305	-962.607	203.464
13	565.853	0.43876	-59.0714	128.381
13	590.253	0.922377	-841.184	543.708
13	429.767	0.666899	1346.15	-777.2
-13	425.661	1.05258	-35.6605	539.644
13	1514.03	1.10836	547.207	-1402.81
13	498.413	1.15724	1281.55	-627.767
13	660.518	0.756258	512.645	-532.753
-13	449.5	0.608392	708.557	444.374
13	654.616	0.747567	-604.617	-1113.39
13	997.029	1.195	1188.08	1057.57
13	534.983	1.07776	-1294.74	292.665
13	445.577	1.18021	1391.96	-702.769
13	541.235	0.0178011	-88.3744	-1008.6
13	1321.3	0.940572	856.997	926.992
-13	605.19	0.531056	-1286.23	1241.5
-13	482.285	0.163853	767.041	870.891
13	1074.91	0.249994	-396.821	595.746
13	845.945	0.89543	-350.303	-1028.74
13	685.289	0.935388	-255.262	384.23
-13	411.321	0.832551	894.834	1439.71
13	461.949	1.11633	-414.837	38.4413
-13	433.443	0.655071	-550.892	-162.62
13	622.74	1.00642	740.933	671.947
-13	432.966	1.14805	-78.3556	1309.68
-13	584.923	1.02437	-84.2785	-1390.33
13	695.759	1.19892	-323.316	1053.64
13	480.447	0.12972	666.844	433.728
13	707.455	0.287599	309.748	-182.455
-13	425.675	1.02629	1325.42	-423.262
-13	667.731	0.731093	-96.7677	737.766
-13	444.017	0.0767511	-461.22	907.285
-13	583.331	1.01622	-29.2943	-279.821
-13	613.45	1.03164	-799.953	-761.998
-13	443.807	0.708486	-891.426	1152.24
-13	422.113	0.227135	-993.882	639.581
-13	740.077	0.152638	-992.084	1424.8
13	470.264	0.26753	212.737	364.888
-13	450.609	0.791366	834.633	1256.96
13	542.798	0.53022	244.879	211.98
13	835.369	0.48711	-73.8502	-1328.29
13	482.841	0.449348	415.076	215.082
-13	539.745	0.381396	-1029.76	-60.0397
13	890.286	0.277602	839.511	-308.911
13	641.89	0.455303	1114.41	928.491
13	400.283	0.579125	-1365.14	336.613
13	433.076	0.139521	715.91	1004.33
13	467.492	0.821834	-1041.53	171.104
-13	524.542	0.393155	-2.81278	358.13
13	612.455	0.950246	-1326.25	-186.427
-13	497.595	0.906669	-1448.83	77.1432
-13	405.726	0.747837	-969.796	534.584
-13	470.916	0.979558	807.308	-906.43
13	466.11	0.764787	-716.168	768.02
13	443.136	0.870185	237.249	-79.9047
-13	692.961	0.831551	-768.968	-333.305
13	902.04	0.676081	-441.978	-665.755
13	723.87	0.708021	-589.666	-1434.9
13	478.792	1.06458	-397.63	-956.693
-13	1022.96	0.950731	-1470.88	635.27
-13	965.175	0.0326763	332.243	-461.593
13	3385.72	0.851713	-445.618	290.544
-13	750.017	0.204282	683.136	823.244
13	410.676	0.397511	-1309.37	-1235.2
13	644.55	0.831287	425.491	-259.368
-13	474.376	0.60334	918.976	537.584
-13	577.104	0.65498	1146.56	-107.382
13	515.807	0.777954	1438.19	431.089
-13	1197.67	0.420283	-1346.82	1044.98
-13	411.055	1.08367	673.499	158.212
13	462.684	1.03351	1007.25	404.505
13	1493.03	0.533901	-150.521	-936.291
-13	503.505	0.193085	1014.33	814.643
13	614.35	1.02181	416.55	-1459.61
13	751.617	0.572594	1441.25	-1185.63
13	534.557	1.11465	1382.51	-1323.19
13	400.536	1.07909	1467.94	654.338
13	765.562	0.668137	-240.323	943.125
13	915.072	0.555516	-1015.39	153.511
-13	2266.61	1.17587	-616.283	984.99
-13	689.068	0.798181	198.954	53.1479
13	465.958	0.111686	-81.9605	1264.33
-13	486.898	0.680461	-244.762	593.216
-13	419.27	1.10109	315.231	549.793
13	1129.84	1.05232	1090.39	-350.027
13	769.416	0.384514	-152.638	1004.25
-13	418.086	0.985282	258.296	-1079.83
-13	437.765	0.676295	924.866	42.5198
-13	493.406	0.19569	-650.381	155.422
13	457.656	1.21051	233.421	-664.396
13	1719.54	0.427845	-305.875	557.163
-13	3071.91	0.499222	91.672	108.396
13	413.308	0.871762	1350.58	-935.361
13	521.907	1.09642	-369.555	-703.157
-13	503.942	0.368398	-825.486	268.9
13	1322.1	0.655466	1398.21	1167.4
-13	427.374	1.10289	-112.07	-1330.21
-13	610.617	0.20414	1267.03	152.322
13	896.291	1.07875	1477.25	417.882
-13	655.356	0.974235	773.311	1165.89
13	1285.07	0.177006	-1328.41	625.358
13	2149.13	0.00598422	-532.385	-397.323
-13	468.687	0.940873	1101.53	1079.45
13	501.738	1.07096	-1192.1	511.156
13	602.078	0.00925125	-310.127	-1446.37
13	1308.16	1.0548	769.136	-812.652
13	1032.56	0.495444	1004.37	-1462.3
-13	449.196	0.6284	-920.015	-1138.94
-13	471.756	0.747428	-485.037	826.564
-13	427.145	0.64292	262.098	-734.192
-13	873.048	0.998178	-329.998	192.559
-13	557.024	0.553536	1183.53	-841.164
-13	627.636	0.0234158	-1113.73	-1018.19
-13	425.675	1.06117	1460.11	-439.163
13	585.734	0.0829335	-1069.38	-54.7575
13	447.211	0.172253	-235.078	-167.895
-13	607.505	1.16974	1383.33	598.417
13	855.275	0.751934	16.5794	-156.572
13	479.234	0.991076	1223.39	-1192.16
-13	768.99	0.524668	218.388	217.78
-13	715.055	0.951076	843.931	-1456.13
-13	419.461	0.848968	-421.107	527.382
13	515.448	0.860302	-547.337	-252.545
13	462.692	0.942422	-964.77	1105.78
-13	441.639	1.0976	-241.379	-576.029
-13	1363.92	0.498872	591.099	1475.3
13	479.057	0.715004	-1071.32	-715.758
-13	606	0.364118	1495.3	1096.17
13	459.36	1.03937	-45.0553	1097.16
-13	452.992	0.762264	877.57	794.759
13	897.771	0.908222	625.2	1036.23
-13	669.999	0.0519927	-712.286	-607.803
-13	632.581	1.1017	-78.6152	-56.7333
13	423.87	0.231046	-595.474	-1347.75
13	951.039	0.2552	-153.673	-453.382
-13	467.409	0.87709	-967.489	-922.393
-13	1276.99	0.828425	-618.338	-800.699
13	1469.23	0.0131679	154.512	866.536
13	770.529	0.976141	-635.327	286.585
-13	423.217	0.625812	-969.527	251.264
-13	691.777	0.89888	1101.17	-530.591
13	2081.9	1.09807	-356.939	-632.499
-13	968.341	0.386285	1364.33	986.122
-13	540.64	1.08121	-235.671	357.738
13	619.17	0.12132	1378.23	111.429
-13	1127.75	0.433852	-297.969	663.416
-13	456.195	0.96748	1019.26	577.628
-13	661.261	0.923135	846.17	-516.291
13	586.715	0.727158	831.782	621.653
-13	477.283	0.814749	909.065	271.484
-13	1030.13	1.01933	839.441	1159.87
13	544.584	0.953765	-144.154	-377.134
13	452.634	0.853173	539.204	1453.69
-13	1396.08	0.325594	222.761	1334.5
13	401.836	0.648519	1052.95	-211.532
13	725.5	0.691421	548.979	68.932
13	933.621	0.220463	489.933	-417.2
-13	1739.93	0.531127	1419.24	961.653
-13	1219.48	0.540097	-1137.44	-892.873
13	573.683	0.20947	-1226.9	209.684
-13	544.11	0.793765	-1003.61	969.28
13	529.229	0.184657	-1120.13	-337.311
-13	511.335	0.577098	457.129	608.067
13	480.68	1.1728	458.496	921.957
13	463.195	0.943766	-674.411	-704.566
-13	1504.67	0.107947	260.205	-692.162
-13	619.617	0.605392	492.263	996.38
-13	447.217	1.00764	-360.251	1345.88
-13	759.738	1.0499	-306.116	-1055.4
-13	462.2	1.18772	-1326.64	-1019.78
-13	438.149	1.01909	-1448.11	788.275
-13	400.64	0.68059	343.646	1350.01
13	444.692	1.08346	1115.96	702.267
-13	408.756	0.42372	420.538	1352.14
-13	518.031	0.892576	1195.13	949.721
13	580.498	0.026538	1124.94	-579.46
13	533.684	0.99508	749.157	-1099.81
13	469.405	0.589741	521.825	-1065.4
13	486.825	0.77572	-1280.25	752.897
13	402.092	0.519894	1377.47	-404.903
-13	985.233	0.431679	1290.89	-1332.2
-13	759.643	0.402594	-1467.44	-161.088
13	959.961	0.859851	1491.45	1232.49
13	414.679	0.65981	-1047.46	-1220.27
13	1471.14	1.06147	1355.5	1428.73
-13	587.696	0.816793	891.576	-1078.63
-13	544.155	1.04726	-1321.2	-823.014
-13	430.168	0.084946	-329.834	216.571
13	1006.11	0.40552	821.997	-702.613
-13	759.792	0.782098	699.009	-282.554
-13	644.987	0.51821	-275.378	-739.14
13	485.284	0.948666	-1045.29	705.111
13	449.863	0.331273	1379.72	1136.19
-13	808.301	0.182467	151.419	894.755
-13	721.862	0.528187	957.723	1070.03
-13	479.118	0.585285	1229.03	994.81
-13	886.413	1.12884	-938.545	-1318.87
-13	421.08	0.379549	-566.928	450.218
13	514.524	1.01937	-1184.74	-381.932
-13	446.902	0.919717	-1258.9	1219.19
-13	422.867	0.155877	-730.612	535.154
-13	1252.16	0.0898776	1021.15	-88.2374
-13	487.178	0.497724	-115.703	402.843
-13	515.262	0.361576	-703.73	-1220.69
-13	557.876	1.12187	-122.679	-45.0787
-13	459.302	0.437804	-612.252	-631.309
13	700.74	0.589223	393.541	-1453.56
-13	412.066	0.348604	-11.2111	844.253
-13	571.995	0.432325	-809.543	-456.018
13	578.726	1.04337	626.68	-386.751
-13	720.887	0.619227	-304.231	-929.295
13	556.165	0.906465	1073.06	-14.6274
-13	1054.46	1.07186	-1169.62	-1336.11
13	412.491	0.0680464	-741.566	-39.7824
-13	765.228	1.21083	469.454	348.973
13	426.967	0.478301	-615.487	-1415.47
13	458.612	1.07726	276.073	852.162
-13	451.2	0.858481	844.191	-465.283
-13	3196.08	0.213025	-381.25	-1423.07
-13	550.534	0.874578	-329.694	569.971
-13	436.87	0.965673	-1491.74	1224.86
13	425.35	0.137357	709.716	467.339
13	842.086	0.0550369	-1185.45	449.815
-13	566.2	0.941034	-1123.02	467.056
13	614.134	0.116482	-293.975	88.1112
-13	1737.28	0.436239	-951.786	-1120.83
-13	1189.04	0.806113	-1483.98	1298.79
-13	711.245	0.144648	-1320.57	-1255.71
-13	448.483	0.621339	-213.999	526.142
-13	707.114	1.18873	-970.657	1258.17
13	516.419	1.19328	-28.2112	1076.15
13	486.741	0.695864	1150.3	936.934
-13	430.659	0.587111	-706.165	-222.787
-13	797.978	0.512621	-1311.77	76.9283
13	1063.99	1.16333	1151.7	-950.029
-13	578.951	0.693065	820.015	379.3
-13	465.254	0.96376	19.0546	-913.182
-13	552.092	0.472728	1229.68	-1447.03
13	479.144	0.415421	-1315.25	1353.96
13	418.654	0.214755	-881.208	1401.82
13	467.719	0.146241	1475.88	1070.83
13	865.631	0.125721	-1411.58	1232.18
-13	432.326	0.908399	-1255.4	1133.02
13	423.599	0.725799	1115.08	-544.884
-13	567.35	0.291175	142.837	1458.43
-13	583.307	0.311603	-945.135	-1458.78
-13	476.871	0.793512	-422.651	1487.39
13	446.29	0.675609	394.571	159.402
-13	848.581	0.557769	1319.8	-47.405
-13	544.475	0.967894	-130.13	-339.24
13	463.431	1.20449	1161.84	1484.48
13	485.874	0.784347	-1401.98	-1026.77
-13	436.697	0.120564	-829.603	-978.195
-13	891.471	0.590812	1119.5	729.365
-13	610.92	0.491427	-361.841	-998.408
-13	2545.8	0.55332	-1236.84	-945.941
-13	691.416	0.157151	-979.462	-80.182
13	911.115	1.10029	-769.388	-369.778
-13	872.424	0.482532	1195.48	-242.407
13	491.947	0.0309907	-610.791	-154.687
-13	931.239	0.169095	-39.621	-569.18
-13	417.437	0.73561	-582.929	-1009.54
13	629.394	0.723316	383.516	438.195
-13	1077.12	0.450518	654.031	529.18
13	419.462	1.1785	-191.039	1171.96
13	541.826	0.951116	-967.942	956.627
-13	995.303	0.765557	-1042.83	277.667
13	1521.53	0.490309	470.624	-638.279
13	995.874	0.183782	-1331.67	693.145
-13	630.013	0.35142	-1334.15	-609.121
-13	1506.48	0.914695	350.768	-1158.82
-13	623.399	0.372089	1350.57	577.043
-13	478.804	0.712869	14.5948	310.938
13	607.689	1.08362	-1165.68	201.375
13	561.313	0.772071	-533.287	-183.179
13	921.083	0.468021	451.485	-1041.55
-13	433.115	0.795374	70.9937	-34.2729
13	514.679	0.0141501	325.432	-1057.55
-13	524.347	1.01976	-1204.53	59.8285
13	431.208	0.405607	1423.04	-286.083
13	532.056	0.811911	-1412.24	1101.79
-13	576.337	1.16377	115.416	-833.538
13	683.445	0.883036	-1164.64	796.562
-13	527.187	1.20768	9.02645	-1190.84
13	464.348	0.492903	-1275.74	463.184
-13	807.447	0.749428	789.3	-1261.6
13	641.332	0.648595	192.215	-1043.55
-13	1186.64	0.792762	-0.558391	-9.78297
-13	1037.49	0.950828	766.762	-1257.81
13	1251.26	0.844518	-1325.72	933.224
-13	504.906	0.89705	-480.29	209.999
-13	480.67	1.17222	-570.531	-1347.82
13	1586.63	0.957478	1259.95	291.456
-13	505.659	0.0916345	136.761	1378.3
13	403.811	1.01746	-853.734	-599.009
13	609.197	0.385584	-1417.37	-1435.62
13	507.872	1.01553	1248.12	787.717
13	569.167	0.939239	-256.894	-469.479
-13	503.494	0.110892	-247.758	427.235
13	459.432	0.0382374	390.74	13.6012
13	1071.51	1.18933	-1117.43	-470.55
13	466.653	0.0750184	171.458	-1006.73
13	468.559	1.00371	788.599	674.27
13	525.989	1.21074	-89.2412	640.989
13	565.687	0.972271	498.696	-53.7039
-13	456.683	1.01931	-512.369	1452.57
13	491.209	0.516204	1393.39	-923.798
-13	490.84	1.01481	-1401.74	799.557
-13	400.462	0.682811	-264.015	-279.573
13	404.385	0.822601	-109.965	248.315
-13	682.893	0.454864	-1118.26	-1284.47
13	507.68	1.11921	-1321.28	1008.88
-13	469.117	0.42734	548.715	346.958
-13	931.081	0.330791	691.808	1283.54
-13	429.5	1.15073	-503.82	-189.442
-13	453.298	0.185503	1346.94	840.468
-13	446.209	0.649756	-546.964	211.185
-13	888.925	1.08329	-762.021	346.638
-13	703.109	0.845441	35.4041	1263.82
-13	621.165	0.981101	762.258	360.064
-13	605.699	0.465328	-613.838	355.415
-13	565.349	0.0500676	-277.553	-1055.61
13	503.757	0.815465	-1323.66	-603.733
-13	436.26	1.17433	-1223.71	-943.712
-13	535.19	0.945393	-848.415	605.39
-13	400.071	0.917206	187.094	1207.75
13	432.398	0.848116	-732.566	-1233.94
-13	591.131	0.796128	243.454	4.0801
13	438.195	0.685547	498.688	-275.056
13	1333.53	1.05686	-844.339	170.806
-13	764.568	0.0761741	-185.567	-151.049
-13	694.714	0.488714	-612.564	-585.172
13	825.354	0.0627897	290.515	-1064.19
13	453.613	0.890723	-1049.25	-1264.43
13	416.617	1.11661	-1323.89	520.245
13	685.068	0.311667	-206.038	454.889
-13	624.154	0.859888	773.544	900.087
13	1272.34	0.432789	982.715	-1445.9
-13	1135.11	1.06861	-1087.47	-924.161
-13	588.469	0.498767	363.872	15.8335
-13	425.674	0.256607	-254.201	156.599
-13	471.594	0.747624	-598.445	685.461
-13	1186.8	0.384776	1102.01	-119.514
13	786.224	0.709274	-553.849	169.544
13	529.204	0.541566	1478.99	-430.098
-13	865.599	0.886173	1461.63	1443.1
-13	563.33	0.768215	-566.819	-1132.8
-13	603.316	0.571498	-897.242	-730.969
-13	546.309	0.501619	998.632	837.896
-13	916.866	0.066241	-670.76	103.202
-13	763.139	1.18587	-419.724	675.599
-13	1042.42	0.28897	-470.517	81.7592
13	2961.01	0.00383956	-640.419	975.168
-13	551.574	1.19626	1171.38	354.959
-13	1618.85	0.518497	-1200.42	502.936
-13	521.078	1.05289	454.172	-1150.02
-13	1223.56	0.279362	522.327	966.124
13	421.82	0.626164	-1441.85	-338.489
13	407.653	0.40544	1060	-1098.77
-13	533.02	1.07263	-1085.44	-293.308
-13	470.73	1.10983	-676.122	-1204.72
-13	862.636	0.752681	1188.77	970.676
-13	931.034	0.967177	1412.09	1430.2
13	410.393	0.475349	-889.472	1045.32
-13	575.228	0.562372	-1016.75	-1175.09
13	2425.53	1.21972	-292.896	-1394.89
13	686.187	0.51856	-111.621	-398.17
13	945.566	1.08854	-1168.89	-1060.98
-13	906.085	0.554347	-316.269	-1191.57
13	709.804	1.07161	-915.903	414.239
13	688.155	0.435895	351.765	-689.235
-13	1057.09	0.209422	-1206.62	-932.108
-13	542.375	0.12426	-1198.39	438.863
-13	905.585	0.836782	413.503	-295.975
13	462.303	0.822737	-1328.25	329.764
-13	747.032	1.13769	-131.61	-642.363
-13	614.756	1.12865	1059.82	-483.173
13	521.934	0.265211	1474.18	1306.92
-13	477.763	0.959954	955.157	-179.52
-13	400.793	1.11683	934.81	-856.433
-13	843.719	0.175532	1078.45	-587.631
13	516.859	0.215946	-1065.31	-1388.68
-13	487.527	0.973499	-360.992	-1393.58
13	1037.28	0.553481	172.219	1123.58
-13	528.993	0.401982	-1014.19	-287.986
-13	436.202	0.0354174	-297.595	366.914
13	495.637	0.212014	983.501	1200.7
-13	423.493	1.05157	526.754	-1000.45
13	491.239	0.908341	1044.7	-1472.88
13	848.296	0.939158	-936.08	577.51
-13	632.368	0.972779	169.566	364.442
-13	1053.09	0.276391	-593.769	-1044.08
-13	1398.57	0.802945	-273.812	-1439.23
13	834.437	1.14504	1104.04	442.83
-13	1271.57	1.09345	-1311.6	-440.498
-13	495.902	0.257041	-1163.2	-1349.34
13	413.676	0.383282	-874.504	950.546
13	731.352	0.938031	1098.64	1140.8
-13	640.018	0.986187	-792.575	120.151
-13	408.553	0.483836	173.874	-594.01
13	538.645	0.396452	961.796	37.8005
-13	459.594	1.11942	1104.91	558.584
13	667.968	0.27266	123.001	552.58
-13	686.871	1.13825	-179.945	245.961
13	415.911	0.772576	-206.354	553.112
13	914.089	0.852875	1492.32	625.271
-13	679.895	0.570745	684.331	61.9657
-13	445.549	0.259441	-396.809	1331.41
13	402.39	0.224676	-55.8444	1429.13
13	1379.13	0.171057	1069.94	-1084.38
13	659.66	0.947178	1400.87	-134.47
-13	528.502	0.746951	829.627	-527.94
13	958.122	0.2499	623.881	-1227.65
-13	913.451	1.045	-698.905	-767.518
-13	787.625	0.791082	8.00512	1119.57
-13	704.384	0.0983993	-1368.1	-1088.67
13	516.994	0.301043	327.483	1174.59
13	461.328	0.171754	1373.13	-692.213
13	604.108	0.85146	-1233.22	-507.842
-13	461.319	0.56002	1329.16	124.317
-13	438.171	1.02871	254.906	-1456.28
-13	666.424	0.972929	1454.04	191.135
-13	548.641	0.812775	706.473	-1395.82
-13	677.399	0.258565	743.963	71.4919
13	854.979	0.764718	-1315.66	-522.109
13	488.824	0.345321	1234.56	-705.118
-13	416.706	0.881275	-488.84	250.036
-13	477.614	0.998321	-1140.4	1473.74
-13	470.593	1.05447	1418.15	-67.501
-13	490.498	0.352881	423.92	-1009.62
-13	432.591	0.432803	7.15497	1476.11
13	607.388	0.863735	654.899	-1227.96
13	484.564	1.0582	-818.973	-751.671
13	1221.38	1.07199	-210.029	683.432
-13	588.429	0.844232	726.27	-1120.6
-13	458.219	0.955	-445.59	545.989
-13	426.275	0.877212	-749.953	527.68
-13	491.6	0.191107	11.0123	633.761
-13	493.384	1.17072	35.9108	240.863
13	560.505	0.539356	-559.999	-189.561
13	556.131	1.05815	603.81	628.886
13	415.746	0.646324	-1199.98	-820.02
13	537.477	0.485703	-1259.49	-614.679
13	931.957	0.552007	-151.188	-58.1809
-13	778.749	1.17789	-1266.12	-1216.03
-13	442.402	0.0577621	181.91	526.457
-13	613.369	0.0258587	-1123.4	919.569
-13	460.608	0.047145	508.371	-1391
13	572.953	1.14881	1444.45	407.108
13	410.247	0.628492	188.291	1060.94
13	763.783	0.897163	934.98	-267.01
-13	475.427	0.207168	-1337.86	37.8242
-13	436.354	0.645813	830.067	939.625
13	657.33	0.881295	-541.701	913.107
13	860.922	0.150011	-1094.41	-937.844
-13	1236.03	0.24795	-121.439	-671.239
-13	609.252	0.726286	-967.99	-1161.9
13	546.106	1.08791	1003.97	-754.743
-13	422.552	0.350557	910.02	1104.55
-13	526.684	0.446991	1494.99	1406.83
-13	1456.88	0.491024	-374.169	-967.362
-13	512.317	0.59368	809.672	-920.144
-13	412.904	0.9016	-1392.18	352.893
-13	615.903	0.841078	-759.168	-184.152
-13	773.475	1.11241	356.409	-612.81
13	584.986	0.598174	-1196.04	643.812
13	478.08	0.95158	-909.517	43.4328
13	551.678	1.06092	-122.475	-967.865
-13	552.236	1.14392	1233.79	1179.34
-13	452.214	0.703196	1300.81	-832.747
-13	554.949	0.585028	657.958	-860.549
-13	739.609	0.0192343	-1297.86	-768.733
13	421.74	0.417894	468.946	-1455.41
13	485.196	0.625557	-1287.37	-863.224
-13	548.097	0.733903	337.527	-1236.81
-13	2948.36	0.574415	275.966	-1216.21
-13	531.663	0.140403	461.308	-704.364
-13	493.003	0.0225488	-1432.88	1340.4
13	422.662	0.885278	-407.522	924.848
-13	480.209	0.0841583	-784.823	-77.0352
13	474.369	0.415536	550.293	-1206.44
13	465.609	0.299889	913.429	-1249.05
13	555.941	0.957856	-302.74	-1387.32
-13	711.802	0.390264	-447.87	1367.77
-13	478.559	0.337295	-179.574	494.4
13	450.704	0.565971	-1278.68	-357.606
-13	452.482	0.933337	264.076	-1037.12
-13	573.615	0.96848	612.328	913.362
-13	667.579	0.573353	-266.202	-1188.88
-13	463.153	0.696063	-1167.71	367.914
13	847.177	0.586346	1345.24	-1405.27
-13	758.389	0.460057	1278.37	1133.66
-13	598.998	1.10747	1325.47	1117.03
-13	593.361	1.1332	781.61	-59.2617
13	487.751	0.401464	-1109.99	780.27
13	743.464	0.189992	362.868	-424.202
-13	681.186	0.759954	-635.325	534.189
-13	668.834	0.160372	428.209	1206.37
-13	531.917	0.591521	1080.29	142.887
13	418.541	1.13156	174.596	-544.183
13	1615.17	0.865989	-241.026	-1364.18
13	454.079	0.926924	926.464	-1037.03
13	400.474	0.964785	-125.399	-922.792
-13	863.166	0.419001	965.971	-211.518
-13	478.683	0.600755	1214.32	-92.2721
13	602.997	0.293691	902.683	-469.262
-13	484.752	0.850537	-457.12	1212.57
-13	578.486	0.430332	541.925	-1363.37
13	475.737	0.355993	1171.23	1091.31
-13	599.184	0.250685	1188.12	1018.76
-13	414.184	0.597592	-661.394	-211.386
-13	462.969	1.14424	856.833	343.024
-13	523.561	0.782173	-150.933	266.544
-13	496.995	0.843362	-996.441	-655.237
13	509.924	0.187747	1424.62	-20.1843
-13	5813.49	0.961042	373.681	380.533
-13	418.071	0.188151	1112.41	1472.58
13	593.184	1.19948	333.386	105.701
-13	518.032	0.905651	-1116.73	-1349.15
-13	459.481	1.14727	-1356.65	1325.51
13	645.678	1.1344	1182.54	-29.6601
13	477.331	0.677679	-978.541	-568.578
13	580.724	1.09015	-133.418	175.374
13	826.299	0.203897	1393.06	-675.84
13	695.679	0.854297	254.27	815.053
-13	445.843	0.749966	1232.85	-247.337
-13	445.035	0.562262	-745.37	400.926
-13	463.797	0.884175	486.598	1143.47
-13	617.942	1.04741	774.164	558.063
13	465.632	0.943433	751.029	155.262
13	489.27	1.04224	235.229	-876.657
-13	529.361	1.14359	-787.101	-861.921
-13	807.954	0.889618	66.5325	35.4569
13	400.211	0.116215	-139.664	792.996
-13	1083.85	0.36792	-583.119	586.949
-13	866.482	1.0478	-95.3478	-447.455
-13	539.845	0.0209714	-1435.01	-741.772
13	451.714	0.162518	-281.551	183.616
13	945.442	0.498034	-817.224	-993.709
13	623.69	1.10994	432.371	426.143
-13	430.753	0.435568	89.7032	-476.986
-13	656.408	1.02361	366.584	-356.807
-13	640.76	1.1163	703.172	-1179.97
-13	496.303	1.09789	-1443.89	982.043
-13	432.808	0.47527	979.303	645.721
13	435.821	0.572819	1387.83	1285.8
-13	429.712	1.13086	1278.16	1416.84
13	847.952	0.543347	166.051	1220.62
-13	449.196	0.6284	-920.015	-1138.94
-13	471.756	0.747428	-485.037	826.564
-13	427.145	0.64292	262.098	-734.192
-13	873.048	0.998178	-329.998	192.559
-13	557.024	0.553536	1183.53	-841.164
-13	627.636	0.0234158	-1113.73	-1018.19
-13	425.675	1.06117	1460.11	-439.163
13	585.734	0.0829335	-1069.38	-54.7575
13	447.211	0.172253	-235.078	-167.895
-13	607.505	1.16974	1383.33	598.417
13	855.275	0.751934	16.5794	-156.572
13	479.234	0.991076	1223.39	-1192.16
-13	768.99	0.524668	218.388	217.78
-13	715.055	0.951076	843.931	-1456.13
-13	419.461	0.848968	-421.107	527.382
13	515.448	0.860302	-547.337	-252.545
13	462.692	0.942422	-964.77	1105.78
-13	441.639	1.0976	-241.379	-576.029
-13	1363.92	0.498872	591.099	1475.3
13	479.057	0.715004	-1071.32	-715.758
-13	606	0.364118	1495.3	1096.17
13	459.36	1.03937	-45.0553	1097.16
-13	452.992	0.762264	877.57	794.759
13	897.771	0.908222	625.2	1036.23
-13	669.999	0.0519927	-712.286	-607.803
-13	632.581	1.1017	-78.6152	-56.7333
13	423.87	0.231046	-595.474	-1347.75
13	951.039	0.2552	-153.673	-453.382
-13	467.409	0.87709	-967.489	-922.393
-13	1276.99	0.828425	-618.338	-800.699
13	1469.23	0.0131679	154.512	866.536
13	770.529	0.976141	-635.327	286.585
-13	423.217	0.625812	-969.527	251.264
-13	691.777	0.89888	1101.17	-530.591
13	2081.9	1.09807	-356.939	-632.499
-13	968.341	0.386285	1364.33	986.122
-13	540.64	1.08121	-235.671	357.738
13	619.17	0.12132	1378.23	111.429
-13	1127.75	0.433852	-297.969	663.416
-13	456.195	0.96748	1019.26	577.628
-13	661.261	0.923135	846.17	-516.291
13	586.715	0.727158	831.782	621.653
-13	477.283	0.814749	909.065	271.484
-13	1030.13	1.01933	839.441	1159.87
13	544.584	0.953765	-144.154	-377.134
13	452.634	0.853173	539.204	1453.69
-13	1396.08	0.325594	222.761	1334.5
13	401.836	0.648519	1052.95	-211.532
13	725.5	0.691421	548.979	68.932
13	933.621	0.220463	489.933	-417.2
-13	1739.93	0.531127	1419.24	961.653
-13	1219.48	0.540097	-1137.44	-892.873
13	573.683	0.20947	-1226.9	209.684
-13	544.11	0.793765	-1003.61	969.28
13	529.229	0.184657	-1120.13	-337.311
-13	511.335	0.577098	457.129	608.067
13	480.68	1.1728	458.496	921.957
13	463.195	0.943766	-674.411	-704.566
-13	1504.67	0.107947	260.205	-692.162
-13	619.617	0.605392	492.263	996.38
-13	447.217	1.00764	-360.251	1345.88
-13	759.738	1.0499	-306.116	-1055.4
-13	462.2	1.18772	-1326.64	-1019.78
13	453.986	0.689415	767.46	933.56
-13	620.344	0.357634	-631.02	-278.978
-13	411.561	0.926331	308.146	-286.068
-13	743.626	1.16495	-207.909	-791.653
13	711.877	0.302512	1102.17	506.543
13	507.462	0.423653	-530.319	-795.09
13	435.517	0.222735	-800.804	-1480.63
-13	423.649	0.783675	-368.759	82.5998
-13	421.628	0.600744	-697.751	809.543
13	553.789	0.12292	-192.781	58.1248
-13	841.875	0.785351	1349.15	1095.56
13	602.732	0.168562	-513.705	788.554
-13	463.247	0.389008	13.595	417.556
-13	791.897	1.12459	-208.782	-1332.6
13	727.153	0.0445917	-1469.57	-658.185
-13	505.306	0.931931	862.462	-1368.59
13	483.18	0.908017	-115.033	-717.94
-13	402.544	0.706979	958.504	1002.62
-13	403.692	1.03117	1032.04	-1395.07
13	704.886	0.996286	299.773	619.496
-13	509.563	0.939112	-396.847	998.642
-13	700.598	0.490747	-432.832	-301.183
-13	684.033	1.08181	-833.865	-1214.93
13	859.304	0.355654	1027.02	-1447.74
-13	1185.1	0.596754	385.35	-1150.98
13	431.943	1.18309	1003.24	901.504
13	544.431	0.177113	-600.88	1332.41
-13	498.128	0.663561	499.654	-1440.03
13	981.933	0.930516	-1435.32	-659.691
13	747.09	0.287302	488.055	1412.88
13	747.009	0.0126899	161.414	-792.794
-13	590.359	0.237123	491.057	91.659
13	637.897	0.146164	-798.088	-451.561
13	421.819	0.328818	-276.529	1429.44
-13	1766.67	0.782657	-1009.75	-900.916
13	762.741	0.66493	896.897	151.075
-13	621.478	0.908999	-1294.65	1450.93
-13	742.81	0.55038	-1120	1382.85
13	1000.66	0.193129	-1317.44	959.749
-13	462.571	0.489435	-820.752	-551.349
-13	517.236	0.582774	1412.79	1391.44
13	479.331	0.0704688	450.998	962.263
-13	556.521	0.34404	-611.833	-1024.22
-13	505.768	0.279278	553.179	510.229
-13	458.963	0.118155	805.846	-550.553
-13	442.331	0.519352	790.399	1247.75
-13	430.989	0.398573	1022.38	1295.1
-13	577.942	0.321654	1403.11	1490.52
13	652.857	0.0224978	976.275	60.9534
-13	452.441	0.503341	-1169.84	496.172
-13	407.105	0.461563	-22.1066	-826.886
-13	401.53	0.424028	79.6014	-703.062
-13	697.639	1.04337	32.9483	160.585
-13	799.969	0.0601688	1287.3	-1136.64
-13	406.83	0.702982	-86.2862	893.892
13	736.229	0.834402	489.924	-1492.66
13	466.798	0.919561	-34.5078	947.562
-13	664.263	0.461215	-999.647	1166.22
13	457.718	0.437642	-185.977	413.2
-13	1262.18	0.486613	-1270.67	744.907
-13	455.716	0.810654	570.353	1117.2
-13	572.536	0.864243	-1182.37	-1068.22
13	740.184	0.660393	-929.691	-293.187
-13	474.376	0.60334	918.976	537.584
-13	577.104	0.65498	1146.56	-107.382
13	515.807	0.777954	1438.19	431.089
-13	1197.67	0.420283	-1346.82	1044.98
-13	411.055	1.08367	673.499	158.212
13	462.684	1.03351	1007.25	404.505
13	1493.03	0.533901	-150.521	-936.291
-13	503.505	0.193085	1014.33	814.643
13	614.35	1.02181	416.55	-1459.61
13	751.617	0.572594	1441.25	-1185.63
13	534.557	1.11465	1382.51	-1323.19
13	400.536	1.07909	1467.94	654.338
13	765.562	0.668137	-240.323	943.125
13	915.072	0.555516	-1015.39	153.511
-13	2266.61	1.17587	-616.283	984.99
-13	689.068	0.798181	198.954	53.1479
13	465.958	0.111686	-81.9605	1264.33
-13	486.898	0.680461	-244.762	593.216
-13	419.27	1.10109	315.231	549.793
13	1129.84	1.05232	1090.39	-350.027
13	769.416	0.384514	-152.638	1004.25
-13	418.086	0.985282	258.296	-1079.83
-13	437.765	0.676295	924.866	42.5198
-13	493.406	0.19569	-650.381	155.422
13	457.656	1.21051	233.421	-664.396
13	1719.54	0.427845	-305.875	557.163
-13	3071.91	0.499222	91.672	108.396
13	413.308	0.871762	1350.58	-935.361
13	521.907	1.09642	-369.555	-703.157
-13	503.942	0.368398	-825.486	268.9
13	1322.1	0.655466	1398.21	1167.4
-13	427.374	1.10289	-112.07	-1330.21
-13	610.617	0.20414	1267.03	152.322
13	896.291	1.07875	1477.25	417.882
-13	655.356	0.974235	773.311	1165.89
13	1285.07	0.177006	-1328.41	625.358
13	2149.13	0.00598422	-532.385	-397.323
-13	468.687	0.940873	1101.53	1079.45
13	501.738	1.07096	-1192.1	511.156
13	602.078	0.00925125	-310.127	-1446.37
13	1308.16	1.0548	769.136	-812.652
13	1032.56	0.495444	1004.37	-1462.3
13	749.732	0.149958	70.2536	1358.34
-13	1404.02	0.94566	1267.3	-740.876
13	2256.08	0.675116	856.237	585.941
13	490.769	1.16477	-360.375	-121.271
-13	1314.26	0.71443	-382.712	223.742
13	400.109	0.56038	-569.317	-752.174
-13	621.498	1.14851	1162	344.925
-13	494.261	1.2175	1387.95	-1101.28
13	512.614	0.0484319	565.842	717.495
13	456.091	0.847573	-1023.6	-384.175
-13	664.35	0.812978	84.6305	1079.24
13	637.572	1.14785	1079.3	565.714
13	443.826	1.06653	-1319.81	-779.001
13	418.917	0.282957	297.268	477.424
-13	532.93	1.12032	-1151.92	827.31
-13	444.103	0.68955	-527.273	-630.376
-13	468.111	0.776092	592.298	1207.14
13	1009.83	1.14577	-520.002	-441.017
-13	422.132	0.572817	1094	407.057
-13	433.518	1.17009	-557.932	-950.52
13	437.347	0.16176	-476.554	-126.203
-13	644.393	1.19807	-344.953	900.623
13	586.771	0.340774	-1214.85	-1164.53
-13	792.479	1.09754	1375.48	355.153
-13	452.922	1.15979	-1410.51	-221.942
-13	605.499	1.15195	649.67	-61.4701
13	1991.46	0.129059	1336.78	955.551
-13	1418.17	0.384374	544.089	688.192
13	1740.05	0.454375	-1447.45	1170
13	569.069	1.03738	739.229	603.136
-13	538.726	0.122605	-935.795	874.737
13	717.062	0.0782798	-723.747	-524.076
-13	427.18	0.469743	-922.268	-679.505
-13	551.346	0.0668727	-652.11	-1414.33
13	526.017	0.805135	496.912	1115.89
-13	813.864	0.0888538	412.067	968.687
-13	419.662	1.09772	930.395	142.376
-13	402.976	0.54878	560.712	-1453.1
-13	567.501	0.178752	1128.13	-978.507
13	415.565	0.962622	301.369	303.988
13	427.736	0.365344	-496.717	1427.06
-13	431.141	0.210972	-53.1687	888.92
13	475.173	0.013864	-1158.87	531.649
13	528.62	1.08894	1219.22	703.525
-13	438.945	1.0129	1436.49	-1287.56
-13	591.108	0.102309	-376.951	-791.915
13	484.017	0.849256	648.632	-1497.56
-13	744.895	1.01481	400.361	462.362
13	752.115	0.743558	988.142	-1473.26
13	431.954	1.21864	-1060.22	-29.1195
-13	758.973	1.10856	1172.27	745.013
13	439.771	0.378579	-561.378	789.227
13	441.052	0.529115	672.548	494.043
13	448.799	1.09384	-436.584	-133.335
-13	408.086	0.306132	115.353	-851.479
13	564.106	0.791386	-1347.64	-1440.15
-13	416.921	0.971421	472.746	-382.514
-13	550.598	1.09701	904.472	-1049.21
13	465.324	0.73362	1066.84	1297.72
13	438.739	1.02024	442.48	-355.395
-13	415.315	0.375059	835.51	-1399.78
13	716.764	0.254179	185.386	-1335.24
-13	735.245	0.762154	836.359	113.735
-13	513.734	0.774396	-1427.55	-669.854
13	444.23	1.15373	-925.422	1268.27
-13	473.171	1.1903	-356.559	1368.52
13	718.093	0.563741	454.28	1404.71
13	506.625	0.407842	-6.55258	1390.49
-13	491.19	1.0115	344.97	704.433
13	578.899	1.05491	-852.522	669.705
-13	414.132	0.41926	1227.85	-604.663
-13	1847.3	0.310293	105.048	-898.745
13	827.401	1.16119	149.936	270.957
-13	403.331	0.35339	-957.861	-40.7365
13	511.567	0.689243	-1475.35	822.361
-13	460.825	0.564685	-1428.81	-224.976
-13	738.132	0.474332	-1336.04	-59.5097
-13	453.73	0.254222	-142.158	-854.495
13	700.413	1.14468	-1376.56	-715.592
-13	562.773	0.0692099	-942.588	1124.93
13	461.948	0.68721	510.89	-130.344
-13	872.722	0.994918	170.582	-1396.43
-13	648.257	0.697614	-874.592	343.535
-13	450.053	0.319097	-152.477	943.775
13	402.687	0.975739	930.672	-24.4705
-13	730.432	0.409268	964.615	-249.7
-13	532.209	1.05961	1475.16	-432.095
-13	478.633	0.510757	-191.375	839.118
-13	477.3	1.12637	-392.538	723.847
-13	883.682	0.983727	-72.4781	-1206.78
-13	494.083	0.0738001	751.052	-1383.9
-13	404.839	0.702678	1136.42	-640.489
-13	471.397	1.21822	363.705	-1449.93
13	627.787	0.177817	-1209.93	1171.37
-13	477.431	0.180702	-500.122	1410.25
13	677.282	1.02366	556.6	-915.323
13	416.854	0.353047	181.287	-29.898
13	651.121	0.534907	1411.92	-1483.4
-13	483.938	1.08177	-1465.41	860.445
-13	1526.93	0.635143	1115.18	555.735
-13	726.989	0.80204	187.028	285.852
13	665.647	1.19397	-1393.25	-1452.58
-13	505.316	0.276286	1225.63	-1454.71
13	550.282	0.93904	545.17	-525.177
-13	599.521	1.05057	-1046.96	863.267
13	768.305	1.00734	-1459.99	-1050.86
-13	636.692	0.946194	941.186	224.18
-13	560.015	1.00648	1490.51	613.867
13	590.421	0.50304	-955.633	893.244
-13	574.683	0.562757	-1257.58	-1104.73
13	438.57	0.352725	770.169	-1058.72
13	432.036	0.315866	106.712	492.353
13	613.843	1.06833	348.056	957.577
13	483.717	0.872441	-888.317	509.496
13	597.057	0.243823	1141.51	-892.996
-13	549.632	0.969597	1490.45	374.377
-13	528.818	0.327226	-1132.95	-438.845
13	424.351	0.114733	-232.813	-544.853
-13	555.371	0.978786	679.645	545.856
-13	516.142	1.17134	-872.983	-491.68
13	896.352	1.16998	-60.9672	-614.191
13	620.041	0.117328	-227.583	429.795
-13	686.284	1.11243	1246.5	568.427
13	514.611	0.507557	-651.261	-1231.43
13	1126.4	1.14324	-916.649	790.986
-13	468.033	0.639317	-661.631	-1370.7
13	693.449	0.798079	598.824	-1281.63
-13	821.083	0.831597	843.565	-964.868
-13	402.876	0.423453	-1075.26	830.097
-13	505.528	0.935822	1157.76	780.927
-13	499.569	0.188458	581.519	-1240.9
13	474.92	0.694197	-485.731	1261.62
13	464.763	0.477031	672.037	-574.211
-13	529.929	0.549567	802.579	414.507
-13	509.21	1.17508	-50.8077	-1321.71
-13	514.154	1.2069	-989.369	-1194.65
-13	531.397	1.01588	-40.6867	547.573
13	465.733	0.991623	-1049.26	249.883
-13	1883.54	0.92392	192.803	-1320.67
13	1362.94	0.492491	1354.03	-319.867
-13	513.582	0.823021	-853.121	720.43
13	535.643	0.0331342	-956.513	-283.373
13	405.929	1.15857	1153.91	-937.405
-13	422.321	0.66563	-475.936	-534.98
13	450.71	1.20368	-968.414	-292.103
13	444.103	0.494329	-106.095	1051.45
13	540.776	1.11993	1444.88	-364.26
-13	733.275	0.968982	1277.5	-279.392
-13	416.966	0.535439	1083.44	586.071
13	450.841	0.24042	-1080.36	-805.802
-13	684.686	0.667375	-1066.75	1131.08
-13	445.705	0.630874	202.026	506.16
13	481.548	0.95909	-1445.58	1031.94
13	848.425	0.301552	467.391	-1412.56
-13	535.667	1.16875	948.472	-420.597
13	458.98	1.0322	954.825	-1354.84
-13	486.899	0.778506	154.825	-349.74
13	497.972	0.847262	416.211	1351.29
13	642.974	1.02241	-1310.58	591.898
-13	1067.16	0.87435	-1014.37	-994.55
-13	415.503	0.766971	79.5653	-157.307
-13	480.669	1.115	58.4259	1434.97
-13	533.918	1.16185	-466.107	-494.145
13	496.635	0.89307	-400.492	653.146
-13	828.679	0.866549	-1104.89	-1109.72
13	459.421	0.232879	245.96	-714.811
-13	577.603	0.43384	-1243.05	-24.5639
-13	1273.14	1.20851	1439.94	1077.17
-13	527.937	1.08548	-48.9288	-895.314
-13	718.243	0.987692	254.045	1098.76
-13	620.688	0.438663	-643.761	-546.138
-13	591.318	0.832168	943.441	-1394.1
-13	408.614	0.451807	-1485.5	-948.183
-13	502.499	0.901983	1070.99	-564.431
13	1250.72	0.598362	1149.1	-409.762
-13	404.955	0.991607	-1054.68	-605.227
13	573.006	0.135874	1214.63	30.1473
-13	414.325	0.764681	948.622	-644.745
13	434.828	0.992785	1180.89	327.738
-13	407.58	0.823825	1263.73	-660.78
13	699.202	0.531589	-663.661	25.0651
-13	466.773	0.471892	-672.853	317.03
13	407.105	0.200279	-136.866	1277.12
13	497.541	0.545305	1299.21	-64.2547
-13	553.813	1.15808	272.166	-413.551
13	558.943	0.171362	-111.483	985.681
-13	443.654	1.08073	-237.947	908.15
-13	406.3	0.433199	1182.59	1063.62
13	479.712	1.1666	250.958	1498.59
13	773.338	0.00818259	-437.643	167.216
-13	436.052	0.497634	937.958	811.357
-13	746.962	0.957427	-1130.76	-744.368
13	665.05	0.982694	-654.281	-363.858
13	1378.83	1.16369	1296.57	-1295.32
-13	422.612	1.19806	636.791	-857.449
-13	1008.32	0.869227	868.701	-1331.14
13	503.694	0.979982	-141.779	380.406
13	452.291	0.317988	-1091.79	708.525
-13	519.816	1.1402	496.017	75.0165
-13	410.439	1.17538	-943.6	1152.14
-13	768.92	0.127262	26.2088	199.532
13	615.521	0.984498	727.924	1096.45
-13	1155.34	0.732433	380.162	-664.876
13	747.902	1.01864	-648.204	986.422
-13	2547.47	0.792231	-995.991	-461.641
-13	408.11	0.0842646	1401.17	789.145
-13	668.86	0.765169	-1416.96	-1169.81
-13	784.533	0.562661	-333.41	-87.5845
-13	491.943	0.130472	689.901	1231.15
-13	605.958	1.21256	812.175	-956.713
13	443.982	1.02162	-1482.67	555.322
-13	502.741	0.0942749	-35.1464	1274.39
-13	609.718	0.370561	1068.51	1024.33
-13	1270.61	0.427682	387.894	-1274.27
-13	584.238	0.193717	266.183	-3.30928
-13	729.876	0.463934	469.529	-29.496
-13	440.252	0.565702	288.714	79.8658
-13	955.99	0.311178	1181.86	822.536
-13	520.09	0.651544	-1497.29	-1443.39
-13	489.193	0.994893	-544.477	1304.01
13	439.205	0.984079	433.154	934.049
13	411.85	0.457704	-227.782	-1399.6
-13	490.386	0.129341	-1028.07	21.8243
13	448.267	0.458529	-298.753	947.677
13	402.233	0.206206	-123.963	-884.042
13	446.709	0.49865	-1342.42	-95.1357
13	841.239	0.370225	104.301	-1163.8
-13	2247.55	0.00702948	-354.593	-783.871
-13	546.272	0.585888	-32.6166	628.297
-13	1595.41	0.238271	-843.608	787.599
-13	987.839	0.816158	-865.768	1494.55
-13	415.056	0.226658	-1242.08	-353.428
-13	566.273	1.08129	-1198.14	-821.531
-13	464.466	0.867242	757.979	937.366
-13	603.859	1.1921	-234.34	1333.8
13	446.227	0.832722	-727.7	-887.204
13	465.283	1.20712	-699.639	888.257
13	678.681	0.162133	653.79	222.728
-13	592.544	1.15932	-1068.16	-478.814
13	530.169	0.817077	-1244.49	-146.36
13	512.117	0.648814	-1166.71	1474.28
-13	625.929	0.409662	1178.93	748.207
13	410.135	0.531892	866.03	934.084
13	1489.67	1.05661	-209.233	719.729
13	400.902	0.418124	-310.338	-446.125
-13	403.008	0.672793	-1374.11	-1260.88
13	603.462	0.530966	-316.116	-1084.4
-13	1282.73	0.482125	-876.561	-113.101
13	978.064	0.460525	370.745	-1288
13	450.423	0.400672	176.957	-1262.07
13	934.304	1.01508	559.772	-1445.38
13	491.734	0.866499	1164.98	-223.427
-13	1045.51	1.17274	431.445	95.2499
-13	472.181	0.86856	1070.45	-195.18
13	1977.36	0.106242	-1278.41	-1027.42
-13	444.959	0.663219	829.91	839.322
-13	497.959	0.785761	437.087	180.324
13	431.256	0.665268	557.731	953.133
-13	481.235	0.584317	580.379	251.132
-13	461.685	0.315018	-205.582	-1361.59
-13	410.639	0.193533	-1297.97	-313.574
-13	432.997	0.011146	-560.025	200.31
-13	441.478	0.020748	685.385	-1292.81
13	446.025	0.649411	6.02492	-685.085
-13	855.227	0.2584	-569.078	1204.16
-13	499.08	0.857661	327.619	1477.68
13	462.664	0.694214	-874.532	-524.74
13	614.821	1.02141	-136.019	1103.96
-13	400.528	1.03107	-903.832	839.191
13	612.92	0.598363	1492.23	5.12074
-13	624.92	0.105109	-179.819	801.583
-13	477.04	0.357175	-541.468	-798.715
-13	1119.21	1.14465	-1484.4	997.833
-13	659.101	1.16178	-144.2	-1055.12
-13	827.298	0.370438	1149.56	884.656
13	452.182	0.69951	290.334	-515.379
-13	545.435	1.01721	1254.37	-1268.87
-13	969.833	1.14466	-992.848	-871.995
-13	749.636	0.241158	-348.448	229.956
-13	480.661	0.466361	-1031.03	-172.264
-13	560.296	1.13039	-163.966	241.294
13	582.21	1.10973	-910.872	226.595
-13	401.28	0.631661	1177.91	-1295.19
-13	927.125	1.02975	846.321	22.9551
13	440.325	0.326852	-118.879	210.49
13	887.346	0.976273	671.796	-1041.85
13	588.775	1.17966	-809.114	-406.316
13	730.906	0.394073	-824.129	-720.034
13	702.205	1.1947	-814.142	951.257
13	977.166	1.1451	945.292	6.358
-13	624.552	0.752533	1255.74	660.522
13	629.906	0.952611	173.422	-86.6996
13	1965.29	0.174741	1411.71	-822.962
13	697.502	0.757903	-55.0987	-764.715
13	607.504	0.243289	-1207.29	554.966
-13	522.489	1.09926	524.036	-332.997
-13	465.401	0.23486	896.301	439.327
-13	418.888	0.749374	1028.08	434.81
-13	476.509	1.11542	-1153.67	452.197
-13	512.037	0.138066	507.004	442.459
-13	431.111	1.06274	-477.511	-1201.02
-13	544.876	0.54876	-908.581	356.004
13	612.499	0.494106	-323.041	1195.71
-13	1147.94	0.888021	203.208	-928.063
13	422.488	1.01384	699.297	1246.31
-13	1058.09	1.06984	-1397.36	-247.097
13	402.431	0.983631	1373.64	1038.42
-13	725.624	0.401692	1484.21	-502.429
13	823.659	0.725912	144.066	-970.036
-13	1882.82	0.807116	421.682	-976.338
-13	1488.2	0.893697	-1201.68	222.497
-13	520.826	0.184722	1371.48	-750.56
13	482.436	0.149657	138.217	910.947
13	431.861	0.157946	-443.762	-1161.08
-13	402.395	0.798482	395.473	-236.799
13	677.52	0.310449	-542.174	-495.403
13	627.783	1.20767	662.179	-67.3102
13	530.792	0.807484	-443.569	-1148.17
13	570.653	0.0875584	-404.804	1015.39
13	571.416	0.362903	297.523	-894.583
-13	431.547	0.392871	-1031.2	-1157.16
-13	549.859	0.756212	-839.145	650.666
13	454.797	0.439413	-233.828	-74.21
13	1428.77	0.38112	-1387.46	-278.524
13	456.426	0.312291	-201.256	-67.0156
13	925.634	1.1338	418.912	-437.103
-13	2297.16	0.156598	-1095.59	378.754
-13	665.157	1.16453	-1222.73	-92.5612
13	620.362	0.811791	1267.56	1396.9
-13	651.037	0.284037	-1478.71	640.344
13	841.698	0.727639	-1201.76	-126.503
13	1029.46	0.722601	-92.7416	-1053.34
-13	679.258	0.506568	-944.118	745.784
13	405.539	0.183575	69.101	202.462
13	691.153	0.0153439	-1183.82	1198.31
-13	641.942	1.00698	-807.854	1218.39
-13	404.979	0.598081	52.5334	-1213.15
13	1021.11	1.12521	-1079.79	920.666
13	412.566	1.09481	-468.741	1191.33
13	441.145	0.719833	174.453	-27.9136
-13	417.845	0.977852	-903.856	1064.93
13	469.09	0.506745	696.687	-630.873
-13	1312.28	0.825206	316.953	-1182.77
-13	414.215	0.0899915	582.605	-254.23
-13	432.986	0.596657	1136.53	-181.428
-13	526.094	1.09943	1290.09	1355.31
-13	743.045	0.142458	-304.766	212.933
-13	403.044	0.905582	103.676	28.5555
13	1076.25	0.918987	216.736	342.789
13	814.1	0.23988	-1255.55	834.325
13	431.371	0.038211	-1409.05	892.93
-13	930.903	0.426895	-532.604	508.86
-13	524.724	0.531563	705.539	-837.286
-13	712.835	0.423684	-764.372	-308.155
-13	477.151	0.702852	-598.369	174.719
-13	423.686	0.0940684	328.489	-164.032
13	458.975	0.123793	-1138.44	1112.37
13	835.071	0.055847	598.12	1177.7
13	582.937	0.44734	259.607	-1093.19
-13	658.976	0.906582	1259.67	1217.09
-13	1763.75	0.683438	974.956	1400.19
-13	1055.58	0.174303	486.041	-928.637
13	587.109	1.00332	228.175	-524.111
13	1319.53	0.284943	1391.45	183.438
13	439.511	0.974587	1057.58	-1361.5
13	1040.57	0.693361	-466.084	78.4696
-13	420.729	1.21205	-1305.91	-614.257
-13	514.029	0.0394115	-959.105	-939.014
13	598.828	0.903734	905.641	456.656
13	6521.99	1.16519	-914.97	402.394
-13	908.561	0.583399	-1342.17	401.164
-13	540.972	0.795343	1044.4	1437.99
-13	491.138	1.20936	429.284	892.212
-13	531.168	0.32892	320.826	60.2829
13	1045.42	1.00834	-640.799	569.026
13	475.121	0.272628	948.804	956.623
13	430.894	0.720911	1230.83	1330.17
-13	1278.26	0.0745181	293.198	-1410.95
13	507.447	0.596182	401.077	1429.36
-13	486.077	1.04798	700.338	1230.94
-13	517.59	0.0914247	-979.654	-1456.91
-13	522.861	0.422956	893.496	1095.5
-13	506.049	1.19072	-1125.16	-624.438
13	480.61	0.891927	411.812	-653.862
13	561.873	1.03137	-660.242	-360.815
-13	499.201	0.295508	-216.761	740.681
-13	459.244	0.731502	-625.065	-1010.51
-13	692.075	1.20998	-1305.94	-593.362
-13	546.039	0.0243235	-743.951	-613.043
-13	911.288	1.12933	30.9946	628.286
-13	2470.3	1.07606	734.239	-675.433
13	416.723	0.36519	-161.901	-170.361
-13	506.431	0.0753839	6.97079	-457.066
-13	424.758	0.636603	-899.633	-1206.56
13	564.185	1.06084	314.718	1134.96
13	478.811	0.258636	1245.36	-1030.95
13	473.406	1.00107	-407.264	838.686
-13	1119	0.788726	-865.214	-477.673
-13	517.624	1.03787	-436.968	106.985
-13	475.009	0.803566	1356.41	102.692
-13	556.471	0.185728	172.583	1130.23
-13	425.158	0.291535	443.154	718.715
-13	949.236	0.366939	-18.2645	478.729
-13	690.89	1.10697	417.374	-613.395
13	541.539	0.381435	-1355.56	161.439
13	613.553	0.979219	426.346	-1209.24
-13	444.769	0.868944	-1006.74	1425.79
13	479.162	0.0486389	-484.86	1400.52
13	733.402	0.981694	551.235	-97.2518
-13	675.621	1.10387	-1365.18	-1118.85
-13	453.802	0.669431	-510.757	634.891
-13	579.689	0.53004	-1050.86	-1400.47
13	890.016	0.482695	1442.65	1260.09
-13	1753.59	0.290949	258.924	-736.806
-13	562.809	1.04528	504.199	-676.332
13	456.048	1.07684	258.134	1142.15
-13	792.392	0.826833	170.761	-1310.03
13	641.478	1.10818	1026.81	6.55846
-13	544.406	0.309666	-879.475	1442.45
13	460.056	0.870688	182.11	-965.548
13	724.559	0.505189	834.466	-1397.13
13	2017.49	0.562133	458.464	-253.818
-13	560.166	1.18908	-143.796	808.007
-13	484.539	0.97892	-68.7969	-287.91
13	700.852	0.728385	-349.73	-690.409
-13	448.48	1.14929	-131.111	343.597
-13	1027.24	0.191327	422.737	-727.07
13	665.23	1.22147	-1192.49	-502.953
-13	404.285	1.12325	-213.534	-1335.05
-13	483.737	0.424293	-281.243	905.282
-13	1228.52	1.13528	1298.67	-1302.52
13	663.141	0.946117	1353.1	-614.223
-13	409.005	1.20135	-1231.41	1167.27
-13	406.068	0.459761	-1410.46	126.289
13	638.101	0.00623535	-655.486	-1090.26
13	596.918	0.937601	803.518	741.299
13	441.108	0.449938	-508.653	1346.67
-13	622.851	0.962443	-139.933	281.33
13	788.342	0.166643	-838.038	622.897
13	437.616	1.22103	359.283	1251.7
13	432.894	0.333878	-147.369	1344.2
13	1910.64	0.820021	-925.931	357.328
13	588.745	0.831115	225.162	-1090.9
13	834.099	0.391843	-720.846	151.762
-13	881.498	0.0144258	625.635	748.752
-13	537.724	0.655992	1330.78	1438.22
-13	632.356	0.120032	631.886	-1372.14
-13	715.41	0.118307	745.928	-1091.58
-13	623.59	0.0616036	1115.17	912.093
-13	614.554	0.0364721	539.125	108.817
-13	556.447	0.791015	993.86	421.395
-13	474.034	1.19992	442.737	38.0197
13	437.772	0.071661	595.694	-850.043
13	574.463	0.407718	1392.2	-1156.13
13	443.815	1.17042	451.888	300.662
13	694.948	0.00357437	1260.25	-1050.16
-13	803.992	0.120257	-294.634	475.664
13	401.686	0.75366	1387.09	-540.716
13	495.895	0.0168145	-1245.61	-1031.55
13	798.183	0.262278	-1312.4	759.581
-13	472.848	0.81557	140.125	991.879
13	843.304	0.896037	-1309.51	-197.988
-13	620.57	0.705763	-1056.07	-147.437
13	569.457	0.028202	-242.409	-704.854
13	650.351	1.08534	-970.457	317.661
-13	583.709	0.976566	1443.42	698.981
13	697.226	0.183452	-822.003	462.283
-13	833.811	0.359077	389.221	-1123.17
13	419.325	1.13874	-142.179	1187.81
13	662.993	0.812903	-562.672	399.857
-13	456.37	0.596486	519.759	884.433
-13	407.381	0.362536	170.177	698.885
-13	430.295	1.06508	1031.95	-8.79071
-13	838.571	0.299334	288.765	-324.041
13	820.873	0.704137	828.485	-732.558
-13	646.961	0.56981	-854.624	349.603
-13	401.104	0.109068	222.543	1294.67
-13	613.169	0.0349996	1172.23	695.685
-13	417.949	0.927567	-836.098	240.66
13	4854.46	1.20798	115.672	887.708
13	502.038	0.860899	1413.44	942.254
13	435.291	0.627634	310.374	-1311.16
13	1002.95	0.0991467	-1095.12	-2.02673
13	964.322	1.18436	-309.167	-742.152
13	717.14	1.20786	1430.93	-385.958
-13	621.726	0.471378	-640.867	-1076.67
-13	428.625	0.276376	59.0069	-109.404
-13	670.92	1.11323	-1089.07	113.032
-13	591.642	0.407593	737.322	1315.66
13	1268.41	1.02782	-705.521	-253.895
13	522.167	0.978749	-350.289	138.263
-13	1159.99	0.504744	966.362	-994.916
13	679.306	0.635939	896.285	-549.016
-13	435.204	0.997282	-993.905	-205.725
-13	512.475	0.60491	548.006	480.734
13	525.857	0.816518	1021.84	-415.072
13	561.676	0.438578	1067.84	-661.117
13	419.588	0.100012	-136.186	1432.77
-13	590.007	1.1603	-376.252	-592.549
-13	1757.56	0.251235	-929.485	-1052.88
-13	437.937	0.609365	-814.814	1296.3
-13	909.856	0.664018	-229.623	-14.5939
-13	618.051	0.740804	488.222	-725.626
-13	658.514	0.985611	-758.287	-1479.01
-13	570.506	0.988787	-888.14	-455.33
13	532.771	0.237993	-1138.71	-834.405
-13	1256.69	0.136545	-1235.48	474.096
-13	475.907	0.326046	-397.277	991.733
-13	546.035	1.20008	888.427	-804.882
-13	879.414	1.03614	-1302.15	687.393
-13	685.159	0.708795	1057.84	903.172
13	453.935	0.937765	-983.994	-185.526
13	608.525	1.13297	1030.18	106.885
13	532.529	0.201899	-1288.99	667.781
-13	443.181	0.291567	-1430.97	1270.56
-13	715.946	0.506394	707.429	1037
-13	401.84	1.10299	807.707	-121.052
13	462.795	0.113418	1281.72	-28.6788
13	477.623	0.692974	-411.682	964.381
-13	422.474	0.543589	1039.5	-1012.97
13	537.019	0.683802	1388.79	-1072.47
-13	765.219	0.672859	791.598	-280.068
-13	540.004	1.06999	-203.149	789.38
13	1116.17	1.0742	74.181	1126.27
-13	550.534	0.874578	-329.694	569.971
-13	436.87	0.965673	-1491.74	1224.86
13	425.35	0.137357	709.716	467.339
13	842.086	0.0550369	-1185.45	449.815
-13	566.2	0.941034	-1123.02	467.056
13	614.134	0.116482	-293.975	88.1112
-13	1737.28	0.436239	-951.786	-1120.83
-13	1189.04	0.806113	-1483.98	1298.79
-13	711.245	0.144648	-1320.57	-1255.71
-13	448.483	0.621339	-213.999	526.142
-13	707.114	1.18873	-970.657	1258.17
13	516.419	1.19328	-28.2112	1076.15
13	486.741	0.695864	1150.3	936.934
-13	430.659	0.587111	-706.165	-222.787
-13	797.978	0.512621	-1311.77	76.9283
13	1063.99	1.16333	1151.7	-950.029
-13	578.951	0.693065	820.015	379.3
-13	465.254	0.96376	19.0546	-913.182
-13	552.092	0.472728	1229.68	-1447.03
13	479.144	0.415421	-1315.25	1353.96
13	418.654	0.214755	-881.208	1401.82
13	467.719	0.146241	1475.88	1070.83
13	865.631	0.125721	-1411.58	1232.18
-13	432.326	0.908399	-1255.4	1133.02
13	423.599	0.725799	1115.08	-544.884
-13	567.35	0.291175	142.837	1458.43
-13	583.307	0.311603	-945.135	-1458.78
-13	476.871	0.793512	-422.651	1487.39
13	446.29	0.675609	394.571	159.402
-13	848.581	0.557769	1319.8	-47.405
-13	544.475	0.967894	-130.13	-339.24
13	463.431	1.20449	1161.84	1484.48
13	485.874	0.784347	-1401.98	-1026.77
-13	436.697	0.120564	-829.603	-978.195
-13	891.471	0.590812	1119.5	729.365
-13	610.92	0.491427	-361.841	-998.408
-13	2545.8	0.55332	-1236.84	-945.941
-13	691.416	0.157151	-979.462	-80.182
13	911.115	1.10029	-769.388	-369.778
-13	872.424	0.482532	1195.48	-242.407
13	491.947	0.0309907	-610.791	-154.687
-13	931.239	0.169095	-39.621	-569.18
-13	417.437	0.73561	-582.929	-1009.54
13	629.394	0.723316	383.516	438.195
-13	1077.12	0.450518	654.031	529.18
13	419.462	1.1785	-191.039	1171.96
13	541.826	0.951116	-967.942	956.627
-13	995.303	0.765557	-1042.83	277.667
13	1521.53	0.490309	470.624	-638.279
13	995.874	0.183782	-1331.67	693.145
-13	630.013	0.35142	-1334.15	-609.121
-13	1506.48	0.914695	350.768	-1158.82
-13	623.399	0.372089	1350.57	577.043
-13	478.804	0.712869	14.5948	310.938
13	607.689	1.08362	-1165.68	201.375
13	561.313	0.772071	-533.287	-183.179
13	452.228	0.65808	34.3856	-1176.66
-13	451.453	1.12408	-746.139	-833.511
13	428.295	1.00033	91.4107	1180.85
-13	472.714	0.825282	-416.592	-1378.75
13	693.644	0.260113	-653.093	-549.963
-13	402.987	0.48828	742.004	-1340.94
-13	448.771	0.0849935	-609.243	-1241
13	695.18	0.641461	1374.94	-153.713
13	486.107	1.19019	1076.38	737.026
-13	625.904	1.09631	-762.087	-111.647
-13	1374.16	1.15505	935.936	-709.056
-13	432.682	1.01086	-507.613	-219.88
13	692.423	0.0240663	-570.372	611.508
-13	483.328	1.19913	-1417.93	1025.37
-13	437.539	0.887371	-208.657	-486.796
-13	744.374	0.196202	-144.525	1407.94
-13	465.17	1.18693	877.85	-1104.39
-13	459.65	0.739395	1323.73	827.195
13	557.021	0.963875	496.553	-259.762
-13	450.485	0.701997	559.684	1405.19
-13	538.652	0.450961	-700.389	-671.49
13	504.713	0.458411	339.618	-387.521
-13	1128.35	1.12314	488.718	1480
13	554.609	1.03037	1134.93	-1403.94
13	537.875	1.14642	-1235.97	-1439.92
-13	666.192	1.06353	-518.747	-1417.55
13	531.613	0.35917	-1131.33	735.345
-13	479.532	0.844496	303.604	-449.043
-13	563.189	1.21367	-976.101	-1461.28
13	597.21	1.13126	536.534	972.864
-13	677.495	0.156784	629.354	761.258
13	421.717	1.0599	20.2272	983.186
-13	405.645	0.361521	858.743	-1384.97
-13	502.47	0.177464	-382.408	1481.9
-13	510.156	0.521606	-360.49	282.583
-13	545.145	0.284258	-939.316	1359.47
-13	1214.99	0.15972	-453.666	1199.34
-13	443.581	1.01939	1457.78	919.724
13	640.907	1.22044	612.745	-703.226
13	445.297	1.11332	-1347.23	625.669
13	507.477	0.805214	-1200.54	-1018.44
-13	435.884	0.334133	-1032.92	-654.08
-13	584.351	0.744623	-456.293	-744.958
13	492.759	0.877337	499.187	1442.89
-13	919.234	0.54363	489.844	1285.34
-13	464.208	0.514922	867.94	178.401
-13	513.297	0.81721	-1217.48	1276.92
-13	555.266	1.17433	216.745	711.522
13	477.549	0.256188	-1411.91	158.645
-13	1276.21	1.07819	776.66	-1155.85
-13	415.208	0.996898	442.314	466.092
-13	476.431	1.08655	-516.165	1396.25
-13	408.205	0.725039	876.09	-442.877
13	1009.19	0.98297	185.779	-656.557
13	500.361	0.864808	1478.17	-268.437
13	860.195	0.964241	1367.71	-1109.85
-13	688.78	0.535919	-1379.82	616.996
13	876.983	0.884761	777.005	-396.366
13	449.359	0.547385	-507.294	-311.228
13	548.105	0.138745	-79.9909	-84.9074
-13	435.039	0.577822	395.312	-1384.57
-13	429.166	0.489792	1468.28	1420.53
-13	840.626	0.547005	1415.03	-495.877
-13	437.847	0.89057	-863.374	-1393.74
-13	810.306	0.704329	-175.365	425.496
13	422.839	0.435239	-1061.81	388.887
-13	431.059	0.580023	-1407.73	-153.575
13	437.186	0.576831	-1039.83	-1303.47
13	664.438	0.143229	-1076.81	1358.01
-13	400.894	1.18835	-588.572	690.084
13	463.766	1.10642	1213.44	512.958
13	743.814	1.11387	-1214.51	-514.968
13	1263.7	0.795955	757.951	-1109.95
13	541.632	1.12178	-776.86	423.289
13	1098.3	0.940739	-908.407	78.8052
-13	491.95	0.505511	-1322.65	797.04
-13	594.881	0.678557	367.877	-7.57624
-13	401.409	0.735721	-455.818	476.768
13	664.375	1.11236	-216.183	21.3596
-13	527.809	0.5073	757.297	-682.86
13	456.177	0.377656	-1032.07	-333.997
13	500.945	0.03191	863.646	842.978
13	443.941	0.97504	765.83	-1151.17
-13	1340.02	0.527525	-1403.23	1325.41
-13	505.675	1.08044	1361.05	-672.727
-13	462.093	0.882956	540.537	877.983
-13	479.483	1.00184	-656.852	-1173.82
-13	405.674	1.00752	602.472	-1191.34
-13	491.081	1.12945	-215.241	20.5944
13	588.112	1.17216	-849.474	-676.569
-13	460.637	1.04704	166.308	-508.864
-13	538.635	0.62924	814.989	203.555
-13	429.771	0.734492	753.665	510.865
13	805.995	0.327444	-1485.14	-644.957
-13	1382.28	1.00941	1036.54	800.683
13	1192.87	0.404469	-804.599	-589.809
-13	585.953	1.05999	-9.08376	-1498.76
13	524.254	0.546505	505.078	-564.762
13	409.826	1.2013	416.624	-390.238
13	429.592	0.420516	121.788	-803.706
13	454.6	0.571645	60.0958	-368.358
-13	666.864	0.205206	-1411.68	314.046
13	405.752	0.818646	121.923	643.474
-13	780.959	0.758956	1038.86	500.437
-13	702.218	1.05788	44.4288	560.741
13	611.739	0.801239	858.765	96.6884
-13	643.92	0.353252	593.424	575.258
-13	510.966	1.02534	1400.22	72.4289
-13	985.95	0.151122	-1076.81	809.043
-13	570.408	0.444255	-733.039	-1062.97
13	882.178	0.331811	599.995	-561.774
-13	641.807	0.661446	-72.7547	-548.795
13	893.99	0.612038	469.461	-1159.76
-13	569.17	0.482652	58.7622	916.214
-13	1547.91	0.92924	913.418	-1189.54
-13	437.288	0.867934	-1265.16	379.891
-13	438.701	1.14996	-646.641	902.508
-13	447.752	1.06654	-857.087	1293.83
-13	693.237	0.577883	347.906	1405.31
-13	875.672	0.116874	-43.7405	947.473
-13	401.349	0.123584	-1392.13	-815.522
13	2933.94	0.0314829	758.963	264.501
-13	732.34	0.475125	694.578	54.7464
13	747.858	0.868118	-860.203	1333.55
13	834.788	0.847205	-848.235	859.441
-13	405.739	0.615318	-457.261	854.605
-13	665.948	0.816946	-722.645	492.547
13	572.385	0.129957	-694.825	1286.83
13	491.105	1.00415	-1070.67	918.545
-13	1051.76	0.495586	579.502	-1198.19
13	565.433	1.16316	75.7547	1304.52
13	857.945	0.127812	1007.1	1155.58
-13	1252.23	1.12635	661.816	1133.89
13	706.616	0.395726	960.208	-735.224
-13	612.515	0.766121	-968.462	557.612
-13	500.784	0.520754	-4.82671	-541.34
-13	410.995	0.364131	-84.3838	-494.801
-13	687.503	0.304386	981.32	-1207.01
13	729.975	0.570573	-1184.44	406.328
-13	1066.99	0.972735	29.9528	-1050.94
13	481.978	1.19422	33.9763	-1466.59
-13	565.646	0.928226	1429.63	-51.0464
13	671.735	0.816772	-1.32909	585.944
-13	1451.06	0.64368	-1160.24	51.2121
-13	495.404	0.656188	-1476.76	832.562
-13	1082.44	1.07927	-1366.27	755.151
-13	523.255	0.440262	-310.23	1118.02
-13	516.235	0.695801	1197.9	195.073
-13	4440.66	1.14687	900.825	-450.826
-13	568.615	0.822008	1002.49	1196
-13	594.129	0.0802902	159.647	338.595
-13	922.26	1.09435	749.117	534.313
-13	452.8	0.378606	-230.925	-730.709
13	427.881	0.449799	846.757	-1387.92
-13	446.274	1.17863	821.926	-870.635
-13	898.917	0.86425	-32.3673	-1338.35
-13	463.298	0.405655	-1341.78	1371.76
-13	419.723	0.239134	-279.181	1161.72
13	637.149	0.459167	473.238	-1023.6
13	1035.19	0.621945	880.29	6.09244
-13	653.335	0.577316	539.622	-1392.87
-13	877.701	1.21332	990.476	-158.731
-13	430.311	1.11549	1222.47	41.3015
13	664.934	0.7256	561.705	1210.92
13	555.691	0.547589	-266.387	912.107
13	414.907	0.182656	1372.99	1202.43
-13	612.882	0.928664	1383.36	-159.07
-13	1443.34	0.498796	260.13	-465.856
-13	418.135	0.578799	735.173	296.448
-13	449.742	0.0701201	1101.8	46.2604
-13	403.778	0.733351	1226.04	-984.244
-13	497.188	0.0844869	-911.17	-180.24
-13	680.608	0.605916	44.3807	-1494.87
-13	521.294	0.52202	-67.1033	99.4703
13	471.942	0.998876	-1136.18	-75.6797
13	673.831	0.94127	768.756	974.425
-13	637.539	0.892275	-1128.49	-1005.88
13	704.877	0.796488	248.88	1197.86
-13	447.464	1.09259	-932.74	-694.143
-13	415.983	0.322642	-104.717	1130.84
13	835.04	0.368184	908.267	-989.97
-13	492.737	0.337786	1327.63	-472.954
-13	409.527	0.337922	-189.279	826.967
13	457.447	0.557158	1122.53	128.475
-13	491.217	0.145931	-990.634	-1189.63
13	2324.92	1.05719	342.941	-371.228
13	423.68	0.977537	-721.983	-1281.75
13	554.939	0.368524	-731.762	-601.81
-13	427.348	1.08147	-1484.72	-382.214
-13	534.37	0.206048	238.552	798.596
13	614.827	0.975978	-210.208	177.104
-13	617.435	0.19077	1018.68	-1272.19
13	442.814	1.21571	-1013.73	1383.3
13	488.832	0.914149	-394.881	-34.2669
13	1252.95	1.15308	634.777	-1157.84
13	459.332	0.572929	-1290.73	-1217.57
-13	426.441	1.07648	-913.415	-180.181
-13	521.511	0.812458	-844.346	165.715
-13	512.65	0.914483	-692.633	-189.505
13	411.9	1.0492	-670.932	233.961
13	572.376	0.334093	-1029.3	-1255.88
13	776.292	0.101977	1033.68	-72.5097
-13	505.74	0.0420412	464.188	-34.8394
13	660.899	1.19663	317.639	1150.77
-13	1420.85	0.217386	942.731	-1207.04
13	476.186	1.12651	381.598	-1346.83
13	469.15	1.18795	1182.84	-464.443
-13	995.494	0.9662	-1009.87	-864.47
13	517.948	0.962978	-805.239	704.134
-13	520.05	1.00651	-488.243	-655.143
13	647.692	0.0966223	-615.306	145.529
13	409.71	0.832615	1042.59	1492.61
-13	1016.2	0.853247	-283.179	700.619
13	877.527	1.14689	131.307	-176.247
-13	562.494	0.859643	78.84	333.29
13	462.389	0.210495	786.4	-102.387
-13	467.408	0.730189	-544.161	598.946
13	664.301	0.966109	-314.78	-468.868
-13	557.945	1.01216	-219.529	-1454.07
13	726.704	0.0228229	-685.414	-663.399
-13	457.874	1.13681	876.136	-1020.33
-13	416.312	0.438596	798.022	-1186.71
-13	775.625	0.467831	-1376.3	1063.98
13	481.932	1.01684	1386.83	325.623
-13	908.607	1.03918	860.34	-179.007
-13	471.53	0.28389	-82.965	924.706
-13	779.48	0.389991	-1155.57	-1246.44
13	487.69	1.19882	-417.264	86.2807
13	484.992	0.572248	-880.646	-200.83
13	500.529	0.922882	773.332	1167.92
13	429.14	1.01999	1228.68	-187.827
-13	442.087	0.639166	-1406.59	-27.4131
13	795.12	0.214832	-1343.43	873.074
13	592.56	0.970513	1118.15	-203.75
13	727.147	0.82039	-1458.2	1238.25
-13	874.749	1.00132	381.424	-1369.89
-13	401.971	0.526539	-219.771	-214.143
13	3535.89	0.0904968	-513.536	-839.733
-13	1170.33	0.483966	594.191	-1090.84
-13	439.622	0.320112	-1320.35	-1406.97
13	415.112	0.358182	1467.75	-693.007
13	446.563	0.283968	-670.247	333.021
-13	915.967	1.17726	1365.17	-431.118
-13	819.103	0.526009	-365.878	-1332.8
-13	625.577	0.666911	-1277.34	-728.4
13	401.234	0.132019	-275.005	192.03
-13	665.292	1.0377	-652.167	-756.559
13	525.038	0.872897	733.25	-105.533
-13	1027.99	0.122231	-1486.75	1306.14
-13	489.335	0.21132	964.164	216
-13	593.754	1.13461	-876.105	845.523
-13	440.52	1.11354	1442.9	666.068
-13	700.058	1.05995	1410.47	-401.245
-13	1122.23	0.975062	861.954	1350.51
13	1000.74	1.2199	1007.89	-1090.38
-13	891.123	1.17964	-543.445	580.046
13	602.907	0.528012	1310.82	602.633
13	448.891	0.903166	-1147	1495.09
13	712.718	0.258783	-781.932	-1008.5
-13	522.078	0.732719	-1414.88	-695.667
-13	543.973	0.99495	-153.242	442.108
-13	2326.94	0.605546	227.658	371.461
13	498.466	0.121388	-981.16	92.1312
-13	474.486	0.984827	1209.28	-1134.76
-13	559.202	0.633791	-1080.44	-1446.39
13	804.82	0.800509	1382.88	-312.6
-13	411.697	0.889742	1395.11	-1206.67
13	716.717	1.1422	-161.705	968.884
13	623.513	0.0548105	626.05	-861.148
13	612.432	0.383053	836.228	-298.777
13	423.83	0.459931	-408.425	-620.221
-13	701.371	0.0477659	-996.056	-1046.91
-13	538.838	0.444125	1005.15	-1139.46
13	825.374	1.18572	541.828	-1007.45
-13	706.258	0.210926	402.962	-1196.85
13	590.759	0.546403	-650.725	-941.453
-13	440.75	0.763454	-269.68	192.879
13	977.965	0.219908	318.309	1320.26
-13	511.755	1.10121	307.141	-421.583
-13	482.285	0.163853	767.041	870.891
13	1074.91	0.249994	-396.821	595.746
13	845.945	0.89543	-350.303	-1028.74
13	685.289	0.935388	-255.262	384.23
-13	411.321	0.832551	894.834	1439.71
13	461.949	1.11633	-414.837	38.4413
-13	433.443	0.655071	-550.892	-162.62
13	622.74	1.00642	740.933	671.947
-13	432.966	1.14805	-78.3556	1309.68
-13	584.923	1.02437	-84.2785	-1390.33
13	695.759	1.19892	-323.316	1053.64
13	480.447	0.12972	666.844	433.728
13	707.455	0.287599	309.748	-182.455
-13	425.675	1.02629	1325.42	-423.262
-13	667.731	0.731093	-96.7677	737.766
-13	444.017	0.0767511	-461.22	907.285
-13	583.331	1.01622	-29.2943	-279.821
-13	613.45	1.03164	-799.953	-761.998
-13	443.807	0.708486	-891.426	1152.24
-13	422.113	0.227135	-993.882	639.581
-13	740.077	0.152638	-992.084	1424.8
13	470.264	0.26753	212.737	364.888
-13	450.609	0.791366	834.633	1256.96
13	542.798	0.53022	244.879	211.98
13	835.369	0.48711	-73.8502	-1328.29
13	482.841	0.449348	415.076	215.082
-13	539.745	0.381396	-1029.76	-60.0397
13	890.286	0.277602	839.511	-308.911
13	641.89	0.455303	1114.41	928.491
13	400.283	0.579125	-1365.14	336.613
13	433.076	0.139521	715.91	1004.33
13	467.492	0.821834	-1041.53	171.104
-13	524.542	0.393155	-2.81278	358.13
13	612.455	0.950246	-1326.25	-186.427
-13	497.595	0.906669	-1448.83	77.1432
-13	405.726	0.747837	-969.796	534.584
-13	470.916	0.979558	807.308	-906.43
13	466.11	0.764787	-716.168	768.02
13	443.136	0.870185	237.249	-79.9047
-13	692.961	0.831551	-768.968	-333.305
13	902.04	0.676081	-441.978	-665.755
13	723.87	0.708021	-589.666	-1434.9
13	478.792	1.06458	-397.63	-956.693
-13	1022.96	0.950731	-1470.88	635.27
-13	965.175	0.0326763	332.243	-461.593
13	3385.72	0.851713	-445.618	290.544
-13	750.017	0.204282	683.136	823.244
13	410.676	0.397511	-1309.37	-1235.2
13	644.55	0.831287	425.491	-259.368
13	456.081	0.636276	-749.116	-801.494
-13	783.77	1.20671	-1021.51	37.6518
-13	673.514	0.310038	-227.492	762.906
-13	461.804	1.18	-968.625	1097.72
-13	511.605	1.18246	-1270.56	480.364
-13	585.245	1.15599	989.355	-158.559
13	592.71	0.0202423	216.902	654.327
13	525.05	0.537287	-1124.68	-435.33
-13	506.034	1.0396	-1064.6	641.853
-13	406.809	0.329197	-26.6196	1044.75
13	464.691	0.206665	799.915	398.98
-13	413.135	1.04408	-799.5	-661.529
-13	597.562	0.489183	375.085	1264.39
-13	428.173	0.756298	-282.439	1481.86
-13	418.569	0.169894	-1217.91	674.374
-13	433.092	0.787203	925.827	-1405.02
-13	417.974	0.901005	868.841	1497.57
13	431.72	0.439586	-224.667	1294.77
-13	555.891	0.745095	-816.056	-1293.93
13	1070.3	1.00969	270.121	-151.096
13	832.747	0.623351	850.472	-802.022
-13	466.348	1.03025	-514.708	965.757
-13	785.527	0.833171	-917.411	1011.39
-13	432.706	1.16188	-1007.66	-656.237
-13	595.218	1.00463	181.362	-124.677
-13	613.116	1.16684	1021.61	-252.394
-13	577.615	0.47605	456.316	-449.827
-13	734.404	0.250912	-1427.05	-224.631
13	491.589	0.88389	-414.647	-125.487
-13	11688	0.60768	741.667	-1425.57
13	794.542	0.726778	433.727	-258.555
13	497.975	0.725206	181.442	-1338.96
-13	708.965	0.871062	483.866	1381.18
13	443.59	0.221984	-1065.29	212.101
13	663.271	0.638026	-1392.88	-1196.21
13	490.061	0.317938	879.846	-411.192
-13	539.276	0.621386	-512.34	44.6864
-13	779.96	0.0485044	-364.267	-566.254
-13	540.236	0.44234	480.284	-891.746
13	961.27	0.620226	683.828	871.675
-13	441.175	0.89663	-1064.93	-800.39
13	903.856	0.0157533	767.154	-1440.98
-13	1452.37	0.672685	929.706	-238.398
-13	935.051	1.19468	-483.582	710.214
-13	2380.76	0.409966	-1387.02	544.164
-13	456.589	1.06867	291.827	393.721
-13	757.486	0.644052	722.419	729.788
13	949.243	1.07597	-642.982	-50.9279
13	948.54	0.717519	687.852	-26.3822
13	489.564	0.526098	-538.719	227.058
-13	433.352	0.220594	1171.56	716.479
13	483.721	0.793797	952.395	-1125.63
13	554.01	0.827938	-263.555	41.1277
13	455.383	0.650843	1324.63	-1324.07
-13	451.62	0.331325	763.494	-709.717
-13	473.726	1.2215	-205.311	-602.754
-13	690.291	0.657768	737.954	-462.927
-13	1598.91	0.934861	1288.32	-174.577
13	422.66	0.711763	-728.487	-927.819
-13	576.502	0.836146	-399.432	-1098.45
13	413.5	0.594948	842.165	94.1525
13	964.53	0.1068	435.788	81.7181
13	576.225	1.14486	-782.756	-678.193
13	755.674	0.6241	-637.849	-621.464
13	607.757	0.652843	-625.721	19.3243
-13	444.482	0.320533	-91.9584	-252.185
-13	533.333	1.02018	-1363.73	518.78
13	502.358	0.311518	1215.05	-18.4446
-13	696.986	0.146683	493.726	688.477
-13	542.498	0.194872	1321.45	476.486
-13	440.279	0.0217912	780.093	-811.793
-13	1170.92	0.873208	-79.5761	614.143
13	439.974	0.811708	-426.896	787.678
13	432.537	0.919986	977.225	-536.877
13	685.71	1.06399	327.945	-1179.74
-13	476.533	1.21921	468.891	1116.71
13	433.92	1.20381	1205.37	1264.31
13	452.446	0.942567	-999.165	807.239
13	519.226	0.499968	433.63	-502.923
-13	582.269	0.931518	-784.695	-1078.82
13	621.612	0.0349972	-324.221	420.187
-13	526.88	1.01013	619.624	-1488.02
-13	532.371	0.900534	-313.101	-90.4003
13	717.186	0.832498	-205.866	685.924
-13	528.908	1.19055	630.415	-1427.57
-13	512.213	1.20894	1098.4	-1067.64
13	474.627	1.19277	175.315	768.38
13	571.153	1.01598	-1171.7	1418.66
-13	506.796	0.351657	460.215	396.167
13	452.264	0.850141	72.0236	1367.86
13	840.514	0.662896	-324.615	926.392
-13	610.994	0.597229	-644.61	-848.049
13	402.288	1.21657	-1165.37	1256.56
13	756.902	1.19046	-665.681	-285.601
-13	447.132	0.372973	1486.7	629.719
-13	589.642	0.616025	-274.033	-998.097
13	602.497	0.502271	213.409	-1426.56
13	1020.16	1.07397	-1033.62	1488.31
-13	503.981	1.08241	-405.597	1293.61
-13	501.531	0.483588	651.187	-573.171
-13	666.882	0.494994	1090.66	-1227.57
13	462.666	0.741268	406.037	-1354.44
13	458.524	0.752577	-59.3968	628.655
13	821.521	1.0455	-1236.76	-170.976
-13	480.834	0.0132032	359.884	-987.007
13	455.515	0.98493	-798.609	-1028.27
-13	839.092	0.934096	-1039.14	1085.51
-13	1849.67	1.11758	-245.565	-1009.01
13	531.075	0.577217	1461.34	-1478.8
13	914.444	1.04569	-1051.57	-682.03
-13	1037.36	0.509797	-1269.18	-449.911
13	461.999	0.981664	1120.06	1269.47
-13	653.898	0.631755	-1339.85	-93.8146
-13	425.242	1.15785	1007.51	454.484
-13	420.893	1.09303	1297.13	-1234.94
13	697.197	0.00152648	1065.71	365.068
13	474.911	0.688608	-431.139	733.764
13	480.922	0.417788	-877.435	-382.706
-13	402.252	1.17701	804.462	248.816
-13	690.875	0.636285	-257.804	380.868
-13	909.551	0.981723	-953.935	907.951
-13	418.527	0.693208	745.978	974.218
-13	494.806	0.00872365	1328.87	-857.782
13	497.482	0.696494	-450.458	341.214
13	498.365	0.371952	-1299.92	548.838
-13	420.941	0.519464	-154.55	922.229
-13	749.525	0.964518	-440.367	-732.482
13	706.235	0.982217	-257.267	47.4487
13	781.483	0.996966	-1425.32	1132.08
-13	601.991	1.02203	-729.284	-289.076
13	400.954	0.883492	855.028	-61.1452
-13	420.053	1.12999	-569.885	-1326.59
13	418.095	0.177393	1444.81	1357.63
13	741.146	0.53638	-780.705	-1073.24
-13	755.136	0.000132342	-549.061	-455.699
-13	549.662	0.933483	390.37	-502.982
-13	500.187	0.209911	-1497.53	1330.05
-13	478.208	0.148999	1207.42	958.577
13	452.882	0.631483	-1315.68	752.984
13	443.343	0.559001	1263.19	170.457
13	921.083	0.468021	451.485	-1041.55
-13	433.115	0.795374	70.9937	-34.2729
13	514.679	0.0141501	325.432	-1057.55
-13	524.347	1.01976	-1204.53	59.8285
13	431.208	0.405607	1423.04	-286.083
13	532.056	0.811911	-1412.24	1101.79
-13	576.337	1.16377	115.416	-833.538
13	683.445	0.883036	-1164.64	796.562
-13	527.187	1.20768	9.02645	-1190.84
13	464.348	0.492903	-1275.74	463.184
-13	807.447	0.749428	789.3	-1261.6
13	641.332	0.648595	192.215	-1043.55
-13	1186.64	0.792762	-0.558391	-9.78297
-13	1037.49	0.950828	766.762	-1257.81
13	1251.26	0.844518	-1325.72	933.224
-13	504.906	0.89705	-480.29	209.999
-13	480.67	1.17222	-570.531	-1347.82
13	1586.63	0.957478	1259.95	291.456
-13	505.659	0.0916345	136.761	1378.3
13	403.811	1.01746	-853.734	-599.009
13	609.197	0.385584	-1417.37	-1435.62
13	507.872	1.01553	1248.12	787.717
13	569.167	0.939239	-256.894	-469.479
-13	503.494	0.110892	-247.758	427.235
13	459.432	0.0382374	390.74	13.6012
13	1071.51	1.18933	-1117.43	-470.55
13	466.653	0.0750184	171.458	-1006.73
13	468.559	1.00371	788.599	674.27
13	525.989	1.21074	-89.2412	640.989
13	565.687	0.972271	498.696	-53.7039
-13	456.683	1.01931	-512.369	1452.57
13	491.209	0.516204	1393.39	-923.798
-13	490.84	1.01481	-1401.74	799.557
-13	400.462	0.682811	-264.015	-279.573
13	404.385	0.822601	-109.965	248.315
-13	682.893	0.454864	-1118.26	-1284.47
13	507.68	1.11921	-1321.28	1008.88
-13	469.117	0.42734	548.715	346.958
-13	931.081	0.330791	691.808	1283.54
-13	429.5	1.15073	-503.82	-189.442
-13	453.298	0.185503	1346.94	840.468
-13	446.209	0.649756	-546.964	211.185
-13	888.925	1.08329	-762.021	346.638
-13	703.109	0.845441	35.4041	1263.82
-13	621.165	0.981101	762.258	360.064
-13	605.699	0.465328	-613.838	355.415
-13	565.349	0.0500676	-277.553	-1055.61
13	503.757	0.815465	-1323.66	-603.733
-13	436.26	1.17433	-1223.71	-943.712
-13	535.19	0.945393	-848.415	605.39
-13	400.071	0.917206	187.094	1207.75
13	432.398	0.848116	-732.566	-1233.94
-13	591.131	0.796128	243.454	4.0801
13	438.195	0.685547	498.688	-275.056
13	1333.53	1.05686	-844.339	170.806
-13	764.568	0.0761741	-185.567	-151.049
-13	694.714	0.488714	-612.564	-585.172
13	825.354	0.0627897	290.515	-1064.19
13	453.613	0.890723	-1049.25	-1264.43
13	416.617	1.11661	-1323.89	520.245
13	685.068	0.311667	-206.038	454.889
-13	624.154	0.859888	773.544	900.087
13	1272.34	0.432789	982.715	-1445.9
-13	471.951	0.194471	-1053.67	-1436.74
-13	438.169	1.02369	160.131	1226.75
-13	546.272	0.606671	200.127	-217.092
-13	454.049	1.04564	335.901	492.996
-13	508.294	0.896552	-182.953	-226.823
-13	531.91	0.792643	-992.05	-613.004
13	484.072	0.834166	539.173	-14.1428
-13	416.292	0.0620219	-1336.43	1116.43
-13	674	0.81912	759.786	1485.04
13	557.365	0.330461	547.216	1050.82
-13	498.373	0.560076	716.277	-1312.34
-13	497.146	0.635303	1347.95	-979.321
-13	596.701	1.11835	1369.12	-231.138
-13	1163.74	1.08242	880.932	576.363
-13	579.159	0.659423	-756.583	-1376.1
13	843.744	1.19341	322	-940.348
-13	814.202	0.886937	606.471	-608.622
13	421.685	0.936483	-90.7644	1319.28
13	490.515	0.528553	342.941	-77.4191
13	869.745	1.00606	-1010.05	-1387.67
-13	915.205	0.855549	-1116.49	885.932
13	428.589	1.17384	219.094	-779.611
13	494.018	0.0935247	-985.449	674.415
-13	853.18	0.0288635	1004.66	1200.48
-13	430.683	0.572486	-762.906	-1401.59
-13	412.022	0.801736	730.645	-89.2151
-13	442.344	0.602871	947.647	871.602
-13	875.237	1.17423	776.215	-111.121
13	1035.88	0.0947623	1349.29	-446.15
-13	1716.6	0.499414	-422.619	959.689
13	407.493	0.234089	-1479.7	-681.262
-13	725.094	0.621516	-302.478	347.397
-13	1382.64	1.06959	597.886	902.76
13	463.304	0.0851874	-762.375	-287.993
-13	929.532	0.635532	682.493	187.899
-13	533.249	1.1573	-1143.76	-90.9176
13	486.605	0.865735	-1433.96	-1166.53
13	412.014	0.984468	-123.963	1370.73
13	801.849	1.21181	-926.702	391.032
13	554.932	0.724146	1418.19	1290.28
13	431.723	1.0597	218.372	426.895
-13	500.808	0.0151544	-670.634	-286.436
-13	1828.24	0.489995	868.778	-787.684
13	702.466	1.08001	-308.765	-287.711
-13	408.24	1.17988	-301.94	-274.372
-13	400.616	0.769865	381.186	-1230.18
-13	544.132	0.836274	-370.587	-361.32
13	700.826	0.368629	-1429.96	-1427.93
13	499.063	0.20046	1431.63	104.714
-13	523.92	0.193578	919.157	427.754
-13	514.892	1.02812	442.851	-1061.89
-13	1495.57	0.699386	-884.052	-1086.53
-13	462.13	0.611879	801.993	661.932
13	695.565	0.303011	-231.431	-1275.23
13	623.245	0.956165	1343.72	230.585
-13	553.918	0.873466	-293.009	1019.77
-13	450.826	0.796057	-214.512	1240.52
13	598.469	1.19054	1028.32	1289.63
13	1101.88	0.716164	984.529	-258.369
13	1053.59	0.581091	-744.54	-201.682
13	536.157	0.743374	898.592	-484.6
-13	638.929	0.34831	-697.968	131.696
-13	503.093	0.0105966	-207.624	-430.12
13	462.249	0.758021	-384.684	-1356.37
13	608.384	1.06162	-250.664	-231.838
13	628.281	0.0446796	121.577	-609.157
-13	714.264	0.901569	494.629	653.94
13	408.435	0.268984	-132.999	-84.15
13	408.696	0.725823	-1497.02	968.208
13	486.584	0.873183	-168.938	893.716
-13	494.154	0.0471458	933.361	271.753
13	611.427	0.0749142	213.304	182.942
-13	446.992	0.766913	1122.49	1169.65
-13	1230.62	0.533764	470.252	825.25
-13	496.176	0.789953	821.273	921.486
-13	781.426	0.436092	1484.77	-237.524
13	467.819	0.218475	1246.1	-193.981
-13	458.987	1.02968	-1264.4	323.433
13	576.427	0.912556	1025.93	863.673
-13	1608.02	1.00402	-1103.23	1114.85
13	446.865	0.806884	1398.7	1241.74
13	983.026	0.794267	-1000.8	-1338.38
13	645.918	1.08317	-151.7	-1403.99
-13	645.823	0.873916	17.8548	-437.793
-13	1711.55	1.13129	936.808	-1176.54
-13	448.765	0.823066	-624.574	775.161
13	506.915	1.16804	-485.141	-420.119
13	489.16	0.886251	657.746	-933.435
-13	440.372	1.17697	-599.976	-112.389
13	766.042	0.569305	-962.607	203.464
13	565.853	0.43876	-59.0714	128.381
13	590.253	0.922377	-841.184	543.708
13	429.767	0.666899	1346.15	-777.2
-13	425.661	1.05258	-35.6605	539.644
13	1514.03	1.10836	547.207	-1402.81
13	498.413	1.15724	1281.55	-627.767
13	660.518	0.756258	512.645	-532.753
-13	449.5	0.608392	708.557	444.374
13	654.616	0.747567	-604.617	-1113.39
13	997.029	1.195	1188.08	1057.57
13	534.983	1.07776	-1294.74	292.665
13	445.577	1.18021	1391.96	-702.769
13	541.235	0.0178011	-88.3744	-1008.6
13	1321.3	0.940572	856.997	926.992
-13	605.19	0.531056	-1286.23	1241.5
-13	450.436	0.783913	-1380.51	1479.14
-13	409.923	0.0298207	545.764	105.692
13	431.933	0.707264	-1243.94	-1040.69
-13	598.014	0.353267	-733.141	1078.67
-13	921.748	0.607917	1338.22	-1216.27
-13	824.743	1.01065	1376.8	601.746
-13	769.524	0.346666	1237	-39.4401
13	404.32	1.04663	234.194	422.488
-13	611.911	1.14727	1181.11	-1076.02
13	1137.61	0.935629	977.783	688.844
13	468.556	1.08866	562.949	-437.09
-13	698.257	0.0468706	-862.45	804.255
-13	935.932	1.20917	-324.566	1094.79
13	617.057	0.366725	331.127	804.608
-13	581.232	1.0282	1475.08	-1108.03
-13	589.404	0.457916	-1376.72	1041.91
-13	411.391	1.19081	-1283.37	267.27
13	496.959	0.135341	-1469.58	598.062
-13	747.258	1.21608	-1361.17	388.381
-13	559.647	1.02214	-1423.37	-1404.45
13	540.412	0.362045	-458.924	-742.419
-13	866.043	0.840936	-312.393	927.606
13	546.801	0.395329	-127.345	1400.82
-13	413.406	0.978797	1332.35	-1177.98
13	568.9	0.972254	883.299	-895.517
-13	539.038	0.418613	-1078.75	-1307.55
-13	520.148	1.12023	-893.028	-333.097
-13	404.68	0.450768	299.657	784.049
13	717.567	0.742148	-163.986	-1031.51
-13	754.44	0.695204	365.977	9.48253
13	696.803	0.393272	351.543	856.025
-13	496.954	0.366296	-5.17229	-104.984
-13	508.723	0.00701508	140.079	-607.751
-13	428.651	0.00223912	110.245	334.222
-13	674.523	0.0630255	-647.275	-887.574
13	515.463	0.333261	821.68	1168.03
-13	934.306	1.05564	-4.85206	656.099
-13	602.212	0.685646	375.08	-1343.6
-13	882.786	1.02623	1333.55	930.149
13	427.612	0.528599	-215.968	-124.989
-13	444.425	1.21405	811.594	212.834
13	496.658	0.479476	68.6026	260.364
13	656.522	1.15922	-925.643	893.611
-13	408.731	0.100804	353.447	176.532
13	492.378	0.811208	-576.667	-321.93
-13	3653.68	0.021124	351.645	1391.11
-13	486.024	0.776002	-918.762	-66.837
13	934.957	0.780788	1101.06	-303.216
-13	986.935	0.955648	876.933	-1443.38
13	496.659	0.983848	-273.881	-739.189
13	416.86	0.998856	122.935	1020.76
13	438.433	1.03683	-1065.63	-1261.11
-13	991.187	0.861505	122.222	-560.133
-13	548.783	0.671735	162.905	-1365.01
-13	520.461	0.296744	1186.96	-1224.05
-13	729.259	0.628909	1389.17	153.273
13	569.684	0.640174	-864.188	-1162.37
13	537.78	0.53881	1036.26	-325.151
13	436.9	0.609716	-694.218	-389.428
-13	475.171	1.01316	-1219.8	15.5984
13	616.547	0.23488	304.316	-180.305
13	616.537	1.16222	-1450.4	88.4198
13	510.835	0.703261	-560.071	1314.78
-13	556.167	0.191117	996.4	582.34
-13	403.835	0.934592	-99.6422	-1289.57
-13	796.467	1.06156	-459.149	-1192.07
13	566.13	0.955126	-259.768	1421.99
-13	419.865	1.16743	-1324.6	382.276
13	412.873	0.965179	1468.84	-921.078
13	1088.76	0.663972	429.526	1330.16
13	403.991	0.313134	1126.31	837.029
-13	534.287	0.172794	-1339.51	-874.595
-13	788.283	0.753892	825.165	-1360.45
-13	1480.59	1.02239	874.475	-1166.11
-13	403.675	0.894242	-1120.89	48.8217
13	472.796	0.903883	577.221	-1381.81
13	464.414	1.02981	-1336.44	-446.184
-13	434.527	0.914096	-887.068	1367.61
-13	460.135	1.11726	-93.69	-428.293
13	420.327	0.696365	-1366.47	-481.667
13	1045.1	0.776979	883.116	672.51
13	478.599	0.58925	-170.282	341.872
13	491.363	0.471396	-608.999	-1354.36
13	1233.02	1.14826	129.657	101.14
-13	475.303	1.02689	-1426.3	616.543
-13	409.446	1.1752	-1234.24	827.331
13	410.946	0.977059	412.255	957.597
-13	424.844	0.736857	1422.38	736.122
-13	576.965	0.38356	-1089.97	-1421.96
-13	494.892	0.810033	243.043	-1477.01
-13	626.519	0.365936	-407.041	1189.67
-13	412.85	1.01225	-299.365	-353.231
13	439.586	0.728653	607.531	492.845
13	905.846	0.502257	1267.15	-667.414
-13	884.858	1.15681	199.884	1256.1
-13	600.315	0.660913	-863.362	-817.735
13	581.661	0.420233	-920.704	-562.476
-13	449.814	0.300258	10.8839	1347.94
-13	1157.85	0.950611	-969.158	-481.724
-13	627.19	0.122374	-450.033	-238.404
-13	474.108	0.798135	-1392.93	-231.631
-13	954.184	0.835207	1264.61	688.444
13	470.707	1.06548	38.2494	325.27
-13	565.252	1.20648	913.57	-1408.94
13	519.018	0.653668	14.6038	793.929
13	414.108	0.128209	1338.61	1080.78
-13	569.727	0.941123	14.2151	111.379
13	588.519	1.14654	204.35	-417.069
13	421.435	0.149099	1223.97	550.295
-13	482.695	0.815725	229.164	936.51
-13	408.773	0.540485	-70.0602	-793.079
-13	405.029	0.232177	1301.08	647.049
-13	521.53	0.276801	-1221.91	798.815
13	839.298	0.964275	44.2228	-1435.79
-13	406.94	0.963982	530.524	576.334
-13	566.435	1.02602	-688.364	711.302
-13	611.351	1.20329	169.196	206.291
-13	525.977	0.17666	-309.87	375.32
-13	1053.28	1.04231	517.213	142.113
-13	528.014	1.21492	-22.7213	-85.8145
-13	587.842	0.0149826	-721.732	-70.1491
13	432.241	0.388309	379.011	911.417
-13	581.815	0.547077	-301.436	1363.54
-13	415.516	0.112071	1199.35	1047.03
-13	698.806	0.953398	-379.191	-1194.03
-13	421.241	0.365594	-1252.3	131.2
-13	589.821	0.0723573	-862.783	-779.646
13	1567.8	0.258942	1272.55	885.979
-13	973.912	1.17513	-354.117	34.4738
-13	445.634	1.21077	708.862	187.535
13	1092.54	0.70992	1336.61	-779.993
13	553.163	1.21871	896.163	-1392.51
-13	500.064	1.07649	990.769	1223.33
13	482.585	0.798091	-1061.69	1089.44
13	1273.63	0.994113	-566.843	-139.259
13	436.554	0.874664	-1037.17	-705.229
13	457.66	0.675267	1427.25	173.358
-13	648.592	0.952083	1419.78	1314.68
13	463.777	1.01698	-55.2392	1052.23
13	429.898	0.715178	54.9154	-1174.11
13	650.226	1.13228	1470.25	-815.607
-13	1179.77	0.870727	1383.78	284.917
-13	450.356	1.15234	-467.953	1490.99
-13	416.537	0.242168	1365.12	-877.971
13	400.71	0.51269	-1037.25	998.841
13	518.828	0.820625	-801.115	-1001.75
13	707.012	0.278706	-504.526	102.685
13	768.299	0.8935	-1065.61	-1392.95
-13	439.445	1.07608	715.544	959.361
13	416.473	0.932186	-451.078	-275.97
-13	672.247	0.767177	1372.24	359.161
-13	414.074	0.0598455	-651.504	247.845
13	502.176	0.613108	1382.43	761.191
13	499.659	1.08502	-640.164	-107.035
-13	608.535	0.111386	912.487	-647.447
-13	1164.52	1.08067	-883.853	-616.23
13	551.168	1.09138	-754.12	-25.4542
-13	1037.73	0.489887	97.2024	71.1059
13	424.144	0.0434075	-801.974	-1282.12
13	795.628	0.253745	426.947	-834.733
-13	622.008	0.846498	-669.494	367.968
-13	434.526	0.268331	-642.666	1429.23
-13	499.418	1.20931	-378.145	583.17
13	462.594	0.707349	-334.085	-472.042
-13	400.818	0.797935	819.035	-851.479
13	526.7	0.117049	-999.217	-1327.38
13	619.177	0.419746	240.688	1458.85
-13	837.595	0.983403	1191.97	-1234.76
13	480.262	1.05285	-737.888	-972.304
-13	1133.51	0.666701	-621.487	-751.847
-13	620.999	0.0339874	853.969	454.876
-13	431.21	0.427406	-1293.81	814.505
13	487.551	0.470364	-988.236	-1038.14
13	763.785	0.594631	-59.4656	-265.771
13	593.498	0.131328	-1293.49	-1452.46
13	442.09	0.340764	722.211	-1151.12
-13	402.004	0.0377116	-223.656	1137.03
-13	754.646	0.971538	486.028	826.608
-13	418.929	0.191779	-888.544	-1396.1
13	658.589	0.544667	-184.55	1173.31
13	584.769	1.1386	-152.281	-767.305
-13	431.132	0.361816	-624.033	-723.172
-13	432.918	0.769526	980.745	-194.85
-13	687.135	0.408066	-617.627	324.024
-13	444.605	1.12062	-1012.45	-1131.07
-13	412.817	0.0573979	394.794	-77.4881
-13	566.168	0.760703	208.456	989.247
13	426.859	1.20819	-840.597	-832.824
13	438.33	1.08504	394.153	-1135.93
-13	864.982	0.573955	828.052	697.722
-13	523.189	0.979177	1118.19	-344.08
-13	643.784	1.05636	927.072	-361.63
13	511.135	1.01806	517.802	399.224
13	787.055	0.458005	232.267	1152.71
-13	530.146	0.086974	546.072	825.482
13	487	0.951693	-677.047	479.58
-13	648.166	1.17183	-880.045	-1404.72
-13	567.685	0.373473	-462.854	-1156.51
13	476.388	1.14747	454.622	-1402.56
-13	505.145	0.469125	-607.038	1478.15
13	402.875	0.787222	339.561	-1133.1
-13	556.813	0.429953	1478.99	-1305.41
13	1000.29	0.731531	-263.611	528.231
-13	559.112	1.1604	898.195	-167.527
13	811.694	1.21649	349.586	-1028.41
-13	447.505	0.843253	938.963	-352.344
-13	491.415	0.976336	1191.26	1083.92
13	1049.78	0.403624	-916.488	335.68
-13	476.879	0.579049	359.331	621.779
13	494.802	0.25498	-1252.96	-602.43
-13	2166.47	0.394798	169.304	1283.41
-13	459.284	0.879455	-1281.07	-605.31
-13	719.11	0.427359	-677.76	703.641
13	475.975	1.19952	693.894	1335.68
13	499.997	0.550953	1337.22	-556.873
13	730.803	0.563512	-718.707	1385.55
-13	5387.31	0.274577	177.343	137.53
-13	527.391	0.931341	611.671	-98.6625
13	552.809	0.287542	297.042	-1421.49
-13	497.65	0.563409	-435.26	403.67
-13	483.306	0.461083	1280.57	200.214
-13	2853.39	0.598008	779.304	-1433.63
-13	483.058	0.600061	-16.5892	-1080.41
-13	741.478	1.05522	255.37	-1096.65
-13	438.149	1.01909	-1448.11	788.275
-13	400.64	0.68059	343.646	1350.01
13	444.692	1.08346	1115.96	702.267
-13	408.756	0.42372	420.538	1352.14
-13	518.031	0.892576	1195.13	949.721
13	580.498	0.026538	1124.94	-579.46
13	533.684	0.99508	749.157	-1099.81
13	469.405	0.589741	521.825	-1065.4
13	486.825	0.77572	-1280.25	752.897
13	402.092	0.519894	1377.47	-404.903
-13	985.233	0.431679	1290.89	-1332.2
-13	759.643	0.402594	-1467.44	-161.088
13	959.961	0.859851	1491.45	1232.49
13	414.679	0.65981	-1047.46	-1220.27
13	1471.14	1.06147	1355.5	1428.73
-13	587.696	0.816793	891.576	-1078.63
-13	544.155	1.04726	-1321.2	-823.014
-13	430.168	0.084946	-329.834	216.571
13	1006.11	0.40552	821.997	-702.613
-13	759.792	0.782098	699.009	-282.554
-13	644.987	0.51821	-275.378	-739.14
13	485.284	0.948666	-1045.29	705.111
13	449.863	0.331273	1379.72	1136.19
-13	808.301	0.182467	151.419	894.755
-13	721.862	0.528187	957.723	1070.03
-13	479.118	0.585285	1229.03	994.81
-13	886.413	1.12884	-938.545	-1318.87
-13	421.08	0.379549	-566.928	450.218
13	514.524	1.01937	-1184.74	-381.932
-13	446.902	0.919717	-1258.9	1219.19
-13	422.867	0.155877	-730.612	535.154
-13	1252.16	0.0898776	1021.15	-88.2374
-13	487.178	0.497724	-115.703	402.843
-13	515.262	0.361576	-703.73	-1220.69
-13	557.876	1.12187	-122.679	-45.0787
-13	459.302	0.437804	-612.252	-631.309
13	700.74	0.589223	393.541	-1453.56
-13	412.066	0.348604	-11.2111	844.253
-13	571.995	0.432325	-809.543	-456.018
13	578.726	1.04337	626.68	-386.751
-13	720.887	0.619227	-304.231	-929.295
13	556.165	0.906465	1073.06	-14.6274
-13	1054.46	1.07186	-1169.62	-1336.11
13	412.491	0.0680464	-741.566	-39.7824
-13	765.228	1.21083	469.454	348.973
13	426.967	0.478301	-615.487	-1415.47
13	458.612	1.07726	276.073	852.162
-13	451.2	0.858481	844.191	-465.283
-13	3196.08	0.213025	-381.25	-1423.07
-13	637.731	0.991399	-1418.12	-511.394
-13	496.969	0.271003	-1173.82	470.543
13	1267.61	0.826824	915.171	859.128
-13	658.643	0.277561	819.921	1134.24
-13	747.303	1.13851	488.386	801.511
-13	453.78	0.809178	839.21	198.32
13	874.768	1.15307	45.7113	629.905
-13	782.116	0.810724	-642.446	-189.255
13	469.786	1.12171	-1349.44	480.86
13	507.413	0.930892	-615.446	-875.972
-13	2280.99	1.22074	-1265.64	425.062
-13	583.921	0.258414	-1430.32	118.012
13	710.404	0.420892	938.269	227.247
13	445.522	0.0852715	1389.35	-1187.27
-13	601.225	1.1788	-299.131	936.506
-13	823.35	1.06728	952.395	-848.54
-13	430.861	0.354559	-980.226	-206.48
13	1014.23	0.983324	1137.48	1388.4
13	590.165	0.482976	-86.9265	-1359.83
-13	535.27	0.447799	542.329	661.057
13	891.014	0.0737102	1262.8	1030.97
-13	650.705	0.204798	399.481	1275.63
13	426.015	0.131655	-1069.3	1201.74
13	509.903	0.524219	-718.272	-1444.18
13	552.797	0.6689	-675.042	-359.426
-13	403.43	0.44909	-443.633	-99.8651
-13	495.187	1.19816	429.693	-908.359
-13	450.993	0.791047	829.734	900.283
13	486.073	0.617663	415.113	-455.815
-13	978.394	0.00764035	-1120.24	101.998
-13	747.94	0.308941	-800.065	465.941
-13	697.176	0.664061	986.967	995.798
-13	402.479	0.878552	843.905	1089.05
-13	1946.02	0.506707	1031.73	542.396
13	552.64	0.86568	632.342	1052.41
13	693.278	0.949518	-501.449	-1058.64
-13	686.844	1.21659	748.115	673.981
-13	507.875	0.367841	1329.95	-68.6854
-13	405.87	0.407552	-1218.82	116.054
-13	1035.45	0.712938	-534.335	1384.79
-13	454.849	0.318805	-296.952	-1035.25
-13	453.514	1.13549	-835.485	-465.175
-13	595.232	1.11632	222.688	-176.224
13	524.421	0.945352	782.792	989.733
-13	842.238	0.997683	-276.153	-438.972
13	504.081	1.05854	1395.67	787.025
-13	467.304	0.813259	-1221.47	1055
-13	742.771	1.15066	1398.43	256.71
13	672.251	0.0720768	951.829	-118.689
-13	499.192	0.846706	1088.01	-539.925
-13	527.366	1.02536	1126.01	-1379.06
-13	884.486	0.162058	172.164	-1448.71
13	957.786	0.838899	-1346.71	74.5953
-13	442.985	0.923982	-1188.73	-996.325
13	423.295	0.552066	-976.469	-743.906
13	1211.7	0.0960065	55.037	-84.0692
-13	494.029	0.00250737	1004.72	220.559
-13	2281.27	0.787417	846.339	692.036
-13	492.742	0.983112	786.571	37.9101
13	628.219	1.10667	1254.21	668.887
-13	452.166	1.08154	-981.185	-1375.33
-13	1206.98	0.521357	-1437.6	-129.582
13	874.104	1.06416	763.199	1209.5
-13	407.452	0.0812491	921.854	-657.875
-13	547.708	0.922131	-1232.31	584.455
13	483.325	1.10213	-883.083	700.064
13	452.03	0.0762214	694.796	140.581
-13	620.812	0.942105	-521.115	-428.86
13	512.216	1.11971	-258.831	101.332
13	835.458	0.182937	878.684	-37.8691
-13	476.71	0.924547	-1251.81	448.666
-13	590.956	0.18846	-1390.4	-606.303
13	612.371	0.925931	-663.381	-685.288
13	592.204	1.18738	-314.473	996.336
-13	558.501	0.718592	1275.76	566.525
-13	913.076	0.113273	177.818	-1210.15
-13	525.441	1.13769	-467.197	150.175
-13	448.596	0.629224	-519.687	-577.025
13	502.366	0.291926	-1456.86	-1228.21
-13	436.791	1.0601	-888.618	-201.132
13	553.97	0.578344	-13.3542	552.054
-13	1404.51	1.01743	484.345	-1155.86
13	707.726	0.957566	1388.03	-634.999
13	1645.43	0.0731329	1433.66	-96.6145
-13	667.207	0.582068	1153.47	-1004.02
13	2166.88	1.18967	808.265	1337.46
-13	439.968	0.36738	1039.87	-799.603
-13	412.839	1.03772	1296.64	-500.813
-13	592.211	0.110888	81.7943	1456.57
13	1043.02	1.08086	634.855	1130.99
-13	418.436	0.753021	124.708	592.764
-13	718.173	0.10409	-700.175	-1360
13	415.166	0.913368	-1489.95	-949.136
13	437.883	0.372304	-1116.21	-654.878
-13	417.861	0.321406	249.203	871.457
13	554.954	0.645966	293.379	-419.351
-13	633.845	0.968981	-420.576	280.432
13	481.605	0.0477615	-472.854	246.478
13	547.459	0.836352	1084.3	-556.278
-13	462.982	0.88403	769.108	-809.849
-13	433.535	0.0181102	-250.129	-86.1532
-13	649.471	1.10134	-683.216	-964.025
13	497.676	1.12303	-984.263	-1019.64
13	489.24	0.153711	-1328.62	630.511
13	408.703	0.363051	167.039	-1120.48
-13	439.856	0.640065	-267.917	1157.9
-13	465.002	1.06193	1043.26	-461.937
-13	920.699	0.046887	-1062.1	-939.173
13	888.17	0.89664	-1315.03	-186.568
-13	528.33	1.02039	-169.114	-435.223
-13	462.964	1.06312	673.044	631.76
-13	624.752	0.846186	-482.883	305.58
13	465.629	0.451523	-1490.07	106.386
-13	549.716	1.17581	1186.92	136.873
13	558.789	0.562467	120.304	254.757
13	596.977	0.485413	1026.37	365.466
-13	534.392	0.715242	2.74178	317.148
-13	606.28	0.249855	787.388	-1337.2
-13	1194.43	0.452257	-1391.44	473.592
13	582.353	0.174971	33.5112	-1296.05
-13	426.981	0.229385	-377.774	-1020.17
13	473.991	1.17184	-37.328	-1416.59
-13	480.262	0.742843	1044.36	-1198.32
13	481.768	0.572148	1211.93	1270.55
-13	1285.71	0.444201	-622.255	-1048.43
-13	511.367	0.865375	16.2565	-233.641
-13	457.635	1.00763	-1087.48	701.657
-13	561.822	0.712249	-1288.27	675.328
-13	3732.02	0.0880577	-1290.47	-480.396
13	955.931	0.54009	-221.626	-646.051
-13	564.014	0.869849	595.574	-278.742
-13	470.383	0.00813812	110.212	467.368
-13	1168.82	0.596696	47.6895	-852.153
