-13	530.221	0.178649	-48.9288	-895.314
13	538.222	0.424307	254.045	1098.76
-13	474.832	0.276601	-643.761	-546.138
-13	418.847	0.809759	943.441	-1394.1
13	1463.31	0.80649	-1485.5	-948.183
13	682.752	1.16241	1070.99	-564.431
13	1353.7	0.525361	1149.1	-409.762
-13	485.393	1.18406	-1054.68	-605.227
-13	432.893	0.668045	1214.63	30.1473
13	418.911	0.31771	948.622	-644.745
-13	678.547	0.890256	1180.89	327.738
-13	687.046	0.917676	1263.73	-660.78
-13	659.789	1.18823	-663.661	25.0651
-13	983.694	0.668277	-672.853	317.03
13	474.921	0.966441	-136.866	1277.12
-13	408.431	0.210594	1299.21	-64.2547
-13	4528.11	0.470566	272.166	-413.551
-13	505.005	0.623464	-111.483	985.681
-13	492.459	0.880401	-237.947	908.15
13	427.213	0.765546	1182.59	1063.62
-13	598.782	1.19575	250.958	1498.59
13	513.919	1.02455	-437.643	167.216
-13	2606.68	0.582727	937.958	811.357
-13	2949.69	0.759291	-1130.76	-744.368
13	522.37	0.659602	-654.281	-363.858
13	543.672	0.573421	1296.57	-1295.32
-13	451.813	0.375502	636.791	-857.449
-13	441.123	0.844447	868.701	-1331.14
-13	455.451	0.556665	-141.779	380.406
-13	638.348	0.771639	-1091.79	708.525
-13	619.331	0.48907	496.017	75.0165
-13	437.183	0.0887089	-943.6	1152.14
13	454.688	0.182719	26.2088	199.532
-13	590.531	1.06216	727.924	1096.45
13	404.713	1.173	380.162	-664.876
-13	521.287	0.721797	-648.204	986.422
13	666.282	0.249119	-995.991	-461.641
-13	449.978	0.846335	1401.17	789.145
13	610.139	0.166732	-1416.96	-1169.81
13	941.356	0.0695613	-333.41	-87.5845
13	593.182	0.0664089	689.901	1231.15
-13	502.892	1.04715	812.175	-956.713
13	877.946	1.03094	-329.694	569.971
13	541.633	0.0810025	-1491.74	1224.86
13	449.764	0.132968	709.716	467.339
-13	408.193	0.514348	-1185.45	449.815
-13	450.62	0.549851	-1123.02	467.056
-13	494.849	0.455987	-293.975	88.1112
-13	672.288	0.550499	-951.786	-1120.83
13	613.441	0.131482	-1483.98	1298.79
13	447.886	1.2178	-1320.57	-1255.71
-13	416.291	0.24652	-213.999	526.142
13	661.357	0.81513	-970.657	1258.17
-13	410.898	0.368017	-28.2112	1076.15
-13	469.827	1.11134	1150.3	936.934
-13	544.125	0.977242	-706.165	-222.787
13	1095.19	0.344723	-1311.77	76.9283
-13	813.312	0.766367	1151.7	-950.029
13	549.058	0.849985	820.015	379.3
13	542.634	0.874866	19.0546	-913.182
-13	668.14	0.863181	1229.68	-1447.03
-13	763.166	0.894911	-1315.25	1353.96
-13	689.154	0.316956	-881.208	1401.82
-13	539.495	0.252911	1475.88	1070.83
-13	577.563	0.255436	-1411.58	1232.18
13	490.051	0.961472	-1255.4	1133.02
13	508.837	0.742324	1115.08	-544.884
-13	447.837	0.202058	142.837	1458.43
13	731.069	1.21122	-945.135	-1458.78
-13	698.792	0.943252	-422.651	1487.39
-13	456.677	0.944399	394.571	159.402
13	930.225	0.726541	1319.8	-47.405
-13	557.442	0.031306	-130.13	-339.24
-13	401.864	0.963635	1161.84	1484.48
-13	1320.07	0.735305	-1401.98	-1026.77
-13	626.357	0.382625	-829.603	-978.195
-13	1614.57	0.463873	1119.5	729.365
-13	821.203	1.1066	-361.841	-998.408
-13	613.264	0.464164	-1236.84	-945.941
-13	624.013	1.21076	-979.462	-80.182
13	497.911	1.18352	-769.388	-369.778
-13	411.23	1.00806	1195.48	-242.407
13	419.701	0.419063	-610.791	-154.687
13	517.866	0.303864	-39.621	-569.18
-13	537.009	0.733361	-582.929	-1009.54
13	1021.19	1.09431	383.516	438.195
-13	749.472	1.21933	654.031	529.18
-13	2248.34	1.02855	-191.039	1171.96
-13	464.128	1.0396	-967.942	956.627
13	420.965	0.328482	-1042.83	277.667
-13	486.35	0.886123	470.624	-638.279
-13	537.971	0.833877	-1331.67	693.145
-13	650.005	0.618484	-1334.15	-609.121
-13	540.014	0.741432	350.768	-1158.82
-13	446.507	1.00306	1350.57	577.043
-13	536.254	0.177536	14.5948	310.938
-13	429.332	0.118172	-1165.68	201.375
-13	857.965	0.769714	-533.287	-183.179
13	452.478	0.480024	34.3856	-1176.66
-13	988.461	0.824684	-746.139	-833.511
13	528.121	0.499153	91.4107	1180.85
13	513.112	0.0261948	-416.592	-1378.75
-13	517.487	0.254594	-653.093	-549.963
-13	600.484	0.989843	742.004	-1340.94
13	435.941	0.948834	-609.243	-1241
13	464.367	0.2307	-1410.46	126.289
13	840.067	0.714148	-655.486	-1090.26
-13	1130.32	1.11235	803.518	741.299
13	497.4	0.503939	-508.653	1346.67
-13	438.093	0.432471	-139.933	281.33
-13	439.875	0.867722	-838.038	622.897
-13	460.763	0.710296	359.283	1251.7
13	503.732	0.789599	-147.369	1344.2
-13	994.558	0.0683611	-925.931	357.328
13	494.286	0.207073	225.162	-1090.9
13	690.83	0.282264	-720.846	151.762
-13	613.392	0.53282	625.635	748.752
-13	456.677	0.374141	1330.78	1438.22
-13	491.923	0.670876	631.886	-1372.14
13	447.118	0.899937	745.928	-1091.58
13	419.604	0.949706	1115.17	912.093
13	668.331	0.461292	539.125	108.817
-13	849.392	0.96768	993.86	421.395
-13	724.774	0.793206	442.737	38.0197
-13	674.727	0.941716	595.694	-850.043
13	914.089	1.13159	1392.2	-1156.13
13	612.489	1.04968	451.888	300.662
13	434.51	0.750156	1260.25	-1050.16
-13	472.126	0.570335	-294.634	475.664
-13	622.484	1.19386	1387.09	-540.716
13	496.159	0.0971361	-1245.61	-1031.55
13	506.68	1.21227	-1312.4	759.581
-13	444.498	0.511288	140.125	991.879
13	408.493	0.576879	-1309.51	-197.988
-13	992.634	0.19287	-1056.07	-147.437
-13	927.81	0.50266	-242.409	-704.854
-13	712.611	0.687765	-970.457	317.661
13	559.466	1.17435	1443.42	698.981
13	448.95	1.03561	-822.003	462.283
-13	430.035	0.495927	389.221	-1123.17
-13	455.06	0.742209	-142.179	1187.81
13	476.07	1.22171	-562.672	399.857
13	491.995	0.269697	519.759	884.433
-13	608.219	0.154905	170.177	698.885
13	455.629	0.0208382	1031.95	-8.79071
-13	579.602	0.18467	288.765	-324.041
-13	505.028	0.921988	828.485	-732.558
-13	486.26	1.07774	934.98	-267.01
13	665.182	0.0902079	-1337.86	37.8242
-13	827.617	0.762424	830.067	939.625
-13	1325.9	0.296918	-541.701	913.107
-13	735.207	0.342525	-1094.41	-937.844
13	778.699	1.20388	-121.439	-671.239
13	828.385	1.05405	-967.99	-1161.9
-13	631.921	0.456102	1003.97	-754.743
-13	464.811	0.625876	910.02	1104.55
-13	421.202	0.622891	1494.99	1406.83
-13	531.015	0.555657	-374.169	-967.362
-13	942.594	0.823493	809.672	-920.144
-13	480.407	0.587554	-1392.18	352.893
-13	514.077	0.591679	-759.168	-184.152
13	604.083	0.847227	356.409	-612.81
13	611.839	0.588403	-1196.04	643.812
-13	692.771	0.194761	-909.517	43.4328
-13	451.254	0.754334	-122.475	-967.865
13	788.223	0.39106	1233.79	1179.34
-13	566.688	0.360446	1300.81	-832.747
-13	453.299	1.03526	657.958	-860.549
13	533.092	0.556376	-1297.86	-768.733
-13	444.835	0.734314	468.946	-1455.41
-13	1094.56	0.82758	-1287.37	-863.224
13	889.952	0.562871	337.527	-1236.81
-13	445.787	0.506226	275.966	-1216.21
13	419.405	0.878878	461.308	-704.364
13	409.986	0.631236	-1432.88	1340.4
-13	484.488	1.06042	-407.522	924.848
-13	448.522	0.101876	-784.823	-77.0352
13	811.405	1.10609	550.293	-1206.44
-13	585.255	0.963731	913.429	-1249.05
13	541.099	0.929546	-302.74	-1387.32
13	546.6	1.04383	-447.87	1367.77
13	639.792	0.815549	-179.574	494.4
13	440.429	0.948501	-1278.68	-357.606
-13	619.322	0.723278	264.076	-1037.12
13	555.888	0.785603	612.328	913.362
-13	968.533	1.17394	-266.202	-1188.88
13	714.525	0.587738	-1167.71	367.914
13	502.027	0.29644	1345.24	-1405.27
-13	416.529	0.37387	1278.37	1133.66
-13	464.608	1.21838	1325.47	1117.03
13	589.808	0.255607	781.61	-59.2617
13	793.652	0.994259	-1109.99	780.27
13	463.522	0.896377	362.868	-424.202
-13	784.457	0.411689	-635.325	534.189
-13	849.674	0.456763	428.209	1206.37
13	506.378	0.660261	1080.29	142.887
-13	409.383	0.256506	174.596	-544.183
-13	616.379	0.246246	-241.026	-1364.18
13	506.649	1.1138	926.464	-1037.03
13	2443.05	0.93163	-125.399	-922.792
13	457.835	0.557152	965.971	-211.518
13	574.773	1.0955	1214.32	-92.2721
13	455.887	0.225031	902.683	-469.262
-13	569.909	0.0274202	-1448.11	788.275
-13	432.553	0.515906	343.646	1350.01
-13	450.48	0.103136	1115.96	702.267
-13	401.451	1.19856	420.538	1352.14
13	886.348	1.0229	1195.13	949.721
13	468.676	0.728495	1124.94	-579.46
-13	413.798	0.392235	749.157	-1099.81
13	412.63	0.137688	521.825	-1065.4
-13	644.952	0.334819	-1280.25	752.897
-13	539.743	0.695974	1377.47	-404.903
-13	576.624	0.414284	1290.89	-1332.2
-13	464.63	0.0378112	-1467.44	-161.088
-13	439.967	0.355133	1491.45	1232.49
13	5494.07	0.0416365	-1047.46	-1220.27
13	454.492	0.874502	1355.5	1428.73
13	684.874	1.10998	891.576	-1078.63
-13	421.29	1.08099	-1321.2	-823.014
-13	569.439	0.597926	-329.834	216.571
13	581.936	0.557753	821.997	-702.613
-13	443.268	1.096	699.009	-282.554
-13	424.809	0.60556	-275.378	-739.14
-13	482.907	1.16194	-1045.29	705.111
13	1640.48	0.535824	1379.72	1136.19
-13	451.399	0.739218	151.419	894.755
-13	401.265	0.903097	957.723	1070.03
-13	475.534	0.734071	1229.03	994.81
-13	464.579	0.553913	-938.545	-1318.87
-13	544.834	0.55039	-566.928	450.218
13	472.511	0.960137	-1184.74	-381.932
13	750.57	0.542485	-1258.9	1219.19
-13	466.365	0.985483	-730.612	535.154
-13	441.996	0.441773	1021.15	-88.2374
-13	406.229	0.0734296	-115.703	402.843
-13	436.561	0.660789	-703.73	-1220.69
-13	646.036	0.891249	-122.679	-45.0787
13	581.815	1.07493	919.157	427.754
-13	448.426	0.596647	442.851	-1061.89
13	414.45	0.212104	-884.052	-1086.53
13	602.433	1.0805	801.993	661.932
-13	771.999	0.156521	-231.431	-1275.23
-13	679.83	0.632396	1343.72	230.585
-13	422.62	0.616454	-293.009	1019.77
13	432.292	0.842897	-214.512	1240.52
13	900.122	0.52872	1028.32	1289.63
-13	609.836	0.447225	984.529	-258.369
-13	530.498	0.43136	-744.54	-201.682
13	701.692	0.0927387	898.592	-484.6
-13	679.562	0.549783	-697.968	131.696
-13	1520.36	1.13329	-207.624	-430.12
13	597.179	0.482426	-384.684	-1356.37
-13	524.241	0.137536	-250.664	-231.838
13	1148.91	0.803391	121.577	-609.157
-13	477.402	0.496846	494.629	653.94
-13	506.038	0.9824	-132.999	-84.15
-13	1452.95	1.10082	-1497.02	968.208
-13	1016.84	0.973765	-168.938	893.716
-13	503.843	0.874326	933.361	271.753
-13	531.111	0.790263	213.304	182.942
13	640.526	1.17807	1122.49	1169.65
13	969.838	0.554867	470.252	825.25
13	407.297	0.186334	821.273	921.486
-13	608.146	0.881213	1484.77	-237.524
13	1434.89	0.203203	1246.1	-193.981
13	427.591	1.05069	-1264.4	323.433
-13	665.432	1.07994	1025.93	863.673
13	439.315	0.736459	-1103.23	1114.85
13	767.213	0.980184	1398.7	1241.74
-13	491.015	1.00046	-1000.8	-1338.38
13	442.422	0.0375302	-151.7	-1403.99
13	959.139	0.922788	17.8548	-437.793
-13	498.057	0.0814553	-1087.47	-924.161
13	612.033	0.710263	363.872	15.8335
13	466.381	0.0936948	-254.201	156.599
-13	580.386	0.535013	-598.445	685.461
-13	1069.93	0.57872	1102.01	-119.514
13	413.459	0.0944688	-553.849	169.544
13	400.133	0.566585	1478.99	-430.098
-13	446.481	0.840157	1461.63	1443.1
-13	612.113	0.882663	-566.819	-1132.8
-13	1144.1	0.421384	-897.242	-730.969
13	635.712	0.405094	998.632	837.896
-13	805.235	0.742509	-670.76	103.202
-13	405.962	0.26618	-419.724	675.599
13	574.29	0.486462	-470.517	81.7592
13	669.825	0.988262	-640.419	975.168
-13	688.088	1.19281	1171.38	354.959
13	512.47	0.722389	-1200.42	502.936
13	499.921	0.951315	454.172	-1150.02
-13	660.381	0.0712477	522.327	966.124
-13	527.059	0.767552	-1441.85	-338.489
-13	470.347	1.19088	1060	-1098.77
-13	479.809	0.350909	-1085.44	-293.308
13	416.264	0.161853	-676.122	-1204.72
-13	446.399	0.633266	1188.77	970.676
13	1204.8	0.764896	1412.09	1430.2
13	473.561	0.0350824	-889.472	1045.32
-13	592.944	0.0286229	-1016.75	-1175.09
-13	551.869	0.127162	-292.896	-1394.89
13	401.202	1.16883	-111.621	-398.17
-13	417.028	0.638431	-1168.89	-1060.98
-13	604.577	0.0877616	-316.269	-1191.57
-13	554.685	0.170788	-915.903	414.239
13	441.278	1.20819	351.765	-689.235
-13	498.166	0.014633	-1206.62	-932.108
13	584.162	0.99879	-1198.39	438.863
13	531.663	1.14087	413.503	-295.975
13	751.624	0.195643	-1328.25	329.764
-13	591.989	1.12298	-131.61	-642.363
13	813.528	0.958044	1059.82	-483.173
-13	931.496	1.13829	1474.18	1306.92
-13	2111.14	0.875624	955.157	-179.52
-13	424.977	0.380594	934.81	-856.433
-13	525.111	0.736657	1078.45	-587.631
13	2062.03	0.0651694	-1065.31	-1388.68
13	530.63	0.980023	-360.992	-1393.58
-13	457.221	0.835756	172.219	1123.58
-13	432.815	0.527068	-1014.19	-287.986
13	506.909	0.966633	-297.595	366.914
-13	552.783	0.818345	983.501	1200.7
13	501.286	0.0610779	526.754	-1000.45
-13	431.043	0.01304	1044.7	-1472.88
-13	490.211	0.622768	-936.08	577.51
-13	898.069	1.18162	169.566	364.442
-13	428.641	0.777276	-593.769	-1044.08
-13	528.127	1.22034	-273.812	-1439.23
-13	513.852	0.588309	1104.04	442.83
13	410.115	0.766549	735.173	296.448
-13	442.023	0.673223	1101.8	46.2604
-13	1400.75	1.18006	1226.04	-984.244
13	633.721	0.80098	-911.17	-180.24
13	500.961	0.197559	44.3807	-1494.87
13	544.932	0.608472	-67.1033	99.4703
13	443.347	0.181834	-1136.18	-75.6797
13	434.635	0.313864	768.756	974.425
13	411.595	0.0682886	-1128.49	-1005.88
13	783.803	1.02951	248.88	1197.86
13	717.149	1.16713	-932.74	-694.143
13	432.14	0.768469	-104.717	1130.84
-13	654.016	0.837205	908.267	-989.97
13	416.051	0.753484	1327.63	-472.954
-13	491.254	0.296082	-189.279	826.967
-13	528.345	1.13295	1122.53	128.475
-13	577.717	0.766958	-990.634	-1189.63
-13	495.812	0.15409	342.941	-371.228
-13	679.516	1.03179	-721.983	-1281.75
13	616.9	0.979187	-731.762	-601.81
13	433.634	1.03737	-1484.72	-382.214
-13	487.34	0.167296	238.552	798.596
-13	410.661	0.621673	-210.208	177.104
-13	478.15	0.634118	1018.68	-1272.19
-13	711.997	0.474775	-1013.73	1383.3
-13	428.713	0.794897	-394.881	-34.2669
-13	661.564	0.721565	634.777	-1157.84
-13	808.873	0.169703	-1290.73	-1217.57
13	691.821	0.814754	-913.415	-180.181
-13	544.567	0.588074	-844.346	165.715
-13	773.049	0.386446	-692.633	-189.505
-13	676.643	0.12514	-670.932	233.961
-13	465.405	0.591841	-1029.3	-1255.88
-13	737.239	1.11242	1033.68	-72.5097
13	557.967	0.294844	464.188	-34.8394
13	405.39	0.710199	317.639	1150.77
-13	482.456	0.470806	942.731	-1207.04
13	575.717	0.895931	381.598	-1346.83
-13	441.249	0.574427	1182.84	-464.443
13	549.013	0.0224933	-1009.87	-864.47
13	592.913	0.932122	-805.239	704.134
-13	407.415	0.0149306	-488.243	-655.143
13	485.728	0.670954	-615.306	145.529
13	1027.51	0.459496	1042.59	1492.61
-13	427.47	1.00672	-283.179	700.619
13	484.045	1.03309	131.307	-176.247
13	515.688	0.0714063	78.84	333.29
13	449.531	0.902693	786.4	-102.387
-13	451.418	0.754293	-544.161	598.946
13	725.609	0.369595	-314.78	-468.868
-13	888.142	0.152572	-219.529	-1454.07
-13	511.867	1.14184	-685.414	-663.399
13	434.782	0.259967	876.136	-1020.33
-13	523.077	1.09604	798.022	-1186.71
13	407.679	0.270636	-1376.3	1063.98
13	515.875	0.469406	1386.83	325.623
-13	436.923	0.640534	860.34	-179.007
-13	652.376	0.000811142	-82.965	924.706
-13	667.772	1.15838	-1155.57	-1246.44
-13	872.7	0.305917	-417.264	86.2807
-13	410.758	0.69383	-880.646	-200.83
-13	584.533	1.22159	773.332	1167.92
13	625.16	0.349449	1228.68	-187.827
13	468.185	0.685014	996.4	582.34
-13	648.073	1.12534	-99.6422	-1289.57
13	442.103	0.791555	-459.149	-1192.07
13	504.759	0.426035	-259.768	1421.99
-13	558.407	0.381284	-1324.6	382.276
13	423.782	0.472289	1468.84	-921.078
-13	600.892	0.0969853	429.526	1330.16
-13	1272.92	0.043941	1126.31	837.029
13	931.013	0.805766	-1339.51	-874.595
-13	408.432	0.759905	825.165	-1360.45
-13	509.778	0.454236	874.475	-1166.11
13	447.849	0.293999	-1120.89	48.8217
-13	452.614	0.156074	577.221	-1381.81
13	628.755	0.33903	-1336.44	-446.184
13	539.579	0.457051	-887.068	1367.61
-13	1038.52	0.832919	-93.69	-428.293
-13	423.787	0.697815	-1366.47	-481.667
13	470.727	0.840683	883.116	672.51
13	413.885	0.786805	-170.282	341.872
-13	456.943	0.163974	-608.999	-1354.36
-13	934.872	0.210061	129.657	101.14
-13	401.091	0.559143	-1426.3	616.543
-13	477.415	0.865618	-1234.24	827.331
13	403.887	0.4249	412.255	957.597
-13	625.783	0.0611345	1422.38	736.122
13	766.973	1.20203	-1089.97	-1421.96
-13	518.6	0.413084	243.043	-1477.01
13	470.318	1.0567	-407.041	1189.67
-13	620.173	0.506822	-299.365	-353.231
-13	473.041	0.390256	607.531	492.845
13	406.256	0.948687	1267.15	-667.414
-13	482.601	0.982792	199.884	1256.1
13	1306.96	0.738123	-863.362	-817.735
-13	572.103	0.253562	-920.704	-562.476
13	738.437	0.586074	10.8839	1347.94
13	611.107	0.0610917	-969.158	-481.724
-13	459.443	0.232261	-450.033	-238.404
13	959.657	0.419507	-1392.93	-231.631
-13	462.068	0.573325	1264.61	688.444
-13	413.53	0.176305	38.2494	325.27
13	451.605	0.639157	913.57	-1408.94
-13	2038.79	0.278923	14.6038	793.929
13	417.79	0.695341	598.12	1177.7
-13	409.196	0.182443	259.607	-1093.19
-13	816.573	0.646161	1259.67	1217.09
13	412.992	0.85498	974.956	1400.19
13	405.135	1.13398	486.041	-928.637
-13	535.084	0.504428	228.175	-524.111
-13	529.26	0.151846	1391.45	183.438
13	481.251	0.791957	1057.58	-1361.5
-13	439.689	0.506893	-466.084	78.4696
13	575.59	0.925551	-1305.91	-614.257
13	421.248	0.354562	-959.105	-939.014
13	431.691	0.982516	905.641	456.656
-13	592.698	0.918201	-914.97	402.394
-13	522.074	1.06198	-1342.17	401.164
-13	448.507	0.000754874	1044.4	1437.99
13	1231.52	0.49805	429.284	892.212
13	467.83	0.661888	320.826	60.2829
13	503.576	0.598751	-640.799	569.026
13	470.152	0.0357348	948.804	956.623
-13	482.366	0.0326231	1230.83	1330.17
13	483.488	1.15606	293.198	-1410.95
13	1116.06	0.988576	401.077	1429.36
13	943.73	1.21277	700.338	1230.94
13	405.745	0.0313031	-979.654	-1456.91
13	1711.39	0.767946	893.496	1095.5
-13	588.378	0.446432	-1125.16	-624.438
-13	467.003	0.399906	411.812	-653.862
13	530.356	0.640628	-660.242	-360.815
-13	717.094	1.1353	-216.761	740.681
13	429.89	0.307985	-625.065	-1010.51
-13	449.038	1.17432	-1305.94	-593.362
-13	673.276	0.00298753	-743.951	-613.043
-13	436.113	0.0824494	30.9946	628.286
-13	510.467	1.18191	734.239	-675.433
-13	559.687	0.362209	-161.901	-170.361
13	431.586	0.838793	6.97079	-457.066
13	526.474	0.849761	-899.633	-1206.56
13	455.82	0.798118	314.718	1134.96
-13	663.123	0.864751	1245.36	-1030.95
-13	482.066	0.658409	-407.264	838.686
13	545.62	0.568615	-865.214	-477.673
13	494.034	0.0562303	-436.968	106.985
-13	710.113	0.787671	1356.41	102.692
-13	587.291	0.831265	172.583	1130.23
-13	459.388	0.835417	443.154	718.715
13	505.732	0.701958	-18.2645	478.729
13	804.125	0.720505	417.374	-613.395
-13	433.139	0.101378	-1355.56	161.439
-13	636.364	0.812697	426.346	-1209.24
-13	980.147	0.685871	-1006.74	1425.79
-13	434.09	1.02602	-484.86	1400.52
-13	532.172	0.410074	551.235	-97.2518
-13	443.256	0.547294	-1365.18	-1118.85
-13	584.433	1.05194	-510.757	634.891
-13	407.335	1.11877	-1050.86	-1400.47
-13	569.891	1.03956	1442.65	1260.09
-13	442.486	0.57421	258.924	-736.806
-13	858.703	0.94665	504.199	-676.332
-13	656.382	1.17124	258.134	1142.15
13	634.441	1.1301	170.761	-1310.03
13	661.673	0.409194	1026.81	6.55846
13	476.254	0.653197	-879.475	1442.45
-13	512.628	1.10574	182.11	-965.548
13	500.559	1.10924	834.466	-1397.13
-13	636.822	1.22136	458.464	-253.818
13	447.037	0.494686	-143.796	808.007
13	875.263	1.01046	-68.7969	-287.91
-13	460.792	0.334375	-349.73	-690.409
-13	654.46	0.523776	-131.111	343.597
13	511.356	0.337913	422.737	-727.07
-13	737.875	0.998574	451.485	-1041.55
-13	657.618	0.982086	70.9937	-34.2729
-13	613.2	0.258316	325.432	-1057.55
-13	602.559	1.06231	-1204.53	59.8285
-13	428.717	0.0968258	1423.04	-286.083
-13	427.947	1.19939	-1412.24	1101.79
-13	1524.06	1.14005	115.416	-833.538
13	717.855	1.00114	-1164.64	796.562
-13	700.448	0.495252	9.02645	-1190.84
13	607.869	0.690998	-1275.74	463.184
13	578.915	0.50372	789.3	-1261.6
-13	842.083	0.887163	192.215	-1043.55
13	753.901	0.0224052	-0.558391	-9.78297
13	440.703	0.660338	766.762	-1257.81
-13	480.111	0.910331	-1325.72	933.224
13	2305.2	1.18752	-480.29	209.999
13	663.878	0.365914	-570.531	-1347.82
13	701.361	1.13064	1259.95	291.456
-13	558.282	1.13601	136.761	1378.3
-13	988.578	1.04214	-853.734	-599.009
13	789.804	1.16805	-1417.37	-1435.62
13	532.902	0.313033	1248.12	787.717
-13	734.047	0.394425	-256.894	-469.479
-13	534.295	0.718874	-247.758	427.235
13	1450.57	0.181993	390.74	13.6012
13	526.265	1.12432	-1117.43	-470.55
-13	522.104	0.180766	171.458	-1006.73
13	640.437	1.15662	788.599	674.27
13	403.027	0.70098	-89.2412	640.989
-13	699.756	0.365412	498.696	-53.7039
13	1413.18	0.335358	-512.369	1452.57
-13	1021.14	0.577663	1393.39	-923.798
-13	500.023	0.499722	-1401.74	799.557
-13	523.426	0.843977	-264.015	-279.573
-13	519.382	0.434399	-109.965	248.315
13	561.164	0.981761	-1118.26	-1284.47
13	432.712	0.354969	-1321.28	1008.88
-13	416.941	0.254764	548.715	346.958
-13	679.679	0.653825	691.808	1283.54
-13	736.682	1.08022	-503.82	-189.442
13	758.829	1.00595	1346.94	840.468
-13	575.41	1.12547	-546.964	211.185
-13	584.956	0.284149	-762.021	346.638
13	407.872	0.63447	35.4041	1263.82
13	560.001	1.21971	762.258	360.064
-13	1265.14	0.933282	-613.838	355.415
-13	1211.73	0.489786	-277.553	-1055.61
13	566.921	0.317515	-1323.66	-603.733
-13	452.672	0.989653	-1223.71	-943.712
13	553.96	0.307041	-848.415	605.39
-13	485.401	0.600142	187.094	1207.75
13	554.652	0.601341	-732.566	-1233.94
13	490.758	0.981484	243.454	4.0801
-13	613.539	1.21916	498.688	-275.056
-13	512.68	0.895941	-844.339	170.806
13	853.711	0.442006	-185.567	-151.049
-13	1163.92	0.49256	918.976	537.584
-13	629.059	0.516077	1146.56	-107.382
-13	610.011	0.67944	1438.19	431.089
-13	565.774	0.150717	-1346.82	1044.98
13	415.142	0.23356	673.499	158.212
-13	496.262	0.787072	1007.25	404.505
13	886.955	1.19865	-150.521	-936.291
-13	559.992	0.386765	1014.33	814.643
-13	499.12	0.620975	416.55	-1459.61
-13	783.31	0.95633	1441.25	-1185.63
-13	439.435	1.12981	1382.51	-1323.19
-13	693.705	0.936781	1467.94	654.338
13	553.012	1.18797	-240.323	943.125
-13	1534.42	0.0401235	-1015.39	153.511
-13	594.328	0.35544	-616.283	984.99
13	521.446	0.605649	198.954	53.1479
-13	455.572	1.06388	-81.9605	1264.33
13	430.293	0.535988	-244.762	593.216
-13	442.97	0.436769	315.231	549.793
13	786.516	0.781632	1090.39	-350.027
-13	480.847	0.581985	-152.638	1004.25
-13	699.404	0.0745891	258.296	-1079.83
-13	1092.68	1.08764	924.866	42.5198
-13	456.653	1.14101	-650.381	155.422
13	1019.88	0.437003	233.421	-664.396
13	428.235	0.224615	-305.875	557.163
13	522.507	0.729315	91.672	108.396
13	1464.98	0.38621	1350.58	-935.361
-13	426.156	0.377188	-369.555	-703.157
13	659.086	0.228103	-825.486	268.9
-13	424.74	0.854672	1398.21	1167.4
-13	754.859	0.803789	-112.07	-1330.21
13	492.711	0.986382	1267.03	152.322
-13	762.993	0.558525	1477.25	417.882
13	401.576	0.0487047	773.311	1165.89
-13	461.661	0.950428	-1328.41	625.358
-13	844.571	0.939789	-532.385	-397.323
13	500.87	0.847957	1101.53	1079.45
13	604.935	1.04598	-1192.1	511.156
-13	443.396	1.04384	-310.127	-1446.37
13	499.522	0.389041	769.136	-812.652
13	604.108	0.786824	1004.37	-1462.3
-13	1811.02	0.239647	70.2536	1358.34
13	532.025	1.22017	1267.3	-740.876
-13	498.812	0.897719	856.237	585.941
-13	446.826	1.16762	-360.375	-121.271
-13	842.296	0.762186	-382.712	223.742
13	429.157	1.20102	-569.317	-752.174
-13	1002.65	1.15469	1162	344.925
-13	463.998	0.274801	1387.95	-1101.28
-13	440.469	0.618531	565.842	717.495
-13	6009.34	0.548677	-1023.6	-384.175
-13	604.8	0.697279	84.6305	1079.24
-13	540.353	0.393731	1079.3	565.714
-13	483.158	0.400195	-1319.81	-779.001
-13	446.84	1.03148	297.268	477.424
-13	652.3	0.496758	472.746	-382.514
13	461.912	1.11962	904.472	-1049.21
13	823.921	1.1271	1066.84	1297.72
13	639.828	1.20276	442.48	-355.395
13	458.493	0.882331	835.51	-1399.78
-13	578.97	0.990189	185.386	-1335.24
-13	414.981	0.984679	836.359	113.735
-13	477.783	0.103286	-1427.55	-669.854
-13	649.341	0.784798	-925.422	1268.27
13	478.866	0.796011	-356.559	1368.52
-13	435.7	0.790331	454.28	1404.71
13	420.528	0.359713	-6.55258	1390.49
13	509.094	0.937971	344.97	704.433
13	567.277	0.654856	-852.522	669.705
-13	741.845	0.760897	1227.85	-604.663
-13	853.167	0.60668	105.048	-898.745
-13	753.815	0.526694	149.936	270.957
-13	1274.67	0.609065	-957.861	-40.7365
13	1382.09	0.895959	-1475.35	822.361
-13	492.884	1.16177	-1428.81	-224.976
-13	547.902	0.436115	-1336.04	-59.5097
-13	529.292	0.43525	-142.158	-854.495
-13	455.91	1.0013	-1376.56	-715.592
13	567.613	1.18036	-942.588	1124.93
13	404.516	1.0013	510.89	-130.344
-13	653.378	0.0275412	170.582	-1396.43
13	432.747	0.98322	-874.592	343.535
13	576.249	1.00414	-152.477	943.775
13	530.446	1.05548	930.672	-24.4705
13	552.04	1.12729	964.615	-249.7
-13	423.007	1.17781	1475.16	-432.095
-13	676.601	0.452837	-191.375	839.118
13	653.213	0.594913	-392.538	723.847
13	514.861	1.21438	-72.4781	-1206.78
-13	891.604	0.995009	751.052	-1383.9
-13	467.56	0.92163	1136.42	-640.489
13	497.099	0.432368	363.705	-1449.93
13	1774.21	0.651583	-1209.93	1171.37
13	507.489	0.388153	-500.122	1410.25
-13	621.658	0.71306	556.6	-915.323
13	485.979	1.14826	181.287	-29.898
-13	631.753	0.855336	1411.92	-1483.4
-13	1477.58	1.21922	-1465.41	860.445
-13	750.678	0.312044	1115.18	555.735
-13	2487.19	1.00817	187.028	285.852
-13	575.611	1.1187	-1393.25	-1452.58
-13	502.281	0.568598	1225.63	-1454.71
13	436.374	0.674813	545.17	-525.177
-13	481.364	0.793869	-1046.96	863.267
-13	466.588	0.338886	-1459.99	-1050.86
-13	443.914	0.430231	941.186	224.18
13	571.213	0.528868	1490.51	613.867
-13	641.777	0.452161	-955.633	893.244
13	1317.24	1.00821	-1257.58	-1104.73
-13	420.989	0.880686	770.169	-1058.72
13	427.524	0.310199	106.712	492.353
13	496.496	0.830759	929.706	-238.398
13	700.813	0.500023	-483.582	710.214
-13	409.705	0.621596	-1387.02	544.164
-13	526.143	0.773933	291.827	393.721
-13	718.418	0.372918	722.419	729.788
-13	1065.94	0.0659256	-642.982	-50.9279
-13	459.551	0.606689	687.852	-26.3822
-13	658.026	0.769666	-538.719	227.058
-13	961.652	1.05849	1171.56	716.479
-13	1501.66	0.110756	952.395	-1125.63
-13	428.185	0.619564	-263.555	41.1277
13	401.327	0.925416	1324.63	-1324.07
-13	1050.9	0.0757415	763.494	-709.717
13	559.078	0.740395	-205.311	-602.754
13	537.679	1.18847	737.954	-462.927
-13	770.027	1.17633	1288.32	-174.577
13	542.65	0.599403	-728.487	-927.819
-13	424.829	0.350782	-399.432	-1098.45
-13	413.756	0.832477	842.165	94.1525
-13	913.746	0.948227	435.788	81.7181
-13	829.601	0.48908	-782.756	-678.193
-13	803.268	0.762383	-637.849	-621.464
13	437.62	1.04231	-625.721	19.3243
-13	403.464	1.12618	-91.9584	-252.185
13	449.348	0.812082	-1363.73	518.78
-13	487.417	1.11195	1215.05	-18.4446
13	470.438	0.213371	493.726	688.477
-13	1014	1.03357	1321.45	476.486
-13	438.895	1.16471	780.093	-811.793
-13	539.166	1.03745	-79.5761	614.143
13	776.776	0.315543	-426.896	787.678
-13	531.244	1.12532	977.225	-536.877
-13	432.941	0.949834	327.945	-1179.74
13	400.766	0.653501	468.891	1116.71
-13	485.846	0.105175	1205.37	1264.31
13	720.984	1.08094	-999.165	807.239
-13	545.255	0.141814	433.63	-502.923
13	407.68	0.536493	-784.695	-1078.82
13	542.98	0.863504	-324.221	420.187
-13	418.798	0.333453	619.624	-1488.02
-13	412.902	0.505764	-313.101	-90.4003
13	524.329	1.18126	-205.866	685.924
13	493.826	0.0306465	630.415	-1427.57
-13	409.8	0.207328	1098.4	-1067.64
13	501.44	0.937857	175.315	768.38
13	707.879	0.843914	-1171.7	1418.66
-13	404.95	1.06855	460.215	396.167
13	988.191	0.138502	72.0236	1367.86
13	416.969	0.677974	-324.615	926.392
-13	510.823	1.12034	-644.61	-848.049
-13	429.467	0.776446	-1165.37	1256.56
-13	1044.41	0.291911	-665.681	-285.601
13	408.417	0.313871	1486.7	629.719
13	413.609	0.680227	-274.033	-998.097
-13	568.754	0.179915	213.409	-1426.56
-13	442.595	1.18035	-1033.62	1488.31
13	487.29	0.965062	-405.597	1293.61
-13	637.937	0.878161	651.187	-573.171
13	780.598	1.02301	1090.66	-1227.57
-13	420.545	0.757784	406.037	-1354.44
13	854.448	1.17606	-59.3968	628.655
13	441.386	0.443883	-1236.76	-170.976
-13	407.422	0.0133128	359.884	-987.007
13	1142.28	0.71862	-144.2	-1055.12
13	772.58	0.53393	1149.56	884.656
-13	410.915	0.200274	290.334	-515.379
-13	1302.92	0.720941	1254.37	-1268.87
-13	504.094	0.760099	-992.848	-871.995
13	907.262	0.416036	-348.448	229.956
13	600.671	1.02661	-1031.03	-172.264
13	644.921	0.12929	-163.966	241.294
13	420.178	1.1867	-910.872	226.595
-13	626.797	0.303079	1177.91	-1295.19
-13	564.778	0.472705	846.321	22.9551
13	638.145	1.204	-118.879	210.49
-13	421.811	0.727375	671.796	-1041.85
13	687.703	0.829519	-809.114	-406.316
-13	569.046	0.658673	-824.129	-720.034
-13	492.626	0.693544	-814.142	951.257
13	506.224	0.613213	945.292	6.358
-13	495.182	1.11822	1255.74	660.522
-13	843.216	0.921113	173.422	-86.6996
-13	444.695	0.633163	1411.71	-822.962
-13	532.473	0.00987524	-55.0987	-764.715
-13	1114.94	0.813158	-1207.29	554.966
-13	1145.45	0.632886	524.036	-332.997
-13	540.881	0.0967711	896.301	439.327
13	1673.01	1.04503	1028.08	434.81
-13	483.994	0.545535	-1153.67	452.197
13	928.488	0.259661	507.004	442.459
13	593.4	0.231527	-477.511	-1201.02
13	421.584	0.0347479	-908.581	356.004
13	707.159	0.772563	-323.041	1195.71
13	675.508	0.443875	203.208	-928.063
13	1006.94	0.20905	699.297	1246.31
13	1268.48	0.00967789	-1397.36	-247.097
-13	802.061	0.326499	1373.64	1038.42
-13	485.7	1.15722	1484.21	-502.429
-13	1136.13	1.06513	144.066	-970.036
-13	1503.13	0.93827	421.682	-976.338
-13	1532.83	1.20461	-1201.68	222.497
-13	477.803	0.870614	1371.48	-750.56
13	711.255	0.355608	138.217	910.947
13	850.076	0.886725	-443.762	-1161.08
13	420.42	0.689617	395.473	-236.799
-13	2652.51	0.778346	767.041	870.891
13	2038.28	1.07004	-396.821	595.746
-13	507.396	1.16357	-350.303	-1028.74
-13	867.268	0.358805	-255.262	384.23
-13	1141.17	1.19242	894.834	1439.71
-13	548.185	0.395231	-414.837	38.4413
-13	448.378	1.11444	-550.892	-162.62
-13	1241.82	0.148433	740.933	671.947
13	464.677	0.335232	-78.3556	1309.68
-13	456.656	0.795591	-84.2785	-1390.33
13	563.526	0.407106	-323.316	1053.64
13	448.249	1.00631	666.844	433.728
13	441.108	0.550439	309.748	-182.455
-13	860.333	0.896768	1325.42	-423.262
13	669.854	1.03962	-96.7677	737.766
13	780.016	1.11403	-461.22	907.285
13	441.023	0.684658	-29.2943	-279.821
-13	417.644	0.0940069	-799.953	-761.998
-13	425.109	0.949327	-891.426	1152.24
13	1185.17	1.17274	-993.882	639.581
-13	561.465	0.845684	-992.084	1424.8
13	647.463	0.950889	-455.818	476.768
13	419.911	0.332159	-216.183	21.3596
13	424.174	0.519945	757.297	-682.86
-13	418.989	0.105736	-1032.07	-333.997
-13	417.829	0.536974	863.646	842.978
13	407.517	0.879386	765.83	-1151.17
-13	895.715	1.19778	-1403.23	1325.41
-13	640.252	0.223256	1361.05	-672.727
-13	864.196	0.060276	540.537	877.983
13	414.781	0.350631	-656.852	-1173.82
-13	407.734	0.0812585	602.472	-1191.34
-13	432.721	0.992867	-215.241	20.5944
-13	551.411	1.18539	-849.474	-676.569
-13	453.584	0.113442	166.308	-508.864
-13	410.996	1.09019	814.989	203.555
-13	440.355	0.859387	753.665	510.865
13	428.193	1.22141	-1485.14	-644.957
13	502.173	0.534784	1036.54	800.683
-13	870.06	1.19493	-804.599	-589.809
13	454.132	0.846381	-9.08376	-1498.76
13	482.796	0.638836	505.078	-564.762
-13	682.065	0.632822	416.624	-390.238
-13	475.164	0.624289	121.788	-803.706
13	1192.35	0.478337	60.0958	-368.358
-13	463.4	0.730017	-1411.68	314.046
-13	439.228	1.01944	121.923	643.474
13	510.198	0.884087	1038.86	500.437
13	2017.38	0.0512447	44.4288	560.741
13	424.349	0.342897	858.765	96.6884
13	554.7	0.889893	593.424	575.258
-13	479.421	1.16295	1400.22	72.4289
13	413.283	0.522423	-1076.81	809.043
13	408.061	0.557256	-733.039	-1062.97
-13	447.733	0.194261	599.995	-561.774
13	597.478	0.25874	-72.7547	-548.795
-13	760.325	1.02083	469.461	-1159.76
13	473.7	1.16506	58.7622	916.214
-13	825.046	0.766744	913.418	-1189.54
-13	445.376	1.20311	-1265.16	379.891
-13	527.567	0.783904	-646.641	902.508
-13	1052.31	1.12392	-857.087	1293.83
13	469.964	0.075118	347.906	1405.31
-13	462.393	0.0445413	-43.7405	947.473
-13	494.162	0.0697654	-1392.13	-815.522
13	1802.4	1.04664	758.963	264.501
-13	603.119	0.0257107	694.578	54.7464
13	848.172	0.34384	-860.203	1333.55
-13	610.045	0.395307	-848.235	859.441
13	611.61	0.340201	-457.261	854.605
-13	503.817	0.114943	-722.645	492.547
-13	449.137	0.217753	-694.825	1286.83
-13	650.874	1.18315	-1070.67	918.545
13	654.291	0.366403	579.502	-1198.19
-13	432.03	0.547855	75.7547	1304.52
-13	411.204	0.0891867	1007.1	1155.58
-13	488.152	0.420697	-920.015	-1138.94
-13	535.182	1.16651	-485.037	826.564
-13	772.187	0.685243	262.098	-734.192
-13	666.97	1.00042	-329.998	192.559
13	462.042	1.11042	1183.53	-841.164
-13	641.081	1.17915	-1113.73	-1018.19
-13	440.32	0.560688	1460.11	-439.163
13	499.597	0.262369	-1069.38	-54.7575
13	929.346	0.590681	-235.078	-167.895
-13	501.086	0.310144	1383.33	598.417
-13	447.762	0.904392	16.5794	-156.572
13	1041.69	0.189929	1223.39	-1192.16
-13	487.134	0.0931061	218.388	217.78
-13	502.276	0.557207	843.931	-1456.13
-13	460.913	0.361899	-421.107	527.382
13	535.835	0.160015	-547.337	-252.545
-13	424.87	0.429858	-964.77	1105.78
13	665.716	0.562629	-241.379	-576.029
-13	730.276	0.830365	591.099	1475.3
13	470.462	1.02512	-1071.32	-715.758
13	694.062	0.575467	1495.3	1096.17
13	895.195	0.730233	-45.0553	1097.16
13	630.159	0.797601	877.57	794.759
-13	726.632	0.51324	625.2	1036.23
13	789.076	0.101833	-712.286	-607.803
13	542.037	0.539107	-78.6152	-56.7333
13	761.057	0.76903	-595.474	-1347.75
13	403.774	0.418398	-153.673	-453.382
-13	662.919	0.319055	-967.489	-922.393
-13	591.94	0.793395	-618.338	-800.699
-13	606.301	1.05787	154.512	866.536
13	586.688	1.20223	-635.327	286.585
-13	423.561	0.872704	-969.527	251.264
-13	479.374	0.364377	1101.17	-530.591
-13	409.951	0.335317	-356.939	-632.499
13	407.81	0.530567	1364.33	986.122
-13	586.469	0.091524	-235.671	357.738
13	600.071	1.06385	1378.23	111.429
-13	461.425	0.13191	-297.969	663.416
-13	466.483	0.00085211	1019.26	577.628
13	834.07	1.21146	846.17	-516.291
13	664.84	0.0727766	831.782	621.653
13	560.302	0.14178	909.065	271.484
13	468.37	0.408363	839.441	1159.87
-13	518.707	1.08405	-144.154	-377.134
-13	448.684	0.0727462	539.204	1453.69
13	545.736	0.661758	222.761	1334.5
-13	606.412	0.293898	1052.95	-211.532
-13	1065.21	1.01104	548.979	68.932
-13	589.068	0.411729	489.933	-417.2
13	748.712	0.985207	1419.24	961.653
-13	535.007	0.158035	-1137.44	-892.873
13	507.167	1.10565	-1226.9	209.684
-13	978.748	0.500267	-1003.61	969.28
13	740.935	0.992575	-1120.13	-337.311
13	570.509	0.489574	457.129	608.067
-13	660.419	0.13919	1470.25	-815.607
13	678.56	0.865221	1383.78	284.917
13	478.439	0.445334	-467.953	1490.99
13	401.712	0.0638044	1365.12	-877.971
-13	678.591	0.601813	-1037.25	998.841
-13	470.734	0.989587	-801.115	-1001.75
-13	576.504	0.597305	-504.526	102.685
-13	1475.76	1.12934	-1065.61	-1392.95
-13	479.699	0.224149	715.544	959.361
13	535.174	0.820296	-451.078	-275.97
-13	788.821	0.955488	1372.24	359.161
13	407.626	0.594199	-651.504	247.845
13	440.204	0.805892	1382.43	761.191
-13	2203.7	0.304492	-640.164	-107.035
13	641.125	0.318867	912.487	-647.447
-13	529.862	1.1632	-883.853	-616.23
-13	428.952	0.919604	-754.12	-25.4542
-13	1052.74	0.748378	97.2024	71.1059
-13	975.088	0.781311	-801.974	-1282.12
-13	450.635	0.0910153	426.947	-834.733
13	825.633	0.604074	-669.494	367.968
-13	470.878	0.309161	-642.666	1429.23
-13	440.712	0.971649	-378.145	583.17
-13	504.375	0.818402	-334.085	-472.042
-13	411.967	0.589263	819.035	-851.479
-13	418.323	0.439316	-999.217	-1327.38
13	1857.13	1.01069	240.688	1458.85
-13	468.949	0.592693	1191.97	-1234.76
-13	1495.71	0.334485	-737.888	-972.304
-13	573.634	0.0821141	-621.487	-751.847
13	548.53	0.823536	853.969	454.876
13	482.265	0.955795	-1293.81	814.505
13	2028.54	1.11482	-988.236	-1038.14
13	415.397	0.527851	-59.4656	-265.771
-13	654.969	1.03157	-1293.49	-1452.46
13	454.944	0.0973201	722.211	-1151.12
-13	468.402	0.0664324	-223.656	1137.03
13	2496.43	0.83557	486.028	826.608
-13	1208.66	1.05377	-888.544	-1396.1
-13	3385	0.526927	-184.55	1173.31
13	522.852	0.721595	-152.281	-767.305
13	534.819	0.807603	-624.033	-723.172
13	407.282	0.261225	980.745	-194.85
13	502.489	0.556044	-617.627	324.024
13	543.275	1.0101	-1012.45	-1131.07
-13	714.077	0.929554	394.794	-77.4881
13	518.049	0.190474	208.456	989.247
-13	2070.44	1.10997	-840.597	-832.824
13	412.224	0.825992	394.153	-1135.93
13	1202.76	0.923273	921.854	-657.875
13	502.361	1.1751	-1232.31	584.455
13	490.843	1.03091	-883.083	700.064
13	1113.77	1.17619	694.796	140.581
13	478.681	0.560512	-521.115	-428.86
13	412.2	0.700024	-258.831	101.332
-13	639.32	0.331797	878.684	-37.8691
13	403.414	1.15245	-1251.81	448.666
-13	462.881	0.884805	-1390.4	-606.303
-13	782.169	0.614904	-663.381	-685.288
13	456.029	0.311432	-314.473	996.336
-13	415.92	0.214381	1275.76	566.525
-13	484.258	0.236785	177.818	-1210.15
-13	415.001	0.186766	-467.197	150.175
-13	1155.88	0.732206	-519.687	-577.025
-13	442.333	0.726875	-1456.86	-1228.21
-13	522.542	1.15703	-888.618	-201.132
-13	557.689	1.02782	-13.3542	552.054
13	596.495	1.16356	484.345	-1155.86
13	420.14	0.0392098	1388.03	-634.999
13	914.49	1.14053	1433.66	-96.6145
-13	439.948	0.459384	1153.47	-1004.02
13	1413.39	0.150469	808.265	1337.46
-13	475.046	0.995199	1039.87	-799.603
13	476.116	0.187319	1296.64	-500.813
-13	421.915	0.0536263	81.7943	1456.57
-13	445.97	0.405488	634.855	1130.99
13	659.376	0.459132	124.708	592.764
13	530.522	0.86733	-700.175	-1360
-13	558.721	0.763878	-1489.95	-949.136
13	993.787	1.10226	-1116.21	-654.878
-13	1489.23	0.768217	249.203	871.457
13	2648.7	0.429186	293.379	-419.351
-13	574.616	1.17338	-420.576	280.432
13	563.072	1.12475	-472.854	246.478
-13	3132.78	0.802972	1084.3	-556.278
-13	682.261	1.19431	769.108	-809.849
-13	1171.54	0.642571	-250.129	-86.1532
-13	3047.69	1.08084	-683.216	-964.025
-13	1428.35	1.11283	-984.263	-1019.64
13	519.753	0.601509	-1328.62	630.511
-13	546.49	1.21214	167.039	-1120.48
-13	1163.92	0.49256	918.976	537.584
-13	629.059	0.516077	1146.56	-107.382
-13	610.011	0.67944	1438.19	431.089
-13	565.774	0.150717	-1346.82	1044.98
13	415.142	0.23356	673.499	158.212
-13	496.262	0.787072	1007.25	404.505
13	886.955	1.19865	-150.521	-936.291
-13	559.992	0.386765	1014.33	814.643
-13	499.12	0.620975	416.55	-1459.61
-13	783.31	0.95633	1441.25	-1185.63
-13	439.435	1.12981	1382.51	-1323.19
-13	693.705	0.936781	1467.94	654.338
13	553.012	1.18797	-240.323	943.125
-13	1534.42	0.0401235	-1015.39	153.511
-13	594.328	0.35544	-616.283	984.99
13	521.446	0.605649	198.954	53.1479
-13	455.572	1.06388	-81.9605	1264.33
13	430.293	0.535988	-244.762	593.216
-13	442.97	0.436769	315.231	549.793
13	786.516	0.781632	1090.39	-350.027
-13	480.847	0.581985	-152.638	1004.25
-13	699.404	0.0745891	258.296	-1079.83
-13	1092.68	1.08764	924.866	42.5198
-13	456.653	1.14101	-650.381	155.422
13	1019.88	0.437003	233.421	-664.396
13	428.235	0.224615	-305.875	557.163
13	522.507	0.729315	91.672	108.396
13	1464.98	0.38621	1350.58	-935.361
-13	426.156	0.377188	-369.555	-703.157
13	659.086	0.228103	-825.486	268.9
-13	424.74	0.854672	1398.21	1167.4
-13	754.859	0.803789	-112.07	-1330.21
13	492.711	0.986382	1267.03	152.322
-13	762.993	0.558525	1477.25	417.882
13	401.576	0.0487047	773.311	1165.89
-13	461.661	0.950428	-1328.41	625.358
-13	844.571	0.939789	-532.385	-397.323
13	500.87	0.847957	1101.53	1079.45
13	604.935	1.04598	-1192.1	511.156
-13	443.396	1.04384	-310.127	-1446.37
13	499.522	0.389041	769.136	-812.652
13	604.108	0.786824	1004.37	-1462.3
-13	1811.02	0.239647	70.2536	1358.34
13	532.025	1.22017	1267.3	-740.876
-13	498.812	0.897719	856.237	585.941
-13	446.826	1.16762	-360.375	-121.271
-13	842.296	0.762186	-382.712	223.742
13	429.157	1.20102	-569.317	-752.174
-13	1002.65	1.15469	1162	344.925
-13	463.998	0.274801	1387.95	-1101.28
-13	440.469	0.618531	565.842	717.495
-13	6009.34	0.548677	-1023.6	-384.175
-13	604.8	0.697279	84.6305	1079.24
-13	540.353	0.393731	1079.3	565.714
-13	483.158	0.400195	-1319.81	-779.001
-13	446.84	1.03148	297.268	477.424
13	600.749	0.187875	-1151.92	827.31
13	663.183	1.14656	-527.273	-630.376
13	416.285	0.74443	592.298	1207.14
-13	665.355	0.996751	-520.002	-441.017
13	567.809	0.16104	1094	407.057
-13	544.445	0.408104	-557.932	-950.52
-13	605.323	0.971543	-476.554	-126.203
-13	484.681	0.193618	-344.953	900.623
13	595.171	0.129998	-1214.85	-1164.53
-13	498.291	0.675242	1375.48	355.153
13	1275.97	1.15301	-1410.51	-221.942
-13	990.446	0.216333	649.67	-61.4701
-13	509.699	0.813201	1336.78	955.551
-13	1203.19	0.537099	544.089	688.192
-13	415.007	1.00674	-1447.45	1170
13	508.441	0.941474	739.229	603.136
-13	556.782	0.689029	-935.795	874.737
-13	568.058	0.105493	-723.747	-524.076
-13	905.033	0.965516	-922.268	-679.505
-13	486.769	0.185748	-652.11	-1414.33
-13	737.492	0.0959241	496.912	1115.89
13	401.225	0.278477	412.067	968.687
-13	536.401	0.0758015	930.395	142.376
-13	661.691	0.900718	560.712	-1453.1
13	511.884	0.892739	1128.13	-978.507
13	539.636	0.556265	301.369	303.988
13	559.506	0.247087	-496.717	1427.06
-13	822.378	0.865953	-53.1687	888.92
13	495.123	1.11765	-1158.87	531.649
13	1464.15	0.187376	1219.22	703.525
-13	534.674	0.748479	1436.49	-1287.56
-13	479.744	1.19894	-376.951	-791.915
-13	561.81	1.16808	648.632	-1497.56
-13	814.006	0.000351988	400.361	462.362
-13	506.103	0.972519	988.142	-1473.26
-13	652.71	0.838781	-1060.22	-29.1195
13	433.368	0.00886963	1172.27	745.013
13	485.703	1.14796	-561.378	789.227
13	532.128	0.664695	672.548	494.043
-13	507.106	1.15474	-436.584	-133.335
13	436.755	0.249074	115.353	-851.479
-13	472.251	1.07627	-1347.64	-1440.15
-13	530.221	0.178649	-48.9288	-895.314
13	538.222	0.424307	254.045	1098.76
-13	474.832	0.276601	-643.761	-546.138
-13	418.847	0.809759	943.441	-1394.1
13	1463.31	0.80649	-1485.5	-948.183
13	682.752	1.16241	1070.99	-564.431
13	1353.7	0.525361	1149.1	-409.762
-13	485.393	1.18406	-1054.68	-605.227
-13	432.893	0.668045	1214.63	30.1473
13	418.911	0.31771	948.622	-644.745
-13	678.547	0.890256	1180.89	327.738
-13	687.046	0.917676	1263.73	-660.78
-13	659.789	1.18823	-663.661	25.0651
-13	983.694	0.668277	-672.853	317.03
13	474.921	0.966441	-136.866	1277.12
-13	408.431	0.210594	1299.21	-64.2547
-13	4528.11	0.470566	272.166	-413.551
-13	505.005	0.623464	-111.483	985.681
-13	492.459	0.880401	-237.947	908.15
13	427.213	0.765546	1182.59	1063.62
-13	598.782	1.19575	250.958	1498.59
13	513.919	1.02455	-437.643	167.216
-13	2606.68	0.582727	937.958	811.357
-13	2949.69	0.759291	-1130.76	-744.368
13	522.37	0.659602	-654.281	-363.858
13	543.672	0.573421	1296.57	-1295.32
-13	451.813	0.375502	636.791	-857.449
-13	441.123	0.844447	868.701	-1331.14
-13	455.451	0.556665	-141.779	380.406
-13	638.348	0.771639	-1091.79	708.525
-13	619.331	0.48907	496.017	75.0165
-13	437.183	0.0887089	-943.6	1152.14
13	454.688	0.182719	26.2088	199.532
-13	590.531	1.06216	727.924	1096.45
13	404.713	1.173	380.162	-664.876
-13	521.287	0.721797	-648.204	986.422
13	666.282	0.249119	-995.991	-461.641
-13	449.978	0.846335	1401.17	789.145
13	610.139	0.166732	-1416.96	-1169.81
13	941.356	0.0695613	-333.41	-87.5845
13	593.182	0.0664089	689.901	1231.15
-13	502.892	1.04715	812.175	-956.713
13	473.887	0.917363	-1482.67	555.322
13	460.538	0.967127	-35.1464	1274.39
-13	484.006	0.537734	1068.51	1024.33
-13	429.907	1.07238	387.894	-1274.27
-13	500.242	1.0193	266.183	-3.30928
-13	610.389	0.734696	469.529	-29.496
-13	504.962	0.977737	288.714	79.8658
13	1602.34	0.933994	1181.86	822.536
13	820.155	0.639951	-1497.29	-1443.39
-13	545.068	1.06404	-544.477	1304.01
13	426.287	0.321144	433.154	934.049
-13	424.163	0.0994951	-227.782	-1399.6
-13	410.933	0.533376	-1028.07	21.8243
13	764.504	1.03094	-298.753	947.677
-13	460.144	0.661395	-123.963	-884.042
13	470.892	0.76649	-1342.42	-95.1357
13	408.701	0.651848	104.301	-1163.8
13	403.914	1.14959	-354.593	-783.871
-13	519.43	1.04677	-32.6166	628.297
-13	460.853	0.199407	-843.608	787.599
-13	511.787	0.862787	-865.768	1494.55
-13	451.707	1.20077	-1242.08	-353.428
13	611.468	0.467137	-1198.14	-821.531
-13	515.707	0.233274	757.979	937.366
-13	570.582	1.18748	-234.34	1333.8
-13	442.713	0.700347	-727.7	-887.204
-13	540.96	0.250832	-699.639	888.257
13	910.327	0.047394	653.79	222.728
13	674.86	0.947824	-1068.16	-478.814
13	435.95	0.26188	-1244.49	-146.36
13	432.844	0.404091	-1166.71	1474.28
-13	828.624	0.14813	1178.93	748.207
-13	421.057	1.21589	866.03	934.084
13	518.617	1.20499	-209.233	719.729
13	665.626	0.594524	-310.338	-446.125
-13	567.73	0.604484	-1374.11	-1260.88
13	1715.11	0.332021	-316.116	-1084.4
-13	2328.77	0.347575	-876.561	-113.101
-13	632.222	0.858141	370.745	-1288
-13	550.049	0.220825	176.957	-1262.07
-13	452.209	0.0609007	559.772	-1445.38
13	842.983	0.366301	1164.98	-223.427
13	493.034	0.23621	431.445	95.2499
-13	400.028	0.628499	1070.45	-195.18
13	692.531	1.07619	-1278.41	-1027.42
13	492.427	0.890737	829.91	839.322
-13	3711.09	1.01574	437.087	180.324
-13	649.329	1.16749	557.731	953.133
-13	482.801	0.102455	580.379	251.132
13	496.496	0.830759	929.706	-238.398
13	700.813	0.500023	-483.582	710.214
-13	409.705	0.621596	-1387.02	544.164
-13	526.143	0.773933	291.827	393.721
-13	718.418	0.372918	722.419	729.788
-13	1065.94	0.0659256	-642.982	-50.9279
-13	459.551	0.606689	687.852	-26.3822
-13	658.026	0.769666	-538.719	227.058
-13	961.652	1.05849	1171.56	716.479
-13	1501.66	0.110756	952.395	-1125.63
-13	428.185	0.619564	-263.555	41.1277
13	401.327	0.925416	1324.63	-1324.07
-13	1050.9	0.0757415	763.494	-709.717
13	559.078	0.740395	-205.311	-602.754
13	537.679	1.18847	737.954	-462.927
-13	770.027	1.17633	1288.32	-174.577
13	542.65	0.599403	-728.487	-927.819
-13	424.829	0.350782	-399.432	-1098.45
-13	413.756	0.832477	842.165	94.1525
-13	913.746	0.948227	435.788	81.7181
-13	829.601	0.48908	-782.756	-678.193
-13	803.268	0.762383	-637.849	-621.464
13	437.62	1.04231	-625.721	19.3243
-13	403.464	1.12618	-91.9584	-252.185
13	449.348	0.812082	-1363.73	518.78
-13	487.417	1.11195	1215.05	-18.4446
13	470.438	0.213371	493.726	688.477
-13	1014	1.03357	1321.45	476.486
-13	438.895	1.16471	780.093	-811.793
-13	539.166	1.03745	-79.5761	614.143
13	776.776	0.315543	-426.896	787.678
-13	531.244	1.12532	977.225	-536.877
-13	432.941	0.949834	327.945	-1179.74
13	400.766	0.653501	468.891	1116.71
-13	485.846	0.105175	1205.37	1264.31
13	720.984	1.08094	-999.165	807.239
-13	545.255	0.141814	433.63	-502.923
13	407.68	0.536493	-784.695	-1078.82
13	542.98	0.863504	-324.221	420.187
-13	418.798	0.333453	619.624	-1488.02
-13	412.902	0.505764	-313.101	-90.4003
13	524.329	1.18126	-205.866	685.924
13	493.826	0.0306465	630.415	-1427.57
-13	409.8	0.207328	1098.4	-1067.64
13	501.44	0.937857	175.315	768.38
13	707.879	0.843914	-1171.7	1418.66
-13	404.95	1.06855	460.215	396.167
13	988.191	0.138502	72.0236	1367.86
13	416.969	0.677974	-324.615	926.392
-13	510.823	1.12034	-644.61	-848.049
-13	429.467	0.776446	-1165.37	1256.56
-13	1044.41	0.291911	-665.681	-285.601
13	408.417	0.313871	1486.7	629.719
13	413.609	0.680227	-274.033	-998.097
-13	568.754	0.179915	213.409	-1426.56
-13	442.595	1.18035	-1033.62	1488.31
13	487.29	0.965062	-405.597	1293.61
-13	637.937	0.878161	651.187	-573.171
13	780.598	1.02301	1090.66	-1227.57
-13	420.545	0.757784	406.037	-1354.44
13	854.448	1.17606	-59.3968	628.655
13	441.386	0.443883	-1236.76	-170.976
-13	407.422	0.0133128	359.884	-987.007
-13	402.104	0.996881	-798.609	-1028.27
-13	560.768	0.336791	-1039.14	1085.51
13	647.21	0.221438	-245.565	-1009.01
-13	869.313	1.16623	1461.34	-1478.8
-13	1401.47	0.444456	-1051.57	-682.03
-13	726.095	1.02619	-1269.18	-449.911
-13	490.035	0.700723	1120.06	1269.47
-13	406.893	0.15494	-1339.85	-93.8146
-13	542.748	0.96882	1007.51	454.484
-13	413.523	0.587156	1297.13	-1234.94
-13	506.451	1.13673	1065.71	365.068
13	640.156	0.439173	-431.139	733.764
-13	682.457	0.928481	-877.435	-382.706
-13	872.267	0.123943	804.462	248.816
13	633.258	0.594547	-257.804	380.868
13	720.993	0.739262	-953.935	907.951
-13	1427.59	1.06335	745.978	974.218
13	561.607	0.368976	1328.87	-857.782
-13	514.702	0.352339	-450.458	341.214
13	1293.44	0.889619	-1299.92	548.838
-13	526.724	0.877486	-154.55	922.229
13	607.78	0.202558	-440.367	-732.482
13	482.32	0.288525	-257.267	47.4487
13	788.151	0.944473	-1425.32	1132.08
-13	2069.72	0.121507	-729.284	-289.076
-13	457.63	0.407912	855.028	-61.1452
-13	1044.26	0.636408	-569.885	-1326.59
-13	667.712	0.616628	1444.81	1357.63
-13	591.13	0.833669	-780.705	-1073.24
13	1043.57	0.204106	-549.061	-455.699
-13	406.714	1.14884	390.37	-502.982
-13	584.097	0.555814	-1497.53	1330.05
13	615.412	0.476974	1207.42	958.577
-13	440.845	0.0408379	-1315.68	752.984
-13	983.322	0.00276423	1263.19	170.457
-13	728.693	1.10224	772.472	-1224.05
13	456.841	0.693062	1192.84	1322.08
13	672.211	0.775376	391.76	801.898
13	610.954	1.15274	1281.64	564.504
13	498.169	0.230288	-867.974	1036.23
-13	821.501	0.234392	-1133.17	-586.429
13	787.528	0.288763	-929.583	1160.49
-13	429.494	0.341826	-1019.6	-1288.7
-13	713.163	0.0888506	-352.472	-608.976
13	753.299	0.100649	-52.5984	-194.895
-13	681.277	0.690223	-39.7428	-1380.74
13	556.227	1.14822	707.828	-1109.78
13	606.015	1.13332	-1337.31	1024.65
-13	805.078	0.198818	991.178	-1197.97
-13	1098.39	0.771802	1462.81	-940.921
-13	485.012	0.281993	1132.43	1366.4
13	686.205	1.18539	-121.962	-844.955
-13	412.268	1.06264	-867.6	246.572
-13	409.114	0.121385	-1437.72	-972.596
-13	742.921	0.00740671	-1287.62	-562.974
13	576.224	1.10954	13.3409	-999.17
-13	737.875	0.998574	451.485	-1041.55
-13	657.618	0.982086	70.9937	-34.2729
-13	613.2	0.258316	325.432	-1057.55
-13	602.559	1.06231	-1204.53	59.8285
-13	428.717	0.0968258	1423.04	-286.083
-13	427.947	1.19939	-1412.24	1101.79
-13	1524.06	1.14005	115.416	-833.538
13	717.855	1.00114	-1164.64	796.562
-13	700.448	0.495252	9.02645	-1190.84
13	607.869	0.690998	-1275.74	463.184
13	578.915	0.50372	789.3	-1261.6
-13	842.083	0.887163	192.215	-1043.55
13	753.901	0.0224052	-0.558391	-9.78297
13	440.703	0.660338	766.762	-1257.81
-13	480.111	0.910331	-1325.72	933.224
13	2305.2	1.18752	-480.29	209.999
13	663.878	0.365914	-570.531	-1347.82
13	701.361	1.13064	1259.95	291.456
-13	558.282	1.13601	136.761	1378.3
-13	988.578	1.04214	-853.734	-599.009
13	789.804	1.16805	-1417.37	-1435.62
13	532.902	0.313033	1248.12	787.717
-13	734.047	0.394425	-256.894	-469.479
-13	534.295	0.718874	-247.758	427.235
13	1450.57	0.181993	390.74	13.6012
13	526.265	1.12432	-1117.43	-470.55
-13	522.104	0.180766	171.458	-1006.73
13	640.437	1.15662	788.599	674.27
13	403.027	0.70098	-89.2412	640.989
-13	699.756	0.365412	498.696	-53.7039
13	1413.18	0.335358	-512.369	1452.57
-13	1021.14	0.577663	1393.39	-923.798
-13	500.023	0.499722	-1401.74	799.557
-13	523.426	0.843977	-264.015	-279.573
-13	519.382	0.434399	-109.965	248.315
13	561.164	0.981761	-1118.26	-1284.47
13	432.712	0.354969	-1321.28	1008.88
-13	416.941	0.254764	548.715	346.958
-13	679.679	0.653825	691.808	1283.54
-13	736.682	1.08022	-503.82	-189.442
13	758.829	1.00595	1346.94	840.468
-13	575.41	1.12547	-546.964	211.185
-13	584.956	0.284149	-762.021	346.638
13	407.872	0.63447	35.4041	1263.82
13	560.001	1.21971	762.258	360.064
-13	1265.14	0.933282	-613.838	355.415
-13	1211.73	0.489786	-277.553	-1055.61
13	566.921	0.317515	-1323.66	-603.733
-13	452.672	0.989653	-1223.71	-943.712
13	553.96	0.307041	-848.415	605.39
-13	485.401	0.600142	187.094	1207.75
13	554.652	0.601341	-732.566	-1233.94
13	490.758	0.981484	243.454	4.0801
-13	613.539	1.21916	498.688	-275.056
-13	512.68	0.895941	-844.339	170.806
13	853.711	0.442006	-185.567	-151.049
13	422.444	0.657457	-612.564	-585.172
-13	1219.41	0.996295	290.515	-1064.19
-13	802.876	0.301045	-1049.25	-1264.43
13	2425.95	0.758612	-1323.89	520.245
13	606.155	0.747763	-206.038	454.889
13	442.986	1.03621	773.544	900.087
-13	478.274	0.138062	982.715	-1445.9
-13	754.527	0.267912	-1053.67	-1436.74
-13	717.428	0.961671	160.131	1226.75
-13	586.248	1.10595	200.127	-217.092
13	847.09	0.845401	335.901	492.996
-13	1356.81	0.918442	-182.953	-226.823
-13	402.365	0.899852	-992.05	-613.004
13	584.885	1.09139	539.173	-14.1428
13	489.777	0.436323	-1336.43	1116.43
-13	430.285	0.0201923	759.786	1485.04
13	448.188	1.00409	547.216	1050.82
-13	512.233	0.534473	716.277	-1312.34
13	1033.65	0.573122	1347.95	-979.321
-13	498.339	0.816216	1369.12	-231.138
-13	598.571	1.08301	880.932	576.363
13	458.87	0.319252	-756.583	-1376.1
-13	556.567	0.973185	322	-940.348
-13	1865.26	0.345035	606.471	-608.622
-13	938.363	0.0944943	-90.7644	1319.28
13	2144.8	0.896661	342.941	-77.4191
13	2305.8	0.139773	-1010.05	-1387.67
-13	460.768	1.06464	-1116.49	885.932
13	428.771	1.07977	219.094	-779.611
13	1134.43	1.09944	-985.449	674.415
-13	436.648	0.599202	1004.66	1200.48
-13	664.945	0.595442	-762.906	-1401.59
-13	471.398	0.6154	730.645	-89.2151
-13	948.896	1.06863	947.647	871.602
13	1134.49	0.460055	776.215	-111.121
-13	777.61	0.376507	1349.29	-446.15
13	650.25	1.20159	-422.619	959.689
-13	557.494	0.608451	-1479.7	-681.262
13	852.024	1.22108	-302.478	347.397
13	606.039	1.21761	597.886	902.76
-13	448.928	0.937111	-762.375	-287.993
13	548.266	0.241425	682.493	187.899
13	535.099	1.14345	-1143.76	-90.9176
13	428.365	1.08652	-1433.96	-1166.53
-13	601.406	0.703619	-123.963	1370.73
-13	414.732	0.736109	-926.702	391.032
-13	461.801	1.08461	1418.19	1290.28
-13	545.154	0.752747	218.372	426.895
13	517.754	0.124255	-670.634	-286.436
-13	528.696	0.326879	868.778	-787.684
-13	789.427	0.950456	-308.765	-287.711
13	745.393	0.435836	-301.94	-274.372
-13	529.512	0.271259	381.186	-1230.18
-13	412.616	0.10632	-370.587	-361.32
-13	462.611	0.863076	-1429.96	-1427.93
-13	680.561	0.47063	1431.63	104.714
-13	652.3	0.496758	472.746	-382.514
13	461.912	1.11962	904.472	-1049.21
13	823.921	1.1271	1066.84	1297.72
13	639.828	1.20276	442.48	-355.395
13	458.493	0.882331	835.51	-1399.78
-13	578.97	0.990189	185.386	-1335.24
-13	414.981	0.984679	836.359	113.735
-13	477.783	0.103286	-1427.55	-669.854
-13	649.341	0.784798	-925.422	1268.27
13	478.866	0.796011	-356.559	1368.52
-13	435.7	0.790331	454.28	1404.71
13	420.528	0.359713	-6.55258	1390.49
13	509.094	0.937971	344.97	704.433
13	567.277	0.654856	-852.522	669.705
-13	741.845	0.760897	1227.85	-604.663
-13	853.167	0.60668	105.048	-898.745
-13	753.815	0.526694	149.936	270.957
-13	1274.67	0.609065	-957.861	-40.7365
13	1382.09	0.895959	-1475.35	822.361
-13	492.884	1.16177	-1428.81	-224.976
-13	547.902	0.436115	-1336.04	-59.5097
-13	529.292	0.43525	-142.158	-854.495
-13	455.91	1.0013	-1376.56	-715.592
13	567.613	1.18036	-942.588	1124.93
13	404.516	1.0013	510.89	-130.344
-13	653.378	0.0275412	170.582	-1396.43
13	432.747	0.98322	-874.592	343.535
13	576.249	1.00414	-152.477	943.775
13	530.446	1.05548	930.672	-24.4705
13	552.04	1.12729	964.615	-249.7
-13	423.007	1.17781	1475.16	-432.095
-13	676.601	0.452837	-191.375	839.118
13	653.213	0.594913	-392.538	723.847
13	514.861	1.21438	-72.4781	-1206.78
-13	891.604	0.995009	751.052	-1383.9
-13	467.56	0.92163	1136.42	-640.489
13	497.099	0.432368	363.705	-1449.93
13	1774.21	0.651583	-1209.93	1171.37
13	507.489	0.388153	-500.122	1410.25
-13	621.658	0.71306	556.6	-915.323
13	485.979	1.14826	181.287	-29.898
-13	631.753	0.855336	1411.92	-1483.4
-13	1477.58	1.21922	-1465.41	860.445
-13	750.678	0.312044	1115.18	555.735
-13	2487.19	1.00817	187.028	285.852
-13	575.611	1.1187	-1393.25	-1452.58
-13	502.281	0.568598	1225.63	-1454.71
13	436.374	0.674813	545.17	-525.177
-13	481.364	0.793869	-1046.96	863.267
-13	466.588	0.338886	-1459.99	-1050.86
-13	443.914	0.430231	941.186	224.18
13	571.213	0.528868	1490.51	613.867
-13	641.777	0.452161	-955.633	893.244
13	1317.24	1.00821	-1257.58	-1104.73
-13	420.989	0.880686	770.169	-1058.72
13	427.524	0.310199	106.712	492.353
-13	667.369	1.01566	348.056	957.577
13	692.09	0.0992476	-888.317	509.496
13	642.487	1.09876	1141.51	-892.996
-13	512.587	1.14676	1490.45	374.377
-13	1101.74	0.63169	-1132.95	-438.845
13	621.791	0.208105	-232.813	-544.853
-13	535.755	0.866222	679.645	545.856
13	504.464	0.664325	-872.983	-491.68
-13	693.983	0.999939	-60.9672	-614.191
-13	446.366	0.95664	-227.583	429.795
-13	489.403	0.623861	1246.5	568.427
-13	404.015	0.349719	-651.261	-1231.43
13	458.737	0.604797	-916.649	790.986
-13	914.891	0.303798	-661.631	-1370.7
13	753.579	0.924223	598.824	-1281.63
-13	443.459	1.05497	843.565	-964.868
-13	503.504	0.896376	-1075.26	830.097
-13	749.269	1.00427	1157.76	780.927
-13	702.898	0.868634	581.519	-1240.9
13	497.599	0.463721	-485.731	1261.62
13	495.265	0.779136	672.037	-574.211
-13	609.571	0.237795	802.579	414.507
13	1074.32	0.953769	-50.8077	-1321.71
-13	628.069	0.540923	-989.369	-1194.65
13	830.35	0.275569	-40.6867	547.573
-13	625.86	0.561809	-1049.26	249.883
-13	519.779	0.206799	192.803	-1320.67
-13	485.339	0.808574	1354.03	-319.867
13	462.324	0.57567	-853.121	720.43
-13	422.664	1.1965	-956.513	-283.373
-13	796.109	0.858136	1153.91	-937.405
-13	508.167	0.943683	-475.936	-534.98
-13	450.26	0.64039	-968.414	-292.103
13	460.264	0.264341	-106.095	1051.45
-13	759.768	1.16258	1444.88	-364.26
13	496.716	1.18581	1277.5	-279.392
-13	1325.19	0.214555	1083.44	586.071
-13	668.8	0.757238	-1080.36	-805.802
-13	582.982	0.261025	-1066.75	1131.08
-13	478.948	1.09654	202.026	506.16
13	426.613	0.698057	-1445.58	1031.94
13	494.582	0.774795	467.391	-1412.56
13	1180.86	0.57798	948.472	-420.597
-13	862.997	0.677397	954.825	-1354.84
-13	427.748	0.455133	154.825	-349.74
-13	589.023	0.105227	416.211	1351.29
-13	581.746	0.35229	-1310.58	591.898
13	991.126	0.414215	-1014.37	-994.55
13	519.656	0.54438	79.5653	-157.307
13	647.463	0.950889	-455.818	476.768
13	419.911	0.332159	-216.183	21.3596
13	424.174	0.519945	757.297	-682.86
-13	418.989	0.105736	-1032.07	-333.997
-13	417.829	0.536974	863.646	842.978
13	407.517	0.879386	765.83	-1151.17
-13	895.715	1.19778	-1403.23	1325.41
-13	640.252	0.223256	1361.05	-672.727
-13	864.196	0.060276	540.537	877.983
13	414.781	0.350631	-656.852	-1173.82
-13	407.734	0.0812585	602.472	-1191.34
-13	432.721	0.992867	-215.241	20.5944
-13	551.411	1.18539	-849.474	-676.569
-13	453.584	0.113442	166.308	-508.864
-13	410.996	1.09019	814.989	203.555
-13	440.355	0.859387	753.665	510.865
13	428.193	1.22141	-1485.14	-644.957
13	502.173	0.534784	1036.54	800.683
-13	870.06	1.19493	-804.599	-589.809
13	454.132	0.846381	-9.08376	-1498.76
13	482.796	0.638836	505.078	-564.762
-13	682.065	0.632822	416.624	-390.238
-13	475.164	0.624289	121.788	-803.706
13	1192.35	0.478337	60.0958	-368.358
-13	463.4	0.730017	-1411.68	314.046
-13	439.228	1.01944	121.923	643.474
13	510.198	0.884087	1038.86	500.437
13	2017.38	0.0512447	44.4288	560.741
13	424.349	0.342897	858.765	96.6884
13	554.7	0.889893	593.424	575.258
-13	479.421	1.16295	1400.22	72.4289
13	413.283	0.522423	-1076.81	809.043
13	408.061	0.557256	-733.039	-1062.97
-13	447.733	0.194261	599.995	-561.774
13	597.478	0.25874	-72.7547	-548.795
-13	760.325	1.02083	469.461	-1159.76
13	473.7	1.16506	58.7622	916.214
-13	825.046	0.766744	913.418	-1189.54
-13	445.376	1.20311	-1265.16	379.891
-13	527.567	0.783904	-646.641	902.508
-13	1052.31	1.12392	-857.087	1293.83
13	469.964	0.075118	347.906	1405.31
-13	462.393	0.0445413	-43.7405	947.473
-13	494.162	0.0697654	-1392.13	-815.522
13	1802.4	1.04664	758.963	264.501
-13	603.119	0.0257107	694.578	54.7464
13	848.172	0.34384	-860.203	1333.55
-13	610.045	0.395307	-848.235	859.441
13	611.61	0.340201	-457.261	854.605
-13	503.817	0.114943	-722.645	492.547
-13	449.137	0.217753	-694.825	1286.83
-13	650.874	1.18315	-1070.67	918.545
13	654.291	0.366403	579.502	-1198.19
-13	432.03	0.547855	75.7547	1304.52
-13	411.204	0.0891867	1007.1	1155.58
-13	407.413	0.0173271	661.816	1133.89
-13	459.886	1.14563	960.208	-735.224
-13	2442.63	0.146635	-968.462	557.612
-13	519.604	0.351082	-4.82671	-541.34
-13	423.222	0.898496	-84.3838	-494.801
-13	469.141	0.256044	981.32	-1207.01
-13	541.724	0.54434	-1184.44	406.328
-13	743.598	0.312832	29.9528	-1050.94
-13	811.893	0.839805	33.9763	-1466.59
13	408.748	0.0674232	1429.63	-51.0464
13	434.045	0.294681	-1.32909	585.944
13	694.728	0.537393	-1160.24	51.2121
-13	463.089	0.308109	-1476.76	832.562
13	550.499	0.282173	-1366.27	755.151
-13	434.482	1.12566	-310.23	1118.02
-13	1177.81	1.04205	1197.9	195.073
-13	983.555	1.21302	900.825	-450.826
13	444.192	0.494739	1002.49	1196
13	414.626	0.803258	159.647	338.595
13	606.459	1.19158	749.117	534.313
-13	413.332	0.853587	-230.925	-730.709
-13	647.883	1.12584	846.757	-1387.92
13	1934.14	1.13358	821.926	-870.635
13	521.027	0.30609	-32.3673	-1338.35
-13	1439.27	0.696796	-1341.78	1371.76
-13	847.775	0.863189	-279.181	1161.72
-13	682.795	0.438529	473.238	-1023.6
-13	2346.27	0.230376	880.29	6.09244
-13	596.698	0.206463	539.622	-1392.87
-13	410.738	0.67782	990.476	-158.731
-13	425.047	1.19155	1222.47	41.3015
-13	1921.89	0.786874	561.705	1210.92
-13	452.887	0.904664	-266.387	912.107
13	597.804	1.09797	1372.99	1202.43
13	736.347	0.884095	1383.36	-159.07
13	877.946	1.03094	-329.694	569.971
13	541.633	0.0810025	-1491.74	1224.86
13	449.764	0.132968	709.716	467.339
-13	408.193	0.514348	-1185.45	449.815
-13	450.62	0.549851	-1123.02	467.056
-13	494.849	0.455987	-293.975	88.1112
-13	672.288	0.550499	-951.786	-1120.83
13	613.441	0.131482	-1483.98	1298.79
13	447.886	1.2178	-1320.57	-1255.71
-13	416.291	0.24652	-213.999	526.142
13	661.357	0.81513	-970.657	1258.17
-13	410.898	0.368017	-28.2112	1076.15
-13	469.827	1.11134	1150.3	936.934
-13	544.125	0.977242	-706.165	-222.787
13	1095.19	0.344723	-1311.77	76.9283
-13	813.312	0.766367	1151.7	-950.029
13	549.058	0.849985	820.015	379.3
13	542.634	0.874866	19.0546	-913.182
-13	668.14	0.863181	1229.68	-1447.03
-13	763.166	0.894911	-1315.25	1353.96
-13	689.154	0.316956	-881.208	1401.82
-13	539.495	0.252911	1475.88	1070.83
-13	577.563	0.255436	-1411.58	1232.18
13	490.051	0.961472	-1255.4	1133.02
13	508.837	0.742324	1115.08	-544.884
-13	447.837	0.202058	142.837	1458.43
13	731.069	1.21122	-945.135	-1458.78
-13	698.792	0.943252	-422.651	1487.39
-13	456.677	0.944399	394.571	159.402
13	930.225	0.726541	1319.8	-47.405
-13	557.442	0.031306	-130.13	-339.24
-13	401.864	0.963635	1161.84	1484.48
-13	1320.07	0.735305	-1401.98	-1026.77
-13	626.357	0.382625	-829.603	-978.195
-13	1614.57	0.463873	1119.5	729.365
-13	821.203	1.1066	-361.841	-998.408
-13	613.264	0.464164	-1236.84	-945.941
-13	624.013	1.21076	-979.462	-80.182
13	497.911	1.18352	-769.388	-369.778
-13	411.23	1.00806	1195.48	-242.407
13	419.701	0.419063	-610.791	-154.687
13	517.866	0.303864	-39.621	-569.18
-13	537.009	0.733361	-582.929	-1009.54
13	1021.19	1.09431	383.516	438.195
-13	749.472	1.21933	654.031	529.18
-13	2248.34	1.02855	-191.039	1171.96
-13	464.128	1.0396	-967.942	956.627
13	420.965	0.328482	-1042.83	277.667
-13	486.35	0.886123	470.624	-638.279
-13	537.971	0.833877	-1331.67	693.145
-13	650.005	0.618484	-1334.15	-609.121
-13	540.014	0.741432	350.768	-1158.82
-13	446.507	1.00306	1350.57	577.043
-13	536.254	0.177536	14.5948	310.938
-13	429.332	0.118172	-1165.68	201.375
-13	857.965	0.769714	-533.287	-183.179
13	452.478	0.480024	34.3856	-1176.66
-13	988.461	0.824684	-746.139	-833.511
13	528.121	0.499153	91.4107	1180.85
13	513.112	0.0261948	-416.592	-1378.75
-13	517.487	0.254594	-653.093	-549.963
-13	600.484	0.989843	742.004	-1340.94
13	435.941	0.948834	-609.243	-1241
13	418.525	0.0746911	1374.94	-153.713
13	960.194	0.181031	1076.38	737.026
13	827.504	1.16937	-762.087	-111.647
13	431.549	0.664267	935.936	-709.056
-13	415.174	0.452374	-507.613	-219.88
-13	1206.56	0.948953	-570.372	611.508
-13	405.466	0.790673	-1417.93	1025.37
-13	445.953	0.976245	-208.657	-486.796
-13	1104.76	0.539264	-144.525	1407.94
-13	415.116	0.218009	877.85	-1104.39
-13	1817.42	1.12962	1323.73	827.195
-13	1437.51	0.46415	496.553	-259.762
13	660.296	0.889579	559.684	1405.19
13	519.649	0.935798	-700.389	-671.49
13	624.357	0.483198	339.618	-387.521
13	765.18	0.939358	488.718	1480
-13	412.717	0.00900985	1134.93	-1403.94
-13	972.458	0.636357	-1235.97	-1439.92
-13	457.195	0.967395	-518.747	-1417.55
-13	572.365	0.896608	-1131.33	735.345
13	552.368	0.951618	303.604	-449.043
-13	519.039	0.811448	-976.101	-1461.28
-13	705.513	1.06505	536.534	972.864
-13	470.204	1.2168	629.354	761.258
13	681.512	0.476792	20.2272	983.186
-13	466.779	0.769742	858.743	-1384.97
13	794.975	0.355927	-382.408	1481.9
-13	426.226	0.368807	-360.49	282.583
13	571.638	0.624791	-939.316	1359.47
-13	853.732	0.0869522	-453.666	1199.34
13	620.851	0.360617	1457.78	919.724
-13	701.808	1.09974	612.745	-703.226
-13	443.622	0.804755	-1347.23	625.669
13	572.071	0.0755591	-1200.54	-1018.44
-13	514.84	0.99183	-1032.92	-654.08
-13	526.455	1.0168	-456.293	-744.958
-13	546.531	0.737232	499.187	1442.89
-13	1207.53	0.0389143	489.844	1285.34
13	493.696	1.00321	867.94	178.401
-13	410.363	1.00498	-1217.48	1276.92
-13	440.773	0.376253	216.745	711.522
-13	529.77	0.52961	-1411.91	158.645
13	546.673	0.713052	776.66	-1155.85
-13	425.295	0.55918	442.314	466.092
13	436.474	0.754115	-516.165	1396.25
-13	696	1.16444	876.09	-442.877
-13	494.811	1.15143	185.779	-656.557
13	547.351	0.912765	1478.17	-268.437
13	551.201	0.531963	1367.71	-1109.85
13	464.367	0.2307	-1410.46	126.289
13	840.067	0.714148	-655.486	-1090.26
-13	1130.32	1.11235	803.518	741.299
13	497.4	0.503939	-508.653	1346.67
-13	438.093	0.432471	-139.933	281.33
-13	439.875	0.867722	-838.038	622.897
-13	460.763	0.710296	359.283	1251.7
13	503.732	0.789599	-147.369	1344.2
-13	994.558	0.0683611	-925.931	357.328
13	494.286	0.207073	225.162	-1090.9
13	690.83	0.282264	-720.846	151.762
-13	613.392	0.53282	625.635	748.752
-13	456.677	0.374141	1330.78	1438.22
-13	491.923	0.670876	631.886	-1372.14
13	447.118	0.899937	745.928	-1091.58
13	419.604	0.949706	1115.17	912.093
13	668.331	0.461292	539.125	108.817
-13	849.392	0.96768	993.86	421.395
-13	724.774	0.793206	442.737	38.0197
-13	674.727	0.941716	595.694	-850.043
13	914.089	1.13159	1392.2	-1156.13
13	612.489	1.04968	451.888	300.662
13	434.51	0.750156	1260.25	-1050.16
-13	472.126	0.570335	-294.634	475.664
-13	622.484	1.19386	1387.09	-540.716
13	496.159	0.0971361	-1245.61	-1031.55
13	506.68	1.21227	-1312.4	759.581
-13	444.498	0.511288	140.125	991.879
13	408.493	0.576879	-1309.51	-197.988
-13	992.634	0.19287	-1056.07	-147.437
-13	927.81	0.50266	-242.409	-704.854
-13	712.611	0.687765	-970.457	317.661
13	559.466	1.17435	1443.42	698.981
13	448.95	1.03561	-822.003	462.283
-13	430.035	0.495927	389.221	-1123.17
-13	455.06	0.742209	-142.179	1187.81
13	476.07	1.22171	-562.672	399.857
13	491.995	0.269697	519.759	884.433
-13	608.219	0.154905	170.177	698.885
13	455.629	0.0208382	1031.95	-8.79071
-13	579.602	0.18467	288.765	-324.041
-13	505.028	0.921988	828.485	-732.558
13	4827.22	0.00641297	-854.624	349.603
-13	484.207	0.516881	222.543	1294.67
13	432.845	1.10144	1172.23	695.685
-13	434.986	0.113113	-836.098	240.66
13	412.032	0.944073	115.672	887.708
13	896.784	0.039251	1413.44	942.254
-13	456.559	0.200332	310.374	-1311.16
13	425.842	1.14384	-1095.12	-2.02673
-13	803.171	0.440462	-309.167	-742.152
-13	1004.33	1.2077	1430.93	-385.958
-13	511.424	0.93806	-640.867	-1076.67
-13	634.79	0.807868	59.0069	-109.404
-13	1108.21	0.978503	-1089.07	113.032
-13	554.09	0.62304	737.322	1315.66
13	534.93	0.627235	-705.521	-253.895
-13	832.323	0.143352	-350.289	138.263
-13	710.922	0.941606	966.362	-994.916
13	591.078	1.10826	896.285	-549.016
-13	473.061	0.520132	-993.905	-205.725
13	414.806	0.635889	548.006	480.734
-13	402.157	0.29524	1021.84	-415.072
-13	576.285	1.01986	1067.84	-661.117
-13	422.266	0.855658	-136.186	1432.77
-13	637.975	0.800308	-376.252	-592.549
-13	723.429	0.861367	-929.485	-1052.88
-13	542.853	0.00622691	-814.814	1296.3
13	420.524	0.522608	-229.623	-14.5939
13	562.945	0.0615258	488.222	-725.626
13	594.655	0.812491	-758.287	-1479.01
13	480.983	0.376428	-888.14	-455.33
-13	694.536	0.576593	-1138.71	-834.405
-13	598.636	0.494801	-1235.48	474.096
-13	423.668	0.847329	-397.277	991.733
13	563.036	0.19024	888.427	-804.882
-13	428.787	0.296302	-1302.15	687.393
-13	486.26	1.07774	934.98	-267.01
13	665.182	0.0902079	-1337.86	37.8242
-13	827.617	0.762424	830.067	939.625
-13	1325.9	0.296918	-541.701	913.107
-13	735.207	0.342525	-1094.41	-937.844
13	778.699	1.20388	-121.439	-671.239
13	828.385	1.05405	-967.99	-1161.9
-13	631.921	0.456102	1003.97	-754.743
-13	464.811	0.625876	910.02	1104.55
-13	421.202	0.622891	1494.99	1406.83
-13	531.015	0.555657	-374.169	-967.362
-13	942.594	0.823493	809.672	-920.144
-13	480.407	0.587554	-1392.18	352.893
-13	514.077	0.591679	-759.168	-184.152
13	604.083	0.847227	356.409	-612.81
13	611.839	0.588403	-1196.04	643.812
-13	692.771	0.194761	-909.517	43.4328
-13	451.254	0.754334	-122.475	-967.865
13	788.223	0.39106	1233.79	1179.34
-13	566.688	0.360446	1300.81	-832.747
-13	453.299	1.03526	657.958	-860.549
13	533.092	0.556376	-1297.86	-768.733
-13	444.835	0.734314	468.946	-1455.41
-13	1094.56	0.82758	-1287.37	-863.224
13	889.952	0.562871	337.527	-1236.81
-13	445.787	0.506226	275.966	-1216.21
13	419.405	0.878878	461.308	-704.364
13	409.986	0.631236	-1432.88	1340.4
-13	484.488	1.06042	-407.522	924.848
-13	448.522	0.101876	-784.823	-77.0352
13	811.405	1.10609	550.293	-1206.44
-13	585.255	0.963731	913.429	-1249.05
13	541.099	0.929546	-302.74	-1387.32
13	546.6	1.04383	-447.87	1367.77
13	639.792	0.815549	-179.574	494.4
13	440.429	0.948501	-1278.68	-357.606
-13	619.322	0.723278	264.076	-1037.12
13	555.888	0.785603	612.328	913.362
-13	968.533	1.17394	-266.202	-1188.88
13	714.525	0.587738	-1167.71	367.914
13	502.027	0.29644	1345.24	-1405.27
-13	416.529	0.37387	1278.37	1133.66
-13	464.608	1.21838	1325.47	1117.03
13	589.808	0.255607	781.61	-59.2617
13	793.652	0.994259	-1109.99	780.27
13	463.522	0.896377	362.868	-424.202
-13	784.457	0.411689	-635.325	534.189
-13	849.674	0.456763	428.209	1206.37
13	506.378	0.660261	1080.29	142.887
-13	409.383	0.256506	174.596	-544.183
-13	616.379	0.246246	-241.026	-1364.18
13	506.649	1.1138	926.464	-1037.03
13	2443.05	0.93163	-125.399	-922.792
13	457.835	0.557152	965.971	-211.518
13	574.773	1.0955	1214.32	-92.2721
13	455.887	0.225031	902.683	-469.262
-13	406.062	0.903444	-457.12	1212.57
-13	568.001	1.12535	541.925	-1363.37
13	2146.44	1.20352	1171.23	1091.31
-13	446.995	0.546845	1188.12	1018.76
13	1538.08	0.471079	-661.394	-211.386
-13	435.991	0.922047	856.833	343.024
-13	526.96	1.07495	-150.933	266.544
-13	740.148	0.459874	-996.441	-655.237
13	471.528	0.663245	1424.62	-20.1843
13	485.472	0.430597	373.681	380.533
13	439.021	0.26138	1112.41	1472.58
-13	981.084	0.0376448	333.386	105.701
-13	477.995	1.00885	-1116.73	-1349.15
13	427.585	0.107534	-1356.65	1325.51
-13	426.624	0.3324	1182.54	-29.6601
13	418.772	0.267005	-978.541	-568.578
-13	2205.19	0.775017	-133.418	175.374
-13	858.393	0.840774	1393.06	-675.84
13	595.47	0.74512	254.27	815.053
13	671.646	0.235424	1232.85	-247.337
13	425.119	0.0419646	-745.37	400.926
-13	466.676	0.46428	486.598	1143.47
13	442.927	0.145548	774.164	558.063
13	418.426	0.774785	751.029	155.262
13	852.778	0.532878	235.229	-876.657
13	585.879	1.16919	-787.101	-861.921
-13	928.432	0.64085	66.5325	35.4569
13	451.927	0.965147	-139.664	792.996
-13	1019.3	1.0276	-583.119	586.949
-13	402.684	0.763981	-95.3478	-447.455
-13	417.665	0.125849	-1435.01	-741.772
-13	409.848	1.16999	-281.551	183.616
13	409.664	1.1677	-817.224	-993.709
-13	404.423	0.759467	432.371	426.143
-13	817.485	1.04377	89.7032	-476.986
13	468.185	0.685014	996.4	582.34
-13	648.073	1.12534	-99.6422	-1289.57
13	442.103	0.791555	-459.149	-1192.07
13	504.759	0.426035	-259.768	1421.99
-13	558.407	0.381284	-1324.6	382.276
13	423.782	0.472289	1468.84	-921.078
-13	600.892	0.0969853	429.526	1330.16
-13	1272.92	0.043941	1126.31	837.029
13	931.013	0.805766	-1339.51	-874.595
-13	408.432	0.759905	825.165	-1360.45
-13	509.778	0.454236	874.475	-1166.11
13	447.849	0.293999	-1120.89	48.8217
-13	452.614	0.156074	577.221	-1381.81
13	628.755	0.33903	-1336.44	-446.184
13	539.579	0.457051	-887.068	1367.61
-13	1038.52	0.832919	-93.69	-428.293
-13	423.787	0.697815	-1366.47	-481.667
13	470.727	0.840683	883.116	672.51
13	413.885	0.786805	-170.282	341.872
-13	456.943	0.163974	-608.999	-1354.36
-13	934.872	0.210061	129.657	101.14
-13	401.091	0.559143	-1426.3	616.543
-13	477.415	0.865618	-1234.24	827.331
13	403.887	0.4249	412.255	957.597
-13	625.783	0.0611345	1422.38	736.122
13	766.973	1.20203	-1089.97	-1421.96
-13	518.6	0.413084	243.043	-1477.01
13	470.318	1.0567	-407.041	1189.67
-13	620.173	0.506822	-299.365	-353.231
-13	473.041	0.390256	607.531	492.845
13	406.256	0.948687	1267.15	-667.414
-13	482.601	0.982792	199.884	1256.1
13	1306.96	0.738123	-863.362	-817.735
-13	572.103	0.253562	-920.704	-562.476
13	738.437	0.586074	10.8839	1347.94
13	611.107	0.0610917	-969.158	-481.724
-13	459.443	0.232261	-450.033	-238.404
13	959.657	0.419507	-1392.93	-231.631
-13	462.068	0.573325	1264.61	688.444
-13	413.53	0.176305	38.2494	325.27
13	451.605	0.639157	913.57	-1408.94
-13	2038.79	0.278923	14.6038	793.929
-13	580.758	0.255176	1338.61	1080.78
-13	649.651	0.0976464	14.2151	111.379
-13	549.72	0.979804	204.35	-417.069
-13	877.018	0.820564	1223.97	550.295
13	447.772	0.906394	229.164	936.51
13	580.145	0.401104	-70.0602	-793.079
13	743.539	0.859832	1301.08	647.049
-13	408.207	0.3061	-1221.91	798.815
-13	483.911	1.13288	44.2228	-1435.79
13	472.813	0.103985	530.524	576.334
-13	590.363	0.269582	-688.364	711.302
13	1329.34	0.754492	169.196	206.291
-13	745.762	0.808828	-309.87	375.32
13	652.388	1.11317	517.213	142.113
-13	797.835	0.178762	-22.7213	-85.8145
-13	794.69	0.713054	-721.732	-70.1491
13	489.293	0.14963	379.011	911.417
-13	426.765	0.399415	-301.436	1363.54
13	629.757	0.252156	1199.35	1047.03
-13	959.483	1.06245	-379.191	-1194.03
-13	584.674	0.243208	-1252.3	131.2
13	413.727	0.902792	-862.783	-779.646
-13	431.896	0.780187	1272.55	885.979
-13	1088.14	0.97431	-354.117	34.4738
-13	495.082	0.444285	708.862	187.535
-13	934.524	0.846601	1336.61	-779.993
-13	422.853	0.951522	896.163	-1392.51
-13	704.321	0.562612	990.769	1223.33
-13	481.142	0.450871	-1061.69	1089.44
-13	542.513	0.420562	-566.843	-139.259
13	624.207	1.12094	-1037.17	-705.229
13	837.065	0.0595043	1427.25	173.358
13	561.197	0.789522	1419.78	1314.68
13	912.406	1.16392	-55.2392	1052.23
-13	438.895	0.571299	54.9154	-1174.11
13	489.483	0.404088	1499.64	-1425.92
-13	860.393	0.814284	101.922	-910.512
-13	426.636	0.0291426	-660.372	-887.82
-13	577.713	1.08812	1274.06	-1125.99
-13	550.155	0.765085	1357.68	1391.52
-13	443.864	1.08391	167.582	-243.466
-13	427.226	0.45068	946.204	1154.9
-13	722.058	1.04025	356.712	-1439.03
-13	582.387	0.687418	1274.29	658.365
13	496.026	0.958377	-38.9957	318.447
13	706.129	0.368884	230.214	1113.66
13	844.422	0.944029	281.071	1079.48
13	985.157	0.509097	897.077	-110.324
-13	2236.18	1.20405	1170.88	-1455.94
-13	2652.51	0.778346	767.041	870.891
13	2038.28	1.07004	-396.821	595.746
-13	507.396	1.16357	-350.303	-1028.74
-13	867.268	0.358805	-255.262	384.23
-13	1141.17	1.19242	894.834	1439.71
-13	548.185	0.395231	-414.837	38.4413
-13	448.378	1.11444	-550.892	-162.62
-13	1241.82	0.148433	740.933	671.947
13	464.677	0.335232	-78.3556	1309.68
-13	456.656	0.795591	-84.2785	-1390.33
13	563.526	0.407106	-323.316	1053.64
13	448.249	1.00631	666.844	433.728
13	441.108	0.550439	309.748	-182.455
-13	860.333	0.896768	1325.42	-423.262
13	669.854	1.03962	-96.7677	737.766
13	780.016	1.11403	-461.22	907.285
13	441.023	0.684658	-29.2943	-279.821
-13	417.644	0.0940069	-799.953	-761.998
-13	425.109	0.949327	-891.426	1152.24
13	1185.17	1.17274	-993.882	639.581
-13	561.465	0.845684	-992.084	1424.8
-13	623.563	0.367539	212.737	364.888
13	409.496	0.470568	834.633	1256.96
13	1089.65	1.01702	244.879	211.98
13	561.035	0.293733	-73.8502	-1328.29
-13	408.972	1.10852	415.076	215.082
-13	448.819	0.132859	-1029.76	-60.0397
-13	635.588	1.05984	839.511	-308.911
-13	737.151	0.956824	1114.41	928.491
-13	472.191	0.658145	-1365.14	336.613
-13	674.038	0.16676	715.91	1004.33
13	1109.72	0.482802	-1041.53	171.104
13	618.849	0.555129	-2.81278	358.13
13	4850.96	0.242124	-1326.25	-186.427
13	851.925	0.787909	-1448.83	77.1432
-13	949.529	1.14132	-969.796	534.584
-13	408.978	0.788235	807.308	-906.43
13	461.991	0.629092	-716.168	768.02
-13	1080.58	1.17154	237.249	-79.9047
13	419.956	1.16495	-768.968	-333.305
13	479.225	1.15577	-441.978	-665.755
13	501.894	0.858003	-589.666	-1434.9
13	400.815	1.09762	-397.63	-956.693
13	442.335	1.14706	-1470.88	635.27
-13	1035.32	1.22155	332.243	-461.593
13	757.5	0.452673	-445.618	290.544
-13	561.969	1.16084	683.136	823.244
-13	740.849	1.20152	-1309.37	-1235.2
13	416.356	1.22022	425.491	-259.368
-13	419.221	0.808498	-749.116	-801.494
13	3004.52	0.0227331	-1021.51	37.6518
13	1264.31	0.11547	-227.492	762.906
-13	657.748	0.367198	-968.625	1097.72
-13	1013.67	0.145531	-1270.56	480.364
13	1507.05	0.995265	989.355	-158.559
13	589.505	0.893159	216.902	654.327
13	770.52	0.913737	-1124.68	-435.33
-13	670.42	0.139303	-1064.6	641.853
-13	422.975	0.348634	-26.6196	1044.75
13	636.789	0.763432	799.915	398.98
-13	461.762	1.18212	-799.5	-661.529
-13	1324.25	0.280351	375.085	1264.39
-13	628.672	0.0778489	-282.439	1481.86
-13	458.816	0.702117	-1217.91	674.374
-13	1127.87	0.675818	925.827	-1405.02
13	811.282	0.679199	868.841	1497.57
-13	777.563	0.662314	-224.667	1294.77
13	487.194	0.502703	-816.056	-1293.93
13	724.499	0.296907	270.121	-151.096
-13	654.782	0.127286	850.472	-802.022
-13	706.261	0.923894	-514.708	965.757
-13	428.726	0.418862	-917.411	1011.39
13	511.675	1.03255	-1007.66	-656.237
13	509.181	0.762398	181.362	-124.677
-13	1267.53	1.06393	1021.61	-252.394
13	613.195	0.719388	456.316	-449.827
13	1083.83	0.936977	-1427.05	-224.631
13	1202.76	0.923273	921.854	-657.875
13	502.361	1.1751	-1232.31	584.455
13	490.843	1.03091	-883.083	700.064
13	1113.77	1.17619	694.796	140.581
13	478.681	0.560512	-521.115	-428.86
13	412.2	0.700024	-258.831	101.332
-13	639.32	0.331797	878.684	-37.8691
13	403.414	1.15245	-1251.81	448.666
-13	462.881	0.884805	-1390.4	-606.303
-13	782.169	0.614904	-663.381	-685.288
13	456.029	0.311432	-314.473	996.336
-13	415.92	0.214381	1275.76	566.525
-13	484.258	0.236785	177.818	-1210.15
-13	415.001	0.186766	-467.197	150.175
-13	1155.88	0.732206	-519.687	-577.025
-13	442.333	0.726875	-1456.86	-1228.21
-13	522.542	1.15703	-888.618	-201.132
-13	557.689	1.02782	-13.3542	552.054
13	596.495	1.16356	484.345	-1155.86
13	420.14	0.0392098	1388.03	-634.999
13	914.49	1.14053	1433.66	-96.6145
-13	439.948	0.459384	1153.47	-1004.02
13	1413.39	0.150469	808.265	1337.46
-13	475.046	0.995199	1039.87	-799.603
13	476.116	0.187319	1296.64	-500.813
-13	421.915	0.0536263	81.7943	1456.57
-13	445.97	0.405488	634.855	1130.99
13	659.376	0.459132	124.708	592.764
13	530.522	0.86733	-700.175	-1360
-13	558.721	0.763878	-1489.95	-949.136
13	993.787	1.10226	-1116.21	-654.878
-13	1489.23	0.768217	249.203	871.457
13	2648.7	0.429186	293.379	-419.351
-13	574.616	1.17338	-420.576	280.432
13	563.072	1.12475	-472.854	246.478
-13	3132.78	0.802972	1084.3	-556.278
-13	682.261	1.19431	769.108	-809.849
-13	1171.54	0.642571	-250.129	-86.1532
-13	3047.69	1.08084	-683.216	-964.025
-13	1428.35	1.11283	-984.263	-1019.64
13	519.753	0.601509	-1328.62	630.511
-13	546.49	1.21214	167.039	-1120.48
13	667.112	1.20069	-267.917	1157.9
13	1946.39	1.11259	1043.26	-461.937
-13	602.102	0.649942	-1062.1	-939.173
-13	431.762	0.342693	-1315.03	-186.568
13	613.209	0.832175	-169.114	-435.223
-13	1265.92	0.307944	673.044	631.76
-13	427.161	0.508998	-482.883	305.58
13	3112.81	0.247897	-1490.07	106.386
13	766.075	0.75236	1186.92	136.873
13	445.91	0.670445	120.304	254.757
-13	479.063	0.938532	1026.37	365.466
-13	456.085	0.128947	2.74178	317.148
-13	564.918	0.8108	787.388	-1337.2
-13	462.565	0.822438	-1391.44	473.592
13	705.864	1.05567	33.5112	-1296.05
13	554.967	0.127859	-377.774	-1020.17
13	420.238	0.258504	-37.328	-1416.59
-13	686.689	1.20002	1044.36	-1198.32
13	611.39	0.148916	1211.93	1270.55
-13	516.359	1.14324	-622.255	-1048.43
-13	433.458	0.587204	16.2565	-233.641
-13	469.524	0.918383	-1087.48	701.657
13	412.243	0.162629	-1288.27	675.328
13	2205.44	1.20262	-1290.47	-480.396
13	490.485	0.698292	-221.626	-646.051
-13	564.996	1.22138	595.574	-278.742
13	1367.36	0.206975	110.212	467.368
-13	460.031	0.767185	47.6895	-852.153
13	1327.61	1.20616	-897.558	1080.45
13	488.14	1.08421	220.49	742.053
13	554.136	1.1522	1236.9	-516.538
-13	608.782	1.08712	-1258.14	-536.015
13	843.29	0.0458702	1137.25	365.85
-13	479.82	1.08035	-1001.85	-581.902
13	527.637	0.144048	-1387.23	201.539
13	634.333	1.1169	-1143.49	-1125.79
-13	599.329	1.06336	-1122.63	-748.179
13	583.077	0.936555	-97.5419	-1347.44
13	704.246	0.849931	372.802	-221.455
-13	462.725	1.03687	-658.858	1255.44
-13	433.022	0.650681	1381.05	-1364.13
-13	424.245	0.164247	499.2	352.518
13	455.141	0.290192	-1195.98	-1335.52
13	425.979	1.09507	1138.52	-801.652
13	563.126	1.00519	1115.43	-873.348
13	618.84	0.797965	-1330.96	-724.667
-13	575.717	0.642516	-886.628	-1180.07
-13	614.047	0.901941	1053.2	-1459.31
-13	559.449	0.962344	-1127.96	179.843
-13	488.152	0.420697	-920.015	-1138.94
-13	535.182	1.16651	-485.037	826.564
-13	772.187	0.685243	262.098	-734.192
-13	666.97	1.00042	-329.998	192.559
13	462.042	1.11042	1183.53	-841.164
-13	641.081	1.17915	-1113.73	-1018.19
-13	440.32	0.560688	1460.11	-439.163
13	499.597	0.262369	-1069.38	-54.7575
13	929.346	0.590681	-235.078	-167.895
-13	501.086	0.310144	1383.33	598.417
-13	447.762	0.904392	16.5794	-156.572
13	1041.69	0.189929	1223.39	-1192.16
-13	487.134	0.0931061	218.388	217.78
-13	502.276	0.557207	843.931	-1456.13
-13	460.913	0.361899	-421.107	527.382
13	535.835	0.160015	-547.337	-252.545
-13	424.87	0.429858	-964.77	1105.78
13	665.716	0.562629	-241.379	-576.029
-13	730.276	0.830365	591.099	1475.3
13	470.462	1.02512	-1071.32	-715.758
13	694.062	0.575467	1495.3	1096.17
13	895.195	0.730233	-45.0553	1097.16
13	630.159	0.797601	877.57	794.759
-13	726.632	0.51324	625.2	1036.23
13	789.076	0.101833	-712.286	-607.803
13	542.037	0.539107	-78.6152	-56.7333
13	761.057	0.76903	-595.474	-1347.75
13	403.774	0.418398	-153.673	-453.382
-13	662.919	0.319055	-967.489	-922.393
-13	591.94	0.793395	-618.338	-800.699
-13	606.301	1.05787	154.512	866.536
13	586.688	1.20223	-635.327	286.585
-13	423.561	0.872704	-969.527	251.264
-13	479.374	0.364377	1101.17	-530.591
-13	409.951	0.335317	-356.939	-632.499
13	407.81	0.530567	1364.33	986.122
-13	586.469	0.091524	-235.671	357.738
13	600.071	1.06385	1378.23	111.429
-13	461.425	0.13191	-297.969	663.416
-13	466.483	0.00085211	1019.26	577.628
13	834.07	1.21146	846.17	-516.291
13	664.84	0.0727766	831.782	621.653
13	560.302	0.14178	909.065	271.484
13	468.37	0.408363	839.441	1159.87
-13	518.707	1.08405	-144.154	-377.134
-13	448.684	0.0727462	539.204	1453.69
13	545.736	0.661758	222.761	1334.5
-13	606.412	0.293898	1052.95	-211.532
-13	1065.21	1.01104	548.979	68.932
-13	589.068	0.411729	489.933	-417.2
13	748.712	0.985207	1419.24	961.653
-13	535.007	0.158035	-1137.44	-892.873
13	507.167	1.10565	-1226.9	209.684
-13	978.748	0.500267	-1003.61	969.28
13	740.935	0.992575	-1120.13	-337.311
13	570.509	0.489574	457.129	608.067
-13	481.965	0.966628	458.496	921.957
-13	579.756	0.380657	-674.411	-704.566
-13	1768.06	0.901154	260.205	-692.162
-13	691.424	0.104542	492.263	996.38
-13	958.496	0.531856	-360.251	1345.88
-13	721.589	0.916776	-306.116	-1055.4
13	405.934	0.384477	-1326.64	-1019.78
-13	437.17	0.540483	767.46	933.56
-13	698.275	1.20214	-631.02	-278.978
-13	652.327	1.12751	308.146	-286.068
-13	505.089	1.14829	-207.909	-791.653
-13	557.206	0.326266	1102.17	506.543
13	883.57	1.04493	-530.319	-795.09
-13	474.977	0.392973	-800.804	-1480.63
13	427.939	0.908881	-368.759	82.5998
-13	670.514	0.585375	-697.751	809.543
13	412.965	0.627124	-192.781	58.1248
-13	1221.65	0.834742	1349.15	1095.56
13	478.058	0.852552	-513.705	788.554
-13	404.455	0.406745	13.595	417.556
-13	468.756	0.758249	-208.782	-1332.6
-13	419.92	1.00999	-1469.57	-658.185
13	491.478	0.775546	862.462	-1368.59
13	449.25	1.01034	-115.033	-717.94
13	9146.43	0.632444	958.504	1002.62
-13	450.064	0.082128	1032.04	-1395.07
13	456.238	1.05112	299.773	619.496
13	432.078	1.06546	-396.847	998.642
13	893.665	0.94294	-432.832	-301.183
13	440.504	1.09245	-833.865	-1214.93
-13	986.2	0.667627	1027.02	-1447.74
13	774.087	0.80677	385.35	-1150.98
-13	585.332	0.612589	1003.24	901.504
-13	451.524	0.747505	-600.88	1332.41
13	440.26	0.0156845	499.654	-1440.03
-13	616.449	1.08176	-1435.32	-659.691
-13	528.589	0.720486	488.055	1412.88
13	3576.42	0.848434	161.414	-792.794
-13	611.716	0.233584	491.057	91.659
13	729.502	0.37422	-798.088	-451.561
-13	492.312	0.120067	-276.529	1429.44
-13	497.974	0.407413	-1009.75	-900.916
13	581.815	1.07493	919.157	427.754
-13	448.426	0.596647	442.851	-1061.89
13	414.45	0.212104	-884.052	-1086.53
13	602.433	1.0805	801.993	661.932
-13	771.999	0.156521	-231.431	-1275.23
-13	679.83	0.632396	1343.72	230.585
-13	422.62	0.616454	-293.009	1019.77
13	432.292	0.842897	-214.512	1240.52
13	900.122	0.52872	1028.32	1289.63
-13	609.836	0.447225	984.529	-258.369
-13	530.498	0.43136	-744.54	-201.682
13	701.692	0.0927387	898.592	-484.6
-13	679.562	0.549783	-697.968	131.696
-13	1520.36	1.13329	-207.624	-430.12
13	597.179	0.482426	-384.684	-1356.37
-13	524.241	0.137536	-250.664	-231.838
13	1148.91	0.803391	121.577	-609.157
-13	477.402	0.496846	494.629	653.94
-13	506.038	0.9824	-132.999	-84.15
-13	1452.95	1.10082	-1497.02	968.208
-13	1016.84	0.973765	-168.938	893.716
-13	503.843	0.874326	933.361	271.753
-13	531.111	0.790263	213.304	182.942
13	640.526	1.17807	1122.49	1169.65
13	969.838	0.554867	470.252	825.25
13	407.297	0.186334	821.273	921.486
-13	608.146	0.881213	1484.77	-237.524
13	1434.89	0.203203	1246.1	-193.981
13	427.591	1.05069	-1264.4	323.433
-13	665.432	1.07994	1025.93	863.673
13	439.315	0.736459	-1103.23	1114.85
13	767.213	0.980184	1398.7	1241.74
-13	491.015	1.00046	-1000.8	-1338.38
13	442.422	0.0375302	-151.7	-1403.99
13	959.139	0.922788	17.8548	-437.793
-13	466.272	0.680541	936.808	-1176.54
13	510.835	0.175178	-624.574	775.161
-13	534.491	1.00813	-485.141	-420.119
-13	765.385	0.881103	657.746	-933.435
13	506.927	0.824054	-599.976	-112.389
-13	414.578	0.757335	-962.607	203.464
-13	404.538	0.240682	-59.0714	128.381
-13	469.915	1.03687	-841.184	543.708
-13	502.685	0.734801	1346.15	-777.2
-13	532.652	0.0793018	-35.6605	539.644
-13	466.905	0.787358	547.207	-1402.81
13	944.477	0.810953	1281.55	-627.767
13	449.425	0.230547	512.645	-532.753
-13	963.351	0.938439	708.557	444.374
13	682.891	1.15729	-604.617	-1113.39
-13	762.493	0.0710108	1188.08	1057.57
-13	510.151	0.763865	-1294.74	292.665
-13	485.135	0.897845	1391.96	-702.769
-13	593.323	0.794722	-88.3744	-1008.6
-13	674.182	1.03375	856.997	926.992
13	742.574	1.11995	-1286.23	1241.5
13	559.705	0.540012	-1380.51	1479.14
-13	473.849	0.828986	545.764	105.692
-13	505.458	0.197008	-1243.94	-1040.69
13	457.335	1.19874	-733.141	1078.67
13	587.448	0.363911	1338.22	-1216.27
-13	452.362	0.277458	1376.8	601.746
13	472.41	1.07471	1237	-39.4401
-13	1670.6	0.102833	234.194	422.488
-13	2999.91	0.0806644	1181.11	-1076.02
-13	1458.75	0.563135	977.783	688.844
13	852.326	0.978049	562.949	-437.09
-13	766.262	1.11419	-862.45	804.255
-13	829.749	0.732109	-324.566	1094.79
-13	455.747	0.607775	331.127	804.608
13	424.62	0.463316	1475.08	-1108.03
13	404.868	1.19569	-1376.72	1041.91
-13	506.12	1.03846	-1283.37	267.27
13	596.141	0.421688	-1469.58	598.062
13	449	0.396412	-1361.17	388.381
13	832.425	1.13317	-1423.37	-1404.45
13	475.954	0.988586	-458.924	-742.419
-13	1627.11	1.19466	-312.393	927.606
13	557.074	0.153152	-127.345	1400.82
-13	484.088	1.21862	1332.35	-1177.98
-13	943.031	0.660258	883.299	-895.517
-13	698.46	0.51646	-1078.75	-1307.55
-13	404.276	0.0704398	-893.028	-333.097
-13	457.905	1.19209	299.657	784.049
-13	660.419	0.13919	1470.25	-815.607
13	678.56	0.865221	1383.78	284.917
13	478.439	0.445334	-467.953	1490.99
13	401.712	0.0638044	1365.12	-877.971
-13	678.591	0.601813	-1037.25	998.841
-13	470.734	0.989587	-801.115	-1001.75
-13	576.504	0.597305	-504.526	102.685
-13	1475.76	1.12934	-1065.61	-1392.95
-13	479.699	0.224149	715.544	959.361
13	535.174	0.820296	-451.078	-275.97
-13	788.821	0.955488	1372.24	359.161
13	407.626	0.594199	-651.504	247.845
13	440.204	0.805892	1382.43	761.191
-13	2203.7	0.304492	-640.164	-107.035
13	641.125	0.318867	912.487	-647.447
-13	529.862	1.1632	-883.853	-616.23
-13	428.952	0.919604	-754.12	-25.4542
-13	1052.74	0.748378	97.2024	71.1059
-13	975.088	0.781311	-801.974	-1282.12
-13	450.635	0.0910153	426.947	-834.733
13	825.633	0.604074	-669.494	367.968
-13	470.878	0.309161	-642.666	1429.23
-13	440.712	0.971649	-378.145	583.17
-13	504.375	0.818402	-334.085	-472.042
-13	411.967	0.589263	819.035	-851.479
-13	418.323	0.439316	-999.217	-1327.38
13	1857.13	1.01069	240.688	1458.85
-13	468.949	0.592693	1191.97	-1234.76
-13	1495.71	0.334485	-737.888	-972.304
-13	573.634	0.0821141	-621.487	-751.847
13	548.53	0.823536	853.969	454.876
13	482.265	0.955795	-1293.81	814.505
13	2028.54	1.11482	-988.236	-1038.14
13	415.397	0.527851	-59.4656	-265.771
-13	654.969	1.03157	-1293.49	-1452.46
13	454.944	0.0973201	722.211	-1151.12
-13	468.402	0.0664324	-223.656	1137.03
13	2496.43	0.83557	486.028	826.608
-13	1208.66	1.05377	-888.544	-1396.1
-13	3385	0.526927	-184.55	1173.31
13	522.852	0.721595	-152.281	-767.305
13	534.819	0.807603	-624.033	-723.172
13	407.282	0.261225	980.745	-194.85
13	502.489	0.556044	-617.627	324.024
13	543.275	1.0101	-1012.45	-1131.07
-13	714.077	0.929554	394.794	-77.4881
13	518.049	0.190474	208.456	989.247
-13	2070.44	1.10997	-840.597	-832.824
13	412.224	0.825992	394.153	-1135.93
13	749.524	1.11986	828.052	697.722
13	412.026	1.09629	1118.19	-344.08
13	408.427	1.11428	927.072	-361.63
-13	452.203	0.894594	517.802	399.224
-13	419.094	0.59013	232.267	1152.71
-13	749.804	0.27435	546.072	825.482
13	445.914	0.0696681	-677.047	479.58
-13	1948.88	0.869778	-880.045	-1404.72
-13	741.948	1.0444	-462.854	-1156.51
-13	745.841	0.939578	454.622	-1402.56
-13	1267.43	1.0659	-607.038	1478.15
-13	1025.31	0.555501	339.561	-1133.1
13	491.319	1.04753	1478.99	-1305.41
-13	708.855	1.1605	-263.611	528.231
-13	417.086	0.599922	898.195	-167.527
-13	458.971	1.16694	349.586	-1028.41
-13	1085.24	0.221311	938.963	-352.344
-13	608.23	1.16029	1191.26	1083.92
-13	859.768	0.56877	-916.488	335.68
-13	482.674	0.805254	359.331	621.779
-13	658.329	1.21267	-1252.96	-602.43
-13	421.363	0.945535	169.304	1283.41
13	743.189	0.221738	-1281.07	-605.31
13	543.174	0.257909	-677.76	703.641
-13	603.629	0.547328	693.894	1335.68
13	475.996	1.1658	1337.22	-556.873
13	640.985	1.14358	-718.707	1385.55
-13	581.748	1.07258	177.343	137.53
-13	460.105	0.479677	611.671	-98.6625
-13	407.409	1.08127	297.042	-1421.49
-13	1200.04	0.601436	-435.26	403.67
-13	505.925	0.532662	1280.57	200.214
-13	427.458	0.210942	779.304	-1433.63
-13	828.946	0.461137	-16.5892	-1080.41
13	1076.33	1.22046	255.37	-1096.65
-13	587.619	0.736259	-769.599	-951.518
13	886.186	1.12949	-704.478	1491.29
-13	625.448	0.681164	1475.22	315.843
13	785.019	1.12532	-651.64	-403.05
-13	449.382	0.575743	544.502	-753.459
-13	517.505	0.283555	1149.52	1211.55
13	433.43	1.18395	1366.02	-1189.17
-13	493.992	0.260085	912.446	785.644
-13	1499.51	0.413397	878.031	-181.276
-13	550.052	0.222982	1095.51	578.835
13	867.232	0.96824	-1074.77	704.358
-13	498.284	0.911737	1292.62	1325.22
13	448.475	0.20022	1219.22	-1021.19
-13	486.877	0.848408	-343.451	732.049
13	421.935	0.455771	434.555	-177.98
13	433.035	0.775533	-321.796	38.5866
-13	519.451	0.148515	1056.53	1239.03
13	437.874	1.03466	-651.159	-920.737
-13	443.1	0.759491	599.567	-1380.41
-13	490.325	1.15663	-599.238	-621.655
13	570.085	1.2157	1474.26	665.908
-13	594.758	0.340274	1016.41	321.353
-13	505.45	0.446985	-954.676	-833.679
13	500.123	1.13753	526.31	-1146.7
-13	569.151	0.892675	-1245.78	-1436.54
-13	403.289	0.256255	-202.002	-448.749
13	538.02	1.14965	-452.422	1344.87
-13	984.143	0.795953	816.383	478.747
13	1142.28	0.71862	-144.2	-1055.12
13	772.58	0.53393	1149.56	884.656
-13	410.915	0.200274	290.334	-515.379
-13	1302.92	0.720941	1254.37	-1268.87
-13	504.094	0.760099	-992.848	-871.995
13	907.262	0.416036	-348.448	229.956
13	600.671	1.02661	-1031.03	-172.264
13	644.921	0.12929	-163.966	241.294
13	420.178	1.1867	-910.872	226.595
-13	626.797	0.303079	1177.91	-1295.19
-13	564.778	0.472705	846.321	22.9551
13	638.145	1.204	-118.879	210.49
-13	421.811	0.727375	671.796	-1041.85
13	687.703	0.829519	-809.114	-406.316
-13	569.046	0.658673	-824.129	-720.034
-13	492.626	0.693544	-814.142	951.257
13	506.224	0.613213	945.292	6.358
-13	495.182	1.11822	1255.74	660.522
-13	843.216	0.921113	173.422	-86.6996
-13	444.695	0.633163	1411.71	-822.962
-13	532.473	0.00987524	-55.0987	-764.715
-13	1114.94	0.813158	-1207.29	554.966
-13	1145.45	0.632886	524.036	-332.997
-13	540.881	0.0967711	896.301	439.327
13	1673.01	1.04503	1028.08	434.81
-13	483.994	0.545535	-1153.67	452.197
13	928.488	0.259661	507.004	442.459
13	593.4	0.231527	-477.511	-1201.02
13	421.584	0.0347479	-908.581	356.004
13	707.159	0.772563	-323.041	1195.71
13	675.508	0.443875	203.208	-928.063
13	1006.94	0.20905	699.297	1246.31
13	1268.48	0.00967789	-1397.36	-247.097
-13	802.061	0.326499	1373.64	1038.42
-13	485.7	1.15722	1484.21	-502.429
-13	1136.13	1.06513	144.066	-970.036
-13	1503.13	0.93827	421.682	-976.338
-13	1532.83	1.20461	-1201.68	222.497
-13	477.803	0.870614	1371.48	-750.56
13	711.255	0.355608	138.217	910.947
13	850.076	0.886725	-443.762	-1161.08
13	420.42	0.689617	395.473	-236.799
-13	580.393	0.310843	-542.174	-495.403
13	453.446	1.20668	662.179	-67.3102
13	427.508	0.341748	-443.569	-1148.17
13	1140.16	1.16031	-404.804	1015.39
-13	461.463	0.999003	297.523	-894.583
-13	539.647	0.309237	-1031.2	-1157.16
13	518.253	0.735405	-839.145	650.666
-13	427.381	1.20966	-233.828	-74.21
-13	436.639	0.586341	-1387.46	-278.524
13	400.474	0.427396	-201.256	-67.0156
13	450.428	0.730552	418.912	-437.103
-13	590.715	0.868536	-1095.59	378.754
13	424.431	0.612096	-1222.73	-92.5612
-13	508.726	0.330591	1267.56	1396.9
-13	514.898	0.186353	-1478.71	640.344
13	445.415	0.542676	-1201.76	-126.503
-13	498.043	0.191026	-92.7416	-1053.34
-13	405.84	0.537347	-944.118	745.784
13	407.12	0.97128	69.101	202.462
-13	853.919	1.20729	-1183.82	1198.31
-13	429.658	0.585796	-807.854	1218.39
-13	761.076	0.403723	52.5334	-1213.15
-13	416.099	0.496297	-1079.79	920.666
-13	766.895	0.867092	-468.741	1191.33
-13	453.723	0.403661	174.453	-27.9136
-13	500.62	0.434738	-903.856	1064.93
13	617.706	0.755761	696.687	-630.873
-13	4201.7	1.09358	316.953	-1182.77
-13	604.548	0.605141	582.605	-254.23
13	1077.53	0.935887	1136.53	-181.428
13	546.575	0.159662	1290.09	1355.31
13	427.154	0.773945	-304.766	212.933
13	593.471	0.558815	103.676	28.5555
13	935.762	1.00712	216.736	342.789
13	559.832	0.878608	-1255.55	834.325
-13	632.917	0.450438	-1409.05	892.93
-13	1353.87	0.971593	-532.604	508.86
13	751.509	1.18645	705.539	-837.286
13	575.971	0.572716	-764.372	-308.155
13	508.161	0.778646	-598.369	174.719
13	545.172	0.259062	328.489	-164.032
-13	437.907	0.659152	-1138.44	1112.37
13	643.88	0.264609	-52.6645	-933.128
-13	1094.44	0.533237	-1492.02	-995.047
-13	441.18	0.125681	990.13	567.094
-13	401.678	1.16787	-1174.81	-1323.72
13	586.053	0.639669	1074.87	-1295.74
13	412.997	1.1712	539.877	1349.2
-13	423.662	0.922949	1130.92	1107.22
-13	569.909	0.0274202	-1448.11	788.275
-13	432.553	0.515906	343.646	1350.01
-13	450.48	0.103136	1115.96	702.267
-13	401.451	1.19856	420.538	1352.14
13	886.348	1.0229	1195.13	949.721
13	468.676	0.728495	1124.94	-579.46
-13	413.798	0.392235	749.157	-1099.81
13	412.63	0.137688	521.825	-1065.4
-13	644.952	0.334819	-1280.25	752.897
-13	539.743	0.695974	1377.47	-404.903
-13	576.624	0.414284	1290.89	-1332.2
-13	464.63	0.0378112	-1467.44	-161.088
-13	439.967	0.355133	1491.45	1232.49
13	5494.07	0.0416365	-1047.46	-1220.27
13	454.492	0.874502	1355.5	1428.73
13	684.874	1.10998	891.576	-1078.63
-13	421.29	1.08099	-1321.2	-823.014
-13	569.439	0.597926	-329.834	216.571
13	581.936	0.557753	821.997	-702.613
-13	443.268	1.096	699.009	-282.554
-13	424.809	0.60556	-275.378	-739.14
-13	482.907	1.16194	-1045.29	705.111
13	1640.48	0.535824	1379.72	1136.19
-13	451.399	0.739218	151.419	894.755
-13	401.265	0.903097	957.723	1070.03
-13	475.534	0.734071	1229.03	994.81
-13	464.579	0.553913	-938.545	-1318.87
-13	544.834	0.55039	-566.928	450.218
13	472.511	0.960137	-1184.74	-381.932
13	750.57	0.542485	-1258.9	1219.19
-13	466.365	0.985483	-730.612	535.154
-13	441.996	0.441773	1021.15	-88.2374
-13	406.229	0.0734296	-115.703	402.843
-13	436.561	0.660789	-703.73	-1220.69
-13	646.036	0.891249	-122.679	-45.0787
13	475.512	0.595724	-612.252	-631.309
-13	552.936	1.21776	393.541	-1453.56
-13	490.242	0.248069	-11.2111	844.253
-13	490.132	0.77864	-809.543	-456.018
-13	473.93	0.61321	626.68	-386.751
-13	482.72	0.317776	-304.231	-929.295
-13	946.016	1.0186	1073.06	-14.6274
-13	533.056	0.0179628	-1169.62	-1336.11
13	577.889	0.573583	-741.566	-39.7824
-13	567.888	0.374719	469.454	348.973
-13	571.508	0.643799	-615.487	-1415.47
13	564.223	1.01756	276.073	852.162
13	596.159	1.14308	844.191	-465.283
13	448.195	0.765314	-381.25	-1423.07
13	1010.52	1.04701	-1418.12	-511.394
-13	513.025	0.217615	-1173.82	470.543
13	502.129	0.225555	915.171	859.128
-13	401.092	0.451671	819.921	1134.24
-13	951.335	1.19222	488.386	801.511
13	487.59	0.560808	839.21	198.32
13	467.813	1.08876	45.7113	629.905
13	847.068	0.948412	-642.446	-189.255
-13	520.159	0.584457	-1349.44	480.86
-13	428.672	0.382203	-615.446	-875.972
-13	771.218	0.0539187	-1265.64	425.062
-13	471.088	0.0921916	-1430.32	118.012
-13	778.337	0.645597	938.269	227.247
13	698.654	0.173346	1389.35	-1187.27
13	830.092	0.102285	-299.131	936.506
13	781.748	1.04412	952.395	-848.54
13	815.66	1.15076	-980.226	-206.48
-13	568.259	0.336079	1137.48	1388.4
-13	541.138	0.755808	-86.9265	-1359.83
13	446.059	0.662059	542.329	661.057
13	573.286	0.902459	1262.8	1030.97
-13	747.674	0.0280369	399.481	1275.63
-13	520.418	0.532678	-1069.3	1201.74
13	410.747	1.1507	-718.272	-1444.18
13	478.715	0.626039	-675.042	-359.426
-13	755.877	1.10312	-443.633	-99.8651
13	554.761	0.95729	429.693	-908.359
13	436.181	0.590272	829.734	900.283
13	410.115	0.766549	735.173	296.448
-13	442.023	0.673223	1101.8	46.2604
-13	1400.75	1.18006	1226.04	-984.244
13	633.721	0.80098	-911.17	-180.24
13	500.961	0.197559	44.3807	-1494.87
13	544.932	0.608472	-67.1033	99.4703
13	443.347	0.181834	-1136.18	-75.6797
13	434.635	0.313864	768.756	974.425
13	411.595	0.0682886	-1128.49	-1005.88
13	783.803	1.02951	248.88	1197.86
13	717.149	1.16713	-932.74	-694.143
13	432.14	0.768469	-104.717	1130.84
-13	654.016	0.837205	908.267	-989.97
13	416.051	0.753484	1327.63	-472.954
-13	491.254	0.296082	-189.279	826.967
-13	528.345	1.13295	1122.53	128.475
-13	577.717	0.766958	-990.634	-1189.63
-13	495.812	0.15409	342.941	-371.228
-13	679.516	1.03179	-721.983	-1281.75
13	616.9	0.979187	-731.762	-601.81
13	433.634	1.03737	-1484.72	-382.214
-13	487.34	0.167296	238.552	798.596
-13	410.661	0.621673	-210.208	177.104
-13	478.15	0.634118	1018.68	-1272.19
-13	711.997	0.474775	-1013.73	1383.3
-13	428.713	0.794897	-394.881	-34.2669
-13	661.564	0.721565	634.777	-1157.84
-13	808.873	0.169703	-1290.73	-1217.57
13	691.821	0.814754	-913.415	-180.181
-13	544.567	0.588074	-844.346	165.715
-13	773.049	0.386446	-692.633	-189.505
-13	676.643	0.12514	-670.932	233.961
-13	465.405	0.591841	-1029.3	-1255.88
-13	737.239	1.11242	1033.68	-72.5097
13	557.967	0.294844	464.188	-34.8394
13	405.39	0.710199	317.639	1150.77
-13	482.456	0.470806	942.731	-1207.04
13	575.717	0.895931	381.598	-1346.83
-13	441.249	0.574427	1182.84	-464.443
13	549.013	0.0224933	-1009.87	-864.47
13	592.913	0.932122	-805.239	704.134
-13	407.415	0.0149306	-488.243	-655.143
13	485.728	0.670954	-615.306	145.529
13	1027.51	0.459496	1042.59	1492.61
-13	427.47	1.00672	-283.179	700.619
13	484.045	1.03309	131.307	-176.247
13	515.688	0.0714063	78.84	333.29
13	449.531	0.902693	786.4	-102.387
-13	451.418	0.754293	-544.161	598.946
13	725.609	0.369595	-314.78	-468.868
-13	888.142	0.152572	-219.529	-1454.07
-13	511.867	1.14184	-685.414	-663.399
13	434.782	0.259967	876.136	-1020.33
-13	523.077	1.09604	798.022	-1186.71
13	407.679	0.270636	-1376.3	1063.98
13	515.875	0.469406	1386.83	325.623
-13	436.923	0.640534	860.34	-179.007
-13	652.376	0.000811142	-82.965	924.706
-13	667.772	1.15838	-1155.57	-1246.44
-13	872.7	0.305917	-417.264	86.2807
-13	410.758	0.69383	-880.646	-200.83
-13	584.533	1.22159	773.332	1167.92
13	625.16	0.349449	1228.68	-187.827
-13	569.502	0.733065	-1406.59	-27.4131
13	459.444	1.07756	-1343.43	873.074
-13	418.156	0.0724712	1118.15	-203.75
-13	420.463	0.446235	-1458.2	1238.25
-13	487.06	0.0461527	381.424	-1369.89
13	473.922	0.947561	-219.771	-214.143
-13	453.398	1.05945	-513.536	-839.733
-13	580.336	0.00606342	594.191	-1090.84
-13	612.547	0.00570893	-1320.35	-1406.97
13	570.309	0.776308	1467.75	-693.007
13	431.052	0.473068	-670.247	333.021
-13	1063.99	0.239024	1365.17	-431.118
-13	920.372	1.08069	-365.878	-1332.8
13	439.557	0.995473	-1277.34	-728.4
-13	604.191	0.939082	-275.005	192.03
-13	448.114	0.875906	-652.167	-756.559
-13	1677.35	1.15637	733.25	-105.533
13	419.016	0.742387	-1486.75	1306.14
-13	450.73	0.906492	964.164	216
-13	419.472	0.490168	-876.105	845.523
13	416.176	0.461874	1442.9	666.068
-13	413.738	1.14176	1410.47	-401.245
-13	468.67	0.89674	861.954	1350.51
-13	431.601	0.673561	1007.89	-1090.38
-13	622.515	0.706489	-543.445	580.046
13	743.294	0.587764	1310.82	602.633
-13	930.743	0.299491	-1147	1495.09
-13	631.765	1.04855	-781.932	-1008.5
-13	899.252	0.862223	-1414.88	-695.667
-13	463.371	0.0713303	-153.242	442.108
13	1123.35	0.287041	227.658	371.461
13	462.313	0.266401	-981.16	92.1312
13	453.98	0.247407	1209.28	-1134.76
13	445.823	0.916998	-1080.44	-1446.39
-13	405.65	0.659243	1382.88	-312.6
-13	870.293	0.232226	1395.11	-1206.67
-13	496.334	0.304348	-161.705	968.884
13	815.353	1.1397	626.05	-861.148
13	504.67	0.354791	836.228	-298.777
-13	1789.94	1.03138	-408.425	-620.221
13	814.56	1.15536	-996.056	-1046.91
13	424.041	0.972743	1005.15	-1139.46
13	641.94	0.665203	541.828	-1007.45
-13	1013.25	0.422026	402.962	-1196.85
-13	1441.41	0.700752	-650.725	-941.453
-13	460.988	1.02664	-269.68	192.879
-13	476.907	1.05664	318.309	1320.26
-13	613.626	0.799121	307.141	-421.583
-13	449.369	0.706976	-155.852	-598.947
13	1125.12	0.167945	-263.43	71.2137
13	462.651	0.199101	1149.37	-646.938
-13	428.684	0.488991	-645.47	-388.065
-13	441.805	0.642409	-1386.32	-196.926
-13	456.264	1.10721	394.7	-360.188
-13	1113.46	0.103215	490.941	-1105.88
-13	513.514	0.351861	1352.67	-760.794
-13	877.747	0.500844	247.546	1346.2
13	496.281	0.591422	59.9743	312.988
-13	456.769	0.355604	1479	-147.424
-13	500.215	0.235711	902.016	-187.686
13	496.777	1.15965	-849.135	46.1427
-13	789.515	0.899199	1285.96	-942.519
13	472.12	0.902578	-32.192	-49.7991
13	559.009	0.110338	838.15	1338.29
13	705.103	0.522211	-334.157	280.272
-13	684.278	0.241605	918.655	-874.083
-13	517.716	0.918994	805.462	-1329.04
-13	673.403	1.09469	392.236	50.9853
-13	1974.36	0.626287	-849.386	-1049.23
-13	489.342	1.1432	499.9	675.339
13	417.79	0.695341	598.12	1177.7
-13	409.196	0.182443	259.607	-1093.19
-13	816.573	0.646161	1259.67	1217.09
13	412.992	0.85498	974.956	1400.19
13	405.135	1.13398	486.041	-928.637
-13	535.084	0.504428	228.175	-524.111
-13	529.26	0.151846	1391.45	183.438
13	481.251	0.791957	1057.58	-1361.5
-13	439.689	0.506893	-466.084	78.4696
13	575.59	0.925551	-1305.91	-614.257
13	421.248	0.354562	-959.105	-939.014
13	431.691	0.982516	905.641	456.656
-13	592.698	0.918201	-914.97	402.394
-13	522.074	1.06198	-1342.17	401.164
-13	448.507	0.000754874	1044.4	1437.99
13	1231.52	0.49805	429.284	892.212
13	467.83	0.661888	320.826	60.2829
13	503.576	0.598751	-640.799	569.026
13	470.152	0.0357348	948.804	956.623
-13	482.366	0.0326231	1230.83	1330.17
13	483.488	1.15606	293.198	-1410.95
13	1116.06	0.988576	401.077	1429.36
13	943.73	1.21277	700.338	1230.94
13	405.745	0.0313031	-979.654	-1456.91
13	1711.39	0.767946	893.496	1095.5
-13	588.378	0.446432	-1125.16	-624.438
-13	467.003	0.399906	411.812	-653.862
13	530.356	0.640628	-660.242	-360.815
-13	717.094	1.1353	-216.761	740.681
13	429.89	0.307985	-625.065	-1010.51
-13	449.038	1.17432	-1305.94	-593.362
-13	673.276	0.00298753	-743.951	-613.043
-13	436.113	0.0824494	30.9946	628.286
-13	510.467	1.18191	734.239	-675.433
-13	559.687	0.362209	-161.901	-170.361
13	431.586	0.838793	6.97079	-457.066
13	526.474	0.849761	-899.633	-1206.56
13	455.82	0.798118	314.718	1134.96
-13	663.123	0.864751	1245.36	-1030.95
-13	482.066	0.658409	-407.264	838.686
13	545.62	0.568615	-865.214	-477.673
13	494.034	0.0562303	-436.968	106.985
-13	710.113	0.787671	1356.41	102.692
-13	587.291	0.831265	172.583	1130.23
-13	459.388	0.835417	443.154	718.715
13	505.732	0.701958	-18.2645	478.729
13	804.125	0.720505	417.374	-613.395
-13	433.139	0.101378	-1355.56	161.439
-13	636.364	0.812697	426.346	-1209.24
-13	980.147	0.685871	-1006.74	1425.79
-13	434.09	1.02602	-484.86	1400.52
-13	532.172	0.410074	551.235	-97.2518
-13	443.256	0.547294	-1365.18	-1118.85
-13	584.433	1.05194	-510.757	634.891
-13	407.335	1.11877	-1050.86	-1400.47
-13	569.891	1.03956	1442.65	1260.09
-13	442.486	0.57421	258.924	-736.806
-13	858.703	0.94665	504.199	-676.332
-13	656.382	1.17124	258.134	1142.15
13	634.441	1.1301	170.761	-1310.03
13	661.673	0.409194	1026.81	6.55846
13	476.254	0.653197	-879.475	1442.45
-13	512.628	1.10574	182.11	-965.548
13	500.559	1.10924	834.466	-1397.13
-13	636.822	1.22136	458.464	-253.818
13	447.037	0.494686	-143.796	808.007
13	875.263	1.01046	-68.7969	-287.91
-13	460.792	0.334375	-349.73	-690.409
-13	654.46	0.523776	-131.111	343.597
13	511.356	0.337913	422.737	-727.07
13	433.127	0.935038	-1192.49	-502.953
-13	775.006	0.600679	-213.534	-1335.05
-13	462.036	1.14699	-281.243	905.282
13	414.198	0.671943	1298.67	-1302.52
-13	1643.2	0.884353	1353.1	-614.223
13	465.165	0.509646	-1231.41	1167.27
-13	527.332	0.389399	-1470.19	-1154.23
-13	567.623	1.11219	417.969	-28.4577
13	707.527	1.14811	999.156	1106.1
13	995.135	1.21946	-1233.37	-1279.89
-13	419.241	0.956448	895.769	-65.3599
-13	982.991	1.12154	-1487.29	1005.39
-13	417.159	0.943477	706.981	75.02
13	558.551	0.726998	-1034.06	-604.063
-13	611.864	0.515068	1451.73	-792.146
13	559.516	0.544321	-895.403	-61.3999
-13	415.66	0.248679	512.326	580.694
-13	525.04	0.617027	-1087.17	-227.393
13	500.078	1.01711	-1075.78	1473.11
13	1095.54	1.17237	459.088	89.12
13	572.627	0.0208913	106.605	-1298.59
13	413.734	1.06546	-1200.93	1285.02
-13	510.991	1.00894	-1022.18	364.689
13	704.722	0.188082	-278.81	1158.32
13	457.117	0.925803	-112.706	-375.745
-13	559.273	0.168174	535.806	-709.267
-13	940.343	1.18401	404.776	1227.51
-13	447.447	0.458043	-242.352	241.881
13	550.735	1.13553	-1449.16	-801.892
13	1217.32	1.04745	153.159	146.012
-13	576.213	1.09568	-1419.21	-251.377
-13	491.612	0.706338	-478.535	-68.5803
13	633.921	0.871982	124.399	-166.594
-13	405.183	0.95537	319.676	1006.17
13	493.926	0.604307	427.01	-1134.03
-13	512.763	0.968229	1157.39	1273.81
13	507.481	0.272141	-1067.14	-1269.43
-13	466.304	0.719216	1113.34	-1375.8
13	1047.78	0.962401	-948.616	417.812
13	713.261	0.684812	1292.48	-686.588
-13	614.362	0.17599	-1262.04	391.65
-13	450.176	0.762599	591	1261.25
-13	401.952	0.778379	120.636	1273.55
13	1093.84	0.963679	1223.64	18.5592
13	503.15	0.597641	968.484	540.573
-13	736.27	0.908798	1057.99	-1177.5
-13	531.789	0.537223	1130.75	-914.68
13	542.088	0.046391	566.95	1461.83
-13	636.05	1.09048	769.761	-1147.78
13	502.403	0.785065	-163.074	-1376.7
13	952.139	1.0452	-144.242	708.267
13	446.406	1.04288	-1202.14	-441.532
-13	1407.54	0.490645	230.818	1005.51
-13	810.321	1.22014	550.891	104.841
-13	551.356	0.722196	164.811	1251.02
-13	498.057	0.0814553	-1087.47	-924.161
13	612.033	0.710263	363.872	15.8335
13	466.381	0.0936948	-254.201	156.599
-13	580.386	0.535013	-598.445	685.461
-13	1069.93	0.57872	1102.01	-119.514
13	413.459	0.0944688	-553.849	169.544
13	400.133	0.566585	1478.99	-430.098
-13	446.481	0.840157	1461.63	1443.1
-13	612.113	0.882663	-566.819	-1132.8
-13	1144.1	0.421384	-897.242	-730.969
13	635.712	0.405094	998.632	837.896
-13	805.235	0.742509	-670.76	103.202
-13	405.962	0.26618	-419.724	675.599
13	574.29	0.486462	-470.517	81.7592
13	669.825	0.988262	-640.419	975.168
-13	688.088	1.19281	1171.38	354.959
13	512.47	0.722389	-1200.42	502.936
13	499.921	0.951315	454.172	-1150.02
-13	660.381	0.0712477	522.327	966.124
-13	527.059	0.767552	-1441.85	-338.489
-13	470.347	1.19088	1060	-1098.77
-13	479.809	0.350909	-1085.44	-293.308
13	416.264	0.161853	-676.122	-1204.72
-13	446.399	0.633266	1188.77	970.676
13	1204.8	0.764896	1412.09	1430.2
13	473.561	0.0350824	-889.472	1045.32
-13	592.944	0.0286229	-1016.75	-1175.09
-13	551.869	0.127162	-292.896	-1394.89
13	401.202	1.16883	-111.621	-398.17
-13	417.028	0.638431	-1168.89	-1060.98
-13	604.577	0.0877616	-316.269	-1191.57
-13	554.685	0.170788	-915.903	414.239
13	441.278	1.20819	351.765	-689.235
-13	498.166	0.014633	-1206.62	-932.108
13	584.162	0.99879	-1198.39	438.863
13	531.663	1.14087	413.503	-295.975
13	751.624	0.195643	-1328.25	329.764
-13	591.989	1.12298	-131.61	-642.363
13	813.528	0.958044	1059.82	-483.173
-13	931.496	1.13829	1474.18	1306.92
-13	2111.14	0.875624	955.157	-179.52
-13	424.977	0.380594	934.81	-856.433
-13	525.111	0.736657	1078.45	-587.631
13	2062.03	0.0651694	-1065.31	-1388.68
13	530.63	0.980023	-360.992	-1393.58
-13	457.221	0.835756	172.219	1123.58
-13	432.815	0.527068	-1014.19	-287.986
13	506.909	0.966633	-297.595	366.914
-13	552.783	0.818345	983.501	1200.7
13	501.286	0.0610779	526.754	-1000.45
-13	431.043	0.01304	1044.7	-1472.88
-13	490.211	0.622768	-936.08	577.51
-13	898.069	1.18162	169.566	364.442
-13	428.641	0.777276	-593.769	-1044.08
-13	528.127	1.22034	-273.812	-1439.23
-13	513.852	0.588309	1104.04	442.83
-13	632.346	0.790646	-1311.6	-440.498
13	743.812	0.75369	-1163.2	-1349.34
13	524.531	1.16654	-874.504	950.546
13	672.117	0.905819	1098.64	1140.8
-13	423.674	1.18786	-792.575	120.151
-13	419.403	0.186541	173.874	-594.01
-13	1026.44	0.521878	961.796	37.8005
-13	496.616	0.127041	1104.91	558.584
-13	456.932	0.693289	123.001	552.58
13	573.911	1.1108	-179.945	245.961
-13	492.916	0.0485026	-206.354	553.112
-13	703.754	0.531092	1492.32	625.271
13	448.441	1.07496	684.331	61.9657
-13	543.878	1.0061	-396.809	1331.41
13	504.174	1.07756	-55.8444	1429.13
-13	439.307	0.137418	1069.94	-1084.38
-13	731.335	0.0464096	1400.87	-134.47
-13	986.888	0.677667	829.627	-527.94
-13	480.132	0.0335207	623.881	-1227.65
13	535.364	0.1877	-698.905	-767.518
-13	562.998	0.432965	8.00512	1119.57
-13	802.913	0.731938	-1368.1	-1088.67
-13	401.486	0.20906	327.483	1174.59
13	771.1	0.275763	1373.13	-692.213
13	794.249	0.61945	-1233.22	-507.842
-13	502.865	1.16623	1329.16	124.317
-13	491.023	0.775714	254.906	-1456.28
-13	869.223	1.00753	1454.04	191.135
13	722.895	0.259697	706.473	-1395.82
-13	526.552	1.0331	743.963	71.4919
-13	1792.33	0.942202	-1315.66	-522.109
-13	406.309	0.255914	1234.56	-705.118
13	719.31	1.17787	-488.84	250.036
13	1039.6	1.21651	-1140.4	1473.74
13	551.804	1.10473	1418.15	-67.501
13	464.357	0.987603	423.92	-1009.62
-13	1212.62	0.950455	7.15497	1476.11
-13	865.961	0.226388	654.899	-1227.96
13	532.786	0.19977	-818.973	-751.671
13	468.671	1.04022	-210.029	683.432
13	777.715	0.298906	726.27	-1120.6
13	990.766	0.820927	-445.59	545.989
13	467.139	0.256176	-749.953	527.68
13	520.876	0.696953	11.0123	633.761
-13	447.807	0.867205	35.9108	240.863
13	447.425	0.98583	-559.999	-189.561
13	586.258	0.47173	603.81	628.886
-13	491.182	0.450568	-1199.98	-820.02
-13	526.323	0.350893	-1259.49	-614.679
13	485.356	0.335599	-151.188	-58.1809
13	485.108	0.691983	-1266.12	-1216.03
13	481.792	0.294262	181.91	526.457
-13	492.866	0.805478	-1123.4	919.569
-13	564.44	0.236584	508.371	-1391
13	475.86	0.909985	1444.45	407.108
-13	678.361	0.404569	188.291	1060.94
-13	438.143	0.689527	757.84	393.345
13	667.322	0.456842	-1117.84	-954.974
13	480.545	0.367151	1330.12	-555.433
13	1116.74	0.855813	-1342.61	-1008.07
13	641.579	0.451391	1387.4	-917.325
-13	403.724	0.23342	363.075	-1387.97
13	433.63	1.20378	230.856	1010.89
-13	1075.53	0.938701	137.086	-395.304
13	443.326	0.492751	959.663	-897.079
-13	550.727	0.315682	478.52	-66.4869
13	725.934	1.17122	886.571	75.0281
13	505.366	0.384477	-935.084	-935.032
-13	769.598	1.09729	229.51	6.48649
13	611.506	0.806226	-1121.87	-612.552
