-13	620.103	1.13491	-48.9288	-895.314
-13	421.724	0.447237	254.045	1098.76
13	470.321	0.0288234	-643.761	-546.138
-13	464.495	0.565944	943.441	-1394.1
13	597.26	1.15756	-1485.5	-948.183
-13	646.641	1.12749	1070.99	-564.431
-13	508.666	0.819556	1149.1	-409.762
13	952.873	1.13178	-1054.68	-605.227
-13	1707.38	0.389756	1214.63	30.1473
-13	467.768	0.358471	948.622	-644.745
-13	447.266	0.218415	1180.89	327.738
-13	420.749	0.224337	1263.73	-660.78
-13	429.455	0.474114	-663.661	25.0651
-13	665.488	0.833048	-672.853	317.03
-13	577.404	0.0594724	-136.866	1277.12
13	513.133	0.280385	1299.21	-64.2547
-13	476.921	0.498315	272.166	-413.551
-13	2786.37	0.936226	-111.483	985.681
13	426.362	0.0465001	-237.947	908.15
-13	1028.5	1.04514	1182.59	1063.62
-13	571.101	1.1963	250.958	1498.59
-13	446.965	0.899317	-437.643	167.216
13	515.737	0.920258	937.958	811.357
13	488.623	0.367088	-1130.76	-744.368
13	486.397	1.12278	-654.281	-363.858
13	564.495	1.08245	1296.57	-1295.32
13	971.577	0.289793	636.791	-857.449
-13	697.291	1.21086	868.701	-1331.14
-13	405.842	0.153954	-141.779	380.406
-13	682.099	1.20933	-1091.79	708.525
-13	466.1	0.650593	496.017	75.0165
-13	620.969	0.0899363	-943.6	1152.14
-13	533.147	0.594158	26.2088	199.532
13	708	1.21175	727.924	1096.45
-13	467.679	0.761642	380.162	-664.876
13	544.452	0.858692	-648.204	986.422
-13	414.162	0.0428068	-995.991	-461.641
-13	504.364	0.098606	1401.17	789.145
13	465.169	0.0223773	-1416.96	-1169.81
13	564.706	0.682455	-333.41	-87.5845
13	483.093	0.666195	689.901	1231.15
-13	415.106	0.820556	812.175	-956.713
13	824.722	0.778299	-144.2	-1055.12
13	468.383	1.10927	1149.56	884.656
13	1704.24	0.151642	290.334	-515.379
13	457.45	0.194116	1254.37	-1268.87
-13	577.064	1.0021	-992.848	-871.995
13	425.702	0.22549	-348.448	229.956
-13	456.792	0.927856	-1031.03	-172.264
-13	405.373	1.09923	-163.966	241.294
13	665.434	1.17908	-910.872	226.595
13	486.614	0.647169	1177.91	-1295.19
13	635.812	0.708491	846.321	22.9551
13	632.623	0.271194	-118.879	210.49
-13	702.608	0.417259	671.796	-1041.85
-13	407.343	0.21026	-809.114	-406.316
-13	661.159	0.950639	-824.129	-720.034
-13	1375.65	1.15015	-814.142	951.257
-13	629.113	0.898252	945.292	6.358
-13	617.74	0.319089	1255.74	660.522
-13	607.086	0.490718	173.422	-86.6996
13	1235.16	0.469344	1411.71	-822.962
-13	844.871	0.831752	-55.0987	-764.715
-13	645.542	1.15696	-1207.29	554.966
-13	437.996	0.713205	524.036	-332.997
-13	620.535	0.501519	896.301	439.327
-13	1204.82	1.21515	1028.08	434.81
-13	488.786	0.291231	-1153.67	452.197
-13	488.145	0.172065	507.004	442.459
13	557.727	0.0260532	-477.511	-1201.02
13	439.419	0.280025	-908.581	356.004
13	880.981	1.03037	-323.041	1195.71
13	421.583	1.00154	203.208	-928.063
-13	748.462	1.18241	699.297	1246.31
13	1448.15	0.56973	-1397.36	-247.097
13	531.353	0.837789	1373.64	1038.42
13	415.545	0.491893	1484.21	-502.429
-13	664.631	1.01011	144.066	-970.036
-13	722.429	1.03379	421.682	-976.338
-13	409.281	0.675533	-1201.68	222.497
-13	465.046	0.908161	1371.48	-750.56
-13	486.168	0.74091	138.217	910.947
-13	469.561	0.889862	-443.762	-1161.08
13	437.097	0.614334	395.473	-236.799
13	458.788	0.235392	-542.174	-495.403
13	960.022	0.740068	662.179	-67.3102
-13	551.813	0.633304	-443.569	-1148.17
-13	564.441	0.00450323	-404.804	1015.39
-13	778.205	0.691628	297.523	-894.583
-13	449.386	0.343582	-1031.2	-1157.16
13	401.033	0.832351	-839.145	650.666
13	546.582	0.0385416	-233.828	-74.21
-13	910.925	1.04107	-1387.46	-278.524
13	844.6	0.791065	-201.256	-67.0156
-13	1001.31	0.209768	418.912	-437.103
-13	535.434	0.891393	-1095.59	378.754
13	650.848	0.776163	-1222.73	-92.5612
-13	582.644	0.678549	1267.56	1396.9
-13	422.205	0.931418	598.12	1177.7
13	496.246	0.216537	259.607	-1093.19
-13	1190.34	1.12751	1259.67	1217.09
-13	555.237	0.851984	974.956	1400.19
13	654.118	0.772085	486.041	-928.637
13	406.409	0.559925	228.175	-524.111
13	424.83	0.459614	1391.45	183.438
13	415.709	1.16175	1057.58	-1361.5
-13	3449.71	0.580243	-466.084	78.4696
-13	477.819	0.826119	-1305.91	-614.257
-13	435.37	0.0999574	-959.105	-939.014
13	446.695	1.16461	905.641	456.656
-13	685.16	0.408667	-914.97	402.394
-13	714.3	1.20746	-1342.17	401.164
13	545.188	1.09873	1044.4	1437.99
-13	731.243	1.20638	429.284	892.212
-13	464.406	0.0527794	320.826	60.2829
13	431.99	0.209398	-640.799	569.026
13	610.995	0.888984	948.804	956.623
13	565.918	0.590216	1230.83	1330.17
13	428.454	0.324335	293.198	-1410.95
13	1343.36	1.0768	401.077	1429.36
-13	470.441	0.462407	700.338	1230.94
-13	568.237	0.333154	-979.654	-1456.91
-13	478.736	1.00922	893.496	1095.5
-13	422.654	0.0361093	-1125.16	-624.438
13	576.447	1.21534	411.812	-653.862
-13	457.761	0.689392	-660.242	-360.815
-13	755.168	0.197626	-216.761	740.681
13	1515.65	1.17568	-625.065	-1010.51
13	733.699	0.259285	-1305.94	-593.362
13	663.251	0.891556	-743.951	-613.043
13	500.707	0.990658	30.9946	628.286
13	1515.4	0.244898	734.239	-675.433
13	680.614	0.739093	-161.901	-170.361
13	459.692	0.781269	6.97079	-457.066
13	672.085	0.0764841	-899.633	-1206.56
13	766.977	0.766966	314.718	1134.96
13	473.235	0.447296	1245.36	-1030.95
-13	1132.71	0.658374	-407.264	838.686
13	402.381	1.17059	-865.214	-477.673
-13	469.407	0.64681	-436.968	106.985
-13	495.806	0.766771	1356.41	102.692
13	955.108	0.252504	172.583	1130.23
13	557.339	0.261939	443.154	718.715
13	1510.47	0.595276	-18.2645	478.729
13	404.138	0.811731	417.374	-613.395
13	410.366	0.89695	-1355.56	161.439
13	457.361	0.444744	426.346	-1209.24
13	415.34	0.0977909	-1006.74	1425.79
-13	1442.4	0.974677	-484.86	1400.52
-13	553.924	0.562337	551.235	-97.2518
-13	479.265	0.292274	-1365.18	-1118.85
-13	595.296	0.631809	-510.757	634.891
-13	478.737	0.916716	-1050.86	-1400.47
13	402.535	0.817745	1442.65	1260.09
-13	1207.85	0.588544	451.485	-1041.55
13	912.032	1.07302	70.9937	-34.2729
-13	1025.29	1.05317	325.432	-1057.55
-13	723.44	1.02918	-1204.53	59.8285
13	820.114	0.174493	1423.04	-286.083
-13	451.469	0.401945	-1412.24	1101.79
-13	492.446	0.941217	115.416	-833.538
-13	466.164	0.437422	-1164.64	796.562
-13	431.748	0.766911	9.02645	-1190.84
13	407.554	0.400219	-1275.74	463.184
13	571.854	0.665737	789.3	-1261.6
-13	552.83	1.13233	192.215	-1043.55
-13	510.639	0.921566	-0.558391	-9.78297
13	873.605	1.1726	766.762	-1257.81
-13	800.142	0.0610324	-1325.72	933.224
-13	475.287	0.998131	-480.29	209.999
13	584.917	1.11881	-570.531	-1347.82
13	1942.47	0.176127	1259.95	291.456
-13	417.712	0.631072	136.761	1378.3
-13	450.697	0.767493	-853.734	-599.009
-13	503.886	0.474643	-1417.37	-1435.62
-13	502.08	0.780726	1248.12	787.717
-13	462.083	0.413637	-256.894	-469.479
13	597.629	1.11749	-247.758	427.235
-13	400.407	0.768268	390.74	13.6012
-13	465.459	1.12829	-1117.43	-470.55
-13	439.134	0.622559	171.458	-1006.73
13	910.36	0.194816	788.599	674.27
-13	481.997	0.32719	-89.2412	640.989
-13	514.934	1.12196	498.696	-53.7039
13	504.326	1.1829	-512.369	1452.57
13	455.466	0.318658	1393.39	-923.798
-13	664.606	1.05448	-1401.74	799.557
-13	1456.71	0.0597886	-264.015	-279.573
-13	975.153	0.100652	-109.965	248.315
13	402.564	0.588753	-1118.26	-1284.47
13	581.059	0.463304	-1321.28	1008.88
-13	830.995	1.02721	548.715	346.958
13	1134.32	1.14989	691.808	1283.54
13	505.819	0.713579	-503.82	-189.442
13	440.96	0.48995	1346.94	840.468
13	554.244	0.37346	-546.964	211.185
13	689.291	0.408077	-762.021	346.638
13	501.292	0.315263	35.4041	1263.82
-13	507.519	0.610068	762.258	360.064
-13	472.487	1.15919	-613.838	355.415
-13	530.464	1.08264	-277.553	-1055.61
-13	887.807	1.04185	-1323.66	-603.733
-13	574.463	1.11343	-1223.71	-943.712
13	1270.15	1.00044	-848.415	605.39
-13	689.863	0.17988	187.094	1207.75
-13	647.245	0.516509	-732.566	-1233.94
13	453.929	0.101476	243.454	4.0801
-13	665.917	1.22023	498.688	-275.056
-13	1016.09	0.882169	-844.339	170.806
13	965.06	0.994437	-185.567	-151.049
-13	418.979	0.0421168	-612.564	-585.172
-13	428.299	1.0313	290.515	-1064.19
-13	480.86	1.00755	-1049.25	-1264.43
13	1105.44	0.843456	-1323.89	520.245
-13	429.062	1.02757	-206.038	454.889
-13	501.052	0.908383	773.544	900.087
-13	475.627	0.244397	982.715	-1445.9
13	812.398	0.393203	918.976	537.584
-13	632.879	0.484781	1146.56	-107.382
-13	445.793	1.12697	1438.19	431.089
13	459.941	1.15267	-1346.82	1044.98
-13	1432.85	0.164084	673.499	158.212
-13	708.546	0.109999	1007.25	404.505
-13	578.596	1.1258	-150.521	-936.291
-13	569.806	0.50721	1014.33	814.643
-13	759.883	1.09431	416.55	-1459.61
13	420.251	0.579237	1441.25	-1185.63
-13	411.071	0.282819	1382.51	-1323.19
13	475.115	0.330405	1467.94	654.338
-13	713.728	0.344381	-240.323	943.125
-13	718.646	0.492155	-1015.39	153.511
13	516.394	0.84864	-616.283	984.99
-13	774.495	0.316902	198.954	53.1479
-13	606.673	0.893882	-81.9605	1264.33
13	526.553	1.05205	-244.762	593.216
13	698.677	1.14457	315.231	549.793
-13	501.574	0.907214	1090.39	-350.027
-13	475.718	0.787657	-152.638	1004.25
13	757.994	0.758347	258.296	-1079.83
13	1378.18	0.0912836	924.866	42.5198
13	447.307	0.987692	-650.381	155.422
-13	483.46	0.895892	233.421	-664.396
-13	490.825	0.482425	-305.875	557.163
13	541.791	0.621477	91.672	108.396
13	400.581	0.880102	1350.58	-935.361
-13	1591.53	1.17336	-369.555	-703.157
13	546.925	0.570382	-825.486	268.9
13	1053.81	0.288155	1398.21	1167.4
-13	1330.28	1.19321	-112.07	-1330.21
13	438.541	0.839758	1267.03	152.322
-13	710.104	0.761961	1477.25	417.882
-13	416.068	0.0328153	773.311	1165.89
-13	615.487	0.0769869	-1328.41	625.358
-13	484.631	1.11362	-532.385	-397.323
-13	416.526	0.630209	1101.53	1079.45
-13	426.552	0.709649	-1192.1	511.156
-13	984.2	0.671199	-310.127	-1446.37
13	435.138	0.236617	769.136	-812.652
13	433.192	0.777276	1004.37	-1462.3
-13	513.581	1.15544	70.2536	1358.34
-13	457.611	0.159746	1267.3	-740.876
13	475.484	0.686518	856.237	585.941
13	423.331	0.933514	-360.375	-121.271
13	782.696	0.551118	-382.712	223.742
-13	499.345	1.18884	-569.317	-752.174
-13	401.225	1.07527	1162	344.925
-13	478.869	0.916503	735.173	296.448
-13	491.537	1.1254	1101.8	46.2604
13	572.88	0.83291	1226.04	-984.244
-13	660.317	1.07476	-911.17	-180.24
-13	557.043	1.17874	44.3807	-1494.87
-13	574.079	0.594999	-67.1033	99.4703
-13	640.032	1.07353	-1136.18	-75.6797
-13	780.963	0.846502	768.756	974.425
13	914.644	0.883603	-1128.49	-1005.88
-13	429.047	0.642061	248.88	1197.86
-13	575.778	0.192827	-932.74	-694.143
-13	580.924	0.295178	-104.717	1130.84
13	464.627	0.283762	908.267	-989.97
-13	436.689	0.96354	1327.63	-472.954
-13	506.177	0.461407	-189.279	826.967
13	524.811	0.634205	1122.53	128.475
-13	454.529	0.0767312	-990.634	-1189.63
-13	728.493	0.687006	342.941	-371.228
-13	510.004	1.16567	-721.983	-1281.75
-13	732.34	0.00502644	-731.762	-601.81
13	508.567	1.19218	-1484.72	-382.214
13	441.793	0.000659237	238.552	798.596
13	651.239	1.0407	-210.208	177.104
-13	2165.77	0.420334	1018.68	-1272.19
-13	506.569	0.563887	-1013.73	1383.3
-13	426.221	0.027418	-394.881	-34.2669
-13	1429.5	0.801234	634.777	-1157.84
-13	428.515	0.921888	-1290.73	-1217.57
-13	738.582	0.475022	-913.415	-180.181
13	409.521	0.504013	-844.346	165.715
-13	503.845	1.21394	-692.633	-189.505
-13	480.601	0.0033423	-670.932	233.961
-13	413.612	0.635	-1029.3	-1255.88
-13	770.502	0.529019	1033.68	-72.5097
-13	500.704	1.1741	464.188	-34.8394
13	582.636	0.591631	-1448.11	788.275
13	495.725	0.263042	343.646	1350.01
-13	812.227	0.961199	1115.96	702.267
-13	483.328	1.20264	420.538	1352.14
-13	535.207	0.948281	1195.13	949.721
-13	844.685	0.762632	1124.94	-579.46
13	424.324	0.745528	749.157	-1099.81
-13	585.594	1.00739	521.825	-1065.4
-13	742.214	0.910924	-1280.25	752.897
13	667.35	0.780266	1377.47	-404.903
-13	817.965	1.06252	1290.89	-1332.2
-13	674.944	0.0329669	-1467.44	-161.088
-13	548.477	1.05547	1491.45	1232.49
13	428.865	0.881599	-1047.46	-1220.27
13	531.269	0.876625	1355.5	1428.73
13	591.224	0.187781	891.576	-1078.63
-13	454.289	0.0708169	-1321.2	-823.014
-13	788.408	0.405315	-329.834	216.571
-13	474.934	0.259645	821.997	-702.613
13	874.673	0.708045	699.009	-282.554
-13	555.403	0.647369	-275.378	-739.14
-13	695.242	0.0573602	-1045.29	705.111
-13	434.96	0.0259572	1379.72	1136.19
13	511.933	1.1819	151.419	894.755
-13	642.516	0.593853	957.723	1070.03
-13	548.507	0.336322	1229.03	994.81
-13	1185.81	0.51449	-938.545	-1318.87
13	440.127	0.953061	-566.928	450.218
-13	599.485	0.597011	-1184.74	-381.932
-13	499.122	0.305284	-1258.9	1219.19
-13	889.809	1.1258	-730.612	535.154
-13	1129.65	0.799785	1021.15	-88.2374
13	412.475	0.682496	-115.703	402.843
-13	758.961	0.785355	-703.73	-1220.69
-13	468.776	0.0226397	-122.679	-45.0787
-13	437.692	0.316568	-612.252	-631.309
13	444.805	1.05526	393.541	-1453.56
-13	417.587	0.651142	-11.2111	844.253
-13	2355.32	0.76529	-809.543	-456.018
-13	564.898	0.465755	626.68	-386.751
13	638.71	0.746402	-304.231	-929.295
13	963.575	1.09494	1073.06	-14.6274
13	430.562	0.853196	996.4	582.34
13	428.816	1.03615	-99.6422	-1289.57
13	857.924	0.73522	-459.149	-1192.07
-13	406.661	0.266957	-259.768	1421.99
13	419.423	0.521234	-1324.6	382.276
-13	651.047	0.832012	1468.84	-921.078
13	700.527	0.913896	429.526	1330.16
-13	734.534	0.20181	1126.31	837.029
-13	455.305	0.907786	-1339.51	-874.595
13	425.027	0.522645	825.165	-1360.45
13	542.897	0.640658	874.475	-1166.11
13	629.796	1.13386	-1120.89	48.8217
-13	1004.59	0.918511	577.221	-1381.81
-13	498.736	0.874486	-1336.44	-446.184
-13	487.803	1.18483	-887.068	1367.61
-13	557.673	1.0467	-93.69	-428.293
13	559.764	0.976605	-1366.47	-481.667
-13	876.292	0.34898	883.116	672.51
-13	441.207	0.14725	-170.282	341.872
-13	551.274	0.157751	-608.999	-1354.36
-13	515.211	0.547734	129.657	101.14
13	552.387	0.716508	-1426.3	616.543
13	788.83	1.14644	-1234.24	827.331
-13	574.886	0.980502	412.255	957.597
-13	440.004	0.905925	1422.38	736.122
13	642.942	0.668036	-1089.97	-1421.96
13	528.434	0.663186	243.043	-1477.01
-13	486.287	1.13498	-407.041	1189.67
13	920.167	0.680332	-299.365	-353.231
13	630.187	0.214981	607.531	492.845
13	419.449	0.919007	1267.15	-667.414
-13	529.22	1.18387	199.884	1256.1
13	740.242	0.587712	-863.362	-817.735
13	545.193	0.164607	-920.704	-562.476
-13	528.924	0.933203	10.8839	1347.94
13	783.662	0.0451602	-969.158	-481.724
13	532.752	1.0459	-450.033	-238.404
13	462.245	0.986349	-1392.93	-231.631
13	766.634	0.633214	1264.61	688.444
13	644.007	0.0735019	38.2494	325.27
-13	418.677	0.721736	913.57	-1408.94
13	518.94	0.756731	14.6038	793.929
13	445.502	1.19965	1338.61	1080.78
-13	586.498	0.872274	14.2151	111.379
13	475.868	0.092495	204.35	-417.069
13	755.615	1.11422	1223.97	550.295
-13	423.121	0.522943	229.164	936.51
13	1013.52	0.567642	-70.0602	-793.079
-13	697.694	0.00977648	1301.08	647.049
-13	761.54	0.751818	-1221.91	798.815
13	421.078	0.634272	44.2228	-1435.79
13	1398.48	0.383022	530.524	576.334
-13	574.509	0.343081	-688.364	711.302
13	486.026	0.953602	169.196	206.291
-13	639.641	0.364141	-309.87	375.32
-13	753.987	0.344147	517.213	142.113
-13	692.528	0.677583	919.157	427.754
13	548.949	0.00386831	442.851	-1061.89
-13	411.199	1.10457	-884.052	-1086.53
-13	649.146	0.773525	801.993	661.932
13	412.466	0.323831	-231.431	-1275.23
-13	431.126	0.168923	1343.72	230.585
13	553.972	0.495013	-293.009	1019.77
-13	467.796	0.801556	-214.512	1240.52
13	497.424	0.647387	1028.32	1289.63
13	459.272	0.706207	984.529	-258.369
13	733.991	0.424637	-744.54	-201.682
13	891.403	0.739008	898.592	-484.6
13	1352.64	0.347516	-697.968	131.696
-13	1221.3	0.656586	-207.624	-430.12
-13	629.081	1.14037	-384.684	-1356.37
-13	455.671	0.488729	-250.664	-231.838
-13	611.258	0.595067	121.577	-609.157
-13	623.01	0.155232	494.629	653.94
-13	428.528	0.300343	-132.999	-84.15
13	806.575	0.358426	-1497.02	968.208
13	571.093	1.18499	-168.938	893.716
13	524.784	1.05638	933.361	271.753
13	480.575	0.1465	213.304	182.942
13	449.411	0.950982	1122.49	1169.65
-13	572.653	0.616933	470.252	825.25
-13	479.319	1.21834	821.273	921.486
13	403.222	1.08099	1484.77	-237.524
-13	560.453	1.20711	1246.1	-193.981
13	405.603	0.184668	-1264.4	323.433
-13	505.054	0.573982	1025.93	863.673
-13	433.657	0.49694	-1103.23	1114.85
13	621.511	1.13918	1398.7	1241.74
-13	663.816	0.28544	-1000.8	-1338.38
13	547.312	1.07935	-151.7	-1403.99
-13	582.563	1.00425	17.8548	-437.793
-13	423.721	0.400703	936.808	-1176.54
-13	469.128	0.20527	-624.574	775.161
-13	1605.79	1.17593	-485.141	-420.119
-13	974.513	0.717367	657.746	-933.435
-13	500.482	1.00255	-599.976	-112.389
13	421.047	0.182398	-962.607	203.464
-13	443.689	0.0162974	-59.0714	128.381
-13	591.737	1.02873	-841.184	543.708
-13	906.946	0.779513	1346.15	-777.2
-13	531.732	0.722695	-35.6605	539.644
13	575.225	0.151138	547.207	-1402.81
-13	566.446	1.20811	1281.55	-627.767
13	443.634	0.203783	512.645	-532.753
13	454.159	1.10356	708.557	444.374
13	767.744	0.210785	-604.617	-1113.39
-13	428.418	0.591922	1188.08	1057.57
13	403.983	0.514335	-1294.74	292.665
-13	709.92	1.05497	1391.96	-702.769
-13	832.161	1.1521	-88.3744	-1008.6
13	565.451	0.785528	856.997	926.992
13	1050.52	1.152	-1286.23	1241.5
-13	423.235	0.215089	-1380.51	1479.14
13	450.17	1.10179	545.764	105.692
-13	478.492	1.09084	-1243.94	-1040.69
-13	843.56	0.739324	-733.141	1078.67
-13	556.788	0.0404624	1338.22	-1216.27
13	1067.87	0.375801	1376.8	601.746
13	1087.42	1.00017	1237	-39.4401
13	470.645	0.184729	934.98	-267.01
13	2097.79	0.667077	-1337.86	37.8242
-13	567.756	0.818901	830.067	939.625
13	522.432	0.83368	-541.701	913.107
-13	632.559	0.959075	-1094.41	-937.844
13	581.662	0.929025	-121.439	-671.239
-13	589.747	1.1535	-967.99	-1161.9
-13	533.3	1.08721	1003.97	-754.743
-13	760.398	1.0787	910.02	1104.55
13	1450.11	0.867514	1494.99	1406.83
13	876.387	0.0593938	-374.169	-967.362
-13	605.726	0.354999	809.672	-920.144
13	3984.62	0.650644	-1392.18	352.893
-13	524.55	0.994415	-759.168	-184.152
-13	957.611	0.444432	356.409	-612.81
-13	568.651	0.656608	-1196.04	643.812
13	559.212	0.972477	-909.517	43.4328
-13	493.841	1.18891	-122.475	-967.865
13	411.209	0.664686	1233.79	1179.34
13	611.007	0.52087	1300.81	-832.747
-13	1123.27	0.749306	657.958	-860.549
-13	607.146	0.638182	-1297.86	-768.733
-13	425.049	0.912754	468.946	-1455.41
13	672.583	0.327831	-1287.37	-863.224
13	456.082	0.800531	337.527	-1236.81
-13	442.415	0.653697	275.966	-1216.21
-13	479.817	0.255864	461.308	-704.364
-13	446.191	0.205636	-1432.88	1340.4
-13	433.609	0.504141	-407.522	924.848
13	410.765	0.218693	-784.823	-77.0352
-13	847.457	1.09909	550.293	-1206.44
-13	703.001	0.372858	913.429	-1249.05
-13	456.936	0.993015	-302.74	-1387.32
-13	707.146	1.09765	-447.87	1367.77
-13	481.264	0.282251	-179.574	494.4
-13	538.29	0.89555	-1278.68	-357.606
13	1593.72	0.2917	264.076	-1037.12
13	613.277	1.21574	612.328	913.362
-13	439.128	0.946354	-266.202	-1188.88
13	828.411	0.709303	-1167.71	367.914
-13	655.187	0.337879	1345.24	-1405.27
-13	575.57	0.418087	1278.37	1133.66
13	456.427	0.120014	1325.47	1117.03
13	462.989	0.467358	781.61	-59.2617
-13	461.897	0.359022	-1109.99	780.27
-13	1216.55	0.370184	362.868	-424.202
13	585.458	0.0519981	-635.325	534.189
13	424.863	0.730349	428.209	1206.37
-13	458.453	0.950031	1080.29	142.887
-13	512.531	1.06181	174.596	-544.183
-13	433.255	0.362289	-241.026	-1364.18
-13	400.675	0.711185	926.464	-1037.03
13	401.089	1.14795	-125.399	-922.792
-13	431.459	0.344936	965.971	-211.518
-13	629.472	0.277544	1214.32	-92.2721
-13	949.069	0.409005	902.683	-469.262
13	991.017	0.0172129	-457.12	1212.57
13	443.938	1.01111	541.925	-1363.37
-13	672.449	0.402926	1171.23	1091.31
13	545.756	0.30113	1188.12	1018.76
-13	701.095	0.398918	-661.394	-211.386
-13	548.417	0.955109	856.833	343.024
13	775.876	1.02516	-150.933	266.544
-13	830.223	0.876799	1470.25	-815.607
-13	495.954	1.18292	1383.78	284.917
-13	414.03	0.472064	-467.953	1490.99
-13	600.624	0.605183	1365.12	-877.971
-13	660.614	1.12478	-1037.25	998.841
-13	512.817	0.118072	-801.115	-1001.75
-13	670.865	0.903775	-504.526	102.685
-13	522.504	0.973943	-1065.61	-1392.95
13	501.419	0.376502	715.544	959.361
13	496.09	0.996639	-451.078	-275.97
13	557.922	0.614395	1372.24	359.161
13	1118.79	0.800407	-651.504	247.845
-13	401.763	0.779339	1382.43	761.191
13	603.931	0.490633	-640.164	-107.035
13	435.173	1.04293	912.487	-647.447
13	774.866	0.105723	-883.853	-616.23
13	561.709	0.809208	-754.12	-25.4542
-13	649.805	0.0967917	97.2024	71.1059
13	1178.64	0.549256	-801.974	-1282.12
-13	458.24	0.95301	426.947	-834.733
13	1095.75	1.0175	-669.494	367.968
-13	583.218	1.01399	-642.666	1429.23
13	1919.17	0.5825	-378.145	583.17
-13	440.297	0.646557	-334.085	-472.042
13	1457.83	0.761509	819.035	-851.479
13	481.827	0.65155	-999.217	-1327.38
-13	462.379	1.04839	240.688	1458.85
13	628.2	0.727277	1191.97	-1234.76
-13	545.432	1.21781	-737.888	-972.304
-13	1575.22	0.766159	-621.487	-751.847
-13	463.912	0.913544	853.969	454.876
13	646.465	1.16913	-1293.81	814.505
-13	707.711	0.672802	-988.236	-1038.14
13	914.732	0.302959	-59.4656	-265.771
-13	602.801	0.635784	-1293.49	-1452.46
-13	438.421	0.494086	-329.694	569.971
-13	677.732	0.359459	-1491.74	1224.86
-13	582.955	0.477023	709.716	467.339
-13	593.144	0.757315	-1185.45	449.815
-13	414.391	0.535439	-1123.02	467.056
13	567.899	0.732053	-293.975	88.1112
-13	800.454	0.977767	-951.786	-1120.83
-13	435.77	0.7752	-1483.98	1298.79
-13	787.652	0.0761967	-1320.57	-1255.71
13	440.097	0.0189024	-213.999	526.142
13	649.592	0.616544	-970.657	1258.17
-13	414.489	0.501332	-28.2112	1076.15
13	565.564	1.0901	1150.3	936.934
13	785.009	0.891904	-706.165	-222.787
-13	432.486	1.21002	-1311.77	76.9283
-13	748.137	0.8266	1151.7	-950.029
-13	494.407	0.974685	820.015	379.3
-13	413.238	0.192219	19.0546	-913.182
-13	407.249	0.244458	1229.68	-1447.03
-13	754.589	0.910437	-1315.25	1353.96
-13	494.962	0.998346	-881.208	1401.82
13	1101.8	0.852875	1475.88	1070.83
13	495.019	0.489476	-1411.58	1232.18
13	504.866	0.0298856	-1255.4	1133.02
-13	440.875	0.915799	1115.08	-544.884
-13	564.076	0.856004	142.837	1458.43
-13	716.694	0.25233	-945.135	-1458.78
-13	1110.09	0.61012	-422.651	1487.39
13	405.053	0.168706	394.571	159.402
-13	713.141	0.752523	1319.8	-47.405
-13	1570.95	1.13218	-130.13	-339.24
-13	430.9	0.187723	1161.84	1484.48
13	702.452	0.336277	-1401.98	-1026.77
13	926.834	0.803126	-829.603	-978.195
-13	471.435	0.174327	1119.5	729.365
-13	445.045	0.775526	-361.841	-998.408
-13	901.936	0.135104	-1236.84	-945.941
-13	471.161	0.880296	-979.462	-80.182
13	659.986	0.434969	-769.388	-369.778
-13	591.615	0.00589627	1195.48	-242.407
13	566.501	1.09461	-610.791	-154.687
-13	588.935	0.104162	-39.621	-569.18
-13	596.024	1.11613	-582.929	-1009.54
13	1161.93	0.937604	383.516	438.195
-13	725.764	0.711415	654.031	529.18
-13	447.108	0.846226	-191.039	1171.96
-13	482.197	1.03442	-967.942	956.627
-13	608.918	0.825418	-1042.83	277.667
-13	400.509	0.347932	470.624	-638.279
13	499.978	0.201574	-1331.67	693.145
13	529.641	0.126271	-1334.15	-609.121
13	657.762	1.04487	350.768	-1158.82
-13	412.546	0.929292	1350.57	577.043
-13	519.462	0.0677726	14.5948	310.938
13	439.519	0.0922843	-1165.68	201.375
13	1309.61	0.69961	-533.287	-183.179
13	531.449	0.496966	34.3856	-1176.66
-13	481.988	0.413186	-746.139	-833.511
13	552.465	0.354922	91.4107	1180.85
13	729.687	0.849832	-416.592	-1378.75
-13	421.558	0.696011	-653.093	-549.963
-13	422.125	0.732392	742.004	-1340.94
-13	504.111	0.214635	-920.015	-1138.94
13	792.223	1.01301	-485.037	826.564
13	560.771	0.155649	262.098	-734.192
-13	473.339	0.98876	-329.998	192.559
13	574.903	0.586642	1183.53	-841.164
-13	402.659	0.427811	-1113.73	-1018.19
13	2108.55	0.913454	1460.11	-439.163
-13	416.602	0.804617	-1069.38	-54.7575
13	1377.28	1.02935	-235.078	-167.895
-13	606.261	0.515328	1383.33	598.417
-13	548.782	1.16064	16.5794	-156.572
13	516.737	0.583119	1223.39	-1192.16
-13	573.815	0.834614	218.388	217.78
13	428.038	0.914408	843.931	-1456.13
-13	504.799	0.0990841	-421.107	527.382
13	3041.31	0.0015309	-547.337	-252.545
13	463.404	0.853926	-964.77	1105.78
13	681.91	0.415794	-241.379	-576.029
-13	457.182	0.68463	591.099	1475.3
13	489.836	0.0477378	-1071.32	-715.758
13	513.853	0.940164	1495.3	1096.17
-13	422.179	0.342169	-45.0553	1097.16
-13	450.83	0.498002	877.57	794.759
-13	1110.17	0.936368	625.2	1036.23
13	877.886	1.16478	-712.286	-607.803
-13	703.692	1.07376	-78.6152	-56.7333
13	4464.35	0.369725	-595.474	-1347.75
13	681.188	1.13777	-153.673	-453.382
-13	401.741	0.227218	-967.489	-922.393
13	431.374	0.733301	-618.338	-800.699
-13	1323.21	0.773204	154.512	866.536
-13	793.689	0.391232	-635.327	286.585
-13	427.748	0.32857	-969.527	251.264
13	576.149	1.0825	1101.17	-530.591
13	524.335	0.420318	-356.939	-632.499
-13	464.13	0.881963	1364.33	986.122
-13	490.326	0.386059	-235.671	357.738
-13	401.123	0.749828	1378.23	111.429
13	475.979	0.455791	-297.969	663.416
-13	431.861	0.884651	1019.26	577.628
13	509.487	1.1654	846.17	-516.291
-13	404.53	0.392479	831.782	621.653
-13	748.296	0.3992	909.065	271.484
-13	583.895	0.167582	839.441	1159.87
-13	458.336	0.606798	-144.154	-377.134
13	851.98	1.01487	539.204	1453.69
13	565.351	0.995019	222.761	1334.5
-13	914.538	0.750823	1052.95	-211.532
13	579.315	0.454169	548.979	68.932
13	609.943	1.18912	-1410.46	126.289
13	428.361	0.0174029	-655.486	-1090.26
13	568.091	0.36855	803.518	741.299
-13	494.261	0.915679	-508.653	1346.67
-13	423.245	0.854839	-139.933	281.33
-13	578.617	0.125462	-838.038	622.897
-13	495.09	0.76873	359.283	1251.7
13	426.434	0.621953	-147.369	1344.2
-13	662.063	1.10115	-925.931	357.328
-13	475.183	0.28582	225.162	-1090.9
-13	534.654	1.06378	-720.846	151.762
13	475.476	1.13371	625.635	748.752
13	454.554	0.940188	1330.78	1438.22
-13	799.282	0.275468	631.886	-1372.14
-13	512.427	0.145817	745.928	-1091.58
-13	681.641	0.451188	1115.17	912.093
13	445.217	0.458513	539.125	108.817
-13	403.019	1.12642	993.86	421.395
13	1592.14	1.05861	442.737	38.0197
13	474.218	1.21846	595.694	-850.043
13	952.621	1.20396	1392.2	-1156.13
-13	419.725	0.547044	451.888	300.662
-13	487.095	0.437579	1260.25	-1050.16
13	552.962	0.898424	-294.634	475.664
-13	609.684	0.965512	1387.09	-540.716
13	436.914	1.12432	-1245.61	-1031.55
-13	416.143	0.808999	-1312.4	759.581
13	1008.66	0.068183	140.125	991.879
-13	480.23	0.0393619	-1309.51	-197.988
-13	416.355	0.420062	-1056.07	-147.437
13	414.105	0.743447	-242.409	-704.854
-13	432.99	1.09152	-970.457	317.661
-13	482.713	0.608501	1443.42	698.981
-13	531.474	1.13032	-822.003	462.283
13	462.218	0.43361	389.221	-1123.17
-13	504.137	0.69693	-142.179	1187.81
13	537.172	0.384355	-562.672	399.857
-13	411.019	0.200264	519.759	884.433
13	1154.76	1.0914	170.177	698.885
-13	599.321	0.646756	1031.95	-8.79071
-13	538.668	0.675919	288.765	-324.041
-13	600.647	0.904214	828.485	-732.558
13	777.135	1.07308	-854.624	349.603
-13	549.213	0.173488	222.543	1294.67
13	657.581	0.622601	1172.23	695.685
13	428.001	0.192911	-836.098	240.66
-13	439.726	0.350143	115.672	887.708
-13	730.592	1.12395	1413.44	942.254
-13	430.806	0.197659	310.374	-1311.16
-13	672.591	1.1991	-1095.12	-2.02673
-13	841.673	0.100189	-309.167	-742.152
-13	437.519	0.787577	1430.93	-385.958
-13	465.77	0.190137	-640.867	-1076.67
-13	540.684	0.129242	59.0069	-109.404
-13	426.139	0.798513	-1089.07	113.032
13	629.128	0.331946	737.322	1315.66
-13	1351.98	0.383514	-705.521	-253.895
-13	1027.39	0.50748	-350.289	138.263
-13	657.855	0.262837	966.362	-994.916
13	414.257	1.16111	896.285	-549.016
-13	468.822	0.424849	-993.905	-205.725
13	409.514	0.961802	548.006	480.734
-13	470.058	0.541749	1021.84	-415.072
13	405.745	0.188143	-455.818	476.768
-13	809.9	0.458848	-216.183	21.3596
13	817.931	0.181336	757.297	-682.86
-13	546.416	0.809907	-1032.07	-333.997
13	702.266	0.405241	863.646	842.978
13	443.651	0.184208	765.83	-1151.17
-13	452.852	0.651326	-1403.23	1325.41
13	431.379	0.751429	1361.05	-672.727
13	808.932	0.806847	540.537	877.983
13	2333.63	0.393513	-656.852	-1173.82
-13	695.327	0.512969	602.472	-1191.34
13	412.082	0.0916215	-215.241	20.5944
-13	535.143	0.537198	-849.474	-676.569
13	1003.97	0.346894	166.308	-508.864
-13	670.308	0.89023	814.989	203.555
13	863.425	1.10551	753.665	510.865
-13	4184.23	0.101128	-1485.14	-644.957
13	488.502	1.1314	1036.54	800.683
-13	425.381	0.89905	-804.599	-589.809
-13	405.744	0.521349	-9.08376	-1498.76
-13	1482.19	0.569471	505.078	-564.762
13	423.859	1.00319	416.624	-390.238
-13	451.687	1.07827	121.788	-803.706
13	503.974	0.143084	60.0958	-368.358
-13	895.776	0.142549	-1411.68	314.046
-13	2458.8	0.615914	121.923	643.474
13	624.286	0.704291	1038.86	500.437
13	429.544	0.224489	44.4288	560.741
13	404.783	0.852749	858.765	96.6884
13	698.707	0.549936	593.424	575.258
-13	459.508	1.0079	1400.22	72.4289
13	478.846	0.821237	-1076.81	809.043
-13	453.904	0.3471	-733.039	-1062.97
13	430.43	0.911917	599.995	-561.774
13	424.986	0.613502	-72.7547	-548.795
-13	1546.17	0.184019	469.461	-1159.76
13	659.515	0.309876	58.7622	916.214
-13	593.095	0.850709	913.418	-1189.54
13	818.831	0.495189	-1265.16	379.891
13	439.763	0.571424	-646.641	902.508
-13	478.309	0.201666	-857.087	1293.83
-13	557.252	1.12029	347.906	1405.31
-13	441.204	0.662069	-43.7405	947.473
-13	516.586	0.917542	-1392.13	-815.522
-13	739.811	0.999976	758.963	264.501
-13	1491.08	0.550341	694.578	54.7464
13	580.287	0.897205	-860.203	1333.55
13	451.71	0.315378	-848.235	859.441
-13	430.137	0.345099	-457.261	854.605
13	820.593	0.340337	472.746	-382.514
-13	852.928	0.541035	904.472	-1049.21
-13	501.602	0.893483	1066.84	1297.72
-13	492.912	0.106676	442.48	-355.395
-13	507.883	0.515426	835.51	-1399.78
-13	506.101	1.18319	185.386	-1335.24
13	572.313	0.0689376	836.359	113.735
-13	4507.69	1.07035	-1427.55	-669.854
-13	681.435	1.1556	-925.422	1268.27
13	445.089	1.12313	-356.559	1368.52
13	587.662	0.968876	454.28	1404.71
-13	462.333	1.0347	-6.55258	1390.49
-13	455.871	0.0244587	344.97	704.433
13	655.806	0.39119	-852.522	669.705
13	453.002	0.864943	1227.85	-604.663
-13	703.37	0.411734	105.048	-898.745
-13	1670.1	0.296485	149.936	270.957
13	755.988	1.16365	-957.861	-40.7365
-13	406.27	0.271452	-1475.35	822.361
-13	2468.21	0.817583	-1428.81	-224.976
-13	419.963	0.524084	-1336.04	-59.5097
13	792.581	0.838618	-142.158	-854.495
13	668.053	0.793494	-1376.56	-715.592
13	808.9	0.804669	-942.588	1124.93
13	483.8	0.553814	510.89	-130.344
-13	638.029	0.305146	170.582	-1396.43
-13	605.798	0.830282	-874.592	343.535
13	559.755	1.0939	-152.477	943.775
13	549.55	1.15092	930.672	-24.4705
-13	400.674	0.785287	964.615	-249.7
13	475.192	1.06833	1475.16	-432.095
-13	674.79	0.933654	-191.375	839.118
13	676.205	0.771428	-392.538	723.847
-13	724.225	0.442074	-72.4781	-1206.78
13	409.773	0.264225	751.052	-1383.9
-13	843.7	0.770122	1136.42	-640.489
13	1627.7	0.936958	363.705	-1449.93
-13	609.118	1.11214	-1209.93	1171.37
13	594.936	1.12234	-500.122	1410.25
-13	871.397	0.987049	556.6	-915.323
-13	531.016	1.19069	181.287	-29.898
13	414.947	0.161679	1411.92	-1483.4
-13	512.268	1.20387	-1087.47	-924.161
-13	481.662	1.21662	363.872	15.8335
-13	784.884	0.566211	-254.201	156.599
13	4095.16	0.355889	-598.445	685.461
-13	836.379	1.04386	1102.01	-119.514
-13	1107.76	0.786787	-553.849	169.544
13	570.383	0.145778	1478.99	-430.098
13	1069.43	0.363637	1461.63	1443.1
-13	506.213	1.21526	-566.819	-1132.8
-13	896.925	1.12351	-897.242	-730.969
13	696.548	0.041224	998.632	837.896
-13	1598.71	0.178717	-670.76	103.202
13	421.232	0.300857	-419.724	675.599
13	920.379	0.23669	-470.517	81.7592
-13	456	1.16879	-640.419	975.168
13	477.294	1.14377	1171.38	354.959
13	1006.94	1.18842	-1200.42	502.936
13	454.582	1.20581	454.172	-1150.02
13	731.487	0.583374	522.327	966.124
-13	518.138	0.708164	-1441.85	-338.489
-13	404.413	1.13257	1060	-1098.77
-13	492.955	1.00536	-1085.44	-293.308
-13	486.663	1.11962	-676.122	-1204.72
-13	583.606	0.418409	1188.77	970.676
-13	1005.93	1.11701	1412.09	1430.2
-13	452.065	0.70171	-889.472	1045.32
13	414.742	1.07655	-1016.75	-1175.09
-13	571.458	1.00133	-292.896	-1394.89
-13	452.733	1.04711	-111.621	-398.17
13	525.642	0.819317	-1168.89	-1060.98
-13	449.215	0.0885145	-316.269	-1191.57
13	736.948	1.2092	-915.903	414.239
13	1463.64	1.06804	351.765	-689.235
13	526.792	0.434163	-1206.62	-932.108
-13	748.381	0.190268	-1198.39	438.863
13	416.609	0.399403	413.503	-295.975
-13	836.489	1.12733	-1328.25	329.764
-13	534.412	0.996871	-131.61	-642.363
-13	717.824	0.497748	1059.82	-483.173
-13	570.615	0.401184	1474.18	1306.92
13	799.916	1.09373	955.157	-179.52
13	432.29	0.619184	934.81	-856.433
13	676.929	0.828391	1078.45	-587.631
-13	464.106	0.817834	-1065.31	-1388.68
-13	880.268	0.215028	-360.992	-1393.58
-13	885.128	0.157876	172.219	1123.58
-13	1481.93	0.503842	-1014.19	-287.986
-13	452.178	1.12451	-297.595	366.914
-13	486.63	0.0871963	983.501	1200.7
13	7923.04	0.697674	929.706	-238.398
13	442.556	0.734163	-483.582	710.214
13	427.649	0.182955	-1387.02	544.164
13	621.386	0.929785	291.827	393.721
-13	475.765	0.774703	722.419	729.788
-13	774.648	0.847895	-642.982	-50.9279
-13	686.176	0.540337	687.852	-26.3822
13	860.236	0.41467	-538.719	227.058
13	1047.62	0.195912	1171.56	716.479
-13	726.583	0.781649	952.395	-1125.63
-13	463.055	0.762312	-263.555	41.1277
13	953.564	0.250711	1324.63	-1324.07
-13	971.865	1.20399	763.494	-709.717
-13	825.087	0.891456	-205.311	-602.754
-13	447.256	0.394833	737.954	-462.927
13	619.314	0.259278	1288.32	-174.577
13	644.951	1.19354	-728.487	-927.819
13	1382.45	0.647303	-399.432	-1098.45
13	469.375	0.338918	842.165	94.1525
13	678.39	1.13032	435.788	81.7181
-13	829.676	0.11183	-782.756	-678.193
-13	656.709	1.1616	-637.849	-621.464
-13	484.232	0.302453	-625.721	19.3243
13	419.254	0.807458	-91.9584	-252.185
-13	433.939	0.655284	-1363.73	518.78
13	403.837	0.367383	1215.05	-18.4446
-13	467.465	0.805384	493.726	688.477
-13	574.722	0.0881032	1321.45	476.486
-13	810.08	1.15988	780.093	-811.793
13	684.993	0.0630877	-79.5761	614.143
13	1399.91	0.930391	-426.896	787.678
-13	447.065	0.723021	977.225	-536.877
-13	502.984	0.17581	327.945	-1179.74
-13	1502.69	0.736842	468.891	1116.71
13	441.703	0.318701	1205.37	1264.31
13	687.676	0.350471	-999.165	807.239
13	506.109	0.771081	433.63	-502.923
-13	714.024	0.0995182	-784.695	-1078.82
13	760.73	0.38773	-324.221	420.187
13	653.899	0.696613	619.624	-1488.02
13	636.779	1.044	-313.101	-90.4003
13	576.924	0.656963	-205.866	685.924
-13	503.044	0.957051	921.854	-657.875
-13	471.604	0.796414	-1232.31	584.455
-13	495.235	0.86239	-883.083	700.064
-13	825.159	0.847458	694.796	140.581
13	6139.49	1.07977	-521.115	-428.86
-13	624.326	1.00554	-258.831	101.332
-13	508.709	0.943809	878.684	-37.8691
13	471.674	0.242818	-1251.81	448.666
13	1044.57	1.17678	-1390.4	-606.303
-13	439.674	1.00697	-663.381	-685.288
13	468.69	0.65723	-314.473	996.336
13	762.945	0.232211	1275.76	566.525
-13	441.833	0.619282	177.818	-1210.15
-13	644.054	0.715537	-467.197	150.175
13	451.109	1.1959	-519.687	-577.025
13	696.694	0.766331	-1456.86	-1228.21
13	478.917	0.963501	-888.618	-201.132
13	474.773	0.885876	-13.3542	552.054
13	428.359	1.05294	484.345	-1155.86
13	448.455	0.0190737	1388.03	-634.999
-13	847.554	0.866335	1433.66	-96.6145
-13	697.168	0.54217	1153.47	-1004.02
-13	709.367	0.912132	808.265	1337.46
13	407.892	0.894005	1039.87	-799.603
-13	462.988	0.317555	1296.64	-500.813
13	2626.18	0.291439	81.7943	1456.57
13	438.04	1.11278	634.855	1130.99
-13	490.405	1.09848	124.708	592.764
-13	708.39	0.677828	-700.175	-1360
13	435.874	0.854209	-1489.95	-949.136
13	458.978	0.0128559	-1116.21	-654.878
-13	540.74	0.217518	249.203	871.457
-13	497.919	0.687235	293.379	-419.351
-13	710.706	1.02701	-420.576	280.432
13	825.375	0.690518	-472.854	246.478
-13	528.448	0.111051	1084.3	-556.278
-13	461.56	1.05219	769.108	-809.849
-13	585.672	0.752237	-250.129	-86.1532
13	582.889	0.721741	-683.216	-964.025
-13	448.285	1.06172	-984.263	-1019.64
-13	435.674	0.720438	-1328.62	630.511
13	801.06	0.304528	167.039	-1120.48
13	1110.67	1.00717	-267.917	1157.9
13	587.261	0.602585	1043.26	-461.937
13	462.474	0.463494	-1062.1	-939.173
13	656.892	0.970912	-1315.03	-186.568
-13	594.823	0.743694	-169.114	-435.223
13	542.452	0.774871	673.044	631.76
-13	466.405	1.09944	-482.883	305.58
-13	415.037	0.101766	-1490.07	106.386
-13	435.117	0.119941	1186.92	136.873
-13	910.49	0.0398381	120.304	254.757
-13	1598.23	1.13613	1026.37	365.466
-13	992.123	0.622803	2.74178	317.148
13	408.389	0.55606	787.388	-1337.2
13	426.973	0.64387	-1391.44	473.592
13	552.842	0.461034	767.041	870.891
-13	485.113	0.515965	-396.821	595.746
13	659.487	1.12783	-350.303	-1028.74
13	525.241	0.914389	-255.262	384.23
-13	456.264	0.689514	894.834	1439.71
13	590.115	1.03157	-414.837	38.4413
-13	2271.83	0.638454	-550.892	-162.62
-13	407.935	0.608923	740.933	671.947
-13	553.917	0.931996	-78.3556	1309.68
-13	1015.72	0.915529	-84.2785	-1390.33
-13	1490.28	0.745778	-323.316	1053.64
13	404.968	1.03923	666.844	433.728
-13	605.91	1.0988	309.748	-182.455
-13	595.062	0.909442	1325.42	-423.262
13	790.423	0.724154	-96.7677	737.766
-13	445.292	0.914205	-461.22	907.285
-13	512.511	0.931751	-29.2943	-279.821
-13	460.264	1.04943	-799.953	-761.998
-13	630.352	0.519635	-891.426	1152.24
-13	536.008	0.781525	-993.882	639.581
13	724.588	0.633464	-992.084	1424.8
-13	927.069	0.967181	212.737	364.888
-13	904.834	0.730804	834.633	1256.96
-13	561.419	0.449095	244.879	211.98
13	492.049	0.19118	-73.8502	-1328.29
13	626.488	1.17848	415.076	215.082
-13	1245.15	1.09983	-1029.76	-60.0397
-13	417.674	0.145974	839.511	-308.911
-13	438.421	0.494086	-329.694	569.971
-13	677.732	0.359459	-1491.74	1224.86
-13	582.955	0.477023	709.716	467.339
-13	593.144	0.757315	-1185.45	449.815
-13	414.391	0.535439	-1123.02	467.056
13	567.899	0.732053	-293.975	88.1112
-13	800.454	0.977767	-951.786	-1120.83
-13	435.77	0.7752	-1483.98	1298.79
-13	787.652	0.0761967	-1320.57	-1255.71
13	440.097	0.0189024	-213.999	526.142
13	649.592	0.616544	-970.657	1258.17
-13	414.489	0.501332	-28.2112	1076.15
13	565.564	1.0901	1150.3	936.934
13	785.009	0.891904	-706.165	-222.787
-13	432.486	1.21002	-1311.77	76.9283
-13	748.137	0.8266	1151.7	-950.029
-13	494.407	0.974685	820.015	379.3
-13	413.238	0.192219	19.0546	-913.182
-13	407.249	0.244458	1229.68	-1447.03
-13	754.589	0.910437	-1315.25	1353.96
-13	494.962	0.998346	-881.208	1401.82
13	1101.8	0.852875	1475.88	1070.83
13	495.019	0.489476	-1411.58	1232.18
13	504.866	0.0298856	-1255.4	1133.02
-13	440.875	0.915799	1115.08	-544.884
-13	564.076	0.856004	142.837	1458.43
-13	716.694	0.25233	-945.135	-1458.78
-13	1110.09	0.61012	-422.651	1487.39
13	405.053	0.168706	394.571	159.402
-13	713.141	0.752523	1319.8	-47.405
-13	1570.95	1.13218	-130.13	-339.24
-13	430.9	0.187723	1161.84	1484.48
13	702.452	0.336277	-1401.98	-1026.77
13	926.834	0.803126	-829.603	-978.195
-13	471.435	0.174327	1119.5	729.365
-13	445.045	0.775526	-361.841	-998.408
-13	901.936	0.135104	-1236.84	-945.941
-13	471.161	0.880296	-979.462	-80.182
13	659.986	0.434969	-769.388	-369.778
-13	591.615	0.00589627	1195.48	-242.407
13	566.501	1.09461	-610.791	-154.687
-13	588.935	0.104162	-39.621	-569.18
-13	596.024	1.11613	-582.929	-1009.54
13	1161.93	0.937604	383.516	438.195
-13	725.764	0.711415	654.031	529.18
-13	447.108	0.846226	-191.039	1171.96
-13	482.197	1.03442	-967.942	956.627
-13	608.918	0.825418	-1042.83	277.667
-13	400.509	0.347932	470.624	-638.279
13	499.978	0.201574	-1331.67	693.145
13	529.641	0.126271	-1334.15	-609.121
13	657.762	1.04487	350.768	-1158.82
-13	412.546	0.929292	1350.57	577.043
-13	519.462	0.0677726	14.5948	310.938
13	439.519	0.0922843	-1165.68	201.375
13	1309.61	0.69961	-533.287	-183.179
13	531.449	0.496966	34.3856	-1176.66
-13	481.988	0.413186	-746.139	-833.511
13	552.465	0.354922	91.4107	1180.85
13	729.687	0.849832	-416.592	-1378.75
-13	421.558	0.696011	-653.093	-549.963
-13	422.125	0.732392	742.004	-1340.94
-13	556.325	1.12411	-609.243	-1241
-13	506.842	0.733288	1374.94	-153.713
-13	565.158	1.08164	1076.38	737.026
-13	541.229	1.06638	-762.087	-111.647
-13	588.407	1.06392	935.936	-709.056
-13	406.572	0.981972	-507.613	-219.88
13	406.936	0.439306	-570.372	611.508
-13	568.67	1.01074	-1417.93	1025.37
-13	618.177	0.970922	-208.657	-486.796
-13	764.302	0.649557	-144.525	1407.94
-13	507.786	0.739535	877.85	-1104.39
-13	476.353	1.09435	1323.73	827.195
-13	1215.03	0.200389	496.553	-259.762
-13	666.442	1.01521	559.684	1405.19
13	580.295	0.237471	-700.389	-671.49
-13	2030.57	0.453867	339.618	-387.521
-13	422.591	0.0690693	488.718	1480
-13	610.786	0.962407	1134.93	-1403.94
13	540.281	0.650904	-1235.97	-1439.92
13	1337.05	0.0955086	-518.747	-1417.55
13	1370.06	0.589192	-1131.33	735.345
13	505.477	0.94808	303.604	-449.043
-13	431.029	1.15742	-976.101	-1461.28
-13	412.516	0.533089	536.534	972.864
-13	672.192	0.651251	629.354	761.258
-13	415.945	0.361377	20.2272	983.186
-13	709.025	0.638592	858.743	-1384.97
13	817.239	0.992122	-382.408	1481.9
-13	415.483	1.17348	-360.49	282.583
-13	614.902	0.662714	-939.316	1359.47
13	608.36	1.10585	-453.666	1199.34
-13	532.667	0.585179	1457.78	919.724
-13	430.3	0.430638	612.745	-703.226
13	455.858	0.403284	-1347.23	625.669
13	693.657	0.397459	-1200.54	-1018.44
13	407.651	0.586657	-1032.92	-654.08
13	458.598	0.991161	-456.293	-744.958
-13	444.413	0.234695	499.187	1442.89
-13	800.716	0.962988	489.844	1285.34
-13	458.53	1.15866	867.94	178.401
13	469.046	0.722381	-1217.48	1276.92
-13	474.38	0.874031	216.745	711.522
13	820.593	0.340337	472.746	-382.514
-13	852.928	0.541035	904.472	-1049.21
-13	501.602	0.893483	1066.84	1297.72
-13	492.912	0.106676	442.48	-355.395
-13	507.883	0.515426	835.51	-1399.78
-13	506.101	1.18319	185.386	-1335.24
13	572.313	0.0689376	836.359	113.735
-13	4507.69	1.07035	-1427.55	-669.854
-13	681.435	1.1556	-925.422	1268.27
13	445.089	1.12313	-356.559	1368.52
13	587.662	0.968876	454.28	1404.71
-13	462.333	1.0347	-6.55258	1390.49
-13	455.871	0.0244587	344.97	704.433
13	655.806	0.39119	-852.522	669.705
13	453.002	0.864943	1227.85	-604.663
-13	703.37	0.411734	105.048	-898.745
-13	1670.1	0.296485	149.936	270.957
13	755.988	1.16365	-957.861	-40.7365
-13	406.27	0.271452	-1475.35	822.361
-13	2468.21	0.817583	-1428.81	-224.976
-13	419.963	0.524084	-1336.04	-59.5097
13	792.581	0.838618	-142.158	-854.495
13	668.053	0.793494	-1376.56	-715.592
13	808.9	0.804669	-942.588	1124.93
13	483.8	0.553814	510.89	-130.344
-13	638.029	0.305146	170.582	-1396.43
-13	605.798	0.830282	-874.592	343.535
13	559.755	1.0939	-152.477	943.775
13	549.55	1.15092	930.672	-24.4705
-13	400.674	0.785287	964.615	-249.7
13	475.192	1.06833	1475.16	-432.095
-13	674.79	0.933654	-191.375	839.118
13	676.205	0.771428	-392.538	723.847
-13	724.225	0.442074	-72.4781	-1206.78
13	409.773	0.264225	751.052	-1383.9
-13	843.7	0.770122	1136.42	-640.489
13	1627.7	0.936958	363.705	-1449.93
-13	609.118	1.11214	-1209.93	1171.37
13	594.936	1.12234	-500.122	1410.25
-13	871.397	0.987049	556.6	-915.323
-13	531.016	1.19069	181.287	-29.898
13	414.947	0.161679	1411.92	-1483.4
-13	503.228	0.290509	-1465.41	860.445
-13	474.59	1.12486	1115.18	555.735
13	499.252	0.0103066	187.028	285.852
13	685.619	0.238818	-1393.25	-1452.58
-13	429.501	0.384498	1225.63	-1454.71
13	414.368	0.00584389	545.17	-525.177
-13	473.121	0.193635	-1046.96	863.267
-13	1031.65	1.1791	-1459.99	-1050.86
-13	684.176	0.0075426	941.186	224.18
-13	845.157	0.617622	1490.51	613.867
-13	439.279	1.04953	-955.633	893.244
13	429.31	1.15482	-1257.58	-1104.73
13	735.076	1.01976	770.169	-1058.72
-13	479.593	0.8386	106.712	492.353
13	581.677	1.09494	348.056	957.577
13	534.973	0.329784	-888.317	509.496
13	565.491	1.04575	1141.51	-892.996
-13	534.032	1.10009	1490.45	374.377
13	447.963	0.0625811	-1132.95	-438.845
-13	405.566	0.815815	-232.813	-544.853
-13	1878.83	1.0777	679.645	545.856
-13	431.973	0.0663765	-872.983	-491.68
-13	444.123	1.1487	-60.9672	-614.191
-13	497.305	0.989566	-227.583	429.795
-13	662.221	1.0722	1246.5	568.427
13	433.553	1.17072	-651.261	-1231.43
13	527.995	0.494266	-916.649	790.986
-13	411.325	0.976909	-661.631	-1370.7
-13	403.703	1.04431	598.824	-1281.63
-13	528.108	0.0722493	843.565	-964.868
13	688.212	0.288209	-1075.26	830.097
-13	700.496	0.31392	1157.76	780.927
13	1173.28	1.17777	581.519	-1240.9
13	1422.38	0.896258	-485.731	1261.62
13	457.137	0.741745	672.037	-574.211
13	460.116	0.463273	802.579	414.507
13	479.763	0.55079	-50.8077	-1321.71
13	1426.63	1.05215	-989.369	-1194.65
-13	1977.74	0.354952	-40.6867	547.573
-13	540.813	0.497635	-1049.26	249.883
-13	731.002	1.07795	192.803	-1320.67
-13	542.902	0.0561475	1354.03	-319.867
-13	1207.85	0.588544	451.485	-1041.55
13	912.032	1.07302	70.9937	-34.2729
-13	1025.29	1.05317	325.432	-1057.55
-13	723.44	1.02918	-1204.53	59.8285
13	820.114	0.174493	1423.04	-286.083
-13	451.469	0.401945	-1412.24	1101.79
-13	492.446	0.941217	115.416	-833.538
-13	466.164	0.437422	-1164.64	796.562
-13	431.748	0.766911	9.02645	-1190.84
13	407.554	0.400219	-1275.74	463.184
13	571.854	0.665737	789.3	-1261.6
-13	552.83	1.13233	192.215	-1043.55
-13	510.639	0.921566	-0.558391	-9.78297
13	873.605	1.1726	766.762	-1257.81
-13	800.142	0.0610324	-1325.72	933.224
-13	475.287	0.998131	-480.29	209.999
13	584.917	1.11881	-570.531	-1347.82
13	1942.47	0.176127	1259.95	291.456
-13	417.712	0.631072	136.761	1378.3
-13	450.697	0.767493	-853.734	-599.009
-13	503.886	0.474643	-1417.37	-1435.62
-13	502.08	0.780726	1248.12	787.717
-13	462.083	0.413637	-256.894	-469.479
13	597.629	1.11749	-247.758	427.235
-13	400.407	0.768268	390.74	13.6012
-13	465.459	1.12829	-1117.43	-470.55
-13	439.134	0.622559	171.458	-1006.73
13	910.36	0.194816	788.599	674.27
-13	481.997	0.32719	-89.2412	640.989
-13	514.934	1.12196	498.696	-53.7039
13	504.326	1.1829	-512.369	1452.57
13	455.466	0.318658	1393.39	-923.798
-13	664.606	1.05448	-1401.74	799.557
-13	1456.71	0.0597886	-264.015	-279.573
-13	975.153	0.100652	-109.965	248.315
13	402.564	0.588753	-1118.26	-1284.47
13	581.059	0.463304	-1321.28	1008.88
-13	830.995	1.02721	548.715	346.958
13	1134.32	1.14989	691.808	1283.54
13	505.819	0.713579	-503.82	-189.442
13	440.96	0.48995	1346.94	840.468
13	554.244	0.37346	-546.964	211.185
13	689.291	0.408077	-762.021	346.638
13	501.292	0.315263	35.4041	1263.82
-13	507.519	0.610068	762.258	360.064
-13	472.487	1.15919	-613.838	355.415
-13	530.464	1.08264	-277.553	-1055.61
-13	887.807	1.04185	-1323.66	-603.733
-13	574.463	1.11343	-1223.71	-943.712
13	1270.15	1.00044	-848.415	605.39
-13	689.863	0.17988	187.094	1207.75
-13	647.245	0.516509	-732.566	-1233.94
13	453.929	0.101476	243.454	4.0801
-13	665.917	1.22023	498.688	-275.056
-13	1016.09	0.882169	-844.339	170.806
13	965.06	0.994437	-185.567	-151.049
-13	418.979	0.0421168	-612.564	-585.172
-13	428.299	1.0313	290.515	-1064.19
-13	480.86	1.00755	-1049.25	-1264.43
13	1105.44	0.843456	-1323.89	520.245
-13	429.062	1.02757	-206.038	454.889
-13	501.052	0.908383	773.544	900.087
-13	475.627	0.244397	982.715	-1445.9
-13	587.566	0.944082	-1053.67	-1436.74
-13	667.44	0.726275	160.131	1226.75
-13	969.377	0.323943	200.127	-217.092
13	652.547	0.0167725	335.901	492.996
-13	412.882	0.584464	-182.953	-226.823
13	1923.84	0.696223	-992.05	-613.004
-13	951.587	1.00752	539.173	-14.1428
-13	400.132	0.371753	-1336.43	1116.43
-13	447.952	0.118396	759.786	1485.04
-13	716.505	0.807052	547.216	1050.82
-13	402.477	0.0378427	716.277	-1312.34
13	534.19	0.828433	1347.95	-979.321
13	768.878	1.2113	1369.12	-231.138
13	470.917	0.563019	880.932	576.363
-13	482.471	0.486031	-756.583	-1376.1
13	848.844	1.21328	322	-940.348
-13	492.161	1.04723	606.471	-608.622
-13	563.385	0.471389	-90.7644	1319.28
13	2308.89	0.129118	342.941	-77.4191
13	482.397	0.541096	-1010.05	-1387.67
13	498.281	0.964146	-1116.49	885.932
-13	1635.52	0.986794	219.094	-779.611
-13	411.466	1.01527	-985.449	674.415
13	606.182	1.08474	1004.66	1200.48
13	578.678	0.220225	-762.906	-1401.59
13	566.373	0.355462	730.645	-89.2151
13	412.113	0.681456	947.647	871.602
13	654.703	0.413873	776.215	-111.121
13	468.284	0.117231	1349.29	-446.15
-13	501.778	0.788633	-422.619	959.689
13	473.323	0.526435	-1479.7	-681.262
-13	451.886	0.951377	-302.478	347.397
13	576.772	0.378344	597.886	902.76
-13	715.124	0.788942	-762.375	-287.993
13	486.78	0.534309	682.493	187.899
13	581.482	0.342973	-1143.76	-90.9176
-13	664.904	0.71949	-1433.96	-1166.53
-13	454.993	0.474482	-123.963	1370.73
-13	2420.09	0.940185	-926.702	391.032
-13	726.472	0.981148	1418.19	1290.28
-13	795.522	0.851302	218.372	426.895
-13	549.642	0.627396	-670.634	-286.436
13	662.06	0.101032	868.778	-787.684
13	2157.98	0.56488	-308.765	-287.711
13	506.564	1.15444	-301.94	-274.372
13	443.715	1.11088	381.186	-1230.18
-13	745.622	0.834374	-370.587	-361.32
-13	740.855	1.20477	-1429.96	-1427.93
-13	716.697	0.771133	1431.63	104.714
13	470.645	0.184729	934.98	-267.01
13	2097.79	0.667077	-1337.86	37.8242
-13	567.756	0.818901	830.067	939.625
13	522.432	0.83368	-541.701	913.107
-13	632.559	0.959075	-1094.41	-937.844
13	581.662	0.929025	-121.439	-671.239
-13	589.747	1.1535	-967.99	-1161.9
-13	533.3	1.08721	1003.97	-754.743
-13	760.398	1.0787	910.02	1104.55
13	1450.11	0.867514	1494.99	1406.83
13	876.387	0.0593938	-374.169	-967.362
-13	605.726	0.354999	809.672	-920.144
13	3984.62	0.650644	-1392.18	352.893
-13	524.55	0.994415	-759.168	-184.152
-13	957.611	0.444432	356.409	-612.81
-13	568.651	0.656608	-1196.04	643.812
13	559.212	0.972477	-909.517	43.4328
-13	493.841	1.18891	-122.475	-967.865
13	411.209	0.664686	1233.79	1179.34
13	611.007	0.52087	1300.81	-832.747
-13	1123.27	0.749306	657.958	-860.549
-13	607.146	0.638182	-1297.86	-768.733
-13	425.049	0.912754	468.946	-1455.41
13	672.583	0.327831	-1287.37	-863.224
13	456.082	0.800531	337.527	-1236.81
-13	442.415	0.653697	275.966	-1216.21
-13	479.817	0.255864	461.308	-704.364
-13	446.191	0.205636	-1432.88	1340.4
-13	433.609	0.504141	-407.522	924.848
13	410.765	0.218693	-784.823	-77.0352
-13	847.457	1.09909	550.293	-1206.44
-13	703.001	0.372858	913.429	-1249.05
-13	456.936	0.993015	-302.74	-1387.32
-13	707.146	1.09765	-447.87	1367.77
-13	481.264	0.282251	-179.574	494.4
-13	538.29	0.89555	-1278.68	-357.606
13	1593.72	0.2917	264.076	-1037.12
13	613.277	1.21574	612.328	913.362
-13	439.128	0.946354	-266.202	-1188.88
13	828.411	0.709303	-1167.71	367.914
-13	655.187	0.337879	1345.24	-1405.27
-13	575.57	0.418087	1278.37	1133.66
13	456.427	0.120014	1325.47	1117.03
13	462.989	0.467358	781.61	-59.2617
-13	461.897	0.359022	-1109.99	780.27
-13	1216.55	0.370184	362.868	-424.202
13	585.458	0.0519981	-635.325	534.189
13	424.863	0.730349	428.209	1206.37
-13	458.453	0.950031	1080.29	142.887
-13	512.531	1.06181	174.596	-544.183
-13	433.255	0.362289	-241.026	-1364.18
-13	400.675	0.711185	926.464	-1037.03
13	401.089	1.14795	-125.399	-922.792
-13	431.459	0.344936	965.971	-211.518
-13	629.472	0.277544	1214.32	-92.2721
-13	949.069	0.409005	902.683	-469.262
13	991.017	0.0172129	-457.12	1212.57
13	443.938	1.01111	541.925	-1363.37
-13	672.449	0.402926	1171.23	1091.31
13	545.756	0.30113	1188.12	1018.76
-13	701.095	0.398918	-661.394	-211.386
-13	548.417	0.955109	856.833	343.024
13	775.876	1.02516	-150.933	266.544
13	465.655	1.10495	-996.441	-655.237
-13	484.646	1.15902	1424.62	-20.1843
-13	626.796	0.347959	373.681	380.533
-13	406.888	1.12991	1112.41	1472.58
13	933.725	0.924795	333.386	105.701
-13	534.1	1.19828	-1116.73	-1349.15
-13	456.265	0.782476	-1356.65	1325.51
-13	467.867	0.784121	1182.54	-29.6601
13	892.652	1.17137	-978.541	-568.578
13	438.645	0.442056	-133.418	175.374
-13	472.04	1.10135	1393.06	-675.84
-13	775.812	0.470398	254.27	815.053
-13	497.553	0.796092	1232.85	-247.337
-13	719.433	0.0641423	-745.37	400.926
-13	552.958	0.917289	486.598	1143.47
13	714.57	1.15493	774.164	558.063
-13	563.651	0.336919	751.029	155.262
-13	414.736	0.271052	235.229	-876.657
13	749.47	0.913889	-787.101	-861.921
13	490.303	1.19748	66.5325	35.4569
-13	448.539	0.991273	-139.664	792.996
13	2367.08	1.15526	-583.119	586.949
-13	431.055	0.407714	-95.3478	-447.455
-13	422.557	0.947319	-1435.01	-741.772
-13	1422.78	0.957152	-281.551	183.616
13	734.789	0.438315	-817.224	-993.709
-13	428.731	0.855142	432.371	426.143
13	418.838	1.01761	89.7032	-476.986
-13	662.703	0.112258	366.584	-356.807
-13	433.959	1.0725	703.172	-1179.97
13	410.273	0.495488	-1443.89	982.043
13	409.915	0.216662	979.303	645.721
-13	453.52	0.99584	1387.83	1285.8
-13	455.88	0.0142647	1278.16	1416.84
-13	517.758	1.0546	166.051	1220.62
13	505.521	0.753413	983.499	401.03
-13	558.197	1.00967	-1126.48	514.41
-13	564.189	1.03039	584.83	70.2168
13	469.828	0.354714	-495.086	-1206.78
-13	835.265	0.648659	833.862	434.884
13	741.672	1.2168	-862.389	1159.66
-13	514.032	0.642124	960.211	-49.6003
13	431.487	0.318586	1059.62	-803.71
-13	477.759	0.506173	557.899	-422.369
13	428.966	0.693499	-1346.34	1235.27
-13	565.509	0.67245	-1014.9	-179.108
13	865.518	1.14618	1042.08	-890.335
13	506.252	0.296161	-1096.93	141.804
-13	494.251	1.06546	1113.47	795.46
13	7923.04	0.697674	929.706	-238.398
13	442.556	0.734163	-483.582	710.214
13	427.649	0.182955	-1387.02	544.164
13	621.386	0.929785	291.827	393.721
-13	475.765	0.774703	722.419	729.788
-13	774.648	0.847895	-642.982	-50.9279
-13	686.176	0.540337	687.852	-26.3822
13	860.236	0.41467	-538.719	227.058
13	1047.62	0.195912	1171.56	716.479
-13	726.583	0.781649	952.395	-1125.63
-13	463.055	0.762312	-263.555	41.1277
13	953.564	0.250711	1324.63	-1324.07
-13	971.865	1.20399	763.494	-709.717
-13	825.087	0.891456	-205.311	-602.754
-13	447.256	0.394833	737.954	-462.927
13	619.314	0.259278	1288.32	-174.577
13	644.951	1.19354	-728.487	-927.819
13	1382.45	0.647303	-399.432	-1098.45
13	469.375	0.338918	842.165	94.1525
13	678.39	1.13032	435.788	81.7181
-13	829.676	0.11183	-782.756	-678.193
-13	656.709	1.1616	-637.849	-621.464
-13	484.232	0.302453	-625.721	19.3243
13	419.254	0.807458	-91.9584	-252.185
-13	433.939	0.655284	-1363.73	518.78
13	403.837	0.367383	1215.05	-18.4446
-13	467.465	0.805384	493.726	688.477
-13	574.722	0.0881032	1321.45	476.486
-13	810.08	1.15988	780.093	-811.793
13	684.993	0.0630877	-79.5761	614.143
13	1399.91	0.930391	-426.896	787.678
-13	447.065	0.723021	977.225	-536.877
-13	502.984	0.17581	327.945	-1179.74
-13	1502.69	0.736842	468.891	1116.71
13	441.703	0.318701	1205.37	1264.31
13	687.676	0.350471	-999.165	807.239
13	506.109	0.771081	433.63	-502.923
-13	714.024	0.0995182	-784.695	-1078.82
13	760.73	0.38773	-324.221	420.187
13	653.899	0.696613	619.624	-1488.02
13	636.779	1.044	-313.101	-90.4003
13	576.924	0.656963	-205.866	685.924
13	483.427	1.02065	630.415	-1427.57
13	410.694	1.12672	1098.4	-1067.64
13	537.957	0.765552	175.315	768.38
-13	500.4	0.839829	-1171.7	1418.66
13	416.945	1.16194	460.215	396.167
-13	677.204	1.08413	72.0236	1367.86
13	504.062	1.08767	-324.615	926.392
13	636.028	0.260638	-644.61	-848.049
13	942.222	0.988582	-1165.37	1256.56
-13	422.681	1.12321	-665.681	-285.601
-13	550.671	0.801682	1486.7	629.719
13	413.547	0.390284	-274.033	-998.097
13	641.439	0.340735	213.409	-1426.56
-13	558.591	0.739935	-1033.62	1488.31
-13	568.366	0.682297	-405.597	1293.61
13	452.345	0.982753	651.187	-573.171
13	484.924	1.00498	1090.66	-1227.57
-13	556.03	0.962923	406.037	-1354.44
-13	1047.52	1.18827	-59.3968	628.655
-13	548.194	0.0219884	-1236.76	-170.976
-13	593.181	0.651069	359.884	-987.007
13	433.832	0.102284	-798.609	-1028.27
-13	4323.67	0.0831176	-1039.14	1085.51
13	664.894	1.14566	-245.565	-1009.01
13	565.619	1.13831	1461.34	-1478.8
-13	561.805	0.749498	-1051.57	-682.03
13	702.664	0.674804	-1269.18	-449.911
-13	538.996	1.18149	1120.06	1269.47
13	513.622	0.484105	-1339.85	-93.8146
-13	465.567	0.737136	1007.51	454.484
-13	536.866	1.0855	1297.13	-1234.94
-13	499.615	1.16987	1065.71	365.068
13	617.05	0.363976	-431.139	733.764
-13	456.035	0.678344	-877.435	-382.706
13	446.467	0.478472	804.462	248.816
-13	802.906	0.0357105	-257.804	380.868
-13	1381.35	0.39536	-953.935	907.951
-13	407.643	0.277609	745.978	974.218
-13	565.622	0.111585	1328.87	-857.782
-13	557.385	1.13754	-450.458	341.214
13	489.327	0.532271	-1299.92	548.838
13	800.183	0.95018	-154.55	922.229
13	627.413	1.21243	-440.367	-732.482
-13	559.916	0.539957	-257.267	47.4487
13	566.842	0.862124	-1425.32	1132.08
-13	529.928	0.973553	-729.284	-289.076
13	447.705	0.382506	855.028	-61.1452
-13	465.742	0.148029	-569.885	-1326.59
-13	753.304	1.19702	1444.81	1357.63
13	824.722	0.778299	-144.2	-1055.12
13	468.383	1.10927	1149.56	884.656
13	1704.24	0.151642	290.334	-515.379
13	457.45	0.194116	1254.37	-1268.87
-13	577.064	1.0021	-992.848	-871.995
13	425.702	0.22549	-348.448	229.956
-13	456.792	0.927856	-1031.03	-172.264
-13	405.373	1.09923	-163.966	241.294
13	665.434	1.17908	-910.872	226.595
13	486.614	0.647169	1177.91	-1295.19
13	635.812	0.708491	846.321	22.9551
13	632.623	0.271194	-118.879	210.49
-13	702.608	0.417259	671.796	-1041.85
-13	407.343	0.21026	-809.114	-406.316
-13	661.159	0.950639	-824.129	-720.034
-13	1375.65	1.15015	-814.142	951.257
-13	629.113	0.898252	945.292	6.358
-13	617.74	0.319089	1255.74	660.522
-13	607.086	0.490718	173.422	-86.6996
13	1235.16	0.469344	1411.71	-822.962
-13	844.871	0.831752	-55.0987	-764.715
-13	645.542	1.15696	-1207.29	554.966
-13	437.996	0.713205	524.036	-332.997
-13	620.535	0.501519	896.301	439.327
-13	1204.82	1.21515	1028.08	434.81
-13	488.786	0.291231	-1153.67	452.197
-13	488.145	0.172065	507.004	442.459
13	557.727	0.0260532	-477.511	-1201.02
13	439.419	0.280025	-908.581	356.004
13	880.981	1.03037	-323.041	1195.71
13	421.583	1.00154	203.208	-928.063
-13	748.462	1.18241	699.297	1246.31
13	1448.15	0.56973	-1397.36	-247.097
13	531.353	0.837789	1373.64	1038.42
13	415.545	0.491893	1484.21	-502.429
-13	664.631	1.01011	144.066	-970.036
-13	722.429	1.03379	421.682	-976.338
-13	409.281	0.675533	-1201.68	222.497
-13	465.046	0.908161	1371.48	-750.56
-13	486.168	0.74091	138.217	910.947
-13	469.561	0.889862	-443.762	-1161.08
13	437.097	0.614334	395.473	-236.799
13	458.788	0.235392	-542.174	-495.403
13	960.022	0.740068	662.179	-67.3102
-13	551.813	0.633304	-443.569	-1148.17
-13	564.441	0.00450323	-404.804	1015.39
-13	778.205	0.691628	297.523	-894.583
-13	449.386	0.343582	-1031.2	-1157.16
13	401.033	0.832351	-839.145	650.666
13	546.582	0.0385416	-233.828	-74.21
-13	910.925	1.04107	-1387.46	-278.524
13	844.6	0.791065	-201.256	-67.0156
-13	1001.31	0.209768	418.912	-437.103
-13	535.434	0.891393	-1095.59	378.754
13	650.848	0.776163	-1222.73	-92.5612
-13	582.644	0.678549	1267.56	1396.9
-13	400.869	1.05225	-1478.71	640.344
13	1097.47	1.18756	-1201.76	-126.503
13	750.51	0.767841	-92.7416	-1053.34
-13	1120.14	0.765358	-944.118	745.784
-13	2448.86	0.924256	69.101	202.462
13	737.796	0.223381	-1183.82	1198.31
-13	465.397	0.542136	-807.854	1218.39
-13	538.207	1.20908	52.5334	-1213.15
-13	645.89	0.0341616	-1079.79	920.666
-13	596.506	0.334377	-468.741	1191.33
13	487.252	0.0655268	174.453	-27.9136
-13	458.56	0.084667	-903.856	1064.93
-13	537.6	1.16362	696.687	-630.873
13	500.766	1.152	316.953	-1182.77
-13	547.219	0.664611	582.605	-254.23
13	402.254	0.762487	1136.53	-181.428
-13	574.438	1.16942	1290.09	1355.31
-13	719.769	0.288578	-304.766	212.933
13	539.79	0.288206	103.676	28.5555
13	630.972	0.85908	216.736	342.789
13	417.873	1.1911	-1255.55	834.325
-13	448.721	1.13633	-1409.05	892.93
13	1334.92	0.823769	-532.604	508.86
13	430.562	0.0715464	705.539	-837.286
-13	477.873	0.735845	-764.372	-308.155
-13	1569.92	1.04972	-598.369	174.719
13	474.503	0.296479	328.489	-164.032
-13	494.295	0.143761	-1138.44	1112.37
-13	1082.99	0.540477	-52.6645	-933.128
13	504.811	0.196081	-1492.02	-995.047
13	557.195	1.14808	990.13	567.094
13	564.384	0.969073	-1174.81	-1323.72
-13	633.624	0.902541	1074.87	-1295.74
13	798.767	1.04513	539.877	1349.2
13	544.319	0.546009	1130.92	1107.22
-13	512.268	1.20387	-1087.47	-924.161
-13	481.662	1.21662	363.872	15.8335
-13	784.884	0.566211	-254.201	156.599
13	4095.16	0.355889	-598.445	685.461
-13	836.379	1.04386	1102.01	-119.514
-13	1107.76	0.786787	-553.849	169.544
13	570.383	0.145778	1478.99	-430.098
13	1069.43	0.363637	1461.63	1443.1
-13	506.213	1.21526	-566.819	-1132.8
-13	896.925	1.12351	-897.242	-730.969
13	696.548	0.041224	998.632	837.896
-13	1598.71	0.178717	-670.76	103.202
13	421.232	0.300857	-419.724	675.599
13	920.379	0.23669	-470.517	81.7592
-13	456	1.16879	-640.419	975.168
13	477.294	1.14377	1171.38	354.959
13	1006.94	1.18842	-1200.42	502.936
13	454.582	1.20581	454.172	-1150.02
13	731.487	0.583374	522.327	966.124
-13	518.138	0.708164	-1441.85	-338.489
-13	404.413	1.13257	1060	-1098.77
-13	492.955	1.00536	-1085.44	-293.308
-13	486.663	1.11962	-676.122	-1204.72
-13	583.606	0.418409	1188.77	970.676
-13	1005.93	1.11701	1412.09	1430.2
-13	452.065	0.70171	-889.472	1045.32
13	414.742	1.07655	-1016.75	-1175.09
-13	571.458	1.00133	-292.896	-1394.89
-13	452.733	1.04711	-111.621	-398.17
13	525.642	0.819317	-1168.89	-1060.98
-13	449.215	0.0885145	-316.269	-1191.57
13	736.948	1.2092	-915.903	414.239
13	1463.64	1.06804	351.765	-689.235
13	526.792	0.434163	-1206.62	-932.108
-13	748.381	0.190268	-1198.39	438.863
13	416.609	0.399403	413.503	-295.975
-13	836.489	1.12733	-1328.25	329.764
-13	534.412	0.996871	-131.61	-642.363
-13	717.824	0.497748	1059.82	-483.173
-13	570.615	0.401184	1474.18	1306.92
13	799.916	1.09373	955.157	-179.52
13	432.29	0.619184	934.81	-856.433
13	676.929	0.828391	1078.45	-587.631
-13	464.106	0.817834	-1065.31	-1388.68
-13	880.268	0.215028	-360.992	-1393.58
-13	885.128	0.157876	172.219	1123.58
-13	1481.93	0.503842	-1014.19	-287.986
-13	452.178	1.12451	-297.595	366.914
-13	486.63	0.0871963	983.501	1200.7
13	844.68	0.413079	526.754	-1000.45
13	487.207	0.563571	1044.7	-1472.88
13	1435.66	0.683317	-936.08	577.51
13	425.687	0.964811	169.566	364.442
-13	435.684	0.227183	-593.769	-1044.08
-13	616.486	1.01925	-273.812	-1439.23
-13	495.794	0.634368	1104.04	442.83
-13	647.862	0.751795	-1311.6	-440.498
-13	522.273	0.133381	-1163.2	-1349.34
-13	447.773	0.197896	-874.504	950.546
13	641.306	0.878607	1098.64	1140.8
13	433.519	0.275527	-792.575	120.151
-13	776.481	0.277462	173.874	-594.01
13	769.681	0.493707	961.796	37.8005
13	448.358	0.269673	1104.91	558.584
-13	645.578	0.494362	123.001	552.58
-13	501.935	0.844795	-179.945	245.961
-13	737.734	1.15658	-206.354	553.112
13	571.527	0.733333	1492.32	625.271
-13	466.952	0.0963979	684.331	61.9657
-13	433.912	0.0578803	-396.809	1331.41
13	818.325	1.1541	-55.8444	1429.13
13	416.493	1.20284	1069.94	-1084.38
13	738.969	0.388931	1400.87	-134.47
13	575.619	1.04305	829.627	-527.94
-13	425.645	0.115284	623.881	-1227.65
-13	1127.03	1.06398	-698.905	-767.518
-13	1182.56	0.639353	8.00512	1119.57
-13	447.72	0.370712	-1368.1	-1088.67
-13	439.906	0.692749	327.483	1174.59
-13	476.487	0.202559	1373.13	-692.213
-13	400.438	1.1416	-1233.22	-507.842
-13	540.35	0.602603	1329.16	124.317
-13	843.293	1.21207	254.906	-1456.28
13	484.448	0.139505	1454.04	191.135
13	692.905	0.295606	706.473	-1395.82
-13	1578.57	0.672649	743.963	71.4919
-13	526.445	0.830906	-1315.66	-522.109
-13	491.396	1.03171	1234.56	-705.118
13	481.33	0.478166	-488.84	250.036
13	794.467	1.08061	-1140.4	1473.74
13	483.416	0.390298	1418.15	-67.501
-13	463.831	0.968726	423.92	-1009.62
-13	424.091	0.334121	7.15497	1476.11
-13	1122.06	0.27545	654.899	-1227.96
13	1498.23	0.324555	-818.973	-751.671
-13	548.949	0.653652	-210.029	683.432
-13	436.671	0.768065	726.27	-1120.6
13	500.247	1.13284	-445.59	545.989
13	727.73	0.86738	-749.953	527.68
13	540.02	1.11911	11.0123	633.761
-13	619.943	0.489325	35.9108	240.863
-13	596.896	0.562662	-559.999	-189.561
13	410.429	0.774657	603.81	628.886
-13	1057.11	0.111192	-1199.98	-820.02
-13	558.731	1.02248	-1259.49	-614.679
-13	620.103	1.13491	-48.9288	-895.314
-13	421.724	0.447237	254.045	1098.76
13	470.321	0.0288234	-643.761	-546.138
-13	464.495	0.565944	943.441	-1394.1
13	597.26	1.15756	-1485.5	-948.183
-13	646.641	1.12749	1070.99	-564.431
-13	508.666	0.819556	1149.1	-409.762
13	952.873	1.13178	-1054.68	-605.227
-13	1707.38	0.389756	1214.63	30.1473
-13	467.768	0.358471	948.622	-644.745
-13	447.266	0.218415	1180.89	327.738
-13	420.749	0.224337	1263.73	-660.78
-13	429.455	0.474114	-663.661	25.0651
-13	665.488	0.833048	-672.853	317.03
-13	577.404	0.0594724	-136.866	1277.12
13	513.133	0.280385	1299.21	-64.2547
-13	476.921	0.498315	272.166	-413.551
-13	2786.37	0.936226	-111.483	985.681
13	426.362	0.0465001	-237.947	908.15
-13	1028.5	1.04514	1182.59	1063.62
-13	571.101	1.1963	250.958	1498.59
-13	446.965	0.899317	-437.643	167.216
13	515.737	0.920258	937.958	811.357
13	488.623	0.367088	-1130.76	-744.368
13	486.397	1.12278	-654.281	-363.858
13	564.495	1.08245	1296.57	-1295.32
13	971.577	0.289793	636.791	-857.449
-13	697.291	1.21086	868.701	-1331.14
-13	405.842	0.153954	-141.779	380.406
-13	682.099	1.20933	-1091.79	708.525
-13	466.1	0.650593	496.017	75.0165
-13	620.969	0.0899363	-943.6	1152.14
-13	533.147	0.594158	26.2088	199.532
13	708	1.21175	727.924	1096.45
-13	467.679	0.761642	380.162	-664.876
13	544.452	0.858692	-648.204	986.422
-13	414.162	0.0428068	-995.991	-461.641
-13	504.364	0.098606	1401.17	789.145
13	465.169	0.0223773	-1416.96	-1169.81
13	564.706	0.682455	-333.41	-87.5845
13	483.093	0.666195	689.901	1231.15
-13	415.106	0.820556	812.175	-956.713
13	819.294	1.0459	-1482.67	555.322
-13	412.698	0.402801	-35.1464	1274.39
13	437.091	0.46884	1068.51	1024.33
-13	589.154	1.05328	387.894	-1274.27
13	498.027	0.392599	266.183	-3.30928
13	604.683	0.810743	469.529	-29.496
-13	699.452	0.342692	288.714	79.8658
-13	884.366	1.04053	1181.86	822.536
-13	697.726	0.636956	-1497.29	-1443.39
-13	426.717	0.0687271	-544.477	1304.01
13	414.858	0.569053	433.154	934.049
13	1255.48	0.329676	-227.782	-1399.6
-13	429.413	0.291568	-1028.07	21.8243
13	708.347	0.993046	-298.753	947.677
13	820.831	0.646738	-123.963	-884.042
-13	2542.44	0.0221867	-1342.42	-95.1357
-13	1057.72	0.943633	104.301	-1163.8
13	403.641	0.107522	-354.593	-783.871
13	525.338	0.687901	-32.6166	628.297
13	476.805	1.08822	-843.608	787.599
-13	509.862	0.786949	-865.768	1494.55
-13	450.608	1.13023	-1242.08	-353.428
13	565.321	0.964604	-1198.14	-821.531
-13	455.785	1.12358	757.979	937.366
-13	493.048	0.077397	-234.34	1333.8
-13	472.951	1.1923	-727.7	-887.204
-13	532.149	1.03716	-699.639	888.257
-13	672.358	0.495986	653.79	222.728
13	2401.63	0.642882	-1068.16	-478.814
13	452.593	1.20687	-1244.49	-146.36
13	600.264	0.507962	-1166.71	1474.28
-13	455.161	0.279269	1178.93	748.207
-13	414.363	0.124085	866.03	934.084
13	1536.87	0.554044	-209.233	719.729
13	756.526	1.05599	-310.338	-446.125
-13	465.434	1.03891	-1374.11	-1260.88
-13	844.349	0.195679	-316.116	-1084.4
-13	400.577	0.364508	-876.561	-113.101
-13	527.325	0.0660455	370.745	-1288
13	434.822	0.173156	176.957	-1262.07
13	551.537	0.98285	559.772	-1445.38
-13	877.204	0.782158	1164.98	-223.427
13	419.958	0.524701	431.445	95.2499
-13	1120.87	1.12773	1070.45	-195.18
-13	483.708	1.01699	-1278.41	-1027.42
-13	684.303	0.801815	829.91	839.322
-13	1191.38	0.879708	437.087	180.324
13	405.039	0.144697	557.731	953.133
13	413.675	0.136961	580.379	251.132
-13	403.848	0.0400892	-205.582	-1361.59
-13	443.708	0.114499	-1297.97	-313.574
13	447.258	0.961394	-560.025	200.31
-13	455.249	0.586681	685.385	-1292.81
13	882.079	0.996844	6.02492	-685.085
-13	502.983	0.656653	-569.078	1204.16
-13	438.962	1.17067	327.619	1477.68
13	673.769	0.620378	-874.532	-524.74
-13	418.158	0.773778	-136.019	1103.96
-13	1283.46	0.490426	-903.832	839.191
-13	1302.13	1.20749	1492.23	5.12074
-13	460.36	0.880239	-179.819	801.583
-13	454.936	0.487666	-541.468	-798.715
-13	447.639	0.462209	-1484.4	997.833
13	430.562	0.853196	996.4	582.34
13	428.816	1.03615	-99.6422	-1289.57
13	857.924	0.73522	-459.149	-1192.07
-13	406.661	0.266957	-259.768	1421.99
13	419.423	0.521234	-1324.6	382.276
-13	651.047	0.832012	1468.84	-921.078
13	700.527	0.913896	429.526	1330.16
-13	734.534	0.20181	1126.31	837.029
-13	455.305	0.907786	-1339.51	-874.595
13	425.027	0.522645	825.165	-1360.45
13	542.897	0.640658	874.475	-1166.11
13	629.796	1.13386	-1120.89	48.8217
-13	1004.59	0.918511	577.221	-1381.81
-13	498.736	0.874486	-1336.44	-446.184
-13	487.803	1.18483	-887.068	1367.61
-13	557.673	1.0467	-93.69	-428.293
13	559.764	0.976605	-1366.47	-481.667
-13	876.292	0.34898	883.116	672.51
-13	441.207	0.14725	-170.282	341.872
-13	551.274	0.157751	-608.999	-1354.36
-13	515.211	0.547734	129.657	101.14
13	552.387	0.716508	-1426.3	616.543
13	788.83	1.14644	-1234.24	827.331
-13	574.886	0.980502	412.255	957.597
-13	440.004	0.905925	1422.38	736.122
13	642.942	0.668036	-1089.97	-1421.96
13	528.434	0.663186	243.043	-1477.01
-13	486.287	1.13498	-407.041	1189.67
13	920.167	0.680332	-299.365	-353.231
13	630.187	0.214981	607.531	492.845
13	419.449	0.919007	1267.15	-667.414
-13	529.22	1.18387	199.884	1256.1
13	740.242	0.587712	-863.362	-817.735
13	545.193	0.164607	-920.704	-562.476
-13	528.924	0.933203	10.8839	1347.94
13	783.662	0.0451602	-969.158	-481.724
13	532.752	1.0459	-450.033	-238.404
13	462.245	0.986349	-1392.93	-231.631
13	766.634	0.633214	1264.61	688.444
13	644.007	0.0735019	38.2494	325.27
-13	418.677	0.721736	913.57	-1408.94
13	518.94	0.756731	14.6038	793.929
13	445.502	1.19965	1338.61	1080.78
-13	586.498	0.872274	14.2151	111.379
13	475.868	0.092495	204.35	-417.069
13	755.615	1.11422	1223.97	550.295
-13	423.121	0.522943	229.164	936.51
13	1013.52	0.567642	-70.0602	-793.079
-13	697.694	0.00977648	1301.08	647.049
-13	761.54	0.751818	-1221.91	798.815
13	421.078	0.634272	44.2228	-1435.79
13	1398.48	0.383022	530.524	576.334
-13	574.509	0.343081	-688.364	711.302
13	486.026	0.953602	169.196	206.291
-13	639.641	0.364141	-309.87	375.32
-13	753.987	0.344147	517.213	142.113
-13	410.285	0.298491	-22.7213	-85.8145
13	586.637	0.668539	-721.732	-70.1491
-13	591.86	0.577774	379.011	911.417
13	868.372	0.723996	-301.436	1363.54
-13	846.238	1.07173	1199.35	1047.03
-13	556.495	1.16517	-379.191	-1194.03
-13	835.063	1.14878	-1252.3	131.2
-13	424.583	0.190106	-862.783	-779.646
-13	564.146	1.21191	1272.55	885.979
-13	428.621	0.84311	-354.117	34.4738
-13	855.408	0.0369743	708.862	187.535
13	500.604	1.16597	1336.61	-779.993
13	583.869	0.88741	896.163	-1392.51
-13	804.934	1.15142	990.769	1223.33
-13	825.461	0.716363	-1061.69	1089.44
13	414.142	0.644116	-566.843	-139.259
-13	493.174	0.965459	-1037.17	-705.229
-13	453.75	0.949606	1427.25	173.358
-13	475.731	0.786318	1419.78	1314.68
-13	623.881	0.727146	-55.2392	1052.23
-13	471.888	0.314341	54.9154	-1174.11
-13	450.342	0.822801	1499.64	-1425.92
-13	851.682	0.582202	101.922	-910.512
-13	611.193	0.649434	-660.372	-887.82
-13	671.789	0.77404	1274.06	-1125.99
13	516.451	0.852138	1357.68	1391.52
-13	671.146	0.268737	167.582	-243.466
-13	586.217	0.233912	946.204	1154.9
-13	501.195	1.12708	356.712	-1439.03
-13	801.867	0.448913	1274.29	658.365
-13	482.539	0.608103	-38.9957	318.447
-13	488.85	0.987339	230.214	1113.66
13	909.641	0.392999	281.071	1079.48
-13	427.669	0.683909	897.077	-110.324
-13	519.944	0.488613	1170.88	-1455.94
13	475.793	0.755833	1133.01	719.082
13	591.148	1.22065	-1205.98	-1391.7
-13	424.815	0.35092	1376.38	-969.718
13	432.929	1.0859	876.921	254.621
-13	573.634	0.126688	-1083.54	-1105.93
13	470.354	0.276765	-290.267	790.632
-13	1133.85	1.04048	-176.998	1027.96
13	425.976	1.00058	-127.97	-1283.76
13	872.118	1.08451	-701.773	62.7728
13	503.592	0.527168	363.316	-771.263
-13	444.01	1.09469	-71.8012	1229.8
13	615.184	0.730379	-93.8567	1023.58
-13	455.602	0.00852911	-1424.24	181.804
-13	769.894	1.18219	-372.435	-580.315
-13	504.111	0.214635	-920.015	-1138.94
13	792.223	1.01301	-485.037	826.564
13	560.771	0.155649	262.098	-734.192
-13	473.339	0.98876	-329.998	192.559
13	574.903	0.586642	1183.53	-841.164
-13	402.659	0.427811	-1113.73	-1018.19
13	2108.55	0.913454	1460.11	-439.163
-13	416.602	0.804617	-1069.38	-54.7575
13	1377.28	1.02935	-235.078	-167.895
-13	606.261	0.515328	1383.33	598.417
-13	548.782	1.16064	16.5794	-156.572
13	516.737	0.583119	1223.39	-1192.16
-13	573.815	0.834614	218.388	217.78
13	428.038	0.914408	843.931	-1456.13
-13	504.799	0.0990841	-421.107	527.382
13	3041.31	0.0015309	-547.337	-252.545
13	463.404	0.853926	-964.77	1105.78
13	681.91	0.415794	-241.379	-576.029
-13	457.182	0.68463	591.099	1475.3
13	489.836	0.0477378	-1071.32	-715.758
13	513.853	0.940164	1495.3	1096.17
-13	422.179	0.342169	-45.0553	1097.16
-13	450.83	0.498002	877.57	794.759
-13	1110.17	0.936368	625.2	1036.23
13	877.886	1.16478	-712.286	-607.803
-13	703.692	1.07376	-78.6152	-56.7333
13	4464.35	0.369725	-595.474	-1347.75
13	681.188	1.13777	-153.673	-453.382
-13	401.741	0.227218	-967.489	-922.393
13	431.374	0.733301	-618.338	-800.699
-13	1323.21	0.773204	154.512	866.536
-13	793.689	0.391232	-635.327	286.585
-13	427.748	0.32857	-969.527	251.264
13	576.149	1.0825	1101.17	-530.591
13	524.335	0.420318	-356.939	-632.499
-13	464.13	0.881963	1364.33	986.122
-13	490.326	0.386059	-235.671	357.738
-13	401.123	0.749828	1378.23	111.429
13	475.979	0.455791	-297.969	663.416
-13	431.861	0.884651	1019.26	577.628
13	509.487	1.1654	846.17	-516.291
-13	404.53	0.392479	831.782	621.653
-13	748.296	0.3992	909.065	271.484
-13	583.895	0.167582	839.441	1159.87
-13	458.336	0.606798	-144.154	-377.134
13	851.98	1.01487	539.204	1453.69
13	565.351	0.995019	222.761	1334.5
-13	914.538	0.750823	1052.95	-211.532
13	579.315	0.454169	548.979	68.932
-13	475.76	1.01359	489.933	-417.2
13	621.789	1.03923	1419.24	961.653
13	472.725	0.126874	-1137.44	-892.873
-13	510.806	1.22097	-1226.9	209.684
13	1125.25	1.21692	-1003.61	969.28
-13	486.967	1.1047	-1120.13	-337.311
-13	514.427	0.575119	457.129	608.067
13	457.035	0.487556	458.496	921.957
-13	893.397	1.13615	-674.411	-704.566
-13	422.397	0.230765	260.205	-692.162
13	684.308	0.106588	492.263	996.38
-13	757.297	1.1593	-360.251	1345.88
13	577.291	0.62535	-306.116	-1055.4
13	438.562	0.834661	-1326.64	-1019.78
13	525.838	1.01027	767.46	933.56
13	681.394	0.299066	-631.02	-278.978
13	579.054	1.08262	308.146	-286.068
-13	475.38	0.174587	-207.909	-791.653
-13	461.653	0.53356	1102.17	506.543
13	1397.36	0.788763	-530.319	-795.09
-13	527.559	1.22154	-800.804	-1480.63
13	511.253	0.710402	-368.759	82.5998
13	1199.04	1.16259	-697.751	809.543
13	441.508	0.667808	-192.781	58.1248
-13	427.35	0.018797	1349.15	1095.56
-13	421.662	0.0139445	-513.705	788.554
13	424.726	1.1144	13.595	417.556
-13	457.718	0.0724157	-208.782	-1332.6
-13	442.924	0.836343	-1469.57	-658.185
13	453.031	0.996693	862.462	-1368.59
-13	470.542	1.11011	-115.033	-717.94
13	516.477	0.577959	958.504	1002.62
-13	417.647	0.876798	1032.04	-1395.07
-13	422.437	0.728767	299.773	619.496
13	492.56	0.801443	-396.847	998.642
-13	439.315	0.266437	-432.832	-301.183
-13	744.72	0.704491	-833.865	-1214.93
13	606.315	0.423188	1027.02	-1447.74
-13	588.2	1.08229	385.35	-1150.98
13	424.573	0.230889	1003.24	901.504
13	579.473	0.496696	-600.88	1332.41
-13	486.079	0.00242445	499.654	-1440.03
-13	402.056	0.505909	-1435.32	-659.691
-13	458.727	0.578973	488.055	1412.88
-13	500.242	0.664338	161.414	-792.794
13	426.452	0.296042	491.057	91.659
-13	417.535	0.710286	-798.088	-451.561
-13	492.944	1.06777	-276.529	1429.44
13	469.375	0.402934	-1009.75	-900.916
-13	830.223	0.876799	1470.25	-815.607
-13	495.954	1.18292	1383.78	284.917
-13	414.03	0.472064	-467.953	1490.99
-13	600.624	0.605183	1365.12	-877.971
-13	660.614	1.12478	-1037.25	998.841
-13	512.817	0.118072	-801.115	-1001.75
-13	670.865	0.903775	-504.526	102.685
-13	522.504	0.973943	-1065.61	-1392.95
13	501.419	0.376502	715.544	959.361
13	496.09	0.996639	-451.078	-275.97
13	557.922	0.614395	1372.24	359.161
13	1118.79	0.800407	-651.504	247.845
-13	401.763	0.779339	1382.43	761.191
13	603.931	0.490633	-640.164	-107.035
13	435.173	1.04293	912.487	-647.447
13	774.866	0.105723	-883.853	-616.23
13	561.709	0.809208	-754.12	-25.4542
-13	649.805	0.0967917	97.2024	71.1059
13	1178.64	0.549256	-801.974	-1282.12
-13	458.24	0.95301	426.947	-834.733
13	1095.75	1.0175	-669.494	367.968
-13	583.218	1.01399	-642.666	1429.23
13	1919.17	0.5825	-378.145	583.17
-13	440.297	0.646557	-334.085	-472.042
13	1457.83	0.761509	819.035	-851.479
13	481.827	0.65155	-999.217	-1327.38
-13	462.379	1.04839	240.688	1458.85
13	628.2	0.727277	1191.97	-1234.76
-13	545.432	1.21781	-737.888	-972.304
-13	1575.22	0.766159	-621.487	-751.847
-13	463.912	0.913544	853.969	454.876
13	646.465	1.16913	-1293.81	814.505
-13	707.711	0.672802	-988.236	-1038.14
13	914.732	0.302959	-59.4656	-265.771
-13	602.801	0.635784	-1293.49	-1452.46
-13	424.827	0.388129	722.211	-1151.12
-13	431.369	0.58446	-223.656	1137.03
-13	458.287	0.844343	486.028	826.608
-13	475.407	0.707335	-888.544	-1396.1
-13	524.249	1.13281	-184.55	1173.31
13	417.935	0.505997	-152.281	-767.305
-13	477.435	0.399257	-624.033	-723.172
-13	447.67	0.961434	980.745	-194.85
-13	630.102	0.843204	-617.627	324.024
13	602.8	0.623313	-1012.45	-1131.07
13	484.19	0.492783	394.794	-77.4881
-13	439.059	0.930621	208.456	989.247
13	710.209	1.20918	-840.597	-832.824
-13	2909.33	0.878887	394.153	-1135.93
13	411.406	0.67745	828.052	697.722
13	570.309	0.428496	1118.19	-344.08
-13	921.736	1.20044	927.072	-361.63
-13	413.189	0.956222	517.802	399.224
-13	595.342	0.357408	232.267	1152.71
13	586.944	0.584238	546.072	825.482
-13	440.726	0.353564	-677.047	479.58
13	547.544	0.192048	-880.045	-1404.72
-13	462.68	0.296231	-462.854	-1156.51
13	542.999	0.378262	454.622	-1402.56
13	772.885	0.974836	-607.038	1478.15
-13	766.445	0.861947	339.561	-1133.1
-13	895.3	0.649018	1478.99	-1305.41
13	499.097	0.420876	-263.611	528.231
-13	568.424	0.296047	898.195	-167.527
-13	483.946	0.522553	349.586	-1028.41
-13	462.877	1.05318	938.963	-352.344
13	866.771	0.510429	1191.26	1083.92
13	953.909	0.239083	-916.488	335.68
-13	773.795	0.749678	359.331	621.779
13	613.915	1.09312	-1252.96	-602.43
-13	416.669	0.654291	169.304	1283.41
-13	476.873	1.15917	-1281.07	-605.31
13	612.53	0.692447	-677.76	703.641
-13	697.72	0.964322	693.894	1335.68
-13	1041.75	0.664171	1337.22	-556.873
-13	418.555	1.07417	-718.707	1385.55
-13	522.861	0.432496	177.343	137.53
-13	414.424	0.237644	611.671	-98.6625
-13	674.187	0.959816	297.042	-1421.49
13	592.824	0.955213	-435.26	403.67
-13	1035.68	0.962179	1280.57	200.214
13	519.29	0.141783	779.304	-1433.63
-13	543.733	0.283944	-16.5892	-1080.41
-13	466.85	0.898458	255.37	-1096.65
-13	495.892	0.341688	-769.599	-951.518
13	461.64	0.587676	-704.478	1491.29
-13	683.539	0.488716	1475.22	315.843
13	805.405	0.0301455	-651.64	-403.05
-13	484.697	0.844606	544.502	-753.459
-13	408.444	0.839361	1149.52	1211.55
13	668.789	0.500462	1366.02	-1189.17
13	675.956	0.518201	912.446	785.644
-13	423.991	0.409014	878.031	-181.276
-13	595.974	0.898882	1095.51	578.835
13	809.882	0.813075	-1074.77	704.358
13	509.692	0.587494	1292.62	1325.22
-13	462.224	0.449395	1219.22	-1021.19
-13	651.576	0.662318	-343.451	732.049
13	405.745	0.188143	-455.818	476.768
-13	809.9	0.458848	-216.183	21.3596
13	817.931	0.181336	757.297	-682.86
-13	546.416	0.809907	-1032.07	-333.997
13	702.266	0.405241	863.646	842.978
13	443.651	0.184208	765.83	-1151.17
-13	452.852	0.651326	-1403.23	1325.41
13	431.379	0.751429	1361.05	-672.727
13	808.932	0.806847	540.537	877.983
13	2333.63	0.393513	-656.852	-1173.82
-13	695.327	0.512969	602.472	-1191.34
13	412.082	0.0916215	-215.241	20.5944
-13	535.143	0.537198	-849.474	-676.569
13	1003.97	0.346894	166.308	-508.864
-13	670.308	0.89023	814.989	203.555
13	863.425	1.10551	753.665	510.865
-13	4184.23	0.101128	-1485.14	-644.957
13	488.502	1.1314	1036.54	800.683
-13	425.381	0.89905	-804.599	-589.809
-13	405.744	0.521349	-9.08376	-1498.76
-13	1482.19	0.569471	505.078	-564.762
13	423.859	1.00319	416.624	-390.238
-13	451.687	1.07827	121.788	-803.706
13	503.974	0.143084	60.0958	-368.358
-13	895.776	0.142549	-1411.68	314.046
-13	2458.8	0.615914	121.923	643.474
13	624.286	0.704291	1038.86	500.437
13	429.544	0.224489	44.4288	560.741
13	404.783	0.852749	858.765	96.6884
13	698.707	0.549936	593.424	575.258
-13	459.508	1.0079	1400.22	72.4289
13	478.846	0.821237	-1076.81	809.043
-13	453.904	0.3471	-733.039	-1062.97
13	430.43	0.911917	599.995	-561.774
13	424.986	0.613502	-72.7547	-548.795
-13	1546.17	0.184019	469.461	-1159.76
13	659.515	0.309876	58.7622	916.214
-13	593.095	0.850709	913.418	-1189.54
13	818.831	0.495189	-1265.16	379.891
13	439.763	0.571424	-646.641	902.508
-13	478.309	0.201666	-857.087	1293.83
-13	557.252	1.12029	347.906	1405.31
-13	441.204	0.662069	-43.7405	947.473
-13	516.586	0.917542	-1392.13	-815.522
-13	739.811	0.999976	758.963	264.501
-13	1491.08	0.550341	694.578	54.7464
13	580.287	0.897205	-860.203	1333.55
13	451.71	0.315378	-848.235	859.441
-13	430.137	0.345099	-457.261	854.605
13	447.004	0.934821	-722.645	492.547
-13	518.903	0.650618	-694.825	1286.83
-13	719.004	1.07795	-1070.67	918.545
13	407.558	1.0123	579.502	-1198.19
13	620.244	1.16417	75.7547	1304.52
-13	775.294	0.038031	1007.1	1155.58
-13	765.536	1.07799	661.816	1133.89
13	781.51	0.159355	960.208	-735.224
-13	438.749	0.147939	-968.462	557.612
-13	662.152	0.761362	-4.82671	-541.34
13	786.025	1.07074	-84.3838	-494.801
-13	671.094	0.418725	981.32	-1207.01
13	688.243	0.268659	-1184.44	406.328
-13	811.556	0.847097	29.9528	-1050.94
13	1353.84	0.827733	33.9763	-1466.59
13	711.84	0.0911231	1429.63	-51.0464
13	432.693	0.751501	-1.32909	585.944
-13	425.463	0.747451	-1160.24	51.2121
13	1106.9	0.753248	-1476.76	832.562
13	401.438	0.0711321	-1366.27	755.151
-13	565.58	0.709172	-310.23	1118.02
-13	431.155	0.404519	1197.9	195.073
13	402.713	1.20333	900.825	-450.826
13	578.942	0.804135	1002.49	1196
13	800.762	0.352466	159.647	338.595
13	1418.68	0.946897	749.117	534.313
-13	1102.72	1.1651	-230.925	-730.709
-13	1783.09	0.575524	846.757	-1387.92
-13	402.884	0.839038	821.926	-870.635
13	459.781	0.965492	-32.3673	-1338.35
-13	547.026	0.513064	-1341.78	1371.76
13	428.643	0.472682	-279.181	1161.72
13	502.181	0.74536	473.238	-1023.6
-13	509.979	0.657435	880.29	6.09244
13	490.33	0.398611	539.622	-1392.87
13	496.632	0.922127	990.476	-158.731
13	481.955	0.821949	1222.47	41.3015
13	1001.48	0.728471	561.705	1210.92
-13	746.096	0.581766	-266.387	912.107
-13	1290.11	0.0914358	1372.99	1202.43
-13	432.216	0.0876003	1383.36	-159.07
13	589.468	0.0919325	260.13	-465.856
13	812.398	0.393203	918.976	537.584
-13	632.879	0.484781	1146.56	-107.382
-13	445.793	1.12697	1438.19	431.089
13	459.941	1.15267	-1346.82	1044.98
-13	1432.85	0.164084	673.499	158.212
-13	708.546	0.109999	1007.25	404.505
-13	578.596	1.1258	-150.521	-936.291
-13	569.806	0.50721	1014.33	814.643
-13	759.883	1.09431	416.55	-1459.61
13	420.251	0.579237	1441.25	-1185.63
-13	411.071	0.282819	1382.51	-1323.19
13	475.115	0.330405	1467.94	654.338
-13	713.728	0.344381	-240.323	943.125
-13	718.646	0.492155	-1015.39	153.511
13	516.394	0.84864	-616.283	984.99
-13	774.495	0.316902	198.954	53.1479
-13	606.673	0.893882	-81.9605	1264.33
13	526.553	1.05205	-244.762	593.216
13	698.677	1.14457	315.231	549.793
-13	501.574	0.907214	1090.39	-350.027
-13	475.718	0.787657	-152.638	1004.25
13	757.994	0.758347	258.296	-1079.83
13	1378.18	0.0912836	924.866	42.5198
13	447.307	0.987692	-650.381	155.422
-13	483.46	0.895892	233.421	-664.396
-13	490.825	0.482425	-305.875	557.163
13	541.791	0.621477	91.672	108.396
13	400.581	0.880102	1350.58	-935.361
-13	1591.53	1.17336	-369.555	-703.157
13	546.925	0.570382	-825.486	268.9
13	1053.81	0.288155	1398.21	1167.4
-13	1330.28	1.19321	-112.07	-1330.21
13	438.541	0.839758	1267.03	152.322
-13	710.104	0.761961	1477.25	417.882
-13	416.068	0.0328153	773.311	1165.89
-13	615.487	0.0769869	-1328.41	625.358
-13	484.631	1.11362	-532.385	-397.323
-13	416.526	0.630209	1101.53	1079.45
-13	426.552	0.709649	-1192.1	511.156
-13	984.2	0.671199	-310.127	-1446.37
13	435.138	0.236617	769.136	-812.652
13	433.192	0.777276	1004.37	-1462.3
-13	513.581	1.15544	70.2536	1358.34
-13	457.611	0.159746	1267.3	-740.876
13	475.484	0.686518	856.237	585.941
13	423.331	0.933514	-360.375	-121.271
13	782.696	0.551118	-382.712	223.742
-13	499.345	1.18884	-569.317	-752.174
-13	401.225	1.07527	1162	344.925
-13	483.718	1.07025	1387.95	-1101.28
13	775.068	0.558591	565.842	717.495
13	402.679	0.460009	-1023.6	-384.175
13	1301.13	0.673051	84.6305	1079.24
-13	540.411	0.731637	1079.3	565.714
-13	673.547	0.525919	-1319.81	-779.001
13	560.206	0.860969	297.268	477.424
13	437.506	0.990101	-1151.92	827.31
-13	523.678	0.735124	-527.273	-630.376
-13	1086.37	0.43452	592.298	1207.14
-13	432.341	1.16793	-520.002	-441.017
-13	540.059	0.278581	1094	407.057
-13	543.354	1.14313	-557.932	-950.52
-13	426.137	1.17949	-476.554	-126.203
13	980.024	0.571394	-344.953	900.623
-13	786.413	0.822174	-1214.85	-1164.53
-13	519.937	0.542942	1375.48	355.153
-13	679.492	0.92129	-1410.51	-221.942
-13	435.357	1.19748	649.67	-61.4701
-13	400.095	0.679298	1336.78	955.551
-13	469.457	0.17516	544.089	688.192
-13	489.722	0.194603	-1447.45	1170
-13	926.685	0.221805	739.229	603.136
13	1288.8	0.788475	-935.795	874.737
-13	517.438	0.871736	-723.747	-524.076
-13	499.961	0.745735	-922.268	-679.505
-13	879.502	1.18315	-652.11	-1414.33
13	422.474	0.594247	496.912	1115.89
-13	1321.36	1.06308	412.067	968.687
13	537.656	1.21824	930.395	142.376
13	606.799	0.256412	560.712	-1453.1
13	485.834	0.0280084	1128.13	-978.507
-13	783.44	0.712689	301.369	303.988
13	583.912	0.0884293	-496.717	1427.06
-13	445.816	0.509957	-53.1687	888.92
-13	464.743	1.11062	-1158.87	531.649
-13	479.868	0.459864	1219.22	703.525
13	410.532	1.10847	1436.49	-1287.56
-13	407.936	0.216825	-376.951	-791.915
-13	997.662	0.0707007	648.632	-1497.56
13	792.488	1.05809	400.361	462.362
-13	661.026	1.12108	988.142	-1473.26
-13	968.951	0.139624	-1060.22	-29.1195
13	545.116	0.405589	1172.27	745.013
-13	1256.33	1.11128	-561.378	789.227
-13	777.075	0.9004	672.548	494.043
-13	683.037	0.369444	-436.584	-133.335
13	404.714	0.858769	115.353	-851.479
13	420.818	0.454668	-1347.64	-1440.15
-13	729.583	0.468686	1035.43	-318.156
-13	684.62	0.839874	605.351	441.454
13	490.729	0.29311	-537.887	-903.378
13	1487.76	0.427161	40.6037	-295.405
-13	479.371	0.488942	92.4195	476.217
-13	478.477	0.363024	-1377.42	-13.6064
-13	441.907	1.20589	212.955	-1316.12
13	582.636	0.591631	-1448.11	788.275
13	495.725	0.263042	343.646	1350.01
-13	812.227	0.961199	1115.96	702.267
-13	483.328	1.20264	420.538	1352.14
-13	535.207	0.948281	1195.13	949.721
-13	844.685	0.762632	1124.94	-579.46
13	424.324	0.745528	749.157	-1099.81
-13	585.594	1.00739	521.825	-1065.4
-13	742.214	0.910924	-1280.25	752.897
13	667.35	0.780266	1377.47	-404.903
-13	817.965	1.06252	1290.89	-1332.2
-13	674.944	0.0329669	-1467.44	-161.088
-13	548.477	1.05547	1491.45	1232.49
13	428.865	0.881599	-1047.46	-1220.27
13	531.269	0.876625	1355.5	1428.73
13	591.224	0.187781	891.576	-1078.63
-13	454.289	0.0708169	-1321.2	-823.014
-13	788.408	0.405315	-329.834	216.571
-13	474.934	0.259645	821.997	-702.613
13	874.673	0.708045	699.009	-282.554
-13	555.403	0.647369	-275.378	-739.14
-13	695.242	0.0573602	-1045.29	705.111
-13	434.96	0.0259572	1379.72	1136.19
13	511.933	1.1819	151.419	894.755
-13	642.516	0.593853	957.723	1070.03
-13	548.507	0.336322	1229.03	994.81
-13	1185.81	0.51449	-938.545	-1318.87
13	440.127	0.953061	-566.928	450.218
-13	599.485	0.597011	-1184.74	-381.932
-13	499.122	0.305284	-1258.9	1219.19
-13	889.809	1.1258	-730.612	535.154
-13	1129.65	0.799785	1021.15	-88.2374
13	412.475	0.682496	-115.703	402.843
-13	758.961	0.785355	-703.73	-1220.69
-13	468.776	0.0226397	-122.679	-45.0787
-13	437.692	0.316568	-612.252	-631.309
13	444.805	1.05526	393.541	-1453.56
-13	417.587	0.651142	-11.2111	844.253
-13	2355.32	0.76529	-809.543	-456.018
-13	564.898	0.465755	626.68	-386.751
13	638.71	0.746402	-304.231	-929.295
13	963.575	1.09494	1073.06	-14.6274
13	1045.63	1.1025	-1169.62	-1336.11
-13	455.245	0.758366	-741.566	-39.7824
-13	497.695	0.498102	469.454	348.973
-13	452.769	0.0393019	-615.487	-1415.47
13	491.634	1.2117	276.073	852.162
-13	528.572	0.858725	844.191	-465.283
-13	811.292	0.274801	-381.25	-1423.07
-13	541.037	1.10044	-1418.12	-511.394
-13	500.795	0.788426	-1173.82	470.543
-13	768.383	1.11985	915.171	859.128
13	492.246	1.11476	819.921	1134.24
13	1257.39	1.0024	488.386	801.511
-13	553.581	0.689202	839.21	198.32
13	984.242	0.628097	45.7113	629.905
-13	576.797	0.43044	-642.446	-189.255
-13	415.068	0.41127	-1349.44	480.86
13	435.986	1.11111	-615.446	-875.972
13	415.448	0.903775	-1265.64	425.062
13	1552.18	1.02148	-1430.32	118.012
-13	709.64	0.705202	938.269	227.247
-13	648.58	0.0183447	1389.35	-1187.27
13	753.556	1.0735	-299.131	936.506
13	443.383	1.17511	952.395	-848.54
-13	719.066	0.490261	-980.226	-206.48
13	873.131	1.01255	1137.48	1388.4
-13	588.734	0.0971013	-86.9265	-1359.83
13	597.416	1.14278	542.329	661.057
13	612.362	0.962783	1262.8	1030.97
13	423.916	0.626282	399.481	1275.63
13	469.416	0.308505	-1069.3	1201.74
13	490.215	0.63882	-718.272	-1444.18
-13	401.738	0.618574	-675.042	-359.426
-13	762.802	0.668541	-443.633	-99.8651
13	654.136	1.05255	429.693	-908.359
-13	550.496	0.604373	829.734	900.283
13	432.759	0.646364	415.113	-455.815
-13	654.692	1.13526	-1120.24	101.998
13	771.812	0.164641	-800.065	465.941
13	419.482	0.915905	986.967	995.798
13	415.625	0.794003	843.905	1089.05
-13	713.262	1.08636	1031.73	542.396
-13	612.38	0.59331	632.342	1052.41
-13	474.126	1.19082	-501.449	-1058.64
-13	1074.83	0.666972	748.115	673.981
-13	765.262	0.689447	1329.95	-68.6854
13	488.166	1.18758	-1218.82	116.054
-13	470.983	0.969503	-534.335	1384.79
13	636.652	0.0495022	-296.952	-1035.25
-13	622.36	0.868167	-835.485	-465.175
-13	410.665	0.387039	222.688	-176.224
13	1104.96	0.739212	782.792	989.733
-13	517.141	0.948435	-276.153	-438.972
13	488.146	0.637751	1395.67	787.025
-13	480.775	0.336475	-1221.47	1055
13	973.061	1.15907	1398.43	256.71
13	463.457	0.229967	951.829	-118.689
13	631.413	0.0713348	1088.01	-539.925
-13	569.209	0.417048	1126.01	-1379.06
-13	470.039	1.17571	172.164	-1448.71
-13	2420.11	0.675345	-1346.71	74.5953
-13	505.038	0.0552599	-1188.73	-996.325
-13	435.315	1.18884	-976.469	-743.906
-13	759	1.11553	55.037	-84.0692
-13	478.869	0.916503	735.173	296.448
-13	491.537	1.1254	1101.8	46.2604
13	572.88	0.83291	1226.04	-984.244
-13	660.317	1.07476	-911.17	-180.24
-13	557.043	1.17874	44.3807	-1494.87
-13	574.079	0.594999	-67.1033	99.4703
-13	640.032	1.07353	-1136.18	-75.6797
-13	780.963	0.846502	768.756	974.425
13	914.644	0.883603	-1128.49	-1005.88
-13	429.047	0.642061	248.88	1197.86
-13	575.778	0.192827	-932.74	-694.143
-13	580.924	0.295178	-104.717	1130.84
13	464.627	0.283762	908.267	-989.97
-13	436.689	0.96354	1327.63	-472.954
-13	506.177	0.461407	-189.279	826.967
13	524.811	0.634205	1122.53	128.475
-13	454.529	0.0767312	-990.634	-1189.63
-13	728.493	0.687006	342.941	-371.228
-13	510.004	1.16567	-721.983	-1281.75
-13	732.34	0.00502644	-731.762	-601.81
13	508.567	1.19218	-1484.72	-382.214
13	441.793	0.000659237	238.552	798.596
13	651.239	1.0407	-210.208	177.104
-13	2165.77	0.420334	1018.68	-1272.19
-13	506.569	0.563887	-1013.73	1383.3
-13	426.221	0.027418	-394.881	-34.2669
-13	1429.5	0.801234	634.777	-1157.84
-13	428.515	0.921888	-1290.73	-1217.57
-13	738.582	0.475022	-913.415	-180.181
13	409.521	0.504013	-844.346	165.715
-13	503.845	1.21394	-692.633	-189.505
-13	480.601	0.0033423	-670.932	233.961
-13	413.612	0.635	-1029.3	-1255.88
-13	770.502	0.529019	1033.68	-72.5097
-13	500.704	1.1741	464.188	-34.8394
13	426.046	0.239656	317.639	1150.77
-13	495.265	0.334079	942.731	-1207.04
-13	404.103	1.07193	381.598	-1346.83
13	562.015	1.13385	1182.84	-464.443
13	457.44	0.789159	-1009.87	-864.47
-13	1026.6	0.266546	-805.239	704.134
13	776.102	1.10957	-488.243	-655.143
-13	646.409	1.02639	-615.306	145.529
-13	1778.63	0.78168	1042.59	1492.61
-13	1098.63	0.0666999	-283.179	700.619
-13	435.459	1.01971	131.307	-176.247
-13	629.027	1.06266	78.84	333.29
13	463.434	0.308025	786.4	-102.387
-13	516.172	1.22138	-544.161	598.946
13	445.821	0.875442	-314.78	-468.868
13	882.61	0.657086	-219.529	-1454.07
-13	903.955	0.449034	-685.414	-663.399
13	936.637	0.619427	876.136	-1020.33
13	496.785	1.15842	798.022	-1186.71
-13	465.416	0.813736	-1376.3	1063.98
13	811.844	0.103828	1386.83	325.623
13	482.363	1.17102	860.34	-179.007
13	899.504	0.369327	-82.965	924.706
-13	480.618	0.8613	-1155.57	-1246.44
13	478.337	0.0856087	-417.264	86.2807
-13	533.769	0.971815	-880.646	-200.83
13	577.644	0.0847983	773.332	1167.92
-13	449.624	0.937359	1228.68	-187.827
13	525.19	0.406002	-1406.59	-27.4131
-13	507.089	0.540998	-1343.43	873.074
13	481.062	0.610257	1118.15	-203.75
-13	487.822	0.170194	-1458.2	1238.25
13	534.451	0.972083	381.424	-1369.89
13	840.329	1.19995	-219.771	-214.143
-13	479.575	1.1788	-513.536	-839.733
13	753.066	0.384183	594.191	-1090.84
13	444.587	0.36413	-1320.35	-1406.97
-13	402.824	0.32599	1467.75	-693.007
-13	767.966	0.880934	-670.247	333.021
-13	552.591	1.13712	1365.17	-431.118
-13	428.737	1.21392	-365.878	-1332.8
-13	897.238	1.11103	-1277.34	-728.4
13	506.395	1.17759	-275.005	192.03
13	417.014	0.675755	-652.167	-756.559
13	566.649	1.08251	733.25	-105.533
13	405.296	0.607845	-1486.75	1306.14
13	1369.09	0.77304	964.164	216
-13	435.191	0.595508	-876.105	845.523
-13	2347.92	0.00636384	1442.9	666.068
13	697.383	0.956572	1410.47	-401.245
13	658.5	1.14792	861.954	1350.51
13	545.722	1.15794	1007.89	-1090.38
-13	486.244	0.908763	-543.445	580.046
-13	716.543	0.824899	1310.82	602.633
13	436.115	0.0671217	-1147	1495.09
-13	422.205	0.931418	598.12	1177.7
13	496.246	0.216537	259.607	-1093.19
-13	1190.34	1.12751	1259.67	1217.09
-13	555.237	0.851984	974.956	1400.19
13	654.118	0.772085	486.041	-928.637
13	406.409	0.559925	228.175	-524.111
13	424.83	0.459614	1391.45	183.438
13	415.709	1.16175	1057.58	-1361.5
-13	3449.71	0.580243	-466.084	78.4696
-13	477.819	0.826119	-1305.91	-614.257
-13	435.37	0.0999574	-959.105	-939.014
13	446.695	1.16461	905.641	456.656
-13	685.16	0.408667	-914.97	402.394
-13	714.3	1.20746	-1342.17	401.164
13	545.188	1.09873	1044.4	1437.99
-13	731.243	1.20638	429.284	892.212
-13	464.406	0.0527794	320.826	60.2829
13	431.99	0.209398	-640.799	569.026
13	610.995	0.888984	948.804	956.623
13	565.918	0.590216	1230.83	1330.17
13	428.454	0.324335	293.198	-1410.95
13	1343.36	1.0768	401.077	1429.36
-13	470.441	0.462407	700.338	1230.94
-13	568.237	0.333154	-979.654	-1456.91
-13	478.736	1.00922	893.496	1095.5
-13	422.654	0.0361093	-1125.16	-624.438
13	576.447	1.21534	411.812	-653.862
-13	457.761	0.689392	-660.242	-360.815
-13	755.168	0.197626	-216.761	740.681
13	1515.65	1.17568	-625.065	-1010.51
13	733.699	0.259285	-1305.94	-593.362
13	663.251	0.891556	-743.951	-613.043
13	500.707	0.990658	30.9946	628.286
13	1515.4	0.244898	734.239	-675.433
13	680.614	0.739093	-161.901	-170.361
13	459.692	0.781269	6.97079	-457.066
13	672.085	0.0764841	-899.633	-1206.56
13	766.977	0.766966	314.718	1134.96
13	473.235	0.447296	1245.36	-1030.95
-13	1132.71	0.658374	-407.264	838.686
13	402.381	1.17059	-865.214	-477.673
-13	469.407	0.64681	-436.968	106.985
-13	495.806	0.766771	1356.41	102.692
13	955.108	0.252504	172.583	1130.23
13	557.339	0.261939	443.154	718.715
13	1510.47	0.595276	-18.2645	478.729
13	404.138	0.811731	417.374	-613.395
13	410.366	0.89695	-1355.56	161.439
13	457.361	0.444744	426.346	-1209.24
13	415.34	0.0977909	-1006.74	1425.79
-13	1442.4	0.974677	-484.86	1400.52
-13	553.924	0.562337	551.235	-97.2518
-13	479.265	0.292274	-1365.18	-1118.85
-13	595.296	0.631809	-510.757	634.891
-13	478.737	0.916716	-1050.86	-1400.47
13	402.535	0.817745	1442.65	1260.09
-13	403.567	0.549491	258.924	-736.806
13	490.107	0.41209	504.199	-676.332
13	451.744	0.013037	258.134	1142.15
13	598.008	0.17343	170.761	-1310.03
13	460.056	0.702093	1026.81	6.55846
-13	462.857	0.801324	-879.475	1442.45
-13	433.986	0.608976	182.11	-965.548
13	416.083	1.05773	834.466	-1397.13
-13	404.847	0.750628	458.464	-253.818
-13	526.599	1.10465	-143.796	808.007
-13	508.093	0.162428	-68.7969	-287.91
13	457.569	0.618985	-349.73	-690.409
-13	892.86	1.2102	-131.111	343.597
-13	443.789	1.0085	422.737	-727.07
-13	812.104	0.445139	-1192.49	-502.953
-13	553.485	0.0993753	-213.534	-1335.05
-13	467.14	1.21177	-281.243	905.282
13	526.603	0.784453	1298.67	-1302.52
13	614.908	0.526192	1353.1	-614.223
13	444.127	0.383984	-1231.41	1167.27
13	694.403	0.640698	-1470.19	-1154.23
13	519.107	1.13694	417.969	-28.4577
13	734.664	0.585477	999.156	1106.1
-13	608.948	0.00253908	-1233.37	-1279.89
-13	605.189	0.127087	895.769	-65.3599
-13	496.897	0.813575	-1487.29	1005.39
-13	440.299	0.277267	706.981	75.02
13	614.609	0.253248	-1034.06	-604.063
-13	423.988	0.571394	1451.73	-792.146
-13	829.695	0.82383	-895.403	-61.3999
-13	529.915	0.872023	512.326	580.694
13	456.652	0.161121	-1087.17	-227.393
-13	411.209	0.824663	-1075.78	1473.11
-13	1002.28	0.780382	459.088	89.12
13	862.292	1.12726	106.605	-1298.59
-13	728.509	1.14824	-1200.93	1285.02
13	868.562	0.365677	-1022.18	364.689
13	1078.25	0.184125	-278.81	1158.32
-13	537.824	0.653267	-112.706	-375.745
-13	1615.52	0.345416	535.806	-709.267
13	519.132	0.613846	404.776	1227.51
-13	508.738	0.111254	-242.352	241.881
-13	444.329	0.119231	-1449.16	-801.892
-13	1081.23	0.649258	153.159	146.012
13	861.354	1.14542	-1419.21	-251.377
-13	485.925	0.968637	-478.535	-68.5803
-13	811.812	1.17878	124.399	-166.594
13	558.185	0.00991336	319.676	1006.17
-13	781.383	1.10552	427.01	-1134.03
13	609.943	1.18912	-1410.46	126.289
13	428.361	0.0174029	-655.486	-1090.26
13	568.091	0.36855	803.518	741.299
-13	494.261	0.915679	-508.653	1346.67
-13	423.245	0.854839	-139.933	281.33
-13	578.617	0.125462	-838.038	622.897
-13	495.09	0.76873	359.283	1251.7
13	426.434	0.621953	-147.369	1344.2
-13	662.063	1.10115	-925.931	357.328
-13	475.183	0.28582	225.162	-1090.9
-13	534.654	1.06378	-720.846	151.762
13	475.476	1.13371	625.635	748.752
13	454.554	0.940188	1330.78	1438.22
-13	799.282	0.275468	631.886	-1372.14
-13	512.427	0.145817	745.928	-1091.58
-13	681.641	0.451188	1115.17	912.093
13	445.217	0.458513	539.125	108.817
-13	403.019	1.12642	993.86	421.395
13	1592.14	1.05861	442.737	38.0197
13	474.218	1.21846	595.694	-850.043
13	952.621	1.20396	1392.2	-1156.13
-13	419.725	0.547044	451.888	300.662
-13	487.095	0.437579	1260.25	-1050.16
13	552.962	0.898424	-294.634	475.664
-13	609.684	0.965512	1387.09	-540.716
13	436.914	1.12432	-1245.61	-1031.55
-13	416.143	0.808999	-1312.4	759.581
13	1008.66	0.068183	140.125	991.879
-13	480.23	0.0393619	-1309.51	-197.988
-13	416.355	0.420062	-1056.07	-147.437
13	414.105	0.743447	-242.409	-704.854
-13	432.99	1.09152	-970.457	317.661
-13	482.713	0.608501	1443.42	698.981
-13	531.474	1.13032	-822.003	462.283
13	462.218	0.43361	389.221	-1123.17
-13	504.137	0.69693	-142.179	1187.81
13	537.172	0.384355	-562.672	399.857
-13	411.019	0.200264	519.759	884.433
13	1154.76	1.0914	170.177	698.885
-13	599.321	0.646756	1031.95	-8.79071
-13	538.668	0.675919	288.765	-324.041
-13	600.647	0.904214	828.485	-732.558
13	777.135	1.07308	-854.624	349.603
-13	549.213	0.173488	222.543	1294.67
13	657.581	0.622601	1172.23	695.685
13	428.001	0.192911	-836.098	240.66
-13	439.726	0.350143	115.672	887.708
-13	730.592	1.12395	1413.44	942.254
-13	430.806	0.197659	310.374	-1311.16
-13	672.591	1.1991	-1095.12	-2.02673
-13	841.673	0.100189	-309.167	-742.152
-13	437.519	0.787577	1430.93	-385.958
-13	465.77	0.190137	-640.867	-1076.67
-13	540.684	0.129242	59.0069	-109.404
-13	426.139	0.798513	-1089.07	113.032
13	629.128	0.331946	737.322	1315.66
-13	1351.98	0.383514	-705.521	-253.895
-13	1027.39	0.50748	-350.289	138.263
-13	657.855	0.262837	966.362	-994.916
13	414.257	1.16111	896.285	-549.016
-13	468.822	0.424849	-993.905	-205.725
13	409.514	0.961802	548.006	480.734
-13	470.058	0.541749	1021.84	-415.072
-13	963.995	1.20234	1067.84	-661.117
-13	1276.2	0.95968	-136.186	1432.77
-13	827.292	0.762362	-376.252	-592.549
13	691.397	0.0181589	-929.485	-1052.88
-13	869.002	0.0202104	-814.814	1296.3
13	759.036	0.771878	-229.623	-14.5939
-13	830.208	0.785973	488.222	-725.626
13	487.722	0.555742	-758.287	-1479.01
-13	707.248	0.349206	-888.14	-455.33
-13	797.062	0.93673	-1138.71	-834.405
-13	422.836	0.3105	-1235.48	474.096
-13	492.999	0.232582	-397.277	991.733
-13	568.939	0.878886	888.427	-804.882
13	536.842	1.17394	-1302.15	687.393
13	1878.52	0.712376	1057.84	903.172
-13	406.41	0.179027	-983.994	-185.526
-13	743.897	0.438095	1030.18	106.885
13	539.794	0.771158	-1288.99	667.781
-13	600.017	1.09055	-1430.97	1270.56
-13	676.17	1.0301	707.429	1037
-13	701.581	0.613261	807.707	-121.052
13	478.424	0.16496	1281.72	-28.6788
-13	591.142	1.20917	-411.682	964.381
-13	611.607	1.03496	1039.5	-1012.97
-13	5026.23	0.743422	1388.79	-1072.47
-13	468.823	0.990335	791.598	-280.068
13	899.096	1.11336	-203.149	789.38
13	752.872	1.09273	74.181	1126.27
13	424.054	0.0546152	396.974	1263.61
-13	462.733	0.282719	-1431.37	-95.3881
-13	1410.4	0.824411	-720.661	1138.81
13	816.451	1.12636	-251.784	623.177
13	1615.73	1.10539	-385.324	-595.267
13	630.831	0.334617	-126.16	-66.0089
-13	413.867	0.340474	-569.537	-452.499
-13	652.059	1.09908	740.408	-1000.17
13	510.728	0.650566	-81.6263	1467.78
13	1552.46	0.426285	611.06	525.535
-13	573.437	0.0588794	-219.718	246.791
13	1393.43	1.19056	-923.037	-1335.8
-13	1102.75	0.286578	449.249	251.336
13	436.565	0.855449	-1299.65	90.302
-13	692.528	0.677583	919.157	427.754
13	548.949	0.00386831	442.851	-1061.89
-13	411.199	1.10457	-884.052	-1086.53
-13	649.146	0.773525	801.993	661.932
13	412.466	0.323831	-231.431	-1275.23
-13	431.126	0.168923	1343.72	230.585
13	553.972	0.495013	-293.009	1019.77
-13	467.796	0.801556	-214.512	1240.52
13	497.424	0.647387	1028.32	1289.63
13	459.272	0.706207	984.529	-258.369
13	733.991	0.424637	-744.54	-201.682
13	891.403	0.739008	898.592	-484.6
13	1352.64	0.347516	-697.968	131.696
-13	1221.3	0.656586	-207.624	-430.12
-13	629.081	1.14037	-384.684	-1356.37
-13	455.671	0.488729	-250.664	-231.838
-13	611.258	0.595067	121.577	-609.157
-13	623.01	0.155232	494.629	653.94
-13	428.528	0.300343	-132.999	-84.15
13	806.575	0.358426	-1497.02	968.208
13	571.093	1.18499	-168.938	893.716
13	524.784	1.05638	933.361	271.753
13	480.575	0.1465	213.304	182.942
13	449.411	0.950982	1122.49	1169.65
-13	572.653	0.616933	470.252	825.25
-13	479.319	1.21834	821.273	921.486
13	403.222	1.08099	1484.77	-237.524
-13	560.453	1.20711	1246.1	-193.981
13	405.603	0.184668	-1264.4	323.433
-13	505.054	0.573982	1025.93	863.673
-13	433.657	0.49694	-1103.23	1114.85
13	621.511	1.13918	1398.7	1241.74
-13	663.816	0.28544	-1000.8	-1338.38
13	547.312	1.07935	-151.7	-1403.99
-13	582.563	1.00425	17.8548	-437.793
-13	423.721	0.400703	936.808	-1176.54
-13	469.128	0.20527	-624.574	775.161
-13	1605.79	1.17593	-485.141	-420.119
-13	974.513	0.717367	657.746	-933.435
-13	500.482	1.00255	-599.976	-112.389
13	421.047	0.182398	-962.607	203.464
-13	443.689	0.0162974	-59.0714	128.381
-13	591.737	1.02873	-841.184	543.708
-13	906.946	0.779513	1346.15	-777.2
-13	531.732	0.722695	-35.6605	539.644
13	575.225	0.151138	547.207	-1402.81
-13	566.446	1.20811	1281.55	-627.767
13	443.634	0.203783	512.645	-532.753
13	454.159	1.10356	708.557	444.374
13	767.744	0.210785	-604.617	-1113.39
-13	428.418	0.591922	1188.08	1057.57
13	403.983	0.514335	-1294.74	292.665
-13	709.92	1.05497	1391.96	-702.769
-13	832.161	1.1521	-88.3744	-1008.6
13	565.451	0.785528	856.997	926.992
13	1050.52	1.152	-1286.23	1241.5
-13	423.235	0.215089	-1380.51	1479.14
13	450.17	1.10179	545.764	105.692
-13	478.492	1.09084	-1243.94	-1040.69
-13	843.56	0.739324	-733.141	1078.67
-13	556.788	0.0404624	1338.22	-1216.27
13	1067.87	0.375801	1376.8	601.746
13	1087.42	1.00017	1237	-39.4401
13	465.069	0.158482	234.194	422.488
-13	443.601	0.949502	1181.11	-1076.02
13	401.377	0.964267	977.783	688.844
13	465.103	0.357157	562.949	-437.09
-13	463.034	0.0127341	-862.45	804.255
-13	432.71	0.972024	-324.566	1094.79
13	493.069	0.0452824	331.127	804.608
-13	1269.11	0.897564	1475.08	-1108.03
13	551.324	0.742083	-1376.72	1041.91
-13	429.069	0.761933	-1283.37	267.27
13	779.861	0.149789	-1469.58	598.062
-13	404.872	0.674252	-1361.17	388.381
13	862.274	1.15562	-1423.37	-1404.45
13	442.872	0.12541	-458.924	-742.419
13	486.32	0.860757	-312.393	927.606
-13	486.643	0.253239	-127.345	1400.82
-13	561.49	0.215393	1332.35	-1177.98
-13	401.411	0.40367	883.299	-895.517
-13	500.729	0.887769	-1078.75	-1307.55
-13	723.053	0.20201	-893.028	-333.097
13	4113.76	0.148223	299.657	784.049
-13	643.415	0.802189	-163.986	-1031.51
13	733.437	0.700198	365.977	9.48253
-13	514.825	1.15796	351.543	856.025
-13	891.03	0.075428	-5.17229	-104.984
-13	747.426	1.05466	140.079	-607.751
-13	420.404	0.854485	110.245	334.222
13	597.488	0.0852658	-647.275	-887.574
-13	596.248	1.15429	821.68	1168.03
-13	598.168	0.92292	-4.85206	656.099
-13	457.394	0.133139	375.08	-1343.6
-13	1186.38	0.986588	1333.55	930.149
-13	823.33	0.120029	-215.968	-124.989
-13	859.498	0.537981	811.594	212.834
-13	633.916	1.04458	68.6026	260.364
13	834.92	0.320242	-925.643	893.611
-13	468.027	0.963458	353.447	176.532
13	942.215	0.156627	-576.667	-321.93
13	540.941	0.71104	351.645	1391.11
13	891.563	0.783621	-918.762	-66.837
-13	669.872	0.61287	1101.06	-303.216
-13	751.032	0.868706	876.933	-1443.38
-13	719.855	1.06656	-273.881	-739.189
-13	534.103	1.21632	122.935	1020.76
-13	746.448	0.92238	-1065.63	-1261.11
13	404.949	0.818152	122.222	-560.133
13	467.053	1.12412	162.905	-1365.01
13	4296.66	0.177899	1186.96	-1224.05
13	537.485	0.392985	1389.17	153.273
13	552.842	0.461034	767.041	870.891
-13	485.113	0.515965	-396.821	595.746
13	659.487	1.12783	-350.303	-1028.74
13	525.241	0.914389	-255.262	384.23
-13	456.264	0.689514	894.834	1439.71
13	590.115	1.03157	-414.837	38.4413
-13	2271.83	0.638454	-550.892	-162.62
-13	407.935	0.608923	740.933	671.947
-13	553.917	0.931996	-78.3556	1309.68
-13	1015.72	0.915529	-84.2785	-1390.33
-13	1490.28	0.745778	-323.316	1053.64
13	404.968	1.03923	666.844	433.728
-13	605.91	1.0988	309.748	-182.455
-13	595.062	0.909442	1325.42	-423.262
13	790.423	0.724154	-96.7677	737.766
-13	445.292	0.914205	-461.22	907.285
-13	512.511	0.931751	-29.2943	-279.821
-13	460.264	1.04943	-799.953	-761.998
-13	630.352	0.519635	-891.426	1152.24
-13	536.008	0.781525	-993.882	639.581
13	724.588	0.633464	-992.084	1424.8
-13	927.069	0.967181	212.737	364.888
-13	904.834	0.730804	834.633	1256.96
-13	561.419	0.449095	244.879	211.98
13	492.049	0.19118	-73.8502	-1328.29
13	626.488	1.17848	415.076	215.082
-13	1245.15	1.09983	-1029.76	-60.0397
-13	417.674	0.145974	839.511	-308.911
-13	515.05	0.326428	1114.41	928.491
13	819.936	0.539826	-1365.14	336.613
13	1157.69	0.834618	715.91	1004.33
-13	425.943	0.0791329	-1041.53	171.104
-13	455.412	1.04915	-2.81278	358.13
-13	1654.31	1.00456	-1326.25	-186.427
13	1036.42	1.18531	-1448.83	77.1432
-13	888.689	0.151376	-969.796	534.584
-13	445.354	0.000688288	807.308	-906.43
13	1054.36	1.03493	-716.168	768.02
13	607.227	0.717892	237.249	-79.9047
-13	440.637	0.883555	-768.968	-333.305
13	453.829	1.17382	-441.978	-665.755
-13	929.964	1.14286	-589.666	-1434.9
13	495.187	0.711752	-397.63	-956.693
13	517.814	0.751515	-1470.88	635.27
13	654.027	0.802915	332.243	-461.593
13	486.624	0.785967	-445.618	290.544
13	582.372	0.987555	683.136	823.244
-13	515.686	1.21784	-1309.37	-1235.2
-13	437.745	0.81653	425.491	-259.368
13	846.099	0.814812	-749.116	-801.494
13	625.951	0.195253	-1021.51	37.6518
-13	524.367	0.0171051	-227.492	762.906
13	441.666	0.810816	-968.625	1097.72
-13	660.569	0.779383	-1270.56	480.364
13	488.951	0.540336	989.355	-158.559
13	497.517	0.179263	216.902	654.327
-13	443.54	1.12212	-1124.68	-435.33
13	745.183	1.07747	-1064.6	641.853
-13	536.965	0.70138	-26.6196	1044.75
-13	556.704	0.651316	799.915	398.98
-13	1174.43	0.719753	-799.5	-661.529
-13	456.015	0.199053	375.085	1264.39
13	773.66	0.769452	-282.439	1481.86
-13	476.609	0.849096	-1217.91	674.374
-13	440.88	1.18431	925.827	-1405.02
-13	1271.46	1.08958	868.841	1497.57
-13	569.775	0.507492	-224.667	1294.77
13	511.305	0.722525	-816.056	-1293.93
-13	459.626	0.995706	270.121	-151.096
-13	627.223	0.900107	850.472	-802.022
13	1230.08	1.02606	-514.708	965.757
13	748.357	0.618194	-917.411	1011.39
-13	508.492	1.12533	-1007.66	-656.237
13	962.603	0.160971	181.362	-124.677
-13	1158.17	1.10682	1021.61	-252.394
13	576.587	0.609508	456.316	-449.827
-13	1611.26	0.00153225	-1427.05	-224.631
-13	503.044	0.957051	921.854	-657.875
-13	471.604	0.796414	-1232.31	584.455
-13	495.235	0.86239	-883.083	700.064
-13	825.159	0.847458	694.796	140.581
13	6139.49	1.07977	-521.115	-428.86
-13	624.326	1.00554	-258.831	101.332
-13	508.709	0.943809	878.684	-37.8691
13	471.674	0.242818	-1251.81	448.666
13	1044.57	1.17678	-1390.4	-606.303
-13	439.674	1.00697	-663.381	-685.288
13	468.69	0.65723	-314.473	996.336
13	762.945	0.232211	1275.76	566.525
-13	441.833	0.619282	177.818	-1210.15
-13	644.054	0.715537	-467.197	150.175
13	451.109	1.1959	-519.687	-577.025
13	696.694	0.766331	-1456.86	-1228.21
13	478.917	0.963501	-888.618	-201.132
13	474.773	0.885876	-13.3542	552.054
13	428.359	1.05294	484.345	-1155.86
13	448.455	0.0190737	1388.03	-634.999
-13	847.554	0.866335	1433.66	-96.6145
-13	697.168	0.54217	1153.47	-1004.02
-13	709.367	0.912132	808.265	1337.46
13	407.892	0.894005	1039.87	-799.603
-13	462.988	0.317555	1296.64	-500.813
13	2626.18	0.291439	81.7943	1456.57
13	438.04	1.11278	634.855	1130.99
-13	490.405	1.09848	124.708	592.764
-13	708.39	0.677828	-700.175	-1360
13	435.874	0.854209	-1489.95	-949.136
13	458.978	0.0128559	-1116.21	-654.878
-13	540.74	0.217518	249.203	871.457
-13	497.919	0.687235	293.379	-419.351
-13	710.706	1.02701	-420.576	280.432
13	825.375	0.690518	-472.854	246.478
-13	528.448	0.111051	1084.3	-556.278
-13	461.56	1.05219	769.108	-809.849
-13	585.672	0.752237	-250.129	-86.1532
13	582.889	0.721741	-683.216	-964.025
-13	448.285	1.06172	-984.263	-1019.64
-13	435.674	0.720438	-1328.62	630.511
13	801.06	0.304528	167.039	-1120.48
13	1110.67	1.00717	-267.917	1157.9
13	587.261	0.602585	1043.26	-461.937
13	462.474	0.463494	-1062.1	-939.173
13	656.892	0.970912	-1315.03	-186.568
-13	594.823	0.743694	-169.114	-435.223
13	542.452	0.774871	673.044	631.76
-13	466.405	1.09944	-482.883	305.58
-13	415.037	0.101766	-1490.07	106.386
-13	435.117	0.119941	1186.92	136.873
-13	910.49	0.0398381	120.304	254.757
-13	1598.23	1.13613	1026.37	365.466
-13	992.123	0.622803	2.74178	317.148
13	408.389	0.55606	787.388	-1337.2
13	426.973	0.64387	-1391.44	473.592
-13	441.597	1.11347	33.5112	-1296.05
13	420.165	0.24617	-377.774	-1020.17
-13	440.192	0.693548	-37.328	-1416.59
-13	502.552	0.00905709	1044.36	-1198.32
-13	734.908	0.701039	1211.93	1270.55
-13	565.701	0.688236	-622.255	-1048.43
13	585.714	1.07756	16.2565	-233.641
13	491.783	0.980501	-1087.48	701.657
-13	582.51	1.0696	-1288.27	675.328
13	416.144	1.07475	-1290.47	-480.396
-13	591.388	0.862759	-221.626	-646.051
13	555.413	0.776249	595.574	-278.742
-13	840.249	0.637282	110.212	467.368
-13	563.704	0.480535	47.6895	-852.153
-13	507.671	0.90034	-897.558	1080.45
13	636.713	0.453557	220.49	742.053
-13	555.316	0.627387	1236.9	-516.538
-13	848.663	0.322228	-1258.14	-536.015
-13	435.993	0.087413	1137.25	365.85
-13	514.505	1.19322	-1001.85	-581.902
13	605.435	0.983209	-1387.23	201.539
13	603.653	0.10977	-1143.49	-1125.79
13	629.53	0.156893	-1122.63	-748.179
13	509.116	0.373482	-97.5419	-1347.44
-13	604.398	0.178573	372.802	-221.455
-13	467.733	1.15604	-658.858	1255.44
-13	826.414	1.10324	1381.05	-1364.13
-13	615.922	0.97845	499.2	352.518
-13	435.259	0.10093	-1195.98	-1335.52
13	428.701	0.777814	1138.52	-801.652
13	666.665	0.925315	1115.43	-873.348
13	444.547	0.501602	-1330.96	-724.667
-13	401.869	0.899869	-886.628	-1180.07
13	503.526	0.657109	1053.2	-1459.31
13	428.534	0.107462	-1127.96	179.843
-13	442.136	0.923696	553.716	-519.943
-13	402.421	0.701199	-689.236	643.684
13	616.14	1.20236	762.812	-1064.48
13	743.281	0.285691	822.707	-776.791
-13	508.585	0.261774	1239.54	459.619
13	936.809	1.20108	1083.87	153.082
13	729.238	0.672136	-638.375	779.782
-13	1417.03	1.12489	1050.2	-946.66
-13	2603.37	0.344437	-410.123	1474.63
13	512.168	1.03588	-540.049	-346.573
-13	445.646	0.695995	-440.758	784.827
13	2964.67	0.0658052	9.1369	549.062
13	1866.85	0.409338	-88.5146	-141.096
-13	539.208	1.13163	1287.14	47.3095
