61	1	-13	723.223	73.6585	-0.979991	-0.491972	1221.89	-632.329	-277.002	1124.94	-579.46	271.104
62	1	-13	990.38	188.933	-0.883389	-0.984968	924.087	-1367.51	-277.002	749.157	-1099.81	330.937
372	1	-13	1392.33	361.932	-0.894673	0.709136	1125.9	-878.189	-277.002	891.576	-1078.63	343.66
571	1	13	770.934	117.821	-0.977668	2.98071	1114.03	1007.35	-277.002	1229.03	994.81	257.905
572	1	-13	855.213	70.273	-0.917668	-2.95221	-1186.55	-1365.02	-277.002	-938.545	-1318.87	319.841
573	1	13	613.926	105.077	-0.98041	0.0599768	-462.26	457.649	-277.002	-566.928	450.218	266.53
879	1	-13	847.071	90.3024	-0.931885	1.35747	320.278	1055.87	-277.002	276.073	852.162	260.068
881	1	-13	1115.12	249.226	-0.999969	0.747422	-376.177	-1422.02	-277.002	-381.25	-1423.07	318.833
81	1	13	523.873	47.3836	-0.979168	1.33402	748.303	839.182	-277.002	722.419	729.788	257.025
83	1	13	584.622	32.4511	-0.882012	-1.84435	614.005	-298.665	-277.002	687.852	-26.3822	262.386
160	1	-13	725.146	24.8942	-0.977463	-1.24835	-160.263	-731.029	-277.002	-205.311	-602.754	388.044
438	1	13	648.867	5.23746	-0.895892	1.85195	764.034	347.829	-277.002	842.165	94.1525	256.126
440	1	13	507.481	23.7241	-0.999869	-0.826178	-778.819	-684.225	-277.002	-782.756	-678.193	280.303
558	1	-13	800.129	61.0026	-0.922486	2.67072	266.037	1220.46	-277.002	468.891	1116.71	256.041
647	1	13	600.898	40.7021	-0.911537	2.9489	-564.978	461.687	-277.002	-324.221	420.187	263.883
697	1	-13	457.396	12.5892	-0.995692	-0.245331	513.355	367.466	-277.002	460.215	396.167	259.308
699	1	-13	526.015	2.47814	-0.984135	-1.92738	-350.203	832.011	-277.002	-324.615	926.392	259.893
829	1	-13	866.573	60.1902	-0.88091	1.98332	1377.74	892.889	-277.002	1486.7	629.719	255.656
98	1	-13	557.527	8.34437	-0.973309	2.31358	-1183.68	-819.758	-277.002	-1087.47	-924.161	316.235
99	1	13	916.855	84.3844	-0.978974	-2.20795	296.378	-77.737	-277.002	363.872	15.8335	266.79
101	1	-13	1177.01	364.512	-0.921731	-1.79115	-647.754	460.016	-277.002	-598.445	685.461	271.022
275	1	-13	1131.1	535.88	-0.995926	1.67695	-902.81	-679.427	-277.002	-897.242	-730.969	288.255
351	1	-13	913.604	190.167	-0.892046	0.560972	1399.69	498.477	-277.002	1171.38	354.959	257.226
355	1	-13	612.595	16.4871	-0.926449	1.59186	-1444.48	-101.786	-277.002	-1441.85	-338.489	275.718
493	1	13	668.343	209.55	-0.996411	1.22157	1426.86	1473.68	-277.002	1412.09	1430.2	251.009
494	1	-13	734.358	140.628	-0.977577	2.79619	-999.164	1084.53	-277.002	-889.472	1045.32	261.724
856	1	-13	743.88	151.389	-0.999942	-0.0990306	-355.278	-1390.79	-277.002	-360.992	-1393.58	318.282
857	1	-13	843.706	46.4258	-0.662864	-2.26312	-212.752	661.292	-277.002	172.219	1123.58	257.925
235	1	13	627.942	74.0316	-0.913216	2.96995	1039.41	606.278	-277.002	1275.76	566.525	256.325
301	1	-13	989.232	23.7392	-0.989834	1.71911	-528.902	-498.729	-277.002	-519.687	-577.025	293.588
404	1	-13	522.73	40.2916	-0.942284	-0.46161	805.553	1047.18	-277.002	634.855	1130.99	255.487
405	1	-13	757.173	216.497	-0.997543	0.618608	153.039	613.571	-277.002	124.708	592.764	263.094
526	1	-13	2396.55	583.002	-0.734206	1.84867	608.897	-249.655	-277.002	769.108	-809.849	354.437
668	1	-13	1317.32	523.76	-0.985149	-2.22076	-1372.02	-262.445	-277.002	-1315.03	-186.568	270.716
670	1	-13	779.3	57.9238	-0.960638	-1.04897	745.192	493.384	-277.002	673.044	631.76	256.639
777	1	-13	660.036	37.047	-0.979709	-1.36533	-1457.45	-1.45697	-277.002	-1490.07	106.386	273.44
779	1	-13	1118.34	163.09	-0.927924	-3.09741	-95.3656	248.683	-277.002	120.304	254.757	262.889
783	1	13	618.776	47.8241	-0.89505	-0.0664865	-1089.36	450.627	-277.002	-1391.44	473.592	322.125
862	1	13	1383.79	437.943	-0.795147	-2.16384	-628.103	-1392.35	-277.002	-377.774	-1020.17	309.534
866	1	-13	606.159	107.323	-0.987072	-1.87486	-649.036	-1137.56	-277.002	-622.255	-1048.43	289.858
96	1	-13	470.931	12.6504	-0.96669	0.508944	362.882	-454.027	-277.002	228.175	-524.111	303.824
97	1	-13	1885.03	443.64	-0.688689	2.90119	849.521	315.423	-277.002	1391.45	183.438	252.255
204	1	13	788.621	14.2345	-0.973939	2.40346	-561.52	163.443	-277.002	-466.084	78.4696	308.655
207	1	-13	1272.69	105.018	-0.61281	2.09002	564.888	1049.72	-277.002	905.641	456.656	258.517
408	1	-13	847.656	83.8867	-0.682376	2.82764	-229.331	245.771	-277.002	320.826	60.2829	267.904
411	1	13	571.554	88.3189	-0.995608	2.57565	1190.93	1355.7	-277.002	1230.83	1330.17	253.544
452	1	13	1345.17	149.613	-0.968238	-0.219238	-982.943	-656.233	-277.002	-1125.16	-624.438	284.971
933	1	-13	1246.41	50.8314	-0.851232	-2.83147	4.58713	1033.84	-277.002	314.718	1134.96	257.156
935	1	13	1499.18	501.343	-0.992951	-1.05549	-375.955	783.676	-277.002	-407.264	838.686	261.237
0	1	13	660.229	36.0978	-0.889424	1.26788	561.15	-722.604	-277.002	451.485	-1041.55	350.036
290	1	13	566.891	2.43176	-0.985611	2.77037	1176.72	365.516	-277.002	1259.95	291.456	255.921
291	1	-13	1355.75	273.439	-0.791082	-1.44738	188.045	964.717	-277.002	136.761	1378.3	261.578
292	1	-13	454.34	5.35294	-0.930731	1.39105	-809.498	-406.712	-277.002	-853.734	-599.009	279.143
413	1	-13	12661	3412.26	-0.516162	-1.69277	1139.82	-95.3623	-277.002	1248.12	787.717	259.192
792	1	13	733.742	174.633	-0.989954	-1.11831	-1287.55	933.687	-277.002	-1321.28	1008.88	299.155
794	1	-13	731.285	178.734	-0.99797	-1.96676	680.706	1251.71	-277.002	691.808	1283.54	255.432
946	1	-13	448.929	15.4715	-0.999621	2.37774	20.6859	1261.96	-277.002	35.4041	1263.82	258.202
948	1	-13	621.644	99.114	-0.998648	-2.79122	-642.29	344.663	-277.002	-613.838	355.415	270.748
949	1	13	1106.24	83.6721	-0.877943	2.14838	-457.962	-775.83	-277.002	-277.553	-1055.61	333.607
127	1	-13	695.815	37.4888	-0.91368	2.8011	-707.936	908.682	-277.001	-485.037	826.564	263.218
470	1	13	1215.34	352.844	-0.944287	-1.88773	-300.956	-367.663	-277.002	-235.078	-167.895	330.277
471	1	-13	534.516	29.7838	-0.899283	-1.53798	1392.1	338.858	-277.002	1383.33	598.417	255.954
474	1	13	1164.78	428.242	-0.995459	-2.00445	196.378	171.557	-277.002	218.388	217.78	262.114
708	1	-13	1505.58	95.5747	-0.555126	-1.95455	-867.004	-1037.07	-277.002	-547.337	-252.545	290.407
763	1	13	819.458	186.938	-0.948632	0.215854	130.37	1138.31	-277.002	-45.0553	1097.16	259.276
269	1	13	492.21	69.2107	-0.998871	-0.85624	-730.782	-215.419	-277.002	-744.54	-201.682	273.727
422	1	13	792.085	242.505	-0.985201	-1.3236	1145.8	1080	-277.002	1122.49	1169.65	259.214
511	1	-13	582.267	87.5409	-0.930546	0.546484	-1070.46	437.067	-277.002	-1264.4	323.433	286.678
515	1	13	651.179	13.8627	-0.796525	-2.99183	-1489.54	-1403.02	-277.002	-1000.8	-1338.38	329.808
598	1	13	816.105	45.0549	-0.946161	-1.00255	777.17	-1116.95	-277.002	657.746	-933.435	372.413
599	1	13	976.673	86.2185	-0.83083	2.04205	-780.93	224.877	-277.002	-599.976	-112.389	297.798
600	1	-13	1003.7	121.74	-0.613836	-2.32186	-1435.59	-300.728	-277.002	-962.607	203.464	266.728
689	1	13	1334.47	234.088	-0.745649	0.113607	1059.77	-1344.53	-277.002	547.207	-1402.81	303.024
811	1	-13	1116.54	243.285	-0.943491	0.999835	-1182.77	1405.41	-277.002	-1286.23	1241.5	267.775
965	1	-13	1249.75	305.38	-0.8653	1.70778	1194.47	266.808	-277.002	1237	-39.4401	258.447
387	1	13	993.872	290.349	-0.976312	-1.18044	277.117	-1217.99	-277.002	225.162	-1090.9	339.705
388	1	-13	1970.67	607.581	-0.755168	2.78816	-1182.09	321.562	-277.002	-720.846	151.762	287.995
389	1	-13	642.122	76.5984	-0.991969	0.414442	688.44	776.62	-277.002	625.635	748.752	256.499
476	1	-13	568.156	36.7253	-0.981116	0.707095	840.776	-1015.01	-277.002	745.928	-1091.58	333.204
478	1	-13	452.45	9.77454	-0.958176	2.71121	382.615	181.683	-277.002	539.125	108.817	262.589
888	1	-13	483.647	33.0114	-0.975069	2.11268	76.8599	1099.74	-277.002	140.125	991.879	257.807
939	1	-13	1161.8	362.118	-0.86644	0.449076	-771.91	-9.11442	-277.002	-1056.07	-147.437	270.263
940	1	13	1761.9	557.205	-0.79933	-2.56074	-641.574	-969.064	-277.002	-242.409	-704.854	358.307
943	1	-13	1238.11	415.252	-0.867232	-2.1419	-994.414	195.945	-277.002	-822.003	462.283	273.946
944	1	13	821.643	62.8813	-0.837928	2.46308	74.1999	-877.203	-277.002	389.221	-1123.17	333.003
190	1	-13	536.024	24.9029	-0.985707	-2.44431	-1197.12	-1074.58	-277.002	-1128.49	-1005.88	322.5
192	1	13	1151.76	274.41	-0.727367	0.539397	-479.241	-417.388	-277.002	-932.74	-694.143	288.82
358	1	13	503.695	73.8734	-0.998493	-1.24916	1133.51	103.191	-277.002	1122.53	128.475	256.171
360	1	-13	482.132	9.6883	-0.960241	1.0314	428.796	-230.714	-277.002	342.941	-371.228	281.941
446	1	13	957.712	215.25	-0.993668	1.36666	648.214	-1091.85	-277.002	634.777	-1157.84	320.813
540	1	-13	877.681	42.4985	-0.80119	2.48917	-1174.71	414.344	-277.002	-844.346	165.715	271.596
753	1	-13	1713.24	173.037	-0.751783	-0.719759	-625.124	-1202.27	-277.002	-1009.87	-864.47	304.194
837	1	13	673.982	167.314	-0.998127	-0.24245	109.753	322.491	-277.002	78.84	333.29	263.533
839	1	13	658.017	140.933	-0.933938	1.85183	-600.301	801.408	-277.002	-544.161	598.946	264.855
968	1	-13	967.599	132.861	-0.873237	-1.31428	-604.076	-962.119	-277.002	-685.414	-663.399	281.157
18	1	-13	880.617	41.3637	-0.905024	-2.53125	-1318.95	-1096.87	-277.002	-1094.41	-937.844	318.352
221	1	13	1319.25	162.788	-0.867198	0.519025	1121.73	-738.687	-277.002	809.672	-920.144	360.813
331	1	-13	918.295	379.594	-0.965538	-1.22295	-859.261	-94.6193	-277.002	-909.517	43.4328	268.001
335	1	-13	970.45	165.875	-0.96123	0.313401	830.921	-802.666	-277.002	657.958	-860.549	367.882
430	1	13	574.574	54.4529	-0.99739	1.12652	356.09	-1196.3	-277.002	337.527	-1236.81	316.566
431	1	13	923.363	60.781	-0.833329	0.691878	586.668	-945.928	-277.002	275.966	-1216.21	319.876
486	1	-13	728.245	89.9854	-0.969705	0.344148	1057.91	-1193.47	-277.002	913.429	-1249.05	324.063
487	1	13	1481.65	449.459	-0.918763	1.83618	-372.261	-1135.3	-277.002	-302.74	-1387.32	327.434
574	1	-13	774.398	89.4479	-0.954666	-1.3242	-1239.25	-524.343	-277.002	-1278.68	-357.606	275.385
580	1	-13	652.73	41.0486	-0.889813	-2.04251	1162.27	885.617	-277.002	1278.37	1133.66	257.012
638	1	-13	416.606	1.67412	-0.990905	0.851351	808.114	-30.7031	-277.002	781.61	-59.2617	258.294
674	1	-13	659.822	28.5399	-0.889677	-2.66026	660.843	-1177.76	-277.002	926.464	-1037.03	346.086
820	1	13	556.964	27.5721	-0.916683	-2.67961	319.12	-1477.17	-277.002	541.925	-1363.37	304.923
822	1	-13	678.952	88.2592	-0.899223	0.896035	1355.27	1226.23	-277.002	1188.12	1018.76	258.363
823	1	-13	785.798	211.625	-0.887001	-0.460869	-399.778	-338.822	-277.002	-661.394	-211.386	281.298
872	1	-13	903.039	6.06088	-0.753781	-1.47388	381.39	-356.628	-277.002	333.386	105.701	266.488
956	1	13	513.345	33.8905	-0.999736	-2.37894	247.785	807.798	-277.002	254.27	815.053	261.367
958	1	-13	1626.65	342.24	-0.905245	0.735259	-556.143	572.898	-277.002	-745.37	400.926	268.797
45	1	-13	639.318	107.594	-0.989957	-1.29323	1388.6	-955.02	-277.002	1365.12	-877.971	279.436
48	1	13	736.392	101.394	-0.932098	1.89941	-583.091	319.287	-277.002	-504.526	102.685	306.878
253	1	-13	970.69	209.396	-0.949015	-2.38039	587.726	835.405	-277.002	715.544	959.361	260.144
257	1	13	458.996	45.432	-0.99843	1.82812	1370.41	790.168	-277.002	1382.43	761.191	257.499
519	1	-13	731.892	209.832	-0.985889	2.9469	-469.598	600.804	-277.002	-378.145	583.17	265.666
603	1	-13	644.81	75.5582	-0.999955	-1.32981	-622.157	-754.32	-277.002	-621.487	-751.847	285.463
605	1	-13	1165.86	327.386	-0.999618	-2.06416	-1301.1	801.191	-277.002	-1293.81	814.505	292.267
756	1	-13	983.16	46.1865	-0.957443	-0.979501	824.318	-1303.74	-277.002	722.211	-1151.12	319.292
759	1	-13	653.838	65.3621	-0.950009	3.0637	-1089.5	-1384.06	-277.002	-888.544	-1396.1	316.974
760	1	-13	592.035	85.4411	-0.993717	1.75478	-191.549	1230.73	-277.002	-184.55	1173.31	258.349
907	1	13	1590.67	829.342	-0.980903	-2.74024	110.927	948.018	-277.002	208.456	989.247	257.174
996	1	-13	715.48	55.2114	-0.769981	-1.56893	928.204	-819.101	-277.002	927.072	-361.63	264.124
998	1	-13	1138.82	349.628	-0.833995	-1.86985	126.63	815.322	-277.002	232.267	1152.71	258.389
240	1	13	613.365	62.8839	-0.999977	1.12231	-78.968	-1383.4	-277.002	-84.2785	-1390.33	335.083
560	1	13	420.115	8.33314	-0.999671	2.15392	219.956	373.234	-277.002	212.737	364.888	262.156
562	1	13	2220.9	308.836	-0.629687	2.89064	-400.991	377.304	-277.002	244.879	211.98	262.351
566	1	-13	841.941	284.197	-0.979462	-1.82645	812.132	-416.734	-277.002	839.511	-308.911	262.79
679	1	-13	482.026	17.8647	-0.952807	-0.633429	1243.55	827.885	-277.002	1114.41	928.491	259.154
683	1	-13	533.323	66.7365	-0.999973	1.58845	-6.63079	364.491	-277.002	-2.81278	358.13	263.161
812	1	-13	601.879	6.03607	-0.997919	1.59096	-997.544	584.89	-277.002	-969.796	534.584	281.292
813	1	13	719.45	23.6313	-0.998744	-2.81498	769.03	-921.5	-277.002	807.308	-906.43	361.777
922	1	13	925.302	269.478	-0.996398	0.278667	-1261.14	-1220.21	-277.002	-1309.37	-1235.2	328.516
161	1	-13	570.038	7.0658	-0.808411	-1.14921	-897.643	-963.876	-277.002	-1054.68	-605.227	285.405
163	1	-13	883.676	10.0146	-0.771229	0.933643	1193.36	-261.892	-277.002	948.622	-644.745	284.555
164	1	13	1082.23	492.337	-0.973508	-0.381076	1296.95	281.488	-277.002	1180.89	327.738	256.863
262	1	-13	517.49	9.72017	-0.866179	-0.497114	157.555	839.894	-277.002	-111.483	985.681	259.264
264	1	-13	629.328	122.729	-0.935832	-1.61336	1175.7	860.202	-277.002	1182.59	1063.62	258.699
337	1	13	980.84	262.89	-0.912612	3.02966	701.464	838.616	-277.002	937.958	811.357	258.083
339	1	13	1122.93	152.605	-0.999636	2.55987	-666.265	-356.824	-277.002	-654.281	-363.858	280.265
340	1	-13	3215.85	1450.88	-0.982614	1.16992	1344.09	-1182.8	-277.002	1296.57	-1295.32	370.947
790	1	-13	1352.95	17.5123	-0.815406	-0.753813	570.769	-182.052	-277.002	288.714	79.8658	267.274
88	1	13	525.2	0.147034	-0.987936	0.224499	-968.421	-732.404	-277.002	-992.848	-871.995	305.026
89	1	13	576.836	58.7311	-0.946502	0.591626	-195.158	331.079	-277.002	-348.448	229.956	270.662
90	1	13	609.785	98.9686	-0.997504	-1.2467	-1020.06	-209.708	-277.002	-1031.03	-172.264	270.434
176	1	-13	601.157	58.8041	-0.984207	2.34409	-987.415	295.205	-277.002	-910.872	226.595	267.438
282	1	13	794.425	287.743	-0.999976	2.40382	942.53	8.41685	-277.002	945.292	6.358	255.044
396	1	-13	3521.88	1280.43	-0.715949	1.21982	-963.52	972.492	-277.002	-1153.67	452.197	290.782
397	1	-13	859.457	189.447	-0.94926	-1.66274	491.316	263.907	-277.002	507.004	442.459	258.86
551	1	13	541.823	1.54798	-0.821034	2.65635	1088.76	1174.65	-277.002	1373.64	1038.42	255.798
588	1	13	1920.82	49.0336	-0.689518	0.656059	682.212	-557.727	-277.002	144.066	-970.036	368.909
591	1	-13	896.69	194.635	-0.995876	0.944215	1400.98	-712.086	-277.002	1371.48	-750.56	270.81
594	1	-13	1547.07	471.217	-0.788718	1.44126	450.809	187.628	-277.002	395.473	-236.799	273.178
743	1	-13	1522.28	131.81	-0.456319	2.67136	-289.064	412.173	-277.002	662.179	-67.3102	263.467
746	1	-13	1222.2	97.06	-0.952057	-1.94139	218.485	-1093.81	-277.002	297.523	-894.583	391.913
747	1	13	1103.5	289.375	-0.970882	-2.14511	-1111.33	-1279.83	-277.002	-1031.2	-1157.16	314.385
748	1	13	899.884	288.346	-0.980287	-2.66328	-939.251	598.166	-277.002	-839.145	650.666	279.221
913	1	-13	496.656	40.0547	-0.999996	-0.205498	419.535	-440.184	-277.002	418.912	-437.103	284.522
53	1	13	801.247	89.469	-0.74934	-1.8067	-1242.3	-19.2073	-277.002	-1123.02	467.056	288.363
616	1	-13	431.681	11.2526	-0.999859	-2.23082	394.948	153.784	-277.002	394.571	159.402	264.013
840	1	13	1586	202.764	-0.522859	2.35254	-1038.38	-317.192	-277.002	-361.841	-998.408	312.201
842	1	13	1071.67	19.215	-0.882411	2.57233	-1220.91	80.9732	-277.002	-979.462	-80.182	268.317
844	1	-13	611.826	31.8099	-0.890337	-0.836816	1381.18	-454.68	-277.002	1195.48	-242.407	262.358
105	1	-13	522.019	52.1961	-0.940557	0.844867	1122.04	726.149	-277.002	996.4	582.34	259.456
108	1	-13	410.786	3.55438	-0.999817	-0.890739	-247.801	1429.93	-277.002	-259.768	1421.99	259.718
186	1	13	483.697	11.2389	-0.966192	2.14319	-1183.76	171.58	-277.002	-1120.89	48.8217	267.832
188	1	-13	707.78	82.7663	-0.751446	0.265436	-862.196	-320.266	-277.002	-1336.44	-446.184	277.718
925	1	-13	4674.27	2592.02	-0.987308	0.0236594	-1142.03	829.691	-277.002	-1234.24	827.331	295.61
37	1	-13	604.467	88.1602	-0.990467	-2.0561	1403.23	365.444	-277.001	1438.19	431.089	252.36
39	1	-13	485.088	38.2865	-0.985369	-0.421162	763.453	121.323	-277.002	673.499	158.212	257.812
147	1	-13	625.138	54.0266	-0.754029	-2.42298	661.585	505.354	-277.002	1014.33	814.643	257.825
28	1	13	1965.71	169.192	-0.417436	-2.26504	-1217.5	-438.677	-277	-455.818	476.768	264.704
31	1	-13	902.813	349.059	-0.999546	-1.81808	-1036.02	-352.502	-277.002	-1032.07	-333.997	274.384
344	1	-13	653.315	27.0855	-0.886763	2.41669	310.652	1068.41	-277.002	540.537	877.983	261.316
346	1	-13	818.519	2.91625	-0.96677	1.29052	639.597	-1038.77	-277.002	602.472	-1191.34	316.186
349	1	13	1005.87	170.047	-0.983927	1.53156	170.12	-404.322	-277.002	166.308	-508.864	307.45
533	1	-13	658.228	97.4881	-0.949511	1.2325	814.088	680.106	-277.002	753.665	510.865	257.444
537	1	-13	1053.93	138.559	-0.888216	2.67099	-286.731	-1355.68	-277.002	-9.08376	-1498.76	321.735
630	1	13	711.63	97.6093	-0.943495	1.09844	504.7	-214.073	-277.002	416.624	-390.238	279.458
632	1	-13	1044.94	91.7953	-0.971502	0.246698	205.079	-334.214	-277.002	60.0958	-368.358	330.079
770	1	13	827.779	167.752	-0.756383	2.03727	650.222	507.038	-277.002	858.765	96.6884	255.661
896	1	-13	952.165	239.992	-0.972466	-0.181376	610.887	-1185.55	-277.002	469.461	-1159.76	322.721
897	1	-13	588.976	98.546	-0.938457	-0.890285	179.573	762.33	-277.002	58.7622	916.214	259.654
899	1	13	462.9	6.14435	-0.978729	1.34366	-1253.53	501.524	-277.002	-1265.16	379.891	295.465
902	1	-13	587.011	89.1511	-0.944334	-2.65558	187.147	1321.25	-277.002	347.906	1405.31	260.928
973	1	13	441.517	3.90229	-0.914101	2.13509	-186.773	1152.59	-277.002	-43.7405	947.473	260.159
979	1	13	611.768	17.4529	-0.941491	1.26393	-398.978	1041.49	-277.002	-457.261	854.605	261.016
146	1	13	4506.44	116.061	-0.570501	2.25422	-1358.2	1296.44	-277.002	-852.522	669.705	280.565
311	1	-13	638.101	105.924	-0.987011	-1.85917	-981.936	-125.729	-277.002	-957.861	-40.7365	267.284
625	1	-13	1219.25	607.937	-0.995767	0.7959	-906.981	1160.73	-277.002	-942.588	1124.93	261.494
727	1	-13	1171.62	383.907	-0.91822	1.2993	818.784	-1144.93	-277.002	751.052	-1383.9	301.181
988	1	13	1435.2	52.1421	-0.995078	3.03207	1062.1	562.143	-277.002	1115.18	555.735	258.25
989	1	-13	899.441	176.555	-0.801882	-1.13626	352.692	-77.2446	-277.002	187.028	285.852	262.831
990	1	-13	810.829	80.5646	-0.874047	0.603463	-1092.95	-1237.82	-277.002	-1393.25	-1452.58	380.592
61	1	-13	723.223	73.6585	-0.979991	-0.491972	1221.89	-632.329	-277.002	1124.94	-579.46	271.104
62	1	-13	990.38	188.933	-0.883389	-0.984968	924.087	-1367.51	-277.002	749.157	-1099.81	330.937
372	1	-13	1392.33	361.932	-0.894673	0.709136	1125.9	-878.189	-277.002	891.576	-1078.63	343.66
571	1	13	770.934	117.821	-0.977668	2.98071	1114.03	1007.35	-277.002	1229.03	994.81	257.905
572	1	-13	855.213	70.273	-0.917668	-2.95221	-1186.55	-1365.02	-277.002	-938.545	-1318.87	319.841
573	1	13	613.926	105.077	-0.98041	0.0599768	-462.26	457.649	-277.002	-566.928	450.218	266.53
879	1	-13	847.071	90.3024	-0.931885	1.35747	320.278	1055.87	-277.002	276.073	852.162	260.068
881	1	-13	1115.12	249.226	-0.999969	0.747422	-376.177	-1422.02	-277.002	-381.25	-1423.07	318.833
49	1	13	684.999	38.6028	-0.904121	-1.64072	-1436.52	-772.026	-277.002	-1418.12	-511.394	282.06
50	1	13	912.854	288.339	-0.996586	-2.54592	-1212.93	444.382	-277.002	-1173.82	470.543	293.497
54	1	-13	744.012	47.7636	-0.996488	1.28214	853.812	237.644	-277.002	839.21	198.32	255.295
193	1	-13	494.01	11.8234	-0.99587	-0.236356	-1379.25	103.525	-277.002	-1430.32	118.012	272.824
367	1	13	414.01	18.1935	-0.999749	-2.33849	1127.4	1374.52	-277.002	1137.48	1388.4	251.797
370	1	-13	1137.1	350.418	-0.938536	-0.729181	1409.94	899.774	-277.002	1262.8	1030.97	257.38
667	1	-13	962.68	380.93	-0.989687	-3.0691	1251.84	-75.5907	-277.002	1329.95	-68.6854	254.872
669	1	13	512.646	59.3866	-0.962313	0.905154	-444.391	1497.33	-277.002	-534.335	1384.79	258.24
764	1	-13	1420.08	535.081	-0.859957	2.3179	566.322	1223.1	-277.002	782.792	989.733	259.059
766	1	-13	973.168	73.5281	-0.711171	3.03571	866.323	842.142	-277.002	1395.67	787.025	257.943
767	1	13	1361.35	453.458	-0.925652	3.1206	-1448.92	1059.76	-277.002	-1221.47	1055	278.793
769	1	-13	783.629	12.3312	-0.709165	-1.42796	1028.15	-664.227	-277.002	951.829	-118.689	256.974
934	1	-13	649.352	25.7602	-0.999887	0.238747	-1343.51	78.4333	-277.002	-1346.71	74.5953	268.56
269	1	13	492.21	69.2107	-0.998871	-0.85624	-730.782	-215.419	-277.002	-744.54	-201.682	273.727
422	1	13	792.085	242.505	-0.985201	-1.3236	1145.8	1080	-277.002	1122.49	1169.65	259.214
511	1	-13	582.267	87.5409	-0.930546	0.546484	-1070.46	437.067	-277.002	-1264.4	323.433	286.678
515	1	13	651.179	13.8627	-0.796525	-2.99183	-1489.54	-1403.02	-277.002	-1000.8	-1338.38	329.808
598	1	13	816.105	45.0549	-0.946161	-1.00255	777.17	-1116.95	-277.002	657.746	-933.435	372.413
599	1	13	976.673	86.2185	-0.83083	2.04205	-780.93	224.877	-277.002	-599.976	-112.389	297.798
600	1	-13	1003.7	121.74	-0.613836	-2.32186	-1435.59	-300.728	-277.002	-962.607	203.464	266.728
689	1	13	1334.47	234.088	-0.745649	0.113607	1059.77	-1344.53	-277.002	547.207	-1402.81	303.024
811	1	-13	1116.54	243.285	-0.943491	0.999835	-1182.77	1405.41	-277.002	-1286.23	1241.5	267.775
965	1	-13	1249.75	305.38	-0.8653	1.70778	1194.47	266.808	-277.002	1237	-39.4401	258.447
135	1	-13	1405.36	386.936	-0.999569	-1.71105	976.249	673.366	-277.002	977.783	688.844	260.045
139	1	-13	1271.39	234.45	-0.9531	1.64915	319.082	975.631	-277.002	331.127	804.608	262.312
574	1	-13	2272.43	1111.43	-0.872343	-2.02979	-445.45	658.193	-277.002	-312.393	927.606	259.933
791	1	-13	900.938	0.345163	-0.98309	-2.50093	-253.341	-1239.1	-277.002	-163.986	-1031.51	366.25
792	1	-13	560.376	22.126	-0.976457	-0.219291	482.855	4.00448	-277.002	365.977	9.48253	266.71
887	1	13	1370.19	300.028	-0.640503	1.60587	789.081	853.13	-277.002	811.594	212.834	255.428
888	1	13	580.26	96.6111	-0.97506	2.65086	-37.2067	319.756	-277.002	68.6026	260.364	262.956
240	1	13	613.365	62.8839	-0.999977	1.12231	-78.968	-1383.4	-277.002	-84.2785	-1390.33	335.083
560	1	13	420.115	8.33314	-0.999671	2.15392	219.956	373.234	-277.002	212.737	364.888	262.156
562	1	13	2220.9	308.836	-0.629687	2.89064	-400.991	377.304	-277.002	244.879	211.98	262.351
566	1	-13	841.941	284.197	-0.979462	-1.82645	812.132	-416.734	-277.002	839.511	-308.911	262.79
679	1	-13	482.026	17.8647	-0.952807	-0.633429	1243.55	827.885	-277.002	1114.41	928.491	259.154
683	1	-13	533.323	66.7365	-0.999973	1.58845	-6.63079	364.491	-277.002	-2.81278	358.13	263.161
812	1	-13	601.879	6.03607	-0.997919	1.59096	-997.544	584.89	-277.002	-969.796	534.584	281.292
813	1	13	719.45	23.6313	-0.998744	-2.81498	769.03	-921.5	-277.002	807.308	-906.43	361.777
922	1	13	925.302	269.478	-0.996398	0.278667	-1261.14	-1220.21	-277.002	-1309.37	-1235.2	328.516
99	1	-13	494.003	45.3761	-0.98777	1.73659	-1037.57	121.954	-277.002	-1021.51	37.6518	268.359
238	1	13	725.717	91.4027	-0.952265	-1.6581	-1137.97	-610.967	-277.002	-1124.68	-435.33	279.021
239	1	-13	616.014	20.2613	-0.986364	1.53452	-1062.99	721.158	-277.002	-1064.6	641.853	283.255
241	1	-13	571.849	35.1652	-0.870673	-0.26544	1091.22	313.307	-277.002	799.915	398.98	256.617
243	1	13	789.818	117.114	-0.943288	-1.96457	305.719	1088.39	-277.002	375.085	1264.39	257.012
304	1	-13	1192.11	25.0952	-0.698366	2.93232	-785.528	1402.71	-277.002	-224.667	1294.77	259.328
306	1	-13	712.017	101.87	-0.966878	-0.267516	409.361	-192.296	-277.002	270.121	-151.096	272.968
512	1	13	474.613	24.8765	-0.999951	1.43702	-916.411	1019.08	-277.001	-917.411	1011.39	263.632
514	1	-13	562.242	19.5292	-0.947196	2.37538	45.7087	4.98186	-277.002	181.362	-124.677	280.055
515	1	13	701.434	138.271	-0.870175	-1.74716	964.108	-549.533	-277.002	1021.61	-252.394	261.013
517	1	-13	678.464	0.510181	-0.976677	-0.398921	-1382.33	-325.866	-277.002	-1427.05	-224.631	273.093
558	1	-13	810.356	127.293	-0.971736	-0.850944	-977.904	113.549	-277.002	-1065.29	212.101	266.74
854	1	-13	1690.23	139.959	-0.593801	1.18135	1161.6	274.067	-277.002	879.846	-411.192	266.122
856	1	-13	2829.56	1179.63	-0.864108	-0.180139	-14.7543	-629.846	-277.002	-364.267	-566.254	334.132
858	1	13	880.664	8.96201	-0.710733	1.90528	520.835	1391.42	-277.002	683.828	871.675	260.274
235	1	13	627.942	74.0316	-0.913216	2.96995	1039.41	606.278	-277.002	1275.76	566.525	256.325
301	1	-13	989.232	23.7392	-0.989834	1.71911	-528.902	-498.729	-277.002	-519.687	-577.025	293.588
404	1	-13	522.73	40.2916	-0.942284	-0.46161	805.553	1047.18	-277.002	634.855	1130.99	255.487
405	1	-13	757.173	216.497	-0.997543	0.618608	153.039	613.571	-277.002	124.708	592.764	263.094
526	1	-13	2396.55	583.002	-0.734206	1.84867	608.897	-249.655	-277.002	769.108	-809.849	354.437
668	1	-13	1317.32	523.76	-0.985149	-2.22076	-1372.02	-262.445	-277.002	-1315.03	-186.568	270.716
670	1	-13	779.3	57.9238	-0.960638	-1.04897	745.192	493.384	-277.002	673.044	631.76	256.639
777	1	-13	660.036	37.047	-0.979709	-1.36533	-1457.45	-1.45697	-277.002	-1490.07	106.386	273.44
779	1	-13	1118.34	163.09	-0.927924	-3.09741	-95.3656	248.683	-277.002	120.304	254.757	262.889
783	1	13	618.776	47.8241	-0.89505	-0.0664865	-1089.36	450.627	-277.002	-1391.44	473.592	322.125
862	1	13	1383.79	437.943	-0.795147	-2.16384	-628.103	-1392.35	-277.002	-377.774	-1020.17	309.534
866	1	-13	606.159	107.323	-0.987072	-1.87486	-649.036	-1137.56	-277.002	-622.255	-1048.43	289.858
35	1	13	994.063	143.031	-0.820849	-1.49773	-1060.52	313.214	-277.002	-1087.48	701.657	283.754
37	1	-13	520.856	55.8951	-0.965491	1.9156	-1334.37	-342.677	-277.002	-1290.47	-480.396	283.188
41	1	13	1042.64	29.5535	-0.908375	-1.78522	-16.791	-1154.88	-277.002	47.6895	-852.153	385.986
161	1	-13	1342.2	541.51	-0.901115	2.03066	-1013.57	1310.44	-277.002	-897.558	1080.45	260.892
163	1	13	1281.72	392.461	-0.905577	-2.82893	995.206	-595.089	-277.002	1236.9	-516.538	265.753
245	1	-13	1318.44	393.531	-0.933636	-0.965594	-1013.14	-1313.95	-277.002	-1143.49	-1125.79	319.627
431	1	-13	1135.12	61.1104	-0.696899	2.07043	-1184.53	-641.892	-277.002	-886.628	-1180.07	312.373
506	1	-13	633.731	53.8197	-0.945336	-0.520481	946.148	-1171.09	-277.002	762.812	-1064.48	341.081
509	1	-13	624.187	74.7182	-0.897654	-2.94672	828.758	103.322	-277.002	1083.87	153.082	255.584
510	1	-13	577.237	13.4155	-0.898458	2.18342	-785.513	983.396	-277.002	-638.375	779.782	273.639
813	1	-13	581.297	1.77023	-0.99424	-1.64301	-797.236	-96.4734	-277.002	-812.894	-80.311	270.756
816	1	-13	913.196	32.9748	-0.818076	1.91194	549.133	1154.97	-277.002	667.105	808.864	258.58
817	1	-13	841.619	160.865	-0.931321	-1.90257	-1057.17	-1449.98	-277.002	-980.47	-1230.8	320.201
891	1	13	1128.1	398.868	-0.923148	1.15143	-838.12	1186.41	-277.002	-930.71	979.122	267.351
892	1	-13	687.435	162.864	-0.999526	1.04381	580.172	523.254	-277.002	572.534	509.805	258.878
893	1	-13	1142.72	71.9131	-0.768647	-2.64436	-153.863	-1281.34	-277.002	308.347	-1026.17	359.902
387	1	13	993.872	290.349	-0.976312	-1.18044	277.117	-1217.99	-277.002	225.162	-1090.9	339.705
388	1	-13	1970.67	607.581	-0.755168	2.78816	-1182.09	321.562	-277.002	-720.846	151.762	287.995
389	1	-13	642.122	76.5984	-0.991969	0.414442	688.44	776.62	-277.002	625.635	748.752	256.499
476	1	-13	568.156	36.7253	-0.981116	0.707095	840.776	-1015.01	-277.002	745.928	-1091.58	333.204
478	1	-13	452.45	9.77454	-0.958176	2.71121	382.615	181.683	-277.002	539.125	108.817	262.589
888	1	-13	483.647	33.0114	-0.975069	2.11268	76.8599	1099.74	-277.002	140.125	991.879	257.807
939	1	-13	1161.8	362.118	-0.86644	0.449076	-771.91	-9.11442	-277.002	-1056.07	-147.437	270.263
940	1	13	1761.9	557.205	-0.79933	-2.56074	-641.574	-969.064	-277.002	-242.409	-704.854	358.307
943	1	-13	1238.11	415.252	-0.867232	-2.1419	-994.414	195.945	-277.002	-822.003	462.283	273.946
944	1	13	821.643	62.8813	-0.837928	2.46308	74.1999	-877.203	-277.002	389.221	-1123.17	333.003
28	1	13	635.443	121.852	-0.952348	2.93406	-308.009	1224.85	-277.002	-142.179	1187.81	258.315
34	1	-13	1064.18	200.773	-0.865307	2.03051	674.208	-422.931	-277.002	828.485	-732.558	322.781
204	1	-13	954.509	2.44081	-0.885631	-0.66121	406.995	1155.45	-277.002	222.543	1294.67	261.18
533	1	13	720.389	86.6582	-0.961806	-1.33058	-270.711	-908.114	-277.002	-309.167	-742.152	332.251
534	1	13	1151.25	442.609	-0.914502	2.81842	1204.61	-310.739	-277.002	1430.93	-385.958	262.198
702	1	-13	593.295	9.9649	-0.898788	-1.22869	1077.85	-1283.62	-277.002	966.362	-994.916	348.097
704	1	-13	595.972	81.2668	-0.890763	2.63709	-1243.06	-71.175	-277.002	-993.905	-205.725	271.138
706	1	13	909.155	36.3196	-0.891344	-0.696134	1228.84	-596.643	-277.002	1021.84	-415.072	266.675
840	1	-13	932.147	116.944	-0.852029	3.02886	725.976	-623.476	-277.002	1067.84	-661.117	278.54
841	1	-13	670.079	128.136	-0.858363	-1.93465	-251.188	1133.88	-277.002	-136.186	1432.77	259.199
953	1	-13	788.52	34.1161	-0.982195	-2.29225	-954.453	-539.588	-277.002	-888.14	-455.33	274.976
954	1	13	610.185	21.8471	-0.945479	-2.88714	-1320.15	-881.652	-277.002	-1138.71	-834.405	301.491
956	1	13	562.064	25.2044	-0.94334	1.62328	-405.137	1184.3	-277.002	-397.277	991.733	258.579
161	1	-13	570.038	7.0658	-0.808411	-1.14921	-897.643	-963.876	-277.002	-1054.68	-605.227	285.405
163	1	-13	883.676	10.0146	-0.771229	0.933643	1193.36	-261.892	-277.002	948.622	-644.745	284.555
164	1	13	1082.23	492.337	-0.973508	-0.381076	1296.95	281.488	-277.002	1180.89	327.738	256.863
262	1	-13	517.49	9.72017	-0.866179	-0.497114	157.555	839.894	-277.002	-111.483	985.681	259.264
264	1	-13	629.328	122.729	-0.935832	-1.61336	1175.7	860.202	-277.002	1182.59	1063.62	258.699
337	1	13	980.84	262.89	-0.912612	3.02966	701.464	838.616	-277.002	937.958	811.357	258.083
339	1	13	1122.93	152.605	-0.999636	2.55987	-666.265	-356.824	-277.002	-654.281	-363.858	280.265
340	1	-13	3215.85	1450.88	-0.982614	1.16992	1344.09	-1182.8	-277.002	1296.57	-1295.32	370.947
790	1	-13	1352.95	17.5123	-0.815406	-0.753813	570.769	-182.052	-277.002	288.714	79.8658	267.274
15	1	13	658.683	27.2303	-0.950558	-0.00840617	-1265.85	-1439.41	-277.002	-1497.29	-1443.39	392.033
16	1	13	551.412	38.1871	-0.846784	-0.0505262	-211.17	1286.03	-277.002	-544.477	1304.01	259.069
17	1	-13	585.569	134.901	-0.980508	-1.13198	480.83	836.564	-277.002	433.154	934.049	261.151
153	1	13	3277.63	989.12	-0.701062	-2.99259	-1407.46	1413.36	-277.002	-865.768	1494.55	261.317
294	1	-13	551.604	59.587	-0.975417	-2.53223	-1344.9	-433.229	-277.002	-1242.08	-353.428	276.554
295	1	13	572.69	42.9847	-0.905768	-2.68296	-1438.54	-945.595	-277.002	-1198.14	-821.531	302.295
296	1	-13	881.46	317.279	-0.996302	1.86213	744.546	980.259	-277.002	757.979	937.366	260.094
408	1	13	702.009	113.842	-0.998988	-1.03327	-1150.94	1450.59	-277.002	-1166.71	1474.28	264.095
410	1	-13	456.017	16.7607	-0.988874	-2.56471	792.372	898.295	-277.002	866.03	934.084	259.107
81	1	13	523.873	47.3836	-0.979168	1.33402	748.303	839.182	-277.002	722.419	729.788	257.025
83	1	13	584.622	32.4511	-0.882012	-1.84435	614.005	-298.665	-277.002	687.852	-26.3822	262.386
160	1	-13	725.146	24.8942	-0.977463	-1.24835	-160.263	-731.029	-277.002	-205.311	-602.754	388.044
438	1	13	648.867	5.23746	-0.895892	1.85195	764.034	347.829	-277.002	842.165	94.1525	256.126
440	1	13	507.481	23.7241	-0.999869	-0.826178	-778.819	-684.225	-277.002	-782.756	-678.193	280.303
558	1	-13	800.129	61.0026	-0.922486	2.67072	266.037	1220.46	-277.002	468.891	1116.71	256.041
647	1	13	600.898	40.7021	-0.911537	2.9489	-564.978	461.687	-277.002	-324.221	420.187	263.883
697	1	-13	457.396	12.5892	-0.995692	-0.245331	513.355	367.466	-277.002	460.215	396.167	259.308
699	1	-13	526.015	2.47814	-0.984135	-1.92738	-350.203	832.011	-277.002	-324.615	926.392	259.893
829	1	-13	866.573	60.1902	-0.88091	1.98332	1377.74	892.889	-277.002	1486.7	629.719	255.656
85	1	-13	872.726	139.199	-0.97247	0.132072	788.512	-556.158	-277.002	651.187	-573.171	304.897
584	1	-13	814.939	31.1263	-0.997658	-2.22876	1042.72	335.925	-277.002	1065.71	365.068	258.915
699	1	13	797.158	160.547	-0.984483	-1.30753	-128.44	831.211	-277.002	-154.55	922.229	259.961
809	1	13	614.355	93.5159	-0.848092	-1.69171	814.079	-392.71	-277.002	855.028	-61.1452	257.754
811	1	13	955.634	101.03	-0.912312	-1.3794	1488.59	1125.4	-277.002	1444.81	1357.63	249.896
877	1	-13	813.883	52.0373	-0.877818	0.768345	611.04	-290.745	-277.002	390.37	-502.982	295.796
37	1	-13	604.467	88.1602	-0.990467	-2.0561	1403.23	365.444	-277.001	1438.19	431.089	252.36
39	1	-13	485.088	38.2865	-0.985369	-0.421162	763.453	121.323	-277.002	673.499	158.212	257.812
147	1	-13	625.138	54.0266	-0.754029	-2.42298	661.585	505.354	-277.002	1014.33	814.643	257.825
93	1	13	786.564	155.421	-0.971028	-0.282364	-893.731	-422.505	-277.002	-1023.6	-384.175	275.064
253	1	13	592.136	7.07444	-0.966667	0.980031	-439.157	-498.334	-277.002	-527.273	-630.376	292.265
385	1	13	1135.25	352.003	-0.929497	-0.687618	-181.236	764.649	-277.002	-344.953	900.623	260.098
493	1	13	1576.27	415.106	-0.996734	2.77017	-765.446	-507.012	-277.002	-723.747	-524.076	279.101
568	1	-13	441.182	6.24715	-0.953129	0.733159	1049.2	276.866	-277.002	930.395	142.376	255.327
571	1	-13	650.665	50.3274	-0.990566	2.35705	244.461	355.434	-277.002	301.369	303.988	261.692
754	1	-13	599.14	121.058	-0.991262	-0.723455	453.085	419.53	-277.002	400.361	462.362	259.521
88	1	13	525.2	0.147034	-0.987936	0.224499	-968.421	-732.404	-277.002	-992.848	-871.995	305.026
89	1	13	576.836	58.7311	-0.946502	0.591626	-195.158	331.079	-277.002	-348.448	229.956	270.662
90	1	13	609.785	98.9686	-0.997504	-1.2467	-1020.06	-209.708	-277.002	-1031.03	-172.264	270.434
176	1	-13	601.157	58.8041	-0.984207	2.34409	-987.415	295.205	-277.002	-910.872	226.595	267.438
282	1	13	794.425	287.743	-0.999976	2.40382	942.53	8.41685	-277.002	945.292	6.358	255.044
396	1	-13	3521.88	1280.43	-0.715949	1.21982	-963.52	972.492	-277.002	-1153.67	452.197	290.782
397	1	-13	859.457	189.447	-0.94926	-1.66274	491.316	263.907	-277.002	507.004	442.459	258.86
551	1	13	541.823	1.54798	-0.821034	2.65635	1088.76	1174.65	-277.002	1373.64	1038.42	255.798
588	1	13	1920.82	49.0336	-0.689518	0.656059	682.212	-557.727	-277.002	144.066	-970.036	368.909
591	1	-13	896.69	194.635	-0.995876	0.944215	1400.98	-712.086	-277.002	1371.48	-750.56	270.81
594	1	-13	1547.07	471.217	-0.788718	1.44126	450.809	187.628	-277.002	395.473	-236.799	273.178
743	1	-13	1522.28	131.81	-0.456319	2.67136	-289.064	412.173	-277.002	662.179	-67.3102	263.467
746	1	-13	1222.2	97.06	-0.952057	-1.94139	218.485	-1093.81	-277.002	297.523	-894.583	391.913
747	1	13	1103.5	289.375	-0.970882	-2.14511	-1111.33	-1279.83	-277.002	-1031.2	-1157.16	314.385
748	1	13	899.884	288.346	-0.980287	-2.66328	-939.251	598.166	-277.002	-839.145	650.666	279.221
913	1	-13	496.656	40.0547	-0.999996	-0.205498	419.535	-440.184	-277.002	418.912	-437.103	284.522
170	1	-13	529.042	30.4325	-0.896375	-0.369212	-222.344	1094.86	-277.002	-468.741	1191.33	258.24
174	1	-13	953.14	20.4231	-0.986817	-0.19254	418.066	-1209.76	-277.002	316.953	-1182.77	323.182
273	1	13	626.399	29.9677	-0.953471	1.53886	596.856	-79.8075	-277.002	582.605	-254.23	270.745
278	1	-13	1268.22	495.289	-0.999304	-2.93922	197.731	338.092	-277.002	216.736	342.789	262.502
520	1	-13	425.493	2.19788	-0.96386	2.54226	856.537	657.178	-277.002	990.13	567.094	259.188
524	1	13	1047.93	329.996	-0.883667	-2.11432	985.297	864.671	-277.002	1130.92	1107.22	259.489
598	1	-13	666.138	129.529	-0.993648	1.60927	-1112.64	-660.111	-277.002	-1108.89	-723.173	289.764
653	1	13	1965.74	408.8	-0.800117	2.28634	-1268.72	1359.11	-277.002	-1002.17	1050.2	264.731
973	1	-13	1059.46	226.146	-0.757836	3.09097	442.224	-740.806	-277.002	954.477	-768.291	320.349
977	1	13	901.978	181.515	-0.987118	-2.23544	-362.677	-139.613	-277.002	-302.082	-60.4119	330.791
979	1	-13	677.598	56.7631	-0.945434	-0.635628	1261.49	-270.717	-277.002	1109.04	-158.049	260.618
53	1	13	801.247	89.469	-0.74934	-1.8067	-1242.3	-19.2073	-277.002	-1123.02	467.056	288.363
616	1	-13	431.681	11.2526	-0.999859	-2.23082	394.948	153.784	-277.002	394.571	159.402	264.013
840	1	13	1586	202.764	-0.522859	2.35254	-1038.38	-317.192	-277.002	-361.841	-998.408	312.201
842	1	13	1071.67	19.215	-0.882411	2.57233	-1220.91	80.9732	-277.002	-979.462	-80.182	268.317
844	1	-13	611.826	31.8099	-0.890337	-0.836816	1381.18	-454.68	-277.002	1195.48	-242.407	262.358
23	1	-13	775.251	61.2348	-0.946177	-1.75637	310.745	-1362.16	-277.002	350.768	-1158.82	327.579
27	1	-13	1336.01	42.7063	-0.547836	-0.740025	111.102	-790.245	-277	-533.287	-183.179	297.898
288	1	13	632.044	7.75659	-0.84923	-2.80751	-1067.7	-916.288	-277.002	-746.139	-833.511	285.398
293	1	-13	618.495	99.4677	-0.92981	1.2647	-537.951	-1019.4	-277.002	-609.243	-1241	301.009
400	1	-13	553.331	13.526	-0.862434	1.15805	1221.34	1030.85	-277.002	1076.38	737.026	258.676
401	1	-13	874.62	242.493	-0.99689	-0.814263	-730.455	-142.868	-277.002	-762.087	-111.647	273.098
403	1	-13	648.994	3.73997	-0.999165	-1.08713	-484.101	-236.315	-277.002	-507.613	-219.88	299.074
485	1	-13	872.119	51.9944	-0.730266	-0.326863	1423.36	-1292.71	-277.002	877.85	-1104.39	337.42
610	1	13	564.479	77.7673	-0.999998	1.66684	489.423	1481.92	-277.002	488.718	1480	255.839
681	1	-13	463.299	22.0425	-0.948583	2.63899	473.082	847.159	-277.002	629.354	761.258	257.005
684	1	13	535.654	23.1622	-0.977457	0.0601627	-273.528	1485.23	-277.002	-382.408	1481.9	260.739
823	1	-13	1861	391.062	-0.991014	2.34373	-1399.59	679.86	-277.002	-1347.23	625.669	289.365
948	1	13	761.963	112.223	-0.999984	0.504061	868.354	178.791	-277.002	867.94	178.401	255.254
96	1	-13	470.931	12.6504	-0.96669	0.508944	362.882	-454.027	-277.002	228.175	-524.111	303.824
97	1	-13	1885.03	443.64	-0.688689	2.90119	849.521	315.423	-277.002	1391.45	183.438	252.255
204	1	13	788.621	14.2345	-0.973939	2.40346	-561.52	163.443	-277.002	-466.084	78.4696	308.655
207	1	-13	1272.69	105.018	-0.61281	2.09002	564.888	1049.72	-277.002	905.641	456.656	258.517
408	1	-13	847.656	83.8867	-0.682376	2.82764	-229.331	245.771	-277.002	320.826	60.2829	267.904
411	1	13	571.554	88.3189	-0.995608	2.57565	1190.93	1355.7	-277.002	1230.83	1330.17	253.544
452	1	13	1345.17	149.613	-0.968238	-0.219238	-982.943	-656.233	-277.002	-1125.16	-624.438	284.971
933	1	-13	1246.41	50.8314	-0.851232	-2.83147	4.58713	1033.84	-277.002	314.718	1134.96	257.156
935	1	13	1499.18	501.343	-0.992951	-1.05549	-375.955	783.676	-277.002	-407.264	838.686	261.237
80	1	-13	730.253	45.8607	-0.975772	-1.5726	-29.2197	359.171	-277.002	-18.2645	478.729	264.404
83	1	-13	825.837	199.055	-0.890529	2.43839	196.9	-1013.92	-277.002	426.346	-1209.24	315.824
183	1	-13	882.677	314.304	-0.982111	-2.68986	-576.412	1355.4	-277.002	-484.86	1400.52	258.869
336	1	13	603.828	34.5384	-0.964364	-0.288917	986.389	-1447.66	-277.002	834.466	-1397.13	302.313
338	1	13	453.109	4.14816	-0.962458	0.271367	-5.15284	835.515	-277.002	-143.796	808.007	262.375
790	1	-13	691.28	115.798	-0.983272	-0.643706	194.777	-1364.35	-277.002	106.605	-1298.59	318.067
835	1	13	1574.31	762.651	-0.999673	0.608491	-268.219	1166.01	-277.002	-278.81	1158.32	257.248
839	1	-13	538.587	3.42439	-0.989647	2.63068	-291.807	290.921	-277.002	-242.352	241.881	265.722
45	1	-13	639.318	107.594	-0.989957	-1.29323	1388.6	-955.02	-277.002	1365.12	-877.971	279.436
48	1	13	736.392	101.394	-0.932098	1.89941	-583.091	319.287	-277.002	-504.526	102.685	306.878
253	1	-13	970.69	209.396	-0.949015	-2.38039	587.726	835.405	-277.002	715.544	959.361	260.144
257	1	13	458.996	45.432	-0.99843	1.82812	1370.41	790.168	-277.002	1382.43	761.191	257.499
519	1	-13	731.892	209.832	-0.985889	2.9469	-469.598	600.804	-277.002	-378.145	583.17	265.666
603	1	-13	644.81	75.5582	-0.999955	-1.32981	-622.157	-754.32	-277.002	-621.487	-751.847	285.463
605	1	-13	1165.86	327.386	-0.999618	-2.06416	-1301.1	801.191	-277.002	-1293.81	814.505	292.267
756	1	-13	983.16	46.1865	-0.957443	-0.979501	824.318	-1303.74	-277.002	722.211	-1151.12	319.292
759	1	-13	653.838	65.3621	-0.950009	3.0637	-1089.5	-1384.06	-277.002	-888.544	-1396.1	316.974
760	1	-13	592.035	85.4411	-0.993717	1.75478	-191.549	1230.73	-277.002	-184.55	1173.31	258.349
907	1	13	1590.67	829.342	-0.980903	-2.74024	110.927	948.018	-277.002	208.456	989.247	257.174
996	1	-13	715.48	55.2114	-0.769981	-1.56893	928.204	-819.101	-277.002	927.072	-361.63	264.124
998	1	-13	1138.82	349.628	-0.833995	-1.86985	126.63	815.322	-277.002	232.267	1152.71	258.389
155	1	13	679.056	8.02263	-0.983972	1.55198	906.778	-58.1848	-277.002	898.195	-167.527	257.763
156	1	13	1310.71	598.612	-0.995781	0.459037	402.577	-1002.46	-277.002	349.586	-1028.41	360.489
158	1	-13	1027.85	2.43575	-0.864184	2.00856	1087.14	1390.85	-277.002	1191.26	1083.92	258.497
260	1	-13	628.664	111.316	-0.97702	2.33505	85.989	1366.99	-277.002	169.304	1283.41	260.676
262	1	13	697.104	50.7233	-0.78933	1.29692	-563.298	1108.73	-277.002	-677.76	703.641	275.338
498	1	-13	724.744	94.3362	-0.846689	-2.29825	688.415	530.241	-277.002	912.446	785.644	257.993
732	1	13	745.397	87.282	-0.993852	0.860188	-1195.98	-1381.19	-277.002	-1245.78	-1436.54	364.857
849	1	-13	843.744	248.534	-0.945904	-1.87689	888.008	16.0271	-277.002	943.246	190.423	255.807
851	1	13	1580.86	258.401	-0.782178	1.41293	174.151	-153.086	-277.002	97.1576	-640.673	342.913
853	1	-13	513.283	20.62	-0.996973	-1.77207	-797.553	-587.678	-277.002	-783.743	-564.878	277.483
939	1	-13	1467.17	96.2061	-0.684378	-3.12674	-1072.3	603.441	-277.002	-493.546	608.926	266.224
941	1	13	2116.75	683.626	-0.692336	-0.649482	191.535	-196.512	-277.002	-269.413	153.477	278.03
98	1	-13	557.527	8.34437	-0.973309	2.31358	-1183.68	-819.758	-277.002	-1087.47	-924.161	316.235
99	1	13	916.855	84.3844	-0.978974	-2.20795	296.378	-77.737	-277.002	363.872	15.8335	266.79
101	1	-13	1177.01	364.512	-0.921731	-1.79115	-647.754	460.016	-277.002	-598.445	685.461	271.022
275	1	-13	1131.1	535.88	-0.995926	1.67695	-902.81	-679.427	-277.002	-897.242	-730.969	288.255
351	1	-13	913.604	190.167	-0.892046	0.560972	1399.69	498.477	-277.002	1171.38	354.959	257.226
355	1	-13	612.595	16.4871	-0.926449	1.59186	-1444.48	-101.786	-277.002	-1441.85	-338.489	275.718
493	1	13	668.343	209.55	-0.996411	1.22157	1426.86	1473.68	-277.002	1412.09	1430.2	251.009
494	1	-13	734.358	140.628	-0.977577	2.79619	-999.164	1084.53	-277.002	-889.472	1045.32	261.724
856	1	-13	743.88	151.389	-0.999942	-0.0990306	-355.278	-1390.79	-277.002	-360.992	-1393.58	318.282
857	1	-13	843.706	46.4258	-0.662864	-2.26312	-212.752	661.292	-277.002	172.219	1123.58	257.925
129	1	-13	902.743	155.28	-0.876414	-1.08191	306.148	99.9986	-277.002	169.566	364.442	262.722
213	1	-13	573.902	52.4028	-0.967864	-1.62173	1091.33	1004.4	-277.002	1098.64	1140.8	259.868
216	1	-13	770.93	107.364	-0.786233	2.13934	735.883	394.136	-277.002	961.796	37.8005	254.647
539	1	-13	745.835	21.9495	-0.712689	1.22681	1272.8	1025.71	-277.002	1104.91	558.584	258.368
543	1	-13	587.156	28.9932	-0.986868	-2.12213	1445.71	548.316	-277.002	1492.32	625.271	255.363
647	1	13	2698.52	1020.16	-0.995482	1.63848	825.929	-475.998	-277.002	829.627	-527.94	271.201
648	1	-13	1349.26	102.54	-0.959643	-1.18728	690.974	-1385.7	-277.002	623.881	-1227.65	313.67
778	1	-13	686.98	17.3195	-0.71612	0.24239	853.722	1305.24	-277.002	327.483	1174.59	256.728
988	1	-13	777.5	163.721	-0.99986	0.89424	13.8914	1482.06	-277.002	7.15497	1476.11	261.119
990	1	-13	816.811	46.1264	-0.641151	-1.05519	-483.431	-1337.05	-277.002	-818.973	-751.671	283.782
0	1	13	660.229	36.0978	-0.889424	1.26788	561.15	-722.604	-277.002	451.485	-1041.55	350.036
290	1	13	566.891	2.43176	-0.985611	2.77037	1176.72	365.516	-277.002	1259.95	291.456	255.921
291	1	-13	1355.75	273.439	-0.791082	-1.44738	188.045	964.717	-277.002	136.761	1378.3	261.578
292	1	-13	454.34	5.35294	-0.930731	1.39105	-809.498	-406.712	-277.002	-853.734	-599.009	279.143
413	1	-13	12661	3412.26	-0.516162	-1.69277	1139.82	-95.3623	-277.002	1248.12	787.717	259.192
792	1	13	733.742	174.633	-0.989954	-1.11831	-1287.55	933.687	-277.002	-1321.28	1008.88	299.155
794	1	-13	731.285	178.734	-0.99797	-1.96676	680.706	1251.71	-277.002	691.808	1283.54	255.432
946	1	-13	448.929	15.4715	-0.999621	2.37774	20.6859	1261.96	-277.002	35.4041	1263.82	258.202
948	1	-13	621.644	99.114	-0.998648	-2.79122	-642.29	344.663	-277.002	-613.838	355.415	270.748
949	1	13	1106.24	83.6721	-0.877943	2.14838	-457.962	-775.83	-277.002	-277.553	-1055.61	333.607
3	1	-13	629.442	2.16428	-0.766683	2.29668	-88.2654	320.184	-277.002	243.454	4.0801	270.778
175	1	13	528.735	14.0999	-0.999977	3.07421	-611.972	-586.936	-277.002	-612.564	-585.172	285.518
177	1	-13	696.777	130.268	-0.976785	1.03569	-982.629	-1147.78	-277.002	-1049.25	-1264.43	326.786
178	1	13	1418.93	463.298	-0.999976	-2.2077	-1326.73	516.642	-277.002	-1323.89	520.245	312.548
360	1	-13	957.293	99.3749	-0.835826	-2.79776	5.33122	373.72	-277.002	335.901	492.996	260.173
363	1	-13	555.182	82.082	-0.994088	2.59155	484.572	11.9753	-277.002	539.173	-14.1428	265.446
464	1	-13	2300.35	561.907	-0.53718	-0.00377898	1384.59	1047.84	-277.002	547.216	1050.82	257.627
641	1	-13	1204.87	148.793	-0.691407	1.41378	430.237	485.693	-277.002	342.941	-77.4191	268.71
747	1	13	490.234	9.32787	-0.977577	-1.02721	1005.2	772.628	-277.002	947.647	871.602	258.413
28	1	13	1965.71	169.192	-0.417436	-2.26504	-1217.5	-438.677	-277	-455.818	476.768	264.704
31	1	-13	902.813	349.059	-0.999546	-1.81808	-1036.02	-352.502	-277.002	-1032.07	-333.997	274.384
344	1	-13	653.315	27.0855	-0.886763	2.41669	310.652	1068.41	-277.002	540.537	877.983	261.316
346	1	-13	818.519	2.91625	-0.96677	1.29052	639.597	-1038.77	-277.002	602.472	-1191.34	316.186
349	1	13	1005.87	170.047	-0.983927	1.53156	170.12	-404.322	-277.002	166.308	-508.864	307.45
533	1	-13	658.228	97.4881	-0.949511	1.2325	814.088	680.106	-277.002	753.665	510.865	257.444
537	1	-13	1053.93	138.559	-0.888216	2.67099	-286.731	-1355.68	-277.002	-9.08376	-1498.76	321.735
630	1	13	711.63	97.6093	-0.943495	1.09844	504.7	-214.073	-277.002	416.624	-390.238	279.458
632	1	-13	1044.94	91.7953	-0.971502	0.246698	205.079	-334.214	-277.002	60.0958	-368.358	330.079
770	1	13	827.779	167.752	-0.756383	2.03727	650.222	507.038	-277.002	858.765	96.6884	255.661
896	1	-13	952.165	239.992	-0.972466	-0.181376	610.887	-1185.55	-277.002	469.461	-1159.76	322.721
897	1	-13	588.976	98.546	-0.938457	-0.890285	179.573	762.33	-277.002	58.7622	916.214	259.654
899	1	13	462.9	6.14435	-0.978729	1.34366	-1253.53	501.524	-277.002	-1265.16	379.891	295.465
902	1	-13	587.011	89.1511	-0.944334	-2.65558	187.147	1321.25	-277.002	347.906	1405.31	260.928
973	1	13	441.517	3.90229	-0.914101	2.13509	-186.773	1152.59	-277.002	-43.7405	947.473	260.159
979	1	13	611.768	17.4529	-0.941491	1.26393	-398.978	1041.49	-277.002	-457.261	854.605	261.016
114	1	13	968.938	206.952	-0.908425	1.06091	-944.539	1147.45	-277.002	-1070.67	918.545	286.377
435	1	-13	551.936	27.4108	-0.991998	0.0264067	1491.52	-48.4817	-277.002	1429.63	-51.0464	251.041
437	1	-13	994.517	220.175	-0.965745	0.627575	-1039.81	136.234	-277.002	-1160.24	51.2121	266.776
591	1	13	902.97	255.788	-0.920901	-2.68032	-44.9883	237.901	-277.002	159.647	338.595	263.255
801	1	-13	801.289	195.56	-0.999991	1.88429	-266.087	916.783	-277.002	-266.387	912.107	260.609
803	1	-13	2231.5	936.471	-0.796697	3.01158	983.135	-106.98	-277.002	1383.36	-159.07	255.786
896	1	13	1035.37	96.6738	-0.74792	-2.97012	-39.5462	1189.13	-277.002	424.804	1264.15	256.256
127	1	-13	695.815	37.4888	-0.91368	2.8011	-707.936	908.682	-277.001	-485.037	826.564	263.218
470	1	13	1215.34	352.844	-0.944287	-1.88773	-300.956	-367.663	-277.002	-235.078	-167.895	330.277
471	1	-13	534.516	29.7838	-0.899283	-1.53798	1392.1	338.858	-277.002	1383.33	598.417	255.954
474	1	13	1164.78	428.242	-0.995459	-2.00445	196.378	171.557	-277.002	218.388	217.78	262.114
708	1	-13	1505.58	95.5747	-0.555126	-1.95455	-867.004	-1037.07	-277.002	-547.337	-252.545	290.407
763	1	13	819.458	186.938	-0.948632	0.215854	130.37	1138.31	-277.002	-45.0553	1097.16	259.276
43	1	13	1609.5	737.207	-0.93263	0.139708	-402.903	-769.6	-277.002	-618.338	-800.699	286.392
144	1	-13	608.347	34.6667	-0.977752	2.42181	937.971	653.836	-277.002	1019.26	577.628	259.286
231	1	-13	799.582	198.478	-0.93023	-2.46746	743.759	141.723	-277.002	909.065	271.484	256.291
234	1	-13	720.909	182.378	-0.997539	-0.483332	569.864	1434.61	-277.002	539.204	1453.69	255.085
351	1	-13	677.87	114.425	-0.853136	2.58445	1140.34	1130.39	-277.002	1419.24	961.653	255.918
354	1	-13	470.434	10.6164	-0.999196	2.38582	-1026.17	978.022	-277.002	-1003.61	969.28	273.308
560	1	13	1268.43	294.935	-0.922866	-0.962817	893.832	749.457	-277.002	767.46	933.56	259.777
562	1	-13	1737.51	357.526	-0.99546	-2.38369	268.738	-322.383	-277.002	308.146	-286.068	278.751
756	1	13	575.933	46.7866	-0.998021	1.03644	-352.512	115.44	-277.002	-368.759	82.5998	301.918
759	1	-13	631.97	104.655	-0.995381	-2.39556	1313.39	1058.19	-277.002	1349.15	1095.56	256.193
871	1	-13	718.199	129.548	-0.88579	-0.0734746	1239.39	977.037	-277.002	958.504	1002.62	261.566
917	1	-13	1063.12	20.2269	-0.922824	-1.07538	-316.719	-513.232	-277.002	-432.832	-301.183	311.402
18	1	-13	880.617	41.3637	-0.905024	-2.53125	-1318.95	-1096.87	-277.002	-1094.41	-937.844	318.352
221	1	13	1319.25	162.788	-0.867198	0.519025	1121.73	-738.687	-277.002	809.672	-920.144	360.813
331	1	-13	918.295	379.594	-0.965538	-1.22295	-859.261	-94.6193	-277.002	-909.517	43.4328	268.001
335	1	-13	970.45	165.875	-0.96123	0.313401	830.921	-802.666	-277.002	657.958	-860.549	367.882
430	1	13	574.574	54.4529	-0.99739	1.12652	356.09	-1196.3	-277.002	337.527	-1236.81	316.566
431	1	13	923.363	60.781	-0.833329	0.691878	586.668	-945.928	-277.002	275.966	-1216.21	319.876
486	1	-13	728.245	89.9854	-0.969705	0.344148	1057.91	-1193.47	-277.002	913.429	-1249.05	324.063
487	1	13	1481.65	449.459	-0.918763	1.83618	-372.261	-1135.3	-277.002	-302.74	-1387.32	327.434
574	1	-13	774.398	89.4479	-0.954666	-1.3242	-1239.25	-524.343	-277.002	-1278.68	-357.606	275.385
580	1	-13	652.73	41.0486	-0.889813	-2.04251	1162.27	885.617	-277.002	1278.37	1133.66	257.012
638	1	-13	416.606	1.67412	-0.990905	0.851351	808.114	-30.7031	-277.002	781.61	-59.2617	258.294
674	1	-13	659.822	28.5399	-0.889677	-2.66026	660.843	-1177.76	-277.002	926.464	-1037.03	346.086
820	1	13	556.964	27.5721	-0.916683	-2.67961	319.12	-1477.17	-277.002	541.925	-1363.37	304.923
822	1	-13	678.952	88.2592	-0.899223	0.896035	1355.27	1226.23	-277.002	1188.12	1018.76	258.363
823	1	-13	785.798	211.625	-0.887001	-0.460869	-399.778	-338.822	-277.002	-661.394	-211.386	281.298
872	1	-13	903.039	6.06088	-0.753781	-1.47388	381.39	-356.628	-277.002	333.386	105.701	266.488
956	1	13	513.345	33.8905	-0.999736	-2.37894	247.785	807.798	-277.002	254.27	815.053	261.367
958	1	-13	1626.65	342.24	-0.905245	0.735259	-556.143	572.898	-277.002	-745.37	400.926	268.797
63	1	-13	1030	139.834	-0.731794	-0.660478	871.071	839.049	-277.002	486.598	1143.47	255.377
280	1	-13	1070.54	353.161	-0.942858	2.02075	281.329	-178.215	-277.002	366.584	-356.807	279.409
281	1	-13	612.997	26.4571	-0.926809	2.98202	469.28	-1142.22	-277.002	703.172	-1179.97	315.515
282	1	13	587.177	57.3573	-0.993417	1.56347	-1442.19	1046.53	-277.002	-1443.89	982.043	303.794
283	1	-13	489.569	27.0458	-0.952194	-2.53229	838.625	544.039	-277.002	979.303	645.721	260.102
285	1	13	951.302	343.735	-0.996873	1.25151	1291.46	1456.26	-277.002	1278.16	1416.84	249.146
477	1	13	762.659	15.7408	-0.801539	-2.24436	305.979	-729.742	-277.002	557.899	-422.369	284.737
479	1	13	634.226	22.8177	-0.791529	2.09839	-1222.96	191.595	-277.002	-1014.9	-179.108	270.553
480	1	-13	872.226	42.122	-0.736388	-2.42046	609.3	-1259.24	-277.002	1042.08	-890.335	338.507
481	1	-13	754.712	46.1115	-0.868081	-2.95918	-1398.8	85.9151	-277.002	-1096.93	141.804	266.209
634	1	-13	1330.43	424.491	-0.835665	-2.06706	-133.256	450.425	-277.002	34.5506	761.855	260.692
867	1	-13	1036.78	137.943	-0.706195	-0.974867	-107.871	625.714	-277.002	-409.787	1069.24	258.005
999	1	-13	1253.61	33.0705	-0.779004	0.619593	1402.53	-599.854	-277.002	983.565	-898.451	350.328
146	1	13	4506.44	116.061	-0.570501	2.25422	-1358.2	1296.44	-277.002	-852.522	669.705	280.565
311	1	-13	638.101	105.924	-0.987011	-1.85917	-981.936	-125.729	-277.002	-957.861	-40.7365	267.284
625	1	-13	1219.25	607.937	-0.995767	0.7959	-906.981	1160.73	-277.002	-942.588	1124.93	261.494
727	1	-13	1171.62	383.907	-0.91822	1.2993	818.784	-1144.93	-277.002	751.052	-1383.9	301.181
988	1	13	1435.2	52.1421	-0.995078	3.03207	1062.1	562.143	-277.002	1115.18	555.735	258.25
989	1	-13	899.441	176.555	-0.801882	-1.13626	352.692	-77.2446	-277.002	187.028	285.852	262.831
990	1	-13	810.829	80.5646	-0.874047	0.603463	-1092.95	-1237.82	-277.002	-1393.25	-1452.58	380.592
119	1	13	540.166	32.0619	-0.91363	-0.412868	-1219.15	-1166.69	-277.002	-1459.99	-1050.86	304.946
217	1	13	1332.87	410.11	-0.82546	1.05553	531.301	1279.21	-277.002	348.056	957.577	260.32
221	1	-13	553.51	0.587455	-0.999891	1.36525	-1136.34	-433.274	-277.002	-1132.95	-438.845	279.426
328	1	13	1043.95	20.9535	-0.625392	0.708526	-96.3137	-889.75	-277.002	-661.631	-1370.7	322.693
414	1	-13	802.339	67.8795	-0.775055	0.751042	1216.07	-609.456	-277.002	843.565	-964.868	356.921
418	1	13	506.219	15.4909	-0.983901	-0.590544	-399.676	1205.84	-277.002	-485.731	1261.62	258.578
527	1	-13	575.586	13.1799	-0.99578	-2.11304	-1026.56	-1235.19	-277.002	-989.369	-1194.65	318.009
190	1	-13	536.024	24.9029	-0.985707	-2.44431	-1197.12	-1074.58	-277.002	-1128.49	-1005.88	322.5
192	1	13	1151.76	274.41	-0.727367	0.539397	-479.241	-417.388	-277.002	-932.74	-694.143	288.82
358	1	13	503.695	73.8734	-0.998493	-1.24916	1133.51	103.191	-277.002	1122.53	128.475	256.171
360	1	-13	482.132	9.6883	-0.960241	1.0314	428.796	-230.714	-277.002	342.941	-371.228	281.941
446	1	13	957.712	215.25	-0.993668	1.36666	648.214	-1091.85	-277.002	634.777	-1157.84	320.813
540	1	-13	877.681	42.4985	-0.80119	2.48917	-1174.71	414.344	-277.002	-844.346	165.715	271.596
753	1	-13	1713.24	173.037	-0.751783	-0.719759	-625.124	-1202.27	-277.002	-1009.87	-864.47	304.194
837	1	13	673.982	167.314	-0.998127	-0.24245	109.753	322.491	-277.002	78.84	333.29	263.533
839	1	13	658.017	140.933	-0.933938	1.85183	-600.301	801.408	-277.002	-544.161	598.946	264.855
968	1	-13	967.599	132.861	-0.873237	-1.31428	-604.076	-962.119	-277.002	-685.414	-663.399	281.157
74	1	13	753.92	99.8867	-0.88845	-1.06343	-737.072	-447.884	-277.002	-880.646	-200.83	270.792
76	1	13	471.881	36.5168	-0.997807	-2.84583	1191.72	-200.126	-277.002	1228.68	-187.827	260.51
105	1	-13	522.019	52.1961	-0.940557	0.844867	1122.04	726.149	-277.002	996.4	582.34	259.456
108	1	-13	410.786	3.55438	-0.999817	-0.890739	-247.801	1429.93	-277.002	-259.768	1421.99	259.718
186	1	13	483.697	11.2389	-0.966192	2.14319	-1183.76	171.58	-277.002	-1120.89	48.8217	267.832
188	1	-13	707.78	82.7663	-0.751446	0.265436	-862.196	-320.266	-277.002	-1336.44	-446.184	277.718
925	1	-13	4674.27	2592.02	-0.987308	0.0236594	-1142.03	829.691	-277.002	-1234.24	827.331	295.61
8	1	-13	1086.46	198.452	-0.644102	-0.41874	1184.42	235.215	-277.002	607.531	492.845	258.646
228	1	-13	824.745	205.331	-0.999513	0.265712	55.1398	330.607	-277.002	38.2494	325.27	263.656
312	1	-13	473.392	27.7289	-0.93735	0.0138432	436.721	947.931	-277.002	229.164	936.51	257.524
313	1	-13	711.213	86.279	-0.990119	-1.44559	-56.6446	-885.022	-277.002	-70.0602	-793.079	379.961
314	1	-13	529.407	64.2326	-0.998709	0.939411	1315.79	663.595	-277.002	1301.08	647.049	256.157
424	1	-13	2701.13	1164.18	-0.796319	-2.54192	-168.076	-23.9643	-277.002	169.196	206.291	262.058
425	1	13	933.704	242.397	-0.988707	2.38195	-369.667	430.311	-277.002	-309.87	375.32	264.548
624	1	13	976.414	316.568	-0.986856	2.93738	-810.336	-52.017	-277.002	-721.732	-70.1491	277.159
625	1	-13	516.643	6.11913	-0.977001	0.562835	454.087	943.259	-277.002	379.011	911.417	260.938
687	1	-13	966.931	82.1939	-0.93696	1.81313	1221	1079.34	-277.002	1272.55	885.979	259.139
689	1	-13	1061.1	112.249	-0.916123	0.431798	919.909	284.746	-277.002	708.862	187.535	256.224
691	1	-13	549.238	18.0844	-0.999557	0.444452	913.97	-1398.02	-277.002	896.163	-1392.51	306.559
827	1	-13	1699.59	628.509	-0.993611	2.2039	-604.854	-87.3704	-277.002	-566.843	-139.259	298.976
831	1	13	1610.34	612.398	-0.985274	0.215728	35.8702	1072.09	-277.002	-55.2392	1052.23	260.038
981	1	-13	2292.2	516.267	-0.575712	2.97594	525.71	785.263	-277.002	1274.29	658.365	256.007
120	1	13	561.04	41.5015	-0.967486	-1.93121	1336.44	157.658	-277.002	1383.78	284.917	252.64
121	1	13	573.145	24.7867	-0.900042	-1.08108	-340.335	1255.58	-277.002	-467.953	1490.99	260.507
155	1	-13	3147.37	1173.77	-0.848967	-1.46163	752.144	626.996	-277.002	715.544	959.361	260.144
336	1	13	716.215	52.067	-0.679651	-2.51343	-1096.39	1097.93	-277.002	-642.666	1429.23	260.243
513	1	13	885.133	213.312	-0.950742	2.77403	324.56	888.623	-277.002	486.028	826.608	259.809
517	1	13	1649.69	627.747	-0.936546	-0.917694	-497.081	-890.198	-277.002	-624.033	-723.172	284.971
658	1	-13	1129.51	82.1334	-0.92919	0.248545	1181.22	-143.54	-277.002	980.745	-194.85	259.039
659	1	-13	1121.93	14.3183	-0.840252	-1.49113	-582.791	-18.7471	-277.002	-617.627	324.024	272.192
5	1	13	676.243	135.908	-0.940267	-0.798203	1142.4	266.705	-277.002	1007.25	404.505	258.614
189	1	-13	430.603	9.82187	-0.992985	1.85408	988.673	898.159	-277.002	1014.33	814.643	257.825
194	1	-13	555.18	54.8768	-0.993835	-0.599431	-185.599	906.049	-277.002	-240.323	943.125	259.835
239	1	-13	818.163	100.348	-0.937068	-2.05365	104.752	-122.791	-277.002	198.954	53.1479	267.539
241	1	-13	738.489	76.5665	-0.973776	2.24906	-324.289	688.328	-277.002	-244.762	593.216	264.69
243	1	-13	642.393	16.8334	-0.862941	-0.38203	1388.53	-464.838	-277.002	1090.39	-350.027	266.363
244	1	-13	1844.22	71.509	-0.498145	-0.17788	744.535	842.146	-277.002	-152.638	1004.25	258.853
731	1	-13	1081.52	390.687	-0.926477	2.25315	77.3053	-471.482	-277.002	233.421	-664.396	330.435
732	1	-13	885.786	97.255	-0.672992	-1.76907	-425.119	-27.4713	-277.002	-305.875	557.163	265.139
884	1	-13	533.506	13.5908	-0.966866	1.30371	1447.53	1300.12	-277.002	1398.21	1167.4	256.102
888	1	-13	1975.07	540.473	-0.96597	2.42883	664.267	1260.65	-277.002	773.311	1165.89	258.033
94	1	-13	2215.82	54.7445	-0.952293	-2.91935	1054.37	-1320.65	-277.002	1254.37	-1268.87	366.868
378	1	-13	1138.57	36.3095	-0.640244	0.337237	-188.201	-510.076	-277.002	-824.129	-720.034	283.134
380	1	-13	847.803	308.348	-0.999438	-3.1165	927.756	5.89149	-277.002	945.292	6.358	255.044
449	1	13	499.339	27.5895	-0.931898	3.11651	308.045	-323.102	-277.002	524.036	-332.997	276.466
450	1	-13	779.392	83.2825	-0.789497	1.00652	1119.49	789.589	-277	896.301	439.327	258.383
454	1	-13	891.665	9.54023	-0.65628	2.76032	-1067.61	-957.673	-277.002	-477.511	-1201.02	300.223
561	1	13	631.781	62.8646	-0.983241	-2.82637	-416.596	1168.31	-277.002	-323.041	1195.71	257.248
862	1	13	609.94	123.715	-0.990256	0.132466	741.89	-54.7943	-277.002	662.179	-67.3102	263.467
864	1	-13	828.97	211.472	-0.999047	1.21887	-396.362	1038.97	-277.002	-404.804	1015.39	258.416
58	1	-13	551.224	20.1852	-0.958269	-0.795405	869.715	-807.165	-277.002	757.297	-682.86	317.602
553	1	13	1803.08	787.451	-0.977427	-0.717107	507.399	-469.811	-277.002	416.624	-390.238	279.458
557	1	13	852.623	84.0562	-0.805477	0.0310635	521.913	651.503	-277.002	121.923	643.474	262.197
812	1	-13	785.461	161.948	-0.915275	-1.30711	536.209	-1414.01	-277.002	469.461	-1159.76	322.721
813	1	-13	1411.37	659.519	-0.992069	-1.80174	43.0294	850.038	-277.002	58.7622	916.214	259.654
912	1	-13	433.854	6.30685	-0.999533	-3.08666	760.487	258.582	-277.002	758.963	264.501	255.231
80	1	-13	702.419	23.3645	-0.904522	2.25883	271.923	-152.396	-277.002	442.48	-355.395	276.376
162	1	13	668.021	143.871	-0.95495	-0.180929	-764.217	1240.26	-277.002	-925.422	1268.27	260.102
163	1	-13	606.188	25.9842	-0.826691	0.119616	11.9294	1421.92	-277.002	-356.559	1368.52	259.261
165	1	-13	1164.82	276.687	-0.873647	-0.880683	183.729	1158.44	-277.002	-6.55258	1390.49	259.729
316	1	-13	652.421	22.2645	-0.866627	1.84801	26.6044	-547.172	-277.002	105.048	-898.745	377.92
571	1	13	791.003	125.113	-0.764547	2.6368	-794.417	946.396	-277.002	-392.538	723.847	269.198
693	1	-13	594.171	25.4138	-0.841695	1.07225	1315.95	-317.473	-277.002	1136.42	-640.489	272.004
698	1	13	859.668	305.508	-0.988857	-2.08168	139.765	-101.872	-277.002	181.287	-29.898	272.944
50	1	-13	697.24	101.574	-0.886855	-3.06759	84.5798	-7.62252	-277.002	363.872	15.8335	266.79
52	1	13	507.066	2.50867	-0.976973	-2.97143	-712.101	676.118	-277.002	-598.445	685.461	271.022
347	1	-13	506.065	0.566025	-0.936521	-1.27975	588.158	817.686	-277.002	522.327	966.124	259.931
349	1	13	2414.82	1138.96	-0.970446	2.36227	949.834	-990.499	-277.002	1060	-1098.77	343.401
413	1	13	1502	672.203	-0.87642	1.29615	-1004.12	-2.38346	-277.002	-1085.44	-293.308	273.482
471	1	-13	764.895	157.791	-0.950347	0.0424727	-118.954	-1184.5	-277.002	-316.269	-1191.57	322.754
722	1	13	553.101	58.7186	-0.938307	1.43388	-1305.27	537.936	-277.002	-1328.25	329.764	292.472
787	1	13	2396.25	1442.78	-0.932051	2.90918	-30.187	1171.65	-277.002	172.219	1123.58	257.925
906	1	13	544.253	3.2078	-0.865582	2.73819	-84.2224	490.156	-277.002	169.566	364.442	262.722
84	1	13	1733.49	818.481	-0.891609	-1.22119	1089.98	326.514	-277.002	996.4	582.34	259.456
86	1	13	713.265	86.1488	-0.999149	2.23896	-470.155	-1172.8	-277.002	-459.149	-1192.07	301.68
169	1	-13	782.225	103.153	-0.83435	-0.814527	-1065.23	-1157.16	-277.002	-1339.51	-874.595	317.055
170	1	13	707.757	163.789	-0.996763	0.687188	861.467	-1330.5	-277.002	825.165	-1360.45	303.378
173	1	-13	886.344	167.015	-0.946572	-3.07807	380.797	-1392.07	-277.002	577.221	-1381.81	303.938
283	1	13	549.173	1.12134	-0.875044	1.12467	974.514	992.688	-277.002	883.116	672.51	259.608
408	1	-13	906.246	148.266	-0.798848	0.196041	813.947	1040.37	-277.002	412.255	957.597	261.002
410	1	-13	872.507	15.1114	-0.840084	0.676589	-777.288	-1165.18	-277.002	-1089.97	-1421.96	346.966
412	1	13	923.993	203.017	-0.915987	-2.75928	-625.225	1101.69	-277.002	-407.041	1189.67	257.606
644	1	-13	613.032	11.0097	-0.999695	-2.91551	-316.769	-349.06	-277.002	-299.365	-353.231	360.048
646	1	-13	444.118	0.572069	-0.939935	3.03254	1110.98	-635.58	-277.002	1267.15	-667.414	268.535
647	1	-13	876.583	184.743	-0.940076	1.71561	173.702	1446.87	-277.002	199.884	1256.1	260.098
802	1	-13	971.645	126.038	-0.776986	-1.04628	254.482	-50.07	-277.002	38.2494	325.27	263.656
930	1	13	1237.81	567.466	-0.995943	-0.0704986	1349.34	643.529	-277.002	1301.08	647.049	256.157
35	1	-13	513.338	69.5429	-0.988144	0.355643	996.472	459.958	-277.002	919.157	427.754	258.28
36	1	-13	773.37	34.3914	-0.886707	-0.585859	724.567	-1238.7	-277.002	442.851	-1061.89	343.848
401	1	-13	2457.45	984.362	-0.841364	2.66047	-226.064	-427.988	-277.002	121.577	-609.157	332.522
405	1	-13	463.492	2.90373	-0.993965	2.12797	-150.772	948.531	-277.002	-168.938	893.716	260.697
522	1	-13	705.073	36.0414	-0.917886	2.96045	595.862	963.151	-277.002	821.273	921.486	259.046
591	1	13	874.845	100.765	-0.998553	0.0325054	1427.57	1243.04	-277.002	1398.7	1241.74	254.444
651	1	13	1074.55	99.4582	-0.667513	1.4087	1053.96	-489.367	-277.002	936.808	-1176.54	339.386
782	1	13	653.126	58.4537	-0.99352	-3.11794	446.918	-539.945	-277.002	512.645	-532.753	307.055
960	1	-13	641.01	30.3838	-0.792412	2.50984	224.706	347.34	-277.002	545.764	105.692	262.56
372	1	13	609.718	102.655	-0.999628	2.61785	1277.2	-168.293	-277.002	1288.32	-174.577	258.684
373	1	-13	514.256	16.0765	-0.90741	1.80232	-779.201	-668.524	-277.002	-728.487	-927.819	287.225
376	1	-13	1213.44	512.816	-0.961617	-0.315546	582.358	34.306	-277.002	435.788	81.7181	264.392
377	1	-13	674.378	35.6796	-0.876061	-0.569272	-533.68	-842.483	-277.002	-782.756	-678.193	280.303
501	1	-13	507.351	21.1577	-0.943969	-2.60872	1044.18	-110.878	-277.002	1215.05	-18.4446	258.522
690	1	-13	803.515	15.2055	-0.724731	1.70685	518.268	-934.782	-277.002	619.624	-1488.02	299.834
889	1	-13	543.149	2.98106	-0.99184	1.76942	627.629	-1388.6	-277.002	630.415	-1427.57	302.243
107	1	-13	1444.72	659.699	-0.987455	2.77365	1135.83	-950.464	-277.002	1226.04	-984.244	325.256
108	1	13	824.699	46.7891	-0.920792	1.47044	-891.633	53.5328	-277.002	-911.17	-180.24	270.267
110	1	13	1055.11	257.999	-0.891246	0.820996	117.607	304.249	-277.002	-67.1033	99.4703	270.709
111	1	13	791.686	163.82	-0.986456	0.593378	-1060.25	-24.0757	-277.002	-1136.18	-75.6797	272.404
246	1	13	915.329	172.099	-0.958489	0.125175	-953.388	-982.806	-277.002	-1128.49	-1005.88	322.5
247	1	13	631.513	63.3891	-0.948437	2.92674	74.4235	1230.89	-277.002	248.88	1197.86	258.762
249	1	13	598.615	0.355992	-0.855693	-3.11209	-467.259	1141.93	-277.002	-104.717	1130.84	258.706
251	1	13	623.825	169.401	-0.998248	1.61023	1327.08	-441.417	-277.002	1327.63	-472.954	263.586
353	1	-13	720.864	170.503	-0.911562	-1.05237	471.147	-590.832	-277.002	342.941	-371.228	281.941
456	1	-13	1127.47	48.0961	-0.600394	2.22174	-645.104	746.547	-277.002	-210.208	177.104	270.036
458	1	13	663.498	112.512	-0.871009	-1.28288	-926.962	1090.4	-277.002	-1013.73	1383.3	261.832
742	1	-13	836.448	75.3896	-0.675092	0.0186249	-318.404	-168.949	-277.002	-913.415	-180.181	270.273
743	1	-13	466.789	1.83593	-0.970811	2.64083	-977.519	260.993	-277.002	-844.346	165.715	271.596
744	1	13	585.559	3.90989	-0.855878	-1.81646	-788.819	-557.713	-277.002	-692.633	-189.505	277.406
934	1	13	693.655	165.402	-0.999834	-2.84456	122.405	-180.633	-277.002	131.307	-176.247	289.928
935	1	-13	797.085	155.242	-0.937253	-0.474091	259.466	241.218	-277.002	78.84	333.29	263.533
113	1	13	1832.83	729.56	-0.737219	-1.66283	-530.001	334.097	-277.002	-485.037	826.564	263.218
115	1	-13	822.264	72.2504	-0.738137	-0.531776	108.027	-70.0597	-277.002	-329.998	192.559	276.48
116	1	-13	550.961	38.9015	-0.996766	2.70132	1141.36	-823.397	-277.002	1183.53	-841.164	297.096
140	1	13	1231.58	30.9339	-0.647057	-1.4634	-1007.3	-691.04	-277.002	-1069.38	-54.7575	270.932
144	1	-13	586.412	2.26479	-0.999957	1.40613	1243.43	-1196.71	-277.002	1223.39	-1192.16	359.776
441	1	-13	1527.6	753.956	-0.991056	-2.68039	-109.539	1064.46	-277.002	-45.0553	1097.16	259.276
443	1	-13	497.031	38.2945	-0.992765	2.63396	567.141	1072.17	-277.002	625.2	1036.23	258.116
447	1	13	1113.69	47.8499	-0.745262	0.253617	407.081	-319.058	-277.002	-153.673	-453.382	375.451
620	1	13	835.923	199.881	-0.924483	-1.46178	-945.337	28.8413	-277.002	-969.527	251.264	266.581
685	1	-13	902.429	285.827	-0.952842	2.53298	692.927	717.975	-277.002	831.782	621.653	259.501
773	1	-13	531.194	68.4719	-0.99703	2.49064	501.065	1475.12	-277.002	539.204	1453.69	255.085
860	1	-13	1012.91	348.397	-0.967222	2.18813	376.171	722.452	-277.002	457.129	608.067	258.663
980	1	-13	523.896	22.3722	-0.901619	3.035	207.825	964.747	-277.002	458.496	921.957	261.298
985	1	13	635.653	116.017	-0.99082	2.10867	-347.543	-981.382	-277.002	-306.116	-1055.4	325.423
986	1	13	810.628	189.078	-0.975338	-3.04491	-1464.29	-1034.25	-277.002	-1326.64	-1019.78	332.962
323	1	13	782.767	247.796	-0.969659	-0.185107	1345.73	4.34353	-277.002	1214.63	30.1473	258.044
326	1	13	640.174	116.818	-0.983355	-1.63365	1257.78	-763.418	-277.002	1263.73	-660.78	268.593
394	1	13	837.113	38.0314	-0.724581	2.71562	-199.183	-192.646	-277.002	272.166	-413.551	289.474
533	1	-13	822.849	51.3278	-0.810744	0.925118	1171.11	1128.86	-277.002	937.958	811.357	258.083
714	1	13	601.412	97.0019	-0.901434	0.648945	60.7967	533.958	-277.002	-141.779	380.406	262.605
808	1	13	999.018	179.602	-0.845486	-0.118854	-1046.01	-1215.51	-277.002	-1416.96	-1169.81	322.002
16	1	-13	1837.18	565.437	-0.993567	0.702662	380.335	-1011.69	-277.002	325.432	-1057.55	350.34
148	1	-13	1294.76	340.058	-0.997107	1.08494	31.5269	-1149.74	-277.002	9.02645	-1190.84	344.587
463	1	13	527.91	6.83872	-0.987163	-0.656866	540.377	-108.839	-277.002	498.696	-53.7039	266.529
465	1	-13	1236.82	134.217	-0.919439	-2.41916	1215.33	-1084.13	-277.002	1393.39	-923.798	281.87
468	1	-13	597.904	61.4979	-0.999782	-1.46269	-119.52	238.533	-277.002	-109.965	248.315	263.483
627	1	13	796.067	209.854	-0.964849	1.81702	-541.202	-37.8072	-277.002	-503.82	-189.442	301.647
974	1	-13	547.543	17.5582	-0.998158	2.25617	164.788	1236.8	-277.002	187.094	1207.75	258.771
236	1	-13	1322.76	49.2744	-0.564804	2.93833	360.36	1111.41	-277.002	1150.3	936.934	258.972
390	1	-13	2240.38	1221.93	-0.997806	-2.92721	-1350.38	1346.36	-277.002	-1315.25	1353.96	267.233
871	1	-13	469.182	26.2558	-0.954844	2.17828	-873.828	-227.073	-277.002	-769.388	-369.778	276.003
966	1	13	1170.11	253.921	-0.732522	3.08348	-1109.62	-982.802	-277.002	-582.929	-1009.54	290.696
968	1	13	2578.59	712.282	-0.938184	-1.54512	658.235	332.215	-277.002	654.031	529.18	258.395
217	1	13	755.266	99.5887	-0.865948	1.19549	652.031	-735.146	-277.002	521.825	-1065.4	339.551
420	1	13	763.218	114.18	-0.930468	0.0168739	-825.611	711.694	-277.002	-1045.29	705.111	282.598
422	1	13	769.104	219.199	-0.934244	1.7557	112.134	1096.65	-277.002	151.419	894.755	258.443
675	1	-13	594.507	66.2177	-0.986094	1.82328	-833.324	-365.388	-277.002	-809.543	-456.018	275.336
881	1	13	1887.17	105.593	-0.674168	1.52775	-348.487	-778.019	-277.002	-381.25	-1423.07	318.833
21	1	-13	580.903	71.2672	-0.980235	1.37463	-1391.18	236.666	-277.002	-1410.46	126.289	272.351
25	1	-13	510.892	2.53279	-0.880178	2.28599	-301.335	471.281	-277.002	-139.933	281.33	263.458
207	1	13	758.728	75.3356	-0.773212	0.693673	966.122	1027.91	-277.002	625.635	748.752	256.499
494	1	-13	825.135	157.569	-0.995606	0.425485	-1192.27	-1005.16	-277.002	-1245.61	-1031.55	329.198
495	1	-13	829.844	43.3438	-0.999628	0.811461	-1303.41	770.094	-277.002	-1312.4	759.581	285.49
609	1	13	1042.93	102.031	-0.585343	-0.896954	-840.753	-775.888	-277.002	-1309.51	-197.988	271.055
840	1	-13	634.373	101.678	-0.999261	-1.19147	-131.819	1169.02	-277.002	-142.179	1187.81	258.315
945	1	-13	1856.94	822.453	-0.960855	-1.48303	-841.283	193.021	-277.002	-854.624	349.603	266.985
946	1	-13	1347.76	269.861	-0.996886	-3.08035	180.417	1292.17	-277.002	222.543	1294.67	261.18
948	1	13	894.796	176.394	-0.80196	-2.05666	-1024.39	-114.098	-277.002	-836.098	240.66	269.767
950	1	-13	744.892	191.696	-0.962527	2.80621	1271.4	988.649	-277.002	1413.44	942.254	256.343
133	1	-13	614.634	128.929	-0.997506	2.66868	901.695	-251.253	-277.002	934.98	-267.01	260.667
134	1	-13	514.002	22.6473	-0.96019	0.297871	-1186.61	79.915	-277.002	-1337.86	37.8242	268.399
252	1	13	1450.67	160.427	-0.929158	-2.39335	833.621	-909.222	-277.002	1003.97	-754.743	306.134
506	1	13	616.707	60.6794	-0.952744	-1.92922	-971.644	-120.581	-277.002	-909.517	43.4328	268.001
665	1	13	883.31	157.243	-0.777139	2.48006	-744.528	1191.74	-277.002	-407.522	924.848	258.955
765	1	-13	1152.38	115.735	-0.911658	0.621055	809.407	1056.86	-277.002	612.328	913.362	261.431
917	1	-13	569.864	4.12439	-0.929703	2.36137	1204.49	1251.4	-277.002	1325.47	1117.03	256.486
919	1	13	825.704	31.5593	-0.982275	-1.74749	-1135.16	676.857	-277.002	-1109.99	780.27	287.169
126	1	-13	832.034	232.132	-0.999791	0.802141	606.67	1186.34	-277.002	598.12	1177.7	254.878
128	1	13	649.162	80.3103	-0.999092	-2.50136	1239.7	1202.04	-277.002	1259.67	1217.09	257.288
131	1	-13	528.37	0.213798	-0.943037	1.54373	244.325	-407.58	-277.002	228.175	-524.111	303.824
438	1	13	598.42	91.8163	-0.98087	-0.0999474	1057.03	944.368	-277.002	948.804	956.623	260.129
439	1	13	471.258	8.4069	-0.982339	-1.45903	1239.82	1243.96	-277.002	1230.83	1330.17	253.544
539	1	13	497.039	13.3676	-0.992918	-1.15877	431.486	1362.96	-277.002	401.077	1429.36	259.353
543	1	13	1130.98	194.309	-0.966087	-0.287788	-980.107	-664.155	-277.002	-1125.16	-624.438	284.971
835	1	13	484.687	2.59419	-0.849132	1.35928	402.666	1434.07	-277.002	314.718	1134.96	257.156
836	1	-13	619.025	47.3014	-0.995851	0.636236	1286.74	-999.374	-277.002	1245.36	-1030.95	337.792
839	1	-13	1495.29	0.881493	-0.474357	-0.63471	384.102	-306.622	-277.002	-436.968	106.985	301.084
938	1	-13	877.492	142.092	-0.837932	2.6561	1051.75	265.998	-277.002	1356.41	102.692	253.287
940	1	-13	1571.75	273.14	-0.485303	2.41474	-278.634	1358.39	-277.002	443.154	718.715	257.886
942	1	-13	625.243	44.593	-0.924796	-3.06869	169.186	-631.469	-277.002	417.374	-613.395	328.822
944	1	13	578.188	24.8878	-0.960072	0.729095	567.839	-1088.62	-277.002	426.346	-1209.24	315.824
31	1	-13	1941.65	575.18	-0.622138	1.2559	901.471	779.159	-277.002	694.796	140.581	258.096
308	1	-13	1038.99	68.7291	-0.942997	2.63902	-1429.32	547.31	-277.002	-1251.81	448.666	302.125
312	1	-13	548.792	65.3352	-0.942938	-1.79796	1232.83	387.938	-277.002	1275.76	566.525	256.325
529	1	13	1356.9	281.455	-0.598745	-3.10464	-637.826	1431.02	-277.002	81.7943	1456.57	260.697
601	1	13	518.491	51.9132	-0.982499	0.24505	-369.425	271.472	-277.002	-472.854	246.478	276.488
642	1	-13	491.537	32.5243	-0.978975	-0.388541	-1213.53	580.875	-277.002	-1328.62	630.511	289.053
643	1	-13	1013.97	69.1362	-0.869892	2.17012	-27.4222	-843.526	-277.002	167.039	-1120.48	335.776
739	1	-13	1116.23	32.9756	-0.922539	1.73155	-217.5	-161.989	-277.002	-169.114	-435.223	375.743
827	1	-13	710.017	82.0694	-0.817933	-2.80219	833.079	12.3845	-277.002	1186.92	136.873	255.155
828	1	13	1391.73	295.815	-0.609569	-2.42473	-409.364	-204.964	-277.002	120.304	254.757	262.889
993	1	-13	1027.23	403.516	-0.999098	-0.506	38.1683	-245.122	-277.002	16.2565	-233.641	313.861
8	1	-13	884.25	86.4861	-0.709124	-0.489222	83.9033	342.594	-277.002	-396.821	595.746	265.704
13	1	-13	2902.99	1197.19	-0.925559	-2.69867	-763.449	-263.784	-277.002	-550.892	-162.62	297.974
200	1	13	1801.23	303.847	-0.794421	0.3487	1051.58	573.902	-277.002	666.844	433.728	258.48
5	1	13	676.243	135.908	-0.940267	-0.798203	1142.4	266.705	-277.002	1007.25	404.505	258.614
189	1	-13	430.603	9.82187	-0.992985	1.85408	988.673	898.159	-277.002	1014.33	814.643	257.825
194	1	-13	555.18	54.8768	-0.993835	-0.599431	-185.599	906.049	-277.002	-240.323	943.125	259.835
239	1	-13	818.163	100.348	-0.937068	-2.05365	104.752	-122.791	-277.002	198.954	53.1479	267.539
241	1	-13	738.489	76.5665	-0.973776	2.24906	-324.289	688.328	-277.002	-244.762	593.216	264.69
243	1	-13	642.393	16.8334	-0.862941	-0.38203	1388.53	-464.838	-277.002	1090.39	-350.027	266.363
244	1	-13	1844.22	71.509	-0.498145	-0.17788	744.535	842.146	-277.002	-152.638	1004.25	258.853
731	1	-13	1081.52	390.687	-0.926477	2.25315	77.3053	-471.482	-277.002	233.421	-664.396	330.435
732	1	-13	885.786	97.255	-0.672992	-1.76907	-425.119	-27.4713	-277.002	-305.875	557.163	265.139
884	1	-13	533.506	13.5908	-0.966866	1.30371	1447.53	1300.12	-277.002	1398.21	1167.4	256.102
888	1	-13	1975.07	540.473	-0.96597	2.42883	664.267	1260.65	-277.002	773.311	1165.89	258.033
239	1	13	577.151	86.4379	-0.968872	-1.27888	606.008	589.529	-277.002	565.842	717.495	255.856
240	1	-13	1152.41	322.754	-0.922192	-2.97415	-1251.51	-422.576	-277.002	-1023.6	-384.175	275.064
411	1	13	474.368	14.2785	-0.988502	1.60122	-551.98	-858.161	-277.002	-557.932	-950.52	291.759
504	1	13	512.763	68.9443	-0.975468	-1.51284	-332.986	780.761	-277.002	-344.953	900.623	260.098
578	1	-13	874.819	317.468	-0.972159	2.99016	-1056.86	-659.091	-277.002	-922.268	-679.505	287.297
694	1	13	585.962	103.691	-0.967115	-2.77362	798.813	90.0422	-277.002	930.395	142.376	255.327
911	1	13	778.067	31.64	-0.881211	1.76576	1121.84	1030	-277.002	1172.27	745.013	258.8
16	1	-13	1837.18	565.437	-0.993567	0.702662	380.335	-1011.69	-277.002	325.432	-1057.55	350.34
148	1	-13	1294.76	340.058	-0.997107	1.08494	31.5269	-1149.74	-277.002	9.02645	-1190.84	344.587
463	1	13	527.91	6.83872	-0.987163	-0.656866	540.377	-108.839	-277.002	498.696	-53.7039	266.529
465	1	-13	1236.82	134.217	-0.919439	-2.41916	1215.33	-1084.13	-277.002	1393.39	-923.798	281.87
468	1	-13	597.904	61.4979	-0.999782	-1.46269	-119.52	238.533	-277.002	-109.965	248.315	263.483
627	1	13	796.067	209.854	-0.964849	1.81702	-541.202	-37.8072	-277.002	-503.82	-189.442	301.647
974	1	-13	547.543	17.5582	-0.998158	2.25617	164.788	1236.8	-277.002	187.094	1207.75	258.771
13	1	13	1472.62	116.256	-0.991179	2.2952	933.048	-1389.17	-277.002	982.715	-1445.9	306.543
316	1	-13	1063.58	180.256	-0.686005	0.373655	693.143	1437.08	-277.002	160.131	1226.75	259.202
321	1	13	910.905	45.6961	-0.865277	1.13961	671.182	275.027	-277.002	539.173	-14.1428	265.446
472	1	-13	931.512	63.9861	-0.866642	0.510985	1012.59	-1148.43	-277.002	716.277	-1312.34	304.378
474	1	-13	493.995	75.4437	-0.999921	1.23524	1371.94	-225.009	-277.002	1369.12	-231.138	257.976
567	1	13	680.346	7.83834	-0.982669	1.84465	-804.391	-1288.42	-277.002	-756.583	-1376.1	321.676
569	1	-13	1028.29	297.042	-0.959358	-0.87888	716.935	-742.489	-277.002	606.471	-608.622	321.788
570	1	-13	596.302	60.1329	-0.945073	0.545991	64.7637	1412.39	-277.002	-90.7644	1319.28	258.921
839	1	-13	794.766	248.374	-0.985027	-1.62913	771.303	-204.381	-277.002	776.215	-111.121	256.178
953	1	-13	550.754	58.5322	-0.998954	2.80579	-444.14	967.494	-277.002	-422.619	959.689	258.608
954	1	13	660.492	76.2722	-0.901871	0.517914	-1244.16	-547.058	-277.002	-1479.7	-681.262	289.595
80	1	-13	702.419	23.3645	-0.904522	2.25883	271.923	-152.396	-277.002	442.48	-355.395	276.376
162	1	13	668.021	143.871	-0.95495	-0.180929	-764.217	1240.26	-277.002	-925.422	1268.27	260.102
163	1	-13	606.188	25.9842	-0.826691	0.119616	11.9294	1421.92	-277.002	-356.559	1368.52	259.261
165	1	-13	1164.82	276.687	-0.873647	-0.880683	183.729	1158.44	-277.002	-6.55258	1390.49	259.729
316	1	-13	652.421	22.2645	-0.866627	1.84801	26.6044	-547.172	-277.002	105.048	-898.745	377.92
571	1	13	791.003	125.113	-0.764547	2.6368	-794.417	946.396	-277.002	-392.538	723.847	269.198
693	1	-13	594.171	25.4138	-0.841695	1.07225	1315.95	-317.473	-277.002	1136.42	-640.489	272.004
698	1	13	859.668	305.508	-0.988857	-2.08168	139.765	-101.872	-277.002	181.287	-29.898	272.944
111	1	-13	1099.76	303.251	-0.88985	1.89501	17.9994	754.259	-277.002	106.712	492.353	263.466
189	1	13	717.063	91.6329	-0.956008	-1.16727	417.835	808.09	-277.002	348.056	957.577	260.32
193	1	-13	592.983	39.9995	-0.885296	-2.34585	-1330.82	-643.514	-277.002	-1132.95	-438.845	279.426
194	1	13	931.17	22.1579	-0.9213	2.80095	-506.686	-437.33	-277.002	-232.813	-544.853	387.758
256	1	13	543.829	33.2567	-0.999083	-1.62608	-658.016	-1256.21	-277.002	-651.261	-1231.43	300.326
257	1	-13	666.834	37.3996	-0.851542	2.03944	-1078.94	1099.75	-277.002	-916.649	790.986	285.547
378	1	-13	615.48	77.0981	-0.994412	2.42718	548.417	-1239.33	-277.002	598.824	-1281.63	309.954
384	1	-13	513.474	27.5563	-0.938386	-0.087726	884.09	-588.799	-277.002	672.037	-574.211	300.64
736	1	13	557.843	3.72742	-0.85683	2.2075	884.484	871.43	-277.002	1083.44	586.071	258.981
739	1	13	662.01	0.171436	-0.690693	0.911212	445.44	747.888	-277.002	202.026	506.16	262.363
806	1	-13	545.029	64.7467	-0.9678	-1.01298	1042.67	-1489.43	-277.002	954.825	-1354.84	316.783
932	1	-13	611.139	69.14	-0.865534	1.4507	-424.388	-154.919	-277.002	-466.107	-494.145	304.247
934	1	13	1765.95	799.875	-0.974917	-2.23253	-1187.76	-1217.32	-277.002	-1104.89	-1109.72	317.411
50	1	-13	697.24	101.574	-0.886855	-3.06759	84.5798	-7.62252	-277.002	363.872	15.8335	266.79
52	1	13	507.066	2.50867	-0.976973	-2.97143	-712.101	676.118	-277.002	-598.445	685.461	271.022
347	1	-13	506.065	0.566025	-0.936521	-1.27975	588.158	817.686	-277.002	522.327	966.124	259.931
349	1	13	2414.82	1138.96	-0.970446	2.36227	949.834	-990.499	-277.002	1060	-1098.77	343.401
413	1	13	1502	672.203	-0.87642	1.29615	-1004.12	-2.38346	-277.002	-1085.44	-293.308	273.482
471	1	-13	764.895	157.791	-0.950347	0.0424727	-118.954	-1184.5	-277.002	-316.269	-1191.57	322.754
722	1	13	553.101	58.7186	-0.938307	1.43388	-1305.27	537.936	-277.002	-1328.25	329.764	292.472
787	1	13	2396.25	1442.78	-0.932051	2.90918	-30.187	1171.65	-277.002	172.219	1123.58	257.925
906	1	13	544.253	3.2078	-0.865582	2.73819	-84.2224	490.156	-277.002	169.566	364.442	262.722
81	1	13	1056.51	14.4112	-0.982758	0.473933	-701.715	160.455	-277.002	-792.575	120.151	276.287
82	1	13	1567.32	370.917	-0.890527	2.50957	-73.1632	-415.256	-277.002	173.874	-594.01	318.587
83	1	-13	1348.57	160.153	-0.659275	2.99448	359.87	123.685	-277.002	961.796	37.8005	254.647
462	1	13	887.523	305.018	-0.976326	2.6975	996.391	609.986	-277.002	1104.91	558.584	258.368
467	1	13	495.708	18.0744	-0.989298	-2.54633	616.156	13.1415	-277.002	684.331	61.9657	260.966
782	1	13	674.746	63.8205	-0.983474	1.36447	276.153	-1352.89	-277.002	254.906	-1456.28	308.21
133	1	-13	614.634	128.929	-0.997506	2.66868	901.695	-251.253	-277.002	934.98	-267.01	260.667
134	1	-13	514.002	22.6473	-0.96019	0.297871	-1186.61	79.915	-277.002	-1337.86	37.8242	268.399
252	1	13	1450.67	160.427	-0.929158	-2.39335	833.621	-909.222	-277.002	1003.97	-754.743	306.134
506	1	13	616.707	60.6794	-0.952744	-1.92922	-971.644	-120.581	-277.002	-909.517	43.4328	268.001
665	1	13	883.31	157.243	-0.777139	2.48006	-744.528	1191.74	-277.002	-407.522	924.848	258.955
765	1	-13	1152.38	115.735	-0.911658	0.621055	809.407	1056.86	-277.002	612.328	913.362	261.431
917	1	-13	569.864	4.12439	-0.929703	2.36137	1204.49	1251.4	-277.002	1325.47	1117.03	256.486
919	1	13	825.704	31.5593	-0.982275	-1.74749	-1135.16	676.857	-277.002	-1109.99	780.27	287.169
102	1	-13	527.606	53.3597	-0.979159	-2.655	873.447	-261.041	-277.002	965.971	-211.518	259.303
104	1	-13	1090.6	450.705	-0.921328	-2.89445	680.347	-525.543	-277.001	902.683	-469.262	267.687
163	1	-13	528.638	68.5769	-0.971038	-0.801195	1261.44	998.204	-277.002	1171.23	1091.31	258.783
164	1	13	659.098	27.6674	-0.773498	0.994613	1426.16	1387.62	-277.002	1188.12	1018.76	258.363
165	1	-13	3524.28	933.597	-0.529213	2.66863	-1459.87	196.542	-277.002	-661.394	-211.386	281.298
167	1	-13	1021.34	146.72	-0.912782	-1.84904	-214.479	35.581	-277.002	-150.933	266.544	263.808
459	1	-13	424.986	14.8462	-0.996276	-2.14476	240.162	762.967	-277.002	254.27	815.053	261.367
682	1	-13	1421.37	517.627	-0.947271	0.0071426	1160.43	647.706	-277.002	979.303	645.721	260.102
829	1	-13	651.252	65.5035	-0.910319	3.03438	-757.98	-1180.45	-277.002	-495.086	-1206.78	299.237
946	1	13	797.745	110.923	-0.889607	-0.0145092	847.051	-426.726	-277.002	557.899	-422.369	284.737
951	1	13	607.94	123.219	-0.996017	2.67828	1071.03	817.194	-277.002	1113.47	795.46	258.176
94	1	-13	2215.82	54.7445	-0.952293	-2.91935	1054.37	-1320.65	-277.002	1254.37	-1268.87	366.868
378	1	-13	1138.57	36.3095	-0.640244	0.337237	-188.201	-510.076	-277.002	-824.129	-720.034	283.134
380	1	-13	847.803	308.348	-0.999438	-3.1165	927.756	5.89149	-277.002	945.292	6.358	255.044
449	1	13	499.339	27.5895	-0.931898	3.11651	308.045	-323.102	-277.002	524.036	-332.997	276.466
450	1	-13	779.392	83.2825	-0.789497	1.00652	1119.49	789.589	-277	896.301	439.327	258.383
454	1	-13	891.665	9.54023	-0.65628	2.76032	-1067.61	-957.673	-277.002	-477.511	-1201.02	300.223
561	1	13	631.781	62.8646	-0.983241	-2.82637	-416.596	1168.31	-277.002	-323.041	1195.71	257.248
862	1	13	609.94	123.715	-0.990256	0.132466	741.89	-54.7943	-277.002	662.179	-67.3102	263.467
864	1	-13	828.97	211.472	-0.999047	1.21887	-396.362	1038.97	-277.002	-404.804	1015.39	258.416
61	1	13	868.02	218.264	-0.854166	2.19702	-1419.31	177.812	-277.002	-1222.73	-92.5612	271.008
142	1	-13	866.439	160.609	-0.970141	-0.133416	68.2087	-1076.65	-277.002	-92.7416	-1053.34	381.154
144	1	-13	431.533	10.7057	-0.990521	-2.24798	24.214	148.373	-277.002	69.101	202.462	261.583
222	1	-13	1471.69	604.651	-0.903901	2.96646	421.82	-582.994	-277.002	696.687	-630.873	312.656
397	1	-13	652.757	4.36277	-0.813632	-2.89118	-88.3988	-275.079	-277.002	328.489	-164.032	271.967
476	1	13	584.948	20.7108	-0.967119	0.98527	37.8961	-790.727	-277.002	-52.6645	-933.128	380.757
481	1	-13	1259.03	139.431	-0.812336	-0.835358	796.762	1066.12	-277.002	539.877	1349.2	256.474
928	1	13	711.196	5.58293	-0.933779	-0.0151857	-957.029	-467.692	-277.002	-1174.71	-475.84	282.14
929	1	-13	672.237	89.9556	-0.873561	-1.93098	-53.9538	528.208	-277.002	47.6044	810.806	260.139
35	1	-13	513.338	69.5429	-0.988144	0.355643	996.472	459.958	-277.002	919.157	427.754	258.28
36	1	-13	773.37	34.3914	-0.886707	-0.585859	724.567	-1238.7	-277.002	442.851	-1061.89	343.848
401	1	-13	2457.45	984.362	-0.841364	2.66047	-226.064	-427.988	-277.002	121.577	-609.157	332.522
405	1	-13	463.492	2.90373	-0.993965	2.12797	-150.772	948.531	-277.002	-168.938	893.716	260.697
522	1	-13	705.073	36.0414	-0.917886	2.96045	595.862	963.151	-277.002	821.273	921.486	259.046
591	1	13	874.845	100.765	-0.998553	0.0325054	1427.57	1243.04	-277.002	1398.7	1241.74	254.444
651	1	13	1074.55	99.4582	-0.667513	1.4087	1053.96	-489.367	-277.002	936.808	-1176.54	339.386
782	1	13	653.126	58.4537	-0.99352	-3.11794	446.918	-539.945	-277.002	512.645	-532.753	307.055
960	1	-13	641.01	30.3838	-0.792412	2.50984	224.706	347.34	-277.002	545.764	105.692	262.56
2	1	13	1595.24	293.839	-0.568068	-0.946474	1432.76	54.8476	-277.002	977.783	688.844	260.045
5	1	-13	690.201	46.3982	-0.787062	-1.55209	-312.367	679.446	-277.002	-324.566	1094.79	257.174
405	1	13	594.643	67.6215	-0.883441	1.06549	437.041	1028.4	-277.002	299.657	784.049	262.105
84	1	13	1733.49	818.481	-0.891609	-1.22119	1089.98	326.514	-277.002	996.4	582.34	259.456
86	1	13	713.265	86.1488	-0.999149	2.23896	-470.155	-1172.8	-277.002	-459.149	-1192.07	301.68
169	1	-13	782.225	103.153	-0.83435	-0.814527	-1065.23	-1157.16	-277.002	-1339.51	-874.595	317.055
170	1	13	707.757	163.789	-0.996763	0.687188	861.467	-1330.5	-277.002	825.165	-1360.45	303.378
173	1	-13	886.344	167.015	-0.946572	-3.07807	380.797	-1392.07	-277.002	577.221	-1381.81	303.938
283	1	13	549.173	1.12134	-0.875044	1.12467	974.514	992.688	-277.002	883.116	672.51	259.608
408	1	-13	906.246	148.266	-0.798848	0.196041	813.947	1040.37	-277.002	412.255	957.597	261.002
410	1	-13	872.507	15.1114	-0.840084	0.676589	-777.288	-1165.18	-277.002	-1089.97	-1421.96	346.966
412	1	13	923.993	203.017	-0.915987	-2.75928	-625.225	1101.69	-277.002	-407.041	1189.67	257.606
644	1	-13	613.032	11.0097	-0.999695	-2.91551	-316.769	-349.06	-277.002	-299.365	-353.231	360.048
646	1	-13	444.118	0.572069	-0.939935	3.03254	1110.98	-635.58	-277.002	1267.15	-667.414	268.535
647	1	-13	876.583	184.743	-0.940076	1.71561	173.702	1446.87	-277.002	199.884	1256.1	260.098
802	1	-13	971.645	126.038	-0.776986	-1.04628	254.482	-50.07	-277.002	38.2494	325.27	263.656
930	1	13	1237.81	567.466	-0.995943	-0.0704986	1349.34	643.529	-277.002	1301.08	647.049	256.157
55	1	-13	835.244	61.6679	-0.872878	2.48456	274.487	324.093	-277.002	517.213	142.113	261.785
226	1	-13	450.278	29.8722	-0.962361	-2.50836	259.479	814.805	-277.002	379.011	911.417	260.938
230	1	13	750.361	120.428	-0.841497	-2.05033	-1410.81	-175.806	-277.002	-1252.3	131.2	267.133
311	1	13	451.851	10.0433	-0.941253	0.86533	840.728	340.002	-277.002	708.862	187.535	256.224
499	1	13	762.873	167.469	-0.93527	2.78228	-1237.89	-630.404	-277.002	-1037.17	-705.229	291.665
500	1	-13	566.7	61.0577	-0.99781	2.03465	1411.72	207.573	-277.002	1427.25	173.358	251.543
585	1	-13	774.239	127.316	-0.994103	-0.795838	1396.52	1347.6	-277.002	1357.68	1391.52	250.078
586	1	-13	1113.37	225.488	-0.772217	-2.88832	-283.567	-362.566	-277.002	167.582	-243.466	291.114
653	1	-13	931.851	266.735	-0.884993	-0.478773	211.692	187.226	-277.002	-38.9957	318.447	263.55
701	1	13	560.927	10.6117	-0.961165	-2.92316	-1364.76	-1414.49	-277.002	-1205.98	-1391.7	352.642
774	1	13	4549.93	2564.08	-0.77011	-2.92275	-527.52	927.545	-277.002	-93.8567	1023.58	259.378
775	1	13	1154.94	377.986	-0.987223	-0.829205	-1364.39	115.472	-277.002	-1424.24	181.804	274.503
236	1	-13	1322.76	49.2744	-0.564804	2.93833	360.36	1111.41	-277.002	1150.3	936.934	258.972
390	1	-13	2240.38	1221.93	-0.997806	-2.92721	-1350.38	1346.36	-277.002	-1315.25	1353.96	267.233
871	1	-13	469.182	26.2558	-0.954844	2.17828	-873.828	-227.073	-277.002	-769.388	-369.778	276.003
966	1	13	1170.11	253.921	-0.732522	3.08348	-1109.62	-982.802	-277.002	-582.929	-1009.54	290.696
968	1	13	2578.59	712.282	-0.938184	-1.54512	658.235	332.215	-277.002	654.031	529.18	258.395
46	1	13	548.849	56.1786	-0.997794	0.776422	34.8816	337.286	-277.002	14.5948	310.938	263.505
48	1	13	1230.38	376.614	-0.919779	-2.25717	-687.521	-374.354	-277.002	-533.287	-183.179	297.898
177	1	13	705.993	117.203	-0.974498	-1.15453	143.604	1067.17	-277.002	91.4107	1180.85	258.521
178	1	13	825.236	181.599	-0.999985	3.03555	-418.144	-1380.73	-277.002	-416.592	-1378.75	312.164
180	1	13	843.676	209.501	-0.969128	-2.43654	627.846	-1437.31	-277.002	742.004	-1340.94	303.148
427	1	13	866.08	141.307	-0.920498	-2.05624	-343.15	-738.223	-277.002	-208.657	-486.796	389.828
430	1	13	512.055	54.904	-0.999665	-2.08654	1318.55	814.853	-277.002	1323.73	827.195	258.946
609	1	13	646.108	31.9419	-0.997979	-2.80024	-1010.05	-1480.62	-277.002	-976.101	-1461.28	330.159
721	1	-13	779.28	90.2256	-0.88851	2.81197	-1204.04	1449.6	-277.002	-939.316	1359.47	260.875
723	1	-13	747.668	159.355	-0.942323	-1.88612	1403.99	743.493	-277.002	1457.78	919.724	255.566
816	1	13	433.534	18.566	-0.98527	0.965882	-1157.94	1342.93	-277.002	-1217.48	1276.92	264.751
966	1	-13	831.279	80.8535	-0.818854	0.439016	1152.44	-985.087	-277.002	776.66	-1155.85	320.607
967	1	13	613.42	70.5471	-0.999718	-1.8734	438.831	457.946	-277.002	442.314	466.092	259.285
968	1	-13	598.55	94.5918	-0.991611	2.72579	-581.666	1424.94	-277.002	-516.165	1396.25	258.284
969	1	-13	681.083	36.4502	-0.996499	-0.691902	900.978	-479.986	-277.002	876.09	-442.877	266.861
970	1	13	607.324	38.9478	-0.992174	-2.98494	101.512	-664.67	-277.002	185.779	-656.557	329.445
971	1	13	442.274	5.49118	-0.968728	-1.6312	1456.37	-421.124	-277.002	1478.17	-268.437	257.337
372	1	13	609.718	102.655	-0.999628	2.61785	1277.2	-168.293	-277.002	1288.32	-174.577	258.684
373	1	-13	514.256	16.0765	-0.90741	1.80232	-779.201	-668.524	-277.002	-728.487	-927.819	287.225
376	1	-13	1213.44	512.816	-0.961617	-0.315546	582.358	34.306	-277.002	435.788	81.7181	264.392
377	1	-13	674.378	35.6796	-0.876061	-0.569272	-533.68	-842.483	-277.002	-782.756	-678.193	280.303
501	1	-13	507.351	21.1577	-0.943969	-2.60872	1044.18	-110.878	-277.002	1215.05	-18.4446	258.522
690	1	-13	803.515	15.2055	-0.724731	1.70685	518.268	-934.782	-277.002	619.624	-1488.02	299.834
889	1	-13	543.149	2.98106	-0.99184	1.76942	627.629	-1388.6	-277.002	630.415	-1427.57	302.243
93	1	-13	1119.24	203.968	-0.939785	-2.01476	560.651	-766.124	-277.002	651.187	-573.171	304.897
94	1	-13	604.605	29.771	-0.946027	-2.88936	890.333	-1276.22	-277.002	1090.66	-1227.57	350.046
95	1	13	1660.49	689.444	-0.962759	-0.306368	562.359	-1404.65	-277.002	406.037	-1354.44	306.622
96	1	13	550.116	21.0703	-0.860162	-2.97532	-373.785	570.239	-277.002	-59.3968	628.655	263.665
335	1	13	2131.04	889.377	-0.921669	-0.732315	-1095.12	-606.796	-277.002	-1269.18	-449.911	280.911
661	1	-13	815.846	57.0424	-0.97832	2.05922	1235.95	-1110.69	-277.002	1297.13	-1234.94	371.132
662	1	-13	813.475	252.735	-0.998308	-0.469645	1092.94	353.098	-277.002	1065.71	365.068	258.915
784	1	-13	549.571	41.5282	-0.99936	-0.713505	816.719	236.92	-277.002	804.462	248.816	255.387
786	1	-13	601.408	48.5037	-0.905983	0.956468	-804.082	1121.46	-277.002	-953.935	907.951	278.666
789	1	-13	640.416	7.39663	-0.812149	1.61933	-476.57	762.689	-277.002	-450.458	341.214	267.502
893	1	-13	569.489	17.9181	-0.966694	2.17291	-812.868	-166.965	-277.002	-729.284	-289.076	275.494
58	1	-13	551.224	20.1852	-0.958269	-0.795405	869.715	-807.165	-277.002	757.297	-682.86	317.602
553	1	13	1803.08	787.451	-0.977427	-0.717107	507.399	-469.811	-277.002	416.624	-390.238	279.458
557	1	13	852.623	84.0562	-0.805477	0.0310635	521.913	651.503	-277.002	121.923	643.474	262.197
812	1	-13	785.461	161.948	-0.915275	-1.30711	536.209	-1414.01	-277.002	469.461	-1159.76	322.721
813	1	-13	1411.37	659.519	-0.992069	-1.80174	43.0294	850.038	-277.002	58.7622	916.214	259.654
912	1	-13	433.854	6.30685	-0.999533	-3.08666	760.487	258.582	-277.002	758.963	264.501	255.231
28	1	-13	780.559	39.013	-0.844478	1.11278	-564.282	800.449	-277.002	-722.645	492.547	273.344
351	1	13	494.029	0.94591	-0.996086	-2.58543	1432.55	-62.0488	-277.002	1429.63	-51.0464	251.041
355	1	-13	838.309	206.772	-0.976247	-1.96355	-1411.65	638.132	-277.002	-1366.27	755.151	284.376
356	1	-13	600.259	47.6363	-0.898546	-0.0468049	-52.0125	1104.02	-277.002	-310.23	1118.02	257.05
554	1	-13	629.354	25.7212	-0.923199	-0.748814	1066.87	-619.118	-277.002	900.825	-450.826	266.976
555	1	-13	573.662	6.49574	-0.951241	-0.0799315	1177.49	1169.58	-277.002	1002.49	1196	262.003
557	1	-13	490.637	52.661	-0.999692	-0.204301	763.359	527.889	-277.002	749.117	534.313	257.743
822	1	-13	713.859	32.9781	-0.804158	1.66101	-956.63	1276.69	-277.002	-923.277	868.314	282.087
823	1	-13	553.572	5.06163	-0.994505	-1.85141	609.591	1054.05	-277.002	632.394	1113.29	255.977
920	1	-13	922.498	201.061	-0.890989	-1.95326	1375.23	-999.085	-277.002	1481.43	-741.209	269.262
921	1	-13	1042.78	237.982	-0.819196	-1.75485	67.1196	705.576	-277.002	136.661	1073.31	258.572
107	1	-13	1444.72	659.699	-0.987455	2.77365	1135.83	-950.464	-277.002	1226.04	-984.244	325.256
108	1	13	824.699	46.7891	-0.920792	1.47044	-891.633	53.5328	-277.002	-911.17	-180.24	270.267
110	1	13	1055.11	257.999	-0.891246	0.820996	117.607	304.249	-277.002	-67.1033	99.4703	270.709
111	1	13	791.686	163.82	-0.986456	0.593378	-1060.25	-24.0757	-277.002	-1136.18	-75.6797	272.404
246	1	13	915.329	172.099	-0.958489	0.125175	-953.388	-982.806	-277.002	-1128.49	-1005.88	322.5
247	1	13	631.513	63.3891	-0.948437	2.92674	74.4235	1230.89	-277.002	248.88	1197.86	258.762
249	1	13	598.615	0.355992	-0.855693	-3.11209	-467.259	1141.93	-277.002	-104.717	1130.84	258.706
251	1	13	623.825	169.401	-0.998248	1.61023	1327.08	-441.417	-277.002	1327.63	-472.954	263.586
353	1	-13	720.864	170.503	-0.911562	-1.05237	471.147	-590.832	-277.002	342.941	-371.228	281.941
456	1	-13	1127.47	48.0961	-0.600394	2.22174	-645.104	746.547	-277.002	-210.208	177.104	270.036
458	1	13	663.498	112.512	-0.871009	-1.28288	-926.962	1090.4	-277.002	-1013.73	1383.3	261.832
742	1	-13	836.448	75.3896	-0.675092	0.0186249	-318.404	-168.949	-277.002	-913.415	-180.181	270.273
743	1	-13	466.789	1.83593	-0.970811	2.64083	-977.519	260.993	-277.002	-844.346	165.715	271.596
744	1	13	585.559	3.90989	-0.855878	-1.81646	-788.819	-557.713	-277.002	-692.633	-189.505	277.406
934	1	13	693.655	165.402	-0.999834	-2.84456	122.405	-180.633	-277.002	131.307	-176.247	289.928
935	1	-13	797.085	155.242	-0.937253	-0.474091	259.466	241.218	-277.002	78.84	333.29	263.533
126	1	13	799.566	117.475	-0.94401	0.0800287	-94.5328	-451.302	-277.002	-314.78	-468.868	357.955
127	1	13	673.15	57.432	-0.933418	2.48667	-413.412	-1313.77	-277.002	-219.529	-1454.07	333.031
128	1	13	711.04	159.832	-0.985584	0.271749	-594.948	-638.415	-277.002	-685.414	-663.399	281.157
156	1	-13	647.788	27.5302	-0.99097	1.86278	-1176.61	-1161.84	-277.002	-1155.57	-1246.44	321.31
157	1	-13	646.09	21.9299	-0.977209	-1.34202	-402.498	-35.7867	-277.002	-417.264	86.2807	303.156
273	1	-13	566.74	33.9554	-0.985756	0.162317	-1315.39	-15.5491	-277.002	-1406.59	-27.4131	271.686
389	1	13	627.122	26.2981	-0.890652	1.96859	1259.25	-176.01	-277.002	1365.17	-431.118	262.653
525	1	13	884.103	43.9457	-0.570188	0.34698	457.739	457.997	-277.002	-275.005	192.03	272.994
688	1	-13	1191.47	248.815	-0.724715	-2.71407	472.306	-1332.43	-277.002	1007.89	-1090.38	346.199
959	1	-13	774.699	153.277	-0.999715	2.26305	-1422.78	-686.513	-277.002	-1414.88	-695.667	303.766
113	1	13	1832.83	729.56	-0.737219	-1.66283	-530.001	334.097	-277.002	-485.037	826.564	263.218
115	1	-13	822.264	72.2504	-0.738137	-0.531776	108.027	-70.0597	-277.002	-329.998	192.559	276.48
116	1	-13	550.961	38.9015	-0.996766	2.70132	1141.36	-823.397	-277.002	1183.53	-841.164	297.096
140	1	13	1231.58	30.9339	-0.647057	-1.4634	-1007.3	-691.04	-277.002	-1069.38	-54.7575	270.932
144	1	-13	586.412	2.26479	-0.999957	1.40613	1243.43	-1196.71	-277.002	1223.39	-1192.16	359.776
441	1	-13	1527.6	753.956	-0.991056	-2.68039	-109.539	1064.46	-277.002	-45.0553	1097.16	259.276
443	1	-13	497.031	38.2945	-0.992765	2.63396	567.141	1072.17	-277.002	625.2	1036.23	258.116
447	1	13	1113.69	47.8499	-0.745262	0.253617	407.081	-319.058	-277.002	-153.673	-453.382	375.451
620	1	13	835.923	199.881	-0.924483	-1.46178	-945.337	28.8413	-277.002	-969.527	251.264	266.581
685	1	-13	902.429	285.827	-0.952842	2.53298	692.927	717.975	-277.002	831.782	621.653	259.501
773	1	-13	531.194	68.4719	-0.99703	2.49064	501.065	1475.12	-277.002	539.204	1453.69	255.085
860	1	-13	1012.91	348.397	-0.967222	2.18813	376.171	722.452	-277.002	457.129	608.067	258.663
980	1	-13	523.896	22.3722	-0.901619	3.035	207.825	964.747	-277.002	458.496	921.957	261.298
985	1	13	635.653	116.017	-0.99082	2.10867	-347.543	-981.382	-277.002	-306.116	-1055.4	325.423
986	1	13	810.628	189.078	-0.975338	-3.04491	-1464.29	-1034.25	-277.002	-1326.64	-1019.78	332.962
119	1	13	579.671	106.579	-0.989531	-2.99352	686.11	919.975	-277.002	767.46	933.56	259.777
121	1	-13	828.225	65.9015	-0.999929	-3.02532	300.072	-286.485	-277.002	308.146	-286.068	278.751
184	1	-13	2016.89	899.749	-0.970994	1.49168	-182.178	196.645	-277.002	-192.781	58.1248	286.922
187	1	13	1920.28	1081.52	-0.889784	1.80868	-51.7383	687.248	-277.002	13.595	417.556	263.321
323	1	-13	5014.03	1632.6	-0.706985	0.0389537	1444.71	-1345.78	-277.002	862.462	-1368.59	305.57
976	1	-13	607.108	63.8112	-0.99995	-0.0599189	491.917	94.1443	-277.002	491.057	91.659	263.81
977	1	-13	1202.38	358.187	-0.774087	0.0583836	-345.914	-424.117	-277.002	-798.088	-451.561	275.634
978	1	-13	840.856	4.79033	-0.907829	-2.96824	-510.316	1365.46	-277.002	-276.529	1429.44	259.755
21	1	-13	580.903	71.2672	-0.980235	1.37463	-1391.18	236.666	-277.002	-1410.46	126.289	272.351
25	1	-13	510.892	2.53279	-0.880178	2.28599	-301.335	471.281	-277.002	-139.933	281.33	263.458
207	1	13	758.728	75.3356	-0.773212	0.693673	966.122	1027.91	-277.002	625.635	748.752	256.499
494	1	-13	825.135	157.569	-0.995606	0.425485	-1192.27	-1005.16	-277.002	-1245.61	-1031.55	329.198
495	1	-13	829.844	43.3438	-0.999628	0.811461	-1303.41	770.094	-277.002	-1312.4	759.581	285.49
609	1	13	1042.93	102.031	-0.585343	-0.896954	-840.753	-775.888	-277.002	-1309.51	-197.988	271.055
840	1	-13	634.373	101.678	-0.999261	-1.19147	-131.819	1169.02	-277.002	-142.179	1187.81	258.315
945	1	-13	1856.94	822.453	-0.960855	-1.48303	-841.283	193.021	-277.002	-854.624	349.603	266.985
946	1	-13	1347.76	269.861	-0.996886	-3.08035	180.417	1292.17	-277.002	222.543	1294.67	261.18
948	1	13	894.796	176.394	-0.80196	-2.05666	-1024.39	-114.098	-277.002	-836.098	240.66	269.767
950	1	-13	744.892	191.696	-0.962527	2.80621	1271.4	988.649	-277.002	1413.44	942.254	256.343
27	1	-13	1016.58	304.165	-0.968899	0.824116	828.91	1415.71	-277.002	737.322	1315.66	255.495
233	1	13	596.091	49.5003	-0.99362	1.25551	991.86	-918.318	-277.002	966.362	-994.916	348.097
234	1	13	478.823	0.153855	-0.964196	-0.877055	941.456	-624.657	-277.002	896.285	-549.016	272.115
339	1	13	910.297	61.8318	-0.714924	2.03024	-1178.74	-536.272	-277.002	-929.485	-1052.88	310.964
341	1	-13	698.904	82.0246	-0.972639	-1.4986	-219.646	-150.049	-277.002	-229.623	-14.5939	306.645
484	1	13	623.921	30.0824	-0.962975	0.14014	-834.687	-169.224	-277.002	-983.994	-185.526	270.616
487	1	-13	1273.84	194.463	-0.80406	-0.930884	-1191.56	946.967	-277.002	-1430.97	1270.56	271.282
489	1	-13	2421.71	1085.55	-0.723708	2.64809	359.489	120.437	-277.002	807.707	-121.052	256.186
793	1	13	1905.83	239.337	-0.686738	-2.76632	431.105	-1253.86	-277.002	1039.5	-1012.97	339.506
795	1	-13	545.371	57.3032	-0.916949	1.01849	913.073	-80.9494	-277.002	791.598	-280.068	262.072
120	1	13	561.04	41.5015	-0.967486	-1.93121	1336.44	157.658	-277.002	1383.78	284.917	252.64
121	1	13	573.145	24.7867	-0.900042	-1.08108	-340.335	1255.58	-277.002	-467.953	1490.99	260.507
155	1	-13	3147.37	1173.77	-0.848967	-1.46163	752.144	626.996	-277.002	715.544	959.361	260.144
336	1	13	716.215	52.067	-0.679651	-2.51343	-1096.39	1097.93	-277.002	-642.666	1429.23	260.243
513	1	13	885.133	213.312	-0.950742	2.77403	324.56	888.623	-277.002	486.028	826.608	259.809
517	1	13	1649.69	627.747	-0.936546	-0.917694	-497.081	-890.198	-277.002	-624.033	-723.172	284.971
658	1	-13	1129.51	82.1334	-0.92919	0.248545	1181.22	-143.54	-277.002	980.745	-194.85	259.039
659	1	-13	1121.93	14.3183	-0.840252	-1.49113	-582.791	-18.7471	-277.002	-617.627	324.024	272.192
170	1	13	575.219	17.3635	-0.952721	-0.545127	1084.95	-448.102	-277.002	938.963	-352.344	263.709
174	1	-13	1175.18	173.535	-0.705465	-1.9028	-1436.44	-1140.36	-277.002	-1252.96	-602.43	292.655
437	1	13	449.036	7.11982	-0.972353	-2.58268	1185.24	123.766	-277.002	1280.57	200.214	254.609
539	1	13	1301.73	458.608	-0.94979	-0.585838	-614.451	-1054.71	-277.002	-769.599	-951.518	289.431
543	1	13	2115.2	128.629	-0.950024	1.97487	460.917	-557.689	-277.002	544.502	-753.459	365.712
544	1	-13	499.432	26.7419	-0.971944	1.72755	1136.25	1338.41	-277.001	1149.52	1211.55	258.619
650	1	-13	594.044	5.13578	-0.984932	-2.43277	-433.775	692.078	-277.002	-343.451	732.049	267.384
751	1	13	905.188	241.786	-0.99944	2.32515	1044.15	1251.41	-277.002	1056.53	1239.03	259.087
843	1	-13	907.987	236.708	-0.996715	-1.05639	-1218.03	-1482.24	-277.002	-1245.78	-1436.54	364.857
844	1	13	770.547	4.70422	-0.872966	1.46455	-156.265	-65.8265	-277.002	-202.002	-448.749	381.377
897	1	-13	754.108	187.725	-0.95661	2.70378	798.893	259.841	-277.002	943.246	190.423	255.807
998	1	-13	1088	277.544	-0.926043	1.21604	-449.119	-1039.97	-277.002	-531.733	-1259.19	301.693
8	1	-13	884.25	86.4861	-0.709124	-0.489222	83.9033	342.594	-277.002	-396.821	595.746	265.704
13	1	-13	2902.99	1197.19	-0.925559	-2.69867	-763.449	-263.784	-277.002	-550.892	-162.62	297.974
200	1	13	1801.23	303.847	-0.794421	0.3487	1051.58	573.902	-277.002	666.844	433.728	258.48
133	1	-13	912.588	91.4043	-0.638914	0.162833	546.959	842.765	-277.002	-96.7677	737.766	263.633
134	1	-13	1051.17	56.9781	-0.811522	2.60219	-791.707	1109.13	-277.002	-461.22	907.285	259.355
288	1	-13	959.851	301.622	-0.975405	-2.20362	-1441.67	233.937	-277.002	-1365.14	336.613	296.707
490	1	-13	646.829	6.07338	-0.748949	0.613559	-589.101	820.74	-277.002	-969.796	534.584	281.292
746	1	-13	4097.38	2298.63	-0.90772	2.38495	503.036	993.083	-277.002	683.136	823.244	258.731
855	1	13	892.265	49.8251	-0.791221	0.373698	-627.727	189.576	-277.002	-1021.51	37.6518	268.359
217	1	13	755.266	99.5887	-0.865948	1.19549	652.031	-735.146	-277.002	521.825	-1065.4	339.551
420	1	13	763.218	114.18	-0.930468	0.0168739	-825.611	711.694	-277.002	-1045.29	705.111	282.598
422	1	13	769.104	219.199	-0.934244	1.7557	112.134	1096.65	-277.002	151.419	894.755	258.443
675	1	-13	594.507	66.2177	-0.986094	1.82328	-833.324	-365.388	-277.002	-809.543	-456.018	275.336
881	1	13	1887.17	105.593	-0.674168	1.52775	-348.487	-778.019	-277.002	-381.25	-1423.07	318.833
15	1	-13	1259.51	99.0836	-0.95156	-2.03648	-1256.47	304.998	-277.002	-1173.82	470.543	293.497
16	1	13	893.818	151.415	-0.886585	-0.725822	1124.38	670.804	-277.002	915.171	859.128	258.174
266	1	-13	1168.95	418.322	-0.810899	-1.92655	-783.497	-568.946	-277.002	-642.446	-189.255	283.851
270	1	-13	897.134	27.4193	-0.71874	0.723523	-1033.12	465.17	-277.002	-1430.32	118.012	272.824
425	1	-13	865.131	214.579	-0.961074	0.997922	625.113	790.994	-277.002	542.329	661.057	255.688
426	1	13	627.582	51.6408	-0.893734	2.99504	995.993	1072.18	-277.002	1262.8	1030.97	257.38
535	1	13	516.221	5.34147	-0.991402	-1.6749	-683.574	-420.547	-277.002	-675.042	-359.426	279.145
538	1	13	632.766	39.3014	-0.892884	2.36987	634.364	1105.1	-277.002	829.734	900.283	258.691
603	1	-13	904.531	39.9941	-0.922645	1.97109	-1209.4	308.471	-277.002	-1120.24	101.998	266.382
606	1	13	555.254	9.03828	-0.979471	-0.535043	942.025	1044.46	-277.002	843.905	1089.05	261.199
607	1	-13	1037.89	383.116	-0.996316	-1.23167	1046.83	500.063	-277.002	1031.73	542.396	258.693
674	1	13	478.807	15.5787	-0.94949	-2.41956	1192.05	-179.299	-277.002	1329.95	-68.6854	254.872
676	1	13	620.826	41.1191	-0.900981	-0.49295	-307.256	1267.96	-277.002	-534.335	1384.79	258.24
678	1	-13	479.332	3.68942	-0.956984	-0.349267	-681.271	-509.144	-277.002	-835.485	-465.175	275.008
882	1	13	653.078	46.3161	-0.794635	1.6138	985.899	633.927	-277.002	1004.72	220.559	256.603
885	1	-13	606.206	50.1407	-0.851292	1.62911	1233.59	1006.56	-277.002	1254.21	668.887	256.783
886	1	-13	6190.99	3275.36	-0.982555	-0.3324	-872.778	-1412.68	-277.002	-981.185	-1375.33	328.022
887	1	-13	748.741	93.0696	-0.873495	0.381914	-1153.2	-15.1306	-277.002	-1437.6	-129.582	273.192
31	1	-13	1941.65	575.18	-0.622138	1.2559	901.471	779.159	-277.002	694.796	140.581	258.096
308	1	-13	1038.99	68.7291	-0.942997	2.63902	-1429.32	547.31	-277.002	-1251.81	448.666	302.125
312	1	-13	548.792	65.3352	-0.942938	-1.79796	1232.83	387.938	-277.002	1275.76	566.525	256.325
529	1	13	1356.9	281.455	-0.598745	-3.10464	-637.826	1431.02	-277.002	81.7943	1456.57	260.697
601	1	13	518.491	51.9132	-0.982499	0.24505	-369.425	271.472	-277.002	-472.854	246.478	276.488
642	1	-13	491.537	32.5243	-0.978975	-0.388541	-1213.53	580.875	-277.002	-1328.62	630.511	289.053
643	1	-13	1013.97	69.1362	-0.869892	2.17012	-27.4222	-843.526	-277.002	167.039	-1120.48	335.776
739	1	-13	1116.23	32.9756	-0.922539	1.73155	-217.5	-161.989	-277.002	-169.114	-435.223	375.743
827	1	-13	710.017	82.0694	-0.817933	-2.80219	833.079	12.3845	-277.002	1186.92	136.873	255.155
828	1	13	1391.73	295.815	-0.609569	-2.42473	-409.364	-204.964	-277.002	120.304	254.757	262.889
993	1	-13	1027.23	403.516	-0.999098	-0.506	38.1683	-245.122	-277.002	16.2565	-233.641	313.861
117	1	-13	1532.66	45.5217	-0.669623	-2.68483	-425.541	204.449	-277.002	110.212	467.368	262.778
196	1	13	735.358	68.4487	-0.745608	3.01981	-1377.6	1134.73	-277.002	-897.558	1080.45	260.892
197	1	-13	603.404	1.7812	-0.998744	2.9067	199.976	751.63	-277.002	220.49	742.053	260.798
198	1	13	492.897	9.65769	-0.9972	-1.01303	1257.64	-529.078	-277.002	1236.9	-516.538	265.753
358	1	-13	1431.31	44.5435	-0.991432	0.803031	-1076.56	-690.066	-277.002	-1122.63	-748.179	290.542
621	1	-13	1523.86	135.01	-0.84878	2.88841	694.653	-1368.04	-277.002	1053.2	-1459.31	314.285
622	1	-13	903.241	194.868	-0.883593	1.73234	-1171.75	465.333	-277.002	-1127.96	179.843	267.018
939	1	13	497.091	61.3442	-0.989612	0.88417	-638.744	706.157	-277.002	-689.236	643.684	271.678
944	1	13	605.859	46.7793	-0.853493	3.06848	-963.636	801.412	-277.002	-638.375	779.782	273.639
981	1	13	2007.95	65.7979	-0.375315	-1.78445	-687.496	166.737	-277.002	-410.123	1474.63	260.787
983	1	13	1036.59	366.71	-0.999868	2.90464	-449.638	786.674	-277.002	-440.758	784.827	265.546
126	1	-13	832.034	232.132	-0.999791	0.802141	606.67	1186.34	-277.002	598.12	1177.7	254.878
128	1	13	649.162	80.3103	-0.999092	-2.50136	1239.7	1202.04	-277.002	1259.67	1217.09	257.288
131	1	-13	528.37	0.213798	-0.943037	1.54373	244.325	-407.58	-277.002	228.175	-524.111	303.824
438	1	13	598.42	91.8163	-0.98087	-0.0999474	1057.03	944.368	-277.002	948.804	956.623	260.129
439	1	13	471.258	8.4069	-0.982339	-1.45903	1239.82	1243.96	-277.002	1230.83	1330.17	253.544
539	1	13	497.039	13.3676	-0.992918	-1.15877	431.486	1362.96	-277.002	401.077	1429.36	259.353
543	1	13	1130.98	194.309	-0.966087	-0.287788	-980.107	-664.155	-277.002	-1125.16	-624.438	284.971
835	1	13	484.687	2.59419	-0.849132	1.35928	402.666	1434.07	-277.002	314.718	1134.96	257.156
836	1	-13	619.025	47.3014	-0.995851	0.636236	1286.74	-999.374	-277.002	1245.36	-1030.95	337.792
839	1	-13	1495.29	0.881493	-0.474357	-0.63471	384.102	-306.622	-277.002	-436.968	106.985	301.084
938	1	-13	877.492	142.092	-0.837932	2.6561	1051.75	265.998	-277.002	1356.41	102.692	253.287
940	1	-13	1571.75	273.14	-0.485303	2.41474	-278.634	1358.39	-277.002	443.154	718.715	257.886
942	1	-13	625.243	44.593	-0.924796	-3.06869	169.186	-631.469	-277.002	417.374	-613.395	328.822
944	1	13	578.188	24.8878	-0.960072	0.729095	567.839	-1088.62	-277.002	426.346	-1209.24	315.824
70	1	-13	603.278	74.0508	-0.985614	2.66425	-1089.25	1467.69	-277.002	-1006.74	1425.79	262.191
71	1	-13	1130.91	468.493	-0.993998	0.190279	-428.775	1412.09	-277.002	-484.86	1400.52	258.869
74	1	-13	1935.67	343.564	-0.670781	-0.428482	36.4265	385.437	-277.002	-510.757	634.891	267.293
76	1	-13	1075.29	332.014	-0.997403	-2.76917	1405.02	1245.67	-277.002	1442.65	1260.09	253.297
414	1	13	805.126	166.749	-0.847543	-0.927955	662.838	-529.605	-277.002	458.464	-253.818	272.872
513	1	-13	769.933	119.667	-0.94829	0.513905	-123.591	994.19	-277.002	-281.243	905.282	260.58
626	1	13	728.135	194.512	-0.998691	1.50584	895.783	-37.4486	-277.002	895.769	-65.3599	256.952
627	1	13	485.015	17.1042	-0.962944	-0.828966	-1373.98	897.004	-277.002	-1487.29	1005.39	297.933
764	1	13	463.966	36.6491	-0.954472	-0.792033	-785.012	-179.316	-277.002	-895.403	-61.3999	267.62
765	1	13	1107.78	393.963	-0.98637	-1.76567	495.02	494.496	-277.002	512.326	580.694	257.911
767	1	-13	474.968	2.01864	-0.949435	-2.68508	-1218.8	1386.48	-277.002	-1075.78	1473.11	263.736
768	1	13	634.025	57.0002	-0.973428	-1.52144	464.057	-43.0136	-277.002	459.088	89.12	263.934
867	1	-13	1490.81	275.138	-0.826787	-2.75565	-583.72	103.112	-277.002	-242.352	241.881	265.722
323	1	13	782.767	247.796	-0.969659	-0.185107	1345.73	4.34353	-277.002	1214.63	30.1473	258.044
326	1	13	640.174	116.818	-0.983355	-1.63365	1257.78	-763.418	-277.002	1263.73	-660.78	268.593
394	1	13	837.113	38.0314	-0.724581	2.71562	-199.183	-192.646	-277.002	272.166	-413.551	289.474
533	1	-13	822.849	51.3278	-0.810744	0.925118	1171.11	1128.86	-277.002	937.958	811.357	258.083
714	1	13	601.412	97.0019	-0.901434	0.648945	60.7967	533.958	-277.002	-141.779	380.406	262.605
808	1	13	999.018	179.602	-0.845486	-0.118854	-1046.01	-1215.51	-277.002	-1416.96	-1169.81	322.002
67	1	13	1742.04	609.242	-0.765291	2.08529	-481.782	-951.923	-277.002	-227.782	-1399.6	335.481
248	1	-13	549.59	51.251	-0.9585	-0.324318	-186.266	-838.121	-277.002	-354.593	-783.871	314.689
250	1	13	2578.04	1074.31	-0.775797	2.4503	-1196.63	1080.23	-277.002	-843.608	787.599	286.516
372	1	-13	2219.71	655.146	-0.720951	0.554803	-722.165	-528.446	-277.002	-1198.14	-821.531	302.295
373	1	-13	555.568	51.3738	-0.978274	1.2584	787.262	1047.99	-277.002	757.979	937.366	260.094
374	1	-13	623.206	126.766	-0.999804	1.37687	-233.865	1342.47	-277.002	-234.34	1333.8	259.545
376	1	13	1059.89	393.246	-0.993068	-2.9885	-762.286	877.509	-277.002	-699.639	888.257	268.705
377	1	13	520.084	15.8888	-0.898343	1.43052	692.499	482.864	-277.002	653.79	222.728	255.776
562	1	-13	525.557	2.11532	-0.987686	0.65014	-1122.44	1490.03	-277.002	-1166.71	1474.28	264.095
905	1	13	4135.29	1214.64	-0.993978	-2.65168	-1337.53	-1058.55	-277.002	-1278.41	-1027.42	332.21
907	1	-13	4981.46	3142.93	-0.910986	-2.27335	279.465	-5.81085	-277.002	437.087	180.324	262.062
909	1	13	1117.36	32.9767	-0.977741	-0.632082	669.265	185.119	-277.002	580.379	251.132	256.518
228	1	-13	504.746	27.6167	-0.982884	2.48103	1195.24	624.438	-277.002	1275.76	566.525	256.325
303	1	-13	812.517	47.3615	-0.844139	0.273645	-551.774	-107.471	-277.002	-888.618	-201.132	270.8
304	1	-13	736.485	180.064	-0.999703	0.988695	-8.384	564.002	-277.002	-13.3542	552.054	265.186
305	1	-13	1028.75	173.067	-0.824278	-2.55866	137.53	-1382.74	-277.002	484.345	-1155.86	323.067
406	1	-13	10511.8	4323.91	-0.624263	2.93333	405.627	-845.985	-277.002	1153.47	-1004.02	333.802
936	1	13	1419.96	631.77	-0.990177	-1.87639	-443.287	206.201	-277.002	-420.576	280.432	269.379
14	1	-13	1271.91	19.4034	-0.68674	-0.440344	-524.845	-1207.04	-277.002	-1087.47	-924.161	316.235
354	1	-13	584.943	87.5293	-0.973813	0.435084	639.409	1020.14	-277.002	522.327	966.124	259.931
356	1	13	1260.74	143.726	-0.992416	1.72114	1048.48	-1025.43	-277.002	1060	-1098.77	343.401
490	1	13	552.387	16.0047	-0.985442	-2.49301	-1154.86	-347.608	-277.002	-1085.44	-293.308	273.482
494	1	13	1179.35	62.5643	-0.844614	1.0142	-707.278	1335.62	-277.002	-889.472	1045.32	261.724
764	1	-13	487.561	34.9763	-0.978805	3.13924	-1452.34	337.125	-277.002	-1328.25	329.764	292.472
854	1	13	939.622	322.977	-0.999971	-1.73211	1078.42	-589.026	-277.002	1078.45	-587.631	272.958
35	1	13	723.603	57.9624	-0.857862	2.40298	364.612	1385.99	-277.002	598.12	1177.7	254.878
37	1	-13	715.623	100.318	-0.91165	-0.491916	1466.35	1102.84	-277.002	1259.67	1217.09	257.288
38	1	13	506.712	32.4752	-0.988932	0.458658	1049.76	1435.49	-277.001	974.956	1400.19	253.084
40	1	-13	2173.34	176.785	-0.841385	-1.50567	253.675	-899.537	-277.002	228.175	-524.111	303.824
280	1	13	593.16	78.4295	-0.997562	-1.36844	1063.1	-1402.4	-277.002	1057.58	-1361.5	331.437
401	1	-13	571.812	6.64151	-0.798245	1.52795	353.496	431.846	-277.002	320.826	60.2829	267.904
719	1	13	618.146	52.8083	-0.999819	1.23835	733.624	-669.385	-277.002	734.239	-675.433	319.707
148	1	13	798.712	75.2548	-0.909389	-1.24156	-1193.38	513.065	-277.002	-1280.25	752.897	285.195
152	1	13	1119.15	456.236	-0.87865	-2.46749	1266.02	1052.91	-277.002	1491.45	1232.49	254.07
263	1	13	1099.83	235.462	-0.883599	-3.08059	943.368	975.783	-277.002	1229.03	994.81	257.905
722	1	-13	850.561	240.012	-0.961656	-0.0606848	-1104.41	1208.26	-277.002	-1258.9	1219.19	269.037
724	1	13	484.167	9.20934	-0.923711	-1.78656	963.196	-287.376	-277.002	1021.15	-88.2374	256.786
891	1	-13	488.087	32.0456	-0.913635	0.429379	199.106	946.919	-277.002	-11.2111	844.253	260.788
893	1	-13	1967.07	50.3809	-0.732804	-3.01837	127.376	-442.83	-277.002	626.68	-386.751	277.522
124	1	-13	478.311	1.93852	-0.998175	2.7479	-462.75	73.0926	-277.002	-414.837	38.4413	315.656
186	1	-13	744.603	129.961	-0.946788	-1.77957	630.681	256.688	-277.002	666.844	433.728	258.48
188	1	-13	871.419	282.974	-0.923169	1.27948	1388.58	-207.242	-277.002	1325.42	-423.262	262.303
323	1	13	660.781	146.358	-0.98362	3.01861	-558.563	919.708	-277.002	-461.22	907.285	259.355
326	1	13	760.251	156.512	-0.919591	2.72741	-1099.51	1245.58	-277.002	-891.426	1152.24	259.988
426	1	-13	558.031	9.45722	-0.889393	-2.92227	579.451	-363.495	-277.002	839.511	-308.911	262.79
563	1	13	1028.06	280.31	-0.999199	0.721275	-1023.27	186.468	-277.002	-1041.53	171.104	265.826
564	1	-13	2092.37	71.9622	-0.431245	-0.385971	1058.28	-60.5183	-277.002	-2.81278	358.13	263.161
692	1	-13	1444.87	67.0974	-0.577019	2.94485	-1434.03	-1270.96	-277.002	-589.666	-1434.9	322.329
805	1	-13	803.98	174.714	-0.999816	-2.50823	-406.322	-960.142	-277.002	-397.63	-956.693	306.904
809	1	13	633.994	1.96857	-0.897681	-0.834996	896.52	601.018	-277.002	683.136	823.244	258.731
811	1	-13	483.08	10.1733	-0.976738	-1.47041	440.985	-378.54	-277.002	425.491	-259.368	273.475
1	1	13	659.18	41.7782	-0.995382	-2.31487	-690.518	-1129.43	-277.002	-655.486	-1090.26	289.805
3	1	13	664.375	113.449	-0.945596	0.370066	-335.675	1414.81	-277.002	-508.653	1346.67	258.301
145	1	-13	618.535	13.8489	-0.999141	2.54851	1317.49	1446.93	-277.002	1330.78	1438.22	249.479
240	1	-13	795.29	87.6167	-0.992634	-1.03908	571.57	52.0998	-277.002	539.125	108.817	262.589
241	1	13	533.685	52.9439	-0.999388	-0.858847	1007.15	410.648	-277.002	993.86	421.395	258.234
243	1	-13	654.548	9.03436	-0.957952	1.65512	581.752	-664.192	-277.002	595.694	-850.043	374.49
348	1	13	1186.32	462.725	-0.982195	-0.296376	-1209.94	728.868	-277.002	-1312.4	759.581	285.49
620	1	13	511.992	74.6106	-0.933879	1.23226	1097.79	189.366	-277.002	1031.95	-8.79071	254.492
621	1	-13	1653.2	92.5449	-0.423155	2.85345	-856.034	23.4007	-277.002	288.765	-324.041	281.184
622	1	-13	1076.77	167.347	-0.93197	2.7196	617.637	-635.577	-277.002	828.485	-732.558	322.781
791	1	-13	754.392	82.3576	-0.922123	-1.04973	-738.128	151.497	-277.002	-854.624	349.603	266.985
845	1	-13	829.429	116.777	-0.910236	2.93548	-1335.7	165.862	-277.002	-1089.07	113.032	266.267
71	1	-13	811.709	52.4078	-0.996812	1.49796	1151.54	926.484	-277.002	1149.56	884.656	258.872
75	1	13	616.976	99.2057	-0.935158	-1.58278	-349.429	22.113	-277.002	-348.448	229.956	270.662
212	1	13	748.438	62.6557	-0.999278	-2.48937	1166.97	-1314.68	-277.002	1177.91	-1295.19	356.581
216	1	-13	659.373	144.347	-0.997977	-1.68384	-813.52	-443.724	-277.002	-809.114	-406.316	275.766
331	1	13	1281.41	62.9165	-0.750581	-1.34326	1049.7	-454.81	-277.002	945.292	6.358	255.044
528	1	-13	1820.1	235.047	-0.671516	2.94019	452.997	554.295	-277.002	1028.08	434.81	258.391
602	1	-13	1177.01	81.548	-0.975223	-0.281636	-791.073	321.431	-277.002	-908.581	356.004	268.789
607	1	-13	680.673	199.598	-0.964453	0.994956	1453.15	1161.36	-277.002	1373.64	1038.42	255.798
681	1	-13	712.618	141.472	-0.993464	2.55351	-1254.02	256.288	-277.002	-1201.68	222.497	268.861
682	1	-13	507.133	45.7656	-0.990692	1.71201	1357.34	-680.939	-277.002	1371.48	-750.56	270.81
683	1	-13	574.7	58.3419	-0.875273	1.6545	114.135	1212.17	-277.002	138.217	910.947	258.059
685	1	-13	5023.72	838.344	-0.409337	-0.567451	1428.23	-894.44	-277.002	395.473	-236.799	273.178
198	1	-13	1750.86	564.733	-0.897548	-2.748	-458.25	424.458	-277.002	-213.999	526.142	263.511
202	1	13	500.596	1.66355	-0.962468	2.68593	-823.644	-147.615	-277.002	-706.165	-222.787	275.383
319	1	-13	962.325	209.423	-0.966398	0.347015	1387.31	-1393.39	-277.002	1229.68	-1447.03	349.147
429	1	-13	546.518	30.1613	-0.99886	2.99185	-1281.83	1139.17	-277.002	-1255.4	1133.02	276.033
431	1	-13	819.592	172.346	-0.966974	0.0682452	284.791	1470.35	-277.002	142.837	1458.43	261.442
513	1	13	829.759	106.379	-0.863741	-1.21248	-1.54547	-689.264	-277.002	-130.13	-339.24	360.796
628	1	-13	958.999	152.465	-0.863802	-0.610817	-339.352	-342.958	-277.002	-610.791	-154.687	289.728
804	1	13	582.613	23.0064	-0.999722	2.86165	-539.477	-182.622	-277.002	-533.287	-183.179	297.898
50	1	13	831.594	181.771	-0.947021	1.33942	1141.8	223.105	-277.002	1101.8	46.2604	255.424
205	1	-13	570.538	88.9187	-0.968958	-0.540787	369.281	1128.3	-277.002	248.88	1197.86	258.762
483	1	-13	687.574	39.882	-0.884208	1.57202	239.336	1083.54	-277.002	238.552	798.596	261.084
693	1	13	1161.66	426.423	-0.997649	0.104348	354.792	1153.28	-277.002	317.639	1150.77	256.838
696	1	13	544.141	72.064	-0.990467	1.24278	1210.84	-388.508	-277.002	1182.84	-464.443	265.795
883	1	13	480.537	38.9124	-0.965058	-1.75491	1019.25	1345.33	-277.002	1042.59	1492.61	250.615
884	1	-13	542.785	11.8259	-0.886606	1.07084	-153.427	943.336	-277.002	-283.179	700.619	265.342
886	1	13	2301.98	237.723	-0.41515	2.4412	-831.145	1097.41	-277.002	78.84	333.29	263.533
394	1	-13	718.083	15.7186	-0.662709	-2.95731	-1334.7	-1017.73	-277.002	-728.487	-927.819	287.225
397	1	13	1120.61	145.237	-0.995459	0.431019	482.97	102.899	-277.002	435.788	81.7181	264.392
586	1	-13	754.64	54.4299	-0.702259	1.855	343.636	1203.24	-277.002	493.726	688.477	256.721
925	1	-13	1989.01	696.791	-0.834657	0.49714	1454.99	-873.128	-277	1098.4	-1067.64	338.571
926	1	13	429.91	12.3773	-0.986784	1.58901	172.53	855.083	-277.002	175.315	768.38	260.46
930	1	13	564.199	52.8492	-0.989127	-2.64985	-394.931	889.444	-277.002	-324.615	926.392	259.893
159	1	-13	465.374	20.0366	-0.996021	0.801504	1411.52	789.892	-277.002	1382.43	761.191	257.499
267	1	13	739.479	33.018	-0.872266	-0.669041	-633.529	-816.702	-277.002	-883.853	-616.23	281.731
269	1	13	560.005	15.5523	-0.913176	-2.44104	-101.21	-90.2554	-277.002	97.2024	71.1059	268.451
271	1	-13	784.232	14.7188	-0.914326	-2.7204	142.081	-962.514	-277.002	426.947	-834.733	392.145
415	1	-13	720.991	12.7381	-0.867672	0.944514	1023.39	713.686	-277.002	853.969	454.876	257.419
417	1	13	799.433	66.5175	-0.830256	-2.35086	-1261.45	-1318.37	-277.002	-988.236	-1038.14	318.366
518	1	-13	957.171	237.275	-0.942771	-1.28749	777.856	-1353.85	-277.002	722.211	-1151.12	319.292
871	1	-13	921.558	292.63	-0.877734	-2.90051	105.326	-148.16	-277.002	394.794	-77.4881	268.168
873	1	-13	1411.31	367.814	-0.931825	-2.48971	-1016.34	-966.038	-277.002	-840.597	-832.824	288.848
90	1	13	584.684	77.9702	-0.974761	1.05299	898.985	219.173	-277.002	836.359	113.735	255.652
194	1	-13	870.696	18.664	-0.631446	0.61915	917.547	1075.11	-277.002	344.97	704.433	260.325
234	1	-13	553.176	74.765	-0.961619	-0.363567	-814.999	-98.2421	-277.002	-957.861	-40.7365	267.284
308	1	-13	1249.29	41.5264	-0.907329	-1.65634	-159.777	-1149.69	-277.002	-142.158	-854.495	360.531
462	1	-13	1073.41	203.779	-0.742822	-0.525952	1347.74	-262.966	-277.002	930.672	-24.4705	255.618
614	1	13	1755.71	318.791	-0.753796	-1.60263	165.477	-510.991	-277.002	181.287	-29.898	272.944
615	1	-13	730.33	157.596	-0.995021	2.96246	1351.48	-1473.2	-277.002	1411.92	-1483.4	355.289
877	1	13	486.512	62.9428	-0.971042	0.06806	313.635	292.808	-277.002	187.028	285.852	262.831
960	1	13	1361.77	641.368	-0.999929	1.98327	938.406	230.491	-277.002	941.186	224.18	256.096
47	1	-13	499.382	24.3932	-0.996081	0.67056	1037.15	438.918	-277.002	1007.25	404.505	258.614
445	1	13	755.128	60.4829	-0.792258	-1.21269	467.078	168.483	-277.002	315.231	549.793	261.094
446	1	13	2029.3	1051.08	-0.973767	0.979101	1161.5	-244.461	-277.002	1090.39	-350.027	266.363
447	1	13	933.841	32.2756	-0.769053	2.3111	-456.681	1337.65	-277.002	-152.638	1004.25	258.853
597	1	13	488.537	3.7391	-0.965672	-0.100152	-504.393	144.793	-277.002	-650.381	155.422	296.205
598	1	-13	825.59	13.1758	-0.725931	-0.292172	771.47	-827.464	-277.002	233.421	-664.396	330.435
759	1	13	1117.88	285.202	-0.978035	0.723441	-1098.81	592.388	-277.002	-1192.1	511.156	293.981
953	1	-13	2240.75	1039.61	-0.957462	0.0448636	1432.57	-732.902	-277.002	1267.3	-740.876	271.905
957	1	13	1056.26	346.238	-0.970939	2.14197	-643.967	-633.84	-277.002	-569.317	-752.174	289.275
161	1	13	549.787	0.854221	-0.976461	-0.709543	-945.91	-707.167	-277.002	-1054.68	-605.227	285.405
166	1	-13	492.998	4.31777	-0.914104	-0.954468	-498.965	-170.561	-277.002	-663.661	25.0651	290.432
341	1	13	1552.01	752.182	-0.982751	-1.77054	1162.39	964.988	-277.002	1182.59	1063.62	258.699
448	1	-13	1081.32	334.749	-0.987766	2.55634	-511.965	218.651	-277.002	-437.643	167.216	289.99
450	1	13	1816.11	668.621	-0.980859	1.08034	-1077.68	-644.538	-277.002	-1130.76	-744.368	290.318
630	1	-13	588.979	38.3596	-0.976434	0.968239	-68.3218	485.489	-277.002	-141.779	380.406	262.605
635	1	-13	661.005	146.2	-0.931525	2.32178	584.494	1250.32	-277.002	727.924	1096.45	256.64
750	1	13	627.66	55.0037	-0.950966	-2.16154	-1097.08	-610.09	-277.002	-995.991	-461.641	277.179
751	1	13	811.282	116.935	-0.770141	-2.07842	1188.13	398.501	-277.002	1401.17	789.145	257.947
755	1	13	1152.59	31.2574	-0.998906	0.361971	838.859	-943.941	-277.002	812.175	-956.713	358.779
899	1	-13	715.486	38.266	-0.979724	2.86131	327.668	953.867	-277.002	433.154	934.049	261.151
987	1	-13	1123.17	347.318	-0.996179	-2.42602	-165.226	-921.008	-277.002	-123.963	-884.042	363.6
991	1	-13	604.454	5.43228	-0.793717	-0.430636	360.219	480.983	-277.002	-32.6166	628.297	263.924
7	1	-13	654.54	146.45	-0.970958	-1.51861	-448.351	343.999	-277.002	-455.818	476.768	264.704
11	1	-13	585.488	17.0552	-0.903077	0.553027	1087.45	971.552	-277.002	863.646	842.978	257.784
176	1	-13	833.774	126.889	-0.781485	1.74776	463.611	1302.47	-277.002	540.537	877.983	261.316
177	1	13	3599.21	139.852	-0.574032	2.36218	-1240.66	-604.358	-277.002	-656.852	-1173.82	293.248
470	1	13	892.203	362.349	-0.91223	-0.414966	973.781	412.859	-277.002	753.665	510.865	257.444
475	1	-13	888.404	85.7688	-0.887445	-1.80893	429.964	-871.705	-277.002	505.078	-564.762	316.092
567	1	-13	843.119	86.2721	-0.709208	2.54147	-42.6647	-70.9626	-277.002	416.624	-390.238	279.458
570	1	-13	466.389	14.9937	-0.99867	-1.94815	-1424.61	284.311	-277.002	-1411.68	314.046	293.292
702	1	-13	727.791	132.615	-0.813326	2.63452	1071.94	260.866	-277.002	1400.22	72.4289	252.83
705	1	-13	1180.07	193.229	-0.761711	0.0938349	1097.16	-512.487	-277.002	599.995	-561.774	307.734
814	1	13	1326.43	395.161	-0.999216	-2.88363	891.572	-1194.28	-277.002	913.418	-1189.54	333.029
922	1	13	717.787	208.767	-0.974911	2.69463	-962.836	915.261	-277.002	-848.235	859.441	282.005
923	1	-13	662.168	136.001	-0.987162	-2.44816	-523.239	799.127	-277.002	-457.261	854.605	261.016
135	1	13	633.357	18.3498	-0.896793	-0.0830445	651.695	-1081.74	-277.002	325.432	-1057.55	350.34
136	1	-13	660.789	15.5739	-0.865235	2.09481	-1361.79	330.304	-277.002	-1204.53	59.8285	266.773
391	1	-13	1863.56	410.381	-0.997986	0.721901	793.896	-1232	-277.002	766.762	-1257.81	308.807
737	1	13	1781.69	708.145	-0.904071	3.04999	-847.305	-1322.05	-277.002	-570.531	-1347.82	311.317
739	1	-13	1248.44	114.096	-0.999975	1.63118	140.208	1380.57	-277.002	136.761	1378.3	261.578
946	1	-13	1114.08	93.7842	-0.991914	1.69573	-267.925	-385.31	-277.002	-256.894	-469.479	374.323
947	1	-13	584.312	106.619	-0.981149	-1.66716	-259.207	317.765	-277.002	-247.758	427.235	262.694
96	1	-13	995.004	208.356	-0.833939	2.22742	1128.28	509.677	-277.002	1343.72	230.585	252.755
289	1	13	789.582	22.4026	-0.765647	-1.40041	1061.86	-695.162	-277.002	984.529	-258.369	260.561
290	1	-13	576.211	4.71605	-0.939428	-0.696859	-593.026	-318.381	-277.002	-744.54	-201.682	273.727
292	1	-13	638.337	29.3451	-0.824778	-2.77291	-1061.21	-2.05174	-277.002	-697.968	131.696	291.146
783	1	-13	569.65	29.2594	-0.966582	2.02049	-115.544	263.633	-277.002	-59.0714	128.381	266.591
940	1	13	1673.73	32.509	-0.484247	-0.244968	-321.552	42.8434	-277.002	-1294.74	292.665	284.883
58	1	-13	659.044	51.2955	-0.788224	2.31909	543.919	1243.14	-277.002	830.067	939.625	259.338
294	1	13	787.975	178.381	-0.990728	-2.72554	282.892	-645.003	-277.002	356.409	-612.81	319.952
504	1	-13	1508.64	443.894	-0.782887	-0.702318	-940.923	-1071.35	-277.002	-1297.86	-768.733	309.391
575	1	-13	1085.4	246.37	-0.741123	-1.58	-787.18	-573.331	-277.002	-784.823	-77.0352	272.272
775	1	13	1853.88	864.701	-0.982039	-0.382489	522.885	1168.52	-277.002	428.209	1206.37	255.128
983	1	-13	549.055	48.9599	-0.963959	-3.10409	1042.37	1011.92	-277.002	1188.12	1018.76	258.363
77	1	-13	762.993	262.459	-0.988242	-2.54431	929.198	536.663	-277.002	996.4	582.34	259.456
80	1	13	2180.84	432.606	-0.923645	-2.11717	-374.945	1232.69	-277.002	-259.768	1421.99	259.718
81	1	-13	2463.5	371.506	-0.485699	1.23934	-985.247	1368.39	-277.001	-1324.6	382.276	303.836
82	1	-13	830.384	229.241	-0.97779	-1.50232	1480.5	-1040.78	-277.002	1468.84	-921.078	275.204
535	1	-13	1487.91	606.576	-0.890954	1.85006	808.253	935.303	-277.002	883.116	672.51	259.608
643	1	13	689.83	136.816	-0.944714	2.07949	-498.092	1350.87	-277.002	-407.041	1189.67	257.606
785	1	-13	899.908	236.401	-0.862588	0.855108	813.837	729.045	-277.002	607.531	492.845	258.646
786	1	-13	556.938	90.7702	-0.998263	-1.93508	1256.31	-696.397	-277.002	1267.15	-667.414	268.535
790	1	-13	628.024	106.923	-0.928267	-1.62795	0.299225	1136.92	-277.002	10.8839	1347.94	258.983
866	1	13	1258.78	87.1354	-0.514852	2.0222	492.123	-530.565	-277.002	913.57	-1408.94	306.165
867	1	13	933.874	103.708	-0.62148	-1.26086	212.885	153.817	-277.002	14.6038	793.929	260.654
114	1	13	5461.94	2712.37	-0.933109	-2.49946	67.5207	-879.699	-277.002	262.098	-734.192	354.101
118	1	13	581.816	35.0078	-0.90268	1.72479	1412.82	-185.513	-277.002	1460.11	-439.163	263.688
247	1	-13	620.426	63.9487	-0.993307	1.39328	1395.81	661.96	-277.002	1383.33	598.417	255.954
251	1	13	891.749	41.756	-0.998824	-0.226953	873.362	-1461.72	-277.002	843.931	-1456.13	299.478
366	1	-13	698.907	185.891	-0.998496	-1.28708	-957.957	1078.17	-277.002	-964.77	1105.78	262.608
369	1	-13	896.357	197.532	-0.995535	-1.892	-1086.97	-766.12	-277.002	-1071.32	-715.758	291.353
370	1	-13	869.301	149.196	-0.996853	-1.60896	1492.14	1053.91	-277.002	1495.3	1096.17	254.847
458	1	-13	787.348	47.5784	-0.924213	-2.49708	-897.174	-741.417	-277.002	-712.286	-607.803	280.314
459	1	-13	1184.28	233.051	-0.993832	-0.228319	-16.9355	-72.3315	-277.002	-78.6152	-56.7333	288.216
558	1	-13	612.974	28.3942	-0.943744	-0.844406	1231.81	-671.558	-277.002	1101.17	-530.591	270.02
559	1	13	720.994	25.5268	-0.798497	-1.87118	-491.913	-1075.91	-277.002	-356.939	-632.499	330.485
652	1	-13	1075.54	344.092	-0.996685	-1.23075	-222.029	317.61	-277.002	-235.671	357.738	263.543
654	1	-13	536.722	39.849	-0.989115	0.735816	-240.206	716.277	-277.002	-297.969	663.416	265.698
742	1	-13	819.821	1.20747	-0.988396	-0.810531	905.161	259.177	-277.002	909.065	271.484	256.291
135	1	13	633.357	18.3498	-0.896793	-0.0830445	651.695	-1081.74	-277.002	325.432	-1057.55	350.34
136	1	-13	660.789	15.5739	-0.865235	2.09481	-1361.79	330.304	-277.002	-1204.53	59.8285	266.773
391	1	-13	1863.56	410.381	-0.997986	0.721901	793.896	-1232	-277.002	766.762	-1257.81	308.807
737	1	13	1781.69	708.145	-0.904071	3.04999	-847.305	-1322.05	-277.002	-570.531	-1347.82	311.317
739	1	-13	1248.44	114.096	-0.999975	1.63118	140.208	1380.57	-277.002	136.761	1378.3	261.578
946	1	-13	1114.08	93.7842	-0.991914	1.69573	-267.925	-385.31	-277.002	-256.894	-469.479	374.323
947	1	-13	584.312	106.619	-0.981149	-1.66716	-259.207	317.765	-277.002	-247.758	427.235	262.694
195	1	-13	1455.7	164.316	-0.796064	-1.62284	-569.389	-212.069	-277.002	-546.964	211.185	283.605
429	1	-13	3154.38	1371.93	-0.739895	-1.75925	672.027	-116.672	-277.002	762.258	360.064	255.956
430	1	-13	475.105	6.39115	-0.965258	-2.77906	-744.393	316.736	-277.002	-613.838	355.415	270.748
431	1	-13	1567.79	698.028	-0.981365	-2.76217	-389.023	-1099.87	-277.002	-277.553	-1055.61	333.607
712	1	13	548.082	35.7502	-0.8883	-0.358918	1031.89	802.61	-277.002	773.544	900.087	258.845
840	1	-13	2738.5	1406.71	-0.991614	2.87015	-1131.33	-1415.08	-277.002	-1053.67	-1436.74	342.88
841	1	-13	589.352	66.3041	-0.997668	1.15421	172.638	1265.83	-277.002	160.131	1226.75	259.202
845	1	-13	719.085	66.1581	-0.8374	1.75442	-1060.41	-252.745	-277.002	-992.05	-613.004	285.772
846	1	-13	2370.4	656.252	-0.757799	0.0115768	1006.57	-8.13423	-277.002	539.173	-14.1428	265.446
58	1	-13	659.044	51.2955	-0.788224	2.31909	543.919	1243.14	-277.002	830.067	939.625	259.338
294	1	13	787.975	178.381	-0.990728	-2.72554	282.892	-645.003	-277.002	356.409	-612.81	319.952
504	1	-13	1508.64	443.894	-0.782887	-0.702318	-940.923	-1071.35	-277.002	-1297.86	-768.733	309.391
575	1	-13	1085.4	246.37	-0.741123	-1.58	-787.18	-573.331	-277.002	-784.823	-77.0352	272.272
775	1	13	1853.88	864.701	-0.982039	-0.382489	522.885	1168.52	-277.002	428.209	1206.37	255.128
983	1	-13	549.055	48.9599	-0.963959	-3.10409	1042.37	1011.92	-277.002	1188.12	1018.76	258.363
86	1	13	967.692	387.412	-0.998543	-2.52872	348.95	363.337	-277.002	373.681	380.533	260.557
87	1	-13	1832.64	587.46	-0.99617	-1.53718	1113.89	1426.15	-277.002	1112.41	1472.58	250.94
217	1	-13	572.13	26.7544	-0.927827	0.188867	1384.19	7.01974	-277.002	1182.54	-29.6601	258.62
218	1	13	677.638	162.918	-0.962694	-2.34899	-1084.31	-681.156	-277.002	-978.541	-568.578	282.152
285	1	-13	518.356	5.25378	-0.936244	-0.586766	247.869	-80.9703	-277.002	66.5325	35.4569	273.583
467	1	-13	778.021	3.14909	-0.649981	-1.24938	613.287	-179.61	-277.002	432.371	426.143	259.663
596	1	-13	1250.23	246.534	-0.984955	-2.29476	632.725	-1258.88	-277.002	703.172	-1179.97	315.515
597	1	-13	772.025	241.24	-0.995133	1.32527	-1429.32	1038.41	-277.002	-1443.89	982.043	303.794
600	1	-13	515.367	34.242	-0.95548	2.80216	1128.36	1467.68	-277.002	1278.16	1416.84	249.146
601	1	13	708.582	126.094	-0.928706	0.367671	364.233	1296.6	-277.002	166.051	1220.62	259.068
687	1	-13	828.569	196.615	-0.939167	-2.62326	-1306.59	411.655	-277.002	-1126.48	514.41	288.221
690	1	13	867.243	270.68	-0.989868	2.8502	760.769	456.38	-277.002	833.862	434.884	256.711
848	1	13	475.082	5.30255	-0.939337	1.56857	570.854	-202.097	-277.002	557.899	-422.369	284.737
90	1	13	584.684	77.9702	-0.974761	1.05299	898.985	219.173	-277.002	836.359	113.735	255.652
194	1	-13	870.696	18.664	-0.631446	0.61915	917.547	1075.11	-277.002	344.97	704.433	260.325
234	1	-13	553.176	74.765	-0.961619	-0.363567	-814.999	-98.2421	-277.002	-957.861	-40.7365	267.284
308	1	-13	1249.29	41.5264	-0.907329	-1.65634	-159.777	-1149.69	-277.002	-142.158	-854.495	360.531
462	1	-13	1073.41	203.779	-0.742822	-0.525952	1347.74	-262.966	-277.002	930.672	-24.4705	255.618
614	1	13	1755.71	318.791	-0.753796	-1.60263	165.477	-510.991	-277.002	181.287	-29.898	272.944
615	1	-13	730.33	157.596	-0.995021	2.96246	1351.48	-1473.2	-277.002	1411.92	-1483.4	355.289
877	1	13	486.512	62.9428	-0.971042	0.06806	313.635	292.808	-277.002	187.028	285.852	262.831
960	1	13	1361.77	641.368	-0.999929	1.98327	938.406	230.491	-277.002	941.186	224.18	256.096
113	1	-13	602.021	68.2968	-0.970198	0.551783	-772.212	585.887	-277.002	-888.317	509.496	279.049
118	1	13	1265.35	210.463	-0.815278	2.50531	374.92	770.053	-277.002	679.645	545.856	258.392
517	1	13	765.79	103.175	-0.826926	0.663066	983.771	-333.38	-277.002	672.037	-574.211	300.64
918	1	-13	668.673	119.867	-0.999452	2.68344	-974.761	-273.477	-277.002	-956.513	-283.373	273.48
922	1	-13	620.165	95.4054	-0.877636	-0.614691	134.215	879.646	-277.002	-106.095	1051.45	258.823
148	1	13	798.712	75.2548	-0.909389	-1.24156	-1193.38	513.065	-277.002	-1280.25	752.897	285.195
152	1	13	1119.15	456.236	-0.87865	-2.46749	1266.02	1052.91	-277.002	1491.45	1232.49	254.07
263	1	13	1099.83	235.462	-0.883599	-3.08059	943.368	975.783	-277.002	1229.03	994.81	257.905
722	1	-13	850.561	240.012	-0.961656	-0.0606848	-1104.41	1208.26	-277.002	-1258.9	1219.19	269.037
724	1	13	484.167	9.20934	-0.923711	-1.78656	963.196	-287.376	-277.002	1021.15	-88.2374	256.786
891	1	-13	488.087	32.0456	-0.913635	0.429379	199.106	946.919	-277.002	-11.2111	844.253	260.788
893	1	-13	1967.07	50.3809	-0.732804	-3.01837	127.376	-442.83	-277.002	626.68	-386.751	277.522
158	1	-13	584.553	23.9758	-0.841806	-2.17491	290.891	524.239	-277.002	488.386	801.511	259.188
417	1	13	976.502	89.8922	-0.848648	-0.137246	-62.4513	-154.312	-277.002	-443.633	-99.8651	328.389
502	1	13	464.566	0.181736	-0.987017	0.196872	1113.34	636.054	-277.002	1031.73	542.396	258.693
503	1	13	2045.62	89.7241	-0.784619	0.465869	1003.64	1238.11	-277.002	632.342	1052.41	257.624
655	1	13	438.161	10.0309	-0.988493	0.693946	-472.25	1412.86	-277.002	-534.335	1384.79	258.24
656	1	-13	947.532	96.7105	-0.914604	2.05979	-424.107	-798.6	-277.002	-296.952	-1035.25	327.666
784	1	13	818.856	66.1984	-0.695351	-1.89351	41.4239	-717.9	-277.002	222.688	-176.224	278.22
787	1	13	822.206	62.8329	-0.992506	-1.81255	1380.08	729.845	-277.002	1395.67	787.025	257.943
788	1	13	538.448	9.65024	-0.998874	-0.424082	-1200.79	1037.19	-277.002	-1221.47	1055	278.793
47	1	-13	499.382	24.3932	-0.996081	0.67056	1037.15	438.918	-277.002	1007.25	404.505	258.614
445	1	13	755.128	60.4829	-0.792258	-1.21269	467.078	168.483	-277.002	315.231	549.793	261.094
446	1	13	2029.3	1051.08	-0.973767	0.979101	1161.5	-244.461	-277.002	1090.39	-350.027	266.363
447	1	13	933.841	32.2756	-0.769053	2.3111	-456.681	1337.65	-277.002	-152.638	1004.25	258.853
597	1	13	488.537	3.7391	-0.965672	-0.100152	-504.393	144.793	-277.002	-650.381	155.422	296.205
598	1	-13	825.59	13.1758	-0.725931	-0.292172	771.47	-827.464	-277.002	233.421	-664.396	330.435
759	1	13	1117.88	285.202	-0.978035	0.723441	-1098.81	592.388	-277.002	-1192.1	511.156	293.981
953	1	-13	2240.75	1039.61	-0.957462	0.0448636	1432.57	-732.902	-277.002	1267.3	-740.876	271.905
957	1	13	1056.26	346.238	-0.970939	2.14197	-643.967	-633.84	-277.002	-569.317	-752.174	289.275
308	1	-13	2112.81	96.8822	-0.503196	-2.04775	-767.672	88.0226	-277.002	-344.953	900.623	260.098
312	1	-13	896.194	34.4478	-0.858384	0.0196054	978.246	-46.0645	-277.002	649.67	-61.4701	263.981
525	1	13	504.705	3.87843	-0.887755	2.41771	169.645	1171.99	-277.002	412.067	968.687	260.832
531	1	-13	776.108	52.4062	-0.843134	-0.92419	154.297	612.856	-277.002	-53.1687	888.92	260.143
607	1	13	748.336	125.426	-0.822572	3.05017	28.5697	495.374	-277.002	400.361	462.362	259.521
693	1	13	774.221	142.995	-0.925215	1.6643	-1079.27	191.917	-277.002	-1060.22	-29.1195	270.428
696	1	13	655.506	39.9135	-0.991562	2.63103	607.133	530.727	-277.002	672.548	494.043	257.916
699	1	-13	1280.9	225.327	-0.993152	0.888764	-1298.76	-1380.88	-277.002	-1347.64	-1440.15	371.284
814	1	13	681.249	32.6575	-0.972514	1.72714	-556.074	-770.058	-277.002	-537.887	-903.378	292.93
816	1	13	1070.77	330.745	-0.880543	-2.55066	-150.172	314.596	-277.002	92.4195	476.217	263.191
817	1	13	775.11	171.396	-0.996762	2.51261	-1411.81	10.8432	-277.002	-1377.42	-13.6064	270.208
898	1	-13	512.527	9.20645	-0.993006	-0.869714	167.717	1079.08	-277.002	122.167	1120.9	258.438
899	1	-13	692.802	76.6981	-0.901808	0.0883987	880.091	-415.643	-277.002	608.521	-434.496	284.158
35	1	13	723.603	57.9624	-0.857862	2.40298	364.612	1385.99	-277.002	598.12	1177.7	254.878
37	1	-13	715.623	100.318	-0.91165	-0.491916	1466.35	1102.84	-277.002	1259.67	1217.09	257.288
38	1	13	506.712	32.4752	-0.988932	0.458658	1049.76	1435.49	-277.001	974.956	1400.19	253.084
40	1	-13	2173.34	176.785	-0.841385	-1.50567	253.675	-899.537	-277.002	228.175	-524.111	303.824
280	1	13	593.16	78.4295	-0.997562	-1.36844	1063.1	-1402.4	-277.002	1057.58	-1361.5	331.437
401	1	-13	571.812	6.64151	-0.798245	1.52795	353.496	431.846	-277.002	320.826	60.2829	267.904
719	1	13	618.146	52.8083	-0.999819	1.23835	733.624	-669.385	-277.002	734.239	-675.433	319.707
246	1	-13	468.939	15.7792	-0.999535	-0.402656	-470.857	1406.27	-277.002	-484.86	1400.52	258.869
249	1	13	1376.53	379.577	-0.693045	-2.99774	-1071	553.832	-277.002	-510.757	634.891	267.293
251	1	13	613.116	52.7174	-0.999969	-2.0341	1443.38	1259.25	-277.002	1442.65	1260.09	253.297
329	1	-13	2020.7	966.927	-0.995594	1.8191	244.231	-678.513	-277.002	258.924	-736.806	354.885
333	1	-13	1230.85	270.19	-0.866179	0.517132	1294.7	156.893	-277.002	1026.81	6.55846	254.438
540	1	13	685.164	182.568	-0.945812	-1.43577	482.578	-440.898	-277.002	458.464	-253.818	272.872
541	1	-13	582.953	49.7013	-0.962477	-1.42468	-129.286	668.147	-277.002	-143.796	808.007	262.375
662	1	-13	1305.57	363.19	-0.757292	1.78802	1252.01	-156.264	-277.001	1353.1	-614.223	267.723
763	1	-13	738.827	106.9	-0.933126	-2.78705	221.227	-103.15	-277.002	417.969	-28.4577	266.419
768	1	-13	551.95	39.9859	-0.968686	3.02	574.332	90.2489	-277.002	706.981	75.02	260.03
769	1	-13	619.133	75.2945	-0.970224	1.29295	-999.883	-471.431	-277.002	-1034.06	-604.063	285.194
865	1	-13	2599.89	543.085	-0.791041	-2.40957	-1386.98	1193.85	-277.002	-1075.78	1473.11	263.736
161	1	13	549.787	0.854221	-0.976461	-0.709543	-945.91	-707.167	-277.002	-1054.68	-605.227	285.405
166	1	-13	492.998	4.31777	-0.914104	-0.954468	-498.965	-170.561	-277.002	-663.661	25.0651	290.432
341	1	13	1552.01	752.182	-0.982751	-1.77054	1162.39	964.988	-277.002	1182.59	1063.62	258.699
448	1	-13	1081.32	334.749	-0.987766	2.55634	-511.965	218.651	-277.002	-437.643	167.216	289.99
450	1	13	1816.11	668.621	-0.980859	1.08034	-1077.68	-644.538	-277.002	-1130.76	-744.368	290.318
630	1	-13	588.979	38.3596	-0.976434	0.968239	-68.3218	485.489	-277.002	-141.779	380.406	262.605
635	1	-13	661.005	146.2	-0.931525	2.32178	584.494	1250.32	-277.002	727.924	1096.45	256.64
750	1	13	627.66	55.0037	-0.950966	-2.16154	-1097.08	-610.09	-277.002	-995.991	-461.641	277.179
751	1	13	811.282	116.935	-0.770141	-2.07842	1188.13	398.501	-277.002	1401.17	789.145	257.947
755	1	13	1152.59	31.2574	-0.998906	0.361971	838.859	-943.941	-277.002	812.175	-956.713	358.779
899	1	-13	715.486	38.266	-0.979724	2.86131	327.668	953.867	-277.002	433.154	934.049	261.151
987	1	-13	1123.17	347.318	-0.996179	-2.42602	-165.226	-921.008	-277.002	-123.963	-884.042	363.6
991	1	-13	604.454	5.43228	-0.793717	-0.430636	360.219	480.983	-277.002	-32.6166	628.297	263.924
70	1	-13	707.726	102.627	-0.898655	-0.72002	-1040.32	-532.562	-277.002	-1242.08	-353.428	276.554
72	1	13	787.218	67.4198	-0.778406	-0.993089	990.518	572.856	-277.002	757.979	937.366	260.094
76	1	-13	472.848	0.235139	-0.983739	-1.21607	665.859	15.0162	-277.002	653.79	222.728	255.776
238	1	-13	505.235	20.2206	-0.999882	0.176721	-1066.54	-474.277	-277.002	-1068.16	-478.814	278.976
316	1	13	706.069	133.091	-0.954571	-1.39503	-284.144	-1269.58	-277.002	-316.116	-1084.4	323.067
317	1	13	599.742	34.1903	-0.843003	-0.228676	-537.644	-203.982	-277.002	-876.561	-113.101	268.511
321	1	13	2021.93	343.307	-0.691588	-1.23631	1348.99	-757.802	-277.002	1164.98	-223.427	262.115
567	1	13	1438.02	677.633	-0.989528	-0.109108	510.589	86.6485	-277.002	431.445	95.2499	264.29
729	1	13	699.107	45.7862	-0.817043	-1.15426	-1150.75	-666.489	-277.002	-1297.97	-313.574	274.211
998	1	13	438.994	11.0099	-0.996187	0.719768	652.649	-392.003	-277.002	633.031	-427.084	281.906
999	1	13	553.582	14.478	-0.894179	2.20353	921.685	-147.008	-277.002	1073.22	-362.432	266.227
7	1	-13	654.54	146.45	-0.970958	-1.51861	-448.351	343.999	-277.002	-455.818	476.768	264.704
11	1	-13	585.488	17.0552	-0.903077	0.553027	1087.45	971.552	-277.002	863.646	842.978	257.784
176	1	-13	833.774	126.889	-0.781485	1.74776	463.611	1302.47	-277.002	540.537	877.983	261.316
177	1	13	3599.21	139.852	-0.574032	2.36218	-1240.66	-604.358	-277.002	-656.852	-1173.82	293.248
470	1	13	892.203	362.349	-0.91223	-0.414966	973.781	412.859	-277.002	753.665	510.865	257.444
475	1	-13	888.404	85.7688	-0.887445	-1.80893	429.964	-871.705	-277.002	505.078	-564.762	316.092
567	1	-13	843.119	86.2721	-0.709208	2.54147	-42.6647	-70.9626	-277.002	416.624	-390.238	279.458
570	1	-13	466.389	14.9937	-0.99867	-1.94815	-1424.61	284.311	-277.002	-1411.68	314.046	293.292
702	1	-13	727.791	132.615	-0.813326	2.63452	1071.94	260.866	-277.002	1400.22	72.4289	252.83
705	1	-13	1180.07	193.229	-0.761711	0.0938349	1097.16	-512.487	-277.002	599.995	-561.774	307.734
814	1	13	1326.43	395.161	-0.999216	-2.88363	891.572	-1194.28	-277.002	913.418	-1189.54	333.029
922	1	13	717.787	208.767	-0.974911	2.69463	-962.836	915.261	-277.002	-848.235	859.441	282.005
923	1	-13	662.168	136.001	-0.987162	-2.44816	-523.239	799.127	-277.002	-457.261	854.605	261.016
389	1	13	1059.48	179.172	-0.997312	2.62411	940.107	-1184.39	-277.002	981.32	-1207.01	341.965
477	1	13	1358.21	518.081	-0.997589	-2.23872	1407.03	-79.449	-277.002	1429.63	-51.0464	251.041
548	1	13	668.616	159.174	-0.94437	0.96827	1107.93	1349.78	-277.002	1002.49	1196	262.003
551	1	-13	661.319	35.1147	-0.938749	-2.48631	-412.7	-883.789	-277.002	-230.925	-730.709	355.789
827	1	-13	1672.78	448.887	-0.992364	3.13113	-107.612	-1335.94	-277.002	-32.3673	-1338.35	330.014
829	1	-13	516.206	18.7425	-0.998198	-0.451336	-246.272	1137.43	-277.002	-279.181	1161.72	257.243
907	1	13	893.566	234.108	-0.993075	-1.32014	1389.03	1140.19	-277.002	1372.99	1202.43	255.851
908	1	-13	602.678	38.5345	-0.998686	-1.81863	1375.98	-182.643	-277.002	1383.36	-159.07	255.786
228	1	-13	504.746	27.6167	-0.982884	2.48103	1195.24	624.438	-277.002	1275.76	566.525	256.325
303	1	-13	812.517	47.3615	-0.844139	0.273645	-551.774	-107.471	-277.002	-888.618	-201.132	270.8
304	1	-13	736.485	180.064	-0.999703	0.988695	-8.384	564.002	-277.002	-13.3542	552.054	265.186
305	1	-13	1028.75	173.067	-0.824278	-2.55866	137.53	-1382.74	-277.002	484.345	-1155.86	323.067
406	1	-13	10511.8	4323.91	-0.624263	2.93333	405.627	-845.985	-277.002	1153.47	-1004.02	333.802
936	1	13	1419.96	631.77	-0.990177	-1.87639	-443.287	206.201	-277.002	-420.576	280.432	269.379
8	1	-13	783.459	172.302	-0.99852	-1.11715	782.923	-840.633	-277.002	769.108	-809.849	354.437
225	1	13	937.116	156.542	-0.974902	1.93511	1000.53	-346.037	-277.002	1043.26	-461.937	268.778
228	1	-13	1238.03	270.885	-0.920543	2.79213	-427.991	-340.094	-277.002	-169.114	-435.223	375.743
304	1	-13	630.156	1.59654	-0.691014	1.69416	965.394	836.699	-277.002	1026.37	365.466	259.28
374	1	-13	726.586	70.038	-0.973276	-0.623026	1161.73	-1283.43	-277.002	1044.36	-1198.32	348.901
376	1	-13	881.857	1.05301	-0.697883	2.13082	-930.573	-590.029	-277.002	-622.255	-1048.43	289.858
682	1	13	744.746	93.9311	-0.981419	1.79841	-1281.28	-425.883	-277.002	-1258.14	-536.015	287.874
683	1	13	644.363	81.1737	-0.900346	-1.7659	1081.07	113.652	-277.002	1137.25	365.85	257.81
685	1	-13	799.248	167.294	-0.976409	0.285293	-1270.39	236.421	-277.002	-1387.23	201.539	276.859
871	1	-13	576.279	7.5512	-0.933154	-0.856856	518.365	-380.969	-277.002	372.802	-221.455	273.195
960	1	-13	682.448	124.078	-0.992509	0.624099	1193.34	-760.682	-277.002	1138.52	-801.652	296.33
965	1	13	610.371	43.7927	-0.957499	2.08104	-1207.94	328.145	-277.002	-1127.96	179.843	267.018
1	1	13	659.18	41.7782	-0.995382	-2.31487	-690.518	-1129.43	-277.002	-655.486	-1090.26	289.805
3	1	13	664.375	113.449	-0.945596	0.370066	-335.675	1414.81	-277.002	-508.653	1346.67	258.301
145	1	-13	618.535	13.8489	-0.999141	2.54851	1317.49	1446.93	-277.002	1330.78	1438.22	249.479
240	1	-13	795.29	87.6167	-0.992634	-1.03908	571.57	52.0998	-277.002	539.125	108.817	262.589
241	1	13	533.685	52.9439	-0.999388	-0.858847	1007.15	410.648	-277.002	993.86	421.395	258.234
243	1	-13	654.548	9.03436	-0.957952	1.65512	581.752	-664.192	-277.002	595.694	-850.043	374.49
348	1	13	1186.32	462.725	-0.982195	-0.296376	-1209.94	728.868	-277.002	-1312.4	759.581	285.49
620	1	13	511.992	74.6106	-0.933879	1.23226	1097.79	189.366	-277.002	1031.95	-8.79071	254.492
621	1	-13	1653.2	92.5449	-0.423155	2.85345	-856.034	23.4007	-277.002	288.765	-324.041	281.184
622	1	-13	1076.77	167.347	-0.93197	2.7196	617.637	-635.577	-277.002	828.485	-732.558	322.781
791	1	-13	754.392	82.3576	-0.922123	-1.04973	-738.128	151.497	-277.002	-854.624	349.603	266.985
845	1	-13	829.429	116.777	-0.910236	2.93548	-1335.7	165.862	-277.002	-1089.07	113.032	266.267
68	1	-13	538.696	112.717	-0.988142	-0.724682	607.716	426.324	-277.002	548.006	480.734	258.661
203	1	-13	681.159	18.5297	-0.987302	0.506628	1150.46	-619.774	-277.002	1067.84	-661.117	278.54
207	1	-13	1980.8	918.671	-0.995243	0.35752	-765.876	1314.21	-277.002	-814.814	1296.3	258.372
399	1	-13	1313.29	299.544	-0.846377	-2.48561	790.56	697.503	-277.002	1057.84	903.172	258.296
400	1	13	782.364	40.5423	-0.864566	2.94802	-1299.03	-120.033	-277.002	-983.994	-185.526	270.616
401	1	-13	712.191	49.9348	-0.82745	0.400124	1372.51	247.711	-277.002	1030.18	106.885	254.931
402	1	13	739.874	10.8129	-0.864639	-0.857656	-1069.25	422.386	-277.002	-1288.99	667.781	285.388
403	1	-13	5508.13	1952.87	-0.615519	-0.863098	-974.926	737.172	-277.002	-1430.97	1270.56	271.282
405	1	-13	728.416	48.6956	-0.91216	0.883562	956.824	58.5243	-277.002	807.707	-121.052	256.186
394	1	-13	718.083	15.7186	-0.662709	-2.95731	-1334.7	-1017.73	-277.002	-728.487	-927.819	287.225
397	1	13	1120.61	145.237	-0.995459	0.431019	482.97	102.899	-277.002	435.788	81.7181	264.392
586	1	-13	754.64	54.4299	-0.702259	1.855	343.636	1203.24	-277.002	493.726	688.477	256.721
925	1	-13	1989.01	696.791	-0.834657	0.49714	1454.99	-873.128	-277	1098.4	-1067.64	338.571
926	1	13	429.91	12.3773	-0.986784	1.58901	172.53	855.083	-277.002	175.315	768.38	260.46
930	1	13	564.199	52.8492	-0.989127	-2.64985	-394.931	889.444	-277.002	-324.615	926.392	259.893
149	1	13	858.886	236.021	-0.898506	1.44012	-1004.85	1346.17	-277.002	-1039.14	1085.51	264.762
345	1	13	513.121	46.1106	-0.983567	2.62721	923.39	500.124	-277.002	1007.51	454.484	257.991
347	1	13	1013.16	96.634	-0.963969	-1.78033	1037.05	226.813	-277.002	1065.71	365.068	258.915
505	1	-13	1140.06	128.853	-0.995654	-0.295996	-212.363	365.596	-277.002	-257.804	380.868	263.517
507	1	13	954.882	139.435	-0.968555	3.06724	609.838	986.029	-277.002	745.978	974.218	259.492
616	1	-13	612.164	118.424	-0.975975	2.87959	-272.358	952.241	-277.002	-154.55	922.229	259.961
620	1	-13	992.952	254.342	-0.990542	-2.14359	-770.682	-353.847	-277.002	-729.284	-289.076	275.494
714	1	13	837.306	245.13	-0.994944	-2.32646	1407.91	1320.33	-277.002	1444.81	1357.63	249.896
822	1	13	1115.81	39.1361	-0.608641	0.754573	882.041	1272.67	-277.002	391.76	801.898	260.844
823	1	-13	619.621	48.9748	-0.968257	-1.52853	1289.44	424.438	-277.002	1281.64	564.504	256.404
968	1	-13	2604.34	918.515	-0.999376	2.03562	-363.069	-589.172	-277.002	-352.472	-608.976	336.435
14	1	-13	1271.91	19.4034	-0.68674	-0.440344	-524.845	-1207.04	-277.002	-1087.47	-924.161	316.235
354	1	-13	584.943	87.5293	-0.973813	0.435084	639.409	1020.14	-277.002	522.327	966.124	259.931
356	1	13	1260.74	143.726	-0.992416	1.72114	1048.48	-1025.43	-277.002	1060	-1098.77	343.401
490	1	13	552.387	16.0047	-0.985442	-2.49301	-1154.86	-347.608	-277.002	-1085.44	-293.308	273.482
494	1	13	1179.35	62.5643	-0.844614	1.0142	-707.278	1335.62	-277.002	-889.472	1045.32	261.724
764	1	-13	487.561	34.9763	-0.978805	3.13924	-1452.34	337.125	-277.002	-1328.25	329.764	292.472
854	1	13	939.622	322.977	-0.999971	-1.73211	1078.42	-589.026	-277.002	1078.45	-587.631	272.958
134	1	13	1367.33	237.787	-0.963754	-2.79096	-1323.89	-1405.5	-277.002	-1163.2	-1349.34	339.369
135	1	13	590.91	98.5814	-0.99908	3.00591	-895.761	955.66	-277.002	-874.504	950.546	270.279
139	1	-13	621.765	8.06371	-0.999259	-2.46858	960.473	30.1138	-277.002	961.796	37.8005	254.647
378	1	-13	651.293	102.567	-0.892868	-1.10826	1226.41	319.079	-277.002	1104.91	558.584	258.368
380	1	-13	1328.94	130.271	-0.599121	-3.01241	-892.394	156.436	-277.002	-179.945	245.961	264.466
448	1	-13	1494.81	604.245	-0.916765	-1.61589	-66.0421	1195.16	-277.002	-55.8444	1429.13	259.886
450	1	-13	1464.86	329.237	-0.56635	-2.6912	706.322	-469.089	-277.002	1400.87	-134.47	254.505
453	1	13	926.182	145.563	-0.759408	0.526805	-287.573	-525.291	-277.002	-698.905	-767.518	282.917
555	1	-13	575.338	30.4663	-0.957089	1.70714	1355.88	-529.133	-277.002	1373.13	-692.213	270.191
556	1	-13	553.233	30.5031	-0.996346	-1.41031	-1225.6	-552.82	-277.002	-1233.22	-507.842	286.01
559	1	13	706.082	209.154	-0.991255	3.12447	1383.88	191.272	-277.002	1454.04	191.135	250.276
623	1	-13	871.308	214.479	-0.989005	-2.33165	647.61	-1458.02	-277.002	706.473	-1395.82	301.525
626	1	-13	667.113	54.9764	-0.957322	-2.54208	1099.81	-794.808	-277.002	1234.56	-705.118	270.74
629	1	13	2005.87	333.026	-0.532182	-2.95311	591.87	-224.85	-277.002	1418.15	-67.501	251.797
753	1	13	707.852	97.4356	-0.910858	2.44557	-400.957	841.845	-277.002	-210.029	683.432	265.487
987	1	13	697.577	178.863	-0.938275	2.50155	-914.45	650.051	-277.002	-749.953	527.68	277.925
50	1	13	831.594	181.771	-0.947021	1.33942	1141.8	223.105	-277.002	1101.8	46.2604	255.424
205	1	-13	570.538	88.9187	-0.968958	-0.540787	369.281	1128.3	-277.002	248.88	1197.86	258.762
483	1	-13	687.574	39.882	-0.884208	1.57202	239.336	1083.54	-277.002	238.552	798.596	261.084
693	1	13	1161.66	426.423	-0.997649	0.104348	354.792	1153.28	-277.002	317.639	1150.77	256.838
696	1	13	544.141	72.064	-0.990467	1.24278	1210.84	-388.508	-277.002	1182.84	-464.443	265.795
883	1	13	480.537	38.9124	-0.965058	-1.75491	1019.25	1345.33	-277.002	1042.59	1492.61	250.615
884	1	-13	542.785	11.8259	-0.886606	1.07084	-153.427	943.336	-277.002	-283.179	700.619	265.342
886	1	13	2301.98	237.723	-0.41515	2.4412	-831.145	1097.41	-277.002	78.84	333.29	263.533
142	1	13	631.819	18.3034	-0.98568	0.984341	-1099.04	-1158.85	-277.002	-1155.57	-1246.44	321.31
145	1	-13	420.931	10.212	-0.990327	-0.196194	855.948	1154.83	-277.002	773.332	1167.92	258.029
323	1	-13	531.899	63.5018	-0.987802	0.320417	-1257.35	899.864	-277.002	-1343.43	873.074	304.982
326	1	-13	624.378	57.6809	-0.92386	-0.243315	614.17	-1435.07	-277.002	381.424	-1369.89	306.779
327	1	-13	612.034	51.855	-0.999995	0.196027	-219.998	-211.769	-277.002	-219.771	-214.143	338.493
407	1	-13	674.125	83.235	-0.999449	1.91084	-1325.19	-1391.74	-277.002	-1320.35	-1406.97	361.806
635	1	-13	477.503	19.7576	-0.968961	-2.19105	-1232.68	1390.14	-277.002	-1147	1495.09	264.211
706	1	13	1181.7	485.179	-0.929011	2.88118	1176.18	-257.728	-277.002	1382.88	-312.6	258.997
834	1	13	476.3	64.8113	-0.975728	1.31694	-131.561	1087.49	-277.002	-161.705	968.884	259.228
877	1	13	1069.5	474.171	-0.961232	-0.519233	-511.479	-1021.7	-277.002	-650.725	-941.453	287.954
879	1	-13	1743.02	427.364	-0.666441	-0.224984	902.163	1185.92	-277.002	318.309	1320.26	260.231
77	1	-13	762.993	262.459	-0.988242	-2.54431	929.198	536.663	-277.002	996.4	582.34	259.456
80	1	13	2180.84	432.606	-0.923645	-2.11717	-374.945	1232.69	-277.002	-259.768	1421.99	259.718
81	1	-13	2463.5	371.506	-0.485699	1.23934	-985.247	1368.39	-277.001	-1324.6	382.276	303.836
82	1	-13	830.384	229.241	-0.97779	-1.50232	1480.5	-1040.78	-277.002	1468.84	-921.078	275.204
535	1	-13	1487.91	606.576	-0.890954	1.85006	808.253	935.303	-277.002	883.116	672.51	259.608
643	1	13	689.83	136.816	-0.944714	2.07949	-498.092	1350.87	-277.002	-407.041	1189.67	257.606
785	1	-13	899.908	236.401	-0.862588	0.855108	813.837	729.045	-277.002	607.531	492.845	258.646
786	1	-13	556.938	90.7702	-0.998263	-1.93508	1256.31	-696.397	-277.002	1267.15	-667.414	268.535
790	1	-13	628.024	106.923	-0.928267	-1.62795	0.299225	1136.92	-277.002	10.8839	1347.94	258.983
866	1	13	1258.78	87.1354	-0.514852	2.0222	492.123	-530.565	-277.002	913.57	-1408.94	306.165
867	1	13	933.874	103.708	-0.62148	-1.26086	212.885	153.817	-277.002	14.6038	793.929	260.654
81	1	-13	508.373	35.0342	-0.999921	-3.05245	162.433	205.012	-277.002	169.196	206.291	262.058
522	1	-13	819.125	92.8928	-0.981888	0.276582	1437.48	-752.582	-277.002	1336.61	-779.993	272.997
523	1	-13	819.509	140.061	-0.8942	3.08515	604.757	-1373.6	-277.002	896.163	-1392.51	306.559
642	1	13	658.153	147.715	-0.983433	-2.64615	-142.41	1004.58	-277.002	-55.2392	1052.23	260.038
723	1	-13	569.862	39.6978	-0.962884	-1.37663	-639.434	-1044.56	-277.002	-660.372	-887.82	287.846
726	1	-13	5133.42	1766.02	-0.583975	3.01989	-616.325	-147.966	-277.002	167.582	-243.466	291.114
727	1	-13	673.444	104.282	-0.987075	-0.0909304	1031.58	1147.27	-277.002	946.204	1154.9	264.917
124	1	-13	478.311	1.93852	-0.998175	2.7479	-462.75	73.0926	-277.002	-414.837	38.4413	315.656
186	1	-13	744.603	129.961	-0.946788	-1.77957	630.681	256.688	-277.002	666.844	433.728	258.48
188	1	-13	871.419	282.974	-0.923169	1.27948	1388.58	-207.242	-277.002	1325.42	-423.262	262.303
323	1	13	660.781	146.358	-0.98362	3.01861	-558.563	919.708	-277.002	-461.22	907.285	259.355
326	1	13	760.251	156.512	-0.919591	2.72741	-1099.51	1245.58	-277.002	-891.426	1152.24	259.988
426	1	-13	558.031	9.45722	-0.889393	-2.92227	579.451	-363.495	-277.002	839.511	-308.911	262.79
563	1	13	1028.06	280.31	-0.999199	0.721275	-1023.27	186.468	-277.002	-1041.53	171.104	265.826
564	1	-13	2092.37	71.9622	-0.431245	-0.385971	1058.28	-60.5183	-277.002	-2.81278	358.13	263.161
692	1	-13	1444.87	67.0974	-0.577019	2.94485	-1434.03	-1270.96	-277.002	-589.666	-1434.9	322.329
805	1	-13	803.98	174.714	-0.999816	-2.50823	-406.322	-960.142	-277.002	-397.63	-956.693	306.904
809	1	13	633.994	1.96857	-0.897681	-0.834996	896.52	601.018	-277.002	683.136	823.244	258.731
811	1	-13	483.08	10.1733	-0.976738	-1.47041	440.985	-378.54	-277.002	425.491	-259.368	273.475
441	1	-13	1006.52	198.184	-0.891204	-1.76548	-565.645	697.606	-277.002	-514.708	965.757	259.303
442	1	-13	852.318	274.261	-0.95212	-3.12593	-1090.29	1007.94	-277.002	-917.411	1011.39	263.632
445	1	-13	766.638	169.533	-0.951487	-2.46163	884.593	-361.921	-277.002	1021.61	-252.394	261.013
799	1	13	872.189	33.9676	-0.836582	-1.36923	-431.406	-335.196	-277.002	-512.34	44.6864	317.539
800	1	13	1301.2	555.162	-0.99795	-1.92103	-377.828	-602.318	-277.002	-364.267	-566.254	334.132
802	1	-13	1002.59	76.4659	-0.980774	-1.78977	662.75	763.488	-277.002	683.828	871.675	260.274
981	1	13	850.279	236.301	-0.924693	-0.973136	1341.66	369.249	-277.002	1217.69	553.574	256.86
159	1	-13	465.374	20.0366	-0.996021	0.801504	1411.52	789.892	-277.002	1382.43	761.191	257.499
267	1	13	739.479	33.018	-0.872266	-0.669041	-633.529	-816.702	-277.002	-883.853	-616.23	281.731
269	1	13	560.005	15.5523	-0.913176	-2.44104	-101.21	-90.2554	-277.002	97.2024	71.1059	268.451
271	1	-13	784.232	14.7188	-0.914326	-2.7204	142.081	-962.514	-277.002	426.947	-834.733	392.145
415	1	-13	720.991	12.7381	-0.867672	0.944514	1023.39	713.686	-277.002	853.969	454.876	257.419
417	1	13	799.433	66.5175	-0.830256	-2.35086	-1261.45	-1318.37	-277.002	-988.236	-1038.14	318.366
518	1	-13	957.171	237.275	-0.942771	-1.28749	777.856	-1353.85	-277.002	722.211	-1151.12	319.292
871	1	-13	921.558	292.63	-0.877734	-2.90051	105.326	-148.16	-277.002	394.794	-77.4881	268.168
873	1	-13	1411.31	367.814	-0.931825	-2.48971	-1016.34	-966.038	-277.002	-840.597	-832.824	288.848
50	1	13	486.085	2.3483	-0.845243	-2.70203	870.322	-458.445	-277.001	1118.19	-344.08	265.821
51	1	-13	849.545	67.8695	-0.757844	-2.73799	499.922	-547.429	-277.002	927.072	-361.63	264.124
198	1	-13	1800.1	742.379	-0.98867	1.71086	441.746	-1315.57	-277.002	454.622	-1402.56	303.475
357	1	13	649.841	70.3482	-0.822317	-1.9474	763.607	-512.079	-277.002	898.195	-167.527	257.763
456	1	-13	1250.19	141.819	-0.959775	-2.10309	-1363.02	-750.63	-277.002	-1281.07	-605.31	294.09
644	1	13	654.074	87.317	-0.880217	0.489186	864.986	36.7877	-277.002	611.671	-98.6625	266.157
740	1	-13	653.452	157.11	-0.999285	-0.32988	1166.22	1204.72	-277.002	1149.52	1211.55	258.619
807	1	-13	532.103	5.12638	-0.99993	0.14548	1098.91	578.472	-277.002	1095.51	578.835	258.776
808	1	-13	624.282	32.9084	-0.967669	-1.52893	-1067.59	569.197	-277.002	-1074.77	704.358	283.479
886	1	13	551.988	42.0835	-0.999953	0.869329	608.887	-1371.14	-277.002	599.567	-1380.41	303.973
915	1	-13	1335.83	517.797	-0.877032	-1.14643	-331.201	1077.36	-277	-452.422	1344.87	258.691
71	1	-13	811.709	52.4078	-0.996812	1.49796	1151.54	926.484	-277.002	1149.56	884.656	258.872
75	1	13	616.976	99.2057	-0.935158	-1.58278	-349.429	22.113	-277.002	-348.448	229.956	270.662
212	1	13	748.438	62.6557	-0.999278	-2.48937	1166.97	-1314.68	-277.002	1177.91	-1295.19	356.581
216	1	-13	659.373	144.347	-0.997977	-1.68384	-813.52	-443.724	-277.002	-809.114	-406.316	275.766
331	1	13	1281.41	62.9165	-0.750581	-1.34326	1049.7	-454.81	-277.002	945.292	6.358	255.044
528	1	-13	1820.1	235.047	-0.671516	2.94019	452.997	554.295	-277.002	1028.08	434.81	258.391
602	1	-13	1177.01	81.548	-0.975223	-0.281636	-791.073	321.431	-277.002	-908.581	356.004	268.789
607	1	-13	680.673	199.598	-0.964453	0.994956	1453.15	1161.36	-277.002	1373.64	1038.42	255.798
681	1	-13	712.618	141.472	-0.993464	2.55351	-1254.02	256.288	-277.002	-1201.68	222.497	268.861
682	1	-13	507.133	45.7656	-0.990692	1.71201	1357.34	-680.939	-277.002	1371.48	-750.56	270.81
683	1	-13	574.7	58.3419	-0.875273	1.6545	114.135	1212.17	-277.002	138.217	910.947	258.059
685	1	-13	5023.72	838.344	-0.409337	-0.567451	1428.23	-894.44	-277.002	395.473	-236.799	273.178
95	1	-13	915.28	141.159	-0.954091	-2.52612	126.314	-1016.47	-277.002	297.523	-894.583	391.913
97	1	-13	656.613	113.608	-0.999976	2.50956	-840.476	652.412	-277.002	-839.145	650.666	279.221
279	1	13	838.229	325.821	-0.993253	2.4029	1221.51	1438.22	-277.002	1267.56	1396.9	248.808
470	1	13	752.134	194.501	-0.969886	-2.63336	-1201.51	850.609	-277.002	-1079.79	920.666	286.902
665	1	-13	631.691	35.2109	-0.991162	-3.02235	511.231	-257.064	-277.002	582.605	-254.23	270.745
671	1	13	805.844	141.36	-0.892636	0.566942	-1009.69	992.126	-277.002	-1255.55	834.325	297.164
858	1	-13	1007.3	255.633	-0.992482	-2.88262	998.769	-1315.6	-277.002	1074.87	-1295.74	345.212
973	1	-13	1132.57	297.763	-0.988877	1.21464	-1447.74	996.921	-277.002	-1476.56	915.239	297.7
977	1	13	481.666	19.9367	-0.977451	-2.72484	-225.951	609.361	-277.002	-113.112	642.134	264.039
198	1	-13	1750.86	564.733	-0.897548	-2.748	-458.25	424.458	-277.002	-213.999	526.142	263.511
202	1	13	500.596	1.66355	-0.962468	2.68593	-823.644	-147.615	-277.002	-706.165	-222.787	275.383
319	1	-13	962.325	209.423	-0.966398	0.347015	1387.31	-1393.39	-277.002	1229.68	-1447.03	349.147
429	1	-13	546.518	30.1613	-0.99886	2.99185	-1281.83	1139.17	-277.002	-1255.4	1133.02	276.033
431	1	-13	819.592	172.346	-0.966974	0.0682452	284.791	1470.35	-277.002	142.837	1458.43	261.442
513	1	13	829.759	106.379	-0.863741	-1.21248	-1.54547	-689.264	-277.002	-130.13	-339.24	360.796
628	1	-13	958.999	152.465	-0.863802	-0.610817	-339.352	-342.958	-277.002	-610.791	-154.687	289.728
804	1	13	582.613	23.0064	-0.999722	2.86165	-539.477	-182.622	-277.002	-533.287	-183.179	297.898
122	1	-13	681.83	42.9831	-0.981729	-1.54092	938.184	-822.576	-277.002	935.936	-709.056	299.385
300	1	-13	639.536	87.1392	-0.910316	-0.212896	549.131	-502.106	-277.002	303.604	-449.043	291.106
423	1	-13	909.286	98.7094	-0.99414	0.200527	76.2662	999.662	-277.002	20.2272	983.186	260.396
537	1	-13	688.235	0.97202	-0.931585	1.5824	-1251.42	-739.412	-277.002	-1200.54	-1018.44	325.827
779	1	13	2633.93	968.645	-0.903687	-2.10565	-644.951	1177.84	-277.002	-516.165	1396.25	258.284
114	1	13	5461.94	2712.37	-0.933109	-2.49946	67.5207	-879.699	-277.002	262.098	-734.192	354.101
118	1	13	581.816	35.0078	-0.90268	1.72479	1412.82	-185.513	-277.002	1460.11	-439.163	263.688
247	1	-13	620.426	63.9487	-0.993307	1.39328	1395.81	661.96	-277.002	1383.33	598.417	255.954
251	1	13	891.749	41.756	-0.998824	-0.226953	873.362	-1461.72	-277.002	843.931	-1456.13	299.478
366	1	-13	698.907	185.891	-0.998496	-1.28708	-957.957	1078.17	-277.002	-964.77	1105.78	262.608
369	1	-13	896.357	197.532	-0.995535	-1.892	-1086.97	-766.12	-277.002	-1071.32	-715.758	291.353
370	1	-13	869.301	149.196	-0.996853	-1.60896	1492.14	1053.91	-277.002	1495.3	1096.17	254.847
458	1	-13	787.348	47.5784	-0.924213	-2.49708	-897.174	-741.417	-277.002	-712.286	-607.803	280.314
459	1	-13	1184.28	233.051	-0.993832	-0.228319	-16.9355	-72.3315	-277.002	-78.6152	-56.7333	288.216
558	1	-13	612.974	28.3942	-0.943744	-0.844406	1231.81	-671.558	-277.002	1101.17	-530.591	270.02
559	1	13	720.994	25.5268	-0.798497	-1.87118	-491.913	-1075.91	-277.002	-356.939	-632.499	330.485
652	1	-13	1075.54	344.092	-0.996685	-1.23075	-222.029	317.61	-277.002	-235.671	357.738	263.543
654	1	-13	536.722	39.849	-0.989115	0.735816	-240.206	716.277	-277.002	-297.969	663.416	265.698
742	1	-13	819.821	1.20747	-0.988396	-0.810531	905.161	259.177	-277.002	909.065	271.484	256.291
99	1	-13	524.748	32.7742	-0.980275	2.5845	1334.03	1016.63	-277.002	1419.24	961.653	255.918
102	1	-13	858.601	29.939	-0.869897	-1.12998	-865.57	690.941	-277.002	-1003.61	969.28	273.308
254	1	-13	666.895	120.492	-0.999875	1.05342	269.002	-681.889	-277.002	260.205	-692.162	338.556
255	1	-13	583.107	5.2629	-0.917856	0.318753	698.764	1066.96	-277	492.263	996.38	259.236
434	1	13	651.175	113.922	-0.961998	3.14149	619.043	931.86	-277.002	767.46	933.56	259.777
435	1	-13	618.123	113.069	-0.942917	-1.73973	-663.613	-473.015	-277.002	-631.02	-278.978	280.588
438	1	-13	494.849	39.8929	-0.991375	2.93173	1035.74	527.764	-277.002	1102.17	506.543	258.147
440	1	13	822.77	182.743	-0.893818	1.38887	-745.907	-1180.13	-277.002	-800.804	-1480.63	328.207
579	1	-13	2703.29	1020.67	-0.797237	-1.05523	214.887	60.6692	-277.002	13.595	417.556	263.321
756	1	-13	601.939	0.284415	-0.965296	1.16267	-1380.54	-625.647	-277.002	-1469.57	-658.185	289.938
759	1	-13	645.47	0.472248	-0.925979	-1.24968	1064.24	839.171	-277.002	958.504	1002.62	261.566
761	1	-13	426.912	8.25109	-0.993762	2.71116	239.73	648.533	-277.002	299.773	619.496	261.307
891	1	-13	1076.93	198.267	-0.999843	0.095829	1036.05	-1447.7	-277.002	1027.02	-1447.74	311.359
954	1	-13	685.844	70.6095	-0.989378	1.73491	140.259	-696.836	-277.002	161.414	-792.794	369
96	1	-13	995.004	208.356	-0.833939	2.22742	1128.28	509.677	-277.002	1343.72	230.585	252.755
289	1	13	789.582	22.4026	-0.765647	-1.40041	1061.86	-695.162	-277.002	984.529	-258.369	260.561
290	1	-13	576.211	4.71605	-0.939428	-0.696859	-593.026	-318.381	-277.002	-744.54	-201.682	273.727
292	1	-13	638.337	29.3451	-0.824778	-2.77291	-1061.21	-2.05174	-277.002	-697.968	131.696	291.146
783	1	-13	569.65	29.2594	-0.966582	2.02049	-115.544	263.633	-277.002	-59.0714	128.381	266.591
940	1	13	1673.73	32.509	-0.484247	-0.244968	-321.552	42.8434	-277.002	-1294.74	292.665	284.883
110	1	-13	488.752	1.90235	-0.914473	1.85378	1301.63	818.292	-277.002	1376.8	601.746	256.133
161	1	13	422.221	20.2579	-0.973889	-2.52627	128.85	349.02	-277.002	234.194	422.488	261.08
164	1	13	1634.17	245.58	-0.842371	2.80559	220.774	-316.465	-277.002	562.949	-437.09	286.92
392	1	-13	1523.01	60.5762	-0.529663	0.0453092	562.781	956.154	-277.002	-312.393	927.606	259.933
398	1	-13	900.325	14.0231	-0.886419	0.225301	581.097	851.152	-277.002	299.657	784.049	262.105
673	1	-13	589.314	9.79966	-0.992364	-2.81327	281.29	-13.7422	-277.002	365.977	9.48253	266.71
675	1	13	982.879	30.7503	-0.673108	1.42945	79.545	519.119	-277.002	-5.17229	-104.984	290.426
770	1	13	675.097	56.4212	-0.936544	1.87867	765.916	1360.72	-277.002	821.68	1168.03	261.263
775	1	-13	1308.41	472.063	-0.946469	-1.67968	792.253	32.2119	-277.002	811.594	212.834	255.428
776	1	-13	519.772	14.1357	-0.996868	-2.99893	25.283	240.417	-277.002	68.6026	260.364	262.956
937	1	-13	953.214	206.885	-0.945053	1.2972	933.634	-1251.46	-277.002	876.933	-1443.38	301.764
8	1	-13	1342.35	266.586	-0.598297	2.78645	476.038	1134.93	-277.002	1149.56	884.656	258.872
10	1	-13	773.602	90.9578	-0.974151	-0.580089	1378.91	-1342.88	-277.002	1254.37	-1268.87	366.868
252	1	13	647.934	112.274	-0.946735	2.99785	-343.535	266.594	-277.002	-163.966	241.294	264.318
323	1	-13	531.841	23.0647	-0.999657	2.70696	-832.085	952.474	-277.002	-814.142	951.257	267.067
328	1	13	1193.28	173.851	-0.999966	1.17762	-53.528	-758.632	-277.002	-55.0987	-764.715	378.583
473	1	-13	680.225	58.6099	-0.841462	-1.29336	-1058.29	100.254	-277.002	-1153.67	452.197	290.782
474	1	-13	616.078	20.2641	-0.895484	-0.735187	704.787	271.77	-277.002	507.004	442.459	258.86
681	1	-13	757.882	118.939	-0.999978	2.79526	199.509	-929.244	-277.002	203.208	-928.063	375.434
684	1	-13	501.242	50.2292	-0.973337	1.2282	1417.19	1154.13	-277.002	1373.64	1038.42	255.798
781	1	-13	875.964	19.9587	-0.804434	-0.190296	516.948	843.726	-277.002	138.217	910.947	258.059
782	1	13	522.864	0.140093	-0.888605	2.01881	-419.253	-964.941	-277.002	-443.762	-1161.08	302.635
28	1	13	434.535	2.62263	-0.999056	-2.80005	781.279	841.132	-277.002	767.041	870.891	258.656
32	1	13	1072.21	103.143	-0.626819	-2.09513	571.546	880.228	-277.002	894.834	1439.71	250.054
34	1	13	870.263	107.004	-0.964538	-2.90123	-705.096	-202.391	-277.002	-550.892	-162.62	297.974
267	1	13	714.601	77.6157	-0.830586	-1.42099	-21.1108	946.843	-277.002	-78.3556	1309.68	258.837
413	1	13	807.554	129.661	-0.88998	2.68237	-340.03	862.743	-277.002	-96.7677	737.766	263.633
416	1	-13	5107.24	1062.12	-0.621787	-1.74457	-922.113	-1457.4	-277.002	-799.953	-761.998	282.995
593	1	13	1145.12	36.9232	-0.757847	2.37967	-1374.33	262.558	-277.002	-1029.76	-60.0397	269.944
746	1	13	649.013	35.2659	-0.995475	2.3061	-31.1066	392.969	-277.002	-2.81278	358.13	263.161
119	1	-13	1013.37	117.369	-0.733717	-2.56201	502.117	151.619	-277.002	919.157	427.754	258.28
123	1	13	2203.84	279.664	-0.507078	2.42669	-1021.64	-586.163	-277.002	-231.431	-1275.23	341.107
125	1	13	429.234	14.1451	-0.977358	1.18896	-252.355	1154.43	-277.002	-293.009	1019.77	258.373
264	1	-13	740.177	134.558	-0.922581	2.55776	-893.891	262.44	-277.002	-697.968	131.696	291.146
337	1	-13	987.834	61.2683	-0.66626	0.635629	324.799	183.337	-277.002	-250.664	-231.838	340.491
339	1	13	534.281	2.75739	-0.821875	-0.259229	848.523	565.817	-277.002	494.629	653.94	257.057
342	1	-13	879.39	0.664159	-0.728854	-1.78492	-278.035	375.441	-277.002	-168.938	893.716	260.697
449	1	-13	1486.44	52.3483	-0.418062	0.454315	1289.17	698.024	-277.002	213.304	182.942	262.793
760	1	-13	1024.14	353.945	-0.975387	-2.23871	-1086.23	-1447.61	-277.002	-1000.8	-1338.38	329.808
828	1	13	1053.88	65.8349	-0.955297	-1.63365	-501.084	-596.756	-277.002	-485.141	-420.119	301.355
831	1	-13	1293.57	562.69	-0.910247	0.860095	-801.541	390.371	-277.002	-962.607	203.464	266.728
53	1	-13	1088.89	410.209	-0.991517	-2.19988	822.19	787.073	-277.002	863.646	842.978	257.784
54	1	-13	778.107	109.669	-0.882708	2.21975	577.416	-899.054	-277.002	765.83	-1151.17	320.869
236	1	-13	1072.04	124.368	-0.811353	0.37756	-471.235	-525.015	-277.002	-849.474	-676.569	283.394
372	1	-13	644.896	162.569	-0.997489	-1.07128	771.024	478.19	-277.002	753.665	510.865	257.444
377	1	-13	1144.76	195.317	-0.837621	-1.99537	348.907	-917.577	-277.002	505.078	-564.762	316.092
553	1	-13	462.535	35.1376	-0.98511	-1.74414	849.457	-1.11443	-277.002	858.765	96.6884	255.661
627	1	-13	502.648	9.67447	-0.994891	2.98794	-706.445	905.958	-277.002	-646.641	902.508	263.963
859	1	-13	579.84	92.1907	-0.933497	0.259393	-640.264	914.886	-277.002	-848.235	859.441	282.005
860	1	-13	898.067	214.654	-0.929291	-2.58867	-640.313	741.685	-277.002	-457.261	854.605	261.016
906	1	13	1148.53	56.3428	-0.871107	3.08321	246.983	-1184.44	-277.002	579.502	-1198.19	315.548
907	1	13	699.804	185.36	-0.971544	-2.99282	-54.3228	1285.45	-277.002	75.7547	1304.52	258.872
908	1	-13	3034.42	1222.38	-0.98106	0.103752	1112.92	1165.97	-277.002	1007.1	1155.58	262.99
909	1	-13	497.876	19.324	-0.970884	1.55713	659.985	1263.57	-277.002	661.816	1133.89	255.356
60	1	-13	1200.69	286.889	-0.975858	0.362335	-1365.45	-902.843	-277.002	-1485.5	-948.183	294.511
61	1	-13	1249.23	247.745	-0.780019	0.250495	1499.97	-453.66	-277.002	1070.99	-564.431	272.317
285	1	-13	1682.43	48.5848	-0.578078	3.11991	-1448.83	40.4084	-277.002	-663.661	25.0651	290.432
286	1	13	730.563	56.6165	-0.831422	-0.782999	-408.847	58.8094	-277.002	-672.853	317.03	272.914
429	1	13	521.379	41.8841	-0.973055	-1.55928	273.019	-546.246	-277.002	272.166	-413.551	289.474
430	1	13	840.009	249.47	-0.951329	2.6909	-266.703	1060.59	-277.002	-111.483	985.681	259.264
552	1	13	767.115	190.499	-0.930306	-0.223714	1094.57	-1382.08	-277.002	868.701	-1331.14	309.977
616	1	-13	689.243	194.571	-0.933154	-0.255618	62.1557	327.927	-277.002	-141.779	380.406	262.605
619	1	13	954.996	267.147	-0.932876	1.12836	-853.679	1337.64	-277.002	-943.6	1152.14	261.15
622	1	13	1343.42	370.76	-0.843874	1.89032	259.002	-293.746	-277.002	380.162	-664.876	336.202
919	1	-13	545.745	27.4553	-0.942045	-2.5249	-695.606	1190.3	-277.002	-544.477	1304.01	259.069
86	1	13	709.17	81.0976	-0.924195	0.387227	912.468	553.983	-277.002	709.716	467.339	257.726
180	1	13	498.411	2.53134	-0.972878	1.76002	1129.44	1019.36	-277.002	1150.3	936.934	258.972
294	1	13	1325.86	118.422	-0.779908	-1.07503	-1103.13	-311.856	-277.002	-1311.77	76.9283	267.267
297	1	13	1925.88	493.656	-0.959949	-2.47789	-133.363	-1032.53	-277.002	19.0546	-913.182	382.701
298	1	13	627.269	14.5352	-0.999906	-2.54453	1206.86	-1456.88	-277.002	1229.68	-1447.03	349.147
534	1	-13	643.675	39.8439	-0.999514	0.128035	-112.752	-332.732	-277.002	-130.13	-339.24	360.796
538	1	-13	1048.14	433.155	-0.972042	-1.24819	1159.23	607.202	-277.002	1119.5	729.365	258.886
646	1	-13	836.936	30.0434	-0.976371	1.51569	-973.699	47.3032	-277.002	-979.462	-80.182	268.317
848	1	-13	763.89	158.974	-0.845958	2.07163	223.433	735.909	-277.002	383.516	438.195	259.853
898	1	-13	2573.59	1230.33	-0.999243	-1.70391	347.315	-1182.51	-277.002	350.768	-1158.82	327.579
901	1	-13	872.992	57.658	-0.646366	0.564375	-616.202	558.28	-277.002	-1165.68	201.375	267.756
96	1	13	558.173	29.7219	-0.98719	-2.76599	-1499.71	1070.82	-277.002	-1412.24	1101.79	286.42
97	1	-13	764.46	78.0275	-0.999781	0.145751	129.319	-829.623	-277.002	115.416	-833.538	379.604
357	1	13	4109.45	2571.63	-0.96844	1.82563	-1363.85	1079.91	-277.002	-1325.72	933.224	311.143
507	1	-13	1377.48	595.36	-0.989739	-3.10465	312.294	10.5641	-277.002	390.74	13.6012	265.815
509	1	-13	736.22	47.6327	-0.932762	0.965878	315.586	-812.63	-277.002	171.458	-1006.73	357.528
602	1	13	780.024	33.4442	-0.824432	0.688697	201.553	886.93	-277.002	-89.2412	640.989	263.795
607	1	-13	646.784	57.9056	-0.999931	2.95845	-267.008	-277.768	-277.002	-264.015	-279.573	343.143
738	1	-13	968.575	148.242	-0.740439	-0.698991	1060.34	970.8	-277.002	691.808	1283.54	255.432
810	1	-13	862.095	178.221	-0.893693	-0.747243	-1114.61	-796.138	-277.002	-1323.66	-603.733	294.731
882	1	-13	1150.29	260.63	-0.982928	1.13863	-805.898	698.454	-277.002	-848.415	605.39	278.684
883	1	13	2146.07	543.139	-0.823472	-2.48297	-104.842	981.733	-277.002	187.094	1207.75	258.771
885	1	13	605.795	63.9484	-0.989957	1.79432	221.935	79.0305	-277.002	243.454	4.0801	270.778
134	1	-13	485.776	6.72641	-0.994161	-0.494249	-1303.52	20.2091	-277.002	-1337.86	37.8242	268.399
135	1	-13	2309.7	1409.98	-0.977968	2.71224	726.134	987.371	-277.002	830.067	939.625	259.338
421	1	13	543.781	28.0036	-0.996357	-1.94379	-1209.03	604.225	-277.002	-1196.04	643.812	284.823
423	1	13	514.943	0.245883	-0.980526	0.873433	-117.627	-918.605	-277.002	-122.475	-967.865	370.515
662	1	-13	665.04	3.33657	-0.862046	1.3657	-255.739	-1032.74	-277.002	-302.74	-1387.32	327.434
663	1	-13	991.89	3.92869	-0.627383	-1.38561	-335.198	756.801	-277.002	-447.87	1367.77	259.067
765	1	-13	575.502	24.5023	-0.958566	1.44404	621.367	1071.5	-277.002	612.328	913.362	261.431
769	1	-13	1075.93	118.463	-0.999971	-0.885402	1279.59	1131.23	-277.002	1278.37	1133.66	257.012
925	1	-13	408.434	2.96423	-0.998773	-2.49994	763.578	-71.6193	-277.002	781.61	-59.2617	258.294
81	1	13	855.175	62.7551	-0.825004	-1.62641	456.717	-1389.31	-277.002	486.041	-928.637	388.113
184	1	-13	469.764	7.2654	-0.965135	-1.46829	-1278.79	-790.685	-277.002	-1305.91	-614.257	295.493
407	1	-13	977.972	124.703	-0.999155	1.82545	422.82	911.499	-277.002	429.284	892.212	261.219
409	1	13	754.973	127.522	-0.89294	1.52576	-628.067	841.421	-277.002	-640.799	569.026	267.583
484	1	13	528.834	11.2484	-0.938914	-1.48617	718.072	1046.02	-277.002	700.338	1230.94	255.134
960	1	-13	542.575	31.6925	-0.927189	-0.678033	351.323	991.89	-277.002	172.583	1130.23	257.891
148	1	-13	966.004	195.383	-0.982359	2.43083	-1002.62	1334.39	-277.002	-925.422	1268.27	260.102
152	1	13	502.578	12.4323	-0.945116	0.75231	465.74	835.754	-277.002	344.97	704.433	260.325
219	1	-13	1031.85	207.125	-0.868347	-0.601767	404.794	96.4687	-277.002	149.936	270.957	263.127
220	1	-13	678.583	192.402	-0.974253	-0.745419	-864.084	-128.907	-277.002	-957.861	-40.7365	267.284
310	1	-13	502.954	24.9608	-0.998422	-1.17935	-922.845	1091.48	-277.002	-942.588	1124.93	261.494
570	1	13	980.438	298.297	-0.861594	1.12255	-53.7418	1123.14	-277.002	-191.375	839.118	262.374
838	1	13	1007.12	110.781	-0.767659	-1.65791	498.722	-1009.1	-277.002	545.17	-525.177	305.698
891	1	-13	505.333	1.43738	-0.948337	-2.68171	1318.03	512.435	-277.002	1490.51	613.867	255.459
980	1	-13	1253.43	601.315	-0.980036	1.37031	369.933	1063.38	-277.002	348.056	957.577	260.32
984	1	-13	478.915	1.9317	-0.991448	1.83272	-1155.8	-320.641	-277.002	-1132.95	-438.845	279.426
36	1	-13	855.922	282.969	-0.914467	1.84782	-550.385	1056.27	-277.002	-485.037	826.564	263.218
40	1	-13	1873.72	675.114	-0.956777	-0.333056	-941.912	-1078.59	-277.002	-1113.73	-1018.19	322.384
329	1	-13	850.112	11.3375	-0.670452	-1.78449	-575.115	-75.3991	-277.002	-421.107	527.382	264.196
333	1	-13	1510.61	8.43661	-0.955729	-2.20922	510.006	1343.98	-277.002	591.099	1475.3	252.859
335	1	-13	1031.59	21.2459	-0.854632	-1.7283	1456.66	764.52	-277.002	1495.3	1096.17	254.847
560	1	-13	1242.59	234.213	-0.967922	-0.188683	-817.625	-950.134	-277.002	-967.489	-922.393	308.195
561	1	-13	1275.88	417.89	-0.827989	-2.1286	-818.842	-1123.81	-277.002	-618.338	-800.699	286.392
653	1	-13	737.753	232.153	-0.996506	2.88596	1332.78	123.061	-277.002	1378.23	111.429	252.809
704	1	13	713.478	36.4568	-0.819488	-2.20368	-5.63937	1035.31	-277.002	222.761	1334.5	262.29
705	1	13	686.078	67.7954	-0.959894	2.99987	896.927	-188.266	-277.002	1052.95	-211.532	261.189
706	1	-13	529.051	40.4785	-0.986768	1.20268	582.973	147.298	-277.002	548.979	68.932	263.489
825	1	13	717.058	94.5168	-0.999131	2.73386	438.375	615.335	-277.002	457.129	608.067	258.663
978	1	13	2497.64	350.554	-0.565754	1.39589	-156.588	-194.302	-277.002	-306.116	-1055.4	325.423
173	1	-13	848.732	31.3603	-0.637081	-1.71302	-345.06	285.346	-277.002	-240.323	943.125	259.835
463	1	13	2741.23	844.022	-0.617107	0.860931	1367.32	557.239	-277.002	924.866	42.5198	255.014
464	1	13	2680.88	1449.84	-0.949314	0.704151	-506.175	278.525	-277.002	-650.381	155.422	296.205
668	1	-13	1237.38	417.771	-0.969578	-0.805962	-4.84844	-1442.73	-277.002	-112.07	-1330.21	342.917
671	1	13	721.84	202.695	-0.949414	1.79715	734.904	1338.96	-277.002	773.311	1165.89	258.033
750	1	-13	1404.07	298.114	-0.929426	3.05422	-755.601	-376.665	-277.002	-532.385	-397.323	290.955
876	1	13	1081.99	414.413	-0.922053	0.838492	1421.32	-569.826	-277.002	1267.3	-740.876	271.905
879	1	-13	998.807	28.0172	-0.999853	-1.1222	-379.636	213.618	-277.002	-382.712	223.742	273.639
98	1	13	614.081	63.2026	-0.99692	2.44721	887.433	-630.178	-277.002	921.854	-657.875	288.06
103	1	-13	692.726	0.905147	-0.928838	-2.01394	-345.942	-81.7473	-277.002	-258.831	101.332	286.205
366	1	-13	800.742	118.993	-0.94772	-1.30759	-840.36	-381.671	-277.002	-888.618	-201.132	270.8
368	1	13	1485.72	334.29	-0.674769	0.347361	1103.84	-929.483	-277.002	484.345	-1155.86	323.067
369	1	-13	541.627	2.33549	-0.999076	0.184895	1393.01	-638.268	-277.002	1388.03	-634.999	268.517
514	1	-13	1902.27	93.6407	-0.93167	2.13777	1178.67	-325.317	-277.002	1296.64	-500.813	264.712
517	1	-13	2161.96	591.594	-0.885217	-2.84789	-146.18	511.019	-277.002	124.708	592.764	263.094
714	1	-13	3984.27	1822.75	-0.885541	0.0249532	-386.291	-1352.24	-277.002	-700.175	-1360	321.097
716	1	13	946.468	181.123	-0.970495	-0.162467	-980.938	-676.719	-277.002	-1116.21	-654.878	286.736
717	1	13	4343.78	217.801	-0.498686	-1.3457	459.682	-35.7609	-277.002	249.203	871.457	259.394
718	1	-13	1545.69	453.536	-0.994624	2.22377	257.035	-372.676	-277.002	293.379	-419.351	288.879
719	1	13	1087.89	147.252	-0.608062	3.06356	-1125.67	338.043	-277.002	-420.576	280.432	269.379
117	1	13	665.449	60.601	-0.975379	1.16457	-11.5507	212.939	-277.002	-67.1033	99.4703	270.709
214	1	-13	1057.43	360.85	-0.944326	2.0415	-188.885	1298.1	-277.002	-104.717	1130.84	258.706
349	1	-13	981.529	73.5421	-0.674043	-0.376151	-911.586	-605.874	-277.002	-1484.72	-382.214	278.275
497	1	13	879.224	269.025	-0.864386	-1.57128	236.519	484.045	-277.002	238.552	798.596	261.084
499	1	-13	1717.38	495.934	-0.788616	-0.124661	1497.03	-1333.11	-277.002	1018.68	-1272.19	340.607
710	1	-13	633.31	6.42369	-0.777143	-1.76233	-740.788	-221.085	-277.002	-670.932	233.961	280.762
840	1	-13	977.587	302.447	-0.981158	-0.843736	386.005	1072.54	-277.002	317.639	1150.77	256.838
843	1	-13	2332	544.873	-0.520787	1.97917	830.466	351.384	-277.002	1182.84	-464.443	265.795
846	1	13	745.153	27.6207	-0.861289	0.973771	-320.771	-383.241	-277.002	-488.243	-655.143	296.226
952	1	13	741.589	99.4174	-0.814306	-0.0776201	-202.026	115.534	-277.002	-615.306	145.529	300.329
957	1	-13	698.49	138.243	-0.887491	-0.59283	1015.39	-257.23	-277.002	786.4	-102.387	256.435
15	1	13	582.958	1.06053	-0.943371	-2.6338	-299.416	-1395.6	-277.002	-99.6422	-1289.57	344.14
17	1	13	842.419	192.304	-0.858935	-1.19135	-142.918	1125.74	-277.002	-259.768	1421.99	259.718
141	1	13	556.486	59.3021	-0.990437	2.97068	-1423.25	-865.661	-277.002	-1339.51	-874.595	317.055
142	1	13	609.614	127.814	-0.995649	-3.03781	770.046	-1364.11	-277.002	825.165	-1360.45	303.378
145	1	13	839.14	99.0461	-0.99873	0.236554	602.269	-1373.87	-277.002	577.221	-1381.81	303.938
146	1	-13	890.828	223.4	-0.883208	-0.0287168	-1043.75	-453.366	-277.002	-1336.44	-446.184	277.718
275	1	-13	808.619	24.4472	-0.802168	-0.647579	-1044.87	-748.944	-277.002	-1366.47	-481.667	280.745
276	1	-13	483.747	6.75682	-0.970879	-1.14833	940.254	550.269	-277.002	883.116	672.51	259.608
279	1	13	473.976	6.26945	-0.998549	-0.202348	164.596	100.741	-277.002	129.657	101.14	264.575
394	1	-13	1156	330.071	-0.999952	3.10334	406.793	956.257	-277.002	412.255	957.597	261.002
395	1	13	447.659	1.00161	-0.8816	2.86437	1148.96	784.883	-277.002	1422.38	736.122	256.973
479	1	13	725.184	102.547	-0.960705	-1.22085	253.198	1109.09	-277.002	199.884	1256.1	260.098
791	1	-13	832.895	155.299	-0.798774	-2.62113	-1333.71	-691.775	-277.002	-969.158	-481.724	277.825
794	1	-13	723.303	116.277	-0.949253	-0.308181	1433.02	638.5	-277.002	1264.61	688.444	256.882
797	1	13	799.787	77.6593	-0.964839	0.740554	127.367	895.252	-277.002	14.6038	793.929	260.654
912	1	13	675.018	89.3197	-0.992976	-1.41319	214.048	-485.331	-277.002	204.35	-417.069	295.049
913	1	-13	1577.04	194.486	-0.507121	-1.758	1047.95	-347.657	-277.002	1223.97	550.295	256.845
915	1	-13	599.923	77.5126	-0.996268	-0.133322	-13.1665	-809.174	-277.002	-70.0602	-793.079	379.961
63	1	-13	834.656	27.5716	-0.72037	-0.900765	-727.703	-1371.48	-277.002	-1087.47	-924.161	316.235
493	1	13	723.963	132.563	-0.913257	-3.02163	183.93	-1182.99	-277.002	454.172	-1150.02	325.248
597	1	-13	1298.4	335.898	-0.833086	-1.93524	1061.37	639.214	-277.002	1188.77	970.676	258.356
599	1	-13	585.497	22.7741	-0.862037	1.80116	-959.194	1355.12	-277.002	-889.472	1045.32	261.724
939	1	13	720.779	122.833	-0.973357	1.03114	-1258.47	445.073	-277.002	-1328.25	329.764	292.472
940	1	-13	3812.26	675.365	-0.968002	-3.08917	-303.31	-650.965	-277.002	-131.61	-642.363	388.534
941	1	-13	839.646	137.678	-0.777907	1.8945	916.607	-67.1088	-277.002	1059.82	-483.173	269.759
45	1	13	760.642	86.8455	-0.8861	-2.73256	1101.62	-998.587	-277.002	1365.12	-877.971	279.436
46	1	-13	569.232	32.6568	-0.991115	-0.00502636	-966.843	995.341	-277.002	-1037.25	998.841	272.162
47	1	13	1483.59	668.788	-0.965562	2.5493	-928.077	-915.522	-277.002	-801.115	-1001.75	293.101
155	1	-13	605.887	15.5365	-0.983038	0.504637	791.64	1002.77	-277.002	715.544	959.361	260.144
293	1	13	484.346	6.72427	-0.989079	-3.0781	-751.608	349.092	-277.002	-669.494	367.968	269.791
351	1	-13	2230.04	599.264	-0.994357	0.218067	-321.012	595.18	-277.002	-378.145	583.17	265.666
353	1	-13	2639.37	994.674	-0.915296	-2.31478	627.58	-1057.62	-277.002	819.035	-851.479	362.427
355	1	-13	491.454	40.1043	-0.977193	-0.436389	339.973	1407	-277.002	240.688	1458.85	261.552
574	1	13	781.001	43.8193	-0.749741	2.56232	-1164.12	-705.384	-277.002	-737.888	-972.304	288.313
674	1	13	790.129	60.5377	-0.912431	-2.88665	256.536	768.702	-277.002	486.028	826.608	259.809
675	1	13	1100.63	274.032	-0.993749	0.858052	-845.327	-1346.59	-277.002	-888.544	-1396.1	316.974
677	1	-13	1670.16	76.2236	-0.974736	0.274954	-13.126	-726.132	-277.002	-152.281	-767.305	369.499
70	1	-13	951.215	339.109	-0.999163	0.49536	-1428.62	799.276	-277.002	-1448.11	788.275	285.817
73	1	13	692.314	126.77	-0.989404	-0.151386	493.535	1341.56	-277.002	420.538	1352.14	258.3
74	1	-13	1338.67	337.681	-0.843358	1.00698	1376.93	1237.97	-277.002	1195.13	949.721	258.509
75	1	-13	838.519	109.715	-0.839752	-2.20472	914.052	-864.963	-277.002	1124.94	-579.46	271.104
193	1	13	567.433	17.9742	-0.99539	-1.48761	-1466.2	-222.439	-277.002	-1467.44	-161.088	274.959
380	1	13	1061.87	114.594	-0.779203	1.46518	-1272.09	-345.91	-277.001	-1321.2	-823.014	318.657
643	1	-13	926.189	84.6016	-0.826993	0.217338	-200.19	537.738	-277.002	-566.928	450.218	266.53
693	1	-13	561.515	56.1698	-0.997191	-1.38512	-1175.08	-421.329	-277.002	-1184.74	-381.932	278.822
698	1	-13	568.249	17.7784	-0.982182	-2.08269	-758.153	-1310.27	-277.002	-703.73	-1220.69	300.328
802	1	-13	1401.43	413.726	-0.66633	0.05874	1247.1	-352.426	-277.002	626.68	-386.751	277.522
949	1	-13	1589.96	732.673	-0.869859	-2.28282	77.5177	622.619	-277.002	276.073	852.162	260.068
127	1	-13	1134.81	356.444	-0.888836	2.05163	-791.798	-831.489	-277.002	-655.486	-1090.26	289.805
128	1	-13	1014.8	160.662	-0.784669	-2.98629	388.247	677.008	-277.002	803.518	741.299	258.562
303	1	-13	666.921	116.391	-0.998009	0.0550545	263.373	-1088.22	-277.002	225.162	-1090.9	339.705
304	1	13	1220.3	76.3156	-0.896574	1.76789	-780.356	422.467	-277.002	-720.846	151.762	287.995
401	1	-13	731.757	153.695	-0.967662	0.96547	617.376	222.97	-277.002	539.125	108.817	262.589
402	1	-13	544.62	41.7812	-0.999903	3.05974	992.646	422.663	-277.002	993.86	421.395	258.234
518	1	-13	569.645	0.717749	-0.985008	-2.98438	367.486	274.452	-277.002	451.888	300.662	259.012
522	1	-13	976.188	37.4229	-0.885489	-0.91689	-1042.8	-1292.11	-277.002	-1245.61	-1031.55	329.198
615	1	-13	1903.04	623.775	-0.994883	-2.00909	363.172	-1179.55	-277.002	389.221	-1123.17	333.003
785	1	-13	638.499	107.376	-0.999997	1.212	-562.297	398.71	-277.002	-562.672	399.857	268.404
789	1	-13	951.022	306.9	-0.990553	-2.98979	211.005	-336.236	-277.002	288.765	-324.041	281.184
872	1	-13	738.549	163.149	-0.982282	1.67236	103.013	988.101	-277.002	115.672	887.708	258.603
987	1	13	453.673	8.49963	-0.995223	-0.257571	-1057.93	-4.76263	-277.002	-1095.12	-2.02673	270.078
990	1	-13	701.63	71.1453	-0.960824	2.92286	-799.63	-1046.51	-277.002	-640.867	-1076.67	289.806
993	1	13	760.21	39.8201	-0.774192	-0.276057	1156.22	1199.68	-277.002	737.322	1315.66	255.495
23	1	13	893.232	14.5797	-0.776279	0.868201	-1066.42	924.022	-277.002	-1387.02	544.164	314.273
242	1	-13	607.216	0.501231	-0.895354	2.84124	1154.37	-1244.53	-277.002	1324.63	-1324.07	372.666
320	1	-13	1495.94	399.775	-0.69034	-2.01024	192.982	-431.925	-277.002	435.788	81.7181	264.392
526	1	-13	563.301	22.1271	-0.964594	-2.86646	-787.424	-31.3054	-277.002	-625.721	19.3243	298.073
630	1	13	571.028	30.9575	-0.991668	-2.28	731.328	-863.244	-277.002	780.093	-811.793	354.422
632	1	13	662.231	181.775	-0.995447	0.0632963	-375.222	790.821	-277.002	-426.896	787.678	265.196
636	1	13	517.018	6.80865	-0.94529	0.844194	1326.22	1434.15	-277.002	1205.37	1264.31	257.576
864	1	-13	583.723	55.5744	-0.905286	-2.4859	-525.585	260.909	-277.002	-324.221	420.187	263.883
994	1	-13	547.294	29.0127	-0.960506	2.60746	496.855	-1329.63	-277.002	630.415	-1427.57	302.243
999	1	-13	1458.6	155.228	-0.701999	-2.71368	-425.802	1141.15	-277.002	72.0236	1367.86	260.358
81	1	13	855.175	62.7551	-0.825004	-1.62641	456.717	-1389.31	-277.002	486.041	-928.637	388.113
184	1	-13	469.764	7.2654	-0.965135	-1.46829	-1278.79	-790.685	-277.002	-1305.91	-614.257	295.493
407	1	-13	977.972	124.703	-0.999155	1.82545	422.82	911.499	-277.002	429.284	892.212	261.219
409	1	13	754.973	127.522	-0.89294	1.52576	-628.067	841.421	-277.002	-640.799	569.026	267.583
484	1	13	528.834	11.2484	-0.938914	-1.48617	718.072	1046.02	-277.002	700.338	1230.94	255.134
960	1	-13	542.575	31.6925	-0.927189	-0.678033	351.323	991.89	-277.002	172.583	1130.23	257.891
72	1	-13	427.42	2.63206	-0.99807	1.12804	534.969	-83.4205	-277.002	551.235	-97.2518	267.734
73	1	13	996.72	166.371	-0.866019	-0.426779	-1049.33	-1262.67	-277.002	-1365.18	-1118.85	325.952
76	1	-13	850.406	41.1654	-0.901337	-1.9258	1356.23	1021.53	-277.002	1442.65	1260.09	253.297
350	1	-13	678.841	0.0285047	-0.764547	-0.850905	492.012	-1005.89	-277.002	258.924	-736.806	354.885
356	1	13	1666.45	36.9817	-0.825467	1.70151	134.867	-530.663	-277.002	182.11	-965.548	368.442
446	1	-13	602.108	69.744	-0.910343	-0.686617	60.0472	186.972	-277.002	-131.111	343.597	263.075
644	1	-13	970.984	327.521	-0.997872	-1.18889	432.387	-61.4255	-277.002	417.969	-28.4577	266.419
646	1	-13	3911.93	745.009	-0.766122	1.48109	-1189.16	-773.66	-277.002	-1233.37	-1279.89	329.287
647	1	13	459.189	23.4138	-0.999332	-1.34626	891.718	-89.6083	-277.002	895.769	-65.3599	256.952
650	1	13	636.401	95.2892	-0.99891	-2.72029	-1059.68	-613.748	-277.002	-1034.06	-604.063	285.194
860	1	-13	832.78	84.7878	-0.987382	-2.41609	34.5487	-1363.69	-277.002	106.605	-1298.59	318.067
23	1	13	893.232	14.5797	-0.776279	0.868201	-1066.42	924.022	-277.002	-1387.02	544.164	314.273
242	1	-13	607.216	0.501231	-0.895354	2.84124	1154.37	-1244.53	-277.002	1324.63	-1324.07	372.666
320	1	-13	1495.94	399.775	-0.69034	-2.01024	192.982	-431.925	-277.002	435.788	81.7181	264.392
526	1	-13	563.301	22.1271	-0.964594	-2.86646	-787.424	-31.3054	-277.002	-625.721	19.3243	298.073
630	1	13	571.028	30.9575	-0.991668	-2.28	731.328	-863.244	-277.002	780.093	-811.793	354.422
632	1	13	662.231	181.775	-0.995447	0.0632963	-375.222	790.821	-277.002	-426.896	787.678	265.196
636	1	13	517.018	6.80865	-0.94529	0.844194	1326.22	1434.15	-277.002	1205.37	1264.31	257.576
864	1	-13	583.723	55.5744	-0.905286	-2.4859	-525.585	260.909	-277.002	-324.221	420.187	263.883
994	1	-13	547.294	29.0127	-0.960506	2.60746	496.855	-1329.63	-277.002	630.415	-1427.57	302.243
999	1	-13	1458.6	155.228	-0.701999	-2.71368	-425.802	1141.15	-277.002	72.0236	1367.86	260.358
63	1	-13	1177.71	495.784	-0.885201	1.04742	-183.228	1170.44	-277.002	-324.615	926.392	259.893
259	1	13	794.911	157.695	-0.953131	-1.77892	315.316	-1188.33	-277.002	359.884	-987.007	377.189
265	1	-13	1500.54	419.529	-0.972998	0.368825	-1145.02	-401.43	-277.002	-1269.18	-449.911	280.911
637	1	13	560.343	46.3343	-0.938717	-0.965643	915.579	86.488	-277.002	804.462	248.816	255.387
642	1	13	1432.37	364.11	-0.897349	-1.30602	-381.305	83.8588	-277.002	-450.458	341.214	267.502
643	1	13	1157.14	422.676	-0.999925	1.44926	-1298.94	556.498	-277.002	-1299.92	548.838	305.824
789	1	13	842.574	201.858	-0.917206	-1.26556	924.459	-284.407	-277.002	855.028	-61.1452	257.754
922	1	-13	540.654	32.2402	-0.937517	-0.213003	1410.98	920.449	-277.002	1207.42	958.577	258.296
923	1	-13	861.946	219.461	-0.990389	0.699357	-1255.48	804.332	-277.002	-1315.68	752.984	285.079
96	1	13	558.173	29.7219	-0.98719	-2.76599	-1499.71	1070.82	-277.002	-1412.24	1101.79	286.42
97	1	-13	764.46	78.0275	-0.999781	0.145751	129.319	-829.623	-277.002	115.416	-833.538	379.604
357	1	13	4109.45	2571.63	-0.96844	1.82563	-1363.85	1079.91	-277.002	-1325.72	933.224	311.143
507	1	-13	1377.48	595.36	-0.989739	-3.10465	312.294	10.5641	-277.002	390.74	13.6012	265.815
509	1	-13	736.22	47.6327	-0.932762	0.965878	315.586	-812.63	-277.002	171.458	-1006.73	357.528
602	1	13	780.024	33.4442	-0.824432	0.688697	201.553	886.93	-277.002	-89.2412	640.989	263.795
607	1	-13	646.784	57.9056	-0.999931	2.95845	-267.008	-277.768	-277.002	-264.015	-279.573	343.143
738	1	-13	968.575	148.242	-0.740439	-0.698991	1060.34	970.8	-277.002	691.808	1283.54	255.432
810	1	-13	862.095	178.221	-0.893693	-0.747243	-1114.61	-796.138	-277.002	-1323.66	-603.733	294.731
882	1	-13	1150.29	260.63	-0.982928	1.13863	-805.898	698.454	-277.002	-848.415	605.39	278.684
883	1	13	2146.07	543.139	-0.823472	-2.48297	-104.842	981.733	-277.002	187.094	1207.75	258.771
885	1	13	605.795	63.9484	-0.989957	1.79432	221.935	79.0305	-277.002	243.454	4.0801	270.778
309	1	13	699.076	53.9355	-0.939015	-1.7507	125.742	1030.1	-277.002	160.131	1226.75	259.202
310	1	13	1971.79	387.436	-0.917019	0.80541	369.009	-40.846	-277.002	200.127	-217.092	284.308
314	1	-13	639.89	83.9994	-0.92105	1.25798	607.145	199.536	-277.002	539.173	-14.1428	265.446
502	1	-13	575.454	117.32	-0.984208	-2.04575	1326.12	-317.111	-277.002	1369.12	-231.138	257.976
562	1	-13	1507.2	367.901	-0.969997	3.11184	457.459	-604.007	-277.002	606.471	-608.622	321.788
564	1	-13	597.651	34.4005	-0.914385	-2.83811	99.7504	-152.883	-277.002	342.941	-77.4191	268.71
663	1	-13	866.564	0.934161	-0.994877	2.84017	879.885	887.771	-277.002	947.647	871.602	258.413
98	1	13	614.081	63.2026	-0.99692	2.44721	887.433	-630.178	-277.002	921.854	-657.875	288.06
103	1	-13	692.726	0.905147	-0.928838	-2.01394	-345.942	-81.7473	-277.002	-258.831	101.332	286.205
366	1	-13	800.742	118.993	-0.94772	-1.30759	-840.36	-381.671	-277.002	-888.618	-201.132	270.8
368	1	13	1485.72	334.29	-0.674769	0.347361	1103.84	-929.483	-277.002	484.345	-1155.86	323.067
369	1	-13	541.627	2.33549	-0.999076	0.184895	1393.01	-638.268	-277.002	1388.03	-634.999	268.517
514	1	-13	1902.27	93.6407	-0.93167	2.13777	1178.67	-325.317	-277.002	1296.64	-500.813	264.712
517	1	-13	2161.96	591.594	-0.885217	-2.84789	-146.18	511.019	-277.002	124.708	592.764	263.094
714	1	-13	3984.27	1822.75	-0.885541	0.0249532	-386.291	-1352.24	-277.002	-700.175	-1360	321.097
716	1	13	946.468	181.123	-0.970495	-0.162467	-980.938	-676.719	-277.002	-1116.21	-654.878	286.736
717	1	13	4343.78	217.801	-0.498686	-1.3457	459.682	-35.7609	-277.002	249.203	871.457	259.394
718	1	-13	1545.69	453.536	-0.994624	2.22377	257.035	-372.676	-277.002	293.379	-419.351	288.879
719	1	13	1087.89	147.252	-0.608062	3.06356	-1125.67	338.043	-277.002	-420.576	280.432	269.379
102	1	-13	1291.89	26.0266	-0.917598	1.47751	-965.832	-765.68	-277.002	-984.263	-1019.64	317.525
303	1	-13	947.235	143.89	-0.677864	-2.81502	-431.907	64.9023	-277.002	120.304	254.757	262.889
450	1	-13	1598.94	695.229	-0.981018	1.90222	-75.9432	-1303.78	-277.002	-37.328	-1416.59	326.865
453	1	-13	989.94	51.4143	-0.633188	1.04401	-266.104	-441.796	-277.002	-622.255	-1048.43	289.858
757	1	-13	1036.35	129.227	-0.805584	2.06308	-1318.86	-380.736	-277.002	-1122.63	-748.179	290.542
903	1	13	811.485	187.941	-0.99771	2.06014	-1215.43	-1299.32	-277.002	-1195.98	-1335.52	338.858
905	1	-13	645.357	26.7415	-0.882432	-3.01187	792.984	-912.998	-277.002	1115.43	-873.348	321.255
906	1	13	1247.28	179.697	-0.888577	-0.228657	-1037.61	-793.7	-277.002	-1330.96	-724.667	307.137
8	1	-13	1342.35	266.586	-0.598297	2.78645	476.038	1134.93	-277.002	1149.56	884.656	258.872
10	1	-13	773.602	90.9578	-0.974151	-0.580089	1378.91	-1342.88	-277.002	1254.37	-1268.87	366.868
252	1	13	647.934	112.274	-0.946735	2.99785	-343.535	266.594	-277.002	-163.966	241.294	264.318
323	1	-13	531.841	23.0647	-0.999657	2.70696	-832.085	952.474	-277.002	-814.142	951.257	267.067
328	1	13	1193.28	173.851	-0.999966	1.17762	-53.528	-758.632	-277.002	-55.0987	-764.715	378.583
473	1	-13	680.225	58.6099	-0.841462	-1.29336	-1058.29	100.254	-277.002	-1153.67	452.197	290.782
474	1	-13	616.078	20.2641	-0.895484	-0.735187	704.787	271.77	-277.002	507.004	442.459	258.86
681	1	-13	757.882	118.939	-0.999978	2.79526	199.509	-929.244	-277.002	203.208	-928.063	375.434
684	1	-13	501.242	50.2292	-0.973337	1.2282	1417.19	1154.13	-277.002	1373.64	1038.42	255.798
781	1	-13	875.964	19.9587	-0.804434	-0.190296	516.948	843.726	-277.002	138.217	910.947	258.059
782	1	13	522.864	0.140093	-0.888605	2.01881	-419.253	-964.941	-277.002	-443.762	-1161.08	302.635
45	1	-13	433.317	27.5665	-0.993922	1.83877	-430.367	1068.51	-277.002	-404.804	1015.39	258.416
46	1	13	624.69	64.0383	-0.983091	3.11446	176.03	-888.917	-277.002	297.523	-894.583	391.913
47	1	13	594.169	94.9339	-0.998542	0.458484	-1003.2	-1139.74	-277.002	-1031.2	-1157.16	314.385
48	1	13	1474.34	603.421	-0.849121	-2.37675	-1088.58	410.444	-277.002	-839.145	650.666	279.221
184	1	-13	929.149	193.441	-0.927695	0.444963	12.9223	36.802	-277.002	-201.256	-67.0156	310.195
187	1	-13	617.735	53.8545	-0.825721	0.953331	-1003.86	207.197	-277.002	-1222.73	-92.5612	271.008
396	1	-13	643.643	109.914	-0.987587	-1.07096	-863.911	990.939	-277.002	-903.856	1064.93	261.366
616	1	13	1194.59	484.749	-0.86607	0.611971	841.966	-73.1565	-277.002	582.605	-254.23	270.745
618	1	13	597.586	93.817	-0.998141	2.63647	1263.8	1370.67	-277.002	1290.09	1355.31	250.855
621	1	13	2075.17	528.552	-0.537639	-2.69358	-542.833	-22.0691	-277	216.736	342.789	262.502
877	1	13	796.227	91.5727	-0.971877	0.557037	1097.05	641.387	-277.002	990.13	567.094	259.188
134	1	-13	485.776	6.72641	-0.994161	-0.494249	-1303.52	20.2091	-277.002	-1337.86	37.8242	268.399
135	1	-13	2309.7	1409.98	-0.977968	2.71224	726.134	987.371	-277.002	830.067	939.625	259.338
421	1	13	543.781	28.0036	-0.996357	-1.94379	-1209.03	604.225	-277.002	-1196.04	643.812	284.823
423	1	13	514.943	0.245883	-0.980526	0.873433	-117.627	-918.605	-277.002	-122.475	-967.865	370.515
662	1	-13	665.04	3.33657	-0.862046	1.3657	-255.739	-1032.74	-277.002	-302.74	-1387.32	327.434
663	1	-13	991.89	3.92869	-0.627383	-1.38561	-335.198	756.801	-277.002	-447.87	1367.77	259.067
765	1	-13	575.502	24.5023	-0.958566	1.44404	621.367	1071.5	-277.002	612.328	913.362	261.431
769	1	-13	1075.93	118.463	-0.999971	-0.885402	1279.59	1131.23	-277.002	1278.37	1133.66	257.012
925	1	-13	408.434	2.96423	-0.998773	-2.49994	763.578	-71.6193	-277.002	781.61	-59.2617	258.294
115	1	13	1158.15	101.584	-0.752453	-3.06038	-684.66	-967.85	-277.002	-125.399	-922.792	366.132
427	1	-13	655.136	58.9434	-0.856986	1.78266	-1068.86	-312.063	-277.002	-996.441	-655.237	289.491
490	1	-13	596.019	151.865	-0.999359	-1.18022	1190.2	-47.6448	-277.002	1182.54	-29.6601	258.62
721	1	13	636.488	37.0277	-0.966992	-2.48637	376.122	1060.85	-277.002	486.598	1143.47	255.377
723	1	-13	474.174	6.47206	-0.973609	-0.941092	837.911	55.6506	-277.002	751.029	155.262	256.383
726	1	13	982.079	36.1792	-0.599962	-1.2804	291.717	-684.72	-277.002	66.5325	35.4569	273.583
913	1	13	522.13	13.1868	-0.809754	-0.153555	1376.14	582.234	-277.002	979.303	645.721	260.102
915	1	13	1547.3	853.586	-0.992963	0.182059	1339.94	1428.44	-277.002	1278.16	1416.84	249.146
916	1	-13	503.554	76.2811	-0.992306	-1.19027	193.583	1153.86	-277.002	166.051	1220.62	259.068
994	1	-13	757.712	30.475	-0.890035	-1.42415	1037.1	129.125	-277.002	983.499	401.03	258.342
996	1	-13	516.379	24.392	-0.918187	-1.90732	501.166	-163.23	-277.002	584.83	70.2168	262.944
998	1	13	576.291	6.92561	-0.994208	-1.45507	849.39	388.052	-277.002	833.862	434.884	256.711
999	1	-13	830.385	238.698	-0.860759	1.93075	-975.197	1456.08	-277.002	-862.389	1159.66	259.509
117	1	13	665.449	60.601	-0.975379	1.16457	-11.5507	212.939	-277.002	-67.1033	99.4703	270.709
214	1	-13	1057.43	360.85	-0.944326	2.0415	-188.885	1298.1	-277.002	-104.717	1130.84	258.706
349	1	-13	981.529	73.5421	-0.674043	-0.376151	-911.586	-605.874	-277.002	-1484.72	-382.214	278.275
497	1	13	879.224	269.025	-0.864386	-1.57128	236.519	484.045	-277.002	238.552	798.596	261.084
499	1	-13	1717.38	495.934	-0.788616	-0.124661	1497.03	-1333.11	-277.002	1018.68	-1272.19	340.607
710	1	-13	633.31	6.42369	-0.777143	-1.76233	-740.788	-221.085	-277.002	-670.932	233.961	280.762
840	1	-13	977.587	302.447	-0.981158	-0.843736	386.005	1072.54	-277.002	317.639	1150.77	256.838
843	1	-13	2332	544.873	-0.520787	1.97917	830.466	351.384	-277.002	1182.84	-464.443	265.795
846	1	13	745.153	27.6207	-0.861289	0.973771	-320.771	-383.241	-277.002	-488.243	-655.143	296.226
952	1	13	741.589	99.4174	-0.814306	-0.0776201	-202.026	115.534	-277.002	-615.306	145.529	300.329
957	1	-13	698.49	138.243	-0.887491	-0.59283	1015.39	-257.23	-277.002	786.4	-102.387	256.435
155	1	13	973.8	220.426	-0.891803	-0.325677	176.796	838.541	-277.002	-82.965	924.706	259.678
510	1	13	1420.84	123.895	-0.993043	2.69422	-1338.61	-697.389	-277.002	-1277.34	-728.4	304.219
690	1	-13	724.206	30.0442	-0.768554	-1.85235	829.482	-193.515	-277.002	964.164	216	256.193
834	1	13	1305.16	214.029	-0.728391	-1.92886	686.458	879.5	-277.002	861.954	1350.51	255.84
835	1	-13	1660.73	11.1331	-0.509813	-3.11537	-109.964	-1126.87	-277.002	1007.89	-1090.38	346.199
838	1	13	761.923	189.593	-0.939044	-1.15898	-1069.66	1314.58	-277.002	-1147	1495.09	264.211
839	1	-13	743.134	126.274	-0.868503	2.76453	-1081.15	-888.722	-277.002	-781.932	-1008.5	292.263
173	1	-13	848.732	31.3603	-0.637081	-1.71302	-345.06	285.346	-277.002	-240.323	943.125	259.835
463	1	13	2741.23	844.022	-0.617107	0.860931	1367.32	557.239	-277.002	924.866	42.5198	255.014
464	1	13	2680.88	1449.84	-0.949314	0.704151	-506.175	278.525	-277.002	-650.381	155.422	296.205
668	1	-13	1237.38	417.771	-0.969578	-0.805962	-4.84844	-1442.73	-277.002	-112.07	-1330.21	342.917
671	1	13	721.84	202.695	-0.949414	1.79715	734.904	1338.96	-277.002	773.311	1165.89	258.033
750	1	-13	1404.07	298.114	-0.929426	3.05422	-755.601	-376.665	-277.002	-532.385	-397.323	290.955
876	1	13	1081.99	414.413	-0.922053	0.838492	1421.32	-569.826	-277.002	1267.3	-740.876	271.905
879	1	-13	998.807	28.0172	-0.999853	-1.1222	-379.636	213.618	-277.002	-382.712	223.742	273.639
97	1	13	467.432	35.0319	-0.9379	1.76879	262.296	671.175	-277.002	297.268	477.424	260.513
258	1	-13	893.259	190.625	-0.944286	0.867644	662.024	830.092	-277	544.089	688.192	255.393
438	1	13	532.688	12.9818	-0.869961	-1.90979	-1031.57	-977.315	-277.002	-922.268	-679.505	287.297
529	1	13	534.165	9.08922	-0.880085	-0.994143	467.695	51.0587	-277.002	301.369	303.988	261.692
676	1	-13	856.535	49.7784	-0.797105	0.854207	-135.729	209.586	-277.002	-436.584	-133.335	323.76
869	1	13	581.021	87.3153	-0.987434	-1.2857	630.701	360.69	-277.002	605.351	441.454	258.563
983	1	-13	553.62	35.4572	-0.956784	0.695187	737.648	-326.473	-277.002	608.521	-434.496	284.158
985	1	-13	813.857	71.9345	-0.929803	-1.30037	-248.794	-637.558	-277.002	-319.447	-392.97	358.442
119	1	-13	1013.37	117.369	-0.733717	-2.56201	502.117	151.619	-277.002	919.157	427.754	258.28
123	1	13	2203.84	279.664	-0.507078	2.42669	-1021.64	-586.163	-277.002	-231.431	-1275.23	341.107
125	1	13	429.234	14.1451	-0.977358	1.18896	-252.355	1154.43	-277.002	-293.009	1019.77	258.373
264	1	-13	740.177	134.558	-0.922581	2.55776	-893.891	262.44	-277.002	-697.968	131.696	291.146
337	1	-13	987.834	61.2683	-0.66626	0.635629	324.799	183.337	-277.002	-250.664	-231.838	340.491
339	1	13	534.281	2.75739	-0.821875	-0.259229	848.523	565.817	-277.002	494.629	653.94	257.057
342	1	-13	879.39	0.664159	-0.728854	-1.78492	-278.035	375.441	-277.002	-168.938	893.716	260.697
449	1	-13	1486.44	52.3483	-0.418062	0.454315	1289.17	698.024	-277.002	213.304	182.942	262.793
760	1	-13	1024.14	353.945	-0.975387	-2.23871	-1086.23	-1447.61	-277.002	-1000.8	-1338.38	329.808
828	1	13	1053.88	65.8349	-0.955297	-1.63365	-501.084	-596.756	-277.002	-485.141	-420.119	301.355
831	1	-13	1293.57	562.69	-0.910247	0.860095	-801.541	390.371	-277.002	-962.607	203.464	266.728
21	1	13	1369.23	432.186	-0.838833	-2.84236	-1187.01	436.824	-277.002	-841.184	543.708	280.701
358	1	-13	1139.93	227.538	-0.808093	-1.30604	650.104	-273.912	-277.002	545.764	105.692	262.56
712	1	-13	1220.5	612.511	-0.990127	-2.86826	-967.976	-353.252	-277.002	-893.028	-333.097	274.85
798	1	-13	1276.82	121.624	-0.998401	1.38248	-152.923	-998.049	-277.002	-163.986	-1031.51	366.25
799	1	13	833.297	83.3973	-0.704058	1.39671	455.064	544.711	-277.002	365.977	9.48253	266.71
801	1	13	1428.78	559.412	-0.78616	-2.29091	-298.328	-441.149	-277.002	-5.17229	-104.984	290.426
803	1	-13	633.946	4.30159	-0.994904	-3.13539	57.0811	341.638	-277.002	110.245	334.222	263.53
804	1	-13	471.004	11.8246	-0.984739	-1.13238	-620.615	-981.718	-277.002	-647.275	-887.574	288.311
935	1	-13	463.825	31.3201	-0.999547	-1.12177	-202.736	-135.23	-277.002	-215.968	-124.989	321.257
936	1	-13	804.477	171.666	-0.992164	-0.483406	870.911	182.467	-277.002	811.594	212.834	255.428
937	1	13	616.75	14.2159	-0.853687	-1.00481	231.851	-31.1477	-277.002	68.6026	260.364	262.956
45	1	13	760.642	86.8455	-0.8861	-2.73256	1101.62	-998.587	-277.002	1365.12	-877.971	279.436
46	1	-13	569.232	32.6568	-0.991115	-0.00502636	-966.843	995.341	-277.002	-1037.25	998.841	272.162
47	1	13	1483.59	668.788	-0.965562	2.5493	-928.077	-915.522	-277.002	-801.115	-1001.75	293.101
155	1	-13	605.887	15.5365	-0.983038	0.504637	791.64	1002.77	-277.002	715.544	959.361	260.144
293	1	13	484.346	6.72427	-0.989079	-3.0781	-751.608	349.092	-277.002	-669.494	367.968	269.791
351	1	-13	2230.04	599.264	-0.994357	0.218067	-321.012	595.18	-277.002	-378.145	583.17	265.666
353	1	-13	2639.37	994.674	-0.915296	-2.31478	627.58	-1057.62	-277.002	819.035	-851.479	362.427
355	1	-13	491.454	40.1043	-0.977193	-0.436389	339.973	1407	-277.002	240.688	1458.85	261.552
574	1	13	781.001	43.8193	-0.749741	2.56232	-1164.12	-705.384	-277.002	-737.888	-972.304	288.313
674	1	13	790.129	60.5377	-0.912431	-2.88665	256.536	768.702	-277.002	486.028	826.608	259.809
675	1	13	1100.63	274.032	-0.993749	0.858052	-845.327	-1346.59	-277.002	-888.544	-1396.1	316.974
677	1	-13	1670.16	76.2236	-0.974736	0.274954	-13.126	-726.132	-277.002	-152.281	-767.305	369.499
179	1	-13	575.727	113.547	-0.960928	-1.50024	240.213	1000.54	-277.002	232.267	1152.71	258.389
290	1	13	3841.03	141.252	-0.556346	-1.46029	-520.484	682.707	-277.002	-607.038	1478.15	259.924
291	1	-13	686.776	88.0873	-0.929243	2.10727	215.359	-923.709	-277.002	339.561	-1133.1	333.401
668	1	13	677.542	112.777	-0.948532	1.31313	1236.13	1261.8	-277.002	1191.26	1083.92	258.497
671	1	-13	1042.42	238.006	-0.966104	0.893748	-1154.76	-480.23	-277.002	-1252.96	-602.43	292.655
778	1	-13	1792.37	166.159	-0.635584	-0.558949	-688.164	-973.143	-277.002	-1281.07	-605.31	294.09
63	1	-13	834.656	27.5716	-0.72037	-0.900765	-727.703	-1371.48	-277.002	-1087.47	-924.161	316.235
493	1	13	723.963	132.563	-0.913257	-3.02163	183.93	-1182.99	-277.002	454.172	-1150.02	325.248
597	1	-13	1298.4	335.898	-0.833086	-1.93524	1061.37	639.214	-277.002	1188.77	970.676	258.356
599	1	-13	585.497	22.7741	-0.862037	1.80116	-959.194	1355.12	-277.002	-889.472	1045.32	261.724
939	1	13	720.779	122.833	-0.973357	1.03114	-1258.47	445.073	-277.002	-1328.25	329.764	292.472
940	1	-13	3812.26	675.365	-0.968002	-3.08917	-303.31	-650.965	-277.002	-131.61	-642.363	388.534
941	1	-13	839.646	137.678	-0.777907	1.8945	916.607	-67.1088	-277.002	1059.82	-483.173	269.759
230	1	13	769.677	124.042	-0.817182	2.40363	823.544	694.549	-277.002	1104.04	442.83	258.566
329	1	-13	730.752	92.6947	-0.873082	-1.05585	-1159.86	-709.362	-277.002	-1311.6	-440.498	278.185
330	1	13	1551.8	665.917	-0.966238	-0.703544	-1036.92	-1454.7	-277.002	-1163.2	-1349.34	339.369
332	1	13	1345.02	652.927	-0.925617	-0.0870878	1317.51	1121.9	-277.002	1098.64	1140.8	259.868
420	1	-13	542.711	4.05846	-0.767403	2.66953	719.042	760.355	-277.002	1104.91	558.584	258.368
421	1	13	512.792	1.31436	-0.92236	2.15019	24.6302	789.54	-277.002	123.001	552.58	264.045
423	1	13	747.879	104.885	-0.973398	0.561057	-100.244	618.767	-277.002	-206.354	553.112	263.964
426	1	-13	614.31	143.257	-0.983467	0.344998	-304.666	1364.82	-277.002	-396.809	1331.41	258.973
480	1	13	1031.74	14.8068	-0.570744	1.48174	705.087	-403.126	-277.002	623.881	-1227.65	313.67
534	1	13	1280.19	342.74	-0.91355	-2.83169	1140.1	-767.004	-277.002	1373.13	-692.213	270.191
652	1	-13	595.593	127.897	-0.998028	2.90646	711.157	77.1814	-277.002	743.963	71.4919	259.158
853	1	-13	864.782	113.657	-0.756251	-1.84226	-567.415	91.1839	-277.002	-445.59	545.989	264.103
974	1	-13	851.428	307.724	-0.996681	1.48256	15.3058	678.939	-277.002	11.0123	633.761	263.5
127	1	-13	1134.81	356.444	-0.888836	2.05163	-791.798	-831.489	-277.002	-655.486	-1090.26	289.805
128	1	-13	1014.8	160.662	-0.784669	-2.98629	388.247	677.008	-277.002	803.518	741.299	258.562
303	1	-13	666.921	116.391	-0.998009	0.0550545	263.373	-1088.22	-277.002	225.162	-1090.9	339.705
304	1	13	1220.3	76.3156	-0.896574	1.76789	-780.356	422.467	-277.002	-720.846	151.762	287.995
401	1	-13	731.757	153.695	-0.967662	0.96547	617.376	222.97	-277.002	539.125	108.817	262.589
402	1	-13	544.62	41.7812	-0.999903	3.05974	992.646	422.663	-277.002	993.86	421.395	258.234
518	1	-13	569.645	0.717749	-0.985008	-2.98438	367.486	274.452	-277.002	451.888	300.662	259.012
522	1	-13	976.188	37.4229	-0.885489	-0.91689	-1042.8	-1292.11	-277.002	-1245.61	-1031.55	329.198
615	1	-13	1903.04	623.775	-0.994883	-2.00909	363.172	-1179.55	-277.002	389.221	-1123.17	333.003
785	1	-13	638.499	107.376	-0.999997	1.212	-562.297	398.71	-277.002	-562.672	399.857	268.404
789	1	-13	951.022	306.9	-0.990553	-2.98979	211.005	-336.236	-277.002	288.765	-324.041	281.184
872	1	-13	738.549	163.149	-0.982282	1.67236	103.013	988.101	-277.002	115.672	887.708	258.603
987	1	13	453.673	8.49963	-0.995223	-0.257571	-1057.93	-4.76263	-277.002	-1095.12	-2.02673	270.078
990	1	-13	701.63	71.1453	-0.960824	2.92286	-799.63	-1046.51	-277.002	-640.867	-1076.67	289.806
993	1	13	760.21	39.8201	-0.774192	-0.276057	1156.22	1199.68	-277.002	737.322	1315.66	255.495
700	1	-13	2006.88	650.028	-0.758884	2.72554	637.026	1089.41	-277.002	1057.84	903.172	258.296
771	1	-13	945.55	125.886	-0.631324	-1.14567	-138.106	374.694	-277.002	-411.682	964.381	258.641
774	1	-13	601.472	49.0986	-0.977709	1.96046	753.907	-172.281	-277.002	791.598	-280.068	262.072
15	1	13	582.958	1.06053	-0.943371	-2.6338	-299.416	-1395.6	-277.002	-99.6422	-1289.57	344.14
17	1	13	842.419	192.304	-0.858935	-1.19135	-142.918	1125.74	-277.002	-259.768	1421.99	259.718
141	1	13	556.486	59.3021	-0.990437	2.97068	-1423.25	-865.661	-277.002	-1339.51	-874.595	317.055
142	1	13	609.614	127.814	-0.995649	-3.03781	770.046	-1364.11	-277.002	825.165	-1360.45	303.378
145	1	13	839.14	99.0461	-0.99873	0.236554	602.269	-1373.87	-277.002	577.221	-1381.81	303.938
146	1	-13	890.828	223.4	-0.883208	-0.0287168	-1043.75	-453.366	-277.002	-1336.44	-446.184	277.718
275	1	-13	808.619	24.4472	-0.802168	-0.647579	-1044.87	-748.944	-277.002	-1366.47	-481.667	280.745
276	1	-13	483.747	6.75682	-0.970879	-1.14833	940.254	550.269	-277.002	883.116	672.51	259.608
279	1	13	473.976	6.26945	-0.998549	-0.202348	164.596	100.741	-277.002	129.657	101.14	264.575
394	1	-13	1156	330.071	-0.999952	3.10334	406.793	956.257	-277.002	412.255	957.597	261.002
395	1	13	447.659	1.00161	-0.8816	2.86437	1148.96	784.883	-277.002	1422.38	736.122	256.973
479	1	13	725.184	102.547	-0.960705	-1.22085	253.198	1109.09	-277.002	199.884	1256.1	260.098
791	1	-13	832.895	155.299	-0.798774	-2.62113	-1333.71	-691.775	-277.002	-969.158	-481.724	277.825
794	1	-13	723.303	116.277	-0.949253	-0.308181	1433.02	638.5	-277.002	1264.61	688.444	256.882
797	1	13	799.787	77.6593	-0.964839	0.740554	127.367	895.252	-277.002	14.6038	793.929	260.654
912	1	13	675.018	89.3197	-0.992976	-1.41319	214.048	-485.331	-277.002	204.35	-417.069	295.049
913	1	-13	1577.04	194.486	-0.507121	-1.758	1047.95	-347.657	-277.002	1223.97	550.295	256.845
915	1	-13	599.923	77.5126	-0.996268	-0.133322	-13.1665	-809.174	-277.002	-70.0602	-793.079	379.961
53	1	-13	866.803	257.213	-0.882201	3.01896	-116.154	242.844	-277.002	169.196	206.291	262.058
339	1	13	657.213	14.1466	-0.774942	0.18501	1145.01	269.212	-277.002	708.862	187.535	256.224
576	1	-13	724.17	54.0545	-0.997434	2.34299	-1065.46	-669.529	-277.002	-1037.17	-705.229	291.665
578	1	13	837.766	71.635	-0.843894	2.87274	1095.22	1406.95	-277.002	1419.78	1314.68	251.617
887	1	-13	780.328	13.039	-0.770395	-0.280506	613.222	-365.451	-277.002	167.582	-243.466	291.114
888	1	-13	625.354	97.6156	-0.897795	0.860716	1118.81	1355.82	-277.002	946.204	1154.9	264.917
967	1	13	562.528	58.4782	-0.897912	-2.05883	1153.32	430.788	-277.002	1274.29	658.365	256.007
60	1	-13	1200.69	286.889	-0.975858	0.362335	-1365.45	-902.843	-277.002	-1485.5	-948.183	294.511
61	1	-13	1249.23	247.745	-0.780019	0.250495	1499.97	-453.66	-277.002	1070.99	-564.431	272.317
285	1	-13	1682.43	48.5848	-0.578078	3.11991	-1448.83	40.4084	-277.002	-663.661	25.0651	290.432
286	1	13	730.563	56.6165	-0.831422	-0.782999	-408.847	58.8094	-277.002	-672.853	317.03	272.914
429	1	13	521.379	41.8841	-0.973055	-1.55928	273.019	-546.246	-277.002	272.166	-413.551	289.474
430	1	13	840.009	249.47	-0.951329	2.6909	-266.703	1060.59	-277.002	-111.483	985.681	259.264
552	1	13	767.115	190.499	-0.930306	-0.223714	1094.57	-1382.08	-277.002	868.701	-1331.14	309.977
616	1	-13	689.243	194.571	-0.933154	-0.255618	62.1557	327.927	-277.002	-141.779	380.406	262.605
619	1	13	954.996	267.147	-0.932876	1.12836	-853.679	1337.64	-277.002	-943.6	1152.14	261.15
622	1	13	1343.42	370.76	-0.843874	1.89032	259.002	-293.746	-277.002	380.162	-664.876	336.202
919	1	-13	545.745	27.4553	-0.942045	-2.5249	-695.606	1190.3	-277.002	-544.477	1304.01	259.069
89	1	-13	811.455	247.897	-0.996349	-0.898713	-669.843	850.87	-277.002	-699.639	888.257	268.705
206	1	-13	546.113	61.3058	-0.991914	-1.15351	1208.49	685.628	-277.002	1178.93	748.207	258.87
207	1	13	1008.5	325.54	-0.974119	1.65407	856.082	1057.51	-277.002	866.03	934.084	259.107
414	1	13	747.956	18.4403	-0.778082	2.10309	-563.285	-646.041	-277.002	-316.116	-1084.4	323.067
416	1	-13	2320.8	497.491	-0.920147	-0.626431	573.368	-1434.07	-277.002	370.745	-1288	310.689
417	1	-13	949.306	212.713	-0.931497	-0.644547	362.807	-1400.06	-277.002	176.957	-1262.07	318.138
819	1	-13	1255.97	654.194	-0.981649	-0.899096	496.575	13.5337	-277.002	431.445	95.2499	264.29
822	1	13	1262.5	256.53	-0.814017	2.00191	670.274	1185.55	-277.002	829.91	839.322	257.919
825	1	-13	763.986	152.284	-0.987417	-2.40028	518.133	190.626	-277.002	580.379	251.132	256.518
959	1	-13	1216.84	316.86	-0.932304	2.69656	-421.823	-1258.78	-277.002	-205.582	-1361.59	342.744
962	1	13	857.933	189.641	-0.914437	2.4537	486.79	-1127.84	-277.002	685.385	-1292.81	306.755
36	1	-13	855.922	282.969	-0.914467	1.84782	-550.385	1056.27	-277.002	-485.037	826.564	263.218
40	1	-13	1873.72	675.114	-0.956777	-0.333056	-941.912	-1078.59	-277.002	-1113.73	-1018.19	322.384
329	1	-13	850.112	11.3375	-0.670452	-1.78449	-575.115	-75.3991	-277.002	-421.107	527.382	264.196
333	1	-13	1510.61	8.43661	-0.955729	-2.20922	510.006	1343.98	-277.002	591.099	1475.3	252.859
335	1	-13	1031.59	21.2459	-0.854632	-1.7283	1456.66	764.52	-277.002	1495.3	1096.17	254.847
560	1	-13	1242.59	234.213	-0.967922	-0.188683	-817.625	-950.134	-277.002	-967.489	-922.393	308.195
561	1	-13	1275.88	417.89	-0.827989	-2.1286	-818.842	-1123.81	-277.002	-618.338	-800.699	286.392
653	1	-13	737.753	232.153	-0.996506	2.88596	1332.78	123.061	-277.002	1378.23	111.429	252.809
704	1	13	713.478	36.4568	-0.819488	-2.20368	-5.63937	1035.31	-277.002	222.761	1334.5	262.29
705	1	13	686.078	67.7954	-0.959894	2.99987	896.927	-188.266	-277.002	1052.95	-211.532	261.189
706	1	-13	529.051	40.4785	-0.986768	1.20268	582.973	147.298	-277.002	548.979	68.932	263.489
825	1	13	717.058	94.5168	-0.999131	2.73386	438.375	615.335	-277.002	457.129	608.067	258.663
978	1	13	2497.64	350.554	-0.565754	1.39589	-156.588	-194.302	-277.002	-306.116	-1055.4	325.423
11	1	-13	686.673	194.736	-0.992024	1.48738	1106.42	576.945	-277.002	1102.17	506.543	258.147
469	1	-13	1002.05	199.98	-0.863844	1.2266	-1358.93	-351.764	-277.002	-1469.57	-658.185	289.938
474	1	13	908.616	76.0199	-0.961758	2.81071	152.747	668.371	-277.002	299.773	619.496	261.307
475	1	13	921.876	104.913	-0.954618	2.76622	-550.982	1057.03	-277.002	-396.847	998.642	258.546
595	1	-13	650.154	62.7696	-0.946132	2.42606	-586.739	-171.445	-277.002	-432.832	-301.183	311.402
599	1	-13	629.624	27.1305	-0.933852	1.69852	979.032	1107.62	-277.002	1003.24	901.504	258.299
746	1	-13	954.98	172.475	-0.958991	1.01122	-732.148	-411.156	-277.002	-820.752	-551.349	276.856
990	1	13	3401.37	1974.45	-0.905724	2.75455	-200.964	256.045	-277.002	32.9483	160.585	262.457
53	1	-13	1088.89	410.209	-0.991517	-2.19988	822.19	787.073	-277.002	863.646	842.978	257.784
54	1	-13	778.107	109.669	-0.882708	2.21975	577.416	-899.054	-277.002	765.83	-1151.17	320.869
236	1	-13	1072.04	124.368	-0.811353	0.37756	-471.235	-525.015	-277.002	-849.474	-676.569	283.394
372	1	-13	644.896	162.569	-0.997489	-1.07128	771.024	478.19	-277.002	753.665	510.865	257.444
377	1	-13	1144.76	195.317	-0.837621	-1.99537	348.907	-917.577	-277.002	505.078	-564.762	316.092
553	1	-13	462.535	35.1376	-0.98511	-1.74414	849.457	-1.11443	-277.002	858.765	96.6884	255.661
627	1	-13	502.648	9.67447	-0.994891	2.98794	-706.445	905.958	-277.002	-646.641	902.508	263.963
859	1	-13	579.84	92.1907	-0.933497	0.259393	-640.264	914.886	-277.002	-848.235	859.441	282.005
860	1	-13	898.067	214.654	-0.929291	-2.58867	-640.313	741.685	-277.002	-457.261	854.605	261.016
906	1	13	1148.53	56.3428	-0.871107	3.08321	246.983	-1184.44	-277.002	579.502	-1198.19	315.548
907	1	13	699.804	185.36	-0.971544	-2.99282	-54.3228	1285.45	-277.002	75.7547	1304.52	258.872
908	1	-13	3034.42	1222.38	-0.98106	0.103752	1112.92	1165.97	-277.002	1007.1	1155.58	262.99
909	1	-13	497.876	19.324	-0.970884	1.55713	659.985	1263.57	-277.002	661.816	1133.89	255.356
142	1	-13	794.12	125.369	-0.986307	-0.253136	86.1248	562.924	-277.002	-1.32909	585.944	264.91
283	1	13	601.93	38.3593	-0.852552	-0.925117	-82.7646	905.839	-277.002	-279.181	1161.72	257.243
286	1	-13	2057.34	505.824	-0.982797	-0.658677	626.17	-1459.48	-277.002	539.622	-1392.87	303.497
409	1	-13	706.645	94.6045	-0.812948	-1.15094	-112.821	559.988	-277.002	-266.387	912.107	260.609
629	1	13	477.743	22.4518	-0.998782	-1.72081	-59.3034	879.841	-277.002	-58.8611	911.242	260.025
846	1	13	696.459	31.0938	-0.900739	2.81963	-651.561	-1163.79	-277.002	-378.05	-1255.62	312.471
938	1	-13	1030.54	309.53	-0.936198	1.28528	-476.6	79.324	-277.002	-537.738	-131.306	304.759
943	1	-13	612.329	22.8742	-0.999996	1.1271	-782.799	-838.147	-277.002	-784.426	-838.925	285.62
944	1	-13	517.048	81.0896	-0.979757	2.22376	-198.614	1434.78	-277.002	-135.343	1349.9	259.268
148	1	-13	966.004	195.383	-0.982359	2.43083	-1002.62	1334.39	-277.002	-925.422	1268.27	260.102
152	1	13	502.578	12.4323	-0.945116	0.75231	465.74	835.754	-277.002	344.97	704.433	260.325
219	1	-13	1031.85	207.125	-0.868347	-0.601767	404.794	96.4687	-277.002	149.936	270.957	263.127
220	1	-13	678.583	192.402	-0.974253	-0.745419	-864.084	-128.907	-277.002	-957.861	-40.7365	267.284
310	1	-13	502.954	24.9608	-0.998422	-1.17935	-922.845	1091.48	-277.002	-942.588	1124.93	261.494
570	1	13	980.438	298.297	-0.861594	1.12255	-53.7418	1123.14	-277.002	-191.375	839.118	262.374
838	1	13	1007.12	110.781	-0.767659	-1.65791	498.722	-1009.1	-277.002	545.17	-525.177	305.698
891	1	-13	505.333	1.43738	-0.948337	-2.68171	1318.03	512.435	-277.002	1490.51	613.867	255.459
980	1	-13	1253.43	601.315	-0.980036	1.37031	369.933	1063.38	-277.002	348.056	957.577	260.32
984	1	-13	478.915	1.9317	-0.991448	1.83272	-1155.8	-320.641	-277.002	-1132.95	-438.845	279.426
110	1	13	1021.6	2.66843	-0.937648	2.79697	-1068.64	863.266	-277.002	-916.649	790.986	285.547
391	1	13	523.52	4.82357	-0.851874	2.35617	405.325	-332.446	-277.002	672.037	-574.211	300.64
585	1	13	467.911	4.02602	-0.986124	0.225302	-957.521	270.897	-277.002	-1049.26	249.883	267.17
791	1	-13	714.168	34.0994	-0.870183	-2.31615	1067.2	-503.115	-277.002	1277.5	-279.392	260.668
792	1	-13	518.099	62.0961	-0.986893	-0.363675	1160.23	559.43	-277.002	1083.44	586.071	258.981
793	1	13	449.678	10.6366	-0.978342	-2.15161	-1148.14	-917.8	-277.002	-1080.36	-805.802	297.105
28	1	13	434.535	2.62263	-0.999056	-2.80005	781.279	841.132	-277.002	767.041	870.891	258.656
32	1	13	1072.21	103.143	-0.626819	-2.09513	571.546	880.228	-277.002	894.834	1439.71	250.054
34	1	13	870.263	107.004	-0.964538	-2.90123	-705.096	-202.391	-277.002	-550.892	-162.62	297.974
267	1	13	714.601	77.6157	-0.830586	-1.42099	-21.1108	946.843	-277.002	-78.3556	1309.68	258.837
413	1	13	807.554	129.661	-0.88998	2.68237	-340.03	862.743	-277.002	-96.7677	737.766	263.633
416	1	-13	5107.24	1062.12	-0.621787	-1.74457	-922.113	-1457.4	-277.002	-799.953	-761.998	282.995
593	1	13	1145.12	36.9232	-0.757847	2.37967	-1374.33	262.558	-277.002	-1029.76	-60.0397	269.944
746	1	13	649.013	35.2659	-0.995475	2.3061	-31.1066	392.969	-277.002	-2.81278	358.13	263.161
35	1	-13	628.041	40.6001	-0.986024	2.76045	-481.316	-910.839	-277.002	-397.63	-956.693	306.904
36	1	-13	909.644	251.916	-0.983058	0.675694	-1389.78	700.334	-277.002	-1470.88	635.27	290.289
237	1	-13	1145.27	293.591	-0.742424	-2.00385	15.7519	214.106	-277.002	216.902	654.327	260.945
518	1	-13	532.136	51.2681	-0.941517	1.62049	-527.949	1164.11	-277.002	-514.708	965.757	259.303
589	1	-13	667.137	89.2846	-0.998065	-0.926571	760.216	-1455.34	-277.002	741.667	-1425.57	299.924
594	1	-13	1025.45	202.971	-0.832949	-0.446801	-1029.98	-1369.19	-277.002	-1392.88	-1196.21	324.803
815	1	-13	455.268	3.58506	-0.999452	0.49463	96.8496	686.055	-277.002	96.081	697.728	261.285
947	1	13	503.205	17.3032	-0.918614	0.376248	-480.312	-80.2678	-277.002	-707.108	-164.785	275.682
949	1	13	854.545	58.7995	-0.971935	2.40454	-1081.79	-1233.94	-277.002	-978.867	-1329.98	325.753
86	1	13	709.17	81.0976	-0.924195	0.387227	912.468	553.983	-277.002	709.716	467.339	257.726
180	1	13	498.411	2.53134	-0.972878	1.76002	1129.44	1019.36	-277.002	1150.3	936.934	258.972
294	1	13	1325.86	118.422	-0.779908	-1.07503	-1103.13	-311.856	-277.002	-1311.77	76.9283	267.267
297	1	13	1925.88	493.656	-0.959949	-2.47789	-133.363	-1032.53	-277.002	19.0546	-913.182	382.701
298	1	13	627.269	14.5352	-0.999906	-2.54453	1206.86	-1456.88	-277.002	1229.68	-1447.03	349.147
534	1	-13	643.675	39.8439	-0.999514	0.128035	-112.752	-332.732	-277.002	-130.13	-339.24	360.796
538	1	-13	1048.14	433.155	-0.972042	-1.24819	1159.23	607.202	-277.002	1119.5	729.365	258.886
646	1	-13	836.936	30.0434	-0.976371	1.51569	-973.699	47.3032	-277.002	-979.462	-80.182	268.317
848	1	-13	763.89	158.974	-0.845958	2.07163	223.433	735.909	-277.002	383.516	438.195	259.853
898	1	-13	2573.59	1230.33	-0.999243	-1.70391	347.315	-1182.51	-277.002	350.768	-1158.82	327.579
901	1	-13	872.992	57.658	-0.646366	0.564375	-616.202	558.28	-277.002	-1165.68	201.375	267.756
16	1	-13	729.171	23.7817	-0.753827	-0.691201	457.158	874.597	-277.002	91.4107	1180.85	258.521
381	1	-13	457.115	11.075	-0.999476	0.50033	1337.33	848.149	-277.002	1323.73	827.195	258.946
384	1	13	1062.7	26.0707	-0.572584	-1.9356	-978.753	-1422.74	-277.002	-700.389	-671.49	281.142
489	1	-13	667.888	97.8321	-0.999407	-1.68963	299.396	-467.403	-277.002	303.604	-449.043	291.106
557	1	13	1666.51	535.206	-0.927414	1.86874	789.685	-1162.54	-277.002	858.743	-1384.97	304.281
693	1	13	1556.17	132.576	-0.542235	-1.58393	-947.17	525.308	-277.002	-939.316	1359.47	260.875
695	1	-13	613.295	26.4283	-0.85282	2.26477	1254.47	1178.59	-277.002	1457.78	919.724	255.566
698	1	13	692.078	140.246	-0.961186	0.301863	-1031.26	-965.673	-277.002	-1200.54	-1018.44	325.827
828	1	13	636.723	22.7283	-0.911639	2.5067	296.14	1423.33	-277.002	489.844	1285.34	256.204
829	1	13	480.83	22.511	-0.919791	1.31219	913.612	383.353	-277.002	867.94	178.401	255.254
831	1	-13	2074.35	921.788	-0.956197	-1.956	155.043	559.632	-277.002	216.745	711.522	260.792
953	1	-13	1115.62	58.9459	-0.694584	1.4005	545.841	1003.84	-277.002	442.314	466.092	259.285
958	1	-13	847.906	122.873	-0.880872	-2.63856	1074.25	-1274.27	-277.002	1367.71	-1109.85	344.83
70	1	-13	951.215	339.109	-0.999163	0.49536	-1428.62	799.276	-277.002	-1448.11	788.275	285.817
73	1	13	692.314	126.77	-0.989404	-0.151386	493.535	1341.56	-277.002	420.538	1352.14	258.3
74	1	-13	1338.67	337.681	-0.843358	1.00698	1376.93	1237.97	-277.002	1195.13	949.721	258.509
75	1	-13	838.519	109.715	-0.839752	-2.20472	914.052	-864.963	-277.002	1124.94	-579.46	271.104
193	1	13	567.433	17.9742	-0.99539	-1.48761	-1466.2	-222.439	-277.002	-1467.44	-161.088	274.959
380	1	13	1061.87	114.594	-0.779203	1.46518	-1272.09	-345.91	-277.001	-1321.2	-823.014	318.657
643	1	-13	926.189	84.6016	-0.826993	0.217338	-200.19	537.738	-277.002	-566.928	450.218	266.53
693	1	-13	561.515	56.1698	-0.997191	-1.38512	-1175.08	-421.329	-277.002	-1184.74	-381.932	278.822
698	1	-13	568.249	17.7784	-0.982182	-2.08269	-758.153	-1310.27	-277.002	-703.73	-1220.69	300.328
802	1	-13	1401.43	413.726	-0.66633	0.05874	1247.1	-352.426	-277.002	626.68	-386.751	277.522
949	1	-13	1589.96	732.673	-0.869859	-2.28282	77.5177	622.619	-277.002	276.073	852.162	260.068
79	1	-13	851.543	76.1866	-0.997716	-2.43145	889.306	835.584	-277.002	915.171	859.128	258.174
80	1	13	638.543	33.3329	-0.843965	0.828026	1040.11	1396.99	-277.002	819.921	1134.24	260.498
81	1	-13	668.843	58.7638	-0.980896	-2.44714	406.112	733.102	-277.002	488.386	801.511	259.188
168	1	-13	473.629	33.5533	-0.99006	2.2489	-683.713	-123.81	-277.002	-642.446	-189.255	283.851
246	1	13	642.996	0.542316	-0.887339	0.220946	1250.47	-831.727	-277.002	952.395	-848.54	349.903
349	1	13	608.838	22.2954	-0.796443	-1.07356	1018.55	543.725	-277.002	829.734	900.283	258.691
399	1	-13	1421.45	71.3904	-0.517957	2.11051	-58.8191	332.616	-277.002	415.113	-455.815	286.923
401	1	13	2804.87	1325.2	-0.981128	-0.790295	-723.506	389.118	-277.002	-800.065	465.941	274.083
405	1	13	1508.6	718.076	-0.992214	-2.25562	589.295	1000.42	-277.002	632.342	1052.41	257.624
605	1	-13	1156.89	32.9836	-0.500693	-0.575897	-449.694	-401.848	-277.002	-1218.82	116.054	266.283
66	1	-13	2375.44	794.388	-0.922482	0.579836	635.693	-228.549	-277.002	442.48	-355.395	276.376
215	1	13	723.383	119.213	-0.882112	-0.0556599	628.7	686.693	-277.002	344.97	704.433	260.325
216	1	13	2152.1	45.9286	-0.638484	-1.2085	-611.488	38.9049	-277.002	-852.522	669.705	280.565
378	1	-13	1984.49	1106.58	-0.999848	-2.11762	1223.13	-612.665	-277.002	1227.85	-604.663	268.298
498	1	13	973.385	95.9251	-0.756539	0.116225	-875.846	-659.011	-277.002	-1376.56	-715.592	305.932
500	1	13	675.803	182.747	-0.916204	2.06034	400.56	78.1708	-277.002	510.89	-130.344	268.856
501	1	13	1449.27	80.3056	-0.816094	2.08903	-40.8196	-1032.8	-277.002	170.582	-1396.43	312.9
503	1	13	896.148	91.4465	-0.995181	2.07362	-176.865	990.414	-277.002	-152.477	943.775	259.578
728	1	13	503.314	38.077	-0.999368	-2.33892	913.225	-37.1112	-277.002	930.672	-24.4705	255.618
822	1	-13	1146.2	62.7039	-0.795138	3.10327	-915.888	1424.44	-277.002	-500.122	1410.25	258.738
824	1	-13	596.737	36.2101	-0.895573	-0.691862	379.477	-217.322	-277.002	181.287	-29.898	272.944
912	1	-13	490.852	18.5899	-0.956417	0.761847	310.559	400.053	-277.002	187.028	285.852	262.831
915	1	13	2221.54	1114.83	-0.921388	0.291305	780.318	-454.959	-277.002	545.17	-525.177	305.698
21	1	13	961.06	25.3971	-0.585737	2.75067	49.4782	585.793	-277.002	735.173	296.448	255.058
22	1	13	766.506	37.2549	-0.926631	-0.735136	1256.47	-99.849	-277.001	1101.8	46.2604	255.424
25	1	13	680.392	1.62916	-0.991638	0.945899	68.8123	-1449.58	-277.002	44.3807	-1494.87	318.649
27	1	-13	594.971	67.7103	-0.917707	1.52681	-1127.49	162.314	-277.002	-1136.18	-75.6797	272.404
254	1	13	793.451	195.377	-0.956065	-2.15304	161.346	1061.27	-277.002	248.88	1197.86	258.762
464	1	-13	787.554	28.6642	-0.93016	-2.33015	852.656	-1447.49	-277.002	1018.68	-1272.19	340.607
466	1	13	711.786	119.911	-0.960157	2.23992	-506.569	105.192	-277.002	-394.881	-34.2669	331.871
553	1	-13	1288.81	258.604	-0.64419	1.2783	-725.438	441.115	-277.002	-913.415	-180.181	270.273
555	1	13	3749.79	1785.28	-0.712519	2.26847	-1042.96	228.786	-277.002	-692.633	-189.505	277.406
935	1	13	585.807	12.2786	-0.965777	-1.49272	96.1464	183.127	-277.002	78.84	333.29	263.533
936	1	13	631.947	77.9857	-0.999896	-0.27593	796.032	-108.224	-277.002	786.4	-102.387	256.435
35	1	-13	1541.09	480.715	-0.846231	-0.862004	-1218.26	519.834	-277.002	-1448.11	788.275	285.817
37	1	-13	691.407	2.61603	-0.863324	-0.885871	1312.98	427.436	-277.002	1115.96	702.267	259.406
41	1	-13	599.708	2.84237	-0.94387	-1.71955	717.418	-1288.49	-277.002	749.157	-1099.81	330.937
186	1	-13	1198.25	313.955	-0.839421	-0.352746	-1131	-285.385	-277.002	-1467.44	-161.088	274.959
660	1	-13	1511.28	318.454	-0.787843	0.696394	-396.291	812.867	-277.002	-730.612	535.154	275.903
45	1	13	830.848	68.9839	-0.800732	1.66218	250.884	794.608	-277.002	291.827	393.721	260.726
267	1	-13	722.908	33.8551	-0.727531	1.97347	967.615	1188.42	-277.002	1171.56	716.479	259.522
337	1	-13	1384.02	381.771	-0.766664	1.73379	1214.85	268.271	-277.002	1288.32	-174.577	258.684
430	1	13	1776.23	418.887	-0.817306	-0.913559	-1108.42	187.601	-277.002	-1363.73	518.78	317.751
431	1	13	706.98	35.9296	-0.692206	2.69772	708.432	231.285	-277.002	1215.05	-18.4446	258.522
432	1	13	583.914	83.1686	-0.998796	-2.65115	467.193	679.968	-277.002	493.726	688.477	256.721
433	1	-13	1006.03	98.8036	-0.804773	-2.65946	979.06	293.75	-277.002	1321.45	476.486	256.272
710	1	-13	518.071	23.8066	-0.997444	1.07641	-309.902	451.335	-277.002	-324.221	420.187	263.883
905	1	-13	1015.37	112.677	-0.875461	-2.8677	-110.132	692.364	-277.002	175.315	768.38	260.46
906	1	-13	544.574	33.9004	-0.998533	-1.32182	-1168.01	1397.05	-277.002	-1171.7	1418.66	264.378
909	1	13	825.532	98.6078	-0.942661	-1.49399	-310.812	736.899	-277.002	-324.615	926.392	259.893
56	1	-13	5400.96	731.533	-0.395534	-0.968379	255.512	-556.553	-277.002	-455.818	476.768	264.704
58	1	-13	684.956	118.025	-0.879236	-1.57254	757.589	-1003.52	-277.002	757.297	-682.86	317.602
514	1	-13	673.071	86.8109	-0.887867	3.12028	294.63	-1184.08	-277.002	602.472	-1191.34	316.186
763	1	13	524.777	29.6083	-0.933091	-2.97531	613.789	167.997	-277.002	814.989	203.555	255.346
864	1	13	1595.02	354.736	-0.718445	-0.952105	-1091.47	-140.246	-277.002	-1411.68	314.046	293.292
867	1	-13	2066.13	463.997	-0.683194	-1.93782	-163.913	19.273	-277.002	44.4288	560.741	265.5
7	1	-13	2380.95	513.505	-0.496222	-0.418446	1450.8	799.191	-277.002	598.12	1177.7	254.878
10	1	13	876.596	278.42	-0.992345	2.85386	912.474	1418.69	-277.002	974.956	1400.19	253.084
312	1	-13	1155.86	395.02	-0.999902	2.03607	902.115	462.308	-277.002	905.641	456.656	258.517
313	1	-13	461.732	3.63732	-0.994419	-2.65661	-958.075	373.972	-277.002	-914.97	402.394	272.215
393	1	-13	576.099	98.3173	-0.984846	3.08428	332.122	895.258	-277.002	429.284	892.212	261.219
394	1	13	870.735	268.395	-0.986733	0.685098	390.9	116.847	-277.002	320.826	60.2829	267.904
526	1	13	1182.03	569.427	-0.972709	-0.194279	824.999	1206.35	-277.002	700.338	1230.94	255.134
529	1	13	513.148	1.02088	-0.990576	1.14922	-1085.04	-599.863	-277.002	-1125.16	-624.438	284.971
599	1	-13	685.706	119.076	-0.898267	-0.131225	292.628	596.104	-277.002	30.9946	628.286	263.519
600	1	-13	850.321	9.43984	-0.682148	-0.356334	1353.05	-886.876	-277.002	734.239	-675.433	319.707
785	1	-13	1367.23	593.069	-0.993106	1.26833	-878.3	-1138.94	-277.002	-899.633	-1206.56	314.264
786	1	-13	2173.71	47.5773	-0.459772	-3.04028	-747.528	1026.34	-277.002	314.718	1134.96	257.156
120	1	13	579.857	7.94507	-0.92629	0.694284	116.383	-1148.51	-277.002	-99.6422	-1289.57	344.14
200	1	-13	1675.51	191.663	-0.545506	-1.92659	-1411.53	-736.889	-277.002	-1120.89	48.8217	267.832
287	1	-13	693.568	0.299287	-0.901469	2.81408	-1236.8	1430.11	-277.002	-887.068	1367.61	260.3
288	1	-13	1610.67	79.8075	-0.810089	0.945987	178.949	-48.5438	-277.002	-93.69	-428.293	365.136
289	1	-13	667.541	33.3934	-0.946967	-1.45571	-1345.03	-673.417	-277.002	-1366.47	-481.667	280.745
290	1	13	1235.06	410.411	-0.980189	-2.34658	806.977	594.988	-277.002	883.116	672.51	259.608
291	1	-13	969.946	69.6414	-0.685407	-2.78824	-718.961	139.684	-277.002	-170.282	341.872	262.963
800	1	-13	505.534	55.6259	-0.999601	1.40799	-1386.89	-214.704	-277.002	-1392.93	-231.631	272.269
802	1	-13	2157.66	459.401	-0.441209	1.5781	29.879	1421.47	-277.002	38.2494	325.27	263.656
803	1	13	1283.91	82.9503	-0.901457	2.7427	655.198	-1300.78	-277.002	913.57	-1408.94	306.165
181	1	-13	906.777	153.398	-0.753348	-1.96691	1144.14	-858.002	-277.002	1325.42	-423.262	262.303
332	1	13	1119.14	155.647	-0.771679	2.26919	-1094	-410.681	-277.002	-799.953	-761.998	282.995
469	1	-13	994.418	104.366	-0.903092	-0.298006	454.733	289.396	-277.002	212.737	364.888	262.156
546	1	13	1599.2	159.766	-0.858698	-1.66952	1082.8	611.046	-277.002	1114.41	928.491	259.154
552	1	13	644.141	26.74	-0.873268	0.222719	-1155.53	144.481	-277.002	-1448.83	77.1432	272.394
722	1	-13	555.655	9.50813	-0.99949	0.455685	813.594	-899.124	-277.002	807.308	-906.43	361.777
725	1	-13	1982.09	697.691	-0.759519	-0.43171	-338.43	-530.89	-277.002	-768.968	-333.305	274.986
727	1	-13	939.988	182.809	-0.760188	2.20842	-892.393	-1020.48	-277.002	-589.666	-1434.9	322.329
805	1	13	564.41	21.6864	-0.896109	1.50714	-355.507	-660.892	-277.002	-397.63	-956.693	306.904
806	1	-13	930.183	133.778	-0.884492	0.71024	-1243.63	833.275	-277.002	-1470.88	635.27	290.289
809	1	-13	510.207	6.57554	-0.950015	0.330025	831.455	884.757	-277.002	683.136	823.244	258.731
161	1	-13	1844.2	574.936	-0.722591	-0.684117	-745.034	454.17	-277.002	-1164.64	796.562	289.406
578	1	-13	1061.4	139.731	-0.815609	-3.02154	-249.768	1330.74	-277.002	136.761	1378.3	261.578
682	1	-13	570.371	127.136	-0.995442	-0.17751	439.763	2.87349	-277.002	390.74	13.6012	265.815
683	1	13	499.929	39.5894	-0.985197	-2.9117	-1202.26	-488.097	-277.002	-1117.43	-470.55	279.991
917	1	13	848.188	130.538	-0.936318	-3.03126	-1342.68	-1307.21	-277.002	-1118.26	-1284.47	326.605
919	1	13	428.901	3.63795	-0.98898	-2.128	511.966	299.394	-277.002	548.715	346.958	257.978
920	1	-13	1086.02	329.608	-0.997083	1.59388	691.939	1325.16	-277.002	691.808	1283.54	255.432
995	1	13	535.127	31.7584	-0.898198	1.04653	166.054	1495.43	-277.002	35.4041	1263.82	258.202
996	1	-13	517.13	29.5719	-0.935802	1.96029	694.267	549.182	-277.002	762.258	360.064	255.956
98	1	13	2553.11	604.16	-0.813222	2.30395	662.648	822.031	-277.002	918.976	537.584	258.904
99	1	-13	531.1	83.5628	-0.973307	2.04251	1088.49	1.83123	-277.002	1146.56	-107.382	259.567
103	1	13	901.842	235.789	-0.893589	-0.627097	1225.24	244.543	-277.002	1007.25	404.505	258.614
407	1	-13	1235.19	122.534	-0.831763	2.91455	36.7987	-1374.1	-277.002	416.55	-1459.61	301.94
410	1	-13	1068.9	119.173	-0.73276	2.19704	1177.18	1051.54	-277.002	1467.94	654.338	255.961
841	1	13	637.092	25.2002	-0.793313	-1.67375	884.534	-375.739	-277.002	924.866	42.5198	255.014
843	1	-13	594.74	70.0671	-0.989002	0.362377	316.944	-634.989	-277.002	233.421	-664.396	330.435
844	1	13	1535.05	761.338	-0.999147	0.170389	-283.613	561.127	-277.002	-305.875	557.163	265.139
14	1	-13	872.171	274.679	-0.990099	1.52063	-325.87	646.864	-277.002	-329.694	569.971	265.488
17	1	-13	1596.23	356.826	-0.95854	-1.51346	-1176.43	280.505	-277.002	-1185.45	449.815	294.713
19	1	13	656.237	117.069	-0.999743	0.511686	-282.801	97.3213	-277.002	-293.975	88.1112	294.46
261	1	-13	1448.2	92.6347	-0.563389	1.59431	-231.736	1325.97	-277	-213.999	526.142	263.511
262	1	13	903.964	35.0304	-0.712092	-0.525074	-501.446	998.47	-277.002	-970.657	1258.17	260.421
264	1	13	934.623	168.143	-0.964121	0.953402	1236.13	1056.94	-277.002	1150.3	936.934	258.972
436	1	-13	836.273	198.569	-0.905857	-3.08667	572.315	366.295	-277.002	820.015	379.3	256.506
440	1	13	849.615	120.477	-0.991438	-0.703836	-826.526	1356.61	-277.002	-881.208	1401.82	260.616
609	1	-13	1089.37	419.377	-0.946225	3.11589	1294.57	1075.15	-277.002	1475.88	1070.83	254.69
672	1	-13	451.689	40.5651	-0.985135	-2.56073	324.585	112.474	-277.002	394.571	159.402	264.013
879	1	13	447.398	31.9643	-0.999552	-0.938378	-961.709	942.377	-277.002	-967.942	956.627	271.967
880	1	-13	897.093	30.7382	-0.938747	-0.709326	-885.974	147.01	-277.002	-1042.83	277.667	268.68
992	1	-13	477.622	30.8925	-0.983973	-0.974593	-1107.96	125.619	-277.002	-1165.68	201.375	267.756
114	1	13	846.841	17.4382	-0.643693	0.260314	394.419	342.748	-277.002	-254.201	156.599	276.27
145	1	13	960.243	210.695	-0.707608	-2.35898	-804.801	291.882	-277.002	-419.724	675.599	269.217
301	1	-13	960.631	340.652	-0.978068	1.94224	-683.147	1080.93	-277.002	-640.419	975.168	261.1
305	1	-13	1026.62	371.499	-0.91449	1.90043	446.232	1190.22	-277.002	522.327	966.124	259.931
415	1	13	895.595	308.828	-0.992012	-0.407501	1252.6	944.628	-277.002	1188.77	970.676	258.356
417	1	-13	1739.64	458.489	-0.565215	-0.803716	-346.736	476.933	-277.002	-889.472	1045.32	261.724
534	1	13	716.909	97.8168	-0.978936	1.68076	-331.644	-1066.29	-277.002	-316.269	-1191.57	322.754
538	1	13	678.895	7.82064	-0.806113	2.49111	-1494.32	693.725	-277.002	-1198.39	438.863	295.364
638	1	13	1531.01	373.311	-0.999732	1.68322	-1329.66	342.227	-277.002	-1328.25	329.764	292.472
770	1	-13	695.402	47.8279	-0.916547	-2.25788	925.225	-768.968	-277.002	1078.45	-587.631	272.958
774	1	-13	665.487	58.3263	-0.947677	1.90132	-1071.48	-117.617	-277.002	-1014.19	-287.986	273.618
870	1	-13	698.166	88.6386	-0.984473	1.98484	-977.295	663.427	-277.002	-936.08	577.51	281.578
961	1	-13	793.236	165.207	-0.998265	-0.604737	-846.808	931.647	-277.002	-874.504	950.546	270.279
29	1	-13	506.329	12.6917	-0.999081	-1.44574	262.005	1073.74	-277.002	254.045	1098.76	258.204
33	1	13	1599.54	145.335	-0.799025	0.307371	1466.9	-438.963	-277.002	1070.99	-564.431	272.317
232	1	-13	1052.19	296.428	-0.929169	0.835068	1357.3	186.775	-277.002	1214.63	30.1473	258.044
233	1	13	657.75	16.9262	-0.989285	-2.41618	894.597	-692.601	-277.002	948.622	-644.745	284.555
385	1	-13	752.366	130.222	-0.861774	-2.88037	-440.664	1198.52	-277.002	-136.866	1277.12	259.528
387	1	13	917.502	140.984	-0.998749	-0.595233	299.401	-428.845	-277.002	272.166	-413.551	289.474
924	1	13	2732.71	658.568	-0.500095	-1.41903	-507.274	66.3904	-277.002	-648.204	986.422	260.888
925	1	13	622.752	23.4331	-0.902132	2.34391	-1197.09	-275.216	-277.002	-995.991	-461.641	277.179
77	1	-13	539.456	9.99328	-0.99214	-0.973283	1495.56	-886.819	-277.002	1470.25	-815.607	271.241
155	1	-13	447.108	4.76473	-0.960898	-2.11902	639.847	829.472	-277.002	715.544	959.361	260.144
243	1	13	868.713	4.28135	-0.742116	1.81347	317.561	-190.073	-277.002	426.947	-834.733	392.145
327	1	-13	428.992	11.9457	-0.976854	-2.04393	188.756	1341.11	-277.002	240.688	1458.85	261.552
484	1	-13	564.983	65.3911	-0.93512	1.68507	-645.603	-536.374	-277.002	-621.487	-751.847	285.463
485	1	13	669.009	58.4485	-0.998828	-0.0935899	881.338	452.04	-277.002	853.969	454.876	257.419
561	1	-13	753.839	45.4997	-0.754164	-0.595614	172.8	863.384	-277.002	-223.656	1137.03	258.019
565	1	-13	1151.67	87.6888	-0.971012	-1.3415	-117.98	-927.383	-277.002	-152.281	-767.305	369.499
645	1	-13	764.158	30.4145	-0.99776	0.616475	-596.232	336.837	-277.002	-617.627	324.024	272.192
833	1	-13	1593.48	550.851	-0.858609	0.626685	1086.97	884.662	-277.002	828.052	697.722	259.077
938	1	-13	2215.54	791.105	-0.726671	1.16948	-660.078	-888.182	-277.002	-880.045	-1404.72	316.779
940	1	13	1005.44	367.315	-0.93858	2.86844	250.837	-1344.72	-277.002	454.622	-1402.56	303.475
942	1	-13	619.141	69.9698	-0.987308	0.656558	416.605	-1081.44	-277.002	339.561	-1133.1	333.401
151	1	13	532.478	21.1028	-0.82047	0.833416	871.243	1016.21	-277.002	625.635	748.752	256.499
152	1	13	473.315	19.2238	-0.998271	-0.665984	1356.52	1421.99	-277.002	1330.78	1438.22	249.479
219	1	13	954.278	87.9697	-0.743688	2.21419	249.686	493.566	-277.002	539.125	108.817	262.589
220	1	13	416.492	11.9666	-0.99487	1.48215	998.2	502.019	-277.002	993.86	421.395	258.234
480	1	-13	466.363	22.1734	-0.999968	2.80203	1436.83	702.57	-277.002	1443.42	698.981	255.973
571	1	-13	1442.51	89.3345	-0.642798	-2.85477	431.562	-185.391	-277.002	1031.95	-8.79071	254.492
573	1	-13	860.924	62.9383	-0.857292	0.801985	1075.01	-476.946	-277.002	828.485	-732.558	322.781
694	1	13	1011.77	427.159	-0.995334	-2.79509	173.189	1276.87	-277.002	222.543	1294.67	261.18
969	1	13	994.721	118.634	-0.915707	-2.33904	728.636	-716.819	-277.002	896.285	-549.016	272.115
971	1	-13	552.507	17.3057	-0.994088	-1.02644	558.851	428.904	-277.002	548.006	480.734	258.661
134	1	-13	614.816	59.6506	-0.893978	1.7951	-1297.53	860.958	-277.002	-1232.31	584.455	291.124
136	1	13	824.454	144.216	-0.968285	-0.245836	828.22	105.461	-277.002	694.796	140.581	258.096
138	1	-13	3307.59	882.25	-0.600784	0.67975	322.948	573.61	-277.002	-258.831	101.332	286.205
246	1	-13	558.677	84.766	-0.999949	2.3151	-1392.18	-604.674	-277.002	-1390.4	-606.303	296.035
248	1	-13	861.798	34.9222	-0.86416	-0.338286	-13.3689	902.367	-277.002	-314.473	996.336	258.732
249	1	-13	1948.17	159.683	-0.949546	0.124062	1452.45	589.45	-277.002	1275.76	566.525	256.325
490	1	-13	504.275	7.01855	-0.976719	-0.452593	-419.92	-607.827	-277.002	-519.687	-577.025	293.588
496	1	-13	669.414	116.47	-0.878702	2.38871	1223.17	97.023	-277.002	1433.66	-96.6145	252.438
623	1	-13	758.992	141.874	-0.998542	1.32989	1161.71	-969.41	-277.002	1153.47	-1004.02	333.802
627	1	13	568.2	41.8043	-0.993726	-3.10378	17.6626	1454.73	-277.002	81.7943	1456.57	260.697
628	1	13	621.935	33.8492	-0.985026	-0.955724	683.735	1056.82	-277.002	634.855	1130.99	255.487
3	1	-13	838.092	118.281	-0.87152	-0.000162287	-241.505	914.752	-277.002	-541.701	913.107	260.266
224	1	-13	496.027	6.67791	-0.996385	2.05345	978.685	-714.784	-277.002	1003.97	-754.743	306.134
225	1	13	952.714	32.7426	-0.789992	-1.83336	793.409	707.199	-277.002	910.02	1104.55	264.559
692	1	-13	844.477	299.616	-0.984285	-0.148045	-84.3344	480.684	-277.002	-179.574	494.4	261.985
203	1	13	1430.02	245.369	-0.9847	-2.12823	-264.183	1159.71	-277.002	-214.512	1240.52	259.567
206	1	13	916.251	261.798	-0.999647	-0.396767	-731.28	-208.211	-277.002	-744.54	-201.682	273.727
297	1	-13	730.997	37.641	-0.708392	2.44864	77.94	981.008	-277.002	494.629	653.94	257.057
423	1	-13	503.304	16.7479	-0.996881	-0.794248	1410.68	1210.51	-277.002	1398.7	1241.74	254.444
518	1	13	589.466	12.2774	-0.983618	0.430656	1050.65	-1132.26	-277.002	936.808	-1176.54	339.386
520	1	-13	657.28	49.9239	-0.999019	-0.731419	-464.416	-437.069	-277.002	-485.141	-420.119	301.355
635	1	-13	596.187	5.74314	-0.959176	2.87032	357.331	-488.628	-277.002	512.645	-532.753	307.055
72	1	-13	832.946	96.8631	-0.834704	-1.92234	118.316	-1123.45	-277.002	262.098	-734.192	354.101
75	1	13	744.183	78.716	-0.998876	-1.48781	-1106.95	-1042.44	-277.002	-1113.73	-1018.19	322.384
191	1	-13	430.122	11.2429	-0.976438	2.50933	1285.1	657.761	-277.002	1383.33	598.417	255.954
194	1	13	1435.55	541.254	-0.840114	-1.27624	318.198	-115.509	-277.002	218.388	217.78	262.114
274	1	13	1041.82	179.551	-0.894523	-3.03296	-828.929	-285.905	-277.002	-547.337	-252.545	290.407
321	1	-13	1275.09	27.1538	-0.988063	-0.0818671	-47.7818	-451.149	-277.002	-153.673	-453.382	375.451
456	1	13	983.136	296.968	-0.921629	-2.63591	-826.04	-915.843	-277.002	-618.338	-800.699	286.392
460	1	13	572.802	3.94105	-0.857384	2.72563	819.169	-403.084	-277.002	1101.17	-530.591	270.02
602	1	-13	586.04	99.2296	-0.996214	-1.02671	1388.95	949.684	-277.002	1364.33	986.122	256.803
607	1	-13	1067.56	195.895	-0.642356	1.29403	1027.03	112.921	-277.002	846.17	-516.291	270.084
608	1	-13	586.591	64.5223	-0.904096	-1.32543	891.092	372.442	-277.002	831.782	621.653	259.501
652	1	-13	1537.95	424.08	-0.807357	-2.10282	638.277	821.275	-277.002	839.441	1159.87	262.312
888	1	-13	516.213	4.77103	-0.996826	-0.0490461	494.614	597.193	-277.002	457.129	608.067	258.663
945	1	13	629.089	27.8299	-0.999608	-1.50155	461.139	907.761	-277.002	458.496	921.957	261.298
947	1	-13	2024.82	326.715	-0.828505	2.77198	-125.763	-541.891	-277.002	260.205	-692.162	338.556
949	1	-13	817.43	126.034	-0.955186	1.9646	-424.109	1497.88	-277.002	-360.251	1345.88	259.163
950	1	-13	3020.77	626.722	-0.951911	3.03928	-498.931	-1035.27	-277.002	-306.116	-1055.4	325.423
88	1	-13	1316.23	338.907	-0.697876	-0.635017	-509.094	-1224.66	-277.002	-992.848	-871.995	305.026
89	1	13	1001.41	400.735	-0.985242	1.48899	-339.178	324.376	-277.002	-348.448	229.956	270.662
169	1	13	597.644	95.8816	-0.996845	0.797877	-880.074	259.297	-277.002	-910.872	226.595	267.438
280	1	-13	1386	597.252	-0.961456	-0.11792	-664.484	-738.356	-277.002	-824.129	-720.034	283.134
281	1	-13	571.069	90.7737	-0.996002	-2.98994	-860.335	938.174	-277.002	-814.142	951.257	267.067
405	1	13	646.221	131.45	-0.999906	-2.93099	-485.518	-1203.88	-277.002	-477.511	-1201.02	300.223
443	1	-13	879.149	218.078	-0.993521	-1.23012	228.042	-998.848	-277.002	203.208	-928.063	375.434
620	1	13	528.283	85.2757	-0.999151	0.037679	158.297	910.279	-277.002	138.217	910.947	258.059
622	1	-13	1721.53	253.394	-0.960157	0.507235	535.093	-158.309	-277.002	395.473	-236.799	273.178
777	1	13	536.554	21.3585	-0.954582	-2.06981	-620.381	-654.849	-277.002	-542.174	-495.403	290.96
897	1	-13	496.943	41.3683	-0.973998	-2.07927	-1260.38	-240.976	-277.002	-1201.76	-126.503	272.155
898	1	-13	2744.4	461.751	-0.956721	-0.996219	15.3054	-1221.66	-277.002	-92.7416	-1053.34	381.154
900	1	-13	1463.6	547.472	-0.986653	-1.95896	35.9247	119.618	-277.002	69.101	202.462	261.583
901	1	13	1018.54	334.814	-0.998508	-0.561112	-1157.66	1182.35	-277.002	-1183.82	1198.31	267.297
14	1	-13	872.171	274.679	-0.990099	1.52063	-325.87	646.864	-277.002	-329.694	569.971	265.488
17	1	-13	1596.23	356.826	-0.95854	-1.51346	-1176.43	280.505	-277.002	-1185.45	449.815	294.713
19	1	13	656.237	117.069	-0.999743	0.511686	-282.801	97.3213	-277.002	-293.975	88.1112	294.46
261	1	-13	1448.2	92.6347	-0.563389	1.59431	-231.736	1325.97	-277	-213.999	526.142	263.511
262	1	13	903.964	35.0304	-0.712092	-0.525074	-501.446	998.47	-277.002	-970.657	1258.17	260.421
264	1	13	934.623	168.143	-0.964121	0.953402	1236.13	1056.94	-277.002	1150.3	936.934	258.972
436	1	-13	836.273	198.569	-0.905857	-3.08667	572.315	366.295	-277.002	820.015	379.3	256.506
440	1	13	849.615	120.477	-0.991438	-0.703836	-826.526	1356.61	-277.002	-881.208	1401.82	260.616
609	1	-13	1089.37	419.377	-0.946225	3.11589	1294.57	1075.15	-277.002	1475.88	1070.83	254.69
672	1	-13	451.689	40.5651	-0.985135	-2.56073	324.585	112.474	-277.002	394.571	159.402	264.013
879	1	13	447.398	31.9643	-0.999552	-0.938378	-961.709	942.377	-277.002	-967.942	956.627	271.967
880	1	-13	897.093	30.7382	-0.938747	-0.709326	-885.974	147.01	-277.002	-1042.83	277.667	268.68
992	1	-13	477.622	30.8925	-0.983973	-0.974593	-1107.96	125.619	-277.002	-1165.68	201.375	267.756
43	1	-13	781.853	133.635	-0.954281	1.77262	-784.955	-663.906	-277.002	-746.139	-833.511	285.398
44	1	13	1475.86	611.397	-0.833198	-3.13082	-263.326	1176.87	-277.002	91.4107	1180.85	258.521
244	1	13	850.74	18.1113	-0.984552	0.0377081	-599.479	-663.902	-277.002	-700.389	-671.49	281.142
479	1	-13	905.374	310.784	-0.997745	2.32372	-4.12915	1009.67	-277.002	20.2272	983.186	260.396
481	1	-13	520.165	12.0613	-0.933723	-0.21562	-184.714	1445	-277.002	-382.408	1481.9	260.739
626	1	13	887.474	171.57	-0.981177	-1.83641	580.01	-821.796	-277.002	612.745	-703.226	349.75
628	1	-13	742.777	80.3862	-0.877996	2.3682	-1439.39	-788.989	-277.002	-1200.54	-1018.44	325.827
714	1	-13	677.633	25.3291	-0.787722	1.70662	-525.759	-287.829	-277.002	-456.293	-744.958	300.059
718	1	13	625.558	45.5045	-0.972553	1.12421	-1160.04	1392.86	-277.002	-1217.48	1276.92	264.751
808	1	13	1130.37	512.148	-0.954479	-1.5184	885.302	-613.858	-277.002	876.09	-442.877	266.861
811	1	-13	811.314	198.922	-0.999844	-0.794659	1375.32	-1115.64	-277.002	1367.71	-1109.85	344.83
896	1	13	2653.1	1223.93	-0.883056	1.13365	-1251.52	890.902	-277.002	-1379.82	616.996	291.151
898	1	-13	548.773	37.6665	-0.991527	-0.947048	-455.867	-373.756	-277.002	-507.294	-311.228	292.077
899	1	13	567.164	2.68867	-0.888744	0.179429	184.967	-17.4727	-277.002	-79.9909	-84.9074	293.133
77	1	-13	539.456	9.99328	-0.99214	-0.973283	1495.56	-886.819	-277.002	1470.25	-815.607	271.241
155	1	-13	447.108	4.76473	-0.960898	-2.11902	639.847	829.472	-277.002	715.544	959.361	260.144
243	1	13	868.713	4.28135	-0.742116	1.81347	317.561	-190.073	-277.002	426.947	-834.733	392.145
327	1	-13	428.992	11.9457	-0.976854	-2.04393	188.756	1341.11	-277.002	240.688	1458.85	261.552
484	1	-13	564.983	65.3911	-0.93512	1.68507	-645.603	-536.374	-277.002	-621.487	-751.847	285.463
485	1	13	669.009	58.4485	-0.998828	-0.0935899	881.338	452.04	-277.002	853.969	454.876	257.419
561	1	-13	753.839	45.4997	-0.754164	-0.595614	172.8	863.384	-277.002	-223.656	1137.03	258.019
565	1	-13	1151.67	87.6888	-0.971012	-1.3415	-117.98	-927.383	-277.002	-152.281	-767.305	369.499
645	1	-13	764.158	30.4145	-0.99776	0.616475	-596.232	336.837	-277.002	-617.627	324.024	272.192
833	1	-13	1593.48	550.851	-0.858609	0.626685	1086.97	884.662	-277.002	828.052	697.722	259.077
938	1	-13	2215.54	791.105	-0.726671	1.16948	-660.078	-888.182	-277.002	-880.045	-1404.72	316.779
940	1	13	1005.44	367.315	-0.93858	2.86844	250.837	-1344.72	-277.002	454.622	-1402.56	303.475
942	1	-13	619.141	69.9698	-0.987308	0.656558	416.605	-1081.44	-277.002	339.561	-1133.1	333.401
34	1	-13	1155.23	414.44	-0.992027	2.48816	-1310.17	-558.476	-277.002	-1252.96	-602.43	292.655
360	1	-13	600.191	49.0273	-0.995493	1.93672	678.443	1374.99	-277.002	693.894	1335.68	254.549
465	1	-13	427.422	11.0265	-0.933699	-2.63261	1108.44	109.984	-277.002	1280.57	200.214	254.609
467	1	13	728.492	71.2236	-0.948331	1.75647	-54.2566	-869.87	-277.002	-16.5892	-1080.41	374.406
680	1	-13	838.541	201.366	-0.99848	3.0127	-731.729	1495.86	-277.002	-704.478	1491.29	260.988
771	1	13	508.509	10.4433	-0.965902	2.92255	740.881	-149.202	-277.002	878.031	-181.276	257.979
858	1	13	2512.94	675.924	-0.994489	0.32777	657.617	-1361.05	-277.002	599.567	-1380.41	303.973
859	1	13	581.209	34.6714	-0.897662	2.87244	-863.85	-559.328	-277.002	-599.238	-621.655	286.582
860	1	-13	589.746	11.6961	-0.890736	-2.23557	1280.67	450.767	-277.002	1474.26	665.908	255.889
120	1	13	579.857	7.94507	-0.92629	0.694284	116.383	-1148.51	-277.002	-99.6422	-1289.57	344.14
200	1	-13	1675.51	191.663	-0.545506	-1.92659	-1411.53	-736.889	-277.002	-1120.89	48.8217	267.832
287	1	-13	693.568	0.299287	-0.901469	2.81408	-1236.8	1430.11	-277.002	-887.068	1367.61	260.3
288	1	-13	1610.67	79.8075	-0.810089	0.945987	178.949	-48.5438	-277.002	-93.69	-428.293	365.136
289	1	-13	667.541	33.3934	-0.946967	-1.45571	-1345.03	-673.417	-277.002	-1366.47	-481.667	280.745
290	1	13	1235.06	410.411	-0.980189	-2.34658	806.977	594.988	-277.002	883.116	672.51	259.608
291	1	-13	969.946	69.6414	-0.685407	-2.78824	-718.961	139.684	-277.002	-170.282	341.872	262.963
800	1	-13	505.534	55.6259	-0.999601	1.40799	-1386.89	-214.704	-277.002	-1392.93	-231.631	272.269
802	1	-13	2157.66	459.401	-0.441209	1.5781	29.879	1421.47	-277.002	38.2494	325.27	263.656
803	1	13	1283.91	82.9503	-0.901457	2.7427	655.198	-1300.78	-277.002	913.57	-1408.94	306.165
126	1	13	1549.26	775.52	-0.998542	2.05189	1324.74	1106.52	-277.002	1338.61	1080.78	256.252
211	1	-13	714.089	23.3462	-0.973656	2.00922	-19.3104	-1313.63	-277.002	44.2228	-1435.79	319.553
212	1	-13	560.305	80.3845	-0.937119	0.0113933	730.467	577.577	-277.002	530.524	576.334	258.01
215	1	-13	726.63	177.713	-0.915049	-0.554879	-109.4	250.006	-277.002	-309.87	375.32	264.548
273	1	13	566.981	6.28777	-0.836473	-1.72688	-65.5368	-458.074	-277.002	-22.7213	-85.8145	288.647
274	1	13	1016.05	54.8587	-0.989616	-1.91639	-753.726	-144.257	-277.002	-721.732	-70.1491	277.159
559	1	-13	793.792	204.205	-0.901904	-2.70422	755.227	1111.82	-277.002	990.769	1223.33	261.645
652	1	13	2141.59	270.499	-0.772532	-2.23758	-861.501	-515.019	-277.002	-566.843	-139.259	298.976
802	1	13	613.713	49.1628	-0.997687	-0.727076	302.656	1056.45	-277.002	281.071	1079.48	258.432
161	1	-13	1844.2	574.936	-0.722591	-0.684117	-745.034	454.17	-277.002	-1164.64	796.562	289.406
578	1	-13	1061.4	139.731	-0.815609	-3.02154	-249.768	1330.74	-277.002	136.761	1378.3	261.578
682	1	-13	570.371	127.136	-0.995442	-0.17751	439.763	2.87349	-277.002	390.74	13.6012	265.815
683	1	13	499.929	39.5894	-0.985197	-2.9117	-1202.26	-488.097	-277.002	-1117.43	-470.55	279.991
917	1	13	848.188	130.538	-0.936318	-3.03126	-1342.68	-1307.21	-277.002	-1118.26	-1284.47	326.605
919	1	13	428.901	3.63795	-0.98898	-2.128	511.966	299.394	-277.002	548.715	346.958	257.978
920	1	-13	1086.02	329.608	-0.997083	1.59388	691.939	1325.16	-277.002	691.808	1283.54	255.432
995	1	13	535.127	31.7584	-0.898198	1.04653	166.054	1495.43	-277.002	35.4041	1263.82	258.202
996	1	-13	517.13	29.5719	-0.935802	1.96029	694.267	549.182	-277.002	762.258	360.064	255.956
135	1	-13	456.532	0.715716	-0.999899	2.27938	158.368	1216.15	-277.002	187.094	1207.75	258.771
137	1	-13	3660.32	734.927	-0.499399	0.635771	1007.79	566.814	-277.002	243.454	4.0801	270.778
138	1	13	639.812	16.6495	-0.969335	-1.70179	479.129	-405.642	-277.002	498.688	-275.056	273.479
335	1	-13	503.516	3.1166	-0.978297	-2.67586	634.568	849.507	-277.002	773.544	900.087	258.845
658	1	13	3214.13	1207.8	-0.674428	-0.856715	928.593	-461.905	-277.002	539.173	-14.1428	265.446
885	1	13	659.085	20.6138	-0.933698	-0.633559	1174.02	1073.23	-277.002	1004.66	1200.48	261.75
3	1	-13	838.092	118.281	-0.87152	-0.000162287	-241.505	914.752	-277.002	-541.701	913.107	260.266
224	1	-13	496.027	6.67791	-0.996385	2.05345	978.685	-714.784	-277.002	1003.97	-754.743	306.134
225	1	13	952.714	32.7426	-0.789992	-1.83336	793.409	707.199	-277.002	910.02	1104.55	264.559
692	1	-13	844.477	299.616	-0.984285	-0.148045	-84.3344	480.684	-277.002	-179.574	494.4	261.985
21	1	13	762.478	113.761	-0.771146	-2.46061	986.516	841.596	-277.002	1325.47	1117.03	256.486
27	1	13	438.775	18.1533	-0.914381	-1.67417	1054.61	-86.9699	-277.002	1080.29	142.887	255.454
222	1	13	1293.67	447.197	-0.989697	1.73134	1201.3	-15.7102	-277.002	1214.32	-92.2721	259.267
819	1	13	1330.13	76.3294	-0.563384	2.54281	-1247.33	1039.12	-277.002	-583.119	586.949	265.152
820	1	13	834.639	60.1732	-0.893406	2.09575	-256.558	-159.635	-277.002	-95.3478	-447.455	367.193
824	1	13	614.813	96.1171	-0.922687	1.16037	516.414	628.17	-277.002	432.371	426.143	259.663
134	1	-13	614.816	59.6506	-0.893978	1.7951	-1297.53	860.958	-277.002	-1232.31	584.455	291.124
136	1	13	824.454	144.216	-0.968285	-0.245836	828.22	105.461	-277.002	694.796	140.581	258.096
138	1	-13	3307.59	882.25	-0.600784	0.67975	322.948	573.61	-277.002	-258.831	101.332	286.205
246	1	-13	558.677	84.766	-0.999949	2.3151	-1392.18	-604.674	-277.002	-1390.4	-606.303	296.035
248	1	-13	861.798	34.9222	-0.86416	-0.338286	-13.3689	902.367	-277.002	-314.473	996.336	258.732
249	1	-13	1948.17	159.683	-0.949546	0.124062	1452.45	589.45	-277.002	1275.76	566.525	256.325
490	1	-13	504.275	7.01855	-0.976719	-0.452593	-419.92	-607.827	-277.002	-519.687	-577.025	293.588
496	1	-13	669.414	116.47	-0.878702	2.38871	1223.17	97.023	-277.002	1433.66	-96.6145	252.438
623	1	-13	758.992	141.874	-0.998542	1.32989	1161.71	-969.41	-277.002	1153.47	-1004.02	333.802
627	1	13	568.2	41.8043	-0.993726	-3.10378	17.6626	1454.73	-277.002	81.7943	1456.57	260.697
628	1	13	621.935	33.8492	-0.985026	-0.955724	683.735	1056.82	-277.002	634.855	1130.99	255.487
16	1	13	637.388	38.0118	-0.928848	0.853794	256.613	423.984	-277.002	120.304	254.757	262.889
866	1	-13	748.065	43.3254	-0.829097	1.16499	250.375	801.978	-277.002	110.212	467.368	262.778
867	1	13	1454.34	16.6103	-0.582229	-3.02348	-853.771	-981.913	-277	47.6895	-852.153	385.986
29	1	-13	506.329	12.6917	-0.999081	-1.44574	262.005	1073.74	-277.002	254.045	1098.76	258.204
33	1	13	1599.54	145.335	-0.799025	0.307371	1466.9	-438.963	-277.002	1070.99	-564.431	272.317
232	1	-13	1052.19	296.428	-0.929169	0.835068	1357.3	186.775	-277.002	1214.63	30.1473	258.044
233	1	13	657.75	16.9262	-0.989285	-2.41618	894.597	-692.601	-277.002	948.622	-644.745	284.555
385	1	-13	752.366	130.222	-0.861774	-2.88037	-440.664	1198.52	-277.002	-136.866	1277.12	259.528
387	1	13	917.502	140.984	-0.998749	-0.595233	299.401	-428.845	-277.002	272.166	-413.551	289.474
924	1	13	2732.71	658.568	-0.500095	-1.41903	-507.274	66.3904	-277.002	-648.204	986.422	260.888
925	1	13	622.752	23.4331	-0.902132	2.34391	-1197.09	-275.216	-277.002	-995.991	-461.641	277.179
184	1	-13	402.988	2.48968	-0.950217	-1.23804	-501.078	1140.67	-277.002	-544.477	1304.01	259.069
185	1	-13	1686.04	582.279	-0.879453	1.8156	361.969	1216.33	-277.002	433.154	934.049	261.151
187	1	-13	537.928	15.1147	-0.993518	-3.13061	-1087.33	10.6731	-277.002	-1028.07	21.8243	269.003
188	1	-13	960.608	61.8743	-0.984417	-0.52007	-215.107	901.783	-277.002	-298.753	947.677	259.67
344	1	-13	523.87	13.126	-0.932361	0.649206	-1176.47	31.8615	-277.002	-1342.42	-95.1357	269.322
346	1	-13	994.233	302.003	-0.919896	3.03437	-603.897	-757.683	-277.002	-354.593	-783.871	314.689
347	1	13	1182.43	445.795	-0.96708	-2.98944	-173.981	606.971	-277.002	-32.6166	628.297	263.924
437	1	-13	820.089	93.7926	-0.877421	-2.27615	-424.882	1112.14	-277.002	-234.34	1333.8	259.545
438	1	13	620.608	52.1427	-0.976922	1.23453	-688.713	-772.285	-277.002	-727.7	-887.204	286.597
440	1	13	689.681	72.5773	-0.744636	2.81623	203.425	374.612	-277.002	653.79	222.728	255.776
528	1	13	969.307	344.818	-0.996544	3.09896	1134.58	750.32	-277.002	1178.93	748.207	258.87
622	1	-13	563.957	59.5039	-0.991963	0.237358	1232.45	-208.243	-277.002	1164.98	-223.427	262.115
708	1	-13	1656.66	158.686	-0.653819	-2.89708	460.778	-346.686	-277.002	1070.45	-195.18	261.222
711	1	13	1714.22	882.443	-0.976808	-2.16566	370.601	83.1617	-277.002	437.087	180.324	262.062
876	1	13	553.231	51.242	-0.973699	-2.86913	-1426.19	-350.853	-277.002	-1297.97	-313.574	274.211
877	1	13	494.095	39.5762	-0.995153	2.40756	-600.871	240.22	-277.002	-560.025	200.31	286.383
98	1	13	2553.11	604.16	-0.813222	2.30395	662.648	822.031	-277.002	918.976	537.584	258.904
99	1	-13	531.1	83.5628	-0.973307	2.04251	1088.49	1.83123	-277.002	1146.56	-107.382	259.567
103	1	13	901.842	235.789	-0.893589	-0.627097	1225.24	244.543	-277.002	1007.25	404.505	258.614
407	1	-13	1235.19	122.534	-0.831763	2.91455	36.7987	-1374.1	-277.002	416.55	-1459.61	301.94
410	1	-13	1068.9	119.173	-0.73276	2.19704	1177.18	1051.54	-277.002	1467.94	654.338	255.961
841	1	13	637.092	25.2002	-0.793313	-1.67375	884.534	-375.739	-277.002	924.866	42.5198	255.014
843	1	-13	594.74	70.0671	-0.989002	0.362377	316.944	-634.989	-277.002	233.421	-664.396	330.435
844	1	13	1535.05	761.338	-0.999147	0.170389	-283.613	561.127	-277.002	-305.875	557.163	265.139
106	1	13	553.969	74.2912	-0.973028	-1.86894	-578.016	-525.998	-277.002	-532.385	-397.323	290.955
108	1	-13	901.547	235.704	-0.844626	0.363945	-853.916	640.559	-277.002	-1192.1	511.156	293.981
110	1	-13	2549.18	937.606	-0.999527	1.16737	776.797	-794.75	-277.002	769.136	-812.652	355.154
205	1	13	556.123	24.0713	-0.985116	-1.95985	813.799	497.779	-277.002	856.237	585.941	259.485
340	1	-13	729.192	51.4752	-0.972672	-0.119816	1226.21	391.852	-277.002	1094	407.057	258.688
448	1	-13	970.973	315.187	-0.951612	1.10291	-266.731	1055.16	-277.002	-344.953	900.623	260.098
594	1	13	2126.86	107.87	-0.537243	-2.55221	-210.443	642.455	-277.002	496.912	1115.89	255.705
960	1	13	609.824	70.4915	-0.854874	2.57754	947.292	873.228	-277.002	1219.22	703.525	258.602
45	1	13	830.848	68.9839	-0.800732	1.66218	250.884	794.608	-277.002	291.827	393.721	260.726
267	1	-13	722.908	33.8551	-0.727531	1.97347	967.615	1188.42	-277.002	1171.56	716.479	259.522
337	1	-13	1384.02	381.771	-0.766664	1.73379	1214.85	268.271	-277.002	1288.32	-174.577	258.684
430	1	13	1776.23	418.887	-0.817306	-0.913559	-1108.42	187.601	-277.002	-1363.73	518.78	317.751
431	1	13	706.98	35.9296	-0.692206	2.69772	708.432	231.285	-277.002	1215.05	-18.4446	258.522
432	1	13	583.914	83.1686	-0.998796	-2.65115	467.193	679.968	-277.002	493.726	688.477	256.721
433	1	-13	1006.03	98.8036	-0.804773	-2.65946	979.06	293.75	-277.002	1321.45	476.486	256.272
710	1	-13	518.071	23.8066	-0.997444	1.07641	-309.902	451.335	-277.002	-324.221	420.187	263.883
905	1	-13	1015.37	112.677	-0.875461	-2.8677	-110.132	692.364	-277.002	175.315	768.38	260.46
906	1	-13	544.574	33.9004	-0.998533	-1.32182	-1168.01	1397.05	-277.002	-1171.7	1418.66	264.378
909	1	13	825.532	98.6078	-0.942661	-1.49399	-310.812	736.899	-277.002	-324.615	926.392	259.893
2	1	-13	613.078	52.8676	-0.992917	-2.30153	-709.896	-340.848	-277.002	-665.681	-285.601	278.717
197	1	13	627.671	84.2274	-0.984738	2.33462	582.131	-503.959	-277.002	651.187	-573.171	304.897
386	1	-13	463.232	16.1347	-0.998276	-1.29746	-1033.27	1052.57	-277.002	-1039.14	1085.51	264.762
543	1	-13	714.491	154.311	-0.999597	-0.273116	-416.585	730.232	-277.002	-431.139	733.764	269.528
634	1	-13	684.743	22.9563	-0.978425	-1.55233	-434.096	228.156	-277.002	-450.458	341.214	267.502
636	1	13	1252.47	259.107	-0.998472	0.570212	-130.968	940.494	-277.002	-154.55	922.229	259.961
849	1	13	1014.67	29.1936	-0.661923	0.878896	798.862	0.477062	-277.002	390.37	-502.982	295.796
851	1	13	598.466	57.3767	-0.999473	-1.06777	1214	939.808	-277.002	1207.42	958.577	258.296
21	1	13	961.06	25.3971	-0.585737	2.75067	49.4782	585.793	-277.002	735.173	296.448	255.058
22	1	13	766.506	37.2549	-0.926631	-0.735136	1256.47	-99.849	-277.001	1101.8	46.2604	255.424
25	1	13	680.392	1.62916	-0.991638	0.945899	68.8123	-1449.58	-277.002	44.3807	-1494.87	318.649
27	1	-13	594.971	67.7103	-0.917707	1.52681	-1127.49	162.314	-277.002	-1136.18	-75.6797	272.404
254	1	13	793.451	195.377	-0.956065	-2.15304	161.346	1061.27	-277.002	248.88	1197.86	258.762
464	1	-13	787.554	28.6642	-0.93016	-2.33015	852.656	-1447.49	-277.002	1018.68	-1272.19	340.607
466	1	13	711.786	119.911	-0.960157	2.23992	-506.569	105.192	-277.002	-394.881	-34.2669	331.871
553	1	-13	1288.81	258.604	-0.64419	1.2783	-725.438	441.115	-277.002	-913.415	-180.181	270.273
555	1	13	3749.79	1785.28	-0.712519	2.26847	-1042.96	228.786	-277.002	-692.633	-189.505	277.406
935	1	13	585.807	12.2786	-0.965777	-1.49272	96.1464	183.127	-277.002	78.84	333.29	263.533
936	1	13	631.947	77.9857	-0.999896	-0.27593	796.032	-108.224	-277.002	786.4	-102.387	256.435
36	1	13	759.728	7.24915	-0.934032	0.041564	-11.7631	-1447.79	-277.002	-219.529	-1454.07	333.031
319	1	13	534.865	40.7228	-0.942744	0.0986129	-684.481	-182.989	-277.002	-880.646	-200.83	270.792
320	1	-13	664.732	62.0432	-0.958744	-0.0901615	932.81	1151.09	-277.002	773.332	1167.92	258.029
644	1	-13	598.938	17.5227	-0.903016	1.60167	-267.774	457.367	-277.002	-275.005	192.03	272.994
794	1	13	1053.81	451.252	-0.991617	0.555329	-483.966	616.809	-277.002	-543.445	580.046	264.259
932	1	-13	876.711	38.1012	-0.804964	-0.339453	214.482	313.362	-277.002	-153.242	442.108	262.435
934	1	-13	494.17	51.7782	-0.989345	-0.870195	-929.33	29.1424	-277.002	-981.16	92.1312	267.239
88	1	-13	1316.23	338.907	-0.697876	-0.635017	-509.094	-1224.66	-277.002	-992.848	-871.995	305.026
89	1	13	1001.41	400.735	-0.985242	1.48899	-339.178	324.376	-277.002	-348.448	229.956	270.662
169	1	13	597.644	95.8816	-0.996845	0.797877	-880.074	259.297	-277.002	-910.872	226.595	267.438
280	1	-13	1386	597.252	-0.961456	-0.11792	-664.484	-738.356	-277.002	-824.129	-720.034	283.134
281	1	-13	571.069	90.7737	-0.996002	-2.98994	-860.335	938.174	-277.002	-814.142	951.257	267.067
405	1	13	646.221	131.45	-0.999906	-2.93099	-485.518	-1203.88	-277.002	-477.511	-1201.02	300.223
443	1	-13	879.149	218.078	-0.993521	-1.23012	228.042	-998.848	-277.002	203.208	-928.063	375.434
620	1	13	528.283	85.2757	-0.999151	0.037679	158.297	910.279	-277.002	138.217	910.947	258.059
622	1	-13	1721.53	253.394	-0.960157	0.507235	535.093	-158.309	-277.002	395.473	-236.799	273.178
777	1	13	536.554	21.3585	-0.954582	-2.06981	-620.381	-654.849	-277.002	-542.174	-495.403	290.96
897	1	-13	496.943	41.3683	-0.973998	-2.07927	-1260.38	-240.976	-277.002	-1201.76	-126.503	272.155
898	1	-13	2744.4	461.751	-0.956721	-0.996219	15.3054	-1221.66	-277.002	-92.7416	-1053.34	381.154
900	1	-13	1463.6	547.472	-0.986653	-1.95896	35.9247	119.618	-277.002	69.101	202.462	261.583
901	1	13	1018.54	334.814	-0.998508	-0.561112	-1157.66	1182.35	-277.002	-1183.82	1198.31	267.297
180	1	-13	663.346	162.071	-0.994974	-1.69439	208.092	290.07	-277.002	216.736	342.789	262.502
350	1	-13	998.337	254.251	-0.993225	-2.30859	-1455.37	841.92	-277.002	-1409.05	892.93	303.435
351	1	-13	571.229	102.625	-0.999308	-1.52078	-535.672	489.735	-277.002	-532.604	508.86	264.373
353	1	-13	511.723	69.342	-0.999951	0.835739	-766.032	-303.993	-277.002	-764.372	-308.155	274.309
516	1	13	730.966	108.297	-0.922859	-0.963645	665.627	1171.12	-277.002	539.877	1349.2	256.474
517	1	-13	576.326	44.2989	-0.995818	-1.99192	1112.46	1058.72	-277.002	1130.92	1107.22	259.489
611	1	-13	590.212	47.214	-0.996752	2.25681	904.81	-873.536	-277.002	935.147	-913.808	356.055
612	1	-13	755.759	105.673	-0.924751	-2.80049	-1327.67	-803.701	-277.002	-1108.89	-723.173	289.764
675	1	-13	675.786	26.3852	-0.747136	0.980267	-539.172	822.925	-277.002	-815.115	414.401	269.299
676	1	-13	517.533	56.8908	-0.98187	1.66473	-1186.17	-366.141	-277.002	-1174.71	-475.84	282.14
678	1	-13	1042.95	67.963	-0.998958	-2.90486	-1033.49	223.667	-277.002	-1009	224.553	266.37
836	1	13	717.869	76.5736	-0.905638	2.82979	-639.661	57.1026	-277.002	-373.845	-26.6983	329.631
891	1	13	546.388	32.0458	-0.999682	1.5161	78.4721	471.706	-277.002	78.6985	452.629	262.87
35	1	-13	1541.09	480.715	-0.846231	-0.862004	-1218.26	519.834	-277.002	-1448.11	788.275	285.817
37	1	-13	691.407	2.61603	-0.863324	-0.885871	1312.98	427.436	-277.002	1115.96	702.267	259.406
41	1	-13	599.708	2.84237	-0.94387	-1.71955	717.418	-1288.49	-277.002	749.157	-1099.81	330.937
186	1	-13	1198.25	313.955	-0.839421	-0.352746	-1131	-285.385	-277.002	-1467.44	-161.088	274.959
660	1	-13	1511.28	318.454	-0.787843	0.696394	-396.291	812.867	-277.002	-730.612	535.154	275.903
263	1	-13	764.716	70.6125	-0.803527	-2.71703	126.04	643.814	-277.002	488.386	801.511	259.188
414	1	13	487.541	11.475	-0.998203	-0.897429	-1339.44	450.922	-277.002	-1349.44	480.86	318.002
418	1	-13	462.508	8.13523	-0.910948	-0.958234	1069.93	42.9932	-277.002	938.269	227.247	256.101
548	1	-13	1013.15	195.34	-0.997583	0.960723	-958.904	-174.824	-277.002	-980.226	-206.48	271.115
549	1	-13	964.785	108.46	-0.808035	2.89017	768.992	1487.35	-277.002	1137.48	1388.4	251.797
551	1	-13	3740.98	1792.44	-0.950802	2.10446	454.055	810.316	-277.002	542.329	661.057	255.688
904	1	-13	1153.83	473.466	-0.988246	-2.93031	-1150.55	1183.71	-277.002	-1069.3	1201.74	263.209
66	1	-13	2375.44	794.388	-0.922482	0.579836	635.693	-228.549	-277.002	442.48	-355.395	276.376
215	1	13	723.383	119.213	-0.882112	-0.0556599	628.7	686.693	-277.002	344.97	704.433	260.325
216	1	13	2152.1	45.9286	-0.638484	-1.2085	-611.488	38.9049	-277.002	-852.522	669.705	280.565
378	1	-13	1984.49	1106.58	-0.999848	-2.11762	1223.13	-612.665	-277.002	1227.85	-604.663	268.298
498	1	13	973.385	95.9251	-0.756539	0.116225	-875.846	-659.011	-277.002	-1376.56	-715.592	305.932
500	1	13	675.803	182.747	-0.916204	2.06034	400.56	78.1708	-277.002	510.89	-130.344	268.856
501	1	13	1449.27	80.3056	-0.816094	2.08903	-40.8196	-1032.8	-277.002	170.582	-1396.43	312.9
503	1	13	896.148	91.4465	-0.995181	2.07362	-176.865	990.414	-277.002	-152.477	943.775	259.578
728	1	13	503.314	38.077	-0.999368	-2.33892	913.225	-37.1112	-277.002	930.672	-24.4705	255.618
822	1	-13	1146.2	62.7039	-0.795138	3.10327	-915.888	1424.44	-277.002	-500.122	1410.25	258.738
824	1	-13	596.737	36.2101	-0.895573	-0.691862	379.477	-217.322	-277.002	181.287	-29.898	272.944
912	1	-13	490.852	18.5899	-0.956417	0.761847	310.559	400.053	-277.002	187.028	285.852	262.831
915	1	13	2221.54	1114.83	-0.921388	0.291305	780.318	-454.959	-277.002	545.17	-525.177	305.698
69	1	-13	743.208	50.0738	-0.728482	1.90329	-57.1672	975.118	-277.002	106.712	492.353	263.466
253	1	-13	472.842	43.8854	-0.999076	1.89203	-886.462	542.197	-277.002	-888.317	509.496	279.049
560	1	-13	926.928	142.083	-0.974485	1.13869	855.197	525.217	-277	802.579	414.507	256.536
562	1	-13	2386.62	540.469	-0.664799	0.324312	-356.215	-981.676	-277.002	-989.369	-1194.65	318.009
751	1	-13	943.722	261.169	-0.999958	-1.29651	1154.77	-941.668	-277.002	1153.91	-937.405	322.924
842	1	-13	643.536	82.6987	-0.910889	-2.58218	-1301.09	-932.352	-277.002	-1080.36	-805.802	297.105
988	1	-13	507.936	14.5294	-0.96929	1.78943	922.975	-1210.38	-277.002	954.825	-1354.84	316.783
203	1	13	1430.02	245.369	-0.9847	-2.12823	-264.183	1159.71	-277.002	-214.512	1240.52	259.567
206	1	13	916.251	261.798	-0.999647	-0.396767	-731.28	-208.211	-277.002	-744.54	-201.682	273.727
297	1	-13	730.997	37.641	-0.708392	2.44864	77.94	981.008	-277.002	494.629	653.94	257.057
423	1	-13	503.304	16.7479	-0.996881	-0.794248	1410.68	1210.51	-277.002	1398.7	1241.74	254.444
518	1	13	589.466	12.2774	-0.983618	0.430656	1050.65	-1132.26	-277.002	936.808	-1176.54	339.386
520	1	-13	657.28	49.9239	-0.999019	-0.731419	-464.416	-437.069	-277.002	-485.141	-420.119	301.355
635	1	-13	596.187	5.74314	-0.959176	2.87032	357.331	-488.628	-277.002	512.645	-532.753	307.055
119	1	13	1025.69	321.436	-0.952963	2.83901	69.7218	471.977	-277.002	234.194	422.488	261.08
296	1	13	2777.22	1359.05	-0.980052	1.79528	-1308.5	377.002	-277.002	-1283.37	267.27	279.745
300	1	-13	2288.66	657.022	-0.678273	3.00176	-1077.53	-656.515	-277.002	-458.924	-742.419	299.855
510	1	13	427.274	5.04849	-0.963765	0.36134	430.428	853.864	-277.002	299.657	784.049	262.105
671	1	13	590.951	22.0777	-0.929198	-1.04279	-536.597	-1082.25	-277.002	-647.275	-887.574	288.311
745	1	13	2926.01	1319.07	-0.813407	2.03694	1162.08	1271.73	-277.002	1333.55	930.149	257.786
747	1	-13	1499.46	479.547	-0.944132	0.681077	955.416	330.224	-277.001	811.594	212.834	255.428
748	1	-13	602.812	145.936	-0.999952	1.59444	67.176	264.057	-277.002	68.6026	260.364	262.956
874	1	13	1169.49	437.157	-0.933823	0.0429415	1098.08	-1434.12	-277.002	876.933	-1443.38	301.764
969	1	-13	1694.09	336.073	-0.888384	-2.77134	-167.505	-671.18	-277.002	122.222	-560.133	324.012
7	1	-13	2380.95	513.505	-0.496222	-0.418446	1450.8	799.191	-277.002	598.12	1177.7	254.878
10	1	13	876.596	278.42	-0.992345	2.85386	912.474	1418.69	-277.002	974.956	1400.19	253.084
312	1	-13	1155.86	395.02	-0.999902	2.03607	902.115	462.308	-277.002	905.641	456.656	258.517
313	1	-13	461.732	3.63732	-0.994419	-2.65661	-958.075	373.972	-277.002	-914.97	402.394	272.215
393	1	-13	576.099	98.3173	-0.984846	3.08428	332.122	895.258	-277.002	429.284	892.212	261.219
394	1	13	870.735	268.395	-0.986733	0.685098	390.9	116.847	-277.002	320.826	60.2829	267.904
526	1	13	1182.03	569.427	-0.972709	-0.194279	824.999	1206.35	-277.002	700.338	1230.94	255.134
529	1	13	513.148	1.02088	-0.990576	1.14922	-1085.04	-599.863	-277.002	-1125.16	-624.438	284.971
599	1	-13	685.706	119.076	-0.898267	-0.131225	292.628	596.104	-277.002	30.9946	628.286	263.519
600	1	-13	850.321	9.43984	-0.682148	-0.356334	1353.05	-886.876	-277.002	734.239	-675.433	319.707
785	1	-13	1367.23	593.069	-0.993106	1.26833	-878.3	-1138.94	-277.002	-899.633	-1206.56	314.264
786	1	-13	2173.71	47.5773	-0.459772	-3.04028	-747.528	1026.34	-277.002	314.718	1134.96	257.156
94	1	13	927.675	364.184	-0.999185	1.81632	-24.634	498.878	-277.002	-18.2645	478.729	264.404
165	1	-13	592.4	59.8692	-0.96401	-1.39097	-483.123	485.289	-277.002	-510.757	634.891	267.293
166	1	-13	520.969	8.25841	-0.996543	1.91839	-1074.09	-1358.73	-277.002	-1050.86	-1400.47	339.881
232	1	-13	815.598	71.4175	-0.963687	-2.93386	335.591	-709.754	-277.002	504.199	-676.332	348.307
326	1	13	746.443	152.479	-0.972983	-0.927621	-265.837	-807.603	-277.002	-349.73	-690.409	326.817
568	1	-13	1296.46	338.104	-0.924918	1.51927	1011.78	1328.87	-277.002	999.156	1106.1	263.32
570	1	13	791.824	24.2095	-0.784028	-0.629084	1251.23	-324.214	-277.002	895.769	-65.3599	256.952
573	1	13	1163.93	292.328	-0.972444	2.07432	-1099.17	-485.986	-277.002	-1034.06	-604.063	285.194
920	1	-13	609.775	68.5354	-0.962787	-0.377465	-948.983	-278.47	-277.002	-1087.17	-227.393	272.116
985	1	-13	560.372	68.5423	-0.995282	-0.734849	446.654	1189.1	-277.002	404.776	1227.51	255.606
72	1	-13	832.946	96.8631	-0.834704	-1.92234	118.316	-1123.45	-277.002	262.098	-734.192	354.101
75	1	13	744.183	78.716	-0.998876	-1.48781	-1106.95	-1042.44	-277.002	-1113.73	-1018.19	322.384
191	1	-13	430.122	11.2429	-0.976438	2.50933	1285.1	657.761	-277.002	1383.33	598.417	255.954
194	1	13	1435.55	541.254	-0.840114	-1.27624	318.198	-115.509	-277.002	218.388	217.78	262.114
274	1	13	1041.82	179.551	-0.894523	-3.03296	-828.929	-285.905	-277.002	-547.337	-252.545	290.407
321	1	-13	1275.09	27.1538	-0.988063	-0.0818671	-47.7818	-451.149	-277.002	-153.673	-453.382	375.451
456	1	13	983.136	296.968	-0.921629	-2.63591	-826.04	-915.843	-277.002	-618.338	-800.699	286.392
460	1	13	572.802	3.94105	-0.857384	2.72563	819.169	-403.084	-277.002	1101.17	-530.591	270.02
602	1	-13	586.04	99.2296	-0.996214	-1.02671	1388.95	949.684	-277.002	1364.33	986.122	256.803
607	1	-13	1067.56	195.895	-0.642356	1.29403	1027.03	112.921	-277.002	846.17	-516.291	270.084
608	1	-13	586.591	64.5223	-0.904096	-1.32543	891.092	372.442	-277.002	831.782	621.653	259.501
652	1	-13	1537.95	424.08	-0.807357	-2.10282	638.277	821.275	-277.002	839.441	1159.87	262.312
888	1	-13	516.213	4.77103	-0.996826	-0.0490461	494.614	597.193	-277.002	457.129	608.067	258.663
945	1	13	629.089	27.8299	-0.999608	-1.50155	461.139	907.761	-277.002	458.496	921.957	261.298
947	1	-13	2024.82	326.715	-0.828505	2.77198	-125.763	-541.891	-277.002	260.205	-692.162	338.556
949	1	-13	817.43	126.034	-0.955186	1.9646	-424.109	1497.88	-277.002	-360.251	1345.88	259.163
950	1	-13	3020.77	626.722	-0.951911	3.03928	-498.931	-1035.27	-277.002	-306.116	-1055.4	325.423
49	1	13	1325.27	360.51	-0.719175	2.05457	527.238	1390.87	-277.002	767.46	933.56	259.777
54	1	-13	461.779	1.82511	-0.998943	-2.3682	-537.49	-807.78	-277.002	-530.319	-795.09	292.568
148	1	-13	724.527	127.611	-0.896646	0.75264	-495.086	995.384	-277.002	-697.751	809.543	277.031
150	1	13	558.396	130.534	-0.990823	0.564058	1414.11	1132.2	-277.002	1349.15	1095.56	256.193
152	1	-13	1710.37	30.4455	-0.410898	3.11402	-1185.37	460.164	-277.002	13.595	417.556	263.321
153	1	-13	564.531	48.1733	-0.999921	2.44204	-213.921	-1330.62	-277.002	-208.782	-1332.6	345.541
306	1	13	553.606	36.9264	-0.996382	0.384424	341.058	635.496	-277.002	299.773	619.496	261.307
307	1	-13	1014.65	69.808	-0.593429	0.162805	308.058	1104.45	-277.002	-396.847	998.642	258.546
498	1	13	2660.07	1497.75	-0.969938	-2.97685	356.091	1391	-277.002	488.055	1412.88	257.462
502	1	13	1430.94	291.08	-0.623693	-1.50117	-227.34	758.213	-277.002	-276.529	1429.44	259.755
688	1	13	538.975	50.5409	-0.971416	-0.479667	-1005.31	1322.03	-277.002	-1120	1382.85	262.939
692	1	-13	587.587	1.96678	-0.830309	-2.82605	125.111	838.85	-277.002	450.998	962.263	260.538
777	1	13	708.901	78.8881	-0.838588	-1.33596	-525.216	-1375.97	-277.002	-611.833	-1024.22	289.829
780	1	-13	665.984	67.7749	-0.781935	-1.80936	691.172	834.871	-277.002	790.399	1247.75	258.445
782	1	13	4422.63	1375.65	-0.654658	-2.34785	975.136	1055.48	-277.002	1403.11	1490.52	251.542
952	1	13	506.735	3.9428	-0.999754	1.79309	-1172.75	536.002	-277.002	-1169.84	496.172	292.544
953	1	-13	1291.14	2.30426	-0.996282	-3.13254	-105.947	-819.85	-277.002	-22.1066	-826.886	384.688
957	1	13	522.664	24.584	-0.927662	-1.91266	-172.815	700.598	-277.002	-86.2862	893.892	259.692
181	1	-13	906.777	153.398	-0.753348	-1.96691	1144.14	-858.002	-277.002	1325.42	-423.262	262.303
332	1	13	1119.14	155.647	-0.771679	2.26919	-1094	-410.681	-277.002	-799.953	-761.998	282.995
469	1	-13	994.418	104.366	-0.903092	-0.298006	454.733	289.396	-277.002	212.737	364.888	262.156
546	1	13	1599.2	159.766	-0.858698	-1.66952	1082.8	611.046	-277.002	1114.41	928.491	259.154
552	1	13	644.141	26.74	-0.873268	0.222719	-1155.53	144.481	-277.002	-1448.83	77.1432	272.394
722	1	-13	555.655	9.50813	-0.99949	0.455685	813.594	-899.124	-277.002	807.308	-906.43	361.777
725	1	-13	1982.09	697.691	-0.759519	-0.43171	-338.43	-530.89	-277.002	-768.968	-333.305	274.986
727	1	-13	939.988	182.809	-0.760188	2.20842	-892.393	-1020.48	-277.002	-589.666	-1434.9	322.329
805	1	13	564.41	21.6864	-0.896109	1.50714	-355.507	-660.892	-277.002	-397.63	-956.693	306.904
806	1	-13	930.183	133.778	-0.884492	0.71024	-1243.63	833.275	-277.002	-1470.88	635.27	290.289
809	1	-13	510.207	6.57554	-0.950015	0.330025	831.455	884.757	-277.002	683.136	823.244	258.731
7	1	13	938.342	149.417	-0.702742	0.0849709	-183.852	-754.551	-277.002	-749.116	-801.494	284.208
8	1	13	663.068	128.831	-0.875076	0.186413	-725.369	97.0916	-277.002	-1021.51	37.6518	268.359
9	1	-13	875.777	304.54	-0.897339	1.25418	-142.098	1015.88	-277.002	-227.492	762.906	264.351
13	1	-13	569.453	5.45224	-0.870743	-0.104302	514.807	642.454	-277.002	216.902	654.327	260.945
191	1	13	672.409	30.3625	-0.742694	-0.418616	420.223	842.503	-277.002	-26.6196	1044.75	260.41
193	1	-13	624.24	83.0903	-0.9983	0.255641	-766.979	-654.141	-277.002	-799.5	-661.529	279.961
194	1	13	918.589	374.334	-0.978774	-2.8548	269.753	1232.21	-277.002	375.085	1264.39	257.012
287	1	13	2743.31	1321.31	-0.804801	-0.750564	-916.487	393.035	-277.002	-1217.91	674.374	283.469
394	1	13	475.88	6.04668	-0.994292	1.50399	-1015.1	-569.866	-277.002	-1007.66	-656.237	289.734
396	1	-13	795.055	178.635	-0.809489	-0.68059	1327.84	-495.94	-277.002	1021.61	-252.394	261.013
457	1	-13	1576.89	428.507	-0.952082	2.64902	278.295	-173.789	-277.002	433.727	-258.555	273.317
459	1	-13	2700.1	1131.41	-0.858757	-0.857178	692.66	1139.76	-277.002	483.866	1381.18	257.72
994	1	13	632.115	45.4066	-0.9979	0.617648	916.295	-393.775	-277.002	879.846	-411.192	266.122
114	1	13	846.841	17.4382	-0.643693	0.260314	394.419	342.748	-277.002	-254.201	156.599	276.27
145	1	13	960.243	210.695	-0.707608	-2.35898	-804.801	291.882	-277.002	-419.724	675.599	269.217
301	1	-13	960.631	340.652	-0.978068	1.94224	-683.147	1080.93	-277.002	-640.419	975.168	261.1
305	1	-13	1026.62	371.499	-0.91449	1.90043	446.232	1190.22	-277.002	522.327	966.124	259.931
415	1	13	895.595	308.828	-0.992012	-0.407501	1252.6	944.628	-277.002	1188.77	970.676	258.356
417	1	-13	1739.64	458.489	-0.565215	-0.803716	-346.736	476.933	-277.002	-889.472	1045.32	261.724
534	1	13	716.909	97.8168	-0.978936	1.68076	-331.644	-1066.29	-277.002	-316.269	-1191.57	322.754
538	1	13	678.895	7.82064	-0.806113	2.49111	-1494.32	693.725	-277.002	-1198.39	438.863	295.364
638	1	13	1531.01	373.311	-0.999732	1.68322	-1329.66	342.227	-277.002	-1328.25	329.764	292.472
770	1	-13	695.402	47.8279	-0.916547	-2.25788	925.225	-768.968	-277.002	1078.45	-587.631	272.958
774	1	-13	665.487	58.3263	-0.947677	1.90132	-1071.48	-117.617	-277.002	-1014.19	-287.986	273.618
870	1	-13	698.166	88.6386	-0.984473	1.98484	-977.295	663.427	-277.002	-936.08	577.51	281.578
961	1	-13	793.236	165.207	-0.998265	-0.604737	-846.808	931.647	-277.002	-874.504	950.546	270.279
82	1	-13	578.27	72.1538	-0.999194	-1.67958	682.158	38.7841	-277.002	684.331	61.9657	260.966
143	1	-13	1787.61	923.396	-0.905635	-1.89385	747.707	-771.069	-277.002	829.627	-527.94	271.201
246	1	-13	582.421	19.3213	-0.868207	0.723862	552.745	1388.56	-277.002	327.483	1174.59	256.728
247	1	-13	801.744	217.52	-0.999057	-0.838472	1389.95	-710.728	-277.002	1373.13	-692.213	270.191
249	1	-13	691.239	4.6764	-0.927653	1.71489	1272.19	329.377	-277.001	1329.16	124.317	253.543
250	1	13	740.14	96.911	-0.845893	1.03466	444.088	-1141.77	-277.002	254.906	-1456.28	308.21
492	1	13	871.268	150.452	-0.953598	1.28775	-1264.2	-346.917	-277.002	-1315.66	-522.109	285.273
602	1	13	1117.73	257.068	-0.75776	3.06866	-128.187	-967.244	-277.002	423.92	-1009.62	365.132
605	1	-13	1609.69	243.591	-0.999295	2.13509	-830.102	-732.511	-277.002	-818.973	-751.671	283.782
938	1	-13	937.779	301.634	-0.994139	2.06771	731.683	444.184	-277.002	757.84	393.345	256.376
56	1	-13	5400.96	731.533	-0.395534	-0.968379	255.512	-556.553	-277.002	-455.818	476.768	264.704
58	1	-13	684.956	118.025	-0.879236	-1.57254	757.589	-1003.52	-277.002	757.297	-682.86	317.602
514	1	-13	673.071	86.8109	-0.887867	3.12028	294.63	-1184.08	-277.002	602.472	-1191.34	316.186
763	1	13	524.777	29.6083	-0.933091	-2.97531	613.789	167.997	-277.002	814.989	203.555	255.346
864	1	13	1595.02	354.736	-0.718445	-0.952105	-1091.47	-140.246	-277.002	-1411.68	314.046	293.292
867	1	-13	2066.13	463.997	-0.683194	-1.93782	-163.913	19.273	-277.002	44.4288	560.741	265.5
696	1	13	626.202	41.685	-0.852491	-1.51344	-1142.33	-285.852	-277.002	-1160.24	51.2121	266.776
699	1	13	720.624	59.3016	-0.81163	-1.7974	-401.653	742.965	-277.002	-310.23	1118.02	257.05
735	1	13	738.45	127.935	-0.890325	-1.19502	1291.95	-57.4704	-277.002	1197.9	195.073	254.298
736	1	-13	780.808	155.954	-0.931481	-2.01342	808.586	-646.635	-277.002	900.825	-450.826	266.976
739	1	-13	696.404	5.705	-0.939212	-1.53573	753.175	344.173	-277.002	749.117	534.313	257.743
924	1	-13	698.394	33.9181	-0.837936	1.90896	682.912	-477.099	-277.002	821.926	-870.635	363.93
930	1	-13	1410.37	218.166	-0.912475	2.9703	284.706	-1346.92	-277.002	539.622	-1392.87	303.497
151	1	13	532.478	21.1028	-0.82047	0.833416	871.243	1016.21	-277.002	625.635	748.752	256.499
152	1	13	473.315	19.2238	-0.998271	-0.665984	1356.52	1421.99	-277.002	1330.78	1438.22	249.479
219	1	13	954.278	87.9697	-0.743688	2.21419	249.686	493.566	-277.002	539.125	108.817	262.589
220	1	13	416.492	11.9666	-0.99487	1.48215	998.2	502.019	-277.002	993.86	421.395	258.234
480	1	-13	466.363	22.1734	-0.999968	2.80203	1436.83	702.57	-277.002	1443.42	698.981	255.973
571	1	-13	1442.51	89.3345	-0.642798	-2.85477	431.562	-185.391	-277.002	1031.95	-8.79071	254.492
573	1	-13	860.924	62.9383	-0.857292	0.801985	1075.01	-476.946	-277.002	828.485	-732.558	322.781
694	1	13	1011.77	427.159	-0.995334	-2.79509	173.189	1276.87	-277.002	222.543	1294.67	261.18
969	1	13	994.721	118.634	-0.915707	-2.33904	728.636	-716.819	-277.002	896.285	-549.016	272.115
971	1	-13	552.507	17.3057	-0.994088	-1.02644	558.851	428.904	-277.002	548.006	480.734	258.661
311	1	-13	539.271	35.5911	-0.926056	-2.44762	-1407.71	327.623	-277.002	-1235.48	474.096	300.306
429	1	-13	885.426	124.544	-0.71038	-1.57942	1026.23	-424.11	-277.002	1030.18	106.885	254.931
586	1	-13	1161.76	311.685	-0.926026	-0.233941	9.76507	738.138	-277.002	-203.149	789.38	263.451
724	1	13	501.32	3.43724	-0.976683	0.123416	-136.233	628.806	-277.002	-251.784	623.177	264.833
725	1	-13	798.265	19.3995	-0.764377	-0.555473	31.14	-840.352	-277.002	-385.324	-595.267	322.431
826	1	-13	1093.94	317.106	-0.993106	1.70914	729.379	-926.582	-277.002	740.408	-1000.17	357.052
827	1	-13	614.285	149.466	-0.943002	3.08577	-267.672	1480.55	-277.002	-81.6263	1467.78	260.037
828	1	-13	983.274	183.825	-0.954053	2.63109	465.631	608.164	-277.002	611.06	525.535	258.675
975	1	-13	745.024	1.50896	-0.926483	-1.21216	206.439	989.334	-277.002	115.456	1235.56	258.794
90	1	13	707.012	29.7026	-0.961268	2.72024	-656.814	171.4	-277.002	-504.526	102.685	306.878
200	1	-13	414.074	3.01908	-0.996485	-2.92412	-683.608	240.234	-277.002	-651.504	247.845	279.137
283	1	-13	1037.73	264.91	-0.881205	0.967309	262.631	309.675	-277.002	97.2024	71.1059	268.451
285	1	13	795.628	93.8	-0.96843	1.30035	472.938	-667.721	-277.002	426.947	-834.733	392.145
687	1	-13	1133.51	270.068	-0.785121	-0.603088	-256.497	-1004.32	-277.002	-621.487	-751.847	285.463
691	1	13	763.785	68.3249	-0.825318	-1.70022	-111.619	-677.611	-277.002	-59.4656	-265.771	334.961
68	1	13	788.342	255.235	-0.985812	1.54362	-836.424	716.19	-277.002	-838.038	622.897	278.094
238	1	13	432.894	11.5294	-0.954514	0.728185	-6.34071	1465.58	-277.002	-147.369	1344.2	259.429
239	1	13	1910.64	172.451	-0.684149	1.44542	-855.066	937.6	-277.002	-925.931	357.328	269.599
241	1	13	834.099	241.793	-0.92458	0.538541	-520.607	270.83	-277.002	-720.846	151.762	287.995
242	1	-13	881.498	151.567	-0.999904	-2.97139	618.398	749.913	-277.002	625.635	748.752	256.499
244	1	-13	632.356	109.566	-0.992937	-2.66096	570.19	-1406.8	-277.002	631.886	-1372.14	304.535
378	1	-13	715.41	88.7616	-0.992889	0.749548	796.632	-1038.39	-277.002	745.928	-1091.58	333.204
380	1	-13	614.554	122.263	-0.999566	1.92203	531.574	125.632	-277.002	539.125	108.817	262.589
435	1	13	694.948	111.856	-0.999997	0.0903222	1261.29	-1048.02	-277.002	1260.25	-1050.16	341.7
436	1	-13	803.992	170.786	-0.992659	2.8404	-357.578	495.177	-277.002	-294.634	475.664	264.13
439	1	13	798.183	80.523	-0.969988	-2.60981	-1436.78	680.987	-277.002	-1312.4	759.581	285.49
530	1	13	697.226	150.617	-0.982657	-2.22783	-886.427	381.788	-277.002	-822.003	462.283	273.946
677	1	-13	838.571	261.243	-0.955018	1.73419	263.131	-154.048	-277.002	288.765	-324.041	281.184
763	1	-13	646.961	23.2803	-0.846159	-2.35118	-1105.83	110.391	-277.002	-854.624	349.603	266.985
765	1	-13	613.169	123.813	-0.999456	1.94496	1168.13	712.237	-277.002	1172.23	695.685	259.615
767	1	13	4854.46	396.36	-0.3546	-2.92308	-1259.53	580.462	-277.002	115.672	887.708	258.603
42	1	-13	1452.37	475.49	-0.779686	-1.61273	912.52	-666.72	-277.002	929.706	-238.398	259.913
46	1	-13	757.486	110.555	-0.796667	-0.568295	1060.74	513.701	-277.002	722.419	729.788	257.025
413	1	-13	690.291	53.6634	-0.780759	0.345262	1141.43	-314.052	-277.002	737.954	-462.927	276.779
418	1	13	964.53	388.822	-0.993891	2.6007	384.858	111.806	-277.002	435.788	81.7181	264.392
651	1	13	755.674	51.4277	-0.807984	1.36064	-552.969	-224.999	-277.002	-637.849	-621.464	284.074
655	1	13	502.358	41.1826	-0.952743	1.24589	1274.06	143.697	-277.002	1215.05	-18.4446	258.522
656	1	-13	696.986	150.467	-0.988539	-1.78634	474.901	611.466	-277.002	493.726	688.477	256.721
80	1	-13	497.188	35.1506	-0.995404	2.99791	-956.304	-166.27	-277.002	-911.17	-180.24	270.267
145	1	13	835.04	164.356	-0.930901	2.87195	672.981	-923.425	-277.002	908.267	-989.97	352.271
146	1	-13	492.737	26.1737	-0.944329	-2.95244	1143.26	-511.291	-277.002	1327.63	-472.954	263.586
180	1	13	554.939	36.372	-0.940154	2.43986	-888.252	-457.657	-277.002	-731.762	-601.81	279.603
499	1	-13	617.435	44.2084	-0.983231	1.0625	1079.81	-1171.45	-277.002	1018.68	-1272.19	340.607
613	1	13	572.376	16.7117	-0.943387	-2.39188	-1184.02	-1395.33	-277.001	-1029.3	-1255.88	326.056
614	1	13	776.292	165.875	-0.994824	0.369735	1084.6	-52.5665	-277.002	1033.68	-72.5097	256.49
659	1	-13	1420.85	177.193	-0.975555	-2.85394	812.145	-1244.86	-277.002	942.731	-1207.04	335.906
662	1	-13	995.494	5.34195	-0.557622	1.17498	-672.885	-96.6975	-277.002	-1009.87	-864.47	304.194
854	1	13	647.692	3.08109	-0.99659	2.85231	-670.449	167.989	-277.002	-615.306	145.529	300.329
856	1	-13	1016.2	84.5369	-0.658408	2.24161	-670.444	1189.29	-277.002	-283.179	700.619	265.342
20	1	13	1250.72	245.462	-0.827302	1.47318	1184.26	-41.7526	-277.002	1149.1	-409.762	265.786
232	1	13	573.006	93.9181	-0.991055	-0.470371	1279.18	-4.17548	-277.002	1214.63	30.1473	258.044
236	1	13	699.202	0.151966	-0.806696	-1.3599	-565.682	-295.191	-277.002	-663.661	25.0651	290.432
339	1	13	558.943	65.0296	-0.984931	-2.10952	-153.904	902.428	-277.002	-111.483	985.681	259.264
406	1	13	773.338	200.614	-0.999951	-2.25908	-440.67	163.594	-277.002	-437.643	167.216	289.99
412	1	-13	1008.32	71.9412	-0.643625	1.0023	1245.4	-746.043	-277.002	868.701	-1331.14	309.977
599	1	-13	768.92	113.236	-0.991691	2.5841	-32.808	235.739	-277.002	26.2088	199.532	261.606
743	1	-13	2547.47	909.623	-0.702265	0.372495	-471.989	-257.081	-277.002	-995.991	-461.641	277.179
746	1	-13	784.533	8.14243	-0.842521	1.99207	-513.747	253.897	-277.002	-333.41	-87.5845	335.435
747	1	-13	491.943	59.0523	-0.991365	0.41663	752.735	1261.1	-277.002	689.901	1231.15	255.114
912	1	-13	609.718	75.9545	-0.928237	0.846847	1209.78	1181.69	-277.002	1068.51	1024.33	260.119
119	1	13	835.071	257.483	-0.998474	2.95752	569.668	1182.82	-277.002	598.12	1177.7	254.878
123	1	-13	1055.58	246.787	-0.985096	1.41685	503.257	-813.165	-277.002	486.041	-928.637	388.113
125	1	13	1319.53	230.141	-0.958994	3.1313	1236.22	181.591	-277.002	1391.45	183.438	252.255
253	1	13	1040.57	223.31	-0.770458	2.02706	-682.026	513.73	-277.002	-466.084	78.4696	308.655
255	1	-13	514.029	5.75892	-0.997054	2.50355	-981.354	-936.491	-277.002	-959.105	-939.014	308.118
835	1	-13	531.168	12.7078	-0.940612	-1.3055	378.668	-118.425	-277.002	320.826	60.2829	267.904
839	1	-13	1278.26	291.386	-0.997185	1.9162	277.544	-1369.76	-277.002	293.198	-1410.95	307.945
126	1	-13	556.167	117.436	-0.980669	0.167594	1098.76	603.808	-277.002	996.4	582.34	259.456
132	1	13	1088.76	187.641	-0.785554	-2.97137	16.0615	1257.98	-277.002	429.526	1330.16	257.936
148	1	-13	534.287	9.38348	-0.984083	0.708923	-1269.08	-797.59	-277.002	-1339.51	-874.595	317.055
353	1	13	1045.1	103.992	-0.713921	-2.17034	587.137	235.269	-277.002	883.116	672.51	259.608
541	1	13	905.846	95.573	-0.874213	-2.54051	1017.42	-833.775	-277.002	1267.15	-667.414	268.535
544	1	13	581.661	54.3047	-0.912758	3.03249	-1170.17	-535.203	-277.002	-920.704	-562.476	280.425
602	1	-13	1157.85	97.9149	-0.578199	0.531976	-300.912	-85.0914	-277.002	-969.158	-481.724	277.825
605	1	-13	954.184	69.263	-0.666363	2.28309	876.909	1133.4	-277.002	1264.61	688.444	256.882
96	1	13	716.764	131.121	-0.968305	0.415323	325.505	-1274.8	-277.002	185.386	-1335.24	313.134
97	1	-13	735.245	40.6547	-0.721735	2.0824	579.991	553.377	-277.002	836.359	113.735	255.652
267	1	-13	1847.3	486.337	-0.952366	-2.44725	-54.4298	-1035.17	-277.002	105.048	-898.745	377.92
272	1	-13	738.132	66.0996	-0.883627	1.31637	-1262.85	212.648	-277.002	-1336.04	-59.5097	268.808
520	1	-13	562.773	130	-0.997606	2.94505	-978.495	1134.12	-277.002	-942.588	1124.93	261.494
589	1	-13	730.432	157.688	-0.9162	-0.849372	1117.5	-426.632	-277.002	964.615	-249.7	260.289
594	1	-13	494.083	3.10157	-0.994381	-0.241178	792.706	-1397.72	-277.002	751.052	-1383.9	301.181
794	1	-13	477.431	39.6035	-0.982732	-1.41707	-490.074	1314.15	-277.002	-500.122	1410.25	258.738
797	1	13	651.121	27.7956	-0.865529	2.22073	1170.07	-1198.72	-277.002	1411.92	-1483.4	355.289
883	1	-13	1526.93	236.154	-0.806873	1.78794	1030.32	940.416	-277.002	1115.18	555.735	258.25
884	1	-13	726.989	37.8177	-0.695532	-2.9435	-362.169	180.012	-277.002	187.028	285.852	262.831
319	1	13	440.325	0.31684	-0.96193	-1.05813	-133.592	27.5346	-277.002	-118.879	210.49	264.633
397	1	13	1965.29	900.819	-0.984569	-1.24157	1443.52	-915.385	-277.002	1411.71	-822.962	274.128
806	1	-13	1882.82	168.164	-0.692675	-2.3455	-55.5254	-1469.86	-277.002	421.682	-976.338	379.715
808	1	-13	520.826	21.989	-0.984997	-0.288151	1468.47	-778.952	-277.002	1371.48	-750.56	270.81
945	1	13	677.52	124.373	-0.95107	1.77256	-576.376	-315.583	-277.002	-542.174	-495.403	290.96
948	1	13	570.653	76.3763	-0.995405	-2.39624	-441.553	983.96	-277.002	-404.804	1015.39	258.416
38	1	13	452.03	18.6446	-0.997913	-0.203109	729.971	122.942	-277.002	694.796	140.581	258.096
155	1	-13	590.956	49.8812	-0.982583	-2.70899	-1487.96	-654.419	-277.002	-1390.4	-606.303	296.035
159	1	-13	913.076	314.02	-0.993845	2.46062	124.66	-1167.55	-277.002	177.818	-1210.15	323.971
265	1	13	1645.43	889.412	-0.997162	-2.33109	1406.77	-125.218	-277.002	1433.66	-96.6145	252.438
707	1	-13	718.173	171.045	-0.994312	-2.21404	-740.053	-1409.13	-277.002	-700.175	-1360	321.097
713	1	13	481.605	59.0235	-0.9993	-0.853669	-455.922	228.138	-277.002	-472.854	246.478	276.488
891	1	-13	920.699	198.553	-0.998948	1.51624	-1061.43	-911.361	-277.002	-1062.1	-939.173	319.528
109	1	13	860.922	207.16	-0.989353	-1.86045	-1118.11	-1024.27	-277.002	-1094.41	-937.844	318.352
110	1	-13	1236.03	357.98	-0.969518	-2.94817	-285.095	-703.208	-277.002	-121.439	-671.239	384.395
304	1	-13	1456.88	496.418	-0.882208	1.12435	-238.621	-684.579	-277.002	-374.169	-967.362	310.527
560	1	-13	739.609	48.8058	-0.99961	-2.75821	-1309.62	-771.374	-277.002	-1297.86	-768.733	309.391
564	1	-13	2948.36	1234.16	-0.839952	1.02204	477.886	-887.051	-277.002	275.966	-1216.21	319.876
566	1	-13	493.003	3.35837	-0.999414	-3.05204	-1429.89	1326.88	-277.002	-1432.88	1340.4	270.073
715	1	-13	480.209	13.599	-0.996837	-1.61141	-800.319	-120.445	-277.002	-784.823	-77.0352	272.272
719	1	-13	711.802	156.204	-0.923405	-2.83488	-658.164	1299.86	-277.002	-447.87	1367.77	259.067
790	1	-13	758.389	28.6042	-0.897451	3.12714	1012.82	1139.39	-277.002	1278.37	1133.66	257.012
899	1	13	743.464	174.947	-0.981408	-2.27248	292.387	-507.149	-277.002	362.868	-424.202	286.009
901	1	-13	668.834	156.596	-0.986609	-2.57243	354.984	1159.45	-277.002	428.209	1206.37	255.128
974	1	13	1615.17	99.9513	-0.642214	2.892	-942.089	-1181.88	-277.002	-241.026	-1364.18	338.417
977	1	-13	863.166	105.44	-0.91406	2.00462	864.166	3.61232	-277.002	965.971	-211.518	259.303
979	1	13	602.997	115.832	-0.957899	2.21253	802.542	-338.808	-277.002	902.683	-469.262	267.687
102	1	-13	1186.8	258.161	-0.926106	0.822669	1249.37	40.5582	-277.002	1102.01	-119.514	259.502
103	1	13	786.224	57.9633	-0.769267	-1.451	-502.554	-314.944	-277.002	-553.849	169.544	293.95
228	1	-13	916.866	261.026	-0.997967	1.95641	-685.103	137.938	-277.002	-670.76	103.202	293.329
230	1	-13	1042.42	262.556	-0.957929	0.598624	-327.345	182.32	-277.002	-470.517	81.7592	308.458
329	1	13	2961.01	1712.69	-0.999988	-0.308656	-638.161	974.556	-277.002	-640.419	975.168	261.1
331	1	-13	1618.85	555.807	-0.86942	2.1817	-1387.31	770.386	-277.002	-1200.42	502.936	294.962
333	1	-13	1223.56	353.573	-0.961192	0.37682	666.032	1022.72	-277.002	522.327	966.124	259.931
623	1	13	686.187	20.2729	-0.878739	-1.74529	-173.224	-757.79	-277.002	-111.621	-398.17	364.609
628	1	-13	1057.09	138.357	-0.977536	-0.99214	-1137.95	-1037.78	-277.002	-1206.62	-932.108	317.822
629	1	-13	542.375	5.50738	-0.994739	-0.704492	-1145.28	388.712	-277.002	-1198.39	438.863	295.364
826	1	-13	905.585	53.7923	-0.662732	1.37025	538.248	303.73	-277.002	413.503	-295.975	275.144
830	1	13	521.934	48.4461	-0.960639	-1.47732	1491.46	1164.25	-277.002	1474.18	1306.92	251.04
938	1	-13	843.719	240.086	-0.984674	-1.48238	1086.01	-684.406	-277.002	1078.45	-587.631	272.958
941	1	13	1037.28	28.7441	-0.849294	1.27659	254.771	1443.67	-277.002	172.219	1123.58	257.925
944	1	13	495.637	29.8505	-0.978621	0.909005	1052.09	1294.45	-277.002	983.501	1200.7	262.724
60	1	13	500.945	25.4101	-0.999825	-1.19836	865.045	826.002	-277.002	863.646	842.978	257.784
311	1	-13	1382.28	249.597	-0.53054	2.24625	507.585	1466.39	-277.002	1036.54	800.683	257.743
444	1	-13	666.864	188.287	-0.978465	0.110373	-1293.99	326.123	-277.002	-1411.68	314.046	293.292
446	1	-13	780.959	71.728	-0.732873	-2.12138	779.441	66.7177	-277.002	1038.86	500.437	257.979
577	1	-13	985.95	415.852	-0.98835	1.84738	-1101.81	891.335	-277.002	-1076.81	809.043	287.744
579	1	13	882.178	262.924	-0.946554	2.58581	428.931	-456.135	-277.002	599.995	-561.774	307.734
665	1	13	893.99	118.086	-0.820519	-2.93772	57.7014	-1246.8	-277.002	469.461	-1159.76	322.721
847	1	-13	875.672	329.231	-0.993001	1.39095	-31.6065	1009.78	-277.002	-43.7405	947.473	260.159
849	1	13	2933.94	1466.92	-0.999487	-1.84841	754.396	248.185	-277.002	758.963	264.501	255.231
852	1	13	834.788	9.2296	-0.655792	-2.2821	-1272.72	386.204	-277.002	-848.235	859.441	282.005
955	1	-13	1051.76	207.112	-0.880006	-0.443242	870.147	-1334.43	-277.002	579.502	-1198.19	315.548
957	1	13	857.945	148.422	-0.99245	-2.85606	940.673	1137.13	-277.002	1007.1	1155.58	262.99
0	1	-13	523.92	70.8431	-0.981293	0.267089	1021.22	450.409	-277.002	919.157	427.754	258.28
2	1	-13	1495.57	156.58	-0.766651	-0.914496	-583.125	-1475.88	-277.002	-884.052	-1086.53	307.622
345	1	13	1101.88	247.982	-0.754703	-1.28953	1112.9	-707.197	-277.002	984.529	-258.369	260.561
511	1	-13	494.154	40.5231	-0.999337	-0.73602	952.079	256.051	-277.002	933.361	271.753	256.551
512	1	13	611.427	37.3866	-0.996334	-2.29115	187.666	148.867	-277.002	213.304	182.942	262.793
514	1	-13	1230.62	199.161	-0.863109	1.5919	463.014	1142.09	-277.002	470.252	825.25	259.846
516	1	-13	781.426	222.16	-0.908507	-2.9134	1242.98	-294.349	-277.002	1484.77	-237.524	256.621
734	1	13	565.853	14.5168	-0.902077	0.0679623	196.012	144.771	-277.002	-59.0714	128.381	266.591
29	1	13	1074.91	310.264	-0.968447	0.0878919	-259.038	609.745	-277.002	-396.821	595.746	265.704
327	1	13	707.455	97.7571	-0.959352	-0.431766	457.656	-249.626	-277.002	309.748	-182.455	273.206
426	1	-13	740.077	173.909	-0.989099	0.903123	-940.522	1488.9	-277.002	-992.084	1424.8	261.968
556	1	13	835.369	90.1344	-0.879565	1.57885	-82.6698	-1001.53	-277.002	-73.8502	-1328.29	337.364
559	1	13	890.286	279.947	-0.961169	0.215528	990.021	-274.096	-277.002	839.511	-308.911	262.79
630	1	13	641.89	6.3689	-0.892745	-2.39261	914.612	760.054	-277.002	1114.41	928.491	259.154
926	1	-13	965.175	245.873	-0.999501	-0.400326	348.871	-469.757	-277.002	332.243	-461.593	290.887
927	1	13	3385.72	1091.36	-0.659114	0.279798	154.109	462.868	-277.002	-445.618	290.544	269.733
928	1	-13	750.017	124.415	-0.979313	-0.155406	792.19	803.892	-277.002	683.136	823.244	258.731
13	1	13	1493.03	394.324	-0.859664	3.09678	-527.973	-918.659	-277.002	-150.521	-936.291	362.046
217	1	-13	503.505	46.3379	-0.983817	2.25637	952.042	895.849	-277.002	1014.33	814.643	257.825
219	1	13	751.617	73.9481	-0.844544	1.91627	1301.54	-800.225	-277.002	1441.25	-1185.63	357.886
222	1	13	765.562	120.531	-0.784933	-0.737079	72.4482	658.466	-277.002	-240.323	943.125	259.835
223	1	13	915.072	164.78	-0.850788	-2.12786	-1195.26	-132.221	-277.002	-1015.39	153.511	266.315
550	1	13	1719.54	681.612	-0.910144	-0.336934	-72.449	475.558	-277.002	-305.875	557.163	265.139
551	1	-13	3071.91	1187.16	-0.878483	-1.71209	50.34	-183.669	-277.002	91.672	108.396	264.655
800	1	13	1322.1	496.488	-0.792774	-1.63486	1371.24	758.352	-277.002	1398.21	1167.4	256.102
917	1	13	1285.07	517.953	-0.983797	2.29213	-1395.83	701.896	-277.002	-1328.41	625.358	289.226
203	1	13	585.734	71.7441	-0.996715	-1.75722	-1078.17	-98.2028	-277.002	-1069.38	-54.7575	270.932
206	1	13	855.275	29.8926	-0.733336	2.94171	-510.78	-57.4519	-277.002	16.5794	-156.572	297.812
208	1	-13	768.99	134.394	-0.867951	-0.277927	518.177	134.333	-277	218.388	217.78	262.114
388	1	-13	669.999	128.882	-0.998423	-1.65212	-712.632	-636.862	-277.002	-712.286	-607.803	280.314
391	1	13	951.039	286.604	-0.966545	-0.339104	8.43788	-510.089	-277.002	-153.673	-453.382	375.451
463	1	-13	1276.99	221.751	-0.676937	-2.51356	-1115.21	-1161.1	-277.002	-618.338	-800.699	286.392
464	1	13	1469.23	372.627	-0.999944	-1.87194	152.269	860.414	-277.002	154.512	866.536	259.271
695	1	13	619.17	60.2687	-0.993809	-1.55132	1382.9	47.2677	-277.002	1378.23	111.429	252.809
696	1	-13	1127.75	314.265	-0.908235	-2.1349	-433.788	451.829	-277.002	-297.969	663.416	265.698
774	1	-13	1396.08	269.336	-0.947698	2.22187	111.677	1478.74	-277.002	222.761	1334.5	262.29
861	1	13	933.621	163.186	-0.977027	2.81977	371.59	-377.058	-277.002	489.933	-417.2	282.74
862	1	-13	1739.93	789.498	-0.861245	1.49699	1442.16	1274.59	-277.002	1419.24	961.653	255.918
863	1	-13	1219.48	296.411	-0.85767	0.957295	-936.043	-604.689	-277.002	-1137.44	-892.873	309.696
968	1	-13	1504.67	685.298	-0.994257	-2.82541	196.696	-712.358	-277.002	260.205	-692.162	338.556
117	1	13	580.498	70.9735	-0.999792	0.956567	1135.81	-570.812	-277.002	1124.94	-579.46	271.104
192	1	-13	985.233	234.722	-0.908641	2.1905	1120.04	-1088.42	-277.002	1290.89	-1332.2	369.743
492	1	-13	808.301	66.7936	-0.983743	1.79283	125.075	989.582	-277.002	151.419	894.755	258.443
640	1	-13	1252.16	438.655	-0.995766	2.94268	973.99	-78.1272	-277.002	1021.15	-88.2374	256.786
641	1	-13	487.178	27.7617	-0.878147	2.00104	-237.101	669.997	-277.002	-115.703	402.843	263.108
736	1	13	700.74	96.0442	-0.829315	1.3316	487.765	-1076.68	-277.002	393.541	-1453.56	302.739
738	1	-13	571.995	79.8208	-0.909441	0.306766	-568.103	-377.034	-277.002	-809.543	-456.018	275.336
73	1	13	842.086	147.442	-0.998857	-0.540574	-1158.75	434.609	-277.002	-1185.45	449.815	294.713
75	1	13	614.134	6.45121	-0.993091	-1.06442	-259.131	31.4893	-277.002	-293.975	88.1112	294.46
76	1	-13	1737.28	549.784	-0.905197	-2.18322	-1109.51	-1346.87	-277.002	-951.786	-1120.83	312.696
169	1	-13	711.245	31.9551	-0.989571	-1.0745	-1283.39	-1336.66	-277.002	-1320.57	-1255.71	330.884
365	1	13	865.631	24.5533	-0.992131	0.968963	-1368.62	1287.15	-277.002	-1411.58	1232.18	272.397
400	1	-13	848.581	249.993	-0.846925	-1.24098	1427.64	-362.887	-277.002	1319.8	-47.405	255.5
405	1	-13	891.471	40.455	-0.828495	2.43334	846.419	959.756	-277.002	1119.5	729.365	258.886
478	1	-13	691.416	176.963	-0.986844	-3.09863	-1066.62	-81.0869	-277.002	-979.462	-80.182	268.317
480	1	-13	872.424	244.322	-0.883879	-3.10575	912.683	-252.61	-277.002	1195.48	-242.407	262.358
482	1	-13	931.239	11.3237	-0.987251	0.324914	65.6982	-532.568	-277.002	-39.621	-569.18	371.096
701	1	13	629.394	43.9315	-0.740353	0.863572	690.805	803.289	-277.002	383.516	438.195	259.853
702	1	-13	1077.12	375.372	-0.901264	-0.554384	874.467	393.392	-277.002	654.031	529.18	258.395
959	1	13	995.874	351.678	-0.983048	-1.13776	-1289.47	597.055	-277.002	-1331.67	693.145	285.917
961	1	-13	1506.48	59.4542	-0.614433	3.05279	-430.561	-1088.31	-277.002	350.768	-1158.82	327.579
49	1	13	921.083	99.0564	-0.887936	0.337048	752.878	-940.107	-277.002	451.485	-1041.55	350.036
187	1	-13	1186.64	221.406	-0.704219	-0.619347	455.614	-333.365	-277.002	-0.558391	-9.78297	275.843
450	1	-13	503.494	36.6848	-0.993349	0.83758	-212.754	476.381	-277.002	-247.758	427.235	262.694
647	1	-13	931.081	242.865	-0.945139	-1.66021	674.262	1101.6	-277.002	691.808	1283.54	255.432
753	1	-13	565.349	30.0659	-0.999338	-1.00462	-268.838	-1085.33	-277.002	-277.553	-1055.61	333.607
880	1	13	1333.53	71.4096	-0.494058	-1.7812	-1051.79	-776.013	-277.002	-844.339	170.806	271.591
881	1	-13	764.568	74.7203	-0.996559	1.06901	-164.035	-109.798	-277.002	-185.567	-151.049	319.721
981	1	13	825.354	96.3973	-0.998311	1.92028	278.629	-1026.83	-277.002	290.515	-1064.19	347.905
102	1	-13	1186.8	258.161	-0.926106	0.822669	1249.37	40.5582	-277.002	1102.01	-119.514	259.502
103	1	13	786.224	57.9633	-0.769267	-1.451	-502.554	-314.944	-277.002	-553.849	169.544	293.95
228	1	-13	916.866	261.026	-0.997967	1.95641	-685.103	137.938	-277.002	-670.76	103.202	293.329
230	1	-13	1042.42	262.556	-0.957929	0.598624	-327.345	182.32	-277.002	-470.517	81.7592	308.458
329	1	13	2961.01	1712.69	-0.999988	-0.308656	-638.161	974.556	-277.002	-640.419	975.168	261.1
331	1	-13	1618.85	555.807	-0.86942	2.1817	-1387.31	770.386	-277.002	-1200.42	502.936	294.962
333	1	-13	1223.56	353.573	-0.961192	0.37682	666.032	1022.72	-277.002	522.327	966.124	259.931
623	1	13	686.187	20.2729	-0.878739	-1.74529	-173.224	-757.79	-277.002	-111.621	-398.17	364.609
628	1	-13	1057.09	138.357	-0.977536	-0.99214	-1137.95	-1037.78	-277.002	-1206.62	-932.108	317.822
629	1	-13	542.375	5.50738	-0.994739	-0.704492	-1145.28	388.712	-277.002	-1198.39	438.863	295.364
826	1	-13	905.585	53.7923	-0.662732	1.37025	538.248	303.73	-277.002	413.503	-295.975	275.144
830	1	13	521.934	48.4461	-0.960639	-1.47732	1491.46	1164.25	-277.002	1474.18	1306.92	251.04
938	1	-13	843.719	240.086	-0.984674	-1.48238	1086.01	-684.406	-277.002	1078.45	-587.631	272.958
941	1	13	1037.28	28.7441	-0.849294	1.27659	254.771	1443.67	-277.002	172.219	1123.58	257.925
944	1	13	495.637	29.8505	-0.978621	0.909005	1052.09	1294.45	-277.002	983.501	1200.7	262.724
4	1	-13	1053.09	354.218	-0.962454	1.44112	-572.461	-884.613	-277.002	-593.769	-1044.08	290.845
251	1	13	538.645	47.8284	-0.922722	-2.48885	783.219	-95.4392	-277.002	961.796	37.8005	254.647
323	1	13	667.968	158.355	-0.965272	0.648826	241.708	644.294	-277.002	123.001	552.58	264.045
326	1	13	914.089	106.41	-0.650408	2.14779	1159.58	1137.42	-277.002	1492.32	625.271	255.363
327	1	-13	679.895	47.7215	-0.842791	-1.9787	550.718	-256.207	-277.002	684.331	61.9657	260.966
414	1	13	1379.13	376.814	-0.985571	-1.10933	1118.04	-1179.22	-277.002	1069.94	-1084.38	340.338
417	1	13	958.122	304.621	-0.968608	-2.95231	475.436	-1253.95	-277.002	623.881	-1227.65	313.67
504	1	-13	704.384	173.828	-0.994626	1.18542	-1347.43	-1032.28	-277.002	-1368.1	-1088.67	325.845
505	1	13	516.994	43.1647	-0.955991	0.00584768	493.523	1177.68	-277.002	327.483	1174.59	256.728
561	1	-13	677.399	129.91	-0.967183	-3.11424	602.85	66.6154	-277.002	743.963	71.4919	259.158
109	1	13	860.922	207.16	-0.989353	-1.86045	-1118.11	-1024.27	-277.002	-1094.41	-937.844	318.352
110	1	-13	1236.03	357.98	-0.969518	-2.94817	-285.095	-703.208	-277.002	-121.439	-671.239	384.395
304	1	-13	1456.88	496.418	-0.882208	1.12435	-238.621	-684.579	-277.002	-374.169	-967.362	310.527
560	1	-13	739.609	48.8058	-0.99961	-2.75821	-1309.62	-771.374	-277.002	-1297.86	-768.733	309.391
564	1	-13	2948.36	1234.16	-0.839952	1.02204	477.886	-887.051	-277.002	275.966	-1216.21	319.876
566	1	-13	493.003	3.35837	-0.999414	-3.05204	-1429.89	1326.88	-277.002	-1432.88	1340.4	270.073
715	1	-13	480.209	13.599	-0.996837	-1.61141	-800.319	-120.445	-277.002	-784.823	-77.0352	272.272
719	1	-13	711.802	156.204	-0.923405	-2.83488	-658.164	1299.86	-277.002	-447.87	1367.77	259.067
790	1	-13	758.389	28.6042	-0.897451	3.12714	1012.82	1139.39	-277.002	1278.37	1133.66	257.012
899	1	13	743.464	174.947	-0.981408	-2.27248	292.387	-507.149	-277.002	362.868	-424.202	286.009
901	1	-13	668.834	156.596	-0.986609	-2.57243	354.984	1159.45	-277.002	428.209	1206.37	255.128
974	1	13	1615.17	99.9513	-0.642214	2.892	-942.089	-1181.88	-277.002	-241.026	-1364.18	338.417
977	1	-13	863.166	105.44	-0.91406	2.00462	864.166	3.61232	-277.002	965.971	-211.518	259.303
979	1	13	602.997	115.832	-0.957899	2.21253	802.542	-338.808	-277.002	902.683	-469.262	267.687
66	1	-13	599.184	1.0571	-0.977736	-0.371734	1317.72	981.873	-277.002	1188.12	1018.76	258.363
212	1	-13	5813.49	1744.11	-0.573045	2.39199	-189.987	904.042	-277.002	373.681	380.533	260.557
672	1	-13	1083.85	281.246	-0.933069	-1.58261	-585.889	378.177	-277.002	-583.119	586.949	265.152
675	1	13	451.714	32.7669	-0.986334	-0.767853	-215.52	122.687	-277.002	-281.551	183.616	274.882
676	1	13	945.442	126.668	-0.879041	2.19092	-998.488	-741.567	-277.002	-817.224	-993.709	293.906
832	1	13	847.952	85.2036	-0.86007	-0.777073	394.232	993.813	-277.002	166.051	1220.62	259.068
203	1	13	585.734	71.7441	-0.996715	-1.75722	-1078.17	-98.2028	-277.002	-1069.38	-54.7575	270.932
206	1	13	855.275	29.8926	-0.733336	2.94171	-510.78	-57.4519	-277.002	16.5794	-156.572	297.812
208	1	-13	768.99	134.394	-0.867951	-0.277927	518.177	134.333	-277	218.388	217.78	262.114
388	1	-13	669.999	128.882	-0.998423	-1.65212	-712.632	-636.862	-277.002	-712.286	-607.803	280.314
391	1	13	951.039	286.604	-0.966545	-0.339104	8.43788	-510.089	-277.002	-153.673	-453.382	375.451
463	1	-13	1276.99	221.751	-0.676937	-2.51356	-1115.21	-1161.1	-277.002	-618.338	-800.699	286.392
464	1	13	1469.23	372.627	-0.999944	-1.87194	152.269	860.414	-277.002	154.512	866.536	259.271
695	1	13	619.17	60.2687	-0.993809	-1.55132	1382.9	47.2677	-277.002	1378.23	111.429	252.809
696	1	-13	1127.75	314.265	-0.908235	-2.1349	-433.788	451.829	-277.002	-297.969	663.416	265.698
774	1	-13	1396.08	269.336	-0.947698	2.22187	111.677	1478.74	-277.002	222.761	1334.5	262.29
861	1	13	933.621	163.186	-0.977027	2.81977	371.59	-377.058	-277.002	489.933	-417.2	282.74
862	1	-13	1739.93	789.498	-0.861245	1.49699	1442.16	1274.59	-277.002	1419.24	961.653	255.918
863	1	-13	1219.48	296.411	-0.85767	0.957295	-936.043	-604.689	-277.002	-1137.44	-892.873	309.696
968	1	-13	1504.67	685.298	-0.994257	-2.82541	196.696	-712.358	-277.002	260.205	-692.162	338.556
134	1	-13	620.344	99.3811	-0.937412	-0.590499	-457.845	-396.903	-277.002	-631.02	-278.978	280.588
137	1	13	711.877	167.97	-0.953263	-1.28589	1148.77	344.831	-277.002	1102.17	506.543	258.147
184	1	13	553.789	30.6034	-0.992592	0.527805	-131.256	88.4414	-277.002	-192.781	58.1248	286.922
187	1	-13	463.247	23.573	-0.917114	1.35006	61.6006	632.842	-277.002	13.595	417.556	263.321
273	1	13	727.153	69.8081	-0.999005	-2.239	-1484.02	-677.771	-277.002	-1469.57	-658.185	289.938
353	1	-13	1185.1	281.616	-0.829546	0.20208	787.759	-1069.46	-277.002	385.35	-1150.98	327.692
478	1	13	747.009	47.1885	-0.99988	1.3815	157.254	-785.546	-277.002	161.414	-792.794	369
480	1	13	637.897	14.272	-0.988357	2.01926	-836.659	-380.133	-277.002	-798.088	-451.561	275.634
482	1	-13	1766.67	476.772	-0.708404	0.262787	-446.973	-749.141	-277.002	-1009.75	-900.916	308.606
640	1	13	1000.66	235.67	-0.981404	-2.07017	-1373.64	860.107	-277.002	-1317.44	959.749	308.582
643	1	13	479.331	1.74094	-0.998319	1.91921	414.787	957.384	-277.002	450.998	962.263	260.538
722	1	-13	505.768	41.6647	-0.963907	0.31382	697.229	557.642	-277.002	553.179	510.229	258.831
727	1	13	652.857	165.372	-0.99969	1.1283	982.915	72.4354	-277.002	976.275	60.9534	254.701
862	1	-13	664.263	114.973	-0.896502	2.04909	-1124.49	1402.2	-277.002	-999.647	1166.22	262.479
864	1	-13	1262.18	140.426	-0.886217	2.36398	-1481.93	953.713	-277.002	-1270.67	744.907	284.783
867	1	13	740.184	95.4241	-0.788234	-1.76783	-1008.99	-715.312	-277.002	-929.691	-293.187	273.809
13	1	13	1493.03	394.324	-0.859664	3.09678	-527.973	-918.659	-277.002	-150.521	-936.291	362.046
217	1	-13	503.505	46.3379	-0.983817	2.25637	952.042	895.849	-277.002	1014.33	814.643	257.825
219	1	13	751.617	73.9481	-0.844544	1.91627	1301.54	-800.225	-277.002	1441.25	-1185.63	357.886
222	1	13	765.562	120.531	-0.784933	-0.737079	72.4482	658.466	-277.002	-240.323	943.125	259.835
223	1	13	915.072	164.78	-0.850788	-2.12786	-1195.26	-132.221	-277.002	-1015.39	153.511	266.315
550	1	13	1719.54	681.612	-0.910144	-0.336934	-72.449	475.558	-277.002	-305.875	557.163	265.139
551	1	-13	3071.91	1187.16	-0.878483	-1.71209	50.34	-183.669	-277.002	91.672	108.396	264.655
800	1	13	1322.1	496.488	-0.792774	-1.63486	1371.24	758.352	-277.002	1398.21	1167.4	256.102
917	1	13	1285.07	517.953	-0.983797	2.29213	-1395.83	701.896	-277.002	-1328.41	625.358	289.226
105	1	13	749.732	172.273	-0.988542	-2.73333	-4.8487	1326.97	-277.002	70.2536	1358.34	260.206
106	1	-13	1404.02	256.803	-0.583295	-3.03983	507.736	-815.623	-277.002	1267.3	-740.876	271.905
107	1	13	2256.08	734.797	-0.779595	2.47702	518.465	851.515	-277.002	856.237	585.941	259.485
109	1	-13	1314.26	165.246	-0.754603	1.15689	-193.667	663.408	-277.002	-382.712	223.742	273.639
267	1	13	512.614	34.2571	-0.999853	-0.747058	580.06	697.936	-277.002	565.842	717.495	255.856
272	1	13	418.917	14.1915	-0.960891	-1.84946	250.062	331.409	-277.002	297.268	477.424	260.513
460	1	13	1991.46	633.394	-0.991834	2.40822	1285.37	1001.54	-277.002	1336.78	955.551	257.53
461	1	-13	1418.17	221.806	-0.928529	0.964212	667.186	864.384	-277.002	544.089	688.192	255.393
569	1	-13	538.726	39.3283	-0.992089	-1.64507	-945.693	806.885	-277.002	-935.795	874.737	281.72
570	1	13	717.062	206.063	-0.997402	-0.620901	-688.472	-547.016	-277.002	-723.747	-524.076	279.101
572	1	-13	551.346	38.4854	-0.997528	1.45601	-655.076	-1372.89	-277.002	-652.11	-1414.33	326.25
630	1	-13	813.864	189.938	-0.995898	-2.76363	366.602	951.977	-277.002	412.067	968.687	260.832
96	1	13	716.764	131.121	-0.968305	0.415323	325.505	-1274.8	-277.002	185.386	-1335.24	313.134
97	1	-13	735.245	40.6547	-0.721735	2.0824	579.991	553.377	-277.002	836.359	113.735	255.652
267	1	-13	1847.3	486.337	-0.952366	-2.44725	-54.4298	-1035.17	-277.002	105.048	-898.745	377.92
272	1	-13	738.132	66.0996	-0.883627	1.31637	-1262.85	212.648	-277.002	-1336.04	-59.5097	268.808
520	1	-13	562.773	130	-0.997606	2.94505	-978.495	1134.12	-277.002	-942.588	1124.93	261.494
589	1	-13	730.432	157.688	-0.9162	-0.849372	1117.5	-426.632	-277.002	964.615	-249.7	260.289
594	1	-13	494.083	3.10157	-0.994381	-0.241178	792.706	-1397.72	-277.002	751.052	-1383.9	301.181
794	1	-13	477.431	39.6035	-0.982732	-1.41707	-490.074	1314.15	-277.002	-500.122	1410.25	258.738
797	1	13	651.121	27.7956	-0.865529	2.22073	1170.07	-1198.72	-277.002	1411.92	-1483.4	355.289
883	1	-13	1526.93	236.154	-0.806873	1.78794	1030.32	940.416	-277.002	1115.18	555.735	258.25
884	1	-13	726.989	37.8177	-0.695532	-2.9435	-362.169	180.012	-277.002	187.028	285.852	262.831
37	1	13	597.057	1.68205	-0.955648	-0.677966	1273.27	-962.664	-277.002	1141.51	-892.996	318.003
254	1	13	620.041	87.2927	-0.993491	3.03185	-290.122	440.706	-277.002	-227.583	429.795	262.252
530	1	-13	1883.54	240.082	-0.601409	0.413398	909.556	-1005.75	-277.002	192.803	-1320.67	313.453
708	1	13	535.643	65.7079	-0.999568	2.09513	-965.65	-268.592	-277.002	-956.513	-283.373	273.48
762	1	13	848.425	13.6594	-0.959301	3.11877	288.765	-1411.51	-277.002	467.391	-1412.56	302.964
929	1	-13	577.603	55.9738	-0.909268	1.89242	-1326.56	214.545	-277.002	-1243.05	-24.5639	268.754
20	1	13	1250.72	245.462	-0.827302	1.47318	1184.26	-41.7526	-277.002	1149.1	-409.762	265.786
232	1	13	573.006	93.9181	-0.991055	-0.470371	1279.18	-4.17548	-277.002	1214.63	30.1473	258.044
236	1	13	699.202	0.151966	-0.806696	-1.3599	-565.682	-295.191	-277.002	-663.661	25.0651	290.432
339	1	13	558.943	65.0296	-0.984931	-2.10952	-153.904	902.428	-277.002	-111.483	985.681	259.264
406	1	13	773.338	200.614	-0.999951	-2.25908	-440.67	163.594	-277.002	-437.643	167.216	289.99
412	1	-13	1008.32	71.9412	-0.643625	1.0023	1245.4	-746.043	-277.002	868.701	-1331.14	309.977
599	1	-13	768.92	113.236	-0.991691	2.5841	-32.808	235.739	-277.002	26.2088	199.532	261.606
743	1	-13	2547.47	909.623	-0.702265	0.372495	-471.989	-257.081	-277.002	-995.991	-461.641	277.179
746	1	-13	784.533	8.14243	-0.842521	1.99207	-513.747	253.897	-277.002	-333.41	-87.5845	335.435
747	1	-13	491.943	59.0523	-0.991365	0.41663	752.735	1261.1	-277.002	689.901	1231.15	255.114
912	1	-13	609.718	75.9545	-0.928237	0.846847	1209.78	1181.69	-277.002	1068.51	1024.33	260.119
14	1	-13	955.99	317.756	-0.951329	-1.34005	1223.19	654.582	-277.002	1181.86	822.536	258.899
19	1	-13	490.386	0.581697	-0.991367	0.508339	-956.649	37.0232	-277.002	-1028.07	21.8243	269.003
233	1	13	841.239	25.9787	-0.93648	-1.62456	83.1918	-1402.27	-277.002	104.301	-1163.8	340.16
234	1	-13	2247.55	833.643	-0.999978	-2.61132	-358.013	-785.952	-277.002	-354.593	-783.871	314.689
236	1	-13	1595.41	384.831	-0.971951	-2.00764	-900.84	663.386	-277.002	-843.608	787.599	286.516
503	1	13	678.681	201.893	-0.987645	2.25273	599.245	289.395	-277.002	653.79	222.728	255.776
556	1	-13	625.929	125.551	-0.918774	0.411861	1392.51	842.86	-277.002	1178.93	748.207	258.87
702	1	-13	1282.73	535.542	-0.88677	0.125286	-593.594	-78.6433	-277.002	-876.561	-113.101	268.511
786	1	13	1977.36	1005.86	-0.994318	1.39954	-1267.05	-963.257	-277.002	-1278.41	-1027.42	332.21
894	1	-13	855.227	301.246	-0.967577	-1.52499	-562.669	1063.51	-277.002	-569.078	1204.16	259.662
949	1	-13	624.92	106.156	-0.994177	3.05886	-236.56	803.39	-277.002	-179.819	801.583	262.959
319	1	13	440.325	0.31684	-0.96193	-1.05813	-133.592	27.5346	-277.002	-118.879	210.49	264.633
397	1	13	1965.29	900.819	-0.984569	-1.24157	1443.52	-915.385	-277.002	1411.71	-822.962	274.128
806	1	-13	1882.82	168.164	-0.692675	-2.3455	-55.5254	-1469.86	-277.002	421.682	-976.338	379.715
808	1	-13	520.826	21.989	-0.984997	-0.288151	1468.47	-778.952	-277.002	1371.48	-750.56	270.81
945	1	13	677.52	124.373	-0.95107	1.77256	-576.376	-315.583	-277.002	-542.174	-495.403	290.96
948	1	13	570.653	76.3763	-0.995405	-2.39624	-441.553	983.96	-277.002	-404.804	1015.39	258.416
85	1	13	1428.77	325.561	-0.928231	0.642034	-1211.21	-146.065	-277.002	-1387.46	-278.524	273.005
88	1	-13	2297.16	799.231	-0.987837	2.3621	-1158.22	440.487	-277.002	-1095.59	378.754	280.242
448	1	-13	651.037	99.2611	-0.95976	-0.306575	-1320.23	589.067	-277.002	-1478.71	640.344	289.783
451	1	-13	679.258	67.2886	-0.871287	1.47995	-912.799	1055.8	-277.002	-944.118	745.784	281.777
453	1	13	691.153	38.0808	-0.99989	-1.94271	-1188.52	1190.82	-277.002	-1183.82	1198.31	267.297
766	1	-13	743.045	199.202	-0.990219	2.33508	-360.895	267.737	-277.002	-304.766	212.933	271.425
768	1	13	1076.25	35.3861	-0.604823	-2.10061	-143.669	-266.408	-277.002	216.736	342.789	262.502
769	1	13	814.1	124.581	-0.968793	0.508626	-1130.8	902.451	-277.002	-1255.55	834.325	297.164
876	1	-13	930.903	189.966	-0.908999	-2.23895	-684.311	314.534	-277.002	-532.604	508.86	264.373
878	1	-13	712.835	154.792	-0.914585	-0.831426	-596.705	-488.983	-277.002	-764.372	-308.155	274.309
119	1	13	835.071	257.483	-0.998474	2.95752	569.668	1182.82	-277.002	598.12	1177.7	254.878
123	1	-13	1055.58	246.787	-0.985096	1.41685	503.257	-813.165	-277.002	486.041	-928.637	388.113
125	1	13	1319.53	230.141	-0.958994	3.1313	1236.22	181.591	-277.002	1391.45	183.438	252.255
253	1	13	1040.57	223.31	-0.770458	2.02706	-682.026	513.73	-277.002	-466.084	78.4696	308.655
255	1	-13	514.029	5.75892	-0.997054	2.50355	-981.354	-936.491	-277.002	-959.105	-939.014	308.118
835	1	-13	531.168	12.7078	-0.940612	-1.3055	378.668	-118.425	-277.002	320.826	60.2829	267.904
839	1	-13	1278.26	291.386	-0.997185	1.9162	277.544	-1369.76	-277.002	293.198	-1410.95	307.945
119	1	-13	499.201	57.7473	-0.956439	0.307204	-57.0133	788.904	-277.002	-216.761	740.681	264.925
122	1	-13	546.039	25.2811	-0.999799	-0.528421	-730.275	-614.134	-277.002	-743.951	-613.043	279.327
337	1	-13	556.471	20.7026	-0.983051	-3.0548	71.9781	1127.33	-277.002	172.583	1130.23	257.891
339	1	-13	949.236	59.6831	-0.934211	2.87438	-219.074	535.607	-277.002	-18.2645	478.729	264.404
341	1	13	541.539	33.0256	-0.934146	2.0241	-1446.61	357.775	-277.002	-1355.56	161.439	271.514
588	1	-13	1753.59	830.748	-0.958703	-0.34707	436.336	-800.725	-277.002	258.924	-736.806	354.885
679	1	13	724.559	19.1036	-0.864851	-0.0408425	1157.51	-1408.3	-277.002	834.466	-1397.13	302.313
680	1	13	2017.49	634.338	-0.846043	-2.65043	153.003	-417.241	-277.002	458.464	-253.818	272.872
685	1	-13	1027.24	134.241	-0.982985	-2.84673	304.052	-762.289	-277.002	422.737	-727.07	361.943
68	1	13	788.342	255.235	-0.985812	1.54362	-836.424	716.19	-277.002	-838.038	622.897	278.094
238	1	13	432.894	11.5294	-0.954514	0.728185	-6.34071	1465.58	-277.002	-147.369	1344.2	259.429
239	1	13	1910.64	172.451	-0.684149	1.44542	-855.066	937.6	-277.002	-925.931	357.328	269.599
241	1	13	834.099	241.793	-0.92458	0.538541	-520.607	270.83	-277.002	-720.846	151.762	287.995
242	1	-13	881.498	151.567	-0.999904	-2.97139	618.398	749.913	-277.002	625.635	748.752	256.499
244	1	-13	632.356	109.566	-0.992937	-2.66096	570.19	-1406.8	-277.002	631.886	-1372.14	304.535
378	1	-13	715.41	88.7616	-0.992889	0.749548	796.632	-1038.39	-277.002	745.928	-1091.58	333.204
380	1	-13	614.554	122.263	-0.999566	1.92203	531.574	125.632	-277.002	539.125	108.817	262.589
435	1	13	694.948	111.856	-0.999997	0.0903222	1261.29	-1048.02	-277.002	1260.25	-1050.16	341.7
436	1	-13	803.992	170.786	-0.992659	2.8404	-357.578	495.177	-277.002	-294.634	475.664	264.13
439	1	13	798.183	80.523	-0.969988	-2.60981	-1436.78	680.987	-277.002	-1312.4	759.581	285.49
530	1	13	697.226	150.617	-0.982657	-2.22783	-886.427	381.788	-277.002	-822.003	462.283	273.946
677	1	-13	838.571	261.243	-0.955018	1.73419	263.131	-154.048	-277.002	288.765	-324.041	281.184
763	1	-13	646.961	23.2803	-0.846159	-2.35118	-1105.83	110.391	-277.002	-854.624	349.603	266.985
765	1	-13	613.169	123.813	-0.999456	1.94496	1168.13	712.237	-277.002	1172.23	695.685	259.615
767	1	13	4854.46	396.36	-0.3546	-2.92308	-1259.53	580.462	-277.002	115.672	887.708	258.603
28	1	13	1002.95	284.345	-0.994934	0.150863	-1040.97	6.45061	-277.002	-1095.12	-2.02673	270.078
34	1	-13	591.642	79.4216	-0.917998	2.25457	592.899	1494.88	-277.002	737.322	1315.66	255.495
177	1	-13	1159.99	344.475	-0.875579	-1.7022	921.224	-1336.52	-277.002	966.362	-994.916	348.097
425	1	-13	909.856	36.8804	-0.798478	1.36117	-145.932	431.288	-277.002	-229.623	-14.5939	306.645
654	1	-13	1256.69	189.809	-0.990151	1.9355	-1264.36	548.655	-277.002	-1235.48	474.096	300.306
868	1	-13	685.159	18.3855	-0.770556	0.622686	1429.77	1171.77	-277.002	1057.84	903.172	258.296
873	1	-13	715.946	61.7889	-0.873095	2.63135	449.276	1182.63	-277.002	707.429	1037	257.709
970	1	-13	765.219	19.7263	-0.777851	-1.12057	962.854	-675.057	-277.002	791.598	-280.068	262.072
73	1	13	842.086	147.442	-0.998857	-0.540574	-1158.75	434.609	-277.002	-1185.45	449.815	294.713
75	1	13	614.134	6.45121	-0.993091	-1.06442	-259.131	31.4893	-277.002	-293.975	88.1112	294.46
76	1	-13	1737.28	549.784	-0.905197	-2.18322	-1109.51	-1346.87	-277.002	-951.786	-1120.83	312.696
169	1	-13	711.245	31.9551	-0.989571	-1.0745	-1283.39	-1336.66	-277.002	-1320.57	-1255.71	330.884
365	1	13	865.631	24.5533	-0.992131	0.968963	-1368.62	1287.15	-277.002	-1411.58	1232.18	272.397
400	1	-13	848.581	249.993	-0.846925	-1.24098	1427.64	-362.887	-277.002	1319.8	-47.405	255.5
405	1	-13	891.471	40.455	-0.828495	2.43334	846.419	959.756	-277.002	1119.5	729.365	258.886
478	1	-13	691.416	176.963	-0.986844	-3.09863	-1066.62	-81.0869	-277.002	-979.462	-80.182	268.317
480	1	-13	872.424	244.322	-0.883879	-3.10575	912.683	-252.61	-277.002	1195.48	-242.407	262.358
482	1	-13	931.239	11.3237	-0.987251	0.324914	65.6982	-532.568	-277.002	-39.621	-569.18	371.096
701	1	13	629.394	43.9315	-0.740353	0.863572	690.805	803.289	-277.002	383.516	438.195	259.853
702	1	-13	1077.12	375.372	-0.901264	-0.554384	874.467	393.392	-277.002	654.031	529.18	258.395
959	1	13	995.874	351.678	-0.983048	-1.13776	-1289.47	597.055	-277.002	-1331.67	693.145	285.917
961	1	-13	1506.48	59.4542	-0.614433	3.05279	-430.561	-1088.31	-277.002	350.768	-1158.82	327.579
130	1	13	693.644	153.117	-0.966905	1.88149	-698.988	-408.617	-277.002	-653.093	-549.963	283.221
145	1	13	692.423	139.224	-0.999632	-2.41606	-580.669	602.07	-277.002	-570.372	611.508	265.524
293	1	-13	538.652	12.7559	-0.903403	0.717295	-488.283	-501.569	-277.002	-700.389	-671.49	281.142
385	1	13	504.713	0.973738	-0.909851	-0.982954	450.842	-640.544	-277.002	339.618	-387.521	283.759
471	1	-13	677.495	139.141	-0.98752	1.62937	623.962	845.957	-277.002	629.354	761.258	257.005
533	1	-13	1214.99	501.179	-0.987779	-0.975164	-405.726	1128.64	-277.002	-453.666	1199.34	258.105
618	1	-13	919.234	110.803	-0.854404	-0.884863	695.617	1036.93	-277.002	489.844	1285.34	256.204
805	1	-13	688.78	106.753	-0.85976	1.4242	-1323.4	949.025	-277.002	-1379.82	616.996	291.151
808	1	13	548.105	43.1322	-0.990405	-1.3803	-66.8258	-163.398	-277.002	-79.9909	-84.9074	293.133
897	1	-13	810.306	94.2201	-0.758374	-2.33707	-495.113	99.669	-277	-175.365	425.496	262.086
901	1	13	664.438	23.4121	-0.991719	-3.11161	-1151.97	1341.67	-277.002	-1076.81	1358.01	262.01
60	1	13	500.945	25.4101	-0.999825	-1.19836	865.045	826.002	-277.002	863.646	842.978	257.784
311	1	-13	1382.28	249.597	-0.53054	2.24625	507.585	1466.39	-277.002	1036.54	800.683	257.743
444	1	-13	666.864	188.287	-0.978465	0.110373	-1293.99	326.123	-277.002	-1411.68	314.046	293.292
446	1	-13	780.959	71.728	-0.732873	-2.12138	779.441	66.7177	-277.002	1038.86	500.437	257.979
577	1	-13	985.95	415.852	-0.98835	1.84738	-1101.81	891.335	-277.002	-1076.81	809.043	287.744
579	1	13	882.178	262.924	-0.946554	2.58581	428.931	-456.135	-277.002	599.995	-561.774	307.734
665	1	13	893.99	118.086	-0.820519	-2.93772	57.7014	-1246.8	-277.002	469.461	-1159.76	322.721
847	1	-13	875.672	329.231	-0.993001	1.39095	-31.6065	1009.78	-277.002	-43.7405	947.473	260.159
849	1	13	2933.94	1466.92	-0.999487	-1.84841	754.396	248.185	-277.002	758.963	264.501	255.231
852	1	13	834.788	9.2296	-0.655792	-2.2821	-1272.72	386.204	-277.002	-848.235	859.441	282.005
955	1	-13	1051.76	207.112	-0.880006	-0.443242	870.147	-1334.43	-277.002	579.502	-1198.19	315.548
957	1	13	857.945	148.422	-0.99245	-2.85606	940.673	1137.13	-277.002	1007.1	1155.58	262.99
77	1	13	706.616	67.0154	-0.92855	-2.30326	798.985	-916.362	-277.002	960.208	-735.224	306.424
81	1	-13	687.503	81.7341	-0.954534	-2.00917	896.124	-1382.79	-277.002	981.32	-1207.01	341.965
360	1	-13	594.129	37.324	-0.997325	-0.646277	188.232	305.389	-277.002	159.647	338.595	263.255
803	1	13	1035.19	135.044	-0.811929	-1.30525	983.464	-362.239	-277.002	880.29	6.09244	256.519
941	1	13	555.691	15.5459	-0.84469	3.09304	-595.478	923.066	-277.002	-266.387	912.107	260.609
944	1	-13	1443.34	394.968	-0.87878	1.64941	235.238	-155.615	-277.002	260.13	-465.856	295.885
80	1	-13	497.188	35.1506	-0.995404	2.99791	-956.304	-166.27	-277.002	-911.17	-180.24	270.267
145	1	13	835.04	164.356	-0.930901	2.87195	672.981	-923.425	-277.002	908.267	-989.97	352.271
146	1	-13	492.737	26.1737	-0.944329	-2.95244	1143.26	-511.291	-277.002	1327.63	-472.954	263.586
180	1	13	554.939	36.372	-0.940154	2.43986	-888.252	-457.657	-277.002	-731.762	-601.81	279.603
499	1	-13	617.435	44.2084	-0.983231	1.0625	1079.81	-1171.45	-277.002	1018.68	-1272.19	340.607
613	1	13	572.376	16.7117	-0.943387	-2.39188	-1184.02	-1395.33	-277.001	-1029.3	-1255.88	326.056
614	1	13	776.292	165.875	-0.994824	0.369735	1084.6	-52.5665	-277.002	1033.68	-72.5097	256.49
659	1	-13	1420.85	177.193	-0.975555	-2.85394	812.145	-1244.86	-277.002	942.731	-1207.04	335.906
662	1	-13	995.494	5.34195	-0.557622	1.17498	-672.885	-96.6975	-277.002	-1009.87	-864.47	304.194
854	1	13	647.692	3.08109	-0.99659	2.85231	-670.449	167.989	-277.002	-615.306	145.529	300.329
856	1	-13	1016.2	84.5369	-0.658408	2.24161	-670.444	1189.29	-277.002	-283.179	700.619	265.342
59	1	-13	779.48	34.0553	-0.931356	0.667734	-966.66	-1092.5	-277.002	-1155.57	-1246.44	321.31
198	1	13	795.12	201.969	-0.977814	2.09719	-1404.43	983.192	-277.002	-1343.43	873.074	304.982
308	1	13	3535.89	2070.49	-0.995958	-1.91471	-530.968	-888.581	-277.002	-513.536	-839.733	294.532
309	1	-13	1170.33	262.567	-0.885133	-1.98425	464.335	-1384.92	-277.002	594.191	-1090.84	334.253
314	1	-13	819.103	190.166	-0.864107	-0.295169	-35.2436	-1434.52	-277.002	-365.878	-1332.8	316.872
431	1	-13	1027.99	380.22	-0.992812	1.66989	-1495.18	1372.47	-277.002	-1486.75	1306.14	271.392
513	1	-13	1122.23	62.6732	-0.556211	-2.43112	269.884	830.633	-277.002	861.954	1350.51	255.84
602	1	13	712.718	56.8504	-0.967672	1.56912	-780.556	-857.505	-277.002	-781.932	-1008.5	292.263
605	1	-13	2326.94	609.492	-0.822698	-2.64761	-100.53	195.42	-277.002	227.658	371.461	261.776
606	1	13	498.466	1.2251	-0.993216	-3.00032	-1036.43	55.2169	-277.002	-981.16	92.1312	267.239
850	1	13	623.513	7.44736	-0.995513	1.06226	640.941	-829.402	-277.002	626.05	-861.148	370.956
853	1	-13	701.371	129.045	-0.998891	1.86425	-1003.41	-1018.67	-277.002	-996.056	-1046.91	318.673
975	1	-13	706.258	115.513	-0.97799	0.306381	523.706	-1155.2	-277.002	402.962	-1196.85	317.945
978	1	13	977.965	363.44	-0.976435	-1.08497	374.506	1214.25	-277.002	318.309	1320.26	260.231
29	1	13	1074.91	310.264	-0.968447	0.0878919	-259.038	609.745	-277.002	-396.821	595.746	265.704
327	1	13	707.455	97.7571	-0.959352	-0.431766	457.656	-249.626	-277.002	309.748	-182.455	273.206
426	1	-13	740.077	173.909	-0.989099	0.903123	-940.522	1488.9	-277.002	-992.084	1424.8	261.968
556	1	13	835.369	90.1344	-0.879565	1.57885	-82.6698	-1001.53	-277.002	-73.8502	-1328.29	337.364
559	1	13	890.286	279.947	-0.961169	0.215528	990.021	-274.096	-277.002	839.511	-308.911	262.79
630	1	13	641.89	6.3689	-0.892745	-2.39261	914.612	760.054	-277.002	1114.41	928.491	259.154
926	1	-13	965.175	245.873	-0.999501	-0.400326	348.871	-469.757	-277.002	332.243	-461.593	290.887
927	1	13	3385.72	1091.36	-0.659114	0.279798	154.109	462.868	-277.002	-445.618	290.544	269.733
928	1	-13	750.017	124.415	-0.979313	-0.155406	792.19	803.892	-277.002	683.136	823.244	258.731
93	1	-13	673.514	37.509	-0.953989	-0.433971	-67.2674	697.161	-277.002	-227.492	762.906	264.351
97	1	13	592.71	152.661	-0.999708	-0.844384	223.486	644.298	-277.002	216.902	654.327	260.945
173	1	-13	597.562	46.7597	-0.888157	-2.40807	165.921	1075.1	-277.002	375.085	1264.39	257.012
265	1	13	832.747	96.1956	-0.812166	1.95309	683.307	-387.821	-277.002	850.472	-802.022	346.142
495	1	-13	577.615	39.9941	-0.892843	-0.992062	615.603	-692.521	-277.002	456.316	-449.827	287.712
496	1	-13	734.404	152.046	-0.968425	1.507	-1417.22	-83.8374	-277.002	-1427.05	-224.631	273.093
610	1	-13	11688	5140.68	-0.821071	2.13546	527.023	-1086.74	-277.002	741.667	-1425.57	299.924
910	1	13	490.061	6.51999	-0.942453	0.0766955	1059.45	-405.773	-277.002	879.846	-411.192	266.122
912	1	-13	779.96	215.972	-0.998427	1.23273	-354.276	-537.387	-277.002	-364.267	-566.254	334.132
914	1	13	961.27	69.1058	-0.817224	-1.71131	634.807	491.526	-277.002	683.828	871.675	260.274
916	1	13	903.856	184.254	-0.999865	2.11955	763.817	-1432.71	-277.002	767.154	-1440.98	299.479
42	1	-13	1452.37	475.49	-0.779686	-1.61273	912.52	-666.72	-277.002	929.706	-238.398	259.913
46	1	-13	757.486	110.555	-0.796667	-0.568295	1060.74	513.701	-277.002	722.419	729.788	257.025
413	1	-13	690.291	53.6634	-0.780759	0.345262	1141.43	-314.052	-277.002	737.954	-462.927	276.779
418	1	13	964.53	388.822	-0.993891	2.6007	384.858	111.806	-277.002	435.788	81.7181	264.392
651	1	13	755.674	51.4277	-0.807984	1.36064	-552.969	-224.999	-277.002	-637.849	-621.464	284.074
655	1	13	502.358	41.1826	-0.952743	1.24589	1274.06	143.697	-277.002	1215.05	-18.4446	258.522
656	1	-13	696.986	150.467	-0.988539	-1.78634	474.901	611.466	-277.002	493.726	688.477	256.721
10	1	13	621.612	102.46	-0.999384	-1.17505	-322.224	401.161	-277.002	-324.221	420.187	263.883
300	1	13	840.514	134.398	-0.791414	-1.91463	-469.024	533.356	-277.002	-324.615	926.392	259.893
544	1	-13	1037.36	285.948	-0.874159	-0.565561	-1006.37	-616.94	-277.002	-1269.18	-449.911	280.911
647	1	13	697.197	222.481	-1	1.84112	1065.32	365.504	-277.002	1065.71	365.068	258.915
749	1	-13	690.875	58.6936	-0.805778	-2.13231	-472.131	44.176	-277.002	-257.804	380.868	263.517
752	1	-13	494.806	18.0533	-0.999621	-2.16944	1324.66	-855.605	-277.002	1328.87	-857.782	278.972
988	1	-13	755.136	198.513	-0.99997	2.72182	-550.792	-454.866	-277.002	-549.061	-455.699	289.179
49	1	13	921.083	99.0564	-0.887936	0.337048	752.878	-940.107	-277.002	451.485	-1041.55	350.036
187	1	-13	1186.64	221.406	-0.704219	-0.619347	455.614	-333.365	-277.002	-0.558391	-9.78297	275.843
450	1	-13	503.494	36.6848	-0.993349	0.83758	-212.754	476.381	-277.002	-247.758	427.235	262.694
647	1	-13	931.081	242.865	-0.945139	-1.66021	674.262	1101.6	-277.002	691.808	1283.54	255.432
753	1	-13	565.349	30.0659	-0.999338	-1.00462	-268.838	-1085.33	-277.002	-277.553	-1055.61	333.607
880	1	13	1333.53	71.4096	-0.494058	-1.7812	-1051.79	-776.013	-277.002	-844.339	170.806	271.591
881	1	-13	764.568	74.7203	-0.996559	1.06901	-164.035	-109.798	-277.002	-185.567	-151.049	319.721
981	1	13	825.354	96.3973	-0.998311	1.92028	278.629	-1026.83	-277.002	290.515	-1064.19	347.905
370	1	-13	915.205	32.4457	-0.650582	0.719515	-626.862	1321.96	-277.002	-1116.49	885.932	290.064
597	1	-13	853.18	67.0372	-0.999807	-2.60069	992.452	1190.61	-277.002	1004.66	1200.48	261.75
714	1	13	1035.88	366.794	-0.995488	0.63655	1390.97	-415.403	-277.002	1349.29	-446.15	262.881
715	1	-13	1716.6	569.876	-0.87778	-2.68413	-684.996	831.274	-277.002	-422.619	959.689	258.608
717	1	-13	725.094	34.0841	-0.810184	2.85201	-675.445	454.13	-277.002	-302.478	347.397	264.943
860	1	-13	500.808	36.7757	-0.99982	1.51909	-669.246	-277.516	-277.002	-670.634	-286.436	278.447
931	1	-13	1828.24	618.526	-0.882367	-1.89642	763.076	-1099.32	-277.002	868.778	-787.684	339.597
937	1	13	499.063	29.5602	-0.978259	-1.24871	1473.01	4.3065	-277.002	1431.63	104.714	251.933
0	1	-13	523.92	70.8431	-0.981293	0.267089	1021.22	450.409	-277.002	919.157	427.754	258.28
2	1	-13	1495.57	156.58	-0.766651	-0.914496	-583.125	-1475.88	-277.002	-884.052	-1086.53	307.622
345	1	13	1101.88	247.982	-0.754703	-1.28953	1112.9	-707.197	-277.002	984.529	-258.369	260.561
511	1	-13	494.154	40.5231	-0.999337	-0.73602	952.079	256.051	-277.002	933.361	271.753	256.551
512	1	13	611.427	37.3866	-0.996334	-2.29115	187.666	148.867	-277.002	213.304	182.942	262.793
514	1	-13	1230.62	199.161	-0.863109	1.5919	463.014	1142.09	-277.002	470.252	825.25	259.846
516	1	-13	781.426	222.16	-0.908507	-2.9134	1242.98	-294.349	-277.002	1484.77	-237.524	256.621
734	1	13	565.853	14.5168	-0.902077	0.0679623	196.012	144.771	-277.002	-59.0714	128.381	266.591
115	1	-13	598.014	42.5197	-0.94631	-2.37621	-875.001	942.495	-277.002	-733.141	1078.67	259.584
118	1	-13	769.524	217.168	-0.940632	-0.588623	1396.37	-148.545	-277.002	1237	-39.4401	258.447
167	1	13	617.057	92.6191	-0.928223	1.28522	392.909	1003.88	-277.002	331.127	804.608	262.312
307	1	13	540.412	33.8487	-0.937556	-1.89311	-527.861	-948.275	-277.002	-458.924	-742.419	299.855
392	1	-13	866.043	87.1895	-0.672668	2.41864	-761.877	1323.16	-277.002	-312.393	927.606	259.933
464	1	13	696.803	157.417	-0.923769	2.30226	204.13	1023.16	-277.002	351.543	856.025	261.188
466	1	-13	508.723	1.88772	-0.998466	0.557769	141.822	-603.805	-277.002	140.079	-607.751	328.506
467	1	-13	428.651	2.20841	-0.998882	3.03994	111.187	334.186	-277.002	110.245	334.222	263.53
468	1	-13	674.523	73.8134	-0.997184	-0.0270091	-611.558	-887.999	-277.002	-647.275	-887.574	288.311
661	1	-13	3653.68	2341.51	-0.99977	2.86016	340.704	1394.32	-277.002	351.645	1391.11	260.473
797	1	-13	729.259	102.426	-0.810483	2.74714	1036.45	306.37	-277.002	1389.17	153.273	252.47
963	1	13	616.547	68.0945	-0.971375	1.30117	334.627	-50.7604	-277.002	304.316	-180.305	273.257
126	1	-13	556.167	117.436	-0.980669	0.167594	1098.76	603.808	-277.002	996.4	582.34	259.456
132	1	13	1088.76	187.641	-0.785554	-2.97137	16.0615	1257.98	-277.002	429.526	1330.16	257.936
148	1	-13	534.287	9.38348	-0.984083	0.708923	-1269.08	-797.59	-277.002	-1339.51	-874.595	317.055
353	1	13	1045.1	103.992	-0.713921	-2.17034	587.137	235.269	-277.002	883.116	672.51	259.608
541	1	13	905.846	95.573	-0.874213	-2.54051	1017.42	-833.775	-277.002	1267.15	-667.414	268.535
544	1	13	581.661	54.3047	-0.912758	3.03249	-1170.17	-535.203	-277.002	-920.704	-562.476	280.425
602	1	-13	1157.85	97.9149	-0.578199	0.531976	-300.912	-85.0914	-277.002	-969.158	-481.724	277.825
605	1	-13	954.184	69.263	-0.666363	2.28309	876.909	1133.4	-277.002	1264.61	688.444	256.882
22	1	-13	587.842	26.1778	-0.999303	-0.0877451	-711.042	-68.154	-277.002	-721.732	-70.1491	277.159
24	1	-13	581.815	20.4267	-0.86022	-2.00624	-438.09	1067.28	-277.002	-301.436	1363.54	259.45
344	1	13	1567.8	351.643	-0.966085	1.70039	1253.45	1027.08	-277.002	1272.55	885.979	259.139
90	1	13	707.012	29.7026	-0.961268	2.72024	-656.814	171.4	-277.002	-504.526	102.685	306.878
200	1	-13	414.074	3.01908	-0.996485	-2.92412	-683.608	240.234	-277.002	-651.504	247.845	279.137
283	1	-13	1037.73	264.91	-0.881205	0.967309	262.631	309.675	-277.002	97.2024	71.1059	268.451
285	1	13	795.628	93.8	-0.96843	1.30035	472.938	-667.721	-277.002	426.947	-834.733	392.145
687	1	-13	1133.51	270.068	-0.785121	-0.603088	-256.497	-1004.32	-277.002	-621.487	-751.847	285.463
691	1	13	763.785	68.3249	-0.825318	-1.70022	-111.619	-677.611	-277.002	-59.4656	-265.771	334.961
102	1	13	658.589	50.0595	-0.852609	0.00343303	138.812	1182.88	-277.002	-184.55	1173.31	258.349
238	1	-13	864.982	3.60896	-0.855945	-2.7015	514.362	552.028	-277.002	828.052	697.722	259.077
243	1	-13	530.146	37.2529	-0.995882	-2.99844	499.849	819.342	-277.002	546.072	825.482	259.611
372	1	-13	567.685	21.719	-0.928788	-2.16269	-590.173	-1344.87	-277.002	-462.854	-1156.51	300.831
739	1	13	1049.78	309.245	-0.919915	-1.83336	-976.787	111.611	-277.002	-916.488	335.68	267.731
741	1	13	494.802	6.42099	-0.966233	-2.58796	-1385.72	-672.475	-277.002	-1252.96	-602.43	292.655
840	1	-13	2166.47	725.523	-0.922554	0.489266	367.157	1388.78	-277.002	169.304	1283.41	260.676
846	1	-13	5387.31	3219.39	-0.962544	-3.05347	25.7837	124.163	-277.002	177.343	137.53	263.012
117	1	13	580.498	70.9735	-0.999792	0.956567	1135.81	-570.812	-277.002	1124.94	-579.46	271.104
192	1	-13	985.233	234.722	-0.908641	2.1905	1120.04	-1088.42	-277.002	1290.89	-1332.2	369.743
492	1	-13	808.301	66.7936	-0.983743	1.79283	125.075	989.582	-277.002	151.419	894.755	258.443
640	1	-13	1252.16	438.655	-0.995766	2.94268	973.99	-78.1272	-277.002	1021.15	-88.2374	256.786
641	1	-13	487.178	27.7617	-0.878147	2.00104	-237.101	669.997	-277.002	-115.703	402.843	263.108
736	1	13	700.74	96.0442	-0.829315	1.3316	487.765	-1076.68	-277.002	393.541	-1453.56	302.739
738	1	-13	571.995	79.8208	-0.909441	0.306766	-568.103	-377.034	-277.002	-809.543	-456.018	275.336
207	1	-13	583.921	83.7308	-0.967258	2.07159	-1493.02	249.385	-277.002	-1430.32	118.012	272.824
208	1	13	710.404	156.368	-0.912403	-0.133589	1174.74	194.481	-277.002	938.269	227.247	256.101
320	1	-13	535.27	46.5142	-0.901479	-0.620972	753.118	515.442	-277.002	542.329	661.057	255.688
321	1	13	891.014	327.55	-0.997317	-0.474539	1297.52	1013.26	-277.002	1262.8	1030.97	257.38
484	1	-13	978.394	252.678	-0.999973	-2.44952	-1123.42	99.4215	-277.002	-1120.24	101.998	266.382
485	1	-13	747.94	165.113	-0.95154	2.00118	-872.452	626.849	-277.002	-800.065	465.941	274.083
486	1	-13	697.176	50.3206	-0.79492	2.44169	665.703	1264.5	-277.002	986.967	995.798	261.075
488	1	-13	1946.02	478.834	-0.873965	2.07724	887.006	802.871	-277.002	1031.73	542.396	258.693
692	1	13	672.251	16.3025	-0.997661	-2.73854	913.261	-129.165	-277.002	951.829	-118.689	256.974
772	1	-13	884.486	53.3444	-0.987348	-0.498154	259.388	-1489.27	-277.002	172.164	-1448.71	312.382
776	1	13	1211.7	584.07	-0.995517	0.847723	89.745	-43.6885	-277.002	55.037	-84.0692	280.39
903	1	-13	494.029	32.0773	-0.999953	1.92212	1004.81	222.519	-277.002	1004.72	220.559	256.603
904	1	-13	2281.27	910.152	-0.706009	0.452882	1330.29	927.525	-277.002	846.339	692.036	259.229
908	1	-13	1206.98	331.078	-0.866227	-0.611184	-1179.18	-311.444	-277.002	-1437.6	-129.582	273.192
38	1	13	452.03	18.6446	-0.997913	-0.203109	729.971	122.942	-277.002	694.796	140.581	258.096
155	1	-13	590.956	49.8812	-0.982583	-2.70899	-1487.96	-654.419	-277.002	-1390.4	-606.303	296.035
159	1	-13	913.076	314.02	-0.993845	2.46062	124.66	-1167.55	-277.002	177.818	-1210.15	323.971
265	1	13	1645.43	889.412	-0.997162	-2.33109	1406.77	-125.218	-277.002	1433.66	-96.6145	252.438
707	1	-13	718.173	171.045	-0.994312	-2.21404	-740.053	-1409.13	-277.002	-700.175	-1360	321.097
713	1	13	481.605	59.0235	-0.9993	-0.853669	-455.922	228.138	-277.002	-472.854	246.478	276.488
891	1	-13	920.699	198.553	-0.998948	1.51624	-1061.43	-911.361	-277.002	-1062.1	-939.173	319.528
45	1	13	596.977	31.819	-0.890381	1.99484	910.03	622.464	-277.002	1026.37	365.466	259.28
47	1	-13	606.28	53.5076	-0.967722	2.99	641.079	-1311.93	-277.002	787.388	-1337.2	304.348
48	1	-13	1194.43	77.6689	-0.902483	1.21454	-1288.65	745.809	-277.002	-1391.44	473.592	322.125
154	1	13	582.353	24.9948	-0.983947	2.01253	-16.2392	-1203.24	-277.002	33.5112	-1296.05	325.616
159	1	-13	1285.71	13.0801	-0.901942	-1.19009	-526.59	-1302.98	-277.002	-622.255	-1048.43	289.858
282	1	-13	3732.02	753.692	-0.996115	0.302129	-1242.98	-466.456	-277.002	-1290.47	-480.396	283.188
285	1	-13	470.383	12.2964	-0.99946	-2.53025	109.625	471.765	-277.002	110.212	467.368	262.778
286	1	-13	1168.82	0.315022	-0.861031	0.767725	399.303	-566.737	-277.002	47.6895	-852.153	385.986
59	1	13	1572.42	560.081	-0.953142	2.50298	-392.357	486.197	-277.002	-255.262	384.23	263.409
154	1	-13	1297.7	560.782	-0.996683	1.75052	732.702	715.319	-277.002	740.933	671.947	257.509
157	1	13	516.878	70.5327	-0.996912	0.633913	-288.323	1078.07	-277.002	-323.316	1053.64	257.683
234	1	13	1035.6	55.2969	-0.977937	1.96924	-849.439	-651.67	-277.002	-799.953	-761.998	282.995
372	1	13	513.537	13.1844	-0.881577	-1.601	822.985	978.902	-277.002	834.633	1256.96	260.344
513	1	-13	654.939	142.039	-0.997498	1.53284	719.03	1042.26	-277.002	715.91	1004.33	258.704
517	1	-13	905.594	99.0109	-0.745094	-0.39907	-987.962	-116.854	-277.002	-1448.83	77.1432	272.394
603	1	-13	886.01	63.7105	-0.824162	-2.47493	455.935	-1171.97	-277.002	807.308	-906.43	361.777
695	1	13	674.49	23.058	-0.80044	-0.0809814	769.827	-504.595	-277.002	332.243	-461.593	290.887
697	1	13	3238.79	695.171	-0.504083	0.68512	1394.8	1401.91	-277.002	683.136	823.244	258.731
841	1	-13	858.935	214.817	-0.999979	-2.60115	-1023.13	37.0181	-277.002	-1021.51	37.6518	268.359
845	1	-13	511.744	18.4263	-0.827989	0.725636	1256.81	74.241	-277.002	989.355	-158.559	258.363
32	1	-13	951.941	142.097	-0.968343	-3.04243	727.278	828.553	-277.002	863.646	842.978	257.784
309	1	13	1086.99	148.701	-0.692635	1.58053	536.05	1440.97	-277.002	540.537	877.983	261.316
441	1	-13	437.484	0.75304	-0.986524	-1.88561	788.911	79.878	-277.002	814.989	203.555	255.346
442	1	-13	479.129	35.9508	-0.998755	0.0100137	786.46	507.636	-277.002	753.665	510.865	257.444
444	1	-13	1029.87	6.29887	-0.776313	-3.06701	586.839	744.601	-277.002	1036.54	800.683	257.743
447	1	-13	1048.24	30.8833	-0.761809	-1.94488	331.503	-1042.73	-277.002	505.078	-564.762	316.092
578	1	13	1180	171.337	-0.630113	-3.07848	-545.799	604.194	-277.002	121.923	643.474	262.197
579	1	-13	650.051	162.452	-0.999046	1.67563	1035.5	522.49	-277.002	1038.86	500.437	257.979
580	1	13	993.655	62.4961	-0.640704	-2.42888	-439.365	133.876	-277.002	44.4288	560.741	265.5
708	1	-13	539.292	36.6032	-0.912935	-1.63399	577.949	330.902	-277.002	593.424	575.258	257.175
711	1	-13	1164.12	25.6102	-0.667546	1.52284	-712.69	-436.66	-277.002	-733.039	-1062.97	292.962
712	1	13	517.724	19.8489	-0.928868	-2.65023	409.407	-657.076	-277.002	599.995	-561.774	307.734
884	1	-13	1702.87	153.856	-0.988209	-0.1325	1009.86	-1197.97	-277.002	913.418	-1189.54	333.029
885	1	-13	810.63	180.255	-0.911284	1.69616	-1296.74	637.999	-277.001	-1265.16	379.891	295.465
887	1	-13	507.336	44.4544	-0.880874	-0.0852374	-570.105	1269.64	-277.002	-857.087	1293.83	259.008
91	1	-13	851.564	28.8163	-0.817358	-1.48921	766.186	-84.8959	-277.002	735.173	296.448	255.058
93	1	-13	1067.65	266.246	-0.877518	2.11316	1053.45	-701.899	-277.002	1226.04	-984.244	325.256
296	1	13	494.387	40.943	-0.974715	-1.86402	214.198	1073.55	-277.002	248.88	1197.86	258.762
300	1	-13	1072.99	17.9694	-0.969737	0.305107	1458.74	-424.569	-277.002	1327.63	-472.954	263.586
748	1	13	715.599	64.7177	-0.956163	2.90001	-1460.22	-1169.75	-277.002	-1290.73	-1217.57	325.694
862	1	-13	590.117	54.2017	-0.997887	-2.26733	-868.557	137.929	-277.002	-844.346	165.715	271.596
866	1	13	1311.05	93.7008	-0.753351	-1.97749	847.6	-496.641	-277.002	1033.68	-72.5097	256.49
105	1	-13	879.977	32.519	-0.623932	1.19224	-79.0625	1201.15	-277.002	-329.694	569.971	265.488
173	1	-13	925.497	55.6202	-0.936865	-2.67431	967.56	848.521	-277.002	1150.3	936.934	258.972
378	1	-13	520.455	55.023	-0.997705	1.47092	-1306.72	116.106	-277.002	-1311.77	76.9283	267.267
380	1	-13	695.509	13.4102	-0.854703	-2.75382	520.531	266.181	-277.002	820.015	379.3	256.506
469	1	-13	1395.42	38.7307	-0.473911	-2.33868	782.878	338.148	-277.002	1475.88	1070.83	254.69
473	1	13	3004.68	117.936	-0.432044	-0.485363	1141.24	932.674	-277.002	142.837	1458.43	261.442
475	1	-13	3121.75	1267.53	-0.959412	-1.14748	-358.293	1343.03	-277.002	-422.651	1487.39	261.011
706	1	13	543.33	24.232	-0.969579	-0.495236	1240.93	669.556	-277.002	1119.5	729.365	258.886
787	1	-13	1000.64	318.535	-0.98114	-0.815378	-696.684	-449.772	-277.002	-769.388	-369.778	276.003
11	1	-13	615.98	15.4128	-0.946231	1.61506	1095.57	66.7625	-277.002	1102.01	-119.514	259.502
12	1	-13	579.278	5.87592	-0.922871	-1.97756	-625.799	-47.1234	-277.002	-553.849	169.544	293.95
337	1	13	798.104	39.251	-0.811002	-2.28012	-833.691	-1443.42	-277.002	-566.819	-1132.8	292.75
341	1	13	539.131	0.284207	-0.977528	-1.68751	-399.638	601.118	-277.002	-419.724	675.599	269.217
342	1	-13	1264.38	315.603	-0.773559	-1.70624	-534.452	-394.54	-277.002	-470.517	81.7592	308.458
494	1	-13	1570.66	463.112	-0.86269	-2.95934	213.763	909.3	-277.002	522.327	966.124	259.931
667	1	-13	2535.85	1327.11	-0.997734	1.74502	1182.82	1006.39	-277.002	1188.77	970.676	258.356
928	1	-13	713.47	44.5414	-0.993639	0.193378	424.562	-668.457	-277.002	351.765	-689.235	342.923
930	1	13	579.75	43.934	-0.944636	-1.35488	-1155.47	241.437	-277.002	-1198.39	438.863	295.364
77	1	-13	909.468	178.055	-0.855488	-2.54544	191.691	-572.405	-277.002	472.746	-382.514	277.92
81	1	13	3204.1	1407.91	-0.887334	-2.97031	538.457	-1451.14	-277.002	835.51	-1399.78	302.274
260	1	13	643.276	66.533	-0.983204	0.253433	-829.623	1289.04	-277.002	-925.422	1268.27	260.102
362	1	13	451.842	7.55468	-0.98631	1.83869	-1461.96	-133.229	-277.002	-1428.81	-224.976	273.192
540	1	-13	1230.35	145.484	-0.600641	-2.90251	271.866	-416.945	-277.002	964.615	-249.7	260.289
749	1	-13	920.235	181.532	-0.875098	0.182129	1432.78	-583.266	-277.002	1136.42	-640.489	272.004
750	1	-13	805.192	51.1374	-0.999515	0.667936	384.164	-1442.12	-277.002	363.705	-1449.93	303.781
116	1	13	646.991	90.7195	-0.909005	3.11552	947.498	956.257	-277.002	1195.13	949.721	258.509
280	1	-13	1731.84	526.332	-0.947654	-0.753674	1486.15	1307.63	-277	1355.5	1428.73	249.666
283	1	-13	512.457	10.8846	-0.98507	-0.389882	-235.71	186.653	-277.002	-329.834	216.571	272.103
285	1	-13	561.625	25.7995	-0.907923	0.651817	885.655	-121.186	-277.002	699.009	-282.554	265.542
501	1	-13	1429.8	617.089	-0.998508	1.56176	1228.7	1023.96	-277.002	1229.03	994.81	257.905
560	1	-13	551.197	76.7684	-0.999793	0.253698	-1175.81	-380.993	-277.002	-1184.74	-381.932	278.822
565	1	13	605.512	44.4593	-0.887009	-2.02291	-842.819	-1489.01	-277.002	-703.73	-1220.69	300.328
655	1	13	872.431	89.2784	-0.896493	1.06954	760.454	-145.97	-277.002	626.68	-386.751	277.522
730	1	-13	898.319	130.196	-0.93773	-2.73321	290.257	273.899	-277.002	469.454	348.973	259.041
732	1	-13	601.898	91.401	-0.961429	-2.10546	199.383	719.828	-277.002	276.073	852.162	260.068
828	1	13	1545.71	586.79	-0.979967	-2.88661	809.825	832.075	-277.002	915.171	859.128	258.174
15	1	-13	3421.8	2164.63	-0.944876	-0.585	-325.384	605.223	-277.002	-483.582	710.214	271.161
18	1	-13	743.192	106.936	-0.936026	-1.91106	653.085	537.4	-277.002	722.419	729.788	257.025
272	1	-13	785.635	229.434	-0.936879	-1.23914	-718.754	-874.317	-277.002	-782.756	-678.193	280.303
345	1	13	1423.62	568.137	-0.91986	2.89685	-344.31	-188.481	-277.002	-91.9584	-252.185	333.99
348	1	-13	1430.17	592.081	-0.769858	0.800803	802.686	1005.66	-277.002	493.726	688.477	256.721
349	1	-13	1543.26	339.067	-0.743097	1.42456	1392.41	951.925	-277.002	1321.45	476.486	256.272
507	1	13	2215.9	1041.93	-0.810895	1.07966	1164.47	-187.381	-277.002	977.225	-536.877	271.547
509	1	13	585.1	46.3719	-0.971494	1.79917	435.385	1241.12	-277.002	468.891	1116.71	256.041
633	1	13	606.631	38.6066	-0.912023	-1.1191	-213.311	203.578	-277.002	-324.221	420.187	263.883
636	1	-13	1175.97	381.044	-0.820583	2.71833	-550.874	842.181	-277.002	-205.866	685.924	265.526
737	1	13	2277.65	1037.81	-0.921394	1.55698	178.127	995.387	-277.002	175.315	768.38	260.46
938	1	13	1018.61	4.03722	-0.540839	0.751701	9.26966	-229.39	-277.002	-644.61	-848.049	287.025
940	1	-13	623.438	101.315	-0.984424	1.8543	-695.1	-188.966	-277.002	-665.681	-285.601	278.717
943	1	-13	723.27	5.20963	-0.970969	2.19556	145.539	-1315.4	-277.002	213.409	-1426.56	310.796
152	1	13	833.958	166.194	-0.987473	-0.183592	-1298.78	335.572	-277.002	-1392.18	352.893	302.971
203	1	13	590.703	76.7469	-0.972033	2.48493	240.321	-524.2	-277.002	356.409	-612.81	319.952
206	1	-13	1088.76	166.806	-0.86376	2.29554	-377.237	-687.556	-277.002	-122.475	-967.865	370.515
386	1	-13	697.617	33.0771	-0.974354	0.042295	-663.282	-83.9635	-277.002	-784.823	-77.0352	272.272
387	1	13	516.76	20.8093	-0.968942	-1.38777	570.555	-1353.51	-277.002	550.293	-1206.44	314.804
388	1	13	2011.26	752.692	-0.931819	-2.56768	717.097	-1375.82	-277.002	913.429	-1249.05	324.063
581	1	-13	1078.65	90.997	-0.889497	0.681938	-1058.04	-181.277	-277.002	-1278.68	-357.606	275.385
583	1	13	424.885	4.41584	-0.993386	0.33919	676.911	920.526	-277.002	612.328	913.362	261.431
584	1	13	1684.84	350.757	-0.989916	-1.81954	-288.691	-1272.75	-277.002	-266.202	-1188.88	334.809
870	1	-13	919.983	315.718	-0.935194	-0.0229401	-895.827	776.786	-277.002	-1109.99	780.27	287.169
873	1	-13	955.726	180.616	-0.737306	-1.20543	602.188	752.883	-277.002	428.209	1206.37	255.128
71	1	-13	1587.02	514.27	-0.912093	1.39683	-1188.07	835.945	-277.002	-1232.31	584.455	291.124
73	1	-13	603.003	43.6328	-0.962552	-2.72005	560.493	82.9682	-277.002	694.796	140.581	258.096
190	1	-13	738.616	92.7717	-0.85398	-1.30707	-1300.4	-941.884	-277.002	-1390.4	-606.303	296.035
195	1	13	547.915	64.139	-0.985169	-2.01095	-501.77	59.2464	-277.002	-467.197	150.175	296.065
275	1	13	525.094	80.4004	-0.985748	-3.08068	-978.394	-203.533	-277.002	-888.618	-201.132	270.8
276	1	13	536.506	73.1721	-0.975104	0.965538	59.0088	652.271	-277.002	-13.3542	552.054	265.186
568	1	-13	614.748	36.2025	-0.898534	0.15003	-1203.78	-908.385	-277.002	-1489.95	-949.136	293.4
935	1	-13	493.147	7.13728	-0.985879	0.400748	-898.675	-988.845	-277.002	-984.263	-1019.64	317.525
212	1	-13	508.41	22.4298	-0.998576	-1.1976	-1282.67	-634.952	-277	-1305.91	-614.257	295.493
213	1	-13	760.178	30.4869	-0.859808	1.31854	-868.705	-601.94	-277.002	-959.105	-939.014	308.118
214	1	13	2940.1	272.506	-0.975353	1.79287	879.595	573.221	-277.002	905.641	456.656	258.517
457	1	13	1459.12	361.548	-0.810761	-2.5091	3.07947	-171.535	-277.002	320.826	60.2829	267.904
549	1	-13	466.78	19.9821	-0.990566	-2.41204	836.102	1044.19	-277.002	893.496	1095.5	263.475
645	1	13	1638.2	162.748	-0.851038	2.08322	-796.112	-705.258	-277.002	-625.065	-1010.51	289.026
650	1	-13	875.203	163.693	-0.879241	-2.87829	-475.653	-253.388	-277.002	-161.901	-170.361	321.356
770	1	13	672.713	31.1349	-0.881236	-1.13448	149.4	-753.972	-277.002	6.97079	-457.066	350.572
771	1	-13	770.479	138.178	-0.90007	-1.22744	-801.722	-1480.34	-277.002	-899.633	-1206.56	314.264
774	1	-13	518.964	24.4709	-0.937714	0.783248	-256.434	973.667	-277.002	-407.264	838.686	261.237
837	1	-13	1191.95	39.9355	-0.766492	0.989809	701.494	-191.576	-277.002	417.374	-613.395	328.822
287	1	13	629.205	116.52	-0.94436	-2.74478	732.588	-723.962	-277.002	912.487	-647.447	287.182
292	1	-13	548.415	7.55466	-0.989036	-2.32051	355.482	-893.725	-277.002	426.947	-834.733	392.145
520	1	-13	1005.78	310	-0.994022	-2.95309	795.694	443.869	-277.002	853.969	454.876	257.419
522	1	13	831.558	201.897	-0.921999	1.62719	-1001.28	-786.691	-277.002	-988.236	-1038.14	318.366
660	1	13	529.023	39.6264	-0.98289	-0.331452	584.881	790.086	-277.001	486.028	826.608	259.809
859	1	-13	944.709	286.6	-0.998007	2.81411	-872.787	-821.956	-277.002	-840.597	-832.824	288.848
136	1	-13	711.729	57.4177	-0.947809	0.587023	1431.58	-1149.88	-277.002	1254.37	-1268.87	366.868
245	1	-13	698.276	63.8106	-0.827063	-0.824226	90.197	-34.4737	-277.002	-163.966	241.294	264.318
323	1	-13	533.786	7.28599	-0.922018	-1.8988	-884.374	742.893	-277.002	-814.142	951.257	267.067
406	1	13	4561.95	2798.47	-0.997458	-1.52	-1205.26	514.265	-277.002	-1207.29	554.966	293.468
621	1	13	518.931	27.9456	-0.962434	1.68124	1353.46	1185.64	-277.002	1373.64	1038.42	255.798
685	1	13	1113.06	32.2188	-0.646655	1.08822	694.851	355.55	-277.002	395.473	-236.799	273.178
910	1	-13	990.383	23.4955	-0.685764	1.76392	-355.34	541.049	-277.002	-233.828	-74.21	318.896
913	1	13	1808.72	345.386	-0.977196	0.578623	520.132	-371.131	-277.002	418.912	-437.103	284.522
179	1	-13	1175.67	369.835	-0.998427	0.40893	1292.62	-648.16	-277.002	1263.73	-660.78	268.593
181	1	13	556.216	84.8366	-0.993166	2.83285	-736.428	343.577	-277.002	-672.853	317.03	272.914
393	1	-13	655.973	8.3904	-0.820987	2.54968	968.081	138.275	-277.002	1299.21	-64.2547	256.281
625	1	13	515.03	17.2844	-0.892085	-2.90553	229.061	6.44555	-277.002	496.017	75.0165	263.813
628	1	-13	721.314	154.208	-0.853137	-2.57467	451.257	921.991	-277.002	727.924	1096.45	256.64
808	1	-13	558.007	73.6795	-0.999648	-0.368542	-1401.71	-1176.86	-277.002	-1416.96	-1169.81	322.002
894	1	-13	1222.89	478.869	-0.997278	0.467041	504.252	-12.6845	-277.002	469.529	-29.496	266.012
895	1	13	510.728	22.5386	-0.878473	-2.50362	45.672	-106.991	-277.002	288.714	79.8658	267.274
987	1	-13	489.214	26.1625	-0.999904	0.499949	1181.2	823.06	-277.002	1181.86	822.536	258.899
64	1	13	1319.06	585.136	-0.982808	-0.84615	-22.7089	-1377.02	-277.002	-99.6422	-1289.57	344.14
65	1	-13	1352.94	210.044	-0.903664	-1.65533	-481.744	-1464.8	-277.002	-459.149	-1192.07	301.68
67	1	-13	1186.74	52.1778	-0.997279	-1.388	-1315.87	339.062	-277.002	-1324.6	382.276	303.836
454	1	-13	1034.98	124.377	-0.62665	-1.44006	-1242.31	-1128.73	-277.002	-1336.44	-446.184	277.718
598	1	13	672.254	128.719	-0.834791	2.97113	527.37	730.509	-277.002	883.116	672.51	259.608
601	1	-13	452.559	21.0259	-0.998296	-1.35884	123.912	81.8964	-277.002	129.657	101.14	264.575
799	1	-13	1223.3	343.421	-0.641619	-2.11494	272.332	-54.5092	-277.002	607.531	492.845	258.646
800	1	-13	1312.57	181.11	-0.980476	2.34391	1189.84	-588.074	-277.002	1267.15	-667.414	268.535
903	1	-13	749.332	10.1293	-0.753091	2.12714	-1242.93	-93.7685	-277.002	-969.158	-481.724	277.825
907	1	-13	479.946	28.3526	-0.999765	-0.232827	43.8996	325.744	-277	38.2494	325.27	263.656
952	1	13	534.751	42.8104	-0.904878	2.21188	1190.89	1279.92	-277.002	1338.61	1080.78	256.252
129	1	-13	654.385	69.0111	-0.95447	-1.53877	812.997	499.507	-277.002	801.993	661.932	259.115
132	1	13	1192.72	317.331	-0.750011	2.35289	-624.769	1355.8	-277.002	-293.009	1019.77	258.373
533	1	-13	1972.27	254.688	-0.519876	0.837358	418.772	516.115	-277.002	-250.664	-231.838	340.491
535	1	-13	802.593	132.754	-0.806345	2.79213	124.51	788.16	-277.002	494.629	653.94	257.057
823	1	-13	1110.29	212.823	-0.813944	-1.34179	-506.428	-512.149	-277.002	-599.976	-112.389	297.798
897	1	-13	638.371	169.573	-0.994118	1.37956	1356.53	-719.288	-277.002	1346.15	-777.2	272.577
900	1	13	612.042	96.887	-0.979501	-0.743406	1363.74	-702.871	-277.002	1281.55	-627.767	268.219
902	1	-13	2974.93	622.477	-0.643802	1.76452	586.768	1067.42	-277.002	708.557	444.374	257.834
22	1	13	918.013	210.671	-0.944402	0.601624	1300.68	-2.00268	-277.002	1146.56	-107.382	259.567
140	1	-13	522.723	8.85471	-0.927713	-1.96637	940.515	631.335	-277.002	1014.33	814.643	257.825
143	1	-13	1465.23	82.957	-0.622326	1.56867	1384.52	-505.192	-277.002	1382.51	-1323.19	373.847
352	1	-13	982.641	180.593	-0.98684	2.49841	-725.463	211.383	-277.002	-650.381	155.422	296.205
353	1	-13	683.636	88.9548	-0.999828	-2.6143	222.044	-668.198	-277.002	233.421	-664.396	330.435
481	1	-13	573.106	75.763	-0.998854	1.09296	1487.02	439.068	-277.002	1477.25	417.882	250.985
588	1	-13	843.083	173.586	-0.934746	2.47539	-86.9	1483.15	-277.002	70.2536	1358.34	260.206
963	1	-13	1545.16	149.547	-0.995898	0.488627	1135.77	430.766	-277.002	1094	407.057	258.688
3	1	-13	1716.18	588.269	-0.714874	-1.47054	-274.872	-345.903	-277.002	-329.998	192.559	276.48
306	1	-13	1063.87	195.028	-0.828361	-1.74067	154.664	-140.297	-277.002	218.388	217.78	262.114
430	1	13	1529.1	36.4994	-0.924211	-0.119617	38.2191	-603.597	-277.002	-241.379	-576.029	385.219
610	1	13	1524.83	120.327	-0.897424	-1.51571	893.447	529.045	-277.002	877.57	794.759	257.829
875	1	13	530.755	54.5823	-0.999849	0.427044	1371.71	988.859	-277.002	1364.33	986.122	256.803
877	1	13	951.959	169.478	-0.84539	-1.97312	1248.07	-192.213	-277.002	1378.23	111.429	252.809
879	1	13	523.805	11.2248	-0.890714	-1.26493	1084.71	313.111	-277.002	1019.26	577.628	259.286
996	1	-13	960.276	113.036	-0.977442	0.576136	-28.428	-301.54	-277.002	-144.154	-377.134	366.878
50	1	-13	1152.21	50.9131	-0.662122	-3.06444	-559.096	-82.5535	-277.002	70.9937	-34.2729	275.742
161	1	-13	1735.95	544.693	-0.810511	0.382425	-785.108	949.098	-277.002	-1164.64	796.562	289.406
163	1	13	813.378	209.276	-0.98832	-0.586474	-1200.68	414.309	-277.002	-1275.74	463.184	307.768
165	1	13	1371.65	144.517	-0.752021	1.86241	34.3675	-517.577	-277.002	192.215	-1043.55	348.048
166	1	-13	514.293	6.84719	-0.961626	1.62778	3.7973	145.666	-277.002	-0.558391	-9.78297	275.843
167	1	-13	655.167	133.512	-0.953572	1.42181	797.069	-1074.09	-277.002	766.762	-1257.81	308.807
367	1	-13	1167.21	557.773	-0.960398	1.3718	1291.31	443.241	-277.002	1259.95	291.456	255.921
368	1	13	1834.85	158.914	-0.503551	-1.74771	-32.9522	456.878	-277.002	136.761	1378.3	261.578
555	1	13	663.241	123.862	-0.995642	-1.16183	-230.393	380.489	-277.002	-247.758	427.235	262.694
556	1	-13	597.527	33.8041	-0.910791	-1.95249	296.302	-207.047	-277.002	390.74	13.6012	265.815
557	1	-13	563.805	53.2441	-0.981319	-2.48617	-1205.1	-533.2	-277.002	-1117.43	-470.55	279.991
673	1	-13	3480.77	0.667925	-0.365176	-1.54697	534.122	-1495.49	-277.002	498.696	-53.7039	266.529
849	1	13	501.878	20.1299	-0.999746	1.77029	545.896	349.549	-277.002	548.715	346.958	257.978
850	1	-13	4889.02	2464.43	-0.757601	-2.75554	266.968	1110.95	-277.002	691.808	1283.54	255.432
966	1	-13	1132.51	188.26	-0.674765	3.06643	-1355.24	395.353	-277.002	-762.021	346.638	267.519
967	1	-13	500.718	21.956	-0.987766	2.65656	-37.9966	1302.08	-277.002	35.4041	1263.82	258.202
46	1	-13	445.922	6.32059	-0.986441	-1.4568	-120.801	206.999	-277.002	-139.933	281.33	263.458
242	1	13	453.264	30.0738	-0.997701	1.01201	643.247	781.14	-277.001	625.635	748.752	256.499
330	1	13	826.721	245.967	-0.924343	-2.48149	940.302	776.485	-277.002	1115.17	912.093	258.925
436	1	13	1452.38	366.144	-0.578363	-0.703372	285.811	-17.587	-277.002	-294.634	475.664	264.13
723	1	13	678.712	33.7741	-0.898607	-1.29894	586.108	638.027	-277.002	519.759	884.433	261.404
726	1	13	553.061	52.9354	-0.939936	2.70991	104.862	-242.519	-277.002	288.765	-324.041	281.184
779	1	13	567.276	17.9842	-0.988578	-2.08768	1125.52	632.27	-277.002	1172.23	695.685	259.615
781	1	13	451.953	0.873167	-0.931746	1.87889	74.5016	1082.17	-277.002	115.672	887.708	258.603
985	1	-13	780.726	82.1342	-0.896184	-0.585732	-861.868	-34.2468	-277.002	-1089.07	113.032	266.267
179	1	-13	1175.67	369.835	-0.998427	0.40893	1292.62	-648.16	-277.002	1263.73	-660.78	268.593
181	1	13	556.216	84.8366	-0.993166	2.83285	-736.428	343.577	-277.002	-672.853	317.03	272.914
393	1	-13	655.973	8.3904	-0.820987	2.54968	968.081	138.275	-277.002	1299.21	-64.2547	256.281
625	1	13	515.03	17.2844	-0.892085	-2.90553	229.061	6.44555	-277.002	496.017	75.0165	263.813
628	1	-13	721.314	154.208	-0.853137	-2.57467	451.257	921.991	-277.002	727.924	1096.45	256.64
808	1	-13	558.007	73.6795	-0.999648	-0.368542	-1401.71	-1176.86	-277.002	-1416.96	-1169.81	322.002
894	1	-13	1222.89	478.869	-0.997278	0.467041	504.252	-12.6845	-277.002	469.529	-29.496	266.012
895	1	13	510.728	22.5386	-0.878473	-2.50362	45.672	-106.991	-277.002	288.714	79.8658	267.274
987	1	-13	489.214	26.1625	-0.999904	0.499949	1181.2	823.06	-277.002	1181.86	822.536	258.899
109	1	-13	508.011	36.3514	-0.987441	2.95715	-119.493	650.244	-277.002	-32.6166	628.297	263.924
110	1	13	535.704	49.4785	-0.990321	-0.81475	-787.526	729.841	-277.002	-843.608	787.599	286.516
182	1	13	494.368	37.6795	-0.999843	0.630665	-1227.68	-353.136	-277.002	-1242.08	-353.428	276.554
405	1	-13	746.023	163.813	-0.99821	-1.15773	-297.398	-481.675	-277.002	-310.338	-446.125	361.649
598	1	-13	780.455	42.4385	-0.855336	0.699354	644.915	-1056.05	-277.002	370.745	-1288	310.689
668	1	-13	675.612	71.2586	-0.995879	1.53895	827.455	884.555	-277.002	829.91	839.322	257.919
669	1	-13	820.493	161.677	-0.827609	1.06777	611.743	500.504	-277.002	437.087	180.324	262.062
827	1	-13	567.899	60.6889	-0.909012	-1.22033	-1213.54	-553.45	-277.002	-1297.97	-313.574	274.211
3	1	-13	1716.18	588.269	-0.714874	-1.47054	-274.872	-345.903	-277.002	-329.998	192.559	276.48
306	1	-13	1063.87	195.028	-0.828361	-1.74067	154.664	-140.297	-277.002	218.388	217.78	262.114
430	1	13	1529.1	36.4994	-0.924211	-0.119617	38.2191	-603.597	-277.002	-241.379	-576.029	385.219
610	1	13	1524.83	120.327	-0.897424	-1.51571	893.447	529.045	-277.002	877.57	794.759	257.829
875	1	13	530.755	54.5823	-0.999849	0.427044	1371.71	988.859	-277.002	1364.33	986.122	256.803
877	1	13	951.959	169.478	-0.84539	-1.97312	1248.07	-192.213	-277.002	1378.23	111.429	252.809
879	1	13	523.805	11.2248	-0.890714	-1.26493	1084.71	313.111	-277.002	1019.26	577.628	259.286
996	1	-13	960.276	113.036	-0.977442	0.576136	-28.428	-301.54	-277.002	-144.154	-377.134	366.878
27	1	-13	484.746	18.7161	-0.98183	2.86607	-1212.94	-306.453	-277.002	-1120.13	-337.311	275.261
199	1	13	732.495	154.111	-0.999234	3.10629	235.421	-688.724	-277.002	260.205	-692.162	338.556
433	1	-13	989.928	311.204	-0.862031	0.109825	327.179	452.31	-277.002	13.595	417.556	263.321
562	1	-13	854.451	30.4041	-0.858666	1.33791	949.158	-1034.02	-277.002	862.462	-1368.59	305.57
564	1	-13	1153.9	198.686	-0.913542	-2.3051	799.84	826.352	-277.002	958.504	1002.62	261.566
566	1	13	1010.35	123.619	-0.701064	-0.629177	745.046	295.848	-277.002	299.773	619.496	261.307
777	1	13	703.583	66.8883	-0.857003	2.79436	-702.12	1110.01	-277.002	-396.847	998.642	258.546
910	1	-13	615.808	89.6331	-0.999973	2.21538	502.197	-1439.35	-277.002	499.654	-1440.03	301.586
913	1	13	715.669	57.6114	-0.993147	2.28962	109.2	-739.188	-277.002	161.414	-792.794	369
916	1	-13	763.429	50.4596	-0.854303	-1.50674	-260.202	1099.2	-277.002	-276.529	1429.44	259.755
46	1	-13	445.922	6.32059	-0.986441	-1.4568	-120.801	206.999	-277.002	-139.933	281.33	263.458
242	1	13	453.264	30.0738	-0.997701	1.01201	643.247	781.14	-277.001	625.635	748.752	256.499
330	1	13	826.721	245.967	-0.924343	-2.48149	940.302	776.485	-277.002	1115.17	912.093	258.925
436	1	13	1452.38	366.144	-0.578363	-0.703372	285.811	-17.587	-277.002	-294.634	475.664	264.13
723	1	13	678.712	33.7741	-0.898607	-1.29894	586.108	638.027	-277.002	519.759	884.433	261.404
726	1	13	553.061	52.9354	-0.939936	2.70991	104.862	-242.519	-277.002	288.765	-324.041	281.184
779	1	13	567.276	17.9842	-0.988578	-2.08768	1125.52	632.27	-277.002	1172.23	695.685	259.615
781	1	13	451.953	0.873167	-0.931746	1.87889	74.5016	1082.17	-277.002	115.672	887.708	258.603
985	1	-13	780.726	82.1342	-0.896184	-0.585732	-861.868	-34.2468	-277.002	-1089.07	113.032	266.267
124	1	-13	725.361	87.4296	-0.857203	0.854879	756.579	724.856	-277.002	548.006	480.734	258.661
296	1	-13	1577.04	432.153	-0.78633	-1.18996	-198.869	-1034.55	-277.002	-376.252	-592.549	326.931
298	1	13	920.53	322.448	-0.967357	0.464732	-690.23	1359.41	-277.002	-814.814	1296.3	258.372
407	1	-13	637.468	137.315	-0.999683	2.29305	-897.393	-446.527	-277.002	-888.14	-455.33	274.976
554	1	13	470.198	16.084	-0.994916	1.58721	-399.907	1017.1	-277.002	-411.682	964.381	258.641
559	1	-13	641.085	130.272	-0.997834	2.3395	50.1225	1150.87	-277.002	74.181	1126.27	258.842
637	1	13	2874.42	664.633	-0.794042	0.0436629	804.587	1282.07	-277.002	396.974	1263.61	256.488
638	1	13	522.773	11.3132	-0.976554	0.642233	-1331.07	-31.6209	-277.002	-1431.37	-95.3881	273.09
136	1	-13	711.729	57.4177	-0.947809	0.587023	1431.58	-1149.88	-277.002	1254.37	-1268.87	366.868
245	1	-13	698.276	63.8106	-0.827063	-0.824226	90.197	-34.4737	-277.002	-163.966	241.294	264.318
323	1	-13	533.786	7.28599	-0.922018	-1.8988	-884.374	742.893	-277.002	-814.142	951.257	267.067
406	1	13	4561.95	2798.47	-0.997458	-1.52	-1205.26	514.265	-277.002	-1207.29	554.966	293.468
621	1	13	518.931	27.9456	-0.962434	1.68124	1353.46	1185.64	-277.002	1373.64	1038.42	255.798
685	1	13	1113.06	32.2188	-0.646655	1.08822	694.851	355.55	-277.002	395.473	-236.799	273.178
910	1	-13	990.383	23.4955	-0.685764	1.76392	-355.34	541.049	-277.002	-233.828	-74.21	318.896
913	1	13	1808.72	345.386	-0.977196	0.578623	520.132	-371.131	-277.002	418.912	-437.103	284.522
43	1	13	576.221	68.7386	-0.970473	1.66996	-1218.43	16.8123	-277.002	-1201.76	-126.503	272.155
46	1	-13	496.587	3.78453	-0.893554	0.965551	221.924	409.481	-277.002	69.101	202.462	261.583
354	1	13	2386.5	560.765	-0.970511	-1.23138	-859.452	939.235	-277.002	-903.856	1064.93	261.366
477	1	-13	583.617	85.297	-0.91603	1.43565	1171.79	50.7623	-277.002	1136.53	-181.428	261.335
582	1	-13	1610.93	465.964	-0.999366	2.75828	-549.594	516.453	-277.002	-532.604	508.86	264.373
762	1	-13	488.999	51.8177	-0.977638	-2.79312	1021.65	1063.82	-277.002	1130.92	1107.22	259.489
848	1	13	779.883	42.0017	-0.988761	-0.412985	-433.199	487.132	-277.002	-510.905	521.289	263.392
853	1	-13	652.504	41.1674	-0.973142	0.583288	285.606	1081.27	-277.002	180.626	1003.42	257.073
105	1	-13	879.977	32.519	-0.623932	1.19224	-79.0625	1201.15	-277.002	-329.694	569.971	265.488
173	1	-13	925.497	55.6202	-0.936865	-2.67431	967.56	848.521	-277.002	1150.3	936.934	258.972
378	1	-13	520.455	55.023	-0.997705	1.47092	-1306.72	116.106	-277.002	-1311.77	76.9283	267.267
380	1	-13	695.509	13.4102	-0.854703	-2.75382	520.531	266.181	-277.002	820.015	379.3	256.506
469	1	-13	1395.42	38.7307	-0.473911	-2.33868	782.878	338.148	-277.002	1475.88	1070.83	254.69
473	1	13	3004.68	117.936	-0.432044	-0.485363	1141.24	932.674	-277.002	142.837	1458.43	261.442
475	1	-13	3121.75	1267.53	-0.959412	-1.14748	-358.293	1343.03	-277.002	-422.651	1487.39	261.011
706	1	13	543.33	24.232	-0.969579	-0.495236	1240.93	669.556	-277.002	1119.5	729.365	258.886
787	1	-13	1000.64	318.535	-0.98114	-0.815378	-696.684	-449.772	-277.002	-769.388	-369.778	276.003
113	1	-13	761.88	27.9298	-0.814824	0.00772122	769.761	444.923	-277.002	383.516	438.195	259.853
116	1	-13	653.145	16.2015	-0.853627	-2.64695	-1271.8	799.479	-277.002	-967.942	956.627	271.967
117	1	13	1540.59	473.082	-0.739911	-1.65208	-1083.39	-217.302	-277.002	-1042.83	277.667	268.68
217	1	-13	1085.29	456.461	-0.995864	0.0408479	-1280.7	696.671	-277.002	-1331.67	693.145	285.917
220	1	13	470.666	24.0586	-0.967135	-3.05244	1207.65	557.596	-277.002	1350.57	577.043	255.585
221	1	-13	643.93	49.9238	-0.99997	-0.262106	17.3563	309.486	-277.002	14.5948	310.938	263.505
602	1	13	756.006	57.2219	-0.962186	1.66214	19.3773	-1004.07	-277.002	34.3856	-1176.66	345.857
607	1	13	953.55	161.674	-0.958171	-2.15193	647.156	-1487.02	-277.002	742.004	-1340.94	303.148
742	1	13	461.754	20.7309	-0.994293	-1.57579	1372.42	-215.261	-277.002	1374.94	-153.713	255.812
743	1	-13	678.967	140.941	-0.973266	2.54909	970.701	810.405	-277.002	1076.38	737.026	258.676
745	1	-13	621.074	72.913	-0.901236	0.715897	1141.95	-531.219	-277.002	935.936	-709.056	299.385
813	1	-13	846.697	152.023	-0.74625	-2.39567	-495.551	1081.79	-277.002	-144.525	1407.94	259.193
903	1	-13	1797.2	43.5838	-0.797162	-1.26202	477.355	-797.744	-277.002	339.618	-387.521	283.759
15	1	-13	3421.8	2164.63	-0.944876	-0.585	-325.384	605.223	-277.002	-483.582	710.214	271.161
18	1	-13	743.192	106.936	-0.936026	-1.91106	653.085	537.4	-277.002	722.419	729.788	257.025
272	1	-13	785.635	229.434	-0.936879	-1.23914	-718.754	-874.317	-277.002	-782.756	-678.193	280.303
345	1	13	1423.62	568.137	-0.91986	2.89685	-344.31	-188.481	-277.002	-91.9584	-252.185	333.99
348	1	-13	1430.17	592.081	-0.769858	0.800803	802.686	1005.66	-277.002	493.726	688.477	256.721
349	1	-13	1543.26	339.067	-0.743097	1.42456	1392.41	951.925	-277.002	1321.45	476.486	256.272
507	1	13	2215.9	1041.93	-0.810895	1.07966	1164.47	-187.381	-277.002	977.225	-536.877	271.547
509	1	13	585.1	46.3719	-0.971494	1.79917	435.385	1241.12	-277.002	468.891	1116.71	256.041
633	1	13	606.631	38.6066	-0.912023	-1.1191	-213.311	203.578	-277.002	-324.221	420.187	263.883
636	1	-13	1175.97	381.044	-0.820583	2.71833	-550.874	842.181	-277.002	-205.866	685.924	265.526
737	1	13	2277.65	1037.81	-0.921394	1.55698	178.127	995.387	-277.002	175.315	768.38	260.46
938	1	13	1018.61	4.03722	-0.540839	0.751701	9.26966	-229.39	-277.002	-644.61	-848.049	287.025
940	1	-13	623.438	101.315	-0.984424	1.8543	-695.1	-188.966	-277.002	-665.681	-285.601	278.717
943	1	-13	723.27	5.20963	-0.970969	2.19556	145.539	-1315.4	-277.002	213.409	-1426.56	310.796
82	1	13	691.212	115.197	-0.933784	-0.682728	-1072.3	-304.19	-277.002	-1236.76	-170.976	272.543
177	1	-13	737.858	72.9005	-0.969524	1.426	-224.856	-852.927	-277.002	-245.565	-1009.01	342.134
270	1	-13	557.262	70.2615	-0.988651	2.93056	-516.194	757.251	-277.002	-431.139	733.764	269.528
271	1	-13	712.448	83.3553	-0.999846	-2.68713	-885.004	-387.905	-277.002	-877.435	-382.706	274.889
510	1	13	1932.64	600.235	-0.712417	-1.28143	-2.75492	415.136	-277.002	-154.55	922.229	259.961
723	1	13	645.57	55.2377	-0.956928	-1.82764	-1474.5	968.036	-277.002	-1425.32	1132.08	282.891
771	1	-13	817.524	149.433	-0.810755	1.44565	-500.8	-51.1056	-277.002	-549.061	-455.699	289.179
894	1	-13	530.114	6.33116	-0.903538	-2.80424	-1394.2	-673.409	-277.002	-1133.17	-586.429	284.245
77	1	-13	909.468	178.055	-0.855488	-2.54544	191.691	-572.405	-277.002	472.746	-382.514	277.92
81	1	13	3204.1	1407.91	-0.887334	-2.97031	538.457	-1451.14	-277.002	835.51	-1399.78	302.274
260	1	13	643.276	66.533	-0.983204	0.253433	-829.623	1289.04	-277.002	-925.422	1268.27	260.102
362	1	13	451.842	7.55468	-0.98631	1.83869	-1461.96	-133.229	-277.002	-1428.81	-224.976	273.192
540	1	-13	1230.35	145.484	-0.600641	-2.90251	271.866	-416.945	-277.002	964.615	-249.7	260.289
749	1	-13	920.235	181.532	-0.875098	0.182129	1432.78	-583.266	-277.002	1136.42	-640.489	272.004
750	1	-13	805.192	51.1374	-0.999515	0.667936	384.164	-1442.12	-277.002	363.705	-1449.93	303.781
293	1	-13	590.849	5.10908	-0.89455	1.87032	23.5259	751.471	-277.002	106.712	492.353	263.466
448	1	13	1535.25	368.215	-0.748374	2.48748	-31.7521	1247.84	-277.002	348.056	957.577	260.32
450	1	-13	1015.91	144.444	-0.969793	-1.37001	1169.99	-1036.51	-277.002	1141.51	-892.996	318.003
454	1	-13	1559.81	512.845	-0.954298	-1.30028	724.32	384.219	-277.002	679.645	545.856	258.392
750	1	13	918.869	246.501	-0.976008	1.34869	-28.0374	-471.47	-277.002	-60.9672	-614.191	380.092
91	1	-13	851.564	28.8163	-0.817358	-1.48921	766.186	-84.8959	-277.002	735.173	296.448	255.058
93	1	-13	1067.65	266.246	-0.877518	2.11316	1053.45	-701.899	-277.002	1226.04	-984.244	325.256
296	1	13	494.387	40.943	-0.974715	-1.86402	214.198	1073.55	-277.002	248.88	1197.86	258.762
300	1	-13	1072.99	17.9694	-0.969737	0.305107	1458.74	-424.569	-277.002	1327.63	-472.954	263.586
748	1	13	715.599	64.7177	-0.956163	2.90001	-1460.22	-1169.75	-277.002	-1290.73	-1217.57	325.694
862	1	-13	590.117	54.2017	-0.997887	-2.26733	-868.557	137.929	-277.002	-844.346	165.715	271.596
866	1	13	1311.05	93.7008	-0.753351	-1.97749	847.6	-496.641	-277.002	1033.68	-72.5097	256.49
94	1	13	748.201	167.445	-0.990574	-0.367228	1253.64	-489.191	-277.002	1182.84	-464.443	265.795
95	1	-13	616.74	32.9465	-0.924639	2.58316	-1226.02	-744.56	-277.002	-1009.87	-864.47	304.194
142	1	-13	1658.31	354.215	-0.699081	-2.7649	-798.95	498.719	-277.002	-283.179	700.619	265.342
334	1	13	2628.99	1179.11	-0.890426	2.95114	504.791	1219.81	-277.002	773.332	1167.92	258.029
335	1	13	1014.91	70.911	-0.741926	-2.70351	789.031	-392.921	-277.002	1228.68	-187.827	260.51
718	1	13	1906.98	68.7719	-0.692967	-2.48417	871.279	264.441	-277.002	1310.82	602.633	256.25
720	1	13	708.796	140.586	-0.939179	2.33248	-924.971	-860.066	-277.002	-781.932	-1008.5	292.263
880	1	-13	843.896	123.743	-0.852856	0.0839393	-703.495	-1411.93	-277.002	-1080.44	-1446.39	347.861
59	1	13	1572.42	560.081	-0.953142	2.50298	-392.357	486.197	-277.002	-255.262	384.23	263.409
154	1	-13	1297.7	560.782	-0.996683	1.75052	732.702	715.319	-277.002	740.933	671.947	257.509
157	1	13	516.878	70.5327	-0.996912	0.633913	-288.323	1078.07	-277.002	-323.316	1053.64	257.683
234	1	13	1035.6	55.2969	-0.977937	1.96924	-849.439	-651.67	-277.002	-799.953	-761.998	282.995
372	1	13	513.537	13.1844	-0.881577	-1.601	822.985	978.902	-277.002	834.633	1256.96	260.344
513	1	-13	654.939	142.039	-0.997498	1.53284	719.03	1042.26	-277.002	715.91	1004.33	258.704
517	1	-13	905.594	99.0109	-0.745094	-0.39907	-987.962	-116.854	-277.002	-1448.83	77.1432	272.394
603	1	-13	886.01	63.7105	-0.824162	-2.47493	455.935	-1171.97	-277.002	807.308	-906.43	361.777
695	1	13	674.49	23.058	-0.80044	-0.0809814	769.827	-504.595	-277.002	332.243	-461.593	290.887
697	1	13	3238.79	695.171	-0.504083	0.68512	1394.8	1401.91	-277.002	683.136	823.244	258.731
841	1	-13	858.935	214.817	-0.999979	-2.60115	-1023.13	37.0181	-277.002	-1021.51	37.6518	268.359
845	1	-13	511.744	18.4263	-0.827989	0.725636	1256.81	74.241	-277.002	989.355	-158.559	258.363
129	1	-13	983.507	128.098	-0.956019	-1.22681	-169.516	1139.42	-277.002	-224.667	1294.77	259.328
131	1	13	484.648	47.0643	-0.99533	0.943549	298.1	-104.628	-277.002	270.121	-151.096	272.968
132	1	13	4303.43	600.933	-0.62847	2.01378	519.914	-105.503	-277.002	850.472	-802.022	346.142
245	1	13	706.705	60.9379	-0.99093	2.99149	-585.002	970.432	-277.002	-514.708	965.757	259.303
248	1	-13	1132.71	484.305	-0.995303	1.41025	190.028	-70.6573	-277.002	181.362	-124.677	280.055
340	1	13	686.02	166.567	-0.990724	1.84987	463.826	1451.23	-277.002	483.866	1381.18	257.72
491	1	-13	939.925	268.117	-0.923022	0.469748	-291.648	153.679	-277.002	-512.34	44.6864	317.539
679	1	13	494.275	32.285	-0.998857	1.12428	-1331.95	293.138	-277.002	-1353.17	265.359	283.037
680	1	13	798.487	267.825	-0.983121	-0.106405	1316.26	543.226	-277.002	1217.69	553.574	256.86
685	1	-13	1054.63	21.8088	-0.592193	0.786185	1087.39	-348.431	-277.002	470.215	-983.413	374.377
152	1	13	833.958	166.194	-0.987473	-0.183592	-1298.78	335.572	-277.002	-1392.18	352.893	302.971
203	1	13	590.703	76.7469	-0.972033	2.48493	240.321	-524.2	-277.002	356.409	-612.81	319.952
206	1	-13	1088.76	166.806	-0.86376	2.29554	-377.237	-687.556	-277.002	-122.475	-967.865	370.515
386	1	-13	697.617	33.0771	-0.974354	0.042295	-663.282	-83.9635	-277.002	-784.823	-77.0352	272.272
387	1	13	516.76	20.8093	-0.968942	-1.38777	570.555	-1353.51	-277.002	550.293	-1206.44	314.804
388	1	13	2011.26	752.692	-0.931819	-2.56768	717.097	-1375.82	-277.002	913.429	-1249.05	324.063
581	1	-13	1078.65	90.997	-0.889497	0.681938	-1058.04	-181.277	-277.002	-1278.68	-357.606	275.385
583	1	13	424.885	4.41584	-0.993386	0.33919	676.911	920.526	-277.002	612.328	913.362	261.431
584	1	13	1684.84	350.757	-0.989916	-1.81954	-288.691	-1272.75	-277.002	-266.202	-1188.88	334.809
870	1	-13	919.983	315.718	-0.935194	-0.0229401	-895.827	776.786	-277.002	-1109.99	780.27	287.169
873	1	-13	955.726	180.616	-0.737306	-1.20543	602.188	752.883	-277.002	428.209	1206.37	255.128
0	1	-13	569.835	14.4766	-0.99653	1.79814	-473.959	1255.18	-277.002	-457.12	1212.57	258.171
310	1	13	992.684	353.748	-0.963047	-2.53024	-258.852	88.0214	-277.002	-133.418	175.374	265.627
314	1	13	1169.85	85.315	-0.578717	1.15324	-435.377	1108.85	-277.002	-745.37	400.926	268.797
414	1	13	1286.22	95.182	-0.62774	-0.639189	1311.98	162.442	-277.002	774.164	558.063	258.042
417	1	13	569.868	53.266	-0.968774	-3.09568	-926.437	-864.394	-277.002	-787.101	-861.921	286.494
531	1	-13	629.339	18.0325	-0.817837	1.18771	232.8	-80.3752	-277.002	89.7032	-476.986	327.267
630	1	-13	1293.04	517.135	-0.83243	-3.00747	-2.25834	-407.875	-277.002	366.584	-356.807	279.409
633	1	13	616.511	185.38	-0.998901	-0.658108	999.615	630.279	-277.002	979.303	645.721	260.102
709	1	-13	447.482	5.80651	-0.976217	-0.461392	709.013	32.6978	-277.002	584.83	70.2168	262.944
871	1	-13	1063.94	300.668	-0.8329	0.923635	-796.169	112.597	-277.002	-1014.9	-179.108	270.553
874	1	-13	755.476	90.8674	-0.9842	-0.651264	1187.35	738.405	-277.002	1113.47	795.46	258.176
129	1	-13	654.385	69.0111	-0.95447	-1.53877	812.997	499.507	-277.002	801.993	661.932	259.115
132	1	13	1192.72	317.331	-0.750011	2.35289	-624.769	1355.8	-277.002	-293.009	1019.77	258.373
533	1	-13	1972.27	254.688	-0.519876	0.837358	418.772	516.115	-277.002	-250.664	-231.838	340.491
535	1	-13	802.593	132.754	-0.806345	2.79213	124.51	788.16	-277.002	494.629	653.94	257.057
823	1	-13	1110.29	212.823	-0.813944	-1.34179	-506.428	-512.149	-277.002	-599.976	-112.389	297.798
897	1	-13	638.371	169.573	-0.994118	1.37956	1356.53	-719.288	-277.002	1346.15	-777.2	272.577
900	1	13	612.042	96.887	-0.979501	-0.743406	1363.74	-702.871	-277.002	1281.55	-627.767	268.219
902	1	-13	2974.93	622.477	-0.643802	1.76452	586.768	1067.42	-277.002	708.557	444.374	257.834
169	1	13	486.712	6.26776	-0.982083	1.12315	623.784	195.372	-277.002	545.764	105.692	262.56
280	1	13	786.362	6.57526	-0.851308	1.97569	103.097	721.312	-277.002	234.194	422.488	261.08
440	1	13	1007.63	228.674	-0.696813	-3.12651	-254.361	775.372	-277.002	299.657	784.049	262.105
688	1	-13	1088.8	71.7184	-0.998736	0.718333	393.472	-1320.62	-277.002	375.08	-1343.6	308.01
690	1	-13	1594.47	11.5657	-0.464369	2.18826	-886.288	767.89	-277.002	-215.968	-124.989	321.257
945	1	13	703.875	124.471	-0.926028	-2.42744	-1100.78	743.926	-277.002	-925.643	893.611	279.835
950	1	13	406.14	2.26337	-0.997582	-2.25401	1087.47	-314.774	-277.002	1101.06	-303.216	264.538
212	1	-13	508.41	22.4298	-0.998576	-1.1976	-1282.67	-634.952	-277	-1305.91	-614.257	295.493
213	1	-13	760.178	30.4869	-0.859808	1.31854	-868.705	-601.94	-277.002	-959.105	-939.014	308.118
214	1	13	2940.1	272.506	-0.975353	1.79287	879.595	573.221	-277.002	905.641	456.656	258.517
457	1	13	1459.12	361.548	-0.810761	-2.5091	3.07947	-171.535	-277.002	320.826	60.2829	267.904
549	1	-13	466.78	19.9821	-0.990566	-2.41204	836.102	1044.19	-277.002	893.496	1095.5	263.475
645	1	13	1638.2	162.748	-0.851038	2.08322	-796.112	-705.258	-277.002	-625.065	-1010.51	289.026
650	1	-13	875.203	163.693	-0.879241	-2.87829	-475.653	-253.388	-277.002	-161.901	-170.361	321.356
770	1	13	672.713	31.1349	-0.881236	-1.13448	149.4	-753.972	-277.002	6.97079	-457.066	350.572
771	1	-13	770.479	138.178	-0.90007	-1.22744	-801.722	-1480.34	-277.002	-899.633	-1206.56	314.264
774	1	-13	518.964	24.4709	-0.937714	0.783248	-256.434	973.667	-277.002	-407.264	838.686	261.237
837	1	-13	1191.95	39.9355	-0.766492	0.989809	701.494	-191.576	-277.002	417.374	-613.395	328.822
15	1	13	858.459	335.832	-0.999426	-1.34171	-479.43	1383.8	-277.002	-484.86	1400.52	258.869
18	1	-13	631.961	50.7975	-0.924072	-1.16732	-423.578	427.265	-277.002	-510.757	634.891	267.293
19	1	13	648.43	96.4868	-0.999662	-0.883524	-1037.99	-1409.82	-277.002	-1050.86	-1400.47	339.881
155	1	13	1286.26	425.666	-0.998934	-2.46317	481.966	-695.459	-277.002	504.199	-676.332	348.307
240	1	13	574.664	70.8577	-0.959737	-0.915655	-51.465	682.925	-277.002	-143.796	808.007	262.375
698	1	13	1140.13	336.244	-0.742127	0.5772	870.219	358.054	-277.002	459.088	89.12	263.934
71	1	-13	1587.02	514.27	-0.912093	1.39683	-1188.07	835.945	-277.002	-1232.31	584.455	291.124
73	1	-13	603.003	43.6328	-0.962552	-2.72005	560.493	82.9682	-277.002	694.796	140.581	258.096
190	1	-13	738.616	92.7717	-0.85398	-1.30707	-1300.4	-941.884	-277.002	-1390.4	-606.303	296.035
195	1	13	547.915	64.139	-0.985169	-2.01095	-501.77	59.2464	-277.002	-467.197	150.175	296.065
275	1	13	525.094	80.4004	-0.985748	-3.08068	-978.394	-203.533	-277.002	-888.618	-201.132	270.8
276	1	13	536.506	73.1721	-0.975104	0.965538	59.0088	652.271	-277.002	-13.3542	552.054	265.186
568	1	-13	614.748	36.2025	-0.898534	0.15003	-1203.78	-908.385	-277.002	-1489.95	-949.136	293.4
935	1	-13	493.147	7.13728	-0.985879	0.400748	-898.675	-988.845	-277.002	-984.263	-1019.64	317.525
71	1	13	685.966	85.6021	-0.82566	-1.48239	1076.42	-826.869	-277.002	1043.26	-461.937	268.778
75	1	13	954.961	55.5706	-0.910532	-1.47461	698.226	384.073	-277.002	673.044	631.76	256.639
260	1	13	4053.62	635.973	-0.731891	1.05221	1431.94	566.074	-277.002	1186.92	136.873	255.155
261	1	-13	742.558	13.6544	-0.946507	0.644197	267.578	356.805	-277.002	120.304	254.757	262.889
262	1	13	536.511	85.5342	-0.99351	0.428359	1080.77	389.303	-277.002	1026.37	365.466	259.28
263	1	-13	593.035	39.8093	-0.902794	-0.905904	158.495	117.607	-277.002	2.74178	317.148	263.572
593	1	13	1620.67	169.499	-0.78695	-1.569	109.677	44.2885	-277.002	110.212	467.368	262.778
855	1	-13	594.661	35.5091	-0.958721	-0.282829	375.249	697.205	-277.002	220.49	742.053	260.798
856	1	13	732.73	89.5334	-0.891802	1.92711	1140.91	-255.76	-277.002	1236.9	-516.538	265.753
22	1	13	918.013	210.671	-0.944402	0.601624	1300.68	-2.00268	-277.002	1146.56	-107.382	259.567
140	1	-13	522.723	8.85471	-0.927713	-1.96637	940.515	631.335	-277.002	1014.33	814.643	257.825
143	1	-13	1465.23	82.957	-0.622326	1.56867	1384.52	-505.192	-277.002	1382.51	-1323.19	373.847
352	1	-13	982.641	180.593	-0.98684	2.49841	-725.463	211.383	-277.002	-650.381	155.422	296.205
353	1	-13	683.636	88.9548	-0.999828	-2.6143	222.044	-668.198	-277.002	233.421	-664.396	330.435
481	1	-13	573.106	75.763	-0.998854	1.09296	1487.02	439.068	-277.002	1477.25	417.882	250.985
588	1	-13	843.083	173.586	-0.934746	2.47539	-86.9	1483.15	-277.002	70.2536	1358.34	260.206
963	1	-13	1545.16	149.547	-0.995898	0.488627	1135.77	430.766	-277.002	1094	407.057	258.688
367	1	-13	581.492	44.1336	-0.989869	-1.67676	-389.879	-871.317	-277.002	-376.951	-791.915	311.477
369	1	13	1473.59	278.409	-0.959603	-0.914679	494.97	337.869	-277.002	400.361	462.362	259.521
442	1	-13	495.506	28.7296	-0.952209	-2.2986	1056.69	616.18	-277.002	1172.27	745.013	258.8
519	1	-13	897.633	248.583	-0.998104	-2.47295	579.334	420.825	-277.002	605.351	441.454	258.563
520	1	13	702.344	52.6409	-0.820582	-1.11585	-358.311	-1257.67	-277.002	-537.887	-903.378	292.93
522	1	-13	622.135	13.7504	-0.916538	1.52823	101.415	714.77	-277.002	92.4195	476.217	263.191
705	1	-13	686.225	18.7103	-0.835831	-3.09566	-747.986	-393.369	-277.002	-319.447	-392.97	358.442
843	1	-13	631.055	113.135	-0.931203	1.73078	-315.19	634.905	-277.002	-285.926	427.7	263.472
959	1	-13	886.235	205.135	-0.894124	-2.43496	698.386	-656.137	-277.002	906.831	-475.509	267.964
960	1	13	846.167	102.826	-0.949272	-1.7086	321.731	-1279.29	-277.002	347.305	-1079.5	344.57
287	1	13	629.205	116.52	-0.94436	-2.74478	732.588	-723.962	-277.002	912.487	-647.447	287.182
292	1	-13	548.415	7.55466	-0.989036	-2.32051	355.482	-893.725	-277.002	426.947	-834.733	392.145
520	1	-13	1005.78	310	-0.994022	-2.95309	795.694	443.869	-277.002	853.969	454.876	257.419
522	1	13	831.558	201.897	-0.921999	1.62719	-1001.28	-786.691	-277.002	-988.236	-1038.14	318.366
660	1	13	529.023	39.6264	-0.98289	-0.331452	584.881	790.086	-277.001	486.028	826.608	259.809
859	1	-13	944.709	286.6	-0.998007	2.81411	-872.787	-821.956	-277.002	-840.597	-832.824	288.848
68	1	-13	852.946	269.902	-0.88824	-1.8303	475.937	559.674	-277.002	546.072	825.482	259.611
161	1	-13	582.227	20.6768	-0.998013	2.98515	-915.639	-1381.93	-277.002	-880.045	-1404.72	316.779
232	1	13	1066.1	160.663	-0.913098	2.49084	122.142	-856.684	-277.002	349.586	-1028.41	360.489
546	1	-13	1597.81	743.26	-0.94854	-0.609046	760.119	-202.813	-277.002	611.671	-98.6625	266.157
547	1	-13	563.794	80.1412	-0.99484	-0.88873	333.175	-1470.03	-277.002	297.042	-1421.49	307.587
549	1	-13	1454.52	527.966	-0.989173	0.992917	1323.43	267.051	-277.002	1280.57	200.214	254.609
735	1	-13	589.606	73.9536	-0.919486	0.893012	1054.61	958.585	-277.002	912.446	785.644	257.993
737	1	13	609.902	89.4637	-0.999499	0.519619	1111.86	586.99	-277.002	1095.51	578.835	258.776
116	1	13	646.991	90.7195	-0.909005	3.11552	947.498	956.257	-277.002	1195.13	949.721	258.509
280	1	-13	1731.84	526.332	-0.947654	-0.753674	1486.15	1307.63	-277	1355.5	1428.73	249.666
283	1	-13	512.457	10.8846	-0.98507	-0.389882	-235.71	186.653	-277.002	-329.834	216.571	272.103
285	1	-13	561.625	25.7995	-0.907923	0.651817	885.655	-121.186	-277.002	699.009	-282.554	265.542
501	1	-13	1429.8	617.089	-0.998508	1.56176	1228.7	1023.96	-277.002	1229.03	994.81	257.905
560	1	-13	551.197	76.7684	-0.999793	0.253698	-1175.81	-380.993	-277.002	-1184.74	-381.932	278.822
565	1	13	605.512	44.4593	-0.887009	-2.02291	-842.819	-1489.01	-277.002	-703.73	-1220.69	300.328
655	1	13	872.431	89.2784	-0.896493	1.06954	760.454	-145.97	-277.002	626.68	-386.751	277.522
730	1	-13	898.319	130.196	-0.93773	-2.73321	290.257	273.899	-277.002	469.454	348.973	259.041
732	1	-13	601.898	91.401	-0.961429	-2.10546	199.383	719.828	-277.002	276.073	852.162	260.068
828	1	13	1545.71	586.79	-0.979967	-2.88661	809.825	832.075	-277.002	915.171	859.128	258.174
103	1	13	485.493	12.6119	-0.968048	1.91111	492.843	787.238	-277.002	542.329	661.057	255.688
104	1	-13	2062.31	171.326	-0.681914	-1.60654	1243.36	457.673	-277.002	1262.8	1030.97	257.38
227	1	-13	502.374	18.1294	-0.985606	-1.48944	-665.208	-449.708	-277.002	-675.042	-359.426	279.145
484	1	-13	728.877	3.23588	-0.793976	-2.77654	322.55	458.478	-277.002	748.115	673.981	257.677
486	1	13	622.637	56.9589	-0.998031	-2.67004	-1247.85	105.58	-277.002	-1218.82	116.054	266.283
488	1	13	570.698	25.7218	-0.988047	0.935677	-242.709	-962.762	-277.002	-296.952	-1035.25	327.666
616	1	13	760.82	129.271	-0.83723	-2.48232	-67.3613	-400.248	-277.002	222.688	-176.224	278.22
617	1	-13	628.324	23.6289	-0.959433	0.682445	899.55	1087.5	-277.002	782.792	989.733	259.059
621	1	-13	726.187	127.503	-0.993985	-2.45486	1350.98	222.098	-277.002	1398.43	256.71	251.488
805	1	-13	806.846	59.2467	-0.995791	2.69129	1047.82	-513.805	-277.002	1088.01	-539.925	270.814
924	1	-13	1722.62	690.211	-0.988219	-0.374894	1080.87	190.279	-277.002	1004.72	220.559	256.603
925	1	-13	544.614	0.539041	-0.965795	-2.40994	706.846	619.941	-277.002	846.339	692.036	259.229
927	1	13	738.032	100.522	-0.876871	-1.27203	1337.15	392.296	-277.002	1254.21	668.887	256.783
929	1	-13	634.394	18.6593	-0.897241	-1.26046	-1342.02	-388.306	-277.002	-1437.6	-129.582	273.192
11	1	-13	615.98	15.4128	-0.946231	1.61506	1095.57	66.7625	-277.002	1102.01	-119.514	259.502
12	1	-13	579.278	5.87592	-0.922871	-1.97756	-625.799	-47.1234	-277.002	-553.849	169.544	293.95
337	1	13	798.104	39.251	-0.811002	-2.28012	-833.691	-1443.42	-277.002	-566.819	-1132.8	292.75
341	1	13	539.131	0.284207	-0.977528	-1.68751	-399.638	601.118	-277.002	-419.724	675.599	269.217
342	1	-13	1264.38	315.603	-0.773559	-1.70624	-534.452	-394.54	-277.002	-470.517	81.7592	308.458
494	1	-13	1570.66	463.112	-0.86269	-2.95934	213.763	909.3	-277.002	522.327	966.124	259.931
667	1	-13	2535.85	1327.11	-0.997734	1.74502	1182.82	1006.39	-277.002	1188.77	970.676	258.356
928	1	-13	713.47	44.5414	-0.993639	0.193378	424.562	-668.457	-277.002	351.765	-689.235	342.923
930	1	13	579.75	43.934	-0.944636	-1.35488	-1155.47	241.437	-277.002	-1198.39	438.863	295.364
7	1	-13	1334.97	267.083	-0.902567	1.50179	430.167	-33.5406	-277.002	413.503	-295.975	275.144
303	1	-13	655.856	17.5887	-0.776216	-0.491374	-551.789	383.404	-277.002	-936.08	577.51	281.578
307	1	13	773.304	105.216	-0.814381	1.83539	999.914	808.126	-277.002	1104.04	442.83	258.566
424	1	13	831.168	168.91	-0.902425	0.964304	-638.552	339.242	-277.002	-792.575	120.151	276.287
568	1	-13	535.732	57.82	-0.938398	-2.62999	-45.1447	451.21	-277.002	123.001	552.58	264.045
647	1	-13	469.779	0.060639	-0.998591	-2.69808	768.399	-502.284	-277.002	829.627	-527.94	271.201
648	1	-13	953.2	92.3856	-0.845056	-0.53615	947.89	-1416.79	-277.002	623.881	-1227.65	313.67
649	1	13	898.333	146.344	-0.898511	-1.41237	-654.636	-1037.19	-277.002	-698.905	-767.518	282.917
796	1	-13	886.149	68.6443	-0.749379	1.614	229.01	-935.448	-277.002	254.906	-1456.28	308.21
901	1	13	1317.24	500.185	-0.833146	-1.98499	-1286.12	1145.96	-277.002	-1140.4	1473.74	264.239
967	1	-13	590.441	49.3819	-0.99994	1.42922	5.66796	1480.57	-277.002	7.15497	1476.11	261.119
970	1	13	858.152	101.509	-0.853167	-2.60316	-485.78	513.968	-277.002	-210.029	683.432	265.487
50	1	-13	1152.21	50.9131	-0.662122	-3.06444	-559.096	-82.5535	-277.002	70.9937	-34.2729	275.742
161	1	-13	1735.95	544.693	-0.810511	0.382425	-785.108	949.098	-277.002	-1164.64	796.562	289.406
163	1	13	813.378	209.276	-0.98832	-0.586474	-1200.68	414.309	-277.002	-1275.74	463.184	307.768
165	1	13	1371.65	144.517	-0.752021	1.86241	34.3675	-517.577	-277.002	192.215	-1043.55	348.048
166	1	-13	514.293	6.84719	-0.961626	1.62778	3.7973	145.666	-277.002	-0.558391	-9.78297	275.843
167	1	-13	655.167	133.512	-0.953572	1.42181	797.069	-1074.09	-277.002	766.762	-1257.81	308.807
367	1	-13	1167.21	557.773	-0.960398	1.3718	1291.31	443.241	-277.002	1259.95	291.456	255.921
368	1	13	1834.85	158.914	-0.503551	-1.74771	-32.9522	456.878	-277.002	136.761	1378.3	261.578
555	1	13	663.241	123.862	-0.995642	-1.16183	-230.393	380.489	-277.002	-247.758	427.235	262.694
556	1	-13	597.527	33.8041	-0.910791	-1.95249	296.302	-207.047	-277.002	390.74	13.6012	265.815
557	1	-13	563.805	53.2441	-0.981319	-2.48617	-1205.1	-533.2	-277.002	-1117.43	-470.55	279.991
673	1	-13	3480.77	0.667925	-0.365176	-1.54697	534.122	-1495.49	-277.002	498.696	-53.7039	266.529
849	1	13	501.878	20.1299	-0.999746	1.77029	545.896	349.549	-277.002	548.715	346.958	257.978
850	1	-13	4889.02	2464.43	-0.757601	-2.75554	266.968	1110.95	-277.002	691.808	1283.54	255.432
966	1	-13	1132.51	188.26	-0.674765	3.06643	-1355.24	395.353	-277.002	-762.021	346.638	267.519
967	1	-13	500.718	21.956	-0.987766	2.65656	-37.9966	1302.08	-277.002	35.4041	1263.82	258.202
345	1	-13	856.124	13.0124	-0.96922	1.73212	-1059.68	-1134.32	-277.002	-1049.25	-1264.43	326.786
346	1	13	811.936	236.104	-0.99703	1.49029	-1319.94	567.195	-277.002	-1323.89	520.245	312.548
347	1	-13	1582.99	100.814	-0.516779	-0.165291	670.299	315.294	-277.002	-206.038	454.889	261.541
348	1	13	1142.39	241.873	-0.670383	1.27153	951.039	1465.33	-277.002	773.544	900.087	258.845
511	1	-13	1064.61	357.689	-0.993546	-2.5346	-1112.47	-1478.93	-277.002	-1053.67	-1436.74	342.88
517	1	13	1598.38	249.01	-0.596867	2.08366	183.926	618.364	-277.002	539.173	-14.1428	265.446
728	1	13	777.193	200.964	-0.95946	-2.94118	-1496.24	1083.59	-277.002	-1336.43	1116.43	279.154
765	1	-13	1837.04	925.096	-0.998992	-1.24233	614.84	-634.294	-277.002	606.471	-608.622	321.788
767	1	13	514.045	9.41609	-0.947802	-0.291991	513.833	-137.27	-277.002	342.941	-77.4191	268.71
918	1	-13	1175.59	291.839	-0.946425	-2.96761	-1172.29	639.562	-277.002	-985.449	674.415	281.517
921	1	13	4061.5	1018.02	-0.586736	-2.10627	353.978	-724.27	-277.002	730.645	-89.2151	258.562
923	1	-13	412.391	2.39878	-0.98717	-1.6078	756.579	-175.395	-277.002	776.215	-111.121	256.178
64	1	13	1319.06	585.136	-0.982808	-0.84615	-22.7089	-1377.02	-277.002	-99.6422	-1289.57	344.14
65	1	-13	1352.94	210.044	-0.903664	-1.65533	-481.744	-1464.8	-277.002	-459.149	-1192.07	301.68
67	1	-13	1186.74	52.1778	-0.997279	-1.388	-1315.87	339.062	-277.002	-1324.6	382.276	303.836
454	1	-13	1034.98	124.377	-0.62665	-1.44006	-1242.31	-1128.73	-277.002	-1336.44	-446.184	277.718
598	1	13	672.254	128.719	-0.834791	2.97113	527.37	730.509	-277.002	883.116	672.51	259.608
601	1	-13	452.559	21.0259	-0.998296	-1.35884	123.912	81.8964	-277.002	129.657	101.14	264.575
799	1	-13	1223.3	343.421	-0.641619	-2.11494	272.332	-54.5092	-277.002	607.531	492.845	258.646
800	1	-13	1312.57	181.11	-0.980476	2.34391	1189.84	-588.074	-277.002	1267.15	-667.414	268.535
903	1	-13	749.332	10.1293	-0.753091	2.12714	-1242.93	-93.7685	-277.002	-969.158	-481.724	277.825
907	1	-13	479.946	28.3526	-0.999765	-0.232827	43.8996	325.744	-277	38.2494	325.27	263.656
952	1	13	534.751	42.8104	-0.904878	2.21188	1190.89	1279.92	-277.002	1338.61	1080.78	256.252
138	1	-13	2587.15	316.861	-0.966329	-2.62587	-436.47	304.809	-277.002	-309.87	375.32	264.548
497	1	-13	845.75	229.765	-0.999546	0.298467	-5.4894	-79.9602	-277.002	-22.7213	-85.8145	288.647
651	1	13	910.226	202.049	-0.982855	-0.862967	-796.92	-859.942	-277.002	-862.783	-779.646	288.328
653	1	13	2139.39	773.963	-0.964863	-2.76621	-504.37	-24.1741	-277.002	-354.117	34.4738	313.794
785	1	-13	801.01	217.272	-0.986711	0.512038	-483.657	-93.4126	-277.002	-566.843	-139.259	298.976
952	1	-13	1503.91	379.555	-0.993345	-2.67367	1435.59	-1458.89	-277.002	1499.64	-1425.92	358.536
954	1	13	3793.69	442.753	-0.549191	0.759393	-38.4546	-294.478	-277.002	-660.372	-887.82	287.846
32	1	-13	951.941	142.097	-0.968343	-3.04243	727.278	828.553	-277.002	863.646	842.978	257.784
309	1	13	1086.99	148.701	-0.692635	1.58053	536.05	1440.97	-277.002	540.537	877.983	261.316
441	1	-13	437.484	0.75304	-0.986524	-1.88561	788.911	79.878	-277.002	814.989	203.555	255.346
442	1	-13	479.129	35.9508	-0.998755	0.0100137	786.46	507.636	-277.002	753.665	510.865	257.444
444	1	-13	1029.87	6.29887	-0.776313	-3.06701	586.839	744.601	-277.002	1036.54	800.683	257.743
447	1	-13	1048.24	30.8833	-0.761809	-1.94488	331.503	-1042.73	-277.002	505.078	-564.762	316.092
578	1	13	1180	171.337	-0.630113	-3.07848	-545.799	604.194	-277.002	121.923	643.474	262.197
579	1	-13	650.051	162.452	-0.999046	1.67563	1035.5	522.49	-277.002	1038.86	500.437	257.979
580	1	13	993.655	62.4961	-0.640704	-2.42888	-439.365	133.876	-277.002	44.4288	560.741	265.5
708	1	-13	539.292	36.6032	-0.912935	-1.63399	577.949	330.902	-277.002	593.424	575.258	257.175
711	1	-13	1164.12	25.6102	-0.667546	1.52284	-712.69	-436.66	-277.002	-733.039	-1062.97	292.962
712	1	13	517.724	19.8489	-0.928868	-2.65023	409.407	-657.076	-277.002	599.995	-561.774	307.734
884	1	-13	1702.87	153.856	-0.988209	-0.1325	1009.86	-1197.97	-277.002	913.418	-1189.54	333.029
885	1	-13	810.63	180.255	-0.911284	1.69616	-1296.74	637.999	-277.001	-1265.16	379.891	295.465
887	1	-13	507.336	44.4544	-0.880874	-0.0852374	-570.105	1269.64	-277.002	-857.087	1293.83	259.008
61	1	-13	3943.21	1751.66	-0.67631	1.9995	-1101.12	1412.98	-277.002	-848.235	859.441	282.005
62	1	-13	776.928	94.23	-0.987041	-0.832083	-399.593	792.118	-277.002	-457.261	854.605	261.016
205	1	-13	601.132	85.6121	-0.950005	-1.67686	-1089.67	738.83	-277.002	-1070.67	918.545	286.377
206	1	13	2341.79	574.628	-0.63376	2.40221	41.9091	-710.674	-277.002	579.502	-1198.19	315.548
207	1	13	1679.23	392.964	-0.59542	-1.43868	169.573	587.992	-277.002	75.7547	1304.52	258.872
316	1	13	553.242	27.3299	-0.989075	0.888152	-918.588	624.083	-277.002	-968.462	557.612	281.676
385	1	-13	1893.76	503.841	-0.861381	2.02032	-118.971	-1151.06	-277.002	33.9763	-1466.59	320.37
389	1	-13	968.988	196.778	-0.848988	1.10205	-1315.24	1148.94	-277.002	-1476.76	832.562	288.755
390	1	-13	942.257	246.038	-0.895513	1.76187	-1418.65	1029.22	-277.002	-1366.27	755.151	284.376
391	1	-13	457.779	14.2378	-0.999945	2.10434	-322.224	1122.22	-277.002	-310.23	1118.02	257.05
540	1	-13	676.283	83.4039	-0.845974	-0.493709	1205.34	-617.965	-277.002	900.825	-450.826	266.976
545	1	13	463.428	12.2995	-0.996461	-1.89172	826.337	-1434.55	-277.002	846.757	-1387.92	303.412
660	1	13	1619.49	472.205	-0.743967	0.210145	-864.106	1473.98	-277.002	-1341.78	1371.76	267.897
661	1	-13	1915.36	1094.15	-0.953911	-0.188833	-114.225	1130.24	-277.002	-279.181	1161.72	257.243
663	1	-13	3829.86	2620.67	-0.991946	-1.85585	861.316	-59.1704	-277.002	880.29	6.09244	256.519
664	1	13	806.572	136.086	-0.906889	0.0366737	810.257	-1386.03	-277.002	539.622	-1392.87	303.497
155	1	-13	725.319	81.1685	-0.95049	0.449887	-956.641	-923.924	-277.002	-1128.49	-1005.88	322.5
156	1	13	1554.37	403.393	-0.744549	-1.73712	169.515	723.456	-277.002	248.88	1197.86	258.762
159	1	-13	1324.98	216.999	-0.820282	-1.03574	1130.19	-1366.2	-277.002	908.267	-989.97	352.271
160	1	-13	577.159	30.0786	-0.994038	2.07198	1309.43	-423.028	-277.002	1327.63	-472.954	263.586
388	1	-13	559.048	91.6988	-0.985953	-1.20314	375.435	-458.073	-277.002	342.941	-371.228	281.941
389	1	-13	641.196	80.2689	-0.977641	-2.90465	-845.025	-1311.29	-277.002	-721.983	-1281.75	309.037
390	1	-13	1660.74	773.411	-0.97432	-2.4817	-834.487	-680.05	-277.002	-731.762	-601.81	279.603
501	1	-13	787.613	172.334	-0.99904	0.816852	-376.053	-13.5769	-277.002	-394.881	-34.2669	331.871
606	1	13	561.181	10.1847	-0.982534	2.92318	-1162.83	-1241.29	-277.002	-1029.3	-1255.88	326.056
700	1	-13	416.53	16.7848	-0.99969	-0.32652	319.586	1147.88	-277.002	317.639	1150.77	256.838
784	1	13	845.713	42.5021	-0.837654	-0.943801	-382.663	-163.48	-277.002	-615.306	145.529	300.329
788	1	-13	494.966	20.3947	-0.912851	-0.667096	267.73	190.355	-277.002	78.84	333.29	263.533
95	1	-13	656.997	87.6422	-0.912461	0.123962	-829.819	-906.016	-277.002	-1094.41	-937.844	318.352
182	1	13	585.885	20.4527	-0.978826	1.44814	1027.12	-635.721	-277.002	1003.97	-754.743	306.134
186	1	-13	1370.76	443.344	-0.828654	-2.25913	535.543	-1254.24	-277.002	809.672	-920.144	360.813
300	1	-13	856.749	51.0032	-0.839068	1.44162	716.534	-449.063	-277.002	657.958	-860.549	367.882
401	1	-13	500.312	11.2801	-0.999446	0.608288	-1263.1	-835.28	-277.002	-1287.37	-863.224	320.132
402	1	13	586.247	23.3729	-0.935394	-2.94506	109.179	-1288.53	-277.002	337.527	-1236.81	316.566
449	1	-13	623.492	91.3375	-0.921477	3.06246	-1017.04	-64.8577	-277.002	-784.823	-77.0352	272.272
658	1	-13	793.378	39.0914	-0.66001	-2.20464	977.626	633.231	-277.002	1325.47	1117.03	256.486
660	1	13	993.695	375.668	-0.99406	-2.16042	-1144.61	729.707	-277.002	-1109.99	780.27	287.169
661	1	-13	558.386	17.2813	-0.969426	2.68981	231.912	-359.908	-277.002	362.868	-424.202	286.009
664	1	-13	578.407	32.2316	-0.818646	0.650227	1376.6	379.202	-277.002	1080.29	142.887	255.454
848	1	-13	1207.87	77.1139	-0.921016	1.03597	-113.992	-1144.61	-277.002	-241.026	-1364.18	338.417
198	1	13	946.973	162.395	-0.99896	-2.44794	1422.64	-1202.35	-277.002	1441.25	-1185.63	357.886
200	1	-13	748.918	52.1722	-0.671846	3.03757	886.992	714.341	-277.002	1467.94	654.338	255.961
293	1	13	1037.82	448.541	-0.994146	-2.46907	-198.016	968.534	-277.002	-152.638	1004.25	258.853
575	1	13	655.659	34.593	-0.945604	-2.29908	-943.044	128.409	-277.002	-825.486	268.9	268.9
576	1	-13	644.289	38.6556	-0.832239	-2.83435	1045.38	1063.91	-277.002	1398.21	1167.4	256.102
580	1	-13	738.36	240.583	-0.981858	0.031231	876.336	1169.89	-277.002	773.311	1165.89	258.033
828	1	-13	726.38	197.457	-0.992092	-1.27851	1120.81	1010.83	-277.002	1101.53	1079.45	260.037
910	1	13	692.559	137.85	-0.963105	-0.0605783	219.385	1349.62	-277.002	70.2536	1358.34	260.206
911	1	-13	709.676	115.318	-0.914596	-2.71106	1046.81	-841.108	-277.002	1267.3	-740.876	271.905
18	1	-13	587.144	48.1191	-0.979397	-0.79261	804.643	654.108	-277.002	722.419	729.788	257.025
19	1	-13	1070.68	155.183	-0.958889	-1.65586	-654.123	-216.873	-277.002	-642.982	-50.9279	291.186
337	1	13	511.427	9.28063	-0.978243	-1.85068	1244.86	-290.907	-277.002	1288.32	-174.577	258.684
339	1	-13	898.571	156.183	-0.996787	-0.779148	-367.821	-1132.22	-277.002	-399.432	-1098.45	307.526
444	1	13	509.911	19.7328	-0.992674	1.56322	-1356.31	588.29	-277.002	-1363.73	518.78	317.751
445	1	13	2377.72	453.804	-0.867352	-1.28905	1301.62	-312.999	-277.002	1215.05	-18.4446	258.522
814	1	-13	817.868	77.6606	-0.790337	-0.423648	-382.008	-1267.58	-277.002	-784.695	-1078.82	296.33
817	1	-13	868.508	98.1462	-0.98281	-0.0352345	-198.168	-92.9685	-277.002	-313.101	-90.4003	335.503
70	1	13	739.108	123.703	-0.886822	2.54114	370.916	1333.9	-277.002	598.12	1177.7	254.878
72	1	13	4739.14	680.048	-0.516219	-2.54472	526.391	719.827	-277.002	1259.67	1217.09	257.288
73	1	-13	4937.68	1966.52	-0.708873	-0.442216	1452.2	1174.24	-277.002	974.956	1400.19	253.084
76	1	13	914.843	284.159	-0.983505	-1.31345	1416.58	88.4175	-277.002	1391.45	183.438	252.255
371	1	13	1253.88	309.316	-0.962727	-0.766754	1179.22	-1479.27	-277.002	1057.58	-1361.5	331.437
463	1	13	507.664	26.8776	-0.995003	-2.61615	378.463	869.831	-277.002	429.284	892.212	261.219
468	1	13	835.592	170.127	-0.998764	-0.0100246	321.864	-1409.1	-277.002	293.198	-1410.95	307.945
684	1	-13	1232.71	338.49	-0.986248	1.68281	724.682	-576.748	-277.002	734.239	-675.433	319.707
743	1	-13	537.766	66.1961	-0.990459	-0.885511	-855.503	-1272.01	-277.002	-899.633	-1206.56	314.264
862	1	-13	1133.28	488.282	-0.947758	0.902521	285.011	1271.41	-277.002	172.583	1130.23	257.891
867	1	-13	646.256	49.3208	-0.886046	0.21796	739.674	-1149.8	-277.002	426.346	-1209.24	315.824
30	1	13	949.295	202.183	-0.799393	-1.46279	-210.827	-254.84	-277.002	-254.201	156.599	276.27
32	1	13	816.494	210.583	-0.938881	-1.36382	1141.95	-311.395	-277.002	1102.01	-119.514	259.502
178	1	-13	705.79	109.279	-0.856338	-2.59186	723.705	671.21	-277.002	998.632	837.896	257.935
343	1	-13	733.909	149.384	-0.900279	1.09433	-519.86	1208	-277.002	-640.419	975.168	261.1
349	1	13	1417.43	155.795	-0.844751	0.276521	1435.24	-990.855	-277.002	1060	-1098.77	343.401
802	1	-13	538.964	25.7989	-0.999907	-3.03056	344.325	-695.939	-277.002	351.765	-689.235	342.923
259	1	-13	602.93	40.9202	-0.788081	0.215085	263.71	1363.44	-277.002	-136.866	1277.12	259.528
260	1	13	1096.65	308.305	-0.99996	-2.03903	1298.35	-69.9174	-277.002	1299.21	-64.2547	256.281
428	1	-13	1462.41	489.615	-0.681474	0.342318	1480.97	1003.98	-277.002	937.958	811.357	258.083
539	1	13	597.404	7.49346	-0.728341	-0.723486	248.261	52.387	-277.002	-141.779	380.406	262.605
540	1	-13	455.026	6.77974	-0.989658	-0.735336	-1046.14	655.326	-277.002	-1091.79	708.525	284.048
542	1	-13	3021.92	1369.62	-0.891832	1.7331	-987.44	1421.91	-277.002	-943.6	1152.14	261.15
772	1	-13	1512.65	513.944	-0.887778	-1.32001	1136.55	753.925	-277.002	1068.51	1024.33	260.119
843	1	-13	522.927	2.82958	-0.793849	-0.272027	824.052	826.192	-277.002	433.154	934.049	261.151
845	1	13	1047.74	56.0895	-0.540491	-1.147	-669.313	-740.997	-277.002	-1028.07	21.8243	269.003
846	1	-13	846.453	41.4035	-0.785731	-1.49702	-263.548	522.885	-277.002	-298.753	947.677	259.67
150	1	13	1414.12	529.777	-0.996606	-1.18348	1389.07	318.365	-277.002	1372.24	359.161	254.371
152	1	-13	445.203	13.4901	-0.916734	-1.65777	1355.91	523.177	-277.002	1382.43	761.191	257.499
254	1	-13	636.808	17.9356	-0.827842	2.63233	-1094.14	157.476	-277.002	-754.12	-25.4542	277.539
258	1	13	980.497	210.124	-0.785701	-2.81071	-1079.23	227.932	-277.002	-669.494	367.968	269.791
332	1	13	803.321	159.124	-0.999971	-2.71815	818.48	-854.583	-277.002	819.035	-851.479	362.427
638	1	-13	2624.45	160.566	-0.778527	0.931622	30.4184	1479.61	-277.002	-223.656	1137.03	258.019
641	1	-13	501.267	0.303583	-0.78097	0.772452	83.9788	1395.54	-277.002	-184.55	1173.31	258.349
749	1	13	836.279	51.31	-0.787041	1.09476	1173.63	179.507	-277.002	980.745	-194.85	259.039
751	1	13	532.634	35.5573	-0.998948	-2.81089	-1035.03	-1144.32	-277.002	-1012.45	-1131.07	312.965
752	1	13	537.106	35.0094	-0.931033	-2.25976	256.277	-238.775	-277.002	394.794	-77.4881	268.168
754	1	-13	1060.79	88.1369	-0.707181	1.92297	-1034.13	-300.926	-277.002	-840.597	-832.824	288.848
968	1	13	828.003	243.602	-0.997021	-0.364787	965.554	-375.071	-277.002	927.072	-361.63	264.124
23	1	-13	1474.86	254.689	-0.813262	-2.2291	495.669	-1020.32	-277.002	757.297	-682.86	317.602
26	1	13	3509.27	726.867	-0.865834	-2.50366	488.337	-1357.24	-277.002	765.83	-1151.17	320.869
553	1	13	1621.35	200.024	-0.670986	1.73723	1261.47	-71.7124	-277.002	1361.05	-672.727	269.979
697	1	-13	3706.17	410.689	-0.480089	0.659048	-1.60254	31.8118	-277.002	-804.599	-589.809	277.929
699	1	-13	627.055	73.6859	-0.999003	-2.60156	483.471	-579.038	-277.002	505.078	-564.762	316.092
952	1	13	554.113	38.0226	-0.966997	-0.135761	997.996	72.9798	-277.002	858.765	96.6884	255.661
119	1	-13	724.504	38.6627	-0.704575	1.05645	-1166.79	1288.29	-277.002	-1448.11	788.275	285.817
121	1	13	727.892	96.0401	-0.991657	-0.0683861	1186.04	697.975	-277.002	1115.96	702.267	259.406
122	1	-13	975.62	329.836	-0.921309	2.80759	207.827	1424.66	-277.002	420.538	1352.14	258.3
123	1	-13	1023.54	196.827	-0.911355	-1.0978	1304.59	736.635	-277.002	1195.13	949.721	258.509
124	1	-13	496.521	45.5028	-0.974663	0.825794	1214.59	-487.859	-277.002	1124.94	-579.46	271.104
125	1	-13	966.864	116.843	-0.949012	-2.83147	560.247	-1160.07	-277.002	749.157	-1099.81	330.937
217	1	13	5461.31	2209.57	-0.671062	1.32807	686.048	-404.765	-277.002	521.825	-1065.4	339.551
218	1	13	1124.97	215.167	-0.751023	-0.386912	-823.133	567.453	-277.002	-1280.25	752.897	285.195
479	1	13	1177.05	8.86723	-0.560042	-0.497879	452.942	-165.627	-277.002	-329.834	216.571	272.103
616	1	-13	1053.26	150.514	-0.781421	1.25156	-907.102	1128.2	-277.002	-1045.29	705.111	282.598
739	1	13	496.269	12.2442	-0.932324	-1.4274	-91.3287	203.007	-277.002	-115.703	402.843	263.108
889	1	13	511.359	15.4344	-0.850349	-2.69832	-923.859	-785.255	-277.002	-612.252	-631.309	285.585
144	1	13	527.017	23.7567	-0.960074	2.2332	-124.857	1203.36	-277.002	-28.2112	1076.15	260.248
146	1	-13	665.724	87.2793	-0.993044	0.207758	-645.146	-212.067	-277.002	-706.165	-222.787	275.383
216	1	13	568.767	81.1232	-0.931772	-0.652543	-712.158	1274.52	-277.002	-881.208	1401.82	260.616
380	1	-13	576.516	19.5455	-0.991899	2.29697	-1296.49	1179.34	-277.002	-1255.4	1133.02	276.033
421	1	13	1503.51	384.903	-0.929484	2.20849	1193.85	121.196	-277.002	1319.8	-47.405	255.5
426	1	13	734.321	217.143	-0.97279	-1.75741	1094.96	603.023	-277.002	1119.5	729.365	258.886
934	1	-13	1219.99	372.853	-0.993816	-2.84246	1294.21	560.252	-277.002	1350.57	577.043	255.585
308	1	13	846.401	135.954	-0.972723	2.78741	-516.511	-1309.71	-277.002	-384.684	-1356.37	314.348
312	1	-13	1109.43	98.8103	-0.800464	0.75227	182.589	209.174	-277.002	-132.999	-84.15	298.731
313	1	-13	689.157	15.8491	-0.945764	0.803485	-1359.12	1089.39	-277.002	-1497.02	968.208	297.983
409	1	13	508.685	39.9934	-0.945708	2.68533	306.374	905.814	-277.002	470.252	825.25	259.846
546	1	-13	688.52	97.1649	-0.998515	1.53619	-1261.01	351.227	-277.002	-1264.4	323.433	286.678
550	1	-13	1033.46	77.5178	-0.997878	-0.399171	-963.562	-1354.75	-277.002	-1000.8	-1338.38	329.808
724	1	-13	1865.53	756.59	-0.819779	2.17448	399.114	-558.855	-277.002	657.746	-933.435	372.413
939	1	13	1503.02	212.594	-0.838161	-1.61115	1334.3	-1133.76	-277.002	1346.15	-777.2	272.577
136	1	13	4074.55	1879.05	-0.698486	-2.91698	-1042.51	1224.56	-277.002	-508.653	1346.67	258.301
137	1	-13	827.782	36.3966	-0.74452	2.17543	-415.18	676.925	-277.002	-139.933	281.33	263.458
302	1	13	551.642	9.80207	-0.908788	1.95026	-1031.3	591.049	-277.002	-925.931	357.328	269.599
306	1	13	553.801	86.3073	-0.910089	-2.81181	1104.86	1362.67	-277.002	1330.78	1438.22	249.479
352	1	13	1161.5	352.957	-0.850861	1.71431	492.238	439.302	-277.002	539.125	108.817	262.589
485	1	13	900.389	163.066	-0.736052	-2.03279	-516.938	27.9334	-277.002	-294.634	475.664	264.13
488	1	-13	604.05	75.7476	-0.979295	-2.82357	-1421.23	719.532	-277.002	-1312.4	759.581	285.49
595	1	-13	554.766	38.8727	-0.899425	-1.26047	-1223.75	-451.981	-277.002	-1309.51	-197.988	271.055
599	1	-13	654.248	40.7946	-0.999813	2.88492	1433.62	698.614	-277.002	1443.42	698.981	255.973
686	1	-13	825.207	273.075	-0.980805	1.10628	-93.8403	1284.07	-277.002	-142.179	1187.81	258.315
689	1	13	530.26	24.4132	-0.955135	1.43022	194.314	863.526	-277.002	170.177	698.885	260.474
691	1	-13	696.657	103.525	-0.908388	0.908694	445.562	-120.847	-277.002	288.765	-324.041	281.184
777	1	-13	529.14	0.482297	-0.976638	2.8392	-994.195	350.626	-277.002	-854.624	349.603	266.985
780	1	-13	943.866	136.141	-0.794854	-2.59932	-1195.23	28.1314	-277.002	-836.098	240.66	269.767
874	1	-13	1346.06	364.023	-0.863853	-1.06605	886.992	1042.95	-277.002	737.322	1315.66	255.495
108	1	13	521.199	18.8075	-0.919817	1.85451	630.117	361.229	-277.002	694.796	140.581	258.096
111	1	13	462.994	21.4158	-0.982368	-1.77837	866.312	-136.298	-277.002	878.684	-37.8691	257.254
318	1	-13	583.609	69.0208	-0.863913	-1.86475	-100.788	253.491	-277.002	-13.3542	552.054	265.186
319	1	13	1996.79	914.734	-0.917781	-1.2686	561.283	-1404.14	-277.002	484.345	-1155.86	323.067
416	1	-13	1392.6	520.822	-0.813985	-1.97706	1144.86	-856.418	-277.002	1296.64	-500.813	264.712
417	1	-13	713.878	90.4604	-0.997691	2.14998	61.9351	1488.19	-277.002	81.7943	1456.57	260.697
418	1	13	861.447	271.727	-0.992215	-3.08757	569.404	1128.29	-277.002	634.855	1130.99	255.487
419	1	-13	641.76	71.8526	-0.978525	2.98929	11.8913	609.216	-277.002	124.708	592.764	263.094
565	1	-13	1571.75	462.695	-0.943455	2.81563	-602.634	342.161	-277.002	-420.576	280.432	269.379
566	1	13	2049.28	966.018	-0.740297	-2.76889	-941.263	63.1151	-277.002	-472.854	246.478	276.488
875	1	13	891.288	226.315	-0.863885	-0.0884558	1402.1	-586.348	-277.002	1084.3	-556.278	271.563
881	1	13	596.657	59.4939	-0.988388	-1.42782	178.536	-1222.91	-277.002	167.039	-1120.48	335.776
973	1	13	564.221	52.3372	-0.933884	2.25784	-394.8	1313.74	-277.002	-267.917	1157.9	257.356
35	1	-13	529.533	11.1706	-0.878106	-1.70922	954.2	271.634	-277.002	996.4	582.34	259.456
37	1	13	471.064	5.25299	-0.991777	1.1989	-448.654	-1145.9	-277.002	-459.149	-1192.07	301.68
269	1	-13	1022.74	347.751	-0.9959	-1.71701	866.695	-1221.71	-277.002	874.475	-1166.11	329.991
393	1	13	1081.57	311.32	-0.972353	-2.36701	-204.076	-534.205	-277.002	-93.69	-428.293	365.136
395	1	-13	483.605	11.4928	-0.935849	-2.20839	764.246	500.845	-277.002	883.116	672.51	259.608
396	1	-13	549.329	20.4781	-0.999999	3.00983	-166.441	349.242	-277.002	-170.282	341.872	262.963
534	1	-13	682.621	19.1879	-0.784377	-2.4967	67.5116	704.42	-277.001	412.255	957.597	261.002
765	1	13	670.292	34.5092	-0.949163	-1.54051	-1384.24	-408.79	-277.002	-1392.93	-231.631	272.269
769	1	13	1080.54	436.633	-0.997436	-2.78931	-20.9408	781.369	-277.002	14.6038	793.929	260.654
886	1	13	984.162	214.638	-0.696629	-1.54088	242.352	388.108	-277.002	229.164	936.51	257.524
989	1	13	1797.9	992.745	-0.996328	0.433913	572.168	595.566	-277.002	530.524	576.334	258.01
990	1	13	1244.64	259.813	-0.780541	0.600142	-320.378	963.493	-277.002	-688.364	711.302	275.975
991	1	-13	1304.6	219.364	-0.822108	-0.622782	473.874	-10.6541	-277.002	169.196	206.291	262.058
325	1	-13	772.757	19.5426	-0.953948	-0.352402	-31.9346	-662.216	-277.002	-241.379	-576.029	385.219
654	1	-13	542.118	70.147	-0.97369	-0.108841	-507.33	274.227	-277.002	-635.327	286.585	274.857
756	1	13	462.719	12.6042	-0.923836	0.957169	1473.85	1167.94	-277.002	1364.33	986.122	256.803
760	1	13	451.388	6.05781	-0.953551	0.802527	1112.49	680.571	-277.002	1019.26	577.628	259.286
762	1	-13	1900.85	968.824	-0.998434	-0.110211	861.463	618.298	-277.002	831.782	621.653	259.501
980	1	-13	1115.27	333.76	-0.859929	3.12089	139.536	930.576	-277.002	458.496	921.957	261.298
982	1	-13	1582.36	673.989	-0.999532	1.2426	266.37	-674.182	-277.002	260.205	-692.162	338.556
985	1	-13	905.487	306.597	-0.998607	2.78246	-336.596	-1046.02	-277.002	-306.116	-1055.4	325.423
56	1	-13	1821.87	764.97	-0.913802	-0.0329871	719.872	-390.305	-277.002	472.746	-382.514	277.92
58	1	13	526.951	40.0397	-0.976199	0.833661	1150.38	1384.93	-277.002	1066.84	1297.72	257.037
61	1	-13	793.683	140.197	-0.988653	-1.23424	215.594	-1418.75	-277.002	185.386	-1335.24	313.134
162	1	13	554.507	44.2956	-0.882347	-1.80059	-994.752	992.392	-277.002	-925.422	1268.27	260.102
167	1	-13	896.733	0.129863	-0.639001	1.51568	-846.815	1094.23	-277.002	-852.522	669.705	280.565
285	1	13	1232.17	140.677	-0.656958	-0.872701	-1023.09	-701.273	-277.002	-1428.81	-224.976	273.192
495	1	-13	1210.96	229.499	-0.895235	-1.96426	-190.884	-1495.23	-277.002	-72.4781	-1206.78	351.318
729	1	-13	4931.31	845.595	-0.456715	2.10271	-209.329	-475.574	-277.002	363.705	-1449.93	303.781
731	1	13	639.776	107.905	-0.995673	-2.85308	-549.86	1395.35	-277.002	-500.122	1410.25	258.738
8	1	-13	2061.37	376.436	-0.822768	2.47526	-691.269	827.47	-277.002	-396.821	595.746	265.704
9	1	-13	990.349	155.265	-0.930653	2.99815	-579.148	-996.144	-277.002	-350.303	-1028.74	314.035
11	1	-13	793.671	138.552	-0.790383	-2.34605	610.925	1148.21	-277.002	894.834	1439.71	250.054
13	1	-13	636.452	99.1145	-0.967823	0.540311	-421.278	-83.8727	-277.002	-550.892	-162.62	297.974
249	1	-13	744.911	19.4642	-0.765113	1.46528	723.261	901.651	-277.002	666.844	433.728	258.48
524	1	-13	554.723	101.508	-0.928754	-0.384345	1039.15	-392.644	-277.002	839.511	-308.911	262.79
632	1	13	661.786	35.9875	-0.877402	-2.14192	546.037	749.937	-277.002	715.91	1004.33	258.704
634	1	-13	776.241	186.92	-0.957108	1.20654	55.3277	510.546	-277.002	-2.81278	358.13	263.161
717	1	13	513.829	8.56772	-0.987984	-2.90422	167.67	-91.3359	-277.002	237.249	-79.9047	271.575
835	1	-13	562.054	33.6036	-0.996131	2.51859	297.088	-434.172	-277.002	332.243	-461.593	290.887
512	1	13	660.059	8.10589	-0.932488	-1.10586	-375.186	4.64443	-277.001	-480.29	209.999	283.553
515	1	13	1121.35	402.713	-0.992207	2.73314	74.1425	1406.24	-277.002	136.761	1378.3	261.578
791	1	-13	681.296	44.0255	-0.822834	2.0238	-246.587	980.756	-277.002	-89.2412	640.989	263.795
797	1	-13	9514.51	1375.99	-0.807318	-1.84877	-218.234	-131.584	-277.002	-109.965	248.315	263.483
623	1	-13	1047.05	76.2659	-0.999986	-1.26264	-1203.87	550.253	-277.002	-1207.29	554.966	293.468
624	1	-13	484.856	13.597	-0.987878	2.49968	451.478	-292.198	-277.002	524.036	-332.997	276.466
946	1	-13	2939.46	92.8795	-0.834972	0.872749	-103.072	1460.19	-277.002	-323.041	1195.71	257.248
950	1	-13	3489.11	1034.74	-0.99565	-2.22887	1343.44	999.088	-277.002	1373.64	1038.42	255.798
108	1	13	521.199	18.8075	-0.919817	1.85451	630.117	361.229	-277.002	694.796	140.581	258.096
111	1	13	462.994	21.4158	-0.982368	-1.77837	866.312	-136.298	-277.002	878.684	-37.8691	257.254
318	1	-13	583.609	69.0208	-0.863913	-1.86475	-100.788	253.491	-277.002	-13.3542	552.054	265.186
319	1	13	1996.79	914.734	-0.917781	-1.2686	561.283	-1404.14	-277.002	484.345	-1155.86	323.067
416	1	-13	1392.6	520.822	-0.813985	-1.97706	1144.86	-856.418	-277.002	1296.64	-500.813	264.712
417	1	-13	713.878	90.4604	-0.997691	2.14998	61.9351	1488.19	-277.002	81.7943	1456.57	260.697
418	1	13	861.447	271.727	-0.992215	-3.08757	569.404	1128.29	-277.002	634.855	1130.99	255.487
419	1	-13	641.76	71.8526	-0.978525	2.98929	11.8913	609.216	-277.002	124.708	592.764	263.094
565	1	-13	1571.75	462.695	-0.943455	2.81563	-602.634	342.161	-277.002	-420.576	280.432	269.379
566	1	13	2049.28	966.018	-0.740297	-2.76889	-941.263	63.1151	-277.002	-472.854	246.478	276.488
875	1	13	891.288	226.315	-0.863885	-0.0884558	1402.1	-586.348	-277.002	1084.3	-556.278	271.563
881	1	13	596.657	59.4939	-0.988388	-1.42782	178.536	-1222.91	-277.002	167.039	-1120.48	335.776
973	1	13	564.221	52.3372	-0.933884	2.25784	-394.8	1313.74	-277.002	-267.917	1157.9	257.356
137	1	13	2030.97	955.09	-0.988587	-2.70357	-71.7331	281.936	-277.002	2.74178	317.148	263.572
236	1	13	460.118	15.7337	-0.994334	1.70782	-636.018	-992.18	-277.002	-622.255	-1048.43	289.858
383	1	13	803.82	118.535	-0.993203	2.87488	48.5868	483.004	-277.002	110.212	467.368	262.778
384	1	13	835.365	63.9076	-0.903089	-1.17047	175.329	-1141.79	-277.002	47.6895	-852.153	385.986
529	1	-13	517.055	46.4022	-0.955743	2.16557	1050.35	505.711	-277.002	1137.25	365.85	257.81
868	1	-13	585.978	26.2284	-0.994178	1.0106	-1166.25	-1284.84	-277.002	-1195.98	-1335.52	338.858
874	1	13	1027.42	176.122	-0.945893	-2.27475	-1251.43	35.9872	-277.001	-1127.96	179.843	267.018
95	1	-13	656.997	87.6422	-0.912461	0.123962	-829.819	-906.016	-277.002	-1094.41	-937.844	318.352
182	1	13	585.885	20.4527	-0.978826	1.44814	1027.12	-635.721	-277.002	1003.97	-754.743	306.134
186	1	-13	1370.76	443.344	-0.828654	-2.25913	535.543	-1254.24	-277.002	809.672	-920.144	360.813
300	1	-13	856.749	51.0032	-0.839068	1.44162	716.534	-449.063	-277.002	657.958	-860.549	367.882
401	1	-13	500.312	11.2801	-0.999446	0.608288	-1263.1	-835.28	-277.002	-1287.37	-863.224	320.132
402	1	13	586.247	23.3729	-0.935394	-2.94506	109.179	-1288.53	-277.002	337.527	-1236.81	316.566
449	1	-13	623.492	91.3375	-0.921477	3.06246	-1017.04	-64.8577	-277.002	-784.823	-77.0352	272.272
658	1	-13	793.378	39.0914	-0.66001	-2.20464	977.626	633.231	-277.002	1325.47	1117.03	256.486
660	1	13	993.695	375.668	-0.99406	-2.16042	-1144.61	729.707	-277.002	-1109.99	780.27	287.169
661	1	-13	558.386	17.2813	-0.969426	2.68981	231.912	-359.908	-277.002	362.868	-424.202	286.009
664	1	-13	578.407	32.2316	-0.818646	0.650227	1376.6	379.202	-277.002	1080.29	142.887	255.454
848	1	-13	1207.87	77.1139	-0.921016	1.03597	-113.992	-1144.61	-277.002	-241.026	-1364.18	338.417
112	1	13	534.032	3.35182	-0.875208	-0.39989	-217.004	1104.51	-277.001	-457.12	1212.57	258.171
253	1	13	821.931	82.5577	-0.917248	-2.42918	1255.48	-165.924	-277.002	1424.62	-20.1843	251.066
254	1	-13	1625.48	423.887	-0.992796	-0.709626	421.753	338.433	-277.002	373.681	380.533	260.557
258	1	-13	707.893	39.8322	-0.969794	-1.43727	-1341	1192.6	-277.002	-1356.65	1325.51	268.828
476	1	-13	906.321	228.605	-0.925181	2.19267	1053.74	148.5	-277.002	1182.54	-29.6601	258.62
477	1	-13	623.826	24.619	-0.988671	0.564064	-910.393	-524.167	-277.002	-978.541	-568.578	282.152
616	1	-13	800.755	91.7738	-0.816151	3.00195	110.814	1195.51	-277.002	486.598	1143.47	255.377
622	1	-13	1296.57	76.1013	-0.621732	1.63446	-185.936	1473.35	-277.002	-139.664	792.996	262.752
767	1	13	471.186	36.5401	-0.996672	0.943682	-793.728	-957.554	-277.002	-817.224	-993.709	293.906
769	1	-13	1943.17	149.044	-0.747339	-0.479895	567.704	-726.567	-277.002	89.7032	-476.986	327.267
932	1	-13	545.043	15.2656	-0.999664	-2.40355	693.665	-1184.81	-277.002	703.172	-1179.97	315.515
56	1	-13	1821.87	764.97	-0.913802	-0.0329871	719.872	-390.305	-277.002	472.746	-382.514	277.92
58	1	13	526.951	40.0397	-0.976199	0.833661	1150.38	1384.93	-277.002	1066.84	1297.72	257.037
61	1	-13	793.683	140.197	-0.988653	-1.23424	215.594	-1418.75	-277.002	185.386	-1335.24	313.134
162	1	13	554.507	44.2956	-0.882347	-1.80059	-994.752	992.392	-277.002	-925.422	1268.27	260.102
167	1	-13	896.733	0.129863	-0.639001	1.51568	-846.815	1094.23	-277.002	-852.522	669.705	280.565
285	1	13	1232.17	140.677	-0.656958	-0.872701	-1023.09	-701.273	-277.002	-1428.81	-224.976	273.192
495	1	-13	1210.96	229.499	-0.895235	-1.96426	-190.884	-1495.23	-277.002	-72.4781	-1206.78	351.318
729	1	-13	4931.31	845.595	-0.456715	2.10271	-209.329	-475.574	-277.002	363.705	-1449.93	303.781
731	1	13	639.776	107.905	-0.995673	-2.85308	-549.86	1395.35	-277.002	-500.122	1410.25	258.738
239	1	13	595.777	5.3659	-0.903704	-2.35133	783.415	44.5915	-277.002	941.186	224.18	256.096
241	1	-13	1427.73	591.706	-0.987361	-1.57261	-955.644	803.62	-277.002	-955.633	893.244	280.499
549	1	-13	607.359	83.1562	-0.919694	-2.25556	1347.47	200.519	-277.002	1490.45	374.377	250.551
552	1	-13	750.951	63.2415	-0.999957	2.40412	678.7	545.277	-277.002	679.645	545.856	258.392
842	1	-13	617.084	113.927	-0.992056	-1.76808	-1086.85	757.934	-277.002	-1075.26	830.097	289.264
843	1	-13	689.46	60.6667	-0.871529	-2.13877	998.699	523.186	-277.002	1157.76	780.927	258.645
846	1	-13	861.63	37.2838	-0.974304	-1.80046	636.554	-704.338	-277.002	672.037	-574.211	300.64
940	1	13	837.196	170.122	-0.905869	-0.181988	-716.367	-1243.11	-277.002	-989.369	-1194.65	318.009
941	1	13	621.431	3.97632	-0.946136	-2.60318	-216.478	463.021	-277.002	-40.6867	547.573	265.03
942	1	-13	524.604	60.9714	-0.983838	-1.63464	-1053.14	153.726	-277.002	-1049.26	249.883	267.17
259	1	-13	602.93	40.9202	-0.788081	0.215085	263.71	1363.44	-277.002	-136.866	1277.12	259.528
260	1	13	1096.65	308.305	-0.99996	-2.03903	1298.35	-69.9174	-277.002	1299.21	-64.2547	256.281
428	1	-13	1462.41	489.615	-0.681474	0.342318	1480.97	1003.98	-277.002	937.958	811.357	258.083
539	1	13	597.404	7.49346	-0.728341	-0.723486	248.261	52.387	-277.002	-141.779	380.406	262.605
540	1	-13	455.026	6.77974	-0.989658	-0.735336	-1046.14	655.326	-277.002	-1091.79	708.525	284.048
542	1	-13	3021.92	1369.62	-0.891832	1.7331	-987.44	1421.91	-277.002	-943.6	1152.14	261.15
772	1	-13	1512.65	513.944	-0.887778	-1.32001	1136.55	753.925	-277.002	1068.51	1024.33	260.119
843	1	-13	522.927	2.82958	-0.793849	-0.272027	824.052	826.192	-277.002	433.154	934.049	261.151
845	1	13	1047.74	56.0895	-0.540491	-1.147	-669.313	-740.997	-277.002	-1028.07	21.8243	269.003
846	1	-13	846.453	41.4035	-0.785731	-1.49702	-263.548	522.885	-277.002	-298.753	947.677	259.67
52	1	13	790.559	52.8608	-0.966033	2.07136	686.927	1066.43	-277.002	757.979	937.366	260.094
204	1	13	915.432	257.962	-0.94879	1.89634	-1124.69	-301.88	-277.002	-1068.16	-478.814	278.976
205	1	13	594.407	98.6712	-0.987103	2.98528	-1333.82	-130.672	-277.002	-1244.49	-146.36	271.845
207	1	13	2544.24	446.623	-0.399227	-2.66808	86.3267	187.196	-277.002	1178.93	748.207	258.87
209	1	-13	602.83	49.7358	-0.933345	2.88089	-415.024	772.217	-277.002	-209.233	719.729	265.481
534	1	13	741.513	63.0807	-0.99402	-2.62702	1018.28	-223.933	-277.002	1070.45	-195.18	261.222
535	1	-13	794.213	35.3688	-0.882938	1.62967	-1302.71	-707.188	-277.002	-1278.41	-1027.42	332.21
681	1	13	857.744	247.645	-0.975207	0.261304	-1176.48	-283.46	-277.002	-1297.97	-313.574	274.211
821	1	-13	885.761	73.337	-0.991638	-1.82915	-156.804	1038	-277.002	-136.019	1103.96	258.511
823	1	-13	2109.1	332.389	-0.9974	2.79445	1457.36	18.9729	-277.002	1492.23	5.12074	251.341
136	1	13	4074.55	1879.05	-0.698486	-2.91698	-1042.51	1224.56	-277.002	-508.653	1346.67	258.301
137	1	-13	827.782	36.3966	-0.74452	2.17543	-415.18	676.925	-277.002	-139.933	281.33	263.458
302	1	13	551.642	9.80207	-0.908788	1.95026	-1031.3	591.049	-277.002	-925.931	357.328	269.599
306	1	13	553.801	86.3073	-0.910089	-2.81181	1104.86	1362.67	-277.002	1330.78	1438.22	249.479
352	1	13	1161.5	352.957	-0.850861	1.71431	492.238	439.302	-277.002	539.125	108.817	262.589
485	1	13	900.389	163.066	-0.736052	-2.03279	-516.938	27.9334	-277.002	-294.634	475.664	264.13
488	1	-13	604.05	75.7476	-0.979295	-2.82357	-1421.23	719.532	-277.002	-1312.4	759.581	285.49
595	1	-13	554.766	38.8727	-0.899425	-1.26047	-1223.75	-451.981	-277.002	-1309.51	-197.988	271.055
599	1	-13	654.248	40.7946	-0.999813	2.88492	1433.62	698.614	-277.002	1443.42	698.981	255.973
686	1	-13	825.207	273.075	-0.980805	1.10628	-93.8403	1284.07	-277.002	-142.179	1187.81	258.315
689	1	13	530.26	24.4132	-0.955135	1.43022	194.314	863.526	-277.002	170.177	698.885	260.474
691	1	-13	696.657	103.525	-0.908388	0.908694	445.562	-120.847	-277.002	288.765	-324.041	281.184
777	1	-13	529.14	0.482297	-0.976638	2.8392	-994.195	350.626	-277.002	-854.624	349.603	266.985
780	1	-13	943.866	136.141	-0.794854	-2.59932	-1195.23	28.1314	-277.002	-836.098	240.66	269.767
874	1	-13	1346.06	364.023	-0.863853	-1.06605	886.992	1042.95	-277.002	737.322	1315.66	255.495
28	1	-13	646.556	116.038	-0.912212	-1.16582	-609.292	-480.078	-277.002	-705.521	-253.895	276
29	1	13	651.436	25.4995	-0.946032	-2.78121	-529.533	62.1903	-277.002	-350.289	138.263	287.212
224	1	-13	606.622	49.9482	-0.935883	0.432305	1262.67	-574.963	-277.002	1067.84	-661.117	278.54
226	1	13	1247.9	73.5755	-0.665658	-1.4622	-294.043	-1254.83	-277.002	-376.252	-592.549	326.931
303	1	13	1541.42	735.465	-0.999267	0.648683	-1121.38	-821.675	-277.002	-1138.71	-834.405	301.491
393	1	-13	699.344	63.3902	-0.891028	-2.19817	-1143.64	-409.056	-277.002	-983.994	-185.526	270.616
397	1	13	717.418	215.379	-0.975121	-0.258782	824.304	1006.7	-277.002	707.429	1037	257.709
398	1	13	656.864	163.11	-0.967569	1.63696	797.661	16.2586	-277.002	807.707	-121.052	256.186
560	1	-13	697.581	218.273	-0.998685	0.464815	423.091	1275.15	-277.002	396.974	1263.61	256.488
602	1	13	705.039	83.0741	-0.995644	-2.6996	686.161	-1019.66	-277.002	740.408	-1000.17	357.052
604	1	13	807.255	171.259	-0.794562	0.453133	973.578	704.253	-277.002	611.06	525.535	258.675
739	1	13	1475	572.371	-0.758026	-2.70886	-101.882	937.918	-277.002	315.323	1131.03	257.273
928	1	-13	553.977	12.5204	-0.914272	-1.62795	-540.944	-265.27	-277.002	-530.592	-14.9954	316.419
30	1	13	949.295	202.183	-0.799393	-1.46279	-210.827	-254.84	-277.002	-254.201	156.599	276.27
32	1	13	816.494	210.583	-0.938881	-1.36382	1141.95	-311.395	-277.002	1102.01	-119.514	259.502
178	1	-13	705.79	109.279	-0.856338	-2.59186	723.705	671.21	-277.002	998.632	837.896	257.935
343	1	-13	733.909	149.384	-0.900279	1.09433	-519.86	1208	-277.002	-640.419	975.168	261.1
349	1	13	1417.43	155.795	-0.844751	0.276521	1435.24	-990.855	-277.002	1060	-1098.77	343.401
802	1	-13	538.964	25.7989	-0.999907	-3.03056	344.325	-695.939	-277.002	351.765	-689.235	342.923
19	1	13	453.384	25.1134	-0.99401	2.24831	-323.34	408.101	-277.002	-297.595	366.914	264.494
248	1	-13	559.746	20.7898	-0.873187	3.0111	817.598	1187.43	-277.002	1098.64	1140.8	259.868
430	1	13	525.646	82.2414	-0.978955	-0.775454	-124.09	476.19	-277.002	-206.354	553.112	263.964
516	1	-13	1622.85	477.539	-0.742962	-2.76903	-1169.17	-951.604	-277.002	-698.905	-767.518	282.917
701	1	13	505.689	18.3305	-0.986387	0.707975	813.093	129.693	-277.002	743.963	71.4919	259.158
706	1	13	1306.95	3.41902	-0.880692	-2.58816	1180.69	-208.443	-277.002	1418.15	-67.501	251.797
70	1	13	739.108	123.703	-0.886822	2.54114	370.916	1333.9	-277.002	598.12	1177.7	254.878
72	1	13	4739.14	680.048	-0.516219	-2.54472	526.391	719.827	-277.002	1259.67	1217.09	257.288
73	1	-13	4937.68	1966.52	-0.708873	-0.442216	1452.2	1174.24	-277.002	974.956	1400.19	253.084
76	1	13	914.843	284.159	-0.983505	-1.31345	1416.58	88.4175	-277.002	1391.45	183.438	252.255
371	1	13	1253.88	309.316	-0.962727	-0.766754	1179.22	-1479.27	-277.002	1057.58	-1361.5	331.437
463	1	13	507.664	26.8776	-0.995003	-2.61615	378.463	869.831	-277.002	429.284	892.212	261.219
468	1	13	835.592	170.127	-0.998764	-0.0100246	321.864	-1409.1	-277.002	293.198	-1410.95	307.945
684	1	-13	1232.71	338.49	-0.986248	1.68281	724.682	-576.748	-277.002	734.239	-675.433	319.707
743	1	-13	537.766	66.1961	-0.990459	-0.885511	-855.503	-1272.01	-277.002	-899.633	-1206.56	314.264
862	1	-13	1133.28	488.282	-0.947758	0.902521	285.011	1271.41	-277.002	172.583	1130.23	257.891
867	1	-13	646.256	49.3208	-0.886046	0.21796	739.674	-1149.8	-277.002	426.346	-1209.24	315.824
0	1	-13	586.199	116.283	-0.928813	-2.52403	-1180.83	1307.62	-277.002	-1006.74	1425.79	262.191
3	1	-13	693.95	115.725	-0.99462	0.349084	-1307.64	-1102.26	-277.002	-1365.18	-1118.85	325.952
4	1	-13	703.473	135.474	-0.853722	1.30752	-424.978	952.265	-277.002	-510.757	634.891	267.293
149	1	-13	532.509	5.66266	-0.928859	2.19776	145.372	1281.38	-277.002	258.134	1142.15	257.825
359	1	13	554.39	83.011	-0.948799	-2.85195	-445.497	852.255	-277.002	-281.243	905.282	260.58
442	1	-13	633.752	35.2149	-0.988908	2.6514	929.505	1137.06	-277.002	999.156	1106.1	263.32
569	1	-13	618.117	5.18236	-0.975724	-0.301244	612.896	541.972	-277.002	512.326	580.694	257.911
689	1	13	1566.58	409.489	-0.97754	0.457547	10.4271	-314.949	-277.002	-112.706	-375.745	363.022
913	1	13	1547.81	75.6304	-0.771995	1.11894	-264.023	384.836	-277.002	-478.535	-68.5803	325.802
915	1	13	1495.21	630.435	-0.923505	-0.849631	465.773	839.263	-277.002	319.676	1006.17	259.689
8	1	-13	2061.37	376.436	-0.822768	2.47526	-691.269	827.47	-277.002	-396.821	595.746	265.704
9	1	-13	990.349	155.265	-0.930653	2.99815	-579.148	-996.144	-277.002	-350.303	-1028.74	314.035
11	1	-13	793.671	138.552	-0.790383	-2.34605	610.925	1148.21	-277.002	894.834	1439.71	250.054
13	1	-13	636.452	99.1145	-0.967823	0.540311	-421.278	-83.8727	-277.002	-550.892	-162.62	297.974
249	1	-13	744.911	19.4642	-0.765113	1.46528	723.261	901.651	-277.002	666.844	433.728	258.48
524	1	-13	554.723	101.508	-0.928754	-0.384345	1039.15	-392.644	-277.002	839.511	-308.911	262.79
632	1	13	661.786	35.9875	-0.877402	-2.14192	546.037	749.937	-277.002	715.91	1004.33	258.704
634	1	-13	776.241	186.92	-0.957108	1.20654	55.3277	510.546	-277.002	-2.81278	358.13	263.161
717	1	13	513.829	8.56772	-0.987984	-2.90422	167.67	-91.3359	-277.002	237.249	-79.9047	271.575
835	1	-13	562.054	33.6036	-0.996131	2.51859	297.088	-434.172	-277.002	332.243	-461.593	290.887
103	1	-13	781.593	56.2116	-0.723069	0.314123	863.898	1424.01	-277.002	375.085	1264.39	257.012
282	1	13	536.008	35.5576	-0.998869	-1.92173	860.971	1481.08	-277.002	868.841	1497.57	252.681
286	1	-13	650.793	9.77459	-0.98706	1.48024	838.91	-704.112	-277.002	850.472	-802.022	346.142
521	1	-13	881.678	40.988	-0.990235	-0.946785	235.333	-1409.51	-277.002	181.442	-1338.96	313.233
523	1	13	526.219	24.1576	-0.998247	-0.630852	-1036.17	186.427	-277.002	-1065.29	212.101	266.74
707	1	-13	619.513	5.09284	-0.820417	-0.247922	1284.45	-520.073	-277.001	879.846	-411.192	266.122
712	1	13	611.406	27.2139	-0.931998	0.133719	-825.388	-766.706	-277.002	-1064.93	-800.39	297.354
967	1	13	1093.56	294.378	-0.967268	3.02715	1078.09	569.172	-277.002	1217.69	553.574	256.86
325	1	-13	772.757	19.5426	-0.953948	-0.352402	-31.9346	-662.216	-277.002	-241.379	-576.029	385.219
654	1	-13	542.118	70.147	-0.97369	-0.108841	-507.33	274.227	-277.002	-635.327	286.585	274.857
756	1	13	462.719	12.6042	-0.923836	0.957169	1473.85	1167.94	-277.002	1364.33	986.122	256.803
760	1	13	451.388	6.05781	-0.953551	0.802527	1112.49	680.571	-277.002	1019.26	577.628	259.286
762	1	-13	1900.85	968.824	-0.998434	-0.110211	861.463	618.298	-277.002	831.782	621.653	259.501
980	1	-13	1115.27	333.76	-0.859929	3.12089	139.536	930.576	-277.002	458.496	921.957	261.298
982	1	-13	1582.36	673.989	-0.999532	1.2426	266.37	-674.182	-277.002	260.205	-692.162	338.556
985	1	-13	905.487	306.597	-0.998607	2.78246	-336.596	-1046.02	-277.002	-306.116	-1055.4	325.423
156	1	-13	802.81	176.188	-0.89072	2.36223	-400.356	260.911	-277.002	-192.781	58.1248	286.922
488	1	13	956.03	219.012	-0.914853	0.739054	476.073	781.537	-277.002	299.773	619.496	261.307
595	1	13	907.969	131.97	-0.751152	-2.40319	-814.911	-648.19	-277.002	-432.832	-301.183	311.402
599	1	13	699.419	76.968	-0.819939	-0.835238	1259.62	623.983	-277.002	1003.24	901.504	258.299
789	1	-13	1104.78	373.466	-0.765396	-1.80808	1308.12	961.696	-277.002	1412.79	1391.44	250.201
992	1	13	565.189	57.0512	-0.884918	2.07316	-229.418	1144.12	-277.002	-86.2862	893.892	259.692
308	1	13	846.401	135.954	-0.972723	2.78741	-516.511	-1309.71	-277.002	-384.684	-1356.37	314.348
312	1	-13	1109.43	98.8103	-0.800464	0.75227	182.589	209.174	-277.002	-132.999	-84.15	298.731
313	1	-13	689.157	15.8491	-0.945764	0.803485	-1359.12	1089.39	-277.002	-1497.02	968.208	297.983
409	1	13	508.685	39.9934	-0.945708	2.68533	306.374	905.814	-277.002	470.252	825.25	259.846
546	1	-13	688.52	97.1649	-0.998515	1.53619	-1261.01	351.227	-277.002	-1264.4	323.433	286.678
550	1	-13	1033.46	77.5178	-0.997878	-0.399171	-963.562	-1354.75	-277.002	-1000.8	-1338.38	329.808
724	1	-13	1865.53	756.59	-0.819779	2.17448	399.114	-558.855	-277.002	657.746	-933.435	372.413
939	1	13	1503.02	212.594	-0.838161	-1.61115	1334.3	-1133.76	-277.002	1346.15	-777.2	272.577
80	1	-13	498.936	22.5043	-0.983313	-2.55498	1297.48	-756.823	-277.002	1391.96	-702.769	270.256
218	1	-13	905.414	214.116	-0.816762	-2.69743	201.731	-58.1815	-277.002	545.764	105.692	262.56
220	1	-13	661.551	28.1105	-0.999906	-1.06852	-733.077	1073.44	-277.002	-733.141	1078.67	259.584
222	1	13	473.324	18.5272	-0.977975	0.165973	1481.11	624.083	-277.002	1376.8	601.746	256.133
760	1	-13	1208.57	411.757	-0.926168	0.010512	-1121.74	390.631	-277.002	-1361.17	388.381	309.81
854	1	13	518.39	37.5965	-0.919261	-2.93387	-539.582	878.564	-277.002	-312.393	927.606	259.933
859	1	-13	642.068	98.6766	-0.951477	0.255314	-724.38	-288.77	-277.002	-893.028	-333.097	274.85
947	1	-13	1214.1	150.124	-0.631772	2.92413	-294.154	998.904	-277.002	351.543	856.025	261.188
512	1	13	660.059	8.10589	-0.932488	-1.10586	-375.186	4.64443	-277.001	-480.29	209.999	283.553
515	1	13	1121.35	402.713	-0.992207	2.73314	74.1425	1406.24	-277.002	136.761	1378.3	261.578
791	1	-13	681.296	44.0255	-0.822834	2.0238	-246.587	980.756	-277.002	-89.2412	640.989	263.795
797	1	-13	9514.51	1375.99	-0.807318	-1.84877	-218.234	-131.584	-277.002	-109.965	248.315	263.483
45	1	13	621.474	78.3058	-0.867539	-1.96286	577.575	1001.44	-277.002	691.808	1283.54	255.432
48	1	13	973.002	200.542	-0.998599	-2.16542	-564.873	188.212	-277.002	-546.964	211.185	283.605
325	1	13	562.388	43.6164	-0.982128	2.9391	141.794	30.0206	-277.002	243.454	4.0801	270.778
328	1	-13	1093.65	68.3837	-0.999669	2.78371	-195.715	-144.851	-277.002	-185.567	-151.049	319.721
493	1	-13	681.597	122.435	-0.998091	0.607911	-1293.73	541.001	-277.002	-1323.89	520.245	312.548
495	1	-13	1498.64	558.427	-0.860842	0.757092	1004	1117.53	-277.002	773.544	900.087	258.845
645	1	-13	561.919	2.91045	-0.910296	2.33483	-36.8537	1389.07	-277.002	160.131	1226.75	259.202
805	1	-13	615.945	49.3425	-0.974388	1.66138	-1346.71	1246.61	-277.002	-1336.43	1116.43	279.154
862	1	-13	681.237	51.5733	-0.972654	-0.394359	472.686	-1002.84	-277.002	322	-940.348	388.618
999	1	13	664.161	75.194	-0.998855	-2.68785	927.69	860.079	-277.002	947.647	871.602	258.413
155	1	-13	725.319	81.1685	-0.95049	0.449887	-956.641	-923.924	-277.002	-1128.49	-1005.88	322.5
156	1	13	1554.37	403.393	-0.744549	-1.73712	169.515	723.456	-277.002	248.88	1197.86	258.762
159	1	-13	1324.98	216.999	-0.820282	-1.03574	1130.19	-1366.2	-277.002	908.267	-989.97	352.271
160	1	-13	577.159	30.0786	-0.994038	2.07198	1309.43	-423.028	-277.002	1327.63	-472.954	263.586
388	1	-13	559.048	91.6988	-0.985953	-1.20314	375.435	-458.073	-277.002	342.941	-371.228	281.941
389	1	-13	641.196	80.2689	-0.977641	-2.90465	-845.025	-1311.29	-277.002	-721.983	-1281.75	309.037
390	1	-13	1660.74	773.411	-0.97432	-2.4817	-834.487	-680.05	-277.002	-731.762	-601.81	279.603
501	1	-13	787.613	172.334	-0.99904	0.816852	-376.053	-13.5769	-277.002	-394.881	-34.2669	331.871
606	1	13	561.181	10.1847	-0.982534	2.92318	-1162.83	-1241.29	-277.002	-1029.3	-1255.88	326.056
700	1	-13	416.53	16.7848	-0.99969	-0.32652	319.586	1147.88	-277.002	317.639	1150.77	256.838
784	1	13	845.713	42.5021	-0.837654	-0.943801	-382.663	-163.48	-277.002	-615.306	145.529	300.329
788	1	-13	494.966	20.3947	-0.912851	-0.667096	267.73	190.355	-277.002	78.84	333.29	263.533
66	1	-13	1507.72	309.244	-0.668967	-2.24609	-818.189	-412.504	-277.002	-417.264	86.2807	303.156
321	1	13	919.157	136.515	-0.638516	-2.51085	-1075.71	-1248.33	-277.002	-513.536	-839.733	294.532
457	1	-13	1566.94	458.882	-0.723475	3.06201	223.87	-66.0115	-277.002	733.25	-105.533	257.731
458	1	-13	512.403	58.6386	-0.999834	1.87993	-1491.29	1315.97	-277.002	-1486.75	1306.14	271.392
460	1	-13	1085.17	317.959	-0.99622	1.83669	-889.23	893.889	-277.002	-876.105	845.523	283.359
540	1	-13	810.789	220.692	-0.957241	2.22453	764.696	1480.37	-277.002	861.954	1350.51	255.84
542	1	13	1164.73	132.473	-0.572677	-2.15764	-971.056	-62.3823	-277.002	-543.445	580.046	264.259
659	1	-13	584.904	96.3441	-0.98333	2.23253	-215.102	520.242	-277.002	-153.242	442.108	262.435
752	1	13	771.969	99.1779	-0.992351	0.228444	899.956	-282.192	-277	836.228	-298.777	262.386
623	1	-13	1047.05	76.2659	-0.999986	-1.26264	-1203.87	550.253	-277.002	-1207.29	554.966	293.468
624	1	-13	484.856	13.597	-0.987878	2.49968	451.478	-292.198	-277.002	524.036	-332.997	276.466
946	1	-13	2939.46	92.8795	-0.834972	0.872749	-103.072	1460.19	-277.002	-323.041	1195.71	257.248
950	1	-13	3489.11	1034.74	-0.99565	-2.22887	1343.44	999.088	-277.002	1373.64	1038.42	255.798
132	1	13	666.505	146.781	-0.99884	2.51318	374.106	-219.767	-277.002	395.473	-236.799	273.178
176	1	13	1016.65	279.704	-0.954376	-0.852954	773.823	-194.095	-277.002	662.179	-67.3102	263.467
181	1	13	809.051	232.752	-0.924892	-0.901297	-696.677	470.86	-277.002	-839.145	650.666	279.221
330	1	-13	1091.94	42.4224	-0.999782	1.57085	-1387.83	-262.194	-277.002	-1387.46	-278.524	273.005
333	1	13	499.41	27.0811	-0.982747	1.97096	-1145.36	473.224	-277.002	-1095.59	378.754	280.242
334	1	13	511.751	71.9864	-0.990829	-0.162967	-1143.74	-107.259	-277.002	-1222.73	-92.5612	271.008
773	1	-13	598.657	9.18266	-0.901189	0.595296	-708.17	903.956	-277.002	-944.118	745.784	281.777
876	1	-13	1062.07	311.246	-0.945006	0.771516	-941.857	1056.33	-277.002	-1079.79	920.666	286.902
879	1	-13	1368.21	483.592	-0.942186	-1.7884	-944.744	878.759	-277.002	-903.856	1064.93	261.366
150	1	13	1414.12	529.777	-0.996606	-1.18348	1389.07	318.365	-277.002	1372.24	359.161	254.371
152	1	-13	445.203	13.4901	-0.916734	-1.65777	1355.91	523.177	-277.002	1382.43	761.191	257.499
254	1	-13	636.808	17.9356	-0.827842	2.63233	-1094.14	157.476	-277.002	-754.12	-25.4542	277.539
258	1	13	980.497	210.124	-0.785701	-2.81071	-1079.23	227.932	-277.002	-669.494	367.968	269.791
332	1	13	803.321	159.124	-0.999971	-2.71815	818.48	-854.583	-277.002	819.035	-851.479	362.427
638	1	-13	2624.45	160.566	-0.778527	0.931622	30.4184	1479.61	-277.002	-223.656	1137.03	258.019
641	1	-13	501.267	0.303583	-0.78097	0.772452	83.9788	1395.54	-277.002	-184.55	1173.31	258.349
749	1	13	836.279	51.31	-0.787041	1.09476	1173.63	179.507	-277.002	980.745	-194.85	259.039
751	1	13	532.634	35.5573	-0.998948	-2.81089	-1035.03	-1144.32	-277.002	-1012.45	-1131.07	312.965
752	1	13	537.106	35.0094	-0.931033	-2.25976	256.277	-238.775	-277.002	394.794	-77.4881	268.168
754	1	-13	1060.79	88.1369	-0.707181	1.92297	-1034.13	-300.926	-277.002	-840.597	-832.824	288.848
968	1	13	828.003	243.602	-0.997021	-0.364787	965.554	-375.071	-277.002	927.072	-361.63	264.124
300	1	13	1147.17	69.4472	-0.874462	1.5473	188.118	431.99	-277.002	177.343	137.53	263.012
665	1	13	698.045	99.6142	-0.834991	0.421553	-432.547	-799.58	-277.002	-769.599	-951.518	289.431
668	1	-13	1641.69	705.566	-0.900701	-2.03677	-771.622	-643.326	-277.002	-651.64	-403.05	280.489
721	1	13	917.559	91.533	-0.804382	2.33279	638.884	1066.43	-277.002	912.446	785.644	257.993
847	1	-13	1760.5	518.423	-0.778318	1.3253	541.871	250.245	-277	434.555	-177.98	270.363
848	1	-13	880.32	54.8336	-0.998588	2.844	-343.368	50.5864	-277.002	-321.796	38.5866	310.983
958	1	-13	684.794	21.5699	-0.790262	-1.00453	1046.66	136.571	-277.002	816.383	478.747	257.029
23	1	-13	1474.86	254.689	-0.813262	-2.2291	495.669	-1020.32	-277.002	757.297	-682.86	317.602
26	1	13	3509.27	726.867	-0.865834	-2.50366	488.337	-1357.24	-277.002	765.83	-1151.17	320.869
553	1	13	1621.35	200.024	-0.670986	1.73723	1261.47	-71.7124	-277.002	1361.05	-672.727	269.979
697	1	-13	3706.17	410.689	-0.480089	0.659048	-1.60254	31.8118	-277.002	-804.599	-589.809	277.929
699	1	-13	627.055	73.6859	-0.999003	-2.60156	483.471	-579.038	-277.002	505.078	-564.762	316.092
952	1	13	554.113	38.0226	-0.966997	-0.135761	997.996	72.9798	-277.002	858.765	96.6884	255.661
106	1	-13	810.132	205.847	-0.969696	0.302044	187.06	955.685	-277.002	58.7622	916.214	259.654
108	1	-13	790.58	56.9446	-0.986329	2.37046	-1330.75	440.846	-277.002	-1265.16	379.891	295.465
111	1	-13	746.275	158.315	-0.995466	3.10014	297.344	1407.7	-277.002	347.906	1405.31	260.928
338	1	-13	754.397	5.78844	-0.870859	2.87525	-1379	983.705	-277.002	-1070.67	918.545	286.377
399	1	-13	600.021	88.8592	-0.979447	-1.77187	937.897	-855.809	-277.002	960.208	-735.224	306.424
508	1	-13	797.474	226.679	-0.999971	-0.657079	-1473.62	831.569	-277.002	-1476.76	832.562	288.755
510	1	13	484.192	10.3694	-0.961365	1.49332	-285.217	1271.71	-277.002	-310.23	1118.02	257.05
578	1	13	951.124	10.03	-0.69313	-1.36817	851.051	-5.05193	-277.002	749.117	534.313	257.743
579	1	-13	1030.86	200.699	-0.860687	-2.64412	-557.432	-908.24	-277.002	-230.925	-730.709	355.789
836	1	-13	708.692	69.2698	-0.972627	2.62855	-388.103	1222.18	-277.002	-279.181	1161.72	257.243
837	1	13	1255.27	142.037	-0.852422	-0.166498	855.557	-1087.41	-277.002	473.238	-1023.6	356.674
838	1	13	586.923	45.8727	-0.979984	-0.0396435	992.405	-1.462	-277.002	880.29	6.09244	256.519
144	1	13	527.017	23.7567	-0.960074	2.2332	-124.857	1203.36	-277.002	-28.2112	1076.15	260.248
146	1	-13	665.724	87.2793	-0.993044	0.207758	-645.146	-212.067	-277.002	-706.165	-222.787	275.383
216	1	13	568.767	81.1232	-0.931772	-0.652543	-712.158	1274.52	-277.002	-881.208	1401.82	260.616
380	1	-13	576.516	19.5455	-0.991899	2.29697	-1296.49	1179.34	-277.002	-1255.4	1133.02	276.033
421	1	13	1503.51	384.903	-0.929484	2.20849	1193.85	121.196	-277.002	1319.8	-47.405	255.5
426	1	13	734.321	217.143	-0.97279	-1.75741	1094.96	603.023	-277.002	1119.5	729.365	258.886
934	1	-13	1219.99	372.853	-0.993816	-2.84246	1294.21	560.252	-277.002	1350.57	577.043	255.585
37	1	-13	556.363	30.4256	-0.893664	-2.90519	-165.535	1122.89	-277.002	91.4107	1180.85	258.521
38	1	-13	557.536	1.94254	-0.914592	2.0519	-517.283	-1175.08	-277.002	-416.592	-1378.75	312.164
39	1	-13	569.581	67.2053	-0.994437	-1.0921	-625.769	-601.666	-277.002	-653.093	-549.963	283.221
189	1	-13	611.739	2.94811	-0.864428	1.51263	1360.3	152.589	-277.002	1374.94	-153.713	255.812
191	1	13	660.357	12.9609	-0.97747	-0.532078	-655.904	-172.703	-277.002	-762.087	-111.647	273.098
353	1	-13	526.769	25.4784	-0.982816	2.71075	1232.9	868.752	-277.002	1323.73	827.195	258.946
354	1	13	559.578	16.0903	-0.998595	-0.538319	511.05	-267.448	-277.002	496.553	-259.762	272.862
411	1	13	877.829	22.7208	-0.975251	0.55476	-1027	814.141	-277.002	-1131.33	735.345	285.125
412	1	13	630.142	74.1903	-0.910711	-2.77826	66.3899	-533.893	-277.002	303.604	-449.043	291.106
799	1	-13	431.426	1.2505	-0.972409	-2.27044	484.338	945.127	-277.002	536.534	972.864	259.724
801	1	-13	1774.07	166.465	-0.854033	1.01461	191.691	1259.11	-277.002	20.2272	983.186	260.396
35	1	-13	529.533	11.1706	-0.878106	-1.70922	954.2	271.634	-277.002	996.4	582.34	259.456
37	1	13	471.064	5.25299	-0.991777	1.1989	-448.654	-1145.9	-277.002	-459.149	-1192.07	301.68
269	1	-13	1022.74	347.751	-0.9959	-1.71701	866.695	-1221.71	-277.002	874.475	-1166.11	329.991
393	1	13	1081.57	311.32	-0.972353	-2.36701	-204.076	-534.205	-277.002	-93.69	-428.293	365.136
395	1	-13	483.605	11.4928	-0.935849	-2.20839	764.246	500.845	-277.002	883.116	672.51	259.608
396	1	-13	549.329	20.4781	-0.999999	3.00983	-166.441	349.242	-277.002	-170.282	341.872	262.963
534	1	-13	682.621	19.1879	-0.784377	-2.4967	67.5116	704.42	-277.001	412.255	957.597	261.002
765	1	13	670.292	34.5092	-0.949163	-1.54051	-1384.24	-408.79	-277.002	-1392.93	-231.631	272.269
769	1	13	1080.54	436.633	-0.997436	-2.78931	-20.9408	781.369	-277.002	14.6038	793.929	260.654
886	1	13	984.162	214.638	-0.696629	-1.54088	242.352	388.108	-277.002	229.164	936.51	257.524
989	1	13	1797.9	992.745	-0.996328	0.433913	572.168	595.566	-277.002	530.524	576.334	258.01
990	1	13	1244.64	259.813	-0.780541	0.600142	-320.378	963.493	-277.002	-688.364	711.302	275.975
991	1	-13	1304.6	219.364	-0.822108	-0.622782	473.874	-10.6541	-277.002	169.196	206.291	262.058
22	1	-13	840.854	33.5247	-0.715741	-2.53411	-1158.52	-376.88	-277.002	-721.732	-70.1491	277.159
24	1	-13	632.133	114.016	-0.998988	-1.51863	-299.119	1340.43	-277.002	-301.436	1363.54	259.45
293	1	-13	699.007	23.1927	-0.937633	-1.7529	10.0321	-1392.41	-277.002	54.9154	-1174.11	344.053
611	1	13	512.07	10.2623	-0.980534	-1.4814	-656.165	-1009.03	-277.002	-660.372	-887.82	287.846
615	1	13	493.593	29.023	-0.979526	-1.92203	911.388	1044.42	-277.002	946.204	1154.9	264.917
697	1	-13	980.656	359.248	-0.968066	-2.37022	183.329	983.708	-277.002	281.071	1079.48	258.432
777	1	-13	820.425	85.4035	-0.79851	2.49451	810.474	959.237	-277.002	1133.01	719.082	259.105
782	1	-13	5913.89	2694.19	-0.76783	2.44268	-635.746	1081.18	-277.002	-290.267	790.632	263.75
119	1	-13	724.504	38.6627	-0.704575	1.05645	-1166.79	1288.29	-277.002	-1448.11	788.275	285.817
121	1	13	727.892	96.0401	-0.991657	-0.0683861	1186.04	697.975	-277.002	1115.96	702.267	259.406
122	1	-13	975.62	329.836	-0.921309	2.80759	207.827	1424.66	-277.002	420.538	1352.14	258.3
123	1	-13	1023.54	196.827	-0.911355	-1.0978	1304.59	736.635	-277.002	1195.13	949.721	258.509
124	1	-13	496.521	45.5028	-0.974663	0.825794	1214.59	-487.859	-277.002	1124.94	-579.46	271.104
125	1	-13	966.864	116.843	-0.949012	-2.83147	560.247	-1160.07	-277.002	749.157	-1099.81	330.937
217	1	13	5461.31	2209.57	-0.671062	1.32807	686.048	-404.765	-277.002	521.825	-1065.4	339.551
218	1	13	1124.97	215.167	-0.751023	-0.386912	-823.133	567.453	-277.002	-1280.25	752.897	285.195
479	1	13	1177.05	8.86723	-0.560042	-0.497879	452.942	-165.627	-277.002	-329.834	216.571	272.103
616	1	-13	1053.26	150.514	-0.781421	1.25156	-907.102	1128.2	-277.002	-1045.29	705.111	282.598
739	1	13	496.269	12.2442	-0.932324	-1.4274	-91.3287	203.007	-277.002	-115.703	402.843	263.108
889	1	13	511.359	15.4344	-0.850349	-2.69832	-923.859	-785.255	-277.002	-612.252	-631.309	285.585
9	1	13	1326.12	596.41	-0.999146	-0.168567	936.92	855.035	-277.002	915.171	859.128	258.174
196	1	13	579.262	56.4981	-0.998179	0.633566	-611.152	-165.987	-277.002	-642.446	-189.255	283.851
369	1	-13	785.611	153.583	-0.983062	2.1668	360.334	-805.11	-277.002	429.693	-908.359	393.41
465	1	-13	529.846	77.9655	-0.986782	-2.79179	903.484	968.939	-277.002	986.967	995.798	261.075
466	1	13	879.44	147.791	-0.806993	-0.234404	1226.46	995.98	-277.002	843.905	1089.05	261.199
594	1	-13	532.608	14.8415	-0.838142	0.683231	-552.76	-229.072	-277.002	-835.485	-465.175	275.008
898	1	-13	2559.06	1299.65	-0.90826	0.609576	395.127	-1293.06	-277.002	172.164	-1448.71	312.382
899	1	-13	601.141	71.1833	-0.954856	2.61093	-1495.38	161.503	-277.002	-1346.71	74.5953	268.56
983	1	-13	1105.95	193.491	-0.683647	1.60574	1233.87	1233.66	-277.002	1254.21	668.887	256.783
984	1	-13	932.217	266.259	-0.989116	2.93175	-1068.77	-1354.65	-277.002	-981.185	-1375.33	328.022
986	1	-13	617.563	70.1902	-0.999254	-1.35062	768.935	1188.01	-277.002	763.199	1209.5	257.819
18	1	-13	587.144	48.1191	-0.979397	-0.79261	804.643	654.108	-277.002	722.419	729.788	257.025
19	1	-13	1070.68	155.183	-0.958889	-1.65586	-654.123	-216.873	-277.002	-642.982	-50.9279	291.186
337	1	13	511.427	9.28063	-0.978243	-1.85068	1244.86	-290.907	-277.002	1288.32	-174.577	258.684
339	1	-13	898.571	156.183	-0.996787	-0.779148	-367.821	-1132.22	-277.002	-399.432	-1098.45	307.526
444	1	13	509.911	19.7328	-0.992674	1.56322	-1356.31	588.29	-277.002	-1363.73	518.78	317.751
445	1	13	2377.72	453.804	-0.867352	-1.28905	1301.62	-312.999	-277.002	1215.05	-18.4446	258.522
814	1	-13	817.868	77.6606	-0.790337	-0.423648	-382.008	-1267.58	-277.002	-784.695	-1078.82	296.33
817	1	-13	868.508	98.1462	-0.98281	-0.0352345	-198.168	-92.9685	-277.002	-313.101	-90.4003	335.503
58	1	13	539.038	11.4181	-0.970568	2.83056	-793.387	-224.441	-277.002	-665.681	-285.601	278.717
259	1	-13	718.615	127.692	-0.993821	-1.41417	-396.405	1233.64	-277.002	-405.597	1293.61	258.524
263	1	-13	792.12	129.549	-0.822381	-1.53808	-45.5184	259.688	-277.002	-59.3968	628.655	263.665
498	1	-13	438.754	7.72098	-0.999968	-0.951517	1006.35	457.376	-277.002	1007.51	454.484	257.991
502	1	-13	575.909	28.7272	-0.919379	-2.54758	-1067.31	-510.085	-277.002	-877.435	-382.706	274.889
585	1	-13	769.235	88.2719	-0.993254	0.205076	-383.861	355.259	-277.002	-450.458	341.214	267.502
656	1	13	629.943	38.5434	-0.980702	2.48452	-666.442	-1255.81	-277.002	-569.885	-1326.59	309.029
889	1	-13	2205.64	656.462	-0.604487	1.39258	909.743	-460.055	-277.002	772.472	-1224.05	312.49
198	1	13	946.973	162.395	-0.99896	-2.44794	1422.64	-1202.35	-277.002	1441.25	-1185.63	357.886
200	1	-13	748.918	52.1722	-0.671846	3.03757	886.992	714.341	-277.002	1467.94	654.338	255.961
293	1	13	1037.82	448.541	-0.994146	-2.46907	-198.016	968.534	-277.002	-152.638	1004.25	258.853
575	1	13	655.659	34.593	-0.945604	-2.29908	-943.044	128.409	-277.002	-825.486	268.9	268.9
576	1	-13	644.289	38.6556	-0.832239	-2.83435	1045.38	1063.91	-277.002	1398.21	1167.4	256.102
580	1	-13	738.36	240.583	-0.981858	0.031231	876.336	1169.89	-277.002	773.311	1165.89	258.033
828	1	-13	726.38	197.457	-0.992092	-1.27851	1120.81	1010.83	-277.002	1101.53	1079.45	260.037
910	1	13	692.559	137.85	-0.963105	-0.0605783	219.385	1349.62	-277.002	70.2536	1358.34	260.206
911	1	-13	709.676	115.318	-0.914596	-2.71106	1046.81	-841.108	-277.002	1267.3	-740.876	271.905
85	1	-13	2089.44	250.113	-0.473795	2.55136	-255.611	1268.95	-277.002	565.842	717.495	255.856
86	1	-13	622.133	70.751	-0.998835	2.21398	-1041.9	-363.845	-277.002	-1023.6	-384.175	275.064
90	1	13	715.262	123.803	-0.860439	1.79038	230.221	790.939	-277.002	297.268	477.424	260.513
310	1	13	832.856	312.093	-0.994961	1.64279	589.871	1259.72	-277.002	592.298	1207.14	254.657
313	1	13	568.811	53.4671	-0.93792	-2.72862	-753.448	-1033.23	-277.002	-557.932	-950.52	291.759
438	1	-13	721.699	54.7879	-0.835574	1.59869	-935.707	-302.894	-277.002	-922.268	-679.505	287.297
628	1	13	702.618	18.9692	-0.750389	-2.4663	-851.38	1129.23	-277.002	-496.717	1427.06	259.024
907	1	13	617.191	17.8653	-0.9459	-1.45053	111.696	299.035	-277.002	92.4195	476.217	263.191
909	1	13	1406.15	473.068	-0.907482	1.4001	258.783	-1046.04	-277.002	212.955	-1316.12	313.213
960	1	-13	834.907	256.305	-0.945186	2.98427	1116.62	185.562	-277.002	1297.03	156.533	253.925
964	1	-13	1943.02	133.626	-0.778168	-1.0643	-64.7905	-843.488	-277.002	-319.447	-392.97	358.442
155	1	-13	1707.38	805.061	-0.92442	2.74303	1011.27	115.032	-277.002	1214.63	30.1473	258.044
245	1	-13	577.404	62.4546	-0.998553	-0.358948	-106.606	1269.64	-277.002	-136.866	1277.12	259.528
248	1	-13	2786.37	587.394	-0.591794	2.70517	-771.834	1293.87	-277.002	-111.483	985.681	259.264
712	1	13	971.577	166.607	-0.95645	-1.87792	576.034	-1041.22	-277.002	636.791	-857.449	369.55
822	1	-13	620.969	151.342	-0.995591	-0.76247	-908.731	1117.76	-277.002	-943.6	1152.14	261.15
954	1	-13	504.364	54.8863	-0.993713	-2.92376	1349.19	774.498	-277.002	1401.17	789.145	257.947
30	1	13	1704.24	896.641	-0.988628	1.90077	262.427	-432.254	-277.002	290.334	-515.379	298.76
171	1	13	635.812	11.8936	-0.746831	-0.0578301	1303.71	-2.2524	-277.002	846.321	22.9551	257.219
172	1	13	632.623	111.829	-0.963054	1.33092	-82.3627	357.819	-277.001	-118.879	210.49	264.633
367	1	-13	617.74	35.956	-0.947019	-0.459916	1412.24	580.055	-277.002	1255.74	660.522	256.577
368	1	-13	607.086	23.5452	-0.8798	-0.178688	465.55	-140.196	-277.002	173.422	-86.6996	277.906
369	1	13	1235.16	384.415	-0.893324	2.77589	1151.61	-723.462	-277.002	1411.71	-822.962	274.128
562	1	-13	620.535	40.1945	-0.876572	-1.45253	937.957	147.257	-277.002	896.301	439.327	258.383
620	1	13	1448.15	253.895	-0.842485	-0.464481	-1082.41	-403.636	-277.002	-1397.36	-247.097	272.723
773	1	-13	564.441	127.753	-0.999983	-3.00438	-406.035	1017.01	-277.002	-404.804	1015.39	258.416
864	1	-13	1001.31	132.751	-0.978145	1.63386	407.177	-317.787	-277.002	418.912	-437.103	284.522
232	1	-13	3449.71	1419.4	-0.836175	-2.2784	-716.027	-213.024	-277.002	-466.084	78.4696	308.655
518	1	-13	755.168	241.931	-0.980416	1.16406	-172.818	840.153	-277.002	-216.761	740.681	264.925
520	1	13	733.699	238.43	-0.966742	1.32096	-1267.27	-447.215	-277.001	-1305.94	-593.362	293.296
523	1	13	1515.4	282.418	-0.970038	1.85551	691.639	-532.637	-277.002	734.239	-675.433	319.707
687	1	13	672.085	55.662	-0.996913	2.0938	-924.64	-1167.45	-277.002	-899.633	-1206.56	314.264
688	1	13	766.977	42.7495	-0.723008	-2.83523	-172.393	971.727	-277.002	314.718	1134.96	257.156
690	1	-13	1132.71	275.861	-0.790233	0.177912	2.45139	911.64	-277.002	-407.264	838.686	261.237
792	1	13	955.108	94.1337	-0.967704	-0.381913	299.686	1076.66	-277.002	172.583	1130.23	257.891
793	1	13	557.339	61.1931	-0.965975	-0.133671	584.563	693.827	-277.002	443.154	718.715	257.886
794	1	13	1510.47	496.292	-0.82731	0.649386	273.709	701.086	-277.002	-18.2645	478.729	264.404
56	1	-13	1207.85	75.091	-0.833416	-1.24681	587.556	-1438.01	-277.002	451.485	-1041.55	350.036
287	1	-13	800.142	120.563	-0.997459	0.414615	-1291.38	945.658	-277.002	-1325.72	933.224	311.143
290	1	13	1942.47	926.126	-0.98461	3.02594	1165.99	303.264	-277.002	1259.95	291.456	255.921
377	1	13	910.36	240.426	-0.980778	-3.00051	684.006	659.701	-277.002	788.599	674.27	258.769
448	1	-13	481.997	23.4785	-0.949039	2.35463	-212.301	777.562	-277.002	-89.2412	640.989	263.795
454	1	-13	975.153	235.305	-0.994977	-0.0968427	-55.6747	243.961	-277.002	-109.965	248.315	263.483
623	1	13	689.291	144.413	-0.919055	0.647567	-574.714	489.899	-277.002	-762.021	346.638	267.519
624	1	13	501.292	48.3859	-0.949797	2.26784	-69.5497	1403.06	-277.002	35.4041	1263.82	258.202
728	1	13	1270.15	54.9921	-0.529219	-0.152745	12.9848	476.211	-277.002	-848.415	605.39	278.684
729	1	-13	689.863	106.869	-0.981965	2.56032	103.933	1261.47	-277.002	187.094	1207.75	258.771
733	1	-13	1016.09	51.5744	-0.632463	-2.00606	-1119.32	-437.57	-277.002	-844.339	170.806	271.591
134	1	-13	632.879	54.729	-0.885476	-0.606214	1378.22	-267.123	-277.002	1146.56	-107.382	259.567
137	1	-13	1432.85	599.084	-0.986558	3.05938	585.428	164.914	-277.002	673.499	158.212	257.812
138	1	-13	708.546	171.662	-0.993815	-0.84733	1046.51	358.55	-277.002	1007.25	404.505	258.614
180	1	-13	713.728	201.959	-0.940201	-1.49	-223.589	750.493	-277.002	-240.323	943.125	259.835
181	1	-13	718.646	71.006	-0.883875	-1.98927	-1137.12	-110.268	-277.002	-1015.39	153.511	266.315
274	1	-13	774.495	182.502	-0.951282	1.4395	222.848	229.872	-277.002	198.954	53.1479	267.539
414	1	13	1378.18	299.613	-0.995953	2.9174	877.894	53.4538	-277.002	924.866	42.5198	255.014
652	1	13	546.925	18.2847	-0.847663	-1.86976	-927.17	-64.8569	-277.002	-825.486	268.9	268.9
653	1	13	1053.81	318.169	-0.960155	-1.30806	1439.56	1016.4	-277.002	1398.21	1167.4	256.102
657	1	-13	416.068	11.636	-0.999298	2.14673	757.066	1171.62	-277.002	773.311	1165.89	258.033
784	1	-13	615.487	18.9415	-0.996778	-1.9665	-1337.73	584.131	-277.002	-1328.41	625.358	289.226
788	1	-13	984.2	104.959	-0.785651	0.506272	109.109	-1218.08	-277.002	-310.127	-1446.37	326.45
893	1	13	782.696	83.0201	-0.852353	-0.226577	-52.5694	149.448	-277.002	-382.712	223.742	273.639
151	1	-13	580.924	114.264	-0.955233	-0.348185	48.7696	1075.39	-277.002	-104.717	1130.84	258.706
325	1	-13	728.493	80.2257	-0.776784	-0.0488391	800.357	-390.126	-277.002	342.941	-371.228	281.941
583	1	-13	2165.77	790.115	-0.91286	-2.54787	790.228	-1427.57	-277.002	1018.68	-1272.19	340.607
766	1	-13	480.601	32.6471	-0.999931	0.546467	-668.066	236.485	-277.002	-670.932	233.961	280.762
768	1	-13	770.502	38.9842	-0.865475	2.25842	841.717	173.482	-277.002	1033.68	-72.5097	256.49
92	1	13	495.725	15.1283	-0.966666	1.54301	348.495	1494.61	-277.002	343.646	1350.01	259.878
96	1	-13	844.685	27.4718	-0.725831	1.52456	1144.68	-58.0168	-277.002	1124.94	-579.46	271.104
186	1	-13	674.944	11.0983	-0.997665	-0.279486	-1447.75	-170.416	-277.002	-1467.44	-161.088	274.959
309	1	13	591.224	0.270299	-0.977148	3.02565	779.73	-1048.15	-277.002	891.576	-1078.63	343.66
311	1	-13	788.408	159.464	-0.917488	-0.120117	-94.5748	186.71	-277.002	-329.834	216.571	272.103
404	1	-13	1185.81	98.4758	-0.870013	2.1512	-1125.35	-1037.36	-277.002	-938.545	-1318.87	319.841
673	1	-13	499.122	14.768	-0.961549	-1.0766	-1173.12	1072.7	-277.002	-1258.9	1219.19	269.037
675	1	-13	1129.65	191.977	-0.698594	2.8669	494.018	61.7133	-277.002	1021.15	-88.2374	256.786
885	1	-13	2355.32	332.249	-0.723096	0.372217	-316.626	-262.771	-277.002	-809.543	-456.018	275.336
266	1	-13	734.534	110.681	-0.980554	-2.69864	1027.77	789.384	-277.002	1126.31	837.029	258.347
437	1	-13	876.292	147.738	-0.941423	0.138042	1075.15	701.673	-277.002	883.116	672.51	259.608
532	1	13	920.167	1.37963	-0.725845	-2.52223	-734.397	-631.515	-277.002	-299.365	-353.231	360.048
536	1	13	740.242	56.1162	-0.832247	-1.48256	-835.508	-1193.49	-277.002	-863.362	-817.735	289.906
537	1	13	545.193	29.6434	-0.987369	-2.38064	-986.732	-625.213	-277.002	-920.704	-562.476	280.425
648	1	13	644.007	81.1289	-0.996984	2.51428	7.76478	350.795	-277.002	38.2494	325.27	263.656
761	1	13	1013.52	98.994	-0.844342	2.83333	-467.968	-663.394	-277.002	-70.0602	-793.079	379.961
762	1	-13	697.694	126.849	-0.999972	2.39159	1298.48	650.461	-277.002	1301.08	647.049	256.157
905	1	13	1398.48	210.096	-0.927994	-0.914328	662.473	406.586	-277.002	530.524	576.334	258.01
906	1	-13	574.509	54.9451	-0.943983	-2.33351	-822.388	567.453	-277.001	-688.364	711.302	275.975
908	1	-13	639.641	110.515	-0.93371	3.00044	-516.096	402.909	-277.002	-309.87	375.32	264.548
82	1	-13	431.126	3.27387	-0.986134	2.91768	1255.88	250.95	-277.002	1343.72	230.585	252.755
83	1	13	553.972	16.9319	-0.869719	1.85864	-371.404	1299.01	-277.002	-293.009	1019.77	258.373
227	1	13	733.991	125.1	-0.909093	1.89844	-827.283	33.22	-277.002	-744.54	-201.682	273.727
228	1	13	891.403	8.77625	-0.75286	-1.54348	914.405	-978.638	-277.002	898.592	-484.6	268.221
229	1	13	1352.64	537.646	-0.939828	-1.22856	-629.247	-62.6846	-277.002	-697.968	131.696	291.146
320	1	13	806.575	133.053	-0.938471	1.26113	-1430.43	1171.49	-277.002	-1497.02	968.208	297.983
409	1	-13	572.653	6.00902	-0.821046	1.30649	572.226	1190.7	-277.002	470.252	825.25	259.846
507	1	-13	974.513	125.388	-0.75004	1.70434	577.55	-371.78	-277.002	657.746	-933.435	372.413
805	1	13	767.744	184.131	-0.978073	-2.79641	-718.002	-1155.09	-277.002	-604.617	-1113.39	290.796
927	1	-13	843.56	108.372	-0.735248	0.290902	-261.97	1220.75	-277.002	-733.141	1078.67	259.584
929	1	13	1067.87	404.614	-0.931525	1.97806	1292.97	794.015	-277.002	1376.8	601.746	256.133
7	1	13	470.645	0.926197	-0.978375	-1.75847	929.272	-367.013	-277.002	934.98	-267.01	260.667
206	1	13	876.387	239.477	-0.998256	-1.23318	-363.413	-1000.44	-277.002	-374.169	-967.362	310.527
207	1	-13	605.726	1.23346	-0.910009	-0.411812	1000.18	-1059.35	-277.002	809.672	-920.144	360.813
350	1	-13	957.611	31.7876	-0.90471	-2.53488	125.401	-776.684	-277.002	356.409	-612.81	319.952
355	1	13	611.007	29.5909	-0.869406	2.61965	1024.47	-675.315	-277.002	1300.81	-832.747	277.905
422	1	13	672.583	65.9741	-0.947767	2.16304	-1406.25	-698.741	-277.002	-1287.37	-863.224	320.132
479	1	-13	703.001	169.436	-0.932152	0.252042	1139.92	-1190.01	-277.002	913.429	-1249.05	324.063
482	1	-13	481.264	11.2106	-0.964818	-2.30148	-277.918	373.918	-277.002	-179.574	494.4	261.985
589	1	13	1593.72	542.171	-0.957544	-2.46957	115.169	-1155.29	-277.002	264.076	-1037.12	355.454
594	1	-13	575.57	31.927	-0.91193	1.96452	1179.9	1350.34	-277.002	1278.37	1133.66	257.012
703	1	-13	1216.55	136.001	-0.933197	-2.17156	235.874	-601.097	-277.002	362.868	-424.202	286.009
803	1	-13	629.472	24.0464	-0.962731	0.736091	1328.6	7.64973	-277.002	1214.32	-92.2721	259.267
910	1	13	991.017	251.364	-0.999841	0.646924	-448.686	1217.34	-277	-457.12	1212.57	258.171
912	1	-13	672.449	103.773	-0.914037	0.241194	1395.39	1143.9	-277.002	1171.23	1091.31	258.783
914	1	-13	701.095	18.7394	-0.921706	0.654064	-468.792	-78.5968	-277.002	-661.394	-211.386	281.298
165	1	13	1118.79	127.097	-0.691289	-1.51489	-621.024	-325.366	-277.002	-651.504	247.845	279.137
167	1	13	603.931	9.07133	-0.878056	1.45237	-601.928	191.064	-277.002	-640.164	-107.035	290.397
260	1	13	774.866	167.13	-0.993958	0.646794	-835.247	-580.307	-277.002	-883.853	-616.23	281.731
262	1	-13	649.805	104.956	-0.995436	1.85517	80.5956	122.678	-277.002	97.2024	71.1059	268.451
263	1	13	1178.64	337.446	-0.851788	3.01742	-1157.48	-1238.02	-277.002	-801.974	-1282.12	307.874
386	1	13	1919.17	570.659	-0.834512	0.232694	-29.8105	664.839	-277.002	-378.145	583.17	265.666
848	1	-13	1575.22	480.705	-0.721174	1.98774	-840.153	-257.028	-277.002	-621.487	-751.847	285.463
141	1	-13	787.652	54.3362	-0.997502	-2.92762	-1364.65	-1266.15	-277.002	-1320.57	-1255.71	330.884
380	1	13	504.866	33.7898	-0.999597	-2.90269	-1273.54	1130.98	-277.002	-1255.4	1133.02	276.033
383	1	-13	716.694	61.9292	-0.968898	2.16611	-1028.98	-1328.64	-277.002	-945.135	-1458.78	324.8
517	1	-13	471.435	24.5888	-0.98487	-1.48326	1124.8	635.578	-277.002	1119.5	729.365	258.886
603	1	-13	901.936	29.5395	-0.989179	3.00719	-1320.28	-939.347	-277.002	-1236.84	-945.941	320.961
606	1	-13	591.615	17.9723	-0.999865	0.324062	1197.03	-239.215	-277.001	1195.48	-242.407	262.358
876	1	13	529.641	14.17	-0.993604	1.77932	-1353.11	-541.965	-277.002	-1334.15	-609.121	295.492
881	1	13	1309.61	65.0443	-0.765322	0.0476672	-50.9382	-157.377	-277.002	-533.287	-183.179	297.898
996	1	13	552.465	40.3735	-0.931991	-2.43364	-60.9401	1054.07	-277.002	91.4107	1180.85	258.521
90	1	13	2108.55	93.736	-0.613011	-2.35236	963.746	-933.26	-277.002	1460.11	-439.163	263.688
358	1	13	3041.31	447.201	-0.999999	0.96189	-546.388	-252.165	-277.002	-547.337	-252.545	290.407
579	1	13	4464.35	2138.29	-0.932285	2.11596	-714.293	-1151.99	-277.002	-595.474	-1347.75	313.618
716	1	-13	1323.21	52.8955	-0.71775	-1.057	412.693	413.473	-277.002	154.512	866.536	259.271
717	1	-13	793.689	186.477	-0.92374	3.11913	-862.877	291.774	-277.002	-635.327	286.585	274.857
869	1	-13	490.326	27.392	-0.918227	1.96979	-316.029	562.524	-277.002	-235.671	357.738	263.543
932	1	-13	583.895	28.4497	-0.982897	-1.55213	851.972	1067.87	-277.002	839.441	1159.87	262.312
936	1	-13	914.538	79.4911	-0.732992	-1.13095	1267.56	-664.851	-277.002	1052.95	-211.532	261.189
107	1	13	568.091	19.2207	-0.932721	-1.56776	794.886	532.774	-277.002	803.518	741.299	258.562
110	1	-13	578.617	106.445	-0.990692	1.38574	-823.277	692.457	-277.002	-838.038	622.897	278.094
216	1	-13	799.282	159.987	-0.961633	2.20421	534.904	-1238.91	-277.002	631.886	-1372.14	304.535
295	1	-13	681.641	32.917	-0.907119	2.67966	878.386	1015.56	-277.002	1115.17	912.093	258.925
475	1	13	1008.66	11.8832	-0.99599	0.802305	158.127	1025.12	-277.002	140.125	991.879	257.807
827	1	-13	841.673	251.879	-0.995029	1.60456	-308.016	-681.193	-277.002	-309.167	-742.152	332.251
830	1	-13	540.684	35.2264	-0.993589	0.180117	129.398	-93.4745	-277.002	59.0069	-109.404	284.702
938	1	-13	1351.98	337.632	-0.927458	2.17382	-832.04	-70.3575	-277.002	-705.521	-253.895	276
939	1	-13	1027.39	114.406	-0.874277	0.866529	-148.679	378.813	-277.002	-350.289	138.263	287.212
940	1	-13	657.855	52.8056	-0.966461	-1.63927	953.253	-1162.44	-277.002	966.362	-994.916	348.097
942	1	-13	468.822	1.56513	-0.877223	-1.07172	-898.87	-434.418	-277.002	-993.905	-205.725	271.138
15	1	-13	809.9	125.908	-0.896285	1.60329	-224.782	306.366	-277.002	-216.183	21.3596	297.903
16	1	13	817.931	132.44	-0.983183	2.7517	656.275	-641.411	-277.002	757.297	-682.86	317.602
18	1	13	702.266	161.215	-0.921396	-1.22083	942.911	629.162	-277.002	863.646	842.978	257.784
197	1	13	808.932	38.5799	-0.687622	1.84403	391.565	1421.29	-277.002	540.537	877.983	261.316
198	1	13	2333.63	769.825	-0.923441	-2.34261	-821.627	-1343.95	-277.002	-656.852	-1173.82	293.248
303	1	-13	4184.23	1485.67	-0.994927	-0.332543	-1431.15	-663.566	-277.002	-1485.14	-644.957	286.366
307	1	-13	1482.19	374.815	-0.841246	2.64936	169.571	-384.321	-277.002	505.078	-564.762	316.092
493	1	-13	895.776	170.42	-0.989839	-1.9623	-1443.6	239.608	-277.002	-1411.68	314.046	293.292
494	1	-13	2458.8	1129.47	-0.815691	-1.47162	160.385	263.621	-277.002	121.923	643.474	262.197
750	1	13	698.707	83.1083	-0.852276	-0.383387	896.775	452.357	-277.002	593.424	575.258	257.175
854	1	-13	1546.17	317.295	-0.983203	0.64098	558.795	-1093.24	-277.002	469.461	-1159.76	322.721
990	1	-13	1491.08	561.554	-0.851645	1.0134	870.249	334.511	-277.002	694.578	54.7464	260.899
0	1	13	820.593	148.002	-0.943989	-2.67877	298.848	-471.85	-277.002	472.746	-382.514	277.92
1	1	-13	852.928	102.564	-0.85307	-2.61945	577.533	-1236.4	-277.002	904.472	-1049.21	346.705
252	1	-13	4507.69	282.002	-0.477648	0.673202	-601.584	-8.91236	-277.002	-1427.55	-669.854	299.382
257	1	-13	455.871	43.7406	-0.999802	2.96429	333.689	708.171	-277.002	344.97	704.433	260.325
527	1	-13	1670.1	737.347	-0.956576	0.0608479	314.153	280.657	-277.002	149.936	270.957	263.127
612	1	13	483.8	5.58036	-0.852832	-0.717499	772.041	-345.048	-277.002	510.89	-130.344	268.856
845	1	-13	724.225	4.13505	-0.899486	1.79429	-122.637	-910.554	-277.002	-72.4781	-1206.78	351.318
973	1	-13	843.7	37.6572	-0.717253	3.12508	605.173	-625.349	-277.002	1136.42	-640.489	272.004
66	1	13	4095.16	2139.22	-0.937202	-2.31303	-735.924	535.035	-277.002	-598.445	685.461	271.022
68	1	-13	1107.76	228.238	-0.707122	0.456658	-39.6327	423.004	-277.002	-553.849	169.544	293.95
69	1	13	570.383	78.287	-0.988882	2.12085	1436.63	-364.059	-277.002	1478.99	-430.098	263.737
241	1	13	696.548	153.077	-0.999231	-1.94959	991.373	816.008	-277.002	998.632	837.896	257.935
242	1	-13	1598.71	335.576	-0.984165	-2.81053	-768.366	69.9005	-277.002	-670.76	103.202	293.329
244	1	13	920.379	332.292	-0.972839	-1.74401	-493.899	-56.7288	-277.002	-470.517	81.7592	308.458
333	1	13	731.487	27.544	-0.836229	-0.449722	841.468	812.175	-277.002	522.327	966.124	259.931
485	1	-13	583.606	29.3163	-0.914609	-1.49674	1212.78	735.315	-277.002	1188.77	970.676	258.356
573	1	-13	748.381	16.4319	-0.984965	-2.63539	-1294.56	382.001	-277.002	-1198.39	438.863	295.364
815	1	-13	717.824	76.7685	-0.880314	1.10875	1194.75	-219.152	-277.002	1059.82	-483.173	269.759
962	1	-13	885.128	168.001	-0.987618	0.838375	229.273	1186.53	-277.002	172.219	1123.58	257.925
963	1	-13	1481.93	446.504	-0.876491	2.28433	-1211.99	-58.7547	-277.002	-1014.19	-287.986	273.618
21	1	13	7923.04	1131.6	-0.765986	-2.89495	492.967	-348.497	-277.002	929.706	-238.398	259.913
27	1	-13	686.176	114.991	-0.857101	-1.40628	741.572	-346.413	-277.002	687.852	-26.3822	262.386
336	1	13	860.236	102.385	-0.920448	2.76336	-764.4	316.766	-277.002	-538.719	227.058	281.295
337	1	13	1047.62	317.094	-0.980573	-0.169675	1276.48	699.049	-277.002	1171.56	716.479	259.522
340	1	13	953.564	242.396	-0.969055	0.118018	1489.03	-1304.05	-277.002	1324.63	-1324.07	372.666
552	1	-13	829.676	198.444	-0.99348	-1.96439	-807.603	-736.598	-277.002	-782.756	-678.193	280.303
636	1	-13	574.722	59.8802	-0.996362	-1.44471	1328.57	429.199	-277.002	1321.45	476.486	256.272
694	1	13	684.993	189.141	-0.998362	-1.73883	-86.1283	582.187	-277.002	-79.5761	614.143	263.738
695	1	13	1399.91	189.898	-0.595737	2.27868	-900.937	1338.79	-277.002	-426.896	787.678	265.196
966	1	13	687.676	26.2251	-0.943768	-2.59102	-1174.92	702.794	-277.002	-999.165	807.239	283.593
969	1	13	760.73	47.2028	-0.924385	1.53067	-308.883	640.61	-277.002	-324.221	420.187	263.883
542	1	-13	462.988	8.5263	-0.942573	0.67606	1424.43	-378.693	-277.002	1296.64	-500.813	264.712
643	1	13	825.375	76.5441	-0.772878	-2.10169	-704.825	-146.873	-277.002	-472.854	246.478	276.488
742	1	-13	528.448	11.343	-0.992853	-3.11113	1023.85	-561.485	-277.002	1084.3	-556.278	271.563
748	1	13	801.06	133.929	-0.954531	0.942434	281.316	-965.287	-277.002	167.039	-1120.48	335.776
982	1	-13	910.49	364.512	-0.999202	0.528673	138.828	265.267	-277.002	120.304	254.757	262.889
984	1	-13	992.123	168.234	-0.807085	-2.98026	-380.071	251.547	-277.002	2.74178	317.148	263.572
781	1	-13	630.352	69.0368	-0.864714	-0.0158572	-583.554	1148.6	-277.002	-891.426	1152.24	259.988
783	1	13	724.588	31.1411	-0.812752	-2.57008	-1321.87	1209.72	-277.002	-992.084	1424.8	261.968
946	1	-13	904.834	61.7143	-0.741618	2.78032	381.853	1423.56	-277.002	834.633	1256.96	260.344
141	1	-13	787.652	54.3362	-0.997502	-2.92762	-1364.65	-1266.15	-277.002	-1320.57	-1255.71	330.884
380	1	13	504.866	33.7898	-0.999597	-2.90269	-1273.54	1130.98	-277.002	-1255.4	1133.02	276.033
383	1	-13	716.694	61.9292	-0.968898	2.16611	-1028.98	-1328.64	-277.002	-945.135	-1458.78	324.8
517	1	-13	471.435	24.5888	-0.98487	-1.48326	1124.8	635.578	-277.002	1119.5	729.365	258.886
603	1	-13	901.936	29.5395	-0.989179	3.00719	-1320.28	-939.347	-277.002	-1236.84	-945.941	320.961
606	1	-13	591.615	17.9723	-0.999865	0.324062	1197.03	-239.215	-277.001	1195.48	-242.407	262.358
876	1	13	529.641	14.17	-0.993604	1.77932	-1353.11	-541.965	-277.002	-1334.15	-609.121	295.492
881	1	13	1309.61	65.0443	-0.765322	0.0476672	-50.9382	-157.377	-277.002	-533.287	-183.179	297.898
996	1	13	552.465	40.3735	-0.931991	-2.43364	-60.9401	1054.07	-277.002	91.4107	1180.85	258.521
142	1	-13	764.302	27.8484	-0.805851	-2.34173	-424.418	1110.85	-277.002	-144.525	1407.94	259.193
145	1	-13	1215.03	442.179	-0.980169	-1.44677	510.271	-369.728	-277.002	496.553	-259.762	272.862
322	1	13	580.295	11.9842	-0.969194	-1.99513	-756.13	-794.299	-277.002	-700.389	-671.49	281.142
323	1	-13	2030.57	645.693	-0.899305	-1.44997	372.729	-658.806	-277.002	339.618	-387.521	283.759
327	1	13	1337.05	70.4762	-0.995913	1.84345	-532.391	-1362.52	-277.002	-518.747	-1417.55	317.283
328	1	13	1370.06	112.718	-0.828666	0.774546	-861.823	998.97	-277.002	-1131.33	735.345	285.125
689	1	-13	672.192	38.1503	-0.793944	1.33211	732.747	1154.85	-277.002	629.354	761.258	257.005
691	1	-13	709.025	50.7417	-0.799299	1.47347	911.902	-953.44	-277.002	858.743	-1384.97	304.281
692	1	13	817.239	3.069	-0.487266	-0.262822	410.699	1270.69	-277.001	-382.408	1481.9	260.739
898	1	-13	444.413	3.80958	-0.966535	-1.62395	467.042	1320.6	-277.002	499.187	1442.89	256.675
0	1	13	820.593	148.002	-0.943989	-2.67877	298.848	-471.85	-277.002	472.746	-382.514	277.92
1	1	-13	852.928	102.564	-0.85307	-2.61945	577.533	-1236.4	-277.002	904.472	-1049.21	346.705
252	1	-13	4507.69	282.002	-0.477648	0.673202	-601.584	-8.91236	-277.002	-1427.55	-669.854	299.382
257	1	-13	455.871	43.7406	-0.999802	2.96429	333.689	708.171	-277.002	344.97	704.433	260.325
527	1	-13	1670.1	737.347	-0.956576	0.0608479	314.153	280.657	-277.002	149.936	270.957	263.127
612	1	13	483.8	5.58036	-0.852832	-0.717499	772.041	-345.048	-277.002	510.89	-130.344	268.856
845	1	-13	724.225	4.13505	-0.899486	1.79429	-122.637	-910.554	-277.002	-72.4781	-1206.78	351.318
973	1	-13	843.7	37.6572	-0.717253	3.12508	605.173	-625.349	-277.002	1136.42	-640.489	272.004
183	1	-13	684.176	137.764	-0.999974	-1.98077	942.271	220.113	-277.002	941.186	224.18	256.096
184	1	-13	845.157	75.6575	-0.817865	-3.11199	1113.63	605.647	-277.002	1490.51	613.867	255.459
513	1	13	688.212	40.6798	-0.957069	2.92403	-1239.13	865.996	-277.002	-1075.26	830.097	289.264
516	1	13	1422.38	35.3807	-0.621997	-0.68866	35.7676	842.619	-277.002	-485.731	1261.62	258.578
738	1	-13	1977.74	914.303	-0.93758	-2.7566	-227.075	471.869	-277.002	-40.6867	547.573	265.03
56	1	-13	1207.85	75.091	-0.833416	-1.24681	587.556	-1438.01	-277.002	451.485	-1041.55	350.036
287	1	-13	800.142	120.563	-0.997459	0.414615	-1291.38	945.658	-277.002	-1325.72	933.224	311.143
290	1	13	1942.47	926.126	-0.98461	3.02594	1165.99	303.264	-277.002	1259.95	291.456	255.921
377	1	13	910.36	240.426	-0.980778	-3.00051	684.006	659.701	-277.002	788.599	674.27	258.769
448	1	-13	481.997	23.4785	-0.949039	2.35463	-212.301	777.562	-277.002	-89.2412	640.989	263.795
454	1	-13	975.153	235.305	-0.994977	-0.0968427	-55.6747	243.961	-277.002	-109.965	248.315	263.483
623	1	13	689.291	144.413	-0.919055	0.647567	-574.714	489.899	-277.002	-762.021	346.638	267.519
624	1	13	501.292	48.3859	-0.949797	2.26784	-69.5497	1403.06	-277.002	35.4041	1263.82	258.202
728	1	13	1270.15	54.9921	-0.529219	-0.152745	12.9848	476.211	-277.002	-848.415	605.39	278.684
729	1	-13	689.863	106.869	-0.981965	2.56032	103.933	1261.47	-277.002	187.094	1207.75	258.771
733	1	-13	1016.09	51.5744	-0.632463	-2.00606	-1119.32	-437.57	-277.002	-844.339	170.806	271.591
71	1	-13	667.44	15.2633	-0.755599	0.514258	569.62	1470.09	-277.002	160.131	1226.75	259.202
72	1	-13	969.377	254.171	-0.949923	-2.56232	43.6896	-319.06	-277.002	200.127	-217.092	284.308
73	1	13	652.547	119.646	-0.999777	-0.686242	343.459	488.463	-277.002	335.901	492.996	260.173
75	1	13	1923.84	557.494	-0.768203	-1.23402	-837.388	-1057.25	-277.002	-992.05	-613.004	285.772
403	1	13	2308.89	272.975	-0.992007	2.98297	273.704	-65.1739	-277.002	342.941	-77.4191	268.71
553	1	-13	1635.52	276.373	-0.552765	0.877265	837.382	-29.1785	-277.002	219.094	-779.611	365.755
669	1	13	576.772	52.6169	-0.9342	1.09023	695.498	1092.23	-277.002	597.886	902.76	261.555
784	1	13	581.482	50.1951	-0.942534	-0.0768785	-946.508	-100.052	-277.002	-1143.76	-90.9176	272.246
787	1	-13	2420.09	535.259	-0.588762	1.94056	-1199.73	1092.48	-277.002	-926.702	391.032	271.928
789	1	-13	795.522	9.87167	-0.65938	-0.2482	806.127	237.955	-277.002	218.372	426.895	261.496
910	1	13	662.06	87.8688	-0.995397	0.600005	917.651	-751.722	-277.002	868.778	-787.684	339.597
911	1	13	2157.98	332.554	-0.843171	2.77511	-676.958	-146.601	-277.002	-308.765	-287.711	344.883
7	1	13	470.645	0.926197	-0.978375	-1.75847	929.272	-367.013	-277.002	934.98	-267.01	260.667
206	1	13	876.387	239.477	-0.998256	-1.23318	-363.413	-1000.44	-277.002	-374.169	-967.362	310.527
207	1	-13	605.726	1.23346	-0.910009	-0.411812	1000.18	-1059.35	-277.002	809.672	-920.144	360.813
350	1	-13	957.611	31.7876	-0.90471	-2.53488	125.401	-776.684	-277.002	356.409	-612.81	319.952
355	1	13	611.007	29.5909	-0.869406	2.61965	1024.47	-675.315	-277.002	1300.81	-832.747	277.905
422	1	13	672.583	65.9741	-0.947767	2.16304	-1406.25	-698.741	-277.002	-1287.37	-863.224	320.132
479	1	-13	703.001	169.436	-0.932152	0.252042	1139.92	-1190.01	-277.002	913.429	-1249.05	324.063
482	1	-13	481.264	11.2106	-0.964818	-2.30148	-277.918	373.918	-277.002	-179.574	494.4	261.985
589	1	13	1593.72	542.171	-0.957544	-2.46957	115.169	-1155.29	-277.002	264.076	-1037.12	355.454
594	1	-13	575.57	31.927	-0.91193	1.96452	1179.9	1350.34	-277.002	1278.37	1133.66	257.012
703	1	-13	1216.55	136.001	-0.933197	-2.17156	235.874	-601.097	-277.002	362.868	-424.202	286.009
803	1	-13	629.472	24.0464	-0.962731	0.736091	1328.6	7.64973	-277.002	1214.32	-92.2721	259.267
910	1	13	991.017	251.364	-0.999841	0.646924	-448.686	1217.34	-277	-457.12	1212.57	258.171
912	1	-13	672.449	103.773	-0.914037	0.241194	1395.39	1143.9	-277.002	1171.23	1091.31	258.783
914	1	-13	701.095	18.7394	-0.921706	0.654064	-468.792	-78.5968	-277.002	-661.394	-211.386	281.298
121	1	-13	626.796	67.2368	-0.939285	-2.89563	185.498	327.058	-277.002	373.681	380.533	260.557
242	1	-13	775.812	127.435	-0.891919	-1.08074	384.13	574.462	-277.002	254.27	815.053	261.367
244	1	-13	719.433	117.854	-0.997743	1.59484	-745.798	436.566	-277.002	-745.37	400.926	268.797
394	1	-13	563.651	15.6845	-0.943376	1.64497	742.962	339.909	-277.002	751.029	155.262	256.383
539	1	13	2367.08	151.333	-0.403024	0.343734	576.892	994.922	-277.002	-583.119	586.949	265.152
542	1	-13	1422.78	162.91	-0.570818	0.0823047	500.866	252.132	-277.001	-281.551	183.616	274.882
543	1	13	734.789	127.87	-0.907697	-1.47832	-797.742	-1259.4	-277.002	-817.224	-993.709	293.906
742	1	-13	662.703	151.264	-0.993218	2.72201	308.714	-331.338	-277.002	366.584	-356.807	279.409
747	1	-13	455.88	1.36935	-0.999236	-1.89018	1273.91	1411.27	-277.002	1278.16	1416.84	249.146
865	1	-13	835.265	20.8721	-0.79491	-2.50999	510.522	191.614	-277.002	833.862	434.884	256.711
21	1	13	7923.04	1131.6	-0.765986	-2.89495	492.967	-348.497	-277.002	929.706	-238.398	259.913
27	1	-13	686.176	114.991	-0.857101	-1.40628	741.572	-346.413	-277.002	687.852	-26.3822	262.386
336	1	13	860.236	102.385	-0.920448	2.76336	-764.4	316.766	-277.002	-538.719	227.058	281.295
337	1	13	1047.62	317.094	-0.980573	-0.169675	1276.48	699.049	-277.002	1171.56	716.479	259.522
340	1	13	953.564	242.396	-0.969055	0.118018	1489.03	-1304.05	-277.002	1324.63	-1324.07	372.666
552	1	-13	829.676	198.444	-0.99348	-1.96439	-807.603	-736.598	-277.002	-782.756	-678.193	280.303
636	1	-13	574.722	59.8802	-0.996362	-1.44471	1328.57	429.199	-277.002	1321.45	476.486	256.272
694	1	13	684.993	189.141	-0.998362	-1.73883	-86.1283	582.187	-277.002	-79.5761	614.143	263.738
695	1	13	1399.91	189.898	-0.595737	2.27868	-900.937	1338.79	-277.002	-426.896	787.678	265.196
966	1	13	687.676	26.2251	-0.943768	-2.59102	-1174.92	702.794	-277.002	-999.165	807.239	283.593
969	1	13	760.73	47.2028	-0.924385	1.53067	-308.883	640.61	-277.002	-324.221	420.187	263.883
159	1	13	641.439	99.9496	-0.943098	1.127	298.611	-1236.41	-277.002	213.409	-1426.56	310.796
264	1	-13	548.194	31.2817	-0.999667	1.69238	-1233.49	-157.97	-277.002	-1236.76	-170.976	272.543
379	1	-13	4323.67	1322.18	-0.996518	1.43171	-1032.85	1130.23	-277.002	-1039.14	1085.51	264.762
383	1	13	702.664	36.104	-0.776691	-2.0788	-1488	-840.044	-277.002	-1269.18	-449.911	280.911
592	1	13	617.05	19.9492	-0.930479	1.91508	-497.329	931.443	-277.002	-431.139	733.764	269.528
798	1	-13	802.906	94.1414	-0.99924	-2.00557	-266.641	362.872	-277.002	-257.804	380.868	263.517
799	1	-13	1381.35	366.718	-0.923448	2.58408	-1150.73	1030.35	-277.002	-953.935	907.951	278.666
801	1	-13	565.622	100.594	-0.994557	-0.750843	1371.67	-902.028	-277.002	1328.87	-857.782	278.972
956	1	13	447.705	11.9814	-0.909826	0.669314	1020.28	80.7856	-277.002	855.028	-61.1452	257.754
30	1	13	1704.24	896.641	-0.988628	1.90077	262.427	-432.254	-277.002	290.334	-515.379	298.76
171	1	13	635.812	11.8936	-0.746831	-0.0578301	1303.71	-2.2524	-277.002	846.321	22.9551	257.219
172	1	13	632.623	111.829	-0.963054	1.33092	-82.3627	357.819	-277.001	-118.879	210.49	264.633
367	1	-13	617.74	35.956	-0.947019	-0.459916	1412.24	580.055	-277.002	1255.74	660.522	256.577
368	1	-13	607.086	23.5452	-0.8798	-0.178688	465.55	-140.196	-277.002	173.422	-86.6996	277.906
369	1	13	1235.16	384.415	-0.893324	2.77589	1151.61	-723.462	-277.002	1411.71	-822.962	274.128
562	1	-13	620.535	40.1945	-0.876572	-1.45253	937.957	147.257	-277.002	896.301	439.327	258.383
620	1	13	1448.15	253.895	-0.842485	-0.464481	-1082.41	-403.636	-277.002	-1397.36	-247.097	272.723
773	1	-13	564.441	127.753	-0.999983	-3.00438	-406.035	1017.01	-277.002	-404.804	1015.39	258.416
864	1	-13	1001.31	132.751	-0.978145	1.63386	407.177	-317.787	-277.002	418.912	-437.103	284.522
25	1	-13	2448.86	356.194	-0.599953	0.961334	478.702	787.733	-277.002	69.101	202.462	261.583
26	1	13	737.796	167.563	-0.975298	-0.0752894	-1060.1	1191.79	-277.002	-1183.82	1198.31	267.297
463	1	-13	645.89	29.7149	-0.999314	2.94463	-1094.18	934.108	-277.002	-1079.79	920.666	286.902
464	1	-13	596.506	17.7561	-0.949849	-2.12635	-564.406	1033.08	-277.002	-468.741	1191.33	258.24
465	1	13	487.252	27.7304	-0.997442	2.61067	143.25	-7.52657	-277.002	174.453	-27.9136	273.185
466	1	-13	458.56	7.32783	-0.997871	-2.01169	-917.268	1021.99	-277.002	-903.856	1064.93	261.366
563	1	-13	719.769	102.937	-0.958477	1.62763	-309.749	375.867	-277.002	-304.766	212.933	271.425
631	1	13	1334.92	292.021	-0.680197	2.96749	-1107.39	611.775	-277.002	-532.604	508.86	264.373
635	1	13	474.503	8.98767	-0.959591	1.71473	317.406	3.68494	-277.002	328.489	-164.032	271.967
847	1	-13	1082.99	131.556	-0.856073	-2.44825	-358.689	-1183.41	-277.002	-52.6645	-933.128	380.757
66	1	13	4095.16	2139.22	-0.937202	-2.31303	-735.924	535.035	-277.002	-598.445	685.461	271.022
68	1	-13	1107.76	228.238	-0.707122	0.456658	-39.6327	423.004	-277.002	-553.849	169.544	293.95
69	1	13	570.383	78.287	-0.988882	2.12085	1436.63	-364.059	-277.002	1478.99	-430.098	263.737
241	1	13	696.548	153.077	-0.999231	-1.94959	991.373	816.008	-277.002	998.632	837.896	257.935
242	1	-13	1598.71	335.576	-0.984165	-2.81053	-768.366	69.9005	-277.002	-670.76	103.202	293.329
244	1	13	920.379	332.292	-0.972839	-1.74401	-493.899	-56.7288	-277.002	-470.517	81.7592	308.458
333	1	13	731.487	27.544	-0.836229	-0.449722	841.468	812.175	-277.002	522.327	966.124	259.931
485	1	-13	583.606	29.3163	-0.914609	-1.49674	1212.78	735.315	-277.002	1188.77	970.676	258.356
573	1	-13	748.381	16.4319	-0.984965	-2.63539	-1294.56	382.001	-277.002	-1198.39	438.863	295.364
815	1	-13	717.824	76.7685	-0.880314	1.10875	1194.75	-219.152	-277.002	1059.82	-483.173	269.759
962	1	-13	885.128	168.001	-0.987618	0.838375	229.273	1186.53	-277.002	172.219	1123.58	257.925
963	1	-13	1481.93	446.504	-0.876491	2.28433	-1211.99	-58.7547	-277.002	-1014.19	-287.986	273.618
77	1	13	844.68	28.0796	-0.916664	1.03594	675.254	-762.112	-277.002	526.754	-1000.45	364.401
79	1	13	1435.66	23.0928	-0.781698	3.13635	-1388.93	576.845	-277.002	-936.08	577.51	281.578
258	1	13	769.681	206.408	-0.881362	-0.892391	1142.33	-184.798	-277.002	961.796	37.8005	254.647
316	1	-13	645.578	65.6521	-0.87748	0.560354	368.149	712.108	-277.002	123.001	552.58	264.045
321	1	-13	433.912	5.64209	-0.998381	2.10714	-415.418	1355.21	-277.002	-396.809	1331.41	258.973
457	1	13	738.969	97.9246	-0.92535	1.41607	1435.92	80.892	-277.002	1400.87	-134.47	254.505
461	1	-13	1182.56	222.558	-0.804555	2.89693	-377.804	1219.13	-277.002	8.00512	1119.57	259.445
597	1	-13	476.487	27.8242	-0.976484	1.05805	1429.67	-593.765	-277.002	1373.13	-692.213	270.191
599	1	-13	540.35	1.46166	-0.829249	3.11592	963.266	151.206	-277.002	1329.16	124.317	253.543
601	1	13	484.448	16.5363	-0.990277	2.41146	1406.21	246.944	-277.002	1454.04	191.135	250.276
651	1	13	692.905	108.199	-0.95657	1.36937	741.599	-1223.52	-277.002	706.473	-1395.82	301.525
652	1	-13	1578.57	643.109	-0.781652	-0.259522	1156.35	-39.0266	-277.002	743.963	71.4919	259.158
657	1	13	483.416	9.42612	-0.922827	1.4202	1438.82	151.812	-277.002	1418.15	-67.501	251.797
758	1	-13	1122.06	333.851	-0.961946	-2.15018	565.961	-1368.91	-277.002	654.899	-1227.96	312.838
759	1	13	1498.23	572.326	-0.948558	-1.14571	-741.184	-922.874	-277.002	-818.973	-751.671	283.782
870	1	-13	619.943	50.3699	-0.881561	2.39511	-168.494	444.949	-277.002	35.9108	240.863	262.909
873	1	-13	1057.11	326.783	-0.993672	-2.52636	-1254.2	-856.608	-277.002	-1199.98	-820.02	302.081
155	1	-13	1707.38	805.061	-0.92442	2.74303	1011.27	115.032	-277.002	1214.63	30.1473	258.044
245	1	-13	577.404	62.4546	-0.998553	-0.358948	-106.606	1269.64	-277.002	-136.866	1277.12	259.528
248	1	-13	2786.37	587.394	-0.591794	2.70517	-771.834	1293.87	-277.002	-111.483	985.681	259.264
712	1	13	971.577	166.607	-0.95645	-1.87792	576.034	-1041.22	-277.002	636.791	-857.449	369.55
822	1	-13	620.969	151.342	-0.995591	-0.76247	-908.731	1117.76	-277.002	-943.6	1152.14	261.15
954	1	-13	504.364	54.8863	-0.993713	-2.92376	1349.19	774.498	-277.002	1401.17	789.145	257.947
41	1	-13	699.452	66.6756	-0.942244	-2.55105	128.928	-30.5459	-277.002	288.714	79.8658	267.274
337	1	-13	2542.44	1377.68	-0.999761	-2.47723	-1351.8	-102.628	-277.002	-1342.42	-95.1357	269.322
451	1	-13	493.048	12.6616	-0.99399	1.45287	-236.332	1378.01	-277.002	-234.34	1333.8	259.545
454	1	-13	672.358	82.5233	-0.876723	0.771166	862.833	423.276	-277.002	653.79	222.728	255.776
518	1	13	2401.63	1337.57	-0.800844	-1.51172	-1043.64	-893.952	-277.002	-1068.16	-478.814	278.976
523	1	13	1536.87	304.883	-0.851974	1.77694	-278.125	1047.16	-277.002	-209.233	719.729	265.481
694	1	-13	844.349	182.596	-0.980029	-0.753061	-228.282	-1165.64	-277.002	-316.116	-1084.4	323.067
696	1	-13	527.325	5.80862	-0.994458	0.671127	392.047	-1257.15	-277.002	370.745	-1288	310.689
699	1	-13	877.204	123.578	-0.70695	-2.5403	720.132	-521.751	-277.002	1164.98	-223.427	262.115
987	1	13	673.769	42.6935	-0.811426	2.76587	-1243.5	-376.446	-277.002	-874.532	-524.74	276.602
989	1	-13	1283.46	323.689	-0.88213	0.350797	-622.209	941.524	-277.002	-903.832	839.191	284.128
266	1	-13	734.534	110.681	-0.980554	-2.69864	1027.77	789.384	-277.002	1126.31	837.029	258.347
437	1	-13	876.292	147.738	-0.941423	0.138042	1075.15	701.673	-277.002	883.116	672.51	259.608
532	1	13	920.167	1.37963	-0.725845	-2.52223	-734.397	-631.515	-277.002	-299.365	-353.231	360.048
536	1	13	740.242	56.1162	-0.832247	-1.48256	-835.508	-1193.49	-277.002	-863.362	-817.735	289.906
537	1	13	545.193	29.6434	-0.987369	-2.38064	-986.732	-625.213	-277.002	-920.704	-562.476	280.425
648	1	13	644.007	81.1289	-0.996984	2.51428	7.76478	350.795	-277.002	38.2494	325.27	263.656
761	1	13	1013.52	98.994	-0.844342	2.83333	-467.968	-663.394	-277.002	-70.0602	-793.079	379.961
762	1	-13	697.694	126.849	-0.999972	2.39159	1298.48	650.461	-277.002	1301.08	647.049	256.157
905	1	13	1398.48	210.096	-0.927994	-0.914328	662.473	406.586	-277.002	530.524	576.334	258.01
906	1	-13	574.509	54.9451	-0.943983	-2.33351	-822.388	567.453	-277.001	-688.364	711.302	275.975
908	1	-13	639.641	110.515	-0.93371	3.00044	-516.096	402.909	-277.002	-309.87	375.32	264.548
9	1	-13	591.86	60.0526	-0.830787	-0.208861	722.994	837.335	-277.002	379.011	911.417	260.938
10	1	13	868.372	136.371	-0.748334	-0.743163	45.9394	1042.62	-277.002	-301.436	1363.54	259.45
248	1	-13	855.408	215.348	-0.99947	3.01572	689.839	188.241	-277.002	708.862	187.535	256.224
357	1	-13	825.461	86.8435	-0.761917	-2.66409	-1479.79	873.249	-277.002	-1061.69	1089.44	265.49
425	1	-13	671.146	68.4824	-0.965907	-0.783786	281.189	-350.967	-277.002	167.582	-243.466	291.114
426	1	-13	586.217	109.919	-0.971718	2.16525	870.821	1260.37	-277.002	946.204	1154.9	264.917
526	1	-13	801.867	10.7859	-0.912474	2.23888	1110.05	854.281	-277.002	1274.29	658.365	256.007
753	1	-13	573.634	24.7146	-0.992098	2.80811	-1152.39	-1077.28	-277.002	-1083.54	-1105.93	316.436
859	1	-13	455.602	8.85725	-0.999239	1.91546	-1426.84	177.8	-277.002	-1424.24	181.804	274.503
90	1	13	2108.55	93.736	-0.613011	-2.35236	963.746	-933.26	-277.002	1460.11	-439.163	263.688
358	1	13	3041.31	447.201	-0.999999	0.96189	-546.388	-252.165	-277.002	-547.337	-252.545	290.407
579	1	13	4464.35	2138.29	-0.932285	2.11596	-714.293	-1151.99	-277.002	-595.474	-1347.75	313.618
716	1	-13	1323.21	52.8955	-0.71775	-1.057	412.693	413.473	-277.002	154.512	866.536	259.271
717	1	-13	793.689	186.477	-0.92374	3.11913	-862.877	291.774	-277.002	-635.327	286.585	274.857
869	1	-13	490.326	27.392	-0.918227	1.96979	-316.029	562.524	-277.002	-235.671	357.738	263.543
932	1	-13	583.895	28.4497	-0.982897	-1.55213	851.972	1067.87	-277.002	839.441	1159.87	262.312
936	1	-13	914.538	79.4911	-0.732992	-1.13095	1267.56	-664.851	-277.002	1052.95	-211.532	261.189
234	1	13	684.308	154.887	-0.994306	2.25521	456.59	1042.01	-277.002	492.263	996.38	259.236
348	1	13	1397.36	338.307	-0.706541	-0.123541	38.9995	-865.907	-277.002	-530.319	-795.09	292.568
536	1	-13	421.662	4.91954	-0.999427	-2.26086	-519.606	782.326	-277.002	-513.705	788.554	266.056
640	1	13	516.477	28.793	-0.831121	-2.40554	694.06	768.8	-277.002	958.504	1002.62	261.566
820	1	-13	744.72	26.5607	-0.756936	0.547429	-403.9	-963.827	-277.002	-833.865	-1214.93	308.511
165	1	13	1118.79	127.097	-0.691289	-1.51489	-621.024	-325.366	-277.002	-651.504	247.845	279.137
167	1	13	603.931	9.07133	-0.878056	1.45237	-601.928	191.064	-277.002	-640.164	-107.035	290.397
260	1	13	774.866	167.13	-0.993958	0.646794	-835.247	-580.307	-277.002	-883.853	-616.23	281.731
262	1	-13	649.805	104.956	-0.995436	1.85517	80.5956	122.678	-277.002	97.2024	71.1059	268.451
263	1	13	1178.64	337.446	-0.851788	3.01742	-1157.48	-1238.02	-277.002	-801.974	-1282.12	307.874
386	1	13	1919.17	570.659	-0.834512	0.232694	-29.8105	664.839	-277.002	-378.145	583.17	265.666
848	1	-13	1575.22	480.705	-0.721174	1.98774	-840.153	-257.028	-277.002	-621.487	-751.847	285.463
581	1	-13	568.424	56.8854	-0.957347	-1.23186	946.868	-322.686	-277.002	898.195	-167.527	257.763
584	1	13	866.771	93.0635	-0.875146	0.460433	1458.06	1218.41	-277.002	1191.26	1083.92	258.497
585	1	13	953.909	267.149	-0.970948	-2.87202	-1044.77	302.311	-277.002	-916.488	335.68	267.731
586	1	-13	773.795	35.9315	-0.720367	1.52315	379.757	1123.96	-277.002	359.331	621.779	260.777
681	1	13	612.53	0.764566	-0.816814	1.43016	-655.946	1163.5	-277.002	-677.76	703.641	275.338
683	1	-13	1041.75	147.573	-0.789393	2.34496	1041.76	-253.66	-277.002	1337.22	-556.873	266.077
836	1	13	805.405	52.2419	-0.999012	1.10879	-644.995	-385.761	-277.002	-651.64	-403.05	280.489
944	1	-13	651.576	53.0158	-0.788265	0.804088	-47.946	1037.49	-277.002	-343.451	732.049	267.384
15	1	-13	809.9	125.908	-0.896285	1.60329	-224.782	306.366	-277.002	-216.183	21.3596	297.903
16	1	13	817.931	132.44	-0.983183	2.7517	656.275	-641.411	-277.002	757.297	-682.86	317.602
18	1	13	702.266	161.215	-0.921396	-1.22083	942.911	629.162	-277.002	863.646	842.978	257.784
197	1	13	808.932	38.5799	-0.687622	1.84403	391.565	1421.29	-277.002	540.537	877.983	261.316
198	1	13	2333.63	769.825	-0.923441	-2.34261	-821.627	-1343.95	-277.002	-656.852	-1173.82	293.248
303	1	-13	4184.23	1485.67	-0.994927	-0.332543	-1431.15	-663.566	-277.002	-1485.14	-644.957	286.366
307	1	-13	1482.19	374.815	-0.841246	2.64936	169.571	-384.321	-277.002	505.078	-564.762	316.092
493	1	-13	895.776	170.42	-0.989839	-1.9623	-1443.6	239.608	-277.002	-1411.68	314.046	293.292
494	1	-13	2458.8	1129.47	-0.815691	-1.47162	160.385	263.621	-277.002	121.923	643.474	262.197
750	1	13	698.707	83.1083	-0.852276	-0.383387	896.775	452.357	-277.002	593.424	575.258	257.175
854	1	-13	1546.17	317.295	-0.983203	0.64098	558.795	-1093.24	-277.002	469.461	-1159.76	322.721
990	1	-13	1491.08	561.554	-0.851645	1.0134	870.249	334.511	-277.002	694.578	54.7464	260.899
61	1	-13	775.294	257.049	-0.999372	2.47644	992.156	1169	-277.002	1007.1	1155.58	262.99
224	1	13	781.51	171.421	-0.987392	0.995147	1011.34	-657.613	-277.002	960.208	-735.224	306.424
229	1	13	688.243	93.6113	-0.966062	-1.93166	-1237.25	259.29	-277.002	-1184.44	406.328	290.059
441	1	13	1353.84	133.497	-0.678928	2.13996	-316.567	-920.592	-277.002	33.9763	-1466.59	320.37
442	1	13	711.84	171.414	-0.995883	-2.86379	1382.18	-62.498	-277.002	1429.63	-51.0464	251.041
905	1	13	1001.48	191.132	-0.745182	-0.82643	883.846	860.397	-277.002	561.705	1210.92	254.582
907	1	-13	1290.11	609.302	-0.995741	-1.30558	1386.31	1154.96	-277.002	1372.99	1202.43	255.851
134	1	-13	632.879	54.729	-0.885476	-0.606214	1378.22	-267.123	-277.002	1146.56	-107.382	259.567
137	1	-13	1432.85	599.084	-0.986558	3.05938	585.428	164.914	-277.002	673.499	158.212	257.812
138	1	-13	708.546	171.662	-0.993815	-0.84733	1046.51	358.55	-277.002	1007.25	404.505	258.614
180	1	-13	713.728	201.959	-0.940201	-1.49	-223.589	750.493	-277.002	-240.323	943.125	259.835
181	1	-13	718.646	71.006	-0.883875	-1.98927	-1137.12	-110.268	-277.002	-1015.39	153.511	266.315
274	1	-13	774.495	182.502	-0.951282	1.4395	222.848	229.872	-277.002	198.954	53.1479	267.539
414	1	13	1378.18	299.613	-0.995953	2.9174	877.894	53.4538	-277.002	924.866	42.5198	255.014
652	1	13	546.925	18.2847	-0.847663	-1.86976	-927.17	-64.8569	-277.002	-825.486	268.9	268.9
653	1	13	1053.81	318.169	-0.960155	-1.30806	1439.56	1016.4	-277.002	1398.21	1167.4	256.102
657	1	-13	416.068	11.636	-0.999298	2.14673	757.066	1171.62	-277.002	773.311	1165.89	258.033
784	1	-13	615.487	18.9415	-0.996778	-1.9665	-1337.73	584.131	-277.002	-1328.41	625.358	289.226
788	1	-13	984.2	104.959	-0.785651	0.506272	109.109	-1218.08	-277.002	-310.127	-1446.37	326.45
893	1	13	782.696	83.0201	-0.852353	-0.226577	-52.5694	149.448	-277.002	-382.712	223.742	273.639
43	1	13	775.068	67.2744	-0.856182	0.510469	857.765	873.295	-277.002	565.842	717.495	255.856
45	1	13	1301.13	479.377	-0.779485	0.964256	329.642	1431.78	-277.002	84.6305	1079.24	260.036
205	1	-13	1086.37	139.799	-0.907032	1.3401	649.412	1447.22	-277.002	592.298	1207.14	254.657
407	1	-13	926.685	208.904	-0.974957	2.49064	642.889	676.553	-277.002	739.229	603.136	258.593
408	1	13	1288.8	262.576	-0.702952	0.492099	-439.312	1141.18	-277.002	-935.795	874.737	281.72
606	1	-13	783.44	162.409	-0.756715	2.90981	-150.803	408.441	-277.002	301.369	303.988	261.692
607	1	13	583.912	29.3638	-0.995414	2.72563	-542.419	1443.81	-277.002	-496.717	1427.06	259.024
767	1	-13	997.662	317.395	-0.997671	1.65831	644.625	-1457.41	-277.002	648.632	-1497.56	299.321
826	1	-13	968.951	139.88	-0.990928	-2.09199	-1096.37	-95.5152	-277.002	-1060.22	-29.1195	270.428
827	1	13	545.116	33.0449	-0.914399	-2.06817	1062.05	541.907	-277.002	1172.27	745.013	258.8
830	1	-13	683.037	2.11559	-0.92259	-2.42123	-625.312	-268.328	-277	-436.584	-133.335	323.76
924	1	-13	729.583	91.0875	-0.893648	0.468275	1280.85	-197.169	-277.002	1035.43	-318.156	263.31
927	1	13	1487.76	293.441	-0.910191	2.99391	-231.019	-255.684	-277.002	40.6037	-295.405	324.659
92	1	13	495.725	15.1283	-0.966666	1.54301	348.495	1494.61	-277.002	343.646	1350.01	259.878
96	1	-13	844.685	27.4718	-0.725831	1.52456	1144.68	-58.0168	-277.002	1124.94	-579.46	271.104
186	1	-13	674.944	11.0983	-0.997665	-0.279486	-1447.75	-170.416	-277.002	-1467.44	-161.088	274.959
309	1	13	591.224	0.270299	-0.977148	3.02565	779.73	-1048.15	-277.002	891.576	-1078.63	343.66
311	1	-13	788.408	159.464	-0.917488	-0.120117	-94.5748	186.71	-277.002	-329.834	216.571	272.103
404	1	-13	1185.81	98.4758	-0.870013	2.1512	-1125.35	-1037.36	-277.002	-938.545	-1318.87	319.841
673	1	-13	499.122	14.768	-0.961549	-1.0766	-1173.12	1072.7	-277.002	-1258.9	1219.19	269.037
675	1	-13	1129.65	191.977	-0.698594	2.8669	494.018	61.7133	-277.002	1021.15	-88.2374	256.786
885	1	-13	2355.32	332.249	-0.723096	0.372217	-316.626	-262.771	-277.002	-809.543	-456.018	275.336
118	1	-13	811.292	49.736	-0.963387	2.51158	-513.382	-1319	-277.002	-381.25	-1423.07	318.833
200	1	13	1257.39	124.443	-0.537585	0.785021	1083.19	1394.64	-277.002	488.386	801.511	259.188
202	1	13	984.242	188.396	-0.808777	-0.835047	308.665	338.982	-277.002	45.7113	629.905	263.368
291	1	13	1552.18	59.5167	-0.522994	-1.60116	-1456.88	-781.497	-277.002	-1430.32	118.012	272.824
292	1	-13	709.64	39.6711	-0.761022	1.64005	909.072	682.437	-277.002	938.269	227.247	256.101
373	1	-13	719.066	33.4368	-0.886045	0.959175	-804.41	25.8435	-277.002	-980.226	-206.48	271.115
494	1	-13	762.802	35.8601	-0.790227	2.96979	-911.866	-11.0029	-277.002	-443.633	-99.8651	328.389
646	1	13	771.812	137.734	-0.987873	2.25681	-857.875	535.34	-277.002	-800.065	465.941	274.083
650	1	-13	612.38	31.1339	-0.837836	0.941634	847.235	1343.98	-277.002	632.342	1052.41	257.624
715	1	-13	1074.83	231.499	-0.786722	-0.602389	1095.14	437.182	-277.002	748.115	673.981	257.677
876	1	13	1104.96	219.79	-0.74156	-0.932034	1074.07	598.054	-277.002	782.792	989.733	259.059
931	1	13	631.413	131.498	-0.997784	-2.73842	1052.31	-553.012	-277.002	1088.01	-539.925	270.814
151	1	-13	580.924	114.264	-0.955233	-0.348185	48.7696	1075.39	-277.002	-104.717	1130.84	258.706
325	1	-13	728.493	80.2257	-0.776784	-0.0488391	800.357	-390.126	-277.002	342.941	-371.228	281.941
583	1	-13	2165.77	790.115	-0.91286	-2.54787	790.228	-1427.57	-277.002	1018.68	-1272.19	340.607
766	1	-13	480.601	32.6471	-0.999931	0.546467	-668.066	236.485	-277.002	-670.932	233.961	280.762
768	1	-13	770.502	38.9842	-0.865475	2.25842	841.717	173.482	-277.002	1033.68	-72.5097	256.49
19	1	-13	1026.6	191.63	-0.963804	0.799565	-700.529	815.503	-277.002	-805.239	704.134	279.78
163	1	-13	1098.63	323.311	-0.997605	-1.11875	-267.898	667.46	-277.002	-283.179	700.619	265.342
166	1	13	463.434	1.86783	-0.948106	0.192398	954.414	-73.8162	-277.002	786.4	-102.387	256.435
282	1	-13	903.955	180.86	-0.900942	-0.305386	-428.608	-745.281	-277.002	-685.414	-663.399	281.157
283	1	13	936.637	87.1766	-0.815541	-2.94177	436.91	-1108.95	-277.002	876.136	-1020.33	349.737
286	1	13	811.844	239.525	-0.994498	-0.65614	1430.88	291.811	-277.002	1386.83	325.623	253.438
365	1	13	899.504	293.283	-0.933635	-2.55977	-255.351	810.889	-277.002	-82.965	924.706	259.678
809	1	13	1369.09	236.351	-0.718334	-1.26041	1123.52	-277.989	-277.002	964.164	216	256.193
811	1	-13	2347.92	1003.47	-0.999969	-0.973058	1445.14	663.186	-277.002	1442.9	666.068	256.075
998	1	-13	716.543	45.4432	-0.681165	-2.83458	760.455	434.554	-277.002	1310.82	602.633	256.25
232	1	-13	3449.71	1419.4	-0.836175	-2.2784	-716.027	-213.024	-277.002	-466.084	78.4696	308.655
518	1	-13	755.168	241.931	-0.980416	1.16406	-172.818	840.153	-277.002	-216.761	740.681	264.925
520	1	13	733.699	238.43	-0.966742	1.32096	-1267.27	-447.215	-277.001	-1305.94	-593.362	293.296
523	1	13	1515.4	282.418	-0.970038	1.85551	691.639	-532.637	-277.002	734.239	-675.433	319.707
687	1	13	672.085	55.662	-0.996913	2.0938	-924.64	-1167.45	-277.002	-899.633	-1206.56	314.264
688	1	13	766.977	42.7495	-0.723008	-2.83523	-172.393	971.727	-277.002	314.718	1134.96	257.156
690	1	-13	1132.71	275.861	-0.790233	0.177912	2.45139	911.64	-277.002	-407.264	838.686	261.237
792	1	13	955.108	94.1337	-0.967704	-0.381913	299.686	1076.66	-277.002	172.583	1130.23	257.891
793	1	13	557.339	61.1931	-0.965975	-0.133671	584.563	693.827	-277.002	443.154	718.715	257.886
794	1	13	1510.47	496.292	-0.82731	0.649386	273.709	701.086	-277.002	-18.2645	478.729	264.404
87	1	13	598.008	13.305	-0.984038	-0.387167	267.119	-1346.2	-277.002	170.761	-1310.03	314.236
413	1	-13	812.104	171.955	-0.900344	1.37784	-1141.61	-238.783	-277.002	-1192.49	-502.953	283.768
417	1	13	614.908	12.6612	-0.857881	-2.48229	1100.58	-802.66	-277.002	1353.1	-614.223	267.723
505	1	13	734.664	2.83062	-0.858885	-1.23153	1138.18	778.096	-277.002	999.156	1106.1	263.32
506	1	-13	608.948	43.366	-0.999992	2.6737	-1233.31	-1279.93	-277.002	-1233.37	-1279.89	329.287
507	1	-13	605.189	113.225	-0.991382	-2.87435	829.531	-84.382	-277.002	895.769	-65.3599	256.952
510	1	13	614.609	124.532	-0.968803	-0.287036	-893.236	-643.548	-277.002	-1034.06	-604.063	285.194
624	1	-13	829.695	15.6474	-0.685013	-0.861427	-537.779	-524.2	-277.002	-895.403	-61.3999	267.62
628	1	-13	1002.28	202.335	-0.711578	-2.53623	19.0858	-215.572	-277.002	459.088	89.12	263.934
792	1	13	868.562	315.006	-0.932809	-1.61786	-1031.67	152.515	-277.002	-1022.18	364.689	274.973
793	1	13	1078.25	295.212	-0.98327	-2.99476	-377.392	1144.42	-277.002	-278.81	1158.32	257.248
795	1	-13	1615.52	176.034	-0.939605	-2.31465	383.272	-879.913	-277.002	535.806	-709.267	358.26
797	1	-13	508.738	10.4152	-0.992872	-0.235956	-184.244	222.324	-277.002	-242.352	241.881	265.722
918	1	-13	1081.23	159.352	-0.792861	0.607904	489.434	380.301	-277.002	153.159	146.012	262.542
922	1	13	558.185	83.9212	-0.999973	2.7267	315.699	1008.12	-277.002	319.676	1006.17	259.689
107	1	13	568.091	19.2207	-0.932721	-1.56776	794.886	532.774	-277.002	803.518	741.299	258.562
110	1	-13	578.617	106.445	-0.990692	1.38574	-823.277	692.457	-277.002	-838.038	622.897	278.094
216	1	-13	799.282	159.987	-0.961633	2.20421	534.904	-1238.91	-277.002	631.886	-1372.14	304.535
295	1	-13	681.641	32.917	-0.907119	2.67966	878.386	1015.56	-277.002	1115.17	912.093	258.925
475	1	13	1008.66	11.8832	-0.99599	0.802305	158.127	1025.12	-277.002	140.125	991.879	257.807
827	1	-13	841.673	251.879	-0.995029	1.60456	-308.016	-681.193	-277.002	-309.167	-742.152	332.251
830	1	-13	540.684	35.2264	-0.993589	0.180117	129.398	-93.4745	-277.002	59.0069	-109.404	284.702
938	1	-13	1351.98	337.632	-0.927458	2.17382	-832.04	-70.3575	-277.002	-705.521	-253.895	276
939	1	-13	1027.39	114.406	-0.874277	0.866529	-148.679	378.813	-277.002	-350.289	138.263	287.212
940	1	-13	657.855	52.8056	-0.966461	-1.63927	953.253	-1162.44	-277.002	966.362	-994.916	348.097
942	1	-13	468.822	1.56513	-0.877223	-1.07172	-898.87	-434.418	-277.002	-993.905	-205.725	271.138
64	1	-13	1276.2	156.895	-0.575473	-0.71489	438.205	929.208	-277.002	-136.186	1432.77	259.199
65	1	-13	827.292	37.8152	-0.724715	0.30219	172.678	-421.526	-277.002	-376.252	-592.549	326.931
66	1	13	691.397	29.1295	-0.999951	-0.680219	-920.197	-1057.98	-277.002	-929.485	-1052.88	310.964
330	1	-13	707.248	92.5071	-0.937261	2.12027	-990.641	-279.255	-277.002	-888.14	-455.33	274.976
609	1	13	1878.52	83.6812	-0.758246	-0.650846	1423.98	622.029	-277.002	1057.84	903.172	258.296
842	1	-13	1410.4	361.095	-0.681998	-1.99587	-957.604	611.26	-277.002	-720.661	1138.81	259.158
845	1	13	630.831	61.7879	-0.945846	-2.51733	-286.836	-178.517	-277.002	-126.16	-66.0089	294.99
982	1	13	1552.46	555.682	-0.909685	-2.93585	372.561	475.461	-277.002	611.06	525.535	258.675
983	1	-13	573.437	108.489	-0.99804	2.9102	-252.316	253.357	-277.002	-219.718	246.791	264.961
985	1	-13	1102.75	298.901	-0.958366	-2.05747	375.065	111.233	-277.002	449.249	251.336	258.683
82	1	-13	431.126	3.27387	-0.986134	2.91768	1255.88	250.95	-277.002	1343.72	230.585	252.755
83	1	13	553.972	16.9319	-0.869719	1.85864	-371.404	1299.01	-277.002	-293.009	1019.77	258.373
227	1	13	733.991	125.1	-0.909093	1.89844	-827.283	33.22	-277.002	-744.54	-201.682	273.727
228	1	13	891.403	8.77625	-0.75286	-1.54348	914.405	-978.638	-277.002	898.592	-484.6	268.221
229	1	13	1352.64	537.646	-0.939828	-1.22856	-629.247	-62.6846	-277.002	-697.968	131.696	291.146
320	1	13	806.575	133.053	-0.938471	1.26113	-1430.43	1171.49	-277.002	-1497.02	968.208	297.983
409	1	-13	572.653	6.00902	-0.821046	1.30649	572.226	1190.7	-277.002	470.252	825.25	259.846
507	1	-13	974.513	125.388	-0.75004	1.70434	577.55	-371.78	-277.002	657.746	-933.435	372.413
805	1	13	767.744	184.131	-0.978073	-2.79641	-718.002	-1155.09	-277.002	-604.617	-1113.39	290.796
927	1	-13	843.56	108.372	-0.735248	0.290902	-261.97	1220.75	-277.002	-733.141	1078.67	259.584
929	1	13	1067.87	404.614	-0.931525	1.97806	1292.97	794.015	-277.002	1376.8	601.746	256.133
0	1	13	465.069	8.23959	-0.986342	-1.73271	223.331	335.845	-277.002	234.194	422.488	261.08
6	1	13	493.069	6.36683	-0.997794	2.56632	306.979	812.462	-277.002	331.127	804.608	262.312
278	1	-13	723.053	125.321	-0.97883	-1.86452	-927.666	-440.542	-277.002	-893.028	-333.097	274.85
279	1	13	4113.76	628.156	-0.988923	-0.697733	360.932	731.387	-277.002	299.657	784.049	262.105
435	1	13	733.437	62.8905	-0.75788	2.38688	36.1962	327.213	-277.002	365.977	9.48253	266.71
437	1	-13	891.03	296.094	-0.997258	-2.45285	-37.4155	-132.296	-277.002	-5.17229	-104.984	290.426
440	1	13	597.488	37.2243	-0.995146	0.590706	-602.849	-867.05	-277.002	-647.275	-887.574	288.311
578	1	-13	823.33	9.37833	-0.992658	-0.800596	-163.643	-174.466	-277.002	-215.968	-124.989	321.257
579	1	-13	859.498	235.74	-0.862023	-2.47929	562.587	18.9146	-277.002	811.594	212.834	255.428
728	1	13	834.92	220.935	-0.949217	-1.02502	-828.365	736.417	-277.002	-925.643	893.611	279.835
732	1	13	891.563	73.5422	-0.706514	2.08883	-1193.28	403.11	-277.002	-918.762	-66.837	267.388
964	1	13	4296.66	2499.81	-0.984341	2.25476	1115.17	-1135.9	-277.002	1186.96	-1224.05	355.974
965	1	13	537.485	43.675	-0.924537	-1.69912	1360.23	-65.2293	-277.002	1389.17	153.273	252.47
781	1	-13	630.352	69.0368	-0.864714	-0.0158572	-583.554	1148.6	-277.002	-891.426	1152.24	259.988
783	1	13	724.588	31.1411	-0.812752	-2.57008	-1321.87	1209.72	-277.002	-992.084	1424.8	261.968
946	1	-13	904.834	61.7143	-0.741618	2.78032	381.853	1423.56	-277.002	834.633	1256.96	260.344
31	1	-13	425.943	4.4863	-0.99547	-2.27074	-1064.23	130.83	-277.002	-1041.53	171.104	265.826
617	1	13	625.951	56.4114	-0.981799	-2.47464	-1104.27	-31.9611	-277.002	-1021.51	37.6518	268.359
618	1	-13	524.367	57.5989	-0.999625	-1.80765	-227.476	751.416	-277.002	-227.492	762.906	264.351
725	1	-13	1174.43	285.086	-0.751398	1.387	-706.81	-181.729	-277.002	-799.5	-661.529	279.961
726	1	-13	456.015	12.9324	-0.973894	0.992825	446.418	1344.55	-277.002	375.085	1264.39	257.012
974	1	13	748.357	62.7234	-0.812761	-0.403099	-560.453	862.571	-277.002	-917.411	1011.39	263.632
976	1	13	962.603	255.74	-0.986725	3.0335	90.861	-113.824	-277.002	181.362	-124.677	280.055
977	1	-13	1158.17	33.0118	-0.445163	-2.2199	380.984	-1113.67	-277.002	1021.61	-252.394	261.013
979	1	-13	1611.26	822.941	-0.999999	2.30442	-1427.98	-224.224	-277.002	-1427.05	-224.631	273.093
542	1	-13	462.988	8.5263	-0.942573	0.67606	1424.43	-378.693	-277.002	1296.64	-500.813	264.712
643	1	13	825.375	76.5441	-0.772878	-2.10169	-704.825	-146.873	-277.002	-472.854	246.478	276.488
742	1	-13	528.448	11.343	-0.992853	-3.11113	1023.85	-561.485	-277.002	1084.3	-556.278	271.563
748	1	13	801.06	133.929	-0.954531	0.942434	281.316	-965.287	-277.002	167.039	-1120.48	335.776
982	1	-13	910.49	364.512	-0.999202	0.528673	138.828	265.267	-277.002	120.304	254.757	262.889
984	1	-13	992.123	168.234	-0.807085	-2.98026	-380.071	251.547	-277.002	2.74178	317.148	263.572
297	1	-13	848.663	174.385	-0.949927	-0.103016	-1071.14	-554.694	-277.002	-1258.14	-536.015	287.874
385	1	13	603.653	36.0714	-0.994976	1.63949	-1145.39	-1061.04	-277.002	-1143.49	-1125.79	319.627
386	1	13	629.53	71.8432	-0.987592	0.850506	-1062.81	-679.913	-277.002	-1122.63	-748.179	290.542
550	1	-13	508.585	49.4713	-0.966232	-1.55878	1246.09	316.07	-277.002	1239.54	459.619	257.1
552	1	13	729.238	87.1577	-0.779921	-3.02304	-1073.72	726.832	-277.002	-638.375	779.782	273.639
673	1	-13	2603.37	690.701	-0.941476	-0.0800309	-217.989	1459.2	-277.002	-410.123	1474.63	260.787
676	1	13	2964.67	1573.39	-0.997835	-0.399161	41.904	535.336	-277.002	9.1369	549.062	265.387
677	1	13	1866.85	438.848	-0.917885	-2.55974	-299.866	-278.817	-277.002	-88.5146	-141.096	305.104
58	1	-13	474.832	18.876	-0.96166	0.727838	-529.655	-434.733	-277.002	-643.761	-546.138	283.752
60	1	13	1463.31	439.462	-0.689273	-1.04258	-1185.12	-1464.82	-277.002	-1485.5	-948.183	294.511
62	1	13	1353.7	356.482	-0.866614	-1.00445	1317.89	-674.498	-277.002	1149.1	-409.762	265.786
464	1	-13	4528.11	1439.16	-0.891184	0.826989	467.195	-201.422	-277.002	272.166	-413.551	289.474
680	1	-13	2606.68	989.797	-0.834491	-0.329887	1271.77	696.503	-277.002	937.958	811.357	258.083
681	1	-13	2949.69	1088.76	-0.72563	0.421023	-639.374	-524.565	-277.002	-1130.76	-744.368	290.318
939	1	13	666.282	176.135	-0.970535	0.301978	-863.649	-418.469	-277.002	-995.991	-461.641	277.179
941	1	13	610.139	21.2916	-0.986892	-2.1101	-1464.44	-1259.53	-277.002	-1416.96	-1169.81	322.002
942	1	13	941.356	106.811	-0.997687	-0.314847	-292.608	-99.9943	-277.002	-333.41	-87.5845	335.435
64	1	13	541.633	112.508	-0.997187	-0.994948	-1467.88	1189.22	-277.002	-1491.74	1224.86	276.848
65	1	13	449.764	38.0223	-0.990972	1.8466	690.679	535.661	-277.002	709.716	467.339	257.726
69	1	-13	672.288	50.7255	-0.840979	2.55832	-1255.92	-923.034	-277.002	-951.786	-1120.83	312.696
244	1	-13	689.154	112.93	-0.949205	-0.0820773	-705.366	1382.21	-277.002	-881.208	1401.82	260.616
529	1	-13	1320.07	343.326	-0.743001	-0.329339	-891.911	-1199.65	-277.002	-1401.98	-1026.77	318.183
531	1	-13	1614.57	693.388	-0.894364	-2.18266	965.6	510.081	-277.002	1119.5	729.365	258.886
865	1	-13	536.254	17.2362	-0.981504	1.72261	-8.62971	403.339	-277.002	14.5948	310.938	263.505
867	1	-13	857.965	34.3673	-0.712022	-1.25548	-361.537	-712.401	-277.002	-533.287	-183.179	297.898
934	1	13	513.112	4.55172	-0.99955	-0.340285	-401.97	-1386.78	-277.002	-416.592	-1378.75	312.164
935	1	-13	517.487	37.7107	-0.965943	-0.727159	-540.579	-640.671	-277.002	-653.093	-549.963	283.221
14	1	13	464.367	7.48251	-0.973423	-2.29464	-1496.01	29.8455	-277.002	-1410.46	126.289	272.351
15	1	13	840.067	31.2575	-0.743435	-0.229697	-174.845	-1206.64	-277.002	-655.486	-1090.26	289.805
148	1	-13	994.558	122.533	-0.997709	2.59624	-957.588	377.844	-277.002	-925.931	357.328	269.599
150	1	13	690.83	86.2132	-0.959129	-0.137172	-558.148	129.464	-277.002	-720.846	151.762	287.995
415	1	13	668.331	95.3126	-0.893734	-1.72724	492.53	-154.814	-277.002	539.125	108.817	262.589
701	1	-13	992.634	181.745	-0.98087	2.5418	-1144.22	-86.3091	-277.002	-1056.07	-147.437	270.263
702	1	-13	927.81	78.1849	-0.876331	2.85641	-577.583	-605.963	-277.002	-242.409	-704.854	358.307
8	1	13	665.182	58.3455	-0.996258	-2.06181	-1359.74	-6.23377	-277.002	-1337.86	37.8242	268.399
9	1	-13	827.617	66.3368	-0.721576	2.35699	463.964	1297.04	-277.002	830.067	939.625	259.338
10	1	-13	1325.9	183.648	-0.958174	0.997392	-452.192	1049.9	-277.002	-541.701	913.107	260.266
329	1	-13	631.921	29.1098	-0.898575	-2.11587	853.441	-998.351	-277.002	1003.97	-754.743	306.134
407	1	13	611.839	7.79149	-0.82619	0.0270488	-821.983	619.16	-277.002	-1196.04	643.812	284.823
408	1	-13	692.771	15.696	-0.981186	-0.912086	-845.925	-43.3674	-277.002	-909.517	43.4328	268.001
410	1	13	788.223	111.77	-0.924495	-1.48683	1256.87	960.926	-277.002	1233.79	1179.34	257.608
610	1	-13	448.522	11.2404	-0.991921	-0.0735757	-727.804	-81.5068	-277.002	-784.823	-77.0352	272.272
676	1	13	714.525	135.793	-0.829137	1.4508	-1119.01	740.713	-277.002	-1167.71	367.914	282.866
761	1	-13	849.674	54.1065	-0.898169	-1.32615	488.232	950.207	-277.002	428.209	1206.37	255.128
49	1	-13	569.909	102.148	-0.999613	1.11589	-1438.19	800.302	-277.002	-1448.11	788.275	285.817
225	1	-13	644.952	66.9008	-0.945457	-0.84813	-1152.52	606.719	-277.002	-1280.25	752.897	285.195
230	1	13	5494.07	1912.75	-0.999104	-1.32954	-1041.51	-1244.68	-277.002	-1047.46	-1220.27	321.87
806	1	13	1640.48	407.715	-0.859383	1.48473	1406.16	1451.67	-277.002	1379.72	1136.19	256.005
946	1	13	750.57	97.0047	-0.850836	-0.4575	-961.213	1074.6	-277.002	-1258.9	1219.19	269.037
116	1	-13	771.999	12.6085	-0.982643	1.15867	-195.089	-1183.06	-277.002	-231.431	-1275.23	341.107
141	1	13	900.122	149.149	-0.862606	0.676149	1271.2	1486.55	-277.002	1028.32	1289.63	257.743
142	1	-13	609.836	54.934	-0.899071	2.35908	798.173	-78.697	-277.002	984.529	-258.369	260.561
143	1	-13	530.498	41.5496	-0.906226	-1.10355	-634.183	-431.294	-277.002	-744.54	-201.682	273.727
144	1	13	701.692	116.418	-0.995365	0.721116	936.313	-451.053	-277.002	898.592	-484.6	268.221
145	1	-13	679.562	5.14168	-0.869052	-2.9074	-1031.29	32.5441	-277.002	-697.968	131.696	291.146
309	1	-13	524.241	5.8286	-0.993137	-0.557265	-179.845	-279.585	-277.002	-250.664	-231.838	340.491
310	1	13	1148.91	128.76	-0.694269	2.61969	-429.623	-295.775	-277.002	121.577	-609.157	332.522
710	1	13	969.838	151.87	-0.848995	1.06026	632.323	1116.63	-277.002	470.252	825.25	259.846
711	1	13	407.297	1.28684	-0.979217	0.882679	879.044	1004.15	-277.002	821.273	921.486	259.046
713	1	13	1434.89	243.995	-0.98016	-1.62597	1239.31	-304.126	-277.002	1246.1	-193.981	260.272
21	1	-13	498.057	12.9365	-0.99645	-1.28249	-1091.86	-972.907	-277.002	-1087.47	-924.161	316.235
23	1	13	466.381	8.48255	-0.992456	2.48898	-287.362	198.313	-277.002	-254.201	156.599	276.27
25	1	-13	1069.93	373.156	-0.838111	-0.647924	1381.3	-330.512	-277.002	1102.01	-119.514	259.502
212	1	-13	1144.1	326.363	-0.911985	2.7538	-1131.53	-635.516	-277.002	-897.242	-730.969	288.255
214	1	-13	805.235	26.2566	-0.735118	-2.1582	-951.637	-337.706	-277.002	-670.76	103.202	293.329
326	1	-13	660.381	51.5248	-0.998406	-0.536432	556.871	950.096	-277.002	522.327	966.124	259.931
438	1	13	473.561	27.1246	-0.999062	2.00162	-896.514	1062.9	-277.002	-889.472	1045.32	261.724
439	1	-13	592.944	35.5316	-0.999548	2.72268	-1031.7	-1168.53	-277.002	-1016.75	-1175.09	316.697
440	1	-13	551.869	15.8686	-0.994881	-2.9067	-366.131	-1421.19	-277.002	-292.896	-1394.89	329.183
509	1	-13	498.166	4.31393	-0.999493	-0.0607596	-1198.46	-925.621	-277.002	-1206.62	-932.108	317.822
568	1	13	751.624	186.585	-0.979883	0.268364	-1219.3	361.558	-277.002	-1328.25	329.764	292.472
572	1	-13	2111.14	56.8282	-0.637073	1.36888	1087.48	449.224	-277.002	955.157	-179.52	258.448
827	1	13	2062.03	862.569	-0.997948	0.868343	-1039.53	-1358.25	-277.002	-1065.31	-1388.68	341.119
47	1	13	544.932	16.6284	-0.827874	0.875242	181.016	388.588	-277.002	-67.1033	99.4703	270.709
283	1	-13	495.812	13.4404	-0.985995	-2.65042	271.048	-418.158	-277.002	342.941	-371.228	281.941
385	1	-13	487.34	32.6402	-0.98264	1.30293	263.477	888.759	-277.002	238.552	798.596	261.084
450	1	-13	773.049	139.917	-0.924639	-2.26433	-841.454	-361.031	-277.002	-692.633	-189.505	277.406
451	1	-13	676.643	18.5189	-0.987464	0.759132	-622.509	286.232	-277.002	-670.932	233.961	280.762
454	1	13	557.967	55.1823	-0.952952	2.29466	348.564	85.3807	-277.002	464.188	-34.8394	266.233
854	1	13	725.609	57.9549	-0.931625	2.71713	-539.577	-369.07	-277.002	-314.78	-468.868	357.955
855	1	-13	888.142	39.0872	-0.987764	1.84734	-240.83	-1362.98	-277.002	-219.529	-1454.07	333.031
860	1	13	515.875	7.38793	-0.894806	-2.11402	1257.69	90.762	-277.002	1386.83	325.623	253.438
983	1	-13	872.7	68.0673	-0.953998	-1.14426	-340.857	-81.141	-277.002	-417.264	86.2807	303.156
34	1	-13	600.892	147.151	-0.995325	-1.01259	456.323	1285.62	-277.002	429.526	1330.16	257.936
203	1	-13	1272.92	391.379	-0.998953	0.136957	1150.24	840.164	-277.002	1126.31	837.029	258.347
204	1	13	931.013	30.079	-0.690525	1.64897	-1396.2	-260.027	-277.002	-1339.51	-874.595	317.055
302	1	-13	1038.52	14.398	-0.68157	-1.2203	148.192	-1091.05	-277.002	-93.69	-428.293	365.136
307	1	-13	934.872	328.402	-0.977937	-0.6745	219.647	28.0401	-277.002	129.657	101.14	264.575
402	1	-13	625.783	140.421	-0.998236	1.61639	1421.68	768.18	-277.002	1422.38	736.122	256.973
503	1	13	738.437	2.70664	-0.824695	-1.79949	-41.5883	995.121	-277.002	10.8839	1347.94	258.983
650	1	-13	2038.79	147.979	-0.962419	1.72041	-8.44516	946.215	-277.002	14.6038	793.929	260.654
121	1	-13	816.573	2.69339	-0.781096	-1.81665	1152.94	825.791	-277.002	1259.67	1217.09	257.288
125	1	-13	529.26	30.6767	-0.985354	-2.52447	1328.23	133.718	-277.002	1391.45	183.438	252.255
266	1	-13	448.507	2.19233	-0.99907	-2.68079	1044.84	1438.36	-277.002	1044.4	1437.99	251.319
267	1	13	1231.52	414.287	-0.878786	-0.660804	659.937	712.673	-277.002	429.284	892.212	261.219
339	1	13	1711.39	457.14	-0.719427	2.74502	411.282	1296.44	-277.002	893.496	1095.5	263.475
486	1	-13	673.276	61.2174	-0.999926	-1.51565	-744.581	-614.149	-277.002	-743.951	-613.043	279.327
742	1	-13	980.147	104.032	-0.775549	-2.03862	-1202.05	1030.47	-277.002	-1006.74	1425.79	262.191
744	1	-13	532.172	6.31857	-0.934813	-1.20399	638.386	-318.578	-277.002	551.235	-97.2518	267.734
851	1	13	661.673	39.5438	-0.921052	-0.340669	1241.43	-78.5295	-277.002	1026.81	6.55846	254.438
201	1	13	753.901	52.6068	-0.999803	-0.668042	5.94009	-18.7251	-277.002	-0.558391	-9.78297	275.843
345	1	13	663.878	112.828	-0.934451	1.74819	-611.284	-1126.58	-277.002	-570.531	-1347.82	311.317
511	1	13	532.902	34.6061	-0.95056	-0.0497619	1420.33	778.106	-277.002	1248.12	787.717	259.192
514	1	13	1450.57	281.41	-0.984109	-0.655541	469.057	-47.5584	-277.002	390.74	13.6012	265.815
589	1	-13	699.756	135.724	-0.932327	0.0516084	707.992	-44.085	-277.002	498.696	-53.7039	266.529
688	1	-13	416.941	3.34067	-0.958322	2.65406	424.514	411.938	-277.002	548.715	346.958	257.978
798	1	-13	584.956	57.2526	-0.958967	-1.7022	-782.836	187.919	-277.002	-762.021	346.638	267.519
802	1	-13	1211.73	293.445	-0.881931	2.67373	-569.085	-910.467	-277.002	-277.553	-1055.61	333.607
803	1	13	566.921	22.8031	-0.95315	0.520735	-1164.19	-504.875	-277.002	-1323.66	-603.733	294.731
930	1	13	853.711	125.837	-0.903387	-3.08275	-468.583	-164.732	-277.002	-185.567	-151.049	319.721
91	1	-13	1163.92	165.052	-0.882927	-1.50476	939.367	250.936	-277.002	918.976	537.584	258.904
94	1	-13	565.774	43.9726	-0.985895	0.0772382	-1259.07	1057.21	-277.002	-1346.82	1044.98	292.798
195	1	-13	1534.42	718.054	-0.999196	-1.79272	-1019.23	132.041	-277.002	-1015.39	153.511	266.315
294	1	-13	594.328	47.1162	-0.935878	0.685864	-462.024	1109.26	-277.002	-616.283	984.99	260.558
360	1	13	1019.88	1.05722	-0.877415	2.34925	35.931	-462.761	-277.002	233.421	-664.396	330.435
363	1	13	1464.98	530.106	-0.926589	-2.66585	1146.55	-1040.58	-277.002	1350.58	-935.361	287.69
491	1	13	659.086	146.309	-0.972703	-2.10029	-888.072	156.927	-277.002	-825.486	268.9	268.9
665	1	-13	1811.02	701.003	-0.971489	-2.93261	-57.8222	1330.91	-277.002	70.2536	1358.34	260.206
905	1	-13	6009.34	3749.2	-0.853053	-2.8253	-1344.5	-489.208	-277.002	-1023.6	-384.175	275.064
907	1	-13	540.353	13.4233	-0.925118	1.2156	1153.54	776.366	-277.002	1079.3	565.714	258.663
98	1	-13	652.3	90.9278	-0.88213	-0.50374	735.65	-527.688	-277.002	472.746	-382.514	277.92
260	1	-13	853.167	49.2517	-0.817776	1.36468	205.462	-456.487	-277.002	105.048	-898.745	377.92
262	1	-13	1274.67	127.271	-0.816399	2.21754	-1184.74	265.122	-277.002	-957.861	-40.7365	267.284
265	1	-13	547.902	19.1504	-0.904373	-1.69239	-1372.61	-314.012	-277.002	-1336.04	-59.5097	268.808
396	1	-13	653.378	85.7483	-0.999341	2.82383	152.179	-1392.77	-277.002	170.582	-1396.43	312.9
472	1	-13	676.601	159.863	-0.896853	-2.92286	-448.465	782.37	-277.002	-191.375	839.118	262.374
473	1	13	653.213	61.1914	-0.826957	3.03979	-758.476	769.426	-277.002	-392.538	723.847	269.198
716	1	-13	2487.19	137.34	-0.535225	-0.566962	905.486	-179.375	-277	187.028	285.852	262.831
975	1	13	571.213	8.09868	-0.842892	3.03721	1179.52	642.548	-277.002	1490.51	613.867	255.459
976	1	-13	641.777	51.0891	-0.907345	-3.0014	-1220.91	856.71	-277.002	-955.633	893.244	280.499
977	1	13	1317.24	4.83438	-0.532946	1.43303	-1136.69	-151.398	-277.002	-1257.58	-1104.73	328.145
127	1	13	700.813	63.3029	-0.876383	-2.09174	-634.618	452.09	-277.002	-483.582	710.214	271.161
130	1	-13	718.418	91.4049	-0.929964	2.291	580.648	885.136	-277.002	722.419	729.788	257.025
131	1	-13	1065.94	22.0937	-0.997531	1.07172	-627.88	-16.0591	-277.002	-642.982	-50.9279	291.186
247	1	-13	1501.66	606.747	-0.993482	-1.45467	960.074	-1195.49	-277.002	952.395	-1125.63	347.468
250	1	-13	1050.9	321.793	-0.996958	-0.141765	808.536	-714.56	-277.002	763.494	-709.717	324.541
384	1	-13	829.601	159.002	-0.880431	0.131539	-487.558	-638.015	-277.002	-782.756	-678.193	280.303
455	1	-13	803.268	29.0041	-0.720746	-0.626275	-210.868	-943.227	-277.002	-637.849	-621.464	284.074
460	1	13	470.438	5.08145	-0.98036	-1.68328	482.203	573.242	-277.002	493.726	688.477	256.721
562	1	13	776.776	133.544	-0.950491	3.07558	-604.235	799.213	-277.002	-426.896	787.678	265.196
566	1	-13	485.846	49.8848	-0.99577	0.168287	1260.06	1276.88	-277.002	1205.37	1264.31	257.576
659	1	-13	545.255	37.3343	-0.990347	-0.497824	507.785	-534.6	-277.002	433.63	-502.923	298.83
770	1	13	493.826	18.3857	-0.999524	0.122309	648.026	-1423.52	-277.002	630.415	-1427.57	302.243
775	1	13	988.191	397.797	-0.990156	2.86224	-0.360794	1389.15	-277.002	72.0236	1367.86	260.358
821	1	-13	1044.41	259.181	-0.957992	0.991218	-575.844	-146.202	-277.002	-665.681	-285.601	278.717
824	1	-13	568.754	20.0992	-0.985935	-0.414577	309.016	-1478.67	-277.002	213.409	-1426.56	310.796
134	1	13	772.58	218.837	-0.860218	-1.00228	1322.03	618.999	-277.002	1149.56	884.656	258.872
138	1	13	907.262	318.698	-0.914466	1.52008	-335.222	471.7	-277.002	-348.448	229.956	270.662
252	1	13	644.921	140.213	-0.9913	0.352513	-98.4452	267.72	-277.002	-163.966	241.294	264.318
255	1	-13	564.778	16.3392	-0.892085	-0.0388276	1117.63	19.2009	-277.002	846.321	22.9551	257.219
478	1	-13	540.881	48.8903	-0.994417	1.27197	917.322	487.568	-277.002	896.301	439.327	258.383
479	1	13	1673.01	29.5688	-0.513834	1.16654	1392.27	1276.74	-277.002	1028.08	434.81	258.391
481	1	13	928.488	321.608	-0.966469	0.240856	645.534	476.252	-277.002	507.004	442.459	258.86
482	1	13	593.4	37.7567	-0.96921	0.191685	-341.058	-1173.52	-277.002	-477.511	-1201.02	300.223
640	1	13	1006.94	237.174	-0.978083	-0.320075	806.352	1210.21	-277.002	699.297	1246.31	255.364
641	1	13	1268.48	200.993	-0.999938	2.67381	-1401.51	-242.688	-277.002	-1397.36	-247.097	272.723
642	1	-13	802.061	203.871	-0.947399	3.00478	1195.91	1063.56	-277.002	1373.64	1038.42	255.798
844	1	13	711.255	119.919	-0.939133	1.47194	156.465	1108.17	-277.002	138.217	910.947	258.059
845	1	13	850.076	31.9791	-0.643608	-0.235304	247.553	-1320.07	-277.002	-443.762	-1161.08	302.635
77	1	-13	2652.51	239.204	-0.714994	-1.33096	892.977	359.011	-277.002	767.041	870.891	258.656
80	1	-13	867.268	247.674	-0.935803	-0.960135	-139.766	217.567	-277.002	-255.262	384.23	263.409
833	1	-13	1241.82	267.543	-0.989347	0.405854	813.873	703.756	-277.002	740.933	671.947	257.509
834	1	13	464.677	12.7022	-0.948058	-3.02918	-262.588	1285.8	-277.002	-78.3556	1309.68	258.837
836	1	13	563.526	40.846	-0.922686	-1.06106	-207.657	856.195	-277.002	-323.316	1053.64	257.683
315	1	-13	640.252	75.1138	-0.976307	3.1114	1237.44	-666.346	-277.002	1361.05	-672.727	269.979
555	1	13	1192.35	108.713	-0.888121	-1.44841	99.2389	-679.462	-277.002	60.0958	-368.358	330.079
559	1	13	2017.38	155.816	-0.998538	2.18598	29.727	584.933	-277.002	44.4288	560.741	265.5
727	1	13	597.478	33.4507	-0.968379	-1.30712	-33.2526	-718.261	-277.002	-72.7547	-548.795	378.418
783	1	13	469.964	31.4201	-0.997882	-1.48721	352.016	1366.03	-277.002	347.906	1405.31	260.928
898	1	13	1802.4	18.9952	-0.498159	-1.27912	1038.7	-612.711	-277.002	758.963	264.501	255.231
899	1	-13	603.119	96.5586	-0.999658	0.338556	707.665	56.9615	-277.002	694.578	54.7464	260.899
900	1	13	848.172	83.1001	-0.940354	2.60911	-1028.4	1427.94	-277.002	-860.203	1333.55	259.493
901	1	-13	610.045	23.4839	-0.922061	2.68091	-1060.57	957.885	-277.002	-848.235	859.441	282.005
997	1	13	654.291	83.052	-0.931747	-0.234281	802.865	-1249.99	-277.002	579.502	-1198.19	315.548
155	1	13	929.346	110.142	-0.828077	3.05509	-642.334	-136.604	-277.002	-235.078	-167.895	330.277
156	1	-13	501.086	32.0443	-0.949954	1.16819	1447.01	757.997	-277.002	1383.33	598.417	255.954
158	1	13	1041.69	188.497	-0.982193	1.94864	1176.17	-1078.89	-277.002	1223.39	-1192.16	359.776
287	1	-13	460.913	6.38103	-0.931209	1.87318	-491.645	718.239	-277.002	-421.107	527.382	264.196
288	1	13	535.835	1.47867	-0.992097	-0.293285	-463.61	-296.98	-277.002	-547.337	-252.545	290.407
293	1	13	694.062	68.5752	-0.843124	-2.5504	1211.9	902.208	-277.002	1495.3	1096.17	254.847
693	1	-13	662.919	7.98041	-0.941645	-3.10149	-1160.45	-903.653	-277.002	-967.489	-922.393	308.195
750	1	-13	586.469	65.2997	-0.995921	-0.872343	-205.509	319.579	-277.002	-235.671	357.738	263.543
752	1	-13	461.425	16.4915	-0.98928	1.01067	-256.637	722.954	-277.002	-297.969	663.416	265.698
755	1	13	664.84	190.212	-0.997087	1.91667	819.216	658.873	-277.002	831.782	621.653	259.501
813	1	13	468.37	3.80571	-0.911884	0.406848	1047.4	1264.65	-277.002	839.441	1159.87	262.312
817	1	-13	606.412	18.9431	-0.954814	-0.909284	1150.69	-343.672	-277.002	1052.95	-211.532	261.189
914	1	-13	978.748	99.0382	-0.878298	1.23958	-903.381	1251.11	-277.002	-1003.61	969.28	273.308
74	1	-13	678.591	26.752	-0.822004	-1.90714	-1157.76	643.206	-277.002	-1037.25	998.841	272.162
181	1	-13	2203.7	132.362	-0.95324	1.85525	-688.147	64.886	-277.002	-640.164	-107.035	290.397
430	1	-13	1052.74	231.045	-0.737992	3.06777	-405.207	108.101	-277.002	97.2024	71.1059	268.451
431	1	-13	975.088	91.6227	-0.714165	1.94875	-1016.44	-743.636	-277.002	-801.974	-1282.12	307.874
433	1	13	825.633	181.03	-0.825215	0.504808	-340.067	551.097	-277.002	-669.494	367.968	269.791
523	1	13	1857.13	227.6	-0.532644	-1.98427	-106.191	672.659	-277.002	240.688	1458.85	261.552
595	1	-13	1495.71	443.399	-0.945186	-0.463129	-562.771	-1059.97	-277.002	-737.888	-972.304	288.313
596	1	-13	573.634	13.9507	-0.996837	0.798254	-588.716	-719.953	-277.002	-621.487	-751.847	285.463
793	1	13	2496.43	564.692	-0.671314	2.85114	-82.918	995.718	-277.002	486.028	826.608	259.809
795	1	-13	3385	1651.31	-0.864502	-0.663559	61.003	981.661	-277.002	-184.55	1173.31	258.349
35	1	13	1202.76	43.5673	-0.604163	-1.91374	673.468	-1364.47	-277.002	921.854	-657.875	288.06
41	1	-13	639.32	53.9593	-0.94717	2.85629	705.318	19.0402	-277.002	878.684	-37.8691	257.254
275	1	-13	782.169	72.2779	-0.816037	1.52598	-651.015	-290.929	-277.002	-663.381	-685.288	282.235
364	1	-13	1155.88	222.1	-0.741511	1.16645	-316.969	-104.644	-277.002	-519.687	-577.025	293.588
533	1	13	1413.39	562.438	-0.98857	-0.565056	876.686	1293.9	-277.002	808.265	1337.46	255.876
535	1	13	476.116	10.7795	-0.986599	0.407565	1387.63	-455.569	-277.002	1296.64	-500.813	264.712
633	1	-13	1489.23	287.46	-0.720831	-3.07663	-267.508	837.879	-277.002	249.203	871.457	259.394
634	1	13	2648.7	1445.46	-0.909494	-1.73602	250.921	-674.607	-277.002	293.379	-419.351	288.879
784	1	-13	3132.78	506.707	-0.69407	1.73719	989.904	4.15677	-277.002	1084.3	-556.278	271.563
786	1	-13	1171.54	217.204	-0.799147	-0.178803	192.774	-167.174	-277.002	-250.129	-86.1532	324.899
787	1	-13	3047.69	356.535	-0.471231	0.643616	161.696	-330.222	-277.002	-683.216	-964.025	286.659
91	1	-13	1163.92	165.052	-0.882927	-1.50476	939.367	250.936	-277.002	918.976	537.584	258.904
94	1	-13	565.774	43.9726	-0.985895	0.0772382	-1259.07	1057.21	-277.002	-1346.82	1044.98	292.798
195	1	-13	1534.42	718.054	-0.999196	-1.79272	-1019.23	132.041	-277.002	-1015.39	153.511	266.315
294	1	-13	594.328	47.1162	-0.935878	0.685864	-462.024	1109.26	-277.002	-616.283	984.99	260.558
360	1	13	1019.88	1.05722	-0.877415	2.34925	35.931	-462.761	-277.002	233.421	-664.396	330.435
363	1	13	1464.98	530.106	-0.926589	-2.66585	1146.55	-1040.58	-277.002	1350.58	-935.361	287.69
491	1	13	659.086	146.309	-0.972703	-2.10029	-888.072	156.927	-277.002	-825.486	268.9	268.9
665	1	-13	1811.02	701.003	-0.971489	-2.93261	-57.8222	1330.91	-277.002	70.2536	1358.34	260.206
905	1	-13	6009.34	3749.2	-0.853053	-2.8253	-1344.5	-489.208	-277.002	-1023.6	-384.175	275.064
907	1	-13	540.353	13.4233	-0.925118	1.2156	1153.54	776.366	-277.002	1079.3	565.714	258.663
56	1	13	600.749	32.8079	-0.98744	-1.02272	-1100.06	735.345	-277.002	-1151.92	827.31	292.899
231	1	-13	484.681	28.3004	-0.978421	-1.41367	-327.629	796.656	-277.002	-344.953	900.623	260.098
232	1	13	595.171	27.6435	-0.990535	1.00174	-1168.63	-1101.08	-277.002	-1214.85	-1164.53	322.313
235	1	-13	990.446	53.0865	-0.977645	-2.4576	555.857	-134.062	-277.002	649.67	-61.4701	263.981
237	1	-13	1203.19	17.2611	-0.852595	-2.57059	277.337	514.648	-277.002	544.089	688.192	255.393
542	1	-13	568.058	92.0191	-0.99528	-2.47054	-767.132	-562.216	-277.002	-723.747	-524.076	279.101
545	1	-13	737.492	58.0124	-0.994767	-1.6181	493.727	1064.46	-277.002	496.912	1115.89	255.705
652	1	-13	536.401	82.879	-0.996708	1.49389	934.446	183.972	-277.002	930.395	142.376	255.327
729	1	13	1464.15	291.837	-0.982422	-1.02182	1272.4	617.186	-277.002	1219.22	703.525	258.602
58	1	-13	474.832	18.876	-0.96166	0.727838	-529.655	-434.733	-277.002	-643.761	-546.138	283.752
60	1	13	1463.31	439.462	-0.689273	-1.04258	-1185.12	-1464.82	-277.002	-1485.5	-948.183	294.511
62	1	13	1353.7	356.482	-0.866614	-1.00445	1317.89	-674.498	-277.002	1149.1	-409.762	265.786
464	1	-13	4528.11	1439.16	-0.891184	0.826989	467.195	-201.422	-277.002	272.166	-413.551	289.474
680	1	-13	2606.68	989.797	-0.834491	-0.329887	1271.77	696.503	-277.002	937.958	811.357	258.083
681	1	-13	2949.69	1088.76	-0.72563	0.421023	-639.374	-524.565	-277.002	-1130.76	-744.368	290.318
939	1	13	666.282	176.135	-0.970535	0.301978	-863.649	-418.469	-277.002	-995.991	-461.641	277.179
941	1	13	610.139	21.2916	-0.986892	-2.1101	-1464.44	-1259.53	-277.002	-1416.96	-1169.81	322.002
942	1	13	941.356	106.811	-0.997687	-0.314847	-292.608	-99.9943	-277.002	-333.41	-87.5845	335.435
271	1	-13	460.853	7.96157	-0.970064	-2.53876	-936.683	723.997	-277.002	-843.608	787.599	286.516
303	1	-13	515.707	46.3008	-0.970724	0.221007	883.201	964.59	-277.002	757.979	937.366	260.094
306	1	-13	540.96	93.1765	-0.96869	-2.48987	-807.146	799.783	-277.002	-699.639	888.257	268.705
584	1	-13	828.624	288.095	-0.989099	0.512807	1248.65	787.187	-277.002	1178.93	748.207	258.87
639	1	-13	2328.77	1384.39	-0.940319	0.292328	-687.31	-56.2192	-277.002	-876.561	-113.101	268.511
641	1	-13	550.049	67.3662	-0.975146	0.527937	288.661	-1187.84	-277.002	176.957	-1262.07	318.138
643	1	13	842.983	160.751	-0.932908	2.94518	962.392	-181.958	-277.002	1164.98	-223.427	262.115
777	1	13	493.034	31.8765	-0.97435	-1.21402	480.717	-25.911	-277.002	431.445	95.2499	264.29
781	1	-13	3711.09	12.6724	-0.522908	1.64463	388.406	1047.69	-277.002	437.087	180.324	262.062
127	1	13	700.813	63.3029	-0.876383	-2.09174	-634.618	452.09	-277.002	-483.582	710.214	271.161
130	1	-13	718.418	91.4049	-0.929964	2.291	580.648	885.136	-277.002	722.419	729.788	257.025
131	1	-13	1065.94	22.0937	-0.997531	1.07172	-627.88	-16.0591	-277.002	-642.982	-50.9279	291.186
247	1	-13	1501.66	606.747	-0.993482	-1.45467	960.074	-1195.49	-277.002	952.395	-1125.63	347.468
250	1	-13	1050.9	321.793	-0.996958	-0.141765	808.536	-714.56	-277.002	763.494	-709.717	324.541
384	1	-13	829.601	159.002	-0.880431	0.131539	-487.558	-638.015	-277.002	-782.756	-678.193	280.303
455	1	-13	803.268	29.0041	-0.720746	-0.626275	-210.868	-943.227	-277.002	-637.849	-621.464	284.074
460	1	13	470.438	5.08145	-0.98036	-1.68328	482.203	573.242	-277.002	493.726	688.477	256.721
562	1	13	776.776	133.544	-0.950491	3.07558	-604.235	799.213	-277.002	-426.896	787.678	265.196
566	1	-13	485.846	49.8848	-0.99577	0.168287	1260.06	1276.88	-277.002	1205.37	1264.31	257.576
659	1	-13	545.255	37.3343	-0.990347	-0.497824	507.785	-534.6	-277.002	433.63	-502.923	298.83
770	1	13	493.826	18.3857	-0.999524	0.122309	648.026	-1423.52	-277.002	630.415	-1427.57	302.243
775	1	13	988.191	397.797	-0.990156	2.86224	-0.360794	1389.15	-277.002	72.0236	1367.86	260.358
821	1	-13	1044.41	259.181	-0.957992	0.991218	-575.844	-146.202	-277.002	-665.681	-285.601	278.717
824	1	-13	568.754	20.0992	-0.985935	-0.414577	309.016	-1478.67	-277.002	213.409	-1426.56	310.796
120	1	-13	560.768	18.5714	-0.948231	-2.6933	-1201.67	989.497	-277.002	-1039.14	1085.51	264.762
123	1	-13	1401.47	658.384	-0.902627	3.02538	-1320.1	-650.495	-277.002	-1051.57	-682.03	290.263
207	1	13	640.156	35.7654	-0.906017	0.0925757	-175.979	756.875	-277.002	-431.139	733.764	269.528
209	1	-13	872.267	242.836	-0.992219	0.982478	839.18	305.223	-277.002	804.462	248.816	255.387
333	1	-13	514.702	47.8228	-0.933234	-1.77771	-492.372	143.643	-277.002	-450.458	341.214	267.502
406	1	13	607.78	68.0244	-0.982314	-2.70157	-541.774	-789.989	-277.002	-440.367	-732.482	302.615
409	1	-13	2069.72	1037.18	-0.992658	-2.1486	-765.784	-345.477	-277.002	-729.284	-289.076	275.494
412	1	-13	667.712	38.7858	-0.811862	-1.77174	1367.58	991.694	-277.002	1444.81	1357.63	249.896
533	1	13	1043.57	355.621	-0.979109	2.41218	-635.919	-376.961	-277.002	-549.061	-455.699	289.179
537	1	-13	440.845	6.5465	-0.99721	-1.96382	-1311.3	727.989	-277.002	-1315.68	752.984	285.079
538	1	-13	983.322	116.717	-0.999948	-3.07926	1261.86	170.472	-277.002	1263.19	170.457	254.729
601	1	13	787.528	103.023	-0.957884	0.0161809	-769.607	1161.35	-277.002	-929.583	1160.49	260.656
688	1	13	753.299	126.833	-0.995214	-3.13066	-111.699	-195.164	-277.002	-52.5984	-194.895	315.252
854	1	-13	1098.39	70.0909	-0.717632	2.4749	1038.83	-608.074	-277.002	1462.81	-940.921	276.985
201	1	13	753.901	52.6068	-0.999803	-0.668042	5.94009	-18.7251	-277.002	-0.558391	-9.78297	275.843
345	1	13	663.878	112.828	-0.934451	1.74819	-611.284	-1126.58	-277.002	-570.531	-1347.82	311.317
511	1	13	532.902	34.6061	-0.95056	-0.0497619	1420.33	778.106	-277.002	1248.12	787.717	259.192
514	1	13	1450.57	281.41	-0.984109	-0.655541	469.057	-47.5584	-277.002	390.74	13.6012	265.815
589	1	-13	699.756	135.724	-0.932327	0.0516084	707.992	-44.085	-277.002	498.696	-53.7039	266.529
688	1	-13	416.941	3.34067	-0.958322	2.65406	424.514	411.938	-277.002	548.715	346.958	257.978
798	1	-13	584.956	57.2526	-0.958967	-1.7022	-782.836	187.919	-277.002	-762.021	346.638	267.519
802	1	-13	1211.73	293.445	-0.881931	2.67373	-569.085	-910.467	-277.002	-277.553	-1055.61	333.607
803	1	13	566.921	22.8031	-0.95315	0.520735	-1164.19	-504.875	-277.002	-1323.66	-603.733	294.731
930	1	13	853.711	125.837	-0.903387	-3.08275	-468.583	-164.732	-277.002	-185.567	-151.049	319.721
93	1	-13	802.876	180.874	-0.955058	0.992467	-946.382	-1106.92	-277.002	-1049.25	-1264.43	326.786
179	1	-13	1356.81	160.978	-0.608856	2.18888	-649.992	426.657	-277.002	-182.953	-226.823	337.879
324	1	-13	1865.26	724.942	-0.941787	1.06271	711.372	-420.884	-277.002	606.471	-608.622	321.788
325	1	-13	938.363	306.483	-0.995568	2.08179	-114.638	1364.38	-277.002	-90.7644	1319.28	258.921
326	1	13	2144.8	627.986	-0.6244	1.77947	202.528	590.941	-277.002	342.941	-77.4191	268.71
327	1	13	2305.8	529.625	-0.99024	-2.98023	-1094.92	-1401.75	-277.002	-1010.05	-1387.67	333.707
531	1	13	1134.49	106.035	-0.897081	-1.26268	854.175	-363.564	-277.002	776.215	-111.121	256.178
947	1	13	745.393	61.0347	-0.901344	-2.5119	-533.022	-445.25	-277.002	-301.94	-274.372	342.776
948	1	-13	529.512	50.3529	-0.96197	1.67014	360.438	-1066.64	-277.002	381.186	-1230.18	315.507
951	1	-13	680.561	102.773	-0.89082	-1.94898	1328.83	-144.739	-277.002	1431.63	104.714	251.933
98	1	-13	652.3	90.9278	-0.88213	-0.50374	735.65	-527.688	-277.002	472.746	-382.514	277.92
260	1	-13	853.167	49.2517	-0.817776	1.36468	205.462	-456.487	-277.002	105.048	-898.745	377.92
262	1	-13	1274.67	127.271	-0.816399	2.21754	-1184.74	265.122	-277.002	-957.861	-40.7365	267.284
265	1	-13	547.902	19.1504	-0.904373	-1.69239	-1372.61	-314.012	-277.002	-1336.04	-59.5097	268.808
396	1	-13	653.378	85.7483	-0.999341	2.82383	152.179	-1392.77	-277.002	170.582	-1396.43	312.9
472	1	-13	676.601	159.863	-0.896853	-2.92286	-448.465	782.37	-277.002	-191.375	839.118	262.374
473	1	13	653.213	61.1914	-0.826957	3.03979	-758.476	769.426	-277.002	-392.538	723.847	269.198
716	1	-13	2487.19	137.34	-0.535225	-0.566962	905.486	-179.375	-277	187.028	285.852	262.831
975	1	13	571.213	8.09868	-0.842892	3.03721	1179.52	642.548	-277.002	1490.51	613.867	255.459
976	1	-13	641.777	51.0891	-0.907345	-3.0014	-1220.91	856.71	-277.002	-955.633	893.244	280.499
977	1	13	1317.24	4.83438	-0.532946	1.43303	-1136.69	-151.398	-277.002	-1257.58	-1104.73	328.145
22	1	13	692.09	143.273	-0.99467	-2.54324	-934.84	478.826	-277.002	-888.317	509.496	279.049
25	1	-13	1101.74	321.858	-0.805463	0.635248	-806.106	-195.706	-277.002	-1132.95	-438.845	279.426
230	1	-13	914.891	251.235	-0.953991	-0.186994	-476.495	-1406.89	-277.002	-661.631	-1370.7	322.693
511	1	-13	609.571	1.90818	-0.966518	0.50227	914.713	478.579	-277.002	802.579	414.507	256.536
514	1	13	830.35	15.6194	-0.958479	0.445299	99.6233	612.015	-277.002	-40.6867	547.573	265.03
515	1	-13	625.86	23.7337	-0.855369	0.522964	-756.269	425.377	-277.002	-1049.26	249.883	267.17
516	1	-13	519.779	19.2227	-0.981865	-2.41483	108.598	-1409.1	-277.002	192.803	-1320.67	313.453
628	1	13	460.264	3.78107	-0.973029	2.80954	-235.415	1113.51	-277.002	-106.095	1051.45	258.823
680	1	-13	1325.19	53.8032	-0.978925	-0.603099	1180.98	522.865	-277.002	1083.44	586.071	258.981
682	1	-13	582.982	22.8497	-0.968094	2.36656	-1172.5	1228.42	-277.002	-1066.75	1131.08	264.346
847	1	13	1180.86	153.545	-0.839446	2.5302	658.979	-217.439	-277.002	948.472	-420.597	266.329
848	1	-13	862.997	39.9171	-0.77634	-2.97843	485.611	-1431.42	-277.002	954.825	-1354.84	316.783
850	1	-13	589.023	70.949	-0.99464	-1.07935	442.612	1302.19	-277.002	416.211	1351.29	258.375
851	1	-13	581.746	62.4067	-0.937227	1.48658	-1291.68	803.277	-277.002	-1310.58	591.898	297.054
315	1	-13	640.252	75.1138	-0.976307	3.1114	1237.44	-666.346	-277.002	1361.05	-672.727	269.979
555	1	13	1192.35	108.713	-0.888121	-1.44841	99.2389	-679.462	-277.002	60.0958	-368.358	330.079
559	1	13	2017.38	155.816	-0.998538	2.18598	29.727	584.933	-277.002	44.4288	560.741	265.5
727	1	13	597.478	33.4507	-0.968379	-1.30712	-33.2526	-718.261	-277.002	-72.7547	-548.795	378.418
783	1	13	469.964	31.4201	-0.997882	-1.48721	352.016	1366.03	-277.002	347.906	1405.31	260.928
898	1	13	1802.4	18.9952	-0.498159	-1.27912	1038.7	-612.711	-277.002	758.963	264.501	255.231
899	1	-13	603.119	96.5586	-0.999658	0.338556	707.665	56.9615	-277.002	694.578	54.7464	260.899
900	1	13	848.172	83.1001	-0.940354	2.60911	-1028.4	1427.94	-277.002	-860.203	1333.55	259.493
901	1	-13	610.045	23.4839	-0.922061	2.68091	-1060.57	957.885	-277.002	-848.235	859.441	282.005
997	1	13	654.291	83.052	-0.931747	-0.234281	802.865	-1249.99	-277.002	579.502	-1198.19	315.548
128	1	-13	2442.63	455.683	-0.989296	-2.89968	-1048.74	537.772	-277.002	-968.462	557.612	281.676
420	1	-13	743.598	39.6091	-0.949127	1.07124	133.663	-866.113	-277.002	29.9528	-1050.94	374.553
422	1	13	408.748	2.08107	-0.997227	2.68138	1396.53	-62.491	-277.002	1429.63	-51.0464	251.041
424	1	13	694.728	1.29329	-0.846647	2.7367	-1463.77	168.919	-277.002	-1160.24	51.2121	266.776
426	1	13	550.499	23.7785	-0.963039	0.607807	-1234.89	848.508	-277.002	-1366.27	755.151	284.376
712	1	-13	682.795	93.2277	-0.903285	2.95192	178.585	-971.631	-277.002	473.238	-1023.6	356.674
713	1	-13	2346.27	1260.22	-0.973508	-2.71153	766.829	-46.3477	-277.002	880.29	6.09244	256.519
938	1	-13	596.698	49.0216	-0.978809	2.06103	485.695	-1284.48	-277.002	539.622	-1392.87	303.497
941	1	-13	1921.89	35.1619	-0.715005	-2.65978	91.253	960.151	-277.002	561.705	1210.92	254.582
64	1	13	541.633	112.508	-0.997187	-0.994948	-1467.88	1189.22	-277.002	-1491.74	1224.86	276.848
65	1	13	449.764	38.0223	-0.990972	1.8466	690.679	535.661	-277.002	709.716	467.339	257.726
69	1	-13	672.288	50.7255	-0.840979	2.55832	-1255.92	-923.034	-277.002	-951.786	-1120.83	312.696
244	1	-13	689.154	112.93	-0.949205	-0.0820773	-705.366	1382.21	-277.002	-881.208	1401.82	260.616
529	1	-13	1320.07	343.326	-0.743001	-0.329339	-891.911	-1199.65	-277.002	-1401.98	-1026.77	318.183
531	1	-13	1614.57	693.388	-0.894364	-2.18266	965.6	510.081	-277.002	1119.5	729.365	258.886
865	1	-13	536.254	17.2362	-0.981504	1.72261	-8.62971	403.339	-277.002	14.5948	310.938	263.505
867	1	-13	857.965	34.3673	-0.712022	-1.25548	-361.537	-712.401	-277.002	-533.287	-183.179	297.898
934	1	13	513.112	4.55172	-0.99955	-0.340285	-401.97	-1386.78	-277.002	-416.592	-1378.75	312.164
935	1	-13	517.487	37.7107	-0.965943	-0.727159	-540.579	-640.671	-277.002	-653.093	-549.963	283.221
99	1	13	960.194	54.3304	-0.981807	1.34019	1101.61	831.702	-277.002	1076.38	737.026	258.676
246	1	-13	1104.76	407.613	-0.858713	-2.71845	-437.38	1277.18	-277.002	-144.525	1407.94	259.193
248	1	-13	1817.42	0.222054	-0.509933	-2.1143	887.679	-220.088	-277.002	1323.73	827.195	258.946
249	1	-13	1437.51	402.035	-0.895312	-0.495776	738.161	-389.968	-277.002	496.553	-259.762	272.862
493	1	-13	972.458	46.2565	-0.807617	-0.0207139	-764.19	-1458.22	-277.002	-1235.97	-1439.92	365.051
743	1	-13	853.732	139.203	-0.996476	1.61223	-457.621	1245.49	-277.002	-453.666	1199.34	258.105
747	1	13	572.071	32.3578	-0.996799	-2.88856	-1243.47	-1036.54	-277.002	-1200.54	-1018.44	325.827
835	1	-13	1207.53	324.01	-0.99921	1.19923	496.892	1304.69	-277.002	489.844	1285.34	256.204
14	1	13	464.367	7.48251	-0.973423	-2.29464	-1496.01	29.8455	-277.002	-1410.46	126.289	272.351
15	1	13	840.067	31.2575	-0.743435	-0.229697	-174.845	-1206.64	-277.002	-655.486	-1090.26	289.805
148	1	-13	994.558	122.533	-0.997709	2.59624	-957.588	377.844	-277.002	-925.931	357.328	269.599
150	1	13	690.83	86.2132	-0.959129	-0.137172	-558.148	129.464	-277.002	-720.846	151.762	287.995
415	1	13	668.331	95.3126	-0.893734	-1.72724	492.53	-154.814	-277.002	539.125	108.817	262.589
701	1	-13	992.634	181.745	-0.98087	2.5418	-1144.22	-86.3091	-277.002	-1056.07	-147.437	270.263
702	1	-13	927.81	78.1849	-0.876331	2.85641	-577.583	-605.963	-277.002	-242.409	-704.854	358.307
133	1	13	4827.22	1679.62	-0.999984	-1.29458	-853.424	346.514	-277.002	-854.624	349.603	266.985
138	1	13	896.784	13.5916	-0.999627	1.56495	1416.85	962.18	-277.002	1413.44	942.254	256.343
386	1	-13	803.171	174.899	-0.90639	2.71655	-570.907	-626.307	-277.002	-309.167	-742.152	332.251
694	1	-13	832.323	261.567	-0.990228	0.631167	-285.81	186.278	-277.002	-350.289	138.263	287.212
816	1	-13	542.853	64.4919	-0.999918	-1.16009	-813.599	1293.43	-277.002	-814.814	1296.3	258.372
922	1	13	563.036	40.9311	-0.983089	-0.321203	1000.63	-838.425	-277.002	888.427	-804.882	344.305
8	1	13	665.182	58.3455	-0.996258	-2.06181	-1359.74	-6.23377	-277.002	-1337.86	37.8242	268.399
9	1	-13	827.617	66.3368	-0.721576	2.35699	463.964	1297.04	-277.002	830.067	939.625	259.338
10	1	-13	1325.9	183.648	-0.958174	0.997392	-452.192	1049.9	-277.002	-541.701	913.107	260.266
329	1	-13	631.921	29.1098	-0.898575	-2.11587	853.441	-998.351	-277.002	1003.97	-754.743	306.134
407	1	13	611.839	7.79149	-0.82619	0.0270488	-821.983	619.16	-277.002	-1196.04	643.812	284.823
408	1	-13	692.771	15.696	-0.981186	-0.912086	-845.925	-43.3674	-277.002	-909.517	43.4328	268.001
410	1	13	788.223	111.77	-0.924495	-1.48683	1256.87	960.926	-277.002	1233.79	1179.34	257.608
610	1	-13	448.522	11.2404	-0.991921	-0.0735757	-727.804	-81.5068	-277.002	-784.823	-77.0352	272.272
676	1	13	714.525	135.793	-0.829137	1.4508	-1119.01	740.713	-277.002	-1167.71	367.914	282.866
761	1	-13	849.674	54.1065	-0.898169	-1.32615	488.232	950.207	-277.002	428.209	1206.37	255.128
67	1	13	1538.08	451.499	-0.891857	-2.45295	-881.142	-391.869	-277.002	-661.394	-211.386	281.298
156	1	13	485.472	8.20292	-0.896943	-2.79174	137.466	299.357	-277.002	373.681	380.533	260.557
158	1	-13	981.084	299.847	-0.999347	-2.23228	322.064	88.9405	-277.002	333.386	105.701	266.488
160	1	13	427.585	3.39484	-0.994	-1.27067	-1341.3	1267.78	-277.001	-1356.65	1325.51	268.828
401	1	-13	2205.19	249.891	-0.714148	-2.91511	-650.977	57.124	-277.002	-133.418	175.374	265.627
404	1	13	671.646	182.924	-0.973643	-1.18264	1280.21	-366.926	-277.002	1232.85	-247.337	261.457
757	1	13	442.927	5.71349	-0.985638	1.44132	789.536	632.63	-277.002	774.164	558.063	258.042
759	1	13	852.778	24.6726	-0.858353	-1.08708	421.29	-1221.82	-277.002	235.229	-876.657	386.681
761	1	-13	928.432	102.056	-0.801318	2.68305	-303.875	211.577	-277.002	66.5325	35.4569	273.583
34	1	-13	600.892	147.151	-0.995325	-1.01259	456.323	1285.62	-277.002	429.526	1330.16	257.936
203	1	-13	1272.92	391.379	-0.998953	0.136957	1150.24	840.164	-277.002	1126.31	837.029	258.347
204	1	13	931.013	30.079	-0.690525	1.64897	-1396.2	-260.027	-277.002	-1339.51	-874.595	317.055
302	1	-13	1038.52	14.398	-0.68157	-1.2203	148.192	-1091.05	-277.002	-93.69	-428.293	365.136
307	1	-13	934.872	328.402	-0.977937	-0.6745	219.647	28.0401	-277.002	129.657	101.14	264.575
402	1	-13	625.783	140.421	-0.998236	1.61639	1421.68	768.18	-277.002	1422.38	736.122	256.973
503	1	13	738.437	2.70664	-0.824695	-1.79949	-41.5883	995.121	-277.002	10.8839	1347.94	258.983
650	1	-13	2038.79	147.979	-0.962419	1.72041	-8.44516	946.215	-277.002	14.6038	793.929	260.654
42	1	-13	580.758	14.5782	-0.958361	2.83276	1204.16	1123.13	-277.002	1338.61	1080.78	256.252
43	1	-13	649.651	134.075	-0.994969	2.68814	-33.6079	135.911	-277.002	14.2151	111.379	265.283
149	1	13	472.813	24.5924	-0.993663	0.624184	575.608	608.774	-277.002	530.524	576.334	258.01
150	1	-13	590.363	5.16316	-0.95899	-1.86113	-732.872	566.128	-277.002	-688.364	711.302	275.975
151	1	13	1329.34	241.24	-0.726966	1.22051	342.17	682.57	-277.002	169.196	206.291	262.058
252	1	-13	797.835	123.016	-0.984231	1.82976	-50.2075	13.1003	-277.002	-22.7213	-85.8145	288.647
253	1	-13	794.69	83.1005	-0.752954	-1.79162	-823.337	-536.411	-277.002	-721.732	-70.1491	277.159
256	1	13	629.757	156.682	-0.967474	-0.133334	1337	1029.13	-277.002	1199.35	1047.03	258.337
258	1	-13	584.674	22.4575	-0.972498	-0.0331956	-1116.88	124.835	-277.002	-1252.3	131.2	267.133
375	1	-13	934.524	51.0013	-0.667456	-2.31519	912.557	-1232.06	-277.002	1336.61	-779.993	272.997
377	1	-13	704.321	19.8991	-0.848424	-2.8504	664.283	1130.81	-277.002	990.769	1223.33	261.645
507	1	13	837.065	343.974	-0.998348	-0.113723	1458.17	170.274	-277.002	1427.25	173.358	251.543
822	1	13	706.129	71.9165	-0.933759	-2.30593	92.9646	958.459	-277.002	230.214	1113.66	258.03
77	1	-13	2652.51	239.204	-0.714994	-1.33096	892.977	359.011	-277.002	767.041	870.891	258.656
80	1	-13	867.268	247.674	-0.935803	-0.960135	-139.766	217.567	-277.002	-255.262	384.23	263.409
833	1	-13	1241.82	267.543	-0.989347	0.405854	813.873	703.756	-277.002	740.933	671.947	257.509
834	1	13	464.677	12.7022	-0.948058	-3.02918	-262.588	1285.8	-277.002	-78.3556	1309.68	258.837
836	1	13	563.526	40.846	-0.922686	-1.06106	-207.657	856.195	-277.002	-323.316	1053.64	257.683
73	1	13	561.035	5.73203	-0.954657	-0.248959	111.285	-1357.68	-277.002	-73.8502	-1328.29	337.364
187	1	13	4850.96	2547.44	-0.97075	0.760002	-1228.23	-93.1319	-277.002	-1326.25	-186.427	270.804
188	1	13	851.925	23.4882	-0.69971	0.0115034	-894.615	86.953	-277.002	-1448.83	77.1432	272.394
416	1	13	757.5	192.718	-0.900756	-2.86104	-699.381	215.299	-277.002	-445.618	290.544	269.733
470	1	13	3004.52	1776.3	-0.999727	-0.944488	-1014.19	27.416	-277.002	-1021.51	37.6518	268.359
471	1	13	1264.31	405.756	-0.99269	0.606454	-175.38	800.438	-277.002	-227.492	762.906	264.351
473	1	-13	1013.67	252.875	-0.989751	0.180014	-1187.03	496.069	-277.002	-1270.56	480.364	307.475
474	1	13	1507.05	73.1833	-0.545131	-1.5506	1001.24	-984.502	-277.002	989.355	-158.559	258.363
645	1	-13	670.42	128.876	-0.990858	0.692713	-1004.24	689.643	-277.002	-1064.6	641.853	283.255
649	1	-13	1324.25	256.605	-0.960853	2.18013	288.002	1391.39	-277.002	375.085	1264.39	257.012
785	1	-13	1127.87	191.958	-0.77727	2.15616	667.135	-1013.38	-277.002	925.827	-1405.02	307.523
787	1	-13	777.563	81.2475	-0.787434	-2.41422	-533.281	1011.78	-277.002	-224.667	1294.77	259.328
789	1	13	724.499	10.5711	-0.945352	-0.150011	432.195	-192.689	-277.002	270.121	-151.096	272.968
790	1	-13	654.782	36.4778	-0.991198	1.02321	890.236	-731.283	-277.002	850.472	-802.022	346.142
35	1	13	1202.76	43.5673	-0.604163	-1.91374	673.468	-1364.47	-277.002	921.854	-657.875	288.06
41	1	-13	639.32	53.9593	-0.94717	2.85629	705.318	19.0402	-277.002	878.684	-37.8691	257.254
275	1	-13	782.169	72.2779	-0.816037	1.52598	-651.015	-290.929	-277.002	-663.381	-685.288	282.235
364	1	-13	1155.88	222.1	-0.741511	1.16645	-316.969	-104.644	-277.002	-519.687	-577.025	293.588
533	1	13	1413.39	562.438	-0.98857	-0.565056	876.686	1293.9	-277.002	808.265	1337.46	255.876
535	1	13	476.116	10.7795	-0.986599	0.407565	1387.63	-455.569	-277.002	1296.64	-500.813	264.712
633	1	-13	1489.23	287.46	-0.720831	-3.07663	-267.508	837.879	-277.002	249.203	871.457	259.394
634	1	13	2648.7	1445.46	-0.909494	-1.73602	250.921	-674.607	-277.002	293.379	-419.351	288.879
784	1	-13	3132.78	506.707	-0.69407	1.73719	989.904	4.15677	-277.002	1084.3	-556.278	271.563
786	1	-13	1171.54	217.204	-0.799147	-0.178803	192.774	-167.174	-277.002	-250.129	-86.1532	324.899
787	1	-13	3047.69	356.535	-0.471231	0.643616	161.696	-330.222	-277.002	-683.216	-964.025	286.659
295	1	13	766.075	45.3438	-0.721994	2.69143	738.98	353.513	-277.002	1186.92	136.873	255.155
298	1	-13	456.085	17.1856	-0.993596	2.05301	-23.7074	381.296	-277.002	2.74178	317.148	263.572
379	1	13	554.967	46.0615	-0.990543	-2.97694	-452.823	-1024.94	-277.002	-377.774	-1020.17	309.534
382	1	13	611.39	135.88	-0.989018	0.349031	1286.47	1298.84	-277.002	1211.93	1270.55	257.351
453	1	13	1367.36	454.183	-0.979149	2.8636	1.71878	498.44	-277.002	110.212	467.368	262.778
592	1	13	843.29	195.118	-0.9989	3.12197	1112.2	367.216	-277.002	1137.25	365.85	257.81
155	1	13	929.346	110.142	-0.828077	3.05509	-642.334	-136.604	-277.002	-235.078	-167.895	330.277
156	1	-13	501.086	32.0443	-0.949954	1.16819	1447.01	757.997	-277.002	1383.33	598.417	255.954
158	1	13	1041.69	188.497	-0.982193	1.94864	1176.17	-1078.89	-277.002	1223.39	-1192.16	359.776
287	1	-13	460.913	6.38103	-0.931209	1.87318	-491.645	718.239	-277.002	-421.107	527.382	264.196
288	1	13	535.835	1.47867	-0.992097	-0.293285	-463.61	-296.98	-277.002	-547.337	-252.545	290.407
293	1	13	694.062	68.5752	-0.843124	-2.5504	1211.9	902.208	-277.002	1495.3	1096.17	254.847
693	1	-13	662.919	7.98041	-0.941645	-3.10149	-1160.45	-903.653	-277.002	-967.489	-922.393	308.195
750	1	-13	586.469	65.2997	-0.995921	-0.872343	-205.509	319.579	-277.002	-235.671	357.738	263.543
752	1	-13	461.425	16.4915	-0.98928	1.01067	-256.637	722.954	-277.002	-297.969	663.416	265.698
755	1	13	664.84	190.212	-0.997087	1.91667	819.216	658.873	-277.002	831.782	621.653	259.501
813	1	13	468.37	3.80571	-0.911884	0.406848	1047.4	1264.65	-277.002	839.441	1159.87	262.312
817	1	-13	606.412	18.9431	-0.954814	-0.909284	1150.69	-343.672	-277.002	1052.95	-211.532	261.189
914	1	-13	978.748	99.0382	-0.878298	1.23958	-903.381	1251.11	-277.002	-1003.61	969.28	273.308
113	1	-13	579.756	52.5329	-0.928378	2.9822	-894.959	-668.397	-277.002	-674.411	-704.566	282.122
115	1	-13	691.424	152.675	-0.994641	-1.07194	518.894	946.886	-277.002	492.263	996.38	259.236
431	1	-13	557.206	21.2863	-0.949955	0.0570054	1280.99	509.006	-277.002	1102.17	506.543	258.147
556	1	13	9146.43	5385.42	-0.80646	-0.120525	1350.42	955.105	-277.002	958.504	1002.62	261.566
898	1	13	3576.42	1437.6	-0.660799	-0.857683	640.814	-1347.31	-277.002	161.414	-792.794	369
899	1	-13	611.716	32.9414	-0.968387	-2.73562	372.638	34.7499	-277.002	491.057	91.659	263.81
900	1	13	729.502	117.644	-0.929202	1.69098	-820.87	-234.696	-277.002	-798.088	-451.561	275.634
901	1	-13	492.312	51.7075	-0.993753	0.256013	-215.793	1444.57	-277.002	-276.529	1429.44	259.755
116	1	-13	771.999	12.6085	-0.982643	1.15867	-195.089	-1183.06	-277.002	-231.431	-1275.23	341.107
141	1	13	900.122	149.149	-0.862606	0.676149	1271.2	1486.55	-277.002	1028.32	1289.63	257.743
142	1	-13	609.836	54.934	-0.899071	2.35908	798.173	-78.697	-277.002	984.529	-258.369	260.561
143	1	-13	530.498	41.5496	-0.906226	-1.10355	-634.183	-431.294	-277.002	-744.54	-201.682	273.727
144	1	13	701.692	116.418	-0.995365	0.721116	936.313	-451.053	-277.002	898.592	-484.6	268.221
145	1	-13	679.562	5.14168	-0.869052	-2.9074	-1031.29	32.5441	-277.002	-697.968	131.696	291.146
309	1	-13	524.241	5.8286	-0.993137	-0.557265	-179.845	-279.585	-277.002	-250.664	-231.838	340.491
310	1	13	1148.91	128.76	-0.694269	2.61969	-429.623	-295.775	-277.002	121.577	-609.157	332.522
710	1	13	969.838	151.87	-0.848995	1.06026	632.323	1116.63	-277.002	470.252	825.25	259.846
711	1	13	407.297	1.28684	-0.979217	0.882679	879.044	1004.15	-277.002	821.273	921.486	259.046
713	1	13	1434.89	243.995	-0.98016	-1.62597	1239.31	-304.126	-277.002	1246.1	-193.981	260.272
85	1	13	510.835	12.9271	-0.985413	-0.611498	-548.125	714.842	-277.002	-624.574	775.161	272.724
309	1	-13	762.493	19.3471	-0.99779	1.61557	1185.83	1094.92	-277.002	1188.08	1057.57	258.582
476	1	13	559.705	17.8321	-0.849979	-1.68602	-1412.81	1152.12	-277.002	-1380.51	1479.14	268.709
481	1	-13	452.362	13.9754	-0.966876	-0.760366	1482.24	493.352	-277.002	1376.8	601.746	256.133
616	1	-13	1670.6	717.58	-0.9946	-0.398963	285.389	400.559	-277.002	234.194	422.488	261.08
617	1	-13	2999.91	1474.35	-0.996817	2.26475	1149.2	-1037.79	-277.002	1181.11	-1076.02	344.476
618	1	-13	1458.75	390.882	-0.846104	0.877547	1193.1	949.834	-277.002	977.783	688.844	260.045
621	1	-13	829.749	14.9527	-0.763374	2.72599	-773.144	1268.71	-277.002	-324.566	1094.79	257.174
927	1	-13	943.031	15.9872	-0.79752	1.15186	1084.45	-444.547	-277.002	883.299	-895.517	360.589
928	1	-13	698.46	81.7621	-0.867611	1.84018	-1170.71	-973.82	-277.002	-1078.75	-1307.55	329.705
74	1	-13	678.591	26.752	-0.822004	-1.90714	-1157.76	643.206	-277.002	-1037.25	998.841	272.162
181	1	-13	2203.7	132.362	-0.95324	1.85525	-688.147	64.886	-277.002	-640.164	-107.035	290.397
430	1	-13	1052.74	231.045	-0.737992	3.06777	-405.207	108.101	-277.002	97.2024	71.1059	268.451
431	1	-13	975.088	91.6227	-0.714165	1.94875	-1016.44	-743.636	-277.002	-801.974	-1282.12	307.874
433	1	13	825.633	181.03	-0.825215	0.504808	-340.067	551.097	-277.002	-669.494	367.968	269.791
523	1	13	1857.13	227.6	-0.532644	-1.98427	-106.191	672.659	-277.002	240.688	1458.85	261.552
595	1	-13	1495.71	443.399	-0.945186	-0.463129	-562.771	-1059.97	-277.002	-737.888	-972.304	288.313
596	1	-13	573.634	13.9507	-0.996837	0.798254	-588.716	-719.953	-277.002	-621.487	-751.847	285.463
793	1	13	2496.43	564.692	-0.671314	2.85114	-82.918	995.718	-277.002	486.028	826.608	259.809
795	1	-13	3385	1651.31	-0.864502	-0.663559	61.003	981.661	-277.002	-184.55	1173.31	258.349
54	1	-13	749.804	253.618	-0.963084	-1.91929	495.075	683.009	-277.002	546.072	825.482	259.611
55	1	13	445.914	8.2286	-0.992155	1.07326	-659.788	519.496	-277.002	-677.047	479.58	270.135
168	1	-13	1948.88	116.014	-0.642113	0.900078	-444.964	-852.627	-277	-880.045	-1404.72	316.779
172	1	-13	1025.31	33.7232	-0.851004	1.5834	330.323	-755.134	-277.002	339.561	-1133.1	333.401
394	1	-13	1085.24	383.403	-0.975591	-0.944038	1010.83	-450.329	-277.002	938.963	-352.344	263.709
396	1	-13	859.768	111.439	-0.842841	-2.95794	-1258	274.171	-277.002	-916.488	335.68	267.731
456	1	13	743.189	105.524	-0.976294	2.60556	-1392.41	-538.928	-277.002	-1281.07	-605.31	294.09
457	1	13	543.174	25.4529	-0.965648	0.968443	-600.906	828.49	-277.002	-677.76	703.641	275.338
458	1	-13	603.629	60.5825	-0.851967	3.05213	369.277	1360.04	-277.002	693.894	1335.68	254.549
562	1	-13	1200.04	497.903	-0.823036	1.21275	-303.919	752.903	-277.002	-435.26	403.67	265.68
563	1	-13	505.925	24.7115	-0.854265	1.25595	1371.31	499.385	-277.002	1280.57	200.214	254.609
565	1	-13	828.946	49.8047	-0.895628	-2.28109	-224.446	-1328.17	-277.002	-16.5892	-1080.41	374.406
764	1	-13	1499.51	466.372	-0.915424	2.8442	653.144	-113.259	-277.002	878.031	-181.276	257.979
765	1	-13	550.052	10.8255	-0.973489	-2.88092	985.747	531.052	-277.002	1095.51	578.835	258.776
891	1	-13	519.451	43.7339	-0.988433	1.27586	1073.64	1316.52	-277.002	1056.53	1239.03	259.087
965	1	-13	984.143	67.082	-0.697663	-1.95486	610.925	-26.8226	-277.002	816.383	478.747	257.029
134	1	13	772.58	218.837	-0.860218	-1.00228	1322.03	618.999	-277.002	1149.56	884.656	258.872
138	1	13	907.262	318.698	-0.914466	1.52008	-335.222	471.7	-277.002	-348.448	229.956	270.662
252	1	13	644.921	140.213	-0.9913	0.352513	-98.4452	267.72	-277.002	-163.966	241.294	264.318
255	1	-13	564.778	16.3392	-0.892085	-0.0388276	1117.63	19.2009	-277.002	846.321	22.9551	257.219
478	1	-13	540.881	48.8903	-0.994417	1.27197	917.322	487.568	-277.002	896.301	439.327	258.383
479	1	13	1673.01	29.5688	-0.513834	1.16654	1392.27	1276.74	-277.002	1028.08	434.81	258.391
481	1	13	928.488	321.608	-0.966469	0.240856	645.534	476.252	-277.002	507.004	442.459	258.86
482	1	13	593.4	37.7567	-0.96921	0.191685	-341.058	-1173.52	-277.002	-477.511	-1201.02	300.223
640	1	13	1006.94	237.174	-0.978083	-0.320075	806.352	1210.21	-277.002	699.297	1246.31	255.364
641	1	13	1268.48	200.993	-0.999938	2.67381	-1401.51	-242.688	-277.002	-1397.36	-247.097	272.723
642	1	-13	802.061	203.871	-0.947399	3.00478	1195.91	1063.56	-277.002	1373.64	1038.42	255.798
844	1	13	711.255	119.919	-0.939133	1.47194	156.465	1108.17	-277.002	138.217	910.947	258.059
845	1	13	850.076	31.9791	-0.643608	-0.235304	247.553	-1320.07	-277.002	-443.762	-1161.08	302.635
363	1	-13	4201.7	59.8633	-0.459647	0.687559	1217.8	-452.367	-277.002	316.953	-1182.77	323.182
610	1	13	1077.53	121.439	-0.599772	-2.08824	770.678	-813.368	-277.002	1136.53	-181.428	261.335
611	1	13	546.575	11.4818	-0.985629	3.08909	1204.97	1356.47	-277.002	1290.09	1355.31	250.855
726	1	13	545.172	16.8448	-0.971422	1.81719	289.864	-25.2532	-277.002	328.489	-164.032	271.967
910	1	13	643.88	26.8679	-0.963875	-1.32049	-8.14879	-1105.36	-277.002	-52.6645	-933.128	380.757
911	1	-13	1094.44	155.401	-0.862838	-0.190574	-1161.09	-1061.49	-277.002	-1492.02	-995.047	294.713
49	1	-13	569.909	102.148	-0.999613	1.11589	-1438.19	800.302	-277.002	-1448.11	788.275	285.817
225	1	-13	644.952	66.9008	-0.945457	-0.84813	-1152.52	606.719	-277.002	-1280.25	752.897	285.195
230	1	13	5494.07	1912.75	-0.999104	-1.32954	-1041.51	-1244.68	-277.002	-1047.46	-1220.27	321.87
806	1	13	1640.48	407.715	-0.859383	1.48473	1406.16	1451.67	-277.002	1379.72	1136.19	256.005
946	1	13	750.57	97.0047	-0.850836	-0.4575	-961.213	1074.6	-277.002	-1258.9	1219.19	269.037
703	1	-13	771.218	119.762	-0.998247	1.84309	-1272.15	456.262	-277.002	-1265.64	425.062	303.381
705	1	-13	778.337	122.554	-0.797705	-2.68442	579.99	45.003	-277.002	938.269	227.247	256.101
706	1	13	698.654	12.1305	-0.986433	-2.13439	1341.47	-1288.38	-277.002	1389.35	-1187.27	363.907
840	1	13	830.092	118.304	-0.994666	0.828026	-261.034	976.8	-277.002	-299.131	936.506	259.852
47	1	13	544.932	16.6284	-0.827874	0.875242	181.016	388.588	-277.002	-67.1033	99.4703	270.709
283	1	-13	495.812	13.4404	-0.985995	-2.65042	271.048	-418.158	-277.002	342.941	-371.228	281.941
385	1	-13	487.34	32.6402	-0.98264	1.30293	263.477	888.759	-277.002	238.552	798.596	261.084
450	1	-13	773.049	139.917	-0.924639	-2.26433	-841.454	-361.031	-277.002	-692.633	-189.505	277.406
451	1	-13	676.643	18.5189	-0.987464	0.759132	-622.509	286.232	-277.002	-670.932	233.961	280.762
454	1	13	557.967	55.1823	-0.952952	2.29466	348.564	85.3807	-277.002	464.188	-34.8394	266.233
854	1	13	725.609	57.9549	-0.931625	2.71713	-539.577	-369.07	-277.002	-314.78	-468.868	357.955
855	1	-13	888.142	39.0872	-0.987764	1.84734	-240.83	-1362.98	-277.002	-219.529	-1454.07	333.031
860	1	13	515.875	7.38793	-0.894806	-2.11402	1257.69	90.762	-277.002	1386.83	325.623	253.438
983	1	-13	872.7	68.0673	-0.953998	-1.14426	-340.857	-81.141	-277.002	-417.264	86.2807	303.156
190	1	-13	612.547	16.0566	-0.999813	-1.95699	-1323.83	-1409.36	-277.002	-1320.35	-1406.97	361.806
193	1	-13	1063.99	198.941	-0.971401	2.09062	1298.29	-317.782	-277.002	1365.17	-431.118	262.653
438	1	13	743.294	116.58	-0.834637	2.15522	1114.47	898.175	-277.002	1310.82	602.633	256.25
462	1	-13	899.252	1.01894	-0.683945	0.987407	-1023.62	-136.897	-277.002	-1414.88	-695.667	303.766
464	1	13	1123.35	302.03	-0.959375	-2.89227	73.2868	333.407	-277.002	227.658	371.461	261.776
465	1	13	462.313	25.6492	-0.968775	0.912793	-890.547	207.51	-277.002	-981.16	92.1312	267.239
574	1	-13	870.293	150.053	-0.972291	-2.97122	1244.15	-1229.83	-277.002	1395.11	-1206.67	369.012
575	1	-13	496.334	43.1004	-0.956329	-2.20271	-253.052	828.066	-277.002	-161.705	968.884	259.228
578	1	-13	1789.94	125.545	-0.514413	0.729322	326.655	35.5956	-277.002	-408.425	-620.221	313.999
667	1	-13	1441.41	278.789	-0.762201	-0.913963	-361.438	-1320.84	-277.002	-650.725	-941.453	287.954
798	1	13	1125.12	333.732	-0.986512	0.40529	-174.883	109.017	-277.002	-263.43	71.2137	295.418
799	1	13	462.651	3.79445	-0.983494	1.1324	1193.34	-545.552	-277.002	1149.37	-646.938	271.634
803	1	-13	1113.46	416.033	-0.994933	0.118114	552.69	-1098.29	-277.002	490.941	-1105.88	332.262
878	1	-13	500.215	55.7183	-0.969988	1.19569	945.04	-66.1999	-277.002	902.016	-187.686	258.324
973	1	13	559.009	21.4862	-0.992338	-0.599184	884.566	1298.09	-277.002	838.15	1338.29	256.555
975	1	-13	684.278	44.3651	-0.97351	2.14515	831.025	-745.088	-277.002	918.655	-874.083	360.47
978	1	-13	1974.36	508.602	-0.809235	1.48129	-812.652	-633.371	-277.002	-849.386	-1049.23	299.711
121	1	-13	816.573	2.69339	-0.781096	-1.81665	1152.94	825.791	-277.002	1259.67	1217.09	257.288
125	1	-13	529.26	30.6767	-0.985354	-2.52447	1328.23	133.718	-277.002	1391.45	183.438	252.255
266	1	-13	448.507	2.19233	-0.99907	-2.68079	1044.84	1438.36	-277.002	1044.4	1437.99	251.319
267	1	13	1231.52	414.287	-0.878786	-0.660804	659.937	712.673	-277.002	429.284	892.212	261.219
339	1	13	1711.39	457.14	-0.719427	2.74502	411.282	1296.44	-277.002	893.496	1095.5	263.475
486	1	-13	673.276	61.2174	-0.999926	-1.51565	-744.581	-614.149	-277.002	-743.951	-613.043	279.327
742	1	-13	980.147	104.032	-0.775549	-2.03862	-1202.05	1030.47	-277.002	-1006.74	1425.79	262.191
744	1	-13	532.172	6.31857	-0.934813	-1.20399	638.386	-318.578	-277.002	551.235	-97.2518	267.734
851	1	13	661.673	39.5438	-0.921052	-0.340669	1241.43	-78.5295	-277.002	1026.81	6.55846	254.438
569	1	13	704.722	171.127	-0.983614	-2.28629	-343.897	1080.8	-277.002	-278.81	1158.32	257.248
571	1	-13	559.273	7.11135	-0.981544	-3.06191	426.266	-723.092	-277.002	535.806	-709.267	358.26
673	1	13	1217.32	48.3267	-0.491144	0.000427398	1091.92	150.933	-277.002	153.159	146.012	262.542
718	1	13	713.261	68.7202	-0.773904	1.7122	1226.18	-244.371	-277.002	1292.48	-686.588	268.965
997	1	-13	1407.54	306.91	-0.881595	-2.96132	-50.3606	954.206	-277.002	230.818	1005.51	257.793
21	1	-13	498.057	12.9365	-0.99645	-1.28249	-1091.86	-972.907	-277.002	-1087.47	-924.161	316.235
23	1	13	466.381	8.48255	-0.992456	2.48898	-287.362	198.313	-277.002	-254.201	156.599	276.27
25	1	-13	1069.93	373.156	-0.838111	-0.647924	1381.3	-330.512	-277.002	1102.01	-119.514	259.502
212	1	-13	1144.1	326.363	-0.911985	2.7538	-1131.53	-635.516	-277.002	-897.242	-730.969	288.255
214	1	-13	805.235	26.2566	-0.735118	-2.1582	-951.637	-337.706	-277.002	-670.76	103.202	293.329
326	1	-13	660.381	51.5248	-0.998406	-0.536432	556.871	950.096	-277.002	522.327	966.124	259.931
438	1	13	473.561	27.1246	-0.999062	2.00162	-896.514	1062.9	-277.002	-889.472	1045.32	261.724
439	1	-13	592.944	35.5316	-0.999548	2.72268	-1031.7	-1168.53	-277.002	-1016.75	-1175.09	316.697
440	1	-13	551.869	15.8686	-0.994881	-2.9067	-366.131	-1421.19	-277.002	-292.896	-1394.89	329.183
509	1	-13	498.166	4.31393	-0.999493	-0.0607596	-1198.46	-925.621	-277.002	-1206.62	-932.108	317.822
568	1	13	751.624	186.585	-0.979883	0.268364	-1219.3	361.558	-277.002	-1328.25	329.764	292.472
572	1	-13	2111.14	56.8282	-0.637073	1.36888	1087.48	449.224	-277.002	955.157	-179.52	258.448
827	1	13	2062.03	862.569	-0.997948	0.868343	-1039.53	-1358.25	-277.002	-1065.31	-1388.68	341.119
83	1	-13	1026.44	308.599	-0.865571	-1.58663	958.083	-267.981	-277.002	961.796	37.8005	254.647
140	1	-13	496.616	1.43943	-0.996732	1.52746	1114.71	625.045	-277.002	1104.91	558.584	258.368
143	1	-13	492.916	48.515	-0.999404	2.57143	-226.08	567.861	-277.002	-206.354	553.112	263.964
219	1	-13	731.335	128.868	-0.998854	-1.32367	1406.75	-158.614	-277.002	1400.87	-134.47	254.505
220	1	-13	986.888	134.299	-0.780819	0.00918196	1270.45	-524.258	-277.002	829.627	-527.94	271.201
222	1	13	535.364	24.6982	-0.980642	-2.36358	-777.908	-840.757	-277.002	-698.905	-767.518	282.917
336	1	13	722.895	158.5	-0.967191	2.69881	568.142	-1331.36	-277.002	706.473	-1395.82	301.525
338	1	-13	1792.33	90.8586	-0.58371	1.02868	-921.483	144.057	-277.002	-1315.66	-522.109	285.273
443	1	-13	865.961	153.316	-0.975572	2.74095	529.527	-1177.41	-277.002	654.899	-1227.96	312.838
446	1	13	777.715	225.784	-0.955422	-2.84672	548.4	-1174.05	-277.002	726.27	-1120.6	324.849
447	1	13	990.766	145.404	-0.679717	2.1935	-788.546	1016.6	-277.002	-445.59	545.989	264.103
552	1	-13	526.323	1.51442	-0.935269	2.29065	-1383.79	-445.079	-277.002	-1259.49	-614.679	294.227
755	1	-13	678.361	21.1485	-0.912365	1.40481	221.522	1287.59	-277.002	188.291	1060.94	257.694
968	1	-13	550.727	61.8937	-0.949428	-2.45892	341.947	-178.844	-277.002	478.52	-66.4869	267.077
